sentence_id,baseline_docs_commit,target_docs_commit,file,action_kind,source_text_sha256,target_sentence_ids,target_text_sha256,target_file_sha256,application_status,applied_by,applied_date,notes
SENT-0014,52bebecfb2a435d0e7ff2efea557c5799674ded6,cfc2572291a2676933b08b7466d1ea1e7e76bebb,docs/1.RAGとは何か/1.1.RAGとは.md,REWRITE_REQUIRED,b76bdb5bbc5ccb488a33c29c2293f13bdceff944a576e9ea7ab30eedddec8a1e,SENT-0014,6803611f30bf91c346b713a9e08d9fddda46daf45cb6542a99e5bd2843b3ba99,e1a665aa6028e1751fa1d5b3027f2d1d5c3fc4e0a32f62d0ec356e8f29f4f8e5,APPLIED_VERIFIED,codex-wave4-applier,2026-08-16,Derived from the exact signed candidate and target sentence-evidence snapshot.
SENT-0081,52bebecfb2a435d0e7ff2efea557c5799674ded6,cfc2572291a2676933b08b7466d1ea1e7e76bebb,docs/1.RAGとは何か/1.7.RAG研究の流れ.md,REMOVE_OR_REPLACE,e0796911fd6c1d939a82a5920eb0a2a63ae1140f6487d88c2e2e9536ebd62b09,SENT-0081,e0796911fd6c1d939a82a5920eb0a2a63ae1140f6487d88c2e2e9536ebd62b09,cef0fc6f1e9994e41de2ad50b138b58e8218362a54b15a42c5794fb8e6670dba,APPLIED_VERIFIED,codex-wave4-applier,2026-08-16,Derived from the exact signed candidate and target sentence-evidence snapshot.
SENT-0082,52bebecfb2a435d0e7ff2efea557c5799674ded6,cfc2572291a2676933b08b7466d1ea1e7e76bebb,docs/1.RAGとは何か/1.7.RAG研究の流れ.md,REMOVE_OR_REPLACE,c772c8b03b8e04e23b5cac542ed571cf10771c5c99d92cc92c7d9d49d0b4e5b7,SENT-0082,c772c8b03b8e04e23b5cac542ed571cf10771c5c99d92cc92c7d9d49d0b4e5b7,cef0fc6f1e9994e41de2ad50b138b58e8218362a54b15a42c5794fb8e6670dba,APPLIED_VERIFIED,codex-wave4-applier,2026-08-16,Derived from the exact signed candidate and target sentence-evidence snapshot.
SENT-0083,52bebecfb2a435d0e7ff2efea557c5799674ded6,cfc2572291a2676933b08b7466d1ea1e7e76bebb,docs/1.RAGとは何か/1.7.RAG研究の流れ.md,APPROPRIATE_NORMATIVE,41ed51a9e579636a1122e06fb161fe3a1f7751425fa0dc321e6112c4ca6b938a,SENT-0083,062e72edef294d40ec2473cdd7ee6f36532d22017b524854cdc99f05ad7f70d5,cef0fc6f1e9994e41de2ad50b138b58e8218362a54b15a42c5794fb8e6670dba,APPLIED_VERIFIED,codex-wave4-applier,2026-08-16,Derived from the exact signed candidate and target sentence-evidence snapshot.
SENT-0089,52bebecfb2a435d0e7ff2efea557c5799674ded6,cfc2572291a2676933b08b7466d1ea1e7e76bebb,docs/1.RAGとは何か/1.7.RAG研究の流れ.md,APPROPRIATE_NORMATIVE,d92536c6965dae8bb44bffb9835322dadf59f15d647e7e6a05ab297bd8530c04,SENT-0089,d92536c6965dae8bb44bffb9835322dadf59f15d647e7e6a05ab297bd8530c04,cef0fc6f1e9994e41de2ad50b138b58e8218362a54b15a42c5794fb8e6670dba,APPLIED_VERIFIED,codex-wave4-applier,2026-08-16,Derived from the exact signed candidate and target sentence-evidence snapshot.
SENT-0105,52bebecfb2a435d0e7ff2efea557c5799674ded6,cfc2572291a2676933b08b7466d1ea1e7e76bebb,docs/10.AWSで設計・実装する/10.1.構成方式を選ぶ.md,REMOVE_OR_REPLACE,f01035310998f774cda7ed3a3f7934f0940f4540373db122adce15ef0b76f2d8,SENT-0115,f01035310998f774cda7ed3a3f7934f0940f4540373db122adce15ef0b76f2d8,d63d9b06e4ee88ae1c7dd97b61461433b2f250e9f18457d18d4809a2650b59ff,APPLIED_VERIFIED,codex-wave4-applier,2026-08-16,Derived from the exact signed candidate and target sentence-evidence snapshot.
SENT-0109,52bebecfb2a435d0e7ff2efea557c5799674ded6,cfc2572291a2676933b08b7466d1ea1e7e76bebb,docs/10.AWSで設計・実装する/10.1.構成方式を選ぶ.md,APPROPRIATE_NORMATIVE,c3f1a81f22d8278191f8e5a7b2d26767c83adf1a29aca423894fdaf0869b61fa,SENT-0119,c3f1a81f22d8278191f8e5a7b2d26767c83adf1a29aca423894fdaf0869b61fa,d63d9b06e4ee88ae1c7dd97b61461433b2f250e9f18457d18d4809a2650b59ff,APPLIED_VERIFIED,codex-wave4-applier,2026-08-16,Derived from the exact signed candidate and target sentence-evidence snapshot.
SENT-0110,52bebecfb2a435d0e7ff2efea557c5799674ded6,cfc2572291a2676933b08b7466d1ea1e7e76bebb,docs/10.AWSで設計・実装する/10.1.構成方式を選ぶ.md,APPROPRIATE_NORMATIVE,3f28be8932bea2507477d5ae4485dd39206634c962f99c42345eeb0b7601eac8,SENT-0120,81b4572a771dbfdf663220477901c0387fe27544725d5823797e422eade9a5ce,d63d9b06e4ee88ae1c7dd97b61461433b2f250e9f18457d18d4809a2650b59ff,APPLIED_VERIFIED,codex-wave4-applier,2026-08-16,Derived from the exact signed candidate and target sentence-evidence snapshot.
SENT-0113,52bebecfb2a435d0e7ff2efea557c5799674ded6,cfc2572291a2676933b08b7466d1ea1e7e76bebb,docs/10.AWSで設計・実装する/10.1.構成方式を選ぶ.md,APPROPRIATE_NORMATIVE,adcda80fcea8ca61baf383bbaeffd7dc1a723f22fad469e06fdee552e48fedac,SENT-0123,adcda80fcea8ca61baf383bbaeffd7dc1a723f22fad469e06fdee552e48fedac,d63d9b06e4ee88ae1c7dd97b61461433b2f250e9f18457d18d4809a2650b59ff,APPLIED_VERIFIED,codex-wave4-applier,2026-08-16,Derived from the exact signed candidate and target sentence-evidence snapshot.
SENT-0114,52bebecfb2a435d0e7ff2efea557c5799674ded6,cfc2572291a2676933b08b7466d1ea1e7e76bebb,docs/10.AWSで設計・実装する/10.1.構成方式を選ぶ.md,APPROPRIATE_NORMATIVE,a4b7bff8dcc82a9332498096fa72397e87fc2f5a93f4071e5036480f834cc591,SENT-0124,b2b1a8098b037f02e866ecc34b90ac4c07e0af087b32d98a754d6c6c483f84be,d63d9b06e4ee88ae1c7dd97b61461433b2f250e9f18457d18d4809a2650b59ff,APPLIED_VERIFIED,codex-wave4-applier,2026-08-16,Derived from the exact signed candidate and target sentence-evidence snapshot.
SENT-0116,52bebecfb2a435d0e7ff2efea557c5799674ded6,cfc2572291a2676933b08b7466d1ea1e7e76bebb,docs/10.AWSで設計・実装する/10.1.構成方式を選ぶ.md,REWRITE_REQUIRED,d8ef6818a3175e319325efffaa286ac49751168123cbb1d419919c710c792f50,SENT-0126;SENT-0127,c8a8d618c9d2316e538057077d0f5437c918f136fcaff6dad1535fbc52a0d92d,d63d9b06e4ee88ae1c7dd97b61461433b2f250e9f18457d18d4809a2650b59ff,APPLIED_VERIFIED,codex-wave4-applier,2026-08-16,Derived from the exact signed candidate and target sentence-evidence snapshot.
SENT-0117,52bebecfb2a435d0e7ff2efea557c5799674ded6,cfc2572291a2676933b08b7466d1ea1e7e76bebb,docs/10.AWSで設計・実装する/10.1.構成方式を選ぶ.md,APPROPRIATE_NORMATIVE,d624d3ae158a473eadf39d58b33fe647d48acef4588725685bc7003da1b32570,SENT-0128,b3cffcbcbae5ace9318db8dd8566f12257b5cc70500d4c9d4ae1c7fc1b595fd6,d63d9b06e4ee88ae1c7dd97b61461433b2f250e9f18457d18d4809a2650b59ff,APPLIED_VERIFIED,codex-wave4-applier,2026-08-16,Derived from the exact signed candidate and target sentence-evidence snapshot.
SENT-0118,52bebecfb2a435d0e7ff2efea557c5799674ded6,cfc2572291a2676933b08b7466d1ea1e7e76bebb,docs/10.AWSで設計・実装する/10.1.構成方式を選ぶ.md,APPROPRIATE_NORMATIVE,93068cf8712f54c442113346900eb04468f058c2f1ecb52c5ec93e25127a1a89,SENT-0129,295889b0534ce8bcfbc85e96af85b52663b0182889392a18267935f2af75db5d,d63d9b06e4ee88ae1c7dd97b61461433b2f250e9f18457d18d4809a2650b59ff,APPLIED_VERIFIED,codex-wave4-applier,2026-08-16,Derived from the exact signed candidate and target sentence-evidence snapshot.
SENT-0123,52bebecfb2a435d0e7ff2efea557c5799674ded6,cfc2572291a2676933b08b7466d1ea1e7e76bebb,docs/10.AWSで設計・実装する/10.1.構成方式を選ぶ.md,REWRITE_REQUIRED,518110873215eecc61edf981729ca57128ee11d9e1a72304a2e431b86db5071a,SENT-0134,530501317e1df8c895be86d18e690e3308ad087888fca5bfe7d41822a6cb10a6,d63d9b06e4ee88ae1c7dd97b61461433b2f250e9f18457d18d4809a2650b59ff,APPLIED_VERIFIED,codex-wave4-applier,2026-08-16,Derived from the exact signed candidate and target sentence-evidence snapshot.
SENT-0124,52bebecfb2a435d0e7ff2efea557c5799674ded6,cfc2572291a2676933b08b7466d1ea1e7e76bebb,docs/10.AWSで設計・実装する/10.1.構成方式を選ぶ.md,REWRITE_REQUIRED,04f253ad873ed2eee677390970342868a9daf7c52693a23eace22ef4a6575f69,SENT-0135,a1a3fa9b5a8413b96b58080ecc4c05716c82eb1b3e7f687f5997f26beaa0baf8,d63d9b06e4ee88ae1c7dd97b61461433b2f250e9f18457d18d4809a2650b59ff,APPLIED_VERIFIED,codex-wave4-applier,2026-08-16,Derived from the exact signed candidate and target sentence-evidence snapshot.
SENT-0131,52bebecfb2a435d0e7ff2efea557c5799674ded6,cfc2572291a2676933b08b7466d1ea1e7e76bebb,docs/10.AWSで設計・実装する/10.1.構成方式を選ぶ.md,APPROPRIATE_NORMATIVE,66eff794e57b8fc5631455b7ae31c246dc84335e2ee90651b92f72f11480828d,SENT-0142,66eff794e57b8fc5631455b7ae31c246dc84335e2ee90651b92f72f11480828d,d63d9b06e4ee88ae1c7dd97b61461433b2f250e9f18457d18d4809a2650b59ff,APPLIED_VERIFIED,codex-wave4-applier,2026-08-16,Derived from the exact signed candidate and target sentence-evidence snapshot.
SENT-0136,52bebecfb2a435d0e7ff2efea557c5799674ded6,cfc2572291a2676933b08b7466d1ea1e7e76bebb,docs/10.AWSで設計・実装する/10.2.Embeddingとvector indexを設定する.md,APPROPRIATE_NORMATIVE,0f9d04203a4ec28ae71e4347677d994b4db273afe07f5465c69d1de794d752b5,SENT-0147,b0f83e69146210a25e4042d7c38b9eaf04489676f1441bd195647342c5220070,2fa9d093e4aac65c1759b18a1c5d4a84d1344698403d70f47f1b56329879560c,APPLIED_VERIFIED,codex-wave4-applier,2026-08-16,Derived from the exact signed candidate and target sentence-evidence snapshot.
SENT-0137,52bebecfb2a435d0e7ff2efea557c5799674ded6,cfc2572291a2676933b08b7466d1ea1e7e76bebb,docs/10.AWSで設計・実装する/10.2.Embeddingとvector indexを設定する.md,APPROPRIATE_NORMATIVE,18c40ce09a16def9793bb697f7c2cf45a9c8540fa5d8569dbc84b8e9fa871b9d,SENT-0148,18c40ce09a16def9793bb697f7c2cf45a9c8540fa5d8569dbc84b8e9fa871b9d,2fa9d093e4aac65c1759b18a1c5d4a84d1344698403d70f47f1b56329879560c,APPLIED_VERIFIED,codex-wave4-applier,2026-08-16,Derived from the exact signed candidate and target sentence-evidence snapshot.
SENT-0138,52bebecfb2a435d0e7ff2efea557c5799674ded6,cfc2572291a2676933b08b7466d1ea1e7e76bebb,docs/10.AWSで設計・実装する/10.2.Embeddingとvector indexを設定する.md,APPROPRIATE_NORMATIVE,bdebfcd386142cc9a0bbe3c404701ab4ea814471554ee1233e7a6f990f4c3c53,SENT-0149,bdebfcd386142cc9a0bbe3c404701ab4ea814471554ee1233e7a6f990f4c3c53,2fa9d093e4aac65c1759b18a1c5d4a84d1344698403d70f47f1b56329879560c,APPLIED_VERIFIED,codex-wave4-applier,2026-08-16,Derived from the exact signed candidate and target sentence-evidence snapshot.
SENT-0141,52bebecfb2a435d0e7ff2efea557c5799674ded6,cfc2572291a2676933b08b7466d1ea1e7e76bebb,docs/10.AWSで設計・実装する/10.2.Embeddingとvector indexを設定する.md,APPROPRIATE_NORMATIVE,d38b85c60c9138949da5b2de03034e66a4a654876d1d50849253a8cef699aaa3,SENT-0152,1fdc89e6ca1e06c9149eeeae4a402bcbb4f0cb6626a57e58915a8c8488b27930,2fa9d093e4aac65c1759b18a1c5d4a84d1344698403d70f47f1b56329879560c,APPLIED_VERIFIED,codex-wave4-applier,2026-08-16,Derived from the exact signed candidate and target sentence-evidence snapshot.
SENT-0150,52bebecfb2a435d0e7ff2efea557c5799674ded6,cfc2572291a2676933b08b7466d1ea1e7e76bebb,docs/10.AWSで設計・実装する/10.2.Embeddingとvector indexを設定する.md,APPROPRIATE_NORMATIVE,5aeb9159c97acf2559c735c32f70fab7361a082362701bc0e499cadea3a52655,SENT-0161,4ce3fcd2bfa517fc6ae1c8b27c68f811412f49367cfe8f4f5e379e44d5bb7961,2fa9d093e4aac65c1759b18a1c5d4a84d1344698403d70f47f1b56329879560c,APPLIED_VERIFIED,codex-wave4-applier,2026-08-16,Derived from the exact signed candidate and target sentence-evidence snapshot.
SENT-0152,52bebecfb2a435d0e7ff2efea557c5799674ded6,cfc2572291a2676933b08b7466d1ea1e7e76bebb,docs/10.AWSで設計・実装する/10.2.Embeddingとvector indexを設定する.md,APPROPRIATE_NORMATIVE,5f05d1afe0ec4adae469ded081c2f1ced1b206a295aa0b7ababcbeca762e7627,SENT-0163,5f05d1afe0ec4adae469ded081c2f1ced1b206a295aa0b7ababcbeca762e7627,2fa9d093e4aac65c1759b18a1c5d4a84d1344698403d70f47f1b56329879560c,APPLIED_VERIFIED,codex-wave4-applier,2026-08-16,Derived from the exact signed candidate and target sentence-evidence snapshot.
SENT-0155,52bebecfb2a435d0e7ff2efea557c5799674ded6,cfc2572291a2676933b08b7466d1ea1e7e76bebb,docs/10.AWSで設計・実装する/10.2.Embeddingとvector indexを設定する.md,APPROPRIATE_NORMATIVE,8fe81219cd3987d82a904ae432d646b6d567cec173400cf0330f8d28cd97490b,SENT-0166,8fe81219cd3987d82a904ae432d646b6d567cec173400cf0330f8d28cd97490b,2fa9d093e4aac65c1759b18a1c5d4a84d1344698403d70f47f1b56329879560c,APPLIED_VERIFIED,codex-wave4-applier,2026-08-16,Derived from the exact signed candidate and target sentence-evidence snapshot.
SENT-0156,52bebecfb2a435d0e7ff2efea557c5799674ded6,cfc2572291a2676933b08b7466d1ea1e7e76bebb,docs/10.AWSで設計・実装する/10.2.Embeddingとvector indexを設定する.md,APPROPRIATE_NORMATIVE,aae8a27fdfbad97ab0331e1a6970199e041fde4781361ec96b50a988a7d5ffd6,SENT-0167,aae8a27fdfbad97ab0331e1a6970199e041fde4781361ec96b50a988a7d5ffd6,2fa9d093e4aac65c1759b18a1c5d4a84d1344698403d70f47f1b56329879560c,APPLIED_VERIFIED,codex-wave4-applier,2026-08-16,Derived from the exact signed candidate and target sentence-evidence snapshot.
SENT-0158,52bebecfb2a435d0e7ff2efea557c5799674ded6,cfc2572291a2676933b08b7466d1ea1e7e76bebb,docs/10.AWSで設計・実装する/10.3.取り込み経路を構成する.md,APPROPRIATE_NORMATIVE,5cc139d4d0ecc716b060c7c4b9e2e4deda29abfb0f2f7da37188b727f9ef336f,SENT-0169,5cc139d4d0ecc716b060c7c4b9e2e4deda29abfb0f2f7da37188b727f9ef336f,3555cf9644b41847f82dcfca12cfae7706a1b8238b4b0eed5549d793e1d4a3cf,APPLIED_VERIFIED,codex-wave4-applier,2026-08-16,Derived from the exact signed candidate and target sentence-evidence snapshot.
SENT-0160,52bebecfb2a435d0e7ff2efea557c5799674ded6,cfc2572291a2676933b08b7466d1ea1e7e76bebb,docs/10.AWSで設計・実装する/10.3.取り込み経路を構成する.md,APPROPRIATE_NORMATIVE,913b5acd2a4c1ba2d6ac202eae107cf61d738218897f5e948f6371bf6ca0b29d,SENT-0171,913b5acd2a4c1ba2d6ac202eae107cf61d738218897f5e948f6371bf6ca0b29d,3555cf9644b41847f82dcfca12cfae7706a1b8238b4b0eed5549d793e1d4a3cf,APPLIED_VERIFIED,codex-wave4-applier,2026-08-16,Derived from the exact signed candidate and target sentence-evidence snapshot.
SENT-0163,52bebecfb2a435d0e7ff2efea557c5799674ded6,cfc2572291a2676933b08b7466d1ea1e7e76bebb,docs/10.AWSで設計・実装する/10.3.取り込み経路を構成する.md,APPROPRIATE_NORMATIVE,1414b01f2db08a9cd75f7259874acda1469c2e4f5e12ba9a89819c29bd13e003,SENT-0174,1414b01f2db08a9cd75f7259874acda1469c2e4f5e12ba9a89819c29bd13e003,3555cf9644b41847f82dcfca12cfae7706a1b8238b4b0eed5549d793e1d4a3cf,APPLIED_VERIFIED,codex-wave4-applier,2026-08-16,Derived from the exact signed candidate and target sentence-evidence snapshot.
SENT-0164,52bebecfb2a435d0e7ff2efea557c5799674ded6,cfc2572291a2676933b08b7466d1ea1e7e76bebb,docs/10.AWSで設計・実装する/10.3.取り込み経路を構成する.md,APPROPRIATE_NORMATIVE,959e75bb8b4400dc8cef0639dbf3f4124260d08f0b1b3b0ab7581a9f30d7fc24,SENT-0175,dab31ef962f3ff9a62ebb2b1c6e4875b6e68783f3ff7245efc2d8ba3b893461f,3555cf9644b41847f82dcfca12cfae7706a1b8238b4b0eed5549d793e1d4a3cf,APPLIED_VERIFIED,codex-wave4-applier,2026-08-16,Derived from the exact signed candidate and target sentence-evidence snapshot.
SENT-0166,52bebecfb2a435d0e7ff2efea557c5799674ded6,cfc2572291a2676933b08b7466d1ea1e7e76bebb,docs/10.AWSで設計・実装する/10.3.取り込み経路を構成する.md,APPROPRIATE_NORMATIVE,e439c8a0f2d4c3d5645a805a6b9bcb2b1149e0c202ce282d7244ccc82fa87f17,SENT-0177,e439c8a0f2d4c3d5645a805a6b9bcb2b1149e0c202ce282d7244ccc82fa87f17,3555cf9644b41847f82dcfca12cfae7706a1b8238b4b0eed5549d793e1d4a3cf,APPLIED_VERIFIED,codex-wave4-applier,2026-08-16,Derived from the exact signed candidate and target sentence-evidence snapshot.
SENT-0171,52bebecfb2a435d0e7ff2efea557c5799674ded6,cfc2572291a2676933b08b7466d1ea1e7e76bebb,docs/10.AWSで設計・実装する/10.3.取り込み経路を構成する.md,APPROPRIATE_NORMATIVE,68384de8dab144f5139dde31a16f619c2e34499589b6060c1222d0369e9be9a0,SENT-0185,68384de8dab144f5139dde31a16f619c2e34499589b6060c1222d0369e9be9a0,3555cf9644b41847f82dcfca12cfae7706a1b8238b4b0eed5549d793e1d4a3cf,APPLIED_VERIFIED,codex-wave4-applier,2026-08-16,Derived from the exact signed candidate and target sentence-evidence snapshot.
SENT-0177,52bebecfb2a435d0e7ff2efea557c5799674ded6,cfc2572291a2676933b08b7466d1ea1e7e76bebb,docs/10.AWSで設計・実装する/10.3.取り込み経路を構成する.md,APPROPRIATE_NORMATIVE,e925b9e5d0034aa2176d4fc65d7f2c61086f6c4871530264edc4eeb69fc51297,SENT-0191,e925b9e5d0034aa2176d4fc65d7f2c61086f6c4871530264edc4eeb69fc51297,3555cf9644b41847f82dcfca12cfae7706a1b8238b4b0eed5549d793e1d4a3cf,APPLIED_VERIFIED,codex-wave4-applier,2026-08-16,Derived from the exact signed candidate and target sentence-evidence snapshot.
SENT-0185,52bebecfb2a435d0e7ff2efea557c5799674ded6,cfc2572291a2676933b08b7466d1ea1e7e76bebb,docs/10.AWSで設計・実装する/10.4.検索経路を構成する.md,APPROPRIATE_NORMATIVE,36f8cf3af0a3d6e30aa382f5c67e9406f3bdcc4e3729a49213970e5ad0f8e3aa,SENT-0199,347ce462f02f3223596749dacf4ac4c4cd0253019bdc9f1b310c254bb1105a74,dfa56d949d896b25229f5dce64b5584ee5775d4f4481b25deaa9d205b4b53a5d,APPLIED_VERIFIED,codex-wave4-applier,2026-08-16,Derived from the exact signed candidate and target sentence-evidence snapshot.
SENT-0186,52bebecfb2a435d0e7ff2efea557c5799674ded6,cfc2572291a2676933b08b7466d1ea1e7e76bebb,docs/10.AWSで設計・実装する/10.4.検索経路を構成する.md,REWRITE_REQUIRED,5dc11669e52eda158bf3212df505904496d6d0811e9e8185a19691de1610dbd3,SENT-0200,40b67d6a36dce74ad07ccfcbade05d362206bcd161a64a70d8860d5e02c1346f,dfa56d949d896b25229f5dce64b5584ee5775d4f4481b25deaa9d205b4b53a5d,APPLIED_VERIFIED,codex-wave4-applier,2026-08-16,Derived from the exact signed candidate and target sentence-evidence snapshot.
SENT-0189,52bebecfb2a435d0e7ff2efea557c5799674ded6,cfc2572291a2676933b08b7466d1ea1e7e76bebb,docs/10.AWSで設計・実装する/10.4.検索経路を構成する.md,APPROPRIATE_NORMATIVE,20da04c643aa957ac088c28ba215b34c4bc04aece02931906065100a336fb542,SENT-0203,20da04c643aa957ac088c28ba215b34c4bc04aece02931906065100a336fb542,dfa56d949d896b25229f5dce64b5584ee5775d4f4481b25deaa9d205b4b53a5d,APPLIED_VERIFIED,codex-wave4-applier,2026-08-16,Derived from the exact signed candidate and target sentence-evidence snapshot.
SENT-0190,52bebecfb2a435d0e7ff2efea557c5799674ded6,cfc2572291a2676933b08b7466d1ea1e7e76bebb,docs/10.AWSで設計・実装する/10.4.検索経路を構成する.md,APPROPRIATE_NORMATIVE,98aafe37ee8c06be81a5774a17f5a74e221cfa752046b80af54d5019f9a32109,SENT-0204,dd8b0587355b03afca4ea82fabe92c50063a2725e107891ddb786449720c1ff9,dfa56d949d896b25229f5dce64b5584ee5775d4f4481b25deaa9d205b4b53a5d,APPLIED_VERIFIED,codex-wave4-applier,2026-08-16,Derived from the exact signed candidate and target sentence-evidence snapshot.
SENT-0197,52bebecfb2a435d0e7ff2efea557c5799674ded6,cfc2572291a2676933b08b7466d1ea1e7e76bebb,docs/10.AWSで設計・実装する/10.4.検索経路を構成する.md,APPROPRIATE_AFTER_QUALIFICATION,4ad317984f8591e972fcb71d0fe83e58639f6fc245c7bab760138cb37e8ab894,SENT-0211,ce68264263482cfbed11727438b37ef22f631378dddd5c0fef471bc588b4ab7b,dfa56d949d896b25229f5dce64b5584ee5775d4f4481b25deaa9d205b4b53a5d,APPLIED_VERIFIED,codex-wave4-applier,2026-08-16,Derived from the exact signed candidate and target sentence-evidence snapshot.
SENT-0198,52bebecfb2a435d0e7ff2efea557c5799674ded6,cfc2572291a2676933b08b7466d1ea1e7e76bebb,docs/10.AWSで設計・実装する/10.4.検索経路を構成する.md,APPROPRIATE_NORMATIVE,a6fb61efb79cb25ccfa8f123aba7044375f80ba2fbc596ae318728de286826c0,SENT-0212,a6fb61efb79cb25ccfa8f123aba7044375f80ba2fbc596ae318728de286826c0,dfa56d949d896b25229f5dce64b5584ee5775d4f4481b25deaa9d205b4b53a5d,APPLIED_VERIFIED,codex-wave4-applier,2026-08-16,Derived from the exact signed candidate and target sentence-evidence snapshot.
SENT-0199,52bebecfb2a435d0e7ff2efea557c5799674ded6,cfc2572291a2676933b08b7466d1ea1e7e76bebb,docs/10.AWSで設計・実装する/10.4.検索経路を構成する.md,APPROPRIATE_NORMATIVE,f25f8bfe1196d59f7ec0598b9870b3aa134c61f5aecbc212169a7d6785074de5,SENT-0213,f25f8bfe1196d59f7ec0598b9870b3aa134c61f5aecbc212169a7d6785074de5,dfa56d949d896b25229f5dce64b5584ee5775d4f4481b25deaa9d205b4b53a5d,APPLIED_VERIFIED,codex-wave4-applier,2026-08-16,Derived from the exact signed candidate and target sentence-evidence snapshot.
SENT-0200,52bebecfb2a435d0e7ff2efea557c5799674ded6,cfc2572291a2676933b08b7466d1ea1e7e76bebb,docs/10.AWSで設計・実装する/10.4.検索経路を構成する.md,APPROPRIATE_NORMATIVE,a1d7badd09f8bcdf59ec156cb1a1b00bc4c0d1017a829d3f860dd681cd1ea1df,SENT-0214,a1d7badd09f8bcdf59ec156cb1a1b00bc4c0d1017a829d3f860dd681cd1ea1df,dfa56d949d896b25229f5dce64b5584ee5775d4f4481b25deaa9d205b4b53a5d,APPLIED_VERIFIED,codex-wave4-applier,2026-08-16,Derived from the exact signed candidate and target sentence-evidence snapshot.
SENT-0201,52bebecfb2a435d0e7ff2efea557c5799674ded6,cfc2572291a2676933b08b7466d1ea1e7e76bebb,docs/10.AWSで設計・実装する/10.4.検索経路を構成する.md,APPROPRIATE_NORMATIVE,22fe326a9d88eb08a85ac2d30861512c54f4c26b9a6c10e3db0071d4db28c5a6,SENT-0215,22fe326a9d88eb08a85ac2d30861512c54f4c26b9a6c10e3db0071d4db28c5a6,dfa56d949d896b25229f5dce64b5584ee5775d4f4481b25deaa9d205b4b53a5d,APPLIED_VERIFIED,codex-wave4-applier,2026-08-16,Derived from the exact signed candidate and target sentence-evidence snapshot.
SENT-0203,52bebecfb2a435d0e7ff2efea557c5799674ded6,cfc2572291a2676933b08b7466d1ea1e7e76bebb,docs/10.AWSで設計・実装する/10.4.検索経路を構成する.md,APPROPRIATE_NORMATIVE,070b114d9b40b72d1c53ebd2eed6c07ce732ac123096157bfc6b0c0f501331e0,SENT-0217,f408fd377ebe5ddae7b4c81060bfa61aa990be128b135b8a7c984a7033ab1b7d,dfa56d949d896b25229f5dce64b5584ee5775d4f4481b25deaa9d205b4b53a5d,APPLIED_VERIFIED,codex-wave4-applier,2026-08-16,Derived from the exact signed candidate and target sentence-evidence snapshot.
SENT-0204,52bebecfb2a435d0e7ff2efea557c5799674ded6,cfc2572291a2676933b08b7466d1ea1e7e76bebb,docs/10.AWSで設計・実装する/10.4.検索経路を構成する.md,APPROPRIATE_NORMATIVE,02b01e54e7d037190f4b850f3266b0dc3afb0a3b0da51844de262deb781fc493,SENT-0218,02b01e54e7d037190f4b850f3266b0dc3afb0a3b0da51844de262deb781fc493,dfa56d949d896b25229f5dce64b5584ee5775d4f4481b25deaa9d205b4b53a5d,APPLIED_VERIFIED,codex-wave4-applier,2026-08-16,Derived from the exact signed candidate and target sentence-evidence snapshot.
SENT-0206,52bebecfb2a435d0e7ff2efea557c5799674ded6,cfc2572291a2676933b08b7466d1ea1e7e76bebb,docs/10.AWSで設計・実装する/10.4.検索経路を構成する.md,APPROPRIATE_NORMATIVE,3ab6b260276b795b933160c11caabfecffa1c4d180d199919a9184c1fcac82e8,SENT-0220,4a81bd1851ca9100fa004230d6f7178f87a7d977a8bec0e8b360a2d95ee61ab5,dfa56d949d896b25229f5dce64b5584ee5775d4f4481b25deaa9d205b4b53a5d,APPLIED_VERIFIED,codex-wave4-applier,2026-08-16,Derived from the exact signed candidate and target sentence-evidence snapshot.
SENT-0208,52bebecfb2a435d0e7ff2efea557c5799674ded6,cfc2572291a2676933b08b7466d1ea1e7e76bebb,docs/10.AWSで設計・実装する/10.4.検索経路を構成する.md,APPROPRIATE_NORMATIVE,2387b7fb2c5510a0ab7716ce02f4f5dbfff17f0c10462c43e2a2ba19a001cdf1,SENT-0222,2387b7fb2c5510a0ab7716ce02f4f5dbfff17f0c10462c43e2a2ba19a001cdf1,dfa56d949d896b25229f5dce64b5584ee5775d4f4481b25deaa9d205b4b53a5d,APPLIED_VERIFIED,codex-wave4-applier,2026-08-16,Derived from the exact signed candidate and target sentence-evidence snapshot.
SENT-0212,52bebecfb2a435d0e7ff2efea557c5799674ded6,cfc2572291a2676933b08b7466d1ea1e7e76bebb,docs/10.AWSで設計・実装する/10.4.検索経路を構成する.md,APPROPRIATE_NORMATIVE,e7002c57e97a28454dbf7dec9efda27a02fc4ab340ed623bb6356a6d9a2a6d22,SENT-0226,e7002c57e97a28454dbf7dec9efda27a02fc4ab340ed623bb6356a6d9a2a6d22,dfa56d949d896b25229f5dce64b5584ee5775d4f4481b25deaa9d205b4b53a5d,APPLIED_VERIFIED,codex-wave4-applier,2026-08-16,Derived from the exact signed candidate and target sentence-evidence snapshot.
SENT-0213,52bebecfb2a435d0e7ff2efea557c5799674ded6,cfc2572291a2676933b08b7466d1ea1e7e76bebb,docs/10.AWSで設計・実装する/10.4.検索経路を構成する.md,APPROPRIATE_NORMATIVE,9e97d72df165487a125d734a14cf791e0e5770395d7eac5f5b03bc1592a9da2b,SENT-0227,a8e9c3e43155e1fdf4715ef463c2c73b408ef35c091c5964c6936a56781978b4,dfa56d949d896b25229f5dce64b5584ee5775d4f4481b25deaa9d205b4b53a5d,APPLIED_VERIFIED,codex-wave4-applier,2026-08-16,Derived from the exact signed candidate and target sentence-evidence snapshot.
SENT-0215,52bebecfb2a435d0e7ff2efea557c5799674ded6,cfc2572291a2676933b08b7466d1ea1e7e76bebb,docs/10.AWSで設計・実装する/10.4.検索経路を構成する.md,APPROPRIATE_NORMATIVE,356626c37ba18378616cca5c143c236f2963b5f92ad09b7d2bd5dea4e2a71f11,SENT-0229,356626c37ba18378616cca5c143c236f2963b5f92ad09b7d2bd5dea4e2a71f11,dfa56d949d896b25229f5dce64b5584ee5775d4f4481b25deaa9d205b4b53a5d,APPLIED_VERIFIED,codex-wave4-applier,2026-08-16,Derived from the exact signed candidate and target sentence-evidence snapshot.
SENT-0224,52bebecfb2a435d0e7ff2efea557c5799674ded6,cfc2572291a2676933b08b7466d1ea1e7e76bebb,docs/10.AWSで設計・実装する/10.5.根拠整形と生成を接続する.md,APPROPRIATE_NORMATIVE,7a0caa1f2d1d0088e07f079131ebf542f8e49daad214711e547fa6332de46157,SENT-0238,19d557eb08b42645f5d49da3d4a5e9bbbeffe9664a139f673808b5b21bd6419e,9eec5cd28f23d6010e64d619ae404bbee6bdd7eaef3feea7679838574f9233ed,APPLIED_VERIFIED,codex-wave4-applier,2026-08-16,Derived from the exact signed candidate and target sentence-evidence snapshot.
SENT-0225,52bebecfb2a435d0e7ff2efea557c5799674ded6,cfc2572291a2676933b08b7466d1ea1e7e76bebb,docs/10.AWSで設計・実装する/10.5.根拠整形と生成を接続する.md,APPROPRIATE_NORMATIVE,cb988e5ee820b406f8b6ee2373a6ca1a8ea76749ce7b9013b78c78e2b111d912,SENT-0239,7930170d37c0cd4bba5c2081e5b98bc2cfe7ea33b3fa5626b28515bca83a7f37,9eec5cd28f23d6010e64d619ae404bbee6bdd7eaef3feea7679838574f9233ed,APPLIED_VERIFIED,codex-wave4-applier,2026-08-16,Derived from the exact signed candidate and target sentence-evidence snapshot.
SENT-0226,52bebecfb2a435d0e7ff2efea557c5799674ded6,cfc2572291a2676933b08b7466d1ea1e7e76bebb,docs/10.AWSで設計・実装する/10.5.根拠整形と生成を接続する.md,APPROPRIATE_NORMATIVE,7288fbb308fbac63143cf1f9ba3eb84d9bd9d45509eb446907aac23c79e00118,SENT-0240,7288fbb308fbac63143cf1f9ba3eb84d9bd9d45509eb446907aac23c79e00118,9eec5cd28f23d6010e64d619ae404bbee6bdd7eaef3feea7679838574f9233ed,APPLIED_VERIFIED,codex-wave4-applier,2026-08-16,Derived from the exact signed candidate and target sentence-evidence snapshot.
SENT-0227,52bebecfb2a435d0e7ff2efea557c5799674ded6,cfc2572291a2676933b08b7466d1ea1e7e76bebb,docs/10.AWSで設計・実装する/10.5.根拠整形と生成を接続する.md,APPROPRIATE_NORMATIVE,34d05fee9c34e52872d69331a9f095999a48d1007ca815a8c5cecaee4f0360a0,SENT-0241,34d05fee9c34e52872d69331a9f095999a48d1007ca815a8c5cecaee4f0360a0,9eec5cd28f23d6010e64d619ae404bbee6bdd7eaef3feea7679838574f9233ed,APPLIED_VERIFIED,codex-wave4-applier,2026-08-16,Derived from the exact signed candidate and target sentence-evidence snapshot.
SENT-0228,52bebecfb2a435d0e7ff2efea557c5799674ded6,cfc2572291a2676933b08b7466d1ea1e7e76bebb,docs/10.AWSで設計・実装する/10.5.根拠整形と生成を接続する.md,APPROPRIATE_NORMATIVE,6329b6946c19d7472c8b280e5b3c2e92be2194ddb44618b3e81ba47b60cce74d,SENT-0242,6329b6946c19d7472c8b280e5b3c2e92be2194ddb44618b3e81ba47b60cce74d,9eec5cd28f23d6010e64d619ae404bbee6bdd7eaef3feea7679838574f9233ed,APPLIED_VERIFIED,codex-wave4-applier,2026-08-16,Derived from the exact signed candidate and target sentence-evidence snapshot.
SENT-0232,52bebecfb2a435d0e7ff2efea557c5799674ded6,cfc2572291a2676933b08b7466d1ea1e7e76bebb,docs/10.AWSで設計・実装する/10.5.根拠整形と生成を接続する.md,REWRITE_REQUIRED,bf5f34ef36ce4958fce41f91c3f4bc68446a5a259b5a70e93daa908d2084d8aa,SENT-0246,a5c4b75bf0f561b94e41bde5a736eb3ecd1d3bbdf3f8a25d593631762bcb5121,9eec5cd28f23d6010e64d619ae404bbee6bdd7eaef3feea7679838574f9233ed,APPLIED_VERIFIED,codex-wave4-applier,2026-08-16,Derived from the exact signed candidate and target sentence-evidence snapshot.
SENT-0235,52bebecfb2a435d0e7ff2efea557c5799674ded6,cfc2572291a2676933b08b7466d1ea1e7e76bebb,docs/10.AWSで設計・実装する/10.5.根拠整形と生成を接続する.md,APPROPRIATE_NORMATIVE,1cf718c984cbc69fd9f69bb8992cdae23915b4fb5ad5e50d40d93e6f52279e36,SENT-0249,1cf718c984cbc69fd9f69bb8992cdae23915b4fb5ad5e50d40d93e6f52279e36,9eec5cd28f23d6010e64d619ae404bbee6bdd7eaef3feea7679838574f9233ed,APPLIED_VERIFIED,codex-wave4-applier,2026-08-16,Derived from the exact signed candidate and target sentence-evidence snapshot.
SENT-0240,52bebecfb2a435d0e7ff2efea557c5799674ded6,cfc2572291a2676933b08b7466d1ea1e7e76bebb,docs/10.AWSで設計・実装する/10.5.根拠整形と生成を接続する.md,APPROPRIATE_NORMATIVE,1310838d7f1b7c932be5443297f54752706e7574bba08842e01753c2fdf427ca,SENT-0254,1310838d7f1b7c932be5443297f54752706e7574bba08842e01753c2fdf427ca,9eec5cd28f23d6010e64d619ae404bbee6bdd7eaef3feea7679838574f9233ed,APPLIED_VERIFIED,codex-wave4-applier,2026-08-16,Derived from the exact signed candidate and target sentence-evidence snapshot.
SENT-0242,52bebecfb2a435d0e7ff2efea557c5799674ded6,cfc2572291a2676933b08b7466d1ea1e7e76bebb,docs/10.AWSで設計・実装する/10.5.根拠整形と生成を接続する.md,REWRITE_REQUIRED,d4c267a0ac233f187321de4f1d16647c87d0966b21ca11affc3098e5af8acbc1,SENT-0256,ecaae10337b45f7ba0d03f3595a423fd46731dd576deef2579ab8316c77ee680,9eec5cd28f23d6010e64d619ae404bbee6bdd7eaef3feea7679838574f9233ed,APPLIED_VERIFIED,codex-wave4-applier,2026-08-16,Derived from the exact signed candidate and target sentence-evidence snapshot.
SENT-0244,52bebecfb2a435d0e7ff2efea557c5799674ded6,cfc2572291a2676933b08b7466d1ea1e7e76bebb,docs/10.AWSで設計・実装する/10.5.根拠整形と生成を接続する.md,APPROPRIATE_NORMATIVE,b044045a5836be649c0fd8620c4051313bd1d9f8863c425a8e90d4473e70fc83,SENT-0258,8e8fda5194f736357e55401a479280ae899614a39e4657861d3df042532e6095,9eec5cd28f23d6010e64d619ae404bbee6bdd7eaef3feea7679838574f9233ed,APPLIED_VERIFIED,codex-wave4-applier,2026-08-16,Derived from the exact signed candidate and target sentence-evidence snapshot.
SENT-0245,52bebecfb2a435d0e7ff2efea557c5799674ded6,cfc2572291a2676933b08b7466d1ea1e7e76bebb,docs/10.AWSで設計・実装する/10.5.根拠整形と生成を接続する.md,APPROPRIATE_NORMATIVE,80112aed7c4418786466614234f2b63bdc2ad5b4745a1212196a06fb1a7da32a,SENT-0259,80112aed7c4418786466614234f2b63bdc2ad5b4745a1212196a06fb1a7da32a,9eec5cd28f23d6010e64d619ae404bbee6bdd7eaef3feea7679838574f9233ed,APPLIED_VERIFIED,codex-wave4-applier,2026-08-16,Derived from the exact signed candidate and target sentence-evidence snapshot.
SENT-0246,52bebecfb2a435d0e7ff2efea557c5799674ded6,cfc2572291a2676933b08b7466d1ea1e7e76bebb,docs/10.AWSで設計・実装する/10.6.評価と運用を接続する.md,APPROPRIATE_NORMATIVE,a2ffcf96b22c47efc079658880c83906c60d984df142d0df27757011b1119e1e,SENT-0260,a2ffcf96b22c47efc079658880c83906c60d984df142d0df27757011b1119e1e,26ea936e183ae7083e67d20d4ae188177987e30ec98ce15ae7a5ee7eae19142a,APPLIED_VERIFIED,codex-wave4-applier,2026-08-16,Derived from the exact signed candidate and target sentence-evidence snapshot.
SENT-0247,52bebecfb2a435d0e7ff2efea557c5799674ded6,cfc2572291a2676933b08b7466d1ea1e7e76bebb,docs/10.AWSで設計・実装する/10.6.評価と運用を接続する.md,APPROPRIATE_NORMATIVE,816434a774f5e2b80a7f8097f01224c629c1acb107e5f4f076429d2db9663149,SENT-0261,816434a774f5e2b80a7f8097f01224c629c1acb107e5f4f076429d2db9663149,26ea936e183ae7083e67d20d4ae188177987e30ec98ce15ae7a5ee7eae19142a,APPLIED_VERIFIED,codex-wave4-applier,2026-08-16,Derived from the exact signed candidate and target sentence-evidence snapshot.
SENT-0257,52bebecfb2a435d0e7ff2efea557c5799674ded6,cfc2572291a2676933b08b7466d1ea1e7e76bebb,docs/10.AWSで設計・実装する/10.6.評価と運用を接続する.md,APPROPRIATE_NORMATIVE,c9b4ed4da71d96229f26aa2333c2a45b0742a37f40f8dfccdbed814658ff4f6f,SENT-0271,c9b4ed4da71d96229f26aa2333c2a45b0742a37f40f8dfccdbed814658ff4f6f,26ea936e183ae7083e67d20d4ae188177987e30ec98ce15ae7a5ee7eae19142a,APPLIED_VERIFIED,codex-wave4-applier,2026-08-16,Derived from the exact signed candidate and target sentence-evidence snapshot.
SENT-0265,52bebecfb2a435d0e7ff2efea557c5799674ded6,cfc2572291a2676933b08b7466d1ea1e7e76bebb,docs/10.AWSで設計・実装する/10.7.構成パターン.md,APPROPRIATE_NORMATIVE,f4f34afce8e6f8f06c04d2edd0fb36a894c4f388325235152972f1f8e3aae47f,SENT-0279,d67fed641f28f78d582e0c9b0d0567c7962796e653ef3cc10a06404b6c1ba87a,bc82e2f7c988864d60cfe8896ef14a1397066308943fd7e1e094425cbe03d2ab,APPLIED_VERIFIED,codex-wave4-applier,2026-08-16,Derived from the exact signed candidate and target sentence-evidence snapshot.
SENT-0266,52bebecfb2a435d0e7ff2efea557c5799674ded6,cfc2572291a2676933b08b7466d1ea1e7e76bebb,docs/10.AWSで設計・実装する/10.7.構成パターン.md,APPROPRIATE_NORMATIVE,6d1b77e7448ae4053e9eac878403801cac6e0d6400c1ce73f55539864defba42,SENT-0280,d787517f96822cc2ebfac0e3386117ce1e3313ce8a6b30be9c4235d88790f973,bc82e2f7c988864d60cfe8896ef14a1397066308943fd7e1e094425cbe03d2ab,APPLIED_VERIFIED,codex-wave4-applier,2026-08-16,Derived from the exact signed candidate and target sentence-evidence snapshot.
SENT-0268,52bebecfb2a435d0e7ff2efea557c5799674ded6,cfc2572291a2676933b08b7466d1ea1e7e76bebb,docs/10.AWSで設計・実装する/10.7.構成パターン.md,APPROPRIATE_NORMATIVE,4c1e416dd0c902dbd9c945502b02abef1f03806144ef6fd89b8faf38c675e14f,SENT-0282,9a6c25557b13220960ac5c63c3d664dcc0b8bd1c799f340d73a47990816054f1,bc82e2f7c988864d60cfe8896ef14a1397066308943fd7e1e094425cbe03d2ab,APPLIED_VERIFIED,codex-wave4-applier,2026-08-16,Derived from the exact signed candidate and target sentence-evidence snapshot.
SENT-0269,52bebecfb2a435d0e7ff2efea557c5799674ded6,cfc2572291a2676933b08b7466d1ea1e7e76bebb,docs/10.AWSで設計・実装する/10.7.構成パターン.md,APPROPRIATE_NORMATIVE,ef4b0ecac6bf1b6ed25daab9d646057b4d7e41184af5eb8943fc55999f23dbfd,SENT-0283,ef4b0ecac6bf1b6ed25daab9d646057b4d7e41184af5eb8943fc55999f23dbfd,bc82e2f7c988864d60cfe8896ef14a1397066308943fd7e1e094425cbe03d2ab,APPLIED_VERIFIED,codex-wave4-applier,2026-08-16,Derived from the exact signed candidate and target sentence-evidence snapshot.
SENT-0274,52bebecfb2a435d0e7ff2efea557c5799674ded6,cfc2572291a2676933b08b7466d1ea1e7e76bebb,docs/10.AWSで設計・実装する/10.7.構成パターン.md,APPROPRIATE_NORMATIVE,ffef3e6eca1651ff71f5417a9f61b46b1a54c28896d94c03c8180f1670b9982a,SENT-0288,ffef3e6eca1651ff71f5417a9f61b46b1a54c28896d94c03c8180f1670b9982a,bc82e2f7c988864d60cfe8896ef14a1397066308943fd7e1e094425cbe03d2ab,APPLIED_VERIFIED,codex-wave4-applier,2026-08-16,Derived from the exact signed candidate and target sentence-evidence snapshot.
SENT-0275,52bebecfb2a435d0e7ff2efea557c5799674ded6,cfc2572291a2676933b08b7466d1ea1e7e76bebb,docs/10.AWSで設計・実装する/10.7.構成パターン.md,APPROPRIATE_NORMATIVE,8e1d0c5b355a09c45fe540a4a9b219e7639a2625fc793f204137ed6a4904e901,SENT-0289,3811128797a32039f580ac9a6853fda9c8382af385b66e6c85095355c1301421,bc82e2f7c988864d60cfe8896ef14a1397066308943fd7e1e094425cbe03d2ab,APPLIED_VERIFIED,codex-wave4-applier,2026-08-16,Derived from the exact signed candidate and target sentence-evidence snapshot.
SENT-0276,52bebecfb2a435d0e7ff2efea557c5799674ded6,cfc2572291a2676933b08b7466d1ea1e7e76bebb,docs/10.AWSで設計・実装する/10.7.構成パターン.md,APPROPRIATE_NORMATIVE,ac1bf37c82b51c0ad82e310542c2a3c0cfc91b32725470d558b82c6425c494c8,SENT-0290,41940cc8b43d48a60cd16684b28143571e32c1e0dce1d1c91e878b8416be990c,bc82e2f7c988864d60cfe8896ef14a1397066308943fd7e1e094425cbe03d2ab,APPLIED_VERIFIED,codex-wave4-applier,2026-08-16,Derived from the exact signed candidate and target sentence-evidence snapshot.
SENT-0277,52bebecfb2a435d0e7ff2efea557c5799674ded6,cfc2572291a2676933b08b7466d1ea1e7e76bebb,docs/10.AWSで設計・実装する/10.7.構成パターン.md,REWRITE_REQUIRED,47037f5c6cea3e26dd01f55460c0bbb4d0b887c1f843855fc1d84e66dddfc3fe,SENT-0291,e843d5f986d014158522e745f0055cb6f249775bd0317e504d509554b953b52a,bc82e2f7c988864d60cfe8896ef14a1397066308943fd7e1e094425cbe03d2ab,APPLIED_VERIFIED,codex-wave4-applier,2026-08-16,Derived from the exact signed candidate and target sentence-evidence snapshot.
SENT-0278,52bebecfb2a435d0e7ff2efea557c5799674ded6,cfc2572291a2676933b08b7466d1ea1e7e76bebb,docs/10.AWSで設計・実装する/10.7.構成パターン.md,APPROPRIATE_NORMATIVE,b5813dda484f69bcf7bb531cac5c8daa295b5490b3f1e5f543b4f680e74bda2e,SENT-0292,b5813dda484f69bcf7bb531cac5c8daa295b5490b3f1e5f543b4f680e74bda2e,bc82e2f7c988864d60cfe8896ef14a1397066308943fd7e1e094425cbe03d2ab,APPLIED_VERIFIED,codex-wave4-applier,2026-08-16,Derived from the exact signed candidate and target sentence-evidence snapshot.
SENT-0279,52bebecfb2a435d0e7ff2efea557c5799674ded6,cfc2572291a2676933b08b7466d1ea1e7e76bebb,docs/10.AWSで設計・実装する/10.7.構成パターン.md,APPROPRIATE_NORMATIVE,c2da87b873e8ac960f4c4781923f013d8951605834f9ab6a157fac893ee6c34e,SENT-0293,c2da87b873e8ac960f4c4781923f013d8951605834f9ab6a157fac893ee6c34e,bc82e2f7c988864d60cfe8896ef14a1397066308943fd7e1e094425cbe03d2ab,APPLIED_VERIFIED,codex-wave4-applier,2026-08-16,Derived from the exact signed candidate and target sentence-evidence snapshot.
SENT-0280,52bebecfb2a435d0e7ff2efea557c5799674ded6,cfc2572291a2676933b08b7466d1ea1e7e76bebb,docs/10.AWSで設計・実装する/10.7.構成パターン.md,APPROPRIATE_NORMATIVE,3df19fb2ee51150a61499c3f48d7552a93288acb03f6e7810c5d4f905f525f3f,SENT-0294,7546fe92112319770b1be64489ec09179a73a2333425711414e8b7aff5ac5b96,bc82e2f7c988864d60cfe8896ef14a1397066308943fd7e1e094425cbe03d2ab,APPLIED_VERIFIED,codex-wave4-applier,2026-08-16,Derived from the exact signed candidate and target sentence-evidence snapshot.
SENT-0282,52bebecfb2a435d0e7ff2efea557c5799674ded6,cfc2572291a2676933b08b7466d1ea1e7e76bebb,docs/10.AWSで設計・実装する/10.7.構成パターン.md,APPROPRIATE_NORMATIVE,f50295f9e1cf6ded990f070f44c999de76c9a87720c11285c9c77b6eab3a4aa3,SENT-0296,bfd86174a83b02a8f0c35f1ba8c9c9a8a4c68aeb04e0bfdbabc093e309b846ec,bc82e2f7c988864d60cfe8896ef14a1397066308943fd7e1e094425cbe03d2ab,APPLIED_VERIFIED,codex-wave4-applier,2026-08-16,Derived from the exact signed candidate and target sentence-evidence snapshot.
SENT-0289,52bebecfb2a435d0e7ff2efea557c5799674ded6,cfc2572291a2676933b08b7466d1ea1e7e76bebb,docs/10.AWSで設計・実装する/10.7.構成パターン.md,APPROPRIATE_NORMATIVE,75ffb16389162a8ccc5b85d5ed05c761afc73af5e1ac1b008efcc93fa5fcd2d5,SENT-0303,75ffb16389162a8ccc5b85d5ed05c761afc73af5e1ac1b008efcc93fa5fcd2d5,bc82e2f7c988864d60cfe8896ef14a1397066308943fd7e1e094425cbe03d2ab,APPLIED_VERIFIED,codex-wave4-applier,2026-08-16,Derived from the exact signed candidate and target sentence-evidence snapshot.
SENT-0290,52bebecfb2a435d0e7ff2efea557c5799674ded6,cfc2572291a2676933b08b7466d1ea1e7e76bebb,docs/10.AWSで設計・実装する/10.7.構成パターン.md,APPROPRIATE_NORMATIVE,5584c43879dd99b238f2966d04416d6435ccc7ab136631e5d934e385c8a58328,SENT-0304,5584c43879dd99b238f2966d04416d6435ccc7ab136631e5d934e385c8a58328,bc82e2f7c988864d60cfe8896ef14a1397066308943fd7e1e094425cbe03d2ab,APPLIED_VERIFIED,codex-wave4-applier,2026-08-16,Derived from the exact signed candidate and target sentence-evidence snapshot.
SENT-0293,52bebecfb2a435d0e7ff2efea557c5799674ded6,cfc2572291a2676933b08b7466d1ea1e7e76bebb,docs/10.AWSで設計・実装する/10.7.構成パターン.md,APPROPRIATE_NORMATIVE,ac7e96c1f73b0de6f77349d4a0cfaf27c2b7e483cfe518b1f605f4e6da7ff872,SENT-0307,ac7e96c1f73b0de6f77349d4a0cfaf27c2b7e483cfe518b1f605f4e6da7ff872,bc82e2f7c988864d60cfe8896ef14a1397066308943fd7e1e094425cbe03d2ab,APPLIED_VERIFIED,codex-wave4-applier,2026-08-16,Derived from the exact signed candidate and target sentence-evidence snapshot.
SENT-0299,52bebecfb2a435d0e7ff2efea557c5799674ded6,cfc2572291a2676933b08b7466d1ea1e7e76bebb,docs/10.AWSで設計・実装する/序文.md,APPROPRIATE_NORMATIVE,636b4c8719b521036c76dd98c69973f929268014d31884cd4fd0743c2d5b0e26,SENT-0313,636b4c8719b521036c76dd98c69973f929268014d31884cd4fd0743c2d5b0e26,e047083097c8fe42b0aefed9cdb0913765d78e25a97aa38a9c7da6e5b4f8ec42,APPLIED_VERIFIED,codex-wave4-applier,2026-08-16,Derived from the exact signed candidate and target sentence-evidence snapshot.
SENT-0304,52bebecfb2a435d0e7ff2efea557c5799674ded6,cfc2572291a2676933b08b7466d1ea1e7e76bebb,docs/10.AWSで設計・実装する/序文.md,APPROPRIATE_NORMATIVE,2a0bc7955653d153986962237fb5756c127f5288984478c90fc347d0271f7774,SENT-0319,2a0bc7955653d153986962237fb5756c127f5288984478c90fc347d0271f7774,e047083097c8fe42b0aefed9cdb0913765d78e25a97aa38a9c7da6e5b4f8ec42,APPLIED_VERIFIED,codex-wave4-applier,2026-08-16,Derived from the exact signed candidate and target sentence-evidence snapshot.
SENT-0310,52bebecfb2a435d0e7ff2efea557c5799674ded6,cfc2572291a2676933b08b7466d1ea1e7e76bebb,docs/2.アーキテクチャ/2.1.RAGパイプライン全体像.md,REWRITE_REQUIRED,1fab4b60298225063bf255e3fb906b17d4409593083e0ece4710e21848f88431,SENT-0435,780085148f906b5cdb4aea3e07b1c93ad60b6eac5ba6cf2d6a1044f82bcfd950,cdaa0dca6afafa31890852298ed8a473c28857b1536007aa8ec15fa9348f2072,APPLIED_VERIFIED,codex-wave4-applier,2026-08-16,Derived from the exact signed candidate and target sentence-evidence snapshot.
SENT-0327,52bebecfb2a435d0e7ff2efea557c5799674ded6,cfc2572291a2676933b08b7466d1ea1e7e76bebb,docs/2.アーキテクチャ/2.1.RAGパイプライン全体像.md,APPROPRIATE_NORMATIVE,d58bf4a093739fc77481adf857ecce9145b752e7c1b65b73c8bb139517cceb39,SENT-0452,d58bf4a093739fc77481adf857ecce9145b752e7c1b65b73c8bb139517cceb39,cdaa0dca6afafa31890852298ed8a473c28857b1536007aa8ec15fa9348f2072,APPLIED_VERIFIED,codex-wave4-applier,2026-08-16,Derived from the exact signed candidate and target sentence-evidence snapshot.
SENT-0351,52bebecfb2a435d0e7ff2efea557c5799674ded6,cfc2572291a2676933b08b7466d1ea1e7e76bebb,docs/2.アーキテクチャ/2.1.RAGパイプライン全体像.md,REMOVE_OR_REPLACE,19f373d154ee8aba1edf3665625df8ceaab2970ec07eb75f71e255247ff6706f,SENT-0477,19f373d154ee8aba1edf3665625df8ceaab2970ec07eb75f71e255247ff6706f,cdaa0dca6afafa31890852298ed8a473c28857b1536007aa8ec15fa9348f2072,APPLIED_VERIFIED,codex-wave4-applier,2026-08-16,Derived from the exact signed candidate and target sentence-evidence snapshot.
SENT-0360,52bebecfb2a435d0e7ff2efea557c5799674ded6,cfc2572291a2676933b08b7466d1ea1e7e76bebb,docs/2.アーキテクチャ/2.1.RAGパイプライン全体像.md,REMOVE_OR_REPLACE,0e0b8d16c0721881c66d6165756ebaffb0e3ffa22c03822bee2d727236bcee80,SENT-0486,0e0b8d16c0721881c66d6165756ebaffb0e3ffa22c03822bee2d727236bcee80,cdaa0dca6afafa31890852298ed8a473c28857b1536007aa8ec15fa9348f2072,APPLIED_VERIFIED,codex-wave4-applier,2026-08-16,Derived from the exact signed candidate and target sentence-evidence snapshot.
SENT-0365,52bebecfb2a435d0e7ff2efea557c5799674ded6,cfc2572291a2676933b08b7466d1ea1e7e76bebb,docs/2.アーキテクチャ/2.1.RAGパイプライン全体像.md,APPROPRIATE_NORMATIVE,5fcc92bcff8d1ea541f07a1b9088d6390d67cb99734b59fc353feb53090de2cc,SENT-0491,5fcc92bcff8d1ea541f07a1b9088d6390d67cb99734b59fc353feb53090de2cc,cdaa0dca6afafa31890852298ed8a473c28857b1536007aa8ec15fa9348f2072,APPLIED_VERIFIED,codex-wave4-applier,2026-08-16,Derived from the exact signed candidate and target sentence-evidence snapshot.
SENT-0372,52bebecfb2a435d0e7ff2efea557c5799674ded6,cfc2572291a2676933b08b7466d1ea1e7e76bebb,docs/2.アーキテクチャ/2.2.検索前処理の概要.md,APPROPRIATE_NORMATIVE,d41eeb309c1873c14af7925270d6908dc80389905ba186a432e900641e0f0af0,SENT-0498,d41eeb309c1873c14af7925270d6908dc80389905ba186a432e900641e0f0af0,0da5e1aced0d7606cd5d4179da71738ec84b27549f6031578e99f409fe69c975,APPLIED_VERIFIED,codex-wave4-applier,2026-08-16,Derived from the exact signed candidate and target sentence-evidence snapshot.
SENT-0373,52bebecfb2a435d0e7ff2efea557c5799674ded6,cfc2572291a2676933b08b7466d1ea1e7e76bebb,docs/2.アーキテクチャ/2.2.検索前処理の概要.md,REWRITE_REQUIRED,76118eaf644ea9dc85f22cb64d24c5b5a49062343199fc8865ed5e87fcc99bc6,SENT-0499,2884c484c8e30c7f91e2b7a51581cfda17c10941f3885ce60e43d8e7de9caa65,0da5e1aced0d7606cd5d4179da71738ec84b27549f6031578e99f409fe69c975,APPLIED_VERIFIED,codex-wave4-applier,2026-08-16,Derived from the exact signed candidate and target sentence-evidence snapshot.
SENT-0382,52bebecfb2a435d0e7ff2efea557c5799674ded6,cfc2572291a2676933b08b7466d1ea1e7e76bebb,docs/2.アーキテクチャ/2.3.検索の概要.md,REWRITE_REQUIRED,665709e709f7861f05a192405e28c75c8f0b1366b3c44b7745cdd62b583c62f5,SENT-0509,56ad21d4b7b8111970258536a805611172dc3094deb580632b766b09c4d46485,a09dc7eb29cc8fbd8a5a776ea68b1ef7bfe7d5d90ff041fe6081fed13173456e,APPLIED_VERIFIED,codex-wave4-applier,2026-08-16,Derived from the exact signed candidate and target sentence-evidence snapshot.
SENT-0383,52bebecfb2a435d0e7ff2efea557c5799674ded6,cfc2572291a2676933b08b7466d1ea1e7e76bebb,docs/2.アーキテクチャ/2.3.検索の概要.md,REWRITE_REQUIRED,af14cf233a98a38961ee79849b8c7e13412477ba0f51ddcb2b1388574edfe156,SENT-0510,605ff09e9cdf9a5ead435786282c46d8760b7cbf15cc15ef51fad4729899649a,a09dc7eb29cc8fbd8a5a776ea68b1ef7bfe7d5d90ff041fe6081fed13173456e,APPLIED_VERIFIED,codex-wave4-applier,2026-08-16,Derived from the exact signed candidate and target sentence-evidence snapshot.
SENT-0389,52bebecfb2a435d0e7ff2efea557c5799674ded6,cfc2572291a2676933b08b7466d1ea1e7e76bebb,docs/2.アーキテクチャ/2.3.検索の概要.md,APPROPRIATE_NORMATIVE,0b2f1f891f575e28a596d4e37e0e4a66757fd294164820873080280dd123875b,SENT-0516,e2de4ba44853311aaa3588024c8a0671423935a61dd5c5b106c22d97cc0b0b3f,a09dc7eb29cc8fbd8a5a776ea68b1ef7bfe7d5d90ff041fe6081fed13173456e,APPLIED_VERIFIED,codex-wave4-applier,2026-08-16,Derived from the exact signed candidate and target sentence-evidence snapshot.
SENT-0390,52bebecfb2a435d0e7ff2efea557c5799674ded6,cfc2572291a2676933b08b7466d1ea1e7e76bebb,docs/2.アーキテクチャ/2.3.検索の概要.md,APPROPRIATE_NORMATIVE,c08149337ec7eb893e6eb61fed093de3225c88deee48189352d0b6afd67c4937,SENT-0517,c08149337ec7eb893e6eb61fed093de3225c88deee48189352d0b6afd67c4937,a09dc7eb29cc8fbd8a5a776ea68b1ef7bfe7d5d90ff041fe6081fed13173456e,APPLIED_VERIFIED,codex-wave4-applier,2026-08-16,Derived from the exact signed candidate and target sentence-evidence snapshot.
SENT-0396,52bebecfb2a435d0e7ff2efea557c5799674ded6,cfc2572291a2676933b08b7466d1ea1e7e76bebb,docs/2.アーキテクチャ/2.4.検索後処理の概要.md,APPROPRIATE_NORMATIVE,b5d0625ed14e8b6fb8e430ec2ae554a9a304378a38fcb8242830bd9bc85fe9fa,SENT-0523,b5d0625ed14e8b6fb8e430ec2ae554a9a304378a38fcb8242830bd9bc85fe9fa,f71f83dc7267e6ddc5a06d2fdbe9ec41d905ce592bcd6e86541f8a66c70b94e2,APPLIED_VERIFIED,codex-wave4-applier,2026-08-16,Derived from the exact signed candidate and target sentence-evidence snapshot.
SENT-0398,52bebecfb2a435d0e7ff2efea557c5799674ded6,cfc2572291a2676933b08b7466d1ea1e7e76bebb,docs/2.アーキテクチャ/2.4.検索後処理の概要.md,REWRITE_REQUIRED,3030eeb51509bb0ac87c31c724211374637660e7b28590e5a261278ea852904f,SENT-0525,2183a91f249ed151b67d83a104b48753a25469448337775aaec6b5d232287b78,f71f83dc7267e6ddc5a06d2fdbe9ec41d905ce592bcd6e86541f8a66c70b94e2,APPLIED_VERIFIED,codex-wave4-applier,2026-08-16,Derived from the exact signed candidate and target sentence-evidence snapshot.
SENT-0412,52bebecfb2a435d0e7ff2efea557c5799674ded6,cfc2572291a2676933b08b7466d1ea1e7e76bebb,docs/2.アーキテクチャ/2.6.評価の概要.md,REWRITE_REQUIRED,5831b618e42e4ad05da6871d9042a61999966049dda4d0fe79c2296d3c720030,SENT-0539,b98688060d6678acde1b12ae539f40c41d3567aa8bf5b6079cd70a7fe36e086a,afc7828f73321ff609059bdd3734b0b27586110e472b55a39ec6784b5ddcbe23,APPLIED_VERIFIED,codex-wave4-applier,2026-08-16,Derived from the exact signed candidate and target sentence-evidence snapshot.
SENT-0419,52bebecfb2a435d0e7ff2efea557c5799674ded6,cfc2572291a2676933b08b7466d1ea1e7e76bebb,docs/2.アーキテクチャ/2.6.評価の概要.md,REMOVE_OR_REPLACE,54e4853f68e1642a7c1227e17b3c5fefb1ea4fe00f8669deaf6734fa9959b05d,SENT-0546,54e4853f68e1642a7c1227e17b3c5fefb1ea4fe00f8669deaf6734fa9959b05d,afc7828f73321ff609059bdd3734b0b27586110e472b55a39ec6784b5ddcbe23,APPLIED_VERIFIED,codex-wave4-applier,2026-08-16,Derived from the exact signed candidate and target sentence-evidence snapshot.
SENT-0420,52bebecfb2a435d0e7ff2efea557c5799674ded6,cfc2572291a2676933b08b7466d1ea1e7e76bebb,docs/2.アーキテクチャ/2.6.評価の概要.md,REMOVE_OR_REPLACE,a5b83a5857ef1809841f4de07afc387f756299e2d8f9866b894c150c0619010a,SENT-0547,a5b83a5857ef1809841f4de07afc387f756299e2d8f9866b894c150c0619010a,afc7828f73321ff609059bdd3734b0b27586110e472b55a39ec6784b5ddcbe23,APPLIED_VERIFIED,codex-wave4-applier,2026-08-16,Derived from the exact signed candidate and target sentence-evidence snapshot.
SENT-0421,52bebecfb2a435d0e7ff2efea557c5799674ded6,cfc2572291a2676933b08b7466d1ea1e7e76bebb,docs/2.アーキテクチャ/2.6.評価の概要.md,REMOVE_OR_REPLACE,24832bc4b3edb65ebbb3b5b0b32be43d3eac122e3732226c2a12f5d945bff673,SENT-0548,24832bc4b3edb65ebbb3b5b0b32be43d3eac122e3732226c2a12f5d945bff673,afc7828f73321ff609059bdd3734b0b27586110e472b55a39ec6784b5ddcbe23,APPLIED_VERIFIED,codex-wave4-applier,2026-08-16,Derived from the exact signed candidate and target sentence-evidence snapshot.
SENT-0422,52bebecfb2a435d0e7ff2efea557c5799674ded6,cfc2572291a2676933b08b7466d1ea1e7e76bebb,docs/2.アーキテクチャ/2.6.評価の概要.md,REMOVE_OR_REPLACE,8f01f046e15afb774798202f40baa4a95df78533dc8e1c6f82eea560ac3432ed,SENT-0549,8f01f046e15afb774798202f40baa4a95df78533dc8e1c6f82eea560ac3432ed,afc7828f73321ff609059bdd3734b0b27586110e472b55a39ec6784b5ddcbe23,APPLIED_VERIFIED,codex-wave4-applier,2026-08-16,Derived from the exact signed candidate and target sentence-evidence snapshot.
SENT-0424,52bebecfb2a435d0e7ff2efea557c5799674ded6,cfc2572291a2676933b08b7466d1ea1e7e76bebb,docs/2.アーキテクチャ/2.6.評価の概要.md,APPROPRIATE_NORMATIVE,bf7aea8ccf275218c8458903aac9997b25947fe17442cd9406da2786eab1f16d,SENT-0551,bf7aea8ccf275218c8458903aac9997b25947fe17442cd9406da2786eab1f16d,afc7828f73321ff609059bdd3734b0b27586110e472b55a39ec6784b5ddcbe23,APPLIED_VERIFIED,codex-wave4-applier,2026-08-16,Derived from the exact signed candidate and target sentence-evidence snapshot.
SENT-0426,52bebecfb2a435d0e7ff2efea557c5799674ded6,cfc2572291a2676933b08b7466d1ea1e7e76bebb,docs/2.アーキテクチャ/2.6.評価の概要.md,REWRITE_REQUIRED,a986e4f1a2416e2262e404c0901f97f969c42b2aacc41cf124b59944ed76db49,SENT-0553,4d7226e476a55c871508f2be7b634c7dd1fbc0b90e430154b17edbfdac75c24d,afc7828f73321ff609059bdd3734b0b27586110e472b55a39ec6784b5ddcbe23,APPLIED_VERIFIED,codex-wave4-applier,2026-08-16,Derived from the exact signed candidate and target sentence-evidence snapshot.
SENT-0428,52bebecfb2a435d0e7ff2efea557c5799674ded6,cfc2572291a2676933b08b7466d1ea1e7e76bebb,docs/2.アーキテクチャ/2.6.評価の概要.md,APPROPRIATE_NORMATIVE,549c3dcd55cc48d0d225598a02114d13450ac6a261e0866039ec1e87be0e4889,SENT-0555,549c3dcd55cc48d0d225598a02114d13450ac6a261e0866039ec1e87be0e4889,afc7828f73321ff609059bdd3734b0b27586110e472b55a39ec6784b5ddcbe23,APPLIED_VERIFIED,codex-wave4-applier,2026-08-16,Derived from the exact signed candidate and target sentence-evidence snapshot.
SENT-0431,52bebecfb2a435d0e7ff2efea557c5799674ded6,cfc2572291a2676933b08b7466d1ea1e7e76bebb,docs/2.アーキテクチャ/2.7.非機能と運用の概要.md,APPROPRIATE_NORMATIVE,a7a7367e62ca722db525c1fcfbfe2adf47a51336aaf79c4e55964ee4addaaade,SENT-0558,006eb69631e2666600057ef7849fac555288891b35c516d84f77d6506ad56ebf,6cb25258245437aa32173d2f1fbd7fcdcf88f2396b5a53e4f5572a19463bccf8,APPLIED_VERIFIED,codex-wave4-applier,2026-08-16,Derived from the exact signed candidate and target sentence-evidence snapshot.
SENT-0432,52bebecfb2a435d0e7ff2efea557c5799674ded6,cfc2572291a2676933b08b7466d1ea1e7e76bebb,docs/2.アーキテクチャ/2.7.非機能と運用の概要.md,APPROPRIATE_AFTER_QUALIFICATION,d929473d59a858032bb9e98eb50ce70a788de3899d8c6ab64dc38f5aeb7bb066,SENT-0559,5462cf5867bee633df7ec2a8aa0eb8bf24bf30ab6b0ff178eb6d9840a1b8f232,6cb25258245437aa32173d2f1fbd7fcdcf88f2396b5a53e4f5572a19463bccf8,APPLIED_VERIFIED,codex-wave4-applier,2026-08-16,Derived from the exact signed candidate and target sentence-evidence snapshot.
SENT-0434,52bebecfb2a435d0e7ff2efea557c5799674ded6,cfc2572291a2676933b08b7466d1ea1e7e76bebb,docs/2.アーキテクチャ/2.7.非機能と運用の概要.md,APPROPRIATE_NORMATIVE,f2fca5a103cd050bb3fde1d8fd0649ce7089b0fb28b26a8c369bf2c58c176d58,SENT-0561,f2fca5a103cd050bb3fde1d8fd0649ce7089b0fb28b26a8c369bf2c58c176d58,6cb25258245437aa32173d2f1fbd7fcdcf88f2396b5a53e4f5572a19463bccf8,APPLIED_VERIFIED,codex-wave4-applier,2026-08-16,Derived from the exact signed candidate and target sentence-evidence snapshot.
SENT-0441,52bebecfb2a435d0e7ff2efea557c5799674ded6,cfc2572291a2676933b08b7466d1ea1e7e76bebb,docs/2.アーキテクチャ/2.7.非機能と運用の概要.md,APPROPRIATE_NORMATIVE,ceaf349b231045eb151288d793beaa4a08992b09f6dd885c5e09965cc4f66d48,SENT-0568,ceaf349b231045eb151288d793beaa4a08992b09f6dd885c5e09965cc4f66d48,6cb25258245437aa32173d2f1fbd7fcdcf88f2396b5a53e4f5572a19463bccf8,APPLIED_VERIFIED,codex-wave4-applier,2026-08-16,Derived from the exact signed candidate and target sentence-evidence snapshot.
SENT-0444,52bebecfb2a435d0e7ff2efea557c5799674ded6,cfc2572291a2676933b08b7466d1ea1e7e76bebb,docs/2.アーキテクチャ/2.7.非機能と運用の概要.md,APPROPRIATE_NORMATIVE,f89288bd6ff35fbec3ac920758f902d806eb264f42525f6a2a2ee2f0fae6f2f2,SENT-0571,f89288bd6ff35fbec3ac920758f902d806eb264f42525f6a2a2ee2f0fae6f2f2,6cb25258245437aa32173d2f1fbd7fcdcf88f2396b5a53e4f5572a19463bccf8,APPLIED_VERIFIED,codex-wave4-applier,2026-08-16,Derived from the exact signed candidate and target sentence-evidence snapshot.
SENT-0448,52bebecfb2a435d0e7ff2efea557c5799674ded6,cfc2572291a2676933b08b7466d1ea1e7e76bebb,docs/2.アーキテクチャ/2.7.非機能と運用の概要.md,REWRITE_REQUIRED,e5310664d2773ecea501e89c1caf18bbffd89de92db166120d29497caf0cba5f,SENT-0575,d9b7041e3fb8464fd90e23807655c419bbcb82834a5d21e6e4d39a2fa6251fe5,6cb25258245437aa32173d2f1fbd7fcdcf88f2396b5a53e4f5572a19463bccf8,APPLIED_VERIFIED,codex-wave4-applier,2026-08-16,Derived from the exact signed candidate and target sentence-evidence snapshot.
SENT-0452,52bebecfb2a435d0e7ff2efea557c5799674ded6,cfc2572291a2676933b08b7466d1ea1e7e76bebb,docs/2.アーキテクチャ/2.7.非機能と運用の概要.md,APPROPRIATE_NORMATIVE,e0fab71aa2c53bbdbedaa4211748db5ae10ff71f2a2dfe27c0825df8dd2cbe0f,SENT-0579,e0fab71aa2c53bbdbedaa4211748db5ae10ff71f2a2dfe27c0825df8dd2cbe0f,6cb25258245437aa32173d2f1fbd7fcdcf88f2396b5a53e4f5572a19463bccf8,APPLIED_VERIFIED,codex-wave4-applier,2026-08-16,Derived from the exact signed candidate and target sentence-evidence snapshot.
SENT-0453,52bebecfb2a435d0e7ff2efea557c5799674ded6,cfc2572291a2676933b08b7466d1ea1e7e76bebb,docs/2.アーキテクチャ/2.7.非機能と運用の概要.md,APPROPRIATE_NORMATIVE,4e262661c868d15c64e4bf7b33bddaea26f3a853d79549ed9e149f964c2a3a99,SENT-0580,4e262661c868d15c64e4bf7b33bddaea26f3a853d79549ed9e149f964c2a3a99,6cb25258245437aa32173d2f1fbd7fcdcf88f2396b5a53e4f5572a19463bccf8,APPLIED_VERIFIED,codex-wave4-applier,2026-08-16,Derived from the exact signed candidate and target sentence-evidence snapshot.
SENT-0454,52bebecfb2a435d0e7ff2efea557c5799674ded6,cfc2572291a2676933b08b7466d1ea1e7e76bebb,docs/2.アーキテクチャ/2.7.非機能と運用の概要.md,APPROPRIATE_NORMATIVE,9803d06cc1b894e600528bbe0f2c7aa9a1f4acc0969e57a81b7945474775559e,SENT-0581,9803d06cc1b894e600528bbe0f2c7aa9a1f4acc0969e57a81b7945474775559e,6cb25258245437aa32173d2f1fbd7fcdcf88f2396b5a53e4f5572a19463bccf8,APPLIED_VERIFIED,codex-wave4-applier,2026-08-16,Derived from the exact signed candidate and target sentence-evidence snapshot.
SENT-0458,52bebecfb2a435d0e7ff2efea557c5799674ded6,cfc2572291a2676933b08b7466d1ea1e7e76bebb,docs/2.アーキテクチャ/2.8.最初に作るAdvanced-RAG.md,APPROPRIATE_NORMATIVE,3dadd41fb2f146cea73919cbd38452d71534a306c6773cfc672f3fee82a9bd95,SENT-0585,3dadd41fb2f146cea73919cbd38452d71534a306c6773cfc672f3fee82a9bd95,51d0664f4996736d60cbc1281eb3bf772b0c5b0dde623db7556a1139f7c5c1e6,APPLIED_VERIFIED,codex-wave4-applier,2026-08-16,Derived from the exact signed candidate and target sentence-evidence snapshot.
SENT-0459,52bebecfb2a435d0e7ff2efea557c5799674ded6,cfc2572291a2676933b08b7466d1ea1e7e76bebb,docs/2.アーキテクチャ/2.8.最初に作るAdvanced-RAG.md,REWRITE_REQUIRED,3130eeaae1ec8d29edaddeb948badb8aac2149cc98a64412f0464defe2830505,SENT-0586,18ef62dd456edcd88eae575d2e89f77450191ed5f87587b2fc4fddbca168ef0a,51d0664f4996736d60cbc1281eb3bf772b0c5b0dde623db7556a1139f7c5c1e6,APPLIED_VERIFIED,codex-wave4-applier,2026-08-16,Derived from the exact signed candidate and target sentence-evidence snapshot.
SENT-0481,52bebecfb2a435d0e7ff2efea557c5799674ded6,cfc2572291a2676933b08b7466d1ea1e7e76bebb,docs/3.回答に使う資料を準備する/3.1.データソース棚卸し.md,REWRITE_REQUIRED,8d4292bcc6f7909c573985bcdb3ed632e413731dda968a48ad907f2e9e819740,SENT-0609,ec1487b641911c4c31006d523ecc3d33627e72ed3afb28909e4db2d7c8c524bc,0b7f7f8c44d1f1853d80aa1dd0b41bb49d6d5fbcfa532788760182440a5b0e48,APPLIED_VERIFIED,codex-wave4-applier,2026-08-16,Derived from the exact signed candidate and target sentence-evidence snapshot.
SENT-0482,52bebecfb2a435d0e7ff2efea557c5799674ded6,cfc2572291a2676933b08b7466d1ea1e7e76bebb,docs/3.回答に使う資料を準備する/3.1.データソース棚卸し.md,REWRITE_REQUIRED,443bfeae615cc73950c3f6ac8aabe46561483ab79b65c442d8bf31ae44f6f7b4,SENT-0610,d313caf43cfe2221a95022536e42169eed00388ae292d50d231ae7bbe8abc363,0b7f7f8c44d1f1853d80aa1dd0b41bb49d6d5fbcfa532788760182440a5b0e48,APPLIED_VERIFIED,codex-wave4-applier,2026-08-16,Derived from the exact signed candidate and target sentence-evidence snapshot.
SENT-0530,52bebecfb2a435d0e7ff2efea557c5799674ded6,cfc2572291a2676933b08b7466d1ea1e7e76bebb,docs/3.回答に使う資料を準備する/3.1.データソース棚卸し.md,APPROPRIATE_NORMATIVE,020dc5c08e8ff192e0bd0b0d982453155681da262eebdc069feb068264f2baa8,SENT-0658,020dc5c08e8ff192e0bd0b0d982453155681da262eebdc069feb068264f2baa8,0b7f7f8c44d1f1853d80aa1dd0b41bb49d6d5fbcfa532788760182440a5b0e48,APPLIED_VERIFIED,codex-wave4-applier,2026-08-16,Derived from the exact signed candidate and target sentence-evidence snapshot.
SENT-0554,52bebecfb2a435d0e7ff2efea557c5799674ded6,cfc2572291a2676933b08b7466d1ea1e7e76bebb,docs/3.回答に使う資料を準備する/3.1.データソース棚卸し.md,REWRITE_REQUIRED,ae3e0eb1b9036742dc7b6c7d68cafd865f2d4b7cb9ecb3dfd376fba59a805d61,SENT-0682,d05a134f875efdee9b3f5167c2b21469ff0abcbd20b27ec06344ae58dd3868a3,0b7f7f8c44d1f1853d80aa1dd0b41bb49d6d5fbcfa532788760182440a5b0e48,APPLIED_VERIFIED,codex-wave4-applier,2026-08-16,Derived from the exact signed candidate and target sentence-evidence snapshot.
SENT-0568,52bebecfb2a435d0e7ff2efea557c5799674ded6,cfc2572291a2676933b08b7466d1ea1e7e76bebb,docs/3.回答に使う資料を準備する/3.1.データソース棚卸し.md,REWRITE_REQUIRED,bba8ee7c4862fbd8c25a742257df15bf6bce51af0aab461f71c042dbaad6780a,SENT-0696,5ec65a075235d60e2767b07ab8c94fff5a3ad23fac10547b6d5874b6534e3ebe,0b7f7f8c44d1f1853d80aa1dd0b41bb49d6d5fbcfa532788760182440a5b0e48,APPLIED_VERIFIED,codex-wave4-applier,2026-08-16,Derived from the exact signed candidate and target sentence-evidence snapshot.
SENT-0572,52bebecfb2a435d0e7ff2efea557c5799674ded6,cfc2572291a2676933b08b7466d1ea1e7e76bebb,docs/3.回答に使う資料を準備する/3.2.Ingestion設計.md,APPROPRIATE_NORMATIVE,232773d1489e89b49c12022dbeabf648c72fd47202bbaf1991250d404f8d9234,SENT-0700,c9dd394f3dc1062ed390971e00edf54f2fddce24bb9b311c82e4ce8a4a88c813,674edb16c906afd56bc389b21f650c9d3621f99bb1b52fd971f010ad91289bb7,APPLIED_VERIFIED,codex-wave4-applier,2026-08-16,Derived from the exact signed candidate and target sentence-evidence snapshot.
SENT-0575,52bebecfb2a435d0e7ff2efea557c5799674ded6,cfc2572291a2676933b08b7466d1ea1e7e76bebb,docs/3.回答に使う資料を準備する/3.2.Ingestion設計.md,REMOVE_OR_REPLACE,36389a8ffc4ba94d065dbc44afcfc854bf4ab7b809f705c99917f801bb89df1e,SENT-0703,36389a8ffc4ba94d065dbc44afcfc854bf4ab7b809f705c99917f801bb89df1e,674edb16c906afd56bc389b21f650c9d3621f99bb1b52fd971f010ad91289bb7,APPLIED_VERIFIED,codex-wave4-applier,2026-08-16,Derived from the exact signed candidate and target sentence-evidence snapshot.
SENT-0577,52bebecfb2a435d0e7ff2efea557c5799674ded6,cfc2572291a2676933b08b7466d1ea1e7e76bebb,docs/3.回答に使う資料を準備する/3.2.Ingestion設計.md,REWRITE_REQUIRED,a520d16a9cdb4907be98085faf3f17a924e022bf771cb9c59c18638cca6f2223,SENT-0705,beb1055cc68805eb41a49fb75d969200b13d7eef0a0a2a2da1fa85d78b79bdd8,674edb16c906afd56bc389b21f650c9d3621f99bb1b52fd971f010ad91289bb7,APPLIED_VERIFIED,codex-wave4-applier,2026-08-16,Derived from the exact signed candidate and target sentence-evidence snapshot.
SENT-0594,52bebecfb2a435d0e7ff2efea557c5799674ded6,cfc2572291a2676933b08b7466d1ea1e7e76bebb,docs/3.回答に使う資料を準備する/3.2.Ingestion設計.md,APPROPRIATE_NORMATIVE,62d01be56f3766c1db6f10461a7cb315840ca287da7383d4315d484a17d24fb9,SENT-0722,8aff3481b7873f1d613fc69988bc0b419ad6d8835b94508ad60b7760b7b1f7c4,674edb16c906afd56bc389b21f650c9d3621f99bb1b52fd971f010ad91289bb7,APPLIED_VERIFIED,codex-wave4-applier,2026-08-16,Derived from the exact signed candidate and target sentence-evidence snapshot.
SENT-0602,52bebecfb2a435d0e7ff2efea557c5799674ded6,cfc2572291a2676933b08b7466d1ea1e7e76bebb,docs/3.回答に使う資料を準備する/3.2.Ingestion設計.md,REWRITE_REQUIRED,7bad733afd9b7e8bea82dcbfaadf572a8a762073c242f62e775903309aebb48c,SENT-0730,f3041df564bd90f93da00fc67692e7c63642ffd32903648b2840de1240de7811,674edb16c906afd56bc389b21f650c9d3621f99bb1b52fd971f010ad91289bb7,APPLIED_VERIFIED,codex-wave4-applier,2026-08-16,Derived from the exact signed candidate and target sentence-evidence snapshot.
SENT-0608,52bebecfb2a435d0e7ff2efea557c5799674ded6,cfc2572291a2676933b08b7466d1ea1e7e76bebb,docs/3.回答に使う資料を準備する/3.2.Ingestion設計.md,APPROPRIATE_NORMATIVE,9f4665d5b7b932c74a98d3a5475ccc3c4dcca1d0f8409296d0e6ac3900dd834d,SENT-0736,9f4665d5b7b932c74a98d3a5475ccc3c4dcca1d0f8409296d0e6ac3900dd834d,674edb16c906afd56bc389b21f650c9d3621f99bb1b52fd971f010ad91289bb7,APPLIED_VERIFIED,codex-wave4-applier,2026-08-16,Derived from the exact signed candidate and target sentence-evidence snapshot.
SENT-0615,52bebecfb2a435d0e7ff2efea557c5799674ded6,cfc2572291a2676933b08b7466d1ea1e7e76bebb,docs/3.回答に使う資料を準備する/3.2.Ingestion設計.md,APPROPRIATE_NORMATIVE,725ea972b23796faf62545e75cc2b728613aa6a37fad58a56d519a2ac187dc2e,SENT-0743,725ea972b23796faf62545e75cc2b728613aa6a37fad58a56d519a2ac187dc2e,674edb16c906afd56bc389b21f650c9d3621f99bb1b52fd971f010ad91289bb7,APPLIED_VERIFIED,codex-wave4-applier,2026-08-16,Derived from the exact signed candidate and target sentence-evidence snapshot.
SENT-0629,52bebecfb2a435d0e7ff2efea557c5799674ded6,cfc2572291a2676933b08b7466d1ea1e7e76bebb,docs/3.回答に使う資料を準備する/3.2.Ingestion設計.md,REMOVE_OR_REPLACE,84176e66b38fb84a53fcacbfe99c02a1daec88e00dfe1d340eccc94ef9b671fd,SENT-0757,84176e66b38fb84a53fcacbfe99c02a1daec88e00dfe1d340eccc94ef9b671fd,674edb16c906afd56bc389b21f650c9d3621f99bb1b52fd971f010ad91289bb7,APPLIED_VERIFIED,codex-wave4-applier,2026-08-16,Derived from the exact signed candidate and target sentence-evidence snapshot.
SENT-0630,52bebecfb2a435d0e7ff2efea557c5799674ded6,cfc2572291a2676933b08b7466d1ea1e7e76bebb,docs/3.回答に使う資料を準備する/3.2.Ingestion設計.md,REMOVE_OR_REPLACE,c128b0b86d9e915189347d0bf84e6396edf168dd97c36f4466123dfdc5d80a70,SENT-0758,c128b0b86d9e915189347d0bf84e6396edf168dd97c36f4466123dfdc5d80a70,674edb16c906afd56bc389b21f650c9d3621f99bb1b52fd971f010ad91289bb7,APPLIED_VERIFIED,codex-wave4-applier,2026-08-16,Derived from the exact signed candidate and target sentence-evidence snapshot.
SENT-0631,52bebecfb2a435d0e7ff2efea557c5799674ded6,cfc2572291a2676933b08b7466d1ea1e7e76bebb,docs/3.回答に使う資料を準備する/3.2.Ingestion設計.md,REMOVE_OR_REPLACE,626203e2823daadd70f788bf3e71a5be5cc638618d69e2614e6c95e1006025bf,SENT-0759,626203e2823daadd70f788bf3e71a5be5cc638618d69e2614e6c95e1006025bf,674edb16c906afd56bc389b21f650c9d3621f99bb1b52fd971f010ad91289bb7,APPLIED_VERIFIED,codex-wave4-applier,2026-08-16,Derived from the exact signed candidate and target sentence-evidence snapshot.
SENT-0633,52bebecfb2a435d0e7ff2efea557c5799674ded6,cfc2572291a2676933b08b7466d1ea1e7e76bebb,docs/3.回答に使う資料を準備する/3.2.Ingestion設計.md,REWRITE_REQUIRED,08869fd13f0c7f16a685988c8e07f8ccf486b9fa0195e79106533f9230d318b8,SENT-0761,bbd796b874256e0d20c83e8b94a2ecb945bbec1fcd5c6eeb32fd77aff63d6b69,674edb16c906afd56bc389b21f650c9d3621f99bb1b52fd971f010ad91289bb7,APPLIED_VERIFIED,codex-wave4-applier,2026-08-16,Derived from the exact signed candidate and target sentence-evidence snapshot.
SENT-0660,52bebecfb2a435d0e7ff2efea557c5799674ded6,cfc2572291a2676933b08b7466d1ea1e7e76bebb,docs/3.回答に使う資料を準備する/3.2.Ingestion設計.md,REWRITE_REQUIRED,f6e45b5ec91855bfa84e964ecf653633ce033d27f2561e72bec2ecf3793dc5cb,SENT-0788,70807aedb76c2a1a1507ff408ea74cf73d561d06f5f2cd7fff5abfed2ebaac63,674edb16c906afd56bc389b21f650c9d3621f99bb1b52fd971f010ad91289bb7,APPLIED_VERIFIED,codex-wave4-applier,2026-08-16,Derived from the exact signed candidate and target sentence-evidence snapshot.
SENT-0674,52bebecfb2a435d0e7ff2efea557c5799674ded6,cfc2572291a2676933b08b7466d1ea1e7e76bebb,docs/3.回答に使う資料を準備する/3.2.Ingestion設計.md,APPROPRIATE_NORMATIVE,68b6172a6a9ad7d4933f43e8aaaee3242d036b99cc814fe64a80ec66e637a38b,SENT-0802,68b6172a6a9ad7d4933f43e8aaaee3242d036b99cc814fe64a80ec66e637a38b,674edb16c906afd56bc389b21f650c9d3621f99bb1b52fd971f010ad91289bb7,APPLIED_VERIFIED,codex-wave4-applier,2026-08-16,Derived from the exact signed candidate and target sentence-evidence snapshot.
SENT-0680,52bebecfb2a435d0e7ff2efea557c5799674ded6,cfc2572291a2676933b08b7466d1ea1e7e76bebb,docs/3.回答に使う資料を準備する/3.2.Ingestion設計.md,REWRITE_REQUIRED,11b6d863f0d87d014a7d7532f14a319ebe28cbc9483df51c546fd65ab53d7746,SENT-0808,181a00f973e95de8b47e8ae16f179e951de9b8e628fbac5c291289c274886bba,674edb16c906afd56bc389b21f650c9d3621f99bb1b52fd971f010ad91289bb7,APPLIED_VERIFIED,codex-wave4-applier,2026-08-16,Derived from the exact signed candidate and target sentence-evidence snapshot.
SENT-0689,52bebecfb2a435d0e7ff2efea557c5799674ded6,cfc2572291a2676933b08b7466d1ea1e7e76bebb,docs/3.回答に使う資料を準備する/3.3.文書解析と正規化.md,REWRITE_REQUIRED,049cba70b12dc72f41f95847f8642f475a18a2e40f2d00d4529d50362a77e3cf,SENT-0817,328ba58059fc5a0049465e455687c0a7d6c71b8b2f0f5b58495df52b375078d2,4528947229908b9b9e79c296995a72103c9285aee68783668d298253c2b476ca,APPLIED_VERIFIED,codex-wave4-applier,2026-08-16,Derived from the exact signed candidate and target sentence-evidence snapshot.
SENT-0691,52bebecfb2a435d0e7ff2efea557c5799674ded6,cfc2572291a2676933b08b7466d1ea1e7e76bebb,docs/3.回答に使う資料を準備する/3.3.文書解析と正規化.md,REWRITE_REQUIRED,4f5e3dfebd3affc5fc5c0aedb8e7071eb8933e5589edb7f51603d7081f76f755,SENT-0819,ddbe4a4f36a082887f75fbfb6d79c602ff941c131435a32200108fa131863f01,4528947229908b9b9e79c296995a72103c9285aee68783668d298253c2b476ca,APPLIED_VERIFIED,codex-wave4-applier,2026-08-16,Derived from the exact signed candidate and target sentence-evidence snapshot.
SENT-0700,52bebecfb2a435d0e7ff2efea557c5799674ded6,cfc2572291a2676933b08b7466d1ea1e7e76bebb,docs/3.回答に使う資料を準備する/3.3.文書解析と正規化.md,APPROPRIATE_NORMATIVE,7375bf280017095a8d6024079f0bbaa074d16628fd0815803682c597849feec8,SENT-0828,7375bf280017095a8d6024079f0bbaa074d16628fd0815803682c597849feec8,4528947229908b9b9e79c296995a72103c9285aee68783668d298253c2b476ca,APPLIED_VERIFIED,codex-wave4-applier,2026-08-16,Derived from the exact signed candidate and target sentence-evidence snapshot.
SENT-0707,52bebecfb2a435d0e7ff2efea557c5799674ded6,cfc2572291a2676933b08b7466d1ea1e7e76bebb,docs/3.回答に使う資料を準備する/3.3.文書解析と正規化.md,REWRITE_REQUIRED,993b955c186c06ce2e612d6496ee911f110b40a4f4aeeab3007c0ac1b0ac1147,SENT-0835,db74bb562b3c7e0d9305164f72cfe54210b62bc038f0aecd6ad4771ae84103ee,4528947229908b9b9e79c296995a72103c9285aee68783668d298253c2b476ca,APPLIED_VERIFIED,codex-wave4-applier,2026-08-16,Derived from the exact signed candidate and target sentence-evidence snapshot.
SENT-0728,52bebecfb2a435d0e7ff2efea557c5799674ded6,cfc2572291a2676933b08b7466d1ea1e7e76bebb,docs/3.回答に使う資料を準備する/3.3.文書解析と正規化.md,REWRITE_REQUIRED,e2964304fecbb9889ff93cd5a1762022ac26312eda935ec292e4686724723d87,SENT-0856,d9596e0130f30a697922fc5c92c665597e84b507cd0d3842ebba31b32e75ca37,4528947229908b9b9e79c296995a72103c9285aee68783668d298253c2b476ca,APPLIED_VERIFIED,codex-wave4-applier,2026-08-16,Derived from the exact signed candidate and target sentence-evidence snapshot.
SENT-0735,52bebecfb2a435d0e7ff2efea557c5799674ded6,cfc2572291a2676933b08b7466d1ea1e7e76bebb,docs/3.回答に使う資料を準備する/3.3.文書解析と正規化.md,REWRITE_REQUIRED,1b06ff37c7410f561b146c9db1b6989c0718cfc0e4b16c4423d2e719055e3f44,SENT-0863,3c8dd892e1b18ddcf6a7a9e23df34dc6f1bc37abbb73c4908d71cc8a1b9b438d,4528947229908b9b9e79c296995a72103c9285aee68783668d298253c2b476ca,APPLIED_VERIFIED,codex-wave4-applier,2026-08-16,Derived from the exact signed candidate and target sentence-evidence snapshot.
SENT-0741,52bebecfb2a435d0e7ff2efea557c5799674ded6,cfc2572291a2676933b08b7466d1ea1e7e76bebb,docs/3.回答に使う資料を準備する/3.3.文書解析と正規化.md,REWRITE_REQUIRED,3f6ada74f24e33c3a0ddc4c6c091e36fdcbed7a4ae3c5ea676b8035615aa7f96,SENT-0869,aebe5c7700a5ca43e34aaff147448284aa465c9d4743f055c32a9cd48594b3ba,4528947229908b9b9e79c296995a72103c9285aee68783668d298253c2b476ca,APPLIED_VERIFIED,codex-wave4-applier,2026-08-16,Derived from the exact signed candidate and target sentence-evidence snapshot.
SENT-0772,52bebecfb2a435d0e7ff2efea557c5799674ded6,cfc2572291a2676933b08b7466d1ea1e7e76bebb,docs/3.回答に使う資料を準備する/3.3.文書解析と正規化.md,APPROPRIATE_NORMATIVE,810d75cde596a8fe8a40926273074c5f8f3a744834a421070f7c8b60f9871984,SENT-0900,810d75cde596a8fe8a40926273074c5f8f3a744834a421070f7c8b60f9871984,4528947229908b9b9e79c296995a72103c9285aee68783668d298253c2b476ca,APPLIED_VERIFIED,codex-wave4-applier,2026-08-16,Derived from the exact signed candidate and target sentence-evidence snapshot.
SENT-0777,52bebecfb2a435d0e7ff2efea557c5799674ded6,cfc2572291a2676933b08b7466d1ea1e7e76bebb,docs/3.回答に使う資料を準備する/3.3.文書解析と正規化.md,APPROPRIATE_NORMATIVE,301e656cb6b9d022e4f1568587808bcfe586023153ed53db6035d1d08ed8b162,SENT-0905,301e656cb6b9d022e4f1568587808bcfe586023153ed53db6035d1d08ed8b162,4528947229908b9b9e79c296995a72103c9285aee68783668d298253c2b476ca,APPLIED_VERIFIED,codex-wave4-applier,2026-08-16,Derived from the exact signed candidate and target sentence-evidence snapshot.
SENT-0779,52bebecfb2a435d0e7ff2efea557c5799674ded6,cfc2572291a2676933b08b7466d1ea1e7e76bebb,docs/3.回答に使う資料を準備する/3.3.文書解析と正規化.md,APPROPRIATE_NORMATIVE,0bcdcfdbd8bb390ab8efeeac4834908eded02ff244c51d251f3e9c3fff83df5e,SENT-0907,0bcdcfdbd8bb390ab8efeeac4834908eded02ff244c51d251f3e9c3fff83df5e,4528947229908b9b9e79c296995a72103c9285aee68783668d298253c2b476ca,APPLIED_VERIFIED,codex-wave4-applier,2026-08-16,Derived from the exact signed candidate and target sentence-evidence snapshot.
SENT-0780,52bebecfb2a435d0e7ff2efea557c5799674ded6,cfc2572291a2676933b08b7466d1ea1e7e76bebb,docs/3.回答に使う資料を準備する/3.4.Chunking設計.md,APPROPRIATE_NORMATIVE,157e0bb4ebcdc09d7aa998aef0c50613cc831eaf2607ea8e80e3f0115ebab770,SENT-0908,b11f0ca6f07b839e24b5193a0987fc0a052a703f2de4e49ff4e837333b9df820,4b31e5674cc3439b61215b1b9708e3efe719c6110615f734529aeca114d9e383,APPLIED_VERIFIED,codex-wave4-applier,2026-08-16,Derived from the exact signed candidate and target sentence-evidence snapshot.
SENT-0782,52bebecfb2a435d0e7ff2efea557c5799674ded6,cfc2572291a2676933b08b7466d1ea1e7e76bebb,docs/3.回答に使う資料を準備する/3.4.Chunking設計.md,REWRITE_REQUIRED,3a16125e73620a9167bf78a526214b8266089999d79667aa7b12a53725d114db,SENT-0910,bbf9edf9af3e51c2d6850fd0b0b1b7bad7575ead402edf4b147e521fc1c6c1fe,4b31e5674cc3439b61215b1b9708e3efe719c6110615f734529aeca114d9e383,APPLIED_VERIFIED,codex-wave4-applier,2026-08-16,Derived from the exact signed candidate and target sentence-evidence snapshot.
SENT-0786,52bebecfb2a435d0e7ff2efea557c5799674ded6,cfc2572291a2676933b08b7466d1ea1e7e76bebb,docs/3.回答に使う資料を準備する/3.4.Chunking設計.md,REWRITE_REQUIRED,f4a149afd98c1bf7184fd80f20dcde8a3844cf91df66fef5ae2ceee6b3c2eec3,SENT-0914,446d6d0814696e72e37303ede5a400890bc670291eb8e4114f126bbe027c265b,4b31e5674cc3439b61215b1b9708e3efe719c6110615f734529aeca114d9e383,APPLIED_VERIFIED,codex-wave4-applier,2026-08-16,Derived from the exact signed candidate and target sentence-evidence snapshot.
SENT-0788,52bebecfb2a435d0e7ff2efea557c5799674ded6,cfc2572291a2676933b08b7466d1ea1e7e76bebb,docs/3.回答に使う資料を準備する/3.4.Chunking設計.md,REWRITE_REQUIRED,675cac5d63e650c16339e6b814591cf54b3a82b0221af1bef700e058efd0ed9d,SENT-0916,d0dc8381823672a81f16843d1567d03c828c418a308f28da10851d930e548205,4b31e5674cc3439b61215b1b9708e3efe719c6110615f734529aeca114d9e383,APPLIED_VERIFIED,codex-wave4-applier,2026-08-16,Derived from the exact signed candidate and target sentence-evidence snapshot.
SENT-0791,52bebecfb2a435d0e7ff2efea557c5799674ded6,cfc2572291a2676933b08b7466d1ea1e7e76bebb,docs/3.回答に使う資料を準備する/3.4.Chunking設計.md,REWRITE_REQUIRED,ee63f6874d84ce4415405088c2779b1171b674ca21a84b441029b5750c92def1,SENT-0919,d7adfa231167c139bea92d96c3f0c97fdc6eb3b8c7c20dc48f6ef468833afba1,4b31e5674cc3439b61215b1b9708e3efe719c6110615f734529aeca114d9e383,APPLIED_VERIFIED,codex-wave4-applier,2026-08-16,Derived from the exact signed candidate and target sentence-evidence snapshot.
SENT-0793,52bebecfb2a435d0e7ff2efea557c5799674ded6,cfc2572291a2676933b08b7466d1ea1e7e76bebb,docs/3.回答に使う資料を準備する/3.4.Chunking設計.md,REWRITE_REQUIRED,b891c264a8359bbfe041bc362aefd2b87d8a4dc28a760b19e4f5b5927689af40,SENT-0921,032c80622c6a1568355480ba12f7ad139dde9d5634801ebae4c5e8ad03d66ff6,4b31e5674cc3439b61215b1b9708e3efe719c6110615f734529aeca114d9e383,APPLIED_VERIFIED,codex-wave4-applier,2026-08-16,Derived from the exact signed candidate and target sentence-evidence snapshot.
SENT-0796,52bebecfb2a435d0e7ff2efea557c5799674ded6,cfc2572291a2676933b08b7466d1ea1e7e76bebb,docs/3.回答に使う資料を準備する/3.4.Chunking設計.md,REWRITE_REQUIRED,8d75223ce5804e0da10d402b285f4996157527e20091f56366c1690a21e46e37,SENT-0924,6a0e2f1c30510b0143407f9878eec173ee0a63ad3ee357e48d70a74b34a3ea50,4b31e5674cc3439b61215b1b9708e3efe719c6110615f734529aeca114d9e383,APPLIED_VERIFIED,codex-wave4-applier,2026-08-16,Derived from the exact signed candidate and target sentence-evidence snapshot.
SENT-0797,52bebecfb2a435d0e7ff2efea557c5799674ded6,cfc2572291a2676933b08b7466d1ea1e7e76bebb,docs/3.回答に使う資料を準備する/3.4.Chunking設計.md,REWRITE_REQUIRED,dafd1cdb9cb55c336155f94aba28f1d91713f74107d6228a73d883d08cc9961f,SENT-0925,796c137f4a4b8217ed9e959fae516d1726315bad84b781a0a3069f4e26184db3,4b31e5674cc3439b61215b1b9708e3efe719c6110615f734529aeca114d9e383,APPLIED_VERIFIED,codex-wave4-applier,2026-08-16,Derived from the exact signed candidate and target sentence-evidence snapshot.
SENT-0802,52bebecfb2a435d0e7ff2efea557c5799674ded6,cfc2572291a2676933b08b7466d1ea1e7e76bebb,docs/3.回答に使う資料を準備する/3.4.Chunking設計.md,APPROPRIATE_NORMATIVE,8b3ff6ef1bd420757cb4fc986846b54417bdc9e873cba186bb253ee56cf76812,SENT-0930,8b3ff6ef1bd420757cb4fc986846b54417bdc9e873cba186bb253ee56cf76812,4b31e5674cc3439b61215b1b9708e3efe719c6110615f734529aeca114d9e383,APPLIED_VERIFIED,codex-wave4-applier,2026-08-16,Derived from the exact signed candidate and target sentence-evidence snapshot.
SENT-0807,52bebecfb2a435d0e7ff2efea557c5799674ded6,cfc2572291a2676933b08b7466d1ea1e7e76bebb,docs/3.回答に使う資料を準備する/3.4.Chunking設計.md,APPROPRIATE_NORMATIVE,614071c29652859b18f37b7af5c8dffc7a7f4ff448cb7bd94050f0baf59e50b1,SENT-0935,614071c29652859b18f37b7af5c8dffc7a7f4ff448cb7bd94050f0baf59e50b1,4b31e5674cc3439b61215b1b9708e3efe719c6110615f734529aeca114d9e383,APPLIED_VERIFIED,codex-wave4-applier,2026-08-16,Derived from the exact signed candidate and target sentence-evidence snapshot.
SENT-0808,52bebecfb2a435d0e7ff2efea557c5799674ded6,cfc2572291a2676933b08b7466d1ea1e7e76bebb,docs/3.回答に使う資料を準備する/3.4.Chunking設計.md,REWRITE_REQUIRED,65497199ea6a3a29bb6f23efca0f5d375827624a1dc05079ffab253fb278d67b,SENT-0936;SENT-0937,6e642778fa635b6677148145013c78189a9410e21125cc35e3be031738d5d507,4b31e5674cc3439b61215b1b9708e3efe719c6110615f734529aeca114d9e383,APPLIED_VERIFIED,codex-wave4-applier,2026-08-16,Derived from the exact signed candidate and target sentence-evidence snapshot.
SENT-0817,52bebecfb2a435d0e7ff2efea557c5799674ded6,cfc2572291a2676933b08b7466d1ea1e7e76bebb,docs/3.回答に使う資料を準備する/3.4.Chunking設計.md,APPROPRIATE_NORMATIVE,9e9412430968a147561144525d91c85127939d82ea182fddcfc2278f1a5915e4,SENT-0946,9e9412430968a147561144525d91c85127939d82ea182fddcfc2278f1a5915e4,4b31e5674cc3439b61215b1b9708e3efe719c6110615f734529aeca114d9e383,APPLIED_VERIFIED,codex-wave4-applier,2026-08-16,Derived from the exact signed candidate and target sentence-evidence snapshot.
SENT-0825,52bebecfb2a435d0e7ff2efea557c5799674ded6,cfc2572291a2676933b08b7466d1ea1e7e76bebb,docs/3.回答に使う資料を準備する/3.4.Chunking設計.md,REMOVE_OR_REPLACE,0ebe39ce4445070e5c9aff430134e56d0d1d79c7f03f4f92904623e896bc5bbc,SENT-0954,0ebe39ce4445070e5c9aff430134e56d0d1d79c7f03f4f92904623e896bc5bbc,4b31e5674cc3439b61215b1b9708e3efe719c6110615f734529aeca114d9e383,APPLIED_VERIFIED,codex-wave4-applier,2026-08-16,Derived from the exact signed candidate and target sentence-evidence snapshot.
SENT-0830,52bebecfb2a435d0e7ff2efea557c5799674ded6,cfc2572291a2676933b08b7466d1ea1e7e76bebb,docs/3.回答に使う資料を準備する/3.4.Chunking設計.md,REWRITE_REQUIRED,0dc0d6aed3926de79386026d8104ebd12c35ceaf6939e46f4f1609259a2e992a,SENT-0959,a2d55341c92dd546e22ded4fa7af9ca422c8633b427fb6a226248050e099f809,4b31e5674cc3439b61215b1b9708e3efe719c6110615f734529aeca114d9e383,APPLIED_VERIFIED,codex-wave4-applier,2026-08-16,Derived from the exact signed candidate and target sentence-evidence snapshot.
SENT-0834,52bebecfb2a435d0e7ff2efea557c5799674ded6,cfc2572291a2676933b08b7466d1ea1e7e76bebb,docs/3.回答に使う資料を準備する/3.4.Chunking設計.md,APPROPRIATE_NORMATIVE,d6d0138eae900c4954b9db25df1be4b2276fec32861e4ce4828bbe99b68fa719,SENT-0963,d6d0138eae900c4954b9db25df1be4b2276fec32861e4ce4828bbe99b68fa719,4b31e5674cc3439b61215b1b9708e3efe719c6110615f734529aeca114d9e383,APPLIED_VERIFIED,codex-wave4-applier,2026-08-16,Derived from the exact signed candidate and target sentence-evidence snapshot.
SENT-0838,52bebecfb2a435d0e7ff2efea557c5799674ded6,cfc2572291a2676933b08b7466d1ea1e7e76bebb,docs/3.回答に使う資料を準備する/3.4.Chunking設計.md,REWRITE_REQUIRED,761b7c29dc4dbe2f7ae9af22b16c4413e77dcea9595dea0f30b56e63610fec26,SENT-0967,681780b1a7816a48c87fbfefda78fd146e01c91bb4c1195f917679bd8248f309,4b31e5674cc3439b61215b1b9708e3efe719c6110615f734529aeca114d9e383,APPLIED_VERIFIED,codex-wave4-applier,2026-08-16,Derived from the exact signed candidate and target sentence-evidence snapshot.
SENT-0840,52bebecfb2a435d0e7ff2efea557c5799674ded6,cfc2572291a2676933b08b7466d1ea1e7e76bebb,docs/3.回答に使う資料を準備する/3.4.Chunking設計.md,REWRITE_REQUIRED,7bf6cb26d59027c3ed6b208cbea622db975228875f226a452339e46f43bf8ca5,SENT-0969,27bb4c4fb3ae13d9b58dc3b1ed4bfd3382610319374c8446d81125cf90920a49,4b31e5674cc3439b61215b1b9708e3efe719c6110615f734529aeca114d9e383,APPLIED_VERIFIED,codex-wave4-applier,2026-08-16,Derived from the exact signed candidate and target sentence-evidence snapshot.
SENT-0850,52bebecfb2a435d0e7ff2efea557c5799674ded6,cfc2572291a2676933b08b7466d1ea1e7e76bebb,docs/3.回答に使う資料を準備する/3.4.Chunking設計.md,REWRITE_REQUIRED,a49448e9c7e9509f602fc7261962ea8a110d02282b24062bc8f6fbe4f35dc453,SENT-0983,10cc62b70062f42cdde5c4cb70e4029bca25e13fa7a2eb4f1746483e84b17c16,4b31e5674cc3439b61215b1b9708e3efe719c6110615f734529aeca114d9e383,APPLIED_VERIFIED,codex-wave4-applier,2026-08-16,Derived from the exact signed candidate and target sentence-evidence snapshot.
SENT-0852,52bebecfb2a435d0e7ff2efea557c5799674ded6,cfc2572291a2676933b08b7466d1ea1e7e76bebb,docs/3.回答に使う資料を準備する/3.4.Chunking設計.md,REWRITE_REQUIRED,2ef32b2948b2b13a78a597c0c58987df8fdd6cf9d27af9af51cfd1c1dafde236,SENT-0985,f0e3e5f352f1a08ec4af396b705294d2f7843c834f8b0d06330968291bddc826,4b31e5674cc3439b61215b1b9708e3efe719c6110615f734529aeca114d9e383,APPLIED_VERIFIED,codex-wave4-applier,2026-08-16,Derived from the exact signed candidate and target sentence-evidence snapshot.
SENT-0855,52bebecfb2a435d0e7ff2efea557c5799674ded6,cfc2572291a2676933b08b7466d1ea1e7e76bebb,docs/3.回答に使う資料を準備する/3.4.Chunking設計.md,APPROPRIATE_NORMATIVE,8734891d70737cc0731209afc186a415ceee894192ff5619b67dcb9c08511d97,SENT-0988,8734891d70737cc0731209afc186a415ceee894192ff5619b67dcb9c08511d97,4b31e5674cc3439b61215b1b9708e3efe719c6110615f734529aeca114d9e383,APPLIED_VERIFIED,codex-wave4-applier,2026-08-16,Derived from the exact signed candidate and target sentence-evidence snapshot.
SENT-0856,52bebecfb2a435d0e7ff2efea557c5799674ded6,cfc2572291a2676933b08b7466d1ea1e7e76bebb,docs/3.回答に使う資料を準備する/3.4.Chunking設計.md,APPROPRIATE_NORMATIVE,3c18fa4ca3f249d7229a4dda25a96a95c4bf47e150531c5822a1b6d267b7b830,SENT-0989,14fcbccd9d86b5772c9503a14d914175def84fe644b594dc4ec55c1d4a7340c7,4b31e5674cc3439b61215b1b9708e3efe719c6110615f734529aeca114d9e383,APPLIED_VERIFIED,codex-wave4-applier,2026-08-16,Derived from the exact signed candidate and target sentence-evidence snapshot.
SENT-0873,52bebecfb2a435d0e7ff2efea557c5799674ded6,cfc2572291a2676933b08b7466d1ea1e7e76bebb,docs/3.回答に使う資料を準備する/3.4.Chunking設計.md,APPROPRIATE_NORMATIVE,1923640147197342cbfbfb8c0e5d0f62e20365074faab9ecfcb0aca296c24c08,SENT-1006,1923640147197342cbfbfb8c0e5d0f62e20365074faab9ecfcb0aca296c24c08,4b31e5674cc3439b61215b1b9708e3efe719c6110615f734529aeca114d9e383,APPLIED_VERIFIED,codex-wave4-applier,2026-08-16,Derived from the exact signed candidate and target sentence-evidence snapshot.
SENT-0877,52bebecfb2a435d0e7ff2efea557c5799674ded6,cfc2572291a2676933b08b7466d1ea1e7e76bebb,docs/3.回答に使う資料を準備する/3.4.Chunking設計.md,REWRITE_REQUIRED,dd02ac0df6fc6fcad5c20bf2bc20d9979b46c6840f9b57080d20b41e53a1a908,SENT-1010,235be5a7cd1fc4cf46fd9bbc3643fd83e72f03de286c158b879f1e99b211ae0b,4b31e5674cc3439b61215b1b9708e3efe719c6110615f734529aeca114d9e383,APPLIED_VERIFIED,codex-wave4-applier,2026-08-16,Derived from the exact signed candidate and target sentence-evidence snapshot.
SENT-0884,52bebecfb2a435d0e7ff2efea557c5799674ded6,cfc2572291a2676933b08b7466d1ea1e7e76bebb,docs/3.回答に使う資料を準備する/3.4.Chunking設計.md,APPROPRIATE_NORMATIVE,5be7a5cf9fc7a728ad944b425855c05e45330b60d337efa1b51d1aa611801b59,SENT-1017,053e2b5d87ccc147b88ef471f0f067ad090b47baf61c977d0b437f23c0321af9,4b31e5674cc3439b61215b1b9708e3efe719c6110615f734529aeca114d9e383,APPLIED_VERIFIED,codex-wave4-applier,2026-08-16,Derived from the exact signed candidate and target sentence-evidence snapshot.
SENT-0898,52bebecfb2a435d0e7ff2efea557c5799674ded6,cfc2572291a2676933b08b7466d1ea1e7e76bebb,docs/3.回答に使う資料を準備する/3.5.Metadata・Provenance・ACL設計.md,REWRITE_REQUIRED,6f83b15a2b81588bf3b4826fa3f91349fb2f18b5ebdc66c665dae5f9353f91cb,SENT-1031,b9dc97b7abb3b49a13f81c3c69239c536735e8da8eb291df639155b3562c2561,e618162f4b6fae75d54595e3b63924dc0f2f51e13b2514781076f81252eea264,APPLIED_VERIFIED,codex-wave4-applier,2026-08-16,Derived from the exact signed candidate and target sentence-evidence snapshot.
SENT-0908,52bebecfb2a435d0e7ff2efea557c5799674ded6,cfc2572291a2676933b08b7466d1ea1e7e76bebb,docs/3.回答に使う資料を準備する/3.5.Metadata・Provenance・ACL設計.md,APPROPRIATE_NORMATIVE,bbafd5158c6ee4f6fadfe86f7e607361d7d0c0208f94c23e17ccc6addbcfeb2e,SENT-1041,bbafd5158c6ee4f6fadfe86f7e607361d7d0c0208f94c23e17ccc6addbcfeb2e,e618162f4b6fae75d54595e3b63924dc0f2f51e13b2514781076f81252eea264,APPLIED_VERIFIED,codex-wave4-applier,2026-08-16,Derived from the exact signed candidate and target sentence-evidence snapshot.
SENT-0965,52bebecfb2a435d0e7ff2efea557c5799674ded6,cfc2572291a2676933b08b7466d1ea1e7e76bebb,docs/3.回答に使う資料を準備する/3.5.Metadata・Provenance・ACL設計.md,REWRITE_REQUIRED,518f0d2e5da1813666680774121be808fca0eee8f103d30124af38dafbc93002,SENT-1098,205f8489893f370ef3cb9b52b1f76f1aeffa542b3866f5592fdb13cd80907090,e618162f4b6fae75d54595e3b63924dc0f2f51e13b2514781076f81252eea264,APPLIED_VERIFIED,codex-wave4-applier,2026-08-16,Derived from the exact signed candidate and target sentence-evidence snapshot.
SENT-0971,52bebecfb2a435d0e7ff2efea557c5799674ded6,cfc2572291a2676933b08b7466d1ea1e7e76bebb,docs/3.回答に使う資料を準備する/3.5.Metadata・Provenance・ACL設計.md,APPROPRIATE_NORMATIVE,1de6269474ef4a41607b840cb13e2a9df756f7f08c26cc8732629b82bfaa67c1,SENT-1104,1de6269474ef4a41607b840cb13e2a9df756f7f08c26cc8732629b82bfaa67c1,e618162f4b6fae75d54595e3b63924dc0f2f51e13b2514781076f81252eea264,APPLIED_VERIFIED,codex-wave4-applier,2026-08-16,Derived from the exact signed candidate and target sentence-evidence snapshot.
SENT-0981,52bebecfb2a435d0e7ff2efea557c5799674ded6,cfc2572291a2676933b08b7466d1ea1e7e76bebb,docs/3.回答に使う資料を準備する/3.5.Metadata・Provenance・ACL設計.md,APPROPRIATE_NORMATIVE,f5f7515e7ebb569805995d2ef4d4494cac48e7ba90473a5c74491d1ed8428ec5,SENT-1114,f5f7515e7ebb569805995d2ef4d4494cac48e7ba90473a5c74491d1ed8428ec5,e618162f4b6fae75d54595e3b63924dc0f2f51e13b2514781076f81252eea264,APPLIED_VERIFIED,codex-wave4-applier,2026-08-16,Derived from the exact signed candidate and target sentence-evidence snapshot.
SENT-0989,52bebecfb2a435d0e7ff2efea557c5799674ded6,cfc2572291a2676933b08b7466d1ea1e7e76bebb,docs/3.回答に使う資料を準備する/3.5.Metadata・Provenance・ACL設計.md,REWRITE_REQUIRED,fe5983c48215b577912b4e0bfe7606acbd6855b4039d8c0750c47c56c5f2620b,SENT-1122,739fea0fda93ac272f3a10dc161bfd8cc74832f2429a90ecda97cac638455cc4,e618162f4b6fae75d54595e3b63924dc0f2f51e13b2514781076f81252eea264,APPLIED_VERIFIED,codex-wave4-applier,2026-08-16,Derived from the exact signed candidate and target sentence-evidence snapshot.
SENT-0990,52bebecfb2a435d0e7ff2efea557c5799674ded6,cfc2572291a2676933b08b7466d1ea1e7e76bebb,docs/3.回答に使う資料を準備する/3.5.Metadata・Provenance・ACL設計.md,APPROPRIATE_NORMATIVE,725ba74deb8476512cc5926af18cd8b690cb256ed99175f54b490b4092be05e1,SENT-1123,725ba74deb8476512cc5926af18cd8b690cb256ed99175f54b490b4092be05e1,e618162f4b6fae75d54595e3b63924dc0f2f51e13b2514781076f81252eea264,APPLIED_VERIFIED,codex-wave4-applier,2026-08-16,Derived from the exact signed candidate and target sentence-evidence snapshot.
SENT-1020,52bebecfb2a435d0e7ff2efea557c5799674ded6,cfc2572291a2676933b08b7466d1ea1e7e76bebb,docs/3.回答に使う資料を準備する/3.6.Embedding設計.md,APPROPRIATE_NORMATIVE,f9f5083686e7b305cfd9cf2934da1e3c697332788aa283a1337dcdb3d3725192,SENT-1153,aacba9fae5d9787d6710bce6fefad361cbabfd53fd5d6dada2871c15af44df4c,b8f61cf00848e47c3d3878a70331d4aacec81ba8957ba5865445297c68bc137f,APPLIED_VERIFIED,codex-wave4-applier,2026-08-16,Derived from the exact signed candidate and target sentence-evidence snapshot.
SENT-1021,52bebecfb2a435d0e7ff2efea557c5799674ded6,cfc2572291a2676933b08b7466d1ea1e7e76bebb,docs/3.回答に使う資料を準備する/3.6.Embedding設計.md,REWRITE_REQUIRED,d3cd0b020d75135d6da9efb32eef55d272bb64709aa8620779657a822e6d659e,SENT-1154,c76d09f078aae9b012891f98233e3380de0668612e807130f124dc8318c58449,b8f61cf00848e47c3d3878a70331d4aacec81ba8957ba5865445297c68bc137f,APPLIED_VERIFIED,codex-wave4-applier,2026-08-16,Derived from the exact signed candidate and target sentence-evidence snapshot.
SENT-1025,52bebecfb2a435d0e7ff2efea557c5799674ded6,cfc2572291a2676933b08b7466d1ea1e7e76bebb,docs/3.回答に使う資料を準備する/3.6.Embedding設計.md,APPROPRIATE_NORMATIVE,7f9f079d6533bd2b7a851df2fef2bf8cdc8caf333d2525525e41981fd8f4783a,SENT-1158,b489cc7dfecdc076a9efd9c3786372a1edfa21dcb3bdf2f10209dee7bc169efe,b8f61cf00848e47c3d3878a70331d4aacec81ba8957ba5865445297c68bc137f,APPLIED_VERIFIED,codex-wave4-applier,2026-08-16,Derived from the exact signed candidate and target sentence-evidence snapshot.
SENT-1028,52bebecfb2a435d0e7ff2efea557c5799674ded6,cfc2572291a2676933b08b7466d1ea1e7e76bebb,docs/3.回答に使う資料を準備する/3.6.Embedding設計.md,APPROPRIATE_NORMATIVE,7e4934a9224370aa5ba3c448c0ffe95418359a20616205a67abdc84f0f913760,SENT-1161,004b66a41336aecdd79b3e953d1d3b2376503b919a688218b14051817f797e06,b8f61cf00848e47c3d3878a70331d4aacec81ba8957ba5865445297c68bc137f,APPLIED_VERIFIED,codex-wave4-applier,2026-08-16,Derived from the exact signed candidate and target sentence-evidence snapshot.
SENT-1031,52bebecfb2a435d0e7ff2efea557c5799674ded6,cfc2572291a2676933b08b7466d1ea1e7e76bebb,docs/3.回答に使う資料を準備する/3.6.Embedding設計.md,APPROPRIATE_NORMATIVE,fa7abe189d90ca2d0acbdecab1ca7fffabb789ea55abf22f2c50a37f4749f21c,SENT-1164,63442c9de967d34d0e8e8305150b23f48609e0ca1780540c8afe39db714916e5,b8f61cf00848e47c3d3878a70331d4aacec81ba8957ba5865445297c68bc137f,APPLIED_VERIFIED,codex-wave4-applier,2026-08-16,Derived from the exact signed candidate and target sentence-evidence snapshot.
SENT-1035,52bebecfb2a435d0e7ff2efea557c5799674ded6,cfc2572291a2676933b08b7466d1ea1e7e76bebb,docs/3.回答に使う資料を準備する/3.6.Embedding設計.md,REWRITE_REQUIRED,f20dd2778d9a398768473679bdfb3c4bb0b583e941be604a8c9d518345a174cd,SENT-1168,d53bf54052c99875efe898d3b9dcc53f205f99fb9d4b8a4b89c1baec8c27fdda,b8f61cf00848e47c3d3878a70331d4aacec81ba8957ba5865445297c68bc137f,APPLIED_VERIFIED,codex-wave4-applier,2026-08-16,Derived from the exact signed candidate and target sentence-evidence snapshot.
SENT-1039,52bebecfb2a435d0e7ff2efea557c5799674ded6,cfc2572291a2676933b08b7466d1ea1e7e76bebb,docs/3.回答に使う資料を準備する/3.6.Embedding設計.md,REWRITE_REQUIRED,d66642c4bb52b0261d703db68b321a954bcd171585c899ef0cd13af1414d4685,SENT-1172,f2d6ba40581f404df22f8e80550d782327e3a288481e055d2dc250df7ba35091,b8f61cf00848e47c3d3878a70331d4aacec81ba8957ba5865445297c68bc137f,APPLIED_VERIFIED,codex-wave4-applier,2026-08-16,Derived from the exact signed candidate and target sentence-evidence snapshot.
SENT-1040,52bebecfb2a435d0e7ff2efea557c5799674ded6,cfc2572291a2676933b08b7466d1ea1e7e76bebb,docs/3.回答に使う資料を準備する/3.6.Embedding設計.md,APPROPRIATE_NORMATIVE,5e3fffb928327c061a1b19302bcb2151cc3279f4a9ef5b95a7f5d023e0ef2aa1,SENT-1173,5e3fffb928327c061a1b19302bcb2151cc3279f4a9ef5b95a7f5d023e0ef2aa1,b8f61cf00848e47c3d3878a70331d4aacec81ba8957ba5865445297c68bc137f,APPLIED_VERIFIED,codex-wave4-applier,2026-08-16,Derived from the exact signed candidate and target sentence-evidence snapshot.
SENT-1042,52bebecfb2a435d0e7ff2efea557c5799674ded6,cfc2572291a2676933b08b7466d1ea1e7e76bebb,docs/3.回答に使う資料を準備する/3.6.Embedding設計.md,REWRITE_REQUIRED,00100fcd6c0f9befc88d2059160bc26f116526cea7c17b1432871252d1aea016,SENT-1175,4d2756a87f16ca5924022e076f6b73b290669cf2e7e9ebc7b798c2a6dbe4581a,b8f61cf00848e47c3d3878a70331d4aacec81ba8957ba5865445297c68bc137f,APPLIED_VERIFIED,codex-wave4-applier,2026-08-16,Derived from the exact signed candidate and target sentence-evidence snapshot.
SENT-1044,52bebecfb2a435d0e7ff2efea557c5799674ded6,cfc2572291a2676933b08b7466d1ea1e7e76bebb,docs/3.回答に使う資料を準備する/3.6.Embedding設計.md,REWRITE_REQUIRED,66693a4a0cf343ead315226d1a3ce2b5a92ce0889fe252e0b3362ca72e5f49e8,SENT-1177,f11fefe502ddce2b7146fe1922a096817d058096ce2b08b6c1fe765a627acc33,b8f61cf00848e47c3d3878a70331d4aacec81ba8957ba5865445297c68bc137f,APPLIED_VERIFIED,codex-wave4-applier,2026-08-16,Derived from the exact signed candidate and target sentence-evidence snapshot.
SENT-1057,52bebecfb2a435d0e7ff2efea557c5799674ded6,cfc2572291a2676933b08b7466d1ea1e7e76bebb,docs/3.回答に使う資料を準備する/3.6.Embedding設計.md,REWRITE_REQUIRED,f2a7e5e5b385b53b6afb178d1748283c67615f0430b38286d7b964c44a2e08f2,SENT-1190,dff61c7e9e582cd7b9a8b063124f02d27fa22831994d9e92bc2daf985341c1d7,b8f61cf00848e47c3d3878a70331d4aacec81ba8957ba5865445297c68bc137f,APPLIED_VERIFIED,codex-wave4-applier,2026-08-16,Derived from the exact signed candidate and target sentence-evidence snapshot.
SENT-1062,52bebecfb2a435d0e7ff2efea557c5799674ded6,cfc2572291a2676933b08b7466d1ea1e7e76bebb,docs/3.回答に使う資料を準備する/3.6.Embedding設計.md,REWRITE_REQUIRED,696e4b8fa71417055adb2cfcf4f847865e50ba71f02b698a862557996a79bb0d,SENT-1195,872ef8cd150eb1e893248f65d7906c96994af88c4256dbec08563b13825a40a9,b8f61cf00848e47c3d3878a70331d4aacec81ba8957ba5865445297c68bc137f,APPLIED_VERIFIED,codex-wave4-applier,2026-08-16,Derived from the exact signed candidate and target sentence-evidence snapshot.
SENT-1063,52bebecfb2a435d0e7ff2efea557c5799674ded6,cfc2572291a2676933b08b7466d1ea1e7e76bebb,docs/3.回答に使う資料を準備する/3.6.Embedding設計.md,REWRITE_REQUIRED,cc8f37cc0beaa1716d00d061450b3b73a8afa53397b20cb31f16b39573990671,SENT-1196,63f0223ca5ec057faadc97578075ca372e87541cc260c6754d36628d76583a6f,b8f61cf00848e47c3d3878a70331d4aacec81ba8957ba5865445297c68bc137f,APPLIED_VERIFIED,codex-wave4-applier,2026-08-16,Derived from the exact signed candidate and target sentence-evidence snapshot.
SENT-1064,52bebecfb2a435d0e7ff2efea557c5799674ded6,cfc2572291a2676933b08b7466d1ea1e7e76bebb,docs/3.回答に使う資料を準備する/3.6.Embedding設計.md,APPROPRIATE_NORMATIVE,094b9648e61cb4a69eda65d5b53e6a9cc9c79d70a7e505221e76ae912ee59a83,SENT-1197,094b9648e61cb4a69eda65d5b53e6a9cc9c79d70a7e505221e76ae912ee59a83,b8f61cf00848e47c3d3878a70331d4aacec81ba8957ba5865445297c68bc137f,APPLIED_VERIFIED,codex-wave4-applier,2026-08-16,Derived from the exact signed candidate and target sentence-evidence snapshot.
SENT-1073,52bebecfb2a435d0e7ff2efea557c5799674ded6,cfc2572291a2676933b08b7466d1ea1e7e76bebb,docs/3.回答に使う資料を準備する/3.6.Embedding設計.md,REWRITE_REQUIRED,e18fd2b7a8ceefd07f9e858eda7a254ea155fe702eee70215a80a5ea2c779a69,SENT-1206,b89218f922f2417b9049b2bf4168fdb195b3814c74d1e72bc9e2c8376cb2309e,b8f61cf00848e47c3d3878a70331d4aacec81ba8957ba5865445297c68bc137f,APPLIED_VERIFIED,codex-wave4-applier,2026-08-16,Derived from the exact signed candidate and target sentence-evidence snapshot.
SENT-1075,52bebecfb2a435d0e7ff2efea557c5799674ded6,cfc2572291a2676933b08b7466d1ea1e7e76bebb,docs/3.回答に使う資料を準備する/3.6.Embedding設計.md,REWRITE_REQUIRED,17c613f67904704c0caf553fe646b4a91ba932003d158f63e37c585b7cf4e720,SENT-1208,9ee5bec5fe940f88ea8338920f151d0a9e693d8f4df30646790812e8d4212673,b8f61cf00848e47c3d3878a70331d4aacec81ba8957ba5865445297c68bc137f,APPLIED_VERIFIED,codex-wave4-applier,2026-08-16,Derived from the exact signed candidate and target sentence-evidence snapshot.
SENT-1077,52bebecfb2a435d0e7ff2efea557c5799674ded6,cfc2572291a2676933b08b7466d1ea1e7e76bebb,docs/3.回答に使う資料を準備する/3.6.Embedding設計.md,REWRITE_REQUIRED,f73bd9b9f25f897a7bf2874b1ccb404ef9ff4c3c594c4c11936bb9e87f492908,SENT-1210,59f71315cdecc70d5a77b21f2be05783f23c1f8226b7322926d1094aa8a827a8,b8f61cf00848e47c3d3878a70331d4aacec81ba8957ba5865445297c68bc137f,APPLIED_VERIFIED,codex-wave4-applier,2026-08-16,Derived from the exact signed candidate and target sentence-evidence snapshot.
SENT-1079,52bebecfb2a435d0e7ff2efea557c5799674ded6,cfc2572291a2676933b08b7466d1ea1e7e76bebb,docs/3.回答に使う資料を準備する/3.6.Embedding設計.md,REWRITE_REQUIRED,e3cc7f34a7c1583cf709b452736d5697e4b63108fdfc52539fb11e3ecefd4a5c,SENT-1212,d33a7dc12144c83d83b71413c07de5d365483b380ffa46961b40e9df6b0f925b,b8f61cf00848e47c3d3878a70331d4aacec81ba8957ba5865445297c68bc137f,APPLIED_VERIFIED,codex-wave4-applier,2026-08-16,Derived from the exact signed candidate and target sentence-evidence snapshot.
SENT-1081,52bebecfb2a435d0e7ff2efea557c5799674ded6,cfc2572291a2676933b08b7466d1ea1e7e76bebb,docs/3.回答に使う資料を準備する/3.6.Embedding設計.md,REWRITE_REQUIRED,d304d9de64c736a1ee72546dceb5c12255cfff62823238c5664468675ca2e248,SENT-1214,7c2071350e2eb45b713f29ccbdaeca531b06009ad7a489b372a2a9a82e01e4ff,b8f61cf00848e47c3d3878a70331d4aacec81ba8957ba5865445297c68bc137f,APPLIED_VERIFIED,codex-wave4-applier,2026-08-16,Derived from the exact signed candidate and target sentence-evidence snapshot.
SENT-1082,52bebecfb2a435d0e7ff2efea557c5799674ded6,cfc2572291a2676933b08b7466d1ea1e7e76bebb,docs/3.回答に使う資料を準備する/3.6.Embedding設計.md,REWRITE_REQUIRED,92288cd3fd456abfd62c7f2cda591db0e9b391f7a7cd7bda366bda8417b87abe,SENT-1215,34ca418dae68bc32474cef3b1a9f2246c2c31bddcd91b81fda90a78813fb2cf0,b8f61cf00848e47c3d3878a70331d4aacec81ba8957ba5865445297c68bc137f,APPLIED_VERIFIED,codex-wave4-applier,2026-08-16,Derived from the exact signed candidate and target sentence-evidence snapshot.
SENT-1088,52bebecfb2a435d0e7ff2efea557c5799674ded6,cfc2572291a2676933b08b7466d1ea1e7e76bebb,docs/3.回答に使う資料を準備する/3.6.Embedding設計.md,APPROPRIATE_NORMATIVE,785c9ee3b697e5759086672a2e8282b2dd1efbe76ade6084b2a17dfa02e9c8b6,SENT-1221,0453b595ad4509e6902247d73e07be791dc793bb22469e9db8154a31172b2eea,b8f61cf00848e47c3d3878a70331d4aacec81ba8957ba5865445297c68bc137f,APPLIED_VERIFIED,codex-wave4-applier,2026-08-16,Derived from the exact signed candidate and target sentence-evidence snapshot.
SENT-1090,52bebecfb2a435d0e7ff2efea557c5799674ded6,cfc2572291a2676933b08b7466d1ea1e7e76bebb,docs/3.回答に使う資料を準備する/3.6.Embedding設計.md,REWRITE_REQUIRED,9e0aa1731cec7ba1a81613559c3b6e1f634f07c62be4c113bfea9fdfd8a42757,SENT-1223,6a5d58271c1c87a1863536e95acb9c4af6e1f1a3c5d126721c38cb104a7478a7,b8f61cf00848e47c3d3878a70331d4aacec81ba8957ba5865445297c68bc137f,APPLIED_VERIFIED,codex-wave4-applier,2026-08-16,Derived from the exact signed candidate and target sentence-evidence snapshot.
SENT-1094,52bebecfb2a435d0e7ff2efea557c5799674ded6,cfc2572291a2676933b08b7466d1ea1e7e76bebb,docs/3.回答に使う資料を準備する/3.6.Embedding設計.md,REWRITE_REQUIRED,b2fcd2b318acef6d86987fc41e65331337908fcac6bd60ebb158c3cb379671a9,SENT-1227,ac9c4471a5da8bf7a734cca0bc38914a94e2d72f1bd4679565e19eb263495d6f,b8f61cf00848e47c3d3878a70331d4aacec81ba8957ba5865445297c68bc137f,APPLIED_VERIFIED,codex-wave4-applier,2026-08-16,Derived from the exact signed candidate and target sentence-evidence snapshot.
SENT-1101,52bebecfb2a435d0e7ff2efea557c5799674ded6,cfc2572291a2676933b08b7466d1ea1e7e76bebb,docs/3.回答に使う資料を準備する/3.6.Embedding設計.md,APPROPRIATE_NORMATIVE,ee361f625539e065df192b3448d43b94bdaf43564ec73ff3eb778435e76b5715,SENT-1234,ee361f625539e065df192b3448d43b94bdaf43564ec73ff3eb778435e76b5715,b8f61cf00848e47c3d3878a70331d4aacec81ba8957ba5865445297c68bc137f,APPLIED_VERIFIED,codex-wave4-applier,2026-08-16,Derived from the exact signed candidate and target sentence-evidence snapshot.
SENT-1102,52bebecfb2a435d0e7ff2efea557c5799674ded6,cfc2572291a2676933b08b7466d1ea1e7e76bebb,docs/3.回答に使う資料を準備する/3.6.Embedding設計.md,APPROPRIATE_NORMATIVE,d906dc6a21b3b6f45cabe4c9974816ebcbcb5d43aa5d93e3b81816f676637ab4,SENT-1235,d906dc6a21b3b6f45cabe4c9974816ebcbcb5d43aa5d93e3b81816f676637ab4,b8f61cf00848e47c3d3878a70331d4aacec81ba8957ba5865445297c68bc137f,APPLIED_VERIFIED,codex-wave4-applier,2026-08-16,Derived from the exact signed candidate and target sentence-evidence snapshot.
SENT-1105,52bebecfb2a435d0e7ff2efea557c5799674ded6,cfc2572291a2676933b08b7466d1ea1e7e76bebb,docs/3.回答に使う資料を準備する/3.6.Embedding設計.md,APPROPRIATE_NORMATIVE,0aee535288aa7b3d1fc1bd78204ac1b57700ba6405ef433567d407c51fb57851,SENT-1238,0aee535288aa7b3d1fc1bd78204ac1b57700ba6405ef433567d407c51fb57851,b8f61cf00848e47c3d3878a70331d4aacec81ba8957ba5865445297c68bc137f,APPLIED_VERIFIED,codex-wave4-applier,2026-08-16,Derived from the exact signed candidate and target sentence-evidence snapshot.
SENT-1107,52bebecfb2a435d0e7ff2efea557c5799674ded6,cfc2572291a2676933b08b7466d1ea1e7e76bebb,docs/3.回答に使う資料を準備する/3.6.Embedding設計.md,APPROPRIATE_NORMATIVE,16c2c640ff00916dfcb94bc361592a1388769f211e5ee6cced9189f01a195d64,SENT-1240,16c2c640ff00916dfcb94bc361592a1388769f211e5ee6cced9189f01a195d64,b8f61cf00848e47c3d3878a70331d4aacec81ba8957ba5865445297c68bc137f,APPLIED_VERIFIED,codex-wave4-applier,2026-08-16,Derived from the exact signed candidate and target sentence-evidence snapshot.
SENT-1109,52bebecfb2a435d0e7ff2efea557c5799674ded6,cfc2572291a2676933b08b7466d1ea1e7e76bebb,docs/3.回答に使う資料を準備する/3.6.Embedding設計.md,REWRITE_REQUIRED,567fb9e909e57db879f4111279e64bb37b8ddbaf5ff83a64da77581f68bc2727,SENT-1242,314b3429d365dbac3926a77994cbec530930e3fbc71420ce06b93981725feea6,b8f61cf00848e47c3d3878a70331d4aacec81ba8957ba5865445297c68bc137f,APPLIED_VERIFIED,codex-wave4-applier,2026-08-16,Derived from the exact signed candidate and target sentence-evidence snapshot.
SENT-1111,52bebecfb2a435d0e7ff2efea557c5799674ded6,cfc2572291a2676933b08b7466d1ea1e7e76bebb,docs/3.回答に使う資料を準備する/3.6.Embedding設計.md,APPROPRIATE_NORMATIVE,e3287fe606b8be59f1199ab8a42f44fa14447b30723ef634ac2a30e5048dd4ce,SENT-1244,e3287fe606b8be59f1199ab8a42f44fa14447b30723ef634ac2a30e5048dd4ce,b8f61cf00848e47c3d3878a70331d4aacec81ba8957ba5865445297c68bc137f,APPLIED_VERIFIED,codex-wave4-applier,2026-08-16,Derived from the exact signed candidate and target sentence-evidence snapshot.
SENT-1141,52bebecfb2a435d0e7ff2efea557c5799674ded6,cfc2572291a2676933b08b7466d1ea1e7e76bebb,docs/3.回答に使う資料を準備する/3.7.Index構築とライフサイクル.md,REWRITE_REQUIRED,5be4b63864e5f2011d2bbbc04f161c2ad9b1f78ac3da037bce49ec4cee1c437e,SENT-1274,dd4b63057a31cbb7d76969759e3916ca9d1ed7ad1fef672ee4c81e532e69ed0c,fabf388e817693a86f740c0b2aa1dd809ce4c422aaa0b6bf73c752e18d67affd,APPLIED_VERIFIED,codex-wave4-applier,2026-08-16,Derived from the exact signed candidate and target sentence-evidence snapshot.
SENT-1148,52bebecfb2a435d0e7ff2efea557c5799674ded6,cfc2572291a2676933b08b7466d1ea1e7e76bebb,docs/3.回答に使う資料を準備する/3.7.Index構築とライフサイクル.md,APPROPRIATE_NORMATIVE,5cc8646d5e99672218bbac6006b7d1652985f2f548eff67d7882cc9ce1142a75,SENT-1281,5cc8646d5e99672218bbac6006b7d1652985f2f548eff67d7882cc9ce1142a75,fabf388e817693a86f740c0b2aa1dd809ce4c422aaa0b6bf73c752e18d67affd,APPLIED_VERIFIED,codex-wave4-applier,2026-08-16,Derived from the exact signed candidate and target sentence-evidence snapshot.
SENT-1151,52bebecfb2a435d0e7ff2efea557c5799674ded6,cfc2572291a2676933b08b7466d1ea1e7e76bebb,docs/3.回答に使う資料を準備する/3.7.Index構築とライフサイクル.md,REWRITE_REQUIRED,2dbe051ace6052eae08573dbeab163902c7fa19731e5cf686089ef6166f0329e,SENT-1284,ea018588b528a8ce7c9f6feeea1184a0fa176b1130752199115ff6d99f54fe28,fabf388e817693a86f740c0b2aa1dd809ce4c422aaa0b6bf73c752e18d67affd,APPLIED_VERIFIED,codex-wave4-applier,2026-08-16,Derived from the exact signed candidate and target sentence-evidence snapshot.
SENT-1154,52bebecfb2a435d0e7ff2efea557c5799674ded6,cfc2572291a2676933b08b7466d1ea1e7e76bebb,docs/3.回答に使う資料を準備する/3.7.Index構築とライフサイクル.md,REWRITE_REQUIRED,3b6270a614ec42d0d6b68da8dbdee50e184aee781431d89871f5c4f54de3c6e2,SENT-1287,90497ac83598ee81fd41c1d36e1c9215b0288fe39d557ad4db3ef769bb880729,fabf388e817693a86f740c0b2aa1dd809ce4c422aaa0b6bf73c752e18d67affd,APPLIED_VERIFIED,codex-wave4-applier,2026-08-16,Derived from the exact signed candidate and target sentence-evidence snapshot.
SENT-1157,52bebecfb2a435d0e7ff2efea557c5799674ded6,cfc2572291a2676933b08b7466d1ea1e7e76bebb,docs/3.回答に使う資料を準備する/3.7.Index構築とライフサイクル.md,REWRITE_REQUIRED,c48ce848a0bf4d77e02dad3c304e6e46b8a5b911fb09ead6ceb1db9c6c6affb8,SENT-1290,1fc99fe00596cdab4418ab8eb9d9d0d94d7e919455030c294db81293c257bf7f,fabf388e817693a86f740c0b2aa1dd809ce4c422aaa0b6bf73c752e18d67affd,APPLIED_VERIFIED,codex-wave4-applier,2026-08-16,Derived from the exact signed candidate and target sentence-evidence snapshot.
SENT-1162,52bebecfb2a435d0e7ff2efea557c5799674ded6,cfc2572291a2676933b08b7466d1ea1e7e76bebb,docs/3.回答に使う資料を準備する/3.7.Index構築とライフサイクル.md,REWRITE_REQUIRED,538cd4e3235749556ca4eea383c4d4ba75bcb14877fcce4233821325f5ef2d9d,SENT-1295,545d29ffb1f1605fa0d72d8f02c701e7bb98e9532dc068a4e9113f459b1f2196,fabf388e817693a86f740c0b2aa1dd809ce4c422aaa0b6bf73c752e18d67affd,APPLIED_VERIFIED,codex-wave4-applier,2026-08-16,Derived from the exact signed candidate and target sentence-evidence snapshot.
SENT-1163,52bebecfb2a435d0e7ff2efea557c5799674ded6,cfc2572291a2676933b08b7466d1ea1e7e76bebb,docs/3.回答に使う資料を準備する/3.7.Index構築とライフサイクル.md,APPROPRIATE_NORMATIVE,f0cec95e49c7bf8a569597d4c48431c0615bf4be5fe4299ed34f91a66765a079,SENT-1296,a1a61a0de94f0a99268eef58571dc63344fa5986a3600ccb58e838cbb9caf347,fabf388e817693a86f740c0b2aa1dd809ce4c422aaa0b6bf73c752e18d67affd,APPLIED_VERIFIED,codex-wave4-applier,2026-08-16,Derived from the exact signed candidate and target sentence-evidence snapshot.
SENT-1164,52bebecfb2a435d0e7ff2efea557c5799674ded6,cfc2572291a2676933b08b7466d1ea1e7e76bebb,docs/3.回答に使う資料を準備する/3.7.Index構築とライフサイクル.md,APPROPRIATE_NORMATIVE,496e11e7820938f16a1863763d4657e5d2529ebb33d5da59842e184a2ffa9abd,SENT-1297,580517aac50f461f418f615485d98099dad6fe0dc742e1e0481831a5e2d40d24,fabf388e817693a86f740c0b2aa1dd809ce4c422aaa0b6bf73c752e18d67affd,APPLIED_VERIFIED,codex-wave4-applier,2026-08-16,Derived from the exact signed candidate and target sentence-evidence snapshot.
SENT-1167,52bebecfb2a435d0e7ff2efea557c5799674ded6,cfc2572291a2676933b08b7466d1ea1e7e76bebb,docs/3.回答に使う資料を準備する/3.7.Index構築とライフサイクル.md,APPROPRIATE_NORMATIVE,72e68e2395fccd0e06bc1dbc1a3e02d4641844a949eaf9c4d4921120701d7c2a,SENT-1300,72e68e2395fccd0e06bc1dbc1a3e02d4641844a949eaf9c4d4921120701d7c2a,fabf388e817693a86f740c0b2aa1dd809ce4c422aaa0b6bf73c752e18d67affd,APPLIED_VERIFIED,codex-wave4-applier,2026-08-16,Derived from the exact signed candidate and target sentence-evidence snapshot.
SENT-1179,52bebecfb2a435d0e7ff2efea557c5799674ded6,cfc2572291a2676933b08b7466d1ea1e7e76bebb,docs/3.回答に使う資料を準備する/3.7.Index構築とライフサイクル.md,REMOVE_OR_REPLACE,2e5401ec3bf43413065604bad57ef77e29f3bb238ce75826d0c834c0bc55e120,SENT-1312,2e5401ec3bf43413065604bad57ef77e29f3bb238ce75826d0c834c0bc55e120,fabf388e817693a86f740c0b2aa1dd809ce4c422aaa0b6bf73c752e18d67affd,APPLIED_VERIFIED,codex-wave4-applier,2026-08-16,Derived from the exact signed candidate and target sentence-evidence snapshot.
SENT-1182,52bebecfb2a435d0e7ff2efea557c5799674ded6,cfc2572291a2676933b08b7466d1ea1e7e76bebb,docs/3.回答に使う資料を準備する/3.7.Index構築とライフサイクル.md,REMOVE_OR_REPLACE,29a5e67e979faa21b39403699327d92000e9256ff3fd534df7b0063daf5b2dc5,SENT-1315,29a5e67e979faa21b39403699327d92000e9256ff3fd534df7b0063daf5b2dc5,fabf388e817693a86f740c0b2aa1dd809ce4c422aaa0b6bf73c752e18d67affd,APPLIED_VERIFIED,codex-wave4-applier,2026-08-16,Derived from the exact signed candidate and target sentence-evidence snapshot.
SENT-1184,52bebecfb2a435d0e7ff2efea557c5799674ded6,cfc2572291a2676933b08b7466d1ea1e7e76bebb,docs/3.回答に使う資料を準備する/3.7.Index構築とライフサイクル.md,APPROPRIATE_NORMATIVE,a4e08a258fc8dd369b5d27457871f273c18b891e1a4e912bba363adb2f8f84fe,SENT-1317,a4e08a258fc8dd369b5d27457871f273c18b891e1a4e912bba363adb2f8f84fe,fabf388e817693a86f740c0b2aa1dd809ce4c422aaa0b6bf73c752e18d67affd,APPLIED_VERIFIED,codex-wave4-applier,2026-08-16,Derived from the exact signed candidate and target sentence-evidence snapshot.
SENT-1185,52bebecfb2a435d0e7ff2efea557c5799674ded6,cfc2572291a2676933b08b7466d1ea1e7e76bebb,docs/3.回答に使う資料を準備する/3.7.Index構築とライフサイクル.md,REWRITE_REQUIRED,7188d5c631f5f5c8157be5e02ee6c580ba45853b8c9a6d4199d311c749252845,SENT-1318,b47e2800dbd9125e85ae4dbac5c5a6bc14cb8476f3a7d997dd00979727e0bc38,fabf388e817693a86f740c0b2aa1dd809ce4c422aaa0b6bf73c752e18d67affd,APPLIED_VERIFIED,codex-wave4-applier,2026-08-16,Derived from the exact signed candidate and target sentence-evidence snapshot.
SENT-1197,52bebecfb2a435d0e7ff2efea557c5799674ded6,cfc2572291a2676933b08b7466d1ea1e7e76bebb,docs/3.回答に使う資料を準備する/3.7.Index構築とライフサイクル.md,REWRITE_REQUIRED,7fe5bdf03fee53baf2550bea4a7e7cc54cb9aa5e394688b8cc5a6dc7ecffd051,SENT-1330,b1de1f10bd5e2f8c02e6c4fc4fee4a16f26ab359db0bf4494dac06b95da37ca2,fabf388e817693a86f740c0b2aa1dd809ce4c422aaa0b6bf73c752e18d67affd,APPLIED_VERIFIED,codex-wave4-applier,2026-08-16,Derived from the exact signed candidate and target sentence-evidence snapshot.
SENT-1211,52bebecfb2a435d0e7ff2efea557c5799674ded6,cfc2572291a2676933b08b7466d1ea1e7e76bebb,docs/3.回答に使う資料を準備する/3.7.Index構築とライフサイクル.md,REWRITE_REQUIRED,be8afe4a62a131cfa6d70e6ca660b804b81c0537552141d032b596b6e2ba4bfe,SENT-1344,d269a8c001c1763f35ec7c975b5dac440074076498a42ea09c58fcfcb3aca9b4,fabf388e817693a86f740c0b2aa1dd809ce4c422aaa0b6bf73c752e18d67affd,APPLIED_VERIFIED,codex-wave4-applier,2026-08-16,Derived from the exact signed candidate and target sentence-evidence snapshot.
SENT-1212,52bebecfb2a435d0e7ff2efea557c5799674ded6,cfc2572291a2676933b08b7466d1ea1e7e76bebb,docs/3.回答に使う資料を準備する/3.7.Index構築とライフサイクル.md,APPROPRIATE_NORMATIVE,522f94f008f7f22004333327f24a9ba86d5bb8c7e2db29c9255801396dd5e033,SENT-1345,522f94f008f7f22004333327f24a9ba86d5bb8c7e2db29c9255801396dd5e033,fabf388e817693a86f740c0b2aa1dd809ce4c422aaa0b6bf73c752e18d67affd,APPLIED_VERIFIED,codex-wave4-applier,2026-08-16,Derived from the exact signed candidate and target sentence-evidence snapshot.
SENT-1215,52bebecfb2a435d0e7ff2efea557c5799674ded6,cfc2572291a2676933b08b7466d1ea1e7e76bebb,docs/3.回答に使う資料を準備する/3.7.Index構築とライフサイクル.md,REWRITE_REQUIRED,5cf2f09d8236863f9bde23f35694ab4e55e80ad9ade7c42e5ff4f70d04b3dfcc,SENT-1348,09110cf06515ccac1678450fef9403e70acab896b57072337d3d1b4a849b911d,fabf388e817693a86f740c0b2aa1dd809ce4c422aaa0b6bf73c752e18d67affd,APPLIED_VERIFIED,codex-wave4-applier,2026-08-16,Derived from the exact signed candidate and target sentence-evidence snapshot.
SENT-1216,52bebecfb2a435d0e7ff2efea557c5799674ded6,cfc2572291a2676933b08b7466d1ea1e7e76bebb,docs/3.回答に使う資料を準備する/3.7.Index構築とライフサイクル.md,REWRITE_REQUIRED,f1cebb6b1782edf94a48737dcb6392dd06a58e4de8bb47dad0f6993bcacb6d1e,SENT-1349,8588174d06f46c96deb50df12ae0e731f0e2f80c775b0c52e91800a9fa9d7654,fabf388e817693a86f740c0b2aa1dd809ce4c422aaa0b6bf73c752e18d67affd,APPLIED_VERIFIED,codex-wave4-applier,2026-08-16,Derived from the exact signed candidate and target sentence-evidence snapshot.
SENT-1223,52bebecfb2a435d0e7ff2efea557c5799674ded6,cfc2572291a2676933b08b7466d1ea1e7e76bebb,docs/3.回答に使う資料を準備する/3.7.Index構築とライフサイクル.md,APPROPRIATE_NORMATIVE,a7924ca3ae2c0009e8c27e0f620713445f72a846c559b81084e3826b8c8a9d33,SENT-1356,71bb6175019990ffc35f42aece522f7c60b8e86d8000c00b1ddfedaf040b9b90,fabf388e817693a86f740c0b2aa1dd809ce4c422aaa0b6bf73c752e18d67affd,APPLIED_VERIFIED,codex-wave4-applier,2026-08-16,Derived from the exact signed candidate and target sentence-evidence snapshot.
SENT-1232,52bebecfb2a435d0e7ff2efea557c5799674ded6,cfc2572291a2676933b08b7466d1ea1e7e76bebb,docs/3.回答に使う資料を準備する/3.7.Index構築とライフサイクル.md,APPROPRIATE_NORMATIVE,3a7f53d7ef1add7ebd0b736344b56c8b46ff23919a2aaad47541f6fd1088a7e1,SENT-1365,3a7f53d7ef1add7ebd0b736344b56c8b46ff23919a2aaad47541f6fd1088a7e1,fabf388e817693a86f740c0b2aa1dd809ce4c422aaa0b6bf73c752e18d67affd,APPLIED_VERIFIED,codex-wave4-applier,2026-08-16,Derived from the exact signed candidate and target sentence-evidence snapshot.
SENT-1242,52bebecfb2a435d0e7ff2efea557c5799674ded6,cfc2572291a2676933b08b7466d1ea1e7e76bebb,docs/3.回答に使う資料を準備する/3.7.Index構築とライフサイクル.md,REWRITE_REQUIRED,1780d17e7ec2cc33d3f6e35507c77193329ba1252906252846c0aa65a5848258,SENT-1375,84d995052c192e130d6e3098f7bea48b3e48b204643be17e75772f5d86ab2482,fabf388e817693a86f740c0b2aa1dd809ce4c422aaa0b6bf73c752e18d67affd,APPLIED_VERIFIED,codex-wave4-applier,2026-08-16,Derived from the exact signed candidate and target sentence-evidence snapshot.
SENT-1276,52bebecfb2a435d0e7ff2efea557c5799674ded6,cfc2572291a2676933b08b7466d1ea1e7e76bebb,docs/4.質問に合う根拠を探す/4.1.Query理解と検索計画.md,REWRITE_REQUIRED,2e1db14d1ba302835b84e73c117a4b1e85839c3ec83f7df31048fd9aec4d3b34,SENT-1461,a771c4ac79ce63fb033e2dab34f348f506535e633fbcb8df3764bbb6ca24ac54,0c230be0090b1427b9cf631786654eeaed3c8656e65bf1df08b82b0f94ef95c9,APPLIED_VERIFIED,codex-wave4-applier,2026-08-16,Derived from the exact signed candidate and target sentence-evidence snapshot.
SENT-1301,52bebecfb2a435d0e7ff2efea557c5799674ded6,cfc2572291a2676933b08b7466d1ea1e7e76bebb,docs/4.質問に合う根拠を探す/4.1.Query理解と検索計画.md,REWRITE_REQUIRED,5b6279ed68ba22c8d98597320d54597b40d9c812af662305f4bca9b804d8c583,SENT-1486,bb60106211c455d427e0b638cce3f5aede9e6d259b47639f7418fb9d84bdd3a8,0c230be0090b1427b9cf631786654eeaed3c8656e65bf1df08b82b0f94ef95c9,APPLIED_VERIFIED,codex-wave4-applier,2026-08-16,Derived from the exact signed candidate and target sentence-evidence snapshot.
SENT-1317,52bebecfb2a435d0e7ff2efea557c5799674ded6,cfc2572291a2676933b08b7466d1ea1e7e76bebb,docs/4.質問に合う根拠を探す/4.1.Query理解と検索計画.md,REMOVE_OR_REPLACE,574e7de0af46b660cc23ee948ed2696b22039d2034584b993a8b5d5c97a9254d,SENT-1502,574e7de0af46b660cc23ee948ed2696b22039d2034584b993a8b5d5c97a9254d,0c230be0090b1427b9cf631786654eeaed3c8656e65bf1df08b82b0f94ef95c9,APPLIED_VERIFIED,codex-wave4-applier,2026-08-16,Derived from the exact signed candidate and target sentence-evidence snapshot.
SENT-1318,52bebecfb2a435d0e7ff2efea557c5799674ded6,cfc2572291a2676933b08b7466d1ea1e7e76bebb,docs/4.質問に合う根拠を探す/4.1.Query理解と検索計画.md,REMOVE_OR_REPLACE,e7ab98952f0c48b921ad1893b0abbfdb291440311438fb519c3477fd1763dddb,SENT-1503,e7ab98952f0c48b921ad1893b0abbfdb291440311438fb519c3477fd1763dddb,0c230be0090b1427b9cf631786654eeaed3c8656e65bf1df08b82b0f94ef95c9,APPLIED_VERIFIED,codex-wave4-applier,2026-08-16,Derived from the exact signed candidate and target sentence-evidence snapshot.
SENT-1330,52bebecfb2a435d0e7ff2efea557c5799674ded6,cfc2572291a2676933b08b7466d1ea1e7e76bebb,docs/4.質問に合う根拠を探す/4.1.Query理解と検索計画.md,APPROPRIATE_NORMATIVE,cd5d9f2408366ca1b56c8c18a2900cb27785001724252b58eff56a28cad25731,SENT-1515,cd5d9f2408366ca1b56c8c18a2900cb27785001724252b58eff56a28cad25731,0c230be0090b1427b9cf631786654eeaed3c8656e65bf1df08b82b0f94ef95c9,APPLIED_VERIFIED,codex-wave4-applier,2026-08-16,Derived from the exact signed candidate and target sentence-evidence snapshot.
SENT-1342,52bebecfb2a435d0e7ff2efea557c5799674ded6,cfc2572291a2676933b08b7466d1ea1e7e76bebb,docs/4.質問に合う根拠を探す/4.1.Query理解と検索計画.md,APPROPRIATE_NORMATIVE,85edc7f9076613f3ffa1edec8c134bbba1d84f6169ed17204f475b714c4e948a,SENT-1527,85edc7f9076613f3ffa1edec8c134bbba1d84f6169ed17204f475b714c4e948a,0c230be0090b1427b9cf631786654eeaed3c8656e65bf1df08b82b0f94ef95c9,APPLIED_VERIFIED,codex-wave4-applier,2026-08-16,Derived from the exact signed candidate and target sentence-evidence snapshot.
SENT-1349,52bebecfb2a435d0e7ff2efea557c5799674ded6,cfc2572291a2676933b08b7466d1ea1e7e76bebb,docs/4.質問に合う根拠を探す/4.1.Query理解と検索計画.md,REWRITE_REQUIRED,7cb570c3b8698306cebc8675796492c5d7fdf09aef6f95e79ae3632fb87a5870,SENT-1534,149fbd4117fa4a7a44ec5f14b7ce2eac3f4e5200db43cec1c56e7c78f97dca12,0c230be0090b1427b9cf631786654eeaed3c8656e65bf1df08b82b0f94ef95c9,APPLIED_VERIFIED,codex-wave4-applier,2026-08-16,Derived from the exact signed candidate and target sentence-evidence snapshot.
SENT-1382,52bebecfb2a435d0e7ff2efea557c5799674ded6,cfc2572291a2676933b08b7466d1ea1e7e76bebb,docs/4.質問に合う根拠を探す/4.2.Query変換.md,APPROPRIATE_NORMATIVE,203d0c9612f75f8618c0ab0bd174c42395e72efd48fc2358b7be780b6c57d70b,SENT-1567,203d0c9612f75f8618c0ab0bd174c42395e72efd48fc2358b7be780b6c57d70b,b2ec908fc8315ae61ed32f0c4ada5dec1e3e458350ff1638fe6fc62ee9dbb3dd,APPLIED_VERIFIED,codex-wave4-applier,2026-08-16,Derived from the exact signed candidate and target sentence-evidence snapshot.
SENT-1404,52bebecfb2a435d0e7ff2efea557c5799674ded6,cfc2572291a2676933b08b7466d1ea1e7e76bebb,docs/4.質問に合う根拠を探す/4.2.Query変換.md,APPROPRIATE_NORMATIVE,51a75227b4a1ea820bc137c4d9f5f878db76d7eb67f15e500c16ba2182be485f,SENT-1589,51a75227b4a1ea820bc137c4d9f5f878db76d7eb67f15e500c16ba2182be485f,b2ec908fc8315ae61ed32f0c4ada5dec1e3e458350ff1638fe6fc62ee9dbb3dd,APPLIED_VERIFIED,codex-wave4-applier,2026-08-16,Derived from the exact signed candidate and target sentence-evidence snapshot.
SENT-1411,52bebecfb2a435d0e7ff2efea557c5799674ded6,cfc2572291a2676933b08b7466d1ea1e7e76bebb,docs/4.質問に合う根拠を探す/4.2.Query変換.md,REWRITE_REQUIRED,3f5523adcecc757d6dab5e3fcc3f295a779d48f74576822137aa80046b44f923,SENT-1596,04fb920baa17e6db3a4e7dac0c2ba91a22a0aa770c4e4e7f240d4d0bf7c9d23a,b2ec908fc8315ae61ed32f0c4ada5dec1e3e458350ff1638fe6fc62ee9dbb3dd,APPLIED_VERIFIED,codex-wave4-applier,2026-08-16,Derived from the exact signed candidate and target sentence-evidence snapshot.
SENT-1413,52bebecfb2a435d0e7ff2efea557c5799674ded6,cfc2572291a2676933b08b7466d1ea1e7e76bebb,docs/4.質問に合う根拠を探す/4.2.Query変換.md,REWRITE_REQUIRED,febfbd5e41f7ce738e534a9fbab5e8fb0a4f0a5d9824c868984dac3879bffa6e,SENT-1598,f061e08ada46514c494835dc24c63972080b37eff5ca4068f4f28b77ffe941b9,b2ec908fc8315ae61ed32f0c4ada5dec1e3e458350ff1638fe6fc62ee9dbb3dd,APPLIED_VERIFIED,codex-wave4-applier,2026-08-16,Derived from the exact signed candidate and target sentence-evidence snapshot.
SENT-1414,52bebecfb2a435d0e7ff2efea557c5799674ded6,cfc2572291a2676933b08b7466d1ea1e7e76bebb,docs/4.質問に合う根拠を探す/4.2.Query変換.md,APPROPRIATE_NORMATIVE,27f2538b22d14d8790bfc23bb32a9072d18bb1a094311ea34fec6b9d79ad674c,SENT-1599,27f2538b22d14d8790bfc23bb32a9072d18bb1a094311ea34fec6b9d79ad674c,b2ec908fc8315ae61ed32f0c4ada5dec1e3e458350ff1638fe6fc62ee9dbb3dd,APPLIED_VERIFIED,codex-wave4-applier,2026-08-16,Derived from the exact signed candidate and target sentence-evidence snapshot.
SENT-1419,52bebecfb2a435d0e7ff2efea557c5799674ded6,cfc2572291a2676933b08b7466d1ea1e7e76bebb,docs/4.質問に合う根拠を探す/4.2.Query変換.md,REWRITE_REQUIRED,f1771f2ce62e8b744fd77c05c9122cefb1521d82c364362329739c6063630273,SENT-1604,6dbc7e07e8410171b1099c6bc066481d929530f8c11ea1d94075778b91cffc2c,b2ec908fc8315ae61ed32f0c4ada5dec1e3e458350ff1638fe6fc62ee9dbb3dd,APPLIED_VERIFIED,codex-wave4-applier,2026-08-16,Derived from the exact signed candidate and target sentence-evidence snapshot.
SENT-1420,52bebecfb2a435d0e7ff2efea557c5799674ded6,cfc2572291a2676933b08b7466d1ea1e7e76bebb,docs/4.質問に合う根拠を探す/4.2.Query変換.md,REWRITE_REQUIRED,2b62b4eb739b10923fa487e404afafd1efc8424378cd73341c5e0576c450d311,SENT-1605,ec191d889dba8981a605808d382127c61609cc269f04e67be290cf08e47b3ab4,b2ec908fc8315ae61ed32f0c4ada5dec1e3e458350ff1638fe6fc62ee9dbb3dd,APPLIED_VERIFIED,codex-wave4-applier,2026-08-16,Derived from the exact signed candidate and target sentence-evidence snapshot.
SENT-1421,52bebecfb2a435d0e7ff2efea557c5799674ded6,cfc2572291a2676933b08b7466d1ea1e7e76bebb,docs/4.質問に合う根拠を探す/4.2.Query変換.md,APPROPRIATE_NORMATIVE,324e3d29e2d63aa49576eaee6b7fa7c789aa5c42ec68966056a4b792cc17fb22,SENT-1606,324e3d29e2d63aa49576eaee6b7fa7c789aa5c42ec68966056a4b792cc17fb22,b2ec908fc8315ae61ed32f0c4ada5dec1e3e458350ff1638fe6fc62ee9dbb3dd,APPLIED_VERIFIED,codex-wave4-applier,2026-08-16,Derived from the exact signed candidate and target sentence-evidence snapshot.
SENT-1431,52bebecfb2a435d0e7ff2efea557c5799674ded6,cfc2572291a2676933b08b7466d1ea1e7e76bebb,docs/4.質問に合う根拠を探す/4.2.Query変換.md,APPROPRIATE_NORMATIVE,3ec195fe0d21c910c86cb5af0aa1216b845baabaec87e3796a1a9678b25da345,SENT-1616,3ec195fe0d21c910c86cb5af0aa1216b845baabaec87e3796a1a9678b25da345,b2ec908fc8315ae61ed32f0c4ada5dec1e3e458350ff1638fe6fc62ee9dbb3dd,APPLIED_VERIFIED,codex-wave4-applier,2026-08-16,Derived from the exact signed candidate and target sentence-evidence snapshot.
SENT-1432,52bebecfb2a435d0e7ff2efea557c5799674ded6,cfc2572291a2676933b08b7466d1ea1e7e76bebb,docs/4.質問に合う根拠を探す/4.2.Query変換.md,APPROPRIATE_NORMATIVE,19301558c843d5ec7dc4cc1bee4e47ab17f63f882841b6b379a86e84ecf66867,SENT-1617,19301558c843d5ec7dc4cc1bee4e47ab17f63f882841b6b379a86e84ecf66867,b2ec908fc8315ae61ed32f0c4ada5dec1e3e458350ff1638fe6fc62ee9dbb3dd,APPLIED_VERIFIED,codex-wave4-applier,2026-08-16,Derived from the exact signed candidate and target sentence-evidence snapshot.
SENT-1449,52bebecfb2a435d0e7ff2efea557c5799674ded6,cfc2572291a2676933b08b7466d1ea1e7e76bebb,docs/4.質問に合う根拠を探す/4.2.Query変換.md,APPROPRIATE_NORMATIVE,6bf156e4ce816ec51bd24f405be7cc0dbc522d41ead3c4bf78bf378fb4191590,SENT-1634,6bf156e4ce816ec51bd24f405be7cc0dbc522d41ead3c4bf78bf378fb4191590,b2ec908fc8315ae61ed32f0c4ada5dec1e3e458350ff1638fe6fc62ee9dbb3dd,APPLIED_VERIFIED,codex-wave4-applier,2026-08-16,Derived from the exact signed candidate and target sentence-evidence snapshot.
SENT-1460,52bebecfb2a435d0e7ff2efea557c5799674ded6,cfc2572291a2676933b08b7466d1ea1e7e76bebb,docs/4.質問に合う根拠を探す/4.2.Query変換.md,APPROPRIATE_NORMATIVE,89156c68a7c5431287a52b3be31c5a1c5e1d2bd37254cdd933d4e9ed68167daf,SENT-1650,89156c68a7c5431287a52b3be31c5a1c5e1d2bd37254cdd933d4e9ed68167daf,b2ec908fc8315ae61ed32f0c4ada5dec1e3e458350ff1638fe6fc62ee9dbb3dd,APPLIED_VERIFIED,codex-wave4-applier,2026-08-16,Derived from the exact signed candidate and target sentence-evidence snapshot.
SENT-1465,52bebecfb2a435d0e7ff2efea557c5799674ded6,cfc2572291a2676933b08b7466d1ea1e7e76bebb,docs/4.質問に合う根拠を探す/4.3.Sparse retrieval.md,REWRITE_REQUIRED,615308186dda34d8dcabaf5aa16e2b84beafdfc0361241c3167f8187837d721e,SENT-1655,65c690354a610d7204dfc9f47dd0957ea0a3b01785cc372084bd5bd94b7a9eba,d826dd3ac1d18e5eeaf0b487d158f793e7bffe5269c942545c53f7b1f78b8252,APPLIED_VERIFIED,codex-wave4-applier,2026-08-16,Derived from the exact signed candidate and target sentence-evidence snapshot.
SENT-1467,52bebecfb2a435d0e7ff2efea557c5799674ded6,cfc2572291a2676933b08b7466d1ea1e7e76bebb,docs/4.質問に合う根拠を探す/4.3.Sparse retrieval.md,REWRITE_REQUIRED,30c8c6529e7a896a8388cb6b3d853a4a717b666f9c041c865c514dfcca58b534,SENT-1657,52ff3eafe806d80cafbb28a85a1b77d4320aff2d62b8e54b296073b15a894000,d826dd3ac1d18e5eeaf0b487d158f793e7bffe5269c942545c53f7b1f78b8252,APPLIED_VERIFIED,codex-wave4-applier,2026-08-16,Derived from the exact signed candidate and target sentence-evidence snapshot.
SENT-1470,52bebecfb2a435d0e7ff2efea557c5799674ded6,cfc2572291a2676933b08b7466d1ea1e7e76bebb,docs/4.質問に合う根拠を探す/4.3.Sparse retrieval.md,REWRITE_REQUIRED,b0f3b8a0ddfc136185799df6546550ec6e73f64a845be20cd17463e92670e2c2,SENT-1660,c6471885626f65fc5f4e33b151297281adcd49504a0f896c9008b9b43acde48d,d826dd3ac1d18e5eeaf0b487d158f793e7bffe5269c942545c53f7b1f78b8252,APPLIED_VERIFIED,codex-wave4-applier,2026-08-16,Derived from the exact signed candidate and target sentence-evidence snapshot.
SENT-1471,52bebecfb2a435d0e7ff2efea557c5799674ded6,cfc2572291a2676933b08b7466d1ea1e7e76bebb,docs/4.質問に合う根拠を探す/4.3.Sparse retrieval.md,APPROPRIATE_NORMATIVE,71c475869bdc9da617636144c06fb26cdf92a9954ab21af4a51085d899e55812,SENT-1661,71c475869bdc9da617636144c06fb26cdf92a9954ab21af4a51085d899e55812,d826dd3ac1d18e5eeaf0b487d158f793e7bffe5269c942545c53f7b1f78b8252,APPLIED_VERIFIED,codex-wave4-applier,2026-08-16,Derived from the exact signed candidate and target sentence-evidence snapshot.
SENT-1476,52bebecfb2a435d0e7ff2efea557c5799674ded6,cfc2572291a2676933b08b7466d1ea1e7e76bebb,docs/4.質問に合う根拠を探す/4.3.Sparse retrieval.md,REWRITE_REQUIRED,b9d7e0b69335b4c45759c5968c9ad3761cc1a4c3d5075b7bb29e5899325af7cb,SENT-1670,866c2b810b6bb15813e876371dd0cfc0985846af6b4a789d9eb5baab61bf9018,d826dd3ac1d18e5eeaf0b487d158f793e7bffe5269c942545c53f7b1f78b8252,APPLIED_VERIFIED,codex-wave4-applier,2026-08-16,Derived from the exact signed candidate and target sentence-evidence snapshot.
SENT-1478,52bebecfb2a435d0e7ff2efea557c5799674ded6,cfc2572291a2676933b08b7466d1ea1e7e76bebb,docs/4.質問に合う根拠を探す/4.3.Sparse retrieval.md,APPROPRIATE_NORMATIVE,f757369a55d06be0f8da804fecea5ccc2f5f17c8c1313d62146d60089ea62d2e,SENT-1672,f757369a55d06be0f8da804fecea5ccc2f5f17c8c1313d62146d60089ea62d2e,d826dd3ac1d18e5eeaf0b487d158f793e7bffe5269c942545c53f7b1f78b8252,APPLIED_VERIFIED,codex-wave4-applier,2026-08-16,Derived from the exact signed candidate and target sentence-evidence snapshot.
SENT-1492,52bebecfb2a435d0e7ff2efea557c5799674ded6,cfc2572291a2676933b08b7466d1ea1e7e76bebb,docs/4.質問に合う根拠を探す/4.3.Sparse retrieval.md,REWRITE_REQUIRED,a486357c6c7ecfb58b2cc1803af4c8fbf258318fdd8d217d44a904f2a308e29a,SENT-1686,f59d1b2775eb1cc136030ef4ab24913ba8fcfc92ba3550c803eea47f25e9533a,d826dd3ac1d18e5eeaf0b487d158f793e7bffe5269c942545c53f7b1f78b8252,APPLIED_VERIFIED,codex-wave4-applier,2026-08-16,Derived from the exact signed candidate and target sentence-evidence snapshot.
SENT-1493,52bebecfb2a435d0e7ff2efea557c5799674ded6,cfc2572291a2676933b08b7466d1ea1e7e76bebb,docs/4.質問に合う根拠を探す/4.3.Sparse retrieval.md,APPROPRIATE_NORMATIVE,501a575b34236a2603d5c11da9d53413715db09b1c39b4ee3d4ea08e937e451e,SENT-1687,501a575b34236a2603d5c11da9d53413715db09b1c39b4ee3d4ea08e937e451e,d826dd3ac1d18e5eeaf0b487d158f793e7bffe5269c942545c53f7b1f78b8252,APPLIED_VERIFIED,codex-wave4-applier,2026-08-16,Derived from the exact signed candidate and target sentence-evidence snapshot.
SENT-1499,52bebecfb2a435d0e7ff2efea557c5799674ded6,cfc2572291a2676933b08b7466d1ea1e7e76bebb,docs/4.質問に合う根拠を探す/4.3.Sparse retrieval.md,REWRITE_REQUIRED,0e5d59c15871671a7ac1a5736332c9537239149d4df131e064d02272986a8ad4,SENT-1693,ee49e13b97e92120fa757630fb986ddd80115caf75679a7c0b9133c16fe4a735,d826dd3ac1d18e5eeaf0b487d158f793e7bffe5269c942545c53f7b1f78b8252,APPLIED_VERIFIED,codex-wave4-applier,2026-08-16,Derived from the exact signed candidate and target sentence-evidence snapshot.
SENT-1500,52bebecfb2a435d0e7ff2efea557c5799674ded6,cfc2572291a2676933b08b7466d1ea1e7e76bebb,docs/4.質問に合う根拠を探す/4.3.Sparse retrieval.md,REWRITE_REQUIRED,4b5559cafda8b29aec0c843d4b94623735b1955858a99a95d93b015a63325762,SENT-1694,81afdff1b2db1879702c4d7377a3998615de2ccbf4ec1f0757ff0f6bcbb96540,d826dd3ac1d18e5eeaf0b487d158f793e7bffe5269c942545c53f7b1f78b8252,APPLIED_VERIFIED,codex-wave4-applier,2026-08-16,Derived from the exact signed candidate and target sentence-evidence snapshot.
SENT-1530,52bebecfb2a435d0e7ff2efea557c5799674ded6,cfc2572291a2676933b08b7466d1ea1e7e76bebb,docs/4.質問に合う根拠を探す/4.3.Sparse retrieval.md,REWRITE_REQUIRED,41ec4790e346ac52fbfb3d8b9fb269992c1ba6deffb9b386e63d334527efceb4,SENT-1737,e6a7dc25d313068edf537f300ec47161d7d9d71b22634fa1abe95d1bf1af3900,d826dd3ac1d18e5eeaf0b487d158f793e7bffe5269c942545c53f7b1f78b8252,APPLIED_VERIFIED,codex-wave4-applier,2026-08-16,Derived from the exact signed candidate and target sentence-evidence snapshot.
SENT-1534,52bebecfb2a435d0e7ff2efea557c5799674ded6,cfc2572291a2676933b08b7466d1ea1e7e76bebb,docs/4.質問に合う根拠を探す/4.3.Sparse retrieval.md,APPROPRIATE_NORMATIVE,21d3ff812c2c307ff1e60fdb3dfe25d5ab18968db1c93298239f7d1665dfc38c,SENT-1741,21d3ff812c2c307ff1e60fdb3dfe25d5ab18968db1c93298239f7d1665dfc38c,d826dd3ac1d18e5eeaf0b487d158f793e7bffe5269c942545c53f7b1f78b8252,APPLIED_VERIFIED,codex-wave4-applier,2026-08-16,Derived from the exact signed candidate and target sentence-evidence snapshot.
SENT-1536,52bebecfb2a435d0e7ff2efea557c5799674ded6,cfc2572291a2676933b08b7466d1ea1e7e76bebb,docs/4.質問に合う根拠を探す/4.3.Sparse retrieval.md,REWRITE_REQUIRED,a640a7dfe99b0a884882e525aa3ca0df39767d575c4ca7c25de8dcdf6abc4951,SENT-1743,51eba23ae073887a7f5ea4f7ab1c6a6ca42e5dab0222498ff0d5c2deae5aeac7,d826dd3ac1d18e5eeaf0b487d158f793e7bffe5269c942545c53f7b1f78b8252,APPLIED_VERIFIED,codex-wave4-applier,2026-08-16,Derived from the exact signed candidate and target sentence-evidence snapshot.
SENT-1537,52bebecfb2a435d0e7ff2efea557c5799674ded6,cfc2572291a2676933b08b7466d1ea1e7e76bebb,docs/4.質問に合う根拠を探す/4.3.Sparse retrieval.md,REWRITE_REQUIRED,02b1bfa514ff092cff7000b4935ec05676770712b49bf3528b3ae765cb57f423,SENT-1744,fd9946a99be2644f0931d850d81dd88652a7eb6623db7102e23aaba6760a45b4,d826dd3ac1d18e5eeaf0b487d158f793e7bffe5269c942545c53f7b1f78b8252,APPLIED_VERIFIED,codex-wave4-applier,2026-08-16,Derived from the exact signed candidate and target sentence-evidence snapshot.
SENT-1540,52bebecfb2a435d0e7ff2efea557c5799674ded6,cfc2572291a2676933b08b7466d1ea1e7e76bebb,docs/4.質問に合う根拠を探す/4.3.Sparse retrieval.md,REWRITE_REQUIRED,8a6439f33a2fc28dc0853601bcf84e56d0509a8df89ec81ed84cb68ba95ceb55,SENT-1747,af8b56256aecf7e798a553be3a9fc7407aa15364abb00372821867485819926f,d826dd3ac1d18e5eeaf0b487d158f793e7bffe5269c942545c53f7b1f78b8252,APPLIED_VERIFIED,codex-wave4-applier,2026-08-16,Derived from the exact signed candidate and target sentence-evidence snapshot.
SENT-1542,52bebecfb2a435d0e7ff2efea557c5799674ded6,cfc2572291a2676933b08b7466d1ea1e7e76bebb,docs/4.質問に合う根拠を探す/4.3.Sparse retrieval.md,REWRITE_REQUIRED,1a7d51e959aacc8af2fdbc7c62dc73aacd41abec0670bbecb09e951ff9665674,SENT-1749,a532a4e5e3b87b601f15c6ae967d5ec1882def94c4c2c7895346083ff19490b3,d826dd3ac1d18e5eeaf0b487d158f793e7bffe5269c942545c53f7b1f78b8252,APPLIED_VERIFIED,codex-wave4-applier,2026-08-16,Derived from the exact signed candidate and target sentence-evidence snapshot.
SENT-1545,52bebecfb2a435d0e7ff2efea557c5799674ded6,cfc2572291a2676933b08b7466d1ea1e7e76bebb,docs/4.質問に合う根拠を探す/4.3.Sparse retrieval.md,APPROPRIATE_NORMATIVE,a384500ff3f4402886bf7b8681e202e380ba5c59744b450e4d1650dff5b81cfd,SENT-1752,a384500ff3f4402886bf7b8681e202e380ba5c59744b450e4d1650dff5b81cfd,d826dd3ac1d18e5eeaf0b487d158f793e7bffe5269c942545c53f7b1f78b8252,APPLIED_VERIFIED,codex-wave4-applier,2026-08-16,Derived from the exact signed candidate and target sentence-evidence snapshot.
SENT-1549,52bebecfb2a435d0e7ff2efea557c5799674ded6,cfc2572291a2676933b08b7466d1ea1e7e76bebb,docs/4.質問に合う根拠を探す/4.4.Dense retrieval.md,APPROPRIATE_NORMATIVE,de813d6e24d05a5689525ba299b752e7836050f91839a22b203aff821a486345,SENT-1756,de813d6e24d05a5689525ba299b752e7836050f91839a22b203aff821a486345,5dc5e29872d6c8ab7fcb8a2ce1ecbaa32f2b62eece6d64e150811c220dfad473,APPLIED_VERIFIED,codex-wave4-applier,2026-08-16,Derived from the exact signed candidate and target sentence-evidence snapshot.
SENT-1554,52bebecfb2a435d0e7ff2efea557c5799674ded6,cfc2572291a2676933b08b7466d1ea1e7e76bebb,docs/4.質問に合う根拠を探す/4.4.Dense retrieval.md,APPROPRIATE_NORMATIVE,2eb307ef4f4e7eca93341f2e3c9c9dd2316acbaaffbbc1bf2a8f2b62b9a4cc0a,SENT-1761,2eb307ef4f4e7eca93341f2e3c9c9dd2316acbaaffbbc1bf2a8f2b62b9a4cc0a,5dc5e29872d6c8ab7fcb8a2ce1ecbaa32f2b62eece6d64e150811c220dfad473,APPLIED_VERIFIED,codex-wave4-applier,2026-08-16,Derived from the exact signed candidate and target sentence-evidence snapshot.
SENT-1555,52bebecfb2a435d0e7ff2efea557c5799674ded6,cfc2572291a2676933b08b7466d1ea1e7e76bebb,docs/4.質問に合う根拠を探す/4.4.Dense retrieval.md,APPROPRIATE_NORMATIVE,9d2265c04a8699c5640233bd43e8b403da88ac3482bc4bd634f8fba862ab9265,SENT-1762,9d2265c04a8699c5640233bd43e8b403da88ac3482bc4bd634f8fba862ab9265,5dc5e29872d6c8ab7fcb8a2ce1ecbaa32f2b62eece6d64e150811c220dfad473,APPLIED_VERIFIED,codex-wave4-applier,2026-08-16,Derived from the exact signed candidate and target sentence-evidence snapshot.
SENT-1556,52bebecfb2a435d0e7ff2efea557c5799674ded6,cfc2572291a2676933b08b7466d1ea1e7e76bebb,docs/4.質問に合う根拠を探す/4.4.Dense retrieval.md,REWRITE_REQUIRED,caf28217b484431d134891f748fc3dd526791101459686132f7fb402b0bcf20e,SENT-1763,aa35affab885826322069c446c55e394de7279dde9a1fdea6403587db9a4bd59,5dc5e29872d6c8ab7fcb8a2ce1ecbaa32f2b62eece6d64e150811c220dfad473,APPLIED_VERIFIED,codex-wave4-applier,2026-08-16,Derived from the exact signed candidate and target sentence-evidence snapshot.
SENT-1561,52bebecfb2a435d0e7ff2efea557c5799674ded6,cfc2572291a2676933b08b7466d1ea1e7e76bebb,docs/4.質問に合う根拠を探す/4.4.Dense retrieval.md,REWRITE_REQUIRED,1781c9399a8610e2844409d022626143e870ab49c4091f8e3248b3999185cfff,SENT-1768,3fc842fc0380e86c9d95e9527a1fe06943fae924fd518aaf8e265cb0ca6ba923,5dc5e29872d6c8ab7fcb8a2ce1ecbaa32f2b62eece6d64e150811c220dfad473,APPLIED_VERIFIED,codex-wave4-applier,2026-08-16,Derived from the exact signed candidate and target sentence-evidence snapshot.
SENT-1563,52bebecfb2a435d0e7ff2efea557c5799674ded6,cfc2572291a2676933b08b7466d1ea1e7e76bebb,docs/4.質問に合う根拠を探す/4.4.Dense retrieval.md,REWRITE_REQUIRED,77e3d92bb5d2cd450fb0557622bfd33705aa8e5a2db8b3fe92ba437b423f81fc,SENT-1770,70d8853cc9bc68e689dd37256da2e2dda92ff8f198673decbbd87e44bdd76347,5dc5e29872d6c8ab7fcb8a2ce1ecbaa32f2b62eece6d64e150811c220dfad473,APPLIED_VERIFIED,codex-wave4-applier,2026-08-16,Derived from the exact signed candidate and target sentence-evidence snapshot.
SENT-1564,52bebecfb2a435d0e7ff2efea557c5799674ded6,cfc2572291a2676933b08b7466d1ea1e7e76bebb,docs/4.質問に合う根拠を探す/4.4.Dense retrieval.md,APPROPRIATE_NORMATIVE,6762b31909879ab1e261d2f97feed2846a42fb5b7f72622916482d0ca9f5dbaa,SENT-1771,2df5e4d00e31acd87efc1bf05503ee2280f4ab62f783a89f813797369f2823c3,5dc5e29872d6c8ab7fcb8a2ce1ecbaa32f2b62eece6d64e150811c220dfad473,APPLIED_VERIFIED,codex-wave4-applier,2026-08-16,Derived from the exact signed candidate and target sentence-evidence snapshot.
SENT-1567,52bebecfb2a435d0e7ff2efea557c5799674ded6,cfc2572291a2676933b08b7466d1ea1e7e76bebb,docs/4.質問に合う根拠を探す/4.4.Dense retrieval.md,REWRITE_REQUIRED,4c4afb791b6b15c345c735897622859daf4550061a77337d8777878505ec0fd7,SENT-1774,1b56bb0efa05ff4cfa9a18c07fa6ec3d5849a011e80cc75e149a6d468f4897d2,5dc5e29872d6c8ab7fcb8a2ce1ecbaa32f2b62eece6d64e150811c220dfad473,APPLIED_VERIFIED,codex-wave4-applier,2026-08-16,Derived from the exact signed candidate and target sentence-evidence snapshot.
SENT-1575,52bebecfb2a435d0e7ff2efea557c5799674ded6,cfc2572291a2676933b08b7466d1ea1e7e76bebb,docs/4.質問に合う根拠を探す/4.4.Dense retrieval.md,REWRITE_REQUIRED,847aae0f996be8d6cca33c0d13aeb277212cdc144a64a35386d784e6f1488ff0,SENT-1782,b93b3cfed3df8efad0e708f18a1c7dc4a72080397915815d51b2d07d9f06e93b,5dc5e29872d6c8ab7fcb8a2ce1ecbaa32f2b62eece6d64e150811c220dfad473,APPLIED_VERIFIED,codex-wave4-applier,2026-08-16,Derived from the exact signed candidate and target sentence-evidence snapshot.
SENT-1583,52bebecfb2a435d0e7ff2efea557c5799674ded6,cfc2572291a2676933b08b7466d1ea1e7e76bebb,docs/4.質問に合う根拠を探す/4.4.Dense retrieval.md,REWRITE_REQUIRED,81df4ae6ac77be5aeabd5c5a1d84c084425bf0845aec0803bcacfbd3ae240198,SENT-1790,a7243c223dd0761b6d0c2bf5011bd2a1a9dcf8e011ee352e42bebdeaf65ce657,5dc5e29872d6c8ab7fcb8a2ce1ecbaa32f2b62eece6d64e150811c220dfad473,APPLIED_VERIFIED,codex-wave4-applier,2026-08-16,Derived from the exact signed candidate and target sentence-evidence snapshot.
SENT-1585,52bebecfb2a435d0e7ff2efea557c5799674ded6,cfc2572291a2676933b08b7466d1ea1e7e76bebb,docs/4.質問に合う根拠を探す/4.4.Dense retrieval.md,REWRITE_REQUIRED,30d9275e3c7deafaa2b7ef49593f23db511d89c7dc32a311aea40ba28b809df2,SENT-1792,b8b6c1e5e84d226b11a7a76021043dabc7ee6bde6b1657e83a76450b4056a836,5dc5e29872d6c8ab7fcb8a2ce1ecbaa32f2b62eece6d64e150811c220dfad473,APPLIED_VERIFIED,codex-wave4-applier,2026-08-16,Derived from the exact signed candidate and target sentence-evidence snapshot.
SENT-1588,52bebecfb2a435d0e7ff2efea557c5799674ded6,cfc2572291a2676933b08b7466d1ea1e7e76bebb,docs/4.質問に合う根拠を探す/4.4.Dense retrieval.md,APPROPRIATE_NORMATIVE,e068663ea365b6dcb210635f7126fbf423c1463cba0cd29d4824684ddbec9f1b,SENT-1795,e068663ea365b6dcb210635f7126fbf423c1463cba0cd29d4824684ddbec9f1b,5dc5e29872d6c8ab7fcb8a2ce1ecbaa32f2b62eece6d64e150811c220dfad473,APPLIED_VERIFIED,codex-wave4-applier,2026-08-16,Derived from the exact signed candidate and target sentence-evidence snapshot.
SENT-1590,52bebecfb2a435d0e7ff2efea557c5799674ded6,cfc2572291a2676933b08b7466d1ea1e7e76bebb,docs/4.質問に合う根拠を探す/4.4.Dense retrieval.md,REWRITE_REQUIRED,a2a1d401ced5a8fa91d37c592f683a5734d0036240a54430d72188f33f455ccb,SENT-1797,fa766704c05f6053eb11beedbe6db7e72196c4dafec78340d78371109a065ec4,5dc5e29872d6c8ab7fcb8a2ce1ecbaa32f2b62eece6d64e150811c220dfad473,APPLIED_VERIFIED,codex-wave4-applier,2026-08-16,Derived from the exact signed candidate and target sentence-evidence snapshot.
SENT-1591,52bebecfb2a435d0e7ff2efea557c5799674ded6,cfc2572291a2676933b08b7466d1ea1e7e76bebb,docs/4.質問に合う根拠を探す/4.4.Dense retrieval.md,APPROPRIATE_NORMATIVE,6de23ca268df4dd6526918bea2f75f40795777e8b01ffb07e3c5d51822692d1e,SENT-1798,6de23ca268df4dd6526918bea2f75f40795777e8b01ffb07e3c5d51822692d1e,5dc5e29872d6c8ab7fcb8a2ce1ecbaa32f2b62eece6d64e150811c220dfad473,APPLIED_VERIFIED,codex-wave4-applier,2026-08-16,Derived from the exact signed candidate and target sentence-evidence snapshot.
SENT-1604,52bebecfb2a435d0e7ff2efea557c5799674ded6,cfc2572291a2676933b08b7466d1ea1e7e76bebb,docs/4.質問に合う根拠を探す/4.4.Dense retrieval.md,REWRITE_REQUIRED,92793b171b7306281576049dd68e4a2759822b9b560dcbf6ac6d02ca2972689b,SENT-1821,0ea8562cebffced51a5b0fa0f01eb03c7cad979eb36d3c370e517961c59df25e,5dc5e29872d6c8ab7fcb8a2ce1ecbaa32f2b62eece6d64e150811c220dfad473,APPLIED_VERIFIED,codex-wave4-applier,2026-08-16,Derived from the exact signed candidate and target sentence-evidence snapshot.
SENT-1605,52bebecfb2a435d0e7ff2efea557c5799674ded6,cfc2572291a2676933b08b7466d1ea1e7e76bebb,docs/4.質問に合う根拠を探す/4.4.Dense retrieval.md,REWRITE_REQUIRED,caa2152b34fdd32cd5d252aa9259589b37dfa570740b01e1a12c06ffa3674add,SENT-1822,d5377122d48fd9f170497883ace1aa9c0d6c42886c77907a02f0ea0cf212d931,5dc5e29872d6c8ab7fcb8a2ce1ecbaa32f2b62eece6d64e150811c220dfad473,APPLIED_VERIFIED,codex-wave4-applier,2026-08-16,Derived from the exact signed candidate and target sentence-evidence snapshot.
SENT-1613,52bebecfb2a435d0e7ff2efea557c5799674ded6,cfc2572291a2676933b08b7466d1ea1e7e76bebb,docs/4.質問に合う根拠を探す/4.4.Dense retrieval.md,APPROPRIATE_NORMATIVE,cb51e4afb5b3033938f8143ea9210110943f7831cd93499d3a37c34f61a5ab98,SENT-1830,cb51e4afb5b3033938f8143ea9210110943f7831cd93499d3a37c34f61a5ab98,5dc5e29872d6c8ab7fcb8a2ce1ecbaa32f2b62eece6d64e150811c220dfad473,APPLIED_VERIFIED,codex-wave4-applier,2026-08-16,Derived from the exact signed candidate and target sentence-evidence snapshot.
SENT-1615,52bebecfb2a435d0e7ff2efea557c5799674ded6,cfc2572291a2676933b08b7466d1ea1e7e76bebb,docs/4.質問に合う根拠を探す/4.4.Dense retrieval.md,APPROPRIATE_NORMATIVE,c4a65e3222a0b9e2bcad4a615185cda33d0ed8bc1f2d721d15746dba5b882370,SENT-1832,c4a65e3222a0b9e2bcad4a615185cda33d0ed8bc1f2d721d15746dba5b882370,5dc5e29872d6c8ab7fcb8a2ce1ecbaa32f2b62eece6d64e150811c220dfad473,APPLIED_VERIFIED,codex-wave4-applier,2026-08-16,Derived from the exact signed candidate and target sentence-evidence snapshot.
SENT-1617,52bebecfb2a435d0e7ff2efea557c5799674ded6,cfc2572291a2676933b08b7466d1ea1e7e76bebb,docs/4.質問に合う根拠を探す/4.4.Dense retrieval.md,APPROPRIATE_NORMATIVE,12b2fd61e03b9e4c8af45b0cf75795f330fc645dc418e1baf288fd08c4781ef4,SENT-1834,12b2fd61e03b9e4c8af45b0cf75795f330fc645dc418e1baf288fd08c4781ef4,5dc5e29872d6c8ab7fcb8a2ce1ecbaa32f2b62eece6d64e150811c220dfad473,APPLIED_VERIFIED,codex-wave4-applier,2026-08-16,Derived from the exact signed candidate and target sentence-evidence snapshot.
SENT-1619,52bebecfb2a435d0e7ff2efea557c5799674ded6,cfc2572291a2676933b08b7466d1ea1e7e76bebb,docs/4.質問に合う根拠を探す/4.4.Dense retrieval.md,REWRITE_REQUIRED,6af0de26ef3dff9a1526e570d305bb69b3ff147ade9156b304338e78b5af90ce,SENT-1836,1cf84bdf1a67ceb7792f025d0bc8505673ff05c1bae0fd3e065bedf4c1a8b3ef,5dc5e29872d6c8ab7fcb8a2ce1ecbaa32f2b62eece6d64e150811c220dfad473,APPLIED_VERIFIED,codex-wave4-applier,2026-08-16,Derived from the exact signed candidate and target sentence-evidence snapshot.
SENT-1625,52bebecfb2a435d0e7ff2efea557c5799674ded6,cfc2572291a2676933b08b7466d1ea1e7e76bebb,docs/4.質問に合う根拠を探す/4.4.Dense retrieval.md,APPROPRIATE_NORMATIVE,3ba8f755ba3056d4e6d74da737ade12f18c1257bbfac963eb9333618c3bdd6e6,SENT-1842,3ba8f755ba3056d4e6d74da737ade12f18c1257bbfac963eb9333618c3bdd6e6,5dc5e29872d6c8ab7fcb8a2ce1ecbaa32f2b62eece6d64e150811c220dfad473,APPLIED_VERIFIED,codex-wave4-applier,2026-08-16,Derived from the exact signed candidate and target sentence-evidence snapshot.
SENT-1626,52bebecfb2a435d0e7ff2efea557c5799674ded6,cfc2572291a2676933b08b7466d1ea1e7e76bebb,docs/4.質問に合う根拠を探す/4.4.Dense retrieval.md,REWRITE_REQUIRED,fa1325e3aa22014bffdb915bf6ca1c8182330cd4082ee408ed7a2ae3a96bcf88,SENT-1843,75e198df63679d65a1067a7fb52ce892f00be1e28f4b0829b88bc658f5785826,5dc5e29872d6c8ab7fcb8a2ce1ecbaa32f2b62eece6d64e150811c220dfad473,APPLIED_VERIFIED,codex-wave4-applier,2026-08-16,Derived from the exact signed candidate and target sentence-evidence snapshot.
SENT-1627,52bebecfb2a435d0e7ff2efea557c5799674ded6,cfc2572291a2676933b08b7466d1ea1e7e76bebb,docs/4.質問に合う根拠を探す/4.4.Dense retrieval.md,REWRITE_REQUIRED,64c0247bcd0c0a99f416a51336f07e6aaa82eea5a1237b16031e940dfb146309,SENT-1844,381c0fe223e541a9137377d060312b0a3ce7a6d90615765c25600c8913f586ee,5dc5e29872d6c8ab7fcb8a2ce1ecbaa32f2b62eece6d64e150811c220dfad473,APPLIED_VERIFIED,codex-wave4-applier,2026-08-16,Derived from the exact signed candidate and target sentence-evidence snapshot.
SENT-1632,52bebecfb2a435d0e7ff2efea557c5799674ded6,cfc2572291a2676933b08b7466d1ea1e7e76bebb,docs/4.質問に合う根拠を探す/4.4.Dense retrieval.md,APPROPRIATE_NORMATIVE,2e1fdabe3f1a9b959172cfc4760f5fbacceb990912178e4d5d7cfeea1e8fc536,SENT-1849,2e1fdabe3f1a9b959172cfc4760f5fbacceb990912178e4d5d7cfeea1e8fc536,5dc5e29872d6c8ab7fcb8a2ce1ecbaa32f2b62eece6d64e150811c220dfad473,APPLIED_VERIFIED,codex-wave4-applier,2026-08-16,Derived from the exact signed candidate and target sentence-evidence snapshot.
SENT-1640,52bebecfb2a435d0e7ff2efea557c5799674ded6,cfc2572291a2676933b08b7466d1ea1e7e76bebb,docs/4.質問に合う根拠を探す/4.5.Hybrid retrieval.md,REWRITE_REQUIRED,69370ec1eab51ae235a6051682955c5042791909fae402009631e09b5236f5c0,SENT-1857,43bb20028a9df6b6929e6d6aa373392a38e5612ad681f2f9bdd0ba17f73b2837,eb2d1daa6b39d975e6fedebea3f52fb1a3d30e1a39f9f85d5fa736a535adc4de,APPLIED_VERIFIED,codex-wave4-applier,2026-08-16,Derived from the exact signed candidate and target sentence-evidence snapshot.
SENT-1643,52bebecfb2a435d0e7ff2efea557c5799674ded6,cfc2572291a2676933b08b7466d1ea1e7e76bebb,docs/4.質問に合う根拠を探す/4.5.Hybrid retrieval.md,REWRITE_REQUIRED,3b4828a8c60458db64a8f06d4dbe56862f055e87b332c9907851274fb8ea437e,SENT-1860,8d24dca06d2cb354dfb7a8f0fc664f3026a343114995695dc5e39511b0f3d4f5,eb2d1daa6b39d975e6fedebea3f52fb1a3d30e1a39f9f85d5fa736a535adc4de,APPLIED_VERIFIED,codex-wave4-applier,2026-08-16,Derived from the exact signed candidate and target sentence-evidence snapshot.
SENT-1646,52bebecfb2a435d0e7ff2efea557c5799674ded6,cfc2572291a2676933b08b7466d1ea1e7e76bebb,docs/4.質問に合う根拠を探す/4.5.Hybrid retrieval.md,REWRITE_REQUIRED,c52eacbdc8a9b117091f846ca6e4f319e0178b26577a17d1ac2dcabb219fb33d,SENT-1863,e156f9ae547ab6e3d776b0a0c3786be61592a8e7f7d51591db1904cec6299622,eb2d1daa6b39d975e6fedebea3f52fb1a3d30e1a39f9f85d5fa736a535adc4de,APPLIED_VERIFIED,codex-wave4-applier,2026-08-16,Derived from the exact signed candidate and target sentence-evidence snapshot.
SENT-1647,52bebecfb2a435d0e7ff2efea557c5799674ded6,cfc2572291a2676933b08b7466d1ea1e7e76bebb,docs/4.質問に合う根拠を探す/4.5.Hybrid retrieval.md,REWRITE_REQUIRED,390a6d5982f8edb2c4d335c8c763a5d9d596f1c13e9a9e94c79021ecae6f7ef0,SENT-1864;SENT-1865,f032da2c9e25dd7c9e09acf59fedc6c87222e0c565b2020b092d4875f9c514b2,eb2d1daa6b39d975e6fedebea3f52fb1a3d30e1a39f9f85d5fa736a535adc4de,APPLIED_VERIFIED,codex-wave4-applier,2026-08-16,Derived from the exact signed candidate and target sentence-evidence snapshot.
SENT-1649,52bebecfb2a435d0e7ff2efea557c5799674ded6,cfc2572291a2676933b08b7466d1ea1e7e76bebb,docs/4.質問に合う根拠を探す/4.5.Hybrid retrieval.md,REWRITE_REQUIRED,4215264d4f978bb9856ffb8d7f8243ea806ddc0a57225b597a9a3145c358ec1f,SENT-1867,61bac9bc7733ee3e713e9ed338a8d218d473536105d61064b2ea1d2acdea9d10,eb2d1daa6b39d975e6fedebea3f52fb1a3d30e1a39f9f85d5fa736a535adc4de,APPLIED_VERIFIED,codex-wave4-applier,2026-08-16,Derived from the exact signed candidate and target sentence-evidence snapshot.
SENT-1650,52bebecfb2a435d0e7ff2efea557c5799674ded6,cfc2572291a2676933b08b7466d1ea1e7e76bebb,docs/4.質問に合う根拠を探す/4.5.Hybrid retrieval.md,APPROPRIATE_NORMATIVE,05bd0b8b972d7c869633dd3994322a7111383c39009150426015db7cb2aed791,SENT-1868,05bd0b8b972d7c869633dd3994322a7111383c39009150426015db7cb2aed791,eb2d1daa6b39d975e6fedebea3f52fb1a3d30e1a39f9f85d5fa736a535adc4de,APPLIED_VERIFIED,codex-wave4-applier,2026-08-16,Derived from the exact signed candidate and target sentence-evidence snapshot.
SENT-1651,52bebecfb2a435d0e7ff2efea557c5799674ded6,cfc2572291a2676933b08b7466d1ea1e7e76bebb,docs/4.質問に合う根拠を探す/4.5.Hybrid retrieval.md,REWRITE_REQUIRED,42a48b878d08059afc956fa208f8dcd227c02236142a0e96510582bdef5421ca,SENT-1869,dcdcd5dda4170ea772c9fa5e7fa7d157902c788e9be365b8c06fd6f09860e774,eb2d1daa6b39d975e6fedebea3f52fb1a3d30e1a39f9f85d5fa736a535adc4de,APPLIED_VERIFIED,codex-wave4-applier,2026-08-16,Derived from the exact signed candidate and target sentence-evidence snapshot.
SENT-1655,52bebecfb2a435d0e7ff2efea557c5799674ded6,cfc2572291a2676933b08b7466d1ea1e7e76bebb,docs/4.質問に合う根拠を探す/4.5.Hybrid retrieval.md,APPROPRIATE_NORMATIVE,768dc560f8ea051343c915267312dd2c4eb83ede622d46ab1c7d2af0dea2eeb4,SENT-1873,768dc560f8ea051343c915267312dd2c4eb83ede622d46ab1c7d2af0dea2eeb4,eb2d1daa6b39d975e6fedebea3f52fb1a3d30e1a39f9f85d5fa736a535adc4de,APPLIED_VERIFIED,codex-wave4-applier,2026-08-16,Derived from the exact signed candidate and target sentence-evidence snapshot.
SENT-1668,52bebecfb2a435d0e7ff2efea557c5799674ded6,cfc2572291a2676933b08b7466d1ea1e7e76bebb,docs/4.質問に合う根拠を探す/4.5.Hybrid retrieval.md,REWRITE_REQUIRED,2fdef108f7824f2b160a8fe0da9674d952c04025aee1b8739583a42db6adf9b4,SENT-1886,c01500ef41cc6babb2fddc331adf21e95ffa8574b196b3604b832ab2ee660266,eb2d1daa6b39d975e6fedebea3f52fb1a3d30e1a39f9f85d5fa736a535adc4de,APPLIED_VERIFIED,codex-wave4-applier,2026-08-16,Derived from the exact signed candidate and target sentence-evidence snapshot.
SENT-1669,52bebecfb2a435d0e7ff2efea557c5799674ded6,cfc2572291a2676933b08b7466d1ea1e7e76bebb,docs/4.質問に合う根拠を探す/4.5.Hybrid retrieval.md,APPROPRIATE_NORMATIVE,e26bbb8b717168d1611e8e42ee9499057cf764290dca28f3420d8d21319adad9,SENT-1887,e26bbb8b717168d1611e8e42ee9499057cf764290dca28f3420d8d21319adad9,eb2d1daa6b39d975e6fedebea3f52fb1a3d30e1a39f9f85d5fa736a535adc4de,APPLIED_VERIFIED,codex-wave4-applier,2026-08-16,Derived from the exact signed candidate and target sentence-evidence snapshot.
SENT-1671,52bebecfb2a435d0e7ff2efea557c5799674ded6,cfc2572291a2676933b08b7466d1ea1e7e76bebb,docs/4.質問に合う根拠を探す/4.5.Hybrid retrieval.md,REWRITE_REQUIRED,a7d0ec06e695bd6f4aa1668db1c2b4b97aebac96947d71cc5dcccad9ad1729a9,SENT-1889,7abea5b0b8b088b6d2edcd1513091c22225e094f9808d71131545391b4499375,eb2d1daa6b39d975e6fedebea3f52fb1a3d30e1a39f9f85d5fa736a535adc4de,APPLIED_VERIFIED,codex-wave4-applier,2026-08-16,Derived from the exact signed candidate and target sentence-evidence snapshot.
SENT-1676,52bebecfb2a435d0e7ff2efea557c5799674ded6,cfc2572291a2676933b08b7466d1ea1e7e76bebb,docs/4.質問に合う根拠を探す/4.5.Hybrid retrieval.md,REWRITE_REQUIRED,f323fc98cae327b5a58a5c91ca10a1688d3ff43d0a6e5b5f235a7b75c8103528,SENT-1894,f333886fd5214017fd7637746878ec5c50b74bdbcf738967d8b761ec08aa9662,eb2d1daa6b39d975e6fedebea3f52fb1a3d30e1a39f9f85d5fa736a535adc4de,APPLIED_VERIFIED,codex-wave4-applier,2026-08-16,Derived from the exact signed candidate and target sentence-evidence snapshot.
SENT-1678,52bebecfb2a435d0e7ff2efea557c5799674ded6,cfc2572291a2676933b08b7466d1ea1e7e76bebb,docs/4.質問に合う根拠を探す/4.5.Hybrid retrieval.md,REWRITE_REQUIRED,a1763b05dcdfe28dc369027bec929ac06f578f110e7c827b252f3ec8ac70aa56,SENT-1896,371dc2bb150e18d10e70099aa8ddb7e22d2e66dc2ca7e0bc62396eae51dd5682,eb2d1daa6b39d975e6fedebea3f52fb1a3d30e1a39f9f85d5fa736a535adc4de,APPLIED_VERIFIED,codex-wave4-applier,2026-08-16,Derived from the exact signed candidate and target sentence-evidence snapshot.
SENT-1679,52bebecfb2a435d0e7ff2efea557c5799674ded6,cfc2572291a2676933b08b7466d1ea1e7e76bebb,docs/4.質問に合う根拠を探す/4.5.Hybrid retrieval.md,REWRITE_REQUIRED,da205c464d357dfa07c01ecdafe33478369c3b38cd3eb57a5510c61b7a0e102a,SENT-1897,64721be4a2d6694c8a122c4e6bc27b911f78a300f9d4548fffd92b206a339ce3,eb2d1daa6b39d975e6fedebea3f52fb1a3d30e1a39f9f85d5fa736a535adc4de,APPLIED_VERIFIED,codex-wave4-applier,2026-08-16,Derived from the exact signed candidate and target sentence-evidence snapshot.
SENT-1680,52bebecfb2a435d0e7ff2efea557c5799674ded6,cfc2572291a2676933b08b7466d1ea1e7e76bebb,docs/4.質問に合う根拠を探す/4.5.Hybrid retrieval.md,REWRITE_REQUIRED,2810a0e35e96a0e6bc4ad908c5fa5606a492f980e325a8e1236061ecc7c87fc0,SENT-1898,a68966a0cfa4e449a5a6786e27d57284c51f555a5468d788a1710d179651bb6e,eb2d1daa6b39d975e6fedebea3f52fb1a3d30e1a39f9f85d5fa736a535adc4de,APPLIED_VERIFIED,codex-wave4-applier,2026-08-16,Derived from the exact signed candidate and target sentence-evidence snapshot.
SENT-1683,52bebecfb2a435d0e7ff2efea557c5799674ded6,cfc2572291a2676933b08b7466d1ea1e7e76bebb,docs/4.質問に合う根拠を探す/4.5.Hybrid retrieval.md,APPROPRIATE_NORMATIVE,4f7b79add29ed752362dc2fb82f3e6f7db5a341c42b5a960e48823d903a8dbea,SENT-1914,bcbaaafa7483baab29fb3cdc9cc9d7c9dbd0fcb59c7f508484d4729cad563d62,eb2d1daa6b39d975e6fedebea3f52fb1a3d30e1a39f9f85d5fa736a535adc4de,APPLIED_VERIFIED,codex-wave4-applier,2026-08-16,Derived from the exact signed candidate and target sentence-evidence snapshot.
SENT-1685,52bebecfb2a435d0e7ff2efea557c5799674ded6,cfc2572291a2676933b08b7466d1ea1e7e76bebb,docs/4.質問に合う根拠を探す/4.5.Hybrid retrieval.md,APPROPRIATE_NORMATIVE,c9d226bc3351c50ba6513ea3b31286af88d046e8bf8f41a7ea83b5bc5d848f28,SENT-1916,9d28be2395cf7d8fd165fe12d290d94426b27e7ede407ebda1ced4bed546a09d,eb2d1daa6b39d975e6fedebea3f52fb1a3d30e1a39f9f85d5fa736a535adc4de,APPLIED_VERIFIED,codex-wave4-applier,2026-08-16,Derived from the exact signed candidate and target sentence-evidence snapshot.
SENT-1687,52bebecfb2a435d0e7ff2efea557c5799674ded6,cfc2572291a2676933b08b7466d1ea1e7e76bebb,docs/4.質問に合う根拠を探す/4.5.Hybrid retrieval.md,APPROPRIATE_NORMATIVE,a9a6f3a5b3b62509008d33195c739e5bcf27f01c0d5f1472bcf2f1758df591bc,SENT-1918,a9a6f3a5b3b62509008d33195c739e5bcf27f01c0d5f1472bcf2f1758df591bc,eb2d1daa6b39d975e6fedebea3f52fb1a3d30e1a39f9f85d5fa736a535adc4de,APPLIED_VERIFIED,codex-wave4-applier,2026-08-16,Derived from the exact signed candidate and target sentence-evidence snapshot.
SENT-1688,52bebecfb2a435d0e7ff2efea557c5799674ded6,cfc2572291a2676933b08b7466d1ea1e7e76bebb,docs/4.質問に合う根拠を探す/4.5.Hybrid retrieval.md,REWRITE_REQUIRED,77b43c07c8c90b6cf18deca4c798ed4eca29d7d9ea20c092e87f1372bc78f456,SENT-1919,cacb43447da901d223ad1db8231c286fcdf81b9fe83ac1aa7012bd817d862ace,eb2d1daa6b39d975e6fedebea3f52fb1a3d30e1a39f9f85d5fa736a535adc4de,APPLIED_VERIFIED,codex-wave4-applier,2026-08-16,Derived from the exact signed candidate and target sentence-evidence snapshot.
SENT-1689,52bebecfb2a435d0e7ff2efea557c5799674ded6,cfc2572291a2676933b08b7466d1ea1e7e76bebb,docs/4.質問に合う根拠を探す/4.5.Hybrid retrieval.md,REWRITE_REQUIRED,fe20c1a172d74b4037e55e775e004027f1c60e6b85f36711e6d39253eb5af6b6,SENT-1920,c81bdbac453490ce6b0c35cbf1d44af8dee43d518cdaa3dd852dde2de9a63968,eb2d1daa6b39d975e6fedebea3f52fb1a3d30e1a39f9f85d5fa736a535adc4de,APPLIED_VERIFIED,codex-wave4-applier,2026-08-16,Derived from the exact signed candidate and target sentence-evidence snapshot.
SENT-1692,52bebecfb2a435d0e7ff2efea557c5799674ded6,cfc2572291a2676933b08b7466d1ea1e7e76bebb,docs/4.質問に合う根拠を探す/4.5.Hybrid retrieval.md,REWRITE_REQUIRED,55df0ecc600b587c9347362988f32b620d27ffa05e69331b5ef135570c7789e5,SENT-1923,ef9c357d22b30fd5fc8a0e548df54d926b3585b158e9dc905c8333366c574bc1,eb2d1daa6b39d975e6fedebea3f52fb1a3d30e1a39f9f85d5fa736a535adc4de,APPLIED_VERIFIED,codex-wave4-applier,2026-08-16,Derived from the exact signed candidate and target sentence-evidence snapshot.
SENT-1693,52bebecfb2a435d0e7ff2efea557c5799674ded6,cfc2572291a2676933b08b7466d1ea1e7e76bebb,docs/4.質問に合う根拠を探す/4.5.Hybrid retrieval.md,REWRITE_REQUIRED,e887ada2889987ae15ad6706d6918fb1cfbc6f49f53c4db38a6c036be50f577f,SENT-1924,0a547ba92db968833f28cfd5baf99fa7afd24bfb3c07a1fab4da8b664b00fc6e,eb2d1daa6b39d975e6fedebea3f52fb1a3d30e1a39f9f85d5fa736a535adc4de,APPLIED_VERIFIED,codex-wave4-applier,2026-08-16,Derived from the exact signed candidate and target sentence-evidence snapshot.
SENT-1697,52bebecfb2a435d0e7ff2efea557c5799674ded6,cfc2572291a2676933b08b7466d1ea1e7e76bebb,docs/4.質問に合う根拠を探す/4.5.Hybrid retrieval.md,REWRITE_REQUIRED,657d3590c14fb08852e8c405912c4261d44e4f1bd4013e868301e2d9218e1795,SENT-1933,8842c2b3c17bb0667b9bfca6c51c60f484e350821d00430f38cd6b253031a0ab,eb2d1daa6b39d975e6fedebea3f52fb1a3d30e1a39f9f85d5fa736a535adc4de,APPLIED_VERIFIED,codex-wave4-applier,2026-08-16,Derived from the exact signed candidate and target sentence-evidence snapshot.
SENT-1700,52bebecfb2a435d0e7ff2efea557c5799674ded6,cfc2572291a2676933b08b7466d1ea1e7e76bebb,docs/4.質問に合う根拠を探す/4.5.Hybrid retrieval.md,APPROPRIATE_NORMATIVE,cf42333cdca2569e623f94382a83f7bc70bdd746cd5a4f604342c40eec60d960,SENT-1936,cf42333cdca2569e623f94382a83f7bc70bdd746cd5a4f604342c40eec60d960,eb2d1daa6b39d975e6fedebea3f52fb1a3d30e1a39f9f85d5fa736a535adc4de,APPLIED_VERIFIED,codex-wave4-applier,2026-08-16,Derived from the exact signed candidate and target sentence-evidence snapshot.
SENT-1705,52bebecfb2a435d0e7ff2efea557c5799674ded6,cfc2572291a2676933b08b7466d1ea1e7e76bebb,docs/4.質問に合う根拠を探す/4.5.Hybrid retrieval.md,APPROPRIATE_NORMATIVE,621af890865daad776c263b72002aaf464300bc14c4f5488cef35e0028c6be81,SENT-1941,621af890865daad776c263b72002aaf464300bc14c4f5488cef35e0028c6be81,eb2d1daa6b39d975e6fedebea3f52fb1a3d30e1a39f9f85d5fa736a535adc4de,APPLIED_VERIFIED,codex-wave4-applier,2026-08-16,Derived from the exact signed candidate and target sentence-evidence snapshot.
SENT-1708,52bebecfb2a435d0e7ff2efea557c5799674ded6,cfc2572291a2676933b08b7466d1ea1e7e76bebb,docs/4.質問に合う根拠を探す/4.5.Hybrid retrieval.md,APPROPRIATE_NORMATIVE,8981c76056b2c5d514a77ac1b6f4043af996e0a38ec2329fb201c2458d2181cb,SENT-1944,8981c76056b2c5d514a77ac1b6f4043af996e0a38ec2329fb201c2458d2181cb,eb2d1daa6b39d975e6fedebea3f52fb1a3d30e1a39f9f85d5fa736a535adc4de,APPLIED_VERIFIED,codex-wave4-applier,2026-08-16,Derived from the exact signed candidate and target sentence-evidence snapshot.
SENT-1709,52bebecfb2a435d0e7ff2efea557c5799674ded6,cfc2572291a2676933b08b7466d1ea1e7e76bebb,docs/4.質問に合う根拠を探す/4.5.Hybrid retrieval.md,REWRITE_REQUIRED,0a3cf1b0588427b17ee760c4dd76ff1be742e745c2b663a02864cbd935483728,SENT-1945,4ddec4bf2844b20127cc9d8b7f30b24cff9f4fc6f253f7a7784402a67f6ee8ee,eb2d1daa6b39d975e6fedebea3f52fb1a3d30e1a39f9f85d5fa736a535adc4de,APPLIED_VERIFIED,codex-wave4-applier,2026-08-16,Derived from the exact signed candidate and target sentence-evidence snapshot.
SENT-1712,52bebecfb2a435d0e7ff2efea557c5799674ded6,cfc2572291a2676933b08b7466d1ea1e7e76bebb,docs/4.質問に合う根拠を探す/4.5.Hybrid retrieval.md,APPROPRIATE_NORMATIVE,7a86c61d7fc8c14e9c30bbac571b579aa77d64b5afc381c743ebc0c5b9f79231,SENT-1948,7a86c61d7fc8c14e9c30bbac571b579aa77d64b5afc381c743ebc0c5b9f79231,eb2d1daa6b39d975e6fedebea3f52fb1a3d30e1a39f9f85d5fa736a535adc4de,APPLIED_VERIFIED,codex-wave4-applier,2026-08-16,Derived from the exact signed candidate and target sentence-evidence snapshot.
SENT-1714,52bebecfb2a435d0e7ff2efea557c5799674ded6,cfc2572291a2676933b08b7466d1ea1e7e76bebb,docs/4.質問に合う根拠を探す/4.5.Hybrid retrieval.md,APPROPRIATE_NORMATIVE,78c63bdeb6eea2ae18d0d329b7377bf6b34c7f4c575cd16c9eadf8f86b250d2d,SENT-1950,78c63bdeb6eea2ae18d0d329b7377bf6b34c7f4c575cd16c9eadf8f86b250d2d,eb2d1daa6b39d975e6fedebea3f52fb1a3d30e1a39f9f85d5fa736a535adc4de,APPLIED_VERIFIED,codex-wave4-applier,2026-08-16,Derived from the exact signed candidate and target sentence-evidence snapshot.
SENT-1715,52bebecfb2a435d0e7ff2efea557c5799674ded6,cfc2572291a2676933b08b7466d1ea1e7e76bebb,docs/4.質問に合う根拠を探す/4.5.Hybrid retrieval.md,APPROPRIATE_NORMATIVE,6c03154652fe0f4314f3e6b26200db9fae00412d50f6acd70ef4555b1b9696a1,SENT-1951,6c03154652fe0f4314f3e6b26200db9fae00412d50f6acd70ef4555b1b9696a1,eb2d1daa6b39d975e6fedebea3f52fb1a3d30e1a39f9f85d5fa736a535adc4de,APPLIED_VERIFIED,codex-wave4-applier,2026-08-16,Derived from the exact signed candidate and target sentence-evidence snapshot.
SENT-1723,52bebecfb2a435d0e7ff2efea557c5799674ded6,cfc2572291a2676933b08b7466d1ea1e7e76bebb,docs/4.質問に合う根拠を探す/4.6.Retrieval-time filtering.md,REWRITE_REQUIRED,4fcf0dc6ad6ba89c142acc08e9df90a1f38947b97bc6904dc9873f566d173bc2,SENT-1959,733a799953a9109316e2adca3bbc22b5da296260b4203b485462d271a1ec9e2f,6df6cf6a89849afed090e39526658d00b1d588ca936720bbd6d8f838ccefc8b7,APPLIED_VERIFIED,codex-wave4-applier,2026-08-16,Derived from the exact signed candidate and target sentence-evidence snapshot.
SENT-1724,52bebecfb2a435d0e7ff2efea557c5799674ded6,cfc2572291a2676933b08b7466d1ea1e7e76bebb,docs/4.質問に合う根拠を探す/4.6.Retrieval-time filtering.md,APPROPRIATE_NORMATIVE,13447a0a622d11d827f9d1ca049dc04606901d8eded6f045c24ecf5220214de1,SENT-1960,13447a0a622d11d827f9d1ca049dc04606901d8eded6f045c24ecf5220214de1,6df6cf6a89849afed090e39526658d00b1d588ca936720bbd6d8f838ccefc8b7,APPLIED_VERIFIED,codex-wave4-applier,2026-08-16,Derived from the exact signed candidate and target sentence-evidence snapshot.
SENT-1728,52bebecfb2a435d0e7ff2efea557c5799674ded6,cfc2572291a2676933b08b7466d1ea1e7e76bebb,docs/4.質問に合う根拠を探す/4.6.Retrieval-time filtering.md,REWRITE_REQUIRED,07c2b074333cea794f28b3f7e35ea20e5e55616bff419233c2eac403c84d3a8a,SENT-1964,e6dfba9df686355fc31dbb82c526d7f831520ccb8c2ceaa54f2465cccd62e1ef,6df6cf6a89849afed090e39526658d00b1d588ca936720bbd6d8f838ccefc8b7,APPLIED_VERIFIED,codex-wave4-applier,2026-08-16,Derived from the exact signed candidate and target sentence-evidence snapshot.
SENT-1729,52bebecfb2a435d0e7ff2efea557c5799674ded6,cfc2572291a2676933b08b7466d1ea1e7e76bebb,docs/4.質問に合う根拠を探す/4.6.Retrieval-time filtering.md,REWRITE_REQUIRED,ee6528e4f3a9be75daf7439dd3f9e91de96336fb99e7ef8559c9b1c03da41557,SENT-1965,0004933ce13afd5fee65d5e804ad1aaa1ac91d246d95ca0e2c95df28c8522d89,6df6cf6a89849afed090e39526658d00b1d588ca936720bbd6d8f838ccefc8b7,APPLIED_VERIFIED,codex-wave4-applier,2026-08-16,Derived from the exact signed candidate and target sentence-evidence snapshot.
SENT-1730,52bebecfb2a435d0e7ff2efea557c5799674ded6,cfc2572291a2676933b08b7466d1ea1e7e76bebb,docs/4.質問に合う根拠を探す/4.6.Retrieval-time filtering.md,APPROPRIATE_NORMATIVE,6acbea0b7e781fadea0102b2f2e476effbec493ad6a0ee02c6c76a83e281abf2,SENT-1966,6acbea0b7e781fadea0102b2f2e476effbec493ad6a0ee02c6c76a83e281abf2,6df6cf6a89849afed090e39526658d00b1d588ca936720bbd6d8f838ccefc8b7,APPLIED_VERIFIED,codex-wave4-applier,2026-08-16,Derived from the exact signed candidate and target sentence-evidence snapshot.
SENT-1735,52bebecfb2a435d0e7ff2efea557c5799674ded6,cfc2572291a2676933b08b7466d1ea1e7e76bebb,docs/4.質問に合う根拠を探す/4.6.Retrieval-time filtering.md,APPROPRIATE_NORMATIVE,945ae060ac5b6f684892080a4f1d9dc6ac4cb6059d3ca1666a410a8cfbfcea7b,SENT-1971,706638f4501d9f458c35782e59c841c179c4cca138f60ee631db41603e23107c,6df6cf6a89849afed090e39526658d00b1d588ca936720bbd6d8f838ccefc8b7,APPLIED_VERIFIED,codex-wave4-applier,2026-08-16,Derived from the exact signed candidate and target sentence-evidence snapshot.
SENT-1742,52bebecfb2a435d0e7ff2efea557c5799674ded6,cfc2572291a2676933b08b7466d1ea1e7e76bebb,docs/4.質問に合う根拠を探す/4.6.Retrieval-time filtering.md,REWRITE_REQUIRED,f216ee2736b548aa94382754e122a58bfda4a776f9ab124a454338680a728128,SENT-1978,c3f522be684200ab4dabcba26c0a33f75b4a1c3798bf9687e34b2317a9f518f2,6df6cf6a89849afed090e39526658d00b1d588ca936720bbd6d8f838ccefc8b7,APPLIED_VERIFIED,codex-wave4-applier,2026-08-16,Derived from the exact signed candidate and target sentence-evidence snapshot.
SENT-1749,52bebecfb2a435d0e7ff2efea557c5799674ded6,cfc2572291a2676933b08b7466d1ea1e7e76bebb,docs/4.質問に合う根拠を探す/4.6.Retrieval-time filtering.md,REWRITE_REQUIRED,dc161652e5ab78fcd1115f41e89dc35389580b7870bf621424a9cd725e3987ae,SENT-1985,36e2ca5a43401c2fa3ffd74d785636292d9541fe496110abeb5fcd2cb2f1ae70,6df6cf6a89849afed090e39526658d00b1d588ca936720bbd6d8f838ccefc8b7,APPLIED_VERIFIED,codex-wave4-applier,2026-08-16,Derived from the exact signed candidate and target sentence-evidence snapshot.
SENT-1757,52bebecfb2a435d0e7ff2efea557c5799674ded6,cfc2572291a2676933b08b7466d1ea1e7e76bebb,docs/4.質問に合う根拠を探す/4.6.Retrieval-time filtering.md,REWRITE_REQUIRED,bf2df0da2d514ad9a139fc28f80f5c420f03d79ceb42014a83277f147dbc5345,SENT-1993,64bd89868d3c0227982e961466429205da5d317826f63b916ac5c03a5dfbde8e,6df6cf6a89849afed090e39526658d00b1d588ca936720bbd6d8f838ccefc8b7,APPLIED_VERIFIED,codex-wave4-applier,2026-08-16,Derived from the exact signed candidate and target sentence-evidence snapshot.
SENT-1760,52bebecfb2a435d0e7ff2efea557c5799674ded6,cfc2572291a2676933b08b7466d1ea1e7e76bebb,docs/4.質問に合う根拠を探す/4.6.Retrieval-time filtering.md,APPROPRIATE_NORMATIVE,79649f0433a7edaa1a1ea03ac47bf9de8e46532770fa3214958adb46541d758d,SENT-1996,79649f0433a7edaa1a1ea03ac47bf9de8e46532770fa3214958adb46541d758d,6df6cf6a89849afed090e39526658d00b1d588ca936720bbd6d8f838ccefc8b7,APPLIED_VERIFIED,codex-wave4-applier,2026-08-16,Derived from the exact signed candidate and target sentence-evidence snapshot.
SENT-1766,52bebecfb2a435d0e7ff2efea557c5799674ded6,cfc2572291a2676933b08b7466d1ea1e7e76bebb,docs/4.質問に合う根拠を探す/4.6.Retrieval-time filtering.md,REMOVE_OR_REPLACE,0629542dd8f9e0960440090ef77747bd7f5d5c090ff790552487a9199b0f6e8e,SENT-2002,0629542dd8f9e0960440090ef77747bd7f5d5c090ff790552487a9199b0f6e8e,6df6cf6a89849afed090e39526658d00b1d588ca936720bbd6d8f838ccefc8b7,APPLIED_VERIFIED,codex-wave4-applier,2026-08-16,Derived from the exact signed candidate and target sentence-evidence snapshot.
SENT-1771,52bebecfb2a435d0e7ff2efea557c5799674ded6,cfc2572291a2676933b08b7466d1ea1e7e76bebb,docs/4.質問に合う根拠を探す/4.6.Retrieval-time filtering.md,APPROPRIATE_NORMATIVE,22542b1a36025f444160ed5d9ce1607314424b42beb5178be99670c0c7a30a9a,SENT-2007,22542b1a36025f444160ed5d9ce1607314424b42beb5178be99670c0c7a30a9a,6df6cf6a89849afed090e39526658d00b1d588ca936720bbd6d8f838ccefc8b7,APPLIED_VERIFIED,codex-wave4-applier,2026-08-16,Derived from the exact signed candidate and target sentence-evidence snapshot.
SENT-1775,52bebecfb2a435d0e7ff2efea557c5799674ded6,cfc2572291a2676933b08b7466d1ea1e7e76bebb,docs/4.質問に合う根拠を探す/4.7.Retrieval失敗診断.md,APPROPRIATE_NORMATIVE,579fb7f16e0a4aab98f0a1b9af6db1872666dbbe8c68fc6d09909154d97b68a7,SENT-2011,7d55eef7314a8fa28ef47307c48cb044d9fcdeb9fe6b73e0c586ab6c1a289e4b,2e402de638df419cf707d52a9ffdc0aa03b946b67941c8bd60ab59dcf1a7b534,APPLIED_VERIFIED,codex-wave4-applier,2026-08-16,Derived from the exact signed candidate and target sentence-evidence snapshot.
SENT-1799,52bebecfb2a435d0e7ff2efea557c5799674ded6,cfc2572291a2676933b08b7466d1ea1e7e76bebb,docs/4.質問に合う根拠を探す/4.7.Retrieval失敗診断.md,APPROPRIATE_NORMATIVE,ede8ddae651dd64bbce0fdac98908bab798be3d0e4832227481531c5abc51829,SENT-2035,ede8ddae651dd64bbce0fdac98908bab798be3d0e4832227481531c5abc51829,2e402de638df419cf707d52a9ffdc0aa03b946b67941c8bd60ab59dcf1a7b534,APPLIED_VERIFIED,codex-wave4-applier,2026-08-16,Derived from the exact signed candidate and target sentence-evidence snapshot.
SENT-1819,52bebecfb2a435d0e7ff2efea557c5799674ded6,cfc2572291a2676933b08b7466d1ea1e7e76bebb,docs/5.根拠を選別・整形する/5.1.Candidate正規化と絞り込み.md,APPROPRIATE_NORMATIVE,986e982566d5ad554c92d745e0794e778e78505a2a51bdf739d042545815d611,SENT-2056,986e982566d5ad554c92d745e0794e778e78505a2a51bdf739d042545815d611,02f1193dfb821b172149f16ee62482e669001665df2865a6496db0fee06ccb41,APPLIED_VERIFIED,codex-wave4-applier,2026-08-16,Derived from the exact signed candidate and target sentence-evidence snapshot.
SENT-1822,52bebecfb2a435d0e7ff2efea557c5799674ded6,cfc2572291a2676933b08b7466d1ea1e7e76bebb,docs/5.根拠を選別・整形する/5.1.Candidate正規化と絞り込み.md,APPROPRIATE_NORMATIVE,ae15c7f1381a4324109a9720598b77ab20b6860c8dc0c83c5ee3b8a6651b1f36,SENT-2059,ae15c7f1381a4324109a9720598b77ab20b6860c8dc0c83c5ee3b8a6651b1f36,02f1193dfb821b172149f16ee62482e669001665df2865a6496db0fee06ccb41,APPLIED_VERIFIED,codex-wave4-applier,2026-08-16,Derived from the exact signed candidate and target sentence-evidence snapshot.
SENT-1827,52bebecfb2a435d0e7ff2efea557c5799674ded6,cfc2572291a2676933b08b7466d1ea1e7e76bebb,docs/5.根拠を選別・整形する/5.1.Candidate正規化と絞り込み.md,APPROPRIATE_NORMATIVE,4ba22174983e0999af89ece5611a10132f5a9b18e464711c802d0466c953fe80,SENT-2064,4ba22174983e0999af89ece5611a10132f5a9b18e464711c802d0466c953fe80,02f1193dfb821b172149f16ee62482e669001665df2865a6496db0fee06ccb41,APPLIED_VERIFIED,codex-wave4-applier,2026-08-16,Derived from the exact signed candidate and target sentence-evidence snapshot.
SENT-1845,52bebecfb2a435d0e7ff2efea557c5799674ded6,cfc2572291a2676933b08b7466d1ea1e7e76bebb,docs/5.根拠を選別・整形する/5.1.Candidate正規化と絞り込み.md,REWRITE_REQUIRED,da1ed8b14420ce8703a892b4ad77afae3286dba804408c95562cb6a4b3bf5088,SENT-2082,5016b29ef8650ceb776d5a2f4e8e0b55e0d7496261151d1ccb71d6961089a84d,02f1193dfb821b172149f16ee62482e669001665df2865a6496db0fee06ccb41,APPLIED_VERIFIED,codex-wave4-applier,2026-08-16,Derived from the exact signed candidate and target sentence-evidence snapshot.
SENT-1851,52bebecfb2a435d0e7ff2efea557c5799674ded6,cfc2572291a2676933b08b7466d1ea1e7e76bebb,docs/5.根拠を選別・整形する/5.1.Candidate正規化と絞り込み.md,REWRITE_REQUIRED,1ba59f6d7662d79d11fa0afc4374afeb6eeb0fcace460e6aa6a982a0eeb9a032,SENT-2088,e71e8e0b4254ee6d20eef9b6376a6b14e7475dfed2b630ed14fb86b9d467a3b9,02f1193dfb821b172149f16ee62482e669001665df2865a6496db0fee06ccb41,APPLIED_VERIFIED,codex-wave4-applier,2026-08-16,Derived from the exact signed candidate and target sentence-evidence snapshot.
SENT-1854,52bebecfb2a435d0e7ff2efea557c5799674ded6,cfc2572291a2676933b08b7466d1ea1e7e76bebb,docs/5.根拠を選別・整形する/5.1.Candidate正規化と絞り込み.md,APPROPRIATE_NORMATIVE,63cbf513cbd2fe5197de34c95bfe6cba1cfea1d0bdaa2f96b9ddbdac388243ab,SENT-2090,63cbf513cbd2fe5197de34c95bfe6cba1cfea1d0bdaa2f96b9ddbdac388243ab,02f1193dfb821b172149f16ee62482e669001665df2865a6496db0fee06ccb41,APPLIED_VERIFIED,codex-wave4-applier,2026-08-16,Derived from the exact signed candidate and target sentence-evidence snapshot.
SENT-1877,52bebecfb2a435d0e7ff2efea557c5799674ded6,cfc2572291a2676933b08b7466d1ea1e7e76bebb,docs/5.根拠を選別・整形する/5.1.Candidate正規化と絞り込み.md,APPROPRIATE_NORMATIVE,d884b74fc07ebac65e7b952e74d49844c96f4fba3e02a07d271697bae3686220,SENT-2113,d884b74fc07ebac65e7b952e74d49844c96f4fba3e02a07d271697bae3686220,02f1193dfb821b172149f16ee62482e669001665df2865a6496db0fee06ccb41,APPLIED_VERIFIED,codex-wave4-applier,2026-08-16,Derived from the exact signed candidate and target sentence-evidence snapshot.
SENT-1887,52bebecfb2a435d0e7ff2efea557c5799674ded6,cfc2572291a2676933b08b7466d1ea1e7e76bebb,docs/5.根拠を選別・整形する/5.2.重複排除とDiversity.md,APPROPRIATE_NORMATIVE,5c11e497322978c338cf5591e0febd1a2a628d04dc766c67c94a162191b1bf3f,SENT-2123,83c458701de246ecb97e0c5b31ec1e62c90c2795ec8cd9ef7d6a0628aef57a82,b6b2d63247c86aec9983c2acba6274f56ff963acf86b4c3cddc6bbf7fa7308aa,APPLIED_VERIFIED,codex-wave4-applier,2026-08-16,Derived from the exact signed candidate and target sentence-evidence snapshot.
SENT-1891,52bebecfb2a435d0e7ff2efea557c5799674ded6,cfc2572291a2676933b08b7466d1ea1e7e76bebb,docs/5.根拠を選別・整形する/5.2.重複排除とDiversity.md,REWRITE_REQUIRED,65b3356721d324fead2674752f05296758cdff71fdd9977897570eadb13db3be,SENT-2127,0d319faa42ba287af62fa837e70673a222c310d0bd6fae6748668295bebeb4ec,b6b2d63247c86aec9983c2acba6274f56ff963acf86b4c3cddc6bbf7fa7308aa,APPLIED_VERIFIED,codex-wave4-applier,2026-08-16,Derived from the exact signed candidate and target sentence-evidence snapshot.
SENT-1908,52bebecfb2a435d0e7ff2efea557c5799674ded6,cfc2572291a2676933b08b7466d1ea1e7e76bebb,docs/5.根拠を選別・整形する/5.2.重複排除とDiversity.md,REWRITE_REQUIRED,a3e32794e431f2cf16d282b879252cd858011119c27d1144c83336e479055de8,SENT-2144,be33a484123cab2ae837c94ec6262da0212f60f91c1ac52d7e4352f6c7c582a6,b6b2d63247c86aec9983c2acba6274f56ff963acf86b4c3cddc6bbf7fa7308aa,APPLIED_VERIFIED,codex-wave4-applier,2026-08-16,Derived from the exact signed candidate and target sentence-evidence snapshot.
SENT-1912,52bebecfb2a435d0e7ff2efea557c5799674ded6,cfc2572291a2676933b08b7466d1ea1e7e76bebb,docs/5.根拠を選別・整形する/5.2.重複排除とDiversity.md,REWRITE_REQUIRED,ce3a2cf471f7f53ce0749b173bbc45878c01897667a6b46a479c472b4594162c,SENT-2148,dbb56e67a5279fcad6915e1666d9d10fa83cc793a7b944a5205ae3f08c3e7b9d,b6b2d63247c86aec9983c2acba6274f56ff963acf86b4c3cddc6bbf7fa7308aa,APPLIED_VERIFIED,codex-wave4-applier,2026-08-16,Derived from the exact signed candidate and target sentence-evidence snapshot.
SENT-1914,52bebecfb2a435d0e7ff2efea557c5799674ded6,cfc2572291a2676933b08b7466d1ea1e7e76bebb,docs/5.根拠を選別・整形する/5.2.重複排除とDiversity.md,APPROPRIATE_NORMATIVE,50766edc31838637622e14ca7d3e590f13b8951c99f6dda301e278a321d34199,SENT-2150,50766edc31838637622e14ca7d3e590f13b8951c99f6dda301e278a321d34199,b6b2d63247c86aec9983c2acba6274f56ff963acf86b4c3cddc6bbf7fa7308aa,APPLIED_VERIFIED,codex-wave4-applier,2026-08-16,Derived from the exact signed candidate and target sentence-evidence snapshot.
SENT-1917,52bebecfb2a435d0e7ff2efea557c5799674ded6,cfc2572291a2676933b08b7466d1ea1e7e76bebb,docs/5.根拠を選別・整形する/5.2.重複排除とDiversity.md,REWRITE_REQUIRED,7be37e1f0c01c48421bae262404e25493bc290978c54ab5d3fbd5b8c9ee2f2b1,SENT-2153,9309fa2ac9fa93a236c4b70cce313e3b0b1e3d98d6ffd01d5eb2f74b4f2c1b72,b6b2d63247c86aec9983c2acba6274f56ff963acf86b4c3cddc6bbf7fa7308aa,APPLIED_VERIFIED,codex-wave4-applier,2026-08-16,Derived from the exact signed candidate and target sentence-evidence snapshot.
SENT-1927,52bebecfb2a435d0e7ff2efea557c5799674ded6,cfc2572291a2676933b08b7466d1ea1e7e76bebb,docs/5.根拠を選別・整形する/5.2.重複排除とDiversity.md,REWRITE_REQUIRED,6e0c6248f70488387c260e568299468f193798930e37857a8ab52084be0fe3b7,SENT-2163,93aa6c2acdac6e5f2b9386fbfc8daf77fd7a9d5d38906b986787a76d482161fe,b6b2d63247c86aec9983c2acba6274f56ff963acf86b4c3cddc6bbf7fa7308aa,APPLIED_VERIFIED,codex-wave4-applier,2026-08-16,Derived from the exact signed candidate and target sentence-evidence snapshot.
SENT-1937,52bebecfb2a435d0e7ff2efea557c5799674ded6,cfc2572291a2676933b08b7466d1ea1e7e76bebb,docs/5.根拠を選別・整形する/5.2.重複排除とDiversity.md,APPROPRIATE_NORMATIVE,4eadd4a19f41319c74a3073915c1b672de6df796bd37bf88d926ccf3edf5e61c,SENT-2173,4eadd4a19f41319c74a3073915c1b672de6df796bd37bf88d926ccf3edf5e61c,b6b2d63247c86aec9983c2acba6274f56ff963acf86b4c3cddc6bbf7fa7308aa,APPLIED_VERIFIED,codex-wave4-applier,2026-08-16,Derived from the exact signed candidate and target sentence-evidence snapshot.
SENT-1938,52bebecfb2a435d0e7ff2efea557c5799674ded6,cfc2572291a2676933b08b7466d1ea1e7e76bebb,docs/5.根拠を選別・整形する/5.2.重複排除とDiversity.md,REWRITE_REQUIRED,252eaa5b098b7398019585f2b16e568a7864bd5d2c01000e042e0ed4c3fc6769,SENT-2174,9b3431ed544c9a7778607c9c11c6c50bb72b392b2e5084347f29f99d9226007e,b6b2d63247c86aec9983c2acba6274f56ff963acf86b4c3cddc6bbf7fa7308aa,APPLIED_VERIFIED,codex-wave4-applier,2026-08-16,Derived from the exact signed candidate and target sentence-evidence snapshot.
SENT-1939,52bebecfb2a435d0e7ff2efea557c5799674ded6,cfc2572291a2676933b08b7466d1ea1e7e76bebb,docs/5.根拠を選別・整形する/5.2.重複排除とDiversity.md,APPROPRIATE_NORMATIVE,1fc7e219fc73d43ddec02541f79f14454050d48ab57bdbc1e5de858a61acc526,SENT-2175,1fc7e219fc73d43ddec02541f79f14454050d48ab57bdbc1e5de858a61acc526,b6b2d63247c86aec9983c2acba6274f56ff963acf86b4c3cddc6bbf7fa7308aa,APPLIED_VERIFIED,codex-wave4-applier,2026-08-16,Derived from the exact signed candidate and target sentence-evidence snapshot.
SENT-1942,52bebecfb2a435d0e7ff2efea557c5799674ded6,cfc2572291a2676933b08b7466d1ea1e7e76bebb,docs/5.根拠を選別・整形する/5.2.重複排除とDiversity.md,REWRITE_REQUIRED,9e618cfbea025dd170d93ee0c158f557fcbb542c201753b62a6b3cd2beaee0d2,SENT-2178,043a5f25ec9b3721041de333b8b78bf0e3faa9ef5353731b34b0a5956e812cd5,b6b2d63247c86aec9983c2acba6274f56ff963acf86b4c3cddc6bbf7fa7308aa,APPLIED_VERIFIED,codex-wave4-applier,2026-08-16,Derived from the exact signed candidate and target sentence-evidence snapshot.
SENT-1954,52bebecfb2a435d0e7ff2efea557c5799674ded6,cfc2572291a2676933b08b7466d1ea1e7e76bebb,docs/5.根拠を選別・整形する/5.3.Reranking.md,REWRITE_REQUIRED,a2f7caef8b069ff26d11332d81483d5e8d2035aa28856ed7e4c475b51165c65d,SENT-2190,198c6b0a2af8a8d978d85b22fae9b947b3f4d4ecf42e7ba8700b493eac92be53,0815495f9aa85d9d8002e7eae1875eeca789671788e4073b5292b1f47ffeb8f4,APPLIED_VERIFIED,codex-wave4-applier,2026-08-16,Derived from the exact signed candidate and target sentence-evidence snapshot.
SENT-1958,52bebecfb2a435d0e7ff2efea557c5799674ded6,cfc2572291a2676933b08b7466d1ea1e7e76bebb,docs/5.根拠を選別・整形する/5.3.Reranking.md,APPROPRIATE_NORMATIVE,ee05299aea9027aefeb397b0f64c6d8c6e4d0e525d1425e13cb99bf9e0af1cb6,SENT-2194,ee05299aea9027aefeb397b0f64c6d8c6e4d0e525d1425e13cb99bf9e0af1cb6,0815495f9aa85d9d8002e7eae1875eeca789671788e4073b5292b1f47ffeb8f4,APPLIED_VERIFIED,codex-wave4-applier,2026-08-16,Derived from the exact signed candidate and target sentence-evidence snapshot.
SENT-1973,52bebecfb2a435d0e7ff2efea557c5799674ded6,cfc2572291a2676933b08b7466d1ea1e7e76bebb,docs/5.根拠を選別・整形する/5.3.Reranking.md,REWRITE_REQUIRED,4ca6eabc853aa0f589089bfbeafe97011877e56319e374f43d13da3122141c23,SENT-2213,f4d44b503a40456c308c125ab52dc02f28d8cb7beaa7106c5eccdfa2a5c78fa0,0815495f9aa85d9d8002e7eae1875eeca789671788e4073b5292b1f47ffeb8f4,APPLIED_VERIFIED,codex-wave4-applier,2026-08-16,Derived from the exact signed candidate and target sentence-evidence snapshot.
SENT-1982,52bebecfb2a435d0e7ff2efea557c5799674ded6,cfc2572291a2676933b08b7466d1ea1e7e76bebb,docs/5.根拠を選別・整形する/5.3.Reranking.md,REWRITE_REQUIRED,1f1f87cf58f825f8ba2ad0408dafcc063d9ec09ba464f0b19933451d3b77e73f,SENT-2222;SENT-2223,fdd2d453960bfb093e9dd2687a8d862bcad3596019b642b8b021d6ad1500eca1,0815495f9aa85d9d8002e7eae1875eeca789671788e4073b5292b1f47ffeb8f4,APPLIED_VERIFIED,codex-wave4-applier,2026-08-16,Derived from the exact signed candidate and target sentence-evidence snapshot.
SENT-1990,52bebecfb2a435d0e7ff2efea557c5799674ded6,cfc2572291a2676933b08b7466d1ea1e7e76bebb,docs/5.根拠を選別・整形する/5.3.Reranking.md,REWRITE_REQUIRED,5d5c0daebd5c0cb2aaa5489df2896833c585168c519ca514bff9abc0d72c2407,SENT-2231,74b7f99d4ee2934299838e7d4b91ee9dd3c5cbfb013fc7833925c7b8471adad9,0815495f9aa85d9d8002e7eae1875eeca789671788e4073b5292b1f47ffeb8f4,APPLIED_VERIFIED,codex-wave4-applier,2026-08-16,Derived from the exact signed candidate and target sentence-evidence snapshot.
SENT-1993,52bebecfb2a435d0e7ff2efea557c5799674ded6,cfc2572291a2676933b08b7466d1ea1e7e76bebb,docs/5.根拠を選別・整形する/5.3.Reranking.md,APPROPRIATE_NORMATIVE,95f59d54486cb4cfc669ed07b697d8c97b9306d1687c15c5eb3cd1a815b95198,SENT-2234,95f59d54486cb4cfc669ed07b697d8c97b9306d1687c15c5eb3cd1a815b95198,0815495f9aa85d9d8002e7eae1875eeca789671788e4073b5292b1f47ffeb8f4,APPLIED_VERIFIED,codex-wave4-applier,2026-08-16,Derived from the exact signed candidate and target sentence-evidence snapshot.
SENT-1997,52bebecfb2a435d0e7ff2efea557c5799674ded6,cfc2572291a2676933b08b7466d1ea1e7e76bebb,docs/5.根拠を選別・整形する/5.3.Reranking.md,REWRITE_REQUIRED,2b0e9ad76838ffd6924cf8acaba66eb582dfd9ced23f528f70da81d83cce839e,SENT-2238,dc2c409911ec90e7142db9026f2dc554bb01dfde92de9277f794aa193ff18764,0815495f9aa85d9d8002e7eae1875eeca789671788e4073b5292b1f47ffeb8f4,APPLIED_VERIFIED,codex-wave4-applier,2026-08-16,Derived from the exact signed candidate and target sentence-evidence snapshot.
SENT-2003,52bebecfb2a435d0e7ff2efea557c5799674ded6,cfc2572291a2676933b08b7466d1ea1e7e76bebb,docs/5.根拠を選別・整形する/5.3.Reranking.md,APPROPRIATE_NORMATIVE,f35d889c81ef441d396d457dbd84c960396013faefbb2ff45ffde4672414dfc2,SENT-2244,f35d889c81ef441d396d457dbd84c960396013faefbb2ff45ffde4672414dfc2,0815495f9aa85d9d8002e7eae1875eeca789671788e4073b5292b1f47ffeb8f4,APPLIED_VERIFIED,codex-wave4-applier,2026-08-16,Derived from the exact signed candidate and target sentence-evidence snapshot.
SENT-2008,52bebecfb2a435d0e7ff2efea557c5799674ded6,cfc2572291a2676933b08b7466d1ea1e7e76bebb,docs/5.根拠を選別・整形する/5.3.Reranking.md,APPROPRIATE_NORMATIVE,2c4f88d0e68504b9b98da6b17ccb02a768640816300e072ce09521e7cd277f23,SENT-2249,2c4f88d0e68504b9b98da6b17ccb02a768640816300e072ce09521e7cd277f23,0815495f9aa85d9d8002e7eae1875eeca789671788e4073b5292b1f47ffeb8f4,APPLIED_VERIFIED,codex-wave4-applier,2026-08-16,Derived from the exact signed candidate and target sentence-evidence snapshot.
SENT-2014,52bebecfb2a435d0e7ff2efea557c5799674ded6,cfc2572291a2676933b08b7466d1ea1e7e76bebb,docs/5.根拠を選別・整形する/5.3.Reranking.md,REWRITE_REQUIRED,1b9d93c2c1e4f8469268284744ccf7b2c26f2b34c273c8f77395268d2346ba59,SENT-2255,f1235e87130c42c943d2f4cf0ca238fef17004a131ceba8d833bd589bcce0678,0815495f9aa85d9d8002e7eae1875eeca789671788e4073b5292b1f47ffeb8f4,APPLIED_VERIFIED,codex-wave4-applier,2026-08-16,Derived from the exact signed candidate and target sentence-evidence snapshot.
SENT-2015,52bebecfb2a435d0e7ff2efea557c5799674ded6,cfc2572291a2676933b08b7466d1ea1e7e76bebb,docs/5.根拠を選別・整形する/5.3.Reranking.md,APPROPRIATE_NORMATIVE,973bef2ae9a5a672c22d8770780f44918538aa9407c293af7504fac8a5924aff,SENT-2256,973bef2ae9a5a672c22d8770780f44918538aa9407c293af7504fac8a5924aff,0815495f9aa85d9d8002e7eae1875eeca789671788e4073b5292b1f47ffeb8f4,APPLIED_VERIFIED,codex-wave4-applier,2026-08-16,Derived from the exact signed candidate and target sentence-evidence snapshot.
SENT-2025,52bebecfb2a435d0e7ff2efea557c5799674ded6,cfc2572291a2676933b08b7466d1ea1e7e76bebb,docs/5.根拠を選別・整形する/5.3.Reranking.md,REWRITE_REQUIRED,335bf927db39bb8d92f0ea1007f1440882bd5f0eace67d84f7bdf452e5c4295d,SENT-2266,48264c4837570995eca6303f0246617d891bd8c9204100f72d7fae662771dfd8,0815495f9aa85d9d8002e7eae1875eeca789671788e4073b5292b1f47ffeb8f4,APPLIED_VERIFIED,codex-wave4-applier,2026-08-16,Derived from the exact signed candidate and target sentence-evidence snapshot.
SENT-2028,52bebecfb2a435d0e7ff2efea557c5799674ded6,cfc2572291a2676933b08b7466d1ea1e7e76bebb,docs/5.根拠を選別・整形する/5.4.Context compression.md,APPROPRIATE_NORMATIVE,90d50e6b8e5530ac42c3d803f80d151a2be7efe6d560185312b353832e55a2ba,SENT-2269,118afb8648d816f272ad4806ae49d715f8a73cde0c13e031cb65b1bcf7915684,c71a828743489a21717a7461655535730749425caa160995d47cc6834a9b2132,APPLIED_VERIFIED,codex-wave4-applier,2026-08-16,Derived from the exact signed candidate and target sentence-evidence snapshot.
SENT-2030,52bebecfb2a435d0e7ff2efea557c5799674ded6,cfc2572291a2676933b08b7466d1ea1e7e76bebb,docs/5.根拠を選別・整形する/5.4.Context compression.md,REWRITE_REQUIRED,e67b4e514fb11f8dfaa03f01709b60b9aeb307355bc5691f34b42a2943ad7cd7,SENT-2271,5572535a6b0d9d779baff444319616471990b4b5d843875521f899593076f0ab,c71a828743489a21717a7461655535730749425caa160995d47cc6834a9b2132,APPLIED_VERIFIED,codex-wave4-applier,2026-08-16,Derived from the exact signed candidate and target sentence-evidence snapshot.
SENT-2045,52bebecfb2a435d0e7ff2efea557c5799674ded6,cfc2572291a2676933b08b7466d1ea1e7e76bebb,docs/5.根拠を選別・整形する/5.4.Context compression.md,REWRITE_REQUIRED,677666ed7db7be6a600e082c3041d6de7b22be56cef4fecb70f21a5cc31aacde,SENT-2286,3dc10d16e610cd7f5ab1f8640de6db0c065329b826dbce5b7661e322290f91eb,c71a828743489a21717a7461655535730749425caa160995d47cc6834a9b2132,APPLIED_VERIFIED,codex-wave4-applier,2026-08-16,Derived from the exact signed candidate and target sentence-evidence snapshot.
SENT-2050,52bebecfb2a435d0e7ff2efea557c5799674ded6,cfc2572291a2676933b08b7466d1ea1e7e76bebb,docs/5.根拠を選別・整形する/5.4.Context compression.md,APPROPRIATE_NORMATIVE,8a3bf694717d42e4fc13304d62962aa6e681b98708a7acf4b03072774c563d69,SENT-2291,8a3bf694717d42e4fc13304d62962aa6e681b98708a7acf4b03072774c563d69,c71a828743489a21717a7461655535730749425caa160995d47cc6834a9b2132,APPLIED_VERIFIED,codex-wave4-applier,2026-08-16,Derived from the exact signed candidate and target sentence-evidence snapshot.
SENT-2061,52bebecfb2a435d0e7ff2efea557c5799674ded6,cfc2572291a2676933b08b7466d1ea1e7e76bebb,docs/5.根拠を選別・整形する/5.4.Context compression.md,REWRITE_REQUIRED,a09ba89add5a261eb910317738d22b4c5cfac2dbed36c3cebc7013db62e43335,SENT-2302,eb33e54113d2a0519b25d51270232a2a7bfba42cb79504177a9cd5494b5c1b96,c71a828743489a21717a7461655535730749425caa160995d47cc6834a9b2132,APPLIED_VERIFIED,codex-wave4-applier,2026-08-16,Derived from the exact signed candidate and target sentence-evidence snapshot.
SENT-2062,52bebecfb2a435d0e7ff2efea557c5799674ded6,cfc2572291a2676933b08b7466d1ea1e7e76bebb,docs/5.根拠を選別・整形する/5.4.Context compression.md,REWRITE_REQUIRED,29a8a8701e14a42deac22979d7c48e325fb0127970cd6597a419746c59e8f117,SENT-2303,243d3242b0b398bffc4e0e164eeeddf64cddbf2e0154fbf31c2030d9eff2f9c8,c71a828743489a21717a7461655535730749425caa160995d47cc6834a9b2132,APPLIED_VERIFIED,codex-wave4-applier,2026-08-16,Derived from the exact signed candidate and target sentence-evidence snapshot.
SENT-2078,52bebecfb2a435d0e7ff2efea557c5799674ded6,cfc2572291a2676933b08b7466d1ea1e7e76bebb,docs/5.根拠を選別・整形する/5.4.Context compression.md,APPROPRIATE_NORMATIVE,1a88ebe5b464db66a89a947b788bf82aa5e28f351f60b72bd1d5a28724030bdf,SENT-2319,1a88ebe5b464db66a89a947b788bf82aa5e28f351f60b72bd1d5a28724030bdf,c71a828743489a21717a7461655535730749425caa160995d47cc6834a9b2132,APPLIED_VERIFIED,codex-wave4-applier,2026-08-16,Derived from the exact signed candidate and target sentence-evidence snapshot.
SENT-2083,52bebecfb2a435d0e7ff2efea557c5799674ded6,cfc2572291a2676933b08b7466d1ea1e7e76bebb,docs/5.根拠を選別・整形する/5.4.Context compression.md,APPROPRIATE_NORMATIVE,764559478fa89e4815d167b7387e686cab91760632d68effdf2bcf03b1c00936,SENT-2324,764559478fa89e4815d167b7387e686cab91760632d68effdf2bcf03b1c00936,c71a828743489a21717a7461655535730749425caa160995d47cc6834a9b2132,APPLIED_VERIFIED,codex-wave4-applier,2026-08-16,Derived from the exact signed candidate and target sentence-evidence snapshot.
SENT-2093,52bebecfb2a435d0e7ff2efea557c5799674ded6,cfc2572291a2676933b08b7466d1ea1e7e76bebb,docs/5.根拠を選別・整形する/5.5.Evidence Set設計.md,REWRITE_REQUIRED,3e53d9428e4db4ef2ae3603dd9748581f434f6cb8fdc8904c85e21550e64c914,SENT-2334,ae2a08392a587405e24109086e54987688eb9854e14fe1cced473b29f93cd667,14c40812dfcab30496c8302111c20813fdb6eb1b96e48783794ee7fb40276427,APPLIED_VERIFIED,codex-wave4-applier,2026-08-16,Derived from the exact signed candidate and target sentence-evidence snapshot.
SENT-2098,52bebecfb2a435d0e7ff2efea557c5799674ded6,cfc2572291a2676933b08b7466d1ea1e7e76bebb,docs/5.根拠を選別・整形する/5.5.Evidence Set設計.md,REWRITE_REQUIRED,73257737a61da1cb8c270c0eb1ca62d312ab9de9bee869461843aad84d7fa9b4,SENT-2339,057ca976bfd32c9ea788e5480e29a22fd4bb2c025d2cdc754da4cd1aa0de4b00,14c40812dfcab30496c8302111c20813fdb6eb1b96e48783794ee7fb40276427,APPLIED_VERIFIED,codex-wave4-applier,2026-08-16,Derived from the exact signed candidate and target sentence-evidence snapshot.
SENT-2139,52bebecfb2a435d0e7ff2efea557c5799674ded6,cfc2572291a2676933b08b7466d1ea1e7e76bebb,docs/5.根拠を選別・整形する/5.6.Context packing.md,APPROPRIATE_NORMATIVE,3959423f37fa6895d8477908fe5f07435eecd3454d9b3d6bfe5ee933ef9a9588,SENT-2380,3959423f37fa6895d8477908fe5f07435eecd3454d9b3d6bfe5ee933ef9a9588,507594725f3064439733f5dfcf3b439f2f69324ef7da1f0aa85db7daa402a4aa,APPLIED_VERIFIED,codex-wave4-applier,2026-08-16,Derived from the exact signed candidate and target sentence-evidence snapshot.
SENT-2154,52bebecfb2a435d0e7ff2efea557c5799674ded6,cfc2572291a2676933b08b7466d1ea1e7e76bebb,docs/5.根拠を選別・整形する/5.6.Context packing.md,APPROPRIATE_NORMATIVE,ad8cc0f75f13c00d074f666c945dc4056720d8eafcafa521ef7f58f430e9cb81,SENT-2395,ad8cc0f75f13c00d074f666c945dc4056720d8eafcafa521ef7f58f430e9cb81,507594725f3064439733f5dfcf3b439f2f69324ef7da1f0aa85db7daa402a4aa,APPLIED_VERIFIED,codex-wave4-applier,2026-08-16,Derived from the exact signed candidate and target sentence-evidence snapshot.
SENT-2155,52bebecfb2a435d0e7ff2efea557c5799674ded6,cfc2572291a2676933b08b7466d1ea1e7e76bebb,docs/5.根拠を選別・整形する/5.6.Context packing.md,REWRITE_REQUIRED,5497cbe4b78754182e57ed1673bd6f5caa62e17f732c80f706068546e2fd7bc3,SENT-2396,fe00539edc2d672e59204c31f13ed238501ba441a1ded55b7dcf0281df3e4deb,507594725f3064439733f5dfcf3b439f2f69324ef7da1f0aa85db7daa402a4aa,APPLIED_VERIFIED,codex-wave4-applier,2026-08-16,Derived from the exact signed candidate and target sentence-evidence snapshot.
SENT-2156,52bebecfb2a435d0e7ff2efea557c5799674ded6,cfc2572291a2676933b08b7466d1ea1e7e76bebb,docs/5.根拠を選別・整形する/5.6.Context packing.md,REWRITE_REQUIRED,6e22689ea2f0e3578dc92bae9b19af7e2d4860390fe4e1c94010100b51ea7d34,SENT-2397,3958b05d66fdacb8b821362bab78a07e49459cefdd2c2bea78f321770dfc0122,507594725f3064439733f5dfcf3b439f2f69324ef7da1f0aa85db7daa402a4aa,APPLIED_VERIFIED,codex-wave4-applier,2026-08-16,Derived from the exact signed candidate and target sentence-evidence snapshot.
SENT-2157,52bebecfb2a435d0e7ff2efea557c5799674ded6,cfc2572291a2676933b08b7466d1ea1e7e76bebb,docs/5.根拠を選別・整形する/5.6.Context packing.md,REWRITE_REQUIRED,544f5ebeb449b24d150aed62dd51fdb8262100aa48998d7f88a564061a07fac4,SENT-2398,c25709a4294c8753ed72751d6ade5cc0804896e3086e97d197a0ef98c70d98f8,507594725f3064439733f5dfcf3b439f2f69324ef7da1f0aa85db7daa402a4aa,APPLIED_VERIFIED,codex-wave4-applier,2026-08-16,Derived from the exact signed candidate and target sentence-evidence snapshot.
SENT-2158,52bebecfb2a435d0e7ff2efea557c5799674ded6,cfc2572291a2676933b08b7466d1ea1e7e76bebb,docs/5.根拠を選別・整形する/5.6.Context packing.md,APPROPRIATE_NORMATIVE,1f4d463d68f3d2fb7cd2fd7d4e2afdf5817108e22c0876562a2a81ab60d8d9f0,SENT-2399,1f4d463d68f3d2fb7cd2fd7d4e2afdf5817108e22c0876562a2a81ab60d8d9f0,507594725f3064439733f5dfcf3b439f2f69324ef7da1f0aa85db7daa402a4aa,APPLIED_VERIFIED,codex-wave4-applier,2026-08-16,Derived from the exact signed candidate and target sentence-evidence snapshot.
SENT-2172,52bebecfb2a435d0e7ff2efea557c5799674ded6,cfc2572291a2676933b08b7466d1ea1e7e76bebb,docs/5.根拠を選別・整形する/5.6.Context packing.md,REWRITE_REQUIRED,d52d791a073ab80bf11df7fc70b24b11cad8246723052b54acf28b51586fbab2,SENT-2413,99cdd2eb24278e0659f624b5a4299a15c2ddce266326b2fec45fe248e3a64e26,507594725f3064439733f5dfcf3b439f2f69324ef7da1f0aa85db7daa402a4aa,APPLIED_VERIFIED,codex-wave4-applier,2026-08-16,Derived from the exact signed candidate and target sentence-evidence snapshot.
SENT-2242,52bebecfb2a435d0e7ff2efea557c5799674ded6,cfc2572291a2676933b08b7466d1ea1e7e76bebb,docs/5.根拠を選別・整形する/5.7.矛盾・古い根拠の扱い.md,REWRITE_REQUIRED,60e3bb0c5a458f187dd6c1c1c0a6e2561df6db944f1fbae3a972abfaa728cea7,SENT-2483,7219db593350596ce70d69ce88b2b700917644c07574200d8a2456188b3e39ba,a6e5ead6b349c898a7d11fc9dbed37f82fc0cef88a52ca6cba0164db7991eef9,APPLIED_VERIFIED,codex-wave4-applier,2026-08-16,Derived from the exact signed candidate and target sentence-evidence snapshot.
SENT-2253,52bebecfb2a435d0e7ff2efea557c5799674ded6,cfc2572291a2676933b08b7466d1ea1e7e76bebb,docs/5.根拠を選別・整形する/5.7.矛盾・古い根拠の扱い.md,REWRITE_REQUIRED,8fd16e1254cc83afcd2d40ab82d16c4962e68016308af018531af242db5e083b,SENT-2494,0aff363ed33da2acb99b85fc61958227bb61af33c39cbc23047ed90dedfaa5b3,a6e5ead6b349c898a7d11fc9dbed37f82fc0cef88a52ca6cba0164db7991eef9,APPLIED_VERIFIED,codex-wave4-applier,2026-08-16,Derived from the exact signed candidate and target sentence-evidence snapshot.
SENT-2261,52bebecfb2a435d0e7ff2efea557c5799674ded6,cfc2572291a2676933b08b7466d1ea1e7e76bebb,docs/5.根拠を選別・整形する/5.8.Evidence validationとfallback.md,APPROPRIATE_NORMATIVE,48f38f882b253151e2fd81f99412b3ce4443a4b553c88a05ac02bfcad44c9e86,SENT-2502,48f38f882b253151e2fd81f99412b3ce4443a4b553c88a05ac02bfcad44c9e86,7ad5ddc93e0087cc2e774fee604828fb723a8a4d1e97dce6544b76b653d36676,APPLIED_VERIFIED,codex-wave4-applier,2026-08-16,Derived from the exact signed candidate and target sentence-evidence snapshot.
SENT-2287,52bebecfb2a435d0e7ff2efea557c5799674ded6,cfc2572291a2676933b08b7466d1ea1e7e76bebb,docs/6.根拠に基づいて回答する/6.1.Grounded prompt.md,APPROPRIATE_NORMATIVE,73148e3f252c93f1ac78d4c0658ffd65f4364d87a67b609409c48a1dd16c8a37,SENT-2529,73148e3f252c93f1ac78d4c0658ffd65f4364d87a67b609409c48a1dd16c8a37,a7bece06e28f7d76b985ec0ba1a5cce77af46d280e6ddf4324d859e6133c4135,APPLIED_VERIFIED,codex-wave4-applier,2026-08-16,Derived from the exact signed candidate and target sentence-evidence snapshot.
SENT-2347,52bebecfb2a435d0e7ff2efea557c5799674ded6,cfc2572291a2676933b08b7466d1ea1e7e76bebb,docs/6.根拠に基づいて回答する/6.3.Answerability・Refusal.md,APPROPRIATE_NORMATIVE,7f16e2ab60cd3113862d191ad4120c1fb6399be2763339729322cbb5c240e61c,SENT-2614,7f16e2ab60cd3113862d191ad4120c1fb6399be2763339729322cbb5c240e61c,33cc54cf0ec8c9255145d37763b43d99bdab99c31a85b38c01fda8a76d60c455,APPLIED_VERIFIED,codex-wave4-applier,2026-08-16,Derived from the exact signed candidate and target sentence-evidence snapshot.
SENT-2349,52bebecfb2a435d0e7ff2efea557c5799674ded6,cfc2572291a2676933b08b7466d1ea1e7e76bebb,docs/6.根拠に基づいて回答する/6.3.Answerability・Refusal.md,REWRITE_REQUIRED,6c4f053b01e8a836c962d1b946d6589646c16023fdf46b4b5f9ef2e7b32b9952,SENT-2616,59f0c00ed6621bf0bcfdf70112bf9ad2b30ce459d210d77d366a3022da887ef7,33cc54cf0ec8c9255145d37763b43d99bdab99c31a85b38c01fda8a76d60c455,APPLIED_VERIFIED,codex-wave4-applier,2026-08-16,Derived from the exact signed candidate and target sentence-evidence snapshot.
SENT-2350,52bebecfb2a435d0e7ff2efea557c5799674ded6,cfc2572291a2676933b08b7466d1ea1e7e76bebb,docs/6.根拠に基づいて回答する/6.3.Answerability・Refusal.md,REWRITE_REQUIRED,c9b01587187b3bbc0a2ef7c333afee6c2cee01978c8a0bdbc8ab85d918c96a0f,SENT-2617,c5ce98ee3c454f88e34bcb6ed2dc45c4e8989edd37f7e68c1aec6c2f0030cf75,33cc54cf0ec8c9255145d37763b43d99bdab99c31a85b38c01fda8a76d60c455,APPLIED_VERIFIED,codex-wave4-applier,2026-08-16,Derived from the exact signed candidate and target sentence-evidence snapshot.
SENT-2382,52bebecfb2a435d0e7ff2efea557c5799674ded6,cfc2572291a2676933b08b7466d1ea1e7e76bebb,docs/6.根拠に基づいて回答する/6.4.Citation設計.md,APPROPRIATE_NORMATIVE,b585bdda656c1f09e7d189e734b9d2040319411bd0bbdd65d87c49c7c28882a0,SENT-2649,b585bdda656c1f09e7d189e734b9d2040319411bd0bbdd65d87c49c7c28882a0,b45ab0e5468bac4d2aa3475beb7038b6e039f0cc87f458601b1f075bbd085dc5,APPLIED_VERIFIED,codex-wave4-applier,2026-08-16,Derived from the exact signed candidate and target sentence-evidence snapshot.
SENT-2449,52bebecfb2a435d0e7ff2efea557c5799674ded6,cfc2572291a2676933b08b7466d1ea1e7e76bebb,docs/6.根拠に基づいて回答する/6.6.Claim-level verification.md,REWRITE_REQUIRED,7f2e9864205ae9969d1c084041bf15a1c42bfc2d36e2cfbdf87c273fe4f2e239,SENT-2717,5b4454c187438807b48942a3da41339758923cae8da78047970f85256dba78f2,282e0a95aef7ace1f91c7fc1560b2bb5c9b3a0624ca9699f38796a58fea2fd5a,APPLIED_VERIFIED,codex-wave4-applier,2026-08-16,Derived from the exact signed candidate and target sentence-evidence snapshot.
SENT-2528,52bebecfb2a435d0e7ff2efea557c5799674ded6,cfc2572291a2676933b08b7466d1ea1e7e76bebb,docs/6.根拠に基づいて回答する/6.8.回答と業務実行の境界.md,APPROPRIATE_NORMATIVE,fe9eb57c435fd96a6d71e109212436400b688f12c19ae0bcf7de40e9f9d9625c,SENT-2796,fe9eb57c435fd96a6d71e109212436400b688f12c19ae0bcf7de40e9f9d9625c,f2bddb00914445cadc3a32e72d236d652abd94246aeb54e27a89c570977c10a7,APPLIED_VERIFIED,codex-wave4-applier,2026-08-16,Derived from the exact signed candidate and target sentence-evidence snapshot.
SENT-2538,52bebecfb2a435d0e7ff2efea557c5799674ded6,cfc2572291a2676933b08b7466d1ea1e7e76bebb,docs/6.根拠に基づいて回答する/6.8.回答と業務実行の境界.md,APPROPRIATE_NORMATIVE,61887381c2e2a0db710ee3cec5e489167612e91f4f1d62c7014c0e342160d35a,SENT-2806,be4a95dd89a44bb4438b7af082d67a602f9b1f0b355b792b05c04d7dafc7133d,f2bddb00914445cadc3a32e72d236d652abd94246aeb54e27a89c570977c10a7,APPLIED_VERIFIED,codex-wave4-applier,2026-08-16,Derived from the exact signed candidate and target sentence-evidence snapshot.
SENT-2548,52bebecfb2a435d0e7ff2efea557c5799674ded6,cfc2572291a2676933b08b7466d1ea1e7e76bebb,docs/6.根拠に基づいて回答する/序文.md,APPROPRIATE_NORMATIVE,a30779913aaa07854a696401f285d1c0f457c9e1f09afe0dc87d9780c07744c8,SENT-2817,a30779913aaa07854a696401f285d1c0f457c9e1f09afe0dc87d9780c07744c8,a9f8dbc2fc37c8d7bdfb20dfa99c22b09d75f4454fb5bb616881b35feba29e93,APPLIED_VERIFIED,codex-wave4-applier,2026-08-16,Derived from the exact signed candidate and target sentence-evidence snapshot.
SENT-2580,52bebecfb2a435d0e7ff2efea557c5799674ded6,cfc2572291a2676933b08b7466d1ea1e7e76bebb,docs/7.品質を評価し改善する/7.1.評価設計の全体像.md,APPROPRIATE_NORMATIVE,003e3debd7c4c7af42474f0342448690c1379954f51b4d3b198db7044460713d,SENT-2849,80278b3ac05dcd739ecf1cc63aa5fcb80f9957983aa8b7964ece5b7e7b53d2d2,2ee88da877ddf7b2cbb23a429390fcf0894cec1e4e292f1aeaaa12e281bcd694,APPLIED_VERIFIED,codex-wave4-applier,2026-08-16,Derived from the exact signed candidate and target sentence-evidence snapshot.
SENT-2590,52bebecfb2a435d0e7ff2efea557c5799674ded6,cfc2572291a2676933b08b7466d1ea1e7e76bebb,docs/7.品質を評価し改善する/7.1.評価設計の全体像.md,REMOVE_OR_REPLACE,5d05ddecf967ee85133b09f61ba953f1494a3e3a466ea0c16a004306937673b7,SENT-2859,5d05ddecf967ee85133b09f61ba953f1494a3e3a466ea0c16a004306937673b7,2ee88da877ddf7b2cbb23a429390fcf0894cec1e4e292f1aeaaa12e281bcd694,APPLIED_VERIFIED,codex-wave4-applier,2026-08-16,Derived from the exact signed candidate and target sentence-evidence snapshot.
SENT-2592,52bebecfb2a435d0e7ff2efea557c5799674ded6,cfc2572291a2676933b08b7466d1ea1e7e76bebb,docs/7.品質を評価し改善する/7.1.評価設計の全体像.md,REMOVE_OR_REPLACE,f4aeaa5b3d3cca2ea179e7d1f7ce2a5b823a8a397515a8e34e13d6c2814aaca9,SENT-2861,f4aeaa5b3d3cca2ea179e7d1f7ce2a5b823a8a397515a8e34e13d6c2814aaca9,2ee88da877ddf7b2cbb23a429390fcf0894cec1e4e292f1aeaaa12e281bcd694,APPLIED_VERIFIED,codex-wave4-applier,2026-08-16,Derived from the exact signed candidate and target sentence-evidence snapshot.
SENT-2600,52bebecfb2a435d0e7ff2efea557c5799674ded6,cfc2572291a2676933b08b7466d1ea1e7e76bebb,docs/7.品質を評価し改善する/7.1.評価設計の全体像.md,REWRITE_REQUIRED,e484c734cf2df32e213333cce6369d16fc1badec7626dce7d20e3112011d4c06,SENT-2869,a897b816fb898a129852a2064fe6b0805b960d0301ca1a7d9d3d738f234de53e,2ee88da877ddf7b2cbb23a429390fcf0894cec1e4e292f1aeaaa12e281bcd694,APPLIED_VERIFIED,codex-wave4-applier,2026-08-16,Derived from the exact signed candidate and target sentence-evidence snapshot.
SENT-2615,52bebecfb2a435d0e7ff2efea557c5799674ded6,cfc2572291a2676933b08b7466d1ea1e7e76bebb,docs/7.品質を評価し改善する/7.1.評価設計の全体像.md,REWRITE_REQUIRED,cc956688444651372c20d16ac6734ba1c74237a55b6b0528824889a3d4374f59,SENT-2884,b07467c18b27a08f55804f3a547391c07f14271fe3ae43f4d205f0c132a0a840,2ee88da877ddf7b2cbb23a429390fcf0894cec1e4e292f1aeaaa12e281bcd694,APPLIED_VERIFIED,codex-wave4-applier,2026-08-16,Derived from the exact signed candidate and target sentence-evidence snapshot.
SENT-2622,52bebecfb2a435d0e7ff2efea557c5799674ded6,cfc2572291a2676933b08b7466d1ea1e7e76bebb,docs/7.品質を評価し改善する/7.1.評価設計の全体像.md,REWRITE_REQUIRED,b202545b9333964ab0eab48b406a348cf13a60c54b33c14297a617846c2d155c,SENT-2894,2ee81cd0dfbeb01389b0b7d5c33fa55b5b10821c81f6285d20178b3e7fe1fc58,2ee88da877ddf7b2cbb23a429390fcf0894cec1e4e292f1aeaaa12e281bcd694,APPLIED_VERIFIED,codex-wave4-applier,2026-08-16,Derived from the exact signed candidate and target sentence-evidence snapshot.
SENT-2623,52bebecfb2a435d0e7ff2efea557c5799674ded6,cfc2572291a2676933b08b7466d1ea1e7e76bebb,docs/7.品質を評価し改善する/7.1.評価設計の全体像.md,APPROPRIATE_NORMATIVE,174bf18310ed782aaf28750d0f02b2b10788d2565ba9bdfa7a992b27d58586f3,SENT-2895,45c3ed826eee0f9f88aaf9d4009848e375b72b862de3e4bb1ac196cdb71b04d8,2ee88da877ddf7b2cbb23a429390fcf0894cec1e4e292f1aeaaa12e281bcd694,APPLIED_VERIFIED,codex-wave4-applier,2026-08-16,Derived from the exact signed candidate and target sentence-evidence snapshot.
SENT-2630,52bebecfb2a435d0e7ff2efea557c5799674ded6,cfc2572291a2676933b08b7466d1ea1e7e76bebb,docs/7.品質を評価し改善する/7.1.評価設計の全体像.md,REWRITE_REQUIRED,47e6fe5e4cd365a14a5e2eb48e600e46df5b41ec7736b41290c1c0705a21ea27,SENT-2902,3df2f86c34f7a7167b9b7ed34a37b4c45b9b584d2a49613843c94cc36135caa0,2ee88da877ddf7b2cbb23a429390fcf0894cec1e4e292f1aeaaa12e281bcd694,APPLIED_VERIFIED,codex-wave4-applier,2026-08-16,Derived from the exact signed candidate and target sentence-evidence snapshot.
SENT-2636,52bebecfb2a435d0e7ff2efea557c5799674ded6,cfc2572291a2676933b08b7466d1ea1e7e76bebb,docs/7.品質を評価し改善する/7.1.評価設計の全体像.md,REWRITE_REQUIRED,e960262a66be7dbcd450ba326be75fb2a201ec6883d2b7a452011b7cf9a652a6,SENT-2908,db3354134301b5cb3729978492df9aadf451b9617c8a2f7e2c54e00233efba71,2ee88da877ddf7b2cbb23a429390fcf0894cec1e4e292f1aeaaa12e281bcd694,APPLIED_VERIFIED,codex-wave4-applier,2026-08-16,Derived from the exact signed candidate and target sentence-evidence snapshot.
SENT-2641,52bebecfb2a435d0e7ff2efea557c5799674ded6,cfc2572291a2676933b08b7466d1ea1e7e76bebb,docs/7.品質を評価し改善する/7.1.評価設計の全体像.md,APPROPRIATE_NORMATIVE,47ee18b4efa3f75069de76bc5d8ff4d69a1c260a3c61a579ed4225de5f57be57,SENT-2913,47ee18b4efa3f75069de76bc5d8ff4d69a1c260a3c61a579ed4225de5f57be57,2ee88da877ddf7b2cbb23a429390fcf0894cec1e4e292f1aeaaa12e281bcd694,APPLIED_VERIFIED,codex-wave4-applier,2026-08-16,Derived from the exact signed candidate and target sentence-evidence snapshot.
SENT-2644,52bebecfb2a435d0e7ff2efea557c5799674ded6,cfc2572291a2676933b08b7466d1ea1e7e76bebb,docs/7.品質を評価し改善する/7.1.評価設計の全体像.md,APPROPRIATE_NORMATIVE,1a0db808ae3d2eb441ff2387dd8cdbc406131521e8b7522984648a421550bf51,SENT-2916,1a0db808ae3d2eb441ff2387dd8cdbc406131521e8b7522984648a421550bf51,2ee88da877ddf7b2cbb23a429390fcf0894cec1e4e292f1aeaaa12e281bcd694,APPLIED_VERIFIED,codex-wave4-applier,2026-08-16,Derived from the exact signed candidate and target sentence-evidence snapshot.
SENT-2647,52bebecfb2a435d0e7ff2efea557c5799674ded6,cfc2572291a2676933b08b7466d1ea1e7e76bebb,docs/7.品質を評価し改善する/7.1.評価設計の全体像.md,APPROPRIATE_NORMATIVE,f8f61c47c977922637552a2614d10127ac5a30a4a4c1560d312189927e5b7929,SENT-2919,f8f61c47c977922637552a2614d10127ac5a30a4a4c1560d312189927e5b7929,2ee88da877ddf7b2cbb23a429390fcf0894cec1e4e292f1aeaaa12e281bcd694,APPLIED_VERIFIED,codex-wave4-applier,2026-08-16,Derived from the exact signed candidate and target sentence-evidence snapshot.
SENT-2649,52bebecfb2a435d0e7ff2efea557c5799674ded6,cfc2572291a2676933b08b7466d1ea1e7e76bebb,docs/7.品質を評価し改善する/7.1.評価設計の全体像.md,REWRITE_REQUIRED,d6b6c1ea21657d25631472369db9619f6cb23903ec0a63f0d6f5e52efe26d09d,SENT-2921,01f6f2a5809c90e8eee356c5d388d4ab6b0230d08ad7258854811b577c195a52,2ee88da877ddf7b2cbb23a429390fcf0894cec1e4e292f1aeaaa12e281bcd694,APPLIED_VERIFIED,codex-wave4-applier,2026-08-16,Derived from the exact signed candidate and target sentence-evidence snapshot.
SENT-2652,52bebecfb2a435d0e7ff2efea557c5799674ded6,cfc2572291a2676933b08b7466d1ea1e7e76bebb,docs/7.品質を評価し改善する/7.1.評価設計の全体像.md,REMOVE_OR_REPLACE,9386d4c979b32fb77e01d1179f6e6555f28e656ad54bd76f8fcf2b29b5738e71,SENT-2924,9386d4c979b32fb77e01d1179f6e6555f28e656ad54bd76f8fcf2b29b5738e71,2ee88da877ddf7b2cbb23a429390fcf0894cec1e4e292f1aeaaa12e281bcd694,APPLIED_VERIFIED,codex-wave4-applier,2026-08-16,Derived from the exact signed candidate and target sentence-evidence snapshot.
SENT-2658,52bebecfb2a435d0e7ff2efea557c5799674ded6,cfc2572291a2676933b08b7466d1ea1e7e76bebb,docs/7.品質を評価し改善する/7.1.評価設計の全体像.md,APPROPRIATE_NORMATIVE,1c820e8d9c48ed7bfb0ffd666cb22b2802728bea507a7bf3a4f26c1b235af8d1,SENT-2930,c40b0deee37793ad573b2d87a8804b3fe8c86f626f0d225fc887f12b8dedeaec,2ee88da877ddf7b2cbb23a429390fcf0894cec1e4e292f1aeaaa12e281bcd694,APPLIED_VERIFIED,codex-wave4-applier,2026-08-16,Derived from the exact signed candidate and target sentence-evidence snapshot.
SENT-2666,52bebecfb2a435d0e7ff2efea557c5799674ded6,cfc2572291a2676933b08b7466d1ea1e7e76bebb,docs/7.品質を評価し改善する/7.10.改善ループ.md,APPROPRIATE_NORMATIVE,1fdfad8b66beac3838d4e786bec559d8d21b47d361114df54c11c5264f9c5f85,SENT-2938,1fdfad8b66beac3838d4e786bec559d8d21b47d361114df54c11c5264f9c5f85,dd7b2ef859b5b49d5f79cb548807837587aabee7b9f2d63ef7de16d76ccaadde,APPLIED_VERIFIED,codex-wave4-applier,2026-08-16,Derived from the exact signed candidate and target sentence-evidence snapshot.
SENT-2668,52bebecfb2a435d0e7ff2efea557c5799674ded6,cfc2572291a2676933b08b7466d1ea1e7e76bebb,docs/7.品質を評価し改善する/7.10.改善ループ.md,REWRITE_REQUIRED,0e4df48026a9adc5dca950c2e37be8bb5c64118d63d3d9e968d28973e5552cc3,SENT-2940,f384cdab15b711be4bcf6ff6a937e98e406a9466de40ce0990e09a4ea2240722,dd7b2ef859b5b49d5f79cb548807837587aabee7b9f2d63ef7de16d76ccaadde,APPLIED_VERIFIED,codex-wave4-applier,2026-08-16,Derived from the exact signed candidate and target sentence-evidence snapshot.
SENT-2669,52bebecfb2a435d0e7ff2efea557c5799674ded6,cfc2572291a2676933b08b7466d1ea1e7e76bebb,docs/7.品質を評価し改善する/7.10.改善ループ.md,APPROPRIATE_NORMATIVE,619005cc29954b6e1a5091e8f798b4e7b9c8ad2d4f743eec7918bcd79005ff8a,SENT-2941,619005cc29954b6e1a5091e8f798b4e7b9c8ad2d4f743eec7918bcd79005ff8a,dd7b2ef859b5b49d5f79cb548807837587aabee7b9f2d63ef7de16d76ccaadde,APPLIED_VERIFIED,codex-wave4-applier,2026-08-16,Derived from the exact signed candidate and target sentence-evidence snapshot.
SENT-2670,52bebecfb2a435d0e7ff2efea557c5799674ded6,cfc2572291a2676933b08b7466d1ea1e7e76bebb,docs/7.品質を評価し改善する/7.10.改善ループ.md,APPROPRIATE_NORMATIVE,1408d5a1b41ac8181baf386c88b026984333e4253870b5b72f7ce4a77cb49262,SENT-2942,1408d5a1b41ac8181baf386c88b026984333e4253870b5b72f7ce4a77cb49262,dd7b2ef859b5b49d5f79cb548807837587aabee7b9f2d63ef7de16d76ccaadde,APPLIED_VERIFIED,codex-wave4-applier,2026-08-16,Derived from the exact signed candidate and target sentence-evidence snapshot.
SENT-2677,52bebecfb2a435d0e7ff2efea557c5799674ded6,cfc2572291a2676933b08b7466d1ea1e7e76bebb,docs/7.品質を評価し改善する/7.10.改善ループ.md,APPROPRIATE_NORMATIVE,e7ba7180c0fdcd3ecceb6812e634747f03f305f4e3b3ab790000bae52e32e638,SENT-2949,e7ba7180c0fdcd3ecceb6812e634747f03f305f4e3b3ab790000bae52e32e638,dd7b2ef859b5b49d5f79cb548807837587aabee7b9f2d63ef7de16d76ccaadde,APPLIED_VERIFIED,codex-wave4-applier,2026-08-16,Derived from the exact signed candidate and target sentence-evidence snapshot.
SENT-2678,52bebecfb2a435d0e7ff2efea557c5799674ded6,cfc2572291a2676933b08b7466d1ea1e7e76bebb,docs/7.品質を評価し改善する/7.10.改善ループ.md,APPROPRIATE_NORMATIVE,8bd268f4986b4ddb4383a96d8f39e762a7fc7bdeb5e286f11105c394c364085f,SENT-2950,8bd268f4986b4ddb4383a96d8f39e762a7fc7bdeb5e286f11105c394c364085f,dd7b2ef859b5b49d5f79cb548807837587aabee7b9f2d63ef7de16d76ccaadde,APPLIED_VERIFIED,codex-wave4-applier,2026-08-16,Derived from the exact signed candidate and target sentence-evidence snapshot.
SENT-2687,52bebecfb2a435d0e7ff2efea557c5799674ded6,cfc2572291a2676933b08b7466d1ea1e7e76bebb,docs/7.品質を評価し改善する/7.2.評価データセット.md,APPROPRIATE_NORMATIVE,87c835515404c0101ce5bfc2ea0e2de753c03000b9fc594e3ebf4f975de32ba2,SENT-2959,87c835515404c0101ce5bfc2ea0e2de753c03000b9fc594e3ebf4f975de32ba2,3774a7157ed349634b8e5b4e563e9f7c26771579a2af7d5402ee9cf5b5c41480,APPLIED_VERIFIED,codex-wave4-applier,2026-08-16,Derived from the exact signed candidate and target sentence-evidence snapshot.
SENT-2689,52bebecfb2a435d0e7ff2efea557c5799674ded6,cfc2572291a2676933b08b7466d1ea1e7e76bebb,docs/7.品質を評価し改善する/7.2.評価データセット.md,APPROPRIATE_NORMATIVE,f6a61f73f2e3e0d637719be868ce39be181562b1cd90ddbd6e45d27298901524,SENT-2961,6cb0cdd93ab28574ffc9e415a10a4e75747029200750a4b65c7a9582fcf33d5d,3774a7157ed349634b8e5b4e563e9f7c26771579a2af7d5402ee9cf5b5c41480,APPLIED_VERIFIED,codex-wave4-applier,2026-08-16,Derived from the exact signed candidate and target sentence-evidence snapshot.
SENT-2690,52bebecfb2a435d0e7ff2efea557c5799674ded6,cfc2572291a2676933b08b7466d1ea1e7e76bebb,docs/7.品質を評価し改善する/7.2.評価データセット.md,APPROPRIATE_NORMATIVE,10d836de62d676adf483307b6aa116669ba5d0f89af9b4b9cc9cc2a85e4f271b,SENT-2962,fae74a0d675b1748d0c4bcdb5f0280e376531450e3426d46d9953601c115ded8,3774a7157ed349634b8e5b4e563e9f7c26771579a2af7d5402ee9cf5b5c41480,APPLIED_VERIFIED,codex-wave4-applier,2026-08-16,Derived from the exact signed candidate and target sentence-evidence snapshot.
SENT-2696,52bebecfb2a435d0e7ff2efea557c5799674ded6,cfc2572291a2676933b08b7466d1ea1e7e76bebb,docs/7.品質を評価し改善する/7.2.評価データセット.md,APPROPRIATE_NORMATIVE,8d199bdbcbc63ea5e1b9763683faf364ca1cf4a5eb49342de428ce983908f24b,SENT-2968,8d199bdbcbc63ea5e1b9763683faf364ca1cf4a5eb49342de428ce983908f24b,3774a7157ed349634b8e5b4e563e9f7c26771579a2af7d5402ee9cf5b5c41480,APPLIED_VERIFIED,codex-wave4-applier,2026-08-16,Derived from the exact signed candidate and target sentence-evidence snapshot.
SENT-2713,52bebecfb2a435d0e7ff2efea557c5799674ded6,cfc2572291a2676933b08b7466d1ea1e7e76bebb,docs/7.品質を評価し改善する/7.2.評価データセット.md,REWRITE_REQUIRED,7181b58a016dfdb261fb18de2730d7ce020cebc39cb1da3de63083f7be0b5ffa,SENT-2985,e233dc7018ddfb826641a526b7803d26f369431254a99ef7e2995d1bdb57fba1,3774a7157ed349634b8e5b4e563e9f7c26771579a2af7d5402ee9cf5b5c41480,APPLIED_VERIFIED,codex-wave4-applier,2026-08-16,Derived from the exact signed candidate and target sentence-evidence snapshot.
SENT-2715,52bebecfb2a435d0e7ff2efea557c5799674ded6,cfc2572291a2676933b08b7466d1ea1e7e76bebb,docs/7.品質を評価し改善する/7.2.評価データセット.md,APPROPRIATE_NORMATIVE,8228c95eb857543c6b96675943e32b9764aa9eaf6be332da7d65900282f07dc8,SENT-2987,8228c95eb857543c6b96675943e32b9764aa9eaf6be332da7d65900282f07dc8,3774a7157ed349634b8e5b4e563e9f7c26771579a2af7d5402ee9cf5b5c41480,APPLIED_VERIFIED,codex-wave4-applier,2026-08-16,Derived from the exact signed candidate and target sentence-evidence snapshot.
SENT-2743,52bebecfb2a435d0e7ff2efea557c5799674ded6,cfc2572291a2676933b08b7466d1ea1e7e76bebb,docs/7.品質を評価し改善する/7.3.Pre-retrieval・Batch評価.md,REWRITE_REQUIRED,f70dfcd66da798fe0292f09e39a4c8f959ed3470694b3a2b1ab6b3e584a406ca,SENT-3015,77cfe3e582a4a453e026d1b1cf8be402d7da529be2a9c2c435d90fc1c64eb9da,077cfd0a19042727b97c3a23a14759ba18323c91bc70de594cb9564ee138b08b,APPLIED_VERIFIED,codex-wave4-applier,2026-08-16,Derived from the exact signed candidate and target sentence-evidence snapshot.
SENT-2747,52bebecfb2a435d0e7ff2efea557c5799674ded6,cfc2572291a2676933b08b7466d1ea1e7e76bebb,docs/7.品質を評価し改善する/7.3.Pre-retrieval・Batch評価.md,APPROPRIATE_NORMATIVE,047b512c5cbcad6c3ebe95fe2700890be626c1ae57192e3c2e28e3e4810f1e54,SENT-3019,d00c642817a617823a3297600006f0bca6d6e17dcd89cd99dc2793019f592d18,077cfd0a19042727b97c3a23a14759ba18323c91bc70de594cb9564ee138b08b,APPLIED_VERIFIED,codex-wave4-applier,2026-08-16,Derived from the exact signed candidate and target sentence-evidence snapshot.
SENT-2756,52bebecfb2a435d0e7ff2efea557c5799674ded6,cfc2572291a2676933b08b7466d1ea1e7e76bebb,docs/7.品質を評価し改善する/7.3.Pre-retrieval・Batch評価.md,APPROPRIATE_NORMATIVE,ad9f950cec0954d943aff7dceeab43ec52559a09b4305d5364dcf4c2d32fba00,SENT-3028,ad9f950cec0954d943aff7dceeab43ec52559a09b4305d5364dcf4c2d32fba00,077cfd0a19042727b97c3a23a14759ba18323c91bc70de594cb9564ee138b08b,APPLIED_VERIFIED,codex-wave4-applier,2026-08-16,Derived from the exact signed candidate and target sentence-evidence snapshot.
SENT-2760,52bebecfb2a435d0e7ff2efea557c5799674ded6,cfc2572291a2676933b08b7466d1ea1e7e76bebb,docs/7.品質を評価し改善する/7.3.Pre-retrieval・Batch評価.md,REWRITE_REQUIRED,ceef1a6644481029b26fde8f8c3d2f714b3bc063874f1df5aa3ad607310b70c9,SENT-3032;SENT-3033,8c3e27a8c694037649d5b2c1474e393a6829b4b8eec46906a2848fa98c77ec12,077cfd0a19042727b97c3a23a14759ba18323c91bc70de594cb9564ee138b08b,APPLIED_VERIFIED,codex-wave4-applier,2026-08-16,Derived from the exact signed candidate and target sentence-evidence snapshot.
SENT-2782,52bebecfb2a435d0e7ff2efea557c5799674ded6,cfc2572291a2676933b08b7466d1ea1e7e76bebb,docs/7.品質を評価し改善する/7.3.Pre-retrieval・Batch評価.md,APPROPRIATE_NORMATIVE,ad967f4b19f0f4582e364e3ebb5d9fc04046575a60167d0c0fb93a59650e9b67,SENT-3055,5cda4f8a7eaed05cef968c6227c2dce00667aa73bc17a60c63c710f221666c49,077cfd0a19042727b97c3a23a14759ba18323c91bc70de594cb9564ee138b08b,APPLIED_VERIFIED,codex-wave4-applier,2026-08-16,Derived from the exact signed candidate and target sentence-evidence snapshot.
SENT-2787,52bebecfb2a435d0e7ff2efea557c5799674ded6,cfc2572291a2676933b08b7466d1ea1e7e76bebb,docs/7.品質を評価し改善する/7.3.Pre-retrieval・Batch評価.md,REWRITE_REQUIRED,ab196f7795bf216a2cd691375badfa715b1351038c202541043e87b17a8917df,SENT-3060,092f01cc297819859e6a334bf68ddbb05ba5a9e3fb023299fd131643fffa538e,077cfd0a19042727b97c3a23a14759ba18323c91bc70de594cb9564ee138b08b,APPLIED_VERIFIED,codex-wave4-applier,2026-08-16,Derived from the exact signed candidate and target sentence-evidence snapshot.
SENT-2789,52bebecfb2a435d0e7ff2efea557c5799674ded6,cfc2572291a2676933b08b7466d1ea1e7e76bebb,docs/7.品質を評価し改善する/7.3.Pre-retrieval・Batch評価.md,APPROPRIATE_NORMATIVE,8990d8c1a7859227d5276ed58f934867dfddea88a670389dc198bf44d389a7b6,SENT-3062,8990d8c1a7859227d5276ed58f934867dfddea88a670389dc198bf44d389a7b6,077cfd0a19042727b97c3a23a14759ba18323c91bc70de594cb9564ee138b08b,APPLIED_VERIFIED,codex-wave4-applier,2026-08-16,Derived from the exact signed candidate and target sentence-evidence snapshot.
SENT-2792,52bebecfb2a435d0e7ff2efea557c5799674ded6,cfc2572291a2676933b08b7466d1ea1e7e76bebb,docs/7.品質を評価し改善する/7.3.Pre-retrieval・Batch評価.md,APPROPRIATE_NORMATIVE,8e8d80470b9a9ff69bbdf27fffa4f81eaeb13fa9a0c80c6588ffb58ef69de6d2,SENT-3065,8e8d80470b9a9ff69bbdf27fffa4f81eaeb13fa9a0c80c6588ffb58ef69de6d2,077cfd0a19042727b97c3a23a14759ba18323c91bc70de594cb9564ee138b08b,APPLIED_VERIFIED,codex-wave4-applier,2026-08-16,Derived from the exact signed candidate and target sentence-evidence snapshot.
SENT-2794,52bebecfb2a435d0e7ff2efea557c5799674ded6,cfc2572291a2676933b08b7466d1ea1e7e76bebb,docs/7.品質を評価し改善する/7.3.Pre-retrieval・Batch評価.md,APPROPRIATE_NORMATIVE,0c01127f7db4c4f02c410237bcf3a4a94286e71b56beed69b07f166cfa7e6613,SENT-3067,0c01127f7db4c4f02c410237bcf3a4a94286e71b56beed69b07f166cfa7e6613,077cfd0a19042727b97c3a23a14759ba18323c91bc70de594cb9564ee138b08b,APPLIED_VERIFIED,codex-wave4-applier,2026-08-16,Derived from the exact signed candidate and target sentence-evidence snapshot.
SENT-2795,52bebecfb2a435d0e7ff2efea557c5799674ded6,cfc2572291a2676933b08b7466d1ea1e7e76bebb,docs/7.品質を評価し改善する/7.3.Pre-retrieval・Batch評価.md,REWRITE_REQUIRED,7a22cd00b7bcd80112a791574ea0f72c87d1f33382ca39185026d0b37c0c3cfb,SENT-3068,19ce7a0ad1967a0ffda6f8e5cfc5b66d4dd598f6ee45856c09aa4a95c4e2e3ba,077cfd0a19042727b97c3a23a14759ba18323c91bc70de594cb9564ee138b08b,APPLIED_VERIFIED,codex-wave4-applier,2026-08-16,Derived from the exact signed candidate and target sentence-evidence snapshot.
SENT-2797,52bebecfb2a435d0e7ff2efea557c5799674ded6,cfc2572291a2676933b08b7466d1ea1e7e76bebb,docs/7.品質を評価し改善する/7.3.Pre-retrieval・Batch評価.md,REWRITE_REQUIRED,3fdf4cefeb22c5d54864bf0067ea8f82a801ec7b88f972606e4608010005a609,SENT-3070,ae98f9197d01881c7ed5c401673ee0550b9f275fb74f67b6074c4b8e858e5536,077cfd0a19042727b97c3a23a14759ba18323c91bc70de594cb9564ee138b08b,APPLIED_VERIFIED,codex-wave4-applier,2026-08-16,Derived from the exact signed candidate and target sentence-evidence snapshot.
SENT-2800,52bebecfb2a435d0e7ff2efea557c5799674ded6,cfc2572291a2676933b08b7466d1ea1e7e76bebb,docs/7.品質を評価し改善する/7.3.Pre-retrieval・Batch評価.md,REWRITE_REQUIRED,9cb597efc26a0cdadfafe82b884882caa4328b5bbbb05a8bd32cae6e234d093e,SENT-3073,0306e914d88afe574bec93f8aaf69af675a86e56b4662e466b533857cbcc77dd,077cfd0a19042727b97c3a23a14759ba18323c91bc70de594cb9564ee138b08b,APPLIED_VERIFIED,codex-wave4-applier,2026-08-16,Derived from the exact signed candidate and target sentence-evidence snapshot.
SENT-2801,52bebecfb2a435d0e7ff2efea557c5799674ded6,cfc2572291a2676933b08b7466d1ea1e7e76bebb,docs/7.品質を評価し改善する/7.3.Pre-retrieval・Batch評価.md,REWRITE_REQUIRED,119353e8db591dafba7411a9abb16c1175a774884a264541ee8fa44f65f8a14e,SENT-3074,e21be10c19b1bbe582de1ad6edc9c011df58b907ca2d589bebc723d1f1a7bfa4,077cfd0a19042727b97c3a23a14759ba18323c91bc70de594cb9564ee138b08b,APPLIED_VERIFIED,codex-wave4-applier,2026-08-16,Derived from the exact signed candidate and target sentence-evidence snapshot.
SENT-2802,52bebecfb2a435d0e7ff2efea557c5799674ded6,cfc2572291a2676933b08b7466d1ea1e7e76bebb,docs/7.品質を評価し改善する/7.3.Pre-retrieval・Batch評価.md,APPROPRIATE_NORMATIVE,fe090b10fdd6b5074c1b3b2a72b1df648ba1bf8f6ac17837e9ce36b531f4d318,SENT-3075,fe090b10fdd6b5074c1b3b2a72b1df648ba1bf8f6ac17837e9ce36b531f4d318,077cfd0a19042727b97c3a23a14759ba18323c91bc70de594cb9564ee138b08b,APPLIED_VERIFIED,codex-wave4-applier,2026-08-16,Derived from the exact signed candidate and target sentence-evidence snapshot.
SENT-2804,52bebecfb2a435d0e7ff2efea557c5799674ded6,cfc2572291a2676933b08b7466d1ea1e7e76bebb,docs/7.品質を評価し改善する/7.3.Pre-retrieval・Batch評価.md,REWRITE_REQUIRED,68d647de9e651788e2b7fdbf711452ed428a8ae7e87d5b410e5813803ee0445c,SENT-3077,65dde5c41017bda53381089ec79ba4b5fe63d698cd57e060c3c27507ff1a02e6,077cfd0a19042727b97c3a23a14759ba18323c91bc70de594cb9564ee138b08b,APPLIED_VERIFIED,codex-wave4-applier,2026-08-16,Derived from the exact signed candidate and target sentence-evidence snapshot.
SENT-2805,52bebecfb2a435d0e7ff2efea557c5799674ded6,cfc2572291a2676933b08b7466d1ea1e7e76bebb,docs/7.品質を評価し改善する/7.3.Pre-retrieval・Batch評価.md,APPROPRIATE_NORMATIVE,0e0d99f831801b8c27314aab92c8ef7d0ee2f5bcd42de993f59b11ed6f98cb25,SENT-3078,0e0d99f831801b8c27314aab92c8ef7d0ee2f5bcd42de993f59b11ed6f98cb25,077cfd0a19042727b97c3a23a14759ba18323c91bc70de594cb9564ee138b08b,APPLIED_VERIFIED,codex-wave4-applier,2026-08-16,Derived from the exact signed candidate and target sentence-evidence snapshot.
SENT-2815,52bebecfb2a435d0e7ff2efea557c5799674ded6,cfc2572291a2676933b08b7466d1ea1e7e76bebb,docs/7.品質を評価し改善する/7.4.Retrieval評価.md,REWRITE_REQUIRED,78b036fc203dbb463b13e94790c7349f9652323052eaf2a12a2889fbdefeaa0c,SENT-3088,2a88e41df47388a45e2a40bed2f15b2fe72336844fa50a74fde67e6fa951c4cb,ff2ca79204c6b697321ab028f36bfc9c4024df3bed8e91b9f621f2e70ff7e130,APPLIED_VERIFIED,codex-wave4-applier,2026-08-16,Derived from the exact signed candidate and target sentence-evidence snapshot.
SENT-2821,52bebecfb2a435d0e7ff2efea557c5799674ded6,cfc2572291a2676933b08b7466d1ea1e7e76bebb,docs/7.品質を評価し改善する/7.4.Retrieval評価.md,REWRITE_REQUIRED,9c34df3427289a2f88208838c54f8586878ea9492a511b0f13da57960a94cbc4,SENT-3094,ef979612baacebda35a678d6a4bf25d3ef412b19192412abe25a6e3a6f760b8c,ff2ca79204c6b697321ab028f36bfc9c4024df3bed8e91b9f621f2e70ff7e130,APPLIED_VERIFIED,codex-wave4-applier,2026-08-16,Derived from the exact signed candidate and target sentence-evidence snapshot.
SENT-2827,52bebecfb2a435d0e7ff2efea557c5799674ded6,cfc2572291a2676933b08b7466d1ea1e7e76bebb,docs/7.品質を評価し改善する/7.4.Retrieval評価.md,APPROPRIATE_NORMATIVE,5487ffb1f507fdebed040baecfa8fd797cf36f4ff3db2fde9f240f95d2d50f25,SENT-3100,5487ffb1f507fdebed040baecfa8fd797cf36f4ff3db2fde9f240f95d2d50f25,ff2ca79204c6b697321ab028f36bfc9c4024df3bed8e91b9f621f2e70ff7e130,APPLIED_VERIFIED,codex-wave4-applier,2026-08-16,Derived from the exact signed candidate and target sentence-evidence snapshot.
SENT-2840,52bebecfb2a435d0e7ff2efea557c5799674ded6,cfc2572291a2676933b08b7466d1ea1e7e76bebb,docs/7.品質を評価し改善する/7.4.Retrieval評価.md,REWRITE_REQUIRED,910d9d0e5cea13bb74d0e21f05e8d06cb34ba3b1f040fb7ce113993df3af5d65,SENT-3127,d59e866d7c6fa9085f8d696aaf95ba43163f487660739fa2fc1dce85c57a8ac7,ff2ca79204c6b697321ab028f36bfc9c4024df3bed8e91b9f621f2e70ff7e130,APPLIED_VERIFIED,codex-wave4-applier,2026-08-16,Derived from the exact signed candidate and target sentence-evidence snapshot.
SENT-2842,52bebecfb2a435d0e7ff2efea557c5799674ded6,cfc2572291a2676933b08b7466d1ea1e7e76bebb,docs/7.品質を評価し改善する/7.4.Retrieval評価.md,REWRITE_REQUIRED,9e8ecbb7509bff3f62cc2c3e8d166edebdde8fd5c2d967131776c4bf2c6e2580,SENT-3129,0ed9873125fa78434b8a1faf17cfc3d66bba13c8135fef371632325718142ffe,ff2ca79204c6b697321ab028f36bfc9c4024df3bed8e91b9f621f2e70ff7e130,APPLIED_VERIFIED,codex-wave4-applier,2026-08-16,Derived from the exact signed candidate and target sentence-evidence snapshot.
SENT-2843,52bebecfb2a435d0e7ff2efea557c5799674ded6,cfc2572291a2676933b08b7466d1ea1e7e76bebb,docs/7.品質を評価し改善する/7.4.Retrieval評価.md,REWRITE_REQUIRED,b680f3debf0e3504d4d599811260132cb8c79b57163256ca5c5c6c4ec19d23a5,SENT-3130,1198bd15031a42f1cac4006f0ad28d4e8e5f6f85e4585c75958d0a9dc147ec76,ff2ca79204c6b697321ab028f36bfc9c4024df3bed8e91b9f621f2e70ff7e130,APPLIED_VERIFIED,codex-wave4-applier,2026-08-16,Derived from the exact signed candidate and target sentence-evidence snapshot.
SENT-2846,52bebecfb2a435d0e7ff2efea557c5799674ded6,cfc2572291a2676933b08b7466d1ea1e7e76bebb,docs/7.品質を評価し改善する/7.4.Retrieval評価.md,APPROPRIATE_NORMATIVE,96df1047ab828799e337db44fb75ff5dce8297f80cf66d0bcd46e73650c29819,SENT-3133,96df1047ab828799e337db44fb75ff5dce8297f80cf66d0bcd46e73650c29819,ff2ca79204c6b697321ab028f36bfc9c4024df3bed8e91b9f621f2e70ff7e130,APPLIED_VERIFIED,codex-wave4-applier,2026-08-16,Derived from the exact signed candidate and target sentence-evidence snapshot.
SENT-2848,52bebecfb2a435d0e7ff2efea557c5799674ded6,cfc2572291a2676933b08b7466d1ea1e7e76bebb,docs/7.品質を評価し改善する/7.4.Retrieval評価.md,REWRITE_REQUIRED,72356aa3f44fbf2aff23d034c4261bfa915b0089c7d7b6eccb247a28c1d6e00b,SENT-3135,356e6f32bf953b85fa496777cd590f2794d82cc7e3173fc935cc740614d73c6a,ff2ca79204c6b697321ab028f36bfc9c4024df3bed8e91b9f621f2e70ff7e130,APPLIED_VERIFIED,codex-wave4-applier,2026-08-16,Derived from the exact signed candidate and target sentence-evidence snapshot.
SENT-2850,52bebecfb2a435d0e7ff2efea557c5799674ded6,cfc2572291a2676933b08b7466d1ea1e7e76bebb,docs/7.品質を評価し改善する/7.4.Retrieval評価.md,REWRITE_REQUIRED,ff00a31f92890c04979b57edeb3b02e63353de4518ae083c436fcd89095108bf,SENT-3137,9e6b073406e94b7f3e2e0dae8132264303d8a461727a0163c62f2594799affd7,ff2ca79204c6b697321ab028f36bfc9c4024df3bed8e91b9f621f2e70ff7e130,APPLIED_VERIFIED,codex-wave4-applier,2026-08-16,Derived from the exact signed candidate and target sentence-evidence snapshot.
SENT-2853,52bebecfb2a435d0e7ff2efea557c5799674ded6,cfc2572291a2676933b08b7466d1ea1e7e76bebb,docs/7.品質を評価し改善する/7.4.Retrieval評価.md,APPROPRIATE_NORMATIVE,b12f206cd5ce21dae7dd9bbcfd20ff1087450659838f8d8670f0a28555b9e972,SENT-3140,b12f206cd5ce21dae7dd9bbcfd20ff1087450659838f8d8670f0a28555b9e972,ff2ca79204c6b697321ab028f36bfc9c4024df3bed8e91b9f621f2e70ff7e130,APPLIED_VERIFIED,codex-wave4-applier,2026-08-16,Derived from the exact signed candidate and target sentence-evidence snapshot.
SENT-2855,52bebecfb2a435d0e7ff2efea557c5799674ded6,cfc2572291a2676933b08b7466d1ea1e7e76bebb,docs/7.品質を評価し改善する/7.4.Retrieval評価.md,REWRITE_REQUIRED,b9f7522bc1c9e3fe87c2f742c202ed72f129223419661eb55dd09a876bd4e2d6,SENT-3142,8aeaf7464b0970fad3f133b08753eb74bb78bc64fa346962e3da0f23d95d36a1,ff2ca79204c6b697321ab028f36bfc9c4024df3bed8e91b9f621f2e70ff7e130,APPLIED_VERIFIED,codex-wave4-applier,2026-08-16,Derived from the exact signed candidate and target sentence-evidence snapshot.
SENT-2858,52bebecfb2a435d0e7ff2efea557c5799674ded6,cfc2572291a2676933b08b7466d1ea1e7e76bebb,docs/7.品質を評価し改善する/7.4.Retrieval評価.md,APPROPRIATE_NORMATIVE,911b9f9a45cacd0f953023194f11a7e38e35cdd96c66964fb43ed64e4a81d7a5,SENT-3145,911b9f9a45cacd0f953023194f11a7e38e35cdd96c66964fb43ed64e4a81d7a5,ff2ca79204c6b697321ab028f36bfc9c4024df3bed8e91b9f621f2e70ff7e130,APPLIED_VERIFIED,codex-wave4-applier,2026-08-16,Derived from the exact signed candidate and target sentence-evidence snapshot.
SENT-2862,52bebecfb2a435d0e7ff2efea557c5799674ded6,cfc2572291a2676933b08b7466d1ea1e7e76bebb,docs/7.品質を評価し改善する/7.4.Retrieval評価.md,APPROPRIATE_NORMATIVE,157034335263cf858d8a60c3ad07127e342232de59fe82bebaffd49e19628e46,SENT-3149,02889a1f7abe04f6eef09e716480896100fa849afc4b1b1158bbb108dec0c64d,ff2ca79204c6b697321ab028f36bfc9c4024df3bed8e91b9f621f2e70ff7e130,APPLIED_VERIFIED,codex-wave4-applier,2026-08-16,Derived from the exact signed candidate and target sentence-evidence snapshot.
SENT-2867,52bebecfb2a435d0e7ff2efea557c5799674ded6,cfc2572291a2676933b08b7466d1ea1e7e76bebb,docs/7.品質を評価し改善する/7.4.Retrieval評価.md,APPROPRIATE_NORMATIVE,4741c380b4eb38398add52dadcd2a6b2692f8f3bf13c031ff67305e537ecd8c7,SENT-3154,4741c380b4eb38398add52dadcd2a6b2692f8f3bf13c031ff67305e537ecd8c7,ff2ca79204c6b697321ab028f36bfc9c4024df3bed8e91b9f621f2e70ff7e130,APPLIED_VERIFIED,codex-wave4-applier,2026-08-16,Derived from the exact signed candidate and target sentence-evidence snapshot.
SENT-2872,52bebecfb2a435d0e7ff2efea557c5799674ded6,cfc2572291a2676933b08b7466d1ea1e7e76bebb,docs/7.品質を評価し改善する/7.4.Retrieval評価.md,APPROPRIATE_NORMATIVE,6156777f69bce4075c6977a5d1ff59c1240ca2da704d3dce5ce895ecc9293cf8,SENT-3159,6156777f69bce4075c6977a5d1ff59c1240ca2da704d3dce5ce895ecc9293cf8,ff2ca79204c6b697321ab028f36bfc9c4024df3bed8e91b9f621f2e70ff7e130,APPLIED_VERIFIED,codex-wave4-applier,2026-08-16,Derived from the exact signed candidate and target sentence-evidence snapshot.
SENT-2876,52bebecfb2a435d0e7ff2efea557c5799674ded6,cfc2572291a2676933b08b7466d1ea1e7e76bebb,docs/7.品質を評価し改善する/7.4.Retrieval評価.md,APPROPRIATE_NORMATIVE,0061d0602a27c59f71a1247f876af2fe338d52846aba00fecefe5de4580797b5,SENT-3163,369223c14238d454546b7940885b70b1c1c0a15d108779108ea3dee577342da9,ff2ca79204c6b697321ab028f36bfc9c4024df3bed8e91b9f621f2e70ff7e130,APPLIED_VERIFIED,codex-wave4-applier,2026-08-16,Derived from the exact signed candidate and target sentence-evidence snapshot.
SENT-2878,52bebecfb2a435d0e7ff2efea557c5799674ded6,cfc2572291a2676933b08b7466d1ea1e7e76bebb,docs/7.品質を評価し改善する/7.4.Retrieval評価.md,APPROPRIATE_NORMATIVE,bfd7e881caef3f0e45df6835b0c6f5006e22891f304cb29fb168682c352a093b,SENT-3165,bfd7e881caef3f0e45df6835b0c6f5006e22891f304cb29fb168682c352a093b,ff2ca79204c6b697321ab028f36bfc9c4024df3bed8e91b9f621f2e70ff7e130,APPLIED_VERIFIED,codex-wave4-applier,2026-08-16,Derived from the exact signed candidate and target sentence-evidence snapshot.
SENT-2879,52bebecfb2a435d0e7ff2efea557c5799674ded6,cfc2572291a2676933b08b7466d1ea1e7e76bebb,docs/7.品質を評価し改善する/7.4.Retrieval評価.md,APPROPRIATE_NORMATIVE,7615e4168a898c4f70561d8d0d10d39b644f73eb4b9a33da03b3a98c5b1bd221,SENT-3166,7615e4168a898c4f70561d8d0d10d39b644f73eb4b9a33da03b3a98c5b1bd221,ff2ca79204c6b697321ab028f36bfc9c4024df3bed8e91b9f621f2e70ff7e130,APPLIED_VERIFIED,codex-wave4-applier,2026-08-16,Derived from the exact signed candidate and target sentence-evidence snapshot.
SENT-2881,52bebecfb2a435d0e7ff2efea557c5799674ded6,cfc2572291a2676933b08b7466d1ea1e7e76bebb,docs/7.品質を評価し改善する/7.4.Retrieval評価.md,APPROPRIATE_NORMATIVE,50b9c1abe63b05eab9df03b720ad9adf999ae153e32b7958ba47cdbd765f1ddf,SENT-3168,50b9c1abe63b05eab9df03b720ad9adf999ae153e32b7958ba47cdbd765f1ddf,ff2ca79204c6b697321ab028f36bfc9c4024df3bed8e91b9f621f2e70ff7e130,APPLIED_VERIFIED,codex-wave4-applier,2026-08-16,Derived from the exact signed candidate and target sentence-evidence snapshot.
SENT-2884,52bebecfb2a435d0e7ff2efea557c5799674ded6,cfc2572291a2676933b08b7466d1ea1e7e76bebb,docs/7.品質を評価し改善する/7.5.Post-retrieval・Evidence評価.md,APPROPRIATE_NORMATIVE,5a7cffce863606cf7dbb69495fca40993eda8f3bff533f7dade7de1cdbb41114,SENT-3171,850e1579b2dcf471017a4a257eece4fbcc6145254ac01f1bd1279cb35e56f87e,7297d4080bc338657a7aab05a7dd5d387b4a8fb04e9e14c7d6e876b3b51e19b0,APPLIED_VERIFIED,codex-wave4-applier,2026-08-16,Derived from the exact signed candidate and target sentence-evidence snapshot.
SENT-2892,52bebecfb2a435d0e7ff2efea557c5799674ded6,cfc2572291a2676933b08b7466d1ea1e7e76bebb,docs/7.品質を評価し改善する/7.5.Post-retrieval・Evidence評価.md,REWRITE_REQUIRED,294f25aa43f72fd4be972ee14eda697af73827dfba37c96536b4f3a4dd2effff,SENT-3179,7346f49335508455b1df5ffb19d1202635dd9a5e097004c9e309050a677262ba,7297d4080bc338657a7aab05a7dd5d387b4a8fb04e9e14c7d6e876b3b51e19b0,APPLIED_VERIFIED,codex-wave4-applier,2026-08-16,Derived from the exact signed candidate and target sentence-evidence snapshot.
SENT-2895,52bebecfb2a435d0e7ff2efea557c5799674ded6,cfc2572291a2676933b08b7466d1ea1e7e76bebb,docs/7.品質を評価し改善する/7.5.Post-retrieval・Evidence評価.md,REWRITE_REQUIRED,e7649082105ecc04c0d25e5043b2bd68ad563a3c65cc9a0352d2654dd6cf8bc5,SENT-3182,ca666bd2af370177c2fb9f928deba5798628ad45dc969b8615df94800804b423,7297d4080bc338657a7aab05a7dd5d387b4a8fb04e9e14c7d6e876b3b51e19b0,APPLIED_VERIFIED,codex-wave4-applier,2026-08-16,Derived from the exact signed candidate and target sentence-evidence snapshot.
SENT-2898,52bebecfb2a435d0e7ff2efea557c5799674ded6,cfc2572291a2676933b08b7466d1ea1e7e76bebb,docs/7.品質を評価し改善する/7.5.Post-retrieval・Evidence評価.md,APPROPRIATE_NORMATIVE,bc397cc24377914cf7fa439d6fbfd7dbb4b4efcd7bf9a59287dfdb8b83a03789,SENT-3185,bc397cc24377914cf7fa439d6fbfd7dbb4b4efcd7bf9a59287dfdb8b83a03789,7297d4080bc338657a7aab05a7dd5d387b4a8fb04e9e14c7d6e876b3b51e19b0,APPLIED_VERIFIED,codex-wave4-applier,2026-08-16,Derived from the exact signed candidate and target sentence-evidence snapshot.
SENT-2903,52bebecfb2a435d0e7ff2efea557c5799674ded6,cfc2572291a2676933b08b7466d1ea1e7e76bebb,docs/7.品質を評価し改善する/7.5.Post-retrieval・Evidence評価.md,APPROPRIATE_NORMATIVE,1c0e0a5058db0a5bd9d3a3c49968bf9dbbe73d2b9f4494229e6d27e349804ec5,SENT-3190,daf459761c2252d86d8c4933847a1f945bf9fbb8cd3f4b30401145d3fda21cb5,7297d4080bc338657a7aab05a7dd5d387b4a8fb04e9e14c7d6e876b3b51e19b0,APPLIED_VERIFIED,codex-wave4-applier,2026-08-16,Derived from the exact signed candidate and target sentence-evidence snapshot.
SENT-2906,52bebecfb2a435d0e7ff2efea557c5799674ded6,cfc2572291a2676933b08b7466d1ea1e7e76bebb,docs/7.品質を評価し改善する/7.5.Post-retrieval・Evidence評価.md,APPROPRIATE_NORMATIVE,2d5199fbf4ac5f4aa5268a4f274a49aa6dee47c5531021b74c10f41fb5f33abe,SENT-3193,7bcc41f8349fb6e5889fc093ab82c8f8f5210b2615dc28dee4e4f10dcc343644,7297d4080bc338657a7aab05a7dd5d387b4a8fb04e9e14c7d6e876b3b51e19b0,APPLIED_VERIFIED,codex-wave4-applier,2026-08-16,Derived from the exact signed candidate and target sentence-evidence snapshot.
SENT-2907,52bebecfb2a435d0e7ff2efea557c5799674ded6,cfc2572291a2676933b08b7466d1ea1e7e76bebb,docs/7.品質を評価し改善する/7.5.Post-retrieval・Evidence評価.md,APPROPRIATE_NORMATIVE,b9c61721da467bad8184ced34fa1d6c027bc0c972573fdd18fd1467ac57630f6,SENT-3194,b9c61721da467bad8184ced34fa1d6c027bc0c972573fdd18fd1467ac57630f6,7297d4080bc338657a7aab05a7dd5d387b4a8fb04e9e14c7d6e876b3b51e19b0,APPLIED_VERIFIED,codex-wave4-applier,2026-08-16,Derived from the exact signed candidate and target sentence-evidence snapshot.
SENT-2909,52bebecfb2a435d0e7ff2efea557c5799674ded6,cfc2572291a2676933b08b7466d1ea1e7e76bebb,docs/7.品質を評価し改善する/7.5.Post-retrieval・Evidence評価.md,APPROPRIATE_NORMATIVE,b2a000e461aea60a62471774e0207ff761ce9e08173968f9979250d62b11d68a,SENT-3196,02a6b2374a46b0ad5a9a3fc9887da70d0f3690c09681580b40ed5162282dd6e0,7297d4080bc338657a7aab05a7dd5d387b4a8fb04e9e14c7d6e876b3b51e19b0,APPLIED_VERIFIED,codex-wave4-applier,2026-08-16,Derived from the exact signed candidate and target sentence-evidence snapshot.
SENT-2911,52bebecfb2a435d0e7ff2efea557c5799674ded6,cfc2572291a2676933b08b7466d1ea1e7e76bebb,docs/7.品質を評価し改善する/7.5.Post-retrieval・Evidence評価.md,APPROPRIATE_NORMATIVE,3b1d7bb4cf7cd5e85eda8f212882b7c8bfc2af120818e8d42bfa479a197d52ae,SENT-3198,3b1d7bb4cf7cd5e85eda8f212882b7c8bfc2af120818e8d42bfa479a197d52ae,7297d4080bc338657a7aab05a7dd5d387b4a8fb04e9e14c7d6e876b3b51e19b0,APPLIED_VERIFIED,codex-wave4-applier,2026-08-16,Derived from the exact signed candidate and target sentence-evidence snapshot.
SENT-2916,52bebecfb2a435d0e7ff2efea557c5799674ded6,cfc2572291a2676933b08b7466d1ea1e7e76bebb,docs/7.品質を評価し改善する/7.5.Post-retrieval・Evidence評価.md,REWRITE_REQUIRED,4c37c2ca43591d81f77415fd292c3c831bd568634765b11c87bf097ed11da5f5,SENT-3203;SENT-3204,97d5f86231dd86b2b5ee7b37db70bea873a0eed17812ed385c603990dfe45342,7297d4080bc338657a7aab05a7dd5d387b4a8fb04e9e14c7d6e876b3b51e19b0,APPLIED_VERIFIED,codex-wave4-applier,2026-08-16,Derived from the exact signed candidate and target sentence-evidence snapshot.
SENT-2920,52bebecfb2a435d0e7ff2efea557c5799674ded6,cfc2572291a2676933b08b7466d1ea1e7e76bebb,docs/7.品質を評価し改善する/7.5.Post-retrieval・Evidence評価.md,REWRITE_REQUIRED,e9f21293668bde2f3b7003736bd5df95a550536bbaad54f2052540eef328c220,SENT-3208,328ae2edf5329e947fea72f55fab1dcd00e9ded3372d41bbf766f78c2cfec3cc,7297d4080bc338657a7aab05a7dd5d387b4a8fb04e9e14c7d6e876b3b51e19b0,APPLIED_VERIFIED,codex-wave4-applier,2026-08-16,Derived from the exact signed candidate and target sentence-evidence snapshot.
SENT-2941,52bebecfb2a435d0e7ff2efea557c5799674ded6,cfc2572291a2676933b08b7466d1ea1e7e76bebb,docs/7.品質を評価し改善する/7.5.Post-retrieval・Evidence評価.md,REWRITE_REQUIRED,c3811b1366699f1252f2a627eb54e4e28a1961c5733a2f7e9fd289b90583f521,SENT-3229,52f2a03ecc8b5c608319dc86206bdceb4ef5229e259d811468ca789b8487447e,7297d4080bc338657a7aab05a7dd5d387b4a8fb04e9e14c7d6e876b3b51e19b0,APPLIED_VERIFIED,codex-wave4-applier,2026-08-16,Derived from the exact signed candidate and target sentence-evidence snapshot.
SENT-2943,52bebecfb2a435d0e7ff2efea557c5799674ded6,cfc2572291a2676933b08b7466d1ea1e7e76bebb,docs/7.品質を評価し改善する/7.5.Post-retrieval・Evidence評価.md,APPROPRIATE_NORMATIVE,51759542a0d5663fffbcdf175ce4ac7674cd7284c36082cbd0f6fb9d174854af,SENT-3231,d76c2aad9f91aaf56e95e4839ff000dc0a970a9640020fb9b8b462e645a3a840,7297d4080bc338657a7aab05a7dd5d387b4a8fb04e9e14c7d6e876b3b51e19b0,APPLIED_VERIFIED,codex-wave4-applier,2026-08-16,Derived from the exact signed candidate and target sentence-evidence snapshot.
SENT-2946,52bebecfb2a435d0e7ff2efea557c5799674ded6,cfc2572291a2676933b08b7466d1ea1e7e76bebb,docs/7.品質を評価し改善する/7.5.Post-retrieval・Evidence評価.md,REWRITE_REQUIRED,ff527a1e36c0ab065860f624ea866c09ef2d7222098096cc68e623f90dd5af99,SENT-3234,34489457a2244c347e5c00d4445d617742c4160fcc3f2c95f2aa847ad268827c,7297d4080bc338657a7aab05a7dd5d387b4a8fb04e9e14c7d6e876b3b51e19b0,APPLIED_VERIFIED,codex-wave4-applier,2026-08-16,Derived from the exact signed candidate and target sentence-evidence snapshot.
SENT-2949,52bebecfb2a435d0e7ff2efea557c5799674ded6,cfc2572291a2676933b08b7466d1ea1e7e76bebb,docs/7.品質を評価し改善する/7.5.Post-retrieval・Evidence評価.md,APPROPRIATE_NORMATIVE,f23f9febe3864e369d453b4291c7306da4237a34ad218235262ee667a6862fb0,SENT-3237,f23f9febe3864e369d453b4291c7306da4237a34ad218235262ee667a6862fb0,7297d4080bc338657a7aab05a7dd5d387b4a8fb04e9e14c7d6e876b3b51e19b0,APPLIED_VERIFIED,codex-wave4-applier,2026-08-16,Derived from the exact signed candidate and target sentence-evidence snapshot.
SENT-2950,52bebecfb2a435d0e7ff2efea557c5799674ded6,cfc2572291a2676933b08b7466d1ea1e7e76bebb,docs/7.品質を評価し改善する/7.5.Post-retrieval・Evidence評価.md,APPROPRIATE_NORMATIVE,fd311a6b08ee480d475515994a4c9de019f30ea1a9a68db4623bf3bdbf71c087,SENT-3238,fd311a6b08ee480d475515994a4c9de019f30ea1a9a68db4623bf3bdbf71c087,7297d4080bc338657a7aab05a7dd5d387b4a8fb04e9e14c7d6e876b3b51e19b0,APPLIED_VERIFIED,codex-wave4-applier,2026-08-16,Derived from the exact signed candidate and target sentence-evidence snapshot.
SENT-2965,52bebecfb2a435d0e7ff2efea557c5799674ded6,cfc2572291a2676933b08b7466d1ea1e7e76bebb,docs/7.品質を評価し改善する/7.6.Generation評価.md,APPROPRIATE_NORMATIVE,1e2a846f98c94da1eb3ac6c86d9d5c73e09354e9eb843c16964549333b5ef12f,SENT-3256,1e2a846f98c94da1eb3ac6c86d9d5c73e09354e9eb843c16964549333b5ef12f,41a8335e24a147d39006135583f5fbf69c40323d57c5260fdef8a99e6d4e74a1,APPLIED_VERIFIED,codex-wave4-applier,2026-08-16,Derived from the exact signed candidate and target sentence-evidence snapshot.
SENT-2981,52bebecfb2a435d0e7ff2efea557c5799674ded6,cfc2572291a2676933b08b7466d1ea1e7e76bebb,docs/7.品質を評価し改善する/7.6.Generation評価.md,REWRITE_REQUIRED,43806c1bc93046f4c49c31d80c4cae3e1b4da83a14e39c380c901da86ebeb42c,SENT-3272,85bad61fbe11ef2aba010379a6cae5c352306df8a83f8095a23ab52738103530,41a8335e24a147d39006135583f5fbf69c40323d57c5260fdef8a99e6d4e74a1,APPLIED_VERIFIED,codex-wave4-applier,2026-08-16,Derived from the exact signed candidate and target sentence-evidence snapshot.
SENT-2982,52bebecfb2a435d0e7ff2efea557c5799674ded6,cfc2572291a2676933b08b7466d1ea1e7e76bebb,docs/7.品質を評価し改善する/7.6.Generation評価.md,APPROPRIATE_NORMATIVE,fe61a345de17ac836552d4a56d4d57b599fc9f3619f261bddcbafd2c350e8ac9,SENT-3273,fe61a345de17ac836552d4a56d4d57b599fc9f3619f261bddcbafd2c350e8ac9,41a8335e24a147d39006135583f5fbf69c40323d57c5260fdef8a99e6d4e74a1,APPLIED_VERIFIED,codex-wave4-applier,2026-08-16,Derived from the exact signed candidate and target sentence-evidence snapshot.
SENT-2995,52bebecfb2a435d0e7ff2efea557c5799674ded6,cfc2572291a2676933b08b7466d1ea1e7e76bebb,docs/7.品質を評価し改善する/7.6.Generation評価.md,REWRITE_REQUIRED,1d3a766f09b3a525e50ae8531d83d3b7465a5fe61271d5f680d8d793478568e1,SENT-3286;SENT-3287,aa753b4e800a7d19cebf60ed87d91a58d4a8e61f5af25d50363cf0c334830b67,41a8335e24a147d39006135583f5fbf69c40323d57c5260fdef8a99e6d4e74a1,APPLIED_VERIFIED,codex-wave4-applier,2026-08-16,Derived from the exact signed candidate and target sentence-evidence snapshot.
SENT-3002,52bebecfb2a435d0e7ff2efea557c5799674ded6,cfc2572291a2676933b08b7466d1ea1e7e76bebb,docs/7.品質を評価し改善する/7.6.Generation評価.md,APPROPRIATE_NORMATIVE,cc246fb9a48eb09dba8a7d177a7b7ffe1595a08f735667cd4a01feba4ee6c1c8,SENT-3295,ec76dcf51ba8e3fcc9b2258a7ae564d325a20835dff8e04ef7778ed2238d6bac,41a8335e24a147d39006135583f5fbf69c40323d57c5260fdef8a99e6d4e74a1,APPLIED_VERIFIED,codex-wave4-applier,2026-08-16,Derived from the exact signed candidate and target sentence-evidence snapshot.
SENT-3008,52bebecfb2a435d0e7ff2efea557c5799674ded6,cfc2572291a2676933b08b7466d1ea1e7e76bebb,docs/7.品質を評価し改善する/7.6.Generation評価.md,APPROPRIATE_NORMATIVE,fd027b65d674c9b5b88ca8628f34089fec49c33c4496e0598e397e0898aeeab2,SENT-3301,fd027b65d674c9b5b88ca8628f34089fec49c33c4496e0598e397e0898aeeab2,41a8335e24a147d39006135583f5fbf69c40323d57c5260fdef8a99e6d4e74a1,APPLIED_VERIFIED,codex-wave4-applier,2026-08-16,Derived from the exact signed candidate and target sentence-evidence snapshot.
SENT-3009,52bebecfb2a435d0e7ff2efea557c5799674ded6,cfc2572291a2676933b08b7466d1ea1e7e76bebb,docs/7.品質を評価し改善する/7.6.Generation評価.md,APPROPRIATE_NORMATIVE,8f1f56b1b795e26fff20d96eca4a76812a1dc8f78d13e1c4ae5c7729d0b3d434,SENT-3302,8f1f56b1b795e26fff20d96eca4a76812a1dc8f78d13e1c4ae5c7729d0b3d434,41a8335e24a147d39006135583f5fbf69c40323d57c5260fdef8a99e6d4e74a1,APPLIED_VERIFIED,codex-wave4-applier,2026-08-16,Derived from the exact signed candidate and target sentence-evidence snapshot.
SENT-3017,52bebecfb2a435d0e7ff2efea557c5799674ded6,cfc2572291a2676933b08b7466d1ea1e7e76bebb,docs/7.品質を評価し改善する/7.6.Generation評価.md,REWRITE_REQUIRED,d4ec2818518c009f51f77b3e468340b2c9cbffd371a00b7f85601e1a67097dd9,SENT-3310,2a6c3c41c799ebfb611b200c020830419a72dda5e63df294128915fd1c312a54,41a8335e24a147d39006135583f5fbf69c40323d57c5260fdef8a99e6d4e74a1,APPLIED_VERIFIED,codex-wave4-applier,2026-08-16,Derived from the exact signed candidate and target sentence-evidence snapshot.
SENT-3024,52bebecfb2a435d0e7ff2efea557c5799674ded6,cfc2572291a2676933b08b7466d1ea1e7e76bebb,docs/7.品質を評価し改善する/7.6.Generation評価.md,REWRITE_REQUIRED,cc7b838ede98f58932f90d24563987bbc05b5a4def1744c213bae6c972ce71bc,SENT-3317,606a9bebd2fd379aa73539a407045b5e935662180fbad7a4d1920e97cc16b0a1,41a8335e24a147d39006135583f5fbf69c40323d57c5260fdef8a99e6d4e74a1,APPLIED_VERIFIED,codex-wave4-applier,2026-08-16,Derived from the exact signed candidate and target sentence-evidence snapshot.
SENT-3033,52bebecfb2a435d0e7ff2efea557c5799674ded6,cfc2572291a2676933b08b7466d1ea1e7e76bebb,docs/7.品質を評価し改善する/7.6.Generation評価.md,APPROPRIATE_NORMATIVE,212e2e58205f89efd149de627753bf9262e1238f21544db8df5f2463c7452f4f,SENT-3326,212e2e58205f89efd149de627753bf9262e1238f21544db8df5f2463c7452f4f,41a8335e24a147d39006135583f5fbf69c40323d57c5260fdef8a99e6d4e74a1,APPLIED_VERIFIED,codex-wave4-applier,2026-08-16,Derived from the exact signed candidate and target sentence-evidence snapshot.
SENT-3046,52bebecfb2a435d0e7ff2efea557c5799674ded6,cfc2572291a2676933b08b7466d1ea1e7e76bebb,docs/7.品質を評価し改善する/7.6.Generation評価.md,APPROPRIATE_NORMATIVE,9fba68443e04a52b21c01a90d1b649a8a07382a280094c837d90af54d486011d,SENT-3339,9fba68443e04a52b21c01a90d1b649a8a07382a280094c837d90af54d486011d,41a8335e24a147d39006135583f5fbf69c40323d57c5260fdef8a99e6d4e74a1,APPLIED_VERIFIED,codex-wave4-applier,2026-08-16,Derived from the exact signed candidate and target sentence-evidence snapshot.
SENT-3054,52bebecfb2a435d0e7ff2efea557c5799674ded6,cfc2572291a2676933b08b7466d1ea1e7e76bebb,docs/7.品質を評価し改善する/7.7.End-to-end評価.md,REWRITE_REQUIRED,211329f8160648d19dd9c9c9b2204cb794e89cbc549bb26cf932b75937ff075f,SENT-3347,e8ea04e60d74ce935642baa65de8c93903f5cf82990baff61728d9a8262f0c04,833d81acec5d563df3667819dfb26a7fdac72d6bc3d9d037d0d6c69378c66c8e,APPLIED_VERIFIED,codex-wave4-applier,2026-08-16,Derived from the exact signed candidate and target sentence-evidence snapshot.
SENT-3059,52bebecfb2a435d0e7ff2efea557c5799674ded6,cfc2572291a2676933b08b7466d1ea1e7e76bebb,docs/7.品質を評価し改善する/7.7.End-to-end評価.md,REWRITE_REQUIRED,1e332530e1a1f8e1e4d1abc31109e001889e947a8bf469c686873c8331182cbc,SENT-3352,22eacf84bd0afcd40a0f9f6f4dceb3ac85912d36ce2965ee32a950c1241bf5ba,833d81acec5d563df3667819dfb26a7fdac72d6bc3d9d037d0d6c69378c66c8e,APPLIED_VERIFIED,codex-wave4-applier,2026-08-16,Derived from the exact signed candidate and target sentence-evidence snapshot.
SENT-3069,52bebecfb2a435d0e7ff2efea557c5799674ded6,cfc2572291a2676933b08b7466d1ea1e7e76bebb,docs/7.品質を評価し改善する/7.7.End-to-end評価.md,REWRITE_REQUIRED,b9acb14002e8ab3ede411b1c44efde8731c401816d55bffb71c229283d17af50,SENT-3362,bc862186081392f742a0b191ec683e1ccdc6887cc98ea0feb2aace4cdf8a9060,833d81acec5d563df3667819dfb26a7fdac72d6bc3d9d037d0d6c69378c66c8e,APPLIED_VERIFIED,codex-wave4-applier,2026-08-16,Derived from the exact signed candidate and target sentence-evidence snapshot.
SENT-3079,52bebecfb2a435d0e7ff2efea557c5799674ded6,cfc2572291a2676933b08b7466d1ea1e7e76bebb,docs/7.品質を評価し改善する/7.7.End-to-end評価.md,APPROPRIATE_NORMATIVE,9819bf4b683f8ea1c7b357ce8aa5092ebbe232fe92dd04e142f1d61685a3ece5,SENT-3372,ccd2865bc3e1e0d7308bd6e06488ef473d8659c441ef3547ff20def69fd78572,833d81acec5d563df3667819dfb26a7fdac72d6bc3d9d037d0d6c69378c66c8e,APPLIED_VERIFIED,codex-wave4-applier,2026-08-16,Derived from the exact signed candidate and target sentence-evidence snapshot.
SENT-3099,52bebecfb2a435d0e7ff2efea557c5799674ded6,cfc2572291a2676933b08b7466d1ea1e7e76bebb,docs/7.品質を評価し改善する/7.7.End-to-end評価.md,REWRITE_REQUIRED,da8d96d6bdd927424829ee388f045184b11e2121daea6f15e8668550633cf9a2,SENT-3392,818b43487cce02f2244995c823212bee07e70d53638665bcaa4e5042a6c3a959,833d81acec5d563df3667819dfb26a7fdac72d6bc3d9d037d0d6c69378c66c8e,APPLIED_VERIFIED,codex-wave4-applier,2026-08-16,Derived from the exact signed candidate and target sentence-evidence snapshot.
SENT-3138,52bebecfb2a435d0e7ff2efea557c5799674ded6,cfc2572291a2676933b08b7466d1ea1e7e76bebb,docs/7.品質を評価し改善する/7.8.Regression・A-B・Canary.md,REWRITE_REQUIRED,3ad8887fbbe0ba6747d9737068cbb7775e89e15af40b56ff1207dc68e0d4da31,SENT-3431,70dba2a065846d9e8fc102b2a1b5d18c1c0c80c909c24ccc5df355a98b48e9b6,c1ab0f12cc26797abc34459537615b734a4b87c7377bdba74bc365f51d0a22ae,APPLIED_VERIFIED,codex-wave4-applier,2026-08-16,Derived from the exact signed candidate and target sentence-evidence snapshot.
SENT-3142,52bebecfb2a435d0e7ff2efea557c5799674ded6,cfc2572291a2676933b08b7466d1ea1e7e76bebb,docs/7.品質を評価し改善する/7.8.Regression・A-B・Canary.md,APPROPRIATE_NORMATIVE,ca13a28064d3a012c08b5ba612c8cc9f11cd1298a5b55f39a8ae312a44f5113d,SENT-3435,ca13a28064d3a012c08b5ba612c8cc9f11cd1298a5b55f39a8ae312a44f5113d,c1ab0f12cc26797abc34459537615b734a4b87c7377bdba74bc365f51d0a22ae,APPLIED_VERIFIED,codex-wave4-applier,2026-08-16,Derived from the exact signed candidate and target sentence-evidence snapshot.
SENT-3159,52bebecfb2a435d0e7ff2efea557c5799674ded6,cfc2572291a2676933b08b7466d1ea1e7e76bebb,docs/7.品質を評価し改善する/7.8.Regression・A-B・Canary.md,APPROPRIATE_NORMATIVE,49de02e1af3667380bd7e31c49fb4805f963bf095b8e12f71f0af51c4b882a98,SENT-3452,49de02e1af3667380bd7e31c49fb4805f963bf095b8e12f71f0af51c4b882a98,c1ab0f12cc26797abc34459537615b734a4b87c7377bdba74bc365f51d0a22ae,APPLIED_VERIFIED,codex-wave4-applier,2026-08-16,Derived from the exact signed candidate and target sentence-evidence snapshot.
SENT-3160,52bebecfb2a435d0e7ff2efea557c5799674ded6,cfc2572291a2676933b08b7466d1ea1e7e76bebb,docs/7.品質を評価し改善する/7.8.Regression・A-B・Canary.md,APPROPRIATE_NORMATIVE,ce4dea77f6526094a0a4eff2aeb4c1b21441ab5a7765073982ccc9ffee74518b,SENT-3453,ce4dea77f6526094a0a4eff2aeb4c1b21441ab5a7765073982ccc9ffee74518b,c1ab0f12cc26797abc34459537615b734a4b87c7377bdba74bc365f51d0a22ae,APPLIED_VERIFIED,codex-wave4-applier,2026-08-16,Derived from the exact signed candidate and target sentence-evidence snapshot.
SENT-3163,52bebecfb2a435d0e7ff2efea557c5799674ded6,cfc2572291a2676933b08b7466d1ea1e7e76bebb,docs/7.品質を評価し改善する/7.8.Regression・A-B・Canary.md,APPROPRIATE_NORMATIVE,036d318d66d273a856ddeb7ae8e595833a4797a0d6359d62302e4d3327da3ef6,SENT-3456,036d318d66d273a856ddeb7ae8e595833a4797a0d6359d62302e4d3327da3ef6,c1ab0f12cc26797abc34459537615b734a4b87c7377bdba74bc365f51d0a22ae,APPLIED_VERIFIED,codex-wave4-applier,2026-08-16,Derived from the exact signed candidate and target sentence-evidence snapshot.
SENT-3167,52bebecfb2a435d0e7ff2efea557c5799674ded6,cfc2572291a2676933b08b7466d1ea1e7e76bebb,docs/7.品質を評価し改善する/7.9.Traceに基づく失敗分析.md,APPROPRIATE_NORMATIVE,37c502a62932dce64b71e48af8e8aa82e50a013eb5055afdecca752aad0d6a87,SENT-3460,37c502a62932dce64b71e48af8e8aa82e50a013eb5055afdecca752aad0d6a87,52f6cfce8c024e8d6fcfdb7a9b116749691829d6854d955eca0c9f81c048c198,APPLIED_VERIFIED,codex-wave4-applier,2026-08-16,Derived from the exact signed candidate and target sentence-evidence snapshot.
SENT-3172,52bebecfb2a435d0e7ff2efea557c5799674ded6,cfc2572291a2676933b08b7466d1ea1e7e76bebb,docs/7.品質を評価し改善する/7.9.Traceに基づく失敗分析.md,REWRITE_REQUIRED,972b1a22ff00121af03c0e2eefa6461991a780073408aeb615293218d13e12ec,SENT-3465,e49b93a4cd469ba5f233541c0199659dd9b39748b42e30ef7d28073fe84a7020,52f6cfce8c024e8d6fcfdb7a9b116749691829d6854d955eca0c9f81c048c198,APPLIED_VERIFIED,codex-wave4-applier,2026-08-16,Derived from the exact signed candidate and target sentence-evidence snapshot.
SENT-3174,52bebecfb2a435d0e7ff2efea557c5799674ded6,cfc2572291a2676933b08b7466d1ea1e7e76bebb,docs/7.品質を評価し改善する/7.9.Traceに基づく失敗分析.md,REWRITE_REQUIRED,ea07c310e564fa5926c16e9faa2d05829e400483621fbdbe7785144838935bf8,SENT-3467,93ae9d762df1a0cc7c95c23ad89b5d2e60743d71c3b40edb4bcd4d0c7a3c1e60,52f6cfce8c024e8d6fcfdb7a9b116749691829d6854d955eca0c9f81c048c198,APPLIED_VERIFIED,codex-wave4-applier,2026-08-16,Derived from the exact signed candidate and target sentence-evidence snapshot.
SENT-3190,52bebecfb2a435d0e7ff2efea557c5799674ded6,cfc2572291a2676933b08b7466d1ea1e7e76bebb,docs/7.品質を評価し改善する/7.9.Traceに基づく失敗分析.md,APPROPRIATE_NORMATIVE,55b91be48563dc799a9b3d10fdd8f7c7e8b08375907e42baffbdd26f85b68bbf,SENT-3483,55b91be48563dc799a9b3d10fdd8f7c7e8b08375907e42baffbdd26f85b68bbf,52f6cfce8c024e8d6fcfdb7a9b116749691829d6854d955eca0c9f81c048c198,APPLIED_VERIFIED,codex-wave4-applier,2026-08-16,Derived from the exact signed candidate and target sentence-evidence snapshot.
SENT-3193,52bebecfb2a435d0e7ff2efea557c5799674ded6,cfc2572291a2676933b08b7466d1ea1e7e76bebb,docs/7.品質を評価し改善する/序文.md,APPROPRIATE_NORMATIVE,982bcd2f4de804d24f7310269c48ba8a6ab2f5485e7d2ae7f1e6cc245dd0a398,SENT-3487,982bcd2f4de804d24f7310269c48ba8a6ab2f5485e7d2ae7f1e6cc245dd0a398,667c3fec43e6fe7cc1e30e7235879d2f5e7b13565634cd72a9ba383354187144,APPLIED_VERIFIED,codex-wave4-applier,2026-08-16,Derived from the exact signed candidate and target sentence-evidence snapshot.
SENT-3198,52bebecfb2a435d0e7ff2efea557c5799674ded6,cfc2572291a2676933b08b7466d1ea1e7e76bebb,docs/7.品質を評価し改善する/序文.md,APPROPRIATE_NORMATIVE,43a5cc24c5519543ae646fecff01bd75ac4fe1e1df3ce1c0dcf3abce3713d9fe,SENT-3492,43a5cc24c5519543ae646fecff01bd75ac4fe1e1df3ce1c0dcf3abce3713d9fe,667c3fec43e6fe7cc1e30e7235879d2f5e7b13565634cd72a9ba383354187144,APPLIED_VERIFIED,codex-wave4-applier,2026-08-16,Derived from the exact signed candidate and target sentence-evidence snapshot.
SENT-3211,52bebecfb2a435d0e7ff2efea557c5799674ded6,cfc2572291a2676933b08b7466d1ea1e7e76bebb,docs/8.安全に運用する/8.1.セキュリティと権限制御.md,APPROPRIATE_NORMATIVE,34f74eb73f1ba3f4141fea087c87b26a48e67319a68a97de84b79c8919a36aaf,SENT-3505,91a36a2954fc0d00472c64d40de6697e720dbf893f712caeddb45c5e7e2acb37,aa5c083c154e9a466f935def4738da6188d1f27ddfd553c39026384b3702b999,APPLIED_VERIFIED,codex-wave4-applier,2026-08-16,Derived from the exact signed candidate and target sentence-evidence snapshot.
SENT-3218,52bebecfb2a435d0e7ff2efea557c5799674ded6,cfc2572291a2676933b08b7466d1ea1e7e76bebb,docs/8.安全に運用する/8.1.セキュリティと権限制御.md,REWRITE_REQUIRED,c6f5d124e60d7fcabdb5512ebfedce55cb6386dff7fdbf8d4922a38decce5c24,SENT-3512,a38f93eda2542ac33772a27a3ce80f57488eef4fe9c00f01ee8c20221b8d4769,aa5c083c154e9a466f935def4738da6188d1f27ddfd553c39026384b3702b999,APPLIED_VERIFIED,codex-wave4-applier,2026-08-16,Derived from the exact signed candidate and target sentence-evidence snapshot.
SENT-3222,52bebecfb2a435d0e7ff2efea557c5799674ded6,cfc2572291a2676933b08b7466d1ea1e7e76bebb,docs/8.安全に運用する/8.1.セキュリティと権限制御.md,APPROPRIATE_NORMATIVE,946fe1388f26391eccd28036f8fa60a2b066913f70c17d67f79d26de913148e8,SENT-3516,946fe1388f26391eccd28036f8fa60a2b066913f70c17d67f79d26de913148e8,aa5c083c154e9a466f935def4738da6188d1f27ddfd553c39026384b3702b999,APPLIED_VERIFIED,codex-wave4-applier,2026-08-16,Derived from the exact signed candidate and target sentence-evidence snapshot.
SENT-3227,52bebecfb2a435d0e7ff2efea557c5799674ded6,cfc2572291a2676933b08b7466d1ea1e7e76bebb,docs/8.安全に運用する/8.1.セキュリティと権限制御.md,REWRITE_REQUIRED,7e8de49282186841423a48d6cb208e0b338528fe50b67670be9b1ade838adb42,SENT-3521,bcca93823eb550a24281302435b2811f27debb127eab82345155eb31ae401018,aa5c083c154e9a466f935def4738da6188d1f27ddfd553c39026384b3702b999,APPLIED_VERIFIED,codex-wave4-applier,2026-08-16,Derived from the exact signed candidate and target sentence-evidence snapshot.
SENT-3228,52bebecfb2a435d0e7ff2efea557c5799674ded6,cfc2572291a2676933b08b7466d1ea1e7e76bebb,docs/8.安全に運用する/8.1.セキュリティと権限制御.md,REWRITE_REQUIRED,6b45be012fe76e8bd127aa2d38f8207ed6637be630ab8f98d700e6666254459a,SENT-3522,40c268b6afb4cacb654d87727c5566f898e8b09693f012cb479114d8b9f26858,aa5c083c154e9a466f935def4738da6188d1f27ddfd553c39026384b3702b999,APPLIED_VERIFIED,codex-wave4-applier,2026-08-16,Derived from the exact signed candidate and target sentence-evidence snapshot.
SENT-3260,52bebecfb2a435d0e7ff2efea557c5799674ded6,cfc2572291a2676933b08b7466d1ea1e7e76bebb,docs/8.安全に運用する/8.2.プライバシーと機密情報.md,APPROPRIATE_NORMATIVE,5bd3a5e9c4b1d902019a7167fa745887d986f688490db3cb2d2c8609b2468d91,SENT-3554,5bd3a5e9c4b1d902019a7167fa745887d986f688490db3cb2d2c8609b2468d91,df206d97b77bbc8cc73841dd20fa3c35abe1fc126c1aa489f54502685060a088,APPLIED_VERIFIED,codex-wave4-applier,2026-08-16,Derived from the exact signed candidate and target sentence-evidence snapshot.
SENT-3263,52bebecfb2a435d0e7ff2efea557c5799674ded6,cfc2572291a2676933b08b7466d1ea1e7e76bebb,docs/8.安全に運用する/8.2.プライバシーと機密情報.md,REWRITE_REQUIRED,b7ff7bb0937da7aa8fed9164d1ad649c49abc01a65ca7b014097bf0aa398c472,SENT-3557,3bb945a75c3c4c5948a6326769b425f6b98e996780d04a01ae0e86e8323fa799,df206d97b77bbc8cc73841dd20fa3c35abe1fc126c1aa489f54502685060a088,APPLIED_VERIFIED,codex-wave4-applier,2026-08-16,Derived from the exact signed candidate and target sentence-evidence snapshot.
SENT-3269,52bebecfb2a435d0e7ff2efea557c5799674ded6,cfc2572291a2676933b08b7466d1ea1e7e76bebb,docs/8.安全に運用する/8.2.プライバシーと機密情報.md,REWRITE_REQUIRED,31f1f86a10e718d01f274079068f9fba8284d022feddd97a2f00b8e0f5b4f1da,SENT-3563,a5777bb22dedf1b7beeb600cb1cb9792f9b94583e179362895d2b275ce2652a2,df206d97b77bbc8cc73841dd20fa3c35abe1fc126c1aa489f54502685060a088,APPLIED_VERIFIED,codex-wave4-applier,2026-08-16,Derived from the exact signed candidate and target sentence-evidence snapshot.
SENT-3270,52bebecfb2a435d0e7ff2efea557c5799674ded6,cfc2572291a2676933b08b7466d1ea1e7e76bebb,docs/8.安全に運用する/8.2.プライバシーと機密情報.md,REWRITE_REQUIRED,cb9a66cd63b6c341382c327a2a365e44a742d6eb1763eda6893e99fe5399b468,SENT-3564,9b4fad8f3229e31e565c9930f46eb7899d604183ab2552830b94df612007a413,df206d97b77bbc8cc73841dd20fa3c35abe1fc126c1aa489f54502685060a088,APPLIED_VERIFIED,codex-wave4-applier,2026-08-16,Derived from the exact signed candidate and target sentence-evidence snapshot.
SENT-3275,52bebecfb2a435d0e7ff2efea557c5799674ded6,cfc2572291a2676933b08b7466d1ea1e7e76bebb,docs/8.安全に運用する/8.2.プライバシーと機密情報.md,APPROPRIATE_NORMATIVE,46c20264c5fa88b316ff99719aec2e83e2da8f1cb5bf8bdeb563c70ebfd4eee4,SENT-3569,46c20264c5fa88b316ff99719aec2e83e2da8f1cb5bf8bdeb563c70ebfd4eee4,df206d97b77bbc8cc73841dd20fa3c35abe1fc126c1aa489f54502685060a088,APPLIED_VERIFIED,codex-wave4-applier,2026-08-16,Derived from the exact signed candidate and target sentence-evidence snapshot.
SENT-3282,52bebecfb2a435d0e7ff2efea557c5799674ded6,cfc2572291a2676933b08b7466d1ea1e7e76bebb,docs/8.安全に運用する/8.2.プライバシーと機密情報.md,REWRITE_REQUIRED,46e46cf40d0f2e3ad79e7462e81b4195ff9250bdbf7ac843f4473f6368e58abe,SENT-3576,2902631d1ff566e160d664f07c8d096623c50c4274add57c2ce267f4ef33842b,df206d97b77bbc8cc73841dd20fa3c35abe1fc126c1aa489f54502685060a088,APPLIED_VERIFIED,codex-wave4-applier,2026-08-16,Derived from the exact signed candidate and target sentence-evidence snapshot.
SENT-3297,52bebecfb2a435d0e7ff2efea557c5799674ded6,cfc2572291a2676933b08b7466d1ea1e7e76bebb,docs/8.安全に運用する/8.2.プライバシーと機密情報.md,APPROPRIATE_NORMATIVE,e953c8e66c7ef9fbf1d87597b93758c22fb8ab81f90bd74026b3d534b3c2fce0,SENT-3591,e953c8e66c7ef9fbf1d87597b93758c22fb8ab81f90bd74026b3d534b3c2fce0,df206d97b77bbc8cc73841dd20fa3c35abe1fc126c1aa489f54502685060a088,APPLIED_VERIFIED,codex-wave4-applier,2026-08-16,Derived from the exact signed candidate and target sentence-evidence snapshot.
SENT-3299,52bebecfb2a435d0e7ff2efea557c5799674ded6,cfc2572291a2676933b08b7466d1ea1e7e76bebb,docs/8.安全に運用する/8.2.プライバシーと機密情報.md,APPROPRIATE_NORMATIVE,75568d37b29680124114591edf4d0732d328122b5b883b87552b4fa2d8cb8f4f,SENT-3593,75568d37b29680124114591edf4d0732d328122b5b883b87552b4fa2d8cb8f4f,df206d97b77bbc8cc73841dd20fa3c35abe1fc126c1aa489f54502685060a088,APPLIED_VERIFIED,codex-wave4-applier,2026-08-16,Derived from the exact signed candidate and target sentence-evidence snapshot.
SENT-3307,52bebecfb2a435d0e7ff2efea557c5799674ded6,cfc2572291a2676933b08b7466d1ea1e7e76bebb,docs/8.安全に運用する/8.2.プライバシーと機密情報.md,REWRITE_REQUIRED,9084746f2e078c95fd1435fc67d759e96cceaab9034c63927ead090871453779,SENT-3601,6b96ece49757967ce05c25aef27a5d98e9531942b5cad39a09b9aeaf8db108b5,df206d97b77bbc8cc73841dd20fa3c35abe1fc126c1aa489f54502685060a088,APPLIED_VERIFIED,codex-wave4-applier,2026-08-16,Derived from the exact signed candidate and target sentence-evidence snapshot.
SENT-3321,52bebecfb2a435d0e7ff2efea557c5799674ded6,cfc2572291a2676933b08b7466d1ea1e7e76bebb,docs/8.安全に運用する/8.3.Prompt injection・data poisoning対策.md,APPROPRIATE_NORMATIVE,b53d354472f504fcc6bc2c52606f592dc0c8e8cae095c4ced50cd5cea84f7cf3,SENT-3615,9870ef08daefc49a9901663dcfbe03d889c7fcd50355540ed2f1204c6f045d27,76abd0e399d3319218ab77e8f7e8f07bd1aad27b4d81ef7476bde148ff65d7bd,APPLIED_VERIFIED,codex-wave4-applier,2026-08-16,Derived from the exact signed candidate and target sentence-evidence snapshot.
SENT-3322,52bebecfb2a435d0e7ff2efea557c5799674ded6,cfc2572291a2676933b08b7466d1ea1e7e76bebb,docs/8.安全に運用する/8.3.Prompt injection・data poisoning対策.md,REWRITE_REQUIRED,d1461c782d02a3f50c3c013e941ac45c35719501d19efc228081d4f26235df64,SENT-3616,0d093734814e3d52a7259777b78dc5e7b5e809b6a536b1facc88809e55acce28,76abd0e399d3319218ab77e8f7e8f07bd1aad27b4d81ef7476bde148ff65d7bd,APPLIED_VERIFIED,codex-wave4-applier,2026-08-16,Derived from the exact signed candidate and target sentence-evidence snapshot.
SENT-3325,52bebecfb2a435d0e7ff2efea557c5799674ded6,cfc2572291a2676933b08b7466d1ea1e7e76bebb,docs/8.安全に運用する/8.3.Prompt injection・data poisoning対策.md,APPROPRIATE_NORMATIVE,666ced515ea3a79ca9ae87414d29770e8d748cdde817601efec09287e145ea08,SENT-3619,666ced515ea3a79ca9ae87414d29770e8d748cdde817601efec09287e145ea08,76abd0e399d3319218ab77e8f7e8f07bd1aad27b4d81ef7476bde148ff65d7bd,APPLIED_VERIFIED,codex-wave4-applier,2026-08-16,Derived from the exact signed candidate and target sentence-evidence snapshot.
SENT-3350,52bebecfb2a435d0e7ff2efea557c5799674ded6,cfc2572291a2676933b08b7466d1ea1e7e76bebb,docs/8.安全に運用する/8.3.Prompt injection・data poisoning対策.md,REWRITE_REQUIRED,0b89d68e8435daea21b340f8015c30929f6fccbd6ef003f244a9ccf9a6cdb5be,SENT-3644,672060ed5b6642fa7503cf27a088871cbe86c3d40fc1b840cf9d9bf8e160a8f4,76abd0e399d3319218ab77e8f7e8f07bd1aad27b4d81ef7476bde148ff65d7bd,APPLIED_VERIFIED,codex-wave4-applier,2026-08-16,Derived from the exact signed candidate and target sentence-evidence snapshot.
SENT-3357,52bebecfb2a435d0e7ff2efea557c5799674ded6,cfc2572291a2676933b08b7466d1ea1e7e76bebb,docs/8.安全に運用する/8.3.Prompt injection・data poisoning対策.md,REWRITE_REQUIRED,223680deb9b91286fb2b2251cf6c36e4d3ab9ceb8c7c60a1ad3447ed7debdf32,SENT-3651,3f56be3e17eee1618cdadcf604641da5d3a2b35f45090b67c16438881ff4e88a,76abd0e399d3319218ab77e8f7e8f07bd1aad27b4d81ef7476bde148ff65d7bd,APPLIED_VERIFIED,codex-wave4-applier,2026-08-16,Derived from the exact signed candidate and target sentence-evidence snapshot.
SENT-3363,52bebecfb2a435d0e7ff2efea557c5799674ded6,cfc2572291a2676933b08b7466d1ea1e7e76bebb,docs/8.安全に運用する/8.3.Prompt injection・data poisoning対策.md,APPROPRIATE_NORMATIVE,29430db9e5839d846b8561a911f06073d75f26f31593dc07435a6b1d6c0db523,SENT-3657,29430db9e5839d846b8561a911f06073d75f26f31593dc07435a6b1d6c0db523,76abd0e399d3319218ab77e8f7e8f07bd1aad27b4d81ef7476bde148ff65d7bd,APPLIED_VERIFIED,codex-wave4-applier,2026-08-16,Derived from the exact signed candidate and target sentence-evidence snapshot.
SENT-3365,52bebecfb2a435d0e7ff2efea557c5799674ded6,cfc2572291a2676933b08b7466d1ea1e7e76bebb,docs/8.安全に運用する/8.3.Prompt injection・data poisoning対策.md,APPROPRIATE_NORMATIVE,967e23fe3d9253f67015669906c71d541278683ca84e2088978d424687695d7b,SENT-3659,967e23fe3d9253f67015669906c71d541278683ca84e2088978d424687695d7b,76abd0e399d3319218ab77e8f7e8f07bd1aad27b4d81ef7476bde148ff65d7bd,APPLIED_VERIFIED,codex-wave4-applier,2026-08-16,Derived from the exact signed candidate and target sentence-evidence snapshot.
SENT-3377,52bebecfb2a435d0e7ff2efea557c5799674ded6,cfc2572291a2676933b08b7466d1ea1e7e76bebb,docs/8.安全に運用する/8.4.監査とトレーサビリティ.md,REWRITE_REQUIRED,32d7c3b9f9c7cd0f09a474688fc54bea8d5c965f15f7963f37ab856caf668b61,SENT-3671,e0e3d189724ca9a336d98a8737ec95dc78d395bf3503667a9dfc9699b594b854,650a8f933ed528d13b4e282003de6537d1f0a43a9c242aebbc2792d57d2cb6bf,APPLIED_VERIFIED,codex-wave4-applier,2026-08-16,Derived from the exact signed candidate and target sentence-evidence snapshot.
SENT-3395,52bebecfb2a435d0e7ff2efea557c5799674ded6,cfc2572291a2676933b08b7466d1ea1e7e76bebb,docs/8.安全に運用する/8.4.監査とトレーサビリティ.md,APPROPRIATE_NORMATIVE,86db774d6b21f33e0d083d10d755a0a16c1272e4910dc67a27937025793f419f,SENT-3689,86db774d6b21f33e0d083d10d755a0a16c1272e4910dc67a27937025793f419f,650a8f933ed528d13b4e282003de6537d1f0a43a9c242aebbc2792d57d2cb6bf,APPLIED_VERIFIED,codex-wave4-applier,2026-08-16,Derived from the exact signed candidate and target sentence-evidence snapshot.
SENT-3401,52bebecfb2a435d0e7ff2efea557c5799674ded6,cfc2572291a2676933b08b7466d1ea1e7e76bebb,docs/8.安全に運用する/8.4.監査とトレーサビリティ.md,APPROPRIATE_NORMATIVE,89d787d713c24bc85e6eeef75366f774f5190904445ae350c4f9ebb4123ee2a6,SENT-3695,ebc2648b60c5f1d97c394887db4eb05894a724018981ef4743f2018bb483c2f8,650a8f933ed528d13b4e282003de6537d1f0a43a9c242aebbc2792d57d2cb6bf,APPLIED_VERIFIED,codex-wave4-applier,2026-08-16,Derived from the exact signed candidate and target sentence-evidence snapshot.
SENT-3403,52bebecfb2a435d0e7ff2efea557c5799674ded6,cfc2572291a2676933b08b7466d1ea1e7e76bebb,docs/8.安全に運用する/8.4.監査とトレーサビリティ.md,APPROPRIATE_NORMATIVE,1e0b11b8b648cf064ce6c63ad9f7223672fce151ac8f04993092aac567edf6e6,SENT-3697,1e0b11b8b648cf064ce6c63ad9f7223672fce151ac8f04993092aac567edf6e6,650a8f933ed528d13b4e282003de6537d1f0a43a9c242aebbc2792d57d2cb6bf,APPLIED_VERIFIED,codex-wave4-applier,2026-08-16,Derived from the exact signed candidate and target sentence-evidence snapshot.
SENT-3410,52bebecfb2a435d0e7ff2efea557c5799674ded6,cfc2572291a2676933b08b7466d1ea1e7e76bebb,docs/8.安全に運用する/8.4.監査とトレーサビリティ.md,APPROPRIATE_NORMATIVE,1ee7a16fe90c935c7bb6c3ddf18d08622516e70c484e968cef57c4b57daf7e4a,SENT-3704,1ee7a16fe90c935c7bb6c3ddf18d08622516e70c484e968cef57c4b57daf7e4a,650a8f933ed528d13b4e282003de6537d1f0a43a9c242aebbc2792d57d2cb6bf,APPLIED_VERIFIED,codex-wave4-applier,2026-08-16,Derived from the exact signed candidate and target sentence-evidence snapshot.
SENT-3411,52bebecfb2a435d0e7ff2efea557c5799674ded6,cfc2572291a2676933b08b7466d1ea1e7e76bebb,docs/8.安全に運用する/8.4.監査とトレーサビリティ.md,APPROPRIATE_NORMATIVE,b72827c0764b411e33995472bf836f179ac3eb85e0bb5c25ae23f21e986d0741,SENT-3705,25cf53e020a5ff120271b62f1bfdb131f39a0bd19b5293ce78e664394b79476d,650a8f933ed528d13b4e282003de6537d1f0a43a9c242aebbc2792d57d2cb6bf,APPLIED_VERIFIED,codex-wave4-applier,2026-08-16,Derived from the exact signed candidate and target sentence-evidence snapshot.
SENT-3421,52bebecfb2a435d0e7ff2efea557c5799674ded6,cfc2572291a2676933b08b7466d1ea1e7e76bebb,docs/8.安全に運用する/8.4.監査とトレーサビリティ.md,REWRITE_REQUIRED,6a1ecc3e6608c45d572b9148f9376ef129aff2b36b683d3aa1dbd782deeca91b,SENT-3715,4ed115bd0a5c28249c92eab0e10aba2b2cc783d86ae8cfd4dc42ec0d9bb187b8,650a8f933ed528d13b4e282003de6537d1f0a43a9c242aebbc2792d57d2cb6bf,APPLIED_VERIFIED,codex-wave4-applier,2026-08-16,Derived from the exact signed candidate and target sentence-evidence snapshot.
SENT-3429,52bebecfb2a435d0e7ff2efea557c5799674ded6,cfc2572291a2676933b08b7466d1ea1e7e76bebb,docs/8.安全に運用する/8.5.性能と可用性.md,APPROPRIATE_NORMATIVE,48db65408e40a9b5e4b10af6aa12b9258cd5fff426f88368933f1e9402793961,SENT-3723,48db65408e40a9b5e4b10af6aa12b9258cd5fff426f88368933f1e9402793961,2dc6e9c69fdf9e3d8750f5c0cb6141a69c036381962065338d89d891a8454831,APPLIED_VERIFIED,codex-wave4-applier,2026-08-16,Derived from the exact signed candidate and target sentence-evidence snapshot.
SENT-3431,52bebecfb2a435d0e7ff2efea557c5799674ded6,cfc2572291a2676933b08b7466d1ea1e7e76bebb,docs/8.安全に運用する/8.5.性能と可用性.md,REWRITE_REQUIRED,597ea8546af6e5d0e8b9a59e22606ca08468f9627dc3321b3ca0763af6a48361,SENT-3725,250a80d2960a7f1f2d8949d6d5f2bf981cfa2f36a93ee3fcf69050df39c1b74e,2dc6e9c69fdf9e3d8750f5c0cb6141a69c036381962065338d89d891a8454831,APPLIED_VERIFIED,codex-wave4-applier,2026-08-16,Derived from the exact signed candidate and target sentence-evidence snapshot.
SENT-3434,52bebecfb2a435d0e7ff2efea557c5799674ded6,cfc2572291a2676933b08b7466d1ea1e7e76bebb,docs/8.安全に運用する/8.5.性能と可用性.md,APPROPRIATE_NORMATIVE,43399f2dcec6fac5a0c514702745fde6ae61af43e79c11bce05a334c4d15f1d2,SENT-3728,43399f2dcec6fac5a0c514702745fde6ae61af43e79c11bce05a334c4d15f1d2,2dc6e9c69fdf9e3d8750f5c0cb6141a69c036381962065338d89d891a8454831,APPLIED_VERIFIED,codex-wave4-applier,2026-08-16,Derived from the exact signed candidate and target sentence-evidence snapshot.
SENT-3435,52bebecfb2a435d0e7ff2efea557c5799674ded6,cfc2572291a2676933b08b7466d1ea1e7e76bebb,docs/8.安全に運用する/8.5.性能と可用性.md,APPROPRIATE_NORMATIVE,a7e75bb345d1a33bf3333c254be30b51f663e4e68daab41eadc3dfe06b2b18da,SENT-3729,a7e75bb345d1a33bf3333c254be30b51f663e4e68daab41eadc3dfe06b2b18da,2dc6e9c69fdf9e3d8750f5c0cb6141a69c036381962065338d89d891a8454831,APPLIED_VERIFIED,codex-wave4-applier,2026-08-16,Derived from the exact signed candidate and target sentence-evidence snapshot.
SENT-3443,52bebecfb2a435d0e7ff2efea557c5799674ded6,cfc2572291a2676933b08b7466d1ea1e7e76bebb,docs/8.安全に運用する/8.5.性能と可用性.md,APPROPRIATE_NORMATIVE,b1a895f008bdff23ad7749e022b1bf6e1593d5442a5e089d7cb4d9a42c83313f,SENT-3737,b1a895f008bdff23ad7749e022b1bf6e1593d5442a5e089d7cb4d9a42c83313f,2dc6e9c69fdf9e3d8750f5c0cb6141a69c036381962065338d89d891a8454831,APPLIED_VERIFIED,codex-wave4-applier,2026-08-16,Derived from the exact signed candidate and target sentence-evidence snapshot.
SENT-3444,52bebecfb2a435d0e7ff2efea557c5799674ded6,cfc2572291a2676933b08b7466d1ea1e7e76bebb,docs/8.安全に運用する/8.5.性能と可用性.md,REWRITE_REQUIRED,6265ec5863dc1b0cbe4ad020fc327d71bec3bb794557ee19b375d6dc45b086e9,SENT-3738,9c837412f619f31aac7114927731c1447f8a90e761c6a8cb4b93e20d20fa9243,2dc6e9c69fdf9e3d8750f5c0cb6141a69c036381962065338d89d891a8454831,APPLIED_VERIFIED,codex-wave4-applier,2026-08-16,Derived from the exact signed candidate and target sentence-evidence snapshot.
SENT-3447,52bebecfb2a435d0e7ff2efea557c5799674ded6,cfc2572291a2676933b08b7466d1ea1e7e76bebb,docs/8.安全に運用する/8.5.性能と可用性.md,APPROPRIATE_NORMATIVE,36ed02f405aba09df96ff12d2595de5338a7162412d7f7a98c6e5f09633fa20e,SENT-3741,36ed02f405aba09df96ff12d2595de5338a7162412d7f7a98c6e5f09633fa20e,2dc6e9c69fdf9e3d8750f5c0cb6141a69c036381962065338d89d891a8454831,APPLIED_VERIFIED,codex-wave4-applier,2026-08-16,Derived from the exact signed candidate and target sentence-evidence snapshot.
SENT-3448,52bebecfb2a435d0e7ff2efea557c5799674ded6,cfc2572291a2676933b08b7466d1ea1e7e76bebb,docs/8.安全に運用する/8.5.性能と可用性.md,REWRITE_REQUIRED,1cf577425d6b9ef32652ebcb8924f331de7e2b2f5e909482530dfc9a21092f08,SENT-3742,5acc963baaf8336bce9a1e675956adef801a7182fed15c123c19792ad32fc796,2dc6e9c69fdf9e3d8750f5c0cb6141a69c036381962065338d89d891a8454831,APPLIED_VERIFIED,codex-wave4-applier,2026-08-16,Derived from the exact signed candidate and target sentence-evidence snapshot.
SENT-3452,52bebecfb2a435d0e7ff2efea557c5799674ded6,cfc2572291a2676933b08b7466d1ea1e7e76bebb,docs/8.安全に運用する/8.5.性能と可用性.md,APPROPRIATE_NORMATIVE,6074a807d5b0a9ca8f23af45839cd11aa482138e7d57bc4e6969895957e0be2f,SENT-3746,6074a807d5b0a9ca8f23af45839cd11aa482138e7d57bc4e6969895957e0be2f,2dc6e9c69fdf9e3d8750f5c0cb6141a69c036381962065338d89d891a8454831,APPLIED_VERIFIED,codex-wave4-applier,2026-08-16,Derived from the exact signed candidate and target sentence-evidence snapshot.
SENT-3453,52bebecfb2a435d0e7ff2efea557c5799674ded6,cfc2572291a2676933b08b7466d1ea1e7e76bebb,docs/8.安全に運用する/8.5.性能と可用性.md,REWRITE_REQUIRED,d2e6f97c9e754ca791d5f2fbf7619a547bad8a07e674ab59c56bd9118e7f5112,SENT-3747,b419641d9f0f3898aebccad668afd70cff127c993bc3cecbdb1a1b5d2b131e33,2dc6e9c69fdf9e3d8750f5c0cb6141a69c036381962065338d89d891a8454831,APPLIED_VERIFIED,codex-wave4-applier,2026-08-16,Derived from the exact signed candidate and target sentence-evidence snapshot.
SENT-3468,52bebecfb2a435d0e7ff2efea557c5799674ded6,cfc2572291a2676933b08b7466d1ea1e7e76bebb,docs/8.安全に運用する/8.5.性能と可用性.md,REWRITE_REQUIRED,dc90cab1d0ac0f707116a7c7bc4cd58d677127175b1bbe211333354be0af6145,SENT-3762,35f73a43eed155cc545e8db90479a6809581e4d844d27af1f56d6b996a550d60,2dc6e9c69fdf9e3d8750f5c0cb6141a69c036381962065338d89d891a8454831,APPLIED_VERIFIED,codex-wave4-applier,2026-08-16,Derived from the exact signed candidate and target sentence-evidence snapshot.
SENT-3480,52bebecfb2a435d0e7ff2efea557c5799674ded6,cfc2572291a2676933b08b7466d1ea1e7e76bebb,docs/8.安全に運用する/8.6.コスト管理.md,REWRITE_REQUIRED,3cee800f3e557ba012780cfc4e7e5b48adf84d45c3b04a68e35ffd6815ad4263,SENT-3774,6aa777d68c84b0fbd8e04c6273b91719dcb9ee6ea8659313d0f14bc1e9647ed6,c0d1804005cc42c26ce381b1d4a4ffab14f110886af514aa7d1cc0e23cf52450,APPLIED_VERIFIED,codex-wave4-applier,2026-08-16,Derived from the exact signed candidate and target sentence-evidence snapshot.
SENT-3494,52bebecfb2a435d0e7ff2efea557c5799674ded6,cfc2572291a2676933b08b7466d1ea1e7e76bebb,docs/8.安全に運用する/8.6.コスト管理.md,REWRITE_REQUIRED,eaee2e03996ce2e9d6e77971aa253b64586abbba43545a6f77124c7f8f984e31,SENT-3788,8f4cf078f0dc4ea1d1bfafaa22111f18a5d4b846d6b4c467401879f79f053455,c0d1804005cc42c26ce381b1d4a4ffab14f110886af514aa7d1cc0e23cf52450,APPLIED_VERIFIED,codex-wave4-applier,2026-08-16,Derived from the exact signed candidate and target sentence-evidence snapshot.
SENT-3497,52bebecfb2a435d0e7ff2efea557c5799674ded6,cfc2572291a2676933b08b7466d1ea1e7e76bebb,docs/8.安全に運用する/8.6.コスト管理.md,APPROPRIATE_NORMATIVE,2d06e77e62b39ef7607a9792a6f445c5ada6d3f375bf4a60ddd217c7fb0ad9a9,SENT-3791,2d06e77e62b39ef7607a9792a6f445c5ada6d3f375bf4a60ddd217c7fb0ad9a9,c0d1804005cc42c26ce381b1d4a4ffab14f110886af514aa7d1cc0e23cf52450,APPLIED_VERIFIED,codex-wave4-applier,2026-08-16,Derived from the exact signed candidate and target sentence-evidence snapshot.
SENT-3498,52bebecfb2a435d0e7ff2efea557c5799674ded6,cfc2572291a2676933b08b7466d1ea1e7e76bebb,docs/8.安全に運用する/8.6.コスト管理.md,APPROPRIATE_NORMATIVE,2c18109f220e377d18c05ca5fa1570efccac6c7b7487a37c68912b06ed92d74e,SENT-3792,2c18109f220e377d18c05ca5fa1570efccac6c7b7487a37c68912b06ed92d74e,c0d1804005cc42c26ce381b1d4a4ffab14f110886af514aa7d1cc0e23cf52450,APPLIED_VERIFIED,codex-wave4-applier,2026-08-16,Derived from the exact signed candidate and target sentence-evidence snapshot.
SENT-3499,52bebecfb2a435d0e7ff2efea557c5799674ded6,cfc2572291a2676933b08b7466d1ea1e7e76bebb,docs/8.安全に運用する/8.6.コスト管理.md,REWRITE_REQUIRED,3de446b8edcb4795b239b06f4513f7d496c9396b5ba5cb23828ecea93e86d787,SENT-3793,52c817fa134881ce88c2601be118fe97416737692196b4eb66e3729356ae2842,c0d1804005cc42c26ce381b1d4a4ffab14f110886af514aa7d1cc0e23cf52450,APPLIED_VERIFIED,codex-wave4-applier,2026-08-16,Derived from the exact signed candidate and target sentence-evidence snapshot.
SENT-3500,52bebecfb2a435d0e7ff2efea557c5799674ded6,cfc2572291a2676933b08b7466d1ea1e7e76bebb,docs/8.安全に運用する/8.6.コスト管理.md,APPROPRIATE_NORMATIVE,143806161188d3ca5df24b32262f95f27c1c8da9b1acdb8c5432dcbbf0038b6d,SENT-3794,143806161188d3ca5df24b32262f95f27c1c8da9b1acdb8c5432dcbbf0038b6d,c0d1804005cc42c26ce381b1d4a4ffab14f110886af514aa7d1cc0e23cf52450,APPLIED_VERIFIED,codex-wave4-applier,2026-08-16,Derived from the exact signed candidate and target sentence-evidence snapshot.
SENT-3502,52bebecfb2a435d0e7ff2efea557c5799674ded6,cfc2572291a2676933b08b7466d1ea1e7e76bebb,docs/8.安全に運用する/8.6.コスト管理.md,APPROPRIATE_NORMATIVE,4bcbbf19727a8a7cc66b8c371f451497635f455d97a072cc9ded4b7b37fd3d33,SENT-3796,4bcbbf19727a8a7cc66b8c371f451497635f455d97a072cc9ded4b7b37fd3d33,c0d1804005cc42c26ce381b1d4a4ffab14f110886af514aa7d1cc0e23cf52450,APPLIED_VERIFIED,codex-wave4-applier,2026-08-16,Derived from the exact signed candidate and target sentence-evidence snapshot.
SENT-3518,52bebecfb2a435d0e7ff2efea557c5799674ded6,cfc2572291a2676933b08b7466d1ea1e7e76bebb,docs/8.安全に運用する/8.6.コスト管理.md,APPROPRIATE_NORMATIVE,657c1065d2b69ac7a71d1073fe8697b6c9e3cb0fe9566eaea3ef3af5e77eac5e,SENT-3812,657c1065d2b69ac7a71d1073fe8697b6c9e3cb0fe9566eaea3ef3af5e77eac5e,c0d1804005cc42c26ce381b1d4a4ffab14f110886af514aa7d1cc0e23cf52450,APPLIED_VERIFIED,codex-wave4-applier,2026-08-16,Derived from the exact signed candidate and target sentence-evidence snapshot.
SENT-3532,52bebecfb2a435d0e7ff2efea557c5799674ded6,cfc2572291a2676933b08b7466d1ea1e7e76bebb,docs/8.安全に運用する/8.7.知識更新と運用.md,APPROPRIATE_NORMATIVE,7c643689f877a8c73db8a1d7a5f2ebaec5c9306d4105b9508c44ec1ec3187ad4,SENT-3826,7c643689f877a8c73db8a1d7a5f2ebaec5c9306d4105b9508c44ec1ec3187ad4,3eedc9ee305f8f156d0a2fe644a27831307f1718d374dede1cd4abebff557017,APPLIED_VERIFIED,codex-wave4-applier,2026-08-16,Derived from the exact signed candidate and target sentence-evidence snapshot.
SENT-3540,52bebecfb2a435d0e7ff2efea557c5799674ded6,cfc2572291a2676933b08b7466d1ea1e7e76bebb,docs/8.安全に運用する/8.7.知識更新と運用.md,REWRITE_REQUIRED,ce22fa2cd62e29ac0d94a8000c2fe89b99cd0f741011259f6aefd0b4e0f53dc9,SENT-3834,708edc4336fa1760ff1b46d83810e8b6215d1ce2bc4291b54b5153cbc81acb8c,3eedc9ee305f8f156d0a2fe644a27831307f1718d374dede1cd4abebff557017,APPLIED_VERIFIED,codex-wave4-applier,2026-08-16,Derived from the exact signed candidate and target sentence-evidence snapshot.
SENT-3567,52bebecfb2a435d0e7ff2efea557c5799674ded6,cfc2572291a2676933b08b7466d1ea1e7e76bebb,docs/8.安全に運用する/8.7.知識更新と運用.md,REWRITE_REQUIRED,2de115c060d15fe319ba8f4a47b81656fc865dd63a9ed1cced2f81edf2cb6900,SENT-3861,f0a54add35cad03fa0708d78eb0dc244d90dd9b9a8e81f8f216bc663aa9d4468,3eedc9ee305f8f156d0a2fe644a27831307f1718d374dede1cd4abebff557017,APPLIED_VERIFIED,codex-wave4-applier,2026-08-16,Derived from the exact signed candidate and target sentence-evidence snapshot.
SENT-3586,52bebecfb2a435d0e7ff2efea557c5799674ded6,cfc2572291a2676933b08b7466d1ea1e7e76bebb,docs/8.安全に運用する/8.8.ガバナンス.md,APPROPRIATE_NORMATIVE,f6fba64d02bae7dbf06d19c395c76f2315f19c6b798fc09c3064ac7d58447a4e,SENT-3880,f6fba64d02bae7dbf06d19c395c76f2315f19c6b798fc09c3064ac7d58447a4e,dc774317d478fa639d58c84251a68c720ce66a88a26c9ff41f1b186894c76f4e,APPLIED_VERIFIED,codex-wave4-applier,2026-08-16,Derived from the exact signed candidate and target sentence-evidence snapshot.
SENT-3588,52bebecfb2a435d0e7ff2efea557c5799674ded6,cfc2572291a2676933b08b7466d1ea1e7e76bebb,docs/8.安全に運用する/8.8.ガバナンス.md,REWRITE_REQUIRED,c7f373f18abaa116d245f1cf120ccae1dabdde43a5fab19cc2e24c34d90bc9ca,SENT-3882,8549096333650b690c216cfbe9d80bbf65c5facdf2cabcf125200f8306023eae,dc774317d478fa639d58c84251a68c720ce66a88a26c9ff41f1b186894c76f4e,APPLIED_VERIFIED,codex-wave4-applier,2026-08-16,Derived from the exact signed candidate and target sentence-evidence snapshot.
SENT-3589,52bebecfb2a435d0e7ff2efea557c5799674ded6,cfc2572291a2676933b08b7466d1ea1e7e76bebb,docs/8.安全に運用する/8.8.ガバナンス.md,REWRITE_REQUIRED,e87384bc9cc444569c47c9b23f66ec63f7990fce085d15431c8aff8a1a9a9de6,SENT-3883,e5a903ca159a04a9cf436b96b06adfcf1208e0a1fe754408405d283d9f4754e0,dc774317d478fa639d58c84251a68c720ce66a88a26c9ff41f1b186894c76f4e,APPLIED_VERIFIED,codex-wave4-applier,2026-08-16,Derived from the exact signed candidate and target sentence-evidence snapshot.
SENT-3594,52bebecfb2a435d0e7ff2efea557c5799674ded6,cfc2572291a2676933b08b7466d1ea1e7e76bebb,docs/8.安全に運用する/8.8.ガバナンス.md,REWRITE_REQUIRED,bb24fd53753500a32206de95af6b455dee784e701dc111e322f749e4c70e4b26,SENT-3888,6fa7657158b608c72b895e166a25087a532aabb634c379ba8103cab3a9946d24,dc774317d478fa639d58c84251a68c720ce66a88a26c9ff41f1b186894c76f4e,APPLIED_VERIFIED,codex-wave4-applier,2026-08-16,Derived from the exact signed candidate and target sentence-evidence snapshot.
SENT-3604,52bebecfb2a435d0e7ff2efea557c5799674ded6,cfc2572291a2676933b08b7466d1ea1e7e76bebb,docs/8.安全に運用する/8.8.ガバナンス.md,APPROPRIATE_NORMATIVE,26ce2ff2f60e11a71e48bbff0978e92462a80d0ccc2aad621081f54d2cca9127,SENT-3898,2357d4e062336189707c18aab0e13d418460a787c53a45869f151bc25d310279,dc774317d478fa639d58c84251a68c720ce66a88a26c9ff41f1b186894c76f4e,APPLIED_VERIFIED,codex-wave4-applier,2026-08-16,Derived from the exact signed candidate and target sentence-evidence snapshot.
SENT-3607,52bebecfb2a435d0e7ff2efea557c5799674ded6,cfc2572291a2676933b08b7466d1ea1e7e76bebb,docs/8.安全に運用する/8.8.ガバナンス.md,APPROPRIATE_NORMATIVE,a8fcdbc7908dda17702de3d7919ebc4a3e947a5c317369b2007eac47c1d921b3,SENT-3901,a8fcdbc7908dda17702de3d7919ebc4a3e947a5c317369b2007eac47c1d921b3,dc774317d478fa639d58c84251a68c720ce66a88a26c9ff41f1b186894c76f4e,APPLIED_VERIFIED,codex-wave4-applier,2026-08-16,Derived from the exact signed candidate and target sentence-evidence snapshot.
SENT-3609,52bebecfb2a435d0e7ff2efea557c5799674ded6,cfc2572291a2676933b08b7466d1ea1e7e76bebb,docs/8.安全に運用する/8.8.ガバナンス.md,APPROPRIATE_NORMATIVE,836017ebf08aca164fcf576acaea66197cf57b820e02b4304c2670bd628dbe41,SENT-3903,836017ebf08aca164fcf576acaea66197cf57b820e02b4304c2670bd628dbe41,dc774317d478fa639d58c84251a68c720ce66a88a26c9ff41f1b186894c76f4e,APPLIED_VERIFIED,codex-wave4-applier,2026-08-16,Derived from the exact signed candidate and target sentence-evidence snapshot.
SENT-3610,52bebecfb2a435d0e7ff2efea557c5799674ded6,cfc2572291a2676933b08b7466d1ea1e7e76bebb,docs/8.安全に運用する/8.8.ガバナンス.md,APPROPRIATE_NORMATIVE,7248f12c387f78595cf60410a4d73000d0f6c316429d0bc3f125444ce9fd0bff,SENT-3904,7248f12c387f78595cf60410a4d73000d0f6c316429d0bc3f125444ce9fd0bff,dc774317d478fa639d58c84251a68c720ce66a88a26c9ff41f1b186894c76f4e,APPLIED_VERIFIED,codex-wave4-applier,2026-08-16,Derived from the exact signed candidate and target sentence-evidence snapshot.
SENT-3613,52bebecfb2a435d0e7ff2efea557c5799674ded6,cfc2572291a2676933b08b7466d1ea1e7e76bebb,docs/8.安全に運用する/8.8.ガバナンス.md,APPROPRIATE_NORMATIVE,c1d5ab60c620f63667d20d38b7e0f0a4d4fd7365568e39b2ab8257d3008e5ed8,SENT-3907,c1d5ab60c620f63667d20d38b7e0f0a4d4fd7365568e39b2ab8257d3008e5ed8,dc774317d478fa639d58c84251a68c720ce66a88a26c9ff41f1b186894c76f4e,APPLIED_VERIFIED,codex-wave4-applier,2026-08-16,Derived from the exact signed candidate and target sentence-evidence snapshot.
SENT-3629,52bebecfb2a435d0e7ff2efea557c5799674ded6,cfc2572291a2676933b08b7466d1ea1e7e76bebb,docs/8.安全に運用する/8.8.ガバナンス.md,REWRITE_REQUIRED,96081e0b49fcd0d61c66a238519f8a77fb33337967242c2aa402a387ff68ecb1,SENT-3923,acc5459656a83f6d4c21da3f2dee85daf2c11d7df7dfa55655039157e3d5e471,dc774317d478fa639d58c84251a68c720ce66a88a26c9ff41f1b186894c76f4e,APPLIED_VERIFIED,codex-wave4-applier,2026-08-16,Derived from the exact signed candidate and target sentence-evidence snapshot.
SENT-3630,52bebecfb2a435d0e7ff2efea557c5799674ded6,cfc2572291a2676933b08b7466d1ea1e7e76bebb,docs/8.安全に運用する/8.8.ガバナンス.md,APPROPRIATE_NORMATIVE,6a505b1390f44060d69408a331ce05a5e06663713c27e307627d84a9129c20f5,SENT-3924,ee341517b66805e341fa1177379df25c273f626cd0efd9c2b751cd4246018ebe,dc774317d478fa639d58c84251a68c720ce66a88a26c9ff41f1b186894c76f4e,APPLIED_VERIFIED,codex-wave4-applier,2026-08-16,Derived from the exact signed candidate and target sentence-evidence snapshot.
SENT-3631,52bebecfb2a435d0e7ff2efea557c5799674ded6,cfc2572291a2676933b08b7466d1ea1e7e76bebb,docs/8.安全に運用する/8.8.ガバナンス.md,APPROPRIATE_NORMATIVE,bc846d132d61ec0169b91c3e869d1327d9cb188d164225b403c65e5262196a76,SENT-3925,bc846d132d61ec0169b91c3e869d1327d9cb188d164225b403c65e5262196a76,dc774317d478fa639d58c84251a68c720ce66a88a26c9ff41f1b186894c76f4e,APPLIED_VERIFIED,codex-wave4-applier,2026-08-16,Derived from the exact signed candidate and target sentence-evidence snapshot.
SENT-3643,52bebecfb2a435d0e7ff2efea557c5799674ded6,cfc2572291a2676933b08b7466d1ea1e7e76bebb,docs/9.失敗パターンに応じて高度化する/9.1.高度化は失敗パターンから選ぶ.md,APPROPRIATE_NORMATIVE,2fde9f95db7f1e27ac727d8f3fc8193b3732427ef53e52819378e8460393c2d9,SENT-3938,2fde9f95db7f1e27ac727d8f3fc8193b3732427ef53e52819378e8460393c2d9,02885cf4b1759bf744d23d899bec80ed9e2dab991542b83af2f84c77d9da6ab5,APPLIED_VERIFIED,codex-wave4-applier,2026-08-16,Derived from the exact signed candidate and target sentence-evidence snapshot.
SENT-3649,52bebecfb2a435d0e7ff2efea557c5799674ded6,cfc2572291a2676933b08b7466d1ea1e7e76bebb,docs/9.失敗パターンに応じて高度化する/9.1.高度化は失敗パターンから選ぶ.md,APPROPRIATE_NORMATIVE,e77b99d0cf1572cd0682872d310522d86869c84b99d96ce748739f824d6c81c6,SENT-3944,bd776ff88e8fc766b10c1fa56269115459c3a75a302a70a83399f4328393c3a5,02885cf4b1759bf744d23d899bec80ed9e2dab991542b83af2f84c77d9da6ab5,APPLIED_VERIFIED,codex-wave4-applier,2026-08-16,Derived from the exact signed candidate and target sentence-evidence snapshot.
SENT-3651,52bebecfb2a435d0e7ff2efea557c5799674ded6,cfc2572291a2676933b08b7466d1ea1e7e76bebb,docs/9.失敗パターンに応じて高度化する/9.1.高度化は失敗パターンから選ぶ.md,REWRITE_REQUIRED,9f06ca45bc42918a4d3881e5cc0e291167dfdc8cf04f9a4062720f6116787f44,SENT-3946,ca179e8a813daad1ea4611fb42fdd91d74b06eb229e762fda15342781f7b20b2,02885cf4b1759bf744d23d899bec80ed9e2dab991542b83af2f84c77d9da6ab5,APPLIED_VERIFIED,codex-wave4-applier,2026-08-16,Derived from the exact signed candidate and target sentence-evidence snapshot.
SENT-3670,52bebecfb2a435d0e7ff2efea557c5799674ded6,cfc2572291a2676933b08b7466d1ea1e7e76bebb,docs/9.失敗パターンに応じて高度化する/9.1.高度化は失敗パターンから選ぶ.md,REMOVE_OR_REPLACE,6b21a28cb1c026a4c44a8ae2fc84f20e3a2cade4d769ce28187376b966d17ff7,SENT-3965,6b21a28cb1c026a4c44a8ae2fc84f20e3a2cade4d769ce28187376b966d17ff7,02885cf4b1759bf744d23d899bec80ed9e2dab991542b83af2f84c77d9da6ab5,APPLIED_VERIFIED,codex-wave4-applier,2026-08-16,Derived from the exact signed candidate and target sentence-evidence snapshot.
SENT-3678,52bebecfb2a435d0e7ff2efea557c5799674ded6,cfc2572291a2676933b08b7466d1ea1e7e76bebb,docs/9.失敗パターンに応じて高度化する/9.1.高度化は失敗パターンから選ぶ.md,REWRITE_REQUIRED,11daf7c321f2f2efa20e7ea0107d22ed2f99382bc1fde498f9b8a14066e53c23,SENT-3973,384e7802b2c5b1ae53f082ee7fded83a392a86b60cee492962f2ea7f88bd6af9,02885cf4b1759bf744d23d899bec80ed9e2dab991542b83af2f84c77d9da6ab5,APPLIED_VERIFIED,codex-wave4-applier,2026-08-16,Derived from the exact signed candidate and target sentence-evidence snapshot.
SENT-3680,52bebecfb2a435d0e7ff2efea557c5799674ded6,cfc2572291a2676933b08b7466d1ea1e7e76bebb,docs/9.失敗パターンに応じて高度化する/9.1.高度化は失敗パターンから選ぶ.md,REWRITE_REQUIRED,d73cc2571b4cfe780a38436396097e91e4321db8d6a8ba8f8b4429a38b68d9c0,SENT-3975;SENT-3976,e546cb1ae35295b16ae4700055cfb995fb6f3884f845a827dcb230a2c25401a4,02885cf4b1759bf744d23d899bec80ed9e2dab991542b83af2f84c77d9da6ab5,APPLIED_VERIFIED,codex-wave4-applier,2026-08-16,Derived from the exact signed candidate and target sentence-evidence snapshot.
SENT-3690,52bebecfb2a435d0e7ff2efea557c5799674ded6,cfc2572291a2676933b08b7466d1ea1e7e76bebb,docs/9.失敗パターンに応じて高度化する/9.1.高度化は失敗パターンから選ぶ.md,APPROPRIATE_NORMATIVE,f8c2788de52daeb83e585e9d697d6302ba53b6cf6bff4bdaf23e8a2960d6064c,SENT-3986,f8c2788de52daeb83e585e9d697d6302ba53b6cf6bff4bdaf23e8a2960d6064c,02885cf4b1759bf744d23d899bec80ed9e2dab991542b83af2f84c77d9da6ab5,APPLIED_VERIFIED,codex-wave4-applier,2026-08-16,Derived from the exact signed candidate and target sentence-evidence snapshot.
SENT-3691,52bebecfb2a435d0e7ff2efea557c5799674ded6,cfc2572291a2676933b08b7466d1ea1e7e76bebb,docs/9.失敗パターンに応じて高度化する/9.1.高度化は失敗パターンから選ぶ.md,REWRITE_REQUIRED,3aa6b2b3bc89ff66765378af9ce66e51bef5b98b57c68d891f5322656e5f230c,SENT-3987,f33488747883e5f1e46a973a3c9a781409fe89affeefe56938b548eef8c042e5,02885cf4b1759bf744d23d899bec80ed9e2dab991542b83af2f84c77d9da6ab5,APPLIED_VERIFIED,codex-wave4-applier,2026-08-16,Derived from the exact signed candidate and target sentence-evidence snapshot.
SENT-3692,52bebecfb2a435d0e7ff2efea557c5799674ded6,cfc2572291a2676933b08b7466d1ea1e7e76bebb,docs/9.失敗パターンに応じて高度化する/9.1.高度化は失敗パターンから選ぶ.md,APPROPRIATE_NORMATIVE,7ee8368a7c255b9133b2503f08ab7bafa2143200cfaec77192a6484e96107382,SENT-3988,7ee8368a7c255b9133b2503f08ab7bafa2143200cfaec77192a6484e96107382,02885cf4b1759bf744d23d899bec80ed9e2dab991542b83af2f84c77d9da6ab5,APPLIED_VERIFIED,codex-wave4-applier,2026-08-16,Derived from the exact signed candidate and target sentence-evidence snapshot.
SENT-3693,52bebecfb2a435d0e7ff2efea557c5799674ded6,cfc2572291a2676933b08b7466d1ea1e7e76bebb,docs/9.失敗パターンに応じて高度化する/9.1.高度化は失敗パターンから選ぶ.md,APPROPRIATE_NORMATIVE,3a427aa20af2469cdf1af42bd87d28be1ea35393fdaf23547b4880691b343e01,SENT-3989,3a427aa20af2469cdf1af42bd87d28be1ea35393fdaf23547b4880691b343e01,02885cf4b1759bf744d23d899bec80ed9e2dab991542b83af2f84c77d9da6ab5,APPLIED_VERIFIED,codex-wave4-applier,2026-08-16,Derived from the exact signed candidate and target sentence-evidence snapshot.
SENT-3698,52bebecfb2a435d0e7ff2efea557c5799674ded6,cfc2572291a2676933b08b7466d1ea1e7e76bebb,docs/9.失敗パターンに応じて高度化する/9.10.Retrieval-aware training・RA-LLM.md,REWRITE_REQUIRED,4c8766450d25cb925fcade0a27898032058e6019b99f7f09d23bac70b97563f2,SENT-3994,a6f1f5fe8c8e1e051e34d5e72a1b8b6ff6fc5f9dacabf462ab9736ace7342c50,a2c10651418dd5c38b24c29562f30e66d43bdd37f7c6b76e61c1812015a217c6,APPLIED_VERIFIED,codex-wave4-applier,2026-08-16,Derived from the exact signed candidate and target sentence-evidence snapshot.
SENT-3716,52bebecfb2a435d0e7ff2efea557c5799674ded6,cfc2572291a2676933b08b7466d1ea1e7e76bebb,docs/9.失敗パターンに応じて高度化する/9.10.Retrieval-aware training・RA-LLM.md,APPROPRIATE_NORMATIVE,7221206c0f3ad017035a398fb9e8128394e759979449c6cb120f447c8dc7dca5,SENT-4012,7221206c0f3ad017035a398fb9e8128394e759979449c6cb120f447c8dc7dca5,a2c10651418dd5c38b24c29562f30e66d43bdd37f7c6b76e61c1812015a217c6,APPLIED_VERIFIED,codex-wave4-applier,2026-08-16,Derived from the exact signed candidate and target sentence-evidence snapshot.
SENT-3718,52bebecfb2a435d0e7ff2efea557c5799674ded6,cfc2572291a2676933b08b7466d1ea1e7e76bebb,docs/9.失敗パターンに応じて高度化する/9.10.Retrieval-aware training・RA-LLM.md,APPROPRIATE_NORMATIVE,2004117955a7bb4e58fa9947797a42e5f250f6e07d39bc7199aa5e910f0bbc6c,SENT-4014,2004117955a7bb4e58fa9947797a42e5f250f6e07d39bc7199aa5e910f0bbc6c,a2c10651418dd5c38b24c29562f30e66d43bdd37f7c6b76e61c1812015a217c6,APPLIED_VERIFIED,codex-wave4-applier,2026-08-16,Derived from the exact signed candidate and target sentence-evidence snapshot.
SENT-3719,52bebecfb2a435d0e7ff2efea557c5799674ded6,cfc2572291a2676933b08b7466d1ea1e7e76bebb,docs/9.失敗パターンに応じて高度化する/9.10.Retrieval-aware training・RA-LLM.md,APPROPRIATE_NORMATIVE,96ef93dc3d5a02296fa4b22df79e40c22f9cfd8c3f5c28a4eed422a154d589f6,SENT-4015,96ef93dc3d5a02296fa4b22df79e40c22f9cfd8c3f5c28a4eed422a154d589f6,a2c10651418dd5c38b24c29562f30e66d43bdd37f7c6b76e61c1812015a217c6,APPLIED_VERIFIED,codex-wave4-applier,2026-08-16,Derived from the exact signed candidate and target sentence-evidence snapshot.
SENT-3736,52bebecfb2a435d0e7ff2efea557c5799674ded6,cfc2572291a2676933b08b7466d1ea1e7e76bebb,docs/9.失敗パターンに応じて高度化する/9.10.Retrieval-aware training・RA-LLM.md,APPROPRIATE_NORMATIVE,02497d1515a96f2a7c2eafc79946897caa443cf458a5aae93c6c1efabbda327a,SENT-4032,02497d1515a96f2a7c2eafc79946897caa443cf458a5aae93c6c1efabbda327a,a2c10651418dd5c38b24c29562f30e66d43bdd37f7c6b76e61c1812015a217c6,APPLIED_VERIFIED,codex-wave4-applier,2026-08-16,Derived from the exact signed candidate and target sentence-evidence snapshot.
SENT-3741,52bebecfb2a435d0e7ff2efea557c5799674ded6,cfc2572291a2676933b08b7466d1ea1e7e76bebb,docs/9.失敗パターンに応じて高度化する/9.10.Retrieval-aware training・RA-LLM.md,APPROPRIATE_NORMATIVE,f3ab3bde216068c330344b75f1d8159c4789a677db76d855480ae5c6f6a8bb9e,SENT-4037,f3ab3bde216068c330344b75f1d8159c4789a677db76d855480ae5c6f6a8bb9e,a2c10651418dd5c38b24c29562f30e66d43bdd37f7c6b76e61c1812015a217c6,APPLIED_VERIFIED,codex-wave4-applier,2026-08-16,Derived from the exact signed candidate and target sentence-evidence snapshot.
SENT-3743,52bebecfb2a435d0e7ff2efea557c5799674ded6,cfc2572291a2676933b08b7466d1ea1e7e76bebb,docs/9.失敗パターンに応じて高度化する/9.10.Retrieval-aware training・RA-LLM.md,APPROPRIATE_NORMATIVE,a26bd768fde773faa648b105514de6d5942440b46a35b3b6062f597bf61e5e73,SENT-4039,a26bd768fde773faa648b105514de6d5942440b46a35b3b6062f597bf61e5e73,a2c10651418dd5c38b24c29562f30e66d43bdd37f7c6b76e61c1812015a217c6,APPLIED_VERIFIED,codex-wave4-applier,2026-08-16,Derived from the exact signed candidate and target sentence-evidence snapshot.
SENT-3744,52bebecfb2a435d0e7ff2efea557c5799674ded6,cfc2572291a2676933b08b7466d1ea1e7e76bebb,docs/9.失敗パターンに応じて高度化する/9.10.Retrieval-aware training・RA-LLM.md,APPROPRIATE_NORMATIVE,c492ed98ff1249a8d1b5d729a63c54407b6b6eb6b6ebabb2ae4a59d595ae060b,SENT-4040,c492ed98ff1249a8d1b5d729a63c54407b6b6eb6b6ebabb2ae4a59d595ae060b,a2c10651418dd5c38b24c29562f30e66d43bdd37f7c6b76e61c1812015a217c6,APPLIED_VERIFIED,codex-wave4-applier,2026-08-16,Derived from the exact signed candidate and target sentence-evidence snapshot.
SENT-3772,52bebecfb2a435d0e7ff2efea557c5799674ded6,cfc2572291a2676933b08b7466d1ea1e7e76bebb,docs/9.失敗パターンに応じて高度化する/9.11.高度化の導入判断表.md,APPROPRIATE_NORMATIVE,b3bff1383e4f3562d4c3f05339b657cfd73c371274b630b11edd304de5b38503,SENT-4107,b3bff1383e4f3562d4c3f05339b657cfd73c371274b630b11edd304de5b38503,0e3bb61de2e8eeb856281153ca454cbd3c2f2ea9df2a401a0817296d9155b03d,APPLIED_VERIFIED,codex-wave4-applier,2026-08-16,Derived from the exact signed candidate and target sentence-evidence snapshot.
SENT-3774,52bebecfb2a435d0e7ff2efea557c5799674ded6,cfc2572291a2676933b08b7466d1ea1e7e76bebb,docs/9.失敗パターンに応じて高度化する/9.11.高度化の導入判断表.md,APPROPRIATE_NORMATIVE,d8dad0ded30a80d44acbbd3e286054ff57bce06ca23e9eeb8b3f58cf7fb9abbd,SENT-4109,d8dad0ded30a80d44acbbd3e286054ff57bce06ca23e9eeb8b3f58cf7fb9abbd,0e3bb61de2e8eeb856281153ca454cbd3c2f2ea9df2a401a0817296d9155b03d,APPLIED_VERIFIED,codex-wave4-applier,2026-08-16,Derived from the exact signed candidate and target sentence-evidence snapshot.
SENT-3790,52bebecfb2a435d0e7ff2efea557c5799674ded6,cfc2572291a2676933b08b7466d1ea1e7e76bebb,docs/9.失敗パターンに応じて高度化する/9.2.Conversational RAG.md,APPROPRIATE_NORMATIVE,06bcc22790d09cc1b6b070eaffa2c618722d94eb39b3b988e5809bf821bfb383,SENT-4125,06bcc22790d09cc1b6b070eaffa2c618722d94eb39b3b988e5809bf821bfb383,d000e65cbaef328dc8c7ef40047e81a099bfbb12318e2b38f8bc64c23d1ff07d,APPLIED_VERIFIED,codex-wave4-applier,2026-08-16,Derived from the exact signed candidate and target sentence-evidence snapshot.
SENT-3802,52bebecfb2a435d0e7ff2efea557c5799674ded6,cfc2572291a2676933b08b7466d1ea1e7e76bebb,docs/9.失敗パターンに応じて高度化する/9.2.Conversational RAG.md,APPROPRIATE_NORMATIVE,0c2ef2f7f8897c37d4dcb7af5ed462d31caf8810d2674cffef12b5c5280e123c,SENT-4137,0c2ef2f7f8897c37d4dcb7af5ed462d31caf8810d2674cffef12b5c5280e123c,d000e65cbaef328dc8c7ef40047e81a099bfbb12318e2b38f8bc64c23d1ff07d,APPLIED_VERIFIED,codex-wave4-applier,2026-08-16,Derived from the exact signed candidate and target sentence-evidence snapshot.
SENT-3829,52bebecfb2a435d0e7ff2efea557c5799674ded6,cfc2572291a2676933b08b7466d1ea1e7e76bebb,docs/9.失敗パターンに応じて高度化する/9.3.Federated・Routed RAG.md,REWRITE_REQUIRED,4017b0cf0e5adcc7e261e07b34fbbd05af6030c16de71a917f6c953f77b7a047,SENT-4164,6455ed0ccfad94fa2ae42ab9073490f9445bad46d73b2c42d86d7535cc1b2790,d288e669188525cb449b356167d0cdce3f2fe978743c272c00972cb1be144ea5,APPLIED_VERIFIED,codex-wave4-applier,2026-08-16,Derived from the exact signed candidate and target sentence-evidence snapshot.
SENT-3834,52bebecfb2a435d0e7ff2efea557c5799674ded6,cfc2572291a2676933b08b7466d1ea1e7e76bebb,docs/9.失敗パターンに応じて高度化する/9.3.Federated・Routed RAG.md,APPROPRIATE_NORMATIVE,7a85ac632c7049fe1a589bcf9d50524159c6b1771e9399cc4cd3d69ecf39113b,SENT-4169,7a85ac632c7049fe1a589bcf9d50524159c6b1771e9399cc4cd3d69ecf39113b,d288e669188525cb449b356167d0cdce3f2fe978743c272c00972cb1be144ea5,APPLIED_VERIFIED,codex-wave4-applier,2026-08-16,Derived from the exact signed candidate and target sentence-evidence snapshot.
SENT-3843,52bebecfb2a435d0e7ff2efea557c5799674ded6,cfc2572291a2676933b08b7466d1ea1e7e76bebb,docs/9.失敗パターンに応じて高度化する/9.3.Federated・Routed RAG.md,REWRITE_REQUIRED,b732aebcb830876afc74914efe7c97e2bb142ecb87a8a52831b359fc91158e2e,SENT-4178,15400c9cd480b8d41d5d12e1311f09f104c43da0e9a15d4decfbda47062418f0,d288e669188525cb449b356167d0cdce3f2fe978743c272c00972cb1be144ea5,APPLIED_VERIFIED,codex-wave4-applier,2026-08-16,Derived from the exact signed candidate and target sentence-evidence snapshot.
SENT-3850,52bebecfb2a435d0e7ff2efea557c5799674ded6,cfc2572291a2676933b08b7466d1ea1e7e76bebb,docs/9.失敗パターンに応じて高度化する/9.3.Federated・Routed RAG.md,APPROPRIATE_NORMATIVE,f3f413803436570f2bc38eff274dcb9b44a367bf015fe8d9b52ce67a37dd1921,SENT-4185,f3f413803436570f2bc38eff274dcb9b44a367bf015fe8d9b52ce67a37dd1921,d288e669188525cb449b356167d0cdce3f2fe978743c272c00972cb1be144ea5,APPLIED_VERIFIED,codex-wave4-applier,2026-08-16,Derived from the exact signed candidate and target sentence-evidence snapshot.
SENT-3856,52bebecfb2a435d0e7ff2efea557c5799674ded6,cfc2572291a2676933b08b7466d1ea1e7e76bebb,docs/9.失敗パターンに応じて高度化する/9.3.Federated・Routed RAG.md,REWRITE_REQUIRED,b56bee6f9d3f08f545547acc19eaa028955dd1538e3a55759cec31bd16e6f072,SENT-4191,eaef6d3e991257b84d5f993b730810f3d3af9a3c20fe1e0c2d088113ed347abf,d288e669188525cb449b356167d0cdce3f2fe978743c272c00972cb1be144ea5,APPLIED_VERIFIED,codex-wave4-applier,2026-08-16,Derived from the exact signed candidate and target sentence-evidence snapshot.
SENT-3858,52bebecfb2a435d0e7ff2efea557c5799674ded6,cfc2572291a2676933b08b7466d1ea1e7e76bebb,docs/9.失敗パターンに応じて高度化する/9.3.Federated・Routed RAG.md,REWRITE_REQUIRED,3e33c89f9164ff0fbce0e0f0be6eb9a9313b97cfa0a76d3094d1110f3a24d346,SENT-4193,380801f40869d83e8cb88b7b0e5cb54086bcd78a9ee7dd794620b235497ae4e3,d288e669188525cb449b356167d0cdce3f2fe978743c272c00972cb1be144ea5,APPLIED_VERIFIED,codex-wave4-applier,2026-08-16,Derived from the exact signed candidate and target sentence-evidence snapshot.
SENT-3882,52bebecfb2a435d0e7ff2efea557c5799674ded6,cfc2572291a2676933b08b7466d1ea1e7e76bebb,docs/9.失敗パターンに応じて高度化する/9.4.Structured Data RAG.md,APPROPRIATE_NORMATIVE,42d54c12118ee38bb3ba12d4e2fbed3040aa8bcd2f58de05f972dea6036473e6,SENT-4217,42d54c12118ee38bb3ba12d4e2fbed3040aa8bcd2f58de05f972dea6036473e6,8312e49d747f4378376f1d9ff2b9162ee7b94734cfc7473433d1811c507e07ec,APPLIED_VERIFIED,codex-wave4-applier,2026-08-16,Derived from the exact signed candidate and target sentence-evidence snapshot.
SENT-3898,52bebecfb2a435d0e7ff2efea557c5799674ded6,cfc2572291a2676933b08b7466d1ea1e7e76bebb,docs/9.失敗パターンに応じて高度化する/9.4.Structured Data RAG.md,REWRITE_REQUIRED,9f243eb60211b8f28380999c56242295396dabcae5081082c1ba838317ee2bad,SENT-4233,70094fe5bb6fee570ceb496383611f3c73206500e63d5d261d85ee5786aeda8e,8312e49d747f4378376f1d9ff2b9162ee7b94734cfc7473433d1811c507e07ec,APPLIED_VERIFIED,codex-wave4-applier,2026-08-16,Derived from the exact signed candidate and target sentence-evidence snapshot.
SENT-3919,52bebecfb2a435d0e7ff2efea557c5799674ded6,cfc2572291a2676933b08b7466d1ea1e7e76bebb,docs/9.失敗パターンに応じて高度化する/9.4.Structured Data RAG.md,REWRITE_REQUIRED,05fc306dc54969eeeb1f5142644af523cfffb3e05e7ea439cbde3a9d8c3e4a91,SENT-4254,345576f18e5684bf3d28a5ba3e6b5fe9bb6641af7d9772a49775e6336eee5c2d,8312e49d747f4378376f1d9ff2b9162ee7b94734cfc7473433d1811c507e07ec,APPLIED_VERIFIED,codex-wave4-applier,2026-08-16,Derived from the exact signed candidate and target sentence-evidence snapshot.
SENT-3944,52bebecfb2a435d0e7ff2efea557c5799674ded6,cfc2572291a2676933b08b7466d1ea1e7e76bebb,docs/9.失敗パターンに応じて高度化する/9.5.Long-context RAG.md,REWRITE_REQUIRED,9c035d4fffb6e9f06bf6c7f5d45f812a88c28a7bcdf73fd87b7663cd156821fa,SENT-4279,53013c1e16872f48073047694364ba221f24d819352f2176568dddc285d5214b,0b0c6aa9e620d347835ff99abb00326ca7925f8fc7f0fe7be3caa0ade9e0c25b,APPLIED_VERIFIED,codex-wave4-applier,2026-08-16,Derived from the exact signed candidate and target sentence-evidence snapshot.
SENT-3951,52bebecfb2a435d0e7ff2efea557c5799674ded6,cfc2572291a2676933b08b7466d1ea1e7e76bebb,docs/9.失敗パターンに応じて高度化する/9.5.Long-context RAG.md,REWRITE_REQUIRED,e453fe10b8cdadfe70846361a8023027dbd1ddf508b548e54931ac3caf992b37,SENT-4286,714ed86b8c0a7cf370232f10fd7428ca9bc87126d9cfbe7ae115015701eb9212,0b0c6aa9e620d347835ff99abb00326ca7925f8fc7f0fe7be3caa0ade9e0c25b,APPLIED_VERIFIED,codex-wave4-applier,2026-08-16,Derived from the exact signed candidate and target sentence-evidence snapshot.
SENT-3955,52bebecfb2a435d0e7ff2efea557c5799674ded6,cfc2572291a2676933b08b7466d1ea1e7e76bebb,docs/9.失敗パターンに応じて高度化する/9.5.Long-context RAG.md,APPROPRIATE_NORMATIVE,fd67856395cdfdf4868a376246587fdb62b6ab816f2c5f95b64ed4ee5746d3a6,SENT-4290,fd67856395cdfdf4868a376246587fdb62b6ab816f2c5f95b64ed4ee5746d3a6,0b0c6aa9e620d347835ff99abb00326ca7925f8fc7f0fe7be3caa0ade9e0c25b,APPLIED_VERIFIED,codex-wave4-applier,2026-08-16,Derived from the exact signed candidate and target sentence-evidence snapshot.
SENT-3957,52bebecfb2a435d0e7ff2efea557c5799674ded6,cfc2572291a2676933b08b7466d1ea1e7e76bebb,docs/9.失敗パターンに応じて高度化する/9.5.Long-context RAG.md,REWRITE_REQUIRED,397d5179129b3b41dc66347635c18780d20571053a09064225643d79e46bd98e,SENT-4292,cea9872017d5f1050507e5b2718b00683bbf7f8241e603ab425848a54fc137a4,0b0c6aa9e620d347835ff99abb00326ca7925f8fc7f0fe7be3caa0ade9e0c25b,APPLIED_VERIFIED,codex-wave4-applier,2026-08-16,Derived from the exact signed candidate and target sentence-evidence snapshot.
SENT-3959,52bebecfb2a435d0e7ff2efea557c5799674ded6,cfc2572291a2676933b08b7466d1ea1e7e76bebb,docs/9.失敗パターンに応じて高度化する/9.5.Long-context RAG.md,REWRITE_REQUIRED,748b8d026994c0cf02aea353d13b07994b623a74bf5d0827c955700b2961ebb8,SENT-4294,77d0a7bcd6d81e535ac0c8a8a0d73a4a54fd878fb9e89a4fb025e583d37ffb57,0b0c6aa9e620d347835ff99abb00326ca7925f8fc7f0fe7be3caa0ade9e0c25b,APPLIED_VERIFIED,codex-wave4-applier,2026-08-16,Derived from the exact signed candidate and target sentence-evidence snapshot.
SENT-3971,52bebecfb2a435d0e7ff2efea557c5799674ded6,cfc2572291a2676933b08b7466d1ea1e7e76bebb,docs/9.失敗パターンに応じて高度化する/9.5.Long-context RAG.md,APPROPRIATE_AFTER_QUALIFICATION,aa8a20240b2ecf088bb41cc3edec19f0af7390ee91b1b20cc635a9badc320ce4,SENT-4306,a2d38dbd78b41f769efb83e39616c0dcd0e6e45022ce888ffa45fbcfcf45b823,0b0c6aa9e620d347835ff99abb00326ca7925f8fc7f0fe7be3caa0ade9e0c25b,APPLIED_VERIFIED,codex-wave4-applier,2026-08-16,Derived from the exact signed candidate and target sentence-evidence snapshot.
SENT-3972,52bebecfb2a435d0e7ff2efea557c5799674ded6,cfc2572291a2676933b08b7466d1ea1e7e76bebb,docs/9.失敗パターンに応じて高度化する/9.5.Long-context RAG.md,REWRITE_REQUIRED,ad3807a6caba2bb613029c4e9f96d1b7d5f36e0093c3b7eb634180510d500e5d,SENT-4307,6e0f5512e00f38c1b52f92abf2775731b3e5d5158378eab10baa724400024939,0b0c6aa9e620d347835ff99abb00326ca7925f8fc7f0fe7be3caa0ade9e0c25b,APPLIED_VERIFIED,codex-wave4-applier,2026-08-16,Derived from the exact signed candidate and target sentence-evidence snapshot.
SENT-3984,52bebecfb2a435d0e7ff2efea557c5799674ded6,cfc2572291a2676933b08b7466d1ea1e7e76bebb,docs/9.失敗パターンに応じて高度化する/9.5.Long-context RAG.md,APPROPRIATE_NORMATIVE,c27187c22cfae134283ad216ee7bc2c590e98db9fad91d7283d5e1611c16e8cd,SENT-4319,c27187c22cfae134283ad216ee7bc2c590e98db9fad91d7283d5e1611c16e8cd,0b0c6aa9e620d347835ff99abb00326ca7925f8fc7f0fe7be3caa0ade9e0c25b,APPLIED_VERIFIED,codex-wave4-applier,2026-08-16,Derived from the exact signed candidate and target sentence-evidence snapshot.
SENT-3987,52bebecfb2a435d0e7ff2efea557c5799674ded6,cfc2572291a2676933b08b7466d1ea1e7e76bebb,docs/9.失敗パターンに応じて高度化する/9.5.Long-context RAG.md,APPROPRIATE_NORMATIVE,33f7572c9b88dc73ce279aa24ca3db4115285686d9c9c9b0905516527419094a,SENT-4322,33f7572c9b88dc73ce279aa24ca3db4115285686d9c9c9b0905516527419094a,0b0c6aa9e620d347835ff99abb00326ca7925f8fc7f0fe7be3caa0ade9e0c25b,APPLIED_VERIFIED,codex-wave4-applier,2026-08-16,Derived from the exact signed candidate and target sentence-evidence snapshot.
SENT-3992,52bebecfb2a435d0e7ff2efea557c5799674ded6,cfc2572291a2676933b08b7466d1ea1e7e76bebb,docs/9.失敗パターンに応じて高度化する/9.6.Hierarchical RAG・RAPTOR.md,REWRITE_REQUIRED,6e23e9cd6b3b62baea1c6eb94c3b029904fd42b4e991583ff3d902b42ded929e,SENT-4327,e01b274ef6766b3e87343d15b193f804c5c33b88d9e0d367c1ca244708c2df5d,6f7380039408309968bc5956968a727883c0de3cfcb7b879543cd53dd9e176bd,APPLIED_VERIFIED,codex-wave4-applier,2026-08-16,Derived from the exact signed candidate and target sentence-evidence snapshot.
SENT-3994,52bebecfb2a435d0e7ff2efea557c5799674ded6,cfc2572291a2676933b08b7466d1ea1e7e76bebb,docs/9.失敗パターンに応じて高度化する/9.6.Hierarchical RAG・RAPTOR.md,REWRITE_REQUIRED,e3dcac6ee212355be02d66ce7878b55d700663532ba774ab1f51f69ba5e0b879,SENT-4329;SENT-4330,afc65ebc4a7e2454e95e407e26e4b131a7ab7fb0bf602750c579bc29abf06a56,6f7380039408309968bc5956968a727883c0de3cfcb7b879543cd53dd9e176bd,APPLIED_VERIFIED,codex-wave4-applier,2026-08-16,Derived from the exact signed candidate and target sentence-evidence snapshot.
SENT-3996,52bebecfb2a435d0e7ff2efea557c5799674ded6,cfc2572291a2676933b08b7466d1ea1e7e76bebb,docs/9.失敗パターンに応じて高度化する/9.6.Hierarchical RAG・RAPTOR.md,REWRITE_REQUIRED,b509c0a7c42b77d00ed648291ba1db526f82194006c1a2dcb5f22c3fae6391e3,SENT-4332,c8639d978432930b85a4e1445ecb0cd1dc1496609b0eece0e21a7c79961b4ad8,6f7380039408309968bc5956968a727883c0de3cfcb7b879543cd53dd9e176bd,APPLIED_VERIFIED,codex-wave4-applier,2026-08-16,Derived from the exact signed candidate and target sentence-evidence snapshot.
SENT-3999,52bebecfb2a435d0e7ff2efea557c5799674ded6,cfc2572291a2676933b08b7466d1ea1e7e76bebb,docs/9.失敗パターンに応じて高度化する/9.6.Hierarchical RAG・RAPTOR.md,REWRITE_REQUIRED,7a9156925591f996e1c04a7f895adf3829543ddb4d6de111f97ad6a5805c2f6d,SENT-4335,92cc4d2451080153b020bbfbbc807ec8753100b7294ff452216aa491bcb11766,6f7380039408309968bc5956968a727883c0de3cfcb7b879543cd53dd9e176bd,APPLIED_VERIFIED,codex-wave4-applier,2026-08-16,Derived from the exact signed candidate and target sentence-evidence snapshot.
SENT-4005,52bebecfb2a435d0e7ff2efea557c5799674ded6,cfc2572291a2676933b08b7466d1ea1e7e76bebb,docs/9.失敗パターンに応じて高度化する/9.6.Hierarchical RAG・RAPTOR.md,REWRITE_REQUIRED,921b9dc1269cdf422d79034af4cbfc75fe4eb469209fa998712b195301a51ee9,SENT-4341,0b512ce1a528fe75868c6186a8934dfa6851e2442eabec357696f83ef4eb2e68,6f7380039408309968bc5956968a727883c0de3cfcb7b879543cd53dd9e176bd,APPLIED_VERIFIED,codex-wave4-applier,2026-08-16,Derived from the exact signed candidate and target sentence-evidence snapshot.
SENT-4006,52bebecfb2a435d0e7ff2efea557c5799674ded6,cfc2572291a2676933b08b7466d1ea1e7e76bebb,docs/9.失敗パターンに応じて高度化する/9.6.Hierarchical RAG・RAPTOR.md,REWRITE_REQUIRED,e4b537cfefd12f4391af81554816e87d6f753efeb540325310b6f28f8ab26304,SENT-4342,654b349c7526510ef76e48751507a49476c4c3a59cff3894fb844fbd7a7ce7ff,6f7380039408309968bc5956968a727883c0de3cfcb7b879543cd53dd9e176bd,APPLIED_VERIFIED,codex-wave4-applier,2026-08-16,Derived from the exact signed candidate and target sentence-evidence snapshot.
SENT-4019,52bebecfb2a435d0e7ff2efea557c5799674ded6,cfc2572291a2676933b08b7466d1ea1e7e76bebb,docs/9.失敗パターンに応じて高度化する/9.6.Hierarchical RAG・RAPTOR.md,REWRITE_REQUIRED,0cd5b162d3152df1ee39530a0d1625eb72d40355484fb300febb5f4b388dcbe6,SENT-4365,e2ca6a97413244649a2356131130880610c0272758ec2257043bcc7e2d3f3642,6f7380039408309968bc5956968a727883c0de3cfcb7b879543cd53dd9e176bd,APPLIED_VERIFIED,codex-wave4-applier,2026-08-16,Derived from the exact signed candidate and target sentence-evidence snapshot.
SENT-4042,52bebecfb2a435d0e7ff2efea557c5799674ded6,cfc2572291a2676933b08b7466d1ea1e7e76bebb,docs/9.失敗パターンに応じて高度化する/9.7.GraphRAG.md,REWRITE_REQUIRED,0eb218572309584141fbaf9caf6f8168e141c81ed5716c737b75fee9c04ec4b9,SENT-4388,69307f9d272495f9db6bc369dabf0efb229ac4c6ea40a65583225dad59d6a4d4,2686067f5685ed8f6ba7ddd3540882745f33bc30c0a623441d6b4bfd2270c7f4,APPLIED_VERIFIED,codex-wave4-applier,2026-08-16,Derived from the exact signed candidate and target sentence-evidence snapshot.
SENT-4049,52bebecfb2a435d0e7ff2efea557c5799674ded6,cfc2572291a2676933b08b7466d1ea1e7e76bebb,docs/9.失敗パターンに応じて高度化する/9.7.GraphRAG.md,REWRITE_REQUIRED,990914197dccea6d9171c44f5b199966b281e7a9b8bbdf9298d64e0357549df3,SENT-4397,ad7f9ecc6a0eca57b18546eac5483b5d30217c3eef652840bd6f24f52a802eba,2686067f5685ed8f6ba7ddd3540882745f33bc30c0a623441d6b4bfd2270c7f4,APPLIED_VERIFIED,codex-wave4-applier,2026-08-16,Derived from the exact signed candidate and target sentence-evidence snapshot.
SENT-4055,52bebecfb2a435d0e7ff2efea557c5799674ded6,cfc2572291a2676933b08b7466d1ea1e7e76bebb,docs/9.失敗パターンに応じて高度化する/9.7.GraphRAG.md,APPROPRIATE_NORMATIVE,1dec731612bfdc44292bc678972230baf15d8580c9e68dc58bb21cb6b47a0b94,SENT-4403,1dec731612bfdc44292bc678972230baf15d8580c9e68dc58bb21cb6b47a0b94,2686067f5685ed8f6ba7ddd3540882745f33bc30c0a623441d6b4bfd2270c7f4,APPLIED_VERIFIED,codex-wave4-applier,2026-08-16,Derived from the exact signed candidate and target sentence-evidence snapshot.
SENT-4063,52bebecfb2a435d0e7ff2efea557c5799674ded6,cfc2572291a2676933b08b7466d1ea1e7e76bebb,docs/9.失敗パターンに応じて高度化する/9.7.GraphRAG.md,APPROPRIATE_NORMATIVE,919fc5b04c7d7c2bd00e4d4cd80915b394798b48e2dc95b5427b78e2dd4e8f87,SENT-4411,919fc5b04c7d7c2bd00e4d4cd80915b394798b48e2dc95b5427b78e2dd4e8f87,2686067f5685ed8f6ba7ddd3540882745f33bc30c0a623441d6b4bfd2270c7f4,APPLIED_VERIFIED,codex-wave4-applier,2026-08-16,Derived from the exact signed candidate and target sentence-evidence snapshot.
SENT-4071,52bebecfb2a435d0e7ff2efea557c5799674ded6,cfc2572291a2676933b08b7466d1ea1e7e76bebb,docs/9.失敗パターンに応じて高度化する/9.7.GraphRAG.md,APPROPRIATE_NORMATIVE,4f3d79e13bba68916c4efeccabe735813a55f3bc4db89e7277e16fe607f3b2f9,SENT-4419,4f3d79e13bba68916c4efeccabe735813a55f3bc4db89e7277e16fe607f3b2f9,2686067f5685ed8f6ba7ddd3540882745f33bc30c0a623441d6b4bfd2270c7f4,APPLIED_VERIFIED,codex-wave4-applier,2026-08-16,Derived from the exact signed candidate and target sentence-evidence snapshot.
SENT-4082,52bebecfb2a435d0e7ff2efea557c5799674ded6,cfc2572291a2676933b08b7466d1ea1e7e76bebb,docs/9.失敗パターンに応じて高度化する/9.7.GraphRAG.md,REWRITE_REQUIRED,14410c15da015d715a7362f2004896217c83e2588a067e3f4c23be6a0e458f4a,SENT-4430,a34f9a7dc4ff4c411f8c7c59406c24c2c5fde28c044a54440958690fd612a854,2686067f5685ed8f6ba7ddd3540882745f33bc30c0a623441d6b4bfd2270c7f4,APPLIED_VERIFIED,codex-wave4-applier,2026-08-16,Derived from the exact signed candidate and target sentence-evidence snapshot.
SENT-4086,52bebecfb2a435d0e7ff2efea557c5799674ded6,cfc2572291a2676933b08b7466d1ea1e7e76bebb,docs/9.失敗パターンに応じて高度化する/9.7.GraphRAG.md,APPROPRIATE_NORMATIVE,22e8589be6272e5aad9666f8fc7f66a9c66b74d07217749a749a81fcc72057b1,SENT-4434,22e8589be6272e5aad9666f8fc7f66a9c66b74d07217749a749a81fcc72057b1,2686067f5685ed8f6ba7ddd3540882745f33bc30c0a623441d6b4bfd2270c7f4,APPLIED_VERIFIED,codex-wave4-applier,2026-08-16,Derived from the exact signed candidate and target sentence-evidence snapshot.
SENT-4100,52bebecfb2a435d0e7ff2efea557c5799674ded6,cfc2572291a2676933b08b7466d1ea1e7e76bebb,docs/9.失敗パターンに応じて高度化する/9.8.Multimodal RAG.md,REWRITE_REQUIRED,f6e3cb3339c21fa823f965597592349e570f8af6d727ce0684cf35e56c6b5bea,SENT-4448,db238ee5e5af4e607e7efd40dd3b3da600012d04f047d92f02b9ee202b9bf0a5,4d4a4b8eb9bf229a1816c42e473a79dac316b75b4224bb8169a90049fce6af60,APPLIED_VERIFIED,codex-wave4-applier,2026-08-16,Derived from the exact signed candidate and target sentence-evidence snapshot.
SENT-4106,52bebecfb2a435d0e7ff2efea557c5799674ded6,cfc2572291a2676933b08b7466d1ea1e7e76bebb,docs/9.失敗パターンに応じて高度化する/9.8.Multimodal RAG.md,REWRITE_REQUIRED,87f1dafe4bbdc9be43a382a0ff805b38486ec3cbe9507eae8a04c97f495d2a56,SENT-4454;SENT-4455,420fcc73f5df79fe79c7b40d413f23ab10b257b318788cabcbefb6876cb9bc15,4d4a4b8eb9bf229a1816c42e473a79dac316b75b4224bb8169a90049fce6af60,APPLIED_VERIFIED,codex-wave4-applier,2026-08-16,Derived from the exact signed candidate and target sentence-evidence snapshot.
SENT-4115,52bebecfb2a435d0e7ff2efea557c5799674ded6,cfc2572291a2676933b08b7466d1ea1e7e76bebb,docs/9.失敗パターンに応じて高度化する/9.8.Multimodal RAG.md,REWRITE_REQUIRED,9f2e584f67ec0f71c034ca61e48f5a00b2edf2a2ca50045f37c36d1cf67b9d37,SENT-4464,799a4cd91f290cefb9f861d343bb2fec749dde1a819b31b72b7f9216e9bbb23d,4d4a4b8eb9bf229a1816c42e473a79dac316b75b4224bb8169a90049fce6af60,APPLIED_VERIFIED,codex-wave4-applier,2026-08-16,Derived from the exact signed candidate and target sentence-evidence snapshot.
SENT-4129,52bebecfb2a435d0e7ff2efea557c5799674ded6,cfc2572291a2676933b08b7466d1ea1e7e76bebb,docs/9.失敗パターンに応じて高度化する/9.8.Multimodal RAG.md,APPROPRIATE_NORMATIVE,92969df22699852cc84dee092da86a4f46cb4e6ebccb31bf9105baf6806ca6ec,SENT-4478,92969df22699852cc84dee092da86a4f46cb4e6ebccb31bf9105baf6806ca6ec,4d4a4b8eb9bf229a1816c42e473a79dac316b75b4224bb8169a90049fce6af60,APPLIED_VERIFIED,codex-wave4-applier,2026-08-16,Derived from the exact signed candidate and target sentence-evidence snapshot.
SENT-4130,52bebecfb2a435d0e7ff2efea557c5799674ded6,cfc2572291a2676933b08b7466d1ea1e7e76bebb,docs/9.失敗パターンに応じて高度化する/9.8.Multimodal RAG.md,APPROPRIATE_NORMATIVE,61aab6615a393a0bb15ffdc494c2296294f80778c246d3cbffdbb06215331447,SENT-4479,61aab6615a393a0bb15ffdc494c2296294f80778c246d3cbffdbb06215331447,4d4a4b8eb9bf229a1816c42e473a79dac316b75b4224bb8169a90049fce6af60,APPLIED_VERIFIED,codex-wave4-applier,2026-08-16,Derived from the exact signed candidate and target sentence-evidence snapshot.
SENT-4133,52bebecfb2a435d0e7ff2efea557c5799674ded6,cfc2572291a2676933b08b7466d1ea1e7e76bebb,docs/9.失敗パターンに応じて高度化する/9.8.Multimodal RAG.md,REWRITE_REQUIRED,bb68da5bb12c65f8387e321a3e87e2bfb74627a63fa7212fb4b6cb6b9b1f8a6c,SENT-4482,79f8630398a7669c11b8476821df256c133f1e618e134f5c76d818e2e33a7a9b,4d4a4b8eb9bf229a1816c42e473a79dac316b75b4224bb8169a90049fce6af60,APPLIED_VERIFIED,codex-wave4-applier,2026-08-16,Derived from the exact signed candidate and target sentence-evidence snapshot.
SENT-4134,52bebecfb2a435d0e7ff2efea557c5799674ded6,cfc2572291a2676933b08b7466d1ea1e7e76bebb,docs/9.失敗パターンに応じて高度化する/9.8.Multimodal RAG.md,APPROPRIATE_NORMATIVE,0fe743d8d80bf68b119603f121ba339d383f522f4596459431047dd7e069d61a,SENT-4483,0fe743d8d80bf68b119603f121ba339d383f522f4596459431047dd7e069d61a,4d4a4b8eb9bf229a1816c42e473a79dac316b75b4224bb8169a90049fce6af60,APPLIED_VERIFIED,codex-wave4-applier,2026-08-16,Derived from the exact signed candidate and target sentence-evidence snapshot.
SENT-4150,52bebecfb2a435d0e7ff2efea557c5799674ded6,cfc2572291a2676933b08b7466d1ea1e7e76bebb,docs/9.失敗パターンに応じて高度化する/9.8.Multimodal RAG.md,APPROPRIATE_NORMATIVE,0cdaac68472b55bd79580694a737944916c6fedd58aeaa4964ebd7e285131864,SENT-4499,0cdaac68472b55bd79580694a737944916c6fedd58aeaa4964ebd7e285131864,4d4a4b8eb9bf229a1816c42e473a79dac316b75b4224bb8169a90049fce6af60,APPLIED_VERIFIED,codex-wave4-applier,2026-08-16,Derived from the exact signed candidate and target sentence-evidence snapshot.
SENT-4167,52bebecfb2a435d0e7ff2efea557c5799674ded6,cfc2572291a2676933b08b7466d1ea1e7e76bebb,docs/9.失敗パターンに応じて高度化する/9.9.Agentic RAG.md,APPROPRIATE_NORMATIVE,18e166a56725043bd02aae2a48c926c27d487f4c7365224b09806f930b4585ea,SENT-4516,18e166a56725043bd02aae2a48c926c27d487f4c7365224b09806f930b4585ea,47732daf7f9d31d2e13a60cf8262e76e62541de5a7af1368b5025c4e35950691,APPLIED_VERIFIED,codex-wave4-applier,2026-08-16,Derived from the exact signed candidate and target sentence-evidence snapshot.
SENT-4172,52bebecfb2a435d0e7ff2efea557c5799674ded6,cfc2572291a2676933b08b7466d1ea1e7e76bebb,docs/9.失敗パターンに応じて高度化する/9.9.Agentic RAG.md,REWRITE_REQUIRED,c85cc420c7481dfb3d1e468d77c281d1fd0b9df3e7a19ac170babedd9257abd6,SENT-4521;SENT-4522,0704c71dfb948017eba36ba97e8145ed6ee3f0be07d9c1362a2c805c8db81a6a,47732daf7f9d31d2e13a60cf8262e76e62541de5a7af1368b5025c4e35950691,APPLIED_VERIFIED,codex-wave4-applier,2026-08-16,Derived from the exact signed candidate and target sentence-evidence snapshot.
SENT-4184,52bebecfb2a435d0e7ff2efea557c5799674ded6,cfc2572291a2676933b08b7466d1ea1e7e76bebb,docs/9.失敗パターンに応じて高度化する/9.9.Agentic RAG.md,REWRITE_REQUIRED,b3a50aef6b1467ee179ce269ae9dc5e11875d720caf9ab8465d0cdd2d4eb0c96,SENT-4534,4ce7d150b9237b323bd1cd9ded62086b7cfd86ee11df24e467038b800d55a8f5,47732daf7f9d31d2e13a60cf8262e76e62541de5a7af1368b5025c4e35950691,APPLIED_VERIFIED,codex-wave4-applier,2026-08-16,Derived from the exact signed candidate and target sentence-evidence snapshot.
SENT-4187,52bebecfb2a435d0e7ff2efea557c5799674ded6,cfc2572291a2676933b08b7466d1ea1e7e76bebb,docs/9.失敗パターンに応じて高度化する/9.9.Agentic RAG.md,APPROPRIATE_NORMATIVE,0ea828d26d6005af54400ce486f10db08a27df05e20ca6367905f59d1c2e18a2,SENT-4537,312c145084e5d7e575b875c4d28462a9c90b2af6a3bf3b7a42b4e88eb7e08135,47732daf7f9d31d2e13a60cf8262e76e62541de5a7af1368b5025c4e35950691,APPLIED_VERIFIED,codex-wave4-applier,2026-08-16,Derived from the exact signed candidate and target sentence-evidence snapshot.
SENT-4203,52bebecfb2a435d0e7ff2efea557c5799674ded6,cfc2572291a2676933b08b7466d1ea1e7e76bebb,docs/9.失敗パターンに応じて高度化する/9.9.Agentic RAG.md,APPROPRIATE_NORMATIVE,ea73247c0e0c9ad4d7c454b29a49c780b979ecaa51a9dd2c5bd10b3c79f5f6a0,SENT-4553,c30d3a824e2914166ff71bb0a3a7e896186a2acb4bb57690bd9cec4f237a5da6,47732daf7f9d31d2e13a60cf8262e76e62541de5a7af1368b5025c4e35950691,APPLIED_VERIFIED,codex-wave4-applier,2026-08-16,Derived from the exact signed candidate and target sentence-evidence snapshot.
SENT-4217,52bebecfb2a435d0e7ff2efea557c5799674ded6,cfc2572291a2676933b08b7466d1ea1e7e76bebb,docs/9.失敗パターンに応じて高度化する/9.9.Agentic RAG.md,APPROPRIATE_NORMATIVE,97c5f2216b9107c36f2fe4107838fc8ce6f21ee9cc86454c4892cb7de92cf0fe,SENT-4567,97c5f2216b9107c36f2fe4107838fc8ce6f21ee9cc86454c4892cb7de92cf0fe,47732daf7f9d31d2e13a60cf8262e76e62541de5a7af1368b5025c4e35950691,APPLIED_VERIFIED,codex-wave4-applier,2026-08-16,Derived from the exact signed candidate and target sentence-evidence snapshot.
SENT-4218,52bebecfb2a435d0e7ff2efea557c5799674ded6,cfc2572291a2676933b08b7466d1ea1e7e76bebb,docs/9.失敗パターンに応じて高度化する/9.9.Agentic RAG.md,APPROPRIATE_NORMATIVE,93fa5158106f4d159b4072e3e7c2d2a4a13ae7c42e3f07de712c8aa6ed7fe9f3,SENT-4568,93fa5158106f4d159b4072e3e7c2d2a4a13ae7c42e3f07de712c8aa6ed7fe9f3,47732daf7f9d31d2e13a60cf8262e76e62541de5a7af1368b5025c4e35950691,APPLIED_VERIFIED,codex-wave4-applier,2026-08-16,Derived from the exact signed candidate and target sentence-evidence snapshot.
SENT-4221,52bebecfb2a435d0e7ff2efea557c5799674ded6,cfc2572291a2676933b08b7466d1ea1e7e76bebb,docs/9.失敗パターンに応じて高度化する/9.9.Agentic RAG.md,REWRITE_REQUIRED,4eeeae9f52efbdc63dad48f26ecc8bc889a091ce7b9669b6a682bf185bb9facb,SENT-4571,2e1bb3b07240f4978c173949ebea8b3f11de7b7d31356da90fb0a27875d92095,47732daf7f9d31d2e13a60cf8262e76e62541de5a7af1368b5025c4e35950691,APPLIED_VERIFIED,codex-wave4-applier,2026-08-16,Derived from the exact signed candidate and target sentence-evidence snapshot.
SENT-4223,52bebecfb2a435d0e7ff2efea557c5799674ded6,cfc2572291a2676933b08b7466d1ea1e7e76bebb,docs/9.失敗パターンに応じて高度化する/9.9.Agentic RAG.md,APPROPRIATE_NORMATIVE,f6af5a12e47bfa62aa7740f4a66b9c1545e0bd171e7c64e01b7cb3ece80c5e89,SENT-4573,f6af5a12e47bfa62aa7740f4a66b9c1545e0bd171e7c64e01b7cb3ece80c5e89,47732daf7f9d31d2e13a60cf8262e76e62541de5a7af1368b5025c4e35950691,APPLIED_VERIFIED,codex-wave4-applier,2026-08-16,Derived from the exact signed candidate and target sentence-evidence snapshot.
SENT-4224,52bebecfb2a435d0e7ff2efea557c5799674ded6,cfc2572291a2676933b08b7466d1ea1e7e76bebb,docs/9.失敗パターンに応じて高度化する/序文.md,APPROPRIATE_NORMATIVE,7cd678b358c110e1666a8276b4bd71007616fe5dcc13e4990a99aaac07372186,SENT-4574,540b19285bb4b099bf9fe0d4e8efb828f09fd24c8dbb9bbb55d3a70a774aa5bd,98e6cebb2f4e0de959db3e9da4f33ddda41b2b79b08b5ff66728b8e5050d6e99,APPLIED_VERIFIED,codex-wave4-applier,2026-08-16,Derived from the exact signed candidate and target sentence-evidence snapshot.
SENT-4227,52bebecfb2a435d0e7ff2efea557c5799674ded6,cfc2572291a2676933b08b7466d1ea1e7e76bebb,docs/9.失敗パターンに応じて高度化する/序文.md,APPROPRIATE_NORMATIVE,aa181c3059d7c64c1006246e163b2a07c54a361710f2566046565784a2cee826,SENT-4578,aa181c3059d7c64c1006246e163b2a07c54a361710f2566046565784a2cee826,98e6cebb2f4e0de959db3e9da4f33ddda41b2b79b08b5ff66728b8e5050d6e99,APPLIED_VERIFIED,codex-wave4-applier,2026-08-16,Derived from the exact signed candidate and target sentence-evidence snapshot.
SENT-4229,52bebecfb2a435d0e7ff2efea557c5799674ded6,cfc2572291a2676933b08b7466d1ea1e7e76bebb,docs/9.失敗パターンに応じて高度化する/序文.md,APPROPRIATE_NORMATIVE,c6811d1e220d6383c432db71f07c8f7716463282fc54f6c1eef3e7b60c742128,SENT-4580,c6811d1e220d6383c432db71f07c8f7716463282fc54f6c1eef3e7b60c742128,98e6cebb2f4e0de959db3e9da4f33ddda41b2b79b08b5ff66728b8e5050d6e99,APPLIED_VERIFIED,codex-wave4-applier,2026-08-16,Derived from the exact signed candidate and target sentence-evidence snapshot.
SENT-4230,52bebecfb2a435d0e7ff2efea557c5799674ded6,cfc2572291a2676933b08b7466d1ea1e7e76bebb,docs/9.失敗パターンに応じて高度化する/序文.md,APPROPRIATE_NORMATIVE,d06c9a19ac68409a79475abbfb37dc741e491d948814c68648e82e3ef362c880,SENT-4581,d06c9a19ac68409a79475abbfb37dc741e491d948814c68648e82e3ef362c880,98e6cebb2f4e0de959db3e9da4f33ddda41b2b79b08b5ff66728b8e5050d6e99,APPLIED_VERIFIED,codex-wave4-applier,2026-08-16,Derived from the exact signed candidate and target sentence-evidence snapshot.
SENT-4232,52bebecfb2a435d0e7ff2efea557c5799674ded6,cfc2572291a2676933b08b7466d1ea1e7e76bebb,docs/9.失敗パターンに応じて高度化する/序文.md,REWRITE_REQUIRED,48c1fc22319cfe01650ff00b105997e1abcb65f3c98d1daef2dd294fd5e56096,SENT-4587,340f386b9dee043bf16ce0b932db990ce1db0aea4a1e77a06ba8b51d0f3582e0,98e6cebb2f4e0de959db3e9da4f33ddda41b2b79b08b5ff66728b8e5050d6e99,APPLIED_VERIFIED,codex-wave4-applier,2026-08-16,Derived from the exact signed candidate and target sentence-evidence snapshot.
SENT-4233,52bebecfb2a435d0e7ff2efea557c5799674ded6,cfc2572291a2676933b08b7466d1ea1e7e76bebb,docs/9.失敗パターンに応じて高度化する/序文.md,APPROPRIATE_NORMATIVE,e3877e38d3103cda6a79f46a528b71d12b373c4a691284b5a45c481ed7fa33b6,SENT-4588,e3877e38d3103cda6a79f46a528b71d12b373c4a691284b5a45c481ed7fa33b6,98e6cebb2f4e0de959db3e9da4f33ddda41b2b79b08b5ff66728b8e5050d6e99,APPLIED_VERIFIED,codex-wave4-applier,2026-08-16,Derived from the exact signed candidate and target sentence-evidence snapshot.
SENT-4234,52bebecfb2a435d0e7ff2efea557c5799674ded6,cfc2572291a2676933b08b7466d1ea1e7e76bebb,docs/9.失敗パターンに応じて高度化する/序文.md,REWRITE_REQUIRED,ed92ec6d3cb794afd838675d300f6a5a34ee08207969b3ce29fb4f09fb030b74,SENT-4589,9d6d901dc1ed21286b3f554f3c2715fb8b8f165dd29d7c1ca3c265ad14bede71,98e6cebb2f4e0de959db3e9da4f33ddda41b2b79b08b5ff66728b8e5050d6e99,APPLIED_VERIFIED,codex-wave4-applier,2026-08-16,Derived from the exact signed candidate and target sentence-evidence snapshot.
SENT-4236,52bebecfb2a435d0e7ff2efea557c5799674ded6,cfc2572291a2676933b08b7466d1ea1e7e76bebb,docs/9.失敗パターンに応じて高度化する/序文.md,REWRITE_REQUIRED,4477c74e676dc69ffafecf25ff676da2b5a465d19c62bad6a90c350b53bbb2b1,SENT-4590,8bb2b3b83de866353fcddefac3601a223612b1b28dc1bb0c2ccd6919f181b765,98e6cebb2f4e0de959db3e9da4f33ddda41b2b79b08b5ff66728b8e5050d6e99,APPLIED_VERIFIED,codex-wave4-applier,2026-08-16,Derived from the exact signed candidate and target sentence-evidence snapshot.
SENT-4237,52bebecfb2a435d0e7ff2efea557c5799674ded6,cfc2572291a2676933b08b7466d1ea1e7e76bebb,docs/9.失敗パターンに応じて高度化する/序文.md,REWRITE_REQUIRED,5dc4c3e91a3f13f10031e6964bd39798893b1474b7223aaa6da5dbe50a3fe2ab,SENT-4591,abe6c2f2ef88cd00cecb11614df881ac83e61fc6d34685441f2fbd5e1bfad983,98e6cebb2f4e0de959db3e9da4f33ddda41b2b79b08b5ff66728b8e5050d6e99,APPLIED_VERIFIED,codex-wave4-applier,2026-08-16,Derived from the exact signed candidate and target sentence-evidence snapshot.
SENT-4238,52bebecfb2a435d0e7ff2efea557c5799674ded6,cfc2572291a2676933b08b7466d1ea1e7e76bebb,docs/9.失敗パターンに応じて高度化する/序文.md,REWRITE_REQUIRED,1570da9ead1f151a8cb1b642ababa96ba6edbec7998d471b8cb9488ac30fc2ca,SENT-4592,02a72506ddbdbde3bdeabc05782cd09f8060d2a897497b30a029ef9c4414353a,98e6cebb2f4e0de959db3e9da4f33ddda41b2b79b08b5ff66728b8e5050d6e99,APPLIED_VERIFIED,codex-wave4-applier,2026-08-16,Derived from the exact signed candidate and target sentence-evidence snapshot.
SENT-4240,52bebecfb2a435d0e7ff2efea557c5799674ded6,cfc2572291a2676933b08b7466d1ea1e7e76bebb,docs/9.失敗パターンに応じて高度化する/序文.md,REWRITE_REQUIRED,a7416b1758288c5bf6525301345e76fcba572a9e00389c3a182da135be67a543,SENT-4594,c9feda6dda0af4d4ac5f8d4db55f621414a05e9b8e0ece8f81e7b0fed04d5106,98e6cebb2f4e0de959db3e9da4f33ddda41b2b79b08b5ff66728b8e5050d6e99,APPLIED_VERIFIED,codex-wave4-applier,2026-08-16,Derived from the exact signed candidate and target sentence-evidence snapshot.
SENT-4242,52bebecfb2a435d0e7ff2efea557c5799674ded6,cfc2572291a2676933b08b7466d1ea1e7e76bebb,docs/9.失敗パターンに応じて高度化する/序文.md,REWRITE_REQUIRED,21dcfe009c6df292945b1c58e867457981545a9113b2188ee39ebf026c7676ab,SENT-4595,70ba43ebff052965491e20be3d4af8f316166a70897c9f81e8d92a07d6a9574d,98e6cebb2f4e0de959db3e9da4f33ddda41b2b79b08b5ff66728b8e5050d6e99,APPLIED_VERIFIED,codex-wave4-applier,2026-08-16,Derived from the exact signed candidate and target sentence-evidence snapshot.
SENT-4243,52bebecfb2a435d0e7ff2efea557c5799674ded6,cfc2572291a2676933b08b7466d1ea1e7e76bebb,docs/9.失敗パターンに応じて高度化する/序文.md,REWRITE_REQUIRED,f7b25d7b92b89cf6e05057ecd6d5effa18c9a5a743387a7ba01b4bc0105f8b96,SENT-4596,15176c70db11b1a57507f8064891d18de72d2a2dee4d4a153fd11843cbc62b01,98e6cebb2f4e0de959db3e9da4f33ddda41b2b79b08b5ff66728b8e5050d6e99,APPLIED_VERIFIED,codex-wave4-applier,2026-08-16,Derived from the exact signed candidate and target sentence-evidence snapshot.
SENT-4246,52bebecfb2a435d0e7ff2efea557c5799674ded6,cfc2572291a2676933b08b7466d1ea1e7e76bebb,docs/9.失敗パターンに応じて高度化する/序文.md,APPROPRIATE_NORMATIVE,e6431960142aadc970f8257b3cfe7fc48bd6f4180a0ce46949775845581482e4,SENT-4599,e6431960142aadc970f8257b3cfe7fc48bd6f4180a0ce46949775845581482e4,98e6cebb2f4e0de959db3e9da4f33ddda41b2b79b08b5ff66728b8e5050d6e99,APPLIED_VERIFIED,codex-wave4-applier,2026-08-16,Derived from the exact signed candidate and target sentence-evidence snapshot.
SENT-4247,52bebecfb2a435d0e7ff2efea557c5799674ded6,cfc2572291a2676933b08b7466d1ea1e7e76bebb,docs/9.失敗パターンに応じて高度化する/序文.md,APPROPRIATE_NORMATIVE,753849a9994c90ee993c28c8abf305a070f03191084039cb3d0ac20ed9d7eba1,SENT-4600,753849a9994c90ee993c28c8abf305a070f03191084039cb3d0ac20ed9d7eba1,98e6cebb2f4e0de959db3e9da4f33ddda41b2b79b08b5ff66728b8e5050d6e99,APPLIED_VERIFIED,codex-wave4-applier,2026-08-16,Derived from the exact signed candidate and target sentence-evidence snapshot.
SENT-4252,52bebecfb2a435d0e7ff2efea557c5799674ded6,cfc2572291a2676933b08b7466d1ea1e7e76bebb,docs/章構成.md,APPROPRIATE_NORMATIVE,a512feba7ffa544413f1479f6af787832cded32a3f74e147c64039a302116a41,SENT-4606,a512feba7ffa544413f1479f6af787832cded32a3f74e147c64039a302116a41,698e32eb9f5937c2530060570517389d5c01cca644c69bb33bb27a1fac0bbb11,APPLIED_VERIFIED,codex-wave4-applier,2026-08-16,Derived from the exact signed candidate and target sentence-evidence snapshot.
SENT-4253,52bebecfb2a435d0e7ff2efea557c5799674ded6,cfc2572291a2676933b08b7466d1ea1e7e76bebb,docs/章構成.md,APPROPRIATE_NORMATIVE,137636b9c15916d43d309bdfb1501fc3882a43d1c57ae83fce92b4d9d5bcd710,SENT-4607,137636b9c15916d43d309bdfb1501fc3882a43d1c57ae83fce92b4d9d5bcd710,698e32eb9f5937c2530060570517389d5c01cca644c69bb33bb27a1fac0bbb11,APPLIED_VERIFIED,codex-wave4-applier,2026-08-16,Derived from the exact signed candidate and target sentence-evidence snapshot.
SENT-4254,52bebecfb2a435d0e7ff2efea557c5799674ded6,cfc2572291a2676933b08b7466d1ea1e7e76bebb,docs/章構成.md,APPROPRIATE_NORMATIVE,9edb6d98ed7353aa18097da2775d474d045e70a89b72eaee0012f1bbcc3cc307,SENT-4608,9edb6d98ed7353aa18097da2775d474d045e70a89b72eaee0012f1bbcc3cc307,698e32eb9f5937c2530060570517389d5c01cca644c69bb33bb27a1fac0bbb11,APPLIED_VERIFIED,codex-wave4-applier,2026-08-16,Derived from the exact signed candidate and target sentence-evidence snapshot.
SENT-4256,52bebecfb2a435d0e7ff2efea557c5799674ded6,cfc2572291a2676933b08b7466d1ea1e7e76bebb,docs/章構成.md,APPROPRIATE_NORMATIVE,1a519fd0ad1e7f7889b63846fdb2b3f1dfafb29566202373c3acd0f5bb33cb30,SENT-4610,1a519fd0ad1e7f7889b63846fdb2b3f1dfafb29566202373c3acd0f5bb33cb30,698e32eb9f5937c2530060570517389d5c01cca644c69bb33bb27a1fac0bbb11,APPLIED_VERIFIED,codex-wave4-applier,2026-08-16,Derived from the exact signed candidate and target sentence-evidence snapshot.
SENT-4265,52bebecfb2a435d0e7ff2efea557c5799674ded6,cfc2572291a2676933b08b7466d1ea1e7e76bebb,docs/章構成.md,REMOVE_OR_REPLACE,4bbf0aea061225f11ef6d5e4c7cfcfa1f714e69ba779403682ea98945a477a34,SENT-4621,4bbf0aea061225f11ef6d5e4c7cfcfa1f714e69ba779403682ea98945a477a34,698e32eb9f5937c2530060570517389d5c01cca644c69bb33bb27a1fac0bbb11,APPLIED_VERIFIED,codex-wave4-applier,2026-08-16,Derived from the exact signed candidate and target sentence-evidence snapshot.
SENT-4302,52bebecfb2a435d0e7ff2efea557c5799674ded6,cfc2572291a2676933b08b7466d1ea1e7e76bebb,docs/章構成.md,REMOVE_OR_REPLACE,4e2b92733ec37ee1312d5acda1897a39c730093d9b89a22de3c63d5aa37d14d4,SENT-4660,4e2b92733ec37ee1312d5acda1897a39c730093d9b89a22de3c63d5aa37d14d4,698e32eb9f5937c2530060570517389d5c01cca644c69bb33bb27a1fac0bbb11,APPLIED_VERIFIED,codex-wave4-applier,2026-08-16,Derived from the exact signed candidate and target sentence-evidence snapshot.
SENT-4314,52bebecfb2a435d0e7ff2efea557c5799674ded6,cfc2572291a2676933b08b7466d1ea1e7e76bebb,docs/章構成.md,REMOVE_OR_REPLACE,6b7d61f69ad023ff7cf167241321f3d4668b4836dfcfb135c5dc4b2cd8efa4e0,SENT-4672,6b7d61f69ad023ff7cf167241321f3d4668b4836dfcfb135c5dc4b2cd8efa4e0,698e32eb9f5937c2530060570517389d5c01cca644c69bb33bb27a1fac0bbb11,APPLIED_VERIFIED,codex-wave4-applier,2026-08-16,Derived from the exact signed candidate and target sentence-evidence snapshot.
SENT-4372,52bebecfb2a435d0e7ff2efea557c5799674ded6,cfc2572291a2676933b08b7466d1ea1e7e76bebb,docs/索引.md,REMOVE_OR_REPLACE,a131bcdffa2409cac49a9c7a52fcc7b69a8c73a7d1f8cfb4bb236d93ad2a699b,SENT-4733,a131bcdffa2409cac49a9c7a52fcc7b69a8c73a7d1f8cfb4bb236d93ad2a699b,56833080ef802d044409597cb4deea1accc4f3e0dce7807c28ad6859c1f57f1a,APPLIED_VERIFIED,codex-wave4-applier,2026-08-16,Derived from the exact signed candidate and target sentence-evidence snapshot.
SENT-4385,52bebecfb2a435d0e7ff2efea557c5799674ded6,cfc2572291a2676933b08b7466d1ea1e7e76bebb,docs/索引.md,REMOVE_OR_REPLACE,85be0bc918a9e9efcd63eb6474254edc195c172f303e3fd96480c14bfd6e4d93,SENT-4747,85be0bc918a9e9efcd63eb6474254edc195c172f303e3fd96480c14bfd6e4d93,56833080ef802d044409597cb4deea1accc4f3e0dce7807c28ad6859c1f57f1a,APPLIED_VERIFIED,codex-wave4-applier,2026-08-16,Derived from the exact signed candidate and target sentence-evidence snapshot.
SENT-4387,52bebecfb2a435d0e7ff2efea557c5799674ded6,cfc2572291a2676933b08b7466d1ea1e7e76bebb,docs/索引.md,REMOVE_OR_REPLACE,f4407800758a0c94ab57eec0495f1bae78f56917b2145771cd67a9309280d07a,SENT-4749,f4407800758a0c94ab57eec0495f1bae78f56917b2145771cd67a9309280d07a,56833080ef802d044409597cb4deea1accc4f3e0dce7807c28ad6859c1f57f1a,APPLIED_VERIFIED,codex-wave4-applier,2026-08-16,Derived from the exact signed candidate and target sentence-evidence snapshot.
SENT-4389,52bebecfb2a435d0e7ff2efea557c5799674ded6,cfc2572291a2676933b08b7466d1ea1e7e76bebb,docs/索引.md,REMOVE_OR_REPLACE,ba2b556e77a19bbf69a65ea76cf72510ae6c955bedcdd076add6d8a17c6a735f,SENT-4751,ba2b556e77a19bbf69a65ea76cf72510ae6c955bedcdd076add6d8a17c6a735f,56833080ef802d044409597cb4deea1accc4f3e0dce7807c28ad6859c1f57f1a,APPLIED_VERIFIED,codex-wave4-applier,2026-08-16,Derived from the exact signed candidate and target sentence-evidence snapshot.
SENT-4394,52bebecfb2a435d0e7ff2efea557c5799674ded6,cfc2572291a2676933b08b7466d1ea1e7e76bebb,docs/索引.md,REMOVE_OR_REPLACE,9f71a5b0aad1a27e51e30257cad1e2b383000722ce864bfa665a5eb8739e3c1a,SENT-4756,9f71a5b0aad1a27e51e30257cad1e2b383000722ce864bfa665a5eb8739e3c1a,56833080ef802d044409597cb4deea1accc4f3e0dce7807c28ad6859c1f57f1a,APPLIED_VERIFIED,codex-wave4-applier,2026-08-16,Derived from the exact signed candidate and target sentence-evidence snapshot.
SENT-4398,52bebecfb2a435d0e7ff2efea557c5799674ded6,cfc2572291a2676933b08b7466d1ea1e7e76bebb,docs/索引.md,REMOVE_OR_REPLACE,f66f77c4c1177276ee2cd964adf41fb0a605c9bea6d0a1e8b5d27f66669ec68e,SENT-4761,f66f77c4c1177276ee2cd964adf41fb0a605c9bea6d0a1e8b5d27f66669ec68e,56833080ef802d044409597cb4deea1accc4f3e0dce7807c28ad6859c1f57f1a,APPLIED_VERIFIED,codex-wave4-applier,2026-08-16,Derived from the exact signed candidate and target sentence-evidence snapshot.
SENT-4407,52bebecfb2a435d0e7ff2efea557c5799674ded6,cfc2572291a2676933b08b7466d1ea1e7e76bebb,docs/索引.md,REMOVE_OR_REPLACE,bdfd42562e25506a6c012e05a4aae13dd7362e0400b2e3fa0e0e0a1cdfe1e0ba,SENT-4772,bdfd42562e25506a6c012e05a4aae13dd7362e0400b2e3fa0e0e0a1cdfe1e0ba,56833080ef802d044409597cb4deea1accc4f3e0dce7807c28ad6859c1f57f1a,APPLIED_VERIFIED,codex-wave4-applier,2026-08-16,Derived from the exact signed candidate and target sentence-evidence snapshot.
SENT-4410,52bebecfb2a435d0e7ff2efea557c5799674ded6,cfc2572291a2676933b08b7466d1ea1e7e76bebb,docs/索引.md,REMOVE_OR_REPLACE,9ea2e898f151f914433a06adb33ce1f972e8bb50081f6a32de21b1ab71675f11,SENT-4775,9ea2e898f151f914433a06adb33ce1f972e8bb50081f6a32de21b1ab71675f11,56833080ef802d044409597cb4deea1accc4f3e0dce7807c28ad6859c1f57f1a,APPLIED_VERIFIED,codex-wave4-applier,2026-08-16,Derived from the exact signed candidate and target sentence-evidence snapshot.
SENT-4413,52bebecfb2a435d0e7ff2efea557c5799674ded6,cfc2572291a2676933b08b7466d1ea1e7e76bebb,docs/索引.md,REMOVE_OR_REPLACE,0ebcc6f3f8b9d50cb357afb404e9157c320a74f6eb7430bce133daf6d01ef549,SENT-4778,0ebcc6f3f8b9d50cb357afb404e9157c320a74f6eb7430bce133daf6d01ef549,56833080ef802d044409597cb4deea1accc4f3e0dce7807c28ad6859c1f57f1a,APPLIED_VERIFIED,codex-wave4-applier,2026-08-16,Derived from the exact signed candidate and target sentence-evidence snapshot.
SENT-4415,52bebecfb2a435d0e7ff2efea557c5799674ded6,cfc2572291a2676933b08b7466d1ea1e7e76bebb,docs/索引.md,REMOVE_OR_REPLACE,24ff96a5b65252c8666d4b20d740099e21ec3407549de396bdaacce7d1693149,SENT-4780,24ff96a5b65252c8666d4b20d740099e21ec3407549de396bdaacce7d1693149,56833080ef802d044409597cb4deea1accc4f3e0dce7807c28ad6859c1f57f1a,APPLIED_VERIFIED,codex-wave4-applier,2026-08-16,Derived from the exact signed candidate and target sentence-evidence snapshot.
SENT-4417,52bebecfb2a435d0e7ff2efea557c5799674ded6,cfc2572291a2676933b08b7466d1ea1e7e76bebb,docs/索引.md,REMOVE_OR_REPLACE,d414d53386e35db16dea88b2d95aedf1e23ab149557257aa3d2be98fc5c76cf6,SENT-4782,d414d53386e35db16dea88b2d95aedf1e23ab149557257aa3d2be98fc5c76cf6,56833080ef802d044409597cb4deea1accc4f3e0dce7807c28ad6859c1f57f1a,APPLIED_VERIFIED,codex-wave4-applier,2026-08-16,Derived from the exact signed candidate and target sentence-evidence snapshot.
SENT-4418,52bebecfb2a435d0e7ff2efea557c5799674ded6,cfc2572291a2676933b08b7466d1ea1e7e76bebb,docs/索引.md,REMOVE_OR_REPLACE,95b584831193420714f71c6fe92d6f43b5b6a961b5a323f1a3118067dd6e8d80,SENT-4783,95b584831193420714f71c6fe92d6f43b5b6a961b5a323f1a3118067dd6e8d80,56833080ef802d044409597cb4deea1accc4f3e0dce7807c28ad6859c1f57f1a,APPLIED_VERIFIED,codex-wave4-applier,2026-08-16,Derived from the exact signed candidate and target sentence-evidence snapshot.
