sentence_id,unit_id,file,line_start,sentence,claim_type,logical_operator,guide_formula,guide_atoms,candidate_source_ids,candidate_source_urls,source_mapping_basis,source_mapping_validation,source_projection_adequacy,source_theorem_symbols,source_formula_atoms,unsupported_atoms,logical_proof_status,logical_proof_assurance,lean_theorem,natural_language_adequacy,end_to_end_assurance,proof_reason,validation_boundary
SENT-0002,1.1.1,docs/1.RAGとは何か/1.1.RAGとは.md,6,LewisらのRAG研究では、言語モデルの内部知識と外部の検索可能な記憶を組み合わせています。,externally_cited_claim,AND,"AND(AND(AND(ATOM(retrieval=true), ATOM(generation=true)), ATOM(parametric_memory=true)), ATOM(nonparametric_memory=true))",generation=true;nonparametric_memory=true;parametric_memory=true;retrieval=true,SRC-001,https://proceedings.neurips.cc/paper/2020/hash/6b493230205f780e1bc26945df7481e5-Abstract.html,existing_direct_paragraph_or_technology_mapping,EXISTING_MAPPING_REQUIRES_SEMANTIC_REVIEW,CONTROLLED_TERM_PROJECTION_REQUIRES_CLAIM_POLARITY_REVIEW,SRC_001_sourceTheorem,empirical_result=true;evaluation=true;external_knowledge=true;generation=true;knowledge_intensive=true;nonparametric_memory=true;open_domain_qa=true;parametric_memory=true;rag=true;retrieval=true;verification=true,,PROVED_SOURCE_SUMMARY_ENTAILS_GUIDE_FORMULA,MODEL_PROVED,literature_SENT_0002,INCONCLUSIVE_REQUIRES_BILINGUAL_DOMAIN_REVIEW,INCONCLUSIVE,Lean checks the positive propositional derivation under source-summary premises,Conditional proof only: source-summary formula truth and NL-to-formula adequacy are separate obligations.
SENT-0022,1.2.1,docs/1.RAGとは何か/1.2.LLM単体・検索システム・RAGの違い.md,11,Dense Passage Retrievalは、質問に関係する文章を密なベクトル表現で検索できることを示しました。,externally_cited_claim,AND,"AND(ATOM(dense=true), ATOM(retrieval=true))",dense=true;retrieval=true,SRC-002;SRC-043,https://aclanthology.org/2020.emnlp-main.550/;https://arxiv.org/abs/2004.04906,existing_direct_paragraph_or_technology_mapping,EXISTING_MAPPING_REQUIRES_SEMANTIC_REVIEW,CONTROLLED_TERM_PROJECTION_REQUIRES_CLAIM_POLARITY_REVIEW,SRC_002_sourceTheorem;SRC_043_sourceTheorem,benchmark=true;dense=true;document_statistics=true;dual_encoder=true;empirical_result=true;evaluation=true;length_normalization=true;lexical=true;open_domain_qa=true;recall_metric=true;retrieval=true;similarity=dot_product;tf_saturation=true;verification=true,,PROVED_SOURCE_SUMMARY_ENTAILS_GUIDE_FORMULA,MODEL_PROVED,literature_SENT_0022,INCONCLUSIVE_REQUIRES_BILINGUAL_DOMAIN_REVIEW,INCONCLUSIVE,Lean checks the positive propositional derivation under source-summary premises,Conditional proof only: source-summary formula truth and NL-to-formula adequacy are separate obligations.
SENT-0023,1.2.1,docs/1.RAGとは何か/1.2.LLM単体・検索システム・RAGの違い.md,12,RAGは、このような検索器の結果を言語モデルへ渡します。,general_technical_claim,AND,"AND(AND(ATOM(retrieval=true), ATOM(generation=true)), ATOM(empirical_result=true))",empirical_result=true;generation=true;retrieval=true,SRC-002,https://aclanthology.org/2020.emnlp-main.550/,existing_direct_paragraph_or_technology_mapping,EXISTING_MAPPING_REQUIRES_SEMANTIC_REVIEW,CONTROLLED_TERM_PROJECTION_REQUIRES_CLAIM_POLARITY_REVIEW,SRC_002_sourceTheorem,benchmark=true;dense=true;document_statistics=true;dual_encoder=true;empirical_result=true;evaluation=true;length_normalization=true;lexical=true;open_domain_qa=true;recall_metric=true;retrieval=true;similarity=dot_product;tf_saturation=true;verification=true,generation=true,INCONCLUSIVE_UNSUPPORTED_ATOMS,INCONCLUSIVE,,INCONCLUSIVE_REQUIRES_BILINGUAL_DOMAIN_REVIEW,INCONCLUSIVE,guide formula contains atoms absent from the selected source summaries,Conditional proof only: source-summary formula truth and NL-to-formula adequacy are separate obligations.
SENT-0037,1.3.3,docs/1.RAGとは何か/1.3.RAGが解決する問題.md,19,ALCEは、引用の正しさと、引用が必要な主張を覆う網羅性を分けて評価しています。,externally_cited_claim,AND,"AND(ATOM(citation=true), ATOM(evaluation=true))",citation=true;evaluation=true,SRC-003,https://aclanthology.org/2023.emnlp-main.398/,existing_direct_paragraph_or_technology_mapping,EXISTING_MAPPING_REQUIRES_SEMANTIC_REVIEW,CONTROLLED_TERM_PROJECTION_REQUIRES_CLAIM_POLARITY_REVIEW,SRC_003_sourceTheorem,citation=true;generation=true;retrieval=true,evaluation=true,INCONCLUSIVE_UNSUPPORTED_ATOMS,INCONCLUSIVE,,INCONCLUSIVE_REQUIRES_BILINGUAL_DOMAIN_REVIEW,INCONCLUSIVE,guide formula contains atoms absent from the selected source summaries,Conditional proof only: source-summary formula truth and NL-to-formula adequacy are separate obligations.
SENT-0041,1.3.4,docs/1.RAGとは何か/1.3.RAGが解決する問題.md,27,SQuAD 2.0は、回答可能な質問と回答不能な質問を区別する課題を扱いました。,externally_cited_claim,AND,"AND(AND(ATOM(generation=true), ATOM(unanswerable=true)), ATOM(answerability=true))",answerability=true;generation=true;unanswerable=true,SRC-004,https://aclanthology.org/P18-2124/,existing_direct_paragraph_or_technology_mapping,EXISTING_MAPPING_REQUIRES_SEMANTIC_REVIEW,CONTROLLED_TERM_PROJECTION_REQUIRES_CLAIM_POLARITY_REVIEW,SRC_004_sourceTheorem,answerability=true;generation=true;unanswerable=true;verification=true,,PROVED_SOURCE_SUMMARY_ENTAILS_GUIDE_FORMULA,MODEL_PROVED,literature_SENT_0041,INCONCLUSIVE_REQUIRES_BILINGUAL_DOMAIN_REVIEW,INCONCLUSIVE,Lean checks the positive propositional derivation under source-summary premises,Conditional proof only: source-summary formula truth and NL-to-formula adequacy are separate obligations.
SENT-0051,FILE-INTRO,docs/1.RAGとは何か/1.4.RAGが向くケース.md,14,| 技術調査 | 論文、設計資料、コード文書 | 複数資料を検索し、出典付きで整理します |,empirical_or_research_claim,AND,"AND(ATOM(retrieval=true), ATOM(citation=true))",citation=true;retrieval=true,SRC-003;SRC-001;SRC-002;SRC-005;SRC-006,https://aclanthology.org/2023.emnlp-main.398/;https://proceedings.neurips.cc/paper/2020/hash/6b493230205f780e1bc26945df7481e5-Abstract.html;https://aclanthology.org/2020.emnlp-main.550/;https://doi.org/10.1561/1500000019;https://datasets-benchmarks-proceedings.neurips.cc/paper/2021/hash/65b9eea6e1cc6bb9f0cd2a47751a186f-Abstract-round2.html,same_chapter_candidate,CANDIDATE_REQUIRES_DOMAIN_REVIEW,CONTROLLED_TERM_PROJECTION_REQUIRES_CLAIM_POLARITY_REVIEW,SRC_003_sourceTheorem;SRC_001_sourceTheorem;SRC_002_sourceTheorem;SRC_005_sourceTheorem;SRC_006_sourceTheorem,benchmark=true;citation=true;dense=true;document_statistics=true;dual_encoder=true;empirical_result=true;evaluation=true;evidence_support=true;external_knowledge=true;fielded=true;generation=true;knowledge_intensive=true;length_normalization=true;lexical=true;nonparametric_memory=true;open_domain_qa=true;parametric_memory=true;rag=true;recall_metric=true;retrieval=true;similarity=dot_product;sparse=true;tf_saturation=true;verification=true,,PROVED_SOURCE_SUMMARY_ENTAILS_GUIDE_FORMULA,MODEL_PROVED,literature_SENT_0051,INCONCLUSIVE_REQUIRES_BILINGUAL_DOMAIN_REVIEW,INCONCLUSIVE,Lean checks the positive propositional derivation under source-summary premises,Conditional proof only: source-summary formula truth and NL-to-formula adequacy are separate obligations.
SENT-0075,1.7.1,docs/1.RAGとは何か/1.7.RAG研究の流れ.md,5,RAGは、情報検索と自然言語生成の研究を組み合わせた方式です。,empirical_or_research_claim,AND,"AND(ATOM(retrieval=true), ATOM(generation=true))",generation=true;retrieval=true,SRC-001;SRC-003;SRC-002;SRC-005;SRC-006,https://proceedings.neurips.cc/paper/2020/hash/6b493230205f780e1bc26945df7481e5-Abstract.html;https://aclanthology.org/2023.emnlp-main.398/;https://aclanthology.org/2020.emnlp-main.550/;https://doi.org/10.1561/1500000019;https://datasets-benchmarks-proceedings.neurips.cc/paper/2021/hash/65b9eea6e1cc6bb9f0cd2a47751a186f-Abstract-round2.html,same_unit_candidate,CANDIDATE_REQUIRES_DOMAIN_REVIEW,CONTROLLED_TERM_PROJECTION_REQUIRES_CLAIM_POLARITY_REVIEW,SRC_001_sourceTheorem;SRC_003_sourceTheorem;SRC_002_sourceTheorem;SRC_005_sourceTheorem;SRC_006_sourceTheorem,benchmark=true;citation=true;dense=true;document_statistics=true;dual_encoder=true;empirical_result=true;evaluation=true;evidence_support=true;external_knowledge=true;fielded=true;generation=true;knowledge_intensive=true;length_normalization=true;lexical=true;nonparametric_memory=true;open_domain_qa=true;parametric_memory=true;rag=true;recall_metric=true;retrieval=true;similarity=dot_product;sparse=true;tf_saturation=true;verification=true,,PROVED_SOURCE_SUMMARY_ENTAILS_GUIDE_FORMULA,MODEL_PROVED,literature_SENT_0075,INCONCLUSIVE_REQUIRES_BILINGUAL_DOMAIN_REVIEW,INCONCLUSIVE,Lean checks the positive propositional derivation under source-summary premises,Conditional proof only: source-summary formula truth and NL-to-formula adequacy are separate obligations.
SENT-0076,1.7.1,docs/1.RAGとは何か/1.7.RAG研究の流れ.md,6,本書の第1章から第8章では、査読付き研究で繰り返し評価され、一般的なRAGにも適用できる次の知識を基礎にします。,empirical_or_research_claim,ATOM,ATOM(evaluation=true),evaluation=true,SRC-001;SRC-002;SRC-006,https://proceedings.neurips.cc/paper/2020/hash/6b493230205f780e1bc26945df7481e5-Abstract.html;https://aclanthology.org/2020.emnlp-main.550/;https://datasets-benchmarks-proceedings.neurips.cc/paper/2021/hash/65b9eea6e1cc6bb9f0cd2a47751a186f-Abstract-round2.html,same_unit_candidate,CANDIDATE_REQUIRES_DOMAIN_REVIEW,CONTROLLED_TERM_PROJECTION_REQUIRES_CLAIM_POLARITY_REVIEW,SRC_001_sourceTheorem;SRC_002_sourceTheorem;SRC_006_sourceTheorem,benchmark=true;dense=true;document_statistics=true;dual_encoder=true;empirical_result=true;evaluation=true;external_knowledge=true;generation=true;knowledge_intensive=true;length_normalization=true;lexical=true;nonparametric_memory=true;open_domain_qa=true;parametric_memory=true;rag=true;recall_metric=true;retrieval=true;similarity=dot_product;tf_saturation=true;verification=true,,PROVED_SOURCE_SUMMARY_ENTAILS_GUIDE_FORMULA,MODEL_PROVED,literature_SENT_0076,INCONCLUSIVE_REQUIRES_BILINGUAL_DOMAIN_REVIEW,INCONCLUSIVE,Lean checks the positive propositional derivation under source-summary premises,Conditional proof only: source-summary formula truth and NL-to-formula adequacy are separate obligations.
SENT-0077,1.7.1,docs/1.RAGとは何か/1.7.RAG研究の流れ.md,8,BM25の確率的検索モデル,externally_cited_claim,ATOM,ATOM(retrieval=true),retrieval=true,SRC-005,https://doi.org/10.1561/1500000019,existing_direct_paragraph_or_technology_mapping,EXISTING_MAPPING_REQUIRES_SEMANTIC_REVIEW,CONTROLLED_TERM_PROJECTION_REQUIRES_CLAIM_POLARITY_REVIEW,SRC_005_sourceTheorem,document_statistics=true;evidence_support=true;fielded=true;length_normalization=true;lexical=true;retrieval=true;sparse=true;tf_saturation=true,,PROVED_SOURCE_SUMMARY_ENTAILS_GUIDE_FORMULA,MODEL_PROVED,literature_SENT_0077,INCONCLUSIVE_REQUIRES_BILINGUAL_DOMAIN_REVIEW,INCONCLUSIVE,Lean checks the positive propositional derivation under source-summary premises,Conditional proof only: source-summary formula truth and NL-to-formula adequacy are separate obligations.
SENT-0078,1.7.1,docs/1.RAGとは何か/1.7.RAG研究の流れ.md,9,Dense Passage Retrieval,externally_cited_claim,AND,"AND(ATOM(dense=true), ATOM(retrieval=true))",dense=true;retrieval=true,SRC-002;SRC-043,https://aclanthology.org/2020.emnlp-main.550/;https://arxiv.org/abs/2004.04906,existing_direct_paragraph_or_technology_mapping,EXISTING_MAPPING_REQUIRES_SEMANTIC_REVIEW,CONTROLLED_TERM_PROJECTION_REQUIRES_CLAIM_POLARITY_REVIEW,SRC_002_sourceTheorem;SRC_043_sourceTheorem,benchmark=true;dense=true;document_statistics=true;dual_encoder=true;empirical_result=true;evaluation=true;length_normalization=true;lexical=true;open_domain_qa=true;recall_metric=true;retrieval=true;similarity=dot_product;tf_saturation=true;verification=true,,PROVED_SOURCE_SUMMARY_ENTAILS_GUIDE_FORMULA,MODEL_PROVED,literature_SENT_0078,INCONCLUSIVE_REQUIRES_BILINGUAL_DOMAIN_REVIEW,INCONCLUSIVE,Lean checks the positive propositional derivation under source-summary premises,Conditional proof only: source-summary formula truth and NL-to-formula adequacy are separate obligations.
SENT-0079,1.7.1,docs/1.RAGとは何か/1.7.RAG研究の流れ.md,10,Retrieval-Augmented Generation,externally_cited_claim,AND,"AND(ATOM(rag=true), ATOM(retrieval=true))",rag=true;retrieval=true,SRC-001,https://proceedings.neurips.cc/paper/2020/hash/6b493230205f780e1bc26945df7481e5-Abstract.html,existing_direct_paragraph_or_technology_mapping,EXISTING_MAPPING_REQUIRES_SEMANTIC_REVIEW,CONTROLLED_TERM_PROJECTION_REQUIRES_CLAIM_POLARITY_REVIEW,SRC_001_sourceTheorem,empirical_result=true;evaluation=true;external_knowledge=true;generation=true;knowledge_intensive=true;nonparametric_memory=true;open_domain_qa=true;parametric_memory=true;rag=true;retrieval=true;verification=true,,PROVED_SOURCE_SUMMARY_ENTAILS_GUIDE_FORMULA,MODEL_PROVED,literature_SENT_0079,INCONCLUSIVE_REQUIRES_BILINGUAL_DOMAIN_REVIEW,INCONCLUSIVE,Lean checks the positive propositional derivation under source-summary premises,Conditional proof only: source-summary formula truth and NL-to-formula adequacy are separate obligations.
SENT-0080,1.7.1,docs/1.RAGとは何か/1.7.RAG研究の流れ.md,11,BEIRによる検索方式の横断評価,externally_cited_claim,AND,"AND(ATOM(retrieval=true), ATOM(evaluation=true))",evaluation=true;retrieval=true,SRC-006,https://datasets-benchmarks-proceedings.neurips.cc/paper/2021/hash/65b9eea6e1cc6bb9f0cd2a47751a186f-Abstract-round2.html,existing_direct_paragraph_or_technology_mapping,EXISTING_MAPPING_REQUIRES_SEMANTIC_REVIEW,CONTROLLED_TERM_PROJECTION_REQUIRES_CLAIM_POLARITY_REVIEW,SRC_006_sourceTheorem,benchmark=true;evaluation=true;retrieval=true,,PROVED_SOURCE_SUMMARY_ENTAILS_GUIDE_FORMULA,MODEL_PROVED,literature_SENT_0080,INCONCLUSIVE_REQUIRES_BILINGUAL_DOMAIN_REVIEW,INCONCLUSIVE,Lean checks the positive propositional derivation under source-summary premises,Conditional proof only: source-summary formula truth and NL-to-formula adequacy are separate obligations.
SENT-0084,1.7.1,docs/1.RAGとは何か/1.7.RAG研究の流れ.md,16,例えば、BEIRは検索方式の優劣がデータセットによって変わることを示しています。,empirical_or_research_claim,ATOM,ATOM(retrieval=true),retrieval=true,SRC-001;SRC-002;SRC-003;SRC-005;SRC-006,https://proceedings.neurips.cc/paper/2020/hash/6b493230205f780e1bc26945df7481e5-Abstract.html;https://aclanthology.org/2020.emnlp-main.550/;https://aclanthology.org/2023.emnlp-main.398/;https://doi.org/10.1561/1500000019;https://datasets-benchmarks-proceedings.neurips.cc/paper/2021/hash/65b9eea6e1cc6bb9f0cd2a47751a186f-Abstract-round2.html,same_unit_candidate,CANDIDATE_REQUIRES_DOMAIN_REVIEW,CONTROLLED_TERM_PROJECTION_REQUIRES_CLAIM_POLARITY_REVIEW,SRC_001_sourceTheorem;SRC_002_sourceTheorem;SRC_003_sourceTheorem;SRC_005_sourceTheorem;SRC_006_sourceTheorem,benchmark=true;citation=true;dense=true;document_statistics=true;dual_encoder=true;empirical_result=true;evaluation=true;evidence_support=true;external_knowledge=true;fielded=true;generation=true;knowledge_intensive=true;length_normalization=true;lexical=true;nonparametric_memory=true;open_domain_qa=true;parametric_memory=true;rag=true;recall_metric=true;retrieval=true;similarity=dot_product;sparse=true;tf_saturation=true;verification=true,,PROVED_SOURCE_SUMMARY_ENTAILS_GUIDE_FORMULA,MODEL_PROVED,literature_SENT_0084,INCONCLUSIVE_REQUIRES_BILINGUAL_DOMAIN_REVIEW,INCONCLUSIVE,Lean checks the positive propositional derivation under source-summary premises,Conditional proof only: source-summary formula truth and NL-to-formula adequacy are separate obligations.
SENT-0087,1.7.2,docs/1.RAGとは何か/1.7.RAG研究の流れ.md,22,掲載対象は、代表研究に一定の引用実績があり、複数の独立した査読付き研究で効果または課題が報告されている技術に限定します。,empirical_or_research_claim,OR,"OR(ATOM(citation=true), ATOM(empirical_result=true))",citation=true;empirical_result=true,SRC-001;SRC-002;SRC-043,https://proceedings.neurips.cc/paper/2020/hash/6b493230205f780e1bc26945df7481e5-Abstract.html;https://aclanthology.org/2020.emnlp-main.550/;https://arxiv.org/abs/2004.04906,same_file_candidate,CANDIDATE_REQUIRES_DOMAIN_REVIEW,CONTROLLED_TERM_PROJECTION_REQUIRES_CLAIM_POLARITY_REVIEW,SRC_001_sourceTheorem;SRC_002_sourceTheorem;SRC_043_sourceTheorem,benchmark=true;dense=true;document_statistics=true;dual_encoder=true;empirical_result=true;evaluation=true;external_knowledge=true;generation=true;knowledge_intensive=true;length_normalization=true;lexical=true;nonparametric_memory=true;open_domain_qa=true;parametric_memory=true;rag=true;recall_metric=true;retrieval=true;similarity=dot_product;tf_saturation=true;verification=true,citation=true,PROVED_SOURCE_SUMMARY_ENTAILS_GUIDE_FORMULA,MODEL_PROVED,literature_SENT_0087,INCONCLUSIVE_REQUIRES_BILINGUAL_DOMAIN_REVIEW,INCONCLUSIVE,Lean checks the positive propositional derivation under source-summary premises,Conditional proof only: source-summary formula truth and NL-to-formula adequacy are separate obligations.
SENT-0105,INTRO-1,docs/1.RAGとは何か/序文.md,17,研究名や個別手法は、この五つのどこを改善するかに対応付けて読めば十分です。,empirical_or_research_claim,ATOM,ATOM(empirical_result=true),empirical_result=true,SRC-001;SRC-002;SRC-043,https://proceedings.neurips.cc/paper/2020/hash/6b493230205f780e1bc26945df7481e5-Abstract.html;https://aclanthology.org/2020.emnlp-main.550/;https://arxiv.org/abs/2004.04906,same_chapter_candidate,CANDIDATE_REQUIRES_DOMAIN_REVIEW,CONTROLLED_TERM_PROJECTION_REQUIRES_CLAIM_POLARITY_REVIEW,SRC_001_sourceTheorem;SRC_002_sourceTheorem;SRC_043_sourceTheorem,benchmark=true;dense=true;document_statistics=true;dual_encoder=true;empirical_result=true;evaluation=true;external_knowledge=true;generation=true;knowledge_intensive=true;length_normalization=true;lexical=true;nonparametric_memory=true;open_domain_qa=true;parametric_memory=true;rag=true;recall_metric=true;retrieval=true;similarity=dot_product;tf_saturation=true;verification=true,,PROVED_SOURCE_SUMMARY_ENTAILS_GUIDE_FORMULA,MODEL_PROVED,literature_SENT_0105,INCONCLUSIVE_REQUIRES_BILINGUAL_DOMAIN_REVIEW,INCONCLUSIVE,Lean checks the positive propositional derivation under source-summary premises,Conditional proof only: source-summary formula truth and NL-to-formula adequacy are separate obligations.
SENT-0110,FILE-INTRO,docs/10.AWSで設計・実装する/10.1.全体構成と選定の順序.md,7,| Batch Layer | 質問前に索引を作る | S3、Knowledge Bases、Embedding、Vector Store |,official_product_contract,AND,"AND(ATOM(external_knowledge=true), ATOM(bedrock_kb=true))",bedrock_kb=true;external_knowledge=true,SRC-179;SRC-196;SRC-192,https://docs.aws.amazon.com/AmazonS3/latest/userguide/s3-vectors-bedrock-kb.html;https://docs.aws.amazon.com/bedrock/latest/userguide/knowledge-base.html;https://docs.aws.amazon.com/bedrock/latest/userguide/evaluation-kb.html,same_file_candidate,CANDIDATE_REQUIRES_DOMAIN_REVIEW,CONTROLLED_TERM_PROJECTION_REQUIRES_CLAIM_POLARITY_REVIEW,SRC_179_sourceTheorem;SRC_196_sourceTheorem;SRC_192_sourceTheorem,authorization=true;bedrock_kb=true;citation=true;dense=true;evaluation=true;external_knowledge=true;generation=true;metadata_filter=true;multimodal=true;rag=true;rerank=true;retrieval=true;s3_vectors=true,,PROVED_SOURCE_SUMMARY_ENTAILS_GUIDE_FORMULA,MODEL_PROVED,literature_SENT_0110,INCONCLUSIVE_REQUIRES_BILINGUAL_DOMAIN_REVIEW,INCONCLUSIVE,Lean checks the positive propositional derivation under source-summary premises,Conditional proof only: source-summary formula truth and NL-to-formula adequacy are separate obligations.
SENT-0111,FILE-INTRO,docs/10.AWSで設計・実装する/10.1.全体構成と選定の順序.md,8,| Real-time Layer | 質問ごとに根拠を探し、回答する | Knowledge Bases、Rerank、生成モデル、アプリ |,official_product_contract,AND,"AND(AND(AND(AND(ATOM(rerank=true), ATOM(generation=true)), ATOM(external_knowledge=true)), ATOM(evidence_support=true)), ATOM(bedrock_kb=true))",bedrock_kb=true;evidence_support=true;external_knowledge=true;generation=true;rerank=true,SRC-196;SRC-179;SRC-192,https://docs.aws.amazon.com/bedrock/latest/userguide/knowledge-base.html;https://docs.aws.amazon.com/AmazonS3/latest/userguide/s3-vectors-bedrock-kb.html;https://docs.aws.amazon.com/bedrock/latest/userguide/evaluation-kb.html,same_file_candidate,CANDIDATE_REQUIRES_DOMAIN_REVIEW,CONTROLLED_TERM_PROJECTION_REQUIRES_CLAIM_POLARITY_REVIEW,SRC_196_sourceTheorem;SRC_179_sourceTheorem;SRC_192_sourceTheorem,authorization=true;bedrock_kb=true;citation=true;dense=true;evaluation=true;external_knowledge=true;generation=true;metadata_filter=true;multimodal=true;rag=true;rerank=true;retrieval=true;s3_vectors=true,evidence_support=true,INCONCLUSIVE_UNSUPPORTED_ATOMS,INCONCLUSIVE,,INCONCLUSIVE_REQUIRES_BILINGUAL_DOMAIN_REVIEW,INCONCLUSIVE,guide formula contains atoms absent from the selected source summaries,Conditional proof only: source-summary formula truth and NL-to-formula adequacy are separate obligations.
SENT-0125,FILE-INTRO,docs/10.AWSで設計・実装する/10.1.全体構成と選定の順序.md,27,RetrieveAndGenerateのように複数工程を一つのAPIへまとめる場合も、評価上の論理境界は残します。,official_product_contract,IMPLIES,"IMP(AND(AND(ATOM(retrieval=true), ATOM(generation=true)), ATOM(retrieve_and_generate=true)), ATOM(evaluation=true))",evaluation=true;generation=true;retrieval=true;retrieve_and_generate=true,SRC-192,https://docs.aws.amazon.com/bedrock/latest/userguide/evaluation-kb.html,existing_direct_paragraph_or_technology_mapping,EXISTING_MAPPING_REQUIRES_SEMANTIC_REVIEW,CURATED_OFFICIAL_SPEC_PROJECTION,SRC_192_sourceTheorem,bedrock_kb=true;evaluation=true;rag=true,generation=true;retrieval=true;retrieve_and_generate=true,INCONCLUSIVE_RELATION_NOT_SUPPORTED_BY_POSITIVE_SOURCE_FACTS,INCONCLUSIVE,,INCONCLUSIVE_REQUIRES_BILINGUAL_DOMAIN_REVIEW,INCONCLUSIVE,implication/negation requires a relation-preserving source formalization,Conditional proof only: source-summary formula truth and NL-to-formula adequacy are separate obligations.
SENT-0126,FILE-INTRO,docs/10.AWSで設計・実装する/10.1.全体構成と選定の順序.md,27,Knowledge Basesの仕組みとKnowledge Basesの評価も、この分離に沿って利用します（確認日：2026年8月22日）。,externally_cited_claim,AND,"AND(AND(ATOM(external_knowledge=true), ATOM(evaluation=true)), ATOM(bedrock_kb=true))",bedrock_kb=true;evaluation=true;external_knowledge=true,SRC-192,https://docs.aws.amazon.com/bedrock/latest/userguide/evaluation-kb.html,existing_direct_paragraph_or_technology_mapping,EXISTING_MAPPING_REQUIRES_SEMANTIC_REVIEW,CURATED_OFFICIAL_SPEC_PROJECTION,SRC_192_sourceTheorem,bedrock_kb=true;evaluation=true;rag=true,external_knowledge=true,INCONCLUSIVE_UNSUPPORTED_ATOMS,INCONCLUSIVE,,INCONCLUSIVE_REQUIRES_BILINGUAL_DOMAIN_REVIEW,INCONCLUSIVE,guide formula contains atoms absent from the selected source summaries,Conditional proof only: source-summary formula truth and NL-to-formula adequacy are separate obligations.
SENT-0130,FILE-INTRO,docs/10.AWSで設計・実装する/10.1.全体構成と選定の順序.md,39,何を検索したいか：意味類似中心ならS3 Vectors、語彙一致と意味類似を組み合わせるならOpenSearch Serverlessを比較します。,official_product_contract,IMPLIES,"IMP(ATOM(retrieval=true), AND(AND(ATOM(lexical=true), ATOM(s3_vectors=true)), ATOM(opensearch=true)))",lexical=true;opensearch=true;retrieval=true;s3_vectors=true,SRC-179;SRC-196,https://docs.aws.amazon.com/AmazonS3/latest/userguide/s3-vectors-bedrock-kb.html;https://docs.aws.amazon.com/bedrock/latest/userguide/knowledge-base.html,same_file_candidate,CANDIDATE_REQUIRES_DOMAIN_REVIEW,CONTROLLED_TERM_PROJECTION_REQUIRES_CLAIM_POLARITY_REVIEW,SRC_179_sourceTheorem;SRC_196_sourceTheorem,authorization=true;bedrock_kb=true;citation=true;dense=true;external_knowledge=true;generation=true;metadata_filter=true;multimodal=true;rag=true;rerank=true;retrieval=true;s3_vectors=true,lexical=true;opensearch=true,INCONCLUSIVE_RELATION_NOT_SUPPORTED_BY_POSITIVE_SOURCE_FACTS,INCONCLUSIVE,,INCONCLUSIVE_REQUIRES_BILINGUAL_DOMAIN_REVIEW,INCONCLUSIVE,implication/negation requires a relation-preserving source formalization,Conditional proof only: source-summary formula truth and NL-to-formula adequacy are separate obligations.
SENT-0131,FILE-INTRO,docs/10.AWSで設計・実装する/10.1.全体構成と選定の順序.md,40,生成と根拠制御をどう分けるか：標準経路ならRetrieveAndGenerate、Evidence Setを制御するならRetrieve＋Converse、質問分解と反復検索が必要ならAgenticRetrieveStreamを比較します。,official_product_contract,IMPLIES,"IMP(AND(ATOM(generation=true), ATOM(evidence_support=true)), AND(AND(AND(ATOM(retrieval=true), ATOM(generation=true)), ATOM(evidence_support=true)), ATOM(retrieve_and_generate=true)))",evidence_support=true;generation=true;retrieval=true;retrieve_and_generate=true,SRC-196;SRC-179,https://docs.aws.amazon.com/bedrock/latest/userguide/knowledge-base.html;https://docs.aws.amazon.com/AmazonS3/latest/userguide/s3-vectors-bedrock-kb.html,same_file_candidate,CANDIDATE_REQUIRES_DOMAIN_REVIEW,CONTROLLED_TERM_PROJECTION_REQUIRES_CLAIM_POLARITY_REVIEW,SRC_196_sourceTheorem;SRC_179_sourceTheorem,authorization=true;bedrock_kb=true;citation=true;dense=true;external_knowledge=true;generation=true;metadata_filter=true;multimodal=true;rag=true;rerank=true;retrieval=true;s3_vectors=true,evidence_support=true;retrieve_and_generate=true,INCONCLUSIVE_RELATION_NOT_SUPPORTED_BY_POSITIVE_SOURCE_FACTS,INCONCLUSIVE,,INCONCLUSIVE_REQUIRES_BILINGUAL_DOMAIN_REVIEW,INCONCLUSIVE,implication/negation requires a relation-preserving source formalization,Conditional proof only: source-summary formula truth and NL-to-formula adequacy are separate obligations.
SENT-0137,FILE-INTRO,docs/10.AWSで設計・実装する/10.1.全体構成と選定の順序.md,49,取り込みと検索を仲介する：Bedrock Knowledge Basesは、Data Source、Chunk、出典、Embedding、Vector Store、検索APIを接続します。,official_product_contract,AND,"AND(AND(ATOM(retrieval=true), ATOM(external_knowledge=true)), ATOM(bedrock_kb=true))",bedrock_kb=true;external_knowledge=true;retrieval=true,SRC-179;SRC-196;SRC-192,https://docs.aws.amazon.com/AmazonS3/latest/userguide/s3-vectors-bedrock-kb.html;https://docs.aws.amazon.com/bedrock/latest/userguide/knowledge-base.html;https://docs.aws.amazon.com/bedrock/latest/userguide/evaluation-kb.html,same_file_candidate,CANDIDATE_REQUIRES_DOMAIN_REVIEW,CONTROLLED_TERM_PROJECTION_REQUIRES_CLAIM_POLARITY_REVIEW,SRC_179_sourceTheorem;SRC_196_sourceTheorem;SRC_192_sourceTheorem,authorization=true;bedrock_kb=true;citation=true;dense=true;evaluation=true;external_knowledge=true;generation=true;metadata_filter=true;multimodal=true;rag=true;rerank=true;retrieval=true;s3_vectors=true,,PROVED_SOURCE_SUMMARY_ENTAILS_GUIDE_FORMULA,MODEL_PROVED,literature_SENT_0137,INCONCLUSIVE_REQUIRES_BILINGUAL_DOMAIN_REVIEW,INCONCLUSIVE,Lean checks the positive propositional derivation under source-summary premises,Conditional proof only: source-summary formula truth and NL-to-formula adequacy are separate obligations.
SENT-0139,FILE-INTRO,docs/10.AWSで設計・実装する/10.1.全体構成と選定の順序.md,50,索引を保持して検索する：S3 VectorsはSemantic Search、OpenSearch ServerlessはKeyword・Vector・Hybrid Searchを担います。,official_product_contract,AND,"AND(AND(ATOM(retrieval=true), ATOM(s3_vectors=true)), ATOM(opensearch=true))",opensearch=true;retrieval=true;s3_vectors=true,SRC-179;SRC-196,https://docs.aws.amazon.com/AmazonS3/latest/userguide/s3-vectors-bedrock-kb.html;https://docs.aws.amazon.com/bedrock/latest/userguide/knowledge-base.html,same_file_candidate,CANDIDATE_REQUIRES_DOMAIN_REVIEW,CONTROLLED_TERM_PROJECTION_REQUIRES_CLAIM_POLARITY_REVIEW,SRC_179_sourceTheorem;SRC_196_sourceTheorem,authorization=true;bedrock_kb=true;citation=true;dense=true;external_knowledge=true;generation=true;metadata_filter=true;multimodal=true;rag=true;rerank=true;retrieval=true;s3_vectors=true,opensearch=true,INCONCLUSIVE_UNSUPPORTED_ATOMS,INCONCLUSIVE,,INCONCLUSIVE_REQUIRES_BILINGUAL_DOMAIN_REVIEW,INCONCLUSIVE,guide formula contains atoms absent from the selected source summaries,Conditional proof only: source-summary formula truth and NL-to-formula adequacy are separate obligations.
SENT-0142,FILE-INTRO,docs/10.AWSで設計・実装する/10.1.全体構成と選定の順序.md,54,Amazon Bedrockを一つの箱として扱うと、権限、費用、版、評価の境界を失います。,official_product_contract,AND,"AND(AND(AND(ATOM(evaluation=true), ATOM(cost=true)), ATOM(authorization=true)), ATOM(bedrock_kb=true))",authorization=true;bedrock_kb=true;cost=true;evaluation=true,SRC-196,https://docs.aws.amazon.com/bedrock/latest/userguide/knowledge-base.html,existing_direct_paragraph_or_technology_mapping,EXISTING_MAPPING_REQUIRES_SEMANTIC_REVIEW,CONTROLLED_TERM_PROJECTION_REQUIRES_CLAIM_POLARITY_REVIEW,SRC_196_sourceTheorem,authorization=true;bedrock_kb=true;citation=true;external_knowledge=true;generation=true;multimodal=true;rag=true;rerank=true;retrieval=true,cost=true;evaluation=true,INCONCLUSIVE_UNSUPPORTED_ATOMS,INCONCLUSIVE,,INCONCLUSIVE_REQUIRES_BILINGUAL_DOMAIN_REVIEW,INCONCLUSIVE,guide formula contains atoms absent from the selected source summaries,Conditional proof only: source-summary formula truth and NL-to-formula adequacy are separate obligations.
SENT-0143,FILE-INTRO,docs/10.AWSで設計・実装する/10.1.全体構成と選定の順序.md,54,Knowledge Bases、Embedding、Rerank、Generation、Guardrailsは、構成図と実行記録でも分けます。,official_product_contract,AND,"AND(AND(AND(ATOM(rerank=true), ATOM(external_knowledge=true)), ATOM(bedrock_kb=true)), ATOM(guardrails=true))",bedrock_kb=true;external_knowledge=true;guardrails=true;rerank=true,SRC-196,https://docs.aws.amazon.com/bedrock/latest/userguide/knowledge-base.html,existing_direct_paragraph_or_technology_mapping,EXISTING_MAPPING_REQUIRES_SEMANTIC_REVIEW,CONTROLLED_TERM_PROJECTION_REQUIRES_CLAIM_POLARITY_REVIEW,SRC_196_sourceTheorem,authorization=true;bedrock_kb=true;citation=true;external_knowledge=true;generation=true;multimodal=true;rag=true;rerank=true;retrieval=true,guardrails=true,INCONCLUSIVE_UNSUPPORTED_ATOMS,INCONCLUSIVE,,INCONCLUSIVE_REQUIRES_BILINGUAL_DOMAIN_REVIEW,INCONCLUSIVE,guide formula contains atoms absent from the selected source summaries,Conditional proof only: source-summary formula truth and NL-to-formula adequacy are separate obligations.
SENT-0144,FILE-INTRO,docs/10.AWSで設計・実装する/10.1.全体構成と選定の順序.md,54,Amazon Bedrock Knowledge Bases、Rerank、Guardrailsを参照します（確認日：2026年8月22日）。,externally_cited_claim,AND,"AND(AND(AND(ATOM(rerank=true), ATOM(external_knowledge=true)), ATOM(bedrock_kb=true)), ATOM(guardrails=true))",bedrock_kb=true;external_knowledge=true;guardrails=true;rerank=true,SRC-196,https://docs.aws.amazon.com/bedrock/latest/userguide/knowledge-base.html,existing_direct_paragraph_or_technology_mapping,EXISTING_MAPPING_REQUIRES_SEMANTIC_REVIEW,CONTROLLED_TERM_PROJECTION_REQUIRES_CLAIM_POLARITY_REVIEW,SRC_196_sourceTheorem,authorization=true;bedrock_kb=true;citation=true;external_knowledge=true;generation=true;multimodal=true;rag=true;rerank=true;retrieval=true,guardrails=true,INCONCLUSIVE_UNSUPPORTED_ATOMS,INCONCLUSIVE,,INCONCLUSIVE_REQUIRES_BILINGUAL_DOMAIN_REVIEW,INCONCLUSIVE,guide formula contains atoms absent from the selected source summaries,Conditional proof only: source-summary formula truth and NL-to-formula adequacy are separate obligations.
SENT-0147,FILE-INTRO,docs/10.AWSで設計・実装する/10.1.全体構成と選定の順序.md,65,| B Semantic中心 | 意味類似中心でS3 Vectorsの制約内 | Keyword・完全一致が重要 |,official_product_contract,ATOM,ATOM(s3_vectors=true),s3_vectors=true,SRC-179,https://docs.aws.amazon.com/AmazonS3/latest/userguide/s3-vectors-bedrock-kb.html,same_file_candidate,CANDIDATE_REQUIRES_DOMAIN_REVIEW,CURATED_OFFICIAL_SPEC_PROJECTION,SRC_179_sourceTheorem,bedrock_kb=true;dense=true;external_knowledge=true;metadata_filter=true;retrieval=true;s3_vectors=true,,PROVED_SOURCE_SUMMARY_ENTAILS_GUIDE_FORMULA,MODEL_PROVED,literature_SENT_0147,INCONCLUSIVE_REQUIRES_BILINGUAL_DOMAIN_REVIEW,INCONCLUSIVE,Lean checks the positive propositional derivation under source-summary premises,Conditional proof only: source-summary formula truth and NL-to-formula adequacy are separate obligations.
SENT-0152,FILE-INTRO,docs/10.AWSで設計・実装する/10.1.全体構成と選定の順序.md,72,構成Aの根拠はManaged Knowledge Base、構成BはS3 VectorsとKnowledge Bases、構成CはOpenSearch ServerlessのNeural・Hybrid Search、構成EはAgentCoreを参照します（確認日：2026年8月22日）。,externally_cited_claim,AND,"AND(AND(AND(AND(ATOM(external_knowledge=true), ATOM(evidence_support=true)), ATOM(bedrock_kb=true)), ATOM(s3_vectors=true)), ATOM(opensearch=true))",bedrock_kb=true;evidence_support=true;external_knowledge=true;opensearch=true;s3_vectors=true,SRC-179,https://docs.aws.amazon.com/AmazonS3/latest/userguide/s3-vectors-bedrock-kb.html,existing_direct_paragraph_or_technology_mapping,EXISTING_MAPPING_REQUIRES_SEMANTIC_REVIEW,CURATED_OFFICIAL_SPEC_PROJECTION,SRC_179_sourceTheorem,bedrock_kb=true;dense=true;external_knowledge=true;metadata_filter=true;retrieval=true;s3_vectors=true,evidence_support=true;opensearch=true,INCONCLUSIVE_UNSUPPORTED_ATOMS,INCONCLUSIVE,,INCONCLUSIVE_REQUIRES_BILINGUAL_DOMAIN_REVIEW,INCONCLUSIVE,guide formula contains atoms absent from the selected source summaries,Conditional proof only: source-summary formula truth and NL-to-formula adequacy are separate obligations.
SENT-0161,FILE-INTRO,docs/10.AWSで設計・実装する/10.2.Batch Layerを構成する.md,15,| Knowledge Basesなし | AWSのStorage・Search・Model・Runtime | PipelineとEvidenceを全面制御する |,official_product_contract,AND,"AND(AND(AND(ATOM(external_knowledge=true), ATOM(evidence_support=true)), ATOM(dataflow=true)), ATOM(bedrock_kb=true))",bedrock_kb=true;dataflow=true;evidence_support=true;external_knowledge=true,SRC-197;SRC-200;SRC-180;SRC-184;SRC-185,https://docs.aws.amazon.com/bedrock/latest/userguide/knowledge-base-setup.html;https://docs.aws.amazon.com/bedrock/latest/userguide/s3-data-source-connector.html;https://docs.aws.amazon.com/bedrock/latest/userguide/knowledge-base-supported.html;https://docs.aws.amazon.com/bedrock/latest/userguide/kb-advanced-parsing.html;https://docs.aws.amazon.com/bedrock/latest/userguide/kb-custom-transformation.html,same_file_candidate,CANDIDATE_REQUIRES_DOMAIN_REVIEW,CONTROLLED_TERM_PROJECTION_REQUIRES_CLAIM_POLARITY_REVIEW,SRC_197_sourceTheorem;SRC_200_sourceTheorem;SRC_180_sourceTheorem;SRC_184_sourceTheorem;SRC_185_sourceTheorem,aurora_pg=true;bedrock_kb=true;chunking=true;dense=true;dimension_contract=true;embedding_model=true;external_knowledge=true;layout=true;metadata_filter=true;ocr=true;opensearch=true;parsing=true;retrieval=true;s3_vectors=true,dataflow=true;evidence_support=true,INCONCLUSIVE_UNSUPPORTED_ATOMS,INCONCLUSIVE,,INCONCLUSIVE_REQUIRES_BILINGUAL_DOMAIN_REVIEW,INCONCLUSIVE,guide formula contains atoms absent from the selected source summaries,Conditional proof only: source-summary formula truth and NL-to-formula adequacy are separate obligations.
SENT-0165,FILE-INTRO,docs/10.AWSで設計・実装する/10.2.Batch Layerを構成する.md,23,検索境界はRetrieveまたはAgenticRetrieveStreamです。,official_product_contract,OR,"OR(ATOM(retrieval=true), ATOM(retrieval=true))",retrieval=true,SRC-197;SRC-200,https://docs.aws.amazon.com/bedrock/latest/userguide/knowledge-base-setup.html;https://docs.aws.amazon.com/bedrock/latest/userguide/s3-data-source-connector.html,same_file_candidate,CANDIDATE_REQUIRES_DOMAIN_REVIEW,CONTROLLED_TERM_PROJECTION_REQUIRES_CLAIM_POLARITY_REVIEW,SRC_197_sourceTheorem;SRC_200_sourceTheorem,aurora_pg=true;bedrock_kb=true;dense=true;dimension_contract=true;embedding_model=true;external_knowledge=true;metadata_filter=true;opensearch=true;retrieval=true;s3_vectors=true,,PROVED_SOURCE_SUMMARY_ENTAILS_GUIDE_FORMULA,MODEL_PROVED,literature_SENT_0165,INCONCLUSIVE_REQUIRES_BILINGUAL_DOMAIN_REVIEW,INCONCLUSIVE,Lean checks the positive propositional derivation under source-summary premises,Conditional proof only: source-summary formula truth and NL-to-formula adequacy are separate obligations.
SENT-0166,FILE-INTRO,docs/10.AWSで設計・実装する/10.2.Batch Layerを構成する.md,23,RetrieveAndGenerateは使いません。,official_product_contract,NOT,"NOT(AND(AND(ATOM(retrieval=true), ATOM(generation=true)), ATOM(retrieve_and_generate=true)))",generation=true;retrieval=true;retrieve_and_generate=true,SRC-197;SRC-200,https://docs.aws.amazon.com/bedrock/latest/userguide/knowledge-base-setup.html;https://docs.aws.amazon.com/bedrock/latest/userguide/s3-data-source-connector.html,same_file_candidate,CANDIDATE_REQUIRES_DOMAIN_REVIEW,CONTROLLED_TERM_PROJECTION_REQUIRES_CLAIM_POLARITY_REVIEW,SRC_197_sourceTheorem;SRC_200_sourceTheorem,aurora_pg=true;bedrock_kb=true;dense=true;dimension_contract=true;embedding_model=true;external_knowledge=true;metadata_filter=true;opensearch=true;retrieval=true;s3_vectors=true,generation=true;retrieve_and_generate=true,INCONCLUSIVE_RELATION_NOT_SUPPORTED_BY_POSITIVE_SOURCE_FACTS,INCONCLUSIVE,,INCONCLUSIVE_REQUIRES_BILINGUAL_DOMAIN_REVIEW,INCONCLUSIVE,implication/negation requires a relation-preserving source formalization,Conditional proof only: source-summary formula truth and NL-to-formula adequacy are separate obligations.
SENT-0167,FILE-INTRO,docs/10.AWSで設計・実装する/10.2.Batch Layerを構成する.md,23,AgenticRetrieveStreamは質問分解、反復検索、十分性判断を行えますが、単純な質問でもLatencyと費用が増え得るため、必要な質問型に限定して評価します。,official_product_contract,AND,"AND(AND(AND(ATOM(retrieval=true), ATOM(evaluation=true)), ATOM(latency=true)), ATOM(cost=true))",cost=true;evaluation=true;latency=true;retrieval=true,SRC-197;SRC-200,https://docs.aws.amazon.com/bedrock/latest/userguide/knowledge-base-setup.html;https://docs.aws.amazon.com/bedrock/latest/userguide/s3-data-source-connector.html,same_file_candidate,CANDIDATE_REQUIRES_DOMAIN_REVIEW,CONTROLLED_TERM_PROJECTION_REQUIRES_CLAIM_POLARITY_REVIEW,SRC_197_sourceTheorem;SRC_200_sourceTheorem,aurora_pg=true;bedrock_kb=true;dense=true;dimension_contract=true;embedding_model=true;external_knowledge=true;metadata_filter=true;opensearch=true;retrieval=true;s3_vectors=true,cost=true;evaluation=true;latency=true,INCONCLUSIVE_UNSUPPORTED_ATOMS,INCONCLUSIVE,,INCONCLUSIVE_REQUIRES_BILINGUAL_DOMAIN_REVIEW,INCONCLUSIVE,guide formula contains atoms absent from the selected source summaries,Conditional proof only: source-summary formula truth and NL-to-formula adequacy are separate obligations.
SENT-0171,FILE-INTRO,docs/10.AWSで設計・実装する/10.2.Batch Layerを構成する.md,27,Managed Knowledge Baseの概要、agentic retrieval、ACL awarenessを参照します（確認日：2026年8月22日）。,externally_cited_claim,AND,"AND(AND(AND(ATOM(retrieval=true), ATOM(external_knowledge=true)), ATOM(authorization=true)), ATOM(bedrock_kb=true))",authorization=true;bedrock_kb=true;external_knowledge=true;retrieval=true,SRC-197;SRC-200;SRC-180;SRC-184;SRC-185,https://docs.aws.amazon.com/bedrock/latest/userguide/knowledge-base-setup.html;https://docs.aws.amazon.com/bedrock/latest/userguide/s3-data-source-connector.html;https://docs.aws.amazon.com/bedrock/latest/userguide/knowledge-base-supported.html;https://docs.aws.amazon.com/bedrock/latest/userguide/kb-advanced-parsing.html;https://docs.aws.amazon.com/bedrock/latest/userguide/kb-custom-transformation.html,same_file_candidate,CANDIDATE_REQUIRES_DOMAIN_REVIEW,CONTROLLED_TERM_PROJECTION_REQUIRES_CLAIM_POLARITY_REVIEW,SRC_197_sourceTheorem;SRC_200_sourceTheorem;SRC_180_sourceTheorem;SRC_184_sourceTheorem;SRC_185_sourceTheorem,aurora_pg=true;bedrock_kb=true;chunking=true;dense=true;dimension_contract=true;embedding_model=true;external_knowledge=true;layout=true;metadata_filter=true;ocr=true;opensearch=true;parsing=true;retrieval=true;s3_vectors=true,authorization=true,INCONCLUSIVE_UNSUPPORTED_ATOMS,INCONCLUSIVE,,INCONCLUSIVE_REQUIRES_BILINGUAL_DOMAIN_REVIEW,INCONCLUSIVE,guide formula contains atoms absent from the selected source summaries,Conditional proof only: source-summary formula truth and NL-to-formula adequacy are separate obligations.
SENT-0172,FILE-INTRO,docs/10.AWSで設計・実装する/10.2.Batch Layerを構成する.md,31,Customer-managed Knowledge Baseでは、Knowledge BasesがIngestion Job、Parser、Chunking、Embedding呼び出し、Chunkと出典の対応、Storeへの書き込み、検索APIを管理します。,official_product_contract,AND,"AND(AND(AND(AND(AND(ATOM(provenance_mapping_required=true), ATOM(chunking=true)), ATOM(retrieval=true)), ATOM(external_knowledge=true)), ATOM(bedrock_kb=true)), ATOM(parsing=true))",bedrock_kb=true;chunking=true;external_knowledge=true;parsing=true;provenance_mapping_required=true;retrieval=true,SRC-185;SRC-197;SRC-200;SRC-184;SRC-186,https://docs.aws.amazon.com/bedrock/latest/userguide/kb-custom-transformation.html;https://docs.aws.amazon.com/bedrock/latest/userguide/knowledge-base-setup.html;https://docs.aws.amazon.com/bedrock/latest/userguide/s3-data-source-connector.html;https://docs.aws.amazon.com/bedrock/latest/userguide/kb-advanced-parsing.html;https://docs.aws.amazon.com/bedrock/latest/userguide/kb-chunking.html,same_file_candidate,CANDIDATE_REQUIRES_DOMAIN_REVIEW,CONTROLLED_TERM_PROJECTION_REQUIRES_CLAIM_POLARITY_REVIEW,SRC_185_sourceTheorem;SRC_197_sourceTheorem;SRC_200_sourceTheorem;SRC_184_sourceTheorem;SRC_186_sourceTheorem,aurora_pg=true;bedrock_kb=true;chunking=true;dense=true;dimension_contract=true;embedding_model=true;external_knowledge=true;hierarchical=true;layout=true;metadata_filter=true;ocr=true;opensearch=true;parsing=true;retrieval=true;s3_vectors=true,provenance_mapping_required=true,INCONCLUSIVE_UNSUPPORTED_ATOMS,INCONCLUSIVE,,INCONCLUSIVE_REQUIRES_BILINGUAL_DOMAIN_REVIEW,INCONCLUSIVE,guide formula contains atoms absent from the selected source summaries,Conditional proof only: source-summary formula truth and NL-to-formula adequacy are separate obligations.
SENT-0175,FILE-INTRO,docs/10.AWSで設計・実装する/10.2.Batch Layerを構成する.md,33,標準的な検索・生成・引用を一体化する場合はRetrieveAndGenerate、工程を分離する場合はRetrieve＋Converseを使います。,official_product_contract,IMPLIES,"IMP(AND(AND(ATOM(retrieval=true), ATOM(generation=true)), ATOM(citation=true)), AND(AND(ATOM(retrieval=true), ATOM(generation=true)), ATOM(retrieve_and_generate=true)))",citation=true;generation=true;retrieval=true;retrieve_and_generate=true,SRC-197;SRC-200,https://docs.aws.amazon.com/bedrock/latest/userguide/knowledge-base-setup.html;https://docs.aws.amazon.com/bedrock/latest/userguide/s3-data-source-connector.html,same_file_candidate,CANDIDATE_REQUIRES_DOMAIN_REVIEW,CONTROLLED_TERM_PROJECTION_REQUIRES_CLAIM_POLARITY_REVIEW,SRC_197_sourceTheorem;SRC_200_sourceTheorem,aurora_pg=true;bedrock_kb=true;dense=true;dimension_contract=true;embedding_model=true;external_knowledge=true;metadata_filter=true;opensearch=true;retrieval=true;s3_vectors=true,citation=true;generation=true;retrieve_and_generate=true,INCONCLUSIVE_RELATION_NOT_SUPPORTED_BY_POSITIVE_SOURCE_FACTS,INCONCLUSIVE,,INCONCLUSIVE_REQUIRES_BILINGUAL_DOMAIN_REVIEW,INCONCLUSIVE,implication/negation requires a relation-preserving source formalization,Conditional proof only: source-summary formula truth and NL-to-formula adequacy are separate obligations.
SENT-0177,FILE-INTRO,docs/10.AWSで設計・実装する/10.2.Batch Layerを構成する.md,35,Customer-managed Knowledge Baseの作成、対応StoreとVector Type、Knowledge Baseからの情報取得を参照します（確認日：2026年8月22日）。,externally_cited_claim,AND,"AND(AND(ATOM(retrieval=true), ATOM(external_knowledge=true)), ATOM(bedrock_kb=true))",bedrock_kb=true;external_knowledge=true;retrieval=true,SRC-197,https://docs.aws.amazon.com/bedrock/latest/userguide/knowledge-base-setup.html,existing_direct_paragraph_or_technology_mapping,EXISTING_MAPPING_REQUIRES_SEMANTIC_REVIEW,CONTROLLED_TERM_PROJECTION_REQUIRES_CLAIM_POLARITY_REVIEW,SRC_197_sourceTheorem,aurora_pg=true;bedrock_kb=true;dense=true;dimension_contract=true;embedding_model=true;external_knowledge=true;metadata_filter=true;opensearch=true;retrieval=true;s3_vectors=true,,PROVED_SOURCE_SUMMARY_ENTAILS_GUIDE_FORMULA,MODEL_PROVED,literature_SENT_0177,INCONCLUSIVE_REQUIRES_BILINGUAL_DOMAIN_REVIEW,INCONCLUSIVE,Lean checks the positive propositional derivation under source-summary premises,Conditional proof only: source-summary formula truth and NL-to-formula adequacy are separate obligations.
SENT-0178,FILE-INTRO,docs/10.AWSで設計・実装する/10.2.Batch Layerを構成する.md,39,次の要件が必須なら、アプリケーションからS3 VectorsまたはOpenSearchを直接呼ぶ構成を比較します。,official_product_contract,UNFORMALIZED,UNFORMALIZED,,SRC-063;SRC-064;SRC-065;SRC-178;SRC-179,https://arxiv.org/abs/2303.07678;https://dl.acm.org/doi/10.1145/1571941.1572114;https://arxiv.org/abs/2212.10496;https://docs.aws.amazon.com/bedrock/latest/APIReference/API_agent-runtime_RetrieveAndGenerate.html;https://docs.aws.amazon.com/AmazonS3/latest/userguide/s3-vectors-bedrock-kb.html,same_chapter_candidate,CANDIDATE_REQUIRES_DOMAIN_REVIEW,CONTROLLED_TERM_PROJECTION_REQUIRES_CLAIM_POLARITY_REVIEW,SRC_063_sourceTheorem;SRC_064_sourceTheorem;SRC_065_sourceTheorem;SRC_178_sourceTheorem;SRC_179_sourceTheorem,bedrock_kb=true;candidate_ids_stable=true;citation=true;dense=true;empirical_result=true;external_knowledge=true;generated_query_representation=true;generation=true;hard_constraints_preserved=true;k_positive=true;length_normalization=true;metadata_filter=true;original_query_retained=true;ranks_only=true;retrieval=true;retrieve_and_generate=true;s3_vectors=true;tf_saturation=true;verification=true,,INCONCLUSIVE_UNFORMALIZED_SENTENCE,INCONCLUSIVE,,INCONCLUSIVE_REQUIRES_BILINGUAL_DOMAIN_REVIEW,INCONCLUSIVE,conditional marker found but antecedent/consequent atoms were incomplete,Conditional proof only: source-summary formula truth and NL-to-formula adequacy are separate obligations.
SENT-0179,FILE-INTRO,docs/10.AWSで設計・実装する/10.2.Batch Layerを構成する.md,41,複数Index・Retrieverを独自RRFや重み付きFusionで統合する,concrete_technology_claim,ATOM,ATOM(retrieval=true),retrieval=true,SRC-064,https://dl.acm.org/doi/10.1145/1571941.1572114,existing_direct_paragraph_or_technology_mapping,EXISTING_MAPPING_REQUIRES_SEMANTIC_REVIEW,CONTROLLED_TERM_PROJECTION_REQUIRES_CLAIM_POLARITY_REVIEW,SRC_064_sourceTheorem,candidate_ids_stable=true;empirical_result=true;k_positive=true;ranks_only=true,retrieval=true,INCONCLUSIVE_UNSUPPORTED_ATOMS,INCONCLUSIVE,,INCONCLUSIVE_REQUIRES_BILINGUAL_DOMAIN_REVIEW,INCONCLUSIVE,guide formula contains atoms absent from the selected source summaries,Conditional proof only: source-summary formula truth and NL-to-formula adequacy are separate obligations.
SENT-0184,FILE-INTRO,docs/10.AWSで設計・実装する/10.2.Batch Layerを構成する.md,46,S3、S3 Vectors、OpenSearch Serverless、Bedrock Model、Lambda、ECS、EKS、AgentCore Runtimeを部品として使い、結合ロジックを利用者が持つ構成です。,official_product_contract,AND,"AND(AND(ATOM(bedrock_kb=true), ATOM(s3_vectors=true)), ATOM(opensearch=true))",bedrock_kb=true;opensearch=true;s3_vectors=true,SRC-197;SRC-180;SRC-184;SRC-185;SRC-186,https://docs.aws.amazon.com/bedrock/latest/userguide/knowledge-base-setup.html;https://docs.aws.amazon.com/bedrock/latest/userguide/knowledge-base-supported.html;https://docs.aws.amazon.com/bedrock/latest/userguide/kb-advanced-parsing.html;https://docs.aws.amazon.com/bedrock/latest/userguide/kb-custom-transformation.html;https://docs.aws.amazon.com/bedrock/latest/userguide/kb-chunking.html,same_file_candidate,CANDIDATE_REQUIRES_DOMAIN_REVIEW,CONTROLLED_TERM_PROJECTION_REQUIRES_CLAIM_POLARITY_REVIEW,SRC_197_sourceTheorem;SRC_180_sourceTheorem;SRC_184_sourceTheorem;SRC_185_sourceTheorem;SRC_186_sourceTheorem,aurora_pg=true;bedrock_kb=true;chunking=true;dense=true;dimension_contract=true;embedding_model=true;external_knowledge=true;hierarchical=true;layout=true;metadata_filter=true;ocr=true;opensearch=true;parsing=true;retrieval=true;s3_vectors=true,,PROVED_SOURCE_SUMMARY_ENTAILS_GUIDE_FORMULA,MODEL_PROVED,literature_SENT_0184,INCONCLUSIVE_REQUIRES_BILINGUAL_DOMAIN_REVIEW,INCONCLUSIVE,Lean checks the positive propositional derivation under source-summary premises,Conditional proof only: source-summary formula truth and NL-to-formula adequacy are separate obligations.
SENT-0186,FILE-INTRO,docs/10.AWSで設計・実装する/10.2.Batch Layerを構成する.md,56,S3 Vectorsとは別の役割です。,official_product_contract,ATOM,ATOM(s3_vectors=true),s3_vectors=true,SRC-189;SRC-197,https://docs.aws.amazon.com/AmazonS3/latest/userguide/s3-vectors-metadata-filtering.html;https://docs.aws.amazon.com/bedrock/latest/userguide/knowledge-base-setup.html,same_file_candidate,CANDIDATE_REQUIRES_DOMAIN_REVIEW,CONTROLLED_TERM_PROJECTION_REQUIRES_CLAIM_POLARITY_REVIEW,SRC_189_sourceTheorem;SRC_197_sourceTheorem,aurora_pg=true;bedrock_kb=true;dense=true;dimension_contract=true;embedding_model=true;external_knowledge=true;metadata_filter=true;opensearch=true;retrieval=true;s3_vectors=true,,PROVED_SOURCE_SUMMARY_ENTAILS_GUIDE_FORMULA,MODEL_PROVED,literature_SENT_0186,INCONCLUSIVE_REQUIRES_BILINGUAL_DOMAIN_REVIEW,INCONCLUSIVE,Lean checks the positive propositional derivation under source-summary premises,Conditional proof only: source-summary formula truth and NL-to-formula adequacy are separate obligations.
SENT-0190,FILE-INTRO,docs/10.AWSで設計・実装する/10.2.Batch Layerを構成する.md,58,S3 Data Source connectorとKnowledge Baseへの直接取り込みを参照します（確認日：2026年8月22日）。,externally_cited_claim,AND,"AND(ATOM(external_knowledge=true), ATOM(bedrock_kb=true))",bedrock_kb=true;external_knowledge=true,SRC-200,https://docs.aws.amazon.com/bedrock/latest/userguide/s3-data-source-connector.html,existing_direct_paragraph_or_technology_mapping,EXISTING_MAPPING_REQUIRES_SEMANTIC_REVIEW,CONTROLLED_TERM_PROJECTION_REQUIRES_CLAIM_POLARITY_REVIEW,SRC_200_sourceTheorem,bedrock_kb=true;embedding_model=true;external_knowledge=true;metadata_filter=true;retrieval=true,,PROVED_SOURCE_SUMMARY_ENTAILS_GUIDE_FORMULA,MODEL_PROVED,literature_SENT_0190,INCONCLUSIVE_REQUIRES_BILINGUAL_DOMAIN_REVIEW,INCONCLUSIVE,Lean checks the positive propositional derivation under source-summary premises,Conditional proof only: source-summary formula truth and NL-to-formula adequacy are separate obligations.
SENT-0199,FILE-INTRO,docs/10.AWSで設計・実装する/10.2.Batch Layerを構成する.md,71,高度なParsingとCustom transformationを参照します（確認日：2026年8月22日）。,externally_cited_claim,UNFORMALIZED,UNFORMALIZED,,SRC-184;SRC-185,https://docs.aws.amazon.com/bedrock/latest/userguide/kb-advanced-parsing.html;https://docs.aws.amazon.com/bedrock/latest/userguide/kb-custom-transformation.html,existing_direct_paragraph_or_technology_mapping,EXISTING_MAPPING_REQUIRES_SEMANTIC_REVIEW,CURATED_OFFICIAL_SPEC_PROJECTION,SRC_184_sourceTheorem;SRC_185_sourceTheorem,bedrock_kb=true;chunking=true;layout=true;ocr=true;parsing=true,,INCONCLUSIVE_UNFORMALIZED_SENTENCE,INCONCLUSIVE,,INCONCLUSIVE_REQUIRES_BILINGUAL_DOMAIN_REVIEW,INCONCLUSIVE,no controlled semantic atom recognized,Conditional proof only: source-summary formula truth and NL-to-formula adequacy are separate obligations.
SENT-0209,FILE-INTRO,docs/10.AWSで設計・実装する/10.2.Batch Layerを構成する.md,85,Chunking設定とChunkingの動作を参照します（確認日：2026年8月22日）。,externally_cited_claim,ATOM,ATOM(chunking=true),chunking=true,SRC-186,https://docs.aws.amazon.com/bedrock/latest/userguide/kb-chunking.html,existing_direct_paragraph_or_technology_mapping,EXISTING_MAPPING_REQUIRES_SEMANTIC_REVIEW,CURATED_OFFICIAL_SPEC_PROJECTION,SRC_186_sourceTheorem,bedrock_kb=true;chunking=true;hierarchical=true,,PROVED_SOURCE_SUMMARY_ENTAILS_GUIDE_FORMULA,MODEL_PROVED,literature_SENT_0209,INCONCLUSIVE_REQUIRES_BILINGUAL_DOMAIN_REVIEW,INCONCLUSIVE,Lean checks the positive propositional derivation under source-summary premises,Conditional proof only: source-summary formula truth and NL-to-formula adequacy are separate obligations.
SENT-0212,FILE-INTRO,docs/10.AWSで設計・実装する/10.2.Batch Layerを構成する.md,91,言語とDomain：日本語、英語混在、型番、略語、専門語ごとのRecall@k,general_technical_claim,ATOM,ATOM(recall_metric=true),recall_metric=true,SRC-063;SRC-064;SRC-065;SRC-178;SRC-179,https://arxiv.org/abs/2303.07678;https://dl.acm.org/doi/10.1145/1571941.1572114;https://arxiv.org/abs/2212.10496;https://docs.aws.amazon.com/bedrock/latest/APIReference/API_agent-runtime_RetrieveAndGenerate.html;https://docs.aws.amazon.com/AmazonS3/latest/userguide/s3-vectors-bedrock-kb.html,same_chapter_candidate,CANDIDATE_REQUIRES_DOMAIN_REVIEW,CONTROLLED_TERM_PROJECTION_REQUIRES_CLAIM_POLARITY_REVIEW,SRC_063_sourceTheorem;SRC_064_sourceTheorem;SRC_065_sourceTheorem;SRC_178_sourceTheorem;SRC_179_sourceTheorem,bedrock_kb=true;candidate_ids_stable=true;citation=true;dense=true;empirical_result=true;external_knowledge=true;generated_query_representation=true;generation=true;hard_constraints_preserved=true;k_positive=true;length_normalization=true;metadata_filter=true;original_query_retained=true;ranks_only=true;retrieval=true;retrieve_and_generate=true;s3_vectors=true;tf_saturation=true;verification=true,recall_metric=true,INCONCLUSIVE_UNSUPPORTED_ATOMS,INCONCLUSIVE,,INCONCLUSIVE_REQUIRES_BILINGUAL_DOMAIN_REVIEW,INCONCLUSIVE,guide formula contains atoms absent from the selected source summaries,Conditional proof only: source-summary formula truth and NL-to-formula adequacy are separate obligations.
SENT-0218,FILE-INTRO,docs/10.AWSで設計・実装する/10.2.Batch Layerを構成する.md,96,Knowledge Bases対応ModelとStoreを参照します（確認日：2026年8月22日）。,externally_cited_claim,AND,"AND(ATOM(external_knowledge=true), ATOM(bedrock_kb=true))",bedrock_kb=true;external_knowledge=true,SRC-180,https://docs.aws.amazon.com/bedrock/latest/userguide/knowledge-base-supported.html,existing_direct_paragraph_or_technology_mapping,EXISTING_MAPPING_REQUIRES_SEMANTIC_REVIEW,CURATED_OFFICIAL_SPEC_PROJECTION,SRC_180_sourceTheorem,bedrock_kb=true;dimension_contract=true;embedding_model=true,external_knowledge=true,INCONCLUSIVE_UNSUPPORTED_ATOMS,INCONCLUSIVE,,INCONCLUSIVE_REQUIRES_BILINGUAL_DOMAIN_REVIEW,INCONCLUSIVE,guide formula contains atoms absent from the selected source summaries,Conditional proof only: source-summary formula truth and NL-to-formula adequacy are separate obligations.
SENT-0219,FILE-INTRO,docs/10.AWSで設計・実装する/10.2.Batch Layerを構成する.md,104,| 比較軸 | S3 Vectors | OpenSearch Serverless |,official_product_contract,AND,"AND(ATOM(s3_vectors=true), ATOM(opensearch=true))",opensearch=true;s3_vectors=true,SRC-197;SRC-189,https://docs.aws.amazon.com/bedrock/latest/userguide/knowledge-base-setup.html;https://docs.aws.amazon.com/AmazonS3/latest/userguide/s3-vectors-metadata-filtering.html,same_file_candidate,CANDIDATE_REQUIRES_DOMAIN_REVIEW,CONTROLLED_TERM_PROJECTION_REQUIRES_CLAIM_POLARITY_REVIEW,SRC_197_sourceTheorem;SRC_189_sourceTheorem,aurora_pg=true;bedrock_kb=true;dense=true;dimension_contract=true;embedding_model=true;external_knowledge=true;metadata_filter=true;opensearch=true;retrieval=true;s3_vectors=true,,PROVED_SOURCE_SUMMARY_ENTAILS_GUIDE_FORMULA,MODEL_PROVED,literature_SENT_0219,INCONCLUSIVE_REQUIRES_BILINGUAL_DOMAIN_REVIEW,INCONCLUSIVE,Lean checks the positive propositional derivation under source-summary premises,Conditional proof only: source-summary formula truth and NL-to-formula adequacy are separate obligations.
SENT-0225,FILE-INTRO,docs/10.AWSで設計・実装する/10.2.Batch Layerを構成する.md,113,S3 VectorsはSemantic Search中心で、Knowledge Bases連携ではHybrid Searchに対応しません。,official_product_contract,NOT,"NOT(AND(AND(ATOM(external_knowledge=true), ATOM(bedrock_kb=true)), ATOM(s3_vectors=true)))",bedrock_kb=true;external_knowledge=true;s3_vectors=true,SRC-189,https://docs.aws.amazon.com/AmazonS3/latest/userguide/s3-vectors-metadata-filtering.html,existing_direct_paragraph_or_technology_mapping,EXISTING_MAPPING_REQUIRES_SEMANTIC_REVIEW,CURATED_OFFICIAL_SPEC_PROJECTION,SRC_189_sourceTheorem,metadata_filter=true;s3_vectors=true,bedrock_kb=true;external_knowledge=true,INCONCLUSIVE_RELATION_NOT_SUPPORTED_BY_POSITIVE_SOURCE_FACTS,INCONCLUSIVE,,INCONCLUSIVE_REQUIRES_BILINGUAL_DOMAIN_REVIEW,INCONCLUSIVE,implication/negation requires a relation-preserving source formalization,Conditional proof only: source-summary formula truth and NL-to-formula adequacy are separate obligations.
SENT-0227,FILE-INTRO,docs/10.AWSで設計・実装する/10.2.Batch Layerを構成する.md,113,Knowledge Bases連携ではfloat Vector、custom Metadata 1Vector当たり1KB・35 keyなどの上限を確認します。,official_product_contract,AND,"AND(ATOM(external_knowledge=true), ATOM(bedrock_kb=true))",bedrock_kb=true;external_knowledge=true,SRC-189,https://docs.aws.amazon.com/AmazonS3/latest/userguide/s3-vectors-metadata-filtering.html,existing_direct_paragraph_or_technology_mapping,EXISTING_MAPPING_REQUIRES_SEMANTIC_REVIEW,CURATED_OFFICIAL_SPEC_PROJECTION,SRC_189_sourceTheorem,metadata_filter=true;s3_vectors=true,bedrock_kb=true;external_knowledge=true,INCONCLUSIVE_UNSUPPORTED_ATOMS,INCONCLUSIVE,,INCONCLUSIVE_REQUIRES_BILINGUAL_DOMAIN_REVIEW,INCONCLUSIVE,guide formula contains atoms absent from the selected source summaries,Conditional proof only: source-summary formula truth and NL-to-formula adequacy are separate obligations.
SENT-0228,FILE-INTRO,docs/10.AWSで設計・実装する/10.2.Batch Layerを構成する.md,113,S3 VectorsとMetadata filteringを参照します（確認日：2026年8月22日）。,externally_cited_claim,AND,"AND(ATOM(s3_vectors=true), ATOM(metadata_filter=true))",metadata_filter=true;s3_vectors=true,SRC-189,https://docs.aws.amazon.com/AmazonS3/latest/userguide/s3-vectors-metadata-filtering.html,existing_direct_paragraph_or_technology_mapping,EXISTING_MAPPING_REQUIRES_SEMANTIC_REVIEW,CURATED_OFFICIAL_SPEC_PROJECTION,SRC_189_sourceTheorem,metadata_filter=true;s3_vectors=true,,PROVED_SOURCE_SUMMARY_ENTAILS_GUIDE_FORMULA,MODEL_PROVED,literature_SENT_0228,INCONCLUSIVE_REQUIRES_BILINGUAL_DOMAIN_REVIEW,INCONCLUSIVE,Lean checks the positive propositional derivation under source-summary premises,Conditional proof only: source-summary formula truth and NL-to-formula adequacy are separate obligations.
SENT-0229,FILE-INTRO,docs/10.AWSで設計・実装する/10.2.Batch Layerを構成する.md,115,OpenSearch ServerlessはKeyword、Vector、Hybrid、Filterを一つの検索エンジンで扱えます。,official_product_contract,AND,"AND(ATOM(retrieval=true), ATOM(opensearch=true))",opensearch=true;retrieval=true,SRC-197;SRC-200,https://docs.aws.amazon.com/bedrock/latest/userguide/knowledge-base-setup.html;https://docs.aws.amazon.com/bedrock/latest/userguide/s3-data-source-connector.html,same_file_candidate,CANDIDATE_REQUIRES_DOMAIN_REVIEW,CONTROLLED_TERM_PROJECTION_REQUIRES_CLAIM_POLARITY_REVIEW,SRC_197_sourceTheorem;SRC_200_sourceTheorem,aurora_pg=true;bedrock_kb=true;dense=true;dimension_contract=true;embedding_model=true;external_knowledge=true;metadata_filter=true;opensearch=true;retrieval=true;s3_vectors=true,,PROVED_SOURCE_SUMMARY_ENTAILS_GUIDE_FORMULA,MODEL_PROVED,literature_SENT_0229,INCONCLUSIVE_REQUIRES_BILINGUAL_DOMAIN_REVIEW,INCONCLUSIVE,Lean checks the positive propositional derivation under source-summary premises,Conditional proof only: source-summary formula truth and NL-to-formula adequacy are separate obligations.
SENT-0232,FILE-INTRO,docs/10.AWSで設計・実装する/10.2.Batch Layerを構成する.md,115,Serverlessの概要、Hybrid Search、Data access controlを参照します（確認日：2026年8月22日）。,externally_cited_claim,UNFORMALIZED,UNFORMALIZED,,SRC-063;SRC-064;SRC-065;SRC-178;SRC-179,https://arxiv.org/abs/2303.07678;https://dl.acm.org/doi/10.1145/1571941.1572114;https://arxiv.org/abs/2212.10496;https://docs.aws.amazon.com/bedrock/latest/APIReference/API_agent-runtime_RetrieveAndGenerate.html;https://docs.aws.amazon.com/AmazonS3/latest/userguide/s3-vectors-bedrock-kb.html,same_chapter_candidate,CANDIDATE_REQUIRES_DOMAIN_REVIEW,CONTROLLED_TERM_PROJECTION_REQUIRES_CLAIM_POLARITY_REVIEW,SRC_063_sourceTheorem;SRC_064_sourceTheorem;SRC_065_sourceTheorem;SRC_178_sourceTheorem;SRC_179_sourceTheorem,bedrock_kb=true;candidate_ids_stable=true;citation=true;dense=true;empirical_result=true;external_knowledge=true;generated_query_representation=true;generation=true;hard_constraints_preserved=true;k_positive=true;length_normalization=true;metadata_filter=true;original_query_retained=true;ranks_only=true;retrieval=true;retrieve_and_generate=true;s3_vectors=true;tf_saturation=true;verification=true,,INCONCLUSIVE_UNFORMALIZED_SENTENCE,INCONCLUSIVE,,INCONCLUSIVE_REQUIRES_BILINGUAL_DOMAIN_REVIEW,INCONCLUSIVE,no controlled semantic atom recognized,Conditional proof only: source-summary formula truth and NL-to-formula adequacy are separate obligations.
SENT-0242,FILE-INTRO,docs/10.AWSで設計・実装する/10.3.Real-time Layerで検索する.md,14,| AgenticRetrieveStream | 質問分解、反復検索、十分性判断 | Managed KBで複雑な質問を扱う |,official_product_contract,ATOM,ATOM(retrieval=true),retrieval=true,SRC-063;SRC-065;SRC-178;SRC-198;SRC-204,https://arxiv.org/abs/2303.07678;https://arxiv.org/abs/2212.10496;https://docs.aws.amazon.com/bedrock/latest/APIReference/API_agent-runtime_RetrieveAndGenerate.html;https://docs.aws.amazon.com/bedrock/latest/APIReference/API_agent-runtime_AgenticRetrieveStream.html;https://docs.aws.amazon.com/bedrock/latest/userguide/kb-test-config.html,same_file_candidate,CANDIDATE_REQUIRES_DOMAIN_REVIEW,CONTROLLED_TERM_PROJECTION_REQUIRES_CLAIM_POLARITY_REVIEW,SRC_063_sourceTheorem;SRC_065_sourceTheorem;SRC_178_sourceTheorem;SRC_198_sourceTheorem;SRC_204_sourceTheorem,authorization=true;bedrock_kb=true;citation=true;dense=true;empirical_result=true;external_knowledge=true;generated_query_representation=true;generation=true;guardrails=true;hard_constraints_preserved=true;length_normalization=true;metadata_filter=true;original_query_retained=true;rerank=true;retrieval=true;retrieve_and_generate=true;tf_saturation=true;verification=true,,PROVED_SOURCE_SUMMARY_ENTAILS_GUIDE_FORMULA,MODEL_PROVED,literature_SENT_0242,INCONCLUSIVE_REQUIRES_BILINGUAL_DOMAIN_REVIEW,INCONCLUSIVE,Lean checks the positive propositional derivation under source-summary premises,Conditional proof only: source-summary formula truth and NL-to-formula adequacy are separate obligations.
SENT-0243,FILE-INTRO,docs/10.AWSで設計・実装する/10.3.Real-time Layerで検索する.md,15,| RetrieveAndGenerate | 検索、任意のRerank、生成、Citation | Customer-managed KBの標準経路 |,official_product_contract,AND,"AND(AND(AND(AND(ATOM(rerank=true), ATOM(retrieval=true)), ATOM(generation=true)), ATOM(citation=true)), ATOM(retrieve_and_generate=true))",citation=true;generation=true;rerank=true;retrieval=true;retrieve_and_generate=true,SRC-204;SRC-178;SRC-198;SRC-063;SRC-065,https://docs.aws.amazon.com/bedrock/latest/userguide/kb-test-config.html;https://docs.aws.amazon.com/bedrock/latest/APIReference/API_agent-runtime_RetrieveAndGenerate.html;https://docs.aws.amazon.com/bedrock/latest/APIReference/API_agent-runtime_AgenticRetrieveStream.html;https://arxiv.org/abs/2303.07678;https://arxiv.org/abs/2212.10496,same_file_candidate,CANDIDATE_REQUIRES_DOMAIN_REVIEW,CONTROLLED_TERM_PROJECTION_REQUIRES_CLAIM_POLARITY_REVIEW,SRC_204_sourceTheorem;SRC_178_sourceTheorem;SRC_198_sourceTheorem;SRC_063_sourceTheorem;SRC_065_sourceTheorem,authorization=true;bedrock_kb=true;citation=true;dense=true;empirical_result=true;external_knowledge=true;generated_query_representation=true;generation=true;guardrails=true;hard_constraints_preserved=true;length_normalization=true;metadata_filter=true;original_query_retained=true;rerank=true;retrieval=true;retrieve_and_generate=true;tf_saturation=true;verification=true,,PROVED_SOURCE_SUMMARY_ENTAILS_GUIDE_FORMULA,MODEL_PROVED,literature_SENT_0243,INCONCLUSIVE_REQUIRES_BILINGUAL_DOMAIN_REVIEW,INCONCLUSIVE,Lean checks the positive propositional derivation under source-summary premises,Conditional proof only: source-summary formula truth and NL-to-formula adequacy are separate obligations.
SENT-0244,FILE-INTRO,docs/10.AWSで設計・実装する/10.3.Real-time Layerで検索する.md,16,| Store直接API | S3 VectorsまたはOpenSearchを直接検索 | Schema、Query、複数Indexを制御する |,official_product_contract,OR,"OR(ATOM(s3_vectors=true), AND(ATOM(retrieval=true), ATOM(opensearch=true)))",opensearch=true;retrieval=true;s3_vectors=true,SRC-063;SRC-065;SRC-178;SRC-198;SRC-204,https://arxiv.org/abs/2303.07678;https://arxiv.org/abs/2212.10496;https://docs.aws.amazon.com/bedrock/latest/APIReference/API_agent-runtime_RetrieveAndGenerate.html;https://docs.aws.amazon.com/bedrock/latest/APIReference/API_agent-runtime_AgenticRetrieveStream.html;https://docs.aws.amazon.com/bedrock/latest/userguide/kb-test-config.html,same_file_candidate,CANDIDATE_REQUIRES_DOMAIN_REVIEW,CONTROLLED_TERM_PROJECTION_REQUIRES_CLAIM_POLARITY_REVIEW,SRC_063_sourceTheorem;SRC_065_sourceTheorem;SRC_178_sourceTheorem;SRC_198_sourceTheorem;SRC_204_sourceTheorem,authorization=true;bedrock_kb=true;citation=true;dense=true;empirical_result=true;external_knowledge=true;generated_query_representation=true;generation=true;guardrails=true;hard_constraints_preserved=true;length_normalization=true;metadata_filter=true;original_query_retained=true;rerank=true;retrieval=true;retrieve_and_generate=true;tf_saturation=true;verification=true,opensearch=true;s3_vectors=true,INCONCLUSIVE_UNSUPPORTED_ATOMS,INCONCLUSIVE,,INCONCLUSIVE_REQUIRES_BILINGUAL_DOMAIN_REVIEW,INCONCLUSIVE,guide formula contains atoms absent from the selected source summaries,Conditional proof only: source-summary formula truth and NL-to-formula adequacy are separate obligations.
SENT-0245,FILE-INTRO,docs/10.AWSで設計・実装する/10.3.Real-time Layerで検索する.md,17,| Converse | Evidenceから回答を生成 | Prompt、Model、回答保留を分離する |,official_product_contract,AND,"AND(ATOM(generation=true), ATOM(evidence_support=true))",evidence_support=true;generation=true,SRC-063;SRC-065;SRC-178;SRC-198;SRC-204,https://arxiv.org/abs/2303.07678;https://arxiv.org/abs/2212.10496;https://docs.aws.amazon.com/bedrock/latest/APIReference/API_agent-runtime_RetrieveAndGenerate.html;https://docs.aws.amazon.com/bedrock/latest/APIReference/API_agent-runtime_AgenticRetrieveStream.html;https://docs.aws.amazon.com/bedrock/latest/userguide/kb-test-config.html,same_file_candidate,CANDIDATE_REQUIRES_DOMAIN_REVIEW,CONTROLLED_TERM_PROJECTION_REQUIRES_CLAIM_POLARITY_REVIEW,SRC_063_sourceTheorem;SRC_065_sourceTheorem;SRC_178_sourceTheorem;SRC_198_sourceTheorem;SRC_204_sourceTheorem,authorization=true;bedrock_kb=true;citation=true;dense=true;empirical_result=true;external_knowledge=true;generated_query_representation=true;generation=true;guardrails=true;hard_constraints_preserved=true;length_normalization=true;metadata_filter=true;original_query_retained=true;rerank=true;retrieval=true;retrieve_and_generate=true;tf_saturation=true;verification=true,evidence_support=true,INCONCLUSIVE_UNSUPPORTED_ATOMS,INCONCLUSIVE,,INCONCLUSIVE_REQUIRES_BILINGUAL_DOMAIN_REVIEW,INCONCLUSIVE,guide formula contains atoms absent from the selected source summaries,Conditional proof only: source-summary formula truth and NL-to-formula adequacy are separate obligations.
SENT-0248,FILE-INTRO,docs/10.AWSで設計・実装する/10.3.Real-time Layerで検索する.md,21,AgenticRetrieveStreamはManaged Knowledge Base専用です。,official_product_contract,AND,"AND(AND(ATOM(retrieval=true), ATOM(external_knowledge=true)), ATOM(bedrock_kb=true))",bedrock_kb=true;external_knowledge=true;retrieval=true,SRC-198;SRC-204;SRC-178;SRC-063;SRC-065,https://docs.aws.amazon.com/bedrock/latest/APIReference/API_agent-runtime_AgenticRetrieveStream.html;https://docs.aws.amazon.com/bedrock/latest/userguide/kb-test-config.html;https://docs.aws.amazon.com/bedrock/latest/APIReference/API_agent-runtime_RetrieveAndGenerate.html;https://arxiv.org/abs/2303.07678;https://arxiv.org/abs/2212.10496,same_file_candidate,CANDIDATE_REQUIRES_DOMAIN_REVIEW,CONTROLLED_TERM_PROJECTION_REQUIRES_CLAIM_POLARITY_REVIEW,SRC_198_sourceTheorem;SRC_204_sourceTheorem;SRC_178_sourceTheorem;SRC_063_sourceTheorem;SRC_065_sourceTheorem,authorization=true;bedrock_kb=true;citation=true;dense=true;empirical_result=true;external_knowledge=true;generated_query_representation=true;generation=true;guardrails=true;hard_constraints_preserved=true;length_normalization=true;metadata_filter=true;original_query_retained=true;rerank=true;retrieval=true;retrieve_and_generate=true;tf_saturation=true;verification=true,,PROVED_SOURCE_SUMMARY_ENTAILS_GUIDE_FORMULA,MODEL_PROVED,literature_SENT_0248,INCONCLUSIVE_REQUIRES_BILINGUAL_DOMAIN_REVIEW,INCONCLUSIVE,Lean checks the positive propositional derivation under source-summary premises,Conditional proof only: source-summary formula truth and NL-to-formula adequacy are separate obligations.
SENT-0249,FILE-INTRO,docs/10.AWSで設計・実装する/10.3.Real-time Layerで検索する.md,21,RetrieveAndGenerateとStreaming版はCustomer-managed Knowledge Baseで使います。,official_product_contract,AND,"AND(AND(AND(AND(ATOM(retrieval=true), ATOM(generation=true)), ATOM(external_knowledge=true)), ATOM(bedrock_kb=true)), ATOM(retrieve_and_generate=true))",bedrock_kb=true;external_knowledge=true;generation=true;retrieval=true;retrieve_and_generate=true,SRC-204;SRC-178;SRC-198;SRC-063;SRC-065,https://docs.aws.amazon.com/bedrock/latest/userguide/kb-test-config.html;https://docs.aws.amazon.com/bedrock/latest/APIReference/API_agent-runtime_RetrieveAndGenerate.html;https://docs.aws.amazon.com/bedrock/latest/APIReference/API_agent-runtime_AgenticRetrieveStream.html;https://arxiv.org/abs/2303.07678;https://arxiv.org/abs/2212.10496,same_file_candidate,CANDIDATE_REQUIRES_DOMAIN_REVIEW,CONTROLLED_TERM_PROJECTION_REQUIRES_CLAIM_POLARITY_REVIEW,SRC_204_sourceTheorem;SRC_178_sourceTheorem;SRC_198_sourceTheorem;SRC_063_sourceTheorem;SRC_065_sourceTheorem,authorization=true;bedrock_kb=true;citation=true;dense=true;empirical_result=true;external_knowledge=true;generated_query_representation=true;generation=true;guardrails=true;hard_constraints_preserved=true;length_normalization=true;metadata_filter=true;original_query_retained=true;rerank=true;retrieval=true;retrieve_and_generate=true;tf_saturation=true;verification=true,,PROVED_SOURCE_SUMMARY_ENTAILS_GUIDE_FORMULA,MODEL_PROVED,literature_SENT_0249,INCONCLUSIVE_REQUIRES_BILINGUAL_DOMAIN_REVIEW,INCONCLUSIVE,Lean checks the positive propositional derivation under source-summary premises,Conditional proof only: source-summary formula truth and NL-to-formula adequacy are separate obligations.
SENT-0250,FILE-INTRO,docs/10.AWSで設計・実装する/10.3.Real-time Layerで検索する.md,21,S3 VectorsのQueryVectorsやOpenSearch Query APIを直接使う場合、Query Embedding、Location復元、Index schema、Queryを利用者が管理します。,official_product_contract,UNFORMALIZED,UNFORMALIZED,,SRC-063;SRC-064;SRC-065;SRC-178;SRC-179,https://arxiv.org/abs/2303.07678;https://dl.acm.org/doi/10.1145/1571941.1572114;https://arxiv.org/abs/2212.10496;https://docs.aws.amazon.com/bedrock/latest/APIReference/API_agent-runtime_RetrieveAndGenerate.html;https://docs.aws.amazon.com/AmazonS3/latest/userguide/s3-vectors-bedrock-kb.html,same_chapter_candidate,CANDIDATE_REQUIRES_DOMAIN_REVIEW,CONTROLLED_TERM_PROJECTION_REQUIRES_CLAIM_POLARITY_REVIEW,SRC_063_sourceTheorem;SRC_064_sourceTheorem;SRC_065_sourceTheorem;SRC_178_sourceTheorem;SRC_179_sourceTheorem,bedrock_kb=true;candidate_ids_stable=true;citation=true;dense=true;empirical_result=true;external_knowledge=true;generated_query_representation=true;generation=true;hard_constraints_preserved=true;k_positive=true;length_normalization=true;metadata_filter=true;original_query_retained=true;ranks_only=true;retrieval=true;retrieve_and_generate=true;s3_vectors=true;tf_saturation=true;verification=true,,INCONCLUSIVE_UNFORMALIZED_SENTENCE,INCONCLUSIVE,,INCONCLUSIVE_REQUIRES_BILINGUAL_DOMAIN_REVIEW,INCONCLUSIVE,conditional marker found but antecedent/consequent atoms were incomplete,Conditional proof only: source-summary formula truth and NL-to-formula adequacy are separate obligations.
SENT-0251,FILE-INTRO,docs/10.AWSで設計・実装する/10.3.Real-time Layerで検索する.md,23,APIの境界はRetrieve、AgenticRetrieveStream、RetrieveAndGenerate、QueryVectors、Converseを参照します（確認日：2026年8月22日）。,externally_cited_claim,AND,"AND(AND(ATOM(retrieval=true), ATOM(generation=true)), ATOM(retrieve_and_generate=true))",generation=true;retrieval=true;retrieve_and_generate=true,SRC-198;SRC-178,https://docs.aws.amazon.com/bedrock/latest/APIReference/API_agent-runtime_AgenticRetrieveStream.html;https://docs.aws.amazon.com/bedrock/latest/APIReference/API_agent-runtime_RetrieveAndGenerate.html,existing_direct_paragraph_or_technology_mapping,EXISTING_MAPPING_REQUIRES_SEMANTIC_REVIEW,CONTROLLED_TERM_PROJECTION_REQUIRES_CLAIM_POLARITY_REVIEW,SRC_198_sourceTheorem;SRC_178_sourceTheorem,authorization=true;bedrock_kb=true;citation=true;external_knowledge=true;generation=true;guardrails=true;rerank=true;retrieval=true;retrieve_and_generate=true;verification=true,,PROVED_SOURCE_SUMMARY_ENTAILS_GUIDE_FORMULA,MODEL_PROVED,literature_SENT_0251,INCONCLUSIVE_REQUIRES_BILINGUAL_DOMAIN_REVIEW,INCONCLUSIVE,Lean checks the positive propositional derivation under source-summary premises,Conditional proof only: source-summary formula truth and NL-to-formula adequacy are separate obligations.
SENT-0253,FILE-INTRO,docs/10.AWSで設計・実装する/10.3.Real-time Layerで検索する.md,27,S3 Vectors、Knowledge Bases、OpenSearchのVector検索が担当します。,official_product_contract,AND,"AND(AND(AND(AND(ATOM(retrieval=true), ATOM(external_knowledge=true)), ATOM(bedrock_kb=true)), ATOM(s3_vectors=true)), ATOM(opensearch=true))",bedrock_kb=true;external_knowledge=true;opensearch=true;retrieval=true;s3_vectors=true,SRC-198;SRC-204;SRC-178;SRC-063;SRC-065,https://docs.aws.amazon.com/bedrock/latest/APIReference/API_agent-runtime_AgenticRetrieveStream.html;https://docs.aws.amazon.com/bedrock/latest/userguide/kb-test-config.html;https://docs.aws.amazon.com/bedrock/latest/APIReference/API_agent-runtime_RetrieveAndGenerate.html;https://arxiv.org/abs/2303.07678;https://arxiv.org/abs/2212.10496,same_file_candidate,CANDIDATE_REQUIRES_DOMAIN_REVIEW,CONTROLLED_TERM_PROJECTION_REQUIRES_CLAIM_POLARITY_REVIEW,SRC_198_sourceTheorem;SRC_204_sourceTheorem;SRC_178_sourceTheorem;SRC_063_sourceTheorem;SRC_065_sourceTheorem,authorization=true;bedrock_kb=true;citation=true;dense=true;empirical_result=true;external_knowledge=true;generated_query_representation=true;generation=true;guardrails=true;hard_constraints_preserved=true;length_normalization=true;metadata_filter=true;original_query_retained=true;rerank=true;retrieval=true;retrieve_and_generate=true;tf_saturation=true;verification=true,opensearch=true;s3_vectors=true,INCONCLUSIVE_UNSUPPORTED_ATOMS,INCONCLUSIVE,,INCONCLUSIVE_REQUIRES_BILINGUAL_DOMAIN_REVIEW,INCONCLUSIVE,guide formula contains atoms absent from the selected source summaries,Conditional proof only: source-summary formula truth and NL-to-formula adequacy are separate obligations.
SENT-0258,FILE-INTRO,docs/10.AWSで設計・実装する/10.3.Real-time Layerで検索する.md,31,S3 Vectors連携はSEMANTICです。,official_product_contract,ATOM,ATOM(s3_vectors=true),s3_vectors=true,SRC-179;SRC-189;SRC-197,https://docs.aws.amazon.com/AmazonS3/latest/userguide/s3-vectors-bedrock-kb.html;https://docs.aws.amazon.com/AmazonS3/latest/userguide/s3-vectors-metadata-filtering.html;https://docs.aws.amazon.com/bedrock/latest/userguide/knowledge-base-setup.html,same_chapter_candidate,CANDIDATE_REQUIRES_DOMAIN_REVIEW,CONTROLLED_TERM_PROJECTION_REQUIRES_CLAIM_POLARITY_REVIEW,SRC_179_sourceTheorem;SRC_189_sourceTheorem;SRC_197_sourceTheorem,aurora_pg=true;bedrock_kb=true;dense=true;dimension_contract=true;embedding_model=true;external_knowledge=true;metadata_filter=true;opensearch=true;retrieval=true;s3_vectors=true,,PROVED_SOURCE_SUMMARY_ENTAILS_GUIDE_FORMULA,MODEL_PROVED,literature_SENT_0258,INCONCLUSIVE_REQUIRES_BILINGUAL_DOMAIN_REVIEW,INCONCLUSIVE,Lean checks the positive propositional derivation under source-summary premises,Conditional proof only: source-summary formula truth and NL-to-formula adequacy are separate obligations.
SENT-0268,FILE-INTRO,docs/10.AWSで設計・実装する/10.3.Real-time Layerで検索する.md,47,Metadata Filterには、tenant、department、role、status、version、valid_from、valid_toなど、検索前に除外すべき条件を使います。,general_technical_claim,AND,"AND(AND(ATOM(retrieval=true), ATOM(multi_tenant=true)), ATOM(metadata_filter=true))",metadata_filter=true;multi_tenant=true;retrieval=true,SRC-204;SRC-063;SRC-065;SRC-178;SRC-198,https://docs.aws.amazon.com/bedrock/latest/userguide/kb-test-config.html;https://arxiv.org/abs/2303.07678;https://arxiv.org/abs/2212.10496;https://docs.aws.amazon.com/bedrock/latest/APIReference/API_agent-runtime_RetrieveAndGenerate.html;https://docs.aws.amazon.com/bedrock/latest/APIReference/API_agent-runtime_AgenticRetrieveStream.html,same_file_candidate,CANDIDATE_REQUIRES_DOMAIN_REVIEW,CONTROLLED_TERM_PROJECTION_REQUIRES_CLAIM_POLARITY_REVIEW,SRC_204_sourceTheorem;SRC_063_sourceTheorem;SRC_065_sourceTheorem;SRC_178_sourceTheorem;SRC_198_sourceTheorem,authorization=true;bedrock_kb=true;citation=true;dense=true;empirical_result=true;external_knowledge=true;generated_query_representation=true;generation=true;guardrails=true;hard_constraints_preserved=true;length_normalization=true;metadata_filter=true;original_query_retained=true;rerank=true;retrieval=true;retrieve_and_generate=true;tf_saturation=true;verification=true,multi_tenant=true,INCONCLUSIVE_UNSUPPORTED_ATOMS,INCONCLUSIVE,,INCONCLUSIVE_REQUIRES_BILINGUAL_DOMAIN_REVIEW,INCONCLUSIVE,guide formula contains atoms absent from the selected source summaries,Conditional proof only: source-summary formula truth and NL-to-formula adequacy are separate obligations.
SENT-0272,FILE-INTRO,docs/10.AWSで設計・実装する/10.3.Real-time Layerで検索する.md,49,Knowledge Base retrieval configurationとACL awarenessを参照します（確認日：2026年8月22日）。,externally_cited_claim,AND,"AND(AND(AND(ATOM(retrieval=true), ATOM(external_knowledge=true)), ATOM(authorization=true)), ATOM(bedrock_kb=true))",authorization=true;bedrock_kb=true;external_knowledge=true;retrieval=true,SRC-204,https://docs.aws.amazon.com/bedrock/latest/userguide/kb-test-config.html,existing_direct_paragraph_or_technology_mapping,EXISTING_MAPPING_REQUIRES_SEMANTIC_REVIEW,CONTROLLED_TERM_PROJECTION_REQUIRES_CLAIM_POLARITY_REVIEW,SRC_204_sourceTheorem,bedrock_kb=true;citation=true;external_knowledge=true;generation=true;metadata_filter=true;rerank=true;retrieval=true;retrieve_and_generate=true,authorization=true,INCONCLUSIVE_UNSUPPORTED_ATOMS,INCONCLUSIVE,,INCONCLUSIVE_REQUIRES_BILINGUAL_DOMAIN_REVIEW,INCONCLUSIVE,guide formula contains atoms absent from the selected source summaries,Conditional proof only: source-summary formula truth and NL-to-formula adequacy are separate obligations.
SENT-0275,FILE-INTRO,docs/10.AWSで設計・実装する/10.3.Real-time Layerで検索する.md,56,HyDE・Query2doc：短い質問と文書表現の隔たりを補う,concrete_technology_claim,UNFORMALIZED,UNFORMALIZED,,SRC-063;SRC-065,https://arxiv.org/abs/2303.07678;https://arxiv.org/abs/2212.10496,existing_direct_paragraph_or_technology_mapping,EXISTING_MAPPING_REQUIRES_SEMANTIC_REVIEW,CONTROLLED_TERM_PROJECTION_REQUIRES_CLAIM_POLARITY_REVIEW,SRC_063_sourceTheorem;SRC_065_sourceTheorem,dense=true;empirical_result=true;generated_query_representation=true;generation=true;hard_constraints_preserved=true;length_normalization=true;original_query_retained=true;retrieval=true;tf_saturation=true;verification=true,,INCONCLUSIVE_UNFORMALIZED_SENTENCE,INCONCLUSIVE,,INCONCLUSIVE_REQUIRES_BILINGUAL_DOMAIN_REVIEW,INCONCLUSIVE,no controlled semantic atom recognized,Conditional proof only: source-summary formula truth and NL-to-formula adequacy are separate obligations.
SENT-0277,FILE-INTRO,docs/10.AWSで設計・実装する/10.3.Real-time Layerで検索する.md,58,独自Fusion・RRF：複数Retrieverの順位を独自規則で統合する,concrete_technology_claim,ATOM,ATOM(retrieval=true),retrieval=true,SRC-064,https://dl.acm.org/doi/10.1145/1571941.1572114,existing_direct_paragraph_or_technology_mapping,EXISTING_MAPPING_REQUIRES_SEMANTIC_REVIEW,CONTROLLED_TERM_PROJECTION_REQUIRES_CLAIM_POLARITY_REVIEW,SRC_064_sourceTheorem,candidate_ids_stable=true;empirical_result=true;k_positive=true;ranks_only=true,retrieval=true,INCONCLUSIVE_UNSUPPORTED_ATOMS,INCONCLUSIVE,,INCONCLUSIVE_REQUIRES_BILINGUAL_DOMAIN_REVIEW,INCONCLUSIVE,guide formula contains atoms absent from the selected source summaries,Conditional proof only: source-summary formula truth and NL-to-formula adequacy are separate obligations.
SENT-0284,FILE-INTRO,docs/10.AWSで設計・実装する/10.4.Evidence Setを作り回答する.md,13,単体Rerank API、Knowledge BaseのRetrieve、Customer-managed Knowledge BaseのRetrieveAndGenerateへ組み込めます。,official_product_contract,AND,"AND(AND(AND(AND(AND(ATOM(rerank=true), ATOM(retrieval=true)), ATOM(generation=true)), ATOM(external_knowledge=true)), ATOM(bedrock_kb=true)), ATOM(retrieve_and_generate=true))",bedrock_kb=true;external_knowledge=true;generation=true;rerank=true;retrieval=true;retrieve_and_generate=true,SRC-204;SRC-178,https://docs.aws.amazon.com/bedrock/latest/userguide/kb-test-config.html;https://docs.aws.amazon.com/bedrock/latest/APIReference/API_agent-runtime_RetrieveAndGenerate.html,same_file_candidate,CANDIDATE_REQUIRES_DOMAIN_REVIEW,CONTROLLED_TERM_PROJECTION_REQUIRES_CLAIM_POLARITY_REVIEW,SRC_204_sourceTheorem;SRC_178_sourceTheorem,bedrock_kb=true;citation=true;external_knowledge=true;generation=true;metadata_filter=true;rerank=true;retrieval=true;retrieve_and_generate=true,,PROVED_SOURCE_SUMMARY_ENTAILS_GUIDE_FORMULA,MODEL_PROVED,literature_SENT_0284,INCONCLUSIVE_REQUIRES_BILINGUAL_DOMAIN_REVIEW,INCONCLUSIVE,Lean checks the positive propositional derivation under source-summary premises,Conditional proof only: source-summary formula truth and NL-to-formula adequacy are separate obligations.
SENT-0287,FILE-INTRO,docs/10.AWSで設計・実装する/10.4.Evidence Setを作り回答する.md,17,最初の候補数を増やしたとき、正解EvidenceのRecallが改善するか,empirical_or_research_claim,UNFORMALIZED,UNFORMALIZED,,SRC-063;SRC-064;SRC-065;SRC-178;SRC-179,https://arxiv.org/abs/2303.07678;https://dl.acm.org/doi/10.1145/1571941.1572114;https://arxiv.org/abs/2212.10496;https://docs.aws.amazon.com/bedrock/latest/APIReference/API_agent-runtime_RetrieveAndGenerate.html;https://docs.aws.amazon.com/AmazonS3/latest/userguide/s3-vectors-bedrock-kb.html,same_chapter_candidate,CANDIDATE_REQUIRES_DOMAIN_REVIEW,CONTROLLED_TERM_PROJECTION_REQUIRES_CLAIM_POLARITY_REVIEW,SRC_063_sourceTheorem;SRC_064_sourceTheorem;SRC_065_sourceTheorem;SRC_178_sourceTheorem;SRC_179_sourceTheorem,bedrock_kb=true;candidate_ids_stable=true;citation=true;dense=true;empirical_result=true;external_knowledge=true;generated_query_representation=true;generation=true;hard_constraints_preserved=true;k_positive=true;length_normalization=true;metadata_filter=true;original_query_retained=true;ranks_only=true;retrieval=true;retrieve_and_generate=true;s3_vectors=true;tf_saturation=true;verification=true,,INCONCLUSIVE_UNFORMALIZED_SENTENCE,INCONCLUSIVE,,INCONCLUSIVE_REQUIRES_BILINGUAL_DOMAIN_REVIEW,INCONCLUSIVE,conditional marker found but antecedent/consequent atoms were incomplete,Conditional proof only: source-summary formula truth and NL-to-formula adequacy are separate obligations.
SENT-0289,FILE-INTRO,docs/10.AWSで設計・実装する/10.4.Evidence Setを作り回答する.md,19,nDCG、MRR、Precision、P95 Latency、費用が改善幅に見合うか,empirical_or_research_claim,AND,"AND(AND(AND(ATOM(ranking_metric=true), ATOM(latency=true)), ATOM(cost=true)), ATOM(empirical_result=true))",cost=true;empirical_result=true;latency=true;ranking_metric=true,SRC-063;SRC-064;SRC-065,https://arxiv.org/abs/2303.07678;https://dl.acm.org/doi/10.1145/1571941.1572114;https://arxiv.org/abs/2212.10496,same_chapter_candidate,CANDIDATE_REQUIRES_DOMAIN_REVIEW,CONTROLLED_TERM_PROJECTION_REQUIRES_CLAIM_POLARITY_REVIEW,SRC_063_sourceTheorem;SRC_064_sourceTheorem;SRC_065_sourceTheorem,candidate_ids_stable=true;dense=true;empirical_result=true;generated_query_representation=true;generation=true;hard_constraints_preserved=true;k_positive=true;length_normalization=true;original_query_retained=true;ranks_only=true;retrieval=true;tf_saturation=true;verification=true,cost=true;latency=true;ranking_metric=true,INCONCLUSIVE_UNSUPPORTED_ATOMS,INCONCLUSIVE,,INCONCLUSIVE_REQUIRES_BILINGUAL_DOMAIN_REVIEW,INCONCLUSIVE,guide formula contains atoms absent from the selected source summaries,Conditional proof only: source-summary formula truth and NL-to-formula adequacy are separate obligations.
SENT-0293,FILE-INTRO,docs/10.AWSで設計・実装する/10.4.Evidence Setを作り回答する.md,21,Bedrock RerankとRerank APIを参照します（確認日：2026年8月22日）。,externally_cited_claim,AND,"AND(ATOM(rerank=true), ATOM(bedrock_kb=true))",bedrock_kb=true;rerank=true,SRC-204;SRC-178,https://docs.aws.amazon.com/bedrock/latest/userguide/kb-test-config.html;https://docs.aws.amazon.com/bedrock/latest/APIReference/API_agent-runtime_RetrieveAndGenerate.html,same_file_candidate,CANDIDATE_REQUIRES_DOMAIN_REVIEW,CONTROLLED_TERM_PROJECTION_REQUIRES_CLAIM_POLARITY_REVIEW,SRC_204_sourceTheorem;SRC_178_sourceTheorem,bedrock_kb=true;citation=true;external_knowledge=true;generation=true;metadata_filter=true;rerank=true;retrieval=true;retrieve_and_generate=true,,PROVED_SOURCE_SUMMARY_ENTAILS_GUIDE_FORMULA,MODEL_PROVED,literature_SENT_0293,INCONCLUSIVE_REQUIRES_BILINGUAL_DOMAIN_REVIEW,INCONCLUSIVE,Lean checks the positive propositional derivation under source-summary premises,Conditional proof only: source-summary formula truth and NL-to-formula adequacy are separate obligations.
SENT-0297,FILE-INTRO,docs/10.AWSで設計・実装する/10.4.Evidence Setを作り回答する.md,29,Evidence Set：採用・不採用理由、矛盾、回答可能性、Citation IDを記録する,general_technical_claim,AND,"AND(AND(AND(ATOM(generation=true), ATOM(citation=true)), ATOM(answerability=true)), ATOM(evidence_support=true))",answerability=true;citation=true;evidence_support=true;generation=true,SRC-178;SRC-204,https://docs.aws.amazon.com/bedrock/latest/APIReference/API_agent-runtime_RetrieveAndGenerate.html;https://docs.aws.amazon.com/bedrock/latest/userguide/kb-test-config.html,same_file_candidate,CANDIDATE_REQUIRES_DOMAIN_REVIEW,CONTROLLED_TERM_PROJECTION_REQUIRES_CLAIM_POLARITY_REVIEW,SRC_178_sourceTheorem;SRC_204_sourceTheorem,bedrock_kb=true;citation=true;external_knowledge=true;generation=true;metadata_filter=true;rerank=true;retrieval=true;retrieve_and_generate=true,answerability=true;evidence_support=true,INCONCLUSIVE_UNSUPPORTED_ATOMS,INCONCLUSIVE,,INCONCLUSIVE_REQUIRES_BILINGUAL_DOMAIN_REVIEW,INCONCLUSIVE,guide formula contains atoms absent from the selected source summaries,Conditional proof only: source-summary formula truth and NL-to-formula adequacy are separate obligations.
SENT-0298,FILE-INTRO,docs/10.AWSで設計・実装する/10.4.Evidence Setを作り回答する.md,30,Context Compression：根拠を失わず、不要部分とTokenを減らす,general_technical_claim,NOT,"NOT(AND(ATOM(evidence_support=true), ATOM(context_compression=true)))",context_compression=true;evidence_support=true,SRC-063;SRC-064;SRC-065;SRC-178;SRC-179,https://arxiv.org/abs/2303.07678;https://dl.acm.org/doi/10.1145/1571941.1572114;https://arxiv.org/abs/2212.10496;https://docs.aws.amazon.com/bedrock/latest/APIReference/API_agent-runtime_RetrieveAndGenerate.html;https://docs.aws.amazon.com/AmazonS3/latest/userguide/s3-vectors-bedrock-kb.html,same_chapter_candidate,CANDIDATE_REQUIRES_DOMAIN_REVIEW,CONTROLLED_TERM_PROJECTION_REQUIRES_CLAIM_POLARITY_REVIEW,SRC_063_sourceTheorem;SRC_064_sourceTheorem;SRC_065_sourceTheorem;SRC_178_sourceTheorem;SRC_179_sourceTheorem,bedrock_kb=true;candidate_ids_stable=true;citation=true;dense=true;empirical_result=true;external_knowledge=true;generated_query_representation=true;generation=true;hard_constraints_preserved=true;k_positive=true;length_normalization=true;metadata_filter=true;original_query_retained=true;ranks_only=true;retrieval=true;retrieve_and_generate=true;s3_vectors=true;tf_saturation=true;verification=true,context_compression=true;evidence_support=true,INCONCLUSIVE_RELATION_NOT_SUPPORTED_BY_POSITIVE_SOURCE_FACTS,INCONCLUSIVE,,INCONCLUSIVE_REQUIRES_BILINGUAL_DOMAIN_REVIEW,INCONCLUSIVE,implication/negation requires a relation-preserving source formalization,Conditional proof only: source-summary formula truth and NL-to-formula adequacy are separate obligations.
SENT-0300,FILE-INTRO,docs/10.AWSで設計・実装する/10.4.Evidence Setを作り回答する.md,33,Evidence Setには、少なくとも本文、Source、Location、文書版、Retriever、Score、採否理由、Citation IDを含めます。,general_technical_claim,AND,"AND(AND(ATOM(retrieval=true), ATOM(citation=true)), ATOM(evidence_support=true))",citation=true;evidence_support=true;retrieval=true,SRC-178;SRC-204,https://docs.aws.amazon.com/bedrock/latest/APIReference/API_agent-runtime_RetrieveAndGenerate.html;https://docs.aws.amazon.com/bedrock/latest/userguide/kb-test-config.html,same_file_candidate,CANDIDATE_REQUIRES_DOMAIN_REVIEW,CONTROLLED_TERM_PROJECTION_REQUIRES_CLAIM_POLARITY_REVIEW,SRC_178_sourceTheorem;SRC_204_sourceTheorem,bedrock_kb=true;citation=true;external_knowledge=true;generation=true;metadata_filter=true;rerank=true;retrieval=true;retrieve_and_generate=true,evidence_support=true,INCONCLUSIVE_UNSUPPORTED_ATOMS,INCONCLUSIVE,,INCONCLUSIVE_REQUIRES_BILINGUAL_DOMAIN_REVIEW,INCONCLUSIVE,guide formula contains atoms absent from the selected source summaries,Conditional proof only: source-summary formula truth and NL-to-formula adequacy are separate obligations.
SENT-0302,FILE-INTRO,docs/10.AWSで設計・実装する/10.4.Evidence Setを作り回答する.md,43,Customer-managed Knowledge Baseで、検索、任意のRerank、Promptへの結果挿入、Generation Model呼び出し、Citation返却を一体化します。,general_technical_claim,AND,"AND(AND(AND(AND(AND(ATOM(rerank=true), ATOM(retrieval=true)), ATOM(external_knowledge=true)), ATOM(citation=true)), ATOM(bedrock_kb=true)), ATOM(empirical_result=true))",bedrock_kb=true;citation=true;empirical_result=true;external_knowledge=true;rerank=true;retrieval=true,SRC-204;SRC-178,https://docs.aws.amazon.com/bedrock/latest/userguide/kb-test-config.html;https://docs.aws.amazon.com/bedrock/latest/APIReference/API_agent-runtime_RetrieveAndGenerate.html,same_file_candidate,CANDIDATE_REQUIRES_DOMAIN_REVIEW,CONTROLLED_TERM_PROJECTION_REQUIRES_CLAIM_POLARITY_REVIEW,SRC_204_sourceTheorem;SRC_178_sourceTheorem,bedrock_kb=true;citation=true;external_knowledge=true;generation=true;metadata_filter=true;rerank=true;retrieval=true;retrieve_and_generate=true,empirical_result=true,INCONCLUSIVE_UNSUPPORTED_ATOMS,INCONCLUSIVE,,INCONCLUSIVE_REQUIRES_BILINGUAL_DOMAIN_REVIEW,INCONCLUSIVE,guide formula contains atoms absent from the selected source summaries,Conditional proof only: source-summary formula truth and NL-to-formula adequacy are separate obligations.
SENT-0306,FILE-INTRO,docs/10.AWSで設計・実装する/10.4.Evidence Setを作り回答する.md,49,Managed / Customer-managed Knowledge Baseで候補を取得し、アプリケーションがEvidence Setを作ってConverseへ渡します。,official_product_contract,AND,"AND(AND(AND(ATOM(retrieval=true), ATOM(external_knowledge=true)), ATOM(evidence_support=true)), ATOM(bedrock_kb=true))",bedrock_kb=true;evidence_support=true;external_knowledge=true;retrieval=true,SRC-204;SRC-178,https://docs.aws.amazon.com/bedrock/latest/userguide/kb-test-config.html;https://docs.aws.amazon.com/bedrock/latest/APIReference/API_agent-runtime_RetrieveAndGenerate.html,same_file_candidate,CANDIDATE_REQUIRES_DOMAIN_REVIEW,CONTROLLED_TERM_PROJECTION_REQUIRES_CLAIM_POLARITY_REVIEW,SRC_204_sourceTheorem;SRC_178_sourceTheorem,bedrock_kb=true;citation=true;external_knowledge=true;generation=true;metadata_filter=true;rerank=true;retrieval=true;retrieve_and_generate=true,evidence_support=true,INCONCLUSIVE_UNSUPPORTED_ATOMS,INCONCLUSIVE,,INCONCLUSIVE_REQUIRES_BILINGUAL_DOMAIN_REVIEW,INCONCLUSIVE,guide formula contains atoms absent from the selected source summaries,Conditional proof only: source-summary formula truth and NL-to-formula adequacy are separate obligations.
SENT-0307,FILE-INTRO,docs/10.AWSで設計・実装する/10.4.Evidence Setを作り回答する.md,49,Prompt、Model、会話、Citation ID、回答保留、Claim検証を工程別に制御できます。,general_technical_claim,AND,"AND(AND(ATOM(generation=true), ATOM(citation=true)), ATOM(verification=true))",citation=true;generation=true;verification=true,SRC-178;SRC-204,https://docs.aws.amazon.com/bedrock/latest/APIReference/API_agent-runtime_RetrieveAndGenerate.html;https://docs.aws.amazon.com/bedrock/latest/userguide/kb-test-config.html,same_file_candidate,CANDIDATE_REQUIRES_DOMAIN_REVIEW,CONTROLLED_TERM_PROJECTION_REQUIRES_CLAIM_POLARITY_REVIEW,SRC_178_sourceTheorem;SRC_204_sourceTheorem,bedrock_kb=true;citation=true;external_knowledge=true;generation=true;metadata_filter=true;rerank=true;retrieval=true;retrieve_and_generate=true,verification=true,INCONCLUSIVE_UNSUPPORTED_ATOMS,INCONCLUSIVE,,INCONCLUSIVE_REQUIRES_BILINGUAL_DOMAIN_REVIEW,INCONCLUSIVE,guide formula contains atoms absent from the selected source summaries,Conditional proof only: source-summary formula truth and NL-to-formula adequacy are separate obligations.
SENT-0310,FILE-INTRO,docs/10.AWSで設計・実装する/10.4.Evidence Setを作り回答する.md,53,どちらの経路でも、Citationが存在するだけで正しい回答とは判定しません。,general_technical_claim,NOT,"NOT(AND(ATOM(generation=true), ATOM(citation=true)))",citation=true;generation=true,SRC-178,https://docs.aws.amazon.com/bedrock/latest/APIReference/API_agent-runtime_RetrieveAndGenerate.html,existing_direct_paragraph_or_technology_mapping,EXISTING_MAPPING_REQUIRES_SEMANTIC_REVIEW,CURATED_OFFICIAL_SPEC_PROJECTION,SRC_178_sourceTheorem,bedrock_kb=true;citation=true;generation=true;retrieval=true;retrieve_and_generate=true,,INCONCLUSIVE_RELATION_NOT_SUPPORTED_BY_POSITIVE_SOURCE_FACTS,INCONCLUSIVE,,INCONCLUSIVE_REQUIRES_BILINGUAL_DOMAIN_REVIEW,INCONCLUSIVE,implication/negation requires a relation-preserving source formalization,Conditional proof only: source-summary formula truth and NL-to-formula adequacy are separate obligations.
SENT-0312,FILE-INTRO,docs/10.AWSで設計・実装する/10.4.Evidence Setを作り回答する.md,53,RetrieveAndGenerateのResponseとConversation inferenceを参照します（確認日：2026年8月22日）。,externally_cited_claim,AND,"AND(AND(ATOM(retrieval=true), ATOM(generation=true)), ATOM(retrieve_and_generate=true))",generation=true;retrieval=true;retrieve_and_generate=true,SRC-178,https://docs.aws.amazon.com/bedrock/latest/APIReference/API_agent-runtime_RetrieveAndGenerate.html,existing_direct_paragraph_or_technology_mapping,EXISTING_MAPPING_REQUIRES_SEMANTIC_REVIEW,CURATED_OFFICIAL_SPEC_PROJECTION,SRC_178_sourceTheorem,bedrock_kb=true;citation=true;generation=true;retrieval=true;retrieve_and_generate=true,,PROVED_SOURCE_SUMMARY_ENTAILS_GUIDE_FORMULA,MODEL_PROVED,literature_SENT_0312,INCONCLUSIVE_REQUIRES_BILINGUAL_DOMAIN_REVIEW,INCONCLUSIVE,Lean checks the positive propositional derivation under source-summary premises,Conditional proof only: source-summary formula truth and NL-to-formula adequacy are separate obligations.
SENT-0314,FILE-INTRO,docs/10.AWSで設計・実装する/10.4.Evidence Setを作り回答する.md,57,Knowledge BasesのCustom Promptでは検索結果を渡す$search_results$を含め、Citationを返す構成では$output_format_instructions$を維持します。,official_product_contract,AND,"AND(AND(AND(AND(ATOM(retrieval=true), ATOM(external_knowledge=true)), ATOM(citation=true)), ATOM(bedrock_kb=true)), ATOM(empirical_result=true))",bedrock_kb=true;citation=true;empirical_result=true;external_knowledge=true;retrieval=true,SRC-204;SRC-178,https://docs.aws.amazon.com/bedrock/latest/userguide/kb-test-config.html;https://docs.aws.amazon.com/bedrock/latest/APIReference/API_agent-runtime_RetrieveAndGenerate.html,same_file_candidate,CANDIDATE_REQUIRES_DOMAIN_REVIEW,CONTROLLED_TERM_PROJECTION_REQUIRES_CLAIM_POLARITY_REVIEW,SRC_204_sourceTheorem;SRC_178_sourceTheorem,bedrock_kb=true;citation=true;external_knowledge=true;generation=true;metadata_filter=true;rerank=true;retrieval=true;retrieve_and_generate=true,empirical_result=true,INCONCLUSIVE_UNSUPPORTED_ATOMS,INCONCLUSIVE,,INCONCLUSIVE_REQUIRES_BILINGUAL_DOMAIN_REVIEW,INCONCLUSIVE,guide formula contains atoms absent from the selected source summaries,Conditional proof only: source-summary formula truth and NL-to-formula adequacy are separate obligations.
SENT-0317,FILE-INTRO,docs/10.AWSで設計・実装する/10.4.Evidence Setを作り回答する.md,59,Model API compatibility、Retrieve and generate configuration、Model lifecycleを参照します（確認日：2026年8月22日）。,externally_cited_claim,AND,"AND(ATOM(retrieval=true), ATOM(generation=true))",generation=true;retrieval=true,SRC-204,https://docs.aws.amazon.com/bedrock/latest/userguide/kb-test-config.html,existing_direct_paragraph_or_technology_mapping,EXISTING_MAPPING_REQUIRES_SEMANTIC_REVIEW,CONTROLLED_TERM_PROJECTION_REQUIRES_CLAIM_POLARITY_REVIEW,SRC_204_sourceTheorem,bedrock_kb=true;citation=true;external_knowledge=true;generation=true;metadata_filter=true;rerank=true;retrieval=true;retrieve_and_generate=true,,PROVED_SOURCE_SUMMARY_ENTAILS_GUIDE_FORMULA,MODEL_PROVED,literature_SENT_0317,INCONCLUSIVE_REQUIRES_BILINGUAL_DOMAIN_REVIEW,INCONCLUSIVE,Lean checks the positive propositional derivation under source-summary premises,Conditional proof only: source-summary formula truth and NL-to-formula adequacy are separate obligations.
SENT-0318,FILE-INTRO,docs/10.AWSで設計・実装する/10.4.Evidence Setを作り回答する.md,63,RetrieveAndGenerateのSession IDは会話継続に使いますが、Authorization境界には使いません。,official_product_contract,NOT,"NOT(AND(AND(AND(ATOM(retrieval=true), ATOM(generation=true)), ATOM(authorization=true)), ATOM(retrieve_and_generate=true)))",authorization=true;generation=true;retrieval=true;retrieve_and_generate=true,SRC-178;SRC-204,https://docs.aws.amazon.com/bedrock/latest/APIReference/API_agent-runtime_RetrieveAndGenerate.html;https://docs.aws.amazon.com/bedrock/latest/userguide/kb-test-config.html,same_file_candidate,CANDIDATE_REQUIRES_DOMAIN_REVIEW,CONTROLLED_TERM_PROJECTION_REQUIRES_CLAIM_POLARITY_REVIEW,SRC_178_sourceTheorem;SRC_204_sourceTheorem,bedrock_kb=true;citation=true;external_knowledge=true;generation=true;metadata_filter=true;rerank=true;retrieval=true;retrieve_and_generate=true,authorization=true,INCONCLUSIVE_RELATION_NOT_SUPPORTED_BY_POSITIVE_SOURCE_FACTS,INCONCLUSIVE,,INCONCLUSIVE_REQUIRES_BILINGUAL_DOMAIN_REVIEW,INCONCLUSIVE,implication/negation requires a relation-preserving source formalization,Conditional proof only: source-summary formula truth and NL-to-formula adequacy are separate obligations.
SENT-0321,FILE-INTRO,docs/10.AWSで設計・実装する/10.4.Evidence Setを作り回答する.md,65,途中結果を業務処理へ使わず、回答とCitationが確定した状態をUIで区別します。,general_technical_claim,AND,"AND(AND(ATOM(generation=true), ATOM(citation=true)), ATOM(empirical_result=true))",citation=true;empirical_result=true;generation=true,SRC-178;SRC-204,https://docs.aws.amazon.com/bedrock/latest/APIReference/API_agent-runtime_RetrieveAndGenerate.html;https://docs.aws.amazon.com/bedrock/latest/userguide/kb-test-config.html,same_file_candidate,CANDIDATE_REQUIRES_DOMAIN_REVIEW,CONTROLLED_TERM_PROJECTION_REQUIRES_CLAIM_POLARITY_REVIEW,SRC_178_sourceTheorem;SRC_204_sourceTheorem,bedrock_kb=true;citation=true;external_knowledge=true;generation=true;metadata_filter=true;rerank=true;retrieval=true;retrieve_and_generate=true,empirical_result=true,INCONCLUSIVE_UNSUPPORTED_ATOMS,INCONCLUSIVE,,INCONCLUSIVE_REQUIRES_BILINGUAL_DOMAIN_REVIEW,INCONCLUSIVE,guide formula contains atoms absent from the selected source summaries,Conditional proof only: source-summary formula truth and NL-to-formula adequacy are separate obligations.
SENT-0324,FILE-INTRO,docs/10.AWSで設計・実装する/10.4.Evidence Setを作り回答する.md,71,Guardrailsは、Knowledge Basesが取得したReference本文そのもの、Document ACL、Sourceの正しさ、Citation correctnessを保証しません。,official_product_contract,NOT,"NOT(AND(AND(AND(AND(AND(ATOM(retrieval=true), ATOM(external_knowledge=true)), ATOM(citation=true)), ATOM(authorization=true)), ATOM(bedrock_kb=true)), ATOM(guardrails=true)))",authorization=true;bedrock_kb=true;citation=true;external_knowledge=true;guardrails=true;retrieval=true,SRC-204,https://docs.aws.amazon.com/bedrock/latest/userguide/kb-test-config.html,existing_direct_paragraph_or_technology_mapping,EXISTING_MAPPING_REQUIRES_SEMANTIC_REVIEW,CONTROLLED_TERM_PROJECTION_REQUIRES_CLAIM_POLARITY_REVIEW,SRC_204_sourceTheorem,bedrock_kb=true;citation=true;external_knowledge=true;generation=true;metadata_filter=true;rerank=true;retrieval=true;retrieve_and_generate=true,authorization=true;guardrails=true,INCONCLUSIVE_RELATION_NOT_SUPPORTED_BY_POSITIVE_SOURCE_FACTS,INCONCLUSIVE,,INCONCLUSIVE_REQUIRES_BILINGUAL_DOMAIN_REVIEW,INCONCLUSIVE,implication/negation requires a relation-preserving source formalization,Conditional proof only: source-summary formula truth and NL-to-formula adequacy are separate obligations.
SENT-0326,FILE-INTRO,docs/10.AWSで設計・実装する/10.4.Evidence Setを作り回答する.md,71,Guardrailsの仕組みとKnowledge Base retrieval configurationを参照します（確認日：2026年8月22日）。,externally_cited_claim,AND,"AND(AND(AND(ATOM(retrieval=true), ATOM(external_knowledge=true)), ATOM(bedrock_kb=true)), ATOM(guardrails=true))",bedrock_kb=true;external_knowledge=true;guardrails=true;retrieval=true,SRC-204,https://docs.aws.amazon.com/bedrock/latest/userguide/kb-test-config.html,existing_direct_paragraph_or_technology_mapping,EXISTING_MAPPING_REQUIRES_SEMANTIC_REVIEW,CONTROLLED_TERM_PROJECTION_REQUIRES_CLAIM_POLARITY_REVIEW,SRC_204_sourceTheorem,bedrock_kb=true;citation=true;external_knowledge=true;generation=true;metadata_filter=true;rerank=true;retrieval=true;retrieve_and_generate=true,guardrails=true,INCONCLUSIVE_UNSUPPORTED_ATOMS,INCONCLUSIVE,,INCONCLUSIVE_REQUIRES_BILINGUAL_DOMAIN_REVIEW,INCONCLUSIVE,guide formula contains atoms absent from the selected source summaries,Conditional proof only: source-summary formula truth and NL-to-formula adequacy are separate obligations.
SENT-0332,FILE-INTRO,docs/10.AWSで設計・実装する/10.4.Evidence Setを作り回答する.md,80,Citationが主要Claimを支えない,general_technical_claim,NOT,NOT(ATOM(citation=true)),citation=true,SRC-178;SRC-204,https://docs.aws.amazon.com/bedrock/latest/APIReference/API_agent-runtime_RetrieveAndGenerate.html;https://docs.aws.amazon.com/bedrock/latest/userguide/kb-test-config.html,same_file_candidate,CANDIDATE_REQUIRES_DOMAIN_REVIEW,CONTROLLED_TERM_PROJECTION_REQUIRES_CLAIM_POLARITY_REVIEW,SRC_178_sourceTheorem;SRC_204_sourceTheorem,bedrock_kb=true;citation=true;external_knowledge=true;generation=true;metadata_filter=true;rerank=true;retrieval=true;retrieve_and_generate=true,,INCONCLUSIVE_RELATION_NOT_SUPPORTED_BY_POSITIVE_SOURCE_FACTS,INCONCLUSIVE,,INCONCLUSIVE_REQUIRES_BILINGUAL_DOMAIN_REVIEW,INCONCLUSIVE,implication/negation requires a relation-preserving source formalization,Conditional proof only: source-summary formula truth and NL-to-formula adequacy are separate obligations.
SENT-0337,FILE-INTRO,docs/10.AWSで設計・実装する/10.4.Evidence Setを作り回答する.md,84,Claim-level Verification、Citation再検証、Human reviewへのEscalationが必要なら、生成前後にアプリケーション処理を追加します。,general_technical_claim,IMPLIES,"IMP(AND(ATOM(citation=true), ATOM(verification=true)), ATOM(generation=true))",citation=true;generation=true;verification=true,SRC-178;SRC-204,https://docs.aws.amazon.com/bedrock/latest/APIReference/API_agent-runtime_RetrieveAndGenerate.html;https://docs.aws.amazon.com/bedrock/latest/userguide/kb-test-config.html,same_file_candidate,CANDIDATE_REQUIRES_DOMAIN_REVIEW,CONTROLLED_TERM_PROJECTION_REQUIRES_CLAIM_POLARITY_REVIEW,SRC_178_sourceTheorem;SRC_204_sourceTheorem,bedrock_kb=true;citation=true;external_knowledge=true;generation=true;metadata_filter=true;rerank=true;retrieval=true;retrieve_and_generate=true,verification=true,INCONCLUSIVE_RELATION_NOT_SUPPORTED_BY_POSITIVE_SOURCE_FACTS,INCONCLUSIVE,,INCONCLUSIVE_REQUIRES_BILINGUAL_DOMAIN_REVIEW,INCONCLUSIVE,implication/negation requires a relation-preserving source formalization,Conditional proof only: source-summary formula truth and NL-to-formula adequacy are separate obligations.
SENT-0347,FILE-INTRO,docs/10.AWSで設計・実装する/10.5.RAGアプリケーションとAgentCoreを選ぶ.md,19,通常構成でも、認証、Metadata Filter、Evidence Set、Model呼び出し、回答保留、監視は必要です。,general_technical_claim,AND,"AND(AND(ATOM(generation=true), ATOM(evidence_support=true)), ATOM(metadata_filter=true))",evidence_support=true;generation=true;metadata_filter=true,SRC-204;SRC-063;SRC-065;SRC-178;SRC-179,https://docs.aws.amazon.com/bedrock/latest/userguide/kb-test-config.html;https://arxiv.org/abs/2303.07678;https://arxiv.org/abs/2212.10496;https://docs.aws.amazon.com/bedrock/latest/APIReference/API_agent-runtime_RetrieveAndGenerate.html;https://docs.aws.amazon.com/AmazonS3/latest/userguide/s3-vectors-bedrock-kb.html,same_chapter_candidate,CANDIDATE_REQUIRES_DOMAIN_REVIEW,CONTROLLED_TERM_PROJECTION_REQUIRES_CLAIM_POLARITY_REVIEW,SRC_204_sourceTheorem;SRC_063_sourceTheorem;SRC_065_sourceTheorem;SRC_178_sourceTheorem;SRC_179_sourceTheorem,bedrock_kb=true;citation=true;dense=true;empirical_result=true;external_knowledge=true;generated_query_representation=true;generation=true;hard_constraints_preserved=true;length_normalization=true;metadata_filter=true;original_query_retained=true;rerank=true;retrieval=true;retrieve_and_generate=true;s3_vectors=true;tf_saturation=true;verification=true,evidence_support=true,INCONCLUSIVE_UNSUPPORTED_ATOMS,INCONCLUSIVE,,INCONCLUSIVE_REQUIRES_BILINGUAL_DOMAIN_REVIEW,INCONCLUSIVE,guide formula contains atoms absent from the selected source summaries,Conditional proof only: source-summary formula truth and NL-to-formula adequacy are separate obligations.
SENT-0360,FILE-INTRO,docs/10.AWSで設計・実装する/10.5.RAGアプリケーションとAgentCoreを選ぶ.md,35,Amazon Bedrock AgentCore、Runtime、Gateway、Policyを参照します（確認日：2026年8月22日）。,externally_cited_claim,ATOM,ATOM(bedrock_kb=true),bedrock_kb=true,SRC-178;SRC-179;SRC-180;SRC-184;SRC-185,https://docs.aws.amazon.com/bedrock/latest/APIReference/API_agent-runtime_RetrieveAndGenerate.html;https://docs.aws.amazon.com/AmazonS3/latest/userguide/s3-vectors-bedrock-kb.html;https://docs.aws.amazon.com/bedrock/latest/userguide/knowledge-base-supported.html;https://docs.aws.amazon.com/bedrock/latest/userguide/kb-advanced-parsing.html;https://docs.aws.amazon.com/bedrock/latest/userguide/kb-custom-transformation.html,same_chapter_candidate,CANDIDATE_REQUIRES_DOMAIN_REVIEW,CURATED_OFFICIAL_SPEC_PROJECTION,SRC_178_sourceTheorem;SRC_179_sourceTheorem;SRC_180_sourceTheorem;SRC_184_sourceTheorem;SRC_185_sourceTheorem,bedrock_kb=true;chunking=true;citation=true;dense=true;dimension_contract=true;embedding_model=true;external_knowledge=true;generation=true;layout=true;metadata_filter=true;ocr=true;parsing=true;retrieval=true;retrieve_and_generate=true;s3_vectors=true,,PROVED_SOURCE_SUMMARY_ENTAILS_GUIDE_FORMULA,MODEL_PROVED,literature_SENT_0360,INCONCLUSIVE_REQUIRES_BILINGUAL_DOMAIN_REVIEW,INCONCLUSIVE,Lean checks the positive propositional derivation under source-summary premises,Conditional proof only: source-summary formula truth and NL-to-formula adequacy are separate obligations.
SENT-0368,FILE-INTRO,docs/10.AWSで設計・実装する/10.5.RAGアプリケーションとAgentCoreを選ぶ.md,47,Memory terminologyを参照します（確認日：2026年8月22日）。,externally_cited_claim,UNFORMALIZED,UNFORMALIZED,,SRC-063;SRC-064;SRC-065;SRC-178;SRC-179,https://arxiv.org/abs/2303.07678;https://dl.acm.org/doi/10.1145/1571941.1572114;https://arxiv.org/abs/2212.10496;https://docs.aws.amazon.com/bedrock/latest/APIReference/API_agent-runtime_RetrieveAndGenerate.html;https://docs.aws.amazon.com/AmazonS3/latest/userguide/s3-vectors-bedrock-kb.html,same_chapter_candidate,CANDIDATE_REQUIRES_DOMAIN_REVIEW,CONTROLLED_TERM_PROJECTION_REQUIRES_CLAIM_POLARITY_REVIEW,SRC_063_sourceTheorem;SRC_064_sourceTheorem;SRC_065_sourceTheorem;SRC_178_sourceTheorem;SRC_179_sourceTheorem,bedrock_kb=true;candidate_ids_stable=true;citation=true;dense=true;empirical_result=true;external_knowledge=true;generated_query_representation=true;generation=true;hard_constraints_preserved=true;k_positive=true;length_normalization=true;metadata_filter=true;original_query_retained=true;ranks_only=true;retrieval=true;retrieve_and_generate=true;s3_vectors=true;tf_saturation=true;verification=true,,INCONCLUSIVE_UNFORMALIZED_SENTENCE,INCONCLUSIVE,,INCONCLUSIVE_REQUIRES_BILINGUAL_DOMAIN_REVIEW,INCONCLUSIVE,no controlled semantic atom recognized,Conditional proof only: source-summary formula truth and NL-to-formula adequacy are separate obligations.
SENT-0377,FILE-INTRO,docs/10.AWSで設計・実装する/10.5.RAGアプリケーションとAgentCoreを選ぶ.md,61,これらがなければ、AgentCoreを追加しても検索品質そのものは改善しません。,empirical_or_research_claim,NOT,"NOT(AND(ATOM(retrieval=true), ATOM(empirical_result=true)))",empirical_result=true;retrieval=true,SRC-063;SRC-065;SRC-064;SRC-178;SRC-179,https://arxiv.org/abs/2303.07678;https://arxiv.org/abs/2212.10496;https://dl.acm.org/doi/10.1145/1571941.1572114;https://docs.aws.amazon.com/bedrock/latest/APIReference/API_agent-runtime_RetrieveAndGenerate.html;https://docs.aws.amazon.com/AmazonS3/latest/userguide/s3-vectors-bedrock-kb.html,same_chapter_candidate,CANDIDATE_REQUIRES_DOMAIN_REVIEW,CONTROLLED_TERM_PROJECTION_REQUIRES_CLAIM_POLARITY_REVIEW,SRC_063_sourceTheorem;SRC_065_sourceTheorem;SRC_064_sourceTheorem;SRC_178_sourceTheorem;SRC_179_sourceTheorem,bedrock_kb=true;candidate_ids_stable=true;citation=true;dense=true;empirical_result=true;external_knowledge=true;generated_query_representation=true;generation=true;hard_constraints_preserved=true;k_positive=true;length_normalization=true;metadata_filter=true;original_query_retained=true;ranks_only=true;retrieval=true;retrieve_and_generate=true;s3_vectors=true;tf_saturation=true;verification=true,,INCONCLUSIVE_RELATION_NOT_SUPPORTED_BY_POSITIVE_SOURCE_FACTS,INCONCLUSIVE,,INCONCLUSIVE_REQUIRES_BILINGUAL_DOMAIN_REVIEW,INCONCLUSIVE,implication/negation requires a relation-preserving source formalization,Conditional proof only: source-summary formula truth and NL-to-formula adequacy are separate obligations.
SENT-0379,FILE-INTRO,docs/10.AWSで設計・実装する/10.5.RAGアプリケーションとAgentCoreを選ぶ.md,63,Managed Knowledge Baseのagentic retrievalだけが必要なら、通常アプリケーションからAgenticRetrieveStreamを呼ぶ構成も比較します。,official_product_contract,IMPLIES,"IMP(AND(AND(ATOM(retrieval=true), ATOM(external_knowledge=true)), ATOM(bedrock_kb=true)), ATOM(retrieval=true))",bedrock_kb=true;external_knowledge=true;retrieval=true,SRC-179;SRC-196;SRC-197;SRC-198;SRC-200,https://docs.aws.amazon.com/AmazonS3/latest/userguide/s3-vectors-bedrock-kb.html;https://docs.aws.amazon.com/bedrock/latest/userguide/knowledge-base.html;https://docs.aws.amazon.com/bedrock/latest/userguide/knowledge-base-setup.html;https://docs.aws.amazon.com/bedrock/latest/APIReference/API_agent-runtime_AgenticRetrieveStream.html;https://docs.aws.amazon.com/bedrock/latest/userguide/s3-data-source-connector.html,same_chapter_candidate,CANDIDATE_REQUIRES_DOMAIN_REVIEW,CONTROLLED_TERM_PROJECTION_REQUIRES_CLAIM_POLARITY_REVIEW,SRC_179_sourceTheorem;SRC_196_sourceTheorem;SRC_197_sourceTheorem;SRC_198_sourceTheorem;SRC_200_sourceTheorem,aurora_pg=true;authorization=true;bedrock_kb=true;citation=true;dense=true;dimension_contract=true;embedding_model=true;external_knowledge=true;generation=true;guardrails=true;metadata_filter=true;multimodal=true;opensearch=true;rag=true;rerank=true;retrieval=true;s3_vectors=true;verification=true,,INCONCLUSIVE_RELATION_NOT_SUPPORTED_BY_POSITIVE_SOURCE_FACTS,INCONCLUSIVE,,INCONCLUSIVE_REQUIRES_BILINGUAL_DOMAIN_REVIEW,INCONCLUSIVE,implication/negation requires a relation-preserving source formalization,Conditional proof only: source-summary formula truth and NL-to-formula adequacy are separate obligations.
SENT-0382,FILE-INTRO,docs/10.AWSで設計・実装する/10.5.RAGアプリケーションとAgentCoreを選ぶ.md,63,Managed KB Gateway connectorを参照します（確認日：2026年8月22日）。,externally_cited_claim,UNFORMALIZED,UNFORMALIZED,,SRC-063;SRC-064;SRC-065;SRC-178;SRC-179,https://arxiv.org/abs/2303.07678;https://dl.acm.org/doi/10.1145/1571941.1572114;https://arxiv.org/abs/2212.10496;https://docs.aws.amazon.com/bedrock/latest/APIReference/API_agent-runtime_RetrieveAndGenerate.html;https://docs.aws.amazon.com/AmazonS3/latest/userguide/s3-vectors-bedrock-kb.html,same_chapter_candidate,CANDIDATE_REQUIRES_DOMAIN_REVIEW,CONTROLLED_TERM_PROJECTION_REQUIRES_CLAIM_POLARITY_REVIEW,SRC_063_sourceTheorem;SRC_064_sourceTheorem;SRC_065_sourceTheorem;SRC_178_sourceTheorem;SRC_179_sourceTheorem,bedrock_kb=true;candidate_ids_stable=true;citation=true;dense=true;empirical_result=true;external_knowledge=true;generated_query_representation=true;generation=true;hard_constraints_preserved=true;k_positive=true;length_normalization=true;metadata_filter=true;original_query_retained=true;ranks_only=true;retrieval=true;retrieve_and_generate=true;s3_vectors=true;tf_saturation=true;verification=true,,INCONCLUSIVE_UNFORMALIZED_SENTENCE,INCONCLUSIVE,,INCONCLUSIVE_REQUIRES_BILINGUAL_DOMAIN_REVIEW,INCONCLUSIVE,no controlled semantic atom recognized,Conditional proof only: source-summary formula truth and NL-to-formula adequacy are separate obligations.
SENT-0388,FILE-INTRO,docs/10.AWSで設計・実装する/10.6.安全に運用し変更する.md,14,検索基盤のData plane：OpenSearch ServerlessではIAMに加えてData Access Policyを設定します。,official_product_contract,AND,"AND(ATOM(retrieval=true), ATOM(opensearch=true))",opensearch=true;retrieval=true,SRC-197;SRC-063;SRC-065;SRC-178;SRC-179,https://docs.aws.amazon.com/bedrock/latest/userguide/knowledge-base-setup.html;https://arxiv.org/abs/2303.07678;https://arxiv.org/abs/2212.10496;https://docs.aws.amazon.com/bedrock/latest/APIReference/API_agent-runtime_RetrieveAndGenerate.html;https://docs.aws.amazon.com/AmazonS3/latest/userguide/s3-vectors-bedrock-kb.html,same_chapter_candidate,CANDIDATE_REQUIRES_DOMAIN_REVIEW,CONTROLLED_TERM_PROJECTION_REQUIRES_CLAIM_POLARITY_REVIEW,SRC_197_sourceTheorem;SRC_063_sourceTheorem;SRC_065_sourceTheorem;SRC_178_sourceTheorem;SRC_179_sourceTheorem,aurora_pg=true;bedrock_kb=true;citation=true;dense=true;dimension_contract=true;embedding_model=true;empirical_result=true;external_knowledge=true;generated_query_representation=true;generation=true;hard_constraints_preserved=true;length_normalization=true;metadata_filter=true;opensearch=true;original_query_retained=true;retrieval=true;retrieve_and_generate=true;s3_vectors=true;tf_saturation=true;verification=true,,PROVED_SOURCE_SUMMARY_ENTAILS_GUIDE_FORMULA,MODEL_PROVED,literature_SENT_0388,INCONCLUSIVE_REQUIRES_BILINGUAL_DOMAIN_REVIEW,INCONCLUSIVE,Lean checks the positive propositional derivation under source-summary premises,Conditional proof only: source-summary formula truth and NL-to-formula adequacy are separate obligations.
SENT-0389,FILE-INTRO,docs/10.AWSで設計・実装する/10.6.安全に運用し変更する.md,15,文書単位の絞り込み：認証済みClaimからMetadata FilterまたはACL userContextを構築します。,general_technical_claim,OR,"OR(ATOM(metadata_filter=true), ATOM(authorization=true))",authorization=true;metadata_filter=true,SRC-179;SRC-189;SRC-196;SRC-197;SRC-198,https://docs.aws.amazon.com/AmazonS3/latest/userguide/s3-vectors-bedrock-kb.html;https://docs.aws.amazon.com/AmazonS3/latest/userguide/s3-vectors-metadata-filtering.html;https://docs.aws.amazon.com/bedrock/latest/userguide/knowledge-base.html;https://docs.aws.amazon.com/bedrock/latest/userguide/knowledge-base-setup.html;https://docs.aws.amazon.com/bedrock/latest/APIReference/API_agent-runtime_AgenticRetrieveStream.html,same_chapter_candidate,CANDIDATE_REQUIRES_DOMAIN_REVIEW,CONTROLLED_TERM_PROJECTION_REQUIRES_CLAIM_POLARITY_REVIEW,SRC_179_sourceTheorem;SRC_189_sourceTheorem;SRC_196_sourceTheorem;SRC_197_sourceTheorem;SRC_198_sourceTheorem,aurora_pg=true;authorization=true;bedrock_kb=true;citation=true;dense=true;dimension_contract=true;embedding_model=true;external_knowledge=true;generation=true;guardrails=true;metadata_filter=true;multimodal=true;opensearch=true;rag=true;rerank=true;retrieval=true;s3_vectors=true;verification=true,,PROVED_SOURCE_SUMMARY_ENTAILS_GUIDE_FORMULA,MODEL_PROVED,literature_SENT_0389,INCONCLUSIVE_REQUIRES_BILINGUAL_DOMAIN_REVIEW,INCONCLUSIVE,Lean checks the positive propositional derivation under source-summary premises,Conditional proof only: source-summary formula truth and NL-to-formula adequacy are separate obligations.
SENT-0391,FILE-INTRO,docs/10.AWSで設計・実装する/10.6.安全に運用し変更する.md,18,Managed Knowledge BaseのACL awareness、Metadata Filter、AgentCore Policyは、IAMや利用者認証の代替ではありません。,general_technical_claim,NOT,"NOT(AND(AND(AND(ATOM(external_knowledge=true), ATOM(authorization=true)), ATOM(bedrock_kb=true)), ATOM(metadata_filter=true)))",authorization=true;bedrock_kb=true;external_knowledge=true;metadata_filter=true,SRC-192,https://docs.aws.amazon.com/bedrock/latest/userguide/evaluation-kb.html,same_file_candidate,CANDIDATE_REQUIRES_DOMAIN_REVIEW,CURATED_OFFICIAL_SPEC_PROJECTION,SRC_192_sourceTheorem,bedrock_kb=true;evaluation=true;rag=true,authorization=true;external_knowledge=true;metadata_filter=true,INCONCLUSIVE_RELATION_NOT_SUPPORTED_BY_POSITIVE_SOURCE_FACTS,INCONCLUSIVE,,INCONCLUSIVE_REQUIRES_BILINGUAL_DOMAIN_REVIEW,INCONCLUSIVE,implication/negation requires a relation-preserving source formalization,Conditional proof only: source-summary formula truth and NL-to-formula adequacy are separate obligations.
SENT-0393,FILE-INTRO,docs/10.AWSで設計・実装する/10.6.安全に運用し変更する.md,18,Knowledge BasesのService role、Managed KB permissions、Runtime security best practicesを参照します（確認日：2026年8月22日）。,externally_cited_claim,AND,"AND(AND(ATOM(external_knowledge=true), ATOM(security=true)), ATOM(bedrock_kb=true))",bedrock_kb=true;external_knowledge=true;security=true,SRC-192,https://docs.aws.amazon.com/bedrock/latest/userguide/evaluation-kb.html,same_file_candidate,CANDIDATE_REQUIRES_DOMAIN_REVIEW,CURATED_OFFICIAL_SPEC_PROJECTION,SRC_192_sourceTheorem,bedrock_kb=true;evaluation=true;rag=true,external_knowledge=true;security=true,INCONCLUSIVE_UNSUPPORTED_ATOMS,INCONCLUSIVE,,INCONCLUSIVE_REQUIRES_BILINGUAL_DOMAIN_REVIEW,INCONCLUSIVE,guide formula contains atoms absent from the selected source summaries,Conditional proof only: source-summary formula truth and NL-to-formula adequacy are separate obligations.
SENT-0398,FILE-INTRO,docs/10.AWSで設計・実装する/10.6.安全に運用し変更する.md,24,Knowledge BasesのData encryptionとOpenSearch Serverless Encryption policiesを参照します（確認日：2026年8月22日）。,externally_cited_claim,AND,"AND(AND(ATOM(external_knowledge=true), ATOM(bedrock_kb=true)), ATOM(opensearch=true))",bedrock_kb=true;external_knowledge=true;opensearch=true,SRC-192,https://docs.aws.amazon.com/bedrock/latest/userguide/evaluation-kb.html,same_file_candidate,CANDIDATE_REQUIRES_DOMAIN_REVIEW,CURATED_OFFICIAL_SPEC_PROJECTION,SRC_192_sourceTheorem,bedrock_kb=true;evaluation=true;rag=true,external_knowledge=true;opensearch=true,INCONCLUSIVE_UNSUPPORTED_ATOMS,INCONCLUSIVE,,INCONCLUSIVE_REQUIRES_BILINGUAL_DOMAIN_REVIEW,INCONCLUSIVE,guide formula contains atoms absent from the selected source summaries,Conditional proof only: source-summary formula truth and NL-to-formula adequacy are separate obligations.
SENT-0402,FILE-INTRO,docs/10.AWSで設計・実装する/10.6.安全に運用し変更する.md,32,生成：Evidence版、Prompt、Model、Guardrail、Citation、回答保留理由,general_technical_claim,AND,"AND(AND(AND(ATOM(generation=true), ATOM(citation=true)), ATOM(evidence_support=true)), ATOM(guardrails=true))",citation=true;evidence_support=true;generation=true;guardrails=true,SRC-198;SRC-178;SRC-196;SRC-204;SRC-063,https://docs.aws.amazon.com/bedrock/latest/APIReference/API_agent-runtime_AgenticRetrieveStream.html;https://docs.aws.amazon.com/bedrock/latest/APIReference/API_agent-runtime_RetrieveAndGenerate.html;https://docs.aws.amazon.com/bedrock/latest/userguide/knowledge-base.html;https://docs.aws.amazon.com/bedrock/latest/userguide/kb-test-config.html;https://arxiv.org/abs/2303.07678,same_chapter_candidate,CANDIDATE_REQUIRES_DOMAIN_REVIEW,CONTROLLED_TERM_PROJECTION_REQUIRES_CLAIM_POLARITY_REVIEW,SRC_198_sourceTheorem;SRC_178_sourceTheorem;SRC_196_sourceTheorem;SRC_204_sourceTheorem;SRC_063_sourceTheorem,authorization=true;bedrock_kb=true;citation=true;dense=true;empirical_result=true;external_knowledge=true;generated_query_representation=true;generation=true;guardrails=true;length_normalization=true;metadata_filter=true;multimodal=true;original_query_retained=true;rag=true;rerank=true;retrieval=true;retrieve_and_generate=true;tf_saturation=true;verification=true,evidence_support=true,INCONCLUSIVE_UNSUPPORTED_ATOMS,INCONCLUSIVE,,INCONCLUSIVE_REQUIRES_BILINGUAL_DOMAIN_REVIEW,INCONCLUSIVE,guide formula contains atoms absent from the selected source summaries,Conditional proof only: source-summary formula truth and NL-to-formula adequacy are separate obligations.
SENT-0407,FILE-INTRO,docs/10.AWSで設計・実装する/10.6.安全に運用し変更する.md,36,Managed KB observability、Runtime CloudWatch metrics、Model invocation logging、AgentCore Observabilityを参照します（確認日：2026年8月22日）。,externally_cited_claim,UNFORMALIZED,UNFORMALIZED,,SRC-063;SRC-064;SRC-065;SRC-178;SRC-179,https://arxiv.org/abs/2303.07678;https://dl.acm.org/doi/10.1145/1571941.1572114;https://arxiv.org/abs/2212.10496;https://docs.aws.amazon.com/bedrock/latest/APIReference/API_agent-runtime_RetrieveAndGenerate.html;https://docs.aws.amazon.com/AmazonS3/latest/userguide/s3-vectors-bedrock-kb.html,same_chapter_candidate,CANDIDATE_REQUIRES_DOMAIN_REVIEW,CONTROLLED_TERM_PROJECTION_REQUIRES_CLAIM_POLARITY_REVIEW,SRC_063_sourceTheorem;SRC_064_sourceTheorem;SRC_065_sourceTheorem;SRC_178_sourceTheorem;SRC_179_sourceTheorem,bedrock_kb=true;candidate_ids_stable=true;citation=true;dense=true;empirical_result=true;external_knowledge=true;generated_query_representation=true;generation=true;hard_constraints_preserved=true;k_positive=true;length_normalization=true;metadata_filter=true;original_query_retained=true;ranks_only=true;retrieval=true;retrieve_and_generate=true;s3_vectors=true;tf_saturation=true;verification=true,,INCONCLUSIVE_UNFORMALIZED_SENTENCE,INCONCLUSIVE,,INCONCLUSIVE_REQUIRES_BILINGUAL_DOMAIN_REVIEW,INCONCLUSIVE,no controlled semantic atom recognized,Conditional proof only: source-summary formula truth and NL-to-formula adequacy are separate obligations.
SENT-0409,FILE-INTRO,docs/10.AWSで設計・実装する/10.6.安全に運用し変更する.md,42,Retrieve-only：Recall@k、MRR、nDCG、Context relevance / coverage、ACL漏えい,general_technical_claim,AND,"AND(AND(AND(ATOM(retrieval=true), ATOM(recall_metric=true)), ATOM(ranking_metric=true)), ATOM(authorization=true))",authorization=true;ranking_metric=true;recall_metric=true;retrieval=true,SRC-196;SRC-198;SRC-063;SRC-065;SRC-178,https://docs.aws.amazon.com/bedrock/latest/userguide/knowledge-base.html;https://docs.aws.amazon.com/bedrock/latest/APIReference/API_agent-runtime_AgenticRetrieveStream.html;https://arxiv.org/abs/2303.07678;https://arxiv.org/abs/2212.10496;https://docs.aws.amazon.com/bedrock/latest/APIReference/API_agent-runtime_RetrieveAndGenerate.html,same_chapter_candidate,CANDIDATE_REQUIRES_DOMAIN_REVIEW,CONTROLLED_TERM_PROJECTION_REQUIRES_CLAIM_POLARITY_REVIEW,SRC_196_sourceTheorem;SRC_198_sourceTheorem;SRC_063_sourceTheorem;SRC_065_sourceTheorem;SRC_178_sourceTheorem,authorization=true;bedrock_kb=true;citation=true;dense=true;empirical_result=true;external_knowledge=true;generated_query_representation=true;generation=true;guardrails=true;hard_constraints_preserved=true;length_normalization=true;multimodal=true;original_query_retained=true;rag=true;rerank=true;retrieval=true;retrieve_and_generate=true;tf_saturation=true;verification=true,ranking_metric=true;recall_metric=true,INCONCLUSIVE_UNSUPPORTED_ATOMS,INCONCLUSIVE,,INCONCLUSIVE_REQUIRES_BILINGUAL_DOMAIN_REVIEW,INCONCLUSIVE,guide formula contains atoms absent from the selected source summaries,Conditional proof only: source-summary formula truth and NL-to-formula adequacy are separate obligations.
SENT-0411,FILE-INTRO,docs/10.AWSで設計・実装する/10.6.安全に運用し変更する.md,44,Generation：Correctness、Completeness、Faithfulness、Citation precision / coverage、回答保留,general_technical_claim,AND,"AND(ATOM(generation=true), ATOM(citation=true))",citation=true;generation=true,SRC-178;SRC-196;SRC-198;SRC-204;SRC-063,https://docs.aws.amazon.com/bedrock/latest/APIReference/API_agent-runtime_RetrieveAndGenerate.html;https://docs.aws.amazon.com/bedrock/latest/userguide/knowledge-base.html;https://docs.aws.amazon.com/bedrock/latest/APIReference/API_agent-runtime_AgenticRetrieveStream.html;https://docs.aws.amazon.com/bedrock/latest/userguide/kb-test-config.html;https://arxiv.org/abs/2303.07678,same_chapter_candidate,CANDIDATE_REQUIRES_DOMAIN_REVIEW,CONTROLLED_TERM_PROJECTION_REQUIRES_CLAIM_POLARITY_REVIEW,SRC_178_sourceTheorem;SRC_196_sourceTheorem;SRC_198_sourceTheorem;SRC_204_sourceTheorem;SRC_063_sourceTheorem,authorization=true;bedrock_kb=true;citation=true;dense=true;empirical_result=true;external_knowledge=true;generated_query_representation=true;generation=true;guardrails=true;length_normalization=true;metadata_filter=true;multimodal=true;original_query_retained=true;rag=true;rerank=true;retrieval=true;retrieve_and_generate=true;tf_saturation=true;verification=true,,PROVED_SOURCE_SUMMARY_ENTAILS_GUIDE_FORMULA,MODEL_PROVED,literature_SENT_0411,INCONCLUSIVE_REQUIRES_BILINGUAL_DOMAIN_REVIEW,INCONCLUSIVE,Lean checks the positive propositional derivation under source-summary premises,Conditional proof only: source-summary formula truth and NL-to-formula adequacy are separate obligations.
SENT-0416,FILE-INTRO,docs/10.AWSで設計・実装する/10.6.安全に運用し変更する.md,48,Knowledge Bases evaluation、Retrieve evaluation metrics、AgentCore Evaluationsを参照します（確認日：2026年8月22日）。,externally_cited_claim,AND,"AND(AND(ATOM(retrieval=true), ATOM(external_knowledge=true)), ATOM(bedrock_kb=true))",bedrock_kb=true;external_knowledge=true;retrieval=true,SRC-192,https://docs.aws.amazon.com/bedrock/latest/userguide/evaluation-kb.html,existing_direct_paragraph_or_technology_mapping,EXISTING_MAPPING_REQUIRES_SEMANTIC_REVIEW,CURATED_OFFICIAL_SPEC_PROJECTION,SRC_192_sourceTheorem,bedrock_kb=true;evaluation=true;rag=true,external_knowledge=true;retrieval=true,INCONCLUSIVE_UNSUPPORTED_ATOMS,INCONCLUSIVE,,INCONCLUSIVE_REQUIRES_BILINGUAL_DOMAIN_REVIEW,INCONCLUSIVE,guide formula contains atoms absent from the selected source summaries,Conditional proof only: source-summary formula truth and NL-to-formula adequacy are separate obligations.
SENT-0419,FILE-INTRO,docs/10.AWSで設計・実装する/10.6.安全に運用し変更する.md,56,| Parser・Chunk・Embedding | 再取り込み、再Embedding、新Index | Recall、Citation粒度、容量、Latency |,general_technical_claim,AND,"AND(AND(AND(AND(ATOM(recall_latency_tradeoff=true), ATOM(citation=true)), ATOM(recall_metric=true)), ATOM(latency=true)), ATOM(parsing=true))",citation=true;latency=true;parsing=true;recall_latency_tradeoff=true;recall_metric=true,SRC-178;SRC-184;SRC-185;SRC-196;SRC-198,https://docs.aws.amazon.com/bedrock/latest/APIReference/API_agent-runtime_RetrieveAndGenerate.html;https://docs.aws.amazon.com/bedrock/latest/userguide/kb-advanced-parsing.html;https://docs.aws.amazon.com/bedrock/latest/userguide/kb-custom-transformation.html;https://docs.aws.amazon.com/bedrock/latest/userguide/knowledge-base.html;https://docs.aws.amazon.com/bedrock/latest/APIReference/API_agent-runtime_AgenticRetrieveStream.html,same_chapter_candidate,CANDIDATE_REQUIRES_DOMAIN_REVIEW,CONTROLLED_TERM_PROJECTION_REQUIRES_CLAIM_POLARITY_REVIEW,SRC_178_sourceTheorem;SRC_184_sourceTheorem;SRC_185_sourceTheorem;SRC_196_sourceTheorem;SRC_198_sourceTheorem,authorization=true;bedrock_kb=true;chunking=true;citation=true;external_knowledge=true;generation=true;guardrails=true;layout=true;multimodal=true;ocr=true;parsing=true;rag=true;rerank=true;retrieval=true;retrieve_and_generate=true;verification=true,latency=true;recall_latency_tradeoff=true;recall_metric=true,INCONCLUSIVE_UNSUPPORTED_ATOMS,INCONCLUSIVE,,INCONCLUSIVE_REQUIRES_BILINGUAL_DOMAIN_REVIEW,INCONCLUSIVE,guide formula contains atoms absent from the selected source summaries,Conditional proof only: source-summary formula truth and NL-to-formula adequacy are separate obligations.
SENT-0421,FILE-INTRO,docs/10.AWSで設計・実装する/10.6.安全に運用し変更する.md,58,| Rerank・Generation・Guardrail | Configuration / Version更新 | nDCG、Faithfulness、Citation、安全性 |,general_technical_claim,AND,"AND(AND(AND(ATOM(rerank=true), ATOM(citation=true)), ATOM(ranking_metric=true)), ATOM(guardrails=true))",citation=true;guardrails=true;ranking_metric=true;rerank=true,SRC-198;SRC-196;SRC-204;SRC-178,https://docs.aws.amazon.com/bedrock/latest/APIReference/API_agent-runtime_AgenticRetrieveStream.html;https://docs.aws.amazon.com/bedrock/latest/userguide/knowledge-base.html;https://docs.aws.amazon.com/bedrock/latest/userguide/kb-test-config.html;https://docs.aws.amazon.com/bedrock/latest/APIReference/API_agent-runtime_RetrieveAndGenerate.html,same_chapter_candidate,CANDIDATE_REQUIRES_DOMAIN_REVIEW,CONTROLLED_TERM_PROJECTION_REQUIRES_CLAIM_POLARITY_REVIEW,SRC_198_sourceTheorem;SRC_196_sourceTheorem;SRC_204_sourceTheorem;SRC_178_sourceTheorem,authorization=true;bedrock_kb=true;citation=true;external_knowledge=true;generation=true;guardrails=true;metadata_filter=true;multimodal=true;rag=true;rerank=true;retrieval=true;retrieve_and_generate=true;verification=true,ranking_metric=true,INCONCLUSIVE_UNSUPPORTED_ATOMS,INCONCLUSIVE,,INCONCLUSIVE_REQUIRES_BILINGUAL_DOMAIN_REVIEW,INCONCLUSIVE,guide formula contains atoms absent from the selected source summaries,Conditional proof only: source-summary formula truth and NL-to-formula adequacy are separate obligations.
SENT-0424,FILE-INTRO,docs/10.AWSで設計・実装する/10.6.安全に運用し変更する.md,63,Managed KBのEmbedding方式、S3 VectorsのDimension・Distance Metric・non-filterable key、OpenSearchのCollection typeや非互換Mappingは、新しいKnowledge BaseまたはIndexを必要とする場合があります。,official_product_contract,UNFORMALIZED,UNFORMALIZED,,SRC-063;SRC-064;SRC-065;SRC-178;SRC-179,https://arxiv.org/abs/2303.07678;https://dl.acm.org/doi/10.1145/1571941.1572114;https://arxiv.org/abs/2212.10496;https://docs.aws.amazon.com/bedrock/latest/APIReference/API_agent-runtime_RetrieveAndGenerate.html;https://docs.aws.amazon.com/AmazonS3/latest/userguide/s3-vectors-bedrock-kb.html,same_chapter_candidate,CANDIDATE_REQUIRES_DOMAIN_REVIEW,CONTROLLED_TERM_PROJECTION_REQUIRES_CLAIM_POLARITY_REVIEW,SRC_063_sourceTheorem;SRC_064_sourceTheorem;SRC_065_sourceTheorem;SRC_178_sourceTheorem;SRC_179_sourceTheorem,bedrock_kb=true;candidate_ids_stable=true;citation=true;dense=true;empirical_result=true;external_knowledge=true;generated_query_representation=true;generation=true;hard_constraints_preserved=true;k_positive=true;length_normalization=true;metadata_filter=true;original_query_retained=true;ranks_only=true;retrieval=true;retrieve_and_generate=true;s3_vectors=true;tf_saturation=true;verification=true,,INCONCLUSIVE_UNFORMALIZED_SENTENCE,INCONCLUSIVE,,INCONCLUSIVE_REQUIRES_BILINGUAL_DOMAIN_REVIEW,INCONCLUSIVE,conditional marker found but antecedent/consequent atoms were incomplete,Conditional proof only: source-summary formula truth and NL-to-formula adequacy are separate obligations.
SENT-0427,FILE-INTRO,docs/10.AWSで設計・実装する/10.6.安全に運用し変更する.md,65,Prompt versionのDeployとGuardrailのVersionを参照します（確認日：2026年8月22日）。,externally_cited_claim,ATOM,ATOM(guardrails=true),guardrails=true,SRC-198,https://docs.aws.amazon.com/bedrock/latest/APIReference/API_agent-runtime_AgenticRetrieveStream.html,same_chapter_candidate,CANDIDATE_REQUIRES_DOMAIN_REVIEW,CONTROLLED_TERM_PROJECTION_REQUIRES_CLAIM_POLARITY_REVIEW,SRC_198_sourceTheorem,authorization=true;bedrock_kb=true;citation=true;external_knowledge=true;generation=true;guardrails=true;rerank=true;retrieval=true;verification=true,,PROVED_SOURCE_SUMMARY_ENTAILS_GUIDE_FORMULA,MODEL_PROVED,literature_SENT_0427,INCONCLUSIVE_REQUIRES_BILINGUAL_DOMAIN_REVIEW,INCONCLUSIVE,Lean checks the positive propositional derivation under source-summary premises,Conditional proof only: source-summary formula truth and NL-to-formula adequacy are separate obligations.
SENT-0430,FILE-INTRO,docs/10.AWSで設計・実装する/10.6.安全に運用し変更する.md,72,| 検索 | Managed KB、S3 Vectors Query、OpenSearch OCU、Rerank候補数 |,official_product_contract,AND,"AND(AND(AND(ATOM(rerank=true), ATOM(retrieval=true)), ATOM(s3_vectors=true)), ATOM(opensearch=true))",opensearch=true;rerank=true;retrieval=true;s3_vectors=true,SRC-197;SRC-179;SRC-196;SRC-198;SRC-204,https://docs.aws.amazon.com/bedrock/latest/userguide/knowledge-base-setup.html;https://docs.aws.amazon.com/AmazonS3/latest/userguide/s3-vectors-bedrock-kb.html;https://docs.aws.amazon.com/bedrock/latest/userguide/knowledge-base.html;https://docs.aws.amazon.com/bedrock/latest/APIReference/API_agent-runtime_AgenticRetrieveStream.html;https://docs.aws.amazon.com/bedrock/latest/userguide/kb-test-config.html,same_chapter_candidate,CANDIDATE_REQUIRES_DOMAIN_REVIEW,CONTROLLED_TERM_PROJECTION_REQUIRES_CLAIM_POLARITY_REVIEW,SRC_197_sourceTheorem;SRC_179_sourceTheorem;SRC_196_sourceTheorem;SRC_198_sourceTheorem;SRC_204_sourceTheorem,aurora_pg=true;authorization=true;bedrock_kb=true;citation=true;dense=true;dimension_contract=true;embedding_model=true;external_knowledge=true;generation=true;guardrails=true;metadata_filter=true;multimodal=true;opensearch=true;rag=true;rerank=true;retrieval=true;retrieve_and_generate=true;s3_vectors=true;verification=true,,PROVED_SOURCE_SUMMARY_ENTAILS_GUIDE_FORMULA,MODEL_PROVED,literature_SENT_0430,INCONCLUSIVE_REQUIRES_BILINGUAL_DOMAIN_REVIEW,INCONCLUSIVE,Lean checks the positive propositional derivation under source-summary premises,Conditional proof only: source-summary formula truth and NL-to-formula adequacy are separate obligations.
SENT-0436,FILE-INTRO,docs/10.AWSで設計・実装する/10.6.安全に運用し変更する.md,78,Application inference profilesによるCost management、Amazon Bedrock pricing、AgentCore pricingを参照します（確認日：2026年8月22日）。,externally_cited_claim,AND,"AND(ATOM(cost=true), ATOM(bedrock_kb=true))",bedrock_kb=true;cost=true,SRC-192,https://docs.aws.amazon.com/bedrock/latest/userguide/evaluation-kb.html,same_file_candidate,CANDIDATE_REQUIRES_DOMAIN_REVIEW,CURATED_OFFICIAL_SPEC_PROJECTION,SRC_192_sourceTheorem,bedrock_kb=true;evaluation=true;rag=true,cost=true,INCONCLUSIVE_UNSUPPORTED_ATOMS,INCONCLUSIVE,,INCONCLUSIVE_REQUIRES_BILINGUAL_DOMAIN_REVIEW,INCONCLUSIVE,guide formula contains atoms absent from the selected source summaries,Conditional proof only: source-summary formula truth and NL-to-formula adequacy are separate obligations.
SENT-0447,INTRO-10,docs/10.AWSで設計・実装する/序文.md,5,AWSには、これらの処理をまとめて任せられるAmazon Bedrock Knowledge Basesのようなサービスと、ストレージ、検索、生成の機能を個別に組み合わせる方法があります。,official_product_contract,AND,"AND(AND(AND(ATOM(retrieval=true), ATOM(generation=true)), ATOM(external_knowledge=true)), ATOM(bedrock_kb=true))",bedrock_kb=true;external_knowledge=true;generation=true;retrieval=true,SRC-196;SRC-198;SRC-204;SRC-178;SRC-179,https://docs.aws.amazon.com/bedrock/latest/userguide/knowledge-base.html;https://docs.aws.amazon.com/bedrock/latest/APIReference/API_agent-runtime_AgenticRetrieveStream.html;https://docs.aws.amazon.com/bedrock/latest/userguide/kb-test-config.html;https://docs.aws.amazon.com/bedrock/latest/APIReference/API_agent-runtime_RetrieveAndGenerate.html;https://docs.aws.amazon.com/AmazonS3/latest/userguide/s3-vectors-bedrock-kb.html,same_chapter_candidate,CANDIDATE_REQUIRES_DOMAIN_REVIEW,CONTROLLED_TERM_PROJECTION_REQUIRES_CLAIM_POLARITY_REVIEW,SRC_196_sourceTheorem;SRC_198_sourceTheorem;SRC_204_sourceTheorem;SRC_178_sourceTheorem;SRC_179_sourceTheorem,authorization=true;bedrock_kb=true;citation=true;dense=true;external_knowledge=true;generation=true;guardrails=true;metadata_filter=true;multimodal=true;rag=true;rerank=true;retrieval=true;retrieve_and_generate=true;s3_vectors=true;verification=true,,PROVED_SOURCE_SUMMARY_ENTAILS_GUIDE_FORMULA,MODEL_PROVED,literature_SENT_0447,INCONCLUSIVE_REQUIRES_BILINGUAL_DOMAIN_REVIEW,INCONCLUSIVE,Lean checks the positive propositional derivation under source-summary premises,Conditional proof only: source-summary formula truth and NL-to-formula adequacy are separate obligations.
SENT-0450,INTRO-10,docs/10.AWSで設計・実装する/序文.md,5,通常のアプリケーションで実行する場合と、複数の処理を自律的につなぐAmazon Bedrock AgentCoreを利用する場合の違いも扱います。,official_product_contract,UNFORMALIZED,UNFORMALIZED,,SRC-063;SRC-064;SRC-065;SRC-178;SRC-179,https://arxiv.org/abs/2303.07678;https://dl.acm.org/doi/10.1145/1571941.1572114;https://arxiv.org/abs/2212.10496;https://docs.aws.amazon.com/bedrock/latest/APIReference/API_agent-runtime_RetrieveAndGenerate.html;https://docs.aws.amazon.com/AmazonS3/latest/userguide/s3-vectors-bedrock-kb.html,same_chapter_candidate,CANDIDATE_REQUIRES_DOMAIN_REVIEW,CONTROLLED_TERM_PROJECTION_REQUIRES_CLAIM_POLARITY_REVIEW,SRC_063_sourceTheorem;SRC_064_sourceTheorem;SRC_065_sourceTheorem;SRC_178_sourceTheorem;SRC_179_sourceTheorem,bedrock_kb=true;candidate_ids_stable=true;citation=true;dense=true;empirical_result=true;external_knowledge=true;generated_query_representation=true;generation=true;hard_constraints_preserved=true;k_positive=true;length_normalization=true;metadata_filter=true;original_query_retained=true;ranks_only=true;retrieval=true;retrieve_and_generate=true;s3_vectors=true;tf_saturation=true;verification=true,,INCONCLUSIVE_UNFORMALIZED_SENTENCE,INCONCLUSIVE,,INCONCLUSIVE_REQUIRES_BILINGUAL_DOMAIN_REVIEW,INCONCLUSIVE,conditional marker found but antecedent/consequent atoms were incomplete,Conditional proof only: source-summary formula truth and NL-to-formula adequacy are separate obligations.
SENT-0470,FILE-INTRO,docs/11.用語・評価指標・参考文献/11.1.用語集.md,13,| 疎検索 | Sparse retrieval | キーワード検索、語彙検索 | 語や文字列の一致を主な手掛かりにする検索です | [4.3.](../4.質問に合う根拠を探す/4.3.Sparse retrieval.md) |,general_technical_claim,AND,"AND(AND(AND(ATOM(sparse=true), ATOM(retrieval=true)), ATOM(evidence_support=true)), ATOM(parsing=true))",evidence_support=true;parsing=true;retrieval=true;sparse=true,SRC-005;SRC-100;SRC-141;SRC-001;SRC-002,https://doi.org/10.1561/1500000019;https://arxiv.org/abs/2203.11147;https://arxiv.org/abs/2007.01282;https://proceedings.neurips.cc/paper/2020/hash/6b493230205f780e1bc26945df7481e5-Abstract.html;https://aclanthology.org/2020.emnlp-main.550/,same_chapter_candidate,CANDIDATE_REQUIRES_DOMAIN_REVIEW,CONTROLLED_TERM_PROJECTION_REQUIRES_CLAIM_POLARITY_REVIEW,SRC_005_sourceTheorem;SRC_100_sourceTheorem;SRC_141_sourceTheorem;SRC_001_sourceTheorem;SRC_002_sourceTheorem,benchmark=true;citation=true;dense=true;document_statistics=true;dual_encoder=true;empirical_result=true;evaluation=true;evidence_support=true;external_knowledge=true;factuality=true;fielded=true;generation=true;hallucination=true;human_evaluation=true;knowledge_intensive=true;length_normalization=true;lexical=true;nonparametric_memory=true;open_domain_qa=true;parametric_memory=true;rag=true;recall_metric=true;retrieval=true;similarity=dot_product;sparse=true;tf_saturation=true;verification=true,parsing=true,INCONCLUSIVE_UNSUPPORTED_ATOMS,INCONCLUSIVE,,INCONCLUSIVE_REQUIRES_BILINGUAL_DOMAIN_REVIEW,INCONCLUSIVE,guide formula contains atoms absent from the selected source summaries,Conditional proof only: source-summary formula truth and NL-to-formula adequacy are separate obligations.
SENT-0471,FILE-INTRO,docs/11.用語・評価指標・参考文献/11.1.用語集.md,14,| 密検索 | Dense retrieval | 意味検索、vector検索 | 質問と文書の埋め込みの近さで候補を探す検索です | [4.4.](../4.質問に合う根拠を探す/4.4.Dense retrieval.md) |,general_technical_claim,AND,"AND(AND(ATOM(dense=true), ATOM(retrieval=true)), ATOM(evidence_support=true))",dense=true;evidence_support=true;retrieval=true,SRC-002;SRC-005;SRC-042;SRC-043;SRC-045,https://aclanthology.org/2020.emnlp-main.550/;https://doi.org/10.1561/1500000019;https://arxiv.org/abs/1908.10084;https://arxiv.org/abs/2004.04906;https://arxiv.org/abs/2004.12832,same_chapter_candidate,CANDIDATE_REQUIRES_DOMAIN_REVIEW,CONTROLLED_TERM_PROJECTION_REQUIRES_CLAIM_POLARITY_REVIEW,SRC_002_sourceTheorem;SRC_005_sourceTheorem;SRC_042_sourceTheorem;SRC_043_sourceTheorem;SRC_045_sourceTheorem,benchmark=true;cosine_compatible=true;cost=true;dense=true;document_statistics=true;dual_encoder=true;empirical_result=true;evaluation=true;evidence_support=true;fielded=true;generation=true;independent_encoding=true;late_interaction=true;length_normalization=true;lexical=true;multi_vector=true;open_domain_qa=true;recall_metric=true;rerank=true;retrieval=true;similarity=dot_product;sparse=true;tf_saturation=true;verification=true,,PROVED_SOURCE_SUMMARY_ENTAILS_GUIDE_FORMULA,MODEL_PROVED,literature_SENT_0471,INCONCLUSIVE_REQUIRES_BILINGUAL_DOMAIN_REVIEW,INCONCLUSIVE,Lean checks the positive propositional derivation under source-summary premises,Conditional proof only: source-summary formula truth and NL-to-formula adequacy are separate obligations.
SENT-0472,FILE-INTRO,docs/11.用語・評価指標・参考文献/11.1.用語集.md,15,| ハイブリッド検索 | Hybrid retrieval | hybrid search | 疎検索と密検索など複数の候補一覧を統合する検索です | [4.5.](../4.質問に合う根拠を探す/4.5.Hybrid retrieval.md) |,general_technical_claim,AND,"AND(AND(AND(ATOM(sparse=true), ATOM(dense=true)), ATOM(retrieval=true)), ATOM(evidence_support=true))",dense=true;evidence_support=true;retrieval=true;sparse=true,SRC-005;SRC-002;SRC-042;SRC-043;SRC-045,https://doi.org/10.1561/1500000019;https://aclanthology.org/2020.emnlp-main.550/;https://arxiv.org/abs/1908.10084;https://arxiv.org/abs/2004.04906;https://arxiv.org/abs/2004.12832,same_chapter_candidate,CANDIDATE_REQUIRES_DOMAIN_REVIEW,CONTROLLED_TERM_PROJECTION_REQUIRES_CLAIM_POLARITY_REVIEW,SRC_005_sourceTheorem;SRC_002_sourceTheorem;SRC_042_sourceTheorem;SRC_043_sourceTheorem;SRC_045_sourceTheorem,benchmark=true;cosine_compatible=true;cost=true;dense=true;document_statistics=true;dual_encoder=true;empirical_result=true;evaluation=true;evidence_support=true;fielded=true;generation=true;independent_encoding=true;late_interaction=true;length_normalization=true;lexical=true;multi_vector=true;open_domain_qa=true;recall_metric=true;rerank=true;retrieval=true;similarity=dot_product;sparse=true;tf_saturation=true;verification=true,,PROVED_SOURCE_SUMMARY_ENTAILS_GUIDE_FORMULA,MODEL_PROVED,literature_SENT_0472,INCONCLUSIVE_REQUIRES_BILINGUAL_DOMAIN_REVIEW,INCONCLUSIVE,Lean checks the positive propositional derivation under source-summary premises,Conditional proof only: source-summary formula truth and NL-to-formula adequacy are separate obligations.
SENT-0474,FILE-INTRO,docs/11.用語・評価指標・参考文献/11.1.用語集.md,17,| 再順位付け | Reranking | 再ランキング | 少数の候補を本文も使って精密に並べ直す処理です | [5.3.](../5.根拠を選別・整形する/5.3.Reranking.md) |,general_technical_claim,AND,"AND(ATOM(rerank=true), ATOM(evidence_support=true))",evidence_support=true;rerank=true,SRC-005;SRC-007;SRC-044;SRC-045;SRC-066,https://doi.org/10.1561/1500000019;https://aclanthology.org/N18-1074/;https://arxiv.org/abs/2210.07316;https://arxiv.org/abs/2004.12832;https://arxiv.org/abs/2104.08663,same_chapter_candidate,CANDIDATE_REQUIRES_DOMAIN_REVIEW,CONTROLLED_TERM_PROJECTION_REQUIRES_CLAIM_POLARITY_REVIEW,SRC_005_sourceTheorem;SRC_007_sourceTheorem;SRC_044_sourceTheorem;SRC_045_sourceTheorem;SRC_066_sourceTheorem,benchmark=true;cost=true;dense=true;document_statistics=true;empirical_result=true;evaluation=true;evidence_support=true;fielded=true;generation=true;late_interaction=true;length_normalization=true;lexical=true;multi_vector=true;rerank=true;retrieval=true;sparse=true;tf_saturation=true;verification=true,,PROVED_SOURCE_SUMMARY_ENTAILS_GUIDE_FORMULA,MODEL_PROVED,literature_SENT_0474,INCONCLUSIVE_REQUIRES_BILINGUAL_DOMAIN_REVIEW,INCONCLUSIVE,Lean checks the positive propositional derivation under source-summary premises,Conditional proof only: source-summary formula truth and NL-to-formula adequacy are separate obligations.
SENT-0475,FILE-INTRO,docs/11.用語・評価指標・参考文献/11.1.用語集.md,18,| チャンク | Chunk | 検索単位 | 原文から作る検索・生成・引用の処理単位です | [3.4.](../3.回答に使う資料を準備する/3.4.Chunking設計.md) |,general_technical_claim,AND,"AND(AND(AND(ATOM(chunking=true), ATOM(retrieval=true)), ATOM(generation=true)), ATOM(citation=true))",chunking=true;citation=true;generation=true;retrieval=true,SRC-003;SRC-100;SRC-001;SRC-033;SRC-045,https://aclanthology.org/2023.emnlp-main.398/;https://arxiv.org/abs/2203.11147;https://proceedings.neurips.cc/paper/2020/hash/6b493230205f780e1bc26945df7481e5-Abstract.html;https://arxiv.org/abs/2401.18059;https://arxiv.org/abs/2004.12832,same_chapter_candidate,CANDIDATE_REQUIRES_DOMAIN_REVIEW,CONTROLLED_TERM_PROJECTION_REQUIRES_CLAIM_POLARITY_REVIEW,SRC_003_sourceTheorem;SRC_100_sourceTheorem;SRC_001_sourceTheorem;SRC_033_sourceTheorem;SRC_045_sourceTheorem,ab_testing=true;benchmark=true;citation=true;cost=true;dense=true;empirical_result=true;evaluation=true;evidence_support=true;external_knowledge=true;factuality=true;generated_summaries=true;generation=true;hallucination=true;hierarchical=true;human_evaluation=true;knowledge_intensive=true;late_interaction=true;multi_hop=true;multi_vector=true;nonparametric_memory=true;open_domain_qa=true;parametric_memory=true;provenance_required=true;rag=true;rerank=true;retrieval=true;verification=true,chunking=true,INCONCLUSIVE_UNSUPPORTED_ATOMS,INCONCLUSIVE,,INCONCLUSIVE_REQUIRES_BILINGUAL_DOMAIN_REVIEW,INCONCLUSIVE,guide formula contains atoms absent from the selected source summaries,Conditional proof only: source-summary formula truth and NL-to-formula adequacy are separate obligations.
SENT-0476,FILE-INTRO,docs/11.用語・評価指標・参考文献/11.1.用語集.md,19,| 埋め込み | Embedding | vector表現 | textやimageを比較可能な数値vectorへ写した表現です | [3.6.](../3.回答に使う資料を準備する/3.6.Embedding設計.md) |,general_technical_claim,ATOM,ATOM(generation=true),generation=true,SRC-001;SRC-003;SRC-004;SRC-007;SRC-033,https://proceedings.neurips.cc/paper/2020/hash/6b493230205f780e1bc26945df7481e5-Abstract.html;https://aclanthology.org/2023.emnlp-main.398/;https://aclanthology.org/P18-2124/;https://aclanthology.org/N18-1074/;https://arxiv.org/abs/2401.18059,same_chapter_candidate,CANDIDATE_REQUIRES_DOMAIN_REVIEW,CONTROLLED_TERM_PROJECTION_REQUIRES_CLAIM_POLARITY_REVIEW,SRC_001_sourceTheorem;SRC_003_sourceTheorem;SRC_004_sourceTheorem;SRC_007_sourceTheorem;SRC_033_sourceTheorem,ab_testing=true;answerability=true;benchmark=true;citation=true;empirical_result=true;evaluation=true;evidence_support=true;external_knowledge=true;generated_summaries=true;generation=true;hierarchical=true;knowledge_intensive=true;multi_hop=true;nonparametric_memory=true;open_domain_qa=true;parametric_memory=true;provenance_required=true;rag=true;retrieval=true;unanswerable=true;verification=true,,PROVED_SOURCE_SUMMARY_ENTAILS_GUIDE_FORMULA,MODEL_PROVED,literature_SENT_0476,INCONCLUSIVE_REQUIRES_BILINGUAL_DOMAIN_REVIEW,INCONCLUSIVE,Lean checks the positive propositional derivation under source-summary premises,Conditional proof only: source-summary formula truth and NL-to-formula adequacy are separate obligations.
SENT-0481,FILE-INTRO,docs/11.用語・評価指標・参考文献/11.1.用語集.md,24,| 引用 | Citation | citation ID | 主張から根拠の文書・位置へ戻る対応です | [6.4.](../6.根拠に基づいて回答する/6.4.Citation設計.md) |,general_technical_claim,AND,"AND(AND(ATOM(generation=true), ATOM(citation=true)), ATOM(evidence_support=true))",citation=true;evidence_support=true;generation=true,SRC-100;SRC-003;SRC-007;SRC-141;SRC-001,https://arxiv.org/abs/2203.11147;https://aclanthology.org/2023.emnlp-main.398/;https://aclanthology.org/N18-1074/;https://arxiv.org/abs/2007.01282;https://proceedings.neurips.cc/paper/2020/hash/6b493230205f780e1bc26945df7481e5-Abstract.html,same_chapter_candidate,CANDIDATE_REQUIRES_DOMAIN_REVIEW,CONTROLLED_TERM_PROJECTION_REQUIRES_CLAIM_POLARITY_REVIEW,SRC_100_sourceTheorem;SRC_003_sourceTheorem;SRC_007_sourceTheorem;SRC_141_sourceTheorem;SRC_001_sourceTheorem,benchmark=true;citation=true;empirical_result=true;evaluation=true;evidence_support=true;external_knowledge=true;factuality=true;generation=true;hallucination=true;human_evaluation=true;knowledge_intensive=true;nonparametric_memory=true;open_domain_qa=true;parametric_memory=true;rag=true;retrieval=true;verification=true,,PROVED_SOURCE_SUMMARY_ENTAILS_GUIDE_FORMULA,MODEL_PROVED,literature_SENT_0481,INCONCLUSIVE_REQUIRES_BILINGUAL_DOMAIN_REVIEW,INCONCLUSIVE,Lean checks the positive propositional derivation under source-summary premises,Conditional proof only: source-summary formula truth and NL-to-formula adequacy are separate obligations.
SENT-0486,FILE-INTRO,docs/11.用語・評価指標・参考文献/11.1.用語集.md,29,| 相互順位統合 | Reciprocal Rank Fusion、RRF | RRF | 複数一覧の順位から候補の統合scoreを作る方式です | [4.5.](../4.質問に合う根拠を探す/4.5.Hybrid retrieval.md) |,concrete_technology_claim,AND,"AND(ATOM(retrieval=true), ATOM(evidence_support=true))",evidence_support=true;retrieval=true,SRC-064,https://dl.acm.org/doi/10.1145/1571941.1572114,existing_direct_paragraph_or_technology_mapping,EXISTING_MAPPING_REQUIRES_SEMANTIC_REVIEW,CONTROLLED_TERM_PROJECTION_REQUIRES_CLAIM_POLARITY_REVIEW,SRC_064_sourceTheorem,candidate_ids_stable=true;empirical_result=true;k_positive=true;ranks_only=true,evidence_support=true;retrieval=true,INCONCLUSIVE_UNSUPPORTED_ATOMS,INCONCLUSIVE,,INCONCLUSIVE_REQUIRES_BILINGUAL_DOMAIN_REVIEW,INCONCLUSIVE,guide formula contains atoms absent from the selected source summaries,Conditional proof only: source-summary formula truth and NL-to-formula adequacy are separate obligations.
SENT-0487,FILE-INTRO,docs/11.用語・評価指標・参考文献/11.1.用語集.md,30,| 近似最近傍探索 | Approximate Nearest Neighbor、ANN | ANN検索 | 完全探索を近似して大量vectorから近い候補を探す方式です | [3.7.](../3.回答に使う資料を準備する/3.7.Index構築とライフサイクル.md) |,general_technical_claim,AND,"AND(AND(ATOM(ann=true), ATOM(retrieval=true)), ATOM(generation=true))",ann=true;generation=true;retrieval=true,SRC-001;SRC-003;SRC-033;SRC-045;SRC-047,https://proceedings.neurips.cc/paper/2020/hash/6b493230205f780e1bc26945df7481e5-Abstract.html;https://aclanthology.org/2023.emnlp-main.398/;https://arxiv.org/abs/2401.18059;https://arxiv.org/abs/2004.12832;https://arxiv.org/abs/1603.09320,same_chapter_candidate,CANDIDATE_REQUIRES_DOMAIN_REVIEW,CONTROLLED_TERM_PROJECTION_REQUIRES_CLAIM_POLARITY_REVIEW,SRC_001_sourceTheorem;SRC_003_sourceTheorem;SRC_033_sourceTheorem;SRC_045_sourceTheorem;SRC_047_sourceTheorem,ab_testing=true;ann=true;benchmark=true;citation=true;cost=true;dense=true;empirical_result=true;evaluation=true;external_knowledge=true;generated_summaries=true;generation=true;graph_index=true;hierarchical=true;incremental_updates=true;knowledge_intensive=true;late_interaction=true;multi_hop=true;multi_vector=true;nonparametric_memory=true;open_domain_qa=true;parametric_memory=true;provenance_required=true;rag=true;recall_latency_tradeoff=true;rerank=true;retrieval=true;verification=true,,PROVED_SOURCE_SUMMARY_ENTAILS_GUIDE_FORMULA,MODEL_PROVED,literature_SENT_0487,INCONCLUSIVE_REQUIRES_BILINGUAL_DOMAIN_REVIEW,INCONCLUSIVE,Lean checks the positive propositional derivation under source-summary premises,Conditional proof only: source-summary formula truth and NL-to-formula adequacy are separate obligations.
SENT-0490,FILE-INTRO,docs/11.用語・評価指標・参考文献/11.1.用語集.md,33,| 固定評価データ | Fixed evaluation dataset | golden dataset | 変更前後を同じ条件で比較する質問・正解・制約の集合です | [7.2.](../7.品質を評価し改善する/7.2.評価データセット.md) |,empirical_or_research_claim,AND,"AND(ATOM(evaluation=true), ATOM(empirical_result=true))",empirical_result=true;evaluation=true,SRC-064,https://dl.acm.org/doi/10.1145/1571941.1572114,same_file_candidate,CANDIDATE_REQUIRES_DOMAIN_REVIEW,CONTROLLED_TERM_PROJECTION_REQUIRES_CLAIM_POLARITY_REVIEW,SRC_064_sourceTheorem,candidate_ids_stable=true;empirical_result=true;k_positive=true;ranks_only=true,evaluation=true,INCONCLUSIVE_UNSUPPORTED_ATOMS,INCONCLUSIVE,,INCONCLUSIVE_REQUIRES_BILINGUAL_DOMAIN_REVIEW,INCONCLUSIVE,guide formula contains atoms absent from the selected source summaries,Conditional proof only: source-summary formula truth and NL-to-formula adequacy are separate obligations.
SENT-0491,FILE-INTRO,docs/11.用語・評価指標・参考文献/11.1.用語集.md,34,| スライス | Evaluation slice | 部分集合 | 質問形式、文書種別、riskなど意味のある条件で分けた評価集合です | [7.1.](../7.品質を評価し改善する/7.1.評価設計の全体像.md) |,empirical_or_research_claim,AND,"AND(AND(ATOM(evaluation=true), ATOM(risk=true)), ATOM(empirical_result=true))",empirical_result=true;evaluation=true;risk=true,SRC-064,https://dl.acm.org/doi/10.1145/1571941.1572114,same_file_candidate,CANDIDATE_REQUIRES_DOMAIN_REVIEW,CONTROLLED_TERM_PROJECTION_REQUIRES_CLAIM_POLARITY_REVIEW,SRC_064_sourceTheorem,candidate_ids_stable=true;empirical_result=true;k_positive=true;ranks_only=true,evaluation=true;risk=true,INCONCLUSIVE_UNSUPPORTED_ATOMS,INCONCLUSIVE,,INCONCLUSIVE_REQUIRES_BILINGUAL_DOMAIN_REVIEW,INCONCLUSIVE,guide formula contains atoms absent from the selected source summaries,Conditional proof only: source-summary formula truth and NL-to-formula adequacy are separate obligations.
SENT-0492,FILE-INTRO,docs/11.用語・評価指標・参考文献/11.1.用語集.md,35,| 公開条件 | Release gate | go/no-go条件 | 品質、安全性、遅延、費用を含む公開前の合格条件です | [7.1.](../7.品質を評価し改善する/7.1.評価設計の全体像.md) |,empirical_or_research_claim,AND,"AND(AND(ATOM(evaluation=true), ATOM(cost=true)), ATOM(empirical_result=true))",cost=true;empirical_result=true;evaluation=true,SRC-064,https://dl.acm.org/doi/10.1145/1571941.1572114,same_file_candidate,CANDIDATE_REQUIRES_DOMAIN_REVIEW,CONTROLLED_TERM_PROJECTION_REQUIRES_CLAIM_POLARITY_REVIEW,SRC_064_sourceTheorem,candidate_ids_stable=true;empirical_result=true;k_positive=true;ranks_only=true,cost=true;evaluation=true,INCONCLUSIVE_UNSUPPORTED_ATOMS,INCONCLUSIVE,,INCONCLUSIVE_REQUIRES_BILINGUAL_DOMAIN_REVIEW,INCONCLUSIVE,guide formula contains atoms absent from the selected source summaries,Conditional proof only: source-summary formula truth and NL-to-formula adequacy are separate obligations.
SENT-0497,FILE-INTRO,docs/11.用語・評価指標・参考文献/11.2.評価指標の対応表.md,9,| 取り込み成功率 | 検索前処理 | 取り込み対象文書 | なし | index公開前 | [7.3.](../7.品質を評価し改善する/7.3.Pre-retrieval・Batch評価.md) |,empirical_or_research_claim,AND,"AND(AND(ATOM(retrieval=true), ATOM(evaluation=true)), ATOM(empirical_result=true))",empirical_result=true;evaluation=true;retrieval=true,SRC-001;SRC-002;SRC-033;SRC-042;SRC-043,https://proceedings.neurips.cc/paper/2020/hash/6b493230205f780e1bc26945df7481e5-Abstract.html;https://aclanthology.org/2020.emnlp-main.550/;https://arxiv.org/abs/2401.18059;https://arxiv.org/abs/1908.10084;https://arxiv.org/abs/2004.04906,same_chapter_candidate,CANDIDATE_REQUIRES_DOMAIN_REVIEW,CONTROLLED_TERM_PROJECTION_REQUIRES_CLAIM_POLARITY_REVIEW,SRC_001_sourceTheorem;SRC_002_sourceTheorem;SRC_033_sourceTheorem;SRC_042_sourceTheorem;SRC_043_sourceTheorem,ab_testing=true;benchmark=true;cosine_compatible=true;dense=true;document_statistics=true;dual_encoder=true;empirical_result=true;evaluation=true;external_knowledge=true;generated_summaries=true;generation=true;hierarchical=true;independent_encoding=true;knowledge_intensive=true;length_normalization=true;lexical=true;multi_hop=true;nonparametric_memory=true;open_domain_qa=true;parametric_memory=true;provenance_required=true;rag=true;recall_metric=true;retrieval=true;similarity=dot_product;tf_saturation=true;verification=true,,PROVED_SOURCE_SUMMARY_ENTAILS_GUIDE_FORMULA,MODEL_PROVED,literature_SENT_0497,INCONCLUSIVE_REQUIRES_BILINGUAL_DOMAIN_REVIEW,INCONCLUSIVE,Lean checks the positive propositional derivation under source-summary premises,Conditional proof only: source-summary formula truth and NL-to-formula adequacy are separate obligations.
SENT-0498,FILE-INTRO,docs/11.用語・評価指標・参考文献/11.2.評価指標の対応表.md,10,| metadata完全率 | 検索前処理 | 必須属性の総数 | なし | index公開前 | [7.3.](../7.品質を評価し改善する/7.3.Pre-retrieval・Batch評価.md) |,empirical_or_research_claim,AND,"AND(AND(ATOM(retrieval=true), ATOM(evaluation=true)), ATOM(empirical_result=true))",empirical_result=true;evaluation=true;retrieval=true,SRC-001;SRC-002;SRC-033;SRC-042;SRC-043,https://proceedings.neurips.cc/paper/2020/hash/6b493230205f780e1bc26945df7481e5-Abstract.html;https://aclanthology.org/2020.emnlp-main.550/;https://arxiv.org/abs/2401.18059;https://arxiv.org/abs/1908.10084;https://arxiv.org/abs/2004.04906,same_chapter_candidate,CANDIDATE_REQUIRES_DOMAIN_REVIEW,CONTROLLED_TERM_PROJECTION_REQUIRES_CLAIM_POLARITY_REVIEW,SRC_001_sourceTheorem;SRC_002_sourceTheorem;SRC_033_sourceTheorem;SRC_042_sourceTheorem;SRC_043_sourceTheorem,ab_testing=true;benchmark=true;cosine_compatible=true;dense=true;document_statistics=true;dual_encoder=true;empirical_result=true;evaluation=true;external_knowledge=true;generated_summaries=true;generation=true;hierarchical=true;independent_encoding=true;knowledge_intensive=true;length_normalization=true;lexical=true;multi_hop=true;nonparametric_memory=true;open_domain_qa=true;parametric_memory=true;provenance_required=true;rag=true;recall_metric=true;retrieval=true;similarity=dot_product;tf_saturation=true;verification=true,,PROVED_SOURCE_SUMMARY_ENTAILS_GUIDE_FORMULA,MODEL_PROVED,literature_SENT_0498,INCONCLUSIVE_REQUIRES_BILINGUAL_DOMAIN_REVIEW,INCONCLUSIVE,Lean checks the positive propositional derivation under source-summary premises,Conditional proof only: source-summary formula truth and NL-to-formula adequacy are separate obligations.
SENT-0499,FILE-INTRO,docs/11.用語・評価指標・参考文献/11.2.評価指標の対応表.md,11,| 更新反映時間 | 検索前処理 | 更新イベント | なし | 情報源更新から検索可能まで | [7.3.](../7.品質を評価し改善する/7.3.Pre-retrieval・Batch評価.md) |,empirical_or_research_claim,AND,"AND(AND(AND(ATOM(retrieval=true), ATOM(temporal_freshness=true)), ATOM(evaluation=true)), ATOM(empirical_result=true))",empirical_result=true;evaluation=true;retrieval=true;temporal_freshness=true,SRC-001;SRC-002;SRC-033;SRC-042;SRC-043,https://proceedings.neurips.cc/paper/2020/hash/6b493230205f780e1bc26945df7481e5-Abstract.html;https://aclanthology.org/2020.emnlp-main.550/;https://arxiv.org/abs/2401.18059;https://arxiv.org/abs/1908.10084;https://arxiv.org/abs/2004.04906,same_chapter_candidate,CANDIDATE_REQUIRES_DOMAIN_REVIEW,CONTROLLED_TERM_PROJECTION_REQUIRES_CLAIM_POLARITY_REVIEW,SRC_001_sourceTheorem;SRC_002_sourceTheorem;SRC_033_sourceTheorem;SRC_042_sourceTheorem;SRC_043_sourceTheorem,ab_testing=true;benchmark=true;cosine_compatible=true;dense=true;document_statistics=true;dual_encoder=true;empirical_result=true;evaluation=true;external_knowledge=true;generated_summaries=true;generation=true;hierarchical=true;independent_encoding=true;knowledge_intensive=true;length_normalization=true;lexical=true;multi_hop=true;nonparametric_memory=true;open_domain_qa=true;parametric_memory=true;provenance_required=true;rag=true;recall_metric=true;retrieval=true;similarity=dot_product;tf_saturation=true;verification=true,temporal_freshness=true,INCONCLUSIVE_UNSUPPORTED_ATOMS,INCONCLUSIVE,,INCONCLUSIVE_REQUIRES_BILINGUAL_DOMAIN_REVIEW,INCONCLUSIVE,guide formula contains atoms absent from the selected source summaries,Conditional proof only: source-summary formula truth and NL-to-formula adequacy are separate obligations.
SENT-0500,FILE-INTRO,docs/11.用語・評価指標・参考文献/11.2.評価指標の対応表.md,12,| Recall@k | 検索 | 質問ごとの正解根拠数 | あり | 初段検索または統合直後 | [7.1.](../7.品質を評価し改善する/7.1.評価設計の全体像.md) |,empirical_or_research_claim,OR,"OR(AND(AND(ATOM(retrieval=true), ATOM(evidence_support=true)), ATOM(recall_metric=true)), AND(ATOM(evaluation=true), ATOM(empirical_result=true)))",empirical_result=true;evaluation=true;evidence_support=true;recall_metric=true;retrieval=true,SRC-002;SRC-043;SRC-100;SRC-141;SRC-001,https://aclanthology.org/2020.emnlp-main.550/;https://arxiv.org/abs/2004.04906;https://arxiv.org/abs/2203.11147;https://arxiv.org/abs/2007.01282;https://proceedings.neurips.cc/paper/2020/hash/6b493230205f780e1bc26945df7481e5-Abstract.html,same_chapter_candidate,CANDIDATE_REQUIRES_DOMAIN_REVIEW,CONTROLLED_TERM_PROJECTION_REQUIRES_CLAIM_POLARITY_REVIEW,SRC_002_sourceTheorem;SRC_043_sourceTheorem;SRC_100_sourceTheorem;SRC_141_sourceTheorem;SRC_001_sourceTheorem,benchmark=true;citation=true;dense=true;document_statistics=true;dual_encoder=true;empirical_result=true;evaluation=true;evidence_support=true;external_knowledge=true;factuality=true;generation=true;hallucination=true;human_evaluation=true;knowledge_intensive=true;length_normalization=true;lexical=true;nonparametric_memory=true;open_domain_qa=true;parametric_memory=true;rag=true;recall_metric=true;retrieval=true;similarity=dot_product;tf_saturation=true;verification=true,,PROVED_SOURCE_SUMMARY_ENTAILS_GUIDE_FORMULA,MODEL_PROVED,literature_SENT_0500,INCONCLUSIVE_REQUIRES_BILINGUAL_DOMAIN_REVIEW,INCONCLUSIVE,Lean checks the positive propositional derivation under source-summary premises,Conditional proof only: source-summary formula truth and NL-to-formula adequacy are separate obligations.
SENT-0501,FILE-INTRO,docs/11.用語・評価指標・参考文献/11.2.評価指標の対応表.md,13,| 全根拠回収率 | 検索 | 複数根拠が必要な質問数 | あり | 初段検索または統合直後 | [7.4.](../7.品質を評価し改善する/7.4.Retrieval評価.md) |,empirical_or_research_claim,OR,"OR(AND(ATOM(retrieval=true), ATOM(evidence_support=true)), AND(AND(ATOM(retrieval=true), ATOM(evaluation=true)), ATOM(empirical_result=true)))",empirical_result=true;evaluation=true;evidence_support=true;retrieval=true,SRC-100;SRC-141;SRC-001;SRC-002;SRC-033,https://arxiv.org/abs/2203.11147;https://arxiv.org/abs/2007.01282;https://proceedings.neurips.cc/paper/2020/hash/6b493230205f780e1bc26945df7481e5-Abstract.html;https://aclanthology.org/2020.emnlp-main.550/;https://arxiv.org/abs/2401.18059,same_chapter_candidate,CANDIDATE_REQUIRES_DOMAIN_REVIEW,CONTROLLED_TERM_PROJECTION_REQUIRES_CLAIM_POLARITY_REVIEW,SRC_100_sourceTheorem;SRC_141_sourceTheorem;SRC_001_sourceTheorem;SRC_002_sourceTheorem;SRC_033_sourceTheorem,ab_testing=true;benchmark=true;citation=true;dense=true;document_statistics=true;dual_encoder=true;empirical_result=true;evaluation=true;evidence_support=true;external_knowledge=true;factuality=true;generated_summaries=true;generation=true;hallucination=true;hierarchical=true;human_evaluation=true;knowledge_intensive=true;length_normalization=true;lexical=true;multi_hop=true;nonparametric_memory=true;open_domain_qa=true;parametric_memory=true;provenance_required=true;rag=true;recall_metric=true;retrieval=true;similarity=dot_product;tf_saturation=true;verification=true,,PROVED_SOURCE_SUMMARY_ENTAILS_GUIDE_FORMULA,MODEL_PROVED,literature_SENT_0501,INCONCLUSIVE_REQUIRES_BILINGUAL_DOMAIN_REVIEW,INCONCLUSIVE,Lean checks the positive propositional derivation under source-summary premises,Conditional proof only: source-summary formula truth and NL-to-formula adequacy are separate obligations.
SENT-0502,FILE-INTRO,docs/11.用語・評価指標・参考文献/11.2.評価指標の対応表.md,14,| Precision@k | 検索・検索後処理 | 上位k件 | あり | 対象処理の直後 | [7.1.](../7.品質を評価し改善する/7.1.評価設計の全体像.md) |,empirical_or_research_claim,AND,"AND(AND(ATOM(retrieval=true), ATOM(evaluation=true)), ATOM(empirical_result=true))",empirical_result=true;evaluation=true;retrieval=true,SRC-001;SRC-002;SRC-033;SRC-042;SRC-043,https://proceedings.neurips.cc/paper/2020/hash/6b493230205f780e1bc26945df7481e5-Abstract.html;https://aclanthology.org/2020.emnlp-main.550/;https://arxiv.org/abs/2401.18059;https://arxiv.org/abs/1908.10084;https://arxiv.org/abs/2004.04906,same_chapter_candidate,CANDIDATE_REQUIRES_DOMAIN_REVIEW,CONTROLLED_TERM_PROJECTION_REQUIRES_CLAIM_POLARITY_REVIEW,SRC_001_sourceTheorem;SRC_002_sourceTheorem;SRC_033_sourceTheorem;SRC_042_sourceTheorem;SRC_043_sourceTheorem,ab_testing=true;benchmark=true;cosine_compatible=true;dense=true;document_statistics=true;dual_encoder=true;empirical_result=true;evaluation=true;external_knowledge=true;generated_summaries=true;generation=true;hierarchical=true;independent_encoding=true;knowledge_intensive=true;length_normalization=true;lexical=true;multi_hop=true;nonparametric_memory=true;open_domain_qa=true;parametric_memory=true;provenance_required=true;rag=true;recall_metric=true;retrieval=true;similarity=dot_product;tf_saturation=true;verification=true,,PROVED_SOURCE_SUMMARY_ENTAILS_GUIDE_FORMULA,MODEL_PROVED,literature_SENT_0502,INCONCLUSIVE_REQUIRES_BILINGUAL_DOMAIN_REVIEW,INCONCLUSIVE,Lean checks the positive propositional derivation under source-summary premises,Conditional proof only: source-summary formula truth and NL-to-formula adequacy are separate obligations.
SENT-0503,FILE-INTRO,docs/11.用語・評価指標・参考文献/11.2.評価指標の対応表.md,15,| MRR | 検索・検索後処理 | 評価質問数 | あり | 対象順位一覧の直後 | [7.4.](../7.品質を評価し改善する/7.4.Retrieval評価.md) |,empirical_or_research_claim,AND,"AND(AND(ATOM(retrieval=true), ATOM(evaluation=true)), ATOM(empirical_result=true))",empirical_result=true;evaluation=true;retrieval=true,SRC-001;SRC-002;SRC-033;SRC-042;SRC-043,https://proceedings.neurips.cc/paper/2020/hash/6b493230205f780e1bc26945df7481e5-Abstract.html;https://aclanthology.org/2020.emnlp-main.550/;https://arxiv.org/abs/2401.18059;https://arxiv.org/abs/1908.10084;https://arxiv.org/abs/2004.04906,same_chapter_candidate,CANDIDATE_REQUIRES_DOMAIN_REVIEW,CONTROLLED_TERM_PROJECTION_REQUIRES_CLAIM_POLARITY_REVIEW,SRC_001_sourceTheorem;SRC_002_sourceTheorem;SRC_033_sourceTheorem;SRC_042_sourceTheorem;SRC_043_sourceTheorem,ab_testing=true;benchmark=true;cosine_compatible=true;dense=true;document_statistics=true;dual_encoder=true;empirical_result=true;evaluation=true;external_knowledge=true;generated_summaries=true;generation=true;hierarchical=true;independent_encoding=true;knowledge_intensive=true;length_normalization=true;lexical=true;multi_hop=true;nonparametric_memory=true;open_domain_qa=true;parametric_memory=true;provenance_required=true;rag=true;recall_metric=true;retrieval=true;similarity=dot_product;tf_saturation=true;verification=true,,PROVED_SOURCE_SUMMARY_ENTAILS_GUIDE_FORMULA,MODEL_PROVED,literature_SENT_0503,INCONCLUSIVE_REQUIRES_BILINGUAL_DOMAIN_REVIEW,INCONCLUSIVE,Lean checks the positive propositional derivation under source-summary premises,Conditional proof only: source-summary formula truth and NL-to-formula adequacy are separate obligations.
SENT-0504,FILE-INTRO,docs/11.用語・評価指標・参考文献/11.2.評価指標の対応表.md,16,| nDCG@k | 検索・検索後処理 | 質問ごとの理想DCG | あり | 対象順位一覧の直後 | [7.4.](../7.品質を評価し改善する/7.4.Retrieval評価.md) |,empirical_or_research_claim,AND,"AND(AND(AND(ATOM(retrieval=true), ATOM(evaluation=true)), ATOM(ranking_metric=true)), ATOM(empirical_result=true))",empirical_result=true;evaluation=true;ranking_metric=true;retrieval=true,SRC-001;SRC-002;SRC-033;SRC-042;SRC-043,https://proceedings.neurips.cc/paper/2020/hash/6b493230205f780e1bc26945df7481e5-Abstract.html;https://aclanthology.org/2020.emnlp-main.550/;https://arxiv.org/abs/2401.18059;https://arxiv.org/abs/1908.10084;https://arxiv.org/abs/2004.04906,same_chapter_candidate,CANDIDATE_REQUIRES_DOMAIN_REVIEW,CONTROLLED_TERM_PROJECTION_REQUIRES_CLAIM_POLARITY_REVIEW,SRC_001_sourceTheorem;SRC_002_sourceTheorem;SRC_033_sourceTheorem;SRC_042_sourceTheorem;SRC_043_sourceTheorem,ab_testing=true;benchmark=true;cosine_compatible=true;dense=true;document_statistics=true;dual_encoder=true;empirical_result=true;evaluation=true;external_knowledge=true;generated_summaries=true;generation=true;hierarchical=true;independent_encoding=true;knowledge_intensive=true;length_normalization=true;lexical=true;multi_hop=true;nonparametric_memory=true;open_domain_qa=true;parametric_memory=true;provenance_required=true;rag=true;recall_metric=true;retrieval=true;similarity=dot_product;tf_saturation=true;verification=true,ranking_metric=true,INCONCLUSIVE_UNSUPPORTED_ATOMS,INCONCLUSIVE,,INCONCLUSIVE_REQUIRES_BILINGUAL_DOMAIN_REVIEW,INCONCLUSIVE,guide formula contains atoms absent from the selected source summaries,Conditional proof only: source-summary formula truth and NL-to-formula adequacy are separate obligations.
SENT-0505,FILE-INTRO,docs/11.用語・評価指標・参考文献/11.2.評価指標の対応表.md,17,| 正解根拠保持率 | 検索後処理 | 処理前に存在した正解根拠数 | 任意 | filter・rerank・圧縮の各直後 | [7.5.](../7.品質を評価し改善する/7.5.Post-retrieval・Evidence評価.md) |,empirical_or_research_claim,AND,"AND(AND(AND(AND(AND(ATOM(rerank=true), ATOM(compression=true)), ATOM(retrieval=true)), ATOM(evidence_support=true)), ATOM(evaluation=true)), ATOM(empirical_result=true))",compression=true;empirical_result=true;evaluation=true;evidence_support=true;rerank=true;retrieval=true,SRC-044;SRC-045;SRC-066;SRC-084;SRC-089,https://arxiv.org/abs/2210.07316;https://arxiv.org/abs/2004.12832;https://arxiv.org/abs/2104.08663;https://arxiv.org/abs/1901.04085;https://arxiv.org/abs/2310.04408,same_chapter_candidate,CANDIDATE_REQUIRES_DOMAIN_REVIEW,CONTROLLED_TERM_PROJECTION_REQUIRES_CLAIM_POLARITY_REVIEW,SRC_044_sourceTheorem;SRC_045_sourceTheorem;SRC_066_sourceTheorem;SRC_084_sourceTheorem;SRC_089_sourceTheorem,benchmark=true;candidate_generation=false;compression=true;context_compression=true;cost=true;dense=true;diversity=true;empirical_result=true;evaluation=true;generation=true;late_interaction=true;length_normalization=true;lexical=true;multi_vector=true;open_domain_qa=true;output_subset=true;provenance_mapping_required=true;rag=true;reads_candidate_text=true;rerank=true;retrieval=true;tf_saturation=true,evidence_support=true,INCONCLUSIVE_UNSUPPORTED_ATOMS,INCONCLUSIVE,,INCONCLUSIVE_REQUIRES_BILINGUAL_DOMAIN_REVIEW,INCONCLUSIVE,guide formula contains atoms absent from the selected source summaries,Conditional proof only: source-summary formula truth and NL-to-formula adequacy are separate obligations.
SENT-0506,FILE-INTRO,docs/11.用語・評価指標・参考文献/11.2.評価指標の対応表.md,18,| 重複率 | 検索後処理 | 候補またはEvidence Set件数 | 任意 | 重複排除の前後 | [7.5.](../7.品質を評価し改善する/7.5.Post-retrieval・Evidence評価.md) |,empirical_or_research_claim,OR,"OR(ATOM(retrieval=true), AND(AND(AND(AND(ATOM(dedup=true), ATOM(retrieval=true)), ATOM(evidence_support=true)), ATOM(evaluation=true)), ATOM(empirical_result=true)))",dedup=true;empirical_result=true;evaluation=true;evidence_support=true;retrieval=true,SRC-100;SRC-141;SRC-001;SRC-002;SRC-033,https://arxiv.org/abs/2203.11147;https://arxiv.org/abs/2007.01282;https://proceedings.neurips.cc/paper/2020/hash/6b493230205f780e1bc26945df7481e5-Abstract.html;https://aclanthology.org/2020.emnlp-main.550/;https://arxiv.org/abs/2401.18059,same_chapter_candidate,CANDIDATE_REQUIRES_DOMAIN_REVIEW,CONTROLLED_TERM_PROJECTION_REQUIRES_CLAIM_POLARITY_REVIEW,SRC_100_sourceTheorem;SRC_141_sourceTheorem;SRC_001_sourceTheorem;SRC_002_sourceTheorem;SRC_033_sourceTheorem,ab_testing=true;benchmark=true;citation=true;dense=true;document_statistics=true;dual_encoder=true;empirical_result=true;evaluation=true;evidence_support=true;external_knowledge=true;factuality=true;generated_summaries=true;generation=true;hallucination=true;hierarchical=true;human_evaluation=true;knowledge_intensive=true;length_normalization=true;lexical=true;multi_hop=true;nonparametric_memory=true;open_domain_qa=true;parametric_memory=true;provenance_required=true;rag=true;recall_metric=true;retrieval=true;similarity=dot_product;tf_saturation=true;verification=true,dedup=true,PROVED_SOURCE_SUMMARY_ENTAILS_GUIDE_FORMULA,MODEL_PROVED,literature_SENT_0506,INCONCLUSIVE_REQUIRES_BILINGUAL_DOMAIN_REVIEW,INCONCLUSIVE,Lean checks the positive propositional derivation under source-summary premises,Conditional proof only: source-summary formula truth and NL-to-formula adequacy are separate obligations.
SENT-0507,FILE-INTRO,docs/11.用語・評価指標・参考文献/11.2.評価指標の対応表.md,19,| 正解span保持率 | 検索後処理 | 正解原文span数 | なし | 圧縮またはcontext作成後 | [7.5.](../7.品質を評価し改善する/7.5.Post-retrieval・Evidence評価.md) |,empirical_or_research_claim,OR,"OR(AND(ATOM(compression=true), ATOM(retrieval=true)), AND(AND(AND(ATOM(retrieval=true), ATOM(evidence_support=true)), ATOM(evaluation=true)), ATOM(empirical_result=true)))",compression=true;empirical_result=true;evaluation=true;evidence_support=true;retrieval=true,SRC-089;SRC-100;SRC-141;SRC-001;SRC-002,https://arxiv.org/abs/2310.04408;https://arxiv.org/abs/2203.11147;https://arxiv.org/abs/2007.01282;https://proceedings.neurips.cc/paper/2020/hash/6b493230205f780e1bc26945df7481e5-Abstract.html;https://aclanthology.org/2020.emnlp-main.550/,same_chapter_candidate,CANDIDATE_REQUIRES_DOMAIN_REVIEW,CONTROLLED_TERM_PROJECTION_REQUIRES_CLAIM_POLARITY_REVIEW,SRC_089_sourceTheorem;SRC_100_sourceTheorem;SRC_141_sourceTheorem;SRC_001_sourceTheorem;SRC_002_sourceTheorem,benchmark=true;citation=true;compression=true;context_compression=true;cost=true;dense=true;document_statistics=true;dual_encoder=true;empirical_result=true;evaluation=true;evidence_support=true;external_knowledge=true;factuality=true;generation=true;hallucination=true;human_evaluation=true;knowledge_intensive=true;length_normalization=true;lexical=true;nonparametric_memory=true;open_domain_qa=true;parametric_memory=true;provenance_mapping_required=true;rag=true;recall_metric=true;retrieval=true;similarity=dot_product;tf_saturation=true;verification=true,,PROVED_SOURCE_SUMMARY_ENTAILS_GUIDE_FORMULA,MODEL_PROVED,literature_SENT_0507,INCONCLUSIVE_REQUIRES_BILINGUAL_DOMAIN_REVIEW,INCONCLUSIVE,Lean checks the positive propositional derivation under source-summary premises,Conditional proof only: source-summary formula truth and NL-to-formula adequacy are separate obligations.
SENT-0508,FILE-INTRO,docs/11.用語・評価指標・参考文献/11.2.評価指標の対応表.md,20,| 根拠忠実性 | 生成 | 検証可能なclaim数 | なし | 生成後 | [7.6.](../7.品質を評価し改善する/7.6.Generation評価.md) |,empirical_or_research_claim,AND,"AND(AND(AND(AND(ATOM(generation=true), ATOM(verification=true)), ATOM(evidence_support=true)), ATOM(evaluation=true)), ATOM(empirical_result=true))",empirical_result=true;evaluation=true;evidence_support=true;generation=true;verification=true,SRC-001;SRC-100;SRC-141;SRC-154;SRC-002,https://proceedings.neurips.cc/paper/2020/hash/6b493230205f780e1bc26945df7481e5-Abstract.html;https://arxiv.org/abs/2203.11147;https://arxiv.org/abs/2007.01282;https://proceedings.iclr.cc/paper_files/paper/2024/hash/8a2acd174940dbca361a6398a4f9df91-Abstract-Conference.html;https://aclanthology.org/2020.emnlp-main.550/,same_chapter_candidate,CANDIDATE_REQUIRES_DOMAIN_REVIEW,CONTROLLED_TERM_PROJECTION_REQUIRES_CLAIM_POLARITY_REVIEW,SRC_001_sourceTheorem;SRC_100_sourceTheorem;SRC_141_sourceTheorem;SRC_154_sourceTheorem;SRC_002_sourceTheorem,ab_testing=true;benchmark=true;citation=true;dense=true;document_statistics=true;dual_encoder=true;empirical_result=true;evaluation=true;evidence_support=true;external_knowledge=true;factuality=true;generated_summaries=true;generation=true;hallucination=true;hierarchical=true;human_evaluation=true;knowledge_intensive=true;length_normalization=true;lexical=true;multi_hop=true;nonparametric_memory=true;open_domain_qa=true;parametric_memory=true;provenance_required=true;rag=true;recall_metric=true;retrieval=true;similarity=dot_product;tf_saturation=true;verification=true,,PROVED_SOURCE_SUMMARY_ENTAILS_GUIDE_FORMULA,MODEL_PROVED,literature_SENT_0508,INCONCLUSIVE_REQUIRES_BILINGUAL_DOMAIN_REVIEW,INCONCLUSIVE,Lean checks the positive propositional derivation under source-summary premises,Conditional proof only: source-summary formula truth and NL-to-formula adequacy are separate obligations.
SENT-0509,FILE-INTRO,docs/11.用語・評価指標・参考文献/11.2.評価指標の対応表.md,21,| 引用の正しさ | 生成 | 付与された引用数 | なし | 生成後 | [6.4.](../6.根拠に基づいて回答する/6.4.Citation設計.md) |,general_technical_claim,AND,"AND(AND(ATOM(generation=true), ATOM(citation=true)), ATOM(evidence_support=true))",citation=true;evidence_support=true;generation=true,SRC-100;SRC-003;SRC-007;SRC-141;SRC-001,https://arxiv.org/abs/2203.11147;https://aclanthology.org/2023.emnlp-main.398/;https://aclanthology.org/N18-1074/;https://arxiv.org/abs/2007.01282;https://proceedings.neurips.cc/paper/2020/hash/6b493230205f780e1bc26945df7481e5-Abstract.html,same_chapter_candidate,CANDIDATE_REQUIRES_DOMAIN_REVIEW,CONTROLLED_TERM_PROJECTION_REQUIRES_CLAIM_POLARITY_REVIEW,SRC_100_sourceTheorem;SRC_003_sourceTheorem;SRC_007_sourceTheorem;SRC_141_sourceTheorem;SRC_001_sourceTheorem,benchmark=true;citation=true;empirical_result=true;evaluation=true;evidence_support=true;external_knowledge=true;factuality=true;generation=true;hallucination=true;human_evaluation=true;knowledge_intensive=true;nonparametric_memory=true;open_domain_qa=true;parametric_memory=true;rag=true;retrieval=true;verification=true,,PROVED_SOURCE_SUMMARY_ENTAILS_GUIDE_FORMULA,MODEL_PROVED,literature_SENT_0509,INCONCLUSIVE_REQUIRES_BILINGUAL_DOMAIN_REVIEW,INCONCLUSIVE,Lean checks the positive propositional derivation under source-summary premises,Conditional proof only: source-summary formula truth and NL-to-formula adequacy are separate obligations.
SENT-0510,FILE-INTRO,docs/11.用語・評価指標・参考文献/11.2.評価指標の対応表.md,22,| 引用の網羅性 | 生成 | 根拠を必要とするclaim数 | なし | 生成後 | [6.4.](../6.根拠に基づいて回答する/6.4.Citation設計.md) |,general_technical_claim,AND,"AND(AND(ATOM(generation=true), ATOM(citation=true)), ATOM(evidence_support=true))",citation=true;evidence_support=true;generation=true,SRC-100;SRC-003;SRC-007;SRC-141;SRC-001,https://arxiv.org/abs/2203.11147;https://aclanthology.org/2023.emnlp-main.398/;https://aclanthology.org/N18-1074/;https://arxiv.org/abs/2007.01282;https://proceedings.neurips.cc/paper/2020/hash/6b493230205f780e1bc26945df7481e5-Abstract.html,same_chapter_candidate,CANDIDATE_REQUIRES_DOMAIN_REVIEW,CONTROLLED_TERM_PROJECTION_REQUIRES_CLAIM_POLARITY_REVIEW,SRC_100_sourceTheorem;SRC_003_sourceTheorem;SRC_007_sourceTheorem;SRC_141_sourceTheorem;SRC_001_sourceTheorem,benchmark=true;citation=true;empirical_result=true;evaluation=true;evidence_support=true;external_knowledge=true;factuality=true;generation=true;hallucination=true;human_evaluation=true;knowledge_intensive=true;nonparametric_memory=true;open_domain_qa=true;parametric_memory=true;rag=true;retrieval=true;verification=true,,PROVED_SOURCE_SUMMARY_ENTAILS_GUIDE_FORMULA,MODEL_PROVED,literature_SENT_0510,INCONCLUSIVE_REQUIRES_BILINGUAL_DOMAIN_REVIEW,INCONCLUSIVE,Lean checks the positive propositional derivation under source-summary premises,Conditional proof only: source-summary formula truth and NL-to-formula adequacy are separate obligations.
SENT-0511,FILE-INTRO,docs/11.用語・評価指標・参考文献/11.2.評価指標の対応表.md,23,| 支持なし主張率 | 生成 | 検証可能なclaim数 | なし | 生成後検証 | [7.6.](../7.品質を評価し改善する/7.6.Generation評価.md) |,empirical_or_research_claim,AND,"AND(AND(AND(AND(ATOM(generation=true), ATOM(verification=true)), ATOM(evidence_support=true)), ATOM(evaluation=true)), ATOM(empirical_result=true))",empirical_result=true;evaluation=true;evidence_support=true;generation=true;verification=true,SRC-001;SRC-100;SRC-141;SRC-154;SRC-002,https://proceedings.neurips.cc/paper/2020/hash/6b493230205f780e1bc26945df7481e5-Abstract.html;https://arxiv.org/abs/2203.11147;https://arxiv.org/abs/2007.01282;https://proceedings.iclr.cc/paper_files/paper/2024/hash/8a2acd174940dbca361a6398a4f9df91-Abstract-Conference.html;https://aclanthology.org/2020.emnlp-main.550/,same_chapter_candidate,CANDIDATE_REQUIRES_DOMAIN_REVIEW,CONTROLLED_TERM_PROJECTION_REQUIRES_CLAIM_POLARITY_REVIEW,SRC_001_sourceTheorem;SRC_100_sourceTheorem;SRC_141_sourceTheorem;SRC_154_sourceTheorem;SRC_002_sourceTheorem,ab_testing=true;benchmark=true;citation=true;dense=true;document_statistics=true;dual_encoder=true;empirical_result=true;evaluation=true;evidence_support=true;external_knowledge=true;factuality=true;generated_summaries=true;generation=true;hallucination=true;hierarchical=true;human_evaluation=true;knowledge_intensive=true;length_normalization=true;lexical=true;multi_hop=true;nonparametric_memory=true;open_domain_qa=true;parametric_memory=true;provenance_required=true;rag=true;recall_metric=true;retrieval=true;similarity=dot_product;tf_saturation=true;verification=true,,PROVED_SOURCE_SUMMARY_ENTAILS_GUIDE_FORMULA,MODEL_PROVED,literature_SENT_0511,INCONCLUSIVE_REQUIRES_BILINGUAL_DOMAIN_REVIEW,INCONCLUSIVE,Lean checks the positive propositional derivation under source-summary premises,Conditional proof only: source-summary formula truth and NL-to-formula adequacy are separate obligations.
SENT-0512,FILE-INTRO,docs/11.用語・評価指標・参考文献/11.2.評価指標の対応表.md,24,| 適切な回答保留率 | 生成・E2E | 回答不能な評価質問数 | なし | 生成後 | [7.7.](../7.品質を評価し改善する/7.7.End-to-end評価.md) |,empirical_or_research_claim,AND,"AND(AND(AND(AND(ATOM(learned=true), ATOM(generation=true)), ATOM(unanswerable=true)), ATOM(evaluation=true)), ATOM(empirical_result=true))",empirical_result=true;evaluation=true;generation=true;learned=true;unanswerable=true,SRC-001;SRC-033;SRC-045;SRC-084;SRC-089,https://proceedings.neurips.cc/paper/2020/hash/6b493230205f780e1bc26945df7481e5-Abstract.html;https://arxiv.org/abs/2401.18059;https://arxiv.org/abs/2004.12832;https://arxiv.org/abs/1901.04085;https://arxiv.org/abs/2310.04408,same_chapter_candidate,CANDIDATE_REQUIRES_DOMAIN_REVIEW,CONTROLLED_TERM_PROJECTION_REQUIRES_CLAIM_POLARITY_REVIEW,SRC_001_sourceTheorem;SRC_033_sourceTheorem;SRC_045_sourceTheorem;SRC_084_sourceTheorem;SRC_089_sourceTheorem,ab_testing=true;benchmark=true;candidate_generation=false;compression=true;context_compression=true;cost=true;dense=true;diversity=true;empirical_result=true;evaluation=true;external_knowledge=true;generated_summaries=true;generation=true;hierarchical=true;knowledge_intensive=true;late_interaction=true;multi_hop=true;multi_vector=true;nonparametric_memory=true;open_domain_qa=true;output_subset=true;parametric_memory=true;provenance_mapping_required=true;provenance_required=true;rag=true;reads_candidate_text=true;rerank=true;retrieval=true;verification=true,learned=true;unanswerable=true,INCONCLUSIVE_UNSUPPORTED_ATOMS,INCONCLUSIVE,,INCONCLUSIVE_REQUIRES_BILINGUAL_DOMAIN_REVIEW,INCONCLUSIVE,guide formula contains atoms absent from the selected source summaries,Conditional proof only: source-summary formula truth and NL-to-formula adequacy are separate obligations.
SENT-0513,FILE-INTRO,docs/11.用語・評価指標・参考文献/11.2.評価指標の対応表.md,25,| 過剰回答保留率 | 生成・E2E | 回答可能な評価質問数 | なし | 生成後 | [7.7.](../7.品質を評価し改善する/7.7.End-to-end評価.md) |,empirical_or_research_claim,AND,"AND(AND(AND(AND(ATOM(learned=true), ATOM(generation=true)), ATOM(answerability=true)), ATOM(evaluation=true)), ATOM(empirical_result=true))",answerability=true;empirical_result=true;evaluation=true;generation=true;learned=true,SRC-001;SRC-033;SRC-045;SRC-084;SRC-089,https://proceedings.neurips.cc/paper/2020/hash/6b493230205f780e1bc26945df7481e5-Abstract.html;https://arxiv.org/abs/2401.18059;https://arxiv.org/abs/2004.12832;https://arxiv.org/abs/1901.04085;https://arxiv.org/abs/2310.04408,same_chapter_candidate,CANDIDATE_REQUIRES_DOMAIN_REVIEW,CONTROLLED_TERM_PROJECTION_REQUIRES_CLAIM_POLARITY_REVIEW,SRC_001_sourceTheorem;SRC_033_sourceTheorem;SRC_045_sourceTheorem;SRC_084_sourceTheorem;SRC_089_sourceTheorem,ab_testing=true;benchmark=true;candidate_generation=false;compression=true;context_compression=true;cost=true;dense=true;diversity=true;empirical_result=true;evaluation=true;external_knowledge=true;generated_summaries=true;generation=true;hierarchical=true;knowledge_intensive=true;late_interaction=true;multi_hop=true;multi_vector=true;nonparametric_memory=true;open_domain_qa=true;output_subset=true;parametric_memory=true;provenance_mapping_required=true;provenance_required=true;rag=true;reads_candidate_text=true;rerank=true;retrieval=true;verification=true,answerability=true;learned=true,INCONCLUSIVE_UNSUPPORTED_ATOMS,INCONCLUSIVE,,INCONCLUSIVE_REQUIRES_BILINGUAL_DOMAIN_REVIEW,INCONCLUSIVE,guide formula contains atoms absent from the selected source summaries,Conditional proof only: source-summary formula truth and NL-to-formula adequacy are separate obligations.
SENT-0514,FILE-INTRO,docs/11.用語・評価指標・参考文献/11.2.評価指標の対応表.md,26,| 形式準拠率 | 生成・E2E | 全回答数 | なし | schema検証後 | [7.6.](../7.品質を評価し改善する/7.6.Generation評価.md) |,empirical_or_research_claim,AND,"AND(AND(AND(ATOM(generation=true), ATOM(verification=true)), ATOM(evaluation=true)), ATOM(empirical_result=true))",empirical_result=true;evaluation=true;generation=true;verification=true,SRC-001;SRC-154;SRC-002;SRC-033;SRC-045,https://proceedings.neurips.cc/paper/2020/hash/6b493230205f780e1bc26945df7481e5-Abstract.html;https://proceedings.iclr.cc/paper_files/paper/2024/hash/8a2acd174940dbca361a6398a4f9df91-Abstract-Conference.html;https://aclanthology.org/2020.emnlp-main.550/;https://arxiv.org/abs/2401.18059;https://arxiv.org/abs/2004.12832,same_chapter_candidate,CANDIDATE_REQUIRES_DOMAIN_REVIEW,CONTROLLED_TERM_PROJECTION_REQUIRES_CLAIM_POLARITY_REVIEW,SRC_001_sourceTheorem;SRC_154_sourceTheorem;SRC_002_sourceTheorem;SRC_033_sourceTheorem;SRC_045_sourceTheorem,ab_testing=true;benchmark=true;cost=true;dense=true;document_statistics=true;dual_encoder=true;empirical_result=true;evaluation=true;external_knowledge=true;generated_summaries=true;generation=true;hierarchical=true;knowledge_intensive=true;late_interaction=true;length_normalization=true;lexical=true;multi_hop=true;multi_vector=true;nonparametric_memory=true;open_domain_qa=true;parametric_memory=true;provenance_required=true;rag=true;recall_metric=true;rerank=true;retrieval=true;similarity=dot_product;tf_saturation=true;verification=true,,PROVED_SOURCE_SUMMARY_ENTAILS_GUIDE_FORMULA,MODEL_PROVED,literature_SENT_0514,INCONCLUSIVE_REQUIRES_BILINGUAL_DOMAIN_REVIEW,INCONCLUSIVE,Lean checks the positive propositional derivation under source-summary premises,Conditional proof only: source-summary formula truth and NL-to-formula adequacy are separate obligations.
SENT-0515,FILE-INTRO,docs/11.用語・評価指標・参考文献/11.2.評価指標の対応表.md,27,| タスク完了率 | E2E | 評価タスク数 | なし | 利用者の業務終了時 | [7.7.](../7.品質を評価し改善する/7.7.End-to-end評価.md) |,empirical_or_research_claim,AND,"AND(AND(ATOM(learned=true), ATOM(evaluation=true)), ATOM(empirical_result=true))",empirical_result=true;evaluation=true;learned=true,SRC-001;SRC-002;SRC-033;SRC-042;SRC-043,https://proceedings.neurips.cc/paper/2020/hash/6b493230205f780e1bc26945df7481e5-Abstract.html;https://aclanthology.org/2020.emnlp-main.550/;https://arxiv.org/abs/2401.18059;https://arxiv.org/abs/1908.10084;https://arxiv.org/abs/2004.04906,same_chapter_candidate,CANDIDATE_REQUIRES_DOMAIN_REVIEW,CONTROLLED_TERM_PROJECTION_REQUIRES_CLAIM_POLARITY_REVIEW,SRC_001_sourceTheorem;SRC_002_sourceTheorem;SRC_033_sourceTheorem;SRC_042_sourceTheorem;SRC_043_sourceTheorem,ab_testing=true;benchmark=true;cosine_compatible=true;dense=true;document_statistics=true;dual_encoder=true;empirical_result=true;evaluation=true;external_knowledge=true;generated_summaries=true;generation=true;hierarchical=true;independent_encoding=true;knowledge_intensive=true;length_normalization=true;lexical=true;multi_hop=true;nonparametric_memory=true;open_domain_qa=true;parametric_memory=true;provenance_required=true;rag=true;recall_metric=true;retrieval=true;similarity=dot_product;tf_saturation=true;verification=true,learned=true,INCONCLUSIVE_UNSUPPORTED_ATOMS,INCONCLUSIVE,,INCONCLUSIVE_REQUIRES_BILINGUAL_DOMAIN_REVIEW,INCONCLUSIVE,guide formula contains atoms absent from the selected source summaries,Conditional proof only: source-summary formula truth and NL-to-formula adequacy are separate obligations.
SENT-0524,11.3.1,docs/11.用語・評価指標・参考文献/11.3.主要参考文献.md,7,"Salton, G. and Buckley, C. (1988). Term-weighting approaches in automatic text retrieval.",externally_cited_claim,ATOM,ATOM(retrieval=true),retrieval=true,SRC-005;SRC-047;SRC-066,https://doi.org/10.1561/1500000019;https://arxiv.org/abs/1603.09320;https://arxiv.org/abs/2104.08663,same_unit_candidate,CANDIDATE_REQUIRES_DOMAIN_REVIEW,CONTROLLED_TERM_PROJECTION_REQUIRES_CLAIM_POLARITY_REVIEW,SRC_005_sourceTheorem;SRC_047_sourceTheorem;SRC_066_sourceTheorem,ann=true;benchmark=true;cost=true;document_statistics=true;empirical_result=true;evaluation=true;evidence_support=true;fielded=true;graph_index=true;hierarchical=true;incremental_updates=true;length_normalization=true;lexical=true;recall_latency_tradeoff=true;rerank=true;retrieval=true;sparse=true;tf_saturation=true,,PROVED_SOURCE_SUMMARY_ENTAILS_GUIDE_FORMULA,MODEL_PROVED,literature_SENT_0524,INCONCLUSIVE_REQUIRES_BILINGUAL_DOMAIN_REVIEW,INCONCLUSIVE,Lean checks the positive propositional derivation under source-summary premises,Conditional proof only: source-summary formula truth and NL-to-formula adequacy are separate obligations.
SENT-0525,11.3.1,docs/11.用語・評価指標・参考文献/11.3.主要参考文献.md,8,"Robertson, S. and Zaragoza, H. (2009). The Probabilistic Relevance Framework: BM25 and Beyond.",externally_cited_claim,UNFORMALIZED,UNFORMALIZED,,SRC-005,https://doi.org/10.1561/1500000019,existing_direct_paragraph_or_technology_mapping,EXISTING_MAPPING_REQUIRES_SEMANTIC_REVIEW,CONTROLLED_TERM_PROJECTION_REQUIRES_CLAIM_POLARITY_REVIEW,SRC_005_sourceTheorem,document_statistics=true;evidence_support=true;fielded=true;length_normalization=true;lexical=true;retrieval=true;sparse=true;tf_saturation=true,,INCONCLUSIVE_UNFORMALIZED_SENTENCE,INCONCLUSIVE,,INCONCLUSIVE_REQUIRES_BILINGUAL_DOMAIN_REVIEW,INCONCLUSIVE,no controlled semantic atom recognized,Conditional proof only: source-summary formula truth and NL-to-formula adequacy are separate obligations.
SENT-0526,11.3.1,docs/11.用語・評価指標・参考文献/11.3.主要参考文献.md,9,"Carbonell, J. and Goldstein, J. (1998). The Use of MMR, Diversity-Based Reranking for Reordering Documents and Producing Summaries.",externally_cited_claim,ATOM,ATOM(rerank=true),rerank=true,SRC-082,https://dl.acm.org/doi/10.1145/290941.291025,existing_direct_paragraph_or_technology_mapping,EXISTING_MAPPING_REQUIRES_SEMANTIC_REVIEW,CONTROLLED_TERM_PROJECTION_REQUIRES_CLAIM_POLARITY_REVIEW,SRC_082_sourceTheorem,diversity=true;output_subset=true;rerank=true,,PROVED_SOURCE_SUMMARY_ENTAILS_GUIDE_FORMULA,MODEL_PROVED,literature_SENT_0526,INCONCLUSIVE_REQUIRES_BILINGUAL_DOMAIN_REVIEW,INCONCLUSIVE,Lean checks the positive propositional derivation under source-summary premises,Conditional proof only: source-summary formula truth and NL-to-formula adequacy are separate obligations.
SENT-0527,11.3.1,docs/11.用語・評価指標・参考文献/11.3.主要参考文献.md,10,"Cormack, G. V., Clarke, C. L. A., and Buettcher, S. (2009). Reciprocal Rank Fusion Outperforms Condorcet and Individual Rank Learning Methods.",externally_cited_claim,ATOM,ATOM(empirical_result=true),empirical_result=true,SRC-064,https://dl.acm.org/doi/10.1145/1571941.1572114,existing_direct_paragraph_or_technology_mapping,EXISTING_MAPPING_REQUIRES_SEMANTIC_REVIEW,CONTROLLED_TERM_PROJECTION_REQUIRES_CLAIM_POLARITY_REVIEW,SRC_064_sourceTheorem,candidate_ids_stable=true;empirical_result=true;k_positive=true;ranks_only=true,,PROVED_SOURCE_SUMMARY_ENTAILS_GUIDE_FORMULA,MODEL_PROVED,literature_SENT_0527,INCONCLUSIVE_REQUIRES_BILINGUAL_DOMAIN_REVIEW,INCONCLUSIVE,Lean checks the positive propositional derivation under source-summary premises,Conditional proof only: source-summary formula truth and NL-to-formula adequacy are separate obligations.
SENT-0528,11.3.1,docs/11.用語・評価指標・参考文献/11.3.主要参考文献.md,11,"Järvelin, K. and Kekäläinen, J. (2002). Cumulated Gain-Based Evaluation of IR Techniques.",externally_cited_claim,UNFORMALIZED,UNFORMALIZED,,SRC-111,https://doi.org/10.1145/582415.582418,existing_direct_paragraph_or_technology_mapping,EXISTING_MAPPING_REQUIRES_SEMANTIC_REVIEW,CONTROLLED_TERM_PROJECTION_REQUIRES_CLAIM_POLARITY_REVIEW,SRC_111_sourceTheorem,evaluation=true;ranking_metric=true,,INCONCLUSIVE_UNFORMALIZED_SENTENCE,INCONCLUSIVE,,INCONCLUSIVE_REQUIRES_BILINGUAL_DOMAIN_REVIEW,INCONCLUSIVE,no controlled semantic atom recognized,Conditional proof only: source-summary formula truth and NL-to-formula adequacy are separate obligations.
SENT-0529,11.3.1,docs/11.用語・評価指標・参考文献/11.3.主要参考文献.md,12,"Malkov, Y. A. and Yashunin, D. A. (2018). Efficient and Robust Approximate Nearest Neighbor Search Using Hierarchical Navigable Small World Graphs.",externally_cited_claim,UNFORMALIZED,UNFORMALIZED,,SRC-047,https://arxiv.org/abs/1603.09320,existing_direct_paragraph_or_technology_mapping,EXISTING_MAPPING_REQUIRES_SEMANTIC_REVIEW,CONTROLLED_TERM_PROJECTION_REQUIRES_CLAIM_POLARITY_REVIEW,SRC_047_sourceTheorem,ann=true;empirical_result=true;evaluation=true;graph_index=true;hierarchical=true;incremental_updates=true;recall_latency_tradeoff=true;retrieval=true,,INCONCLUSIVE_UNFORMALIZED_SENTENCE,INCONCLUSIVE,,INCONCLUSIVE_REQUIRES_BILINGUAL_DOMAIN_REVIEW,INCONCLUSIVE,no controlled semantic atom recognized,Conditional proof only: source-summary formula truth and NL-to-formula adequacy are separate obligations.
SENT-0530,11.3.1,docs/11.用語・評価指標・参考文献/11.3.主要参考文献.md,13,"Thakur, N. et al. (2021). BEIR: A Heterogeneous Benchmark for Zero-shot Evaluation of Information Retrieval Models.",externally_cited_claim,AND,"AND(AND(ATOM(retrieval=true), ATOM(evaluation=true)), ATOM(benchmark=true))",benchmark=true;evaluation=true;retrieval=true,SRC-066,https://arxiv.org/abs/2104.08663,existing_direct_paragraph_or_technology_mapping,EXISTING_MAPPING_REQUIRES_SEMANTIC_REVIEW,CONTROLLED_TERM_PROJECTION_REQUIRES_CLAIM_POLARITY_REVIEW,SRC_066_sourceTheorem,benchmark=true;cost=true;empirical_result=true;evaluation=true;length_normalization=true;lexical=true;rerank=true;retrieval=true;tf_saturation=true,,PROVED_SOURCE_SUMMARY_ENTAILS_GUIDE_FORMULA,MODEL_PROVED,literature_SENT_0530,INCONCLUSIVE_REQUIRES_BILINGUAL_DOMAIN_REVIEW,INCONCLUSIVE,Lean checks the positive propositional derivation under source-summary premises,Conditional proof only: source-summary formula truth and NL-to-formula adequacy are separate obligations.
SENT-0531,11.3.2,docs/11.用語・評価指標・参考文献/11.3.主要参考文献.md,17,"Reimers, N. and Gurevych, I. (2019). Sentence-BERT: Sentence Embeddings using Siamese BERT-Networks.",externally_cited_claim,UNFORMALIZED,UNFORMALIZED,,SRC-042,https://arxiv.org/abs/1908.10084,existing_direct_paragraph_or_technology_mapping,EXISTING_MAPPING_REQUIRES_SEMANTIC_REVIEW,CONTROLLED_TERM_PROJECTION_REQUIRES_CLAIM_POLARITY_REVIEW,SRC_042_sourceTheorem,cosine_compatible=true;dense=true;empirical_result=true;evaluation=true;independent_encoding=true;retrieval=true,,INCONCLUSIVE_UNFORMALIZED_SENTENCE,INCONCLUSIVE,,INCONCLUSIVE_REQUIRES_BILINGUAL_DOMAIN_REVIEW,INCONCLUSIVE,no controlled semantic atom recognized,Conditional proof only: source-summary formula truth and NL-to-formula adequacy are separate obligations.
SENT-0532,11.3.2,docs/11.用語・評価指標・参考文献/11.3.主要参考文献.md,18,"Karpukhin, V. et al. (2020). Dense Passage Retrieval for Open-Domain Question Answering.",externally_cited_claim,AND,"AND(AND(ATOM(dense=true), ATOM(retrieval=true)), ATOM(open_domain_qa=true))",dense=true;open_domain_qa=true;retrieval=true,SRC-002;SRC-043,https://aclanthology.org/2020.emnlp-main.550/;https://arxiv.org/abs/2004.04906,existing_direct_paragraph_or_technology_mapping,EXISTING_MAPPING_REQUIRES_SEMANTIC_REVIEW,CONTROLLED_TERM_PROJECTION_REQUIRES_CLAIM_POLARITY_REVIEW,SRC_002_sourceTheorem;SRC_043_sourceTheorem,benchmark=true;dense=true;document_statistics=true;dual_encoder=true;empirical_result=true;evaluation=true;length_normalization=true;lexical=true;open_domain_qa=true;recall_metric=true;retrieval=true;similarity=dot_product;tf_saturation=true;verification=true,,PROVED_SOURCE_SUMMARY_ENTAILS_GUIDE_FORMULA,MODEL_PROVED,literature_SENT_0532,INCONCLUSIVE_REQUIRES_BILINGUAL_DOMAIN_REVIEW,INCONCLUSIVE,Lean checks the positive propositional derivation under source-summary premises,Conditional proof only: source-summary formula truth and NL-to-formula adequacy are separate obligations.
SENT-0533,11.3.2,docs/11.用語・評価指標・参考文献/11.3.主要参考文献.md,19,"Khattab, O. and Zaharia, M. (2020). ColBERT: Efficient and Effective Passage Search via Contextualized Late Interaction over BERT.",externally_cited_claim,UNFORMALIZED,UNFORMALIZED,,SRC-045,https://arxiv.org/abs/2004.12832,existing_direct_paragraph_or_technology_mapping,EXISTING_MAPPING_REQUIRES_SEMANTIC_REVIEW,CONTROLLED_TERM_PROJECTION_REQUIRES_CLAIM_POLARITY_REVIEW,SRC_045_sourceTheorem,cost=true;dense=true;empirical_result=true;evaluation=true;generation=true;late_interaction=true;multi_vector=true;rerank=true;retrieval=true,,INCONCLUSIVE_UNFORMALIZED_SENTENCE,INCONCLUSIVE,,INCONCLUSIVE_REQUIRES_BILINGUAL_DOMAIN_REVIEW,INCONCLUSIVE,no controlled semantic atom recognized,Conditional proof only: source-summary formula truth and NL-to-formula adequacy are separate obligations.
SENT-0534,11.3.2,docs/11.用語・評価指標・参考文献/11.3.主要参考文献.md,20,"Nogueira, R. and Cho, K. (2019). Passage Re-ranking with BERT.",externally_cited_claim,UNFORMALIZED,UNFORMALIZED,,SRC-084,https://arxiv.org/abs/1901.04085,existing_direct_paragraph_or_technology_mapping,EXISTING_MAPPING_REQUIRES_SEMANTIC_REVIEW,CONTROLLED_TERM_PROJECTION_REQUIRES_CLAIM_POLARITY_REVIEW,SRC_084_sourceTheorem,benchmark=true;candidate_generation=false;diversity=true;empirical_result=true;evaluation=true;generation=true;output_subset=true;reads_candidate_text=true;rerank=true;retrieval=true,,INCONCLUSIVE_UNFORMALIZED_SENTENCE,INCONCLUSIVE,,INCONCLUSIVE_REQUIRES_BILINGUAL_DOMAIN_REVIEW,INCONCLUSIVE,no controlled semantic atom recognized,Conditional proof only: source-summary formula truth and NL-to-formula adequacy are separate obligations.
SENT-0535,11.3.2,docs/11.用語・評価指標・参考文献/11.3.主要参考文献.md,21,"Nogueira, R. et al. (2020). Document Ranking with a Pretrained Sequence-to-Sequence Model.",externally_cited_claim,UNFORMALIZED,UNFORMALIZED,,SRC-086,https://arxiv.org/abs/2003.06713,existing_direct_paragraph_or_technology_mapping,EXISTING_MAPPING_REQUIRES_SEMANTIC_REVIEW,CONTROLLED_TERM_PROJECTION_REQUIRES_CLAIM_POLARITY_REVIEW,SRC_086_sourceTheorem,empirical_result=true;generation=true;output_subset=true;pointwise=true;reads_candidate_text=true;rerank=true;retrieval=true,,INCONCLUSIVE_UNFORMALIZED_SENTENCE,INCONCLUSIVE,,INCONCLUSIVE_REQUIRES_BILINGUAL_DOMAIN_REVIEW,INCONCLUSIVE,no controlled semantic atom recognized,Conditional proof only: source-summary formula truth and NL-to-formula adequacy are separate obligations.
SENT-0536,11.3.2,docs/11.用語・評価指標・参考文献/11.3.主要参考文献.md,22,"Wang, L. et al. (2022). Text Embeddings by Weakly-Supervised Contrastive Pre-training.",externally_cited_claim,UNFORMALIZED,UNFORMALIZED,,SRC-073,https://arxiv.org/abs/2212.03533,existing_direct_paragraph_or_technology_mapping,EXISTING_MAPPING_REQUIRES_SEMANTIC_REVIEW,CONTROLLED_TERM_PROJECTION_REQUIRES_CLAIM_POLARITY_REVIEW,SRC_073_sourceTheorem,benchmark=true;dense=true;embedding_model=true;empirical_result=true;evaluation=true;length_normalization=true;prefix_contract=true;retrieval=true;tf_saturation=true,,INCONCLUSIVE_UNFORMALIZED_SENTENCE,INCONCLUSIVE,,INCONCLUSIVE_REQUIRES_BILINGUAL_DOMAIN_REVIEW,INCONCLUSIVE,no controlled semantic atom recognized,Conditional proof only: source-summary formula truth and NL-to-formula adequacy are separate obligations.
SENT-0537,11.3.2,docs/11.用語・評価指標・参考文献/11.3.主要参考文献.md,23,"Muennighoff, N. et al. (2022). MTEB: Massive Text Embedding Benchmark.",externally_cited_claim,AND,"AND(ATOM(evaluation=true), ATOM(benchmark=true))",benchmark=true;evaluation=true,SRC-044,https://arxiv.org/abs/2210.07316,existing_direct_paragraph_or_technology_mapping,EXISTING_MAPPING_REQUIRES_SEMANTIC_REVIEW,CONTROLLED_TERM_PROJECTION_REQUIRES_CLAIM_POLARITY_REVIEW,SRC_044_sourceTheorem,benchmark=true;empirical_result=true;evaluation=true;rerank=true;retrieval=true,,PROVED_SOURCE_SUMMARY_ENTAILS_GUIDE_FORMULA,MODEL_PROVED,literature_SENT_0537,INCONCLUSIVE_REQUIRES_BILINGUAL_DOMAIN_REVIEW,INCONCLUSIVE,Lean checks the positive propositional derivation under source-summary premises,Conditional proof only: source-summary formula truth and NL-to-formula adequacy are separate obligations.
SENT-0538,11.3.2,docs/11.用語・評価指標・参考文献/11.3.主要参考文献.md,24,"Gao, L. et al. (2022). Precise Zero-Shot Dense Retrieval without Relevance Labels.",externally_cited_claim,AND,"AND(ATOM(dense=true), ATOM(retrieval=true))",dense=true;retrieval=true,SRC-065,https://arxiv.org/abs/2212.10496,existing_direct_paragraph_or_technology_mapping,EXISTING_MAPPING_REQUIRES_SEMANTIC_REVIEW,CONTROLLED_TERM_PROJECTION_REQUIRES_CLAIM_POLARITY_REVIEW,SRC_065_sourceTheorem,dense=true;empirical_result=true;generated_query_representation=true;generation=true;hard_constraints_preserved=true;retrieval=true;verification=true,,PROVED_SOURCE_SUMMARY_ENTAILS_GUIDE_FORMULA,MODEL_PROVED,literature_SENT_0538,INCONCLUSIVE_REQUIRES_BILINGUAL_DOMAIN_REVIEW,INCONCLUSIVE,Lean checks the positive propositional derivation under source-summary premises,Conditional proof only: source-summary formula truth and NL-to-formula adequacy are separate obligations.
SENT-0541,11.3.3,docs/11.用語・評価指標・参考文献/11.3.主要参考文献.md,29,"Guu, K. et al. (2020). REALM: Retrieval-Augmented Language Model Pre-Training.",externally_cited_claim,AND,"AND(ATOM(rag=true), ATOM(retrieval=true))",rag=true;retrieval=true,SRC-176,https://proceedings.mlr.press/v119/guu20a.html,existing_direct_paragraph_or_technology_mapping,EXISTING_MAPPING_REQUIRES_SEMANTIC_REVIEW,CONTROLLED_TERM_PROJECTION_REQUIRES_CLAIM_POLARITY_REVIEW,SRC_176_sourceTheorem,benchmark=true;empirical_result=true;evaluation=true;generation=true;modular=true;open_domain_qa=true;rag=true;retrieval=true,,PROVED_SOURCE_SUMMARY_ENTAILS_GUIDE_FORMULA,MODEL_PROVED,literature_SENT_0541,INCONCLUSIVE_REQUIRES_BILINGUAL_DOMAIN_REVIEW,INCONCLUSIVE,Lean checks the positive propositional derivation under source-summary premises,Conditional proof only: source-summary formula truth and NL-to-formula adequacy are separate obligations.
SENT-0542,11.3.3,docs/11.用語・評価指標・参考文献/11.3.主要参考文献.md,30,"Lewis, P. et al. (2020). Retrieval-Augmented Generation for Knowledge-Intensive NLP Tasks.",externally_cited_claim,AND,"AND(AND(ATOM(rag=true), ATOM(retrieval=true)), ATOM(knowledge_intensive=true))",knowledge_intensive=true;rag=true;retrieval=true,SRC-001,https://proceedings.neurips.cc/paper/2020/hash/6b493230205f780e1bc26945df7481e5-Abstract.html,existing_direct_paragraph_or_technology_mapping,EXISTING_MAPPING_REQUIRES_SEMANTIC_REVIEW,CONTROLLED_TERM_PROJECTION_REQUIRES_CLAIM_POLARITY_REVIEW,SRC_001_sourceTheorem,empirical_result=true;evaluation=true;external_knowledge=true;generation=true;knowledge_intensive=true;nonparametric_memory=true;open_domain_qa=true;parametric_memory=true;rag=true;retrieval=true;verification=true,,PROVED_SOURCE_SUMMARY_ENTAILS_GUIDE_FORMULA,MODEL_PROVED,literature_SENT_0542,INCONCLUSIVE_REQUIRES_BILINGUAL_DOMAIN_REVIEW,INCONCLUSIVE,Lean checks the positive propositional derivation under source-summary premises,Conditional proof only: source-summary formula truth and NL-to-formula adequacy are separate obligations.
SENT-0543,11.3.3,docs/11.用語・評価指標・参考文献/11.3.主要参考文献.md,31,"Izacard, G. and Grave, E. (2021). Leveraging Passage Retrieval with Generative Models for Open Domain Question Answering.",externally_cited_claim,AND,"AND(ATOM(retrieval=true), ATOM(open_domain_qa=true))",open_domain_qa=true;retrieval=true,SRC-141,https://arxiv.org/abs/2007.01282,existing_direct_paragraph_or_technology_mapping,EXISTING_MAPPING_REQUIRES_SEMANTIC_REVIEW,CONTROLLED_TERM_PROJECTION_REQUIRES_CLAIM_POLARITY_REVIEW,SRC_141_sourceTheorem,benchmark=true;empirical_result=true;evaluation=true;evidence_support=true;external_knowledge=true;generation=true;open_domain_qa=true;retrieval=true,,PROVED_SOURCE_SUMMARY_ENTAILS_GUIDE_FORMULA,MODEL_PROVED,literature_SENT_0543,INCONCLUSIVE_REQUIRES_BILINGUAL_DOMAIN_REVIEW,INCONCLUSIVE,Lean checks the positive propositional derivation under source-summary premises,Conditional proof only: source-summary formula truth and NL-to-formula adequacy are separate obligations.
SENT-0544,11.3.3,docs/11.用語・評価指標・参考文献/11.3.主要参考文献.md,32,"Menick, J. et al. (2022). Teaching Language Models to Support Answers with Verified Quotes.",externally_cited_claim,UNFORMALIZED,UNFORMALIZED,,SRC-100,https://arxiv.org/abs/2203.11147,existing_direct_paragraph_or_technology_mapping,EXISTING_MAPPING_REQUIRES_SEMANTIC_REVIEW,CONTROLLED_TERM_PROJECTION_REQUIRES_CLAIM_POLARITY_REVIEW,SRC_100_sourceTheorem,citation=true;empirical_result=true;evaluation=true;evidence_support=true;factuality=true;generation=true;hallucination=true;human_evaluation=true;retrieval=true,,INCONCLUSIVE_UNFORMALIZED_SENTENCE,INCONCLUSIVE,,INCONCLUSIVE_REQUIRES_BILINGUAL_DOMAIN_REVIEW,INCONCLUSIVE,no controlled semantic atom recognized,Conditional proof only: source-summary formula truth and NL-to-formula adequacy are separate obligations.
SENT-0545,11.3.3,docs/11.用語・評価指標・参考文献/11.3.主要参考文献.md,33,"Borgeaud, S. et al. (2022). Improving Language Models by Retrieving from Trillions of Tokens.",externally_cited_claim,ATOM,ATOM(retrieval=true),retrieval=true,SRC-177,https://proceedings.mlr.press/v162/borgeaud22a.html,existing_direct_paragraph_or_technology_mapping,EXISTING_MAPPING_REQUIRES_SEMANTIC_REVIEW,CONTROLLED_TERM_PROJECTION_REQUIRES_CLAIM_POLARITY_REVIEW,SRC_177_sourceTheorem,generation=true;retrieval=true;scalability=true,,PROVED_SOURCE_SUMMARY_ENTAILS_GUIDE_FORMULA,MODEL_PROVED,literature_SENT_0545,INCONCLUSIVE_REQUIRES_BILINGUAL_DOMAIN_REVIEW,INCONCLUSIVE,Lean checks the positive propositional derivation under source-summary premises,Conditional proof only: source-summary formula truth and NL-to-formula adequacy are separate obligations.
SENT-0546,11.3.3,docs/11.用語・評価指標・参考文献/11.3.主要参考文献.md,34,"Gao, T. et al. (2023). Enabling Large Language Models to Generate Text with Citations.",externally_cited_claim,AND,"AND(ATOM(generation=true), ATOM(citation=true))",citation=true;generation=true,SRC-003,https://aclanthology.org/2023.emnlp-main.398/,existing_direct_paragraph_or_technology_mapping,EXISTING_MAPPING_REQUIRES_SEMANTIC_REVIEW,CONTROLLED_TERM_PROJECTION_REQUIRES_CLAIM_POLARITY_REVIEW,SRC_003_sourceTheorem,citation=true;generation=true;retrieval=true,,PROVED_SOURCE_SUMMARY_ENTAILS_GUIDE_FORMULA,MODEL_PROVED,literature_SENT_0546,INCONCLUSIVE_REQUIRES_BILINGUAL_DOMAIN_REVIEW,INCONCLUSIVE,Lean checks the positive propositional derivation under source-summary premises,Conditional proof only: source-summary formula truth and NL-to-formula adequacy are separate obligations.
SENT-0547,11.3.3,docs/11.用語・評価指標・参考文献/11.3.主要参考文献.md,35,"Min, S. et al. (2023). FActScore: Fine-grained Atomic Evaluation of Factual Precision in Long Form Text Generation.",externally_cited_claim,ATOM,ATOM(factuality=true),factuality=true,SRC-094,https://arxiv.org/abs/2305.14251,existing_direct_paragraph_or_technology_mapping,EXISTING_MAPPING_REQUIRES_SEMANTIC_REVIEW,CONTROLLED_TERM_PROJECTION_REQUIRES_CLAIM_POLARITY_REVIEW,SRC_094_sourceTheorem,cost=true;empirical_result=true;evaluation=true;factuality=true;generation=true;human_evaluation=true;rag=true;retrieval=true,,PROVED_SOURCE_SUMMARY_ENTAILS_GUIDE_FORMULA,MODEL_PROVED,literature_SENT_0547,INCONCLUSIVE_REQUIRES_BILINGUAL_DOMAIN_REVIEW,INCONCLUSIVE,Lean checks the positive propositional derivation under source-summary premises,Conditional proof only: source-summary formula truth and NL-to-formula adequacy are separate obligations.
SENT-0548,11.3.4,docs/11.用語・評価指標・参考文献/11.3.主要参考文献.md,39,"Liu, N. F. et al. (2023). Lost in the Middle: How Language Models Use Long Contexts.",externally_cited_claim,ATOM,ATOM(long_context=true),long_context=true,SRC-171,https://aclanthology.org/2024.tacl-1.9/,existing_direct_paragraph_or_technology_mapping,EXISTING_MAPPING_REQUIRES_SEMANTIC_REVIEW,CONTROLLED_TERM_PROJECTION_REQUIRES_CLAIM_POLARITY_REVIEW,SRC_171_sourceTheorem,evaluation=true;generation=true;long_context=true;retrieval=true;verification=true,,PROVED_SOURCE_SUMMARY_ENTAILS_GUIDE_FORMULA,MODEL_PROVED,literature_SENT_0548,INCONCLUSIVE_REQUIRES_BILINGUAL_DOMAIN_REVIEW,INCONCLUSIVE,Lean checks the positive propositional derivation under source-summary premises,Conditional proof only: source-summary formula truth and NL-to-formula adequacy are separate obligations.
SENT-0549,11.3.4,docs/11.用語・評価指標・参考文献/11.3.主要参考文献.md,40,"Xu, F., Shi, W., and Choi, E. (2023). RECOMP: Improving Retrieval-Augmented LMs with Compression and Selective Augmentation.",externally_cited_claim,AND,"AND(ATOM(rag=true), ATOM(retrieval=true))",rag=true;retrieval=true,SRC-089,https://arxiv.org/abs/2310.04408,existing_direct_paragraph_or_technology_mapping,EXISTING_MAPPING_REQUIRES_SEMANTIC_REVIEW,CONTROLLED_TERM_PROJECTION_REQUIRES_CLAIM_POLARITY_REVIEW,SRC_089_sourceTheorem,compression=true;context_compression=true;cost=true;empirical_result=true;evaluation=true;generation=true;open_domain_qa=true;provenance_mapping_required=true;rag=true;retrieval=true,,PROVED_SOURCE_SUMMARY_ENTAILS_GUIDE_FORMULA,MODEL_PROVED,literature_SENT_0549,INCONCLUSIVE_REQUIRES_BILINGUAL_DOMAIN_REVIEW,INCONCLUSIVE,Lean checks the positive propositional derivation under source-summary premises,Conditional proof only: source-summary formula truth and NL-to-formula adequacy are separate obligations.
SENT-0550,11.3.4,docs/11.用語・評価指標・参考文献/11.3.主要参考文献.md,41,"Sarthi, P. et al. (2024). RAPTOR: Recursive Abstractive Processing for Tree-Organized Retrieval.",externally_cited_claim,ATOM,ATOM(retrieval=true),retrieval=true,SRC-033;SRC-154,https://arxiv.org/abs/2401.18059;https://proceedings.iclr.cc/paper_files/paper/2024/hash/8a2acd174940dbca361a6398a4f9df91-Abstract-Conference.html,existing_direct_paragraph_or_technology_mapping,EXISTING_MAPPING_REQUIRES_SEMANTIC_REVIEW,CONTROLLED_TERM_PROJECTION_REQUIRES_CLAIM_POLARITY_REVIEW,SRC_033_sourceTheorem;SRC_154_sourceTheorem,ab_testing=true;benchmark=true;empirical_result=true;evaluation=true;generated_summaries=true;generation=true;hierarchical=true;multi_hop=true;provenance_required=true;rag=true;retrieval=true;verification=true,,PROVED_SOURCE_SUMMARY_ENTAILS_GUIDE_FORMULA,MODEL_PROVED,literature_SENT_0550,INCONCLUSIVE_REQUIRES_BILINGUAL_DOMAIN_REVIEW,INCONCLUSIVE,Lean checks the positive propositional derivation under source-summary premises,Conditional proof only: source-summary formula truth and NL-to-formula adequacy are separate obligations.
SENT-0551,11.3.4,docs/11.用語・評価指標・参考文献/11.3.主要参考文献.md,42,"Edge, D. et al. (2024). From Local to Global: A Graph RAG Approach to Query-Focused Summarization.",externally_cited_claim,ATOM,ATOM(rag=true),rag=true,SRC-157,https://arxiv.org/abs/2404.16130,existing_direct_paragraph_or_technology_mapping,EXISTING_MAPPING_REQUIRES_SEMANTIC_REVIEW,CONTROLLED_TERM_PROJECTION_REQUIRES_CLAIM_POLARITY_REVIEW,SRC_157_sourceTheorem,diversity=true;empirical_result=true;external_knowledge=true;generation=true;graph=true;rag=true;retrieval=true,,PROVED_SOURCE_SUMMARY_ENTAILS_GUIDE_FORMULA,MODEL_PROVED,literature_SENT_0551,INCONCLUSIVE_REQUIRES_BILINGUAL_DOMAIN_REVIEW,INCONCLUSIVE,Lean checks the positive propositional derivation under source-summary premises,Conditional proof only: source-summary formula truth and NL-to-formula adequacy are separate obligations.
SENT-0552,11.3.4,docs/11.用語・評価指標・参考文献/11.3.主要参考文献.md,43,"Asai, A. et al. (2024). Self-RAG: Learning to Retrieve, Generate, and Critique through Self-Reflection.",externally_cited_claim,AND,"AND(AND(AND(ATOM(rag=true), ATOM(retrieval=true)), ATOM(generation=true)), ATOM(self_reflection=true))",generation=true;rag=true;retrieval=true;self_reflection=true,SRC-162,https://arxiv.org/abs/2310.11511,existing_direct_paragraph_or_technology_mapping,EXISTING_MAPPING_REQUIRES_SEMANTIC_REVIEW,CONTROLLED_TERM_PROJECTION_REQUIRES_CLAIM_POLARITY_REVIEW,SRC_162_sourceTheorem,generation=true;rag=true;retrieval=true;self_reflection=true,,PROVED_SOURCE_SUMMARY_ENTAILS_GUIDE_FORMULA,MODEL_PROVED,literature_SENT_0552,INCONCLUSIVE_REQUIRES_BILINGUAL_DOMAIN_REVIEW,INCONCLUSIVE,Lean checks the positive propositional derivation under source-summary premises,Conditional proof only: source-summary formula truth and NL-to-formula adequacy are separate obligations.
SENT-0553,11.3.4,docs/11.用語・評価指標・参考文献/11.3.主要参考文献.md,44,"Yan, S.-Q. et al. (2024). Corrective Retrieval Augmented Generation.",externally_cited_claim,AND,"AND(ATOM(rag=true), ATOM(retrieval=true))",rag=true;retrieval=true,SRC-097,https://arxiv.org/abs/2401.15884,existing_direct_paragraph_or_technology_mapping,EXISTING_MAPPING_REQUIRES_SEMANTIC_REVIEW,CONTROLLED_TERM_PROJECTION_REQUIRES_CLAIM_POLARITY_REVIEW,SRC_097_sourceTheorem,empirical_result=true;generation=true;hallucination=true;parametric_memory=true;rag=true;retrieval=true;security=true,,PROVED_SOURCE_SUMMARY_ENTAILS_GUIDE_FORMULA,MODEL_PROVED,literature_SENT_0553,INCONCLUSIVE_REQUIRES_BILINGUAL_DOMAIN_REVIEW,INCONCLUSIVE,Lean checks the positive propositional derivation under source-summary premises,Conditional proof only: source-summary formula truth and NL-to-formula adequacy are separate obligations.
SENT-0554,11.3.4,docs/11.用語・評価指標・参考文献/11.3.主要参考文献.md,45,"Yao, S. et al. (2023). ReAct: Synergizing Reasoning and Acting in Language Models.",externally_cited_claim,ATOM,ATOM(tool_use=true),tool_use=true,SRC-174,https://openreview.net/forum?id=WE_vluYUL-X,existing_direct_paragraph_or_technology_mapping,EXISTING_MAPPING_REQUIRES_SEMANTIC_REVIEW,CONTROLLED_TERM_PROJECTION_REQUIRES_CLAIM_POLARITY_REVIEW,SRC_174_sourceTheorem,generation=true;tool_use=true;verification=true,,PROVED_SOURCE_SUMMARY_ENTAILS_GUIDE_FORMULA,MODEL_PROVED,literature_SENT_0554,INCONCLUSIVE_REQUIRES_BILINGUAL_DOMAIN_REVIEW,INCONCLUSIVE,Lean checks the positive propositional derivation under source-summary premises,Conditional proof only: source-summary formula truth and NL-to-formula adequacy are separate obligations.
SENT-0555,11.3.4,docs/11.用語・評価指標・参考文献/11.3.主要参考文献.md,46,"Trivedi, H. et al. (2023). Interleaving Retrieval with Chain-of-Thought Reasoning for Knowledge-Intensive Multi-Step Questions.",externally_cited_claim,AND,"AND(ATOM(retrieval=true), ATOM(knowledge_intensive=true))",knowledge_intensive=true;retrieval=true,SRC-175,https://aclanthology.org/2023.acl-long.557/,existing_direct_paragraph_or_technology_mapping,EXISTING_MAPPING_REQUIRES_SEMANTIC_REVIEW,CONTROLLED_TERM_PROJECTION_REQUIRES_CLAIM_POLARITY_REVIEW,SRC_175_sourceTheorem,empirical_result=true;external_knowledge=true;generation=true;hallucination=true;iterative=true;knowledge_intensive=true;multi_hop=true;retrieval=true;temporal_freshness=true;verification=true,,PROVED_SOURCE_SUMMARY_ENTAILS_GUIDE_FORMULA,MODEL_PROVED,literature_SENT_0555,INCONCLUSIVE_REQUIRES_BILINGUAL_DOMAIN_REVIEW,INCONCLUSIVE,Lean checks the positive propositional derivation under source-summary premises,Conditional proof only: source-summary formula truth and NL-to-formula adequacy are separate obligations.
SENT-0556,11.3.5,docs/11.用語・評価指標・参考文献/11.3.主要参考文献.md,50,"Rajpurkar, P., Jia, R., and Liang, P. (2018). Know What You Don't Know: Unanswerable Questions for SQuAD.",externally_cited_claim,AND,"AND(ATOM(unanswerable=true), ATOM(answerability=true))",answerability=true;unanswerable=true,SRC-004,https://aclanthology.org/P18-2124/,existing_direct_paragraph_or_technology_mapping,EXISTING_MAPPING_REQUIRES_SEMANTIC_REVIEW,CONTROLLED_TERM_PROJECTION_REQUIRES_CLAIM_POLARITY_REVIEW,SRC_004_sourceTheorem,answerability=true;generation=true;unanswerable=true;verification=true,,PROVED_SOURCE_SUMMARY_ENTAILS_GUIDE_FORMULA,MODEL_PROVED,literature_SENT_0556,INCONCLUSIVE_REQUIRES_BILINGUAL_DOMAIN_REVIEW,INCONCLUSIVE,Lean checks the positive propositional derivation under source-summary premises,Conditional proof only: source-summary formula truth and NL-to-formula adequacy are separate obligations.
SENT-0557,11.3.5,docs/11.用語・評価指標・参考文献/11.3.主要参考文献.md,51,"Thorne, J. et al. (2018). FEVER: a Large-scale Dataset for Fact Extraction and VERification.",externally_cited_claim,AND,"AND(ATOM(verification=true), ATOM(scalability=true))",scalability=true;verification=true,SRC-007,https://aclanthology.org/N18-1074/,existing_direct_paragraph_or_technology_mapping,EXISTING_MAPPING_REQUIRES_SEMANTIC_REVIEW,CONTROLLED_TERM_PROJECTION_REQUIRES_CLAIM_POLARITY_REVIEW,SRC_007_sourceTheorem,benchmark=true;evidence_support=true;generation=true;verification=true,scalability=true,INCONCLUSIVE_UNSUPPORTED_ATOMS,INCONCLUSIVE,,INCONCLUSIVE_REQUIRES_BILINGUAL_DOMAIN_REVIEW,INCONCLUSIVE,guide formula contains atoms absent from the selected source summaries,Conditional proof only: source-summary formula truth and NL-to-formula adequacy are separate obligations.
SENT-0558,11.3.5,docs/11.用語・評価指標・参考文献/11.3.主要参考文献.md,52,"Ribeiro, M. T. et al. (2020). Beyond Accuracy: Behavioral Testing of NLP Models with CheckList.",externally_cited_claim,UNFORMALIZED,UNFORMALIZED,,SRC-108,https://aclanthology.org/2020.acl-main.442/,existing_direct_paragraph_or_technology_mapping,EXISTING_MAPPING_REQUIRES_SEMANTIC_REVIEW,CONTROLLED_TERM_PROJECTION_REQUIRES_CLAIM_POLARITY_REVIEW,SRC_108_sourceTheorem,evaluation=true;generation=true;verification=true,,INCONCLUSIVE_UNFORMALIZED_SENTENCE,INCONCLUSIVE,,INCONCLUSIVE_REQUIRES_BILINGUAL_DOMAIN_REVIEW,INCONCLUSIVE,no controlled semantic atom recognized,Conditional proof only: source-summary formula truth and NL-to-formula adequacy are separate obligations.
SENT-0559,11.3.5,docs/11.用語・評価指標・参考文献/11.3.主要参考文献.md,53,"Saltzer, J. H. and Schroeder, M. D. (1975). The Protection of Information in Computer Systems.",externally_cited_claim,UNFORMALIZED,UNFORMALIZED,,SRC-118,https://doi.org/10.1109/PROC.1975.9939,existing_direct_paragraph_or_technology_mapping,EXISTING_MAPPING_REQUIRES_SEMANTIC_REVIEW,CONTROLLED_TERM_PROJECTION_REQUIRES_CLAIM_POLARITY_REVIEW,SRC_118_sourceTheorem,authorization=true;security=true,,INCONCLUSIVE_UNFORMALIZED_SENTENCE,INCONCLUSIVE,,INCONCLUSIVE_REQUIRES_BILINGUAL_DOMAIN_REVIEW,INCONCLUSIVE,no controlled semantic atom recognized,Conditional proof only: source-summary formula truth and NL-to-formula adequacy are separate obligations.
SENT-0560,11.3.5,docs/11.用語・評価指標・参考文献/11.3.主要参考文献.md,54,"Sandhu, R. et al. (1996). Role-Based Access Control Models.",externally_cited_claim,UNFORMALIZED,UNFORMALIZED,,SRC-040,https://doi.org/10.1109/2.485845,existing_direct_paragraph_or_technology_mapping,EXISTING_MAPPING_REQUIRES_SEMANTIC_REVIEW,CONTROLLED_TERM_PROJECTION_REQUIRES_CLAIM_POLARITY_REVIEW,SRC_040_sourceTheorem,authorization=true,,INCONCLUSIVE_UNFORMALIZED_SENTENCE,INCONCLUSIVE,,INCONCLUSIVE_REQUIRES_BILINGUAL_DOMAIN_REVIEW,INCONCLUSIVE,no controlled semantic atom recognized,Conditional proof only: source-summary formula truth and NL-to-formula adequacy are separate obligations.
SENT-0561,11.3.5,docs/11.用語・評価指標・参考文献/11.3.主要参考文献.md,55,"Sculley, D. et al. (2015). Hidden Technical Debt in Machine Learning Systems.",externally_cited_claim,ATOM,ATOM(technical_debt=true),technical_debt=true,SRC-023,https://papers.nips.cc/paper/5656-hidden-technical-debt-in-machine-learning-systems,existing_direct_paragraph_or_technology_mapping,EXISTING_MAPPING_REQUIRES_SEMANTIC_REVIEW,CONTROLLED_TERM_PROJECTION_REQUIRES_CLAIM_POLARITY_REVIEW,SRC_023_sourceTheorem,risk=true;technical_debt=true,,PROVED_SOURCE_SUMMARY_ENTAILS_GUIDE_FORMULA,MODEL_PROVED,literature_SENT_0561,INCONCLUSIVE_REQUIRES_BILINGUAL_DOMAIN_REVIEW,INCONCLUSIVE,Lean checks the positive propositional derivation under source-summary premises,Conditional proof only: source-summary formula truth and NL-to-formula adequacy are separate obligations.
SENT-0562,11.3.5,docs/11.用語・評価指標・参考文献/11.3.主要参考文献.md,56,"Gebru, T. et al. (2021). Datasheets for Datasets.",externally_cited_claim,ATOM,ATOM(dataset_documentation=true),dataset_documentation=true,SRC-010,https://arxiv.org/abs/1803.09010,existing_direct_paragraph_or_technology_mapping,EXISTING_MAPPING_REQUIRES_SEMANTIC_REVIEW,CONTROLLED_TERM_PROJECTION_REQUIRES_CLAIM_POLARITY_REVIEW,SRC_010_sourceTheorem,dataset_documentation=true;retrieval=true,,PROVED_SOURCE_SUMMARY_ENTAILS_GUIDE_FORMULA,MODEL_PROVED,literature_SENT_0562,INCONCLUSIVE_REQUIRES_BILINGUAL_DOMAIN_REVIEW,INCONCLUSIVE,Lean checks the positive propositional derivation under source-summary premises,Conditional proof only: source-summary formula truth and NL-to-formula adequacy are separate obligations.
SENT-0563,11.3.5,docs/11.用語・評価指標・参考文献/11.3.主要参考文献.md,57,"Mitchell, M. et al. (2019). Model Cards for Model Reporting.",externally_cited_claim,ATOM,ATOM(model_documentation=true),model_documentation=true,SRC-130,https://arxiv.org/abs/1810.03993,existing_direct_paragraph_or_technology_mapping,EXISTING_MAPPING_REQUIRES_SEMANTIC_REVIEW,CONTROLLED_TERM_PROJECTION_REQUIRES_CLAIM_POLARITY_REVIEW,SRC_130_sourceTheorem,benchmark=true;evaluation=true;model_documentation=true;retrieval=true,,PROVED_SOURCE_SUMMARY_ENTAILS_GUIDE_FORMULA,MODEL_PROVED,literature_SENT_0563,INCONCLUSIVE_REQUIRES_BILINGUAL_DOMAIN_REVIEW,INCONCLUSIVE,Lean checks the positive propositional derivation under source-summary premises,Conditional proof only: source-summary formula truth and NL-to-formula adequacy are separate obligations.
SENT-0564,11.3.5,docs/11.用語・評価指標・参考文献/11.3.主要参考文献.md,58,"Greshake, K. et al. (2023). Not What You've Signed Up For: Compromising Real-World LLM-Integrated Applications with Indirect Prompt Injection.",externally_cited_claim,ATOM,ATOM(prompt_injection=true),prompt_injection=true,SRC-096,https://arxiv.org/abs/2302.12173,existing_direct_paragraph_or_technology_mapping,EXISTING_MAPPING_REQUIRES_SEMANTIC_REVIEW,CONTROLLED_TERM_PROJECTION_REQUIRES_CLAIM_POLARITY_REVIEW,SRC_096_sourceTheorem,generation=true;prompt_injection=true;retrieval=true;security=true,,PROVED_SOURCE_SUMMARY_ENTAILS_GUIDE_FORMULA,MODEL_PROVED,literature_SENT_0564,INCONCLUSIVE_REQUIRES_BILINGUAL_DOMAIN_REVIEW,INCONCLUSIVE,Lean checks the positive propositional derivation under source-summary premises,Conditional proof only: source-summary formula truth and NL-to-formula adequacy are separate obligations.
SENT-0571,2.1.1,docs/2.アーキテクチャ/2.1.RAGパイプライン全体像.md,6,Huangらのサーベイは、整理対象としたRAG研究を、単一検索に限らず反復検索と複数段階検索も含め、検索前処理、検索、検索後処理、生成の四段階へ分類しています。,externally_cited_claim,AND,"AND(AND(ATOM(multi_hop=true), ATOM(retrieval=true)), ATOM(generation=true))",generation=true;multi_hop=true;retrieval=true,SRC-008,https://doi.org/10.1145/3805774,existing_direct_paragraph_or_technology_mapping,EXISTING_MAPPING_REQUIRES_SEMANTIC_REVIEW,CONTROLLED_TERM_PROJECTION_REQUIRES_CLAIM_POLARITY_REVIEW,SRC_008_sourceTheorem,generation=true;rag=true;retrieval=true,multi_hop=true,INCONCLUSIVE_UNSUPPORTED_ATOMS,INCONCLUSIVE,,INCONCLUSIVE_REQUIRES_BILINGUAL_DOMAIN_REVIEW,INCONCLUSIVE,guide formula contains atoms absent from the selected source summaries,Conditional proof only: source-summary formula truth and NL-to-formula adequacy are separate obligations.
SENT-0639,2.2.2,docs/2.アーキテクチャ/2.2.検索前処理の概要.md,20,語彙一致が必要な識別子、意味検索（密検索、Dense retrieval）が適する言い換え、メタデータへ適用する条件を分けることで、後続の検索方式を選べます。,general_technical_claim,AND,"AND(AND(ATOM(lexical=true), ATOM(dense=true)), ATOM(retrieval=true))",dense=true;lexical=true;retrieval=true,SRC-008,https://doi.org/10.1145/3805774,same_chapter_candidate,CANDIDATE_REQUIRES_DOMAIN_REVIEW,CONTROLLED_TERM_PROJECTION_REQUIRES_CLAIM_POLARITY_REVIEW,SRC_008_sourceTheorem,generation=true;rag=true;retrieval=true,dense=true;lexical=true,INCONCLUSIVE_UNSUPPORTED_ATOMS,INCONCLUSIVE,,INCONCLUSIVE_REQUIRES_BILINGUAL_DOMAIN_REVIEW,INCONCLUSIVE,guide formula contains atoms absent from the selected source summaries,Conditional proof only: source-summary formula truth and NL-to-formula adequacy are separate obligations.
SENT-0640,2.2.2,docs/2.アーキテクチャ/2.2.検索前処理の概要.md,20,以後、本文では「密検索」を標準表記とします。,general_technical_claim,AND,"AND(ATOM(dense=true), ATOM(retrieval=true))",dense=true;retrieval=true,SRC-008,https://doi.org/10.1145/3805774,same_chapter_candidate,CANDIDATE_REQUIRES_DOMAIN_REVIEW,CONTROLLED_TERM_PROJECTION_REQUIRES_CLAIM_POLARITY_REVIEW,SRC_008_sourceTheorem,generation=true;rag=true;retrieval=true,dense=true,INCONCLUSIVE_UNSUPPORTED_ATOMS,INCONCLUSIVE,,INCONCLUSIVE_REQUIRES_BILINGUAL_DOMAIN_REVIEW,INCONCLUSIVE,guide formula contains atoms absent from the selected source summaries,Conditional proof only: source-summary formula truth and NL-to-formula adequacy are separate obligations.
SENT-0647,2.3.1,docs/2.アーキテクチャ/2.3.検索の概要.md,10,ハイブリッド検索は両方の候補を統合し、どちらか一方だけでは回収しにくい質問へ対応します。,general_technical_claim,ATOM,ATOM(retrieval=true),retrieval=true,SRC-008,https://doi.org/10.1145/3805774,same_chapter_candidate,CANDIDATE_REQUIRES_DOMAIN_REVIEW,CONTROLLED_TERM_PROJECTION_REQUIRES_CLAIM_POLARITY_REVIEW,SRC_008_sourceTheorem,generation=true;rag=true;retrieval=true,,PROVED_SOURCE_SUMMARY_ENTAILS_GUIDE_FORMULA,MODEL_PROVED,literature_SENT_0647,INCONCLUSIVE_REQUIRES_BILINGUAL_DOMAIN_REVIEW,INCONCLUSIVE,Lean checks the positive propositional derivation under source-summary premises,Conditional proof only: source-summary formula truth and NL-to-formula adequacy are separate obligations.
SENT-0649,2.3.1,docs/2.アーキテクチャ/2.3.検索の概要.md,13,検索方式ごとの候補、順位、スコア、フィルター前後の件数を記録すると、語彙、埋め込み、条件、索引のどこを調整すべきか判断できます。,general_technical_claim,ATOM,ATOM(retrieval=true),retrieval=true,SRC-008,https://doi.org/10.1145/3805774,same_chapter_candidate,CANDIDATE_REQUIRES_DOMAIN_REVIEW,CONTROLLED_TERM_PROJECTION_REQUIRES_CLAIM_POLARITY_REVIEW,SRC_008_sourceTheorem,generation=true;rag=true;retrieval=true,,PROVED_SOURCE_SUMMARY_ENTAILS_GUIDE_FORMULA,MODEL_PROVED,literature_SENT_0649,INCONCLUSIVE_REQUIRES_BILINGUAL_DOMAIN_REVIEW,INCONCLUSIVE,Lean checks the positive propositional derivation under source-summary premises,Conditional proof only: source-summary formula truth and NL-to-formula adequacy are separate obligations.
SENT-0658,2.4.1,docs/2.アーキテクチャ/2.4.検索後処理の概要.md,8,検索器ごとに異なる候補形式を共通の項目へそろえ、同じ内容の複製と近接チャンクをまとめます。,general_technical_claim,ATOM,ATOM(retrieval=true),retrieval=true,SRC-008,https://doi.org/10.1145/3805774,same_chapter_candidate,CANDIDATE_REQUIRES_DOMAIN_REVIEW,CONTROLLED_TERM_PROJECTION_REQUIRES_CLAIM_POLARITY_REVIEW,SRC_008_sourceTheorem,generation=true;rag=true;retrieval=true,,PROVED_SOURCE_SUMMARY_ENTAILS_GUIDE_FORMULA,MODEL_PROVED,literature_SENT_0658,INCONCLUSIVE_REQUIRES_BILINGUAL_DOMAIN_REVIEW,INCONCLUSIVE,Lean checks the positive propositional derivation under source-summary premises,Conditional proof only: source-summary formula truth and NL-to-formula adequacy are separate obligations.
SENT-0689,2.6.2,docs/2.アーキテクチャ/2.6.評価の概要.md,27,方式の採否では、品質、応答時間、費用、安全性を同じ評価runで測り、一指標の改善とシステム全体の回帰を分けて判定します。,empirical_or_research_claim,AND,"AND(AND(AND(AND(ATOM(temporal_freshness=true), ATOM(evaluation=true)), ATOM(latency=true)), ATOM(cost=true)), ATOM(empirical_result=true))",cost=true;empirical_result=true;evaluation=true;latency=true;temporal_freshness=true,SRC-008,https://doi.org/10.1145/3805774,same_chapter_candidate,CANDIDATE_REQUIRES_DOMAIN_REVIEW,CONTROLLED_TERM_PROJECTION_REQUIRES_CLAIM_POLARITY_REVIEW,SRC_008_sourceTheorem,generation=true;rag=true;retrieval=true,cost=true;empirical_result=true;evaluation=true;latency=true;temporal_freshness=true,INCONCLUSIVE_UNSUPPORTED_ATOMS,INCONCLUSIVE,,INCONCLUSIVE_REQUIRES_BILINGUAL_DOMAIN_REVIEW,INCONCLUSIVE,guide formula contains atoms absent from the selected source summaries,Conditional proof only: source-summary formula truth and NL-to-formula adequacy are separate obligations.
SENT-0695,2.7.1,docs/2.アーキテクチャ/2.7.非機能と運用の概要.md,9,間接プロンプトインジェクションは、検索された文書などの外部データに埋め込まれた命令を、LLM統合アプリが指示として処理してしまう攻撃です。,general_technical_claim,AND,"AND(AND(ATOM(retrieval=true), ATOM(security=true)), ATOM(prompt_injection=true))",prompt_injection=true;retrieval=true;security=true,SRC-008,https://doi.org/10.1145/3805774,same_chapter_candidate,CANDIDATE_REQUIRES_DOMAIN_REVIEW,CONTROLLED_TERM_PROJECTION_REQUIRES_CLAIM_POLARITY_REVIEW,SRC_008_sourceTheorem,generation=true;rag=true;retrieval=true,prompt_injection=true;security=true,INCONCLUSIVE_UNSUPPORTED_ATOMS,INCONCLUSIVE,,INCONCLUSIVE_REQUIRES_BILINGUAL_DOMAIN_REVIEW,INCONCLUSIVE,guide formula contains atoms absent from the selected source summaries,Conditional proof only: source-summary formula truth and NL-to-formula adequacy are separate obligations.
SENT-0711,2.7.3,docs/2.アーキテクチャ/2.7.非機能と運用の概要.md,36,候補数、reranking件数、context量を減らしたとき、遅延、費用、Recall、Evidence sufficiency、citation correctnessがどう変化するかを対象データで測定します。,general_technical_claim,IMPLIES,"IMP(ATOM(rerank=true), AND(AND(AND(AND(ATOM(citation=true), ATOM(evidence_support=true)), ATOM(evaluation=true)), ATOM(recall_metric=true)), ATOM(cost=true)))",citation=true;cost=true;evaluation=true;evidence_support=true;recall_metric=true;rerank=true,SRC-008,https://doi.org/10.1145/3805774,same_chapter_candidate,CANDIDATE_REQUIRES_DOMAIN_REVIEW,CONTROLLED_TERM_PROJECTION_REQUIRES_CLAIM_POLARITY_REVIEW,SRC_008_sourceTheorem,generation=true;rag=true;retrieval=true,citation=true;cost=true;evaluation=true;evidence_support=true;recall_metric=true;rerank=true,INCONCLUSIVE_RELATION_NOT_SUPPORTED_BY_POSITIVE_SOURCE_FACTS,INCONCLUSIVE,,INCONCLUSIVE_REQUIRES_BILINGUAL_DOMAIN_REVIEW,INCONCLUSIVE,implication/negation requires a relation-preserving source formalization,Conditional proof only: source-summary formula truth and NL-to-formula adequacy are separate obligations.
SENT-0733,INTRO-2,docs/2.アーキテクチャ/序文.md,7,この分類は、Huangらの検索拡張テキスト生成に関するサーベイが、RAGの研究を検索の観点から四段階に整理した枠組みに基づきます。,externally_cited_claim,AND,"AND(ATOM(retrieval=true), ATOM(generation=true))",generation=true;retrieval=true,SRC-008,https://doi.org/10.1145/3805774,existing_direct_paragraph_or_technology_mapping,EXISTING_MAPPING_REQUIRES_SEMANTIC_REVIEW,CONTROLLED_TERM_PROJECTION_REQUIRES_CLAIM_POLARITY_REVIEW,SRC_008_sourceTheorem,generation=true;rag=true;retrieval=true,,PROVED_SOURCE_SUMMARY_ENTAILS_GUIDE_FORMULA,MODEL_PROVED,literature_SENT_0733,INCONCLUSIVE_REQUIRES_BILINGUAL_DOMAIN_REVIEW,INCONCLUSIVE,Lean checks the positive propositional derivation under source-summary premises,Conditional proof only: source-summary formula truth and NL-to-formula adequacy are separate obligations.
SENT-0745,3.1.1,docs/3.回答に使う資料を準備する/3.1.データソース棚卸し.md,12,"「“Everyone wants to do the model work, not the data work”: Data Cascades in High-Stakes AI」（2021年）は、高リスクAIシステムを対象に、データの収集・管理上の問題が下流へ連鎖する事例を調査しました。",externally_cited_claim,ATOM,ATOM(risk=true),risk=true,SRC-009,https://dl.acm.org/doi/10.1145/3411764.3445518,existing_direct_paragraph_or_technology_mapping,EXISTING_MAPPING_REQUIRES_SEMANTIC_REVIEW,CONTROLLED_TERM_PROJECTION_REQUIRES_CLAIM_POLARITY_REVIEW,SRC_009_sourceTheorem,data_quality=true,risk=true,INCONCLUSIVE_UNSUPPORTED_ATOMS,INCONCLUSIVE,,INCONCLUSIVE_REQUIRES_BILINGUAL_DOMAIN_REVIEW,INCONCLUSIVE,guide formula contains atoms absent from the selected source summaries,Conditional proof only: source-summary formula truth and NL-to-formula adequacy are separate obligations.
SENT-0762,3.1.1,docs/3.回答に使う資料を準備する/3.1.データソース棚卸し.md,36,Datasheets for Datasetsは、データセットの作成目的、構成、収集、利用、保守などを記録する枠組みを提案しました。,externally_cited_claim,ATOM,ATOM(dataset_documentation=true),dataset_documentation=true,SRC-010,https://arxiv.org/abs/1803.09010,existing_direct_paragraph_or_technology_mapping,EXISTING_MAPPING_REQUIRES_SEMANTIC_REVIEW,CONTROLLED_TERM_PROJECTION_REQUIRES_CLAIM_POLARITY_REVIEW,SRC_010_sourceTheorem,dataset_documentation=true;retrieval=true,,PROVED_SOURCE_SUMMARY_ENTAILS_GUIDE_FORMULA,MODEL_PROVED,literature_SENT_0762,INCONCLUSIVE_REQUIRES_BILINGUAL_DOMAIN_REVIEW,INCONCLUSIVE,Lean checks the positive propositional derivation under source-summary premises,Conditional proof only: source-summary formula truth and NL-to-formula adequacy are separate obligations.
SENT-0780,3.1.2,docs/3.回答に使う資料を準備する/3.1.データソース棚卸し.md,63,Data Statementsは、自然言語データについて、言語、地域、話者、収集条件などを明示することを提案しました。,externally_cited_claim,ATOM,ATOM(dataset_documentation=true),dataset_documentation=true,SRC-011,https://aclanthology.org/Q18-1041/,existing_direct_paragraph_or_technology_mapping,EXISTING_MAPPING_REQUIRES_SEMANTIC_REVIEW,CONTROLLED_TERM_PROJECTION_REQUIRES_CLAIM_POLARITY_REVIEW,SRC_011_sourceTheorem,dataset_documentation=true;verification=true,,PROVED_SOURCE_SUMMARY_ENTAILS_GUIDE_FORMULA,MODEL_PROVED,literature_SENT_0780,INCONCLUSIVE_REQUIRES_BILINGUAL_DOMAIN_REVIEW,INCONCLUSIVE,Lean checks the positive propositional derivation under source-summary premises,Conditional proof only: source-summary formula truth and NL-to-formula adequacy are separate obligations.
SENT-0790,3.1.3,docs/3.回答に使う資料を準備する/3.1.データソース棚卸し.md,78,時間を考慮したRAGの研究も、時間情報を検索と生成へ取り込む必要性を扱っています。,externally_cited_claim,AND,"AND(AND(ATOM(retrieval=true), ATOM(generation=true)), ATOM(temporal_freshness=true))",generation=true;retrieval=true;temporal_freshness=true,SRC-012,https://arxiv.org/abs/2401.13222,existing_direct_paragraph_or_technology_mapping,EXISTING_MAPPING_REQUIRES_SEMANTIC_REVIEW,CONTROLLED_TERM_PROJECTION_REQUIRES_CLAIM_POLARITY_REVIEW,SRC_012_sourceTheorem,generation=true;rag=true;retrieval=true;temporal_freshness=true,,PROVED_SOURCE_SUMMARY_ENTAILS_GUIDE_FORMULA,MODEL_PROVED,literature_SENT_0790,INCONCLUSIVE_REQUIRES_BILINGUAL_DOMAIN_REVIEW,INCONCLUSIVE,Lean checks the positive propositional derivation under source-summary premises,Conditional proof only: source-summary formula truth and NL-to-formula adequacy are separate obligations.
SENT-0791,3.1.3,docs/3.回答に使う資料を準備する/3.1.データソース棚卸し.md,80,FreshLLMsは、変化の速い知識を含む質問を評価し、検索拡張を利用しました。,externally_cited_claim,AND,"AND(ATOM(retrieval=true), ATOM(evaluation=true))",evaluation=true;retrieval=true,SRC-013,https://arxiv.org/abs/2310.03214,existing_direct_paragraph_or_technology_mapping,EXISTING_MAPPING_REQUIRES_SEMANTIC_REVIEW,CONTROLLED_TERM_PROJECTION_REQUIRES_CLAIM_POLARITY_REVIEW,SRC_013_sourceTheorem,benchmark=true;empirical_result=true;evaluation=true;evidence_support=true;factuality=true;generation=true;hallucination=true;human_evaluation=true;retrieval=true;temporal_freshness=true,,PROVED_SOURCE_SUMMARY_ENTAILS_GUIDE_FORMULA,MODEL_PROVED,literature_SENT_0791,INCONCLUSIVE_REQUIRES_BILINGUAL_DOMAIN_REVIEW,INCONCLUSIVE,Lean checks the positive propositional derivation under source-summary premises,Conditional proof only: source-summary formula truth and NL-to-formula adequacy are separate obligations.
SENT-0801,3.1.3,docs/3.回答に使う資料を準備する/3.1.データソース棚卸し.md,93,文書の類似性と包含関係の研究で用いられた、連続する語や文字のまとまりを照合するシングリングなどは、近い文書の検出に利用できます。,externally_cited_claim,ATOM,ATOM(verification=true),verification=true,SRC-014,https://ieeexplore.ieee.org/document/666900,existing_direct_paragraph_or_technology_mapping,EXISTING_MAPPING_REQUIRES_SEMANTIC_REVIEW,CONTROLLED_TERM_PROJECTION_REQUIRES_CLAIM_POLARITY_REVIEW,SRC_014_sourceTheorem,dedup=true;verification=true,,PROVED_SOURCE_SUMMARY_ENTAILS_GUIDE_FORMULA,MODEL_PROVED,literature_SENT_0801,INCONCLUSIVE_REQUIRES_BILINGUAL_DOMAIN_REVIEW,INCONCLUSIVE,Lean checks the positive propositional derivation under source-summary premises,Conditional proof only: source-summary formula truth and NL-to-formula adequacy are separate obligations.
SENT-0807,3.1.4,docs/3.回答に使う資料を準備する/3.1.データソース棚卸し.md,104,MRKL Systemsは、言語モデルから検索、計算、データベースなどの専門モジュールへ処理を振り分ける考え方を示しました。,externally_cited_claim,AND,"AND(AND(ATOM(retrieval=true), ATOM(generation=true)), ATOM(modular=true))",generation=true;modular=true;retrieval=true,SRC-015,https://arxiv.org/abs/2205.00445,existing_direct_paragraph_or_technology_mapping,EXISTING_MAPPING_REQUIRES_SEMANTIC_REVIEW,CONTROLLED_TERM_PROJECTION_REQUIRES_CLAIM_POLARITY_REVIEW,SRC_015_sourceTheorem,external_knowledge=true;generation=true;modular=true;retrieval=true,,PROVED_SOURCE_SUMMARY_ENTAILS_GUIDE_FORMULA,MODEL_PROVED,literature_SENT_0807,INCONCLUSIVE_REQUIRES_BILINGUAL_DOMAIN_REVIEW,INCONCLUSIVE,Lean checks the positive propositional derivation under source-summary premises,Conditional proof only: source-summary formula truth and NL-to-formula adequacy are separate obligations.
SENT-0817,3.1.5,docs/3.回答に使う資料を準備する/3.1.データソース棚卸し.md,120,Closing the AI Accountability Gapが提示した内部アルゴリズム監査の枠組みは、システムの企画、開発、導入、運用、廃止を通じた説明責任を対象にしています。,externally_cited_claim,UNFORMALIZED,UNFORMALIZED,,SRC-016,https://arxiv.org/abs/2001.00973,existing_direct_paragraph_or_technology_mapping,EXISTING_MAPPING_REQUIRES_SEMANTIC_REVIEW,CONTROLLED_TERM_PROJECTION_REQUIRES_CLAIM_POLARITY_REVIEW,SRC_016_sourceTheorem,retrieval=true,,INCONCLUSIVE_UNFORMALIZED_SENTENCE,INCONCLUSIVE,,INCONCLUSIVE_REQUIRES_BILINGUAL_DOMAIN_REVIEW,INCONCLUSIVE,no controlled semantic atom recognized,Conditional proof only: source-summary formula truth and NL-to-formula adequacy are separate obligations.
SENT-0831,3.1.6,docs/3.回答に使う資料を準備する/3.1.データソース棚卸し.md,142,ML Test Scoreのrubricは、学習済みmodelの品質だけでなく、dataとpipelineを含むML systemの本番準備度を評価対象にしています。,externally_cited_claim,AND,"AND(ATOM(evaluation=true), ATOM(dataflow=true))",dataflow=true;evaluation=true,SRC-017,https://research.google/pubs/the-ml-test-score-a-rubric-for-ml-production-readiness-and-technical-debt-reduction/,existing_direct_paragraph_or_technology_mapping,EXISTING_MAPPING_REQUIRES_SEMANTIC_REVIEW,CONTROLLED_TERM_PROJECTION_REQUIRES_CLAIM_POLARITY_REVIEW,SRC_017_sourceTheorem,empirical_result=true;evaluation=true;retrieval=true,dataflow=true,INCONCLUSIVE_UNSUPPORTED_ATOMS,INCONCLUSIVE,,INCONCLUSIVE_REQUIRES_BILINGUAL_DOMAIN_REVIEW,INCONCLUSIVE,guide formula contains atoms absent from the selected source summaries,Conditional proof only: source-summary formula truth and NL-to-formula adequacy are separate obligations.
SENT-0840,3.2.1,docs/3.回答に使う資料を準備する/3.2.Ingestion設計.md,13,FlumeJavaが対象としたdata-parallel pipelineでは、処理を再利用可能な変換段階として構成します。,externally_cited_claim,ATOM,ATOM(dataflow=true),dataflow=true,SRC-018,https://research.google/pubs/flumejava-easy-efficient-data-parallel-pipelines/,existing_direct_paragraph_or_technology_mapping,EXISTING_MAPPING_REQUIRES_SEMANTIC_REVIEW,CONTROLLED_TERM_PROJECTION_REQUIRES_CLAIM_POLARITY_REVIEW,SRC_018_sourceTheorem,dataflow=true;evaluation=true;retrieval=true,,PROVED_SOURCE_SUMMARY_ENTAILS_GUIDE_FORMULA,MODEL_PROVED,literature_SENT_0840,INCONCLUSIVE_REQUIRES_BILINGUAL_DOMAIN_REVIEW,INCONCLUSIVE,Lean checks the positive propositional derivation under source-summary premises,Conditional proof only: source-summary formula truth and NL-to-formula adequacy are separate obligations.
SENT-0865,3.2.2,docs/3.回答に使う資料を準備する/3.2.Ingestion設計.md,49,Dataflow Modelは、batch処理と継続処理を、正しさ、結果が利用可能になるまでの時間、処理費用という三観点で扱っています。,externally_cited_claim,AND,"AND(AND(AND(ATOM(temporal_freshness=true), ATOM(cost=true)), ATOM(dataflow=true)), ATOM(empirical_result=true))",cost=true;dataflow=true;empirical_result=true;temporal_freshness=true,SRC-020,https://doi.org/10.14778/2824032.2824076,existing_direct_paragraph_or_technology_mapping,EXISTING_MAPPING_REQUIRES_SEMANTIC_REVIEW,CONTROLLED_TERM_PROJECTION_REQUIRES_CLAIM_POLARITY_REVIEW,SRC_020_sourceTheorem,dataflow=true,cost=true;empirical_result=true;temporal_freshness=true,INCONCLUSIVE_UNSUPPORTED_ATOMS,INCONCLUSIVE,,INCONCLUSIVE_REQUIRES_BILINGUAL_DOMAIN_REVIEW,INCONCLUSIVE,guide formula contains atoms absent from the selected source summaries,Conditional proof only: source-summary formula truth and NL-to-formula adequacy are separate obligations.
SENT-0872,3.2.2,docs/3.回答に使う資料を準備する/3.2.Ingestion設計.md,59,Delta Lakeは、トランザクションログとスナップショットによってデータの版と過去状態を扱います。,externally_cited_claim,ATOM,ATOM(acid=true),acid=true,SRC-021,https://www.vldb.org/pvldb/vol13/p3411-armbrust.pdf,existing_direct_paragraph_or_technology_mapping,EXISTING_MAPPING_REQUIRES_SEMANTIC_REVIEW,CONTROLLED_TERM_PROJECTION_REQUIRES_CLAIM_POLARITY_REVIEW,SRC_021_sourceTheorem,acid=true;attribution=true;cost=true;retrieval=true,,PROVED_SOURCE_SUMMARY_ENTAILS_GUIDE_FORMULA,MODEL_PROVED,literature_SENT_0872,INCONCLUSIVE_REQUIRES_BILINGUAL_DOMAIN_REVIEW,INCONCLUSIVE,Lean checks the positive propositional derivation under source-summary premises,Conditional proof only: source-summary formula truth and NL-to-formula adequacy are separate obligations.
SENT-0880,3.2.3,docs/3.回答に使う資料を準備する/3.2.Ingestion設計.md,72,MillWheelは、永続状態と、処理済み位置を保存して再開点とするチェックポイントを用いたストリーム処理の耐障害性を扱いました。,externally_cited_claim,ATOM,ATOM(fault_tolerance=true),fault_tolerance=true,SRC-022,https://www.vldb.org/pvldb/vol6/p1033-akidau.pdf,existing_direct_paragraph_or_technology_mapping,EXISTING_MAPPING_REQUIRES_SEMANTIC_REVIEW,CONTROLLED_TERM_PROJECTION_REQUIRES_CLAIM_POLARITY_REVIEW,SRC_022_sourceTheorem,citation=true;cost=true;fault_tolerance=true;generation=true;latency=true;scalability=true,,PROVED_SOURCE_SUMMARY_ENTAILS_GUIDE_FORMULA,MODEL_PROVED,literature_SENT_0880,INCONCLUSIVE_REQUIRES_BILINGUAL_DOMAIN_REVIEW,INCONCLUSIVE,Lean checks the positive propositional derivation under source-summary premises,Conditional proof only: source-summary formula truth and NL-to-formula adequacy are separate obligations.
SENT-0883,3.2.3,docs/3.回答に使う資料を準備する/3.2.Ingestion設計.md,76,一方で、必要な再処理を省くと、古いチャンク、ベクトル、ACLが残ります。,general_technical_claim,ATOM,ATOM(authorization=true),authorization=true,SRC-040;SRC-041,https://doi.org/10.1109/2.485845;https://arxiv.org/abs/2403.04651,same_chapter_candidate,CANDIDATE_REQUIRES_DOMAIN_REVIEW,CONTROLLED_TERM_PROJECTION_REQUIRES_CLAIM_POLARITY_REVIEW,SRC_040_sourceTheorem;SRC_041_sourceTheorem,authorization=true;evaluation=true;retrieval=true,,PROVED_SOURCE_SUMMARY_ENTAILS_GUIDE_FORMULA,MODEL_PROVED,literature_SENT_0883,INCONCLUSIVE_REQUIRES_BILINGUAL_DOMAIN_REVIEW,INCONCLUSIVE,Lean checks the positive propositional derivation under source-summary premises,Conditional proof only: source-summary formula truth and NL-to-formula adequacy are separate obligations.
SENT-0908,3.2.4,docs/3.回答に使う資料を準備する/3.2.Ingestion設計.md,112,情報源API、OCR（Optical Character Recognition、光学文字認識）、埋め込みサービス、ベクトルストアは、それぞれ異なる処理能力と利用上限を持ちます。,general_technical_claim,ATOM,ATOM(ocr=true),ocr=true,SRC-028;SRC-030,https://arxiv.org/abs/2111.15664;https://arxiv.org/abs/2308.13418,same_chapter_candidate,CANDIDATE_REQUIRES_DOMAIN_REVIEW,CONTROLLED_TERM_PROJECTION_REQUIRES_CLAIM_POLARITY_REVIEW,SRC_028_sourceTheorem;SRC_030_sourceTheorem,cost=true;empirical_result=true;ocr=true;retrieval=true,,PROVED_SOURCE_SUMMARY_ENTAILS_GUIDE_FORMULA,MODEL_PROVED,literature_SENT_0908,INCONCLUSIVE_REQUIRES_BILINGUAL_DOMAIN_REVIEW,INCONCLUSIVE,Lean checks the positive propositional derivation under source-summary premises,Conditional proof only: source-summary formula truth and NL-to-formula adequacy are separate obligations.
SENT-0942,3.2.7,docs/3.回答に使う資料を準備する/3.2.Ingestion設計.md,165,段階ごとのトレースへ、スナップショット、処理版、エラーコードを付けると、取得遅延、OCR混雑、埋め込みの利用上限を区別できます。,general_technical_claim,ATOM,ATOM(retrieval=true),retrieval=true,SRC-018;SRC-021,https://research.google/pubs/flumejava-easy-efficient-data-parallel-pipelines/;https://www.vldb.org/pvldb/vol13/p3411-armbrust.pdf,same_file_candidate,CANDIDATE_REQUIRES_DOMAIN_REVIEW,CONTROLLED_TERM_PROJECTION_REQUIRES_CLAIM_POLARITY_REVIEW,SRC_018_sourceTheorem;SRC_021_sourceTheorem,acid=true;attribution=true;cost=true;dataflow=true;evaluation=true;retrieval=true,,PROVED_SOURCE_SUMMARY_ENTAILS_GUIDE_FORMULA,MODEL_PROVED,literature_SENT_0942,INCONCLUSIVE_REQUIRES_BILINGUAL_DOMAIN_REVIEW,INCONCLUSIVE,Lean checks the positive propositional derivation under source-summary premises,Conditional proof only: source-summary formula truth and NL-to-formula adequacy are separate obligations.
SENT-0943,3.2.7,docs/3.回答に使う資料を準備する/3.2.Ingestion設計.md,167,Hidden Technical Debt in Machine Learning Systemsは、ML system内の監視されない依存関係と構成設定をtechnical debtの要因として論じています。,externally_cited_claim,NOT,NOT(ATOM(technical_debt=true)),technical_debt=true,SRC-023,https://papers.nips.cc/paper/5656-hidden-technical-debt-in-machine-learning-systems,existing_direct_paragraph_or_technology_mapping,EXISTING_MAPPING_REQUIRES_SEMANTIC_REVIEW,CONTROLLED_TERM_PROJECTION_REQUIRES_CLAIM_POLARITY_REVIEW,SRC_023_sourceTheorem,risk=true;technical_debt=true,,INCONCLUSIVE_RELATION_NOT_SUPPORTED_BY_POSITIVE_SOURCE_FACTS,INCONCLUSIVE,,INCONCLUSIVE_REQUIRES_BILINGUAL_DOMAIN_REVIEW,INCONCLUSIVE,implication/negation requires a relation-preserving source formalization,Conditional proof only: source-summary formula truth and NL-to-formula adequacy are separate obligations.
SENT-0951,3.3.1,docs/3.回答に使う資料を準備する/3.3.文書解析と正規化.md,12,LayoutLMv3は、テキストと画像領域を統合して事前学習し、複数の文書理解タスクで評価されました。,externally_cited_claim,ATOM,ATOM(evaluation=true),evaluation=true,SRC-024,https://arxiv.org/abs/2204.08387,existing_direct_paragraph_or_technology_mapping,EXISTING_MAPPING_REQUIRES_SEMANTIC_REVIEW,CONTROLLED_TERM_PROJECTION_REQUIRES_CLAIM_POLARITY_REVIEW,SRC_024_sourceTheorem,multimodal=true,evaluation=true,INCONCLUSIVE_UNSUPPORTED_ATOMS,INCONCLUSIVE,,INCONCLUSIVE_REQUIRES_BILINGUAL_DOMAIN_REVIEW,INCONCLUSIVE,guide formula contains atoms absent from the selected source summaries,Conditional proof only: source-summary formula truth and NL-to-formula adequacy are separate obligations.
SENT-0952,3.3.1,docs/3.回答に使う資料を準備する/3.3.文書解析と正規化.md,13,PubLayNet論文が公開したdocument layout datasetには、文書画像中の本文、見出し、表、図などの領域annotationが含まれます。,externally_cited_claim,ATOM,ATOM(layout=true),layout=true,SRC-025,https://arxiv.org/abs/1908.07836,existing_direct_paragraph_or_technology_mapping,EXISTING_MAPPING_REQUIRES_SEMANTIC_REVIEW,CONTROLLED_TERM_PROJECTION_REQUIRES_CLAIM_POLARITY_REVIEW,SRC_025_sourceTheorem,benchmark=true;empirical_result=true;evaluation=true;layout=true;retrieval=true,,PROVED_SOURCE_SUMMARY_ENTAILS_GUIDE_FORMULA,MODEL_PROVED,literature_SENT_0952,INCONCLUSIVE_REQUIRES_BILINGUAL_DOMAIN_REVIEW,INCONCLUSIVE,Lean checks the positive propositional derivation under source-summary premises,Conditional proof only: source-summary formula truth and NL-to-formula adequacy are separate obligations.
SENT-0953,3.3.1,docs/3.回答に使う資料を準備する/3.3.文書解析と正規化.md,14,これらの研究は、文書理解に文字以外のレイアウト情報が必要なことを示します。,empirical_or_research_claim,ATOM,ATOM(layout=true),layout=true,SRC-024;SRC-025,https://arxiv.org/abs/2204.08387;https://arxiv.org/abs/1908.07836,existing_direct_paragraph_or_technology_mapping,EXISTING_MAPPING_REQUIRES_SEMANTIC_REVIEW,CONTROLLED_TERM_PROJECTION_REQUIRES_CLAIM_POLARITY_REVIEW,SRC_024_sourceTheorem;SRC_025_sourceTheorem,benchmark=true;empirical_result=true;evaluation=true;layout=true;multimodal=true;retrieval=true,,PROVED_SOURCE_SUMMARY_ENTAILS_GUIDE_FORMULA,MODEL_PROVED,literature_SENT_0953,INCONCLUSIVE_REQUIRES_BILINGUAL_DOMAIN_REVIEW,INCONCLUSIVE,Lean checks the positive propositional derivation under source-summary premises,Conditional proof only: source-summary formula truth and NL-to-formula adequacy are separate obligations.
SENT-0962,3.3.1,docs/3.回答に使う資料を準備する/3.3.文書解析と正規化.md,27,DocLayNetは、財務、法律、科学、マニュアルなど複数分野の文書レイアウトを人手で注釈しました。,externally_cited_claim,ATOM,ATOM(layout=true),layout=true,SRC-026,https://arxiv.org/abs/2206.01062,existing_direct_paragraph_or_technology_mapping,EXISTING_MAPPING_REQUIRES_SEMANTIC_REVIEW,CONTROLLED_TERM_PROJECTION_REQUIRES_CLAIM_POLARITY_REVIEW,SRC_026_sourceTheorem,benchmark=true;empirical_result=true;evidence_support=true;layout=true;retrieval=true;segmentation=true,,PROVED_SOURCE_SUMMARY_ENTAILS_GUIDE_FORMULA,MODEL_PROVED,literature_SENT_0962,INCONCLUSIVE_REQUIRES_BILINGUAL_DOMAIN_REVIEW,INCONCLUSIVE,Lean checks the positive propositional derivation under source-summary premises,Conditional proof only: source-summary formula truth and NL-to-formula adequacy are separate obligations.
SENT-0970,3.3.1,docs/3.回答に使う資料を準備する/3.3.文書解析と正規化.md,38,LayoutLM論文は、文字情報とpage上の二次元座標を組み合わせるmodelを、帳票理解を含むdocument image taskで評価しています。,externally_cited_claim,AND,"AND(ATOM(evaluation=true), ATOM(dimension_contract=true))",dimension_contract=true;evaluation=true,SRC-027,https://arxiv.org/abs/1912.13318,existing_direct_paragraph_or_technology_mapping,EXISTING_MAPPING_REQUIRES_SEMANTIC_REVIEW,CONTROLLED_TERM_PROJECTION_REQUIRES_CLAIM_POLARITY_REVIEW,SRC_027_sourceTheorem,empirical_result=true;layout=true;retrieval=true,dimension_contract=true;evaluation=true,INCONCLUSIVE_UNSUPPORTED_ATOMS,INCONCLUSIVE,,INCONCLUSIVE_REQUIRES_BILINGUAL_DOMAIN_REVIEW,INCONCLUSIVE,guide formula contains atoms absent from the selected source summaries,Conditional proof only: source-summary formula truth and NL-to-formula adequacy are separate obligations.
SENT-0971,3.3.1,docs/3.回答に使う資料を準備する/3.3.文書解析と正規化.md,39,この結果は、文字だけでなく位置も保持する設計を支えます。,empirical_or_research_claim,ATOM,ATOM(empirical_result=true),empirical_result=true,SRC-027,https://arxiv.org/abs/1912.13318,existing_direct_paragraph_or_technology_mapping,EXISTING_MAPPING_REQUIRES_SEMANTIC_REVIEW,CONTROLLED_TERM_PROJECTION_REQUIRES_CLAIM_POLARITY_REVIEW,SRC_027_sourceTheorem,empirical_result=true;layout=true;retrieval=true,,PROVED_SOURCE_SUMMARY_ENTAILS_GUIDE_FORMULA,MODEL_PROVED,literature_SENT_0971,INCONCLUSIVE_REQUIRES_BILINGUAL_DOMAIN_REVIEW,INCONCLUSIVE,Lean checks the positive propositional derivation under source-summary premises,Conditional proof only: source-summary formula truth and NL-to-formula adequacy are separate obligations.
SENT-0982,3.3.2,docs/3.回答に使う資料を準備する/3.3.文書解析と正規化.md,56,PubLayNetとDocLayNetは、レイアウト要素の検出をクラス別に評価できる基盤です。,externally_cited_claim,AND,"AND(ATOM(layout=true), ATOM(evaluation=true))",evaluation=true;layout=true,SRC-025;SRC-026,https://arxiv.org/abs/1908.07836;https://arxiv.org/abs/2206.01062,existing_direct_paragraph_or_technology_mapping,EXISTING_MAPPING_REQUIRES_SEMANTIC_REVIEW,CONTROLLED_TERM_PROJECTION_REQUIRES_CLAIM_POLARITY_REVIEW,SRC_025_sourceTheorem;SRC_026_sourceTheorem,benchmark=true;empirical_result=true;evaluation=true;evidence_support=true;layout=true;retrieval=true;segmentation=true,,PROVED_SOURCE_SUMMARY_ENTAILS_GUIDE_FORMULA,MODEL_PROVED,literature_SENT_0982,INCONCLUSIVE_REQUIRES_BILINGUAL_DOMAIN_REVIEW,INCONCLUSIVE,Lean checks the positive propositional derivation under source-summary premises,Conditional proof only: source-summary formula truth and NL-to-formula adequacy are separate obligations.
SENT-0991,3.3.2,docs/3.回答に使う資料を準備する/3.3.文書解析と正規化.md,68,Donut論文は、OCR出力を中間入力にせず、document imageから構造化文字列を生成するdocument understanding手法を提案しています。,externally_cited_claim,NOT,NOT(ATOM(generation=true)),generation=true,SRC-028,https://arxiv.org/abs/2111.15664,existing_direct_paragraph_or_technology_mapping,EXISTING_MAPPING_REQUIRES_SEMANTIC_REVIEW,CONTROLLED_TERM_PROJECTION_REQUIRES_CLAIM_POLARITY_REVIEW,SRC_028_sourceTheorem,cost=true;empirical_result=true;ocr=true;retrieval=true,generation=true,INCONCLUSIVE_RELATION_NOT_SUPPORTED_BY_POSITIVE_SOURCE_FACTS,INCONCLUSIVE,,INCONCLUSIVE_REQUIRES_BILINGUAL_DOMAIN_REVIEW,INCONCLUSIVE,implication/negation requires a relation-preserving source formalization,Conditional proof only: source-summary formula truth and NL-to-formula adequacy are separate obligations.
SENT-0998,3.3.3,docs/3.回答に使う資料を準備する/3.3.文書解析と正規化.md,80,PubTables-1M論文は、表領域検出、表構造認識、cell対応付けを連続したtable extraction課題として定義しています。,externally_cited_claim,ATOM,ATOM(table_extraction=true),table_extraction=true,SRC-029,https://arxiv.org/abs/2110.00061,existing_direct_paragraph_or_technology_mapping,EXISTING_MAPPING_REQUIRES_SEMANTIC_REVIEW,CONTROLLED_TERM_PROJECTION_REQUIRES_CLAIM_POLARITY_REVIEW,SRC_029_sourceTheorem,benchmark=true;empirical_result=true;evaluation=true;retrieval=true;segmentation=true;table_extraction=true,,PROVED_SOURCE_SUMMARY_ENTAILS_GUIDE_FORMULA,MODEL_PROVED,literature_SENT_0998,INCONCLUSIVE_REQUIRES_BILINGUAL_DOMAIN_REVIEW,INCONCLUSIVE,Lean checks the positive propositional derivation under source-summary premises,Conditional proof only: source-summary formula truth and NL-to-formula adequacy are separate obligations.
SENT-1004,3.3.3,docs/3.回答に使う資料を準備する/3.3.文書解析と正規化.md,88,「Nougat: Neural Optical Understanding for Academic Documents」（2023年）は、学術文書画像を見出しや数式などの構造を記号で表すマークアップ形式へ変換し、数式を含む文書解析を扱いました。,externally_cited_claim,ATOM,ATOM(parsing=true),parsing=true,SRC-030,https://arxiv.org/abs/2308.13418,existing_direct_paragraph_or_technology_mapping,EXISTING_MAPPING_REQUIRES_SEMANTIC_REVIEW,CONTROLLED_TERM_PROJECTION_REQUIRES_CLAIM_POLARITY_REVIEW,SRC_030_sourceTheorem,ocr=true;retrieval=true,parsing=true,INCONCLUSIVE_UNSUPPORTED_ATOMS,INCONCLUSIVE,,INCONCLUSIVE_REQUIRES_BILINGUAL_DOMAIN_REVIEW,INCONCLUSIVE,guide formula contains atoms absent from the selected source summaries,Conditional proof only: source-summary formula truth and NL-to-formula adequacy are separate obligations.
SENT-1027,3.3.5,docs/3.回答に使う資料を準備する/3.3.文書解析と正規化.md,124,論文で報告された一つの指標だけで選ばず、文書クラスごとに文字、構造、表、位置、費用を比較します。,empirical_or_research_claim,AND,"AND(ATOM(cost=true), ATOM(empirical_result=true))",cost=true;empirical_result=true,SRC-028;SRC-025;SRC-026;SRC-027;SRC-029,https://arxiv.org/abs/2111.15664;https://arxiv.org/abs/1908.07836;https://arxiv.org/abs/2206.01062;https://arxiv.org/abs/1912.13318;https://arxiv.org/abs/2110.00061,same_file_candidate,CANDIDATE_REQUIRES_DOMAIN_REVIEW,CONTROLLED_TERM_PROJECTION_REQUIRES_CLAIM_POLARITY_REVIEW,SRC_028_sourceTheorem;SRC_025_sourceTheorem;SRC_026_sourceTheorem;SRC_027_sourceTheorem;SRC_029_sourceTheorem,benchmark=true;cost=true;empirical_result=true;evaluation=true;evidence_support=true;layout=true;ocr=true;retrieval=true;segmentation=true;table_extraction=true,,PROVED_SOURCE_SUMMARY_ENTAILS_GUIDE_FORMULA,MODEL_PROVED,literature_SENT_1027,INCONCLUSIVE_REQUIRES_BILINGUAL_DOMAIN_REVIEW,INCONCLUSIVE,Lean checks the positive propositional derivation under source-summary premises,Conditional proof only: source-summary formula truth and NL-to-formula adequacy are separate obligations.
SENT-1049,3.4.1,docs/3.回答に使う資料を準備する/3.4.Chunking設計.md,14,Dense X Retrievalは、文書、段落、文、命題の各単位でindexを構成し、評価対象の検索・質問応答taskに対する粒度の影響を比較しています。,externally_cited_claim,AND,"AND(AND(ATOM(dense=true), ATOM(retrieval=true)), ATOM(evaluation=true))",dense=true;evaluation=true;retrieval=true,SRC-031,https://arxiv.org/abs/2312.06648,existing_direct_paragraph_or_technology_mapping,EXISTING_MAPPING_REQUIRES_SEMANTIC_REVIEW,CONTROLLED_TERM_PROJECTION_REQUIRES_CLAIM_POLARITY_REVIEW,SRC_031_sourceTheorem,chunking=true;dense=true;empirical_result=true;generation=true;rag=true;retrieval=true,evaluation=true,INCONCLUSIVE_UNSUPPORTED_ATOMS,INCONCLUSIVE,,INCONCLUSIVE_REQUIRES_BILINGUAL_DOMAIN_REVIEW,INCONCLUSIVE,guide formula contains atoms absent from the selected source summaries,Conditional proof only: source-summary formula truth and NL-to-formula adequacy are separate obligations.
SENT-1055,3.4.1,docs/3.回答に使う資料を準備する/3.4.Chunking設計.md,22,実装と再現が容易で、構造ベースや意味ベースの方法による改善を測る基準です。,empirical_or_research_claim,ATOM,ATOM(empirical_result=true),empirical_result=true,SRC-031,https://arxiv.org/abs/2312.06648,same_unit_candidate,CANDIDATE_REQUIRES_DOMAIN_REVIEW,CONTROLLED_TERM_PROJECTION_REQUIRES_CLAIM_POLARITY_REVIEW,SRC_031_sourceTheorem,chunking=true;dense=true;empirical_result=true;generation=true;rag=true;retrieval=true,,PROVED_SOURCE_SUMMARY_ENTAILS_GUIDE_FORMULA,MODEL_PROVED,literature_SENT_1055,INCONCLUSIVE_REQUIRES_BILINGUAL_DOMAIN_REVIEW,INCONCLUSIVE,Lean checks the positive propositional derivation under source-summary premises,Conditional proof only: source-summary formula truth and NL-to-formula adequacy are separate obligations.
SENT-1056,3.4.1,docs/3.回答に使う資料を準備する/3.4.Chunking設計.md,24,300〜800 tokenと10〜20% overlapは初期候補に限り、採用値は対象文書の正解span分断率、Recall、重複率で決めます。,empirical_or_research_claim,ATOM,ATOM(recall_metric=true),recall_metric=true,SRC-002;SRC-043;SRC-053;SRC-054,https://aclanthology.org/2020.emnlp-main.550/;https://arxiv.org/abs/2004.04906;https://www.microsoft.com/en-us/research/publication/diskann-fast-accurate-billion-point-nearest-neighbor-search-on-a-single-node/;https://arxiv.org/abs/2105.09613,same_chapter_candidate,CANDIDATE_REQUIRES_DOMAIN_REVIEW,CONTROLLED_TERM_PROJECTION_REQUIRES_CLAIM_POLARITY_REVIEW,SRC_002_sourceTheorem;SRC_043_sourceTheorem;SRC_053_sourceTheorem;SRC_054_sourceTheorem,ann=true;benchmark=true;cost=true;dense=true;disk_backed=true;document_statistics=true;dual_encoder=true;empirical_result=true;evaluation=true;graph_index=true;incremental_updates=true;latency=true;length_normalization=true;lexical=true;open_domain_qa=true;recall_metric=true;retrieval=true;similarity=dot_product;temporal_freshness=true;tf_saturation=true;verification=true,,PROVED_SOURCE_SUMMARY_ENTAILS_GUIDE_FORMULA,MODEL_PROVED,literature_SENT_1056,INCONCLUSIVE_REQUIRES_BILINGUAL_DOMAIN_REVIEW,INCONCLUSIVE,Lean checks the positive propositional derivation under source-summary premises,Conditional proof only: source-summary formula truth and NL-to-formula adequacy are separate obligations.
SENT-1073,3.4.2,docs/3.回答に使う資料を準備する/3.4.Chunking設計.md,48,TextTilingは、語彙のまとまりを使って複数段落の文章を副話題へ分割する方法を示しました。,externally_cited_claim,AND,"AND(ATOM(segmentation=true), ATOM(lexical_cohesion=true))",lexical_cohesion=true;segmentation=true,SRC-032,https://aclanthology.org/J97-1003/,existing_direct_paragraph_or_technology_mapping,EXISTING_MAPPING_REQUIRES_SEMANTIC_REVIEW,CONTROLLED_TERM_PROJECTION_REQUIRES_CLAIM_POLARITY_REVIEW,SRC_032_sourceTheorem,lexical_cohesion=true;segmentation=true;verification=true,,PROVED_SOURCE_SUMMARY_ENTAILS_GUIDE_FORMULA,MODEL_PROVED,literature_SENT_1073,INCONCLUSIVE_REQUIRES_BILINGUAL_DOMAIN_REVIEW,INCONCLUSIVE,Lean checks the positive propositional derivation under source-summary premises,Conditional proof only: source-summary formula truth and NL-to-formula adequacy are separate obligations.
SENT-1094,3.4.3,docs/3.回答に使う資料を準備する/3.4.Chunking設計.md,80,Dense X Retrievalが用いた検索・質問応答の評価条件では、命題単位indexが段落単位indexを上回る結果を報告しています。,externally_cited_claim,AND,"AND(AND(AND(ATOM(dense=true), ATOM(retrieval=true)), ATOM(evaluation=true)), ATOM(empirical_result=true))",dense=true;empirical_result=true;evaluation=true;retrieval=true,SRC-031,https://arxiv.org/abs/2312.06648,existing_direct_paragraph_or_technology_mapping,EXISTING_MAPPING_REQUIRES_SEMANTIC_REVIEW,CONTROLLED_TERM_PROJECTION_REQUIRES_CLAIM_POLARITY_REVIEW,SRC_031_sourceTheorem,chunking=true;dense=true;empirical_result=true;generation=true;rag=true;retrieval=true,evaluation=true,INCONCLUSIVE_UNSUPPORTED_ATOMS,INCONCLUSIVE,,INCONCLUSIVE_REQUIRES_BILINGUAL_DOMAIN_REVIEW,INCONCLUSIVE,guide formula contains atoms absent from the selected source summaries,Conditional proof only: source-summary formula truth and NL-to-formula adequacy are separate obligations.
SENT-1100,3.4.4,docs/3.回答に使う資料を準備する/3.4.Chunking設計.md,91,親子構造では、小さい子チャンクを検索し、周囲の文脈を持つ親チャンクをLLMへ渡します。,general_technical_claim,ATOM,ATOM(retrieval=true),retrieval=true,SRC-033;SRC-034,https://arxiv.org/abs/2401.18059;https://arxiv.org/abs/2409.04701,same_unit_candidate,CANDIDATE_REQUIRES_DOMAIN_REVIEW,CONTROLLED_TERM_PROJECTION_REQUIRES_CLAIM_POLARITY_REVIEW,SRC_033_sourceTheorem;SRC_034_sourceTheorem,ab_testing=true;benchmark=true;chunking=true;compression=true;embedding_model=true;empirical_result=true;encode_before_pool=true;evaluation=true;generated_summaries=true;generation=true;hierarchical=true;long_context=true;multi_hop=true;provenance_required=true;rag=true;retrieval=true,,PROVED_SOURCE_SUMMARY_ENTAILS_GUIDE_FORMULA,MODEL_PROVED,literature_SENT_1100,INCONCLUSIVE_REQUIRES_BILINGUAL_DOMAIN_REVIEW,INCONCLUSIVE,Lean checks the positive propositional derivation under source-summary premises,Conditional proof only: source-summary formula truth and NL-to-formula adequacy are separate obligations.
SENT-1104,3.4.4,docs/3.回答に使う資料を準備する/3.4.Chunking設計.md,96,親チャンクの上限は、無関係span率、入力token数、正解span利用率を測り、長文中で根拠利用率が下がる直前に設定します。,general_technical_claim,ATOM,ATOM(evidence_support=true),evidence_support=true,SRC-005;SRC-013;SRC-026;SRC-036;SRC-037,https://doi.org/10.1561/1500000019;https://arxiv.org/abs/2310.03214;https://arxiv.org/abs/2206.01062;https://arxiv.org/abs/2009.02252;https://arxiv.org/abs/2305.14627,same_chapter_candidate,CANDIDATE_REQUIRES_DOMAIN_REVIEW,CONTROLLED_TERM_PROJECTION_REQUIRES_CLAIM_POLARITY_REVIEW,SRC_005_sourceTheorem;SRC_013_sourceTheorem;SRC_026_sourceTheorem;SRC_036_sourceTheorem;SRC_037_sourceTheorem,benchmark=true;citation=true;dimension_contract=true;document_statistics=true;empirical_result=true;evaluation=true;evidence_support=true;external_knowledge=true;factuality=true;fielded=true;generation=true;hallucination=true;human_evaluation=true;knowledge_intensive=true;layout=true;length_normalization=true;lexical=true;open_domain_qa=true;retrieval=true;segmentation=true;sparse=true;temporal_freshness=true;tf_saturation=true,,PROVED_SOURCE_SUMMARY_ENTAILS_GUIDE_FORMULA,MODEL_PROVED,literature_SENT_1104,INCONCLUSIVE_REQUIRES_BILINGUAL_DOMAIN_REVIEW,INCONCLUSIVE,Lean checks the positive propositional derivation under source-summary premises,Conditional proof only: source-summary formula truth and NL-to-formula adequacy are separate obligations.
SENT-1107,3.4.4,docs/3.回答に使う資料を準備する/3.4.Chunking設計.md,101,RAPTORは、文書断片を内容の近さで繰り返しグループ化し、要約を作って木構造として検索する方法です。,externally_cited_claim,AND,"AND(AND(ATOM(hierarchical=true), ATOM(generated_summaries=true)), ATOM(retrieval=true))",generated_summaries=true;hierarchical=true;retrieval=true,SRC-033;SRC-154,https://arxiv.org/abs/2401.18059;https://proceedings.iclr.cc/paper_files/paper/2024/hash/8a2acd174940dbca361a6398a4f9df91-Abstract-Conference.html,existing_direct_paragraph_or_technology_mapping,EXISTING_MAPPING_REQUIRES_SEMANTIC_REVIEW,CONTROLLED_TERM_PROJECTION_REQUIRES_CLAIM_POLARITY_REVIEW,SRC_033_sourceTheorem;SRC_154_sourceTheorem,ab_testing=true;benchmark=true;empirical_result=true;evaluation=true;generated_summaries=true;generation=true;hierarchical=true;multi_hop=true;provenance_required=true;rag=true;retrieval=true;verification=true,,PROVED_SOURCE_SUMMARY_ENTAILS_GUIDE_FORMULA,MODEL_PROVED,literature_SENT_1107,INCONCLUSIVE_REQUIRES_BILINGUAL_DOMAIN_REVIEW,INCONCLUSIVE,Lean checks the positive propositional derivation under source-summary premises,Conditional proof only: source-summary formula truth and NL-to-formula adequacy are separate obligations.
SENT-1112,3.4.4,docs/3.回答に使う資料を準備する/3.4.Chunking設計.md,110,アルゴリズム図A1 代表的なチャンク方式の分割位置と返却単位,general_technical_claim,UNFORMALIZED,UNFORMALIZED,,SRC-002;SRC-005;SRC-009;SRC-010;SRC-011,https://aclanthology.org/2020.emnlp-main.550/;https://doi.org/10.1561/1500000019;https://dl.acm.org/doi/10.1145/3411764.3445518;https://arxiv.org/abs/1803.09010;https://aclanthology.org/Q18-1041/,same_chapter_candidate,CANDIDATE_REQUIRES_DOMAIN_REVIEW,CONTROLLED_TERM_PROJECTION_REQUIRES_CLAIM_POLARITY_REVIEW,SRC_002_sourceTheorem;SRC_005_sourceTheorem;SRC_009_sourceTheorem;SRC_010_sourceTheorem;SRC_011_sourceTheorem,benchmark=true;data_quality=true;dataset_documentation=true;dense=true;document_statistics=true;dual_encoder=true;empirical_result=true;evaluation=true;evidence_support=true;fielded=true;length_normalization=true;lexical=true;open_domain_qa=true;recall_metric=true;retrieval=true;similarity=dot_product;sparse=true;tf_saturation=true;verification=true,,INCONCLUSIVE_UNFORMALIZED_SENTENCE,INCONCLUSIVE,,INCONCLUSIVE_REQUIRES_BILINGUAL_DOMAIN_REVIEW,INCONCLUSIVE,no controlled semantic atom recognized,Conditional proof only: source-summary formula truth and NL-to-formula adequacy are separate obligations.
SENT-1113,3.4.4,docs/3.回答に使う資料を準備する/3.4.Chunking設計.md,112,図3-2は、同じ原文を固定長、段落境界、意味境界、親子チャンクで分けた結果を、上から下へ比較しています。,general_technical_claim,ATOM,ATOM(empirical_result=true),empirical_result=true,SRC-033,https://arxiv.org/abs/2401.18059,same_unit_candidate,CANDIDATE_REQUIRES_DOMAIN_REVIEW,CONTROLLED_TERM_PROJECTION_REQUIRES_CLAIM_POLARITY_REVIEW,SRC_033_sourceTheorem,ab_testing=true;benchmark=true;empirical_result=true;evaluation=true;generated_summaries=true;generation=true;hierarchical=true;multi_hop=true;provenance_required=true;rag=true;retrieval=true,,PROVED_SOURCE_SUMMARY_ENTAILS_GUIDE_FORMULA,MODEL_PROVED,literature_SENT_1113,INCONCLUSIVE_REQUIRES_BILINGUAL_DOMAIN_REVIEW,INCONCLUSIVE,Lean checks the positive propositional derivation under source-summary premises,Conditional proof only: source-summary formula truth and NL-to-formula adequacy are separate obligations.
SENT-1117,3.4.4,docs/3.回答に使う資料を準備する/3.4.Chunking設計.md,121,通常の方法では、文書を分割してから各チャンクを独立に埋め込みます。,general_technical_claim,ATOM,ATOM(independent_encoding=true),independent_encoding=true,SRC-042,https://arxiv.org/abs/1908.10084,same_chapter_candidate,CANDIDATE_REQUIRES_DOMAIN_REVIEW,CONTROLLED_TERM_PROJECTION_REQUIRES_CLAIM_POLARITY_REVIEW,SRC_042_sourceTheorem,cosine_compatible=true;dense=true;empirical_result=true;evaluation=true;independent_encoding=true;retrieval=true,,PROVED_SOURCE_SUMMARY_ENTAILS_GUIDE_FORMULA,MODEL_PROVED,literature_SENT_1117,INCONCLUSIVE_REQUIRES_BILINGUAL_DOMAIN_REVIEW,INCONCLUSIVE,Lean checks the positive propositional derivation under source-summary premises,Conditional proof only: source-summary formula truth and NL-to-formula adequacy are separate obligations.
SENT-1119,3.4.4,docs/3.回答に使う資料を準備する/3.4.Chunking設計.md,124,Late Chunkingは、長い文書を先にエンコードし、その表現を後からチャンク単位へまとめる方法を提案しました。,externally_cited_claim,AND,"AND(ATOM(chunking=true), ATOM(encode_before_pool=true))",chunking=true;encode_before_pool=true,SRC-034,https://arxiv.org/abs/2409.04701,existing_direct_paragraph_or_technology_mapping,EXISTING_MAPPING_REQUIRES_SEMANTIC_REVIEW,CONTROLLED_TERM_PROJECTION_REQUIRES_CLAIM_POLARITY_REVIEW,SRC_034_sourceTheorem,chunking=true;compression=true;embedding_model=true;encode_before_pool=true;long_context=true;retrieval=true,,PROVED_SOURCE_SUMMARY_ENTAILS_GUIDE_FORMULA,MODEL_PROVED,literature_SENT_1119,INCONCLUSIVE_REQUIRES_BILINGUAL_DOMAIN_REVIEW,INCONCLUSIVE,Lean checks the positive propositional derivation under source-summary premises,Conditional proof only: source-summary formula truth and NL-to-formula adequacy are separate obligations.
SENT-1127,3.4.5,docs/3.回答に使う資料を準備する/3.4.Chunking設計.md,137,ページ、見出し経路、有効期間、ACL、情報源の権威性を文書からチャンクへ継承します。,general_technical_claim,ATOM,ATOM(authorization=true),authorization=true,SRC-040;SRC-041,https://doi.org/10.1109/2.485845;https://arxiv.org/abs/2403.04651,same_chapter_candidate,CANDIDATE_REQUIRES_DOMAIN_REVIEW,CONTROLLED_TERM_PROJECTION_REQUIRES_CLAIM_POLARITY_REVIEW,SRC_040_sourceTheorem;SRC_041_sourceTheorem,authorization=true;evaluation=true;retrieval=true,,PROVED_SOURCE_SUMMARY_ENTAILS_GUIDE_FORMULA,MODEL_PROVED,literature_SENT_1127,INCONCLUSIVE_REQUIRES_BILINGUAL_DOMAIN_REVIEW,INCONCLUSIVE,Lean checks the positive propositional derivation under source-summary premises,Conditional proof only: source-summary formula truth and NL-to-formula adequacy are separate obligations.
SENT-1131,3.4.5,docs/3.回答に使う資料を準備する/3.4.Chunking設計.md,142,新しいチャンクを同じIDへ黙って上書きすると、過去の回答が別の原文を指す可能性があります。,general_technical_claim,ATOM,ATOM(generation=true),generation=true,SRC-031;SRC-033;SRC-035;SRC-154,https://arxiv.org/abs/2312.06648;https://arxiv.org/abs/2401.18059;https://arxiv.org/abs/2307.03172;https://proceedings.iclr.cc/paper_files/paper/2024/hash/8a2acd174940dbca361a6398a4f9df91-Abstract-Conference.html,same_file_candidate,CANDIDATE_REQUIRES_DOMAIN_REVIEW,CONTROLLED_TERM_PROJECTION_REQUIRES_CLAIM_POLARITY_REVIEW,SRC_031_sourceTheorem;SRC_033_sourceTheorem;SRC_035_sourceTheorem;SRC_154_sourceTheorem,ab_testing=true;benchmark=true;chunking=true;dense=true;empirical_result=true;evaluation=true;generated_summaries=true;generation=true;hierarchical=true;long_context=true;multi_hop=true;provenance_required=true;rag=true;retrieval=true;verification=true,,PROVED_SOURCE_SUMMARY_ENTAILS_GUIDE_FORMULA,MODEL_PROVED,literature_SENT_1131,INCONCLUSIVE_REQUIRES_BILINGUAL_DOMAIN_REVIEW,INCONCLUSIVE,Lean checks the positive propositional derivation under source-summary premises,Conditional proof only: source-summary formula truth and NL-to-formula adequacy are separate obligations.
SENT-1139,3.4.6,docs/3.回答に使う資料を準備する/3.4.Chunking設計.md,156,Dense X Retrievalは、検索単位の粒度によって検索と質問応答の結果が変わることを報告しました。,externally_cited_claim,AND,"AND(AND(ATOM(dense=true), ATOM(retrieval=true)), ATOM(empirical_result=true))",dense=true;empirical_result=true;retrieval=true,SRC-031,https://arxiv.org/abs/2312.06648,existing_direct_paragraph_or_technology_mapping,EXISTING_MAPPING_REQUIRES_SEMANTIC_REVIEW,CONTROLLED_TERM_PROJECTION_REQUIRES_CLAIM_POLARITY_REVIEW,SRC_031_sourceTheorem,chunking=true;dense=true;empirical_result=true;generation=true;rag=true;retrieval=true,,PROVED_SOURCE_SUMMARY_ENTAILS_GUIDE_FORMULA,MODEL_PROVED,literature_SENT_1139,INCONCLUSIVE_REQUIRES_BILINGUAL_DOMAIN_REVIEW,INCONCLUSIVE,Lean checks the positive propositional derivation under source-summary premises,Conditional proof only: source-summary formula truth and NL-to-formula adequacy are separate obligations.
SENT-1140,3.4.6,docs/3.回答に使う資料を準備する/3.4.Chunking設計.md,157,Lost in the Middleは、長い入力では必要情報の位置によって利用性能が変わることを示しました。,externally_cited_claim,ATOM,ATOM(long_context=true),long_context=true,SRC-035,https://arxiv.org/abs/2307.03172,existing_direct_paragraph_or_technology_mapping,EXISTING_MAPPING_REQUIRES_SEMANTIC_REVIEW,CONTROLLED_TERM_PROJECTION_REQUIRES_CLAIM_POLARITY_REVIEW,SRC_035_sourceTheorem,evaluation=true;generation=true;long_context=true;retrieval=true,,PROVED_SOURCE_SUMMARY_ENTAILS_GUIDE_FORMULA,MODEL_PROVED,literature_SENT_1140,INCONCLUSIVE_REQUIRES_BILINGUAL_DOMAIN_REVIEW,INCONCLUSIVE,Lean checks the positive propositional derivation under source-summary premises,Conditional proof only: source-summary formula truth and NL-to-formula adequacy are separate obligations.
SENT-1151,3.4.6,docs/3.回答に使う資料を準備する/3.4.Chunking設計.md,171,大きな親チャンクの中へ必要根拠が埋もれています。,general_technical_claim,ATOM,ATOM(evidence_support=true),evidence_support=true,SRC-005;SRC-013;SRC-026;SRC-036;SRC-037,https://doi.org/10.1561/1500000019;https://arxiv.org/abs/2310.03214;https://arxiv.org/abs/2206.01062;https://arxiv.org/abs/2009.02252;https://arxiv.org/abs/2305.14627,same_chapter_candidate,CANDIDATE_REQUIRES_DOMAIN_REVIEW,CONTROLLED_TERM_PROJECTION_REQUIRES_CLAIM_POLARITY_REVIEW,SRC_005_sourceTheorem;SRC_013_sourceTheorem;SRC_026_sourceTheorem;SRC_036_sourceTheorem;SRC_037_sourceTheorem,benchmark=true;citation=true;dimension_contract=true;document_statistics=true;empirical_result=true;evaluation=true;evidence_support=true;external_knowledge=true;factuality=true;fielded=true;generation=true;hallucination=true;human_evaluation=true;knowledge_intensive=true;layout=true;length_normalization=true;lexical=true;open_domain_qa=true;retrieval=true;segmentation=true;sparse=true;temporal_freshness=true;tf_saturation=true,,PROVED_SOURCE_SUMMARY_ENTAILS_GUIDE_FORMULA,MODEL_PROVED,literature_SENT_1151,INCONCLUSIVE_REQUIRES_BILINGUAL_DOMAIN_REVIEW,INCONCLUSIVE,Lean checks the positive propositional derivation under source-summary premises,Conditional proof only: source-summary formula truth and NL-to-formula adequacy are separate obligations.
SENT-1170,3.5.1,docs/3.回答に使う資料を準備する/3.5.Metadata・Provenance・ACL設計.md,13,KILTは、タスクの回答と根拠となるページを一体として評価しました。,externally_cited_claim,AND,"AND(AND(ATOM(generation=true), ATOM(evidence_support=true)), ATOM(evaluation=true))",evaluation=true;evidence_support=true;generation=true,SRC-036,https://arxiv.org/abs/2009.02252,existing_direct_paragraph_or_technology_mapping,EXISTING_MAPPING_REQUIRES_SEMANTIC_REVIEW,CONTROLLED_TERM_PROJECTION_REQUIRES_CLAIM_POLARITY_REVIEW,SRC_036_sourceTheorem,benchmark=true;empirical_result=true;evaluation=true;evidence_support=true;external_knowledge=true;factuality=true;generation=true;knowledge_intensive=true;open_domain_qa=true;retrieval=true,,PROVED_SOURCE_SUMMARY_ENTAILS_GUIDE_FORMULA,MODEL_PROVED,literature_SENT_1170,INCONCLUSIVE_REQUIRES_BILINGUAL_DOMAIN_REVIEW,INCONCLUSIVE,Lean checks the positive propositional derivation under source-summary premises,Conditional proof only: source-summary formula truth and NL-to-formula adequacy are separate obligations.
SENT-1191,3.5.2,docs/3.回答に使う資料を準備する/3.5.Metadata・Provenance・ACL設計.md,44,検索単位が短い子チャンクでも、生成には親節を渡し、引用は数文の原文範囲を表示できます。,general_technical_claim,AND,"AND(AND(ATOM(retrieval=true), ATOM(generation=true)), ATOM(citation=true))",citation=true;generation=true;retrieval=true,SRC-037,https://arxiv.org/abs/2305.14627,existing_direct_paragraph_or_technology_mapping,EXISTING_MAPPING_REQUIRES_SEMANTIC_REVIEW,CONTROLLED_TERM_PROJECTION_REQUIRES_CLAIM_POLARITY_REVIEW,SRC_037_sourceTheorem,benchmark=true;citation=true;dimension_contract=true;empirical_result=true;evaluation=true;evidence_support=true;generation=true;hallucination=true;human_evaluation=true;retrieval=true,,PROVED_SOURCE_SUMMARY_ENTAILS_GUIDE_FORMULA,MODEL_PROVED,literature_SENT_1191,INCONCLUSIVE_REQUIRES_BILINGUAL_DOMAIN_REVIEW,INCONCLUSIVE,Lean checks the positive propositional derivation under source-summary premises,Conditional proof only: source-summary formula truth and NL-to-formula adequacy are separate obligations.
SENT-1193,3.5.2,docs/3.回答に使う資料を準備する/3.5.Metadata・Provenance・ACL設計.md,46,ALCEが主張と引用の対応を評価したように、回答の各主張から支持範囲へ戻れる必要があります。,externally_cited_claim,AND,"AND(AND(AND(ATOM(generation=true), ATOM(citation=true)), ATOM(evidence_support=true)), ATOM(evaluation=true))",citation=true;evaluation=true;evidence_support=true;generation=true,SRC-037,https://arxiv.org/abs/2305.14627,existing_direct_paragraph_or_technology_mapping,EXISTING_MAPPING_REQUIRES_SEMANTIC_REVIEW,CONTROLLED_TERM_PROJECTION_REQUIRES_CLAIM_POLARITY_REVIEW,SRC_037_sourceTheorem,benchmark=true;citation=true;dimension_contract=true;empirical_result=true;evaluation=true;evidence_support=true;generation=true;hallucination=true;human_evaluation=true;retrieval=true,,PROVED_SOURCE_SUMMARY_ENTAILS_GUIDE_FORMULA,MODEL_PROVED,literature_SENT_1193,INCONCLUSIVE_REQUIRES_BILINGUAL_DOMAIN_REVIEW,INCONCLUSIVE,Lean checks the positive propositional derivation under source-summary premises,Conditional proof only: source-summary formula truth and NL-to-formula adequacy are separate obligations.
SENT-1203,3.5.2,docs/3.回答に使う資料を準備する/3.5.Metadata・Provenance・ACL設計.md,60,StreamingQAやFreshLLMsは、時間とともに変化する知識への適応を評価しました。,externally_cited_claim,AND,"AND(ATOM(temporal_freshness=true), ATOM(evaluation=true))",evaluation=true;temporal_freshness=true,SRC-038;SRC-013,https://arxiv.org/abs/2205.11388;https://arxiv.org/abs/2310.03214,existing_direct_paragraph_or_technology_mapping,EXISTING_MAPPING_REQUIRES_SEMANTIC_REVIEW,CONTROLLED_TERM_PROJECTION_REQUIRES_CLAIM_POLARITY_REVIEW,SRC_038_sourceTheorem;SRC_013_sourceTheorem,benchmark=true;empirical_result=true;evaluation=true;evidence_support=true;factuality=true;generation=true;hallucination=true;human_evaluation=true;retrieval=true;temporal_freshness=true,,PROVED_SOURCE_SUMMARY_ENTAILS_GUIDE_FORMULA,MODEL_PROVED,literature_SENT_1203,INCONCLUSIVE_REQUIRES_BILINGUAL_DOMAIN_REVIEW,INCONCLUSIVE,Lean checks the positive propositional derivation under source-summary premises,Conditional proof only: source-summary formula truth and NL-to-formula adequacy are separate obligations.
SENT-1219,3.5.3,docs/3.回答に使う資料を準備する/3.5.Metadata・Provenance・ACL設計.md,85,PoisonedRAGは、質問に対して高い関連性を持つ悪意ある文書を混入させ、回答を操作する攻撃を示しました。,externally_cited_claim,AND,"AND(ATOM(generation=true), ATOM(security=true))",generation=true;security=true,SRC-039,https://arxiv.org/abs/2402.07867,existing_direct_paragraph_or_technology_mapping,EXISTING_MAPPING_REQUIRES_SEMANTIC_REVIEW,CONTROLLED_TERM_PROJECTION_REQUIRES_CLAIM_POLARITY_REVIEW,SRC_039_sourceTheorem,empirical_result=true;evaluation=true;external_knowledge=true;generation=true;hallucination=true;rag=true;retrieval=true;security=true;temporal_freshness=true,,PROVED_SOURCE_SUMMARY_ENTAILS_GUIDE_FORMULA,MODEL_PROVED,literature_SENT_1219,INCONCLUSIVE_REQUIRES_BILINGUAL_DOMAIN_REVIEW,INCONCLUSIVE,Lean checks the positive propositional derivation under source-summary premises,Conditional proof only: source-summary formula truth and NL-to-formula adequacy are separate obligations.
SENT-1227,3.5.4,docs/3.回答に使う資料を準備する/3.5.Metadata・Provenance・ACL設計.md,98,RBACモデルは、利用者、役割、権限の関係を体系化しました。,externally_cited_claim,ATOM,ATOM(authorization=true),authorization=true,SRC-040,https://doi.org/10.1109/2.485845,existing_direct_paragraph_or_technology_mapping,EXISTING_MAPPING_REQUIRES_SEMANTIC_REVIEW,CONTROLLED_TERM_PROJECTION_REQUIRES_CLAIM_POLARITY_REVIEW,SRC_040_sourceTheorem,authorization=true,,PROVED_SOURCE_SUMMARY_ENTAILS_GUIDE_FORMULA,MODEL_PROVED,literature_SENT_1227,INCONCLUSIVE_REQUIRES_BILINGUAL_DOMAIN_REVIEW,INCONCLUSIVE,Lean checks the positive propositional derivation under source-summary premises,Conditional proof only: source-summary formula truth and NL-to-formula adequacy are separate obligations.
SENT-1228,3.5.4,docs/3.回答に使う資料を準備する/3.5.Metadata・Provenance・ACL設計.md,99,Cedarは、主体、操作、資源、状況を入力とする認可方針言語です。,externally_cited_claim,ATOM,ATOM(authorization=true),authorization=true,SRC-041,https://arxiv.org/abs/2403.04651,existing_direct_paragraph_or_technology_mapping,EXISTING_MAPPING_REQUIRES_SEMANTIC_REVIEW,CONTROLLED_TERM_PROJECTION_REQUIRES_CLAIM_POLARITY_REVIEW,SRC_041_sourceTheorem,authorization=true;evaluation=true;retrieval=true,,PROVED_SOURCE_SUMMARY_ENTAILS_GUIDE_FORMULA,MODEL_PROVED,literature_SENT_1228,INCONCLUSIVE_REQUIRES_BILINGUAL_DOMAIN_REVIEW,INCONCLUSIVE,Lean checks the positive propositional derivation under source-summary premises,Conditional proof only: source-summary formula truth and NL-to-formula adequacy are separate obligations.
SENT-1232,3.5.4,docs/3.回答に使う資料を準備する/3.5.Metadata・Provenance・ACL設計.md,105,原則として、文書のACLをすべての子チャンクへ継承します。,general_technical_claim,ATOM,ATOM(authorization=true),authorization=true,SRC-040;SRC-041,https://doi.org/10.1109/2.485845;https://arxiv.org/abs/2403.04651,same_unit_candidate,CANDIDATE_REQUIRES_DOMAIN_REVIEW,CONTROLLED_TERM_PROJECTION_REQUIRES_CLAIM_POLARITY_REVIEW,SRC_040_sourceTheorem;SRC_041_sourceTheorem,authorization=true;evaluation=true;retrieval=true,,PROVED_SOURCE_SUMMARY_ENTAILS_GUIDE_FORMULA,MODEL_PROVED,literature_SENT_1232,INCONCLUSIVE_REQUIRES_BILINGUAL_DOMAIN_REVIEW,INCONCLUSIVE,Lean checks the positive propositional derivation under source-summary premises,Conditional proof only: source-summary formula truth and NL-to-formula adequacy are separate obligations.
SENT-1238,3.5.4,docs/3.回答に使う資料を準備する/3.5.Metadata・Provenance・ACL設計.md,113,ACLが不明なチャンクは、既定で拒否します。,general_technical_claim,ATOM,ATOM(authorization=true),authorization=true,SRC-040;SRC-041,https://doi.org/10.1109/2.485845;https://arxiv.org/abs/2403.04651,same_unit_candidate,CANDIDATE_REQUIRES_DOMAIN_REVIEW,CONTROLLED_TERM_PROJECTION_REQUIRES_CLAIM_POLARITY_REVIEW,SRC_040_sourceTheorem;SRC_041_sourceTheorem,authorization=true;evaluation=true;retrieval=true,,PROVED_SOURCE_SUMMARY_ENTAILS_GUIDE_FORMULA,MODEL_PROVED,literature_SENT_1238,INCONCLUSIVE_REQUIRES_BILINGUAL_DOMAIN_REVIEW,INCONCLUSIVE,Lean checks the positive propositional derivation under source-summary premises,Conditional proof only: source-summary formula truth and NL-to-formula adequacy are separate obligations.
SENT-1242,3.5.4,docs/3.回答に使う資料を準備する/3.5.Metadata・Provenance・ACL設計.md,118,その範囲を必須フィルターとして検索器へ渡します。,general_technical_claim,ATOM,ATOM(retrieval=true),retrieval=true,SRC-041,https://arxiv.org/abs/2403.04651,same_unit_candidate,CANDIDATE_REQUIRES_DOMAIN_REVIEW,CONTROLLED_TERM_PROJECTION_REQUIRES_CLAIM_POLARITY_REVIEW,SRC_041_sourceTheorem,authorization=true;evaluation=true;retrieval=true,,PROVED_SOURCE_SUMMARY_ENTAILS_GUIDE_FORMULA,MODEL_PROVED,literature_SENT_1242,INCONCLUSIVE_REQUIRES_BILINGUAL_DOMAIN_REVIEW,INCONCLUSIVE,Lean checks the positive propositional derivation under source-summary premises,Conditional proof only: source-summary formula truth and NL-to-formula adequacy are separate obligations.
SENT-1245,3.5.4,docs/3.回答に使う資料を準備する/3.5.Metadata・Provenance・ACL設計.md,122,事前展開は検索を速くできますが、権限剥奪時に多くのチャンクを更新する必要があります。,general_technical_claim,AND,"AND(ATOM(retrieval=true), ATOM(authorization=true))",authorization=true;retrieval=true,SRC-041;SRC-040,https://arxiv.org/abs/2403.04651;https://doi.org/10.1109/2.485845,same_unit_candidate,CANDIDATE_REQUIRES_DOMAIN_REVIEW,CONTROLLED_TERM_PROJECTION_REQUIRES_CLAIM_POLARITY_REVIEW,SRC_041_sourceTheorem;SRC_040_sourceTheorem,authorization=true;evaluation=true;retrieval=true,,PROVED_SOURCE_SUMMARY_ENTAILS_GUIDE_FORMULA,MODEL_PROVED,literature_SENT_1245,INCONCLUSIVE_REQUIRES_BILINGUAL_DOMAIN_REVIEW,INCONCLUSIVE,Lean checks the positive propositional derivation under source-summary premises,Conditional proof only: source-summary formula truth and NL-to-formula adequacy are separate obligations.
SENT-1286,FILE-INTRO,docs/3.回答に使う資料を準備する/3.6.Embedding設計.md,3,埋め込みは、質問と文書を数値ベクトルへ変換し、意味的に近い候補を検索するために利用します。,general_technical_claim,ATOM,ATOM(retrieval=true),retrieval=true,SRC-002;SRC-005;SRC-034;SRC-042;SRC-043,https://aclanthology.org/2020.emnlp-main.550/;https://doi.org/10.1561/1500000019;https://arxiv.org/abs/2409.04701;https://arxiv.org/abs/1908.10084;https://arxiv.org/abs/2004.04906,same_file_candidate,CANDIDATE_REQUIRES_DOMAIN_REVIEW,CONTROLLED_TERM_PROJECTION_REQUIRES_CLAIM_POLARITY_REVIEW,SRC_002_sourceTheorem;SRC_005_sourceTheorem;SRC_034_sourceTheorem;SRC_042_sourceTheorem;SRC_043_sourceTheorem,benchmark=true;chunking=true;compression=true;cosine_compatible=true;dense=true;document_statistics=true;dual_encoder=true;embedding_model=true;empirical_result=true;encode_before_pool=true;evaluation=true;evidence_support=true;fielded=true;independent_encoding=true;length_normalization=true;lexical=true;long_context=true;open_domain_qa=true;recall_metric=true;retrieval=true;similarity=dot_product;sparse=true;tf_saturation=true;verification=true,,PROVED_SOURCE_SUMMARY_ENTAILS_GUIDE_FORMULA,MODEL_PROVED,literature_SENT_1286,INCONCLUSIVE_REQUIRES_BILINGUAL_DOMAIN_REVIEW,INCONCLUSIVE,Lean checks the positive propositional derivation under source-summary premises,Conditional proof only: source-summary formula truth and NL-to-formula adequacy are separate obligations.
SENT-1290,3.6.1,docs/3.回答に使う資料を準備する/3.6.Embedding設計.md,10,検索では、質問のベクトルに近いチャンクを候補として取得します。,general_technical_claim,ATOM,ATOM(retrieval=true),retrieval=true,SRC-042;SRC-043,https://arxiv.org/abs/1908.10084;https://arxiv.org/abs/2004.04906,same_unit_candidate,CANDIDATE_REQUIRES_DOMAIN_REVIEW,CONTROLLED_TERM_PROJECTION_REQUIRES_CLAIM_POLARITY_REVIEW,SRC_042_sourceTheorem;SRC_043_sourceTheorem,benchmark=true;cosine_compatible=true;dense=true;document_statistics=true;dual_encoder=true;empirical_result=true;evaluation=true;independent_encoding=true;length_normalization=true;lexical=true;open_domain_qa=true;recall_metric=true;retrieval=true;similarity=dot_product;tf_saturation=true,,PROVED_SOURCE_SUMMARY_ENTAILS_GUIDE_FORMULA,MODEL_PROVED,literature_SENT_1290,INCONCLUSIVE_REQUIRES_BILINGUAL_DOMAIN_REVIEW,INCONCLUSIVE,Lean checks the positive propositional derivation under source-summary premises,Conditional proof only: source-summary formula truth and NL-to-formula adequacy are separate obligations.
SENT-1291,3.6.1,docs/3.回答に使う資料を準備する/3.6.Embedding設計.md,12,Sentence-BERTは、文を独立して埋め込み、文同士の類似度を効率的に計算する方法を提案しました。,externally_cited_claim,ATOM,ATOM(independent_encoding=true),independent_encoding=true,SRC-042,https://arxiv.org/abs/1908.10084,existing_direct_paragraph_or_technology_mapping,EXISTING_MAPPING_REQUIRES_SEMANTIC_REVIEW,CONTROLLED_TERM_PROJECTION_REQUIRES_CLAIM_POLARITY_REVIEW,SRC_042_sourceTheorem,cosine_compatible=true;dense=true;empirical_result=true;evaluation=true;independent_encoding=true;retrieval=true,,PROVED_SOURCE_SUMMARY_ENTAILS_GUIDE_FORMULA,MODEL_PROVED,literature_SENT_1291,INCONCLUSIVE_REQUIRES_BILINGUAL_DOMAIN_REVIEW,INCONCLUSIVE,Lean checks the positive propositional derivation under source-summary premises,Conditional proof only: source-summary formula truth and NL-to-formula adequacy are separate obligations.
SENT-1292,3.6.1,docs/3.回答に使う資料を準備する/3.6.Embedding設計.md,13,DPR（Dense Passage Retrieval、密なパッセージ検索）は、質問と文書を別のエンコーダーで埋め込み、質問応答の文書検索へ利用しました。,externally_cited_claim,AND,"AND(AND(ATOM(dense=true), ATOM(dual_encoder=true)), ATOM(retrieval=true))",dense=true;dual_encoder=true;retrieval=true,SRC-043;SRC-002,https://arxiv.org/abs/2004.04906;https://aclanthology.org/2020.emnlp-main.550/,existing_direct_paragraph_or_technology_mapping,EXISTING_MAPPING_REQUIRES_SEMANTIC_REVIEW,CONTROLLED_TERM_PROJECTION_REQUIRES_CLAIM_POLARITY_REVIEW,SRC_043_sourceTheorem;SRC_002_sourceTheorem,benchmark=true;dense=true;document_statistics=true;dual_encoder=true;empirical_result=true;evaluation=true;length_normalization=true;lexical=true;open_domain_qa=true;recall_metric=true;retrieval=true;similarity=dot_product;tf_saturation=true;verification=true,,PROVED_SOURCE_SUMMARY_ENTAILS_GUIDE_FORMULA,MODEL_PROVED,literature_SENT_1292,INCONCLUSIVE_REQUIRES_BILINGUAL_DOMAIN_REVIEW,INCONCLUSIVE,Lean checks the positive propositional derivation under source-summary premises,Conditional proof only: source-summary formula truth and NL-to-formula adequacy are separate obligations.
SENT-1301,3.6.1,docs/3.回答に使う資料を準備する/3.6.Embedding設計.md,29,二塔型エンコーダー（bi-encoder / dual-encoder）は、質問と文書を独立して埋め込みます。,general_technical_claim,AND,"AND(ATOM(dual_encoder=true), ATOM(independent_encoding=true))",dual_encoder=true;independent_encoding=true,SRC-042;SRC-043,https://arxiv.org/abs/1908.10084;https://arxiv.org/abs/2004.04906,same_unit_candidate,CANDIDATE_REQUIRES_DOMAIN_REVIEW,CONTROLLED_TERM_PROJECTION_REQUIRES_CLAIM_POLARITY_REVIEW,SRC_042_sourceTheorem;SRC_043_sourceTheorem,benchmark=true;cosine_compatible=true;dense=true;document_statistics=true;dual_encoder=true;empirical_result=true;evaluation=true;independent_encoding=true;length_normalization=true;lexical=true;open_domain_qa=true;recall_metric=true;retrieval=true;similarity=dot_product;tf_saturation=true,,PROVED_SOURCE_SUMMARY_ENTAILS_GUIDE_FORMULA,MODEL_PROVED,literature_SENT_1301,INCONCLUSIVE_REQUIRES_BILINGUAL_DOMAIN_REVIEW,INCONCLUSIVE,Lean checks the positive propositional derivation under source-summary premises,Conditional proof only: source-summary formula truth and NL-to-formula adequacy are separate obligations.
SENT-1302,3.6.1,docs/3.回答に使う資料を準備する/3.6.Embedding設計.md,30,文書側のベクトルを質問前に計算して保存できるため、大量の文書から高速に検索できます。,general_technical_claim,ATOM,ATOM(retrieval=true),retrieval=true,SRC-042;SRC-043,https://arxiv.org/abs/1908.10084;https://arxiv.org/abs/2004.04906,same_unit_candidate,CANDIDATE_REQUIRES_DOMAIN_REVIEW,CONTROLLED_TERM_PROJECTION_REQUIRES_CLAIM_POLARITY_REVIEW,SRC_042_sourceTheorem;SRC_043_sourceTheorem,benchmark=true;cosine_compatible=true;dense=true;document_statistics=true;dual_encoder=true;empirical_result=true;evaluation=true;independent_encoding=true;length_normalization=true;lexical=true;open_domain_qa=true;recall_metric=true;retrieval=true;similarity=dot_product;tf_saturation=true,,PROVED_SOURCE_SUMMARY_ENTAILS_GUIDE_FORMULA,MODEL_PROVED,literature_SENT_1302,INCONCLUSIVE_REQUIRES_BILINGUAL_DOMAIN_REVIEW,INCONCLUSIVE,Lean checks the positive propositional derivation under source-summary premises,Conditional proof only: source-summary formula truth and NL-to-formula adequacy are separate obligations.
SENT-1304,3.6.1,docs/3.回答に使う資料を準備する/3.6.Embedding設計.md,33,DPRでは、同じ一括処理内の別文書を負例にし、BM25が上位にした誤文書を難しい負例として利用しました。,concrete_technology_claim,UNFORMALIZED,UNFORMALIZED,,SRC-005;SRC-002;SRC-043,https://doi.org/10.1561/1500000019;https://aclanthology.org/2020.emnlp-main.550/;https://arxiv.org/abs/2004.04906,existing_direct_paragraph_or_technology_mapping,EXISTING_MAPPING_REQUIRES_SEMANTIC_REVIEW,CONTROLLED_TERM_PROJECTION_REQUIRES_CLAIM_POLARITY_REVIEW,SRC_005_sourceTheorem;SRC_002_sourceTheorem;SRC_043_sourceTheorem,benchmark=true;dense=true;document_statistics=true;dual_encoder=true;empirical_result=true;evaluation=true;evidence_support=true;fielded=true;length_normalization=true;lexical=true;open_domain_qa=true;recall_metric=true;retrieval=true;similarity=dot_product;sparse=true;tf_saturation=true;verification=true,,INCONCLUSIVE_UNFORMALIZED_SENTENCE,INCONCLUSIVE,,INCONCLUSIVE_REQUIRES_BILINGUAL_DOMAIN_REVIEW,INCONCLUSIVE,no controlled semantic atom recognized,Conditional proof only: source-summary formula truth and NL-to-formula adequacy are separate obligations.
SENT-1309,3.6.2,docs/3.回答に使う資料を準備する/3.6.Embedding設計.md,42,代表的な比較方法には、コサイン類似度、内積、ユークリッド距離があります。,general_technical_claim,AND,"AND(ATOM(similarity=dot_product), ATOM(cosine_compatible=true))",cosine_compatible=true;similarity=dot_product,SRC-002;SRC-042;SRC-043,https://aclanthology.org/2020.emnlp-main.550/;https://arxiv.org/abs/1908.10084;https://arxiv.org/abs/2004.04906,same_file_candidate,CANDIDATE_REQUIRES_DOMAIN_REVIEW,CONTROLLED_TERM_PROJECTION_REQUIRES_CLAIM_POLARITY_REVIEW,SRC_002_sourceTheorem;SRC_042_sourceTheorem;SRC_043_sourceTheorem,benchmark=true;cosine_compatible=true;dense=true;document_statistics=true;dual_encoder=true;empirical_result=true;evaluation=true;independent_encoding=true;length_normalization=true;lexical=true;open_domain_qa=true;recall_metric=true;retrieval=true;similarity=dot_product;tf_saturation=true;verification=true,,PROVED_SOURCE_SUMMARY_ENTAILS_GUIDE_FORMULA,MODEL_PROVED,literature_SENT_1309,INCONCLUSIVE_REQUIRES_BILINGUAL_DOMAIN_REVIEW,INCONCLUSIVE,Lean checks the positive propositional derivation under source-summary premises,Conditional proof only: source-summary formula truth and NL-to-formula adequacy are separate obligations.
SENT-1311,3.6.2,docs/3.回答に使う資料を準備する/3.6.Embedding設計.md,45,埋め込みモデルが想定する正規化と距離尺度を、文書登録時と質問時で一致させます。,general_technical_claim,ATOM,ATOM(embedding_model=true),embedding_model=true,SRC-034,https://arxiv.org/abs/2409.04701,same_file_candidate,CANDIDATE_REQUIRES_DOMAIN_REVIEW,CONTROLLED_TERM_PROJECTION_REQUIRES_CLAIM_POLARITY_REVIEW,SRC_034_sourceTheorem,chunking=true;compression=true;embedding_model=true;encode_before_pool=true;long_context=true;retrieval=true,,PROVED_SOURCE_SUMMARY_ENTAILS_GUIDE_FORMULA,MODEL_PROVED,literature_SENT_1311,INCONCLUSIVE_REQUIRES_BILINGUAL_DOMAIN_REVIEW,INCONCLUSIVE,Lean checks the positive propositional derivation under source-summary premises,Conditional proof only: source-summary formula truth and NL-to-formula adequacy are separate obligations.
SENT-1325,3.6.3,docs/3.回答に使う資料を準備する/3.6.Embedding設計.md,67,MTEB（Massive Text Embedding Benchmark）は、同ベンチマークが評価したタスク、言語、モデルの範囲で、埋め込みモデル間の順位が一様でない結果を報告しています。,empirical_or_research_claim,NOT,"NOT(AND(AND(AND(ATOM(evaluation=true), ATOM(benchmark=true)), ATOM(embedding_model=true)), ATOM(empirical_result=true)))",benchmark=true;embedding_model=true;empirical_result=true;evaluation=true,SRC-044,https://arxiv.org/abs/2210.07316,same_unit_candidate,CANDIDATE_REQUIRES_DOMAIN_REVIEW,CONTROLLED_TERM_PROJECTION_REQUIRES_CLAIM_POLARITY_REVIEW,SRC_044_sourceTheorem,benchmark=true;empirical_result=true;evaluation=true;rerank=true;retrieval=true,embedding_model=true,INCONCLUSIVE_RELATION_NOT_SUPPORTED_BY_POSITIVE_SOURCE_FACTS,INCONCLUSIVE,,INCONCLUSIVE_REQUIRES_BILINGUAL_DOMAIN_REVIEW,INCONCLUSIVE,implication/negation requires a relation-preserving source formalization,Conditional proof only: source-summary formula truth and NL-to-formula adequacy are separate obligations.
SENT-1331,3.6.3,docs/3.回答に使う資料を準備する/3.6.Embedding設計.md,75,MTEBは、収録した検索、分類、意味類似などのtaskと言語についてembedding modelを同じ枠組みで評価するbenchmarkです。,externally_cited_claim,AND,"AND(AND(AND(ATOM(retrieval=true), ATOM(evaluation=true)), ATOM(benchmark=true)), ATOM(embedding_model=true))",benchmark=true;embedding_model=true;evaluation=true;retrieval=true,SRC-044,https://arxiv.org/abs/2210.07316,existing_direct_paragraph_or_technology_mapping,EXISTING_MAPPING_REQUIRES_SEMANTIC_REVIEW,CONTROLLED_TERM_PROJECTION_REQUIRES_CLAIM_POLARITY_REVIEW,SRC_044_sourceTheorem,benchmark=true;empirical_result=true;evaluation=true;rerank=true;retrieval=true,embedding_model=true,INCONCLUSIVE_UNSUPPORTED_ATOMS,INCONCLUSIVE,,INCONCLUSIVE_REQUIRES_BILINGUAL_DOMAIN_REVIEW,INCONCLUSIVE,guide formula contains atoms absent from the selected source summaries,Conditional proof only: source-summary formula truth and NL-to-formula adequacy are separate obligations.
SENT-1341,3.6.4,docs/3.回答に使う資料を準備する/3.6.Embedding設計.md,90,『利用できます』と『利用できません』のような否定差が単一ベクトルで近くなる頻度と検索順位への影響を、否定対を含む対象データで測定します。,general_technical_claim,NOT,"NOT(AND(AND(ATOM(dense=true), ATOM(retrieval=true)), ATOM(evaluation=true)))",dense=true;evaluation=true;retrieval=true,SRC-045;SRC-034,https://arxiv.org/abs/2004.12832;https://arxiv.org/abs/2409.04701,same_unit_candidate,CANDIDATE_REQUIRES_DOMAIN_REVIEW,CONTROLLED_TERM_PROJECTION_REQUIRES_CLAIM_POLARITY_REVIEW,SRC_045_sourceTheorem;SRC_034_sourceTheorem,chunking=true;compression=true;cost=true;dense=true;embedding_model=true;empirical_result=true;encode_before_pool=true;evaluation=true;generation=true;late_interaction=true;long_context=true;multi_vector=true;rerank=true;retrieval=true,,INCONCLUSIVE_RELATION_NOT_SUPPORTED_BY_POSITIVE_SOURCE_FACTS,INCONCLUSIVE,,INCONCLUSIVE_REQUIRES_BILINGUAL_DOMAIN_REVIEW,INCONCLUSIVE,implication/negation requires a relation-preserving source formalization,Conditional proof only: source-summary formula truth and NL-to-formula adequacy are separate obligations.
SENT-1342,3.6.4,docs/3.回答に使う資料を準備する/3.6.Embedding設計.md,92,DPRの分析では、BM25が希少なキーフレーズを正確に取得した例も示されています。,concrete_technology_claim,ATOM,ATOM(retrieval=true),retrieval=true,SRC-005;SRC-002;SRC-043,https://doi.org/10.1561/1500000019;https://aclanthology.org/2020.emnlp-main.550/;https://arxiv.org/abs/2004.04906,existing_direct_paragraph_or_technology_mapping,EXISTING_MAPPING_REQUIRES_SEMANTIC_REVIEW,CONTROLLED_TERM_PROJECTION_REQUIRES_CLAIM_POLARITY_REVIEW,SRC_005_sourceTheorem;SRC_002_sourceTheorem;SRC_043_sourceTheorem,benchmark=true;dense=true;document_statistics=true;dual_encoder=true;empirical_result=true;evaluation=true;evidence_support=true;fielded=true;length_normalization=true;lexical=true;open_domain_qa=true;recall_metric=true;retrieval=true;similarity=dot_product;sparse=true;tf_saturation=true;verification=true,,PROVED_SOURCE_SUMMARY_ENTAILS_GUIDE_FORMULA,MODEL_PROVED,literature_SENT_1342,INCONCLUSIVE_REQUIRES_BILINGUAL_DOMAIN_REVIEW,INCONCLUSIVE,Lean checks the positive propositional derivation under source-summary premises,Conditional proof only: source-summary formula truth and NL-to-formula adequacy are separate obligations.
SENT-1344,3.6.4,docs/3.回答に使う資料を準備する/3.6.Embedding設計.md,94,完全一致、項目別検索、BM25、メタデータによる絞り込みと役割を分けます。,concrete_technology_claim,AND,"AND(ATOM(fielded=true), ATOM(retrieval=true))",fielded=true;retrieval=true,SRC-005,https://doi.org/10.1561/1500000019,existing_direct_paragraph_or_technology_mapping,EXISTING_MAPPING_REQUIRES_SEMANTIC_REVIEW,CONTROLLED_TERM_PROJECTION_REQUIRES_CLAIM_POLARITY_REVIEW,SRC_005_sourceTheorem,document_statistics=true;evidence_support=true;fielded=true;length_normalization=true;lexical=true;retrieval=true;sparse=true;tf_saturation=true,,PROVED_SOURCE_SUMMARY_ENTAILS_GUIDE_FORMULA,MODEL_PROVED,literature_SENT_1344,INCONCLUSIVE_REQUIRES_BILINGUAL_DOMAIN_REVIEW,INCONCLUSIVE,Lean checks the positive propositional derivation under source-summary premises,Conditional proof only: source-summary formula truth and NL-to-formula adequacy are separate obligations.
SENT-1346,3.6.4,docs/3.回答に使う資料を準備する/3.6.Embedding設計.md,97,ColBERTは、文書内の各トークン表現を保持し、質問との遅延相互作用でスコアを計算します。,externally_cited_claim,ATOM,ATOM(late_interaction=true),late_interaction=true,SRC-045,https://arxiv.org/abs/2004.12832,existing_direct_paragraph_or_technology_mapping,EXISTING_MAPPING_REQUIRES_SEMANTIC_REVIEW,CONTROLLED_TERM_PROJECTION_REQUIRES_CLAIM_POLARITY_REVIEW,SRC_045_sourceTheorem,cost=true;dense=true;empirical_result=true;evaluation=true;generation=true;late_interaction=true;multi_vector=true;rerank=true;retrieval=true,,PROVED_SOURCE_SUMMARY_ENTAILS_GUIDE_FORMULA,MODEL_PROVED,literature_SENT_1346,INCONCLUSIVE_REQUIRES_BILINGUAL_DOMAIN_REVIEW,INCONCLUSIVE,Lean checks the positive propositional derivation under source-summary premises,Conditional proof only: source-summary formula truth and NL-to-formula adequacy are separate obligations.
SENT-1351,3.6.4,docs/3.回答に使う資料を準備する/3.6.Embedding設計.md,104,埋め込みモデルとチャンキングは相互に影響します。,general_technical_claim,ATOM,ATOM(embedding_model=true),embedding_model=true,SRC-034,https://arxiv.org/abs/2409.04701,same_unit_candidate,CANDIDATE_REQUIRES_DOMAIN_REVIEW,CONTROLLED_TERM_PROJECTION_REQUIRES_CLAIM_POLARITY_REVIEW,SRC_034_sourceTheorem,chunking=true;compression=true;embedding_model=true;encode_before_pool=true;long_context=true;retrieval=true,,PROVED_SOURCE_SUMMARY_ENTAILS_GUIDE_FORMULA,MODEL_PROVED,literature_SENT_1351,INCONCLUSIVE_REQUIRES_BILINGUAL_DOMAIN_REVIEW,INCONCLUSIVE,Lean checks the positive propositional derivation under source-summary premises,Conditional proof only: source-summary formula truth and NL-to-formula adequacy are separate obligations.
SENT-1353,3.6.4,docs/3.回答に使う資料を準備する/3.6.Embedding設計.md,107,本文へ付けると検索表現が自己完結しやすくなる一方、同じ見出しが多数のチャンクへ繰り返され、類似度を支配する可能性があります。,general_technical_claim,ATOM,ATOM(retrieval=true),retrieval=true,SRC-034;SRC-045,https://arxiv.org/abs/2409.04701;https://arxiv.org/abs/2004.12832,same_unit_candidate,CANDIDATE_REQUIRES_DOMAIN_REVIEW,CONTROLLED_TERM_PROJECTION_REQUIRES_CLAIM_POLARITY_REVIEW,SRC_034_sourceTheorem;SRC_045_sourceTheorem,chunking=true;compression=true;cost=true;dense=true;embedding_model=true;empirical_result=true;encode_before_pool=true;evaluation=true;generation=true;late_interaction=true;long_context=true;multi_vector=true;rerank=true;retrieval=true,,PROVED_SOURCE_SUMMARY_ENTAILS_GUIDE_FORMULA,MODEL_PROVED,literature_SENT_1353,INCONCLUSIVE_REQUIRES_BILINGUAL_DOMAIN_REVIEW,INCONCLUSIVE,Lean checks the positive propositional derivation under source-summary premises,Conditional proof only: source-summary formula truth and NL-to-formula adequacy are separate obligations.
SENT-1354,3.6.4,docs/3.回答に使う資料を準備する/3.6.Embedding設計.md,109,Late Chunkingは、長い文書を先にエンコードし、後からチャンク表現へまとめる方法です。,externally_cited_claim,AND,"AND(ATOM(chunking=true), ATOM(encode_before_pool=true))",chunking=true;encode_before_pool=true,SRC-034,https://arxiv.org/abs/2409.04701,existing_direct_paragraph_or_technology_mapping,EXISTING_MAPPING_REQUIRES_SEMANTIC_REVIEW,CONTROLLED_TERM_PROJECTION_REQUIRES_CLAIM_POLARITY_REVIEW,SRC_034_sourceTheorem,chunking=true;compression=true;embedding_model=true;encode_before_pool=true;long_context=true;retrieval=true,,PROVED_SOURCE_SUMMARY_ENTAILS_GUIDE_FORMULA,MODEL_PROVED,literature_SENT_1354,INCONCLUSIVE_REQUIRES_BILINGUAL_DOMAIN_REVIEW,INCONCLUSIVE,Lean checks the positive propositional derivation under source-summary premises,Conditional proof only: source-summary formula truth and NL-to-formula adequacy are separate obligations.
SENT-1358,3.6.5,docs/3.回答に使う資料を準備する/3.6.Embedding設計.md,117,embedding dimensionを変える実験では、Recallに加えてvector保存量、memory、転送byte、ANN p95 latencyを同時に記録します。,empirical_or_research_claim,AND,"AND(AND(AND(AND(AND(ATOM(ann=true), ATOM(recall_latency_tradeoff=true)), ATOM(recall_metric=true)), ATOM(latency=true)), ATOM(dimension_contract=true)), ATOM(empirical_result=true))",ann=true;dimension_contract=true;empirical_result=true;latency=true;recall_latency_tradeoff=true;recall_metric=true,SRC-046,https://arxiv.org/abs/2205.13147,same_unit_candidate,CANDIDATE_REQUIRES_DOMAIN_REVIEW,CONTROLLED_TERM_PROJECTION_REQUIRES_CLAIM_POLARITY_REVIEW,SRC_046_sourceTheorem,cost=true;dimension_contract=true;empirical_result=true;learned=true;retrieval=true,ann=true;latency=true;recall_latency_tradeoff=true;recall_metric=true,INCONCLUSIVE_UNSUPPORTED_ATOMS,INCONCLUSIVE,,INCONCLUSIVE_REQUIRES_BILINGUAL_DOMAIN_REVIEW,INCONCLUSIVE,guide formula contains atoms absent from the selected source summaries,Conditional proof only: source-summary formula truth and NL-to-formula adequacy are separate obligations.
SENT-1361,3.6.5,docs/3.回答に使う資料を準備する/3.6.Embedding設計.md,121,Matryoshka Representation Learningは、一つの表現の先頭部分を異なる次元数で利用できるよう学習する方法を提案しました。,externally_cited_claim,AND,"AND(ATOM(learned=true), ATOM(dimension_contract=true))",dimension_contract=true;learned=true,SRC-046,https://arxiv.org/abs/2205.13147,existing_direct_paragraph_or_technology_mapping,EXISTING_MAPPING_REQUIRES_SEMANTIC_REVIEW,CONTROLLED_TERM_PROJECTION_REQUIRES_CLAIM_POLARITY_REVIEW,SRC_046_sourceTheorem,cost=true;dimension_contract=true;empirical_result=true;learned=true;retrieval=true,,PROVED_SOURCE_SUMMARY_ENTAILS_GUIDE_FORMULA,MODEL_PROVED,literature_SENT_1361,INCONCLUSIVE_REQUIRES_BILINGUAL_DOMAIN_REVIEW,INCONCLUSIVE,Lean checks the positive propositional derivation under source-summary premises,Conditional proof only: source-summary formula truth and NL-to-formula adequacy are separate obligations.
SENT-1371,3.6.5,docs/3.回答に使う資料を準備する/3.6.Embedding設計.md,134,ACLやメタデータだけの変更は、ベクトルキャッシュとは別にインデックスへ反映します。,general_technical_claim,ATOM,ATOM(authorization=true),authorization=true,SRC-040;SRC-041,https://doi.org/10.1109/2.485845;https://arxiv.org/abs/2403.04651,same_chapter_candidate,CANDIDATE_REQUIRES_DOMAIN_REVIEW,CONTROLLED_TERM_PROJECTION_REQUIRES_CLAIM_POLARITY_REVIEW,SRC_040_sourceTheorem;SRC_041_sourceTheorem,authorization=true;evaluation=true;retrieval=true,,PROVED_SOURCE_SUMMARY_ENTAILS_GUIDE_FORMULA,MODEL_PROVED,literature_SENT_1371,INCONCLUSIVE_REQUIRES_BILINGUAL_DOMAIN_REVIEW,INCONCLUSIVE,Lean checks the positive propositional derivation under source-summary premises,Conditional proof only: source-summary formula truth and NL-to-formula adequacy are separate obligations.
SENT-1372,3.6.5,docs/3.回答に使う資料を準備する/3.6.Embedding設計.md,136,失敗したチャンクを隔離し、文書・チャンク・ベクトルの件数を照合します。,general_technical_claim,ATOM,ATOM(verification=true),verification=true,SRC-002,https://aclanthology.org/2020.emnlp-main.550/,same_file_candidate,CANDIDATE_REQUIRES_DOMAIN_REVIEW,CONTROLLED_TERM_PROJECTION_REQUIRES_CLAIM_POLARITY_REVIEW,SRC_002_sourceTheorem,benchmark=true;dense=true;document_statistics=true;dual_encoder=true;empirical_result=true;evaluation=true;length_normalization=true;lexical=true;open_domain_qa=true;recall_metric=true;retrieval=true;similarity=dot_product;tf_saturation=true;verification=true,,PROVED_SOURCE_SUMMARY_ENTAILS_GUIDE_FORMULA,MODEL_PROVED,literature_SENT_1372,INCONCLUSIVE_REQUIRES_BILINGUAL_DOMAIN_REVIEW,INCONCLUSIVE,Lean checks the positive propositional derivation under source-summary premises,Conditional proof only: source-summary formula truth and NL-to-formula adequacy are separate obligations.
SENT-1378,3.6.6,docs/3.回答に使う資料を準備する/3.6.Embedding設計.md,146,新モデルの文書ベクトルは別インデックスへ全件生成し、対応する質問エンコーダーと組み合わせます。,general_technical_claim,ATOM,ATOM(generation=true),generation=true,SRC-045,https://arxiv.org/abs/2004.12832,same_file_candidate,CANDIDATE_REQUIRES_DOMAIN_REVIEW,CONTROLLED_TERM_PROJECTION_REQUIRES_CLAIM_POLARITY_REVIEW,SRC_045_sourceTheorem,cost=true;dense=true;empirical_result=true;evaluation=true;generation=true;late_interaction=true;multi_vector=true;rerank=true;retrieval=true,,PROVED_SOURCE_SUMMARY_ENTAILS_GUIDE_FORMULA,MODEL_PROVED,literature_SENT_1378,INCONCLUSIVE_REQUIRES_BILINGUAL_DOMAIN_REVIEW,INCONCLUSIVE,Lean checks the positive propositional derivation under source-summary premises,Conditional proof only: source-summary formula truth and NL-to-formula adequacy are separate obligations.
SENT-1380,3.6.6,docs/3.回答に使う資料を準備する/3.6.Embedding設計.md,149,一般ベンチマークと業務の正解集合で新旧を比較します。,empirical_or_research_claim,AND,"AND(ATOM(evaluation=true), ATOM(benchmark=true))",benchmark=true;evaluation=true,SRC-002;SRC-043;SRC-044;SRC-042;SRC-045,https://aclanthology.org/2020.emnlp-main.550/;https://arxiv.org/abs/2004.04906;https://arxiv.org/abs/2210.07316;https://arxiv.org/abs/1908.10084;https://arxiv.org/abs/2004.12832,same_file_candidate,CANDIDATE_REQUIRES_DOMAIN_REVIEW,CONTROLLED_TERM_PROJECTION_REQUIRES_CLAIM_POLARITY_REVIEW,SRC_002_sourceTheorem;SRC_043_sourceTheorem;SRC_044_sourceTheorem;SRC_042_sourceTheorem;SRC_045_sourceTheorem,benchmark=true;cosine_compatible=true;cost=true;dense=true;document_statistics=true;dual_encoder=true;empirical_result=true;evaluation=true;generation=true;independent_encoding=true;late_interaction=true;length_normalization=true;lexical=true;multi_vector=true;open_domain_qa=true;recall_metric=true;rerank=true;retrieval=true;similarity=dot_product;tf_saturation=true;verification=true,,PROVED_SOURCE_SUMMARY_ENTAILS_GUIDE_FORMULA,MODEL_PROVED,literature_SENT_1380,INCONCLUSIVE_REQUIRES_BILINGUAL_DOMAIN_REVIEW,INCONCLUSIVE,Lean checks the positive propositional derivation under source-summary premises,Conditional proof only: source-summary formula truth and NL-to-formula adequacy are separate obligations.
SENT-1385,3.6.6,docs/3.回答に使う資料を準備する/3.6.Embedding設計.md,155,再埋め込みは単なる一括ジョブではなく、検索結果を変えるリリースです。,general_technical_claim,AND,"AND(ATOM(retrieval=true), ATOM(empirical_result=true))",empirical_result=true;retrieval=true,SRC-002;SRC-042;SRC-043;SRC-044;SRC-045,https://aclanthology.org/2020.emnlp-main.550/;https://arxiv.org/abs/1908.10084;https://arxiv.org/abs/2004.04906;https://arxiv.org/abs/2210.07316;https://arxiv.org/abs/2004.12832,same_file_candidate,CANDIDATE_REQUIRES_DOMAIN_REVIEW,CONTROLLED_TERM_PROJECTION_REQUIRES_CLAIM_POLARITY_REVIEW,SRC_002_sourceTheorem;SRC_042_sourceTheorem;SRC_043_sourceTheorem;SRC_044_sourceTheorem;SRC_045_sourceTheorem,benchmark=true;cosine_compatible=true;cost=true;dense=true;document_statistics=true;dual_encoder=true;empirical_result=true;evaluation=true;generation=true;independent_encoding=true;late_interaction=true;length_normalization=true;lexical=true;multi_vector=true;open_domain_qa=true;recall_metric=true;rerank=true;retrieval=true;similarity=dot_product;tf_saturation=true;verification=true,,PROVED_SOURCE_SUMMARY_ENTAILS_GUIDE_FORMULA,MODEL_PROVED,literature_SENT_1385,INCONCLUSIVE_REQUIRES_BILINGUAL_DOMAIN_REVIEW,INCONCLUSIVE,Lean checks the positive propositional derivation under source-summary premises,Conditional proof only: source-summary formula truth and NL-to-formula adequacy are separate obligations.
SENT-1388,3.7.1,docs/3.回答に使う資料を準備する/3.7.Index構築とライフサイクル.md,8,キーワード検索では、語から文書へ対応する転置インデックスを利用します。,general_technical_claim,AND,"AND(AND(ATOM(sparse=true), ATOM(inverted_index_compatible=true)), ATOM(retrieval=true))",inverted_index_compatible=true;retrieval=true;sparse=true,SRC-047;SRC-049;SRC-050;SRC-051;SRC-052,https://arxiv.org/abs/1603.09320;https://arxiv.org/abs/2403.04871;https://arxiv.org/abs/2506.23397;https://doi.org/10.1109/TPAMI.2010.57;https://arxiv.org/abs/1702.08734,same_file_candidate,CANDIDATE_REQUIRES_DOMAIN_REVIEW,CONTROLLED_TERM_PROJECTION_REQUIRES_CLAIM_POLARITY_REVIEW,SRC_047_sourceTheorem;SRC_049_sourceTheorem;SRC_050_sourceTheorem;SRC_051_sourceTheorem;SRC_052_sourceTheorem,acl_before_exposure=true;adaptive_strategy=true;ann=true;ann_support=true;benchmark=true;compressed_vectors=true;compression=true;dense=true;dimension_contract=true;disk_backed=true;empirical_result=true;evaluation=true;filter_aware=true;filter_first=true;gpu_accelerated=true;graph_index=true;hierarchical=true;incremental_updates=true;recall_latency_tradeoff=true;retrieval=true;scalability=true;subgraph_retrieval=true,inverted_index_compatible=true;sparse=true,INCONCLUSIVE_UNSUPPORTED_ATOMS,INCONCLUSIVE,,INCONCLUSIVE_REQUIRES_BILINGUAL_DOMAIN_REVIEW,INCONCLUSIVE,guide formula contains atoms absent from the selected source summaries,Conditional proof only: source-summary formula truth and NL-to-formula adequacy are separate obligations.
SENT-1389,3.7.1,docs/3.回答に使う資料を準備する/3.7.Index構築とライフサイクル.md,9,意味検索では、埋め込みベクトルから近い候補を探すために、完全探索または近似最近傍探索（ANN）のデータ構造を利用します。,general_technical_claim,OR,"OR(ATOM(retrieval=true), ATOM(ann=true))",ann=true;retrieval=true,SRC-047;SRC-049;SRC-050;SRC-052;SRC-053,https://arxiv.org/abs/1603.09320;https://arxiv.org/abs/2403.04871;https://arxiv.org/abs/2506.23397;https://arxiv.org/abs/1702.08734;https://www.microsoft.com/en-us/research/publication/diskann-fast-accurate-billion-point-nearest-neighbor-search-on-a-single-node/,same_file_candidate,CANDIDATE_REQUIRES_DOMAIN_REVIEW,CONTROLLED_TERM_PROJECTION_REQUIRES_CLAIM_POLARITY_REVIEW,SRC_047_sourceTheorem;SRC_049_sourceTheorem;SRC_050_sourceTheorem;SRC_052_sourceTheorem;SRC_053_sourceTheorem,acl_before_exposure=true;adaptive_strategy=true;ann=true;benchmark=true;compression=true;cost=true;dense=true;dimension_contract=true;disk_backed=true;empirical_result=true;evaluation=true;filter_aware=true;filter_first=true;gpu_accelerated=true;graph_index=true;hierarchical=true;incremental_updates=true;latency=true;recall_latency_tradeoff=true;recall_metric=true;retrieval=true;scalability=true;subgraph_retrieval=true;temporal_freshness=true,,PROVED_SOURCE_SUMMARY_ENTAILS_GUIDE_FORMULA,MODEL_PROVED,literature_SENT_1389,INCONCLUSIVE_REQUIRES_BILINGUAL_DOMAIN_REVIEW,INCONCLUSIVE,Lean checks the positive propositional derivation under source-summary premises,Conditional proof only: source-summary formula truth and NL-to-formula adequacy are separate obligations.
SENT-1390,3.7.1,docs/3.回答に使う資料を準備する/3.7.Index構築とライフサイクル.md,10,ハイブリッド検索では、二つのインデックスが同じ文書版とチャンクIDを参照する必要があります。,general_technical_claim,ATOM,ATOM(retrieval=true),retrieval=true,SRC-047;SRC-049;SRC-050;SRC-051;SRC-052,https://arxiv.org/abs/1603.09320;https://arxiv.org/abs/2403.04871;https://arxiv.org/abs/2506.23397;https://doi.org/10.1109/TPAMI.2010.57;https://arxiv.org/abs/1702.08734,same_file_candidate,CANDIDATE_REQUIRES_DOMAIN_REVIEW,CONTROLLED_TERM_PROJECTION_REQUIRES_CLAIM_POLARITY_REVIEW,SRC_047_sourceTheorem;SRC_049_sourceTheorem;SRC_050_sourceTheorem;SRC_051_sourceTheorem;SRC_052_sourceTheorem,acl_before_exposure=true;adaptive_strategy=true;ann=true;ann_support=true;benchmark=true;compressed_vectors=true;compression=true;dense=true;dimension_contract=true;disk_backed=true;empirical_result=true;evaluation=true;filter_aware=true;filter_first=true;gpu_accelerated=true;graph_index=true;hierarchical=true;incremental_updates=true;recall_latency_tradeoff=true;retrieval=true;scalability=true;subgraph_retrieval=true,,PROVED_SOURCE_SUMMARY_ENTAILS_GUIDE_FORMULA,MODEL_PROVED,literature_SENT_1390,INCONCLUSIVE_REQUIRES_BILINGUAL_DOMAIN_REVIEW,INCONCLUSIVE,Lean checks the positive propositional derivation under source-summary premises,Conditional proof only: source-summary formula truth and NL-to-formula adequacy are separate obligations.
SENT-1398,3.7.1,docs/3.回答に使う資料を準備する/3.7.Index構築とライフサイクル.md,21,計算量はベクトル数に比例するため、規模と要求数が増えると応答時間と計算資源が増えます。,general_technical_claim,AND,"AND(ATOM(temporal_freshness=true), ATOM(latency=true))",latency=true;temporal_freshness=true,SRC-053;SRC-054;SRC-055,https://www.microsoft.com/en-us/research/publication/diskann-fast-accurate-billion-point-nearest-neighbor-search-on-a-single-node/;https://arxiv.org/abs/2105.09613;https://arxiv.org/abs/2410.14452,same_file_candidate,CANDIDATE_REQUIRES_DOMAIN_REVIEW,CONTROLLED_TERM_PROJECTION_REQUIRES_CLAIM_POLARITY_REVIEW,SRC_053_sourceTheorem;SRC_054_sourceTheorem;SRC_055_sourceTheorem,ann=true;cost=true;dataset_shift=true;dimension_contract=true;disk_backed=true;empirical_result=true;graph_index=true;incremental_updates=true;latency=true;recall_metric=true;retrieval=true;scalability=true;temporal_freshness=true,,PROVED_SOURCE_SUMMARY_ENTAILS_GUIDE_FORMULA,MODEL_PROVED,literature_SENT_1398,INCONCLUSIVE_REQUIRES_BILINGUAL_DOMAIN_REVIEW,INCONCLUSIVE,Lean checks the positive propositional derivation under source-summary premises,Conditional proof only: source-summary formula truth and NL-to-formula adequacy are separate obligations.
SENT-1399,3.7.1,docs/3.回答に使う資料を準備する/3.7.Index構築とライフサイクル.md,23,ANNは、探索範囲を絞り、真の近傍を一部見落とす可能性と引き換えに検索を高速化します。,general_technical_claim,ATOM,ATOM(retrieval=true),retrieval=true,SRC-047;SRC-049;SRC-050;SRC-051;SRC-052,https://arxiv.org/abs/1603.09320;https://arxiv.org/abs/2403.04871;https://arxiv.org/abs/2506.23397;https://doi.org/10.1109/TPAMI.2010.57;https://arxiv.org/abs/1702.08734,same_file_candidate,CANDIDATE_REQUIRES_DOMAIN_REVIEW,CONTROLLED_TERM_PROJECTION_REQUIRES_CLAIM_POLARITY_REVIEW,SRC_047_sourceTheorem;SRC_049_sourceTheorem;SRC_050_sourceTheorem;SRC_051_sourceTheorem;SRC_052_sourceTheorem,acl_before_exposure=true;adaptive_strategy=true;ann=true;ann_support=true;benchmark=true;compressed_vectors=true;compression=true;dense=true;dimension_contract=true;disk_backed=true;empirical_result=true;evaluation=true;filter_aware=true;filter_first=true;gpu_accelerated=true;graph_index=true;hierarchical=true;incremental_updates=true;recall_latency_tradeoff=true;retrieval=true;scalability=true;subgraph_retrieval=true,,PROVED_SOURCE_SUMMARY_ENTAILS_GUIDE_FORMULA,MODEL_PROVED,literature_SENT_1399,INCONCLUSIVE_REQUIRES_BILINGUAL_DOMAIN_REVIEW,INCONCLUSIVE,Lean checks the positive propositional derivation under source-summary premises,Conditional proof only: source-summary formula truth and NL-to-formula adequacy are separate obligations.
SENT-1404,3.7.2,docs/3.回答に使う資料を準備する/3.7.Index構築とライフサイクル.md,32,HNSW（Hierarchical Navigable Small World、階層型ナビゲーション可能小世界）は、近いベクトルをグラフで結び、階層的に探索するANN手法です。,concrete_technology_claim,AND,"AND(ATOM(graph_index=true), ATOM(hierarchical=true))",graph_index=true;hierarchical=true,SRC-047,https://arxiv.org/abs/1603.09320,existing_direct_paragraph_or_technology_mapping,EXISTING_MAPPING_REQUIRES_SEMANTIC_REVIEW,CONTROLLED_TERM_PROJECTION_REQUIRES_CLAIM_POLARITY_REVIEW,SRC_047_sourceTheorem,ann=true;empirical_result=true;evaluation=true;graph_index=true;hierarchical=true;incremental_updates=true;recall_latency_tradeoff=true;retrieval=true,,PROVED_SOURCE_SUMMARY_ENTAILS_GUIDE_FORMULA,MODEL_PROVED,literature_SENT_1404,INCONCLUSIVE_REQUIRES_BILINGUAL_DOMAIN_REVIEW,INCONCLUSIVE,Lean checks the positive propositional derivation under source-summary premises,Conditional proof only: source-summary formula truth and NL-to-formula adequacy are separate obligations.
SENT-1405,3.7.2,docs/3.回答に使う資料を準備する/3.7.Index構築とライフサイクル.md,33,HNSWの論文は、階層化した小世界グラフによる近傍探索を提案しました。,externally_cited_claim,AND,"AND(ATOM(graph_index=true), ATOM(hierarchical=true))",graph_index=true;hierarchical=true,SRC-047,https://arxiv.org/abs/1603.09320,existing_direct_paragraph_or_technology_mapping,EXISTING_MAPPING_REQUIRES_SEMANTIC_REVIEW,CONTROLLED_TERM_PROJECTION_REQUIRES_CLAIM_POLARITY_REVIEW,SRC_047_sourceTheorem,ann=true;empirical_result=true;evaluation=true;graph_index=true;hierarchical=true;incremental_updates=true;recall_latency_tradeoff=true;retrieval=true,,PROVED_SOURCE_SUMMARY_ENTAILS_GUIDE_FORMULA,MODEL_PROVED,literature_SENT_1405,INCONCLUSIVE_REQUIRES_BILINGUAL_DOMAIN_REVIEW,INCONCLUSIVE,Lean checks the positive propositional derivation under source-summary premises,Conditional proof only: source-summary formula truth and NL-to-formula adequacy are separate obligations.
SENT-1409,3.7.2,docs/3.回答に使う資料を準備する/3.7.Index構築とライフサイクル.md,39,AnseriniへLucene HNSWを統合した研究は、同研究の実装・collection条件でLuceneとFaissの検索品質、構築時間、throughput、index容量を比較しています。,concrete_technology_claim,AND,"AND(ATOM(retrieval=true), ATOM(temporal_freshness=true))",retrieval=true;temporal_freshness=true,SRC-047;SRC-052,https://arxiv.org/abs/1603.09320;https://arxiv.org/abs/1702.08734,existing_direct_paragraph_or_technology_mapping,EXISTING_MAPPING_REQUIRES_SEMANTIC_REVIEW,CONTROLLED_TERM_PROJECTION_REQUIRES_CLAIM_POLARITY_REVIEW,SRC_047_sourceTheorem;SRC_052_sourceTheorem,ann=true;compression=true;dimension_contract=true;empirical_result=true;evaluation=true;gpu_accelerated=true;graph_index=true;hierarchical=true;incremental_updates=true;recall_latency_tradeoff=true;retrieval=true;scalability=true,temporal_freshness=true,INCONCLUSIVE_UNSUPPORTED_ATOMS,INCONCLUSIVE,,INCONCLUSIVE_REQUIRES_BILINGUAL_DOMAIN_REVIEW,INCONCLUSIVE,guide formula contains atoms absent from the selected source summaries,Conditional proof only: source-summary formula truth and NL-to-formula adequacy are separate obligations.
SENT-1412,3.7.2,docs/3.回答に使う資料を準備する/3.7.Index構築とライフサイクル.md,43,ACORNのようにフィルター条件を考慮する探索も候補です。,externally_cited_claim,ATOM,ATOM(filter_aware=true),filter_aware=true,SRC-049,https://arxiv.org/abs/2403.04871,existing_direct_paragraph_or_technology_mapping,EXISTING_MAPPING_REQUIRES_SEMANTIC_REVIEW,CONTROLLED_TERM_PROJECTION_REQUIRES_CLAIM_POLARITY_REVIEW,SRC_049_sourceTheorem,acl_before_exposure=true;ann=true;benchmark=true;dense=true;empirical_result=true;evaluation=true;filter_aware=true;graph_index=true;hierarchical=true;retrieval=true;subgraph_retrieval=true,,PROVED_SOURCE_SUMMARY_ENTAILS_GUIDE_FORMULA,MODEL_PROVED,literature_SENT_1412,INCONCLUSIVE_REQUIRES_BILINGUAL_DOMAIN_REVIEW,INCONCLUSIVE,Lean checks the positive propositional derivation under source-summary premises,Conditional proof only: source-summary formula truth and NL-to-formula adequacy are separate obligations.
SENT-1413,3.7.2,docs/3.回答に使う資料を準備する/3.7.Index構築とライフサイクル.md,44,NaviXは、フィルターを満たす候補の割合に加え、その候補がベクトル空間のどこへ集まるかに応じて探索方法を切り替えました。,externally_cited_claim,ATOM,ATOM(adaptive_strategy=true),adaptive_strategy=true,SRC-050,https://arxiv.org/abs/2506.23397,existing_direct_paragraph_or_technology_mapping,EXISTING_MAPPING_REQUIRES_SEMANTIC_REVIEW,CONTROLLED_TERM_PROJECTION_REQUIRES_CLAIM_POLARITY_REVIEW,SRC_050_sourceTheorem,adaptive_strategy=true;ann=true;dense=true;disk_backed=true;empirical_result=true;evaluation=true;filter_aware=true;filter_first=true;hierarchical=true;retrieval=true,,PROVED_SOURCE_SUMMARY_ENTAILS_GUIDE_FORMULA,MODEL_PROVED,literature_SENT_1413,INCONCLUSIVE_REQUIRES_BILINGUAL_DOMAIN_REVIEW,INCONCLUSIVE,Lean checks the positive propositional derivation under source-summary premises,Conditional proof only: source-summary formula truth and NL-to-formula adequacy are separate obligations.
SENT-1418,3.7.3,docs/3.回答に使う資料を準備する/3.7.Index構築とライフサイクル.md,53,PQ（Product Quantization、直積量子化）は、ベクトルを部分ベクトルへ分け、各部分を短いコードで表して保存量と距離計算を減らします。,concrete_technology_claim,ATOM,ATOM(compressed_vectors=true),compressed_vectors=true,SRC-051,https://doi.org/10.1109/TPAMI.2010.57,existing_direct_paragraph_or_technology_mapping,EXISTING_MAPPING_REQUIRES_SEMANTIC_REVIEW,CONTROLLED_TERM_PROJECTION_REQUIRES_CLAIM_POLARITY_REVIEW,SRC_051_sourceTheorem,ann_support=true;compressed_vectors=true;compression=true;retrieval=true,,PROVED_SOURCE_SUMMARY_ENTAILS_GUIDE_FORMULA,MODEL_PROVED,literature_SENT_1418,INCONCLUSIVE_REQUIRES_BILINGUAL_DOMAIN_REVIEW,INCONCLUSIVE,Lean checks the positive propositional derivation under source-summary premises,Conditional proof only: source-summary formula truth and NL-to-formula adequacy are separate obligations.
SENT-1419,3.7.3,docs/3.回答に使う資料を準備する/3.7.Index構築とライフサイクル.md,54,Product Quantization論文は、大規模nearest-neighbor searchを対象に、vectorを部分空間ごとのcodeへ量子化する圧縮方法を提案しています。,externally_cited_claim,AND,"AND(ATOM(compression=true), ATOM(scalability=true))",compression=true;scalability=true,SRC-051,https://doi.org/10.1109/TPAMI.2010.57,existing_direct_paragraph_or_technology_mapping,EXISTING_MAPPING_REQUIRES_SEMANTIC_REVIEW,CONTROLLED_TERM_PROJECTION_REQUIRES_CLAIM_POLARITY_REVIEW,SRC_051_sourceTheorem,ann_support=true;compressed_vectors=true;compression=true;retrieval=true,scalability=true,INCONCLUSIVE_UNSUPPORTED_ATOMS,INCONCLUSIVE,,INCONCLUSIVE_REQUIRES_BILINGUAL_DOMAIN_REVIEW,INCONCLUSIVE,guide formula contains atoms absent from the selected source summaries,Conditional proof only: source-summary formula truth and NL-to-formula adequacy are separate obligations.
SENT-1420,3.7.3,docs/3.回答に使う資料を準備する/3.7.Index構築とライフサイクル.md,55,圧縮によって元ベクトルとの距離へ誤差が入ります。,general_technical_claim,ATOM,ATOM(compression=true),compression=true,SRC-051,https://doi.org/10.1109/TPAMI.2010.57,existing_direct_paragraph_or_technology_mapping,EXISTING_MAPPING_REQUIRES_SEMANTIC_REVIEW,CONTROLLED_TERM_PROJECTION_REQUIRES_CLAIM_POLARITY_REVIEW,SRC_051_sourceTheorem,ann_support=true;compressed_vectors=true;compression=true;retrieval=true,,PROVED_SOURCE_SUMMARY_ENTAILS_GUIDE_FORMULA,MODEL_PROVED,literature_SENT_1420,INCONCLUSIVE_REQUIRES_BILINGUAL_DOMAIN_REVIEW,INCONCLUSIVE,Lean checks the positive propositional derivation under source-summary premises,Conditional proof only: source-summary formula truth and NL-to-formula adequacy are separate obligations.
SENT-1425,3.7.3,docs/3.回答に使う資料を準備する/3.7.Index構築とライフサイクル.md,62,GPUの採否は、対象データでインデックス構築時間と検索レイテンシをCPU構成と比較し、データ転送を含む総時間が改善する場合に決めます。,empirical_or_research_claim,UNFORMALIZED,UNFORMALIZED,,SRC-052,https://arxiv.org/abs/1702.08734,existing_direct_paragraph_or_technology_mapping,EXISTING_MAPPING_REQUIRES_SEMANTIC_REVIEW,CONTROLLED_TERM_PROJECTION_REQUIRES_CLAIM_POLARITY_REVIEW,SRC_052_sourceTheorem,ann=true;compression=true;dimension_contract=true;empirical_result=true;gpu_accelerated=true;hierarchical=true;retrieval=true;scalability=true,,INCONCLUSIVE_UNFORMALIZED_SENTENCE,INCONCLUSIVE,,INCONCLUSIVE_REQUIRES_BILINGUAL_DOMAIN_REVIEW,INCONCLUSIVE,conditional marker found but antecedent/consequent atoms were incomplete,Conditional proof only: source-summary formula truth and NL-to-formula adequacy are separate obligations.
SENT-1426,3.7.3,docs/3.回答に使う資料を準備する/3.7.Index構築とライフサイクル.md,63,FaissのGPU近傍探索は、10億規模のベクトル検索を扱いました。,externally_cited_claim,AND,"AND(ATOM(gpu_accelerated=true), ATOM(retrieval=true))",gpu_accelerated=true;retrieval=true,SRC-052,https://arxiv.org/abs/1702.08734,existing_direct_paragraph_or_technology_mapping,EXISTING_MAPPING_REQUIRES_SEMANTIC_REVIEW,CONTROLLED_TERM_PROJECTION_REQUIRES_CLAIM_POLARITY_REVIEW,SRC_052_sourceTheorem,ann=true;compression=true;dimension_contract=true;empirical_result=true;gpu_accelerated=true;hierarchical=true;retrieval=true;scalability=true,,PROVED_SOURCE_SUMMARY_ENTAILS_GUIDE_FORMULA,MODEL_PROVED,literature_SENT_1426,INCONCLUSIVE_REQUIRES_BILINGUAL_DOMAIN_REVIEW,INCONCLUSIVE,Lean checks the positive propositional derivation under source-summary premises,Conditional proof only: source-summary formula truth and NL-to-formula adequacy are separate obligations.
SENT-1430,3.7.3,docs/3.回答に使う資料を準備する/3.7.Index構築とライフサイクル.md,68,DiskANN論文は、単一node上のbillion-scale ANNを対象に、SSD上のindexとmemory上の構造を組み合わせる設計を扱っています。,externally_cited_claim,AND,"AND(ATOM(disk_backed=true), ATOM(scalability=true))",disk_backed=true;scalability=true,SRC-053,https://www.microsoft.com/en-us/research/publication/diskann-fast-accurate-billion-point-nearest-neighbor-search-on-a-single-node/,existing_direct_paragraph_or_technology_mapping,EXISTING_MAPPING_REQUIRES_SEMANTIC_REVIEW,CONTROLLED_TERM_PROJECTION_REQUIRES_CLAIM_POLARITY_REVIEW,SRC_053_sourceTheorem,ann=true;cost=true;disk_backed=true;empirical_result=true;graph_index=true;incremental_updates=true;latency=true;recall_metric=true;retrieval=true;temporal_freshness=true,scalability=true,INCONCLUSIVE_UNSUPPORTED_ATOMS,INCONCLUSIVE,,INCONCLUSIVE_REQUIRES_BILINGUAL_DOMAIN_REVIEW,INCONCLUSIVE,guide formula contains atoms absent from the selected source summaries,Conditional proof only: source-summary formula truth and NL-to-formula adequacy are separate obligations.
SENT-1448,3.7.4,docs/3.回答に使う資料を準備する/3.7.Index構築とライフサイクル.md,95,次元数、正規化、距離尺度、ANN設定,general_technical_claim,ATOM,ATOM(dimension_contract=true),dimension_contract=true,SRC-052;SRC-055,https://arxiv.org/abs/1702.08734;https://arxiv.org/abs/2410.14452,same_file_candidate,CANDIDATE_REQUIRES_DOMAIN_REVIEW,CONTROLLED_TERM_PROJECTION_REQUIRES_CLAIM_POLARITY_REVIEW,SRC_052_sourceTheorem;SRC_055_sourceTheorem,ann=true;compression=true;cost=true;dataset_shift=true;dimension_contract=true;empirical_result=true;gpu_accelerated=true;hierarchical=true;incremental_updates=true;latency=true;retrieval=true;scalability=true;temporal_freshness=true,,PROVED_SOURCE_SUMMARY_ENTAILS_GUIDE_FORMULA,MODEL_PROVED,literature_SENT_1448,INCONCLUSIVE_REQUIRES_BILINGUAL_DOMAIN_REVIEW,INCONCLUSIVE,Lean checks the positive propositional derivation under source-summary premises,Conditional proof only: source-summary formula truth and NL-to-formula adequacy are separate obligations.
SENT-1454,3.7.4,docs/3.回答に使う資料を準備する/3.7.Index構築とライフサイクル.md,103,Hidden Technical Debtが構成管理の負債を論じたように、管理画面で手動変更した設定もマニフェストへ取り込みます。,externally_cited_claim,ATOM,ATOM(technical_debt=true),technical_debt=true,SRC-023,https://papers.nips.cc/paper/5656-hidden-technical-debt-in-machine-learning-systems,existing_direct_paragraph_or_technology_mapping,EXISTING_MAPPING_REQUIRES_SEMANTIC_REVIEW,CONTROLLED_TERM_PROJECTION_REQUIRES_CLAIM_POLARITY_REVIEW,SRC_023_sourceTheorem,risk=true;technical_debt=true,,PROVED_SOURCE_SUMMARY_ENTAILS_GUIDE_FORMULA,MODEL_PROVED,literature_SENT_1454,INCONCLUSIVE_REQUIRES_BILINGUAL_DOMAIN_REVIEW,INCONCLUSIVE,Lean checks the positive propositional derivation under source-summary premises,Conditional proof only: source-summary formula truth and NL-to-formula adequacy are separate obligations.
SENT-1459,3.7.5,docs/3.回答に使う資料を準備する/3.7.Index構築とライフサイクル.md,112,文書・チャンク・ベクトル件数、代表的な近傍、ACLの否定試験、正解質問を検査してから公開します。,general_technical_claim,ATOM,ATOM(authorization=true),authorization=true,SRC-040;SRC-041,https://doi.org/10.1109/2.485845;https://arxiv.org/abs/2403.04651,same_chapter_candidate,CANDIDATE_REQUIRES_DOMAIN_REVIEW,CONTROLLED_TERM_PROJECTION_REQUIRES_CLAIM_POLARITY_REVIEW,SRC_040_sourceTheorem;SRC_041_sourceTheorem,authorization=true;evaluation=true;retrieval=true,,PROVED_SOURCE_SUMMARY_ENTAILS_GUIDE_FORMULA,MODEL_PROVED,literature_SENT_1459,INCONCLUSIVE_REQUIRES_BILINGUAL_DOMAIN_REVIEW,INCONCLUSIVE,Lean checks the positive propositional derivation under source-summary premises,Conditional proof only: source-summary formula truth and NL-to-formula adequacy are separate obligations.
SENT-1464,3.7.5,docs/3.回答に使う資料を準備する/3.7.Index構築とライフサイクル.md,119,変更種別に応じて、チャンク再生成、再埋め込み、メタデータ更新、削除を実行します。,general_technical_claim,ATOM,ATOM(generation=true),generation=true,SRC-056,https://arxiv.org/abs/2206.13843,same_file_candidate,CANDIDATE_REQUIRES_DOMAIN_REVIEW,CONTROLLED_TERM_PROJECTION_REQUIRES_CLAIM_POLARITY_REVIEW,SRC_056_sourceTheorem,embedding_model=true;generation=true;retrieval=true;scalability=true,,PROVED_SOURCE_SUMMARY_ENTAILS_GUIDE_FORMULA,MODEL_PROVED,literature_SENT_1464,INCONCLUSIVE_REQUIRES_BILINGUAL_DOMAIN_REVIEW,INCONCLUSIVE,Lean checks the positive propositional derivation under source-summary premises,Conditional proof only: source-summary formula truth and NL-to-formula adequacy are separate obligations.
SENT-1465,3.7.5,docs/3.回答に使う資料を準備する/3.7.Index構築とライフサイクル.md,121,graph-based ANN indexへ追加・削除を反復すると、初回構築時と比べてRecall、latency、index structureが変化する場合があります。,general_technical_claim,UNFORMALIZED,UNFORMALIZED,,SRC-054;SRC-055,https://arxiv.org/abs/2105.09613;https://arxiv.org/abs/2410.14452,existing_direct_paragraph_or_technology_mapping,EXISTING_MAPPING_REQUIRES_SEMANTIC_REVIEW,CONTROLLED_TERM_PROJECTION_REQUIRES_CLAIM_POLARITY_REVIEW,SRC_054_sourceTheorem;SRC_055_sourceTheorem,ann=true;cost=true;dataset_shift=true;dimension_contract=true;disk_backed=true;empirical_result=true;graph_index=true;incremental_updates=true;latency=true;recall_metric=true;retrieval=true;scalability=true;temporal_freshness=true,,INCONCLUSIVE_UNFORMALIZED_SENTENCE,INCONCLUSIVE,,INCONCLUSIVE_REQUIRES_BILINGUAL_DOMAIN_REVIEW,INCONCLUSIVE,conditional marker found but antecedent/consequent atoms were incomplete,Conditional proof only: source-summary formula truth and NL-to-formula adequacy are separate obligations.
SENT-1467,3.7.5,docs/3.回答に使う資料を準備する/3.7.Index構築とライフサイクル.md,123,FreshDiskANNとSPFreshは、継続的な追加・削除を伴う大規模ベクトル検索を扱いました。,externally_cited_claim,AND,"AND(AND(ATOM(incremental_updates=true), ATOM(retrieval=true)), ATOM(scalability=true))",incremental_updates=true;retrieval=true;scalability=true,SRC-054;SRC-055;SRC-053,https://arxiv.org/abs/2105.09613;https://arxiv.org/abs/2410.14452;https://www.microsoft.com/en-us/research/publication/diskann-fast-accurate-billion-point-nearest-neighbor-search-on-a-single-node/,existing_direct_paragraph_or_technology_mapping,EXISTING_MAPPING_REQUIRES_SEMANTIC_REVIEW,CONTROLLED_TERM_PROJECTION_REQUIRES_CLAIM_POLARITY_REVIEW,SRC_054_sourceTheorem;SRC_055_sourceTheorem;SRC_053_sourceTheorem,ann=true;cost=true;dataset_shift=true;dimension_contract=true;disk_backed=true;empirical_result=true;graph_index=true;incremental_updates=true;latency=true;recall_metric=true;retrieval=true;scalability=true;temporal_freshness=true,,PROVED_SOURCE_SUMMARY_ENTAILS_GUIDE_FORMULA,MODEL_PROVED,literature_SENT_1467,INCONCLUSIVE_REQUIRES_BILINGUAL_DOMAIN_REVIEW,INCONCLUSIVE,Lean checks the positive propositional derivation under source-summary premises,Conditional proof only: source-summary formula truth and NL-to-formula adequacy are separate obligations.
SENT-1468,3.7.5,docs/3.回答に使う資料を準備する/3.7.Index構築とライフサイクル.md,125,情報源の更新から検索可能になるまでの時間、削除済みだが検索できる件数、ANN再現率、応答時間を監視します。,general_technical_claim,AND,"AND(AND(AND(ATOM(retrieval=true), ATOM(temporal_freshness=true)), ATOM(recall_metric=true)), ATOM(latency=true))",latency=true;recall_metric=true;retrieval=true;temporal_freshness=true,SRC-054;SRC-055,https://arxiv.org/abs/2105.09613;https://arxiv.org/abs/2410.14452,same_unit_candidate,CANDIDATE_REQUIRES_DOMAIN_REVIEW,CONTROLLED_TERM_PROJECTION_REQUIRES_CLAIM_POLARITY_REVIEW,SRC_054_sourceTheorem;SRC_055_sourceTheorem,ann=true;cost=true;dataset_shift=true;dimension_contract=true;disk_backed=true;empirical_result=true;graph_index=true;incremental_updates=true;latency=true;recall_metric=true;retrieval=true;scalability=true;temporal_freshness=true,,PROVED_SOURCE_SUMMARY_ENTAILS_GUIDE_FORMULA,MODEL_PROVED,literature_SENT_1468,INCONCLUSIVE_REQUIRES_BILINGUAL_DOMAIN_REVIEW,INCONCLUSIVE,Lean checks the positive propositional derivation under source-summary premises,Conditional proof only: source-summary formula truth and NL-to-formula adequacy are separate obligations.
SENT-1483,3.7.7,docs/3.回答に使う資料を準備する/3.7.Index構築とライフサイクル.md,151,分散vector storeの比較範囲にはANNだけでなく、write path、log、partition、snapshot、replication、compressionを含めます。,general_technical_claim,UNFORMALIZED,UNFORMALIZED,,SRC-056,https://arxiv.org/abs/2206.13843,existing_direct_paragraph_or_technology_mapping,EXISTING_MAPPING_REQUIRES_SEMANTIC_REVIEW,CONTROLLED_TERM_PROJECTION_REQUIRES_CLAIM_POLARITY_REVIEW,SRC_056_sourceTheorem,embedding_model=true;generation=true;retrieval=true;scalability=true,,INCONCLUSIVE_UNFORMALIZED_SENTENCE,INCONCLUSIVE,,INCONCLUSIVE_REQUIRES_BILINGUAL_DOMAIN_REVIEW,INCONCLUSIVE,no controlled semantic atom recognized,Conditional proof only: source-summary formula truth and NL-to-formula adequacy are separate obligations.
SENT-1484,3.7.7,docs/3.回答に使う資料を準備する/3.7.Index構築とライフサイクル.md,152,Manu論文は、継続更新されるvector dataの取り込みと検索を対象とするcloud-native distributed vector databaseを提示しています。,externally_cited_claim,AND,"AND(ATOM(incremental_updates=true), ATOM(retrieval=true))",incremental_updates=true;retrieval=true,SRC-056,https://arxiv.org/abs/2206.13843,existing_direct_paragraph_or_technology_mapping,EXISTING_MAPPING_REQUIRES_SEMANTIC_REVIEW,CONTROLLED_TERM_PROJECTION_REQUIRES_CLAIM_POLARITY_REVIEW,SRC_056_sourceTheorem,embedding_model=true;generation=true;retrieval=true;scalability=true,incremental_updates=true,INCONCLUSIVE_UNSUPPORTED_ATOMS,INCONCLUSIVE,,INCONCLUSIVE_REQUIRES_BILINGUAL_DOMAIN_REVIEW,INCONCLUSIVE,guide formula contains atoms absent from the selected source summaries,Conditional proof only: source-summary formula truth and NL-to-formula adequacy are separate obligations.
SENT-1492,3.7.7,docs/3.回答に使う資料を準備する/3.7.Index構築とライフサイクル.md,163,N はベクトル数、d は次元数、b は一要素当たりのバイト数です。,general_technical_claim,ATOM,ATOM(dimension_contract=true),dimension_contract=true,SRC-052,https://arxiv.org/abs/1702.08734,same_unit_candidate,CANDIDATE_REQUIRES_DOMAIN_REVIEW,CONTROLLED_TERM_PROJECTION_REQUIRES_CLAIM_POLARITY_REVIEW,SRC_052_sourceTheorem,ann=true;compression=true;dimension_contract=true;empirical_result=true;gpu_accelerated=true;hierarchical=true;retrieval=true;scalability=true,,PROVED_SOURCE_SUMMARY_ENTAILS_GUIDE_FORMULA,MODEL_PROVED,literature_SENT_1492,INCONCLUSIVE_REQUIRES_BILINGUAL_DOMAIN_REVIEW,INCONCLUSIVE,Lean checks the positive propositional derivation under source-summary premises,Conditional proof only: source-summary formula truth and NL-to-formula adequacy are separate obligations.
SENT-1495,3.7.7,docs/3.回答に使う資料を準備する/3.7.Index構築とライフサイクル.md,168,文書数、ベクトル分布、メタデータ、ACLの選択率を本番の見込みに合わせます。,general_technical_claim,ATOM,ATOM(authorization=true),authorization=true,SRC-040;SRC-041,https://doi.org/10.1109/2.485845;https://arxiv.org/abs/2403.04651,same_chapter_candidate,CANDIDATE_REQUIRES_DOMAIN_REVIEW,CONTROLLED_TERM_PROJECTION_REQUIRES_CLAIM_POLARITY_REVIEW,SRC_040_sourceTheorem;SRC_041_sourceTheorem,authorization=true;evaluation=true;retrieval=true,,PROVED_SOURCE_SUMMARY_ENTAILS_GUIDE_FORMULA,MODEL_PROVED,literature_SENT_1495,INCONCLUSIVE_REQUIRES_BILINGUAL_DOMAIN_REVIEW,INCONCLUSIVE,Lean checks the positive propositional derivation under source-summary premises,Conditional proof only: source-summary formula truth and NL-to-formula adequacy are separate obligations.
SENT-1499,3.7.7,docs/3.回答に使う資料を準備する/3.7.Index構築とライフサイクル.md,173,Faissの研究とDiskANNは、使用する計算資源と保存方式によって、大規模近傍探索の速度と容量が変わることを示しました。,externally_cited_claim,ATOM,ATOM(scalability=true),scalability=true,SRC-052;SRC-053,https://arxiv.org/abs/1702.08734;https://www.microsoft.com/en-us/research/publication/diskann-fast-accurate-billion-point-nearest-neighbor-search-on-a-single-node/,existing_direct_paragraph_or_technology_mapping,EXISTING_MAPPING_REQUIRES_SEMANTIC_REVIEW,CONTROLLED_TERM_PROJECTION_REQUIRES_CLAIM_POLARITY_REVIEW,SRC_052_sourceTheorem;SRC_053_sourceTheorem,ann=true;compression=true;cost=true;dimension_contract=true;disk_backed=true;empirical_result=true;gpu_accelerated=true;graph_index=true;hierarchical=true;incremental_updates=true;latency=true;recall_metric=true;retrieval=true;scalability=true;temporal_freshness=true,,PROVED_SOURCE_SUMMARY_ENTAILS_GUIDE_FORMULA,MODEL_PROVED,literature_SENT_1499,INCONCLUSIVE_REQUIRES_BILINGUAL_DOMAIN_REVIEW,INCONCLUSIVE,Lean checks the positive propositional derivation under source-summary premises,Conditional proof only: source-summary formula truth and NL-to-formula adequacy are separate obligations.
SENT-1504,3.7.7,docs/3.回答に使う資料を準備する/3.7.Index構築とライフサイクル.md,180,インデックス容量、稼働版、鮮度、取り込み失敗、埋め込みエラーを監視します。,general_technical_claim,ATOM,ATOM(temporal_freshness=true),temporal_freshness=true,SRC-053,https://www.microsoft.com/en-us/research/publication/diskann-fast-accurate-billion-point-nearest-neighbor-search-on-a-single-node/,same_unit_candidate,CANDIDATE_REQUIRES_DOMAIN_REVIEW,CONTROLLED_TERM_PROJECTION_REQUIRES_CLAIM_POLARITY_REVIEW,SRC_053_sourceTheorem,ann=true;cost=true;disk_backed=true;empirical_result=true;graph_index=true;incremental_updates=true;latency=true;recall_metric=true;retrieval=true;temporal_freshness=true,,PROVED_SOURCE_SUMMARY_ENTAILS_GUIDE_FORMULA,MODEL_PROVED,literature_SENT_1504,INCONCLUSIVE_REQUIRES_BILINGUAL_DOMAIN_REVIEW,INCONCLUSIVE,Lean checks the positive propositional derivation under source-summary premises,Conditional proof only: source-summary formula truth and NL-to-formula adequacy are separate obligations.
SENT-1510,3.7.7,docs/3.回答に使う資料を準備する/3.7.Index構築とライフサイクル.md,188,情報源、parser、embedding、ANN、filterの各段階に独立したversionと品質指標を置き、異常発生時に最初の変化点を特定します。,general_technical_claim,AND,"AND(ATOM(ann=true), ATOM(parsing=true))",ann=true;parsing=true,SRC-052;SRC-053,https://arxiv.org/abs/1702.08734;https://www.microsoft.com/en-us/research/publication/diskann-fast-accurate-billion-point-nearest-neighbor-search-on-a-single-node/,same_unit_candidate,CANDIDATE_REQUIRES_DOMAIN_REVIEW,CONTROLLED_TERM_PROJECTION_REQUIRES_CLAIM_POLARITY_REVIEW,SRC_052_sourceTheorem;SRC_053_sourceTheorem,ann=true;compression=true;cost=true;dimension_contract=true;disk_backed=true;empirical_result=true;gpu_accelerated=true;graph_index=true;hierarchical=true;incremental_updates=true;latency=true;recall_metric=true;retrieval=true;scalability=true;temporal_freshness=true,parsing=true,INCONCLUSIVE_UNSUPPORTED_ATOMS,INCONCLUSIVE,,INCONCLUSIVE_REQUIRES_BILINGUAL_DOMAIN_REVIEW,INCONCLUSIVE,guide formula contains atoms absent from the selected source summaries,Conditional proof only: source-summary formula truth and NL-to-formula adequacy are separate obligations.
SENT-1531,FILE-INTRO,docs/3.回答に使う資料を準備する/3.9.既存の全文検索からRAGへ移行する.md,3,移行の目的はベクトル検索への置換ではなく、既存の語彙一致、認可、監視を保ちながら、根拠付き回答を安全に追加することです。,general_technical_claim,AND,"AND(AND(AND(AND(ATOM(lexical=true), ATOM(retrieval=true)), ATOM(generation=true)), ATOM(evidence_support=true)), ATOM(authorization=true))",authorization=true;evidence_support=true;generation=true;lexical=true;retrieval=true,SRC-005,https://doi.org/10.1561/1500000019,same_file_candidate,CANDIDATE_REQUIRES_DOMAIN_REVIEW,CONTROLLED_TERM_PROJECTION_REQUIRES_CLAIM_POLARITY_REVIEW,SRC_005_sourceTheorem,document_statistics=true;evidence_support=true;fielded=true;length_normalization=true;lexical=true;retrieval=true;sparse=true;tf_saturation=true,authorization=true;generation=true,INCONCLUSIVE_UNSUPPORTED_ATOMS,INCONCLUSIVE,,INCONCLUSIVE_REQUIRES_BILINGUAL_DOMAIN_REVIEW,INCONCLUSIVE,guide formula contains atoms absent from the selected source summaries,Conditional proof only: source-summary formula truth and NL-to-formula adequacy are separate obligations.
SENT-1534,3.9.1,docs/3.回答に使う資料を準備する/3.9.既存の全文検索からRAGへ移行する.md,10,BM25のk1とb、field boost、minimum should match、完全一致規則,concrete_technology_claim,UNFORMALIZED,UNFORMALIZED,,SRC-005,https://doi.org/10.1561/1500000019,existing_direct_paragraph_or_technology_mapping,EXISTING_MAPPING_REQUIRES_SEMANTIC_REVIEW,CONTROLLED_TERM_PROJECTION_REQUIRES_CLAIM_POLARITY_REVIEW,SRC_005_sourceTheorem,document_statistics=true;evidence_support=true;fielded=true;length_normalization=true;lexical=true;retrieval=true;sparse=true;tf_saturation=true,,INCONCLUSIVE_UNFORMALIZED_SENTENCE,INCONCLUSIVE,,INCONCLUSIVE_REQUIRES_BILINGUAL_DOMAIN_REVIEW,INCONCLUSIVE,no controlled semantic atom recognized,Conditional proof only: source-summary formula truth and NL-to-formula adequacy are separate obligations.
SENT-1546,3.9.1,docs/3.回答に使う資料を準備する/3.9.既存の全文検索からRAGへ移行する.md,25,| BM25設定 | k1、b、field boostの基準 | dense・hybridとの比較結果 |,concrete_technology_claim,AND,"AND(ATOM(dense=true), ATOM(empirical_result=true))",dense=true;empirical_result=true,SRC-005,https://doi.org/10.1561/1500000019,existing_direct_paragraph_or_technology_mapping,EXISTING_MAPPING_REQUIRES_SEMANTIC_REVIEW,CONTROLLED_TERM_PROJECTION_REQUIRES_CLAIM_POLARITY_REVIEW,SRC_005_sourceTheorem,document_statistics=true;evidence_support=true;fielded=true;length_normalization=true;lexical=true;retrieval=true;sparse=true;tf_saturation=true,dense=true;empirical_result=true,INCONCLUSIVE_UNSUPPORTED_ATOMS,INCONCLUSIVE,,INCONCLUSIVE_REQUIRES_BILINGUAL_DOMAIN_REVIEW,INCONCLUSIVE,guide formula contains atoms absent from the selected source summaries,Conditional proof only: source-summary formula truth and NL-to-formula adequacy are separate obligations.
SENT-1548,3.9.1,docs/3.回答に使う資料を準備する/3.9.既存の全文検索からRAGへ移行する.md,27,| 認可 | 検索前filterと監査規則 | 生成前の再検査とcitation検査 |,general_technical_claim,AND,"AND(AND(AND(ATOM(retrieval=true), ATOM(generation=true)), ATOM(citation=true)), ATOM(authorization=true))",authorization=true;citation=true;generation=true;retrieval=true,SRC-005,https://doi.org/10.1561/1500000019,same_file_candidate,CANDIDATE_REQUIRES_DOMAIN_REVIEW,CONTROLLED_TERM_PROJECTION_REQUIRES_CLAIM_POLARITY_REVIEW,SRC_005_sourceTheorem,document_statistics=true;evidence_support=true;fielded=true;length_normalization=true;lexical=true;retrieval=true;sparse=true;tf_saturation=true,authorization=true;citation=true;generation=true,INCONCLUSIVE_UNSUPPORTED_ATOMS,INCONCLUSIVE,,INCONCLUSIVE_REQUIRES_BILINGUAL_DOMAIN_REVIEW,INCONCLUSIVE,guide formula contains atoms absent from the selected source summaries,Conditional proof only: source-summary formula truth and NL-to-formula adequacy are separate obligations.
SENT-1560,3.9.3,docs/3.回答に使う資料を準備する/3.9.既存の全文検索からRAGへ移行する.md,40,新経路の結果は画面へ出さず、候補ID、順位、適用filter、処理時間、timeout、構成版だけを比較ログへ残します。,empirical_or_research_claim,AND,"AND(ATOM(temporal_freshness=true), ATOM(empirical_result=true))",empirical_result=true;temporal_freshness=true,SRC-013;SRC-038;SRC-039;SRC-053;SRC-054,https://arxiv.org/abs/2310.03214;https://arxiv.org/abs/2205.11388;https://arxiv.org/abs/2402.07867;https://www.microsoft.com/en-us/research/publication/diskann-fast-accurate-billion-point-nearest-neighbor-search-on-a-single-node/;https://arxiv.org/abs/2105.09613,same_chapter_candidate,CANDIDATE_REQUIRES_DOMAIN_REVIEW,CONTROLLED_TERM_PROJECTION_REQUIRES_CLAIM_POLARITY_REVIEW,SRC_013_sourceTheorem;SRC_038_sourceTheorem;SRC_039_sourceTheorem;SRC_053_sourceTheorem;SRC_054_sourceTheorem,ann=true;benchmark=true;cost=true;disk_backed=true;empirical_result=true;evaluation=true;evidence_support=true;external_knowledge=true;factuality=true;generation=true;graph_index=true;hallucination=true;human_evaluation=true;incremental_updates=true;latency=true;rag=true;recall_metric=true;retrieval=true;security=true;temporal_freshness=true,,PROVED_SOURCE_SUMMARY_ENTAILS_GUIDE_FORMULA,MODEL_PROVED,literature_SENT_1560,INCONCLUSIVE_REQUIRES_BILINGUAL_DOMAIN_REVIEW,INCONCLUSIVE,Lean checks the positive propositional derivation under source-summary premises,Conditional proof only: source-summary formula truth and NL-to-formula adequacy are separate obligations.
SENT-1562,3.9.3,docs/3.回答に使う資料を準備する/3.9.既存の全文検索からRAGへ移行する.md,42,比較では、旧BM25、新しいBM25、dense、hybrid、rerank後を分けます。,concrete_technology_claim,AND,"AND(ATOM(dense=true), ATOM(rerank=true))",dense=true;rerank=true,SRC-005,https://doi.org/10.1561/1500000019,existing_direct_paragraph_or_technology_mapping,EXISTING_MAPPING_REQUIRES_SEMANTIC_REVIEW,CONTROLLED_TERM_PROJECTION_REQUIRES_CLAIM_POLARITY_REVIEW,SRC_005_sourceTheorem,document_statistics=true;evidence_support=true;fielded=true;length_normalization=true;lexical=true;retrieval=true;sparse=true;tf_saturation=true,dense=true;rerank=true,INCONCLUSIVE_UNSUPPORTED_ATOMS,INCONCLUSIVE,,INCONCLUSIVE_REQUIRES_BILINGUAL_DOMAIN_REVIEW,INCONCLUSIVE,guide formula contains atoms absent from the selected source summaries,Conditional proof only: source-summary formula truth and NL-to-formula adequacy are separate obligations.
SENT-1563,3.9.3,docs/3.回答に使う資料を準備する/3.9.既存の全文検索からRAGへ移行する.md,42,一度に複数の変更を混ぜると改善原因が分からないため、analyzerの移植、chunking、embedding、fusion、生成を段階的に有効化します。,empirical_or_research_claim,NOT,"NOT(AND(AND(ATOM(chunking=true), ATOM(generation=true)), ATOM(empirical_result=true)))",chunking=true;empirical_result=true;generation=true,SRC-031;SRC-013;SRC-033;SRC-036;SRC-037,https://arxiv.org/abs/2312.06648;https://arxiv.org/abs/2310.03214;https://arxiv.org/abs/2401.18059;https://arxiv.org/abs/2009.02252;https://arxiv.org/abs/2305.14627,same_chapter_candidate,CANDIDATE_REQUIRES_DOMAIN_REVIEW,CONTROLLED_TERM_PROJECTION_REQUIRES_CLAIM_POLARITY_REVIEW,SRC_031_sourceTheorem;SRC_013_sourceTheorem;SRC_033_sourceTheorem;SRC_036_sourceTheorem;SRC_037_sourceTheorem,ab_testing=true;benchmark=true;chunking=true;citation=true;dense=true;dimension_contract=true;empirical_result=true;evaluation=true;evidence_support=true;external_knowledge=true;factuality=true;generated_summaries=true;generation=true;hallucination=true;hierarchical=true;human_evaluation=true;knowledge_intensive=true;multi_hop=true;open_domain_qa=true;provenance_required=true;rag=true;retrieval=true;temporal_freshness=true,,INCONCLUSIVE_RELATION_NOT_SUPPORTED_BY_POSITIVE_SOURCE_FACTS,INCONCLUSIVE,,INCONCLUSIVE_REQUIRES_BILINGUAL_DOMAIN_REVIEW,INCONCLUSIVE,implication/negation requires a relation-preserving source formalization,Conditional proof only: source-summary formula truth and NL-to-formula adequacy are separate obligations.
SENT-1569,3.9.4,docs/3.回答に使う資料を準備する/3.9.既存の全文検索からRAGへ移行する.md,50,全体と重要スライスでRecall@kとnDCG@kが合格しています。,general_technical_claim,AND,"AND(ATOM(recall_metric=true), ATOM(ranking_metric=true))",ranking_metric=true;recall_metric=true,SRC-002;SRC-043;SRC-053;SRC-054,https://aclanthology.org/2020.emnlp-main.550/;https://arxiv.org/abs/2004.04906;https://www.microsoft.com/en-us/research/publication/diskann-fast-accurate-billion-point-nearest-neighbor-search-on-a-single-node/;https://arxiv.org/abs/2105.09613,same_chapter_candidate,CANDIDATE_REQUIRES_DOMAIN_REVIEW,CONTROLLED_TERM_PROJECTION_REQUIRES_CLAIM_POLARITY_REVIEW,SRC_002_sourceTheorem;SRC_043_sourceTheorem;SRC_053_sourceTheorem;SRC_054_sourceTheorem,ann=true;benchmark=true;cost=true;dense=true;disk_backed=true;document_statistics=true;dual_encoder=true;empirical_result=true;evaluation=true;graph_index=true;incremental_updates=true;latency=true;length_normalization=true;lexical=true;open_domain_qa=true;recall_metric=true;retrieval=true;similarity=dot_product;temporal_freshness=true;tf_saturation=true;verification=true,ranking_metric=true,INCONCLUSIVE_UNSUPPORTED_ATOMS,INCONCLUSIVE,,INCONCLUSIVE_REQUIRES_BILINGUAL_DOMAIN_REVIEW,INCONCLUSIVE,guide formula contains atoms absent from the selected source summaries,Conditional proof only: source-summary formula truth and NL-to-formula adequacy are separate obligations.
SENT-1584,INTRO-3,docs/3.回答に使う資料を準備する/序文.md,7,資料準備の成果物は、本文に加えて、文書のID（Identifier、識別子）、チャンクID、出典位置、版、時点、権限属性、変換履歴を持つ検索可能な知識です。,general_technical_claim,AND,"AND(AND(ATOM(retrieval=true), ATOM(temporal_freshness=true)), ATOM(authorization=true))",authorization=true;retrieval=true;temporal_freshness=true,SRC-012;SRC-013;SRC-038;SRC-039;SRC-041,https://arxiv.org/abs/2401.13222;https://arxiv.org/abs/2310.03214;https://arxiv.org/abs/2205.11388;https://arxiv.org/abs/2402.07867;https://arxiv.org/abs/2403.04651,same_chapter_candidate,CANDIDATE_REQUIRES_DOMAIN_REVIEW,CONTROLLED_TERM_PROJECTION_REQUIRES_CLAIM_POLARITY_REVIEW,SRC_012_sourceTheorem;SRC_013_sourceTheorem;SRC_038_sourceTheorem;SRC_039_sourceTheorem;SRC_041_sourceTheorem,authorization=true;benchmark=true;empirical_result=true;evaluation=true;evidence_support=true;external_knowledge=true;factuality=true;generation=true;hallucination=true;human_evaluation=true;rag=true;retrieval=true;security=true;temporal_freshness=true,,PROVED_SOURCE_SUMMARY_ENTAILS_GUIDE_FORMULA,MODEL_PROVED,literature_SENT_1584,INCONCLUSIVE_REQUIRES_BILINGUAL_DOMAIN_REVIEW,INCONCLUSIVE,Lean checks the positive propositional derivation under source-summary premises,Conditional proof only: source-summary formula truth and NL-to-formula adequacy are separate obligations.
SENT-1593,4.1.1,docs/4.質問に合う根拠を探す/4.1.Query理解と検索計画.md,12,Query Resolution for Conversational Searchは、会話中の質問へ必要な情報を補う方法を扱いました。,externally_cited_claim,UNFORMALIZED,UNFORMALIZED,,SRC-057,https://arxiv.org/abs/2005.11723,existing_direct_paragraph_or_technology_mapping,EXISTING_MAPPING_REQUIRES_SEMANTIC_REVIEW,CONTROLLED_TERM_PROJECTION_REQUIRES_CLAIM_POLARITY_REVIEW,SRC_057_sourceTheorem,empirical_result=true;generation=true;retrieval=true,,INCONCLUSIVE_UNFORMALIZED_SENTENCE,INCONCLUSIVE,,INCONCLUSIVE_REQUIRES_BILINGUAL_DOMAIN_REVIEW,INCONCLUSIVE,no controlled semantic atom recognized,Conditional proof only: source-summary formula truth and NL-to-formula adequacy are separate obligations.
SENT-1594,4.1.1,docs/4.質問に合う根拠を探す/4.1.Query理解と検索計画.md,13,Adaptive-RAGは、質問の複雑さに応じて検索処理を選びました。,externally_cited_claim,ATOM,ATOM(retrieval=true),retrieval=true,SRC-058,https://arxiv.org/abs/2403.14403,existing_direct_paragraph_or_technology_mapping,EXISTING_MAPPING_REQUIRES_SEMANTIC_REVIEW,CONTROLLED_TERM_PROJECTION_REQUIRES_CLAIM_POLARITY_REVIEW,SRC_058_sourceTheorem,adaptive_strategy=true;bedrock_kb=true;external_knowledge=true;generation=true;multi_hop=true;open_domain_qa=true;parametric_memory=true;rag=true;retrieval=true,,PROVED_SOURCE_SUMMARY_ENTAILS_GUIDE_FORMULA,MODEL_PROVED,literature_SENT_1594,INCONCLUSIVE_REQUIRES_BILINGUAL_DOMAIN_REVIEW,INCONCLUSIVE,Lean checks the positive propositional derivation under source-summary premises,Conditional proof only: source-summary formula truth and NL-to-formula adequacy are separate obligations.
SENT-1606,4.1.1,docs/4.質問に合う根拠を探す/4.1.Query理解と検索計画.md,28,許可された検索器、データベース、外部情報源,general_technical_claim,AND,"AND(ATOM(retrieval=true), ATOM(external_knowledge=true))",external_knowledge=true;retrieval=true,SRC-058;SRC-057,https://arxiv.org/abs/2403.14403;https://arxiv.org/abs/2005.11723,same_unit_candidate,CANDIDATE_REQUIRES_DOMAIN_REVIEW,CONTROLLED_TERM_PROJECTION_REQUIRES_CLAIM_POLARITY_REVIEW,SRC_058_sourceTheorem;SRC_057_sourceTheorem,adaptive_strategy=true;bedrock_kb=true;empirical_result=true;external_knowledge=true;generation=true;multi_hop=true;open_domain_qa=true;parametric_memory=true;rag=true;retrieval=true,,PROVED_SOURCE_SUMMARY_ENTAILS_GUIDE_FORMULA,MODEL_PROVED,literature_SENT_1606,INCONCLUSIVE_REQUIRES_BILINGUAL_DOMAIN_REVIEW,INCONCLUSIVE,Lean checks the positive propositional derivation under source-summary premises,Conditional proof only: source-summary formula truth and NL-to-formula adequacy are separate obligations.
SENT-1662,4.1.5,docs/4.質問に合う根拠を探す/4.1.Query理解と検索計画.md,119,長いコンテキストとRAGの比較研究では、質問ごとにRAGと長いコンテキストを選ぶSelf-Routeも評価されました。,externally_cited_claim,ATOM,ATOM(evaluation=true),evaluation=true,SRC-059,https://arxiv.org/abs/2407.16833,existing_direct_paragraph_or_technology_mapping,EXISTING_MAPPING_REQUIRES_SEMANTIC_REVIEW,CONTROLLED_TERM_PROJECTION_REQUIRES_CLAIM_POLARITY_REVIEW,SRC_059_sourceTheorem,benchmark=true;cost=true;empirical_result=true;evaluation=true;generation=true;long_context=true;rag=true;retrieval=true;self_reflection=true,,PROVED_SOURCE_SUMMARY_ENTAILS_GUIDE_FORMULA,MODEL_PROVED,literature_SENT_1662,INCONCLUSIVE_REQUIRES_BILINGUAL_DOMAIN_REVIEW,INCONCLUSIVE,Lean checks the positive propositional derivation under source-summary premises,Conditional proof only: source-summary formula truth and NL-to-formula adequacy are separate obligations.
SENT-1664,4.1.5,docs/4.質問に合う根拠を探す/4.1.Query理解と検索計画.md,121,結果は特定のモデルとデータセットに依存するため、対象業務で再評価します。,empirical_or_research_claim,AND,"AND(ATOM(evaluation=true), ATOM(empirical_result=true))",empirical_result=true;evaluation=true,SRC-059,https://arxiv.org/abs/2407.16833,existing_direct_paragraph_or_technology_mapping,EXISTING_MAPPING_REQUIRES_SEMANTIC_REVIEW,CONTROLLED_TERM_PROJECTION_REQUIRES_CLAIM_POLARITY_REVIEW,SRC_059_sourceTheorem,benchmark=true;cost=true;empirical_result=true;evaluation=true;generation=true;long_context=true;rag=true;retrieval=true;self_reflection=true,,PROVED_SOURCE_SUMMARY_ENTAILS_GUIDE_FORMULA,MODEL_PROVED,literature_SENT_1664,INCONCLUSIVE_REQUIRES_BILINGUAL_DOMAIN_REVIEW,INCONCLUSIVE,Lean checks the positive propositional derivation under source-summary premises,Conditional proof only: source-summary formula truth and NL-to-formula adequacy are separate obligations.
SENT-1674,4.1.5,docs/4.質問に合う根拠を探す/4.1.Query理解と検索計画.md,135,検索器ごとの候補数と全体候補上限,general_technical_claim,ATOM,ATOM(retrieval=true),retrieval=true,SRC-059,https://arxiv.org/abs/2407.16833,same_unit_candidate,CANDIDATE_REQUIRES_DOMAIN_REVIEW,CONTROLLED_TERM_PROJECTION_REQUIRES_CLAIM_POLARITY_REVIEW,SRC_059_sourceTheorem,benchmark=true;cost=true;empirical_result=true;evaluation=true;generation=true;long_context=true;rag=true;retrieval=true;self_reflection=true,,PROVED_SOURCE_SUMMARY_ENTAILS_GUIDE_FORMULA,MODEL_PROVED,literature_SENT_1674,INCONCLUSIVE_REQUIRES_BILINGUAL_DOMAIN_REVIEW,INCONCLUSIVE,Lean checks the positive propositional derivation under source-summary premises,Conditional proof only: source-summary formula truth and NL-to-formula adequacy are separate obligations.
SENT-1675,4.1.5,docs/4.質問に合う根拠を探す/4.1.Query理解と検索計画.md,136,再順位付けする件数,general_technical_claim,ATOM,ATOM(rerank=true),rerank=true,SRC-044;SRC-045;SRC-062;SRC-066;SRC-069,https://arxiv.org/abs/2210.07316;https://arxiv.org/abs/2004.12832;https://arxiv.org/abs/1904.08375;https://arxiv.org/abs/2104.08663;https://arxiv.org/abs/2104.12016,same_chapter_candidate,CANDIDATE_REQUIRES_DOMAIN_REVIEW,CONTROLLED_TERM_PROJECTION_REQUIRES_CLAIM_POLARITY_REVIEW,SRC_044_sourceTheorem;SRC_045_sourceTheorem;SRC_062_sourceTheorem;SRC_066_sourceTheorem;SRC_069_sourceTheorem,benchmark=true;cost=true;dense=true;empirical_result=true;evaluation=true;generated_query_representation=true;generated_terms=true;generation=true;inverted_index_compatible=true;late_interaction=true;latency=true;learned=true;length_normalization=true;lexical=true;multi_vector=true;original_text_preserved=true;rerank=true;retrieval=true;sparse=true;term_impact=true;tf_saturation=true,,PROVED_SOURCE_SUMMARY_ENTAILS_GUIDE_FORMULA,MODEL_PROVED,literature_SENT_1675,INCONCLUSIVE_REQUIRES_BILINGUAL_DOMAIN_REVIEW,INCONCLUSIVE,Lean checks the positive propositional derivation under source-summary premises,Conditional proof only: source-summary formula truth and NL-to-formula adequacy are separate obligations.
SENT-1684,4.1.6,docs/4.質問に合う根拠を探す/4.1.Query理解と検索計画.md,150,Adaptive-RAGは質問の複雑さで経路を選び、IRCoTは途中の推論と検索を交互に進めました。,externally_cited_claim,AND,"AND(ATOM(iterative=true), ATOM(retrieval=true))",iterative=true;retrieval=true,SRC-058;SRC-060,https://arxiv.org/abs/2403.14403;https://arxiv.org/abs/2212.10509,existing_direct_paragraph_or_technology_mapping,EXISTING_MAPPING_REQUIRES_SEMANTIC_REVIEW,CONTROLLED_TERM_PROJECTION_REQUIRES_CLAIM_POLARITY_REVIEW,SRC_058_sourceTheorem;SRC_060_sourceTheorem,adaptive_strategy=true;bedrock_kb=true;bounded_steps=true;empirical_result=true;evidence_trace=true;external_knowledge=true;generation=true;hallucination=true;iterative=true;knowledge_intensive=true;multi_hop=true;open_domain_qa=true;parametric_memory=true;rag=true;retrieval=true;temporal_freshness=true,,PROVED_SOURCE_SUMMARY_ENTAILS_GUIDE_FORMULA,MODEL_PROVED,literature_SENT_1684,INCONCLUSIVE_REQUIRES_BILINGUAL_DOMAIN_REVIEW,INCONCLUSIVE,Lean checks the positive propositional derivation under source-summary premises,Conditional proof only: source-summary formula truth and NL-to-formula adequacy are separate obligations.
SENT-1697,4.2.1,docs/4.質問に合う根拠を探す/4.2.Query変換.md,11,Rewrite-Retrieve-Readは、LLM向けの質問を検索器向けに書き換え、取得文書をLLMへ渡す構成を提案しました。,externally_cited_claim,AND,"AND(ATOM(query_rewrite=true), ATOM(retrieval=true))",query_rewrite=true;retrieval=true,SRC-061,https://arxiv.org/abs/2305.14283,existing_direct_paragraph_or_technology_mapping,EXISTING_MAPPING_REQUIRES_SEMANTIC_REVIEW,CONTROLLED_TERM_PROJECTION_REQUIRES_CLAIM_POLARITY_REVIEW,SRC_061_sourceTheorem,empirical_result=true;evaluation=true;generation=true;knowledge_intensive=true;open_domain_qa=true;original_query_trace=true;query_rewrite=true;rag=true;retrieval=true;scalability=true,,PROVED_SOURCE_SUMMARY_ENTAILS_GUIDE_FORMULA,MODEL_PROVED,literature_SENT_1697,INCONCLUSIVE_REQUIRES_BILINGUAL_DOMAIN_REVIEW,INCONCLUSIVE,Lean checks the positive propositional derivation under source-summary premises,Conditional proof only: source-summary formula truth and NL-to-formula adequacy are separate obligations.
SENT-1702,4.2.1,docs/4.質問に合う根拠を探す/4.2.Query変換.md,18,質問の書き換えは、元質問の意味を保ちながら、検索に必要な対象と条件を明示した検索文へ書き換えます。,empirical_or_research_claim,ATOM,ATOM(retrieval=true),retrieval=true,SRC-061,https://arxiv.org/abs/2305.14283,same_unit_candidate,CANDIDATE_REQUIRES_DOMAIN_REVIEW,CONTROLLED_TERM_PROJECTION_REQUIRES_CLAIM_POLARITY_REVIEW,SRC_061_sourceTheorem,empirical_result=true;evaluation=true;generation=true;knowledge_intensive=true;open_domain_qa=true;original_query_trace=true;query_rewrite=true;rag=true;retrieval=true;scalability=true,,PROVED_SOURCE_SUMMARY_ENTAILS_GUIDE_FORMULA,MODEL_PROVED,literature_SENT_1702,INCONCLUSIVE_REQUIRES_BILINGUAL_DOMAIN_REVIEW,INCONCLUSIVE,Lean checks the positive propositional derivation under source-summary premises,Conditional proof only: source-summary formula truth and NL-to-formula adequacy are separate obligations.
SENT-1703,4.2.1,docs/4.質問に合う根拠を探す/4.2.Query変換.md,19,文章を読みやすくすることではなく、検索器が利用できる語と条件を明示することが目的です。,general_technical_claim,ATOM,ATOM(retrieval=true),retrieval=true,SRC-061,https://arxiv.org/abs/2305.14283,same_unit_candidate,CANDIDATE_REQUIRES_DOMAIN_REVIEW,CONTROLLED_TERM_PROJECTION_REQUIRES_CLAIM_POLARITY_REVIEW,SRC_061_sourceTheorem,empirical_result=true;evaluation=true;generation=true;knowledge_intensive=true;open_domain_qa=true;original_query_trace=true;query_rewrite=true;rag=true;retrieval=true;scalability=true,,PROVED_SOURCE_SUMMARY_ENTAILS_GUIDE_FORMULA,MODEL_PROVED,literature_SENT_1703,INCONCLUSIVE_REQUIRES_BILINGUAL_DOMAIN_REVIEW,INCONCLUSIVE,Lean checks the positive propositional derivation under source-summary premises,Conditional proof only: source-summary formula truth and NL-to-formula adequacy are separate obligations.
SENT-1715,4.2.2,docs/4.質問に合う根拠を探す/4.2.Query変換.md,38,Document Expansion by Query Predictionは、文書側へ、その文書に対して想定される質問を追加する方法を扱いました。,externally_cited_claim,ATOM,ATOM(generated_terms=true),generated_terms=true,SRC-062,https://arxiv.org/abs/1904.08375,existing_direct_paragraph_or_technology_mapping,EXISTING_MAPPING_REQUIRES_SEMANTIC_REVIEW,CONTROLLED_TERM_PROJECTION_REQUIRES_CLAIM_POLARITY_REVIEW,SRC_062_sourceTheorem,empirical_result=true;generated_query_representation=true;generated_terms=true;latency=true;original_text_preserved=true;rerank=true;retrieval=true,,PROVED_SOURCE_SUMMARY_ENTAILS_GUIDE_FORMULA,MODEL_PROVED,literature_SENT_1715,INCONCLUSIVE_REQUIRES_BILINGUAL_DOMAIN_REVIEW,INCONCLUSIVE,Lean checks the positive propositional derivation under source-summary premises,Conditional proof only: source-summary formula truth and NL-to-formula adequacy are separate obligations.
SENT-1721,4.2.2,docs/4.質問に合う根拠を探す/4.2.Query変換.md,47,Query2docやRewrite-Retrieve-Readは、LLMが生成した表現を検索へ利用する方法です。,externally_cited_claim,AND,"AND(AND(ATOM(generated_query_representation=true), ATOM(retrieval=true)), ATOM(generation=true))",generated_query_representation=true;generation=true;retrieval=true,SRC-063;SRC-061,https://arxiv.org/abs/2303.07678;https://arxiv.org/abs/2305.14283,existing_direct_paragraph_or_technology_mapping,EXISTING_MAPPING_REQUIRES_SEMANTIC_REVIEW,CONTROLLED_TERM_PROJECTION_REQUIRES_CLAIM_POLARITY_REVIEW,SRC_063_sourceTheorem;SRC_061_sourceTheorem,dense=true;empirical_result=true;evaluation=true;generated_query_representation=true;generation=true;knowledge_intensive=true;length_normalization=true;open_domain_qa=true;original_query_retained=true;original_query_trace=true;query_rewrite=true;rag=true;retrieval=true;scalability=true;tf_saturation=true,,PROVED_SOURCE_SUMMARY_ENTAILS_GUIDE_FORMULA,MODEL_PROVED,literature_SENT_1721,INCONCLUSIVE_REQUIRES_BILINGUAL_DOMAIN_REVIEW,INCONCLUSIVE,Lean checks the positive propositional derivation under source-summary premises,Conditional proof only: source-summary formula truth and NL-to-formula adequacy are separate obligations.
SENT-1731,4.2.2,docs/4.質問に合う根拠を探す/4.2.Query変換.md,61,まず検索文ごとの候補を整理し、その後に重複をまとめた全候補（和集合）を作るか、順位統合を行います。,general_technical_claim,ATOM,ATOM(retrieval=true),retrieval=true,SRC-062;SRC-063,https://arxiv.org/abs/1904.08375;https://arxiv.org/abs/2303.07678,same_unit_candidate,CANDIDATE_REQUIRES_DOMAIN_REVIEW,CONTROLLED_TERM_PROJECTION_REQUIRES_CLAIM_POLARITY_REVIEW,SRC_062_sourceTheorem;SRC_063_sourceTheorem,dense=true;empirical_result=true;generated_query_representation=true;generated_terms=true;generation=true;latency=true;length_normalization=true;original_query_retained=true;original_text_preserved=true;rerank=true;retrieval=true;tf_saturation=true,,PROVED_SOURCE_SUMMARY_ENTAILS_GUIDE_FORMULA,MODEL_PROVED,literature_SENT_1731,INCONCLUSIVE_REQUIRES_BILINGUAL_DOMAIN_REVIEW,INCONCLUSIVE,Lean checks the positive propositional derivation under source-summary premises,Conditional proof only: source-summary formula truth and NL-to-formula adequacy are separate obligations.
SENT-1732,4.2.2,docs/4.質問に合う根拠を探す/4.2.Query変換.md,63,RRFは各rank list内の順位から候補ごとの値を計算するため、検索文やretriever間で生scoreの尺度が異なる場合でも、scoreを直接加算せず順位表を統合できます。,concrete_technology_claim,NOT,NOT(ATOM(retrieval=true)),retrieval=true,SRC-064,https://dl.acm.org/doi/10.1145/1571941.1572114,existing_direct_paragraph_or_technology_mapping,EXISTING_MAPPING_REQUIRES_SEMANTIC_REVIEW,CONTROLLED_TERM_PROJECTION_REQUIRES_CLAIM_POLARITY_REVIEW,SRC_064_sourceTheorem,candidate_ids_stable=true;empirical_result=true;k_positive=true;ranks_only=true,retrieval=true,INCONCLUSIVE_RELATION_NOT_SUPPORTED_BY_POSITIVE_SOURCE_FACTS,INCONCLUSIVE,,INCONCLUSIVE_REQUIRES_BILINGUAL_DOMAIN_REVIEW,INCONCLUSIVE,implication/negation requires a relation-preserving source formalization,Conditional proof only: source-summary formula truth and NL-to-formula adequacy are separate obligations.
SENT-1736,4.2.3,docs/4.質問に合う根拠を探す/4.2.Query変換.md,71,Query2docは、短い質問から、答えが書かれていそうな擬似文書をLLMで生成し、検索語または検索表現として利用します。,concrete_technology_claim,OR,"OR(AND(AND(ATOM(generated_query_representation=true), ATOM(retrieval=true)), ATOM(generation=true)), ATOM(retrieval=true))",generated_query_representation=true;generation=true;retrieval=true,SRC-063,https://arxiv.org/abs/2303.07678,existing_direct_paragraph_or_technology_mapping,EXISTING_MAPPING_REQUIRES_SEMANTIC_REVIEW,CONTROLLED_TERM_PROJECTION_REQUIRES_CLAIM_POLARITY_REVIEW,SRC_063_sourceTheorem,dense=true;empirical_result=true;generated_query_representation=true;generation=true;length_normalization=true;original_query_retained=true;retrieval=true;tf_saturation=true,,PROVED_SOURCE_SUMMARY_ENTAILS_GUIDE_FORMULA,MODEL_PROVED,literature_SENT_1736,INCONCLUSIVE_REQUIRES_BILINGUAL_DOMAIN_REVIEW,INCONCLUSIVE,Lean checks the positive propositional derivation under source-summary premises,Conditional proof only: source-summary formula truth and NL-to-formula adequacy are separate obligations.
SENT-1738,4.2.3,docs/4.質問に合う根拠を探す/4.2.Query変換.md,74,Query2docは、LLMが生成した擬似文書を質問へ追加し、疎検索と密検索の双方を改善する方法です。,concrete_technology_claim,AND,"AND(AND(AND(AND(AND(ATOM(sparse=true), ATOM(dense=true)), ATOM(generated_query_representation=true)), ATOM(retrieval=true)), ATOM(generation=true)), ATOM(empirical_result=true))",dense=true;empirical_result=true;generated_query_representation=true;generation=true;retrieval=true;sparse=true,SRC-063,https://arxiv.org/abs/2303.07678,existing_direct_paragraph_or_technology_mapping,EXISTING_MAPPING_REQUIRES_SEMANTIC_REVIEW,CONTROLLED_TERM_PROJECTION_REQUIRES_CLAIM_POLARITY_REVIEW,SRC_063_sourceTheorem,dense=true;empirical_result=true;generated_query_representation=true;generation=true;length_normalization=true;original_query_retained=true;retrieval=true;tf_saturation=true,sparse=true,INCONCLUSIVE_UNSUPPORTED_ATOMS,INCONCLUSIVE,,INCONCLUSIVE_REQUIRES_BILINGUAL_DOMAIN_REVIEW,INCONCLUSIVE,guide formula contains atoms absent from the selected source summaries,Conditional proof only: source-summary formula truth and NL-to-formula adequacy are separate obligations.
SENT-1739,4.2.3,docs/4.質問に合う根拠を探す/4.2.Query変換.md,75,Query2doc論文は、queryから生成した文書をquery expansionへ用い、同論文が採用した複数retrieverと評価datasetでbaselineからの改善を報告しています。,concrete_technology_claim,AND,"AND(AND(AND(ATOM(retrieval=true), ATOM(generation=true)), ATOM(evaluation=true)), ATOM(empirical_result=true))",empirical_result=true;evaluation=true;generation=true;retrieval=true,SRC-063,https://arxiv.org/abs/2303.07678,existing_direct_paragraph_or_technology_mapping,EXISTING_MAPPING_REQUIRES_SEMANTIC_REVIEW,CONTROLLED_TERM_PROJECTION_REQUIRES_CLAIM_POLARITY_REVIEW,SRC_063_sourceTheorem,dense=true;empirical_result=true;generated_query_representation=true;generation=true;length_normalization=true;original_query_retained=true;retrieval=true;tf_saturation=true,evaluation=true,INCONCLUSIVE_UNSUPPORTED_ATOMS,INCONCLUSIVE,,INCONCLUSIVE_REQUIRES_BILINGUAL_DOMAIN_REVIEW,INCONCLUSIVE,guide formula contains atoms absent from the selected source summaries,Conditional proof only: source-summary formula truth and NL-to-formula adequacy are separate obligations.
SENT-1745,4.2.3,docs/4.質問に合う根拠を探す/4.2.Query変換.md,84,Hypothetical Document Embeddings（HyDE）は、質問から仮想的な回答文書を生成し、その文書の埋め込みに近い実文書を検索します。,concrete_technology_claim,AND,"AND(AND(ATOM(generated_query_representation=true), ATOM(retrieval=true)), ATOM(generation=true))",generated_query_representation=true;generation=true;retrieval=true,SRC-065,https://arxiv.org/abs/2212.10496,existing_direct_paragraph_or_technology_mapping,EXISTING_MAPPING_REQUIRES_SEMANTIC_REVIEW,CONTROLLED_TERM_PROJECTION_REQUIRES_CLAIM_POLARITY_REVIEW,SRC_065_sourceTheorem,dense=true;empirical_result=true;generated_query_representation=true;generation=true;hard_constraints_preserved=true;retrieval=true;verification=true,,PROVED_SOURCE_SUMMARY_ENTAILS_GUIDE_FORMULA,MODEL_PROVED,literature_SENT_1745,INCONCLUSIVE_REQUIRES_BILINGUAL_DOMAIN_REVIEW,INCONCLUSIVE,Lean checks the positive propositional derivation under source-summary premises,Conditional proof only: source-summary formula truth and NL-to-formula adequacy are separate obligations.
SENT-1747,4.2.3,docs/4.質問に合う根拠を探す/4.2.Query変換.md,87,HyDEは、関連度を示す教師データを使わず、新しい対象へ適用する密検索の方法として提案されました。,externally_cited_claim,AND,"AND(ATOM(dense=true), ATOM(retrieval=true))",dense=true;retrieval=true,SRC-065,https://arxiv.org/abs/2212.10496,existing_direct_paragraph_or_technology_mapping,EXISTING_MAPPING_REQUIRES_SEMANTIC_REVIEW,CONTROLLED_TERM_PROJECTION_REQUIRES_CLAIM_POLARITY_REVIEW,SRC_065_sourceTheorem,dense=true;empirical_result=true;generated_query_representation=true;generation=true;hard_constraints_preserved=true;retrieval=true;verification=true,,PROVED_SOURCE_SUMMARY_ENTAILS_GUIDE_FORMULA,MODEL_PROVED,literature_SENT_1747,INCONCLUSIVE_REQUIRES_BILINGUAL_DOMAIN_REVIEW,INCONCLUSIVE,Lean checks the positive propositional derivation under source-summary premises,Conditional proof only: source-summary formula truth and NL-to-formula adequacy are separate obligations.
SENT-1749,4.2.3,docs/4.質問に合う根拠を探す/4.2.Query変換.md,89,一方で、誤った型番、数値、固有名が検索ベクトルを別の文書群へ引く可能性があります。,general_technical_claim,ATOM,ATOM(retrieval=true),retrieval=true,SRC-065,https://arxiv.org/abs/2212.10496,existing_direct_paragraph_or_technology_mapping,EXISTING_MAPPING_REQUIRES_SEMANTIC_REVIEW,CONTROLLED_TERM_PROJECTION_REQUIRES_CLAIM_POLARITY_REVIEW,SRC_065_sourceTheorem,dense=true;empirical_result=true;generated_query_representation=true;generation=true;hard_constraints_preserved=true;retrieval=true;verification=true,,PROVED_SOURCE_SUMMARY_ENTAILS_GUIDE_FORMULA,MODEL_PROVED,literature_SENT_1749,INCONCLUSIVE_REQUIRES_BILINGUAL_DOMAIN_REVIEW,INCONCLUSIVE,Lean checks the positive propositional derivation under source-summary premises,Conditional proof only: source-summary formula truth and NL-to-formula adequacy are separate obligations.
SENT-1757,4.2.4,docs/4.質問に合う根拠を探す/4.2.Query変換.md,103,IRCoTが扱った複数段階の質問では、途中で得た根拠が次の検索文へ影響します。,externally_cited_claim,AND,"AND(AND(ATOM(multi_hop=true), ATOM(retrieval=true)), ATOM(evidence_support=true))",evidence_support=true;multi_hop=true;retrieval=true,SRC-060,https://arxiv.org/abs/2212.10509,existing_direct_paragraph_or_technology_mapping,EXISTING_MAPPING_REQUIRES_SEMANTIC_REVIEW,CONTROLLED_TERM_PROJECTION_REQUIRES_CLAIM_POLARITY_REVIEW,SRC_060_sourceTheorem,bounded_steps=true;empirical_result=true;evidence_trace=true;external_knowledge=true;generation=true;hallucination=true;iterative=true;knowledge_intensive=true;multi_hop=true;retrieval=true;temporal_freshness=true,evidence_support=true,INCONCLUSIVE_UNSUPPORTED_ATOMS,INCONCLUSIVE,,INCONCLUSIVE_REQUIRES_BILINGUAL_DOMAIN_REVIEW,INCONCLUSIVE,guide formula contains atoms absent from the selected source summaries,Conditional proof only: source-summary formula truth and NL-to-formula adequacy are separate obligations.
SENT-1761,4.2.4,docs/4.質問に合う根拠を探す/4.2.Query変換.md,109,交互検索（Interleaved retrieval）は、検索と推論を交互に進めます。,concrete_technology_claim,AND,"AND(ATOM(iterative=true), ATOM(retrieval=true))",iterative=true;retrieval=true,SRC-060,https://arxiv.org/abs/2212.10509,existing_direct_paragraph_or_technology_mapping,EXISTING_MAPPING_REQUIRES_SEMANTIC_REVIEW,CONTROLLED_TERM_PROJECTION_REQUIRES_CLAIM_POLARITY_REVIEW,SRC_060_sourceTheorem,bounded_steps=true;empirical_result=true;evidence_trace=true;external_knowledge=true;generation=true;hallucination=true;iterative=true;knowledge_intensive=true;multi_hop=true;retrieval=true;temporal_freshness=true,,PROVED_SOURCE_SUMMARY_ENTAILS_GUIDE_FORMULA,MODEL_PROVED,literature_SENT_1761,INCONCLUSIVE_REQUIRES_BILINGUAL_DOMAIN_REVIEW,INCONCLUSIVE,Lean checks the positive propositional derivation under source-summary premises,Conditional proof only: source-summary formula truth and NL-to-formula adequacy are separate obligations.
SENT-1770,4.2.4,docs/4.質問に合う根拠を探す/4.2.Query変換.md,121,書き換えは質問を単独で読める形へ整え、展開は語を加え、分解は小質問を作り、HyDEは検索に使う仮の回答文を作ります。,concrete_technology_claim,AND,"AND(ATOM(retrieval=true), ATOM(generation=true))",generation=true;retrieval=true,SRC-065,https://arxiv.org/abs/2212.10496,existing_direct_paragraph_or_technology_mapping,EXISTING_MAPPING_REQUIRES_SEMANTIC_REVIEW,CONTROLLED_TERM_PROJECTION_REQUIRES_CLAIM_POLARITY_REVIEW,SRC_065_sourceTheorem,dense=true;empirical_result=true;generated_query_representation=true;generation=true;hard_constraints_preserved=true;retrieval=true;verification=true,,PROVED_SOURCE_SUMMARY_ENTAILS_GUIDE_FORMULA,MODEL_PROVED,literature_SENT_1770,INCONCLUSIVE_REQUIRES_BILINGUAL_DOMAIN_REVIEW,INCONCLUSIVE,Lean checks the positive propositional derivation under source-summary premises,Conditional proof only: source-summary formula truth and NL-to-formula adequacy are separate obligations.
SENT-1771,4.2.4,docs/4.質問に合う根拠を探す/4.2.Query変換.md,122,HyDEの仮文書は最終回答ではありません。,concrete_technology_claim,NOT,NOT(ATOM(generation=true)),generation=true,SRC-065,https://arxiv.org/abs/2212.10496,existing_direct_paragraph_or_technology_mapping,EXISTING_MAPPING_REQUIRES_SEMANTIC_REVIEW,CONTROLLED_TERM_PROJECTION_REQUIRES_CLAIM_POLARITY_REVIEW,SRC_065_sourceTheorem,dense=true;empirical_result=true;generated_query_representation=true;generation=true;hard_constraints_preserved=true;retrieval=true;verification=true,,INCONCLUSIVE_RELATION_NOT_SUPPORTED_BY_POSITIVE_SOURCE_FACTS,INCONCLUSIVE,,INCONCLUSIVE_REQUIRES_BILINGUAL_DOMAIN_REVIEW,INCONCLUSIVE,implication/negation requires a relation-preserving source formalization,Conditional proof only: source-summary formula truth and NL-to-formula adequacy are separate obligations.
SENT-1789,FILE-INTRO,docs/4.質問に合う根拠を探す/4.3.Sparse retrieval.md,3,queryと資料の語・文字列一致を主信号として候補を順位付けする経路を、疎検索と定義します。,general_technical_claim,AND,"AND(ATOM(sparse=true), ATOM(retrieval=true))",retrieval=true;sparse=true,SRC-005;SRC-067;SRC-068;SRC-069;SRC-070,https://doi.org/10.1561/1500000019;https://doi.org/10.1016/0306-4573%2888%2990021-0;https://arxiv.org/abs/2107.05720;https://arxiv.org/abs/2104.12016;https://arxiv.org/abs/2109.10086,same_file_candidate,CANDIDATE_REQUIRES_DOMAIN_REVIEW,CONTROLLED_TERM_PROJECTION_REQUIRES_CLAIM_POLARITY_REVIEW,SRC_005_sourceTheorem;SRC_067_sourceTheorem;SRC_068_sourceTheorem;SRC_069_sourceTheorem;SRC_070_sourceTheorem,ann=true;benchmark=true;distillation=true;document_statistics=true;empirical_result=true;evaluation=true;evidence_support=true;fielded=true;generated_query_representation=true;generation=true;inverted_index_compatible=true;learned=true;length_normalization=true;lexical=true;ranking_metric=true;rerank=true;retrieval=true;sparse=true;term_impact=true;tf_saturation=true,,PROVED_SOURCE_SUMMARY_ENTAILS_GUIDE_FORMULA,MODEL_PROVED,literature_SENT_1789,INCONCLUSIVE_REQUIRES_BILINGUAL_DOMAIN_REVIEW,INCONCLUSIVE,Lean checks the positive propositional derivation under source-summary premises,Conditional proof only: source-summary formula truth and NL-to-formula adequacy are separate obligations.
SENT-1791,4.3.1,docs/4.質問に合う根拠を探す/4.3.Sparse retrieval.md,8,疎検索の廃止は方式の新旧で決めず、識別子・条文番号sliceのRecallと運用費用を密検索と比較して判断します。,general_technical_claim,AND,"AND(AND(AND(AND(ATOM(sparse=true), ATOM(dense=true)), ATOM(retrieval=true)), ATOM(recall_metric=true)), ATOM(cost=true))",cost=true;dense=true;recall_metric=true;retrieval=true;sparse=true,SRC-066,https://arxiv.org/abs/2104.08663,same_unit_candidate,CANDIDATE_REQUIRES_DOMAIN_REVIEW,CONTROLLED_TERM_PROJECTION_REQUIRES_CLAIM_POLARITY_REVIEW,SRC_066_sourceTheorem,benchmark=true;cost=true;empirical_result=true;evaluation=true;length_normalization=true;lexical=true;rerank=true;retrieval=true;tf_saturation=true,dense=true;recall_metric=true;sparse=true,INCONCLUSIVE_UNSUPPORTED_ATOMS,INCONCLUSIVE,,INCONCLUSIVE_REQUIRES_BILINGUAL_DOMAIN_REVIEW,INCONCLUSIVE,guide formula contains atoms absent from the selected source summaries,Conditional proof only: source-summary formula truth and NL-to-formula adequacy are separate obligations.
SENT-1794,4.3.1,docs/4.質問に合う根拠を探す/4.3.Sparse retrieval.md,12,BEIRが収録した異種のretrieval datasetでは、sparse retrievalとdense retrievalの相対順位がdatasetごとに異なりました。,externally_cited_claim,NOT,"NOT(AND(AND(AND(ATOM(sparse=true), ATOM(dense=true)), ATOM(retrieval=true)), ATOM(parsing=true)))",dense=true;parsing=true;retrieval=true;sparse=true,SRC-066,https://arxiv.org/abs/2104.08663,existing_direct_paragraph_or_technology_mapping,EXISTING_MAPPING_REQUIRES_SEMANTIC_REVIEW,CONTROLLED_TERM_PROJECTION_REQUIRES_CLAIM_POLARITY_REVIEW,SRC_066_sourceTheorem,benchmark=true;cost=true;empirical_result=true;evaluation=true;length_normalization=true;lexical=true;rerank=true;retrieval=true;tf_saturation=true,dense=true;parsing=true;sparse=true,INCONCLUSIVE_RELATION_NOT_SUPPORTED_BY_POSITIVE_SOURCE_FACTS,INCONCLUSIVE,,INCONCLUSIVE_REQUIRES_BILINGUAL_DOMAIN_REVIEW,INCONCLUSIVE,implication/negation requires a relation-preserving source formalization,Conditional proof only: source-summary formula truth and NL-to-formula adequacy are separate obligations.
SENT-1796,4.3.1,docs/4.質問に合う根拠を探す/4.3.Sparse retrieval.md,15,転置インデックスは、語から、その語が現れる文書やチャンクへ逆引きするデータ構造です。,general_technical_claim,AND,"AND(ATOM(sparse=true), ATOM(inverted_index_compatible=true))",inverted_index_compatible=true;sparse=true,SRC-068;SRC-069;SRC-070;SRC-005;SRC-067,https://arxiv.org/abs/2107.05720;https://arxiv.org/abs/2104.12016;https://arxiv.org/abs/2109.10086;https://doi.org/10.1561/1500000019;https://doi.org/10.1016/0306-4573%2888%2990021-0,same_file_candidate,CANDIDATE_REQUIRES_DOMAIN_REVIEW,CONTROLLED_TERM_PROJECTION_REQUIRES_CLAIM_POLARITY_REVIEW,SRC_068_sourceTheorem;SRC_069_sourceTheorem;SRC_070_sourceTheorem;SRC_005_sourceTheorem;SRC_067_sourceTheorem,ann=true;benchmark=true;distillation=true;document_statistics=true;empirical_result=true;evaluation=true;evidence_support=true;fielded=true;generated_query_representation=true;generation=true;inverted_index_compatible=true;learned=true;length_normalization=true;lexical=true;ranking_metric=true;rerank=true;retrieval=true;sparse=true;term_impact=true;tf_saturation=true,,PROVED_SOURCE_SUMMARY_ENTAILS_GUIDE_FORMULA,MODEL_PROVED,literature_SENT_1796,INCONCLUSIVE_REQUIRES_BILINGUAL_DOMAIN_REVIEW,INCONCLUSIVE,Lean checks the positive propositional derivation under source-summary premises,Conditional proof only: source-summary formula truth and NL-to-formula adequacy are separate obligations.
SENT-1801,4.3.1,docs/4.質問に合う根拠を探す/4.3.Sparse retrieval.md,21,Boolean条件は候補集合を作りますが、その集合内の細かな順位付けはTF-IDFやBM25などが担います。,concrete_technology_claim,UNFORMALIZED,UNFORMALIZED,,SRC-067;SRC-005,https://doi.org/10.1016/0306-4573%2888%2990021-0;https://doi.org/10.1561/1500000019,existing_direct_paragraph_or_technology_mapping,EXISTING_MAPPING_REQUIRES_SEMANTIC_REVIEW,CONTROLLED_TERM_PROJECTION_REQUIRES_CLAIM_POLARITY_REVIEW,SRC_067_sourceTheorem;SRC_005_sourceTheorem,document_statistics=true;evidence_support=true;fielded=true;length_normalization=true;lexical=true;retrieval=true;sparse=true;tf_saturation=true,,INCONCLUSIVE_UNFORMALIZED_SENTENCE,INCONCLUSIVE,,INCONCLUSIVE_REQUIRES_BILINGUAL_DOMAIN_REVIEW,INCONCLUSIVE,no controlled semantic atom recognized,Conditional proof only: source-summary formula truth and NL-to-formula adequacy are separate obligations.
SENT-1802,4.3.1,docs/4.質問に合う根拠を探す/4.3.Sparse retrieval.md,25,アルゴリズム図A3 転置インデックスからBoolean条件で候補を得る流れ,general_technical_claim,AND,"AND(ATOM(sparse=true), ATOM(inverted_index_compatible=true))",inverted_index_compatible=true;sparse=true,SRC-068;SRC-069;SRC-070;SRC-005;SRC-067,https://arxiv.org/abs/2107.05720;https://arxiv.org/abs/2104.12016;https://arxiv.org/abs/2109.10086;https://doi.org/10.1561/1500000019;https://doi.org/10.1016/0306-4573%2888%2990021-0,same_file_candidate,CANDIDATE_REQUIRES_DOMAIN_REVIEW,CONTROLLED_TERM_PROJECTION_REQUIRES_CLAIM_POLARITY_REVIEW,SRC_068_sourceTheorem;SRC_069_sourceTheorem;SRC_070_sourceTheorem;SRC_005_sourceTheorem;SRC_067_sourceTheorem,ann=true;benchmark=true;distillation=true;document_statistics=true;empirical_result=true;evaluation=true;evidence_support=true;fielded=true;generated_query_representation=true;generation=true;inverted_index_compatible=true;learned=true;length_normalization=true;lexical=true;ranking_metric=true;rerank=true;retrieval=true;sparse=true;term_impact=true;tf_saturation=true,,PROVED_SOURCE_SUMMARY_ENTAILS_GUIDE_FORMULA,MODEL_PROVED,literature_SENT_1802,INCONCLUSIVE_REQUIRES_BILINGUAL_DOMAIN_REVIEW,INCONCLUSIVE,Lean checks the positive propositional derivation under source-summary premises,Conditional proof only: source-summary formula truth and NL-to-formula adequacy are separate obligations.
SENT-1818,4.3.3,docs/4.質問に合う根拠を探す/4.3.Sparse retrieval.md,52,TF-IDF（Term Frequency-Inverse Document Frequency、単語頻度・逆文書頻度）は、文書中で多く現れる語を重くし、文書集合全体で広く現れる語を軽くします。,concrete_technology_claim,AND,"AND(ATOM(lexical=true), ATOM(document_statistics=true))",document_statistics=true;lexical=true,SRC-067,https://doi.org/10.1016/0306-4573%2888%2990021-0,existing_direct_paragraph_or_technology_mapping,EXISTING_MAPPING_REQUIRES_SEMANTIC_REVIEW,CONTROLLED_TERM_PROJECTION_REQUIRES_CLAIM_POLARITY_REVIEW,SRC_067_sourceTheorem,document_statistics=true;lexical=true;retrieval=true;sparse=true,,PROVED_SOURCE_SUMMARY_ENTAILS_GUIDE_FORMULA,MODEL_PROVED,literature_SENT_1818,INCONCLUSIVE_REQUIRES_BILINGUAL_DOMAIN_REVIEW,INCONCLUSIVE,Lean checks the positive propositional derivation under source-summary premises,Conditional proof only: source-summary formula truth and NL-to-formula adequacy are separate obligations.
SENT-1820,4.3.3,docs/4.質問に合う根拠を探す/4.3.Sparse retrieval.md,55,Term-weighting approaches in automatic text retrievalは、語の出現頻度、collection内の希少性、文書長補正を組み合わせ、同研究の複数collectionで単純一致数との検索差を比較しています。,externally_cited_claim,AND,"AND(AND(ATOM(lexical=true), ATOM(length_normalization=true)), ATOM(retrieval=true))",length_normalization=true;lexical=true;retrieval=true,SRC-005,https://doi.org/10.1561/1500000019,same_unit_candidate,CANDIDATE_REQUIRES_DOMAIN_REVIEW,CONTROLLED_TERM_PROJECTION_REQUIRES_CLAIM_POLARITY_REVIEW,SRC_005_sourceTheorem,document_statistics=true;evidence_support=true;fielded=true;length_normalization=true;lexical=true;retrieval=true;sparse=true;tf_saturation=true,,PROVED_SOURCE_SUMMARY_ENTAILS_GUIDE_FORMULA,MODEL_PROVED,literature_SENT_1820,INCONCLUSIVE_REQUIRES_BILINGUAL_DOMAIN_REVIEW,INCONCLUSIVE,Lean checks the positive propositional derivation under source-summary premises,Conditional proof only: source-summary formula truth and NL-to-formula adequacy are separate obligations.
SENT-1826,4.3.3,docs/4.質問に合う根拠を探す/4.3.Sparse retrieval.md,63,実務の基準には、語の反復効果と文書長を調整するBM25を使うことが多いですが、IDFの考え方は順位理由の理解に役立ちます。,concrete_technology_claim,AND,"AND(ATOM(tf_saturation=true), ATOM(length_normalization=true))",length_normalization=true;tf_saturation=true,SRC-005,https://doi.org/10.1561/1500000019,existing_direct_paragraph_or_technology_mapping,EXISTING_MAPPING_REQUIRES_SEMANTIC_REVIEW,CONTROLLED_TERM_PROJECTION_REQUIRES_CLAIM_POLARITY_REVIEW,SRC_005_sourceTheorem,document_statistics=true;evidence_support=true;fielded=true;length_normalization=true;lexical=true;retrieval=true;sparse=true;tf_saturation=true,,PROVED_SOURCE_SUMMARY_ENTAILS_GUIDE_FORMULA,MODEL_PROVED,literature_SENT_1826,INCONCLUSIVE_REQUIRES_BILINGUAL_DOMAIN_REVIEW,INCONCLUSIVE,Lean checks the positive propositional derivation under source-summary premises,Conditional proof only: source-summary formula truth and NL-to-formula adequacy are separate obligations.
SENT-1827,4.3.3,docs/4.質問に合う根拠を探す/4.3.Sparse retrieval.md,65,TF-IDFを使う経路では語順と意味類似を別特徴として扱い、それらをTF-IDF scoreへ含めたとはみなしません。,concrete_technology_claim,NOT,NOT(ATOM(document_statistics=true)),document_statistics=true,SRC-067,https://doi.org/10.1016/0306-4573%2888%2990021-0,existing_direct_paragraph_or_technology_mapping,EXISTING_MAPPING_REQUIRES_SEMANTIC_REVIEW,CONTROLLED_TERM_PROJECTION_REQUIRES_CLAIM_POLARITY_REVIEW,SRC_067_sourceTheorem,document_statistics=true;lexical=true;retrieval=true;sparse=true,,INCONCLUSIVE_RELATION_NOT_SUPPORTED_BY_POSITIVE_SOURCE_FACTS,INCONCLUSIVE,,INCONCLUSIVE_REQUIRES_BILINGUAL_DOMAIN_REVIEW,INCONCLUSIVE,implication/negation requires a relation-preserving source formalization,Conditional proof only: source-summary formula truth and NL-to-formula adequacy are separate obligations.
SENT-1828,4.3.3,docs/4.質問に合う根拠を探す/4.3.Sparse retrieval.md,66,言い換えで疎検索が失敗したqueryは、辞書、文書拡張、学習型疎検索、密検索を同じcandidate数で比較します。,concrete_technology_claim,AND,"AND(AND(AND(AND(ATOM(sparse=true), ATOM(generated_terms=true)), ATOM(learned=true)), ATOM(dense=true)), ATOM(retrieval=true))",dense=true;generated_terms=true;learned=true;retrieval=true;sparse=true,SRC-062,https://arxiv.org/abs/1904.08375,existing_direct_paragraph_or_technology_mapping,EXISTING_MAPPING_REQUIRES_SEMANTIC_REVIEW,CONTROLLED_TERM_PROJECTION_REQUIRES_CLAIM_POLARITY_REVIEW,SRC_062_sourceTheorem,empirical_result=true;generated_query_representation=true;generated_terms=true;latency=true;original_text_preserved=true;rerank=true;retrieval=true,dense=true;learned=true;sparse=true,INCONCLUSIVE_UNSUPPORTED_ATOMS,INCONCLUSIVE,,INCONCLUSIVE_REQUIRES_BILINGUAL_DOMAIN_REVIEW,INCONCLUSIVE,guide formula contains atoms absent from the selected source summaries,Conditional proof only: source-summary formula truth and NL-to-formula adequacy are separate obligations.
SENT-1829,4.3.3,docs/4.質問に合う根拠を探す/4.3.Sparse retrieval.md,68,BM25は、検索語の出現頻度、語の希少性、文書長を使って関連度を計算します。,concrete_technology_claim,AND,"AND(AND(AND(ATOM(lexical=true), ATOM(document_statistics=true)), ATOM(length_normalization=true)), ATOM(retrieval=true))",document_statistics=true;length_normalization=true;lexical=true;retrieval=true,SRC-005,https://doi.org/10.1561/1500000019,existing_direct_paragraph_or_technology_mapping,EXISTING_MAPPING_REQUIRES_SEMANTIC_REVIEW,CONTROLLED_TERM_PROJECTION_REQUIRES_CLAIM_POLARITY_REVIEW,SRC_005_sourceTheorem,document_statistics=true;evidence_support=true;fielded=true;length_normalization=true;lexical=true;retrieval=true;sparse=true;tf_saturation=true,,PROVED_SOURCE_SUMMARY_ENTAILS_GUIDE_FORMULA,MODEL_PROVED,literature_SENT_1829,INCONCLUSIVE_REQUIRES_BILINGUAL_DOMAIN_REVIEW,INCONCLUSIVE,Lean checks the positive propositional derivation under source-summary premises,Conditional proof only: source-summary formula truth and NL-to-formula adequacy are separate obligations.
SENT-1831,4.3.3,docs/4.質問に合う根拠を探す/4.3.Sparse retrieval.md,70,BM25の確率的枠組みは、現在の実務検索でも基礎となる整理です。,externally_cited_claim,ATOM,ATOM(retrieval=true),retrieval=true,SRC-005,https://doi.org/10.1561/1500000019,existing_direct_paragraph_or_technology_mapping,EXISTING_MAPPING_REQUIRES_SEMANTIC_REVIEW,CONTROLLED_TERM_PROJECTION_REQUIRES_CLAIM_POLARITY_REVIEW,SRC_005_sourceTheorem,document_statistics=true;evidence_support=true;fielded=true;length_normalization=true;lexical=true;retrieval=true;sparse=true;tf_saturation=true,,PROVED_SOURCE_SUMMARY_ENTAILS_GUIDE_FORMULA,MODEL_PROVED,literature_SENT_1831,INCONCLUSIVE_REQUIRES_BILINGUAL_DOMAIN_REVIEW,INCONCLUSIVE,Lean checks the positive propositional derivation under source-summary premises,Conditional proof only: source-summary formula truth and NL-to-formula adequacy are separate obligations.
SENT-1833,4.3.3,docs/4.質問に合う根拠を探す/4.3.Sparse retrieval.md,73,最適値は、チャンク長の分布、質問、検索エンジンの実装によって変わります。,general_technical_claim,ATOM,ATOM(retrieval=true),retrieval=true,SRC-005,https://doi.org/10.1561/1500000019,same_unit_candidate,CANDIDATE_REQUIRES_DOMAIN_REVIEW,CONTROLLED_TERM_PROJECTION_REQUIRES_CLAIM_POLARITY_REVIEW,SRC_005_sourceTheorem,document_statistics=true;evidence_support=true;fielded=true;length_normalization=true;lexical=true;retrieval=true;sparse=true;tf_saturation=true,,PROVED_SOURCE_SUMMARY_ENTAILS_GUIDE_FORMULA,MODEL_PROVED,literature_SENT_1833,INCONCLUSIVE_REQUIRES_BILINGUAL_DOMAIN_REVIEW,INCONCLUSIVE,Lean checks the positive propositional derivation under source-summary premises,Conditional proof only: source-summary formula truth and NL-to-formula adequacy are separate obligations.
SENT-1835,4.3.3,docs/4.質問に合う根拠を探す/4.3.Sparse retrieval.md,76,BM25の設定は、文書または時点を単位として開発用と保留用へ分けて選びます。,concrete_technology_claim,ATOM,ATOM(temporal_freshness=true),temporal_freshness=true,SRC-005,https://doi.org/10.1561/1500000019,existing_direct_paragraph_or_technology_mapping,EXISTING_MAPPING_REQUIRES_SEMANTIC_REVIEW,CONTROLLED_TERM_PROJECTION_REQUIRES_CLAIM_POLARITY_REVIEW,SRC_005_sourceTheorem,document_statistics=true;evidence_support=true;fielded=true;length_normalization=true;lexical=true;retrieval=true;sparse=true;tf_saturation=true,temporal_freshness=true,INCONCLUSIVE_UNSUPPORTED_ATOMS,INCONCLUSIVE,,INCONCLUSIVE_REQUIRES_BILINGUAL_DOMAIN_REVIEW,INCONCLUSIVE,guide formula contains atoms absent from the selected source summaries,Conditional proof only: source-summary formula truth and NL-to-formula adequacy are separate obligations.
SENT-1836,4.3.3,docs/4.質問に合う根拠を探す/4.3.Sparse retrieval.md,76,同じ文書から作ったチャンクを両方へ分けると、評価対象の内容が開発側へ漏れるためです。,general_technical_claim,ATOM,ATOM(evaluation=true),evaluation=true,SRC-066;SRC-070,https://arxiv.org/abs/2104.08663;https://arxiv.org/abs/2109.10086,same_file_candidate,CANDIDATE_REQUIRES_DOMAIN_REVIEW,CONTROLLED_TERM_PROJECTION_REQUIRES_CLAIM_POLARITY_REVIEW,SRC_066_sourceTheorem;SRC_070_sourceTheorem,ann=true;benchmark=true;cost=true;distillation=true;empirical_result=true;evaluation=true;generated_query_representation=true;inverted_index_compatible=true;learned=true;length_normalization=true;lexical=true;ranking_metric=true;rerank=true;retrieval=true;sparse=true;tf_saturation=true,,PROVED_SOURCE_SUMMARY_ENTAILS_GUIDE_FORMULA,MODEL_PROVED,literature_SENT_1836,INCONCLUSIVE_REQUIRES_BILINGUAL_DOMAIN_REVIEW,INCONCLUSIVE,Lean checks the positive propositional derivation under source-summary premises,Conditional proof only: source-summary formula truth and NL-to-formula adequacy are separate obligations.
SENT-1850,4.3.3,docs/4.質問に合う根拠を探す/4.3.Sparse retrieval.md,92,アルゴリズム図A4は、TF-IDFが主に語の出現と希少性を見るのに対し、BM25が語の反復効果を飽和させ、文書長を補正する点へ焦点を当てています。,concrete_technology_claim,AND,"AND(AND(ATOM(lexical=true), ATOM(tf_saturation=true)), ATOM(length_normalization=true))",length_normalization=true;lexical=true;tf_saturation=true,SRC-067;SRC-005,https://doi.org/10.1016/0306-4573%2888%2990021-0;https://doi.org/10.1561/1500000019,existing_direct_paragraph_or_technology_mapping,EXISTING_MAPPING_REQUIRES_SEMANTIC_REVIEW,CONTROLLED_TERM_PROJECTION_REQUIRES_CLAIM_POLARITY_REVIEW,SRC_067_sourceTheorem;SRC_005_sourceTheorem,document_statistics=true;evidence_support=true;fielded=true;length_normalization=true;lexical=true;retrieval=true;sparse=true;tf_saturation=true,,PROVED_SOURCE_SUMMARY_ENTAILS_GUIDE_FORMULA,MODEL_PROVED,literature_SENT_1850,INCONCLUSIVE_REQUIRES_BILINGUAL_DOMAIN_REVIEW,INCONCLUSIVE,Lean checks the positive propositional derivation under source-summary premises,Conditional proof only: source-summary formula truth and NL-to-formula adequacy are separate obligations.
SENT-1852,4.3.3,docs/4.質問に合う根拠を探す/4.3.Sparse retrieval.md,94,実際の順位はTFの定義、正規化、BM25のパラメーター、文書集合によって変わるため、同じ評価集合で比較します。,concrete_technology_claim,UNFORMALIZED,UNFORMALIZED,,SRC-005,https://doi.org/10.1561/1500000019,existing_direct_paragraph_or_technology_mapping,EXISTING_MAPPING_REQUIRES_SEMANTIC_REVIEW,CONTROLLED_TERM_PROJECTION_REQUIRES_CLAIM_POLARITY_REVIEW,SRC_005_sourceTheorem,document_statistics=true;evidence_support=true;fielded=true;length_normalization=true;lexical=true;retrieval=true;sparse=true;tf_saturation=true,,INCONCLUSIVE_UNFORMALIZED_SENTENCE,INCONCLUSIVE,,INCONCLUSIVE_REQUIRES_BILINGUAL_DOMAIN_REVIEW,INCONCLUSIVE,conditional marker found but antecedent/consequent atoms were incomplete,Conditional proof only: source-summary formula truth and NL-to-formula adequacy are separate obligations.
SENT-1853,4.3.3,docs/4.質問に合う根拠を探す/4.3.Sparse retrieval.md,98,アルゴリズム図A4 TF-IDFとBM25が語の重みを扱う違い,concrete_technology_claim,UNFORMALIZED,UNFORMALIZED,,SRC-067;SRC-005,https://doi.org/10.1016/0306-4573%2888%2990021-0;https://doi.org/10.1561/1500000019,existing_direct_paragraph_or_technology_mapping,EXISTING_MAPPING_REQUIRES_SEMANTIC_REVIEW,CONTROLLED_TERM_PROJECTION_REQUIRES_CLAIM_POLARITY_REVIEW,SRC_067_sourceTheorem;SRC_005_sourceTheorem,document_statistics=true;evidence_support=true;fielded=true;length_normalization=true;lexical=true;retrieval=true;sparse=true;tf_saturation=true,,INCONCLUSIVE_UNFORMALIZED_SENTENCE,INCONCLUSIVE,,INCONCLUSIVE_REQUIRES_BILINGUAL_DOMAIN_REVIEW,INCONCLUSIVE,no controlled semantic atom recognized,Conditional proof only: source-summary formula truth and NL-to-formula adequacy are separate obligations.
SENT-1856,4.3.4,docs/4.質問に合う根拠を探す/4.3.Sparse retrieval.md,104,BM25Fは、BM25を項目別検索へ拡張し、項目ごとの重みや文書長を考慮する方式です。,concrete_technology_claim,AND,"AND(AND(ATOM(length_normalization=true), ATOM(fielded=true)), ATOM(retrieval=true))",fielded=true;length_normalization=true;retrieval=true,SRC-005,https://doi.org/10.1561/1500000019,existing_direct_paragraph_or_technology_mapping,EXISTING_MAPPING_REQUIRES_SEMANTIC_REVIEW,CONTROLLED_TERM_PROJECTION_REQUIRES_CLAIM_POLARITY_REVIEW,SRC_005_sourceTheorem,document_statistics=true;evidence_support=true;fielded=true;length_normalization=true;lexical=true;retrieval=true;sparse=true;tf_saturation=true,,PROVED_SOURCE_SUMMARY_ENTAILS_GUIDE_FORMULA,MODEL_PROVED,literature_SENT_1856,INCONCLUSIVE_REQUIRES_BILINGUAL_DOMAIN_REVIEW,INCONCLUSIVE,Lean checks the positive propositional derivation under source-summary premises,Conditional proof only: source-summary formula truth and NL-to-formula adequacy are separate obligations.
SENT-1871,4.3.5,docs/4.質問に合う根拠を探す/4.3.Sparse retrieval.md,128,Document Expansion by Query Predictionは、各documentから想定queryを生成し、その生成textをdocument表現へ追加してretrievalに用いる手法です。,externally_cited_claim,AND,"AND(ATOM(retrieval=true), ATOM(generation=true))",generation=true;retrieval=true,SRC-062,https://arxiv.org/abs/1904.08375,existing_direct_paragraph_or_technology_mapping,EXISTING_MAPPING_REQUIRES_SEMANTIC_REVIEW,CONTROLLED_TERM_PROJECTION_REQUIRES_CLAIM_POLARITY_REVIEW,SRC_062_sourceTheorem,empirical_result=true;generated_query_representation=true;generated_terms=true;latency=true;original_text_preserved=true;rerank=true;retrieval=true,generation=true,INCONCLUSIVE_UNSUPPORTED_ATOMS,INCONCLUSIVE,,INCONCLUSIVE_REQUIRES_BILINGUAL_DOMAIN_REVIEW,INCONCLUSIVE,guide formula contains atoms absent from the selected source summaries,Conditional proof only: source-summary formula truth and NL-to-formula adequacy are separate obligations.
SENT-1876,4.3.5,docs/4.質問に合う根拠を探す/4.3.Sparse retrieval.md,135,学習型疎検索は、学習済みモデルが語彙ごとの重みや展開語を予測し、疎な検索表現を作ります。,general_technical_claim,AND,"AND(AND(ATOM(sparse=true), ATOM(learned=true)), ATOM(retrieval=true))",learned=true;retrieval=true;sparse=true,SRC-068;SRC-069;SRC-070;SRC-062,https://arxiv.org/abs/2107.05720;https://arxiv.org/abs/2104.12016;https://arxiv.org/abs/2109.10086;https://arxiv.org/abs/1904.08375,same_unit_candidate,CANDIDATE_REQUIRES_DOMAIN_REVIEW,CONTROLLED_TERM_PROJECTION_REQUIRES_CLAIM_POLARITY_REVIEW,SRC_068_sourceTheorem;SRC_069_sourceTheorem;SRC_070_sourceTheorem;SRC_062_sourceTheorem,ann=true;benchmark=true;distillation=true;empirical_result=true;evaluation=true;generated_query_representation=true;generated_terms=true;generation=true;inverted_index_compatible=true;latency=true;learned=true;lexical=true;original_text_preserved=true;ranking_metric=true;rerank=true;retrieval=true;sparse=true;term_impact=true;tf_saturation=true,,PROVED_SOURCE_SUMMARY_ENTAILS_GUIDE_FORMULA,MODEL_PROVED,literature_SENT_1876,INCONCLUSIVE_REQUIRES_BILINGUAL_DOMAIN_REVIEW,INCONCLUSIVE,Lean checks the positive propositional derivation under source-summary premises,Conditional proof only: source-summary formula truth and NL-to-formula adequacy are separate obligations.
SENT-1878,4.3.5,docs/4.質問に合う根拠を探す/4.3.Sparse retrieval.md,138,SPLADE論文は、Transformer modelから語彙次元のsparse representationを生成し、first-stage rankingへ用いる構成を提案しています。,externally_cited_claim,AND,"AND(AND(AND(ATOM(sparse=true), ATOM(generation=true)), ATOM(dimension_contract=true)), ATOM(parsing=true))",dimension_contract=true;generation=true;parsing=true;sparse=true,SRC-068,https://arxiv.org/abs/2107.05720,existing_direct_paragraph_or_technology_mapping,EXISTING_MAPPING_REQUIRES_SEMANTIC_REVIEW,CONTROLLED_TERM_PROJECTION_REQUIRES_CLAIM_POLARITY_REVIEW,SRC_068_sourceTheorem,ann=true;empirical_result=true;inverted_index_compatible=true;learned=true;lexical=true;retrieval=true;sparse=true;tf_saturation=true,dimension_contract=true;generation=true;parsing=true,INCONCLUSIVE_UNSUPPORTED_ATOMS,INCONCLUSIVE,,INCONCLUSIVE_REQUIRES_BILINGUAL_DOMAIN_REVIEW,INCONCLUSIVE,guide formula contains atoms absent from the selected source summaries,Conditional proof only: source-summary formula truth and NL-to-formula adequacy are separate obligations.
SENT-1879,4.3.5,docs/4.質問に合う根拠を探す/4.3.Sparse retrieval.md,139,DeepImpactは、文書中の語が検索へ与える影響を学習しました。,externally_cited_claim,AND,"AND(ATOM(term_impact=true), ATOM(retrieval=true))",retrieval=true;term_impact=true,SRC-069,https://arxiv.org/abs/2104.12016,existing_direct_paragraph_or_technology_mapping,EXISTING_MAPPING_REQUIRES_SEMANTIC_REVIEW,CONTROLLED_TERM_PROJECTION_REQUIRES_CLAIM_POLARITY_REVIEW,SRC_069_sourceTheorem,empirical_result=true;generation=true;inverted_index_compatible=true;learned=true;lexical=true;rerank=true;retrieval=true;sparse=true;term_impact=true,,PROVED_SOURCE_SUMMARY_ENTAILS_GUIDE_FORMULA,MODEL_PROVED,literature_SENT_1879,INCONCLUSIVE_REQUIRES_BILINGUAL_DOMAIN_REVIEW,INCONCLUSIVE,Lean checks the positive propositional derivation under source-summary premises,Conditional proof only: source-summary formula truth and NL-to-formula adequacy are separate obligations.
SENT-1880,4.3.5,docs/4.質問に合う根拠を探す/4.3.Sparse retrieval.md,140,SPLADE v2は、語ごとの値をまとめる方法と、教師モデルの出力を学ぶ知識蒸留による改善を扱っています。,externally_cited_claim,AND,"AND(ATOM(distillation=true), ATOM(empirical_result=true))",distillation=true;empirical_result=true,SRC-070,https://arxiv.org/abs/2109.10086,existing_direct_paragraph_or_technology_mapping,EXISTING_MAPPING_REQUIRES_SEMANTIC_REVIEW,CONTROLLED_TERM_PROJECTION_REQUIRES_CLAIM_POLARITY_REVIEW,SRC_070_sourceTheorem,ann=true;benchmark=true;distillation=true;empirical_result=true;evaluation=true;generated_query_representation=true;inverted_index_compatible=true;learned=true;lexical=true;ranking_metric=true;retrieval=true;sparse=true,,PROVED_SOURCE_SUMMARY_ENTAILS_GUIDE_FORMULA,MODEL_PROVED,literature_SENT_1880,INCONCLUSIVE_REQUIRES_BILINGUAL_DOMAIN_REVIEW,INCONCLUSIVE,Lean checks the positive propositional derivation under source-summary premises,Conditional proof only: source-summary formula truth and NL-to-formula adequacy are separate obligations.
SENT-1881,4.3.5,docs/4.質問に合う根拠を探す/4.3.Sparse retrieval.md,142,SPLADE系retrievalのdomain adaptation研究は、domain vocabularyの追加、追加学習、IDF補正を組み合わせ、対象とした五つの専門datasetで改善を報告しています。,concrete_technology_claim,AND,"AND(AND(ATOM(learned=true), ATOM(retrieval=true)), ATOM(empirical_result=true))",empirical_result=true;learned=true;retrieval=true,SRC-068,https://arxiv.org/abs/2107.05720,existing_direct_paragraph_or_technology_mapping,EXISTING_MAPPING_REQUIRES_SEMANTIC_REVIEW,CONTROLLED_TERM_PROJECTION_REQUIRES_CLAIM_POLARITY_REVIEW,SRC_068_sourceTheorem,ann=true;empirical_result=true;inverted_index_compatible=true;learned=true;lexical=true;retrieval=true;sparse=true;tf_saturation=true,,PROVED_SOURCE_SUMMARY_ENTAILS_GUIDE_FORMULA,MODEL_PROVED,literature_SENT_1881,INCONCLUSIVE_REQUIRES_BILINGUAL_DOMAIN_REVIEW,INCONCLUSIVE,Lean checks the positive propositional derivation under source-summary premises,Conditional proof only: source-summary formula truth and NL-to-formula adequacy are separate obligations.
SENT-1883,4.3.5,docs/4.質問に合う根拠を探す/4.3.Sparse retrieval.md,144,専門語sliceの検索漏れが再現した場合だけ学習型疎検索を追加し、BM25併用時のRecall増分と運用費用で採否を決めます。,concrete_technology_claim,IMPLIES,"IMP(ATOM(retrieval=true), AND(AND(AND(AND(ATOM(sparse=true), ATOM(learned=true)), ATOM(retrieval=true)), ATOM(recall_metric=true)), ATOM(cost=true)))",cost=true;learned=true;recall_metric=true;retrieval=true;sparse=true,SRC-005,https://doi.org/10.1561/1500000019,existing_direct_paragraph_or_technology_mapping,EXISTING_MAPPING_REQUIRES_SEMANTIC_REVIEW,CONTROLLED_TERM_PROJECTION_REQUIRES_CLAIM_POLARITY_REVIEW,SRC_005_sourceTheorem,document_statistics=true;evidence_support=true;fielded=true;length_normalization=true;lexical=true;retrieval=true;sparse=true;tf_saturation=true,cost=true;learned=true;recall_metric=true,INCONCLUSIVE_RELATION_NOT_SUPPORTED_BY_POSITIVE_SOURCE_FACTS,INCONCLUSIVE,,INCONCLUSIVE_REQUIRES_BILINGUAL_DOMAIN_REVIEW,INCONCLUSIVE,implication/negation requires a relation-preserving source formalization,Conditional proof only: source-summary formula truth and NL-to-formula adequacy are separate obligations.
SENT-1884,4.3.5,docs/4.質問に合う根拠を探す/4.3.Sparse retrieval.md,146,展開語が増えると転置インデックスの容量と検索処理量が増えます。,general_technical_claim,AND,"AND(AND(ATOM(sparse=true), ATOM(inverted_index_compatible=true)), ATOM(retrieval=true))",inverted_index_compatible=true;retrieval=true;sparse=true,SRC-068;SRC-069;SRC-070;SRC-062,https://arxiv.org/abs/2107.05720;https://arxiv.org/abs/2104.12016;https://arxiv.org/abs/2109.10086;https://arxiv.org/abs/1904.08375,same_unit_candidate,CANDIDATE_REQUIRES_DOMAIN_REVIEW,CONTROLLED_TERM_PROJECTION_REQUIRES_CLAIM_POLARITY_REVIEW,SRC_068_sourceTheorem;SRC_069_sourceTheorem;SRC_070_sourceTheorem;SRC_062_sourceTheorem,ann=true;benchmark=true;distillation=true;empirical_result=true;evaluation=true;generated_query_representation=true;generated_terms=true;generation=true;inverted_index_compatible=true;latency=true;learned=true;lexical=true;original_text_preserved=true;ranking_metric=true;rerank=true;retrieval=true;sparse=true;term_impact=true;tf_saturation=true,,PROVED_SOURCE_SUMMARY_ENTAILS_GUIDE_FORMULA,MODEL_PROVED,literature_SENT_1884,INCONCLUSIVE_REQUIRES_BILINGUAL_DOMAIN_REVIEW,INCONCLUSIVE,Lean checks the positive propositional derivation under source-summary premises,Conditional proof only: source-summary formula truth and NL-to-formula adequacy are separate obligations.
SENT-1887,FILE-INTRO,docs/4.質問に合う根拠を探す/4.4.Dense retrieval.md,3,密検索（Dense retrieval）は、質問と文書を埋め込みベクトルへ変換し、語が一致しなくても意味的に近い候補を検索します。,general_technical_claim,AND,"AND(ATOM(dense=true), ATOM(retrieval=true))",dense=true;retrieval=true,SRC-002;SRC-042;SRC-043;SRC-045;SRC-048,https://aclanthology.org/2020.emnlp-main.550/;https://arxiv.org/abs/1908.10084;https://arxiv.org/abs/2004.04906;https://arxiv.org/abs/2004.12832;https://arxiv.org/abs/2304.12139,same_file_candidate,CANDIDATE_REQUIRES_DOMAIN_REVIEW,CONTROLLED_TERM_PROJECTION_REQUIRES_CLAIM_POLARITY_REVIEW,SRC_002_sourceTheorem;SRC_042_sourceTheorem;SRC_043_sourceTheorem;SRC_045_sourceTheorem;SRC_048_sourceTheorem,ann=true;benchmark=true;cosine_compatible=true;cost=true;dense=true;document_statistics=true;dual_encoder=true;empirical_result=true;evaluation=true;generation=true;independent_encoding=true;inverted_index_compatible=true;late_interaction=true;length_normalization=true;lexical=true;multi_vector=true;open_domain_qa=true;recall_metric=true;rerank=true;retrieval=true;similarity=dot_product;sparse=true;tf_saturation=true;verification=true,,PROVED_SOURCE_SUMMARY_ENTAILS_GUIDE_FORMULA,MODEL_PROVED,literature_SENT_1887,INCONCLUSIVE_REQUIRES_BILINGUAL_DOMAIN_REVIEW,INCONCLUSIVE,Lean checks the positive propositional derivation under source-summary premises,Conditional proof only: source-summary formula truth and NL-to-formula adequacy are separate obligations.
SENT-1892,4.4.1,docs/4.質問に合う根拠を探す/4.4.Dense retrieval.md,12,図3-3は、文章を埋め込みベクトルへ変換し、質問に近い関連文書と遠い無関係文書を二次元の模式図で示しています。,general_technical_claim,ATOM,ATOM(dimension_contract=true),dimension_contract=true,SRC-052,https://arxiv.org/abs/1702.08734,same_file_candidate,CANDIDATE_REQUIRES_DOMAIN_REVIEW,CONTROLLED_TERM_PROJECTION_REQUIRES_CLAIM_POLARITY_REVIEW,SRC_052_sourceTheorem,ann=true;compression=true;dimension_contract=true;empirical_result=true;gpu_accelerated=true;hierarchical=true;retrieval=true;scalability=true,,PROVED_SOURCE_SUMMARY_ENTAILS_GUIDE_FORMULA,MODEL_PROVED,literature_SENT_1892,INCONCLUSIVE_REQUIRES_BILINGUAL_DOMAIN_REVIEW,INCONCLUSIVE,Lean checks the positive propositional derivation under source-summary premises,Conditional proof only: source-summary formula truth and NL-to-formula adequacy are separate obligations.
SENT-1893,4.4.1,docs/4.質問に合う根拠を探す/4.4.Dense retrieval.md,13,本節の図4-5は、そのベクトル空間を使って質問と文書を別々に符号化し、近い候補を取得する処理の流れに焦点を当てます。,general_technical_claim,AND,"AND(AND(ATOM(dual_encoder=true), ATOM(independent_encoding=true)), ATOM(retrieval=true))",dual_encoder=true;independent_encoding=true;retrieval=true,SRC-042;SRC-043,https://arxiv.org/abs/1908.10084;https://arxiv.org/abs/2004.04906,same_unit_candidate,CANDIDATE_REQUIRES_DOMAIN_REVIEW,CONTROLLED_TERM_PROJECTION_REQUIRES_CLAIM_POLARITY_REVIEW,SRC_042_sourceTheorem;SRC_043_sourceTheorem,benchmark=true;cosine_compatible=true;dense=true;document_statistics=true;dual_encoder=true;empirical_result=true;evaluation=true;independent_encoding=true;length_normalization=true;lexical=true;open_domain_qa=true;recall_metric=true;retrieval=true;similarity=dot_product;tf_saturation=true,,PROVED_SOURCE_SUMMARY_ENTAILS_GUIDE_FORMULA,MODEL_PROVED,literature_SENT_1893,INCONCLUSIVE_REQUIRES_BILINGUAL_DOMAIN_REVIEW,INCONCLUSIVE,Lean checks the positive propositional derivation under source-summary premises,Conditional proof only: source-summary formula truth and NL-to-formula adequacy are separate obligations.
SENT-1894,4.4.1,docs/4.質問に合う根拠を探す/4.4.Dense retrieval.md,15,Dense Passage Retrieval（DPR）は、質問と文書を別々の符号化器でベクトル化し、複数の公開質問応答データセットでBM25を上回る結果を報告しました。,externally_cited_claim,AND,"AND(AND(AND(ATOM(dense=true), ATOM(dual_encoder=true)), ATOM(retrieval=true)), ATOM(empirical_result=true))",dense=true;dual_encoder=true;empirical_result=true;retrieval=true,SRC-043;SRC-005;SRC-002,https://arxiv.org/abs/2004.04906;https://doi.org/10.1561/1500000019;https://aclanthology.org/2020.emnlp-main.550/,existing_direct_paragraph_or_technology_mapping,EXISTING_MAPPING_REQUIRES_SEMANTIC_REVIEW,CONTROLLED_TERM_PROJECTION_REQUIRES_CLAIM_POLARITY_REVIEW,SRC_043_sourceTheorem;SRC_005_sourceTheorem;SRC_002_sourceTheorem,benchmark=true;dense=true;document_statistics=true;dual_encoder=true;empirical_result=true;evaluation=true;evidence_support=true;fielded=true;length_normalization=true;lexical=true;open_domain_qa=true;recall_metric=true;retrieval=true;similarity=dot_product;sparse=true;tf_saturation=true;verification=true,,PROVED_SOURCE_SUMMARY_ENTAILS_GUIDE_FORMULA,MODEL_PROVED,literature_SENT_1894,INCONCLUSIVE_REQUIRES_BILINGUAL_DOMAIN_REVIEW,INCONCLUSIVE,Lean checks the positive propositional derivation under source-summary premises,Conditional proof only: source-summary formula truth and NL-to-formula adequacy are separate obligations.
SENT-1898,4.4.1,docs/4.質問に合う根拠を探す/4.4.Dense retrieval.md,21,二塔型符号化器（Bi-encoder）は、質問と文書を別々にベクトルへ変換します。,general_technical_claim,ATOM,ATOM(dual_encoder=true),dual_encoder=true,SRC-043,https://arxiv.org/abs/2004.04906,same_unit_candidate,CANDIDATE_REQUIRES_DOMAIN_REVIEW,CONTROLLED_TERM_PROJECTION_REQUIRES_CLAIM_POLARITY_REVIEW,SRC_043_sourceTheorem,benchmark=true;dense=true;document_statistics=true;dual_encoder=true;empirical_result=true;evaluation=true;length_normalization=true;lexical=true;open_domain_qa=true;recall_metric=true;retrieval=true;similarity=dot_product;tf_saturation=true,,PROVED_SOURCE_SUMMARY_ENTAILS_GUIDE_FORMULA,MODEL_PROVED,literature_SENT_1898,INCONCLUSIVE_REQUIRES_BILINGUAL_DOMAIN_REVIEW,INCONCLUSIVE,Lean checks the positive propositional derivation under source-summary premises,Conditional proof only: source-summary formula truth and NL-to-formula adequacy are separate obligations.
SENT-1899,4.4.1,docs/4.質問に合う根拠を探す/4.4.Dense retrieval.md,22,文書ベクトルを事前に計算してインデックスへ保存し、質問時には質問ベクトルだけを作って近傍検索できます。,general_technical_claim,ATOM,ATOM(retrieval=true),retrieval=true,SRC-042;SRC-043,https://arxiv.org/abs/1908.10084;https://arxiv.org/abs/2004.04906,same_unit_candidate,CANDIDATE_REQUIRES_DOMAIN_REVIEW,CONTROLLED_TERM_PROJECTION_REQUIRES_CLAIM_POLARITY_REVIEW,SRC_042_sourceTheorem;SRC_043_sourceTheorem,benchmark=true;cosine_compatible=true;dense=true;document_statistics=true;dual_encoder=true;empirical_result=true;evaluation=true;independent_encoding=true;length_normalization=true;lexical=true;open_domain_qa=true;recall_metric=true;retrieval=true;similarity=dot_product;tf_saturation=true,,PROVED_SOURCE_SUMMARY_ENTAILS_GUIDE_FORMULA,MODEL_PROVED,literature_SENT_1899,INCONCLUSIVE_REQUIRES_BILINGUAL_DOMAIN_REVIEW,INCONCLUSIVE,Lean checks the positive propositional derivation under source-summary premises,Conditional proof only: source-summary formula truth and NL-to-formula adequacy are separate obligations.
SENT-1901,4.4.1,docs/4.質問に合う根拠を探す/4.4.Dense retrieval.md,25,DPRでは、質問の符号化器と文書の符号化器を質問応答向けに学習し、内積で候補を検索しました。,concrete_technology_claim,AND,"AND(ATOM(similarity=dot_product), ATOM(retrieval=true))",retrieval=true;similarity=dot_product,SRC-002;SRC-043,https://aclanthology.org/2020.emnlp-main.550/;https://arxiv.org/abs/2004.04906,existing_direct_paragraph_or_technology_mapping,EXISTING_MAPPING_REQUIRES_SEMANTIC_REVIEW,CONTROLLED_TERM_PROJECTION_REQUIRES_CLAIM_POLARITY_REVIEW,SRC_002_sourceTheorem;SRC_043_sourceTheorem,benchmark=true;dense=true;document_statistics=true;dual_encoder=true;empirical_result=true;evaluation=true;length_normalization=true;lexical=true;open_domain_qa=true;recall_metric=true;retrieval=true;similarity=dot_product;tf_saturation=true;verification=true,,PROVED_SOURCE_SUMMARY_ENTAILS_GUIDE_FORMULA,MODEL_PROVED,literature_SENT_1901,INCONCLUSIVE_REQUIRES_BILINGUAL_DOMAIN_REVIEW,INCONCLUSIVE,Lean checks the positive propositional derivation under source-summary premises,Conditional proof only: source-summary formula truth and NL-to-formula adequacy are separate obligations.
SENT-1902,4.4.1,docs/4.質問に合う根拠を探す/4.4.Dense retrieval.md,26,Sentence-BERTは、比較対象としたsentence-pair taskで、二つの入力を同種のencoderへ通してembeddingを得るsiamese構成を採用しています。,externally_cited_claim,UNFORMALIZED,UNFORMALIZED,,SRC-042,https://arxiv.org/abs/1908.10084,existing_direct_paragraph_or_technology_mapping,EXISTING_MAPPING_REQUIRES_SEMANTIC_REVIEW,CONTROLLED_TERM_PROJECTION_REQUIRES_CLAIM_POLARITY_REVIEW,SRC_042_sourceTheorem,cosine_compatible=true;dense=true;empirical_result=true;evaluation=true;independent_encoding=true;retrieval=true,,INCONCLUSIVE_UNFORMALIZED_SENTENCE,INCONCLUSIVE,,INCONCLUSIVE_REQUIRES_BILINGUAL_DOMAIN_REVIEW,INCONCLUSIVE,no controlled semantic atom recognized,Conditional proof only: source-summary formula truth and NL-to-formula adequacy are separate obligations.
SENT-1908,4.4.2,docs/4.質問に合う根拠を探す/4.4.Dense retrieval.md,41,密検索器の学習では正例だけでなく、in-batch、BM25 hard negative、同一文書内負例を版管理し、負例集合ごとのRecallを比較します。,concrete_technology_claim,AND,"AND(AND(ATOM(dense=true), ATOM(retrieval=true)), ATOM(recall_metric=true))",dense=true;recall_metric=true;retrieval=true,SRC-005,https://doi.org/10.1561/1500000019,existing_direct_paragraph_or_technology_mapping,EXISTING_MAPPING_REQUIRES_SEMANTIC_REVIEW,CONTROLLED_TERM_PROJECTION_REQUIRES_CLAIM_POLARITY_REVIEW,SRC_005_sourceTheorem,document_statistics=true;evidence_support=true;fielded=true;length_normalization=true;lexical=true;retrieval=true;sparse=true;tf_saturation=true,dense=true;recall_metric=true,INCONCLUSIVE_UNSUPPORTED_ATOMS,INCONCLUSIVE,,INCONCLUSIVE_REQUIRES_BILINGUAL_DOMAIN_REVIEW,INCONCLUSIVE,guide formula contains atoms absent from the selected source summaries,Conditional proof only: source-summary formula truth and NL-to-formula adequacy are separate obligations.
SENT-1910,4.4.2,docs/4.質問に合う根拠を探す/4.4.Dense retrieval.md,44,DPRは、同じ一括処理内の別文書を負例にするバッチ内負例（In-batch negative）と、BM25が上位へ返した誤文書を難しい負例（Hard negative）として利用しました。,concrete_technology_claim,UNFORMALIZED,UNFORMALIZED,,SRC-005;SRC-002;SRC-043,https://doi.org/10.1561/1500000019;https://aclanthology.org/2020.emnlp-main.550/;https://arxiv.org/abs/2004.04906,existing_direct_paragraph_or_technology_mapping,EXISTING_MAPPING_REQUIRES_SEMANTIC_REVIEW,CONTROLLED_TERM_PROJECTION_REQUIRES_CLAIM_POLARITY_REVIEW,SRC_005_sourceTheorem;SRC_002_sourceTheorem;SRC_043_sourceTheorem,benchmark=true;dense=true;document_statistics=true;dual_encoder=true;empirical_result=true;evaluation=true;evidence_support=true;fielded=true;length_normalization=true;lexical=true;open_domain_qa=true;recall_metric=true;retrieval=true;similarity=dot_product;sparse=true;tf_saturation=true;verification=true,,INCONCLUSIVE_UNFORMALIZED_SENTENCE,INCONCLUSIVE,,INCONCLUSIVE_REQUIRES_BILINGUAL_DOMAIN_REVIEW,INCONCLUSIVE,no controlled semantic atom recognized,Conditional proof only: source-summary formula truth and NL-to-formula adequacy are separate obligations.
SENT-1911,4.4.2,docs/4.質問に合う根拠を探す/4.4.Dense retrieval.md,45,ANCEは、近似最近傍（Approximate Nearest Neighbor：ANN）インデックスから難しい負例を継続的に取得して学習しました。,externally_cited_claim,AND,"AND(AND(ATOM(ann_negative_mining=true), ATOM(ann=true)), ATOM(retrieval=true))",ann=true;ann_negative_mining=true;retrieval=true,SRC-072,https://arxiv.org/abs/2007.00808,existing_direct_paragraph_or_technology_mapping,EXISTING_MAPPING_REQUIRES_SEMANTIC_REVIEW,CONTROLLED_TERM_PROJECTION_REQUIRES_CLAIM_POLARITY_REVIEW,SRC_072_sourceTheorem,ann=true;ann_negative_mining=true;dense=true;retrieval=true,,PROVED_SOURCE_SUMMARY_ENTAILS_GUIDE_FORMULA,MODEL_PROVED,literature_SENT_1911,INCONCLUSIVE_REQUIRES_BILINGUAL_DOMAIN_REVIEW,INCONCLUSIVE,Lean checks the positive propositional derivation under source-summary premises,Conditional proof only: source-summary formula truth and NL-to-formula adequacy are separate obligations.
SENT-1912,4.4.2,docs/4.質問に合う根拠を探す/4.4.Dense retrieval.md,47,旧版と新版、言い換えた同じ根拠、同一文書の隣接チャンクを誤って負例にすると、必要な近傍を遠ざけます。,general_technical_claim,ATOM,ATOM(evidence_support=true),evidence_support=true,SRC-005,https://doi.org/10.1561/1500000019,same_file_candidate,CANDIDATE_REQUIRES_DOMAIN_REVIEW,CONTROLLED_TERM_PROJECTION_REQUIRES_CLAIM_POLARITY_REVIEW,SRC_005_sourceTheorem,document_statistics=true;evidence_support=true;fielded=true;length_normalization=true;lexical=true;retrieval=true;sparse=true;tf_saturation=true,,PROVED_SOURCE_SUMMARY_ENTAILS_GUIDE_FORMULA,MODEL_PROVED,literature_SENT_1912,INCONCLUSIVE_REQUIRES_BILINGUAL_DOMAIN_REVIEW,INCONCLUSIVE,Lean checks the positive propositional derivation under source-summary premises,Conditional proof only: source-summary formula truth and NL-to-formula adequacy are separate obligations.
SENT-1916,4.4.2,docs/4.質問に合う根拠を探す/4.4.Dense retrieval.md,52,MTEBは、収録した検索、分類、意味類似などのtaskを共通protocolで比較するembedding model評価基盤です。,externally_cited_claim,AND,"AND(AND(ATOM(retrieval=true), ATOM(evaluation=true)), ATOM(embedding_model=true))",embedding_model=true;evaluation=true;retrieval=true,SRC-044,https://arxiv.org/abs/2210.07316,existing_direct_paragraph_or_technology_mapping,EXISTING_MAPPING_REQUIRES_SEMANTIC_REVIEW,CONTROLLED_TERM_PROJECTION_REQUIRES_CLAIM_POLARITY_REVIEW,SRC_044_sourceTheorem,benchmark=true;empirical_result=true;evaluation=true;rerank=true;retrieval=true,embedding_model=true,INCONCLUSIVE_UNSUPPORTED_ATOMS,INCONCLUSIVE,,INCONCLUSIVE_REQUIRES_BILINGUAL_DOMAIN_REVIEW,INCONCLUSIVE,guide formula contains atoms absent from the selected source summaries,Conditional proof only: source-summary formula truth and NL-to-formula adequacy are separate obligations.
SENT-1920,4.4.2,docs/4.質問に合う根拠を探す/4.4.Dense retrieval.md,58,E5のように、質問と文書へ異なる接頭辞や指示を付けるモデルがあります。,externally_cited_claim,ATOM,ATOM(prefix_contract=true),prefix_contract=true,SRC-073,https://arxiv.org/abs/2212.03533,existing_direct_paragraph_or_technology_mapping,EXISTING_MAPPING_REQUIRES_SEMANTIC_REVIEW,CONTROLLED_TERM_PROJECTION_REQUIRES_CLAIM_POLARITY_REVIEW,SRC_073_sourceTheorem,benchmark=true;dense=true;embedding_model=true;empirical_result=true;evaluation=true;length_normalization=true;prefix_contract=true;retrieval=true;tf_saturation=true,,PROVED_SOURCE_SUMMARY_ENTAILS_GUIDE_FORMULA,MODEL_PROVED,literature_SENT_1920,INCONCLUSIVE_REQUIRES_BILINGUAL_DOMAIN_REVIEW,INCONCLUSIVE,Lean checks the positive propositional derivation under source-summary premises,Conditional proof only: source-summary formula truth and NL-to-formula adequacy are separate obligations.
SENT-1923,4.4.2,docs/4.質問に合う根拠を探す/4.4.Dense retrieval.md,62,Contrieverは、人手の関連度ラベルを使わない学習で候補を広く拾う方法を示しました。,externally_cited_claim,UNFORMALIZED,UNFORMALIZED,,SRC-074,https://arxiv.org/abs/2112.09118,existing_direct_paragraph_or_technology_mapping,EXISTING_MAPPING_REQUIRES_SEMANTIC_REVIEW,CONTROLLED_TERM_PROJECTION_REQUIRES_CLAIM_POLARITY_REVIEW,SRC_074_sourceTheorem,benchmark=true;dense=true;empirical_result=true;evaluation=true;length_normalization=true;recall_metric=true;retrieval=true;tf_saturation=true;unsupervised_contrastive=true,,INCONCLUSIVE_UNFORMALIZED_SENTENCE,INCONCLUSIVE,,INCONCLUSIVE_REQUIRES_BILINGUAL_DOMAIN_REVIEW,INCONCLUSIVE,no controlled semantic atom recognized,Conditional proof only: source-summary formula truth and NL-to-formula adequacy are separate obligations.
SENT-1924,4.4.2,docs/4.質問に合う根拠を探す/4.4.Dense retrieval.md,63,Contriever候補は、対象データのRecall@100とnDCG@10をBM25と比較し、回収範囲と上位順位の両方で採否を決めます。,concrete_technology_claim,AND,"AND(ATOM(recall_metric=true), ATOM(ranking_metric=true))",ranking_metric=true;recall_metric=true,SRC-005;SRC-074,https://doi.org/10.1561/1500000019;https://arxiv.org/abs/2112.09118,existing_direct_paragraph_or_technology_mapping,EXISTING_MAPPING_REQUIRES_SEMANTIC_REVIEW,CONTROLLED_TERM_PROJECTION_REQUIRES_CLAIM_POLARITY_REVIEW,SRC_005_sourceTheorem;SRC_074_sourceTheorem,benchmark=true;dense=true;document_statistics=true;empirical_result=true;evaluation=true;evidence_support=true;fielded=true;length_normalization=true;lexical=true;recall_metric=true;retrieval=true;sparse=true;tf_saturation=true;unsupervised_contrastive=true,ranking_metric=true,INCONCLUSIVE_UNSUPPORTED_ATOMS,INCONCLUSIVE,,INCONCLUSIVE_REQUIRES_BILINGUAL_DOMAIN_REVIEW,INCONCLUSIVE,guide formula contains atoms absent from the selected source summaries,Conditional proof only: source-summary formula truth and NL-to-formula adequacy are separate obligations.
SENT-1927,4.4.3,docs/4.質問に合う根拠を探す/4.4.Dense retrieval.md,69,同じモデルでも、接頭辞、文字列を処理単位へ分ける機能（トークン化器）、最大長、切り捨て、正規化が違えば順位が変わります。,general_technical_claim,ATOM,ATOM(prefix_contract=true),prefix_contract=true,SRC-073,https://arxiv.org/abs/2212.03533,same_file_candidate,CANDIDATE_REQUIRES_DOMAIN_REVIEW,CONTROLLED_TERM_PROJECTION_REQUIRES_CLAIM_POLARITY_REVIEW,SRC_073_sourceTheorem,benchmark=true;dense=true;embedding_model=true;empirical_result=true;evaluation=true;length_normalization=true;prefix_contract=true;retrieval=true;tf_saturation=true,,PROVED_SOURCE_SUMMARY_ENTAILS_GUIDE_FORMULA,MODEL_PROVED,literature_SENT_1927,INCONCLUSIVE_REQUIRES_BILINGUAL_DOMAIN_REVIEW,INCONCLUSIVE,Lean checks the positive propositional derivation under source-summary premises,Conditional proof only: source-summary formula truth and NL-to-formula adequacy are separate obligations.
SENT-1928,4.4.3,docs/4.質問に合う根拠を探す/4.4.Dense retrieval.md,71,モデルID、モデルの版、質問・文書接頭辞、トークン化器、最大長、正規化、距離尺度を一つの版契約にします。,general_technical_claim,ATOM,ATOM(prefix_contract=true),prefix_contract=true,SRC-073,https://arxiv.org/abs/2212.03533,same_file_candidate,CANDIDATE_REQUIRES_DOMAIN_REVIEW,CONTROLLED_TERM_PROJECTION_REQUIRES_CLAIM_POLARITY_REVIEW,SRC_073_sourceTheorem,benchmark=true;dense=true;embedding_model=true;empirical_result=true;evaluation=true;length_normalization=true;prefix_contract=true;retrieval=true;tf_saturation=true,,PROVED_SOURCE_SUMMARY_ENTAILS_GUIDE_FORMULA,MODEL_PROVED,literature_SENT_1928,INCONCLUSIVE_REQUIRES_BILINGUAL_DOMAIN_REVIEW,INCONCLUSIVE,Lean checks the positive propositional derivation under source-summary premises,Conditional proof only: source-summary formula truth and NL-to-formula adequacy are separate obligations.
SENT-1933,4.4.3,docs/4.質問に合う根拠を探す/4.4.Dense retrieval.md,78,代表的な比較方法は、コサイン類似度、内積、ユークリッド距離です。,general_technical_claim,AND,"AND(ATOM(similarity=dot_product), ATOM(cosine_compatible=true))",cosine_compatible=true;similarity=dot_product,SRC-002;SRC-042;SRC-043,https://aclanthology.org/2020.emnlp-main.550/;https://arxiv.org/abs/1908.10084;https://arxiv.org/abs/2004.04906,same_file_candidate,CANDIDATE_REQUIRES_DOMAIN_REVIEW,CONTROLLED_TERM_PROJECTION_REQUIRES_CLAIM_POLARITY_REVIEW,SRC_002_sourceTheorem;SRC_042_sourceTheorem;SRC_043_sourceTheorem,benchmark=true;cosine_compatible=true;dense=true;document_statistics=true;dual_encoder=true;empirical_result=true;evaluation=true;independent_encoding=true;length_normalization=true;lexical=true;open_domain_qa=true;recall_metric=true;retrieval=true;similarity=dot_product;tf_saturation=true;verification=true,,PROVED_SOURCE_SUMMARY_ENTAILS_GUIDE_FORMULA,MODEL_PROVED,literature_SENT_1933,INCONCLUSIVE_REQUIRES_BILINGUAL_DOMAIN_REVIEW,INCONCLUSIVE,Lean checks the positive propositional derivation under source-summary premises,Conditional proof only: source-summary formula truth and NL-to-formula adequacy are separate obligations.
SENT-1934,4.4.3,docs/4.質問に合う根拠を探す/4.4.Dense retrieval.md,79,コサイン類似度は方向、内積は方向と大きさ、ユークリッド距離は点間の距離を利用します。,general_technical_claim,AND,"AND(ATOM(similarity=dot_product), ATOM(cosine_compatible=true))",cosine_compatible=true;similarity=dot_product,SRC-002;SRC-042;SRC-043,https://aclanthology.org/2020.emnlp-main.550/;https://arxiv.org/abs/1908.10084;https://arxiv.org/abs/2004.04906,same_file_candidate,CANDIDATE_REQUIRES_DOMAIN_REVIEW,CONTROLLED_TERM_PROJECTION_REQUIRES_CLAIM_POLARITY_REVIEW,SRC_002_sourceTheorem;SRC_042_sourceTheorem;SRC_043_sourceTheorem,benchmark=true;cosine_compatible=true;dense=true;document_statistics=true;dual_encoder=true;empirical_result=true;evaluation=true;independent_encoding=true;length_normalization=true;lexical=true;open_domain_qa=true;recall_metric=true;retrieval=true;similarity=dot_product;tf_saturation=true;verification=true,,PROVED_SOURCE_SUMMARY_ENTAILS_GUIDE_FORMULA,MODEL_PROVED,literature_SENT_1934,INCONCLUSIVE_REQUIRES_BILINGUAL_DOMAIN_REVIEW,INCONCLUSIVE,Lean checks the positive propositional derivation under source-summary premises,Conditional proof only: source-summary formula truth and NL-to-formula adequacy are separate obligations.
SENT-1936,4.4.3,docs/4.質問に合う根拠を探す/4.4.Dense retrieval.md,82,Sentence-BERTは文類似度へコサイン類似度を利用し、DPRは内積による検索を用いました。,concrete_technology_claim,AND,"AND(AND(ATOM(similarity=dot_product), ATOM(cosine_compatible=true)), ATOM(retrieval=true))",cosine_compatible=true;retrieval=true;similarity=dot_product,SRC-002;SRC-043;SRC-042,https://aclanthology.org/2020.emnlp-main.550/;https://arxiv.org/abs/2004.04906;https://arxiv.org/abs/1908.10084,existing_direct_paragraph_or_technology_mapping,EXISTING_MAPPING_REQUIRES_SEMANTIC_REVIEW,CONTROLLED_TERM_PROJECTION_REQUIRES_CLAIM_POLARITY_REVIEW,SRC_002_sourceTheorem;SRC_043_sourceTheorem;SRC_042_sourceTheorem,benchmark=true;cosine_compatible=true;dense=true;document_statistics=true;dual_encoder=true;empirical_result=true;evaluation=true;independent_encoding=true;length_normalization=true;lexical=true;open_domain_qa=true;recall_metric=true;retrieval=true;similarity=dot_product;tf_saturation=true;verification=true,,PROVED_SOURCE_SUMMARY_ENTAILS_GUIDE_FORMULA,MODEL_PROVED,literature_SENT_1936,INCONCLUSIVE_REQUIRES_BILINGUAL_DOMAIN_REVIEW,INCONCLUSIVE,Lean checks the positive propositional derivation under source-summary premises,Conditional proof only: source-summary formula truth and NL-to-formula adequacy are separate obligations.
SENT-1941,4.4.3,docs/4.質問に合う根拠を探す/4.4.Dense retrieval.md,89,アルゴリズム図A5は、三つの尺度が同じベクトルを異なる観点で比べることを示します。,general_technical_claim,UNFORMALIZED,UNFORMALIZED,,SRC-002;SRC-005;SRC-042;SRC-043;SRC-044,https://aclanthology.org/2020.emnlp-main.550/;https://doi.org/10.1561/1500000019;https://arxiv.org/abs/1908.10084;https://arxiv.org/abs/2004.04906;https://arxiv.org/abs/2210.07316,same_chapter_candidate,CANDIDATE_REQUIRES_DOMAIN_REVIEW,CONTROLLED_TERM_PROJECTION_REQUIRES_CLAIM_POLARITY_REVIEW,SRC_002_sourceTheorem;SRC_005_sourceTheorem;SRC_042_sourceTheorem;SRC_043_sourceTheorem;SRC_044_sourceTheorem,benchmark=true;cosine_compatible=true;dense=true;document_statistics=true;dual_encoder=true;empirical_result=true;evaluation=true;evidence_support=true;fielded=true;independent_encoding=true;length_normalization=true;lexical=true;open_domain_qa=true;recall_metric=true;rerank=true;retrieval=true;similarity=dot_product;sparse=true;tf_saturation=true;verification=true,,INCONCLUSIVE_UNFORMALIZED_SENTENCE,INCONCLUSIVE,,INCONCLUSIVE_REQUIRES_BILINGUAL_DOMAIN_REVIEW,INCONCLUSIVE,no controlled semantic atom recognized,Conditional proof only: source-summary formula truth and NL-to-formula adequacy are separate obligations.
SENT-1943,4.4.3,docs/4.質問に合う根拠を探す/4.4.Dense retrieval.md,94,アルゴリズム図A5 コサイン類似度・内積・L2距離が比較する対象,general_technical_claim,AND,"AND(ATOM(similarity=dot_product), ATOM(cosine_compatible=true))",cosine_compatible=true;similarity=dot_product,SRC-002;SRC-042;SRC-043,https://aclanthology.org/2020.emnlp-main.550/;https://arxiv.org/abs/1908.10084;https://arxiv.org/abs/2004.04906,same_file_candidate,CANDIDATE_REQUIRES_DOMAIN_REVIEW,CONTROLLED_TERM_PROJECTION_REQUIRES_CLAIM_POLARITY_REVIEW,SRC_002_sourceTheorem;SRC_042_sourceTheorem;SRC_043_sourceTheorem,benchmark=true;cosine_compatible=true;dense=true;document_statistics=true;dual_encoder=true;empirical_result=true;evaluation=true;independent_encoding=true;length_normalization=true;lexical=true;open_domain_qa=true;recall_metric=true;retrieval=true;similarity=dot_product;tf_saturation=true;verification=true,,PROVED_SOURCE_SUMMARY_ENTAILS_GUIDE_FORMULA,MODEL_PROVED,literature_SENT_1943,INCONCLUSIVE_REQUIRES_BILINGUAL_DOMAIN_REVIEW,INCONCLUSIVE,Lean checks the positive propositional derivation under source-summary premises,Conditional proof only: source-summary formula truth and NL-to-formula adequacy are separate obligations.
SENT-1945,4.4.4,docs/4.質問に合う根拠を探す/4.4.Dense retrieval.md,99,文書数が増えると計算量が大きくなるため、ANN検索で探索範囲を絞ります。,general_technical_claim,ATOM,ATOM(retrieval=true),retrieval=true,SRC-047;SRC-048,https://arxiv.org/abs/1603.09320;https://arxiv.org/abs/2304.12139,same_unit_candidate,CANDIDATE_REQUIRES_DOMAIN_REVIEW,CONTROLLED_TERM_PROJECTION_REQUIRES_CLAIM_POLARITY_REVIEW,SRC_047_sourceTheorem;SRC_048_sourceTheorem,ann=true;dense=true;empirical_result=true;evaluation=true;graph_index=true;hierarchical=true;incremental_updates=true;inverted_index_compatible=true;length_normalization=true;lexical=true;recall_latency_tradeoff=true;retrieval=true;sparse=true;tf_saturation=true,,PROVED_SOURCE_SUMMARY_ENTAILS_GUIDE_FORMULA,MODEL_PROVED,literature_SENT_1945,INCONCLUSIVE_REQUIRES_BILINGUAL_DOMAIN_REVIEW,INCONCLUSIVE,Lean checks the positive propositional derivation under source-summary premises,Conditional proof only: source-summary formula truth and NL-to-formula adequacy are separate obligations.
SENT-1946,4.4.4,docs/4.質問に合う根拠を探す/4.4.Dense retrieval.md,101,アルゴリズム図A6は、exact k-NNが全件を比較するのに対し、ANNが索引で候補を絞ってから一部を比較する違いを示します。,general_technical_claim,ATOM,ATOM(output_subset=true),output_subset=true,SRC-002;SRC-005;SRC-042;SRC-043;SRC-044,https://aclanthology.org/2020.emnlp-main.550/;https://doi.org/10.1561/1500000019;https://arxiv.org/abs/1908.10084;https://arxiv.org/abs/2004.04906;https://arxiv.org/abs/2210.07316,same_chapter_candidate,CANDIDATE_REQUIRES_DOMAIN_REVIEW,CONTROLLED_TERM_PROJECTION_REQUIRES_CLAIM_POLARITY_REVIEW,SRC_002_sourceTheorem;SRC_005_sourceTheorem;SRC_042_sourceTheorem;SRC_043_sourceTheorem;SRC_044_sourceTheorem,benchmark=true;cosine_compatible=true;dense=true;document_statistics=true;dual_encoder=true;empirical_result=true;evaluation=true;evidence_support=true;fielded=true;independent_encoding=true;length_normalization=true;lexical=true;open_domain_qa=true;recall_metric=true;rerank=true;retrieval=true;similarity=dot_product;sparse=true;tf_saturation=true;verification=true,output_subset=true,INCONCLUSIVE_UNSUPPORTED_ATOMS,INCONCLUSIVE,,INCONCLUSIVE_REQUIRES_BILINGUAL_DOMAIN_REVIEW,INCONCLUSIVE,guide formula contains atoms absent from the selected source summaries,Conditional proof only: source-summary formula truth and NL-to-formula adequacy are separate obligations.
SENT-1948,4.4.4,docs/4.質問に合う根拠を探す/4.4.Dense retrieval.md,106,アルゴリズム図A6 exact k-NNとANNの探索範囲の違い,general_technical_claim,UNFORMALIZED,UNFORMALIZED,,SRC-002;SRC-005;SRC-042;SRC-043;SRC-044,https://aclanthology.org/2020.emnlp-main.550/;https://doi.org/10.1561/1500000019;https://arxiv.org/abs/1908.10084;https://arxiv.org/abs/2004.04906;https://arxiv.org/abs/2210.07316,same_chapter_candidate,CANDIDATE_REQUIRES_DOMAIN_REVIEW,CONTROLLED_TERM_PROJECTION_REQUIRES_CLAIM_POLARITY_REVIEW,SRC_002_sourceTheorem;SRC_005_sourceTheorem;SRC_042_sourceTheorem;SRC_043_sourceTheorem;SRC_044_sourceTheorem,benchmark=true;cosine_compatible=true;dense=true;document_statistics=true;dual_encoder=true;empirical_result=true;evaluation=true;evidence_support=true;fielded=true;independent_encoding=true;length_normalization=true;lexical=true;open_domain_qa=true;recall_metric=true;rerank=true;retrieval=true;similarity=dot_product;sparse=true;tf_saturation=true;verification=true,,INCONCLUSIVE_UNFORMALIZED_SENTENCE,INCONCLUSIVE,,INCONCLUSIVE_REQUIRES_BILINGUAL_DOMAIN_REVIEW,INCONCLUSIVE,no controlled semantic atom recognized,Conditional proof only: source-summary formula truth and NL-to-formula adequacy are separate obligations.
SENT-1949,4.4.4,docs/4.質問に合う根拠を探す/4.4.Dense retrieval.md,108,階層的近傍グラフ（Hierarchical Navigable Small World：HNSW）は、近傍グラフを階層化し、入口から近いノードへ移動して候補を探します。,externally_cited_claim,AND,"AND(ATOM(graph_index=true), ATOM(hierarchical=true))",graph_index=true;hierarchical=true,SRC-047,https://arxiv.org/abs/1603.09320,existing_direct_paragraph_or_technology_mapping,EXISTING_MAPPING_REQUIRES_SEMANTIC_REVIEW,CONTROLLED_TERM_PROJECTION_REQUIRES_CLAIM_POLARITY_REVIEW,SRC_047_sourceTheorem,ann=true;empirical_result=true;evaluation=true;graph_index=true;hierarchical=true;incremental_updates=true;recall_latency_tradeoff=true;retrieval=true,,PROVED_SOURCE_SUMMARY_ENTAILS_GUIDE_FORMULA,MODEL_PROVED,literature_SENT_1949,INCONCLUSIVE_REQUIRES_BILINGUAL_DOMAIN_REVIEW,INCONCLUSIVE,Lean checks the positive propositional derivation under source-summary premises,Conditional proof only: source-summary formula truth and NL-to-formula adequacy are separate obligations.
SENT-1952,4.4.4,docs/4.質問に合う根拠を探す/4.4.Dense retrieval.md,112,HNSWは階層グラフをたどり、IVFは質問に近いセルを選び、PQはベクトルを区画ごとの短いコードへ圧縮します。,concrete_technology_claim,AND,"AND(ATOM(compressed_vectors=true), ATOM(compression=true))",compressed_vectors=true;compression=true,SRC-047,https://arxiv.org/abs/1603.09320,existing_direct_paragraph_or_technology_mapping,EXISTING_MAPPING_REQUIRES_SEMANTIC_REVIEW,CONTROLLED_TERM_PROJECTION_REQUIRES_CLAIM_POLARITY_REVIEW,SRC_047_sourceTheorem,ann=true;empirical_result=true;evaluation=true;graph_index=true;hierarchical=true;incremental_updates=true;recall_latency_tradeoff=true;retrieval=true,compressed_vectors=true;compression=true,INCONCLUSIVE_UNSUPPORTED_ATOMS,INCONCLUSIVE,,INCONCLUSIVE_REQUIRES_BILINGUAL_DOMAIN_REVIEW,INCONCLUSIVE,guide formula contains atoms absent from the selected source summaries,Conditional proof only: source-summary formula truth and NL-to-formula adequacy are separate obligations.
SENT-1953,4.4.4,docs/4.質問に合う根拠を探す/4.4.Dense retrieval.md,113,PQは探索方法と排他的な三択ではなく、IVFやHNSWと組み合わせて保存量や距離計算量を抑える構成もあります。,concrete_technology_claim,UNFORMALIZED,UNFORMALIZED,,SRC-047,https://arxiv.org/abs/1603.09320,existing_direct_paragraph_or_technology_mapping,EXISTING_MAPPING_REQUIRES_SEMANTIC_REVIEW,CONTROLLED_TERM_PROJECTION_REQUIRES_CLAIM_POLARITY_REVIEW,SRC_047_sourceTheorem,ann=true;empirical_result=true;evaluation=true;graph_index=true;hierarchical=true;incremental_updates=true;recall_latency_tradeoff=true;retrieval=true,,INCONCLUSIVE_UNFORMALIZED_SENTENCE,INCONCLUSIVE,,INCONCLUSIVE_REQUIRES_BILINGUAL_DOMAIN_REVIEW,INCONCLUSIVE,no controlled semantic atom recognized,Conditional proof only: source-summary formula truth and NL-to-formula adequacy are separate obligations.
SENT-1954,4.4.4,docs/4.質問に合う根拠を探す/4.4.Dense retrieval.md,117,アルゴリズム図A7 HNSW・IVF・PQが探索範囲と保存量を減らす方法,concrete_technology_claim,UNFORMALIZED,UNFORMALIZED,,SRC-047,https://arxiv.org/abs/1603.09320,existing_direct_paragraph_or_technology_mapping,EXISTING_MAPPING_REQUIRES_SEMANTIC_REVIEW,CONTROLLED_TERM_PROJECTION_REQUIRES_CLAIM_POLARITY_REVIEW,SRC_047_sourceTheorem,ann=true;empirical_result=true;evaluation=true;graph_index=true;hierarchical=true;incremental_updates=true;recall_latency_tradeoff=true;retrieval=true,,INCONCLUSIVE_UNFORMALIZED_SENTENCE,INCONCLUSIVE,,INCONCLUSIVE_REQUIRES_BILINGUAL_DOMAIN_REVIEW,INCONCLUSIVE,no controlled semantic atom recognized,Conditional proof only: source-summary formula truth and NL-to-formula adequacy are separate obligations.
SENT-1955,4.4.4,docs/4.質問に合う根拠を探す/4.4.Dense retrieval.md,119,LuceneへHNSWを統合した研究は、同研究のcollectionとhardware条件で、検索品質に加えてindex構築時間、保存容量、concurrent query throughputを比較しています。,externally_cited_claim,AND,"AND(ATOM(retrieval=true), ATOM(temporal_freshness=true))",retrieval=true;temporal_freshness=true,SRC-048;SRC-047,https://arxiv.org/abs/2304.12139;https://arxiv.org/abs/1603.09320,existing_direct_paragraph_or_technology_mapping,EXISTING_MAPPING_REQUIRES_SEMANTIC_REVIEW,CONTROLLED_TERM_PROJECTION_REQUIRES_CLAIM_POLARITY_REVIEW,SRC_048_sourceTheorem;SRC_047_sourceTheorem,ann=true;dense=true;empirical_result=true;evaluation=true;graph_index=true;hierarchical=true;incremental_updates=true;inverted_index_compatible=true;length_normalization=true;lexical=true;recall_latency_tradeoff=true;retrieval=true;sparse=true;tf_saturation=true,temporal_freshness=true,INCONCLUSIVE_UNSUPPORTED_ATOMS,INCONCLUSIVE,,INCONCLUSIVE_REQUIRES_BILINGUAL_DOMAIN_REVIEW,INCONCLUSIVE,guide formula contains atoms absent from the selected source summaries,Conditional proof only: source-summary formula truth and NL-to-formula adequacy are separate obligations.
SENT-1956,4.4.4,docs/4.質問に合う根拠を探す/4.4.Dense retrieval.md,120,LuceneとFaissはsingle-queryとconcurrent-queryを分け、同じhardware、index、Recall条件でthroughputとp95 latencyを測ります。,concrete_technology_claim,AND,"AND(AND(ATOM(recall_latency_tradeoff=true), ATOM(recall_metric=true)), ATOM(latency=true))",latency=true;recall_latency_tradeoff=true;recall_metric=true,SRC-052,https://arxiv.org/abs/1702.08734,existing_direct_paragraph_or_technology_mapping,EXISTING_MAPPING_REQUIRES_SEMANTIC_REVIEW,CONTROLLED_TERM_PROJECTION_REQUIRES_CLAIM_POLARITY_REVIEW,SRC_052_sourceTheorem,ann=true;compression=true;dimension_contract=true;empirical_result=true;gpu_accelerated=true;hierarchical=true;retrieval=true;scalability=true,latency=true;recall_latency_tradeoff=true;recall_metric=true,INCONCLUSIVE_UNSUPPORTED_ATOMS,INCONCLUSIVE,,INCONCLUSIVE_REQUIRES_BILINGUAL_DOMAIN_REVIEW,INCONCLUSIVE,guide formula contains atoms absent from the selected source summaries,Conditional proof only: source-summary formula truth and NL-to-formula adequacy are separate obligations.
SENT-1958,4.4.4,docs/4.質問に合う根拠を探す/4.4.Dense retrieval.md,123,ANN検索は近似であるため、候補数を増やすだけでなく、一部の質問について完全探索と結果を比べる必要があります。,general_technical_claim,AND,"AND(ATOM(retrieval=true), ATOM(empirical_result=true))",empirical_result=true;retrieval=true,SRC-047;SRC-048,https://arxiv.org/abs/1603.09320;https://arxiv.org/abs/2304.12139,same_unit_candidate,CANDIDATE_REQUIRES_DOMAIN_REVIEW,CONTROLLED_TERM_PROJECTION_REQUIRES_CLAIM_POLARITY_REVIEW,SRC_047_sourceTheorem;SRC_048_sourceTheorem,ann=true;dense=true;empirical_result=true;evaluation=true;graph_index=true;hierarchical=true;incremental_updates=true;inverted_index_compatible=true;length_normalization=true;lexical=true;recall_latency_tradeoff=true;retrieval=true;sparse=true;tf_saturation=true,,PROVED_SOURCE_SUMMARY_ENTAILS_GUIDE_FORMULA,MODEL_PROVED,literature_SENT_1958,INCONCLUSIVE_REQUIRES_BILINGUAL_DOMAIN_REVIEW,INCONCLUSIVE,Lean checks the positive propositional derivation under source-summary premises,Conditional proof only: source-summary formula truth and NL-to-formula adequacy are separate obligations.
SENT-1971,4.4.5,docs/4.質問に合う根拠を探す/4.4.Dense retrieval.md,143,ColBERTは、質問と文書のトークンごとのベクトルを保持し、各質問トークンに最も近い文書トークンのスコアを統合します。,externally_cited_claim,AND,"AND(ATOM(multi_vector=true), ATOM(late_interaction=true))",late_interaction=true;multi_vector=true,SRC-045,https://arxiv.org/abs/2004.12832,existing_direct_paragraph_or_technology_mapping,EXISTING_MAPPING_REQUIRES_SEMANTIC_REVIEW,CONTROLLED_TERM_PROJECTION_REQUIRES_CLAIM_POLARITY_REVIEW,SRC_045_sourceTheorem,cost=true;dense=true;empirical_result=true;evaluation=true;generation=true;late_interaction=true;multi_vector=true;rerank=true;retrieval=true,,PROVED_SOURCE_SUMMARY_ENTAILS_GUIDE_FORMULA,MODEL_PROVED,literature_SENT_1971,INCONCLUSIVE_REQUIRES_BILINGUAL_DOMAIN_REVIEW,INCONCLUSIVE,Lean checks the positive propositional derivation under source-summary premises,Conditional proof only: source-summary formula truth and NL-to-formula adequacy are separate obligations.
SENT-1974,4.4.5,docs/4.質問に合う根拠を探す/4.4.Dense retrieval.md,147,ColBERTv2は、残差圧縮などでインデックス量を抑える方法を扱いました。,externally_cited_claim,AND,"AND(ATOM(compressed_index=true), ATOM(compression=true))",compressed_index=true;compression=true,SRC-075,https://arxiv.org/abs/2112.01488,existing_direct_paragraph_or_technology_mapping,EXISTING_MAPPING_REQUIRES_SEMANTIC_REVIEW,CONTROLLED_TERM_PROJECTION_REQUIRES_CLAIM_POLARITY_REVIEW,SRC_075_sourceTheorem,benchmark=true;compressed_index=true;compression=true;dense=true;empirical_result=true;evaluation=true;knowledge_intensive=true;late_interaction=true;multi_vector=true;retrieval=true;scalability=true,,PROVED_SOURCE_SUMMARY_ENTAILS_GUIDE_FORMULA,MODEL_PROVED,literature_SENT_1974,INCONCLUSIVE_REQUIRES_BILINGUAL_DOMAIN_REVIEW,INCONCLUSIVE,Lean checks the positive propositional derivation under source-summary premises,Conditional proof only: source-summary formula truth and NL-to-formula adequacy are separate obligations.
SENT-1975,4.4.5,docs/4.質問に合う根拠を探す/4.4.Dense retrieval.md,149,単一ベクトルより保存容量と質問時の計算量が増えます。,general_technical_claim,ATOM,ATOM(dense=true),dense=true,SRC-045;SRC-075;SRC-076,https://arxiv.org/abs/2004.12832;https://arxiv.org/abs/2112.01488;https://arxiv.org/abs/2402.03216,same_unit_candidate,CANDIDATE_REQUIRES_DOMAIN_REVIEW,CONTROLLED_TERM_PROJECTION_REQUIRES_CLAIM_POLARITY_REVIEW,SRC_045_sourceTheorem;SRC_075_sourceTheorem;SRC_076_sourceTheorem,benchmark=true;compressed_index=true;compression=true;cost=true;dense=true;embedding_model=true;empirical_result=true;evaluation=true;generation=true;knowledge_intensive=true;late_interaction=true;multi_vector=true;rerank=true;retrieval=true;scalability=true;sparse=true,,PROVED_SOURCE_SUMMARY_ENTAILS_GUIDE_FORMULA,MODEL_PROVED,literature_SENT_1975,INCONCLUSIVE_REQUIRES_BILINGUAL_DOMAIN_REVIEW,INCONCLUSIVE,Lean checks the positive propositional derivation under source-summary premises,Conditional proof only: source-summary formula truth and NL-to-formula adequacy are separate obligations.
SENT-1979,4.4.5,docs/4.質問に合う根拠を探す/4.4.Dense retrieval.md,155,ColBERTのトークン表現は、複数ベクトル検索（Multi-vector retrieval）の細かな単位の例です。,concrete_technology_claim,AND,"AND(ATOM(multi_vector=true), ATOM(retrieval=true))",multi_vector=true;retrieval=true,SRC-045,https://arxiv.org/abs/2004.12832,existing_direct_paragraph_or_technology_mapping,EXISTING_MAPPING_REQUIRES_SEMANTIC_REVIEW,CONTROLLED_TERM_PROJECTION_REQUIRES_CLAIM_POLARITY_REVIEW,SRC_045_sourceTheorem,cost=true;dense=true;empirical_result=true;evaluation=true;generation=true;late_interaction=true;multi_vector=true;rerank=true;retrieval=true,,PROVED_SOURCE_SUMMARY_ENTAILS_GUIDE_FORMULA,MODEL_PROVED,literature_SENT_1979,INCONCLUSIVE_REQUIRES_BILINGUAL_DOMAIN_REVIEW,INCONCLUSIVE,Lean checks the positive propositional derivation under source-summary premises,Conditional proof only: source-summary formula truth and NL-to-formula adequacy are separate obligations.
SENT-1980,4.4.5,docs/4.質問に合う根拠を探す/4.4.Dense retrieval.md,156,M3-Embeddingは、密検索、疎検索、複数ベクトル検索という複数機能を一つのモデルで扱いました。,externally_cited_claim,AND,"AND(AND(AND(ATOM(sparse=true), ATOM(dense=true)), ATOM(multi_vector=true)), ATOM(retrieval=true))",dense=true;multi_vector=true;retrieval=true;sparse=true,SRC-076,https://arxiv.org/abs/2402.03216,existing_direct_paragraph_or_technology_mapping,EXISTING_MAPPING_REQUIRES_SEMANTIC_REVIEW,CONTROLLED_TERM_PROJECTION_REQUIRES_CLAIM_POLARITY_REVIEW,SRC_076_sourceTheorem,benchmark=true;dense=true;embedding_model=true;empirical_result=true;evaluation=true;multi_vector=true;retrieval=true;sparse=true,,PROVED_SOURCE_SUMMARY_ENTAILS_GUIDE_FORMULA,MODEL_PROVED,literature_SENT_1980,INCONCLUSIVE_REQUIRES_BILINGUAL_DOMAIN_REVIEW,INCONCLUSIVE,Lean checks the positive propositional derivation under source-summary premises,Conditional proof only: source-summary formula truth and NL-to-formula adequacy are separate obligations.
SENT-1981,4.4.5,docs/4.質問に合う根拠を探す/4.4.Dense retrieval.md,158,複数ベクトルの結果を文書候補へまとめる方法によって順位が変わります。,general_technical_claim,AND,"AND(ATOM(multi_vector=true), ATOM(empirical_result=true))",empirical_result=true;multi_vector=true,SRC-045;SRC-075;SRC-076,https://arxiv.org/abs/2004.12832;https://arxiv.org/abs/2112.01488;https://arxiv.org/abs/2402.03216,same_unit_candidate,CANDIDATE_REQUIRES_DOMAIN_REVIEW,CONTROLLED_TERM_PROJECTION_REQUIRES_CLAIM_POLARITY_REVIEW,SRC_045_sourceTheorem;SRC_075_sourceTheorem;SRC_076_sourceTheorem,benchmark=true;compressed_index=true;compression=true;cost=true;dense=true;embedding_model=true;empirical_result=true;evaluation=true;generation=true;knowledge_intensive=true;late_interaction=true;multi_vector=true;rerank=true;retrieval=true;scalability=true;sparse=true,,PROVED_SOURCE_SUMMARY_ENTAILS_GUIDE_FORMULA,MODEL_PROVED,literature_SENT_1981,INCONCLUSIVE_REQUIRES_BILINGUAL_DOMAIN_REVIEW,INCONCLUSIVE,Lean checks the positive propositional derivation under source-summary premises,Conditional proof only: source-summary formula truth and NL-to-formula adequacy are separate obligations.
SENT-1991,FILE-INTRO,docs/4.質問に合う根拠を探す/4.5.Hybrid retrieval.md,3,疎検索と密検索など複数のretrieverが返す候補を、定義済みの統合規則で一つの順位へまとめる処理をhybrid retrievalとします。,general_technical_claim,AND,"AND(AND(ATOM(sparse=true), ATOM(dense=true)), ATOM(retrieval=true))",dense=true;retrieval=true;sparse=true,SRC-005;SRC-066;SRC-078,https://doi.org/10.1561/1500000019;https://arxiv.org/abs/2104.08663;https://arxiv.org/abs/2210.11934,same_file_candidate,CANDIDATE_REQUIRES_DOMAIN_REVIEW,CONTROLLED_TERM_PROJECTION_REQUIRES_CLAIM_POLARITY_REVIEW,SRC_005_sourceTheorem;SRC_066_sourceTheorem;SRC_078_sourceTheorem,benchmark=true;cost=true;document_statistics=true;empirical_result=true;evaluation=true;evidence_support=true;fielded=true;length_normalization=true;lexical=true;normalization_required=true;ranks_only=true;rerank=true;retrieval=true;sparse=true;tf_saturation=true;weights_evaluated=true,dense=true,INCONCLUSIVE_UNSUPPORTED_ATOMS,INCONCLUSIVE,,INCONCLUSIVE_REQUIRES_BILINGUAL_DOMAIN_REVIEW,INCONCLUSIVE,guide formula contains atoms absent from the selected source summaries,Conditional proof only: source-summary formula truth and NL-to-formula adequacy are separate obligations.
SENT-1995,4.5.1,docs/4.質問に合う根拠を探す/4.5.Hybrid retrieval.md,11,BEIRの評価でも、検索方式の優劣はデータセットによって変わりました。,externally_cited_claim,AND,"AND(ATOM(retrieval=true), ATOM(evaluation=true))",evaluation=true;retrieval=true,SRC-066,https://arxiv.org/abs/2104.08663,existing_direct_paragraph_or_technology_mapping,EXISTING_MAPPING_REQUIRES_SEMANTIC_REVIEW,CONTROLLED_TERM_PROJECTION_REQUIRES_CLAIM_POLARITY_REVIEW,SRC_066_sourceTheorem,benchmark=true;cost=true;empirical_result=true;evaluation=true;length_normalization=true;lexical=true;rerank=true;retrieval=true;tf_saturation=true,,PROVED_SOURCE_SUMMARY_ENTAILS_GUIDE_FORMULA,MODEL_PROVED,literature_SENT_1995,INCONCLUSIVE_REQUIRES_BILINGUAL_DOMAIN_REVIEW,INCONCLUSIVE,Lean checks the positive propositional derivation under source-summary premises,Conditional proof only: source-summary formula truth and NL-to-formula adequacy are separate obligations.
SENT-1997,4.5.1,docs/4.質問に合う根拠を探す/4.5.Hybrid retrieval.md,14,semantic matchingとlexical matchingを組み合わせた同研究のnews collectionでは、BM25とsemantic searchが異なる関連文書を取得し、統合結果のRecallがBM25単独より相対約2.8%高いと報告されています。,concrete_technology_claim,AND,"AND(AND(ATOM(retrieval=true), ATOM(recall_metric=true)), ATOM(empirical_result=true))",empirical_result=true;recall_metric=true;retrieval=true,SRC-005,https://doi.org/10.1561/1500000019,existing_direct_paragraph_or_technology_mapping,EXISTING_MAPPING_REQUIRES_SEMANTIC_REVIEW,CONTROLLED_TERM_PROJECTION_REQUIRES_CLAIM_POLARITY_REVIEW,SRC_005_sourceTheorem,document_statistics=true;evidence_support=true;fielded=true;length_normalization=true;lexical=true;retrieval=true;sparse=true;tf_saturation=true,empirical_result=true;recall_metric=true,INCONCLUSIVE_UNSUPPORTED_ATOMS,INCONCLUSIVE,,INCONCLUSIVE_REQUIRES_BILINGUAL_DOMAIN_REVIEW,INCONCLUSIVE,guide formula contains atoms absent from the selected source summaries,Conditional proof only: source-summary formula truth and NL-to-formula adequacy are separate obligations.
SENT-1998,4.5.1,docs/4.質問に合う根拠を探す/4.5.Hybrid retrieval.md,15,この論文の評価結果を適用できる範囲は、論文が用いたTREC文書集合と質問集合です。,empirical_or_research_claim,AND,"AND(ATOM(evaluation=true), ATOM(empirical_result=true))",empirical_result=true;evaluation=true,SRC-066,https://arxiv.org/abs/2104.08663,same_unit_candidate,CANDIDATE_REQUIRES_DOMAIN_REVIEW,CONTROLLED_TERM_PROJECTION_REQUIRES_CLAIM_POLARITY_REVIEW,SRC_066_sourceTheorem,benchmark=true;cost=true;empirical_result=true;evaluation=true;length_normalization=true;lexical=true;rerank=true;retrieval=true;tf_saturation=true,,PROVED_SOURCE_SUMMARY_ENTAILS_GUIDE_FORMULA,MODEL_PROVED,literature_SENT_1998,INCONCLUSIVE_REQUIRES_BILINGUAL_DOMAIN_REVIEW,INCONCLUSIVE,Lean checks the positive propositional derivation under source-summary premises,Conditional proof only: source-summary formula truth and NL-to-formula adequacy are separate obligations.
SENT-2003,4.5.1,docs/4.質問に合う根拠を探す/4.5.Hybrid retrieval.md,21,本ガイドのハイブリッド検索では、各検索器の候補を取得してからRRFまたはrerankerで統合し、尺度の異なる生スコアを無条件には加算しません。,concrete_technology_claim,NOT,"NOT(AND(ATOM(rerank=true), ATOM(retrieval=true)))",rerank=true;retrieval=true,SRC-064,https://dl.acm.org/doi/10.1145/1571941.1572114,existing_direct_paragraph_or_technology_mapping,EXISTING_MAPPING_REQUIRES_SEMANTIC_REVIEW,CONTROLLED_TERM_PROJECTION_REQUIRES_CLAIM_POLARITY_REVIEW,SRC_064_sourceTheorem,candidate_ids_stable=true;empirical_result=true;k_positive=true;ranks_only=true,rerank=true;retrieval=true,INCONCLUSIVE_RELATION_NOT_SUPPORTED_BY_POSITIVE_SOURCE_FACTS,INCONCLUSIVE,,INCONCLUSIVE_REQUIRES_BILINGUAL_DOMAIN_REVIEW,INCONCLUSIVE,implication/negation requires a relation-preserving source formalization,Conditional proof only: source-summary formula truth and NL-to-formula adequacy are separate obligations.
SENT-2006,4.5.1,docs/4.質問に合う根拠を探す/4.5.Hybrid retrieval.md,25,各検索器を独立して実行し、候補と順位を得ます。,general_technical_claim,ATOM,ATOM(retrieval=true),retrieval=true,SRC-066,https://arxiv.org/abs/2104.08663,same_unit_candidate,CANDIDATE_REQUIRES_DOMAIN_REVIEW,CONTROLLED_TERM_PROJECTION_REQUIRES_CLAIM_POLARITY_REVIEW,SRC_066_sourceTheorem,benchmark=true;cost=true;empirical_result=true;evaluation=true;length_normalization=true;lexical=true;rerank=true;retrieval=true;tf_saturation=true,,PROVED_SOURCE_SUMMARY_ENTAILS_GUIDE_FORMULA,MODEL_PROVED,literature_SENT_2006,INCONCLUSIVE_REQUIRES_BILINGUAL_DOMAIN_REVIEW,INCONCLUSIVE,Lean checks the positive propositional derivation under source-summary premises,Conditional proof only: source-summary formula truth and NL-to-formula adequacy are separate obligations.
SENT-2010,4.5.1,docs/4.質問に合う根拠を探す/4.5.Hybrid retrieval.md,29,統合候補を必要に応じて再順位付けします。,general_technical_claim,ATOM,ATOM(rerank=true),rerank=true,SRC-066,https://arxiv.org/abs/2104.08663,same_unit_candidate,CANDIDATE_REQUIRES_DOMAIN_REVIEW,CONTROLLED_TERM_PROJECTION_REQUIRES_CLAIM_POLARITY_REVIEW,SRC_066_sourceTheorem,benchmark=true;cost=true;empirical_result=true;evaluation=true;length_normalization=true;lexical=true;rerank=true;retrieval=true;tf_saturation=true,,PROVED_SOURCE_SUMMARY_ENTAILS_GUIDE_FORMULA,MODEL_PROVED,literature_SENT_2010,INCONCLUSIVE_REQUIRES_BILINGUAL_DOMAIN_REVIEW,INCONCLUSIVE,Lean checks the positive propositional derivation under source-summary premises,Conditional proof only: source-summary formula truth and NL-to-formula adequacy are separate obligations.
SENT-2013,4.5.2,docs/4.質問に合う根拠を探す/4.5.Hybrid retrieval.md,36,製品、地域、言語、鮮度などは、利用者が明示したか、モデルが推定したかによって扱いを変えます。,empirical_or_research_claim,ATOM,ATOM(temporal_freshness=true),temporal_freshness=true,SRC-060,https://arxiv.org/abs/2212.10509,same_chapter_candidate,CANDIDATE_REQUIRES_DOMAIN_REVIEW,CONTROLLED_TERM_PROJECTION_REQUIRES_CLAIM_POLARITY_REVIEW,SRC_060_sourceTheorem,bounded_steps=true;empirical_result=true;evidence_trace=true;external_knowledge=true;generation=true;hallucination=true;iterative=true;knowledge_intensive=true;multi_hop=true;retrieval=true;temporal_freshness=true,,PROVED_SOURCE_SUMMARY_ENTAILS_GUIDE_FORMULA,MODEL_PROVED,literature_SENT_2013,INCONCLUSIVE_REQUIRES_BILINGUAL_DOMAIN_REVIEW,INCONCLUSIVE,Lean checks the positive propositional derivation under source-summary premises,Conditional proof only: source-summary formula truth and NL-to-formula adequacy are separate obligations.
SENT-2022,4.5.3,docs/4.質問に合う根拠を探す/4.5.Hybrid retrieval.md,50,どの検索器が候補の取得に役立ったかを分析できるよう、発見元を保持します。,general_technical_claim,ATOM,ATOM(retrieval=true),retrieval=true,SRC-005;SRC-066;SRC-078,https://doi.org/10.1561/1500000019;https://arxiv.org/abs/2104.08663;https://arxiv.org/abs/2210.11934,same_file_candidate,CANDIDATE_REQUIRES_DOMAIN_REVIEW,CONTROLLED_TERM_PROJECTION_REQUIRES_CLAIM_POLARITY_REVIEW,SRC_005_sourceTheorem;SRC_066_sourceTheorem;SRC_078_sourceTheorem,benchmark=true;cost=true;document_statistics=true;empirical_result=true;evaluation=true;evidence_support=true;fielded=true;length_normalization=true;lexical=true;normalization_required=true;ranks_only=true;rerank=true;retrieval=true;sparse=true;tf_saturation=true;weights_evaluated=true,,PROVED_SOURCE_SUMMARY_ENTAILS_GUIDE_FORMULA,MODEL_PROVED,literature_SENT_2022,INCONCLUSIVE_REQUIRES_BILINGUAL_DOMAIN_REVIEW,INCONCLUSIVE,Lean checks the positive propositional derivation under source-summary premises,Conditional proof only: source-summary formula truth and NL-to-formula adequacy are separate obligations.
SENT-2028,4.5.4,docs/4.質問に合う根拠を探す/4.5.Hybrid retrieval.md,61,RRF scoreは各順位一覧のrankと固定定数kから計算し、入力一覧、depth、kをtraceへ保存します。,concrete_technology_claim,UNFORMALIZED,UNFORMALIZED,,SRC-064,https://dl.acm.org/doi/10.1145/1571941.1572114,existing_direct_paragraph_or_technology_mapping,EXISTING_MAPPING_REQUIRES_SEMANTIC_REVIEW,CONTROLLED_TERM_PROJECTION_REQUIRES_CLAIM_POLARITY_REVIEW,SRC_064_sourceTheorem,candidate_ids_stable=true;empirical_result=true;k_positive=true;ranks_only=true,,INCONCLUSIVE_UNFORMALIZED_SENTENCE,INCONCLUSIVE,,INCONCLUSIVE_REQUIRES_BILINGUAL_DOMAIN_REVIEW,INCONCLUSIVE,no controlled semantic atom recognized,Conditional proof only: source-summary formula truth and NL-to-formula adequacy are separate obligations.
SENT-2030,4.5.4,docs/4.質問に合う根拠を探す/4.5.Hybrid retrieval.md,63,BM25とcosineの生scoreは同一尺度へ変換せず、RRFでrankを統合するか、校正済みscoreだけを重み付き統合します。,concrete_technology_claim,NOT,NOT(ATOM(cosine_compatible=true)),cosine_compatible=true,SRC-005;SRC-064,https://doi.org/10.1561/1500000019;https://dl.acm.org/doi/10.1145/1571941.1572114,existing_direct_paragraph_or_technology_mapping,EXISTING_MAPPING_REQUIRES_SEMANTIC_REVIEW,CONTROLLED_TERM_PROJECTION_REQUIRES_CLAIM_POLARITY_REVIEW,SRC_005_sourceTheorem;SRC_064_sourceTheorem,candidate_ids_stable=true;document_statistics=true;empirical_result=true;evidence_support=true;fielded=true;k_positive=true;length_normalization=true;lexical=true;ranks_only=true;retrieval=true;sparse=true;tf_saturation=true,cosine_compatible=true,INCONCLUSIVE_RELATION_NOT_SUPPORTED_BY_POSITIVE_SOURCE_FACTS,INCONCLUSIVE,,INCONCLUSIVE_REQUIRES_BILINGUAL_DOMAIN_REVIEW,INCONCLUSIVE,implication/negation requires a relation-preserving source formalization,Conditional proof only: source-summary formula truth and NL-to-formula adequacy are separate obligations.
SENT-2031,4.5.4,docs/4.質問に合う根拠を探す/4.5.Hybrid retrieval.md,65,RRF原論文は、対象としたrank listと評価collectionについて、順位の逆数に基づく統合が個別方式および比較対象の統合法を上回る結果を報告しています。,concrete_technology_claim,AND,"AND(ATOM(evaluation=true), ATOM(empirical_result=true))",empirical_result=true;evaluation=true,SRC-064,https://dl.acm.org/doi/10.1145/1571941.1572114,existing_direct_paragraph_or_technology_mapping,EXISTING_MAPPING_REQUIRES_SEMANTIC_REVIEW,CONTROLLED_TERM_PROJECTION_REQUIRES_CLAIM_POLARITY_REVIEW,SRC_064_sourceTheorem,candidate_ids_stable=true;empirical_result=true;k_positive=true;ranks_only=true,evaluation=true,INCONCLUSIVE_UNSUPPORTED_ATOMS,INCONCLUSIVE,,INCONCLUSIVE_REQUIRES_BILINGUAL_DOMAIN_REVIEW,INCONCLUSIVE,guide formula contains atoms absent from the selected source summaries,Conditional proof only: source-summary formula truth and NL-to-formula adequacy are separate obligations.
SENT-2032,4.5.4,docs/4.質問に合う根拠を探す/4.5.Hybrid retrieval.md,66,RRFの統合結果は、入力する順位一覧、各一覧の検索深度、定数kを固定した条件で比較します。,concrete_technology_claim,AND,"AND(ATOM(retrieval=true), ATOM(empirical_result=true))",empirical_result=true;retrieval=true,SRC-064,https://dl.acm.org/doi/10.1145/1571941.1572114,existing_direct_paragraph_or_technology_mapping,EXISTING_MAPPING_REQUIRES_SEMANTIC_REVIEW,CONTROLLED_TERM_PROJECTION_REQUIRES_CLAIM_POLARITY_REVIEW,SRC_064_sourceTheorem,candidate_ids_stable=true;empirical_result=true;k_positive=true;ranks_only=true,retrieval=true,INCONCLUSIVE_UNSUPPORTED_ATOMS,INCONCLUSIVE,,INCONCLUSIVE_REQUIRES_BILINGUAL_DOMAIN_REVIEW,INCONCLUSIVE,guide formula contains atoms absent from the selected source summaries,Conditional proof only: source-summary formula truth and NL-to-formula adequacy are separate obligations.
SENT-2033,4.5.4,docs/4.質問に合う根拠を探す/4.5.Hybrid retrieval.md,68,検索器間だけでなく、複数の検索文の間の統合にも利用できます。,general_technical_claim,ATOM,ATOM(retrieval=true),retrieval=true,SRC-078,https://arxiv.org/abs/2210.11934,same_unit_candidate,CANDIDATE_REQUIRES_DOMAIN_REVIEW,CONTROLLED_TERM_PROJECTION_REQUIRES_CLAIM_POLARITY_REVIEW,SRC_078_sourceTheorem,empirical_result=true;lexical=true;normalization_required=true;ranks_only=true;retrieval=true;weights_evaluated=true,,PROVED_SOURCE_SUMMARY_ENTAILS_GUIDE_FORMULA,MODEL_PROVED,literature_SENT_2033,INCONCLUSIVE_REQUIRES_BILINGUAL_DOMAIN_REVIEW,INCONCLUSIVE,Lean checks the positive propositional derivation under source-summary premises,Conditional proof only: source-summary formula truth and NL-to-formula adequacy are separate obligations.
SENT-2036,4.5.4,docs/4.質問に合う根拠を探す/4.5.Hybrid retrieval.md,71,各検索器が返す深度を先に固定し、同じdocument_id、版、chunk_idの候補を一件へまとめてから寄与を合計します。,general_technical_claim,ATOM,ATOM(retrieval=true),retrieval=true,SRC-078,https://arxiv.org/abs/2210.11934,same_unit_candidate,CANDIDATE_REQUIRES_DOMAIN_REVIEW,CONTROLLED_TERM_PROJECTION_REQUIRES_CLAIM_POLARITY_REVIEW,SRC_078_sourceTheorem,empirical_result=true;lexical=true;normalization_required=true;ranks_only=true;retrieval=true;weights_evaluated=true,,PROVED_SOURCE_SUMMARY_ENTAILS_GUIDE_FORMULA,MODEL_PROVED,literature_SENT_2036,INCONCLUSIVE_REQUIRES_BILINGUAL_DOMAIN_REVIEW,INCONCLUSIVE,Lean checks the positive propositional derivation under source-summary premises,Conditional proof only: source-summary formula truth and NL-to-formula adequacy are separate obligations.
SENT-2037,4.5.4,docs/4.質問に合う根拠を探す/4.5.Hybrid retrieval.md,71,全検索器が0件なら空の候補集合を返し、RRFだけを理由に回答可能とは判定しません。,concrete_technology_claim,NOT,"NOT(AND(AND(ATOM(retrieval=true), ATOM(generation=true)), ATOM(answerability=true)))",answerability=true;generation=true;retrieval=true,SRC-064,https://dl.acm.org/doi/10.1145/1571941.1572114,existing_direct_paragraph_or_technology_mapping,EXISTING_MAPPING_REQUIRES_SEMANTIC_REVIEW,CONTROLLED_TERM_PROJECTION_REQUIRES_CLAIM_POLARITY_REVIEW,SRC_064_sourceTheorem,candidate_ids_stable=true;empirical_result=true;k_positive=true;ranks_only=true,answerability=true;generation=true;retrieval=true,INCONCLUSIVE_RELATION_NOT_SUPPORTED_BY_POSITIVE_SOURCE_FACTS,INCONCLUSIVE,,INCONCLUSIVE_REQUIRES_BILINGUAL_DOMAIN_REVIEW,INCONCLUSIVE,implication/negation requires a relation-preserving source formalization,Conditional proof only: source-summary formula truth and NL-to-formula adequacy are separate obligations.
SENT-2039,4.5.4,docs/4.質問に合う根拠を探す/4.5.Hybrid retrieval.md,73,たとえば、疎検索がA、B、C、密検索がC、A、Dの順で返し、k=60なら、統合スコアは次のとおりです。,general_technical_claim,UNFORMALIZED,UNFORMALIZED,,SRC-002;SRC-005;SRC-042;SRC-043;SRC-044,https://aclanthology.org/2020.emnlp-main.550/;https://doi.org/10.1561/1500000019;https://arxiv.org/abs/1908.10084;https://arxiv.org/abs/2004.04906;https://arxiv.org/abs/2210.07316,same_chapter_candidate,CANDIDATE_REQUIRES_DOMAIN_REVIEW,CONTROLLED_TERM_PROJECTION_REQUIRES_CLAIM_POLARITY_REVIEW,SRC_002_sourceTheorem;SRC_005_sourceTheorem;SRC_042_sourceTheorem;SRC_043_sourceTheorem;SRC_044_sourceTheorem,benchmark=true;cosine_compatible=true;dense=true;document_statistics=true;dual_encoder=true;empirical_result=true;evaluation=true;evidence_support=true;fielded=true;independent_encoding=true;length_normalization=true;lexical=true;open_domain_qa=true;recall_metric=true;rerank=true;retrieval=true;similarity=dot_product;sparse=true;tf_saturation=true;verification=true,,INCONCLUSIVE_UNFORMALIZED_SENTENCE,INCONCLUSIVE,,INCONCLUSIVE_REQUIRES_BILINGUAL_DOMAIN_REVIEW,INCONCLUSIVE,conditional marker found but antecedent/consequent atoms were incomplete,Conditional proof only: source-summary formula truth and NL-to-formula adequacy are separate obligations.
SENT-2040,4.5.4,docs/4.質問に合う根拠を探す/4.5.Hybrid retrieval.md,75,| 候補 | RRFスコア | 統合順位 |,concrete_technology_claim,UNFORMALIZED,UNFORMALIZED,,SRC-064,https://dl.acm.org/doi/10.1145/1571941.1572114,existing_direct_paragraph_or_technology_mapping,EXISTING_MAPPING_REQUIRES_SEMANTIC_REVIEW,CONTROLLED_TERM_PROJECTION_REQUIRES_CLAIM_POLARITY_REVIEW,SRC_064_sourceTheorem,candidate_ids_stable=true;empirical_result=true;k_positive=true;ranks_only=true,,INCONCLUSIVE_UNFORMALIZED_SENTENCE,INCONCLUSIVE,,INCONCLUSIVE_REQUIRES_BILINGUAL_DOMAIN_REVIEW,INCONCLUSIVE,no controlled semantic atom recognized,Conditional proof only: source-summary formula truth and NL-to-formula adequacy are separate obligations.
SENT-2049,4.5.4,docs/4.質問に合う根拠を探す/4.5.Hybrid retrieval.md,85,同じ文書を一件にまとめた後、RRFは元の点数を直接足さず、各順位表での順位だけを使います。,concrete_technology_claim,ATOM,ATOM(ranks_only=true),ranks_only=true,SRC-064,https://dl.acm.org/doi/10.1145/1571941.1572114,existing_direct_paragraph_or_technology_mapping,EXISTING_MAPPING_REQUIRES_SEMANTIC_REVIEW,CONTROLLED_TERM_PROJECTION_REQUIRES_CLAIM_POLARITY_REVIEW,SRC_064_sourceTheorem,candidate_ids_stable=true;empirical_result=true;k_positive=true;ranks_only=true,,PROVED_SOURCE_SUMMARY_ENTAILS_GUIDE_FORMULA,MODEL_PROVED,literature_SENT_2049,INCONCLUSIVE_REQUIRES_BILINGUAL_DOMAIN_REVIEW,INCONCLUSIVE,Lean checks the positive propositional derivation under source-summary premises,Conditional proof only: source-summary formula truth and NL-to-formula adequacy are separate obligations.
SENT-2051,4.5.4,docs/4.質問に合う根拠を探す/4.5.Hybrid retrieval.md,87,図中の「再ランキング」は本文の「再順位付け」と同じ処理です。,general_technical_claim,ATOM,ATOM(rerank=true),rerank=true,SRC-066,https://arxiv.org/abs/2104.08663,same_file_candidate,CANDIDATE_REQUIRES_DOMAIN_REVIEW,CONTROLLED_TERM_PROJECTION_REQUIRES_CLAIM_POLARITY_REVIEW,SRC_066_sourceTheorem,benchmark=true;cost=true;empirical_result=true;evaluation=true;length_normalization=true;lexical=true;rerank=true;retrieval=true;tf_saturation=true,,PROVED_SOURCE_SUMMARY_ENTAILS_GUIDE_FORMULA,MODEL_PROVED,literature_SENT_2051,INCONCLUSIVE_REQUIRES_BILINGUAL_DOMAIN_REVIEW,INCONCLUSIVE,Lean checks the positive propositional derivation under source-summary premises,Conditional proof only: source-summary formula truth and NL-to-formula adequacy are separate obligations.
SENT-2053,4.5.4,docs/4.質問に合う根拠を探す/4.5.Hybrid retrieval.md,94,BM25とcosineをscore統合する場合は、対象queryごとの分布、値域、大小方向を測り、同じ尺度と仮定しません。,concrete_technology_claim,NOT,NOT(ATOM(cosine_compatible=true)),cosine_compatible=true,SRC-005,https://doi.org/10.1561/1500000019,existing_direct_paragraph_or_technology_mapping,EXISTING_MAPPING_REQUIRES_SEMANTIC_REVIEW,CONTROLLED_TERM_PROJECTION_REQUIRES_CLAIM_POLARITY_REVIEW,SRC_005_sourceTheorem,document_statistics=true;evidence_support=true;fielded=true;length_normalization=true;lexical=true;retrieval=true;sparse=true;tf_saturation=true,cosine_compatible=true,INCONCLUSIVE_RELATION_NOT_SUPPORTED_BY_POSITIVE_SOURCE_FACTS,INCONCLUSIVE,,INCONCLUSIVE_REQUIRES_BILINGUAL_DOMAIN_REVIEW,INCONCLUSIVE,implication/negation requires a relation-preserving source formalization,Conditional proof only: source-summary formula truth and NL-to-formula adequacy are separate obligations.
SENT-2054,4.5.4,docs/4.質問に合う根拠を探す/4.5.Hybrid retrieval.md,96,本節では、検索スコアの正規化として、最小–最大変換、標準得点化、順位変換を扱います。,concrete_technology_claim,AND,"AND(ATOM(normalization_required=true), ATOM(retrieval=true))",normalization_required=true;retrieval=true,SRC-078,https://arxiv.org/abs/2210.11934,existing_direct_paragraph_or_technology_mapping,EXISTING_MAPPING_REQUIRES_SEMANTIC_REVIEW,CONTROLLED_TERM_PROJECTION_REQUIRES_CLAIM_POLARITY_REVIEW,SRC_078_sourceTheorem,empirical_result=true;lexical=true;normalization_required=true;ranks_only=true;retrieval=true;weights_evaluated=true,,PROVED_SOURCE_SUMMARY_ENTAILS_GUIDE_FORMULA,MODEL_PROVED,literature_SENT_2054,INCONCLUSIVE_REQUIRES_BILINGUAL_DOMAIN_REVIEW,INCONCLUSIVE,Lean checks the positive propositional derivation under source-summary premises,Conditional proof only: source-summary formula truth and NL-to-formula adequacy are separate obligations.
SENT-2056,4.5.4,docs/4.質問に合う根拠を探す/4.5.Hybrid retrieval.md,98,ハイブリッド検索の統合法を比べた研究では、正規化を完全に省くと、検索器間のスコア尺度の違いによって性能が不安定になりました。,externally_cited_claim,ATOM,ATOM(retrieval=true),retrieval=true,SRC-078,https://arxiv.org/abs/2210.11934,existing_direct_paragraph_or_technology_mapping,EXISTING_MAPPING_REQUIRES_SEMANTIC_REVIEW,CONTROLLED_TERM_PROJECTION_REQUIRES_CLAIM_POLARITY_REVIEW,SRC_078_sourceTheorem,empirical_result=true;lexical=true;normalization_required=true;ranks_only=true;retrieval=true;weights_evaluated=true,,PROVED_SOURCE_SUMMARY_ENTAILS_GUIDE_FORMULA,MODEL_PROVED,literature_SENT_2056,INCONCLUSIVE_REQUIRES_BILINGUAL_DOMAIN_REVIEW,INCONCLUSIVE,Lean checks the positive propositional derivation under source-summary premises,Conditional proof only: source-summary formula truth and NL-to-formula adequacy are separate obligations.
SENT-2058,4.5.4,docs/4.質問に合う根拠を探す/4.5.Hybrid retrieval.md,100,RRFはk、入力depth、retriever数を個別に変え、validation sliceごとのRecallとnDCGで設定を選びます。,concrete_technology_claim,AND,"AND(AND(ATOM(retrieval=true), ATOM(recall_metric=true)), ATOM(ranking_metric=true))",ranking_metric=true;recall_metric=true;retrieval=true,SRC-064,https://dl.acm.org/doi/10.1145/1571941.1572114,existing_direct_paragraph_or_technology_mapping,EXISTING_MAPPING_REQUIRES_SEMANTIC_REVIEW,CONTROLLED_TERM_PROJECTION_REQUIRES_CLAIM_POLARITY_REVIEW,SRC_064_sourceTheorem,candidate_ids_stable=true;empirical_result=true;k_positive=true;ranks_only=true,ranking_metric=true;recall_metric=true;retrieval=true,INCONCLUSIVE_UNSUPPORTED_ATOMS,INCONCLUSIVE,,INCONCLUSIVE_REQUIRES_BILINGUAL_DOMAIN_REVIEW,INCONCLUSIVE,guide formula contains atoms absent from the selected source summaries,Conditional proof only: source-summary formula truth and NL-to-formula adequacy are separate obligations.
SENT-2060,4.5.4,docs/4.質問に合う根拠を探す/4.5.Hybrid retrieval.md,103,重み付き融合では、BM25と密検索の生スコアをそれぞれ正規化してから、評価で決めた重みを適用します。,concrete_technology_claim,AND,"AND(AND(AND(AND(ATOM(dense=true), ATOM(normalization_required=true)), ATOM(weights_evaluated=true)), ATOM(retrieval=true)), ATOM(evaluation=true))",dense=true;evaluation=true;normalization_required=true;retrieval=true;weights_evaluated=true,SRC-005,https://doi.org/10.1561/1500000019,existing_direct_paragraph_or_technology_mapping,EXISTING_MAPPING_REQUIRES_SEMANTIC_REVIEW,CONTROLLED_TERM_PROJECTION_REQUIRES_CLAIM_POLARITY_REVIEW,SRC_005_sourceTheorem,document_statistics=true;evidence_support=true;fielded=true;length_normalization=true;lexical=true;retrieval=true;sparse=true;tf_saturation=true,dense=true;evaluation=true;normalization_required=true;weights_evaluated=true,INCONCLUSIVE_UNSUPPORTED_ATOMS,INCONCLUSIVE,,INCONCLUSIVE_REQUIRES_BILINGUAL_DOMAIN_REVIEW,INCONCLUSIVE,guide formula contains atoms absent from the selected source summaries,Conditional proof only: source-summary formula truth and NL-to-formula adequacy are separate obligations.
SENT-2061,4.5.4,docs/4.質問に合う根拠を探す/4.5.Hybrid retrieval.md,104,RRFは生スコアを使わず、各順位表の順位を統合します。,concrete_technology_claim,UNFORMALIZED,UNFORMALIZED,,SRC-064,https://dl.acm.org/doi/10.1145/1571941.1572114,existing_direct_paragraph_or_technology_mapping,EXISTING_MAPPING_REQUIRES_SEMANTIC_REVIEW,CONTROLLED_TERM_PROJECTION_REQUIRES_CLAIM_POLARITY_REVIEW,SRC_064_sourceTheorem,candidate_ids_stable=true;empirical_result=true;k_positive=true;ranks_only=true,,INCONCLUSIVE_UNFORMALIZED_SENTENCE,INCONCLUSIVE,,INCONCLUSIVE_REQUIRES_BILINGUAL_DOMAIN_REVIEW,INCONCLUSIVE,no controlled semantic atom recognized,Conditional proof only: source-summary formula truth and NL-to-formula adequacy are separate obligations.
SENT-2063,4.5.4,docs/4.質問に合う根拠を探す/4.5.Hybrid retrieval.md,108,アルゴリズム図A8 正規化・重み付き融合とRRFの違い,concrete_technology_claim,UNFORMALIZED,UNFORMALIZED,,SRC-064,https://dl.acm.org/doi/10.1145/1571941.1572114,existing_direct_paragraph_or_technology_mapping,EXISTING_MAPPING_REQUIRES_SEMANTIC_REVIEW,CONTROLLED_TERM_PROJECTION_REQUIRES_CLAIM_POLARITY_REVIEW,SRC_064_sourceTheorem,candidate_ids_stable=true;empirical_result=true;k_positive=true;ranks_only=true,,INCONCLUSIVE_UNFORMALIZED_SENTENCE,INCONCLUSIVE,,INCONCLUSIVE_REQUIRES_BILINGUAL_DOMAIN_REVIEW,INCONCLUSIVE,no controlled semantic atom recognized,Conditional proof only: source-summary formula truth and NL-to-formula adequacy are separate obligations.
SENT-2064,4.5.4,docs/4.質問に合う根拠を探す/4.5.Hybrid retrieval.md,110,検索モデル、インデックス、文書集合が変わるとスコア分布も変わります。,general_technical_claim,ATOM,ATOM(retrieval=true),retrieval=true,SRC-078,https://arxiv.org/abs/2210.11934,same_unit_candidate,CANDIDATE_REQUIRES_DOMAIN_REVIEW,CONTROLLED_TERM_PROJECTION_REQUIRES_CLAIM_POLARITY_REVIEW,SRC_078_sourceTheorem,empirical_result=true;lexical=true;normalization_required=true;ranks_only=true;retrieval=true;weights_evaluated=true,,PROVED_SOURCE_SUMMARY_ENTAILS_GUIDE_FORMULA,MODEL_PROVED,literature_SENT_2064,INCONCLUSIVE_REQUIRES_BILINGUAL_DOMAIN_REVIEW,INCONCLUSIVE,Lean checks the positive propositional derivation under source-summary premises,Conditional proof only: source-summary formula truth and NL-to-formula adequacy are separate obligations.
SENT-2069,4.5.4,docs/4.質問に合う根拠を探す/4.5.Hybrid retrieval.md,117,経路の振り分け処理が誤ると、正しい検索器の候補を減らす可能性があります。,general_technical_claim,ATOM,ATOM(retrieval=true),retrieval=true,SRC-078,https://arxiv.org/abs/2210.11934,same_unit_candidate,CANDIDATE_REQUIRES_DOMAIN_REVIEW,CONTROLLED_TERM_PROJECTION_REQUIRES_CLAIM_POLARITY_REVIEW,SRC_078_sourceTheorem,empirical_result=true;lexical=true;normalization_required=true;ranks_only=true;retrieval=true;weights_evaluated=true,,PROVED_SOURCE_SUMMARY_ENTAILS_GUIDE_FORMULA,MODEL_PROVED,literature_SENT_2069,INCONCLUSIVE_REQUIRES_BILINGUAL_DOMAIN_REVIEW,INCONCLUSIVE,Lean checks the positive propositional derivation under source-summary premises,Conditional proof only: source-summary formula truth and NL-to-formula adequacy are separate obligations.
SENT-2073,4.5.5,docs/4.質問に合う根拠を探す/4.5.Hybrid retrieval.md,125,三つの検索文を二つの検索器へ送ると、六つの順位一覧が生まれます。,general_technical_claim,ATOM,ATOM(retrieval=true),retrieval=true,SRC-005;SRC-066;SRC-078,https://doi.org/10.1561/1500000019;https://arxiv.org/abs/2104.08663;https://arxiv.org/abs/2210.11934,same_file_candidate,CANDIDATE_REQUIRES_DOMAIN_REVIEW,CONTROLLED_TERM_PROJECTION_REQUIRES_CLAIM_POLARITY_REVIEW,SRC_005_sourceTheorem;SRC_066_sourceTheorem;SRC_078_sourceTheorem,benchmark=true;cost=true;document_statistics=true;empirical_result=true;evaluation=true;evidence_support=true;fielded=true;length_normalization=true;lexical=true;normalization_required=true;ranks_only=true;rerank=true;retrieval=true;sparse=true;tf_saturation=true;weights_evaluated=true,,PROVED_SOURCE_SUMMARY_ENTAILS_GUIDE_FORMULA,MODEL_PROVED,literature_SENT_2073,INCONCLUSIVE_REQUIRES_BILINGUAL_DOMAIN_REVIEW,INCONCLUSIVE,Lean checks the positive propositional derivation under source-summary premises,Conditional proof only: source-summary formula truth and NL-to-formula adequacy are separate obligations.
SENT-2077,4.5.5,docs/4.質問に合う根拠を探す/4.5.Hybrid retrieval.md,131,検索文数、検索器数、各候補数の積を処理予算として監視します。,general_technical_claim,ATOM,ATOM(retrieval=true),retrieval=true,SRC-005;SRC-066;SRC-078,https://doi.org/10.1561/1500000019;https://arxiv.org/abs/2104.08663;https://arxiv.org/abs/2210.11934,same_file_candidate,CANDIDATE_REQUIRES_DOMAIN_REVIEW,CONTROLLED_TERM_PROJECTION_REQUIRES_CLAIM_POLARITY_REVIEW,SRC_005_sourceTheorem;SRC_066_sourceTheorem;SRC_078_sourceTheorem,benchmark=true;cost=true;document_statistics=true;empirical_result=true;evaluation=true;evidence_support=true;fielded=true;length_normalization=true;lexical=true;normalization_required=true;ranks_only=true;rerank=true;retrieval=true;sparse=true;tf_saturation=true;weights_evaluated=true,,PROVED_SOURCE_SUMMARY_ENTAILS_GUIDE_FORMULA,MODEL_PROVED,literature_SENT_2077,INCONCLUSIVE_REQUIRES_BILINGUAL_DOMAIN_REVIEW,INCONCLUSIVE,Lean checks the positive propositional derivation under source-summary premises,Conditional proof only: source-summary formula truth and NL-to-formula adequacy are separate obligations.
SENT-2079,4.5.6,docs/4.質問に合う根拠を探す/4.5.Hybrid retrieval.md,136,複数の順位一覧を候補IDで結合し、統合scoreと最終rankを付ける処理を順位統合と定義します。,general_technical_claim,UNFORMALIZED,UNFORMALIZED,,SRC-002;SRC-005;SRC-042;SRC-043;SRC-044,https://aclanthology.org/2020.emnlp-main.550/;https://doi.org/10.1561/1500000019;https://arxiv.org/abs/1908.10084;https://arxiv.org/abs/2004.04906;https://arxiv.org/abs/2210.07316,same_chapter_candidate,CANDIDATE_REQUIRES_DOMAIN_REVIEW,CONTROLLED_TERM_PROJECTION_REQUIRES_CLAIM_POLARITY_REVIEW,SRC_002_sourceTheorem;SRC_005_sourceTheorem;SRC_042_sourceTheorem;SRC_043_sourceTheorem;SRC_044_sourceTheorem,benchmark=true;cosine_compatible=true;dense=true;document_statistics=true;dual_encoder=true;empirical_result=true;evaluation=true;evidence_support=true;fielded=true;independent_encoding=true;length_normalization=true;lexical=true;open_domain_qa=true;recall_metric=true;rerank=true;retrieval=true;similarity=dot_product;sparse=true;tf_saturation=true;verification=true,,INCONCLUSIVE_UNFORMALIZED_SENTENCE,INCONCLUSIVE,,INCONCLUSIVE_REQUIRES_BILINGUAL_DOMAIN_REVIEW,INCONCLUSIVE,no controlled semantic atom recognized,Conditional proof only: source-summary formula truth and NL-to-formula adequacy are separate obligations.
SENT-2081,4.5.6,docs/4.質問に合う根拠を探す/4.5.Hybrid retrieval.md,138,再順位付けは、質問と各候補を同時に入力し、候補間の順序をより精密に見直します。,general_technical_claim,ATOM,ATOM(rerank=true),rerank=true,SRC-066,https://arxiv.org/abs/2104.08663,same_file_candidate,CANDIDATE_REQUIRES_DOMAIN_REVIEW,CONTROLLED_TERM_PROJECTION_REQUIRES_CLAIM_POLARITY_REVIEW,SRC_066_sourceTheorem,benchmark=true;cost=true;empirical_result=true;evaluation=true;length_normalization=true;lexical=true;rerank=true;retrieval=true;tf_saturation=true,,PROVED_SOURCE_SUMMARY_ENTAILS_GUIDE_FORMULA,MODEL_PROVED,literature_SENT_2081,INCONCLUSIVE_REQUIRES_BILINGUAL_DOMAIN_REVIEW,INCONCLUSIVE,Lean checks the positive propositional derivation under source-summary premises,Conditional proof only: source-summary formula truth and NL-to-formula adequacy are separate obligations.
SENT-2093,4.6.1,docs/4.質問に合う根拠を探す/4.6.Retrieval-time filtering.md,14,filterでeligible candidateが少なくなると、filter付きANNがgold candidateを探索できずRecallを落とす場合があります。,general_technical_claim,UNFORMALIZED,UNFORMALIZED,,SRC-002;SRC-005;SRC-042;SRC-043;SRC-044,https://aclanthology.org/2020.emnlp-main.550/;https://doi.org/10.1561/1500000019;https://arxiv.org/abs/1908.10084;https://arxiv.org/abs/2004.04906;https://arxiv.org/abs/2210.07316,same_chapter_candidate,CANDIDATE_REQUIRES_DOMAIN_REVIEW,CONTROLLED_TERM_PROJECTION_REQUIRES_CLAIM_POLARITY_REVIEW,SRC_002_sourceTheorem;SRC_005_sourceTheorem;SRC_042_sourceTheorem;SRC_043_sourceTheorem;SRC_044_sourceTheorem,benchmark=true;cosine_compatible=true;dense=true;document_statistics=true;dual_encoder=true;empirical_result=true;evaluation=true;evidence_support=true;fielded=true;independent_encoding=true;length_normalization=true;lexical=true;open_domain_qa=true;recall_metric=true;rerank=true;retrieval=true;similarity=dot_product;sparse=true;tf_saturation=true;verification=true,,INCONCLUSIVE_UNFORMALIZED_SENTENCE,INCONCLUSIVE,,INCONCLUSIVE_REQUIRES_BILINGUAL_DOMAIN_REVIEW,INCONCLUSIVE,conditional marker found but antecedent/consequent atoms were incomplete,Conditional proof only: source-summary formula truth and NL-to-formula adequacy are separate obligations.
SENT-2098,4.6.1,docs/4.質問に合う根拠を探す/4.6.Retrieval-time filtering.md,20,ACLまたはtenant境界に一致しない候補は、BM25・vector scoreに関係なく検索結果、context、回答から除外します。,concrete_technology_claim,NOT,"NOT(AND(AND(AND(AND(ATOM(retrieval=true), ATOM(generation=true)), ATOM(authorization=true)), ATOM(multi_tenant=true)), ATOM(empirical_result=true)))",authorization=true;empirical_result=true;generation=true;multi_tenant=true;retrieval=true,SRC-005,https://doi.org/10.1561/1500000019,existing_direct_paragraph_or_technology_mapping,EXISTING_MAPPING_REQUIRES_SEMANTIC_REVIEW,CONTROLLED_TERM_PROJECTION_REQUIRES_CLAIM_POLARITY_REVIEW,SRC_005_sourceTheorem,document_statistics=true;evidence_support=true;fielded=true;length_normalization=true;lexical=true;retrieval=true;sparse=true;tf_saturation=true,authorization=true;empirical_result=true;generation=true;multi_tenant=true,INCONCLUSIVE_RELATION_NOT_SUPPORTED_BY_POSITIVE_SOURCE_FACTS,INCONCLUSIVE,,INCONCLUSIVE_REQUIRES_BILINGUAL_DOMAIN_REVIEW,INCONCLUSIVE,implication/negation requires a relation-preserving source formalization,Conditional proof only: source-summary formula truth and NL-to-formula adequacy are separate obligations.
SENT-2099,4.6.1,docs/4.質問に合う根拠を探す/4.6.Retrieval-time filtering.md,22,条件付きANNは認可済み候補内の探索にだけ使い、認可ruleはidentityとpolicy storeで別に決定します。,general_technical_claim,ATOM,ATOM(authorization=true),authorization=true,SRC-002;SRC-005;SRC-042;SRC-043;SRC-044,https://aclanthology.org/2020.emnlp-main.550/;https://doi.org/10.1561/1500000019;https://arxiv.org/abs/1908.10084;https://arxiv.org/abs/2004.04906;https://arxiv.org/abs/2210.07316,same_chapter_candidate,CANDIDATE_REQUIRES_DOMAIN_REVIEW,CONTROLLED_TERM_PROJECTION_REQUIRES_CLAIM_POLARITY_REVIEW,SRC_002_sourceTheorem;SRC_005_sourceTheorem;SRC_042_sourceTheorem;SRC_043_sourceTheorem;SRC_044_sourceTheorem,benchmark=true;cosine_compatible=true;dense=true;document_statistics=true;dual_encoder=true;empirical_result=true;evaluation=true;evidence_support=true;fielded=true;independent_encoding=true;length_normalization=true;lexical=true;open_domain_qa=true;recall_metric=true;rerank=true;retrieval=true;similarity=dot_product;sparse=true;tf_saturation=true;verification=true,authorization=true,INCONCLUSIVE_UNSUPPORTED_ATOMS,INCONCLUSIVE,,INCONCLUSIVE_REQUIRES_BILINGUAL_DOMAIN_REVIEW,INCONCLUSIVE,guide formula contains atoms absent from the selected source summaries,Conditional proof only: source-summary formula truth and NL-to-formula adequacy are separate obligations.
SENT-2114,4.6.2,docs/4.質問に合う根拠を探す/4.6.Retrieval-time filtering.md,45,ACORNは、条件式をベクトル探索へ組み込み、条件付きANN検索の性能課題を扱いました。,externally_cited_claim,ATOM,ATOM(retrieval=true),retrieval=true,SRC-049,https://arxiv.org/abs/2403.04871,existing_direct_paragraph_or_technology_mapping,EXISTING_MAPPING_REQUIRES_SEMANTIC_REVIEW,CONTROLLED_TERM_PROJECTION_REQUIRES_CLAIM_POLARITY_REVIEW,SRC_049_sourceTheorem,acl_before_exposure=true;ann=true;benchmark=true;dense=true;empirical_result=true;evaluation=true;filter_aware=true;graph_index=true;hierarchical=true;retrieval=true;subgraph_retrieval=true,,PROVED_SOURCE_SUMMARY_ENTAILS_GUIDE_FORMULA,MODEL_PROVED,literature_SENT_2114,INCONCLUSIVE_REQUIRES_BILINGUAL_DOMAIN_REVIEW,INCONCLUSIVE,Lean checks the positive propositional derivation under source-summary premises,Conditional proof only: source-summary formula truth and NL-to-formula adequacy are separate obligations.
SENT-2119,4.6.3,docs/4.質問に合う根拠を探す/4.6.Retrieval-time filtering.md,54,小さい認可済み集合に対するANNは完全探索をbaselineにし、filter選択率ごとのRecall低下を監視します。,general_technical_claim,AND,"AND(ATOM(recall_metric=true), ATOM(authorization=true))",authorization=true;recall_metric=true,SRC-002;SRC-043;SRC-074,https://aclanthology.org/2020.emnlp-main.550/;https://arxiv.org/abs/2004.04906;https://arxiv.org/abs/2112.09118,same_chapter_candidate,CANDIDATE_REQUIRES_DOMAIN_REVIEW,CONTROLLED_TERM_PROJECTION_REQUIRES_CLAIM_POLARITY_REVIEW,SRC_002_sourceTheorem;SRC_043_sourceTheorem;SRC_074_sourceTheorem,benchmark=true;dense=true;document_statistics=true;dual_encoder=true;empirical_result=true;evaluation=true;length_normalization=true;lexical=true;open_domain_qa=true;recall_metric=true;retrieval=true;similarity=dot_product;tf_saturation=true;unsupervised_contrastive=true;verification=true,authorization=true,INCONCLUSIVE_UNSUPPORTED_ATOMS,INCONCLUSIVE,,INCONCLUSIVE_REQUIRES_BILINGUAL_DOMAIN_REVIEW,INCONCLUSIVE,guide formula contains atoms absent from the selected source summaries,Conditional proof only: source-summary formula truth and NL-to-formula adequacy are separate obligations.
SENT-2123,4.6.3,docs/4.質問に合う根拠を探す/4.6.Retrieval-time filtering.md,60,ACORNは、属性条件を考慮したANN探索を扱いました。,externally_cited_claim,UNFORMALIZED,UNFORMALIZED,,SRC-049,https://arxiv.org/abs/2403.04871,existing_direct_paragraph_or_technology_mapping,EXISTING_MAPPING_REQUIRES_SEMANTIC_REVIEW,CONTROLLED_TERM_PROJECTION_REQUIRES_CLAIM_POLARITY_REVIEW,SRC_049_sourceTheorem,acl_before_exposure=true;ann=true;benchmark=true;dense=true;empirical_result=true;evaluation=true;filter_aware=true;graph_index=true;hierarchical=true;retrieval=true;subgraph_retrieval=true,,INCONCLUSIVE_UNFORMALIZED_SENTENCE,INCONCLUSIVE,,INCONCLUSIVE_REQUIRES_BILINGUAL_DOMAIN_REVIEW,INCONCLUSIVE,no controlled semantic atom recognized,Conditional proof only: source-summary formula truth and NL-to-formula adequacy are separate obligations.
SENT-2126,4.6.3,docs/4.質問に合う根拠を探す/4.6.Retrieval-time filtering.md,64,NaviXは、属性条件やグラフの関係条件を先に評価し、その結果をHNSW検索へ渡す構成を扱いました。,externally_cited_claim,AND,"AND(AND(ATOM(retrieval=true), ATOM(evaluation=true)), ATOM(empirical_result=true))",empirical_result=true;evaluation=true;retrieval=true,SRC-050;SRC-047,https://arxiv.org/abs/2506.23397;https://arxiv.org/abs/1603.09320,existing_direct_paragraph_or_technology_mapping,EXISTING_MAPPING_REQUIRES_SEMANTIC_REVIEW,CONTROLLED_TERM_PROJECTION_REQUIRES_CLAIM_POLARITY_REVIEW,SRC_050_sourceTheorem;SRC_047_sourceTheorem,adaptive_strategy=true;ann=true;dense=true;disk_backed=true;empirical_result=true;evaluation=true;filter_aware=true;filter_first=true;graph_index=true;hierarchical=true;incremental_updates=true;recall_latency_tradeoff=true;retrieval=true,,PROVED_SOURCE_SUMMARY_ENTAILS_GUIDE_FORMULA,MODEL_PROVED,literature_SENT_2126,INCONCLUSIVE_REQUIRES_BILINGUAL_DOMAIN_REVIEW,INCONCLUSIVE,Lean checks the positive propositional derivation under source-summary premises,Conditional proof only: source-summary formula truth and NL-to-formula adequacy are separate obligations.
SENT-2127,4.6.3,docs/4.質問に合う根拠を探す/4.6.Retrieval-time filtering.md,65,NaviXの単一graph databaseを用いた評価では、predicate-agnostic構成が常に優位とは限らず、単純なrange predicateでは専用indexが上回る場合も報告されています。,concrete_technology_claim,IMPLIES,"IMP(AND(ATOM(evaluation=true), ATOM(empirical_result=true)), ATOM(empirical_result=true))",empirical_result=true;evaluation=true,SRC-050,https://arxiv.org/abs/2506.23397,existing_direct_paragraph_or_technology_mapping,EXISTING_MAPPING_REQUIRES_SEMANTIC_REVIEW,CONTROLLED_TERM_PROJECTION_REQUIRES_CLAIM_POLARITY_REVIEW,SRC_050_sourceTheorem,adaptive_strategy=true;ann=true;dense=true;disk_backed=true;empirical_result=true;evaluation=true;filter_aware=true;filter_first=true;hierarchical=true;retrieval=true,,INCONCLUSIVE_RELATION_NOT_SUPPORTED_BY_POSITIVE_SOURCE_FACTS,INCONCLUSIVE,,INCONCLUSIVE_REQUIRES_BILINGUAL_DOMAIN_REVIEW,INCONCLUSIVE,implication/negation requires a relation-preserving source formalization,Conditional proof only: source-summary formula truth and NL-to-formula adequacy are separate obligations.
SENT-2133,4.6.4,docs/4.質問に合う根拠を探す/4.6.Retrieval-time filtering.md,75,検索器ごとの検索文、フィルター、候補数,general_technical_claim,ATOM,ATOM(retrieval=true),retrieval=true,SRC-005;SRC-047;SRC-049;SRC-050,https://doi.org/10.1561/1500000019;https://arxiv.org/abs/1603.09320;https://arxiv.org/abs/2403.04871;https://arxiv.org/abs/2506.23397,same_file_candidate,CANDIDATE_REQUIRES_DOMAIN_REVIEW,CONTROLLED_TERM_PROJECTION_REQUIRES_CLAIM_POLARITY_REVIEW,SRC_005_sourceTheorem;SRC_047_sourceTheorem;SRC_049_sourceTheorem;SRC_050_sourceTheorem,acl_before_exposure=true;adaptive_strategy=true;ann=true;benchmark=true;dense=true;disk_backed=true;document_statistics=true;empirical_result=true;evaluation=true;evidence_support=true;fielded=true;filter_aware=true;filter_first=true;graph_index=true;hierarchical=true;incremental_updates=true;length_normalization=true;lexical=true;recall_latency_tradeoff=true;retrieval=true;sparse=true;subgraph_retrieval=true;tf_saturation=true,,PROVED_SOURCE_SUMMARY_ENTAILS_GUIDE_FORMULA,MODEL_PROVED,literature_SENT_2133,INCONCLUSIVE_REQUIRES_BILINGUAL_DOMAIN_REVIEW,INCONCLUSIVE,Lean checks the positive propositional derivation under source-summary premises,Conditional proof only: source-summary formula truth and NL-to-formula adequacy are separate obligations.
SENT-2137,4.6.4,docs/4.質問に合う根拠を探す/4.6.Retrieval-time filtering.md,79,統合後順位と再順位付け前後の順位,general_technical_claim,ATOM,ATOM(rerank=true),rerank=true,SRC-044;SRC-045;SRC-062;SRC-066;SRC-069,https://arxiv.org/abs/2210.07316;https://arxiv.org/abs/2004.12832;https://arxiv.org/abs/1904.08375;https://arxiv.org/abs/2104.08663;https://arxiv.org/abs/2104.12016,same_chapter_candidate,CANDIDATE_REQUIRES_DOMAIN_REVIEW,CONTROLLED_TERM_PROJECTION_REQUIRES_CLAIM_POLARITY_REVIEW,SRC_044_sourceTheorem;SRC_045_sourceTheorem;SRC_062_sourceTheorem;SRC_066_sourceTheorem;SRC_069_sourceTheorem,benchmark=true;cost=true;dense=true;empirical_result=true;evaluation=true;generated_query_representation=true;generated_terms=true;generation=true;inverted_index_compatible=true;late_interaction=true;latency=true;learned=true;length_normalization=true;lexical=true;multi_vector=true;original_text_preserved=true;rerank=true;retrieval=true;sparse=true;term_impact=true;tf_saturation=true,,PROVED_SOURCE_SUMMARY_ENTAILS_GUIDE_FORMULA,MODEL_PROVED,literature_SENT_2137,INCONCLUSIVE_REQUIRES_BILINGUAL_DOMAIN_REVIEW,INCONCLUSIVE,Lean checks the positive propositional derivation under source-summary premises,Conditional proof only: source-summary formula truth and NL-to-formula adequacy are separate obligations.
SENT-2215,5.1.2,docs/5.根拠を選別・整形する/5.1.Candidate正規化と絞り込み.md,54,filter対象が全体の1%となる条件を含め、通常のANNグラフが条件外の近傍をたどって必要件数を満たせない頻度を、filter選択率ごとに測定します。,empirical_or_research_claim,NOT,NOT(ATOM(evaluation=true)),evaluation=true,SRC-049,https://arxiv.org/abs/2403.04871,same_unit_candidate,CANDIDATE_REQUIRES_DOMAIN_REVIEW,CONTROLLED_TERM_PROJECTION_REQUIRES_CLAIM_POLARITY_REVIEW,SRC_049_sourceTheorem,acl_before_exposure=true;ann=true;benchmark=true;dense=true;empirical_result=true;evaluation=true;filter_aware=true;graph_index=true;hierarchical=true;retrieval=true;subgraph_retrieval=true,,INCONCLUSIVE_RELATION_NOT_SUPPORTED_BY_POSITIVE_SOURCE_FACTS,INCONCLUSIVE,,INCONCLUSIVE_REQUIRES_BILINGUAL_DOMAIN_REVIEW,INCONCLUSIVE,implication/negation requires a relation-preserving source formalization,Conditional proof only: source-summary formula truth and NL-to-formula adequacy are separate obligations.
SENT-2216,5.1.2,docs/5.根拠を選別・整形する/5.1.Candidate正規化と絞り込み.md,56,ACORNは、条件式を近傍探索へ組み込み、条件付きANN検索の性能課題を扱いました。,externally_cited_claim,ATOM,ATOM(retrieval=true),retrieval=true,SRC-049,https://arxiv.org/abs/2403.04871,existing_direct_paragraph_or_technology_mapping,EXISTING_MAPPING_REQUIRES_SEMANTIC_REVIEW,CONTROLLED_TERM_PROJECTION_REQUIRES_CLAIM_POLARITY_REVIEW,SRC_049_sourceTheorem,acl_before_exposure=true;ann=true;benchmark=true;dense=true;empirical_result=true;evaluation=true;filter_aware=true;graph_index=true;hierarchical=true;retrieval=true;subgraph_retrieval=true,,PROVED_SOURCE_SUMMARY_ENTAILS_GUIDE_FORMULA,MODEL_PROVED,literature_SENT_2216,INCONCLUSIVE_REQUIRES_BILINGUAL_DOMAIN_REVIEW,INCONCLUSIVE,Lean checks the positive propositional derivation under source-summary premises,Conditional proof only: source-summary formula truth and NL-to-formula adequacy are separate obligations.
SENT-2219,5.1.2,docs/5.根拠を選別・整形する/5.1.Candidate正規化と絞り込み.md,60,検索深度、候補を必要数より多めに取得する方法、条件に対応したANN検索、インデックス分割、完全探索への代替を検討します。,general_technical_claim,ATOM,ATOM(retrieval=true),retrieval=true,SRC-049;SRC-079,https://arxiv.org/abs/2403.04871;https://openreview.net/forum?id=dILIRHcYvC,same_unit_candidate,CANDIDATE_REQUIRES_DOMAIN_REVIEW,CONTROLLED_TERM_PROJECTION_REQUIRES_CLAIM_POLARITY_REVIEW,SRC_049_sourceTheorem;SRC_079_sourceTheorem,acl_before_exposure=true;ann=true;benchmark=true;dense=true;empirical_result=true;evaluation=true;filter_aware=true;graph_index=true;hierarchical=true;retrieval=true;subgraph_retrieval=true;verification=true,,PROVED_SOURCE_SUMMARY_ENTAILS_GUIDE_FORMULA,MODEL_PROVED,literature_SENT_2219,INCONCLUSIVE_REQUIRES_BILINGUAL_DOMAIN_REVIEW,INCONCLUSIVE,Lean checks the positive propositional derivation under source-summary premises,Conditional proof only: source-summary formula truth and NL-to-formula adequacy are separate obligations.
SENT-2221,5.1.2,docs/5.根拠を選別・整形する/5.1.Candidate正規化と絞り込み.md,63,フィルターを考慮した距離を学習するワークショップ公開論文を、フィルター付き近傍探索の候補方式として参照します。,externally_cited_claim,ATOM,ATOM(learned=true),learned=true,SRC-079,https://openreview.net/forum?id=dILIRHcYvC,existing_direct_paragraph_or_technology_mapping,EXISTING_MAPPING_REQUIRES_SEMANTIC_REVIEW,CONTROLLED_TERM_PROJECTION_REQUIRES_CLAIM_POLARITY_REVIEW,SRC_079_sourceTheorem,filter_aware=true;retrieval=true;verification=true,learned=true,INCONCLUSIVE_UNSUPPORTED_ATOMS,INCONCLUSIVE,,INCONCLUSIVE_REQUIRES_BILINGUAL_DOMAIN_REVIEW,INCONCLUSIVE,guide formula contains atoms absent from the selected source summaries,Conditional proof only: source-summary formula truth and NL-to-formula adequacy are separate obligations.
SENT-2232,5.1.4,docs/5.根拠を選別・整形する/5.1.Candidate正規化と絞り込み.md,82,PoisonedRAGは、攻撃文書を知識ベースへ挿入し、特定の質問への回答を操作する攻撃を示しました。,externally_cited_claim,AND,"AND(AND(ATOM(generation=true), ATOM(external_knowledge=true)), ATOM(security=true))",external_knowledge=true;generation=true;security=true,SRC-039,https://arxiv.org/abs/2402.07867,existing_direct_paragraph_or_technology_mapping,EXISTING_MAPPING_REQUIRES_SEMANTIC_REVIEW,CONTROLLED_TERM_PROJECTION_REQUIRES_CLAIM_POLARITY_REVIEW,SRC_039_sourceTheorem,empirical_result=true;evaluation=true;external_knowledge=true;generation=true;hallucination=true;rag=true;retrieval=true;security=true;temporal_freshness=true,,PROVED_SOURCE_SUMMARY_ENTAILS_GUIDE_FORMULA,MODEL_PROVED,literature_SENT_2232,INCONCLUSIVE_REQUIRES_BILINGUAL_DOMAIN_REVIEW,INCONCLUSIVE,Lean checks the positive propositional derivation under source-summary premises,Conditional proof only: source-summary formula truth and NL-to-formula adequacy are separate obligations.
SENT-2260,5.2.1,docs/5.根拠を選別・整形する/5.2.重複排除とDiversity.md,17,Broderの研究は、対象documentをshingle集合として表し、その集合間のresemblanceとcontainmentを測る方法を提示しています。,externally_cited_claim,UNFORMALIZED,UNFORMALIZED,,SRC-014,https://ieeexplore.ieee.org/document/666900,existing_direct_paragraph_or_technology_mapping,EXISTING_MAPPING_REQUIRES_SEMANTIC_REVIEW,CONTROLLED_TERM_PROJECTION_REQUIRES_CLAIM_POLARITY_REVIEW,SRC_014_sourceTheorem,dedup=true;verification=true,,INCONCLUSIVE_UNFORMALIZED_SENTENCE,INCONCLUSIVE,,INCONCLUSIVE_REQUIRES_BILINGUAL_DOMAIN_REVIEW,INCONCLUSIVE,no controlled semantic atom recognized,Conditional proof only: source-summary formula truth and NL-to-formula adequacy are separate obligations.
SENT-2269,5.2.1,docs/5.根拠を選別・整形する/5.2.重複排除とDiversity.md,29,学習データの重複除去研究は、重複がモデルと評価へ影響することを示しました。,externally_cited_claim,AND,"AND(ATOM(dedup=true), ATOM(evaluation=true))",dedup=true;evaluation=true,SRC-080,https://arxiv.org/abs/2107.06499,existing_direct_paragraph_or_technology_mapping,EXISTING_MAPPING_REQUIRES_SEMANTIC_REVIEW,CONTROLLED_TERM_PROJECTION_REQUIRES_CLAIM_POLARITY_REVIEW,SRC_080_sourceTheorem,dedup=true;evaluation=true;generation=true;retrieval=true,,PROVED_SOURCE_SUMMARY_ENTAILS_GUIDE_FORMULA,MODEL_PROVED,literature_SENT_2269,INCONCLUSIVE_REQUIRES_BILINGUAL_DOMAIN_REVIEW,INCONCLUSIVE,Lean checks the positive propositional derivation under source-summary premises,Conditional proof only: source-summary formula truth and NL-to-formula adequacy are separate obligations.
SENT-2276,5.2.2,docs/5.根拠を選別・整形する/5.2.重複排除とDiversity.md,40,ウェブ収集文書の近似重複検出では、似た文書ほど近いビット列を作るSimHashと、異なるビット数を数えるHamming距離も扱われました。,externally_cited_claim,AND,"AND(ATOM(dedup=true), ATOM(approximate_fingerprint=true))",approximate_fingerprint=true;dedup=true,SRC-081,https://dl.acm.org/doi/10.1145/1242572.1242592,existing_direct_paragraph_or_technology_mapping,EXISTING_MAPPING_REQUIRES_SEMANTIC_REVIEW,CONTROLLED_TERM_PROJECTION_REQUIRES_CLAIM_POLARITY_REVIEW,SRC_081_sourceTheorem,approximate_fingerprint=true;dedup=true,,PROVED_SOURCE_SUMMARY_ENTAILS_GUIDE_FORMULA,MODEL_PROVED,literature_SENT_2276,INCONCLUSIVE_REQUIRES_BILINGUAL_DOMAIN_REVIEW,INCONCLUSIVE,Lean checks the positive propositional derivation under source-summary premises,Conditional proof only: source-summary formula truth and NL-to-formula adequacy are separate obligations.
SENT-2277,5.2.2,docs/5.根拠を選別・整形する/5.2.重複排除とDiversity.md,42,コサイン類似度だけで自動的に重複削除せず、出典IDと文面一致も併用し、閾値近傍の候補は確認対象にします。,general_technical_claim,NOT,NOT(ATOM(cosine_compatible=true)),cosine_compatible=true,SRC-005;SRC-007;SRC-014;SRC-035;SRC-037,https://doi.org/10.1561/1500000019;https://aclanthology.org/N18-1074/;https://ieeexplore.ieee.org/document/666900;https://arxiv.org/abs/2307.03172;https://arxiv.org/abs/2305.14627,same_chapter_candidate,CANDIDATE_REQUIRES_DOMAIN_REVIEW,CONTROLLED_TERM_PROJECTION_REQUIRES_CLAIM_POLARITY_REVIEW,SRC_005_sourceTheorem;SRC_007_sourceTheorem;SRC_014_sourceTheorem;SRC_035_sourceTheorem;SRC_037_sourceTheorem,benchmark=true;citation=true;dedup=true;dimension_contract=true;document_statistics=true;empirical_result=true;evaluation=true;evidence_support=true;fielded=true;generation=true;hallucination=true;human_evaluation=true;length_normalization=true;lexical=true;long_context=true;retrieval=true;sparse=true;tf_saturation=true;verification=true,cosine_compatible=true,INCONCLUSIVE_RELATION_NOT_SUPPORTED_BY_POSITIVE_SOURCE_FACTS,INCONCLUSIVE,,INCONCLUSIVE_REQUIRES_BILINGUAL_DOMAIN_REVIEW,INCONCLUSIVE,implication/negation requires a relation-preserving source formalization,Conditional proof only: source-summary formula truth and NL-to-formula adequacy are separate obligations.
SENT-2286,5.2.2,docs/5.根拠を選別・整形する/5.2.重複排除とDiversity.md,55,親子検索では、複数の子チャンクが同じ親へ展開された時点で、その親を一件にまとめます。,general_technical_claim,AND,"AND(ATOM(retrieval=true), ATOM(temporal_freshness=true))",retrieval=true;temporal_freshness=true,SRC-080;SRC-083,https://arxiv.org/abs/2107.06499;https://arxiv.org/abs/2108.04026,same_file_candidate,CANDIDATE_REQUIRES_DOMAIN_REVIEW,CONTROLLED_TERM_PROJECTION_REQUIRES_CLAIM_POLARITY_REVIEW,SRC_080_sourceTheorem;SRC_083_sourceTheorem,benchmark=true;dedup=true;diversity=true;empirical_result=true;evaluation=true;generation=true;rerank=true;retrieval=true,temporal_freshness=true,INCONCLUSIVE_UNSUPPORTED_ATOMS,INCONCLUSIVE,,INCONCLUSIVE_REQUIRES_BILINGUAL_DOMAIN_REVIEW,INCONCLUSIVE,guide formula contains atoms absent from the selected source summaries,Conditional proof only: source-summary formula truth and NL-to-formula adequacy are separate obligations.
SENT-2295,5.2.3,docs/5.根拠を選別・整形する/5.2.重複排除とDiversity.md,70,MMR（Maximal Marginal Relevance、最大周辺関連性）は、質問への関連性と、すでに選んだ候補に対する新規性を組み合わせます。,concrete_technology_claim,ATOM,ATOM(diversity=true),diversity=true,SRC-082,https://dl.acm.org/doi/10.1145/290941.291025,existing_direct_paragraph_or_technology_mapping,EXISTING_MAPPING_REQUIRES_SEMANTIC_REVIEW,CONTROLLED_TERM_PROJECTION_REQUIRES_CLAIM_POLARITY_REVIEW,SRC_082_sourceTheorem,diversity=true;output_subset=true;rerank=true,,PROVED_SOURCE_SUMMARY_ENTAILS_GUIDE_FORMULA,MODEL_PROVED,literature_SENT_2295,INCONCLUSIVE_REQUIRES_BILINGUAL_DOMAIN_REVIEW,INCONCLUSIVE,Lean checks the positive propositional derivation under source-summary premises,Conditional proof only: source-summary formula truth and NL-to-formula adequacy are separate obligations.
SENT-2296,5.2.3,docs/5.根拠を選別・整形する/5.2.重複排除とDiversity.md,71,MMR論文は、relevanceと既選択項目との差を用いるrerankingを、document rankingとsummary selectionの多様化に適用しています。,concrete_technology_claim,ATOM,ATOM(rerank=true),rerank=true,SRC-082,https://dl.acm.org/doi/10.1145/290941.291025,existing_direct_paragraph_or_technology_mapping,EXISTING_MAPPING_REQUIRES_SEMANTIC_REVIEW,CONTROLLED_TERM_PROJECTION_REQUIRES_CLAIM_POLARITY_REVIEW,SRC_082_sourceTheorem,diversity=true;output_subset=true;rerank=true,,PROVED_SOURCE_SUMMARY_ENTAILS_GUIDE_FORMULA,MODEL_PROVED,literature_SENT_2296,INCONCLUSIVE_REQUIRES_BILINGUAL_DOMAIN_REVIEW,INCONCLUSIVE,Lean checks the positive propositional derivation under source-summary premises,Conditional proof only: source-summary formula truth and NL-to-formula adequacy are separate obligations.
SENT-2302,5.2.3,docs/5.根拠を選別・整形する/5.2.重複排除とDiversity.md,80,IntenT5は、短い質問から複数の検索意図を生成し、多面的な質問の検索結果を多様化した査読前の公開論文です。,externally_cited_claim,AND,"AND(AND(ATOM(retrieval=true), ATOM(generation=true)), ATOM(empirical_result=true))",empirical_result=true;generation=true;retrieval=true,SRC-083,https://arxiv.org/abs/2108.04026,existing_direct_paragraph_or_technology_mapping,EXISTING_MAPPING_REQUIRES_SEMANTIC_REVIEW,CONTROLLED_TERM_PROJECTION_REQUIRES_CLAIM_POLARITY_REVIEW,SRC_083_sourceTheorem,benchmark=true;diversity=true;empirical_result=true;evaluation=true;generation=true;rerank=true;retrieval=true,,PROVED_SOURCE_SUMMARY_ENTAILS_GUIDE_FORMULA,MODEL_PROVED,literature_SENT_2302,INCONCLUSIVE_REQUIRES_BILINGUAL_DOMAIN_REVIEW,INCONCLUSIVE,Lean checks the positive propositional derivation under source-summary premises,Conditional proof only: source-summary formula truth and NL-to-formula adequacy are separate obligations.
SENT-2303,5.2.3,docs/5.根拠を選別・整形する/5.2.重複排除とDiversity.md,81,一方、同じ語が別の意味を持つ曖昧な質問では一貫した改善がなく、生成した意図の効果は後段の順位付けモデルにも依存しました。,empirical_or_research_claim,AND,"AND(ATOM(generation=true), ATOM(empirical_result=true))",empirical_result=true;generation=true,SRC-083,https://arxiv.org/abs/2108.04026,existing_direct_paragraph_or_technology_mapping,EXISTING_MAPPING_REQUIRES_SEMANTIC_REVIEW,CONTROLLED_TERM_PROJECTION_REQUIRES_CLAIM_POLARITY_REVIEW,SRC_083_sourceTheorem,benchmark=true;diversity=true;empirical_result=true;evaluation=true;generation=true;rerank=true;retrieval=true,,PROVED_SOURCE_SUMMARY_ENTAILS_GUIDE_FORMULA,MODEL_PROVED,literature_SENT_2303,INCONCLUSIVE_REQUIRES_BILINGUAL_DOMAIN_REVIEW,INCONCLUSIVE,Lean checks the positive propositional derivation under source-summary premises,Conditional proof only: source-summary formula truth and NL-to-formula adequacy are separate obligations.
SENT-2311,5.2.5,docs/5.根拠を選別・整形する/5.2.重複排除とDiversity.md,97,代表chunkへ統合した後も全source_idと原文spanを保持し、citationで各出所へ戻れるようにします。,general_technical_claim,AND,"AND(ATOM(original_text_preserved=true), ATOM(citation=true))",citation=true;original_text_preserved=true,SRC-037,https://arxiv.org/abs/2305.14627,same_chapter_candidate,CANDIDATE_REQUIRES_DOMAIN_REVIEW,CONTROLLED_TERM_PROJECTION_REQUIRES_CLAIM_POLARITY_REVIEW,SRC_037_sourceTheorem,benchmark=true;citation=true;dimension_contract=true;empirical_result=true;evaluation=true;evidence_support=true;generation=true;hallucination=true;human_evaluation=true;retrieval=true,original_text_preserved=true,INCONCLUSIVE_UNSUPPORTED_ATOMS,INCONCLUSIVE,,INCONCLUSIVE_REQUIRES_BILINGUAL_DOMAIN_REVIEW,INCONCLUSIVE,guide formula contains atoms absent from the selected source summaries,Conditional proof only: source-summary formula truth and NL-to-formula adequacy are separate obligations.
SENT-2321,5.3.1,docs/5.根拠を選別・整形する/5.3.Reranking.md,8,順位統合（Rank fusion）は、複数の検索器や検索文が返した順位一覧を統合します。,general_technical_claim,ATOM,ATOM(retrieval=true),retrieval=true,SRC-084,https://arxiv.org/abs/1901.04085,same_unit_candidate,CANDIDATE_REQUIRES_DOMAIN_REVIEW,CONTROLLED_TERM_PROJECTION_REQUIRES_CLAIM_POLARITY_REVIEW,SRC_084_sourceTheorem,benchmark=true;candidate_generation=false;diversity=true;empirical_result=true;evaluation=true;generation=true;output_subset=true;reads_candidate_text=true;rerank=true;retrieval=true,,PROVED_SOURCE_SUMMARY_ENTAILS_GUIDE_FORMULA,MODEL_PROVED,literature_SENT_2321,INCONCLUSIVE_REQUIRES_BILINGUAL_DOMAIN_REVIEW,INCONCLUSIVE,Lean checks the positive propositional derivation under source-summary premises,Conditional proof only: source-summary formula truth and NL-to-formula adequacy are separate obligations.
SENT-2322,5.3.1,docs/5.根拠を選別・整形する/5.3.Reranking.md,9,再順位付けは、質問と候補本文を改めて読み、関連性を再判定します。,general_technical_claim,AND,"AND(ATOM(rerank=true), ATOM(reads_candidate_text=true))",reads_candidate_text=true;rerank=true,SRC-084,https://arxiv.org/abs/1901.04085,same_unit_candidate,CANDIDATE_REQUIRES_DOMAIN_REVIEW,CONTROLLED_TERM_PROJECTION_REQUIRES_CLAIM_POLARITY_REVIEW,SRC_084_sourceTheorem,benchmark=true;candidate_generation=false;diversity=true;empirical_result=true;evaluation=true;generation=true;output_subset=true;reads_candidate_text=true;rerank=true;retrieval=true,,PROVED_SOURCE_SUMMARY_ENTAILS_GUIDE_FORMULA,MODEL_PROVED,literature_SENT_2322,INCONCLUSIVE_REQUIRES_BILINGUAL_DOMAIN_REVIEW,INCONCLUSIVE,Lean checks the positive propositional derivation under source-summary premises,Conditional proof only: source-summary formula truth and NL-to-formula adequacy are separate obligations.
SENT-2323,5.3.1,docs/5.根拠を選別・整形する/5.3.Reranking.md,11,RRFはBM25とdense retrievalの生scoreを同じ尺度へ変換せず、各rank list内の順位から統合順位を計算します。,concrete_technology_claim,NOT,"NOT(AND(ATOM(dense=true), ATOM(retrieval=true)))",dense=true;retrieval=true,SRC-005;SRC-064,https://doi.org/10.1561/1500000019;https://dl.acm.org/doi/10.1145/1571941.1572114,existing_direct_paragraph_or_technology_mapping,EXISTING_MAPPING_REQUIRES_SEMANTIC_REVIEW,CONTROLLED_TERM_PROJECTION_REQUIRES_CLAIM_POLARITY_REVIEW,SRC_005_sourceTheorem;SRC_064_sourceTheorem,candidate_ids_stable=true;document_statistics=true;empirical_result=true;evidence_support=true;fielded=true;k_positive=true;length_normalization=true;lexical=true;ranks_only=true;retrieval=true;sparse=true;tf_saturation=true,dense=true,INCONCLUSIVE_RELATION_NOT_SUPPORTED_BY_POSITIVE_SOURCE_FACTS,INCONCLUSIVE,,INCONCLUSIVE_REQUIRES_BILINGUAL_DOMAIN_REVIEW,INCONCLUSIVE,implication/negation requires a relation-preserving source formalization,Conditional proof only: source-summary formula truth and NL-to-formula adequacy are separate obligations.
SENT-2328,5.3.1,docs/5.根拠を選別・整形する/5.3.Reranking.md,18,交差符号化型の再順位付け器は、質問と候補文書をBERTなどの言語モデルへ一緒に入力し、両者の語の関係を使って関連度を判定します。,concrete_technology_claim,AND,"AND(ATOM(rerank=true), ATOM(generation=true))",generation=true;rerank=true,SRC-084,https://arxiv.org/abs/1901.04085,existing_direct_paragraph_or_technology_mapping,EXISTING_MAPPING_REQUIRES_SEMANTIC_REVIEW,CONTROLLED_TERM_PROJECTION_REQUIRES_CLAIM_POLARITY_REVIEW,SRC_084_sourceTheorem,benchmark=true;candidate_generation=false;diversity=true;empirical_result=true;evaluation=true;generation=true;output_subset=true;reads_candidate_text=true;rerank=true;retrieval=true,,PROVED_SOURCE_SUMMARY_ENTAILS_GUIDE_FORMULA,MODEL_PROVED,literature_SENT_2328,INCONCLUSIVE_REQUIRES_BILINGUAL_DOMAIN_REVIEW,INCONCLUSIVE,Lean checks the positive propositional derivation under source-summary premises,Conditional proof only: source-summary formula truth and NL-to-formula adequacy are separate obligations.
SENT-2329,5.3.1,docs/5.根拠を選別・整形する/5.3.Reranking.md,19,BERT passage rerankingは、第一段階の候補へBERTを適用し、文書順位付けを改善しました。,externally_cited_claim,AND,"AND(ATOM(rerank=true), ATOM(empirical_result=true))",empirical_result=true;rerank=true,SRC-084,https://arxiv.org/abs/1901.04085,existing_direct_paragraph_or_technology_mapping,EXISTING_MAPPING_REQUIRES_SEMANTIC_REVIEW,CONTROLLED_TERM_PROJECTION_REQUIRES_CLAIM_POLARITY_REVIEW,SRC_084_sourceTheorem,benchmark=true;candidate_generation=false;diversity=true;empirical_result=true;evaluation=true;generation=true;output_subset=true;reads_candidate_text=true;rerank=true;retrieval=true,,PROVED_SOURCE_SUMMARY_ENTAILS_GUIDE_FORMULA,MODEL_PROVED,literature_SENT_2329,INCONCLUSIVE_REQUIRES_BILINGUAL_DOMAIN_REVIEW,INCONCLUSIVE,Lean checks the positive propositional derivation under source-summary premises,Conditional proof only: source-summary formula truth and NL-to-formula adequacy are separate obligations.
SENT-2334,5.3.1,docs/5.根拠を選別・整形する/5.3.Reranking.md,26,日本語、専門用語、長文を含む業務の正解集合で、順位品質と、要求の95%が収まる応答時間（95パーセンタイル）を測ります。,empirical_or_research_claim,AND,"AND(ATOM(temporal_freshness=true), ATOM(latency=true))",latency=true;temporal_freshness=true,SRC-038;SRC-039;SRC-092;SRC-093,https://arxiv.org/abs/2205.11388;https://arxiv.org/abs/2402.07867;https://arxiv.org/abs/2310.06839;https://arxiv.org/abs/2310.06201,same_chapter_candidate,CANDIDATE_REQUIRES_DOMAIN_REVIEW,CONTROLLED_TERM_PROJECTION_REQUIRES_CLAIM_POLARITY_REVIEW,SRC_038_sourceTheorem;SRC_039_sourceTheorem;SRC_092_sourceTheorem;SRC_093_sourceTheorem,benchmark=true;compression=true;context_compression=true;cost=true;empirical_result=true;evaluation=true;external_knowledge=true;generation=true;hallucination=true;latency=true;long_context=true;question_aware=true;question_independent=true;rag=true;retrieval=true;security=true;temporal_freshness=true,,PROVED_SOURCE_SUMMARY_ENTAILS_GUIDE_FORMULA,MODEL_PROVED,literature_SENT_2334,INCONCLUSIVE_REQUIRES_BILINGUAL_DOMAIN_REVIEW,INCONCLUSIVE,Lean checks the positive propositional derivation under source-summary premises,Conditional proof only: source-summary formula truth and NL-to-formula adequacy are separate obligations.
SENT-2337,5.3.1,docs/5.根拠を選別・整形する/5.3.Reranking.md,30,どの方式でも、第一段階の候補に入らなかった根拠は再順位付けだけでは回復できません。,general_technical_claim,NOT,"NOT(AND(ATOM(rerank=true), ATOM(evidence_support=true)))",evidence_support=true;rerank=true,SRC-084,https://arxiv.org/abs/1901.04085,same_unit_candidate,CANDIDATE_REQUIRES_DOMAIN_REVIEW,CONTROLLED_TERM_PROJECTION_REQUIRES_CLAIM_POLARITY_REVIEW,SRC_084_sourceTheorem,benchmark=true;candidate_generation=false;diversity=true;empirical_result=true;evaluation=true;generation=true;output_subset=true;reads_candidate_text=true;rerank=true;retrieval=true,evidence_support=true,INCONCLUSIVE_RELATION_NOT_SUPPORTED_BY_POSITIVE_SOURCE_FACTS,INCONCLUSIVE,,INCONCLUSIVE_REQUIRES_BILINGUAL_DOMAIN_REVIEW,INCONCLUSIVE,implication/negation requires a relation-preserving source formalization,Conditional proof only: source-summary formula truth and NL-to-formula adequacy are separate obligations.
SENT-2338,5.3.1,docs/5.根拠を選別・整形する/5.3.Reranking.md,34,アルゴリズム図A9 候補取得と再順位付けで用いるモデルの違い,general_technical_claim,AND,"AND(ATOM(rerank=true), ATOM(retrieval=true))",rerank=true;retrieval=true,SRC-084,https://arxiv.org/abs/1901.04085,same_unit_candidate,CANDIDATE_REQUIRES_DOMAIN_REVIEW,CONTROLLED_TERM_PROJECTION_REQUIRES_CLAIM_POLARITY_REVIEW,SRC_084_sourceTheorem,benchmark=true;candidate_generation=false;diversity=true;empirical_result=true;evaluation=true;generation=true;output_subset=true;reads_candidate_text=true;rerank=true;retrieval=true,,PROVED_SOURCE_SUMMARY_ENTAILS_GUIDE_FORMULA,MODEL_PROVED,literature_SENT_2338,INCONCLUSIVE_REQUIRES_BILINGUAL_DOMAIN_REVIEW,INCONCLUSIVE,Lean checks the positive propositional derivation under source-summary premises,Conditional proof only: source-summary formula truth and NL-to-formula adequacy are separate obligations.
SENT-2339,5.3.2,docs/5.根拠を選別・整形する/5.3.Reranking.md,38,再順位付けの判定方法は、候補を比較する単位で分けられます。,general_technical_claim,ATOM,ATOM(rerank=true),rerank=true,SRC-086;SRC-088,https://arxiv.org/abs/2003.06713;https://arxiv.org/abs/2304.09542,same_unit_candidate,CANDIDATE_REQUIRES_DOMAIN_REVIEW,CONTROLLED_TERM_PROJECTION_REQUIRES_CLAIM_POLARITY_REVIEW,SRC_086_sourceTheorem;SRC_088_sourceTheorem,benchmark=true;empirical_result=true;evaluation=true;generation=true;ids_closed_world=true;listwise=true;llm_judge=true;output_subset=true;pointwise=true;reads_candidate_text=true;rerank=true;retrieval=true;verification=true,,PROVED_SOURCE_SUMMARY_ENTAILS_GUIDE_FORMULA,MODEL_PROVED,literature_SENT_2339,INCONCLUSIVE_REQUIRES_BILINGUAL_DOMAIN_REVIEW,INCONCLUSIVE,Lean checks the positive propositional derivation under source-summary premises,Conditional proof only: source-summary formula truth and NL-to-formula adequacy are separate obligations.
SENT-2342,5.3.2,docs/5.根拠を選別・整形する/5.3.Reranking.md,42,一覧比較（Listwise）は、候補一覧全体を見て順序を決めます。,concrete_technology_claim,ATOM,ATOM(listwise=true),listwise=true,SRC-085;SRC-088,https://arxiv.org/abs/2305.02156;https://arxiv.org/abs/2304.09542,existing_direct_paragraph_or_technology_mapping,EXISTING_MAPPING_REQUIRES_SEMANTIC_REVIEW,CONTROLLED_TERM_PROJECTION_REQUIRES_CLAIM_POLARITY_REVIEW,SRC_085_sourceTheorem;SRC_088_sourceTheorem,benchmark=true;dual_encoder=true;empirical_result=true;evaluation=true;generation=true;ids_closed_world=true;listwise=true;llm_judge=true;reads_candidate_text=true;rerank=true;retrieval=true;verification=true,,PROVED_SOURCE_SUMMARY_ENTAILS_GUIDE_FORMULA,MODEL_PROVED,literature_SENT_2342,INCONCLUSIVE_REQUIRES_BILINGUAL_DOMAIN_REVIEW,INCONCLUSIVE,Lean checks the positive propositional derivation under source-summary premises,Conditional proof only: source-summary formula truth and NL-to-formula adequacy are separate obligations.
SENT-2345,5.3.2,docs/5.根拠を選別・整形する/5.3.Reranking.md,46,一覧比較は全体の順序を直接扱えますが、入力長、候補の初期順、位置による偏りに影響されます。,concrete_technology_claim,ATOM,ATOM(listwise=true),listwise=true,SRC-085;SRC-088,https://arxiv.org/abs/2305.02156;https://arxiv.org/abs/2304.09542,existing_direct_paragraph_or_technology_mapping,EXISTING_MAPPING_REQUIRES_SEMANTIC_REVIEW,CONTROLLED_TERM_PROJECTION_REQUIRES_CLAIM_POLARITY_REVIEW,SRC_085_sourceTheorem;SRC_088_sourceTheorem,benchmark=true;dual_encoder=true;empirical_result=true;evaluation=true;generation=true;ids_closed_world=true;listwise=true;llm_judge=true;reads_candidate_text=true;rerank=true;retrieval=true;verification=true,,PROVED_SOURCE_SUMMARY_ENTAILS_GUIDE_FORMULA,MODEL_PROVED,literature_SENT_2345,INCONCLUSIVE_REQUIRES_BILINGUAL_DOMAIN_REVIEW,INCONCLUSIVE,Lean checks the positive propositional derivation under source-summary premises,Conditional proof only: source-summary formula truth and NL-to-formula adequacy are separate obligations.
SENT-2346,5.3.2,docs/5.根拠を選別・整形する/5.3.Reranking.md,48,Zero-Shot Listwise Document Rerankingは、候補IDの順序をLLMに生成させ、document ranking用の追加教師dataなしでlistwise rerankingを評価しています。,concrete_technology_claim,AND,"AND(AND(AND(AND(ATOM(rerank=true), ATOM(listwise=true)), ATOM(ids_closed_world=true)), ATOM(generation=true)), ATOM(evaluation=true))",evaluation=true;generation=true;ids_closed_world=true;listwise=true;rerank=true,SRC-085;SRC-088,https://arxiv.org/abs/2305.02156;https://arxiv.org/abs/2304.09542,existing_direct_paragraph_or_technology_mapping,EXISTING_MAPPING_REQUIRES_SEMANTIC_REVIEW,CONTROLLED_TERM_PROJECTION_REQUIRES_CLAIM_POLARITY_REVIEW,SRC_085_sourceTheorem;SRC_088_sourceTheorem,benchmark=true;dual_encoder=true;empirical_result=true;evaluation=true;generation=true;ids_closed_world=true;listwise=true;llm_judge=true;reads_candidate_text=true;rerank=true;retrieval=true;verification=true,,PROVED_SOURCE_SUMMARY_ENTAILS_GUIDE_FORMULA,MODEL_PROVED,literature_SENT_2346,INCONCLUSIVE_REQUIRES_BILINGUAL_DOMAIN_REVIEW,INCONCLUSIVE,Lean checks the positive propositional derivation under source-summary premises,Conditional proof only: source-summary formula truth and NL-to-formula adequacy are separate obligations.
SENT-2348,5.3.2,docs/5.根拠を選別・整形する/5.3.Reranking.md,51,monoT5は、質問と文書を系列変換モデルへ入力し、「関連」「非関連」に対応する処理単位（トークン）のスコアを順位付けへ利用します。,externally_cited_claim,UNFORMALIZED,UNFORMALIZED,,SRC-086,https://arxiv.org/abs/2003.06713,existing_direct_paragraph_or_technology_mapping,EXISTING_MAPPING_REQUIRES_SEMANTIC_REVIEW,CONTROLLED_TERM_PROJECTION_REQUIRES_CLAIM_POLARITY_REVIEW,SRC_086_sourceTheorem,empirical_result=true;generation=true;output_subset=true;pointwise=true;reads_candidate_text=true;rerank=true;retrieval=true,,INCONCLUSIVE_UNFORMALIZED_SENTENCE,INCONCLUSIVE,,INCONCLUSIVE_REQUIRES_BILINGUAL_DOMAIN_REVIEW,INCONCLUSIVE,no controlled semantic atom recognized,Conditional proof only: source-summary formula truth and NL-to-formula adequacy are separate obligations.
SENT-2350,5.3.2,docs/5.根拠を選別・整形する/5.3.Reranking.md,54,RankT5は、分類時の誤差だけでなく、順位を意識した学習目標を扱いました。,externally_cited_claim,ATOM,ATOM(ranking_loss=true),ranking_loss=true,SRC-087,https://arxiv.org/abs/2210.10634,existing_direct_paragraph_or_technology_mapping,EXISTING_MAPPING_REQUIRES_SEMANTIC_REVIEW,CONTROLLED_TERM_PROJECTION_REQUIRES_CLAIM_POLARITY_REVIEW,SRC_087_sourceTheorem,empirical_result=true;generation=true;output_subset=true;ranking_loss=true;reads_candidate_text=true;retrieval=true,,PROVED_SOURCE_SUMMARY_ENTAILS_GUIDE_FORMULA,MODEL_PROVED,literature_SENT_2350,INCONCLUSIVE_REQUIRES_BILINGUAL_DOMAIN_REVIEW,INCONCLUSIVE,Lean checks the positive propositional derivation under source-summary premises,Conditional proof only: source-summary formula truth and NL-to-formula adequacy are separate obligations.
SENT-2357,5.3.2,docs/5.根拠を選別・整形する/5.3.Reranking.md,62,一方で、候補本文に埋め込まれた命令によってLLMを誤操作するプロンプトインジェクションの影響も受けます。,general_technical_claim,ATOM,ATOM(prompt_injection=true),prompt_injection=true,SRC-096,https://arxiv.org/abs/2302.12173,same_chapter_candidate,CANDIDATE_REQUIRES_DOMAIN_REVIEW,CONTROLLED_TERM_PROJECTION_REQUIRES_CLAIM_POLARITY_REVIEW,SRC_096_sourceTheorem,generation=true;prompt_injection=true;retrieval=true;security=true,,PROVED_SOURCE_SUMMARY_ENTAILS_GUIDE_FORMULA,MODEL_PROVED,literature_SENT_2357,INCONCLUSIVE_REQUIRES_BILINGUAL_DOMAIN_REVIEW,INCONCLUSIVE,Lean checks the positive propositional derivation under source-summary premises,Conditional proof only: source-summary formula truth and NL-to-formula adequacy are separate obligations.
SENT-2361,5.3.2,docs/5.根拠を選別・整形する/5.3.Reranking.md,68,一覧比較では、候補順を反転・入れ替えて位置の影響を測ります。,concrete_technology_claim,ATOM,ATOM(listwise=true),listwise=true,SRC-085;SRC-088,https://arxiv.org/abs/2305.02156;https://arxiv.org/abs/2304.09542,existing_direct_paragraph_or_technology_mapping,EXISTING_MAPPING_REQUIRES_SEMANTIC_REVIEW,CONTROLLED_TERM_PROJECTION_REQUIRES_CLAIM_POLARITY_REVIEW,SRC_085_sourceTheorem;SRC_088_sourceTheorem,benchmark=true;dual_encoder=true;empirical_result=true;evaluation=true;generation=true;ids_closed_world=true;listwise=true;llm_judge=true;reads_candidate_text=true;rerank=true;retrieval=true;verification=true,,PROVED_SOURCE_SUMMARY_ENTAILS_GUIDE_FORMULA,MODEL_PROVED,literature_SENT_2361,INCONCLUSIVE_REQUIRES_BILINGUAL_DOMAIN_REVIEW,INCONCLUSIVE,Lean checks the positive propositional derivation under source-summary premises,Conditional proof only: source-summary formula truth and NL-to-formula adequacy are separate obligations.
SENT-2363,5.3.2,docs/5.根拠を選別・整形する/5.3.Reranking.md,71,GPT-4などを再順位付けに使った研究では、一覧比較が複数の検索評価で強い結果を示しました。,externally_cited_claim,AND,"AND(AND(AND(AND(ATOM(rerank=true), ATOM(listwise=true)), ATOM(retrieval=true)), ATOM(evaluation=true)), ATOM(empirical_result=true))",empirical_result=true;evaluation=true;listwise=true;rerank=true;retrieval=true,SRC-088;SRC-085,https://arxiv.org/abs/2304.09542;https://arxiv.org/abs/2305.02156,existing_direct_paragraph_or_technology_mapping,EXISTING_MAPPING_REQUIRES_SEMANTIC_REVIEW,CONTROLLED_TERM_PROJECTION_REQUIRES_CLAIM_POLARITY_REVIEW,SRC_088_sourceTheorem;SRC_085_sourceTheorem,benchmark=true;dual_encoder=true;empirical_result=true;evaluation=true;generation=true;ids_closed_world=true;listwise=true;llm_judge=true;reads_candidate_text=true;rerank=true;retrieval=true;verification=true,,PROVED_SOURCE_SUMMARY_ENTAILS_GUIDE_FORMULA,MODEL_PROVED,literature_SENT_2363,INCONCLUSIVE_REQUIRES_BILINGUAL_DOMAIN_REVIEW,INCONCLUSIVE,Lean checks the positive propositional derivation under source-summary premises,Conditional proof only: source-summary formula truth and NL-to-formula adequacy are separate obligations.
SENT-2364,5.3.2,docs/5.根拠を選別・整形する/5.3.Reranking.md,72,LLM rerankerは元BM25順とshuffle順の両方で評価し、model、language、query sliceごとの順位依存を記録します。,concrete_technology_claim,AND,"AND(ATOM(rerank=true), ATOM(evaluation=true))",evaluation=true;rerank=true,SRC-005,https://doi.org/10.1561/1500000019,existing_direct_paragraph_or_technology_mapping,EXISTING_MAPPING_REQUIRES_SEMANTIC_REVIEW,CONTROLLED_TERM_PROJECTION_REQUIRES_CLAIM_POLARITY_REVIEW,SRC_005_sourceTheorem,document_statistics=true;evidence_support=true;fielded=true;length_normalization=true;lexical=true;retrieval=true;sparse=true;tf_saturation=true,evaluation=true;rerank=true,INCONCLUSIVE_UNSUPPORTED_ATOMS,INCONCLUSIVE,,INCONCLUSIVE_REQUIRES_BILINGUAL_DOMAIN_REVIEW,INCONCLUSIVE,guide formula contains atoms absent from the selected source summaries,Conditional proof only: source-summary formula truth and NL-to-formula adequacy are separate obligations.
SENT-2365,5.3.2,docs/5.根拠を選別・整形する/5.3.Reranking.md,73,LLM単独の能力とは見なさず、初期順位を変える試験と、出力形式を固定した交差符号化型の再順位付け器との比較を行います。,concrete_technology_claim,ATOM,ATOM(rerank=true),rerank=true,SRC-084,https://arxiv.org/abs/1901.04085,existing_direct_paragraph_or_technology_mapping,EXISTING_MAPPING_REQUIRES_SEMANTIC_REVIEW,CONTROLLED_TERM_PROJECTION_REQUIRES_CLAIM_POLARITY_REVIEW,SRC_084_sourceTheorem,benchmark=true;candidate_generation=false;diversity=true;empirical_result=true;evaluation=true;generation=true;output_subset=true;reads_candidate_text=true;rerank=true;retrieval=true,,PROVED_SOURCE_SUMMARY_ENTAILS_GUIDE_FORMULA,MODEL_PROVED,literature_SENT_2365,INCONCLUSIVE_REQUIRES_BILINGUAL_DOMAIN_REVIEW,INCONCLUSIVE,Lean checks the positive propositional derivation under source-summary premises,Conditional proof only: source-summary formula truth and NL-to-formula adequacy are separate obligations.
SENT-2369,5.3.3,docs/5.根拠を選別・整形する/5.3.Reranking.md,82,候補取得 N件 → 結果統合 → 必須フィルターの再確認 → 再順位付け → K件選択,general_technical_claim,AND,"AND(AND(ATOM(rerank=true), ATOM(retrieval=true)), ATOM(empirical_result=true))",empirical_result=true;rerank=true;retrieval=true,SRC-084;SRC-085;SRC-086;SRC-088;SRC-087,https://arxiv.org/abs/1901.04085;https://arxiv.org/abs/2305.02156;https://arxiv.org/abs/2003.06713;https://arxiv.org/abs/2304.09542;https://arxiv.org/abs/2210.10634,same_file_candidate,CANDIDATE_REQUIRES_DOMAIN_REVIEW,CONTROLLED_TERM_PROJECTION_REQUIRES_CLAIM_POLARITY_REVIEW,SRC_084_sourceTheorem;SRC_085_sourceTheorem;SRC_086_sourceTheorem;SRC_088_sourceTheorem;SRC_087_sourceTheorem,benchmark=true;candidate_generation=false;diversity=true;dual_encoder=true;empirical_result=true;evaluation=true;generation=true;ids_closed_world=true;listwise=true;llm_judge=true;output_subset=true;pointwise=true;ranking_loss=true;reads_candidate_text=true;rerank=true;retrieval=true;verification=true,,PROVED_SOURCE_SUMMARY_ENTAILS_GUIDE_FORMULA,MODEL_PROVED,literature_SENT_2369,INCONCLUSIVE_REQUIRES_BILINGUAL_DOMAIN_REVIEW,INCONCLUSIVE,Lean checks the positive propositional derivation under source-summary premises,Conditional proof only: source-summary formula truth and NL-to-formula adequacy are separate obligations.
SENT-2370,5.3.3,docs/5.根拠を選別・整形する/5.3.Reranking.md,84,ここで、Nは最初に取得する候補数、Kは再順位付け後に残す件数です。,general_technical_claim,AND,"AND(ATOM(rerank=true), ATOM(retrieval=true))",rerank=true;retrieval=true,SRC-084;SRC-085;SRC-086;SRC-088;SRC-005,https://arxiv.org/abs/1901.04085;https://arxiv.org/abs/2305.02156;https://arxiv.org/abs/2003.06713;https://arxiv.org/abs/2304.09542;https://doi.org/10.1561/1500000019,same_file_candidate,CANDIDATE_REQUIRES_DOMAIN_REVIEW,CONTROLLED_TERM_PROJECTION_REQUIRES_CLAIM_POLARITY_REVIEW,SRC_084_sourceTheorem;SRC_085_sourceTheorem;SRC_086_sourceTheorem;SRC_088_sourceTheorem;SRC_005_sourceTheorem,benchmark=true;candidate_generation=false;diversity=true;document_statistics=true;dual_encoder=true;empirical_result=true;evaluation=true;evidence_support=true;fielded=true;generation=true;ids_closed_world=true;length_normalization=true;lexical=true;listwise=true;llm_judge=true;output_subset=true;pointwise=true;reads_candidate_text=true;rerank=true;retrieval=true;sparse=true;tf_saturation=true;verification=true,,PROVED_SOURCE_SUMMARY_ENTAILS_GUIDE_FORMULA,MODEL_PROVED,literature_SENT_2370,INCONCLUSIVE_REQUIRES_BILINGUAL_DOMAIN_REVIEW,INCONCLUSIVE,Lean checks the positive propositional derivation under source-summary premises,Conditional proof only: source-summary formula truth and NL-to-formula adequacy are separate obligations.
SENT-2375,5.3.3,docs/5.根拠を選別・整形する/5.3.Reranking.md,90,一時保存の識別子には質問、候補本文の版、再順位付け器の版を含めます。,general_technical_claim,ATOM,ATOM(rerank=true),rerank=true,SRC-084;SRC-085;SRC-086;SRC-088,https://arxiv.org/abs/1901.04085;https://arxiv.org/abs/2305.02156;https://arxiv.org/abs/2003.06713;https://arxiv.org/abs/2304.09542,same_file_candidate,CANDIDATE_REQUIRES_DOMAIN_REVIEW,CONTROLLED_TERM_PROJECTION_REQUIRES_CLAIM_POLARITY_REVIEW,SRC_084_sourceTheorem;SRC_085_sourceTheorem;SRC_086_sourceTheorem;SRC_088_sourceTheorem,benchmark=true;candidate_generation=false;diversity=true;dual_encoder=true;empirical_result=true;evaluation=true;generation=true;ids_closed_world=true;listwise=true;llm_judge=true;output_subset=true;pointwise=true;reads_candidate_text=true;rerank=true;retrieval=true;verification=true,,PROVED_SOURCE_SUMMARY_ENTAILS_GUIDE_FORMULA,MODEL_PROVED,literature_SENT_2375,INCONCLUSIVE_REQUIRES_BILINGUAL_DOMAIN_REVIEW,INCONCLUSIVE,Lean checks the positive propositional derivation under source-summary premises,Conditional proof only: source-summary formula truth and NL-to-formula adequacy are separate obligations.
SENT-2388,5.3.4,docs/5.根拠を選別・整形する/5.3.Reranking.md,111,relevance labelがない初期段階では、RRFと事前学習済みcross-encoderを比較baselineとして使用します。,concrete_technology_claim,UNFORMALIZED,UNFORMALIZED,,SRC-064,https://dl.acm.org/doi/10.1145/1571941.1572114,existing_direct_paragraph_or_technology_mapping,EXISTING_MAPPING_REQUIRES_SEMANTIC_REVIEW,CONTROLLED_TERM_PROJECTION_REQUIRES_CLAIM_POLARITY_REVIEW,SRC_064_sourceTheorem,candidate_ids_stable=true;empirical_result=true;k_positive=true;ranks_only=true,,INCONCLUSIVE_UNFORMALIZED_SENTENCE,INCONCLUSIVE,,INCONCLUSIVE_REQUIRES_BILINGUAL_DOMAIN_REVIEW,INCONCLUSIVE,no controlled semantic atom recognized,Conditional proof only: source-summary formula truth and NL-to-formula adequacy are separate obligations.
SENT-2390,5.3.4,docs/5.根拠を選別・整形する/5.3.Reranking.md,113,複雑な少数候補に限り、LLMの一覧比較を検討します。,concrete_technology_claim,ATOM,ATOM(listwise=true),listwise=true,SRC-085;SRC-088,https://arxiv.org/abs/2305.02156;https://arxiv.org/abs/2304.09542,existing_direct_paragraph_or_technology_mapping,EXISTING_MAPPING_REQUIRES_SEMANTIC_REVIEW,CONTROLLED_TERM_PROJECTION_REQUIRES_CLAIM_POLARITY_REVIEW,SRC_085_sourceTheorem;SRC_088_sourceTheorem,benchmark=true;dual_encoder=true;empirical_result=true;evaluation=true;generation=true;ids_closed_world=true;listwise=true;llm_judge=true;reads_candidate_text=true;rerank=true;retrieval=true;verification=true,,PROVED_SOURCE_SUMMARY_ENTAILS_GUIDE_FORMULA,MODEL_PROVED,literature_SENT_2390,INCONCLUSIVE_REQUIRES_BILINGUAL_DOMAIN_REVIEW,INCONCLUSIVE,Lean checks the positive propositional derivation under source-summary premises,Conditional proof only: source-summary formula truth and NL-to-formula adequacy are separate obligations.
SENT-2392,5.3.4,docs/5.根拠を選別・整形する/5.3.Reranking.md,117,再順位付け前後の正解順位,general_technical_claim,ATOM,ATOM(rerank=true),rerank=true,SRC-084;SRC-085;SRC-086;SRC-088,https://arxiv.org/abs/1901.04085;https://arxiv.org/abs/2305.02156;https://arxiv.org/abs/2003.06713;https://arxiv.org/abs/2304.09542,same_file_candidate,CANDIDATE_REQUIRES_DOMAIN_REVIEW,CONTROLLED_TERM_PROJECTION_REQUIRES_CLAIM_POLARITY_REVIEW,SRC_084_sourceTheorem;SRC_085_sourceTheorem;SRC_086_sourceTheorem;SRC_088_sourceTheorem,benchmark=true;candidate_generation=false;diversity=true;dual_encoder=true;empirical_result=true;evaluation=true;generation=true;ids_closed_world=true;listwise=true;llm_judge=true;output_subset=true;pointwise=true;reads_candidate_text=true;rerank=true;retrieval=true;verification=true,,PROVED_SOURCE_SUMMARY_ENTAILS_GUIDE_FORMULA,MODEL_PROVED,literature_SENT_2392,INCONCLUSIVE_REQUIRES_BILINGUAL_DOMAIN_REVIEW,INCONCLUSIVE,Lean checks the positive propositional derivation under source-summary premises,Conditional proof only: source-summary formula truth and NL-to-formula adequacy are separate obligations.
SENT-2404,5.4.1,docs/5.根拠を選別・整形する/5.4.Context compression.md,11,RECOMP論文は、retrieved contextの抽出型圧縮、要約型圧縮、および追加contextを使わない選択を同研究のaugmentation構成として扱っています。,externally_cited_claim,NOT,"NOT(AND(ATOM(compression=true), ATOM(retrieval=true)))",compression=true;retrieval=true,SRC-089,https://arxiv.org/abs/2310.04408,existing_direct_paragraph_or_technology_mapping,EXISTING_MAPPING_REQUIRES_SEMANTIC_REVIEW,CONTROLLED_TERM_PROJECTION_REQUIRES_CLAIM_POLARITY_REVIEW,SRC_089_sourceTheorem,compression=true;context_compression=true;cost=true;empirical_result=true;evaluation=true;generation=true;open_domain_qa=true;provenance_mapping_required=true;rag=true;retrieval=true,,INCONCLUSIVE_RELATION_NOT_SUPPORTED_BY_POSITIVE_SOURCE_FACTS,INCONCLUSIVE,,INCONCLUSIVE_REQUIRES_BILINGUAL_DOMAIN_REVIEW,INCONCLUSIVE,implication/negation requires a relation-preserving source formalization,Conditional proof only: source-summary formula truth and NL-to-formula adequacy are separate obligations.
SENT-2414,5.4.2,docs/5.根拠を選別・整形する/5.4.Context compression.md,27,要約型圧縮は、長いチャンクまたは複数文書を生成モデルで短い文章へ変換します。,general_technical_claim,OR,"OR(ATOM(compression=true), ATOM(generation=true))",compression=true;generation=true,SRC-091;SRC-092;SRC-093;SRC-090,https://arxiv.org/abs/2310.05736;https://arxiv.org/abs/2310.06839;https://arxiv.org/abs/2310.06201;https://arxiv.org/abs/2401.00396,same_unit_candidate,CANDIDATE_REQUIRES_DOMAIN_REVIEW,CONTROLLED_TERM_PROJECTION_REQUIRES_CLAIM_POLARITY_REVIEW,SRC_091_sourceTheorem;SRC_092_sourceTheorem;SRC_093_sourceTheorem;SRC_090_sourceTheorem,benchmark=true;compression=true;context_compression=true;cost=true;empirical_result=true;evaluation=true;generation=true;hallucination=true;latency=true;long_context=true;protected_tokens_required=true;question_aware=true;question_independent=true;rag=true;retrieval=true,,PROVED_SOURCE_SUMMARY_ENTAILS_GUIDE_FORMULA,MODEL_PROVED,literature_SENT_2414,INCONCLUSIVE_REQUIRES_BILINGUAL_DOMAIN_REVIEW,INCONCLUSIVE,Lean checks the positive propositional derivation under source-summary premises,Conditional proof only: source-summary formula truth and NL-to-formula adequacy are separate obligations.
SENT-2419,5.4.2,docs/5.根拠を選別・整形する/5.4.Context compression.md,34,RAGTruthは、収録したRAG出力について、retrieved contextに支持されない生成と矛盾する生成を細分類したcorpusを提供しています。,externally_cited_claim,NOT,"NOT(AND(AND(ATOM(retrieval=true), ATOM(generation=true)), ATOM(evidence_support=true)))",evidence_support=true;generation=true;retrieval=true,SRC-090,https://arxiv.org/abs/2401.00396,existing_direct_paragraph_or_technology_mapping,EXISTING_MAPPING_REQUIRES_SEMANTIC_REVIEW,CONTROLLED_TERM_PROJECTION_REQUIRES_CLAIM_POLARITY_REVIEW,SRC_090_sourceTheorem,benchmark=true;empirical_result=true;evaluation=true;generation=true;hallucination=true;rag=true;retrieval=true,evidence_support=true,INCONCLUSIVE_RELATION_NOT_SUPPORTED_BY_POSITIVE_SOURCE_FACTS,INCONCLUSIVE,,INCONCLUSIVE_REQUIRES_BILINGUAL_DOMAIN_REVIEW,INCONCLUSIVE,implication/negation requires a relation-preserving source formalization,Conditional proof only: source-summary formula truth and NL-to-formula adequacy are separate obligations.
SENT-2421,5.4.2,docs/5.根拠を選別・整形する/5.4.Context compression.md,37,LLMLinguaは、小さい言語モデルでトークンの重要度を推定し、プロンプトを段階的に圧縮する方法です。,externally_cited_claim,AND,"AND(ATOM(compression=true), ATOM(generation=true))",compression=true;generation=true,SRC-091,https://arxiv.org/abs/2310.05736,existing_direct_paragraph_or_technology_mapping,EXISTING_MAPPING_REQUIRES_SEMANTIC_REVIEW,CONTROLLED_TERM_PROJECTION_REQUIRES_CLAIM_POLARITY_REVIEW,SRC_091_sourceTheorem,compression=true;cost=true;empirical_result=true;generation=true;protected_tokens_required=true;retrieval=true,,PROVED_SOURCE_SUMMARY_ENTAILS_GUIDE_FORMULA,MODEL_PROVED,literature_SENT_2421,INCONCLUSIVE_REQUIRES_BILINGUAL_DOMAIN_REVIEW,INCONCLUSIVE,Lean checks the positive propositional derivation under source-summary premises,Conditional proof only: source-summary formula truth and NL-to-formula adequacy are separate obligations.
SENT-2429,5.4.2,docs/5.根拠を選別・整形する/5.4.Context compression.md,48,LongLLMLinguaは、質問を考慮した圧縮と文書の再配置を扱いました。,externally_cited_claim,AND,"AND(ATOM(compression=true), ATOM(question_aware=true))",compression=true;question_aware=true,SRC-092,https://arxiv.org/abs/2310.06839,existing_direct_paragraph_or_technology_mapping,EXISTING_MAPPING_REQUIRES_SEMANTIC_REVIEW,CONTROLLED_TERM_PROJECTION_REQUIRES_CLAIM_POLARITY_REVIEW,SRC_092_sourceTheorem,benchmark=true;compression=true;cost=true;evaluation=true;generation=true;latency=true;long_context=true;question_aware=true;retrieval=true,,PROVED_SOURCE_SUMMARY_ENTAILS_GUIDE_FORMULA,MODEL_PROVED,literature_SENT_2429,INCONCLUSIVE_REQUIRES_BILINGUAL_DOMAIN_REVIEW,INCONCLUSIVE,Lean checks the positive propositional derivation under source-summary premises,Conditional proof only: source-summary formula truth and NL-to-formula adequacy are separate obligations.
SENT-2433,5.4.2,docs/5.根拠を選別・整形する/5.4.Context compression.md,54,圧縮結果は質問に依存します。,empirical_or_research_claim,AND,"AND(ATOM(compression=true), ATOM(empirical_result=true))",compression=true;empirical_result=true,SRC-091;SRC-093;SRC-090;SRC-092,https://arxiv.org/abs/2310.05736;https://arxiv.org/abs/2310.06201;https://arxiv.org/abs/2401.00396;https://arxiv.org/abs/2310.06839,same_unit_candidate,CANDIDATE_REQUIRES_DOMAIN_REVIEW,CONTROLLED_TERM_PROJECTION_REQUIRES_CLAIM_POLARITY_REVIEW,SRC_091_sourceTheorem;SRC_093_sourceTheorem;SRC_090_sourceTheorem;SRC_092_sourceTheorem,benchmark=true;compression=true;context_compression=true;cost=true;empirical_result=true;evaluation=true;generation=true;hallucination=true;latency=true;long_context=true;protected_tokens_required=true;question_aware=true;question_independent=true;rag=true;retrieval=true,,PROVED_SOURCE_SUMMARY_ENTAILS_GUIDE_FORMULA,MODEL_PROVED,literature_SENT_2433,INCONCLUSIVE_REQUIRES_BILINGUAL_DOMAIN_REVIEW,INCONCLUSIVE,Lean checks the positive propositional derivation under source-summary premises,Conditional proof only: source-summary formula truth and NL-to-formula adequacy are separate obligations.
SENT-2435,5.4.2,docs/5.根拠を選別・整形する/5.4.Context compression.md,57,Selective Contextは、小規模language modelが予測しやすい語句を削除対象にする、query-independentなcontext compression手法として提案されています。,externally_cited_claim,ATOM,ATOM(context_compression=true),context_compression=true,SRC-093,https://arxiv.org/abs/2310.06201,existing_direct_paragraph_or_technology_mapping,EXISTING_MAPPING_REQUIRES_SEMANTIC_REVIEW,CONTROLLED_TERM_PROJECTION_REQUIRES_CLAIM_POLARITY_REVIEW,SRC_093_sourceTheorem,compression=true;context_compression=true;cost=true;empirical_result=true;generation=true;latency=true;long_context=true;question_independent=true;retrieval=true,,PROVED_SOURCE_SUMMARY_ENTAILS_GUIDE_FORMULA,MODEL_PROVED,literature_SENT_2435,INCONCLUSIVE_REQUIRES_BILINGUAL_DOMAIN_REVIEW,INCONCLUSIVE,Lean checks the positive propositional derivation under source-summary premises,Conditional proof only: source-summary formula truth and NL-to-formula adequacy are separate obligations.
SENT-2436,5.4.2,docs/5.根拠を選別・整形する/5.4.Context compression.md,58,Selective Contextの評価では、入力短縮後の出力を元model出力との近さで比較していますが、その結果だけでは個々の回答の正しさが保持されるとは判断できません。,concrete_technology_claim,NOT,"NOT(AND(AND(ATOM(generation=true), ATOM(evaluation=true)), ATOM(empirical_result=true)))",empirical_result=true;evaluation=true;generation=true,SRC-093,https://arxiv.org/abs/2310.06201,existing_direct_paragraph_or_technology_mapping,EXISTING_MAPPING_REQUIRES_SEMANTIC_REVIEW,CONTROLLED_TERM_PROJECTION_REQUIRES_CLAIM_POLARITY_REVIEW,SRC_093_sourceTheorem,compression=true;context_compression=true;cost=true;empirical_result=true;generation=true;latency=true;long_context=true;question_independent=true;retrieval=true,evaluation=true,INCONCLUSIVE_RELATION_NOT_SUPPORTED_BY_POSITIVE_SOURCE_FACTS,INCONCLUSIVE,,INCONCLUSIVE_REQUIRES_BILINGUAL_DOMAIN_REVIEW,INCONCLUSIVE,implication/negation requires a relation-preserving source formalization,Conditional proof only: source-summary formula truth and NL-to-formula adequacy are separate obligations.
SENT-2446,5.4.3,docs/5.根拠を選別・整形する/5.4.Context compression.md,74,圧縮項目へ、文書・チャンクID、ページ、原文範囲、圧縮器版を付けます。,general_technical_claim,ATOM,ATOM(compression=true),compression=true,SRC-089;SRC-091;SRC-092;SRC-093,https://arxiv.org/abs/2310.04408;https://arxiv.org/abs/2310.05736;https://arxiv.org/abs/2310.06839;https://arxiv.org/abs/2310.06201,same_file_candidate,CANDIDATE_REQUIRES_DOMAIN_REVIEW,CONTROLLED_TERM_PROJECTION_REQUIRES_CLAIM_POLARITY_REVIEW,SRC_089_sourceTheorem;SRC_091_sourceTheorem;SRC_092_sourceTheorem;SRC_093_sourceTheorem,benchmark=true;compression=true;context_compression=true;cost=true;empirical_result=true;evaluation=true;generation=true;latency=true;long_context=true;open_domain_qa=true;protected_tokens_required=true;provenance_mapping_required=true;question_aware=true;question_independent=true;rag=true;retrieval=true,,PROVED_SOURCE_SUMMARY_ENTAILS_GUIDE_FORMULA,MODEL_PROVED,literature_SENT_2446,INCONCLUSIVE_REQUIRES_BILINGUAL_DOMAIN_REVIEW,INCONCLUSIVE,Lean checks the positive propositional derivation under source-summary premises,Conditional proof only: source-summary formula truth and NL-to-formula adequacy are separate obligations.
SENT-2462,FILE-INTRO,docs/5.根拠を選別・整形する/5.5.Evidence Set設計.md,5,本節では、Evidence unitの粒度、根拠の役割、citation payload、十分性、後段へ渡すschemaを定めます。,general_technical_claim,AND,"AND(ATOM(citation=true), ATOM(evidence_support=true))",citation=true;evidence_support=true,SRC-037;SRC-007,https://arxiv.org/abs/2305.14627;https://aclanthology.org/N18-1074/,same_file_candidate,CANDIDATE_REQUIRES_DOMAIN_REVIEW,CONTROLLED_TERM_PROJECTION_REQUIRES_CLAIM_POLARITY_REVIEW,SRC_037_sourceTheorem;SRC_007_sourceTheorem,benchmark=true;citation=true;dimension_contract=true;empirical_result=true;evaluation=true;evidence_support=true;generation=true;hallucination=true;human_evaluation=true;retrieval=true;verification=true,,PROVED_SOURCE_SUMMARY_ENTAILS_GUIDE_FORMULA,MODEL_PROVED,literature_SENT_2462,INCONCLUSIVE_REQUIRES_BILINGUAL_DOMAIN_REVIEW,INCONCLUSIVE,Lean checks the positive propositional derivation under source-summary premises,Conditional proof only: source-summary formula truth and NL-to-formula adequacy are separate obligations.
SENT-2467,5.5.1,docs/5.根拠を選別・整形する/5.5.Evidence Set設計.md,13,FActScoreは、評価対象のlong-form answerをatomic factへ分割し、各factが指定knowledge sourceで支持されるかを測定します。,externally_cited_claim,AND,"AND(ATOM(evidence_support=true), ATOM(evaluation=true))",evaluation=true;evidence_support=true,SRC-094,https://arxiv.org/abs/2305.14251,existing_direct_paragraph_or_technology_mapping,EXISTING_MAPPING_REQUIRES_SEMANTIC_REVIEW,CONTROLLED_TERM_PROJECTION_REQUIRES_CLAIM_POLARITY_REVIEW,SRC_094_sourceTheorem,cost=true;empirical_result=true;evaluation=true;factuality=true;generation=true;human_evaluation=true;rag=true;retrieval=true,evidence_support=true,INCONCLUSIVE_UNSUPPORTED_ATOMS,INCONCLUSIVE,,INCONCLUSIVE_REQUIRES_BILINGUAL_DOMAIN_REVIEW,INCONCLUSIVE,guide formula contains atoms absent from the selected source summaries,Conditional proof only: source-summary formula truth and NL-to-formula adequacy are separate obligations.
SENT-2484,5.5.2,docs/5.根拠を選別・整形する/5.5.Evidence Set設計.md,38,FEVERのSUPPORTS、REFUTES、NOT ENOUGH INFOは、関連性と支持性を分ける基礎的な枠組みです。,externally_cited_claim,ATOM,ATOM(evidence_support=true),evidence_support=true,SRC-007,https://aclanthology.org/N18-1074/,existing_direct_paragraph_or_technology_mapping,EXISTING_MAPPING_REQUIRES_SEMANTIC_REVIEW,CONTROLLED_TERM_PROJECTION_REQUIRES_CLAIM_POLARITY_REVIEW,SRC_007_sourceTheorem,benchmark=true;evidence_support=true;generation=true;verification=true,,PROVED_SOURCE_SUMMARY_ENTAILS_GUIDE_FORMULA,MODEL_PROVED,literature_SENT_2484,INCONCLUSIVE_REQUIRES_BILINGUAL_DOMAIN_REVIEW,INCONCLUSIVE,Lean checks the positive propositional derivation under source-summary premises,Conditional proof only: source-summary formula truth and NL-to-formula adequacy are separate obligations.
SENT-2489,5.5.3,docs/5.根拠を選別・整形する/5.5.Evidence Set設計.md,47,ALCEは、引用先が主張を支持する正しさと、引用を必要とする主張を覆う網羅性を分けました。,externally_cited_claim,AND,"AND(ATOM(citation=true), ATOM(evidence_support=true))",citation=true;evidence_support=true,SRC-037,https://arxiv.org/abs/2305.14627,existing_direct_paragraph_or_technology_mapping,EXISTING_MAPPING_REQUIRES_SEMANTIC_REVIEW,CONTROLLED_TERM_PROJECTION_REQUIRES_CLAIM_POLARITY_REVIEW,SRC_037_sourceTheorem,benchmark=true;citation=true;dimension_contract=true;empirical_result=true;evaluation=true;evidence_support=true;generation=true;hallucination=true;human_evaluation=true;retrieval=true,,PROVED_SOURCE_SUMMARY_ENTAILS_GUIDE_FORMULA,MODEL_PROVED,literature_SENT_2489,INCONCLUSIVE_REQUIRES_BILINGUAL_DOMAIN_REVIEW,INCONCLUSIVE,Lean checks the positive propositional derivation under source-summary premises,Conditional proof only: source-summary formula truth and NL-to-formula adequacy are separate obligations.
SENT-2525,5.6.2,docs/5.根拠を選別・整形する/5.6.Context packing.md,39,Lost in the Middleは、評価したモデルと課題で、重要情報が入力の中央にあると先頭や末尾より利用されにくい傾向を報告しました。,externally_cited_claim,AND,"AND(AND(ATOM(long_context=true), ATOM(evaluation=true)), ATOM(empirical_result=true))",empirical_result=true;evaluation=true;long_context=true,SRC-035,https://arxiv.org/abs/2307.03172,existing_direct_paragraph_or_technology_mapping,EXISTING_MAPPING_REQUIRES_SEMANTIC_REVIEW,CONTROLLED_TERM_PROJECTION_REQUIRES_CLAIM_POLARITY_REVIEW,SRC_035_sourceTheorem,evaluation=true;generation=true;long_context=true;retrieval=true,empirical_result=true,INCONCLUSIVE_UNSUPPORTED_ATOMS,INCONCLUSIVE,,INCONCLUSIVE_REQUIRES_BILINGUAL_DOMAIN_REVIEW,INCONCLUSIVE,guide formula contains atoms absent from the selected source summaries,Conditional proof only: source-summary formula truth and NL-to-formula adequacy are separate obligations.
SENT-2529,5.6.2,docs/5.根拠を選別・整形する/5.6.Context packing.md,43,Lost in the Middleの位置効果は、同論文が評価したモデル、質問、入力長での結果であり、位置だけを利用可否の決定要因とはみなしません。,empirical_or_research_claim,NOT,"NOT(AND(AND(ATOM(long_context=true), ATOM(evaluation=true)), ATOM(empirical_result=true)))",empirical_result=true;evaluation=true;long_context=true,SRC-035,https://arxiv.org/abs/2307.03172,existing_direct_paragraph_or_technology_mapping,EXISTING_MAPPING_REQUIRES_SEMANTIC_REVIEW,CONTROLLED_TERM_PROJECTION_REQUIRES_CLAIM_POLARITY_REVIEW,SRC_035_sourceTheorem,evaluation=true;generation=true;long_context=true;retrieval=true,empirical_result=true,INCONCLUSIVE_RELATION_NOT_SUPPORTED_BY_POSITIVE_SOURCE_FACTS,INCONCLUSIVE,,INCONCLUSIVE_REQUIRES_BILINGUAL_DOMAIN_REVIEW,INCONCLUSIVE,implication/negation requires a relation-preserving source formalization,Conditional proof only: source-summary formula truth and NL-to-formula adequacy are separate obligations.
SENT-2530,5.6.2,docs/5.根拠を選別・整形する/5.6.Context packing.md,49,Attention Sorting論文は、model attentionに基づいてrelevant documentを入力末尾側へ並べ替える方法を、同論文のsynthetic single-hop QA条件で評価しています。,externally_cited_claim,ATOM,ATOM(evaluation=true),evaluation=true,SRC-095,https://arxiv.org/abs/2310.01427,existing_direct_paragraph_or_technology_mapping,EXISTING_MAPPING_REQUIRES_SEMANTIC_REVIEW,CONTROLLED_TERM_PROJECTION_REQUIRES_CLAIM_POLARITY_REVIEW,SRC_095_sourceTheorem,empirical_result=true;generation=true;long_context=true;rag=true;retrieval=true,evaluation=true,INCONCLUSIVE_UNSUPPORTED_ATOMS,INCONCLUSIVE,,INCONCLUSIVE_REQUIRES_BILINGUAL_DOMAIN_REVIEW,INCONCLUSIVE,guide formula contains atoms absent from the selected source summaries,Conditional proof only: source-summary formula truth and NL-to-formula adequacy are separate obligations.
SENT-2531,5.6.2,docs/5.根拠を選別・整形する/5.6.Context packing.md,50,Attention Sortingの報告範囲には実業務文書、誤情報、複数段階質問、追加計算費用の評価が含まれないため、これらの条件へ結果を外挿しません。,empirical_or_research_claim,NOT,"NOT(AND(AND(AND(ATOM(multi_hop=true), ATOM(evaluation=true)), ATOM(cost=true)), ATOM(empirical_result=true)))",cost=true;empirical_result=true;evaluation=true;multi_hop=true,SRC-095,https://arxiv.org/abs/2310.01427,existing_direct_paragraph_or_technology_mapping,EXISTING_MAPPING_REQUIRES_SEMANTIC_REVIEW,CONTROLLED_TERM_PROJECTION_REQUIRES_CLAIM_POLARITY_REVIEW,SRC_095_sourceTheorem,empirical_result=true;generation=true;long_context=true;rag=true;retrieval=true,cost=true;evaluation=true;multi_hop=true,INCONCLUSIVE_RELATION_NOT_SUPPORTED_BY_POSITIVE_SOURCE_FACTS,INCONCLUSIVE,,INCONCLUSIVE_REQUIRES_BILINGUAL_DOMAIN_REVIEW,INCONCLUSIVE,implication/negation requires a relation-preserving source formalization,Conditional proof only: source-summary formula truth and NL-to-formula adequacy are separate obligations.
SENT-2544,5.6.3,docs/5.根拠を選別・整形する/5.6.Context packing.md,71,間接プロンプトインジェクションの研究は、ウェブや文書中の指示がLLM統合アプリを操作する危険を示しました。,externally_cited_claim,AND,"AND(ATOM(prompt_injection=true), ATOM(risk=true))",prompt_injection=true;risk=true,SRC-096,https://arxiv.org/abs/2302.12173,existing_direct_paragraph_or_technology_mapping,EXISTING_MAPPING_REQUIRES_SEMANTIC_REVIEW,CONTROLLED_TERM_PROJECTION_REQUIRES_CLAIM_POLARITY_REVIEW,SRC_096_sourceTheorem,generation=true;prompt_injection=true;retrieval=true;security=true,risk=true,INCONCLUSIVE_UNSUPPORTED_ATOMS,INCONCLUSIVE,,INCONCLUSIVE_REQUIRES_BILINGUAL_DOMAIN_REVIEW,INCONCLUSIVE,guide formula contains atoms absent from the selected source summaries,Conditional proof only: source-summary formula truth and NL-to-formula adequacy are separate obligations.
SENT-2546,5.6.4,docs/5.根拠を選別・整形する/5.6.Context packing.md,76,token上限超過時は末尾を文字数で切らず、文、表、code block、citation IDの境界単位で削減します。,general_technical_claim,ATOM,ATOM(citation=true),citation=true,SRC-037,https://arxiv.org/abs/2305.14627,same_chapter_candidate,CANDIDATE_REQUIRES_DOMAIN_REVIEW,CONTROLLED_TERM_PROJECTION_REQUIRES_CLAIM_POLARITY_REVIEW,SRC_037_sourceTheorem,benchmark=true;citation=true;dimension_contract=true;empirical_result=true;evaluation=true;evidence_support=true;generation=true;hallucination=true;human_evaluation=true;retrieval=true,,PROVED_SOURCE_SUMMARY_ENTAILS_GUIDE_FORMULA,MODEL_PROVED,literature_SENT_2546,INCONCLUSIVE_REQUIRES_BILINGUAL_DOMAIN_REVIEW,INCONCLUSIVE,Lean checks the positive propositional derivation under source-summary premises,Conditional proof only: source-summary formula truth and NL-to-formula adequacy are separate obligations.
SENT-2571,5.7.1,docs/5.根拠を選別・整形する/5.7.矛盾・古い根拠の扱い.md,18,FEVERの支持、反証、情報不足という分類は、主張と根拠の関係を分ける基礎になります。,externally_cited_claim,ATOM,ATOM(evidence_support=true),evidence_support=true,SRC-007,https://aclanthology.org/N18-1074/,existing_direct_paragraph_or_technology_mapping,EXISTING_MAPPING_REQUIRES_SEMANTIC_REVIEW,CONTROLLED_TERM_PROJECTION_REQUIRES_CLAIM_POLARITY_REVIEW,SRC_007_sourceTheorem,benchmark=true;evidence_support=true;generation=true;verification=true,,PROVED_SOURCE_SUMMARY_ENTAILS_GUIDE_FORMULA,MODEL_PROVED,literature_SENT_2571,INCONCLUSIVE_REQUIRES_BILINGUAL_DOMAIN_REVIEW,INCONCLUSIVE,Lean checks the positive propositional derivation under source-summary premises,Conditional proof only: source-summary formula truth and NL-to-formula adequacy are separate obligations.
SENT-2580,5.7.1,docs/5.根拠を選別・整形する/5.7.矛盾・古い根拠の扱い.md,31,StreamingQAは、時刻付きの知識源と新しい知識への適応を評価しました。,externally_cited_claim,ATOM,ATOM(evaluation=true),evaluation=true,SRC-038,https://arxiv.org/abs/2205.11388,existing_direct_paragraph_or_technology_mapping,EXISTING_MAPPING_REQUIRES_SEMANTIC_REVIEW,CONTROLLED_TERM_PROJECTION_REQUIRES_CLAIM_POLARITY_REVIEW,SRC_038_sourceTheorem,benchmark=true;empirical_result=true;evaluation=true;generation=true;retrieval=true;temporal_freshness=true,,PROVED_SOURCE_SUMMARY_ENTAILS_GUIDE_FORMULA,MODEL_PROVED,literature_SENT_2580,INCONCLUSIVE_REQUIRES_BILINGUAL_DOMAIN_REVIEW,INCONCLUSIVE,Lean checks the positive propositional derivation under source-summary premises,Conditional proof only: source-summary formula truth and NL-to-formula adequacy are separate obligations.
SENT-2602,5.7.2,docs/5.根拠を選別・整形する/5.7.矛盾・古い根拠の扱い.md,64,RAGTruthは、取得した入力文脈に対して支持されない生成と矛盾する生成の例を収集しました。,externally_cited_claim,NOT,"NOT(AND(AND(ATOM(retrieval=true), ATOM(generation=true)), ATOM(evidence_support=true)))",evidence_support=true;generation=true;retrieval=true,SRC-090,https://arxiv.org/abs/2401.00396,existing_direct_paragraph_or_technology_mapping,EXISTING_MAPPING_REQUIRES_SEMANTIC_REVIEW,CONTROLLED_TERM_PROJECTION_REQUIRES_CLAIM_POLARITY_REVIEW,SRC_090_sourceTheorem,benchmark=true;empirical_result=true;evaluation=true;generation=true;hallucination=true;rag=true;retrieval=true,evidence_support=true,INCONCLUSIVE_RELATION_NOT_SUPPORTED_BY_POSITIVE_SOURCE_FACTS,INCONCLUSIVE,,INCONCLUSIVE_REQUIRES_BILINGUAL_DOMAIN_REVIEW,INCONCLUSIVE,implication/negation requires a relation-preserving source formalization,Conditional proof only: source-summary formula truth and NL-to-formula adequacy are separate obligations.
SENT-2616,5.7.3,docs/5.根拠を選別・整形する/5.7.矛盾・古い根拠の扱い.md,86,Corrective RAG論文は、取得文書の妥当性を評価し、その判定に応じて検索結果を補正する経路を同論文のRAG構成として提案しています。,externally_cited_claim,AND,"AND(AND(AND(ATOM(retrieval=true), ATOM(data_quality=true)), ATOM(evaluation=true)), ATOM(empirical_result=true))",data_quality=true;empirical_result=true;evaluation=true;retrieval=true,SRC-097,https://arxiv.org/abs/2401.15884,existing_direct_paragraph_or_technology_mapping,EXISTING_MAPPING_REQUIRES_SEMANTIC_REVIEW,CONTROLLED_TERM_PROJECTION_REQUIRES_CLAIM_POLARITY_REVIEW,SRC_097_sourceTheorem,empirical_result=true;generation=true;hallucination=true;parametric_memory=true;rag=true;retrieval=true;security=true,data_quality=true;evaluation=true,INCONCLUSIVE_UNSUPPORTED_ATOMS,INCONCLUSIVE,,INCONCLUSIVE_REQUIRES_BILINGUAL_DOMAIN_REVIEW,INCONCLUSIVE,guide formula contains atoms absent from the selected source summaries,Conditional proof only: source-summary formula truth and NL-to-formula adequacy are separate obligations.
SENT-2627,5.7.4,docs/5.根拠を選別・整形する/5.7.矛盾・古い根拠の扱い.md,104,RefCheckerは、指定referenceに照らして、生成claimを支持あり、支持なし、矛盾などへ細分類するhallucination検査方法とbenchmarkを扱っています。,externally_cited_claim,AND,"AND(AND(AND(AND(ATOM(generation=true), ATOM(hallucination=true)), ATOM(evidence_support=true)), ATOM(evaluation=true)), ATOM(benchmark=true))",benchmark=true;evaluation=true;evidence_support=true;generation=true;hallucination=true,SRC-098,https://arxiv.org/abs/2405.14486,existing_direct_paragraph_or_technology_mapping,EXISTING_MAPPING_REQUIRES_SEMANTIC_REVIEW,CONTROLLED_TERM_PROJECTION_REQUIRES_CLAIM_POLARITY_REVIEW,SRC_098_sourceTheorem,benchmark=true;empirical_result=true;evaluation=true;generation=true;hallucination=true;retrieval=true,evidence_support=true,INCONCLUSIVE_UNSUPPORTED_ATOMS,INCONCLUSIVE,,INCONCLUSIVE_REQUIRES_BILINGUAL_DOMAIN_REVIEW,INCONCLUSIVE,guide formula contains atoms absent from the selected source summaries,Conditional proof only: source-summary formula truth and NL-to-formula adequacy are separate obligations.
SENT-2664,6.1.1,docs/6.根拠に基づいて回答する/6.1.Grounded prompt.md,11,RAGは、外部文書を生成モデルの条件へ加えました。,externally_cited_claim,ATOM,ATOM(generation=true),generation=true,SRC-099,https://arxiv.org/abs/2005.11401,existing_direct_paragraph_or_technology_mapping,EXISTING_MAPPING_REQUIRES_SEMANTIC_REVIEW,CONTROLLED_TERM_PROJECTION_REQUIRES_CLAIM_POLARITY_REVIEW,SRC_099_sourceTheorem,empirical_result=true;evaluation=true;external_knowledge=true;generation=true;knowledge_intensive=true;nonparametric_memory=true;open_domain_qa=true;parametric_memory=true;rag=true;retrieval=true,,PROVED_SOURCE_SUMMARY_ENTAILS_GUIDE_FORMULA,MODEL_PROVED,literature_SENT_2664,INCONCLUSIVE_REQUIRES_BILINGUAL_DOMAIN_REVIEW,INCONCLUSIVE,Lean checks the positive propositional derivation under source-summary premises,Conditional proof only: source-summary formula truth and NL-to-formula adequacy are separate obligations.
SENT-2670,6.1.1,docs/6.根拠に基づいて回答する/6.1.Grounded prompt.md,19,間接プロンプトインジェクションの研究は、ウェブやメールなどの外部データへ埋めた指示がLLM統合アプリへ影響する攻撃を示しました。,externally_cited_claim,AND,"AND(ATOM(security=true), ATOM(prompt_injection=true))",prompt_injection=true;security=true,SRC-096,https://arxiv.org/abs/2302.12173,existing_direct_paragraph_or_technology_mapping,EXISTING_MAPPING_REQUIRES_SEMANTIC_REVIEW,CONTROLLED_TERM_PROJECTION_REQUIRES_CLAIM_POLARITY_REVIEW,SRC_096_sourceTheorem,generation=true;prompt_injection=true;retrieval=true;security=true,,PROVED_SOURCE_SUMMARY_ENTAILS_GUIDE_FORMULA,MODEL_PROVED,literature_SENT_2670,INCONCLUSIVE_REQUIRES_BILINGUAL_DOMAIN_REVIEW,INCONCLUSIVE,Lean checks the positive propositional derivation under source-summary premises,Conditional proof only: source-summary formula truth and NL-to-formula adequacy are separate obligations.
SENT-2676,6.1.2,docs/6.根拠に基づいて回答する/6.1.Grounded prompt.md,30,各項目には、引用ID、文書・チャンクID、文書名、ページ、節、版、有効日、根拠の役割を付けます。,general_technical_claim,AND,"AND(ATOM(citation=true), ATOM(evidence_support=true))",citation=true;evidence_support=true,SRC-037,https://arxiv.org/abs/2305.14627,same_file_candidate,CANDIDATE_REQUIRES_DOMAIN_REVIEW,CONTROLLED_TERM_PROJECTION_REQUIRES_CLAIM_POLARITY_REVIEW,SRC_037_sourceTheorem,benchmark=true;citation=true;dimension_contract=true;empirical_result=true;evaluation=true;evidence_support=true;generation=true;hallucination=true;human_evaluation=true;retrieval=true,,PROVED_SOURCE_SUMMARY_ENTAILS_GUIDE_FORMULA,MODEL_PROVED,literature_SENT_2676,INCONCLUSIVE_REQUIRES_BILINGUAL_DOMAIN_REVIEW,INCONCLUSIVE,Lean checks the positive propositional derivation under source-summary premises,Conditional proof only: source-summary formula truth and NL-to-formula adequacy are separate obligations.
SENT-2690,6.1.3,docs/6.根拠に基づいて回答する/6.1.Grounded prompt.md,51,ALCEは、引用の正しさと引用の網羅性を別々に評価しました。,externally_cited_claim,AND,"AND(ATOM(citation=true), ATOM(evaluation=true))",citation=true;evaluation=true,SRC-037,https://arxiv.org/abs/2305.14627,existing_direct_paragraph_or_technology_mapping,EXISTING_MAPPING_REQUIRES_SEMANTIC_REVIEW,CONTROLLED_TERM_PROJECTION_REQUIRES_CLAIM_POLARITY_REVIEW,SRC_037_sourceTheorem,benchmark=true;citation=true;dimension_contract=true;empirical_result=true;evaluation=true;evidence_support=true;generation=true;hallucination=true;human_evaluation=true;retrieval=true,,PROVED_SOURCE_SUMMARY_ENTAILS_GUIDE_FORMULA,MODEL_PROVED,literature_SENT_2690,INCONCLUSIVE_REQUIRES_BILINGUAL_DOMAIN_REVIEW,INCONCLUSIVE,Lean checks the positive propositional derivation under source-summary premises,Conditional proof only: source-summary formula truth and NL-to-formula adequacy are separate obligations.
SENT-2720,6.2.3,docs/6.根拠に基づいて回答する/6.2.回答形式設計.md,19,完全回答と部分回答では、各claimにEvidence Set内のcitation IDを一件以上付けます。,general_technical_claim,AND,"AND(AND(ATOM(generation=true), ATOM(citation=true)), ATOM(evidence_support=true))",citation=true;evidence_support=true;generation=true,SRC-037;SRC-100;SRC-007;SRC-013;SRC-036,https://arxiv.org/abs/2305.14627;https://arxiv.org/abs/2203.11147;https://aclanthology.org/N18-1074/;https://arxiv.org/abs/2310.03214;https://arxiv.org/abs/2009.02252,same_chapter_candidate,CANDIDATE_REQUIRES_DOMAIN_REVIEW,CONTROLLED_TERM_PROJECTION_REQUIRES_CLAIM_POLARITY_REVIEW,SRC_037_sourceTheorem;SRC_100_sourceTheorem;SRC_007_sourceTheorem;SRC_013_sourceTheorem;SRC_036_sourceTheorem,benchmark=true;citation=true;dimension_contract=true;empirical_result=true;evaluation=true;evidence_support=true;external_knowledge=true;factuality=true;generation=true;hallucination=true;human_evaluation=true;knowledge_intensive=true;open_domain_qa=true;retrieval=true;temporal_freshness=true;verification=true,,PROVED_SOURCE_SUMMARY_ENTAILS_GUIDE_FORMULA,MODEL_PROVED,literature_SENT_2720,INCONCLUSIVE_REQUIRES_BILINGUAL_DOMAIN_REVIEW,INCONCLUSIVE,Lean checks the positive propositional derivation under source-summary premises,Conditional proof only: source-summary formula truth and NL-to-formula adequacy are separate obligations.
SENT-2721,6.2.3,docs/6.根拠に基づいて回答する/6.2.回答形式設計.md,95,schema検証だけでは、citation IDが実在するか、claimを根拠が支持するか、必要な論点を覆ったかは分かりません。,general_technical_claim,NOT,"NOT(AND(AND(ATOM(citation=true), ATOM(verification=true)), ATOM(evidence_support=true)))",citation=true;evidence_support=true;verification=true,SRC-007;SRC-037;SRC-100;SRC-013;SRC-036,https://aclanthology.org/N18-1074/;https://arxiv.org/abs/2305.14627;https://arxiv.org/abs/2203.11147;https://arxiv.org/abs/2310.03214;https://arxiv.org/abs/2009.02252,same_chapter_candidate,CANDIDATE_REQUIRES_DOMAIN_REVIEW,CONTROLLED_TERM_PROJECTION_REQUIRES_CLAIM_POLARITY_REVIEW,SRC_007_sourceTheorem;SRC_037_sourceTheorem;SRC_100_sourceTheorem;SRC_013_sourceTheorem;SRC_036_sourceTheorem,benchmark=true;citation=true;dimension_contract=true;empirical_result=true;evaluation=true;evidence_support=true;external_knowledge=true;factuality=true;generation=true;hallucination=true;human_evaluation=true;knowledge_intensive=true;open_domain_qa=true;retrieval=true;temporal_freshness=true;verification=true,,INCONCLUSIVE_RELATION_NOT_SUPPORTED_BY_POSITIVE_SOURCE_FACTS,INCONCLUSIVE,,INCONCLUSIVE_REQUIRES_BILINGUAL_DOMAIN_REVIEW,INCONCLUSIVE,implication/negation requires a relation-preserving source formalization,Conditional proof only: source-summary formula truth and NL-to-formula adequacy are separate obligations.
SENT-2748,6.3.1,docs/6.根拠に基づいて回答する/6.3.Answerability・Refusal.md,12,GopherCiteの評価構成は、回答へ検証対象の引用を付ける動作と、十分な根拠がない場合に回答しない動作を組み合わせています。,externally_cited_claim,NOT,"NOT(AND(AND(AND(AND(ATOM(generation=true), ATOM(citation=true)), ATOM(verification=true)), ATOM(evidence_support=true)), ATOM(evaluation=true)))",citation=true;evaluation=true;evidence_support=true;generation=true;verification=true,SRC-100,https://arxiv.org/abs/2203.11147,existing_direct_paragraph_or_technology_mapping,EXISTING_MAPPING_REQUIRES_SEMANTIC_REVIEW,CONTROLLED_TERM_PROJECTION_REQUIRES_CLAIM_POLARITY_REVIEW,SRC_100_sourceTheorem,citation=true;empirical_result=true;evaluation=true;evidence_support=true;factuality=true;generation=true;hallucination=true;human_evaluation=true;retrieval=true,verification=true,INCONCLUSIVE_RELATION_NOT_SUPPORTED_BY_POSITIVE_SOURCE_FACTS,INCONCLUSIVE,,INCONCLUSIVE_REQUIRES_BILINGUAL_DOMAIN_REVIEW,INCONCLUSIVE,implication/negation requires a relation-preserving source formalization,Conditional proof only: source-summary formula truth and NL-to-formula adequacy are separate obligations.
SENT-2749,6.3.1,docs/6.根拠に基づいて回答する/6.3.Answerability・Refusal.md,13,SQuAD 2.0は、passage中にanswer spanが存在しないquestionを追加し、回答抽出と回答不能判定を同じreading comprehension taskで評価します。,externally_cited_claim,NOT,"NOT(AND(AND(ATOM(generation=true), ATOM(unanswerable=true)), ATOM(evaluation=true)))",evaluation=true;generation=true;unanswerable=true,SRC-101,https://arxiv.org/abs/1806.03822,existing_direct_paragraph_or_technology_mapping,EXISTING_MAPPING_REQUIRES_SEMANTIC_REVIEW,CONTROLLED_TERM_PROJECTION_REQUIRES_CLAIM_POLARITY_REVIEW,SRC_101_sourceTheorem,answerability=true;generation=true;retrieval=true;unanswerable=true,evaluation=true,INCONCLUSIVE_RELATION_NOT_SUPPORTED_BY_POSITIVE_SOURCE_FACTS,INCONCLUSIVE,,INCONCLUSIVE_REQUIRES_BILINGUAL_DOMAIN_REVIEW,INCONCLUSIVE,implication/negation requires a relation-preserving source formalization,Conditional proof only: source-summary formula truth and NL-to-formula adequacy are separate obligations.
SENT-2775,FILE-INTRO,docs/6.根拠に基づいて回答する/6.4.Citation設計.md,3,Citationは、回答中のclaimを、回答時に利用した原文へ戻すための契約です。,general_technical_claim,AND,"AND(ATOM(generation=true), ATOM(citation=true))",citation=true;generation=true,SRC-037;SRC-102,https://arxiv.org/abs/2305.14627;https://arxiv.org/abs/2112.12870,same_file_candidate,CANDIDATE_REQUIRES_DOMAIN_REVIEW,CONTROLLED_TERM_PROJECTION_REQUIRES_CLAIM_POLARITY_REVIEW,SRC_037_sourceTheorem;SRC_102_sourceTheorem,attribution=true;benchmark=true;citation=true;dimension_contract=true;empirical_result=true;evaluation=true;evidence_support=true;generation=true;hallucination=true;human_evaluation=true;retrieval=true,,PROVED_SOURCE_SUMMARY_ENTAILS_GUIDE_FORMULA,MODEL_PROVED,literature_SENT_2775,INCONCLUSIVE_REQUIRES_BILINGUAL_DOMAIN_REVIEW,INCONCLUSIVE,Lean checks the positive propositional derivation under source-summary premises,Conditional proof only: source-summary formula truth and NL-to-formula adequacy are separate obligations.
SENT-2777,FILE-INTRO,docs/6.根拠に基づいて回答する/6.4.Citation設計.md,5,本節ではcitation ID、sourceと引用範囲、correctnessとcompleteness、UI（User Interface、利用者インターフェース）表示、監査記録を一体として設計します。,general_technical_claim,ATOM,ATOM(citation=true),citation=true,SRC-037,https://arxiv.org/abs/2305.14627,same_file_candidate,CANDIDATE_REQUIRES_DOMAIN_REVIEW,CONTROLLED_TERM_PROJECTION_REQUIRES_CLAIM_POLARITY_REVIEW,SRC_037_sourceTheorem,benchmark=true;citation=true;dimension_contract=true;empirical_result=true;evaluation=true;evidence_support=true;generation=true;hallucination=true;human_evaluation=true;retrieval=true,,PROVED_SOURCE_SUMMARY_ENTAILS_GUIDE_FORMULA,MODEL_PROVED,literature_SENT_2777,INCONCLUSIVE_REQUIRES_BILINGUAL_DOMAIN_REVIEW,INCONCLUSIVE,Lean checks the positive propositional derivation under source-summary premises,Conditional proof only: source-summary formula truth and NL-to-formula adequacy are separate obligations.
SENT-2790,6.4.1,docs/6.根拠に基づいて回答する/6.4.Citation設計.md,25,Attributable to Identified Sourcesは、生成内容を特定の情報源に結び付けられるかを評価する枠組みを扱いました。,externally_cited_claim,AND,"AND(ATOM(generation=true), ATOM(evaluation=true))",evaluation=true;generation=true,SRC-102,https://arxiv.org/abs/2112.12870,existing_direct_paragraph_or_technology_mapping,EXISTING_MAPPING_REQUIRES_SEMANTIC_REVIEW,CONTROLLED_TERM_PROJECTION_REQUIRES_CLAIM_POLARITY_REVIEW,SRC_102_sourceTheorem,attribution=true;empirical_result=true;evaluation=true;generation=true;human_evaluation=true;retrieval=true,,PROVED_SOURCE_SUMMARY_ENTAILS_GUIDE_FORMULA,MODEL_PROVED,literature_SENT_2790,INCONCLUSIVE_REQUIRES_BILINGUAL_DOMAIN_REVIEW,INCONCLUSIVE,Lean checks the positive propositional derivation under source-summary premises,Conditional proof only: source-summary formula truth and NL-to-formula adequacy are separate obligations.
SENT-2802,6.4.2,docs/6.根拠に基づいて回答する/6.4.Citation設計.md,44,ALCEは、引用の正しさを独立した評価軸としました。,externally_cited_claim,AND,"AND(ATOM(citation=true), ATOM(evaluation=true))",citation=true;evaluation=true,SRC-037,https://arxiv.org/abs/2305.14627,existing_direct_paragraph_or_technology_mapping,EXISTING_MAPPING_REQUIRES_SEMANTIC_REVIEW,CONTROLLED_TERM_PROJECTION_REQUIRES_CLAIM_POLARITY_REVIEW,SRC_037_sourceTheorem,benchmark=true;citation=true;dimension_contract=true;empirical_result=true;evaluation=true;evidence_support=true;generation=true;hallucination=true;human_evaluation=true;retrieval=true,,PROVED_SOURCE_SUMMARY_ENTAILS_GUIDE_FORMULA,MODEL_PROVED,literature_SENT_2802,INCONCLUSIVE_REQUIRES_BILINGUAL_DOMAIN_REVIEW,INCONCLUSIVE,Lean checks the positive propositional derivation under source-summary premises,Conditional proof only: source-summary formula truth and NL-to-formula adequacy are separate obligations.
SENT-2826,6.5.1,docs/6.根拠に基づいて回答する/6.5.複数根拠の統合.md,13,FEVERは、主張を支持・反証する根拠を扱い、KILTは情報源の出所を課題の評価へ組み込みました。,externally_cited_claim,AND,"AND(ATOM(evidence_support=true), ATOM(evaluation=true))",evaluation=true;evidence_support=true,SRC-007;SRC-036,https://aclanthology.org/N18-1074/;https://arxiv.org/abs/2009.02252,existing_direct_paragraph_or_technology_mapping,EXISTING_MAPPING_REQUIRES_SEMANTIC_REVIEW,CONTROLLED_TERM_PROJECTION_REQUIRES_CLAIM_POLARITY_REVIEW,SRC_007_sourceTheorem;SRC_036_sourceTheorem,benchmark=true;empirical_result=true;evaluation=true;evidence_support=true;external_knowledge=true;factuality=true;generation=true;knowledge_intensive=true;open_domain_qa=true;retrieval=true;verification=true,,PROVED_SOURCE_SUMMARY_ENTAILS_GUIDE_FORMULA,MODEL_PROVED,literature_SENT_2826,INCONCLUSIVE_REQUIRES_BILINGUAL_DOMAIN_REVIEW,INCONCLUSIVE,Lean checks the positive propositional derivation under source-summary premises,Conditional proof only: source-summary formula truth and NL-to-formula adequacy are separate obligations.
SENT-2835,6.5.2,docs/6.根拠に基づいて回答する/6.5.複数根拠の統合.md,27,FreshLLMsは、変化の速い知識、誤った前提、検索結果の順序などを含む評価を扱いました。,externally_cited_claim,AND,"AND(AND(ATOM(retrieval=true), ATOM(evaluation=true)), ATOM(empirical_result=true))",empirical_result=true;evaluation=true;retrieval=true,SRC-013,https://arxiv.org/abs/2310.03214,existing_direct_paragraph_or_technology_mapping,EXISTING_MAPPING_REQUIRES_SEMANTIC_REVIEW,CONTROLLED_TERM_PROJECTION_REQUIRES_CLAIM_POLARITY_REVIEW,SRC_013_sourceTheorem,benchmark=true;empirical_result=true;evaluation=true;evidence_support=true;factuality=true;generation=true;hallucination=true;human_evaluation=true;retrieval=true;temporal_freshness=true,,PROVED_SOURCE_SUMMARY_ENTAILS_GUIDE_FORMULA,MODEL_PROVED,literature_SENT_2835,INCONCLUSIVE_REQUIRES_BILINGUAL_DOMAIN_REVIEW,INCONCLUSIVE,Lean checks the positive propositional derivation under source-summary premises,Conditional proof only: source-summary formula truth and NL-to-formula adequacy are separate obligations.
SENT-2841,6.5.2,docs/6.根拠に基づいて回答する/6.5.複数根拠の統合.md,32,回答の各段落またはclaimについて、採用したEvidence unitとcitationを対応付けます。,general_technical_claim,OR,"OR(ATOM(generation=true), AND(ATOM(citation=true), ATOM(evidence_support=true)))",citation=true;evidence_support=true;generation=true,SRC-013,https://arxiv.org/abs/2310.03214,same_unit_candidate,CANDIDATE_REQUIRES_DOMAIN_REVIEW,CONTROLLED_TERM_PROJECTION_REQUIRES_CLAIM_POLARITY_REVIEW,SRC_013_sourceTheorem,benchmark=true;empirical_result=true;evaluation=true;evidence_support=true;factuality=true;generation=true;hallucination=true;human_evaluation=true;retrieval=true;temporal_freshness=true,citation=true,PROVED_SOURCE_SUMMARY_ENTAILS_GUIDE_FORMULA,MODEL_PROVED,literature_SENT_2841,INCONCLUSIVE_REQUIRES_BILINGUAL_DOMAIN_REVIEW,INCONCLUSIVE,Lean checks the positive propositional derivation under source-summary premises,Conditional proof only: source-summary formula truth and NL-to-formula adequacy are separate obligations.
SENT-2849,6.6.1,docs/6.根拠に基づいて回答する/6.6.Claim-level verification.md,12,FActScoreは、評価対象のlong-form textをatomic factへ分割し、各factに対する指定knowledge sourceの支持を個別に採点します。,externally_cited_claim,AND,"AND(ATOM(evidence_support=true), ATOM(evaluation=true))",evaluation=true;evidence_support=true,SRC-094,https://arxiv.org/abs/2305.14251,existing_direct_paragraph_or_technology_mapping,EXISTING_MAPPING_REQUIRES_SEMANTIC_REVIEW,CONTROLLED_TERM_PROJECTION_REQUIRES_CLAIM_POLARITY_REVIEW,SRC_094_sourceTheorem,cost=true;empirical_result=true;evaluation=true;factuality=true;generation=true;human_evaluation=true;rag=true;retrieval=true,evidence_support=true,INCONCLUSIVE_UNSUPPORTED_ATOMS,INCONCLUSIVE,,INCONCLUSIVE_REQUIRES_BILINGUAL_DOMAIN_REVIEW,INCONCLUSIVE,guide formula contains atoms absent from the selected source summaries,Conditional proof only: source-summary formula truth and NL-to-formula adequacy are separate obligations.
SENT-2879,6.6.3,docs/6.根拠に基づいて回答する/6.6.Claim-level verification.md,58,Chain-of-Verificationは、下書きと検証質問、独立回答、最終修正を分けました。,externally_cited_claim,AND,"AND(ATOM(generation=true), ATOM(verification=true))",generation=true;verification=true,SRC-103,https://arxiv.org/abs/2309.11495,existing_direct_paragraph_or_technology_mapping,EXISTING_MAPPING_REQUIRES_SEMANTIC_REVIEW,CONTROLLED_TERM_PROJECTION_REQUIRES_CLAIM_POLARITY_REVIEW,SRC_103_sourceTheorem,empirical_result=true;generation=true;hallucination=true;retrieval=true;verification=true,,PROVED_SOURCE_SUMMARY_ENTAILS_GUIDE_FORMULA,MODEL_PROVED,literature_SENT_2879,INCONCLUSIVE_REQUIRES_BILINGUAL_DOMAIN_REVIEW,INCONCLUSIVE,Lean checks the positive propositional derivation under source-summary premises,Conditional proof only: source-summary formula truth and NL-to-formula adequacy are separate obligations.
SENT-2893,6.6.4,docs/6.根拠に基づいて回答する/6.6.Claim-level verification.md,80,RARRは、生成済み文章を調査し、根拠を付けながら改訂する処理を示しました。,externally_cited_claim,AND,"AND(ATOM(generation=true), ATOM(evidence_support=true))",evidence_support=true;generation=true,SRC-104,https://arxiv.org/abs/2210.08726,existing_direct_paragraph_or_technology_mapping,EXISTING_MAPPING_REQUIRES_SEMANTIC_REVIEW,CONTROLLED_TERM_PROJECTION_REQUIRES_CLAIM_POLARITY_REVIEW,SRC_104_sourceTheorem,attribution=true;empirical_result=true;evidence_support=true;generation=true;retrieval=true,,PROVED_SOURCE_SUMMARY_ENTAILS_GUIDE_FORMULA,MODEL_PROVED,literature_SENT_2893,INCONCLUSIVE_REQUIRES_BILINGUAL_DOMAIN_REVIEW,INCONCLUSIVE,Lean checks the positive propositional derivation under source-summary premises,Conditional proof only: source-summary formula truth and NL-to-formula adequacy are separate obligations.
SENT-2937,FILE-INTRO,docs/6.根拠に基づいて回答する/6.8.回答と業務実行の境界.md,20,Toolformerは、言語モデルがAPI呼び出しを学習する方法を扱い、ReActは推論と行動を交互に進めました。,externally_cited_claim,AND,"AND(AND(ATOM(learned=true), ATOM(generation=true)), ATOM(tool_use=true))",generation=true;learned=true;tool_use=true,SRC-163;SRC-116,https://arxiv.org/abs/2302.04761;https://arxiv.org/abs/2210.03629,existing_direct_paragraph_or_technology_mapping,EXISTING_MAPPING_REQUIRES_SEMANTIC_REVIEW,CONTROLLED_TERM_PROJECTION_REQUIRES_CLAIM_POLARITY_REVIEW,SRC_163_sourceTheorem;SRC_116_sourceTheorem,bedrock_kb=true;benchmark=true;empirical_result=true;evaluation=true;external_knowledge=true;generation=true;hallucination=true;retrieval=true;tool_use=true;verification=true,learned=true,INCONCLUSIVE_UNSUPPORTED_ATOMS,INCONCLUSIVE,,INCONCLUSIVE_REQUIRES_BILINGUAL_DOMAIN_REVIEW,INCONCLUSIVE,guide formula contains atoms absent from the selected source summaries,Conditional proof only: source-summary formula truth and NL-to-formula adequacy are separate obligations.
SENT-2955,7.1.1,docs/7.品質を評価し改善する/7.1.評価設計の全体像.md,9,文書を取得できたか、正解箇所を含むチャンクを取得できたか、回答中の主張を根拠が支えているか、利用者が業務を完了できたかは、それぞれ別の評価です。,general_technical_claim,AND,"AND(AND(AND(ATOM(retrieval=true), ATOM(generation=true)), ATOM(evidence_support=true)), ATOM(evaluation=true))",evaluation=true;evidence_support=true;generation=true;retrieval=true,SRC-036,https://arxiv.org/abs/2009.02252,same_unit_candidate,CANDIDATE_REQUIRES_DOMAIN_REVIEW,CONTROLLED_TERM_PROJECTION_REQUIRES_CLAIM_POLARITY_REVIEW,SRC_036_sourceTheorem,benchmark=true;empirical_result=true;evaluation=true;evidence_support=true;external_knowledge=true;factuality=true;generation=true;knowledge_intensive=true;open_domain_qa=true;retrieval=true,,PROVED_SOURCE_SUMMARY_ENTAILS_GUIDE_FORMULA,MODEL_PROVED,literature_SENT_2955,INCONCLUSIVE_REQUIRES_BILINGUAL_DOMAIN_REVIEW,INCONCLUSIVE,Lean checks the positive propositional derivation under source-summary premises,Conditional proof only: source-summary formula truth and NL-to-formula adequacy are separate obligations.
SENT-2961,7.1.1,docs/7.品質を評価し改善する/7.1.評価設計の全体像.md,19,| チャンク | 検索用に分割した文章 | 回答に必要な段落を含むか |,general_technical_claim,AND,"AND(ATOM(retrieval=true), ATOM(generation=true))",generation=true;retrieval=true,SRC-036,https://arxiv.org/abs/2009.02252,same_unit_candidate,CANDIDATE_REQUIRES_DOMAIN_REVIEW,CONTROLLED_TERM_PROJECTION_REQUIRES_CLAIM_POLARITY_REVIEW,SRC_036_sourceTheorem,benchmark=true;empirical_result=true;evaluation=true;evidence_support=true;external_knowledge=true;factuality=true;generation=true;knowledge_intensive=true;open_domain_qa=true;retrieval=true,,PROVED_SOURCE_SUMMARY_ENTAILS_GUIDE_FORMULA,MODEL_PROVED,literature_SENT_2961,INCONCLUSIVE_REQUIRES_BILINGUAL_DOMAIN_REVIEW,INCONCLUSIVE,Lean checks the positive propositional derivation under source-summary premises,Conditional proof only: source-summary formula truth and NL-to-formula adequacy are separate obligations.
SENT-2967,7.1.1,docs/7.品質を評価し改善する/7.1.評価設計の全体像.md,26,KILTは、回答の正確さと情報源を示す来歴を組み合わせて知識集約タスクを評価します。,externally_cited_claim,AND,"AND(AND(ATOM(generation=true), ATOM(knowledge_intensive=true)), ATOM(evaluation=true))",evaluation=true;generation=true;knowledge_intensive=true,SRC-036,https://arxiv.org/abs/2009.02252,existing_direct_paragraph_or_technology_mapping,EXISTING_MAPPING_REQUIRES_SEMANTIC_REVIEW,CONTROLLED_TERM_PROJECTION_REQUIRES_CLAIM_POLARITY_REVIEW,SRC_036_sourceTheorem,benchmark=true;empirical_result=true;evaluation=true;evidence_support=true;external_knowledge=true;factuality=true;generation=true;knowledge_intensive=true;open_domain_qa=true;retrieval=true,,PROVED_SOURCE_SUMMARY_ENTAILS_GUIDE_FORMULA,MODEL_PROVED,literature_SENT_2967,INCONCLUSIVE_REQUIRES_BILINGUAL_DOMAIN_REVIEW,INCONCLUSIVE,Lean checks the positive propositional derivation under source-summary premises,Conditional proof only: source-summary formula truth and NL-to-formula adequacy are separate obligations.
SENT-2977,7.1.2,docs/7.品質を評価し改善する/7.1.評価設計の全体像.md,42,埋め込み生成とインデックス登録の失敗件数,general_technical_claim,ATOM,ATOM(generation=true),generation=true,SRC-089,https://arxiv.org/abs/2310.04408,same_unit_candidate,CANDIDATE_REQUIRES_DOMAIN_REVIEW,CONTROLLED_TERM_PROJECTION_REQUIRES_CLAIM_POLARITY_REVIEW,SRC_089_sourceTheorem,compression=true;context_compression=true;cost=true;empirical_result=true;evaluation=true;generation=true;open_domain_qa=true;provenance_mapping_required=true;rag=true;retrieval=true,,PROVED_SOURCE_SUMMARY_ENTAILS_GUIDE_FORMULA,MODEL_PROVED,literature_SENT_2977,INCONCLUSIVE_REQUIRES_BILINGUAL_DOMAIN_REVIEW,INCONCLUSIVE,Lean checks the positive propositional derivation under source-summary premises,Conditional proof only: source-summary formula truth and NL-to-formula adequacy are separate obligations.
SENT-2983,7.1.2,docs/7.品質を評価し改善する/7.1.評価設計の全体像.md,50,これまで「検索再現率」「必要根拠の回収率」と表現した値は、ここで定義するRecall@k系の指標です。,general_technical_claim,AND,"AND(AND(ATOM(retrieval=true), ATOM(evidence_support=true)), ATOM(recall_metric=true))",evidence_support=true;recall_metric=true;retrieval=true,SRC-043;SRC-089,https://arxiv.org/abs/2004.04906;https://arxiv.org/abs/2310.04408,same_unit_candidate,CANDIDATE_REQUIRES_DOMAIN_REVIEW,CONTROLLED_TERM_PROJECTION_REQUIRES_CLAIM_POLARITY_REVIEW,SRC_043_sourceTheorem;SRC_089_sourceTheorem,benchmark=true;compression=true;context_compression=true;cost=true;dense=true;document_statistics=true;dual_encoder=true;empirical_result=true;evaluation=true;generation=true;length_normalization=true;lexical=true;open_domain_qa=true;provenance_mapping_required=true;rag=true;recall_metric=true;retrieval=true;similarity=dot_product;tf_saturation=true,evidence_support=true,INCONCLUSIVE_UNSUPPORTED_ATOMS,INCONCLUSIVE,,INCONCLUSIVE_REQUIRES_BILINGUAL_DOMAIN_REVIEW,INCONCLUSIVE,guide formula contains atoms absent from the selected source summaries,Conditional proof only: source-summary formula truth and NL-to-formula adequacy are separate obligations.
SENT-2989,7.1.2,docs/7.品質を評価し改善する/7.1.評価設計の全体像.md,60,| Recall@k | 正解集合のうち上位k件で回収した割合 | 根拠の取りこぼし確認 |,general_technical_claim,AND,"AND(ATOM(evidence_support=true), ATOM(recall_metric=true))",evidence_support=true;recall_metric=true,SRC-043,https://arxiv.org/abs/2004.04906,same_unit_candidate,CANDIDATE_REQUIRES_DOMAIN_REVIEW,CONTROLLED_TERM_PROJECTION_REQUIRES_CLAIM_POLARITY_REVIEW,SRC_043_sourceTheorem,benchmark=true;dense=true;document_statistics=true;dual_encoder=true;empirical_result=true;evaluation=true;length_normalization=true;lexical=true;open_domain_qa=true;recall_metric=true;retrieval=true;similarity=dot_product;tf_saturation=true,evidence_support=true,INCONCLUSIVE_UNSUPPORTED_ATOMS,INCONCLUSIVE,,INCONCLUSIVE_REQUIRES_BILINGUAL_DOMAIN_REVIEW,INCONCLUSIVE,guide formula contains atoms absent from the selected source summaries,Conditional proof only: source-summary formula truth and NL-to-formula adequacy are separate obligations.
SENT-2991,7.1.2,docs/7.品質を評価し改善する/7.1.評価設計の全体像.md,62,| MRR（Mean Reciprocal Rank、平均逆順位） | 最初の正解順位の逆数の平均 | 最初の有用な根拠までの近さ |,general_technical_claim,ATOM,ATOM(evidence_support=true),evidence_support=true,SRC-036;SRC-037,https://arxiv.org/abs/2009.02252;https://arxiv.org/abs/2305.14627,same_file_candidate,CANDIDATE_REQUIRES_DOMAIN_REVIEW,CONTROLLED_TERM_PROJECTION_REQUIRES_CLAIM_POLARITY_REVIEW,SRC_036_sourceTheorem;SRC_037_sourceTheorem,benchmark=true;citation=true;dimension_contract=true;empirical_result=true;evaluation=true;evidence_support=true;external_knowledge=true;factuality=true;generation=true;hallucination=true;human_evaluation=true;knowledge_intensive=true;open_domain_qa=true;retrieval=true,,PROVED_SOURCE_SUMMARY_ENTAILS_GUIDE_FORMULA,MODEL_PROVED,literature_SENT_2991,INCONCLUSIVE_REQUIRES_BILINGUAL_DOMAIN_REVIEW,INCONCLUSIVE,Lean checks the positive propositional derivation under source-summary premises,Conditional proof only: source-summary formula truth and NL-to-formula adequacy are separate obligations.
SENT-2993,7.1.2,docs/7.品質を評価し改善する/7.1.評価設計の全体像.md,65,Recall@kは、質問qの正解集合をGq、上位k件をRk(q)とすると、|Gq ∩ Rk(q)| / |Gq|で求めます。,general_technical_claim,ATOM,ATOM(recall_metric=true),recall_metric=true,SRC-043,https://arxiv.org/abs/2004.04906,existing_direct_paragraph_or_technology_mapping,EXISTING_MAPPING_REQUIRES_SEMANTIC_REVIEW,CONTROLLED_TERM_PROJECTION_REQUIRES_CLAIM_POLARITY_REVIEW,SRC_043_sourceTheorem,benchmark=true;dense=true;document_statistics=true;dual_encoder=true;empirical_result=true;evaluation=true;length_normalization=true;lexical=true;open_domain_qa=true;recall_metric=true;retrieval=true;similarity=dot_product;tf_saturation=true,,PROVED_SOURCE_SUMMARY_ENTAILS_GUIDE_FORMULA,MODEL_PROVED,literature_SENT_2993,INCONCLUSIVE_REQUIRES_BILINGUAL_DOMAIN_REVIEW,INCONCLUSIVE,Lean checks the positive propositional derivation under source-summary premises,Conditional proof only: source-summary formula truth and NL-to-formula adequacy are separate obligations.
SENT-2994,7.1.2,docs/7.品質を評価し改善する/7.1.評価設計の全体像.md,66,DPRも、読解器へ渡す前の検索性能を、上位k件で正解を取得できた割合で測っています。,externally_cited_claim,ATOM,ATOM(retrieval=true),retrieval=true,SRC-043;SRC-002,https://arxiv.org/abs/2004.04906;https://aclanthology.org/2020.emnlp-main.550/,existing_direct_paragraph_or_technology_mapping,EXISTING_MAPPING_REQUIRES_SEMANTIC_REVIEW,CONTROLLED_TERM_PROJECTION_REQUIRES_CLAIM_POLARITY_REVIEW,SRC_043_sourceTheorem;SRC_002_sourceTheorem,benchmark=true;dense=true;document_statistics=true;dual_encoder=true;empirical_result=true;evaluation=true;length_normalization=true;lexical=true;open_domain_qa=true;recall_metric=true;retrieval=true;similarity=dot_product;tf_saturation=true;verification=true,,PROVED_SOURCE_SUMMARY_ENTAILS_GUIDE_FORMULA,MODEL_PROVED,literature_SENT_2994,INCONCLUSIVE_REQUIRES_BILINGUAL_DOMAIN_REVIEW,INCONCLUSIVE,Lean checks the positive propositional derivation under source-summary premises,Conditional proof only: source-summary formula truth and NL-to-formula adequacy are separate obligations.
SENT-3002,7.1.2,docs/7.品質を評価し改善する/7.1.評価設計の全体像.md,78,RECOMPは、検索文書の圧縮をトークン削減量だけでなく下流タスクの性能とともに評価しています。,externally_cited_claim,AND,"AND(AND(ATOM(compression=true), ATOM(retrieval=true)), ATOM(evaluation=true))",compression=true;evaluation=true;retrieval=true,SRC-089,https://arxiv.org/abs/2310.04408,existing_direct_paragraph_or_technology_mapping,EXISTING_MAPPING_REQUIRES_SEMANTIC_REVIEW,CONTROLLED_TERM_PROJECTION_REQUIRES_CLAIM_POLARITY_REVIEW,SRC_089_sourceTheorem,compression=true;context_compression=true;cost=true;empirical_result=true;evaluation=true;generation=true;open_domain_qa=true;provenance_mapping_required=true;rag=true;retrieval=true,,PROVED_SOURCE_SUMMARY_ENTAILS_GUIDE_FORMULA,MODEL_PROVED,literature_SENT_3002,INCONCLUSIVE_REQUIRES_BILINGUAL_DOMAIN_REVIEW,INCONCLUSIVE,Lean checks the positive propositional derivation under source-summary premises,Conditional proof only: source-summary formula truth and NL-to-formula adequacy are separate obligations.
SENT-3015,7.1.3,docs/7.品質を評価し改善する/7.1.評価設計の全体像.md,97,ALCEは長文回答の引用についてcitation precisionとcitation recallを評価し、FActScoreは長文回答を原子的事実へ分解して知識源による支持を評価します。,externally_cited_claim,AND,"AND(AND(AND(AND(ATOM(generation=true), ATOM(citation=true)), ATOM(evidence_support=true)), ATOM(evaluation=true)), ATOM(recall_metric=true))",citation=true;evaluation=true;evidence_support=true;generation=true;recall_metric=true,SRC-037;SRC-094,https://arxiv.org/abs/2305.14627;https://arxiv.org/abs/2305.14251,existing_direct_paragraph_or_technology_mapping,EXISTING_MAPPING_REQUIRES_SEMANTIC_REVIEW,CONTROLLED_TERM_PROJECTION_REQUIRES_CLAIM_POLARITY_REVIEW,SRC_037_sourceTheorem;SRC_094_sourceTheorem,benchmark=true;citation=true;cost=true;dimension_contract=true;empirical_result=true;evaluation=true;evidence_support=true;factuality=true;generation=true;hallucination=true;human_evaluation=true;rag=true;retrieval=true,recall_metric=true,INCONCLUSIVE_UNSUPPORTED_ATOMS,INCONCLUSIVE,,INCONCLUSIVE_REQUIRES_BILINGUAL_DOMAIN_REVIEW,INCONCLUSIVE,guide formula contains atoms absent from the selected source summaries,Conditional proof only: source-summary formula truth and NL-to-formula adequacy are separate obligations.
SENT-3027,7.1.3,docs/7.品質を評価し改善する/7.1.評価設計の全体像.md,112,RAG評価のサーベイも、検索、生成、RAGシステムの評価を区別して整理しています。,externally_cited_claim,AND,"AND(AND(ATOM(retrieval=true), ATOM(generation=true)), ATOM(evaluation=true))",evaluation=true;generation=true;retrieval=true,SRC-105,https://arxiv.org/abs/2405.07437,existing_direct_paragraph_or_technology_mapping,EXISTING_MAPPING_REQUIRES_SEMANTIC_REVIEW,CONTROLLED_TERM_PROJECTION_REQUIRES_CLAIM_POLARITY_REVIEW,SRC_105_sourceTheorem,benchmark=true;evaluation=true;generation=true;rag=true;retrieval=true,,PROVED_SOURCE_SUMMARY_ENTAILS_GUIDE_FORMULA,MODEL_PROVED,literature_SENT_3027,INCONCLUSIVE_REQUIRES_BILINGUAL_DOMAIN_REVIEW,INCONCLUSIVE,Lean checks the positive propositional derivation under source-summary premises,Conditional proof only: source-summary formula truth and NL-to-formula adequacy are separate obligations.
SENT-3033,7.1.4,docs/7.品質を評価し改善する/7.1.評価設計の全体像.md,122,BEIRに収録された異なるretrieval domain間ではretrieverの相対順位が変わるため、一つのdatasetでの優位を別domainへそのまま外挿できません。,externally_cited_claim,NOT,NOT(ATOM(retrieval=true)),retrieval=true,SRC-066,https://arxiv.org/abs/2104.08663,existing_direct_paragraph_or_technology_mapping,EXISTING_MAPPING_REQUIRES_SEMANTIC_REVIEW,CONTROLLED_TERM_PROJECTION_REQUIRES_CLAIM_POLARITY_REVIEW,SRC_066_sourceTheorem,benchmark=true;cost=true;empirical_result=true;evaluation=true;length_normalization=true;lexical=true;rerank=true;retrieval=true;tf_saturation=true,,INCONCLUSIVE_RELATION_NOT_SUPPORTED_BY_POSITIVE_SOURCE_FACTS,INCONCLUSIVE,,INCONCLUSIVE_REQUIRES_BILINGUAL_DOMAIN_REVIEW,INCONCLUSIVE,implication/negation requires a relation-preserving source formalization,Conditional proof only: source-summary formula truth and NL-to-formula adequacy are separate obligations.
SENT-3035,7.1.4,docs/7.品質を評価し改善する/7.1.評価設計の全体像.md,125,結果を見た後だけ都合のよい切り分けを増やすと、偶然の差を改善と誤認しやすくなります。,empirical_or_research_claim,ATOM,ATOM(empirical_result=true),empirical_result=true,SRC-066,https://arxiv.org/abs/2104.08663,same_unit_candidate,CANDIDATE_REQUIRES_DOMAIN_REVIEW,CONTROLLED_TERM_PROJECTION_REQUIRES_CLAIM_POLARITY_REVIEW,SRC_066_sourceTheorem,benchmark=true;cost=true;empirical_result=true;evaluation=true;length_normalization=true;lexical=true;rerank=true;retrieval=true;tf_saturation=true,,PROVED_SOURCE_SUMMARY_ENTAILS_GUIDE_FORMULA,MODEL_PROVED,literature_SENT_3035,INCONCLUSIVE_REQUIRES_BILINGUAL_DOMAIN_REVIEW,INCONCLUSIVE,Lean checks the positive propositional derivation under source-summary premises,Conditional proof only: source-summary formula truth and NL-to-formula adequacy are separate obligations.
SENT-3045,7.1.4,docs/7.品質を評価し改善する/7.1.評価設計の全体像.md,140,ARESは、少量の人手ラベルと自動評価器を組み合わせ、RAG評価値の信頼区間を推定します。,externally_cited_claim,ATOM,ATOM(evaluation=true),evaluation=true,SRC-106,https://arxiv.org/abs/2311.09476,existing_direct_paragraph_or_technology_mapping,EXISTING_MAPPING_REQUIRES_SEMANTIC_REVIEW,CONTROLLED_TERM_PROJECTION_REQUIRES_CLAIM_POLARITY_REVIEW,SRC_106_sourceTheorem,dimension_contract=true;evaluation=true;generation=true;knowledge_intensive=true;rag=true;retrieval=true,,PROVED_SOURCE_SUMMARY_ENTAILS_GUIDE_FORMULA,MODEL_PROVED,literature_SENT_3045,INCONCLUSIVE_REQUIRES_BILINGUAL_DOMAIN_REVIEW,INCONCLUSIVE,Lean checks the positive propositional derivation under source-summary premises,Conditional proof only: source-summary formula truth and NL-to-formula adequacy are separate obligations.
SENT-3052,7.1.5,docs/7.品質を評価し改善する/7.1.評価設計の全体像.md,152,評価表は行ごとに独立した受入条件として読み、改善目標だけでなく品質、安全性、性能、費用の必須条件をすべて満たした場合に合格とします。,empirical_or_research_claim,UNFORMALIZED,UNFORMALIZED,,SRC-002;SRC-005;SRC-010;SRC-013;SRC-022,https://aclanthology.org/2020.emnlp-main.550/;https://doi.org/10.1561/1500000019;https://arxiv.org/abs/1803.09010;https://arxiv.org/abs/2310.03214;https://www.vldb.org/pvldb/vol6/p1033-akidau.pdf,same_chapter_candidate,CANDIDATE_REQUIRES_DOMAIN_REVIEW,CONTROLLED_TERM_PROJECTION_REQUIRES_CLAIM_POLARITY_REVIEW,SRC_002_sourceTheorem;SRC_005_sourceTheorem;SRC_010_sourceTheorem;SRC_013_sourceTheorem;SRC_022_sourceTheorem,benchmark=true;citation=true;cost=true;dataset_documentation=true;dense=true;document_statistics=true;dual_encoder=true;empirical_result=true;evaluation=true;evidence_support=true;factuality=true;fault_tolerance=true;fielded=true;generation=true;hallucination=true;human_evaluation=true;latency=true;length_normalization=true;lexical=true;open_domain_qa=true;recall_metric=true;retrieval=true;scalability=true;similarity=dot_product;sparse=true;temporal_freshness=true;tf_saturation=true;verification=true,,INCONCLUSIVE_UNFORMALIZED_SENTENCE,INCONCLUSIVE,,INCONCLUSIVE_REQUIRES_BILINGUAL_DOMAIN_REVIEW,INCONCLUSIVE,conditional marker found but antecedent/consequent atoms were incomplete,Conditional proof only: source-summary formula truth and NL-to-formula adequacy are separate obligations.
SENT-3065,FILE-INTRO,docs/7.品質を評価し改善する/7.10.改善ループ.md,3,評価結果は、scoreの順位表ではなく、どのlayerをどの順序で直すかを決める材料です。,empirical_or_research_claim,AND,"AND(ATOM(evaluation=true), ATOM(empirical_result=true))",empirical_result=true;evaluation=true,SRC-107,https://arxiv.org/abs/2403.09040,same_file_candidate,CANDIDATE_REQUIRES_DOMAIN_REVIEW,CONTROLLED_TERM_PROJECTION_REQUIRES_CLAIM_POLARITY_REVIEW,SRC_107_sourceTheorem,empirical_result=true;evaluation=true;external_knowledge=true;generation=true;multi_hop=true;rag=true;rerank=true;retrieval=true;scalability=true,,PROVED_SOURCE_SUMMARY_ENTAILS_GUIDE_FORMULA,MODEL_PROVED,literature_SENT_3065,INCONCLUSIVE_REQUIRES_BILINGUAL_DOMAIN_REVIEW,INCONCLUSIVE,Lean checks the positive propositional derivation under source-summary premises,Conditional proof only: source-summary formula truth and NL-to-formula adequacy are separate obligations.
SENT-3070,7.10.1,docs/7.品質を評価し改善する/7.10.改善ループ.md,9,構成要素を一つずつ外して効果を比べる実験を、アブレーションと呼びます。,empirical_or_research_claim,ATOM,ATOM(empirical_result=true),empirical_result=true,SRC-107,https://arxiv.org/abs/2403.09040,same_unit_candidate,CANDIDATE_REQUIRES_DOMAIN_REVIEW,CONTROLLED_TERM_PROJECTION_REQUIRES_CLAIM_POLARITY_REVIEW,SRC_107_sourceTheorem,empirical_result=true;evaluation=true;external_knowledge=true;generation=true;multi_hop=true;rag=true;rerank=true;retrieval=true;scalability=true,,PROVED_SOURCE_SUMMARY_ENTAILS_GUIDE_FORMULA,MODEL_PROVED,literature_SENT_3070,INCONCLUSIVE_REQUIRES_BILINGUAL_DOMAIN_REVIEW,INCONCLUSIVE,Lean checks the positive propositional derivation under source-summary premises,Conditional proof only: source-summary formula truth and NL-to-formula adequacy are separate obligations.
SENT-3071,7.10.1,docs/7.品質を評価し改善する/7.10.改善ループ.md,10,改善実験では解析器、chunking、embedding、retriever、reranker、promptの変更を一度に一項目へ限定し、改善または悪化の原因を追跡します。,empirical_or_research_claim,AND,"AND(AND(AND(AND(ATOM(rerank=true), ATOM(chunking=true)), ATOM(retrieval=true)), ATOM(parsing=true)), ATOM(empirical_result=true))",chunking=true;empirical_result=true;parsing=true;rerank=true;retrieval=true,SRC-107,https://arxiv.org/abs/2403.09040,same_unit_candidate,CANDIDATE_REQUIRES_DOMAIN_REVIEW,CONTROLLED_TERM_PROJECTION_REQUIRES_CLAIM_POLARITY_REVIEW,SRC_107_sourceTheorem,empirical_result=true;evaluation=true;external_knowledge=true;generation=true;multi_hop=true;rag=true;rerank=true;retrieval=true;scalability=true,chunking=true;parsing=true,INCONCLUSIVE_UNSUPPORTED_ATOMS,INCONCLUSIVE,,INCONCLUSIVE_REQUIRES_BILINGUAL_DOMAIN_REVIEW,INCONCLUSIVE,guide formula contains atoms absent from the selected source summaries,Conditional proof only: source-summary formula truth and NL-to-formula adequacy are separate obligations.
SENT-3074,7.10.1,docs/7.品質を評価し改善する/7.10.改善ループ.md,15,RAGGEDが検索件数と生成モデルのノイズへの強さの関係を調べたように、構成要素の効果は別の要素との組み合わせで変わります。,externally_cited_claim,AND,"AND(ATOM(retrieval=true), ATOM(generation=true))",generation=true;retrieval=true,SRC-107,https://arxiv.org/abs/2403.09040,existing_direct_paragraph_or_technology_mapping,EXISTING_MAPPING_REQUIRES_SEMANTIC_REVIEW,CONTROLLED_TERM_PROJECTION_REQUIRES_CLAIM_POLARITY_REVIEW,SRC_107_sourceTheorem,empirical_result=true;evaluation=true;external_knowledge=true;generation=true;multi_hop=true;rag=true;rerank=true;retrieval=true;scalability=true,,PROVED_SOURCE_SUMMARY_ENTAILS_GUIDE_FORMULA,MODEL_PROVED,literature_SENT_3074,INCONCLUSIVE_REQUIRES_BILINGUAL_DOMAIN_REVIEW,INCONCLUSIVE,Lean checks the positive propositional derivation under source-summary premises,Conditional proof only: source-summary formula truth and NL-to-formula adequacy are separate obligations.
SENT-3082,7.10.2,docs/7.品質を評価し改善する/7.10.改善ループ.md,23,改善内容と採用しなかった選択肢を記録します。,empirical_or_research_claim,ATOM,ATOM(empirical_result=true),empirical_result=true,SRC-107,https://arxiv.org/abs/2403.09040,same_file_candidate,CANDIDATE_REQUIRES_DOMAIN_REVIEW,CONTROLLED_TERM_PROJECTION_REQUIRES_CLAIM_POLARITY_REVIEW,SRC_107_sourceTheorem,empirical_result=true;evaluation=true;external_knowledge=true;generation=true;multi_hop=true;rag=true;rerank=true;retrieval=true;scalability=true,,PROVED_SOURCE_SUMMARY_ENTAILS_GUIDE_FORMULA,MODEL_PROVED,literature_SENT_3082,INCONCLUSIVE_REQUIRES_BILINGUAL_DOMAIN_REVIEW,INCONCLUSIVE,Lean checks the positive propositional derivation under source-summary premises,Conditional proof only: source-summary formula truth and NL-to-formula adequacy are separate obligations.
SENT-3085,FILE-INTRO,docs/7.品質を評価し改善する/7.2.評価データセット.md,3,評価データセットは、RAGの変更前後を同じ条件で比較し、どのfailureが改善または悪化したかを再現するための基準です。,empirical_or_research_claim,AND,"AND(ATOM(evaluation=true), ATOM(empirical_result=true))",empirical_result=true;evaluation=true,SRC-036;SRC-106;SRC-109,https://arxiv.org/abs/2009.02252;https://arxiv.org/abs/2311.09476;https://arxiv.org/abs/2309.01431,same_file_candidate,CANDIDATE_REQUIRES_DOMAIN_REVIEW,CONTROLLED_TERM_PROJECTION_REQUIRES_CLAIM_POLARITY_REVIEW,SRC_036_sourceTheorem;SRC_106_sourceTheorem;SRC_109_sourceTheorem,benchmark=true;dimension_contract=true;empirical_result=true;evaluation=true;evidence_support=true;external_knowledge=true;factuality=true;generation=true;hallucination=true;knowledge_intensive=true;open_domain_qa=true;rag=true;retrieval=true,,PROVED_SOURCE_SUMMARY_ENTAILS_GUIDE_FORMULA,MODEL_PROVED,literature_SENT_3085,INCONCLUSIVE_REQUIRES_BILINGUAL_DOMAIN_REVIEW,INCONCLUSIVE,Lean checks the positive propositional derivation under source-summary premises,Conditional proof only: source-summary formula truth and NL-to-formula adequacy are separate obligations.
SENT-3097,7.2.1,docs/7.品質を評価し改善する/7.2.評価データセット.md,21,KILTのように情報源も正解へ含めると、回答は合っていても誤った資料を使った事例を検出できます。,externally_cited_claim,ATOM,ATOM(generation=true),generation=true,SRC-036,https://arxiv.org/abs/2009.02252,existing_direct_paragraph_or_technology_mapping,EXISTING_MAPPING_REQUIRES_SEMANTIC_REVIEW,CONTROLLED_TERM_PROJECTION_REQUIRES_CLAIM_POLARITY_REVIEW,SRC_036_sourceTheorem,benchmark=true;empirical_result=true;evaluation=true;evidence_support=true;external_knowledge=true;factuality=true;generation=true;knowledge_intensive=true;open_domain_qa=true;retrieval=true,,PROVED_SOURCE_SUMMARY_ENTAILS_GUIDE_FORMULA,MODEL_PROVED,literature_SENT_3097,INCONCLUSIVE_REQUIRES_BILINGUAL_DOMAIN_REVIEW,INCONCLUSIVE,Lean checks the positive propositional derivation under source-summary premises,Conditional proof only: source-summary formula truth and NL-to-formula adequacy are separate obligations.
SENT-3116,7.2.2,docs/7.品質を評価し改善する/7.2.評価データセット.md,50,RGB benchmarkは、同benchmarkのRAG testをnoise robustness、negative rejection、information integration、counterfactual robustnessの四能力へ分けて評価します。,externally_cited_claim,AND,"AND(AND(ATOM(factuality=true), ATOM(evaluation=true)), ATOM(benchmark=true))",benchmark=true;evaluation=true;factuality=true,SRC-109,https://arxiv.org/abs/2309.01431,existing_direct_paragraph_or_technology_mapping,EXISTING_MAPPING_REQUIRES_SEMANTIC_REVIEW,CONTROLLED_TERM_PROJECTION_REQUIRES_CLAIM_POLARITY_REVIEW,SRC_109_sourceTheorem,benchmark=true;evaluation=true;generation=true;hallucination=true;rag=true;retrieval=true,factuality=true,INCONCLUSIVE_UNSUPPORTED_ATOMS,INCONCLUSIVE,,INCONCLUSIVE_REQUIRES_BILINGUAL_DOMAIN_REVIEW,INCONCLUSIVE,guide formula contains atoms absent from the selected source summaries,Conditional proof only: source-summary formula truth and NL-to-formula adequacy are separate obligations.
SENT-3128,7.2.3,docs/7.品質を評価し改善する/7.2.評価データセット.md,72,ARESは、合成した質問と回答に少量の人手ラベルを組み合わせて自動評価器を構築します。,externally_cited_claim,AND,"AND(ATOM(generation=true), ATOM(evaluation=true))",evaluation=true;generation=true,SRC-106,https://arxiv.org/abs/2311.09476,existing_direct_paragraph_or_technology_mapping,EXISTING_MAPPING_REQUIRES_SEMANTIC_REVIEW,CONTROLLED_TERM_PROJECTION_REQUIRES_CLAIM_POLARITY_REVIEW,SRC_106_sourceTheorem,dimension_contract=true;evaluation=true;generation=true;knowledge_intensive=true;rag=true;retrieval=true,,PROVED_SOURCE_SUMMARY_ENTAILS_GUIDE_FORMULA,MODEL_PROVED,literature_SENT_3128,INCONCLUSIVE_REQUIRES_BILINGUAL_DOMAIN_REVIEW,INCONCLUSIVE,Lean checks the positive propositional derivation under source-summary premises,Conditional proof only: source-summary formula truth and NL-to-formula adequacy are separate obligations.
SENT-3131,7.2.3,docs/7.品質を評価し改善する/7.2.評価データセット.md,76,実データと合成データの結果は分けて表示します。,empirical_or_research_claim,ATOM,ATOM(empirical_result=true),empirical_result=true,SRC-036,https://arxiv.org/abs/2009.02252,same_file_candidate,CANDIDATE_REQUIRES_DOMAIN_REVIEW,CONTROLLED_TERM_PROJECTION_REQUIRES_CLAIM_POLARITY_REVIEW,SRC_036_sourceTheorem,benchmark=true;empirical_result=true;evaluation=true;evidence_support=true;external_knowledge=true;factuality=true;generation=true;knowledge_intensive=true;open_domain_qa=true;retrieval=true,,PROVED_SOURCE_SUMMARY_ENTAILS_GUIDE_FORMULA,MODEL_PROVED,literature_SENT_3131,INCONCLUSIVE_REQUIRES_BILINGUAL_DOMAIN_REVIEW,INCONCLUSIVE,Lean checks the positive propositional derivation under source-summary premises,Conditional proof only: source-summary formula truth and NL-to-formula adequacy are separate obligations.
SENT-3157,7.3.2,docs/7.品質を評価し改善する/7.3.Pre-retrieval・Batch評価.md,27,MillWheelは、障害からの回復と永続的な処理状態を備えたストリーム処理を説明しています。,externally_cited_claim,ATOM,ATOM(fault_tolerance=true),fault_tolerance=true,SRC-022,https://www.vldb.org/pvldb/vol6/p1033-akidau.pdf,existing_direct_paragraph_or_technology_mapping,EXISTING_MAPPING_REQUIRES_SEMANTIC_REVIEW,CONTROLLED_TERM_PROJECTION_REQUIRES_CLAIM_POLARITY_REVIEW,SRC_022_sourceTheorem,citation=true;cost=true;fault_tolerance=true;generation=true;latency=true;scalability=true,,PROVED_SOURCE_SUMMARY_ENTAILS_GUIDE_FORMULA,MODEL_PROVED,literature_SENT_3157,INCONCLUSIVE_REQUIRES_BILINGUAL_DOMAIN_REVIEW,INCONCLUSIVE,Lean checks the positive propositional derivation under source-summary premises,Conditional proof only: source-summary formula truth and NL-to-formula adequacy are separate obligations.
SENT-3163,7.3.3,docs/7.品質を評価し改善する/7.3.Pre-retrieval・Batch評価.md,37,PubLayNetとDocLayNetはそれぞれ、文書画像内のレイアウト要素を人手で分類したデータセットです。,externally_cited_claim,ATOM,ATOM(layout=true),layout=true,SRC-025;SRC-026,https://arxiv.org/abs/1908.07836;https://arxiv.org/abs/2206.01062,existing_direct_paragraph_or_technology_mapping,EXISTING_MAPPING_REQUIRES_SEMANTIC_REVIEW,CONTROLLED_TERM_PROJECTION_REQUIRES_CLAIM_POLARITY_REVIEW,SRC_025_sourceTheorem;SRC_026_sourceTheorem,benchmark=true;empirical_result=true;evaluation=true;evidence_support=true;layout=true;retrieval=true;segmentation=true,,PROVED_SOURCE_SUMMARY_ENTAILS_GUIDE_FORMULA,MODEL_PROVED,literature_SENT_3163,INCONCLUSIVE_REQUIRES_BILINGUAL_DOMAIN_REVIEW,INCONCLUSIVE,Lean checks the positive propositional derivation under source-summary premises,Conditional proof only: source-summary formula truth and NL-to-formula adequacy are separate obligations.
SENT-3164,7.3.3,docs/7.品質を評価し改善する/7.3.Pre-retrieval・Batch評価.md,37,文書種別によるレイアウト差は、各データセットの収録文書とラベル体系を分けて確認します。,empirical_or_research_claim,AND,"AND(ATOM(dataset_documentation=true), ATOM(layout=true))",dataset_documentation=true;layout=true,SRC-025;SRC-026,https://arxiv.org/abs/1908.07836;https://arxiv.org/abs/2206.01062,existing_direct_paragraph_or_technology_mapping,EXISTING_MAPPING_REQUIRES_SEMANTIC_REVIEW,CONTROLLED_TERM_PROJECTION_REQUIRES_CLAIM_POLARITY_REVIEW,SRC_025_sourceTheorem;SRC_026_sourceTheorem,benchmark=true;empirical_result=true;evaluation=true;evidence_support=true;layout=true;retrieval=true;segmentation=true,dataset_documentation=true,INCONCLUSIVE_UNSUPPORTED_ATOMS,INCONCLUSIVE,,INCONCLUSIVE_REQUIRES_BILINGUAL_DOMAIN_REVIEW,INCONCLUSIVE,guide formula contains atoms absent from the selected source summaries,Conditional proof only: source-summary formula truth and NL-to-formula adequacy are separate obligations.
SENT-3173,7.3.3,docs/7.品質を評価し改善する/7.3.Pre-retrieval・Batch評価.md,50,Dense X Retrievalは、文書断片、文、命題という検索粒度を比較し、適した粒度が課題によって変わることを報告しています。,externally_cited_claim,AND,"AND(AND(ATOM(dense=true), ATOM(retrieval=true)), ATOM(empirical_result=true))",dense=true;empirical_result=true;retrieval=true,SRC-031,https://arxiv.org/abs/2312.06648,existing_direct_paragraph_or_technology_mapping,EXISTING_MAPPING_REQUIRES_SEMANTIC_REVIEW,CONTROLLED_TERM_PROJECTION_REQUIRES_CLAIM_POLARITY_REVIEW,SRC_031_sourceTheorem,chunking=true;dense=true;empirical_result=true;generation=true;rag=true;retrieval=true,,PROVED_SOURCE_SUMMARY_ENTAILS_GUIDE_FORMULA,MODEL_PROVED,literature_SENT_3173,INCONCLUSIVE_REQUIRES_BILINGUAL_DOMAIN_REVIEW,INCONCLUSIVE,Lean checks the positive propositional derivation under source-summary premises,Conditional proof only: source-summary formula truth and NL-to-formula adequacy are separate obligations.
SENT-3179,7.3.4,docs/7.品質を評価し改善する/7.3.Pre-retrieval・Batch評価.md,61,Datasheets for Datasetsがデータセットの作成目的、構成、収集過程、利用上の注意を文書化するように、情報源ごとに所有者、収集条件、更新頻度、制約を記録します。,externally_cited_claim,ATOM,ATOM(dataset_documentation=true),dataset_documentation=true,SRC-010,https://arxiv.org/abs/1803.09010,existing_direct_paragraph_or_technology_mapping,EXISTING_MAPPING_REQUIRES_SEMANTIC_REVIEW,CONTROLLED_TERM_PROJECTION_REQUIRES_CLAIM_POLARITY_REVIEW,SRC_010_sourceTheorem,dataset_documentation=true;retrieval=true,,PROVED_SOURCE_SUMMARY_ENTAILS_GUIDE_FORMULA,MODEL_PROVED,literature_SENT_3179,INCONCLUSIVE_REQUIRES_BILINGUAL_DOMAIN_REVIEW,INCONCLUSIVE,Lean checks the positive propositional derivation under source-summary premises,Conditional proof only: source-summary formula truth and NL-to-formula adequacy are separate obligations.
SENT-3182,7.3.4,docs/7.品質を評価し改善する/7.3.Pre-retrieval・Batch評価.md,65,欠損件数と、欠損により正解根拠が除外された件数を別々に報告します。,empirical_or_research_claim,AND,"AND(ATOM(evidence_support=true), ATOM(empirical_result=true))",empirical_result=true;evidence_support=true,SRC-026;SRC-025;SRC-031;SRC-044;SRC-047,https://arxiv.org/abs/2206.01062;https://arxiv.org/abs/1908.07836;https://arxiv.org/abs/2312.06648;https://arxiv.org/abs/2210.07316;https://arxiv.org/abs/1603.09320,same_file_candidate,CANDIDATE_REQUIRES_DOMAIN_REVIEW,CONTROLLED_TERM_PROJECTION_REQUIRES_CLAIM_POLARITY_REVIEW,SRC_026_sourceTheorem;SRC_025_sourceTheorem;SRC_031_sourceTheorem;SRC_044_sourceTheorem;SRC_047_sourceTheorem,ann=true;benchmark=true;chunking=true;dense=true;empirical_result=true;evaluation=true;evidence_support=true;generation=true;graph_index=true;hierarchical=true;incremental_updates=true;layout=true;rag=true;recall_latency_tradeoff=true;rerank=true;retrieval=true;segmentation=true,,PROVED_SOURCE_SUMMARY_ENTAILS_GUIDE_FORMULA,MODEL_PROVED,literature_SENT_3182,INCONCLUSIVE_REQUIRES_BILINGUAL_DOMAIN_REVIEW,INCONCLUSIVE,Lean checks the positive propositional derivation under source-summary premises,Conditional proof only: source-summary formula truth and NL-to-formula adequacy are separate obligations.
SENT-3191,7.3.5,docs/7.品質を評価し改善する/7.3.Pre-retrieval・Batch評価.md,80,MTEBの収録taskとdatasetではembedding modelの相対順位が変わるため、MTEB総合順位だけで対象業務modelを確定しません。,externally_cited_claim,NOT,"NOT(AND(ATOM(ranks_only=true), ATOM(embedding_model=true)))",embedding_model=true;ranks_only=true,SRC-044,https://arxiv.org/abs/2210.07316,existing_direct_paragraph_or_technology_mapping,EXISTING_MAPPING_REQUIRES_SEMANTIC_REVIEW,CONTROLLED_TERM_PROJECTION_REQUIRES_CLAIM_POLARITY_REVIEW,SRC_044_sourceTheorem,benchmark=true;empirical_result=true;evaluation=true;rerank=true;retrieval=true,embedding_model=true;ranks_only=true,INCONCLUSIVE_RELATION_NOT_SUPPORTED_BY_POSITIVE_SOURCE_FACTS,INCONCLUSIVE,,INCONCLUSIVE_REQUIRES_BILINGUAL_DOMAIN_REVIEW,INCONCLUSIVE,implication/negation requires a relation-preserving source formalization,Conditional proof only: source-summary formula truth and NL-to-formula adequacy are separate obligations.
SENT-3194,7.3.5,docs/7.品質を評価し改善する/7.3.Pre-retrieval・Batch評価.md,85,ゼロベクトル、非数、次元の混在、空文字入力を構築時に検出します。,general_technical_claim,ATOM,ATOM(dimension_contract=true),dimension_contract=true,SRC-037;SRC-106;SRC-112,https://arxiv.org/abs/2305.14627;https://arxiv.org/abs/2311.09476;https://arxiv.org/abs/2309.15217,same_chapter_candidate,CANDIDATE_REQUIRES_DOMAIN_REVIEW,CONTROLLED_TERM_PROJECTION_REQUIRES_CLAIM_POLARITY_REVIEW,SRC_037_sourceTheorem;SRC_106_sourceTheorem;SRC_112_sourceTheorem,benchmark=true;citation=true;dimension_contract=true;empirical_result=true;evaluation=true;evidence_support=true;generation=true;hallucination=true;human_evaluation=true;knowledge_intensive=true;rag=true;retrieval=true,,PROVED_SOURCE_SUMMARY_ENTAILS_GUIDE_FORMULA,MODEL_PROVED,literature_SENT_3194,INCONCLUSIVE_REQUIRES_BILINGUAL_DOMAIN_REVIEW,INCONCLUSIVE,Lean checks the positive propositional derivation under source-summary premises,Conditional proof only: source-summary formula truth and NL-to-formula adequacy are separate obligations.
SENT-3197,7.3.5,docs/7.品質を評価し改善する/7.3.Pre-retrieval・Batch評価.md,89,インデックス構築では、文書、チャンク、ベクトル、メタデータの件数をマニフェストと照合します。,general_technical_claim,ATOM,ATOM(verification=true),verification=true,SRC-002;SRC-065;SRC-114;SRC-116,https://aclanthology.org/2020.emnlp-main.550/;https://arxiv.org/abs/2212.10496;https://arxiv.org/abs/2306.05685;https://arxiv.org/abs/2210.03629,same_chapter_candidate,CANDIDATE_REQUIRES_DOMAIN_REVIEW,CONTROLLED_TERM_PROJECTION_REQUIRES_CLAIM_POLARITY_REVIEW,SRC_002_sourceTheorem;SRC_065_sourceTheorem;SRC_114_sourceTheorem;SRC_116_sourceTheorem,bedrock_kb=true;benchmark=true;dense=true;document_statistics=true;dual_encoder=true;empirical_result=true;evaluation=true;external_knowledge=true;generated_query_representation=true;generation=true;hallucination=true;hard_constraints_preserved=true;length_normalization=true;lexical=true;llm_judge=true;open_domain_qa=true;recall_metric=true;retrieval=true;scalability=true;similarity=dot_product;tf_saturation=true;tool_use=true;verification=true,,PROVED_SOURCE_SUMMARY_ENTAILS_GUIDE_FORMULA,MODEL_PROVED,literature_SENT_3197,INCONCLUSIVE_REQUIRES_BILINGUAL_DOMAIN_REVIEW,INCONCLUSIVE,Lean checks the positive propositional derivation under source-summary premises,Conditional proof only: source-summary formula truth and NL-to-formula adequacy are separate obligations.
SENT-3199,7.3.5,docs/7.品質を評価し改善する/7.3.Pre-retrieval・Batch評価.md,92,ANNはexact nearest-neighbor searchより探索量を減らす代わりに、真のtop candidateを取りこぼす可能性があります。,general_technical_claim,UNFORMALIZED,UNFORMALIZED,,SRC-002;SRC-005;SRC-010;SRC-013;SRC-022,https://aclanthology.org/2020.emnlp-main.550/;https://doi.org/10.1561/1500000019;https://arxiv.org/abs/1803.09010;https://arxiv.org/abs/2310.03214;https://www.vldb.org/pvldb/vol6/p1033-akidau.pdf,same_chapter_candidate,CANDIDATE_REQUIRES_DOMAIN_REVIEW,CONTROLLED_TERM_PROJECTION_REQUIRES_CLAIM_POLARITY_REVIEW,SRC_002_sourceTheorem;SRC_005_sourceTheorem;SRC_010_sourceTheorem;SRC_013_sourceTheorem;SRC_022_sourceTheorem,benchmark=true;citation=true;cost=true;dataset_documentation=true;dense=true;document_statistics=true;dual_encoder=true;empirical_result=true;evaluation=true;evidence_support=true;factuality=true;fault_tolerance=true;fielded=true;generation=true;hallucination=true;human_evaluation=true;latency=true;length_normalization=true;lexical=true;open_domain_qa=true;recall_metric=true;retrieval=true;scalability=true;similarity=dot_product;sparse=true;temporal_freshness=true;tf_saturation=true;verification=true,,INCONCLUSIVE_UNFORMALIZED_SENTENCE,INCONCLUSIVE,,INCONCLUSIVE_REQUIRES_BILINGUAL_DOMAIN_REVIEW,INCONCLUSIVE,no controlled semantic atom recognized,Conditional proof only: source-summary formula truth and NL-to-formula adequacy are separate obligations.
SENT-3201,7.3.5,docs/7.品質を評価し改善する/7.3.Pre-retrieval・Batch評価.md,95,HNSWでは、接続数とquery時の探索幅を変えると、対象indexにおけるmemory使用量、latency、Recallの組合せも変化します。,externally_cited_claim,AND,"AND(ATOM(recall_metric=true), ATOM(latency=true))",latency=true;recall_metric=true,SRC-047,https://arxiv.org/abs/1603.09320,existing_direct_paragraph_or_technology_mapping,EXISTING_MAPPING_REQUIRES_SEMANTIC_REVIEW,CONTROLLED_TERM_PROJECTION_REQUIRES_CLAIM_POLARITY_REVIEW,SRC_047_sourceTheorem,ann=true;empirical_result=true;evaluation=true;graph_index=true;hierarchical=true;incremental_updates=true;recall_latency_tradeoff=true;retrieval=true,latency=true;recall_metric=true,INCONCLUSIVE_UNSUPPORTED_ATOMS,INCONCLUSIVE,,INCONCLUSIVE_REQUIRES_BILINGUAL_DOMAIN_REVIEW,INCONCLUSIVE,guide formula contains atoms absent from the selected source summaries,Conditional proof only: source-summary formula truth and NL-to-formula adequacy are separate obligations.
SENT-3204,7.3.6,docs/7.品質を評価し改善する/7.3.Pre-retrieval・Batch評価.md,101,上流指標の改善だけでは採用せず、同じquestion_idで最終回答の正しさ、根拠支持、回答保留も改善していることを確認します。,empirical_or_research_claim,NOT,"NOT(AND(AND(ATOM(generation=true), ATOM(evidence_support=true)), ATOM(empirical_result=true)))",empirical_result=true;evidence_support=true;generation=true,SRC-110,https://arxiv.org/abs/2408.08067,same_unit_candidate,CANDIDATE_REQUIRES_DOMAIN_REVIEW,CONTROLLED_TERM_PROJECTION_REQUIRES_CLAIM_POLARITY_REVIEW,SRC_110_sourceTheorem,evaluation=true;external_knowledge=true;generation=true;modular=true;rag=true;retrieval=true,empirical_result=true;evidence_support=true,INCONCLUSIVE_RELATION_NOT_SUPPORTED_BY_POSITIVE_SOURCE_FACTS,INCONCLUSIVE,,INCONCLUSIVE_REQUIRES_BILINGUAL_DOMAIN_REVIEW,INCONCLUSIVE,implication/negation requires a relation-preserving source formalization,Conditional proof only: source-summary formula truth and NL-to-formula adequacy are separate obligations.
SENT-3208,7.3.6,docs/7.品質を評価し改善する/7.3.Pre-retrieval・Batch評価.md,106,RAGChecker型のstage別診断では、retrievalとgenerationの結果を同じclaim単位で追い、上流改善後に新たなgeneration failureが生じたかを分けて確認できます。,externally_cited_claim,AND,"AND(AND(ATOM(retrieval=true), ATOM(evaluation=true)), ATOM(empirical_result=true))",empirical_result=true;evaluation=true;retrieval=true,SRC-110,https://arxiv.org/abs/2408.08067,existing_direct_paragraph_or_technology_mapping,EXISTING_MAPPING_REQUIRES_SEMANTIC_REVIEW,CONTROLLED_TERM_PROJECTION_REQUIRES_CLAIM_POLARITY_REVIEW,SRC_110_sourceTheorem,evaluation=true;external_knowledge=true;generation=true;modular=true;rag=true;retrieval=true,empirical_result=true,INCONCLUSIVE_UNSUPPORTED_ATOMS,INCONCLUSIVE,,INCONCLUSIVE_REQUIRES_BILINGUAL_DOMAIN_REVIEW,INCONCLUSIVE,guide formula contains atoms absent from the selected source summaries,Conditional proof only: source-summary formula truth and NL-to-formula adequacy are separate obligations.
SENT-3223,7.4.1,docs/7.品質を評価し改善する/7.4.Retrieval評価.md,14,BEIRが共通の文書、質問、関連度判定を使って検索手法を比べるように、実験の境界を固定します。,externally_cited_claim,AND,"AND(ATOM(retrieval=true), ATOM(empirical_result=true))",empirical_result=true;retrieval=true,SRC-066,https://arxiv.org/abs/2104.08663,existing_direct_paragraph_or_technology_mapping,EXISTING_MAPPING_REQUIRES_SEMANTIC_REVIEW,CONTROLLED_TERM_PROJECTION_REQUIRES_CLAIM_POLARITY_REVIEW,SRC_066_sourceTheorem,benchmark=true;cost=true;empirical_result=true;evaluation=true;length_normalization=true;lexical=true;rerank=true;retrieval=true;tf_saturation=true,,PROVED_SOURCE_SUMMARY_ENTAILS_GUIDE_FORMULA,MODEL_PROVED,literature_SENT_3223,INCONCLUSIVE_REQUIRES_BILINGUAL_DOMAIN_REVIEW,INCONCLUSIVE,Lean checks the positive propositional derivation under source-summary premises,Conditional proof only: source-summary formula truth and NL-to-formula adequacy are separate obligations.
SENT-3229,7.4.1,docs/7.品質を評価し改善する/7.4.Retrieval評価.md,22,関連か無関係かの二値判定は回収確認に、関連度の段階判定はnDCGに使います。,general_technical_claim,ATOM,ATOM(ranking_metric=true),ranking_metric=true,SRC-111,https://doi.org/10.1145/582415.582418,same_file_candidate,CANDIDATE_REQUIRES_DOMAIN_REVIEW,CONTROLLED_TERM_PROJECTION_REQUIRES_CLAIM_POLARITY_REVIEW,SRC_111_sourceTheorem,evaluation=true;ranking_metric=true,,PROVED_SOURCE_SUMMARY_ENTAILS_GUIDE_FORMULA,MODEL_PROVED,literature_SENT_3229,INCONCLUSIVE_REQUIRES_BILINGUAL_DOMAIN_REVIEW,INCONCLUSIVE,Lean checks the positive propositional derivation under source-summary premises,Conditional proof only: source-summary formula truth and NL-to-formula adequacy are separate obligations.
SENT-3234,7.4.2,docs/7.品質を評価し改善する/7.4.Retrieval評価.md,32,DPRは、Top-20やTop-100で正解を取得できた割合を使って検索器を比較しています。,externally_cited_claim,AND,"AND(ATOM(retrieval=true), ATOM(recall_metric=true))",recall_metric=true;retrieval=true,SRC-043;SRC-002,https://arxiv.org/abs/2004.04906;https://aclanthology.org/2020.emnlp-main.550/,existing_direct_paragraph_or_technology_mapping,EXISTING_MAPPING_REQUIRES_SEMANTIC_REVIEW,CONTROLLED_TERM_PROJECTION_REQUIRES_CLAIM_POLARITY_REVIEW,SRC_043_sourceTheorem;SRC_002_sourceTheorem,benchmark=true;dense=true;document_statistics=true;dual_encoder=true;empirical_result=true;evaluation=true;length_normalization=true;lexical=true;open_domain_qa=true;recall_metric=true;retrieval=true;similarity=dot_product;tf_saturation=true;verification=true,,PROVED_SOURCE_SUMMARY_ENTAILS_GUIDE_FORMULA,MODEL_PROVED,literature_SENT_3234,INCONCLUSIVE_REQUIRES_BILINGUAL_DOMAIN_REVIEW,INCONCLUSIVE,Lean checks the positive propositional derivation under source-summary premises,Conditional proof only: source-summary formula truth and NL-to-formula adequacy are separate obligations.
SENT-3239,7.4.2,docs/7.品質を評価し改善する/7.4.Retrieval評価.md,39,最初の正解順位を見るMRR、段階的な関連度と順位を見るnDCG、上位の正解密度を見るPrecision@kを併用します。,general_technical_claim,ATOM,ATOM(ranking_metric=true),ranking_metric=true,SRC-111,https://doi.org/10.1145/582415.582418,same_unit_candidate,CANDIDATE_REQUIRES_DOMAIN_REVIEW,CONTROLLED_TERM_PROJECTION_REQUIRES_CLAIM_POLARITY_REVIEW,SRC_111_sourceTheorem,evaluation=true;ranking_metric=true,,PROVED_SOURCE_SUMMARY_ENTAILS_GUIDE_FORMULA,MODEL_PROVED,literature_SENT_3239,INCONCLUSIVE_REQUIRES_BILINGUAL_DOMAIN_REVIEW,INCONCLUSIVE,Lean checks the positive propositional derivation under source-summary premises,Conditional proof only: source-summary formula truth and NL-to-formula adequacy are separate obligations.
SENT-3240,7.4.2,docs/7.品質を評価し改善する/7.4.Retrieval評価.md,41,nDCGの基礎となる研究は、順位が下がるほど利得を割り引く考え方を示しています。,externally_cited_claim,ATOM,ATOM(ranking_metric=true),ranking_metric=true,SRC-111,https://doi.org/10.1145/582415.582418,existing_direct_paragraph_or_technology_mapping,EXISTING_MAPPING_REQUIRES_SEMANTIC_REVIEW,CONTROLLED_TERM_PROJECTION_REQUIRES_CLAIM_POLARITY_REVIEW,SRC_111_sourceTheorem,evaluation=true;ranking_metric=true,,PROVED_SOURCE_SUMMARY_ENTAILS_GUIDE_FORMULA,MODEL_PROVED,literature_SENT_3240,INCONCLUSIVE_REQUIRES_BILINGUAL_DOMAIN_REVIEW,INCONCLUSIVE,Lean checks the positive propositional derivation under source-summary premises,Conditional proof only: source-summary formula truth and NL-to-formula adequacy are separate obligations.
SENT-3250,7.4.2,docs/7.品質を評価し改善する/7.4.Retrieval評価.md,55,同じ関連度を理想順へ並べた値をIDCG@k、DCG@k / IDCG@kをnDCG@kとします。,general_technical_claim,ATOM,ATOM(ranking_metric=true),ranking_metric=true,SRC-111,https://doi.org/10.1145/582415.582418,same_unit_candidate,CANDIDATE_REQUIRES_DOMAIN_REVIEW,CONTROLLED_TERM_PROJECTION_REQUIRES_CLAIM_POLARITY_REVIEW,SRC_111_sourceTheorem,evaluation=true;ranking_metric=true,,PROVED_SOURCE_SUMMARY_ENTAILS_GUIDE_FORMULA,MODEL_PROVED,literature_SENT_3250,INCONCLUSIVE_REQUIRES_BILINGUAL_DOMAIN_REVIEW,INCONCLUSIVE,Lean checks the positive propositional derivation under source-summary premises,Conditional proof only: source-summary formula truth and NL-to-formula adequacy are separate obligations.
SENT-3252,7.4.2,docs/7.品質を評価し改善する/7.4.Retrieval評価.md,57,"理想順[2, 1, 1, 0, 0]のIDCG@5は3/1 + 1/log2(3) + 1/2 = 4.1309なので、nDCG@5は0.9409です。",general_technical_claim,ATOM,ATOM(ranking_metric=true),ranking_metric=true,SRC-111,https://doi.org/10.1145/582415.582418,same_unit_candidate,CANDIDATE_REQUIRES_DOMAIN_REVIEW,CONTROLLED_TERM_PROJECTION_REQUIRES_CLAIM_POLARITY_REVIEW,SRC_111_sourceTheorem,evaluation=true;ranking_metric=true,,PROVED_SOURCE_SUMMARY_ENTAILS_GUIDE_FORMULA,MODEL_PROVED,literature_SENT_3252,INCONCLUSIVE_REQUIRES_BILINGUAL_DOMAIN_REVIEW,INCONCLUSIVE,Lean checks the positive propositional derivation under source-summary premises,Conditional proof only: source-summary formula truth and NL-to-formula adequacy are separate obligations.
SENT-3254,7.4.2,docs/7.品質を評価し改善する/7.4.Retrieval評価.md,59,正解根拠が0件の質問はIDCGが0になるため、nDCGを0と定義し、回答不能質問の件数と分けて報告します。,empirical_or_research_claim,AND,"AND(AND(AND(AND(ATOM(generation=true), ATOM(unanswerable=true)), ATOM(evidence_support=true)), ATOM(ranking_metric=true)), ATOM(empirical_result=true))",empirical_result=true;evidence_support=true;generation=true;ranking_metric=true;unanswerable=true,SRC-043;SRC-111,https://arxiv.org/abs/2004.04906;https://doi.org/10.1145/582415.582418,same_unit_candidate,CANDIDATE_REQUIRES_DOMAIN_REVIEW,CONTROLLED_TERM_PROJECTION_REQUIRES_CLAIM_POLARITY_REVIEW,SRC_043_sourceTheorem;SRC_111_sourceTheorem,benchmark=true;dense=true;document_statistics=true;dual_encoder=true;empirical_result=true;evaluation=true;length_normalization=true;lexical=true;open_domain_qa=true;ranking_metric=true;recall_metric=true;retrieval=true;similarity=dot_product;tf_saturation=true,evidence_support=true;generation=true;unanswerable=true,INCONCLUSIVE_UNSUPPORTED_ATOMS,INCONCLUSIVE,,INCONCLUSIVE_REQUIRES_BILINGUAL_DOMAIN_REVIEW,INCONCLUSIVE,guide formula contains atoms absent from the selected source summaries,Conditional proof only: source-summary formula truth and NL-to-formula adequacy are separate obligations.
SENT-3255,7.4.2,docs/7.品質を評価し改善する/7.4.Retrieval評価.md,59,同じ根拠を含む重複チャンクは正本の文書IDと原文スパンで一件へまとめ、最上位の順位だけを使います。,general_technical_claim,AND,"AND(ATOM(ranks_only=true), ATOM(evidence_support=true))",evidence_support=true;ranks_only=true,SRC-005;SRC-064,https://doi.org/10.1561/1500000019;https://dl.acm.org/doi/10.1145/1571941.1572114,same_file_candidate,CANDIDATE_REQUIRES_DOMAIN_REVIEW,CONTROLLED_TERM_PROJECTION_REQUIRES_CLAIM_POLARITY_REVIEW,SRC_005_sourceTheorem;SRC_064_sourceTheorem,candidate_ids_stable=true;document_statistics=true;empirical_result=true;evidence_support=true;fielded=true;k_positive=true;length_normalization=true;lexical=true;ranks_only=true;retrieval=true;sparse=true;tf_saturation=true,,PROVED_SOURCE_SUMMARY_ENTAILS_GUIDE_FORMULA,MODEL_PROVED,literature_SENT_3255,INCONCLUSIVE_REQUIRES_BILINGUAL_DOMAIN_REVIEW,INCONCLUSIVE,Lean checks the positive propositional derivation under source-summary premises,Conditional proof only: source-summary formula truth and NL-to-formula adequacy are separate obligations.
SENT-3258,7.4.3,docs/7.品質を評価し改善する/7.4.Retrieval評価.md,63,retrieverの弱点は識別子、言い換え、複数hop、表、長文のquery slice別にRecallとnDCGを集計して診断します。,general_technical_claim,AND,"AND(AND(AND(ATOM(retrieval=true), ATOM(evaluation=true)), ATOM(recall_metric=true)), ATOM(ranking_metric=true))",evaluation=true;ranking_metric=true;recall_metric=true;retrieval=true,SRC-043;SRC-066;SRC-068,https://arxiv.org/abs/2004.04906;https://arxiv.org/abs/2104.08663;https://arxiv.org/abs/2107.05720,same_unit_candidate,CANDIDATE_REQUIRES_DOMAIN_REVIEW,CONTROLLED_TERM_PROJECTION_REQUIRES_CLAIM_POLARITY_REVIEW,SRC_043_sourceTheorem;SRC_066_sourceTheorem;SRC_068_sourceTheorem,ann=true;benchmark=true;cost=true;dense=true;document_statistics=true;dual_encoder=true;empirical_result=true;evaluation=true;inverted_index_compatible=true;learned=true;length_normalization=true;lexical=true;open_domain_qa=true;recall_metric=true;rerank=true;retrieval=true;similarity=dot_product;sparse=true;tf_saturation=true,ranking_metric=true,INCONCLUSIVE_UNSUPPORTED_ATOMS,INCONCLUSIVE,,INCONCLUSIVE_REQUIRES_BILINGUAL_DOMAIN_REVIEW,INCONCLUSIVE,guide formula contains atoms absent from the selected source summaries,Conditional proof only: source-summary formula truth and NL-to-formula adequacy are separate obligations.
SENT-3260,7.4.3,docs/7.品質を評価し改善する/7.4.Retrieval評価.md,66,BEIRの収録datasetではBM25とdense retrievalの相対的な優劣がdatasetごとに異なるため、対象dataset別に両方式を比較します。,externally_cited_claim,AND,"AND(ATOM(dense=true), ATOM(retrieval=true))",dense=true;retrieval=true,SRC-066;SRC-005,https://arxiv.org/abs/2104.08663;https://doi.org/10.1561/1500000019,existing_direct_paragraph_or_technology_mapping,EXISTING_MAPPING_REQUIRES_SEMANTIC_REVIEW,CONTROLLED_TERM_PROJECTION_REQUIRES_CLAIM_POLARITY_REVIEW,SRC_066_sourceTheorem;SRC_005_sourceTheorem,benchmark=true;cost=true;document_statistics=true;empirical_result=true;evaluation=true;evidence_support=true;fielded=true;length_normalization=true;lexical=true;rerank=true;retrieval=true;sparse=true;tf_saturation=true,dense=true,INCONCLUSIVE_UNSUPPORTED_ATOMS,INCONCLUSIVE,,INCONCLUSIVE_REQUIRES_BILINGUAL_DOMAIN_REVIEW,INCONCLUSIVE,guide formula contains atoms absent from the selected source summaries,Conditional proof only: source-summary formula truth and NL-to-formula adequacy are separate obligations.
SENT-3261,7.4.3,docs/7.品質を評価し改善する/7.4.Retrieval評価.md,67,業務への一般化性能は、単一ベンチマークの全体平均だけで決めず、対象業務データの主要区分ごとの結果も確認して判定します。,empirical_or_research_claim,AND,"AND(AND(ATOM(evaluation=true), ATOM(benchmark=true)), ATOM(empirical_result=true))",benchmark=true;empirical_result=true;evaluation=true,SRC-066,https://arxiv.org/abs/2104.08663,existing_direct_paragraph_or_technology_mapping,EXISTING_MAPPING_REQUIRES_SEMANTIC_REVIEW,CONTROLLED_TERM_PROJECTION_REQUIRES_CLAIM_POLARITY_REVIEW,SRC_066_sourceTheorem,benchmark=true;cost=true;empirical_result=true;evaluation=true;length_normalization=true;lexical=true;rerank=true;retrieval=true;tf_saturation=true,,PROVED_SOURCE_SUMMARY_ENTAILS_GUIDE_FORMULA,MODEL_PROVED,literature_SENT_3261,INCONCLUSIVE_REQUIRES_BILINGUAL_DOMAIN_REVIEW,INCONCLUSIVE,Lean checks the positive propositional derivation under source-summary premises,Conditional proof only: source-summary formula truth and NL-to-formula adequacy are separate obligations.
SENT-3265,7.4.3,docs/7.品質を評価し改善する/7.4.Retrieval評価.md,73,SPLADEは語彙の重みと展開を疎な表現へ取り込み、DPRは質問と文章の意味表現を学習します。,externally_cited_claim,ATOM,ATOM(sparse=true),sparse=true,SRC-068;SRC-043;SRC-002,https://arxiv.org/abs/2107.05720;https://arxiv.org/abs/2004.04906;https://aclanthology.org/2020.emnlp-main.550/,existing_direct_paragraph_or_technology_mapping,EXISTING_MAPPING_REQUIRES_SEMANTIC_REVIEW,CONTROLLED_TERM_PROJECTION_REQUIRES_CLAIM_POLARITY_REVIEW,SRC_068_sourceTheorem;SRC_043_sourceTheorem;SRC_002_sourceTheorem,ann=true;benchmark=true;dense=true;document_statistics=true;dual_encoder=true;empirical_result=true;evaluation=true;inverted_index_compatible=true;learned=true;length_normalization=true;lexical=true;open_domain_qa=true;recall_metric=true;retrieval=true;similarity=dot_product;sparse=true;tf_saturation=true;verification=true,,PROVED_SOURCE_SUMMARY_ENTAILS_GUIDE_FORMULA,MODEL_PROVED,literature_SENT_3265,INCONCLUSIVE_REQUIRES_BILINGUAL_DOMAIN_REVIEW,INCONCLUSIVE,Lean checks the positive propositional derivation under source-summary premises,Conditional proof only: source-summary formula truth and NL-to-formula adequacy are separate obligations.
SENT-3266,7.4.3,docs/7.品質を評価し改善する/7.4.Retrieval評価.md,74,BM25とSPLADE系疎検索は、同じ平均値だけでなく、固有名詞、専門語、言い換えを含む質問sliceごとの改善差を比較します。,concrete_technology_claim,AND,"AND(AND(ATOM(sparse=true), ATOM(retrieval=true)), ATOM(empirical_result=true))",empirical_result=true;retrieval=true;sparse=true,SRC-005;SRC-068,https://doi.org/10.1561/1500000019;https://arxiv.org/abs/2107.05720,existing_direct_paragraph_or_technology_mapping,EXISTING_MAPPING_REQUIRES_SEMANTIC_REVIEW,CONTROLLED_TERM_PROJECTION_REQUIRES_CLAIM_POLARITY_REVIEW,SRC_005_sourceTheorem;SRC_068_sourceTheorem,ann=true;document_statistics=true;empirical_result=true;evidence_support=true;fielded=true;inverted_index_compatible=true;learned=true;length_normalization=true;lexical=true;retrieval=true;sparse=true;tf_saturation=true,,PROVED_SOURCE_SUMMARY_ENTAILS_GUIDE_FORMULA,MODEL_PROVED,literature_SENT_3266,INCONCLUSIVE_REQUIRES_BILINGUAL_DOMAIN_REVIEW,INCONCLUSIVE,Lean checks the positive propositional derivation under source-summary premises,Conditional proof only: source-summary formula truth and NL-to-formula adequacy are separate obligations.
SENT-3268,7.4.3,docs/7.品質を評価し改善する/7.4.Retrieval評価.md,77,Reciprocal Rank Fusionは、各rank listの候補順位へ定数を加えた逆数を合計し、複数の順位表を一つの順位へ統合します。,externally_cited_claim,UNFORMALIZED,UNFORMALIZED,,SRC-064,https://dl.acm.org/doi/10.1145/1571941.1572114,existing_direct_paragraph_or_technology_mapping,EXISTING_MAPPING_REQUIRES_SEMANTIC_REVIEW,CONTROLLED_TERM_PROJECTION_REQUIRES_CLAIM_POLARITY_REVIEW,SRC_064_sourceTheorem,candidate_ids_stable=true;empirical_result=true;k_positive=true;ranks_only=true,,INCONCLUSIVE_UNFORMALIZED_SENTENCE,INCONCLUSIVE,,INCONCLUSIVE_REQUIRES_BILINGUAL_DOMAIN_REVIEW,INCONCLUSIVE,no controlled semantic atom recognized,Conditional proof only: source-summary formula truth and NL-to-formula adequacy are separate obligations.
SENT-3272,7.4.3,docs/7.品質を評価し改善する/7.4.Retrieval評価.md,83,HyDEは、仮の回答文を生成してその埋め込みで検索する手法です。,concrete_technology_claim,AND,"AND(ATOM(retrieval=true), ATOM(generation=true))",generation=true;retrieval=true,SRC-065,https://arxiv.org/abs/2212.10496,existing_direct_paragraph_or_technology_mapping,EXISTING_MAPPING_REQUIRES_SEMANTIC_REVIEW,CONTROLLED_TERM_PROJECTION_REQUIRES_CLAIM_POLARITY_REVIEW,SRC_065_sourceTheorem,dense=true;empirical_result=true;generated_query_representation=true;generation=true;hard_constraints_preserved=true;retrieval=true;verification=true,,PROVED_SOURCE_SUMMARY_ENTAILS_GUIDE_FORMULA,MODEL_PROVED,literature_SENT_3272,INCONCLUSIVE_REQUIRES_BILINGUAL_DOMAIN_REVIEW,INCONCLUSIVE,Lean checks the positive propositional derivation under source-summary premises,Conditional proof only: source-summary formula truth and NL-to-formula adequacy are separate obligations.
SENT-3273,7.4.3,docs/7.品質を評価し改善する/7.4.Retrieval評価.md,84,HyDEが改善を報告したzero-shot dense retrieval条件を型番検索へ適用する場合は、生成documentに加わった語が元queryの型番や意図を変えていないかを別途検査します。,concrete_technology_claim,NOT,"NOT(AND(AND(AND(ATOM(dense=true), ATOM(retrieval=true)), ATOM(generation=true)), ATOM(empirical_result=true)))",dense=true;empirical_result=true;generation=true;retrieval=true,SRC-065,https://arxiv.org/abs/2212.10496,existing_direct_paragraph_or_technology_mapping,EXISTING_MAPPING_REQUIRES_SEMANTIC_REVIEW,CONTROLLED_TERM_PROJECTION_REQUIRES_CLAIM_POLARITY_REVIEW,SRC_065_sourceTheorem,dense=true;empirical_result=true;generated_query_representation=true;generation=true;hard_constraints_preserved=true;retrieval=true;verification=true,,INCONCLUSIVE_RELATION_NOT_SUPPORTED_BY_POSITIVE_SOURCE_FACTS,INCONCLUSIVE,,INCONCLUSIVE_REQUIRES_BILINGUAL_DOMAIN_REVIEW,INCONCLUSIVE,implication/negation requires a relation-preserving source formalization,Conditional proof only: source-summary formula truth and NL-to-formula adequacy are separate obligations.
SENT-3307,7.5.1,docs/7.品質を評価し改善する/7.5.Post-retrieval・Evidence評価.md,12,RAGCheckerが検索と生成の責任を分けるように、工程間のID対応を使って最初の消失点を特定します。,externally_cited_claim,AND,"AND(ATOM(retrieval=true), ATOM(generation=true))",generation=true;retrieval=true,SRC-110,https://arxiv.org/abs/2408.08067,existing_direct_paragraph_or_technology_mapping,EXISTING_MAPPING_REQUIRES_SEMANTIC_REVIEW,CONTROLLED_TERM_PROJECTION_REQUIRES_CLAIM_POLARITY_REVIEW,SRC_110_sourceTheorem,evaluation=true;external_knowledge=true;generation=true;modular=true;rag=true;retrieval=true,,PROVED_SOURCE_SUMMARY_ENTAILS_GUIDE_FORMULA,MODEL_PROVED,literature_SENT_3307,INCONCLUSIVE_REQUIRES_BILINGUAL_DOMAIN_REVIEW,INCONCLUSIVE,Lean checks the positive propositional derivation under source-summary premises,Conditional proof only: source-summary formula truth and NL-to-formula adequacy are separate obligations.
SENT-3313,7.5.2,docs/7.品質を評価し改善する/7.5.Post-retrieval・Evidence評価.md,23,BERT交差符号化器、monoT5系列変換モデル、LLMによるリスト比較を、同じ候補集合で応答時間、費用、順位の再現性について比較します。,externally_cited_claim,AND,"AND(AND(ATOM(temporal_freshness=true), ATOM(latency=true)), ATOM(cost=true))",cost=true;latency=true;temporal_freshness=true,SRC-086,https://arxiv.org/abs/2003.06713,existing_direct_paragraph_or_technology_mapping,EXISTING_MAPPING_REQUIRES_SEMANTIC_REVIEW,CONTROLLED_TERM_PROJECTION_REQUIRES_CLAIM_POLARITY_REVIEW,SRC_086_sourceTheorem,empirical_result=true;generation=true;output_subset=true;pointwise=true;reads_candidate_text=true;rerank=true;retrieval=true,cost=true;latency=true;temporal_freshness=true,INCONCLUSIVE_UNSUPPORTED_ATOMS,INCONCLUSIVE,,INCONCLUSIVE_REQUIRES_BILINGUAL_DOMAIN_REVIEW,INCONCLUSIVE,guide formula contains atoms absent from the selected source summaries,Conditional proof only: source-summary formula truth and NL-to-formula adequacy are separate obligations.
SENT-3323,7.5.2,docs/7.品質を評価し改善する/7.5.Post-retrieval・Evidence評価.md,37,関連性や推奨度のフィルターは、品質の改善と正解欠落の均衡で判断します。,empirical_or_research_claim,ATOM,ATOM(empirical_result=true),empirical_result=true,SRC-086,https://arxiv.org/abs/2003.06713,same_unit_candidate,CANDIDATE_REQUIRES_DOMAIN_REVIEW,CONTROLLED_TERM_PROJECTION_REQUIRES_CLAIM_POLARITY_REVIEW,SRC_086_sourceTheorem,empirical_result=true;generation=true;output_subset=true;pointwise=true;reads_candidate_text=true;rerank=true;retrieval=true,,PROVED_SOURCE_SUMMARY_ENTAILS_GUIDE_FORMULA,MODEL_PROVED,literature_SENT_3323,INCONCLUSIVE_REQUIRES_BILINGUAL_DOMAIN_REVIEW,INCONCLUSIVE,Lean checks the positive propositional derivation under source-summary premises,Conditional proof only: source-summary formula truth and NL-to-formula adequacy are separate obligations.
SENT-3334,7.5.4,docs/7.品質を評価し改善する/7.5.Post-retrieval・Evidence評価.md,57,RECOMPは抽出型・要約型の圧縮とコンテキストを追加しない選択を扱い、LLMLinguaはプロンプトを圧縮する方法を扱います。,externally_cited_claim,NOT,NOT(ATOM(compression=true)),compression=true,SRC-089;SRC-091,https://arxiv.org/abs/2310.04408;https://arxiv.org/abs/2310.05736,existing_direct_paragraph_or_technology_mapping,EXISTING_MAPPING_REQUIRES_SEMANTIC_REVIEW,CONTROLLED_TERM_PROJECTION_REQUIRES_CLAIM_POLARITY_REVIEW,SRC_089_sourceTheorem;SRC_091_sourceTheorem,compression=true;context_compression=true;cost=true;empirical_result=true;evaluation=true;generation=true;open_domain_qa=true;protected_tokens_required=true;provenance_mapping_required=true;rag=true;retrieval=true,,INCONCLUSIVE_RELATION_NOT_SUPPORTED_BY_POSITIVE_SOURCE_FACTS,INCONCLUSIVE,,INCONCLUSIVE_REQUIRES_BILINGUAL_DOMAIN_REVIEW,INCONCLUSIVE,implication/negation requires a relation-preserving source formalization,Conditional proof only: source-summary formula truth and NL-to-formula adequacy are separate obligations.
SENT-3335,7.5.4,docs/7.品質を評価し改善する/7.5.Post-retrieval・Evidence評価.md,57,下流性能の保持は、それぞれの原論文が評価した条件に限定します。,empirical_or_research_claim,ATOM,ATOM(evaluation=true),evaluation=true,SRC-089;SRC-091,https://arxiv.org/abs/2310.04408;https://arxiv.org/abs/2310.05736,existing_direct_paragraph_or_technology_mapping,EXISTING_MAPPING_REQUIRES_SEMANTIC_REVIEW,CONTROLLED_TERM_PROJECTION_REQUIRES_CLAIM_POLARITY_REVIEW,SRC_089_sourceTheorem;SRC_091_sourceTheorem,compression=true;context_compression=true;cost=true;empirical_result=true;evaluation=true;generation=true;open_domain_qa=true;protected_tokens_required=true;provenance_mapping_required=true;rag=true;retrieval=true,,PROVED_SOURCE_SUMMARY_ENTAILS_GUIDE_FORMULA,MODEL_PROVED,literature_SENT_3335,INCONCLUSIVE_REQUIRES_BILINGUAL_DOMAIN_REVIEW,INCONCLUSIVE,Lean checks the positive propositional derivation under source-summary premises,Conditional proof only: source-summary formula truth and NL-to-formula adequacy are separate obligations.
SENT-3342,7.5.4,docs/7.品質を評価し改善する/7.5.Post-retrieval・Evidence評価.md,67,Lost in the Middleは、長い入力の中央にある情報を言語モデルが利用しにくい場合を示しています。,externally_cited_claim,UNFORMALIZED,UNFORMALIZED,,SRC-035,https://arxiv.org/abs/2307.03172,existing_direct_paragraph_or_technology_mapping,EXISTING_MAPPING_REQUIRES_SEMANTIC_REVIEW,CONTROLLED_TERM_PROJECTION_REQUIRES_CLAIM_POLARITY_REVIEW,SRC_035_sourceTheorem,evaluation=true;generation=true;long_context=true;retrieval=true,,INCONCLUSIVE_UNFORMALIZED_SENTENCE,INCONCLUSIVE,,INCONCLUSIVE_REQUIRES_BILINGUAL_DOMAIN_REVIEW,INCONCLUSIVE,conditional marker found but antecedent/consequent atoms were incomplete,Conditional proof only: source-summary formula truth and NL-to-formula adequacy are separate obligations.
SENT-3348,7.5.5,docs/7.品質を評価し改善する/7.5.Post-retrieval・Evidence評価.md,78,KILTの情報源評価とFActScoreの事実分解を応用し、回答に必要な各主張をどの根拠が支えるか対応付けます。,externally_cited_claim,AND,"AND(AND(ATOM(generation=true), ATOM(evidence_support=true)), ATOM(evaluation=true))",evaluation=true;evidence_support=true;generation=true,SRC-036;SRC-094,https://arxiv.org/abs/2009.02252;https://arxiv.org/abs/2305.14251,existing_direct_paragraph_or_technology_mapping,EXISTING_MAPPING_REQUIRES_SEMANTIC_REVIEW,CONTROLLED_TERM_PROJECTION_REQUIRES_CLAIM_POLARITY_REVIEW,SRC_036_sourceTheorem;SRC_094_sourceTheorem,benchmark=true;cost=true;empirical_result=true;evaluation=true;evidence_support=true;external_knowledge=true;factuality=true;generation=true;human_evaluation=true;knowledge_intensive=true;open_domain_qa=true;rag=true;retrieval=true,,PROVED_SOURCE_SUMMARY_ENTAILS_GUIDE_FORMULA,MODEL_PROVED,literature_SENT_3348,INCONCLUSIVE_REQUIRES_BILINGUAL_DOMAIN_REVIEW,INCONCLUSIVE,Lean checks the positive propositional derivation under source-summary premises,Conditional proof only: source-summary formula truth and NL-to-formula adequacy are separate obligations.
SENT-3355,7.5.5,docs/7.品質を評価し改善する/7.5.Post-retrieval・Evidence評価.md,88,FreshLLMsが変化する知識に対する検索拡張を評価するように、現在についての質問と過去時点についての質問を分けます。,externally_cited_claim,AND,"AND(AND(ATOM(retrieval=true), ATOM(temporal_freshness=true)), ATOM(evaluation=true))",evaluation=true;retrieval=true;temporal_freshness=true,SRC-013,https://arxiv.org/abs/2310.03214,existing_direct_paragraph_or_technology_mapping,EXISTING_MAPPING_REQUIRES_SEMANTIC_REVIEW,CONTROLLED_TERM_PROJECTION_REQUIRES_CLAIM_POLARITY_REVIEW,SRC_013_sourceTheorem,benchmark=true;empirical_result=true;evaluation=true;evidence_support=true;factuality=true;generation=true;hallucination=true;human_evaluation=true;retrieval=true;temporal_freshness=true,,PROVED_SOURCE_SUMMARY_ENTAILS_GUIDE_FORMULA,MODEL_PROVED,literature_SENT_3355,INCONCLUSIVE_REQUIRES_BILINGUAL_DOMAIN_REVIEW,INCONCLUSIVE,Lean checks the positive propositional derivation under source-summary premises,Conditional proof only: source-summary formula truth and NL-to-formula adequacy are separate obligations.
SENT-3376,7.5.6,docs/7.品質を評価し改善する/7.5.Post-retrieval・Evidence評価.md,120,同じ事例を回帰試験へ残し、改善作業と再発防止を結び付けます。,empirical_or_research_claim,ATOM,ATOM(empirical_result=true),empirical_result=true,SRC-013;SRC-036;SRC-086;SRC-089;SRC-091,https://arxiv.org/abs/2310.03214;https://arxiv.org/abs/2009.02252;https://arxiv.org/abs/2003.06713;https://arxiv.org/abs/2310.04408;https://arxiv.org/abs/2310.05736,same_file_candidate,CANDIDATE_REQUIRES_DOMAIN_REVIEW,CONTROLLED_TERM_PROJECTION_REQUIRES_CLAIM_POLARITY_REVIEW,SRC_013_sourceTheorem;SRC_036_sourceTheorem;SRC_086_sourceTheorem;SRC_089_sourceTheorem;SRC_091_sourceTheorem,benchmark=true;compression=true;context_compression=true;cost=true;empirical_result=true;evaluation=true;evidence_support=true;external_knowledge=true;factuality=true;generation=true;hallucination=true;human_evaluation=true;knowledge_intensive=true;open_domain_qa=true;output_subset=true;pointwise=true;protected_tokens_required=true;provenance_mapping_required=true;rag=true;reads_candidate_text=true;rerank=true;retrieval=true;temporal_freshness=true,,PROVED_SOURCE_SUMMARY_ENTAILS_GUIDE_FORMULA,MODEL_PROVED,literature_SENT_3376,INCONCLUSIVE_REQUIRES_BILINGUAL_DOMAIN_REVIEW,INCONCLUSIVE,Lean checks the positive propositional derivation under source-summary premises,Conditional proof only: source-summary formula truth and NL-to-formula adequacy are separate obligations.
SENT-3392,7.6.1,docs/7.品質を評価し改善する/7.6.Generation評価.md,30,FActScoreのように長文を原子的な事実へ分けると、一部だけ正しい回答を全体正解へ丸めずに済みます。,externally_cited_claim,ATOM,ATOM(generation=true),generation=true,SRC-094,https://arxiv.org/abs/2305.14251,existing_direct_paragraph_or_technology_mapping,EXISTING_MAPPING_REQUIRES_SEMANTIC_REVIEW,CONTROLLED_TERM_PROJECTION_REQUIRES_CLAIM_POLARITY_REVIEW,SRC_094_sourceTheorem,cost=true;empirical_result=true;evaluation=true;factuality=true;generation=true;human_evaluation=true;rag=true;retrieval=true,,PROVED_SOURCE_SUMMARY_ENTAILS_GUIDE_FORMULA,MODEL_PROVED,literature_SENT_3392,INCONCLUSIVE_REQUIRES_BILINGUAL_DOMAIN_REVIEW,INCONCLUSIVE,Lean checks the positive propositional derivation under source-summary premises,Conditional proof only: source-summary formula truth and NL-to-formula adequacy are separate obligations.
SENT-3397,7.6.1,docs/7.品質を評価し改善する/7.6.Generation評価.md,37,RefCheckerも、細かい情報単位に分解して回答と参照情報の整合を調べます。,externally_cited_claim,ATOM,ATOM(generation=true),generation=true,SRC-098,https://arxiv.org/abs/2405.14486,existing_direct_paragraph_or_technology_mapping,EXISTING_MAPPING_REQUIRES_SEMANTIC_REVIEW,CONTROLLED_TERM_PROJECTION_REQUIRES_CLAIM_POLARITY_REVIEW,SRC_098_sourceTheorem,benchmark=true;empirical_result=true;evaluation=true;generation=true;hallucination=true;retrieval=true,,PROVED_SOURCE_SUMMARY_ENTAILS_GUIDE_FORMULA,MODEL_PROVED,literature_SENT_3397,INCONCLUSIVE_REQUIRES_BILINGUAL_DOMAIN_REVIEW,INCONCLUSIVE,Lean checks the positive propositional derivation under source-summary premises,Conditional proof only: source-summary formula truth and NL-to-formula adequacy are separate obligations.
SENT-3403,7.6.2,docs/7.品質を評価し改善する/7.6.Generation評価.md,48,RAGASはfaithfulnessを含むRAG評価指標を定義し、RAGTruthは検索拡張回答に含まれる支持なし・矛盾生成を分類したcorpusを提供します。,externally_cited_claim,AND,"AND(AND(AND(ATOM(retrieval=true), ATOM(generation=true)), ATOM(evidence_support=true)), ATOM(evaluation=true))",evaluation=true;evidence_support=true;generation=true;retrieval=true,SRC-112;SRC-090,https://arxiv.org/abs/2309.15217;https://arxiv.org/abs/2401.00396,existing_direct_paragraph_or_technology_mapping,EXISTING_MAPPING_REQUIRES_SEMANTIC_REVIEW,CONTROLLED_TERM_PROJECTION_REQUIRES_CLAIM_POLARITY_REVIEW,SRC_112_sourceTheorem;SRC_090_sourceTheorem,benchmark=true;dimension_contract=true;empirical_result=true;evaluation=true;generation=true;hallucination=true;rag=true;retrieval=true,evidence_support=true,INCONCLUSIVE_UNSUPPORTED_ATOMS,INCONCLUSIVE,,INCONCLUSIVE_REQUIRES_BILINGUAL_DOMAIN_REVIEW,INCONCLUSIVE,guide formula contains atoms absent from the selected source summaries,Conditional proof only: source-summary formula truth and NL-to-formula adequacy are separate obligations.
SENT-3409,7.6.2,docs/7.品質を評価し改善する/7.6.Generation評価.md,57,RAGCheckerは、コンテキストに含まれる主張と回答に含まれる主張を使って、検索器と生成器の責任を細かく分けます。,externally_cited_claim,AND,"AND(ATOM(retrieval=true), ATOM(generation=true))",generation=true;retrieval=true,SRC-110,https://arxiv.org/abs/2408.08067,existing_direct_paragraph_or_technology_mapping,EXISTING_MAPPING_REQUIRES_SEMANTIC_REVIEW,CONTROLLED_TERM_PROJECTION_REQUIRES_CLAIM_POLARITY_REVIEW,SRC_110_sourceTheorem,evaluation=true;external_knowledge=true;generation=true;modular=true;rag=true;retrieval=true,,PROVED_SOURCE_SUMMARY_ENTAILS_GUIDE_FORMULA,MODEL_PROVED,literature_SENT_3409,INCONCLUSIVE_REQUIRES_BILINGUAL_DOMAIN_REVIEW,INCONCLUSIVE,Lean checks the positive propositional derivation under source-summary premises,Conditional proof only: source-summary formula truth and NL-to-formula adequacy are separate obligations.
SENT-3417,7.6.3,docs/7.品質を評価し改善する/7.6.Generation評価.md,71,ALCEは引用の正しさと網羅性を分けて評価し、Attributable to Identified Sourcesは主張が特定資料へ帰属できるかを評価します。,externally_cited_claim,AND,"AND(AND(ATOM(citation=true), ATOM(attribution=true)), ATOM(evaluation=true))",attribution=true;citation=true;evaluation=true,SRC-037,https://arxiv.org/abs/2305.14627,existing_direct_paragraph_or_technology_mapping,EXISTING_MAPPING_REQUIRES_SEMANTIC_REVIEW,CONTROLLED_TERM_PROJECTION_REQUIRES_CLAIM_POLARITY_REVIEW,SRC_037_sourceTheorem,benchmark=true;citation=true;dimension_contract=true;empirical_result=true;evaluation=true;evidence_support=true;generation=true;hallucination=true;human_evaluation=true;retrieval=true,attribution=true,INCONCLUSIVE_UNSUPPORTED_ATOMS,INCONCLUSIVE,,INCONCLUSIVE_REQUIRES_BILINGUAL_DOMAIN_REVIEW,INCONCLUSIVE,guide formula contains atoms absent from the selected source summaries,Conditional proof only: source-summary formula truth and NL-to-formula adequacy are separate obligations.
SENT-3419,7.6.3,docs/7.品質を評価し改善する/7.6.Generation評価.md,72,平均値とともに、重大な主張へ誤った引用を付けた件数を報告します。,empirical_or_research_claim,AND,"AND(ATOM(citation=true), ATOM(empirical_result=true))",citation=true;empirical_result=true,SRC-037,https://arxiv.org/abs/2305.14627,existing_direct_paragraph_or_technology_mapping,EXISTING_MAPPING_REQUIRES_SEMANTIC_REVIEW,CONTROLLED_TERM_PROJECTION_REQUIRES_CLAIM_POLARITY_REVIEW,SRC_037_sourceTheorem,benchmark=true;citation=true;dimension_contract=true;empirical_result=true;evaluation=true;evidence_support=true;generation=true;hallucination=true;human_evaluation=true;retrieval=true,,PROVED_SOURCE_SUMMARY_ENTAILS_GUIDE_FORMULA,MODEL_PROVED,literature_SENT_3419,INCONCLUSIVE_REQUIRES_BILINGUAL_DOMAIN_REVIEW,INCONCLUSIVE,Lean checks the positive propositional derivation under source-summary premises,Conditional proof only: source-summary formula truth and NL-to-formula adequacy are separate obligations.
SENT-3424,7.6.3,docs/7.品質を評価し改善する/7.6.Generation評価.md,79,ALCEは、引用の正しさと網羅性を分けて長文回答を評価します。,externally_cited_claim,AND,"AND(AND(ATOM(generation=true), ATOM(citation=true)), ATOM(evaluation=true))",citation=true;evaluation=true;generation=true,SRC-037,https://arxiv.org/abs/2305.14627,existing_direct_paragraph_or_technology_mapping,EXISTING_MAPPING_REQUIRES_SEMANTIC_REVIEW,CONTROLLED_TERM_PROJECTION_REQUIRES_CLAIM_POLARITY_REVIEW,SRC_037_sourceTheorem,benchmark=true;citation=true;dimension_contract=true;empirical_result=true;evaluation=true;evidence_support=true;generation=true;hallucination=true;human_evaluation=true;retrieval=true,,PROVED_SOURCE_SUMMARY_ENTAILS_GUIDE_FORMULA,MODEL_PROVED,literature_SENT_3424,INCONCLUSIVE_REQUIRES_BILINGUAL_DOMAIN_REVIEW,INCONCLUSIVE,Lean checks the positive propositional derivation under source-summary premises,Conditional proof only: source-summary formula truth and NL-to-formula adequacy are separate obligations.
SENT-3436,7.6.4,docs/7.品質を評価し改善する/7.6.Generation評価.md,99,StreamingQAのような時間とともに知識が変わる評価を参考に、現在、過去の基準日、将来の施行予定を分けた事例を作ります。,externally_cited_claim,AND,"AND(ATOM(temporal_freshness=true), ATOM(evaluation=true))",evaluation=true;temporal_freshness=true,SRC-038,https://arxiv.org/abs/2205.11388,existing_direct_paragraph_or_technology_mapping,EXISTING_MAPPING_REQUIRES_SEMANTIC_REVIEW,CONTROLLED_TERM_PROJECTION_REQUIRES_CLAIM_POLARITY_REVIEW,SRC_038_sourceTheorem,benchmark=true;empirical_result=true;evaluation=true;generation=true;retrieval=true;temporal_freshness=true,,PROVED_SOURCE_SUMMARY_ENTAILS_GUIDE_FORMULA,MODEL_PROVED,literature_SENT_3436,INCONCLUSIVE_REQUIRES_BILINGUAL_DOMAIN_REVIEW,INCONCLUSIVE,Lean checks the positive propositional derivation under source-summary premises,Conditional proof only: source-summary formula truth and NL-to-formula adequacy are separate obligations.
SENT-3441,7.6.4,docs/7.品質を評価し改善する/7.6.Generation評価.md,106,SQuAD 2.0はanswer spanのないquestionを評価setへ追加し、span抽出だけでなくpassageから回答できるかの判定もreading comprehension taskへ含めています。,externally_cited_claim,NOT,"NOT(AND(ATOM(generation=true), ATOM(evaluation=true)))",evaluation=true;generation=true,SRC-101,https://arxiv.org/abs/1806.03822,existing_direct_paragraph_or_technology_mapping,EXISTING_MAPPING_REQUIRES_SEMANTIC_REVIEW,CONTROLLED_TERM_PROJECTION_REQUIRES_CLAIM_POLARITY_REVIEW,SRC_101_sourceTheorem,answerability=true;generation=true;retrieval=true;unanswerable=true,evaluation=true,INCONCLUSIVE_RELATION_NOT_SUPPORTED_BY_POSITIVE_SOURCE_FACTS,INCONCLUSIVE,,INCONCLUSIVE_REQUIRES_BILINGUAL_DOMAIN_REVIEW,INCONCLUSIVE,implication/negation requires a relation-preserving source formalization,Conditional proof only: source-summary formula truth and NL-to-formula adequacy are separate obligations.
SENT-3448,7.6.5,docs/7.品質を評価し改善する/7.6.Generation評価.md,119,RGB benchmarkは、同benchmarkの事例を用いて、noise下の根拠選択、answerがない場合の拒否、複数情報の統合、counterfactual premiseの拒否を別能力として評価します。,externally_cited_claim,NOT,"NOT(AND(AND(AND(ATOM(factuality=true), ATOM(evidence_support=true)), ATOM(evaluation=true)), ATOM(benchmark=true)))",benchmark=true;evaluation=true;evidence_support=true;factuality=true,SRC-109,https://arxiv.org/abs/2309.01431,existing_direct_paragraph_or_technology_mapping,EXISTING_MAPPING_REQUIRES_SEMANTIC_REVIEW,CONTROLLED_TERM_PROJECTION_REQUIRES_CLAIM_POLARITY_REVIEW,SRC_109_sourceTheorem,benchmark=true;evaluation=true;generation=true;hallucination=true;rag=true;retrieval=true,evidence_support=true;factuality=true,INCONCLUSIVE_RELATION_NOT_SUPPORTED_BY_POSITIVE_SOURCE_FACTS,INCONCLUSIVE,,INCONCLUSIVE_REQUIRES_BILINGUAL_DOMAIN_REVIEW,INCONCLUSIVE,implication/negation requires a relation-preserving source formalization,Conditional proof only: source-summary formula truth and NL-to-formula adequacy are separate obligations.
SENT-3462,7.6.6,docs/7.品質を評価し改善する/7.6.Generation評価.md,141,LLM採点者の研究が示す回答位置や長さの偏りに対しては、回答順の反転や長さを独立軸にする対策を取ります。,externally_cited_claim,ATOM,ATOM(generation=true),generation=true,SRC-114,https://arxiv.org/abs/2306.05685,existing_direct_paragraph_or_technology_mapping,EXISTING_MAPPING_REQUIRES_SEMANTIC_REVIEW,CONTROLLED_TERM_PROJECTION_REQUIRES_CLAIM_POLARITY_REVIEW,SRC_114_sourceTheorem,benchmark=true;evaluation=true;generation=true;llm_judge=true;retrieval=true;scalability=true;verification=true,,PROVED_SOURCE_SUMMARY_ENTAILS_GUIDE_FORMULA,MODEL_PROVED,literature_SENT_3462,INCONCLUSIVE_REQUIRES_BILINGUAL_DOMAIN_REVIEW,INCONCLUSIVE,Lean checks the positive propositional derivation under source-summary premises,Conditional proof only: source-summary formula truth and NL-to-formula adequacy are separate obligations.
SENT-3472,FILE-INTRO,docs/7.品質を評価し改善する/7.7.End-to-end評価.md,4,各工程の指標と利用者のタスク達成を結び付け、公開判断と本番改善へつなげます。,empirical_or_research_claim,ATOM,ATOM(empirical_result=true),empirical_result=true,SRC-039;SRC-113;SRC-116,https://arxiv.org/abs/2402.07867;https://arxiv.org/abs/2303.16634;https://arxiv.org/abs/2210.03629,same_file_candidate,CANDIDATE_REQUIRES_DOMAIN_REVIEW,CONTROLLED_TERM_PROJECTION_REQUIRES_CLAIM_POLARITY_REVIEW,SRC_039_sourceTheorem;SRC_113_sourceTheorem;SRC_116_sourceTheorem,bedrock_kb=true;benchmark=true;diversity=true;empirical_result=true;evaluation=true;external_knowledge=true;generation=true;hallucination=true;human_evaluation=true;llm_judge=true;rag=true;retrieval=true;security=true;temporal_freshness=true;tool_use=true;verification=true,,PROVED_SOURCE_SUMMARY_ENTAILS_GUIDE_FORMULA,MODEL_PROVED,literature_SENT_3472,INCONCLUSIVE_REQUIRES_BILINGUAL_DOMAIN_REVIEW,INCONCLUSIVE,Lean checks the positive propositional derivation under source-summary premises,Conditional proof only: source-summary formula truth and NL-to-formula adequacy are separate obligations.
SENT-3488,7.7.1,docs/7.品質を評価し改善する/7.7.End-to-end評価.md,30,ARESのような自動評価で多くの事例を処理しつつ、無作為抽出した標本と重大事例を人が確認します。,externally_cited_claim,ATOM,ATOM(evaluation=true),evaluation=true,SRC-106,https://arxiv.org/abs/2311.09476,existing_direct_paragraph_or_technology_mapping,EXISTING_MAPPING_REQUIRES_SEMANTIC_REVIEW,CONTROLLED_TERM_PROJECTION_REQUIRES_CLAIM_POLARITY_REVIEW,SRC_106_sourceTheorem,dimension_contract=true;evaluation=true;generation=true;knowledge_intensive=true;rag=true;retrieval=true,,PROVED_SOURCE_SUMMARY_ENTAILS_GUIDE_FORMULA,MODEL_PROVED,literature_SENT_3488,INCONCLUSIVE_REQUIRES_BILINGUAL_DOMAIN_REVIEW,INCONCLUSIVE,Lean checks the positive propositional derivation under source-summary premises,Conditional proof only: source-summary formula truth and NL-to-formula adequacy are separate obligations.
SENT-3490,7.7.1,docs/7.品質を評価し改善する/7.7.End-to-end評価.md,33,平均差、質問ごとの改善と悪化、重要スライス、信頼区間を確認します。,empirical_or_research_claim,ATOM,ATOM(empirical_result=true),empirical_result=true,SRC-039;SRC-113;SRC-116,https://arxiv.org/abs/2402.07867;https://arxiv.org/abs/2303.16634;https://arxiv.org/abs/2210.03629,same_file_candidate,CANDIDATE_REQUIRES_DOMAIN_REVIEW,CONTROLLED_TERM_PROJECTION_REQUIRES_CLAIM_POLARITY_REVIEW,SRC_039_sourceTheorem;SRC_113_sourceTheorem;SRC_116_sourceTheorem,bedrock_kb=true;benchmark=true;diversity=true;empirical_result=true;evaluation=true;external_knowledge=true;generation=true;hallucination=true;human_evaluation=true;llm_judge=true;rag=true;retrieval=true;security=true;temporal_freshness=true;tool_use=true;verification=true,,PROVED_SOURCE_SUMMARY_ENTAILS_GUIDE_FORMULA,MODEL_PROVED,literature_SENT_3490,INCONCLUSIVE_REQUIRES_BILINGUAL_DOMAIN_REVIEW,INCONCLUSIVE,Lean checks the positive propositional derivation under source-summary premises,Conditional proof only: source-summary formula truth and NL-to-formula adequacy are separate obligations.
SENT-3493,7.7.2,docs/7.品質を評価し改善する/7.7.End-to-end評価.md,39,総合点だけで改善先を決めず、retrieval、evidence selection、generation、citation、abstentionの内訳をquestion_id単位で確認します。,empirical_or_research_claim,AND,"AND(AND(AND(ATOM(retrieval=true), ATOM(citation=true)), ATOM(evidence_support=true)), ATOM(empirical_result=true))",citation=true;empirical_result=true;evidence_support=true;retrieval=true,SRC-113;SRC-115;SRC-114,https://arxiv.org/abs/2303.16634;https://arxiv.org/abs/2307.16883;https://arxiv.org/abs/2306.05685,same_unit_candidate,CANDIDATE_REQUIRES_DOMAIN_REVIEW,CONTROLLED_TERM_PROJECTION_REQUIRES_CLAIM_POLARITY_REVIEW,SRC_113_sourceTheorem;SRC_115_sourceTheorem;SRC_114_sourceTheorem,attribution=true;benchmark=true;citation=true;diversity=true;empirical_result=true;evaluation=true;generation=true;human_evaluation=true;llm_judge=true;retrieval=true;scalability=true;verification=true,evidence_support=true,INCONCLUSIVE_UNSUPPORTED_ATOMS,INCONCLUSIVE,,INCONCLUSIVE_REQUIRES_BILINGUAL_DOMAIN_REVIEW,INCONCLUSIVE,guide formula contains atoms absent from the selected source summaries,Conditional proof only: source-summary formula truth and NL-to-formula adequacy are separate obligations.
SENT-3497,7.7.2,docs/7.品質を評価し改善する/7.7.End-to-end評価.md,45,HAGRIDのように、回答だけでなく情報源との対応も評価対象にします。,externally_cited_claim,AND,"AND(ATOM(generation=true), ATOM(evaluation=true))",evaluation=true;generation=true,SRC-115,https://arxiv.org/abs/2307.16883,existing_direct_paragraph_or_technology_mapping,EXISTING_MAPPING_REQUIRES_SEMANTIC_REVIEW,CONTROLLED_TERM_PROJECTION_REQUIRES_CLAIM_POLARITY_REVIEW,SRC_115_sourceTheorem,attribution=true;benchmark=true;citation=true;evaluation=true;generation=true;human_evaluation=true;retrieval=true,,PROVED_SOURCE_SUMMARY_ENTAILS_GUIDE_FORMULA,MODEL_PROVED,literature_SENT_3497,INCONCLUSIVE_REQUIRES_BILINGUAL_DOMAIN_REVIEW,INCONCLUSIVE,Lean checks the positive propositional derivation under source-summary premises,Conditional proof only: source-summary formula truth and NL-to-formula adequacy are separate obligations.
SENT-3500,7.7.2,docs/7.品質を評価し改善する/7.7.End-to-end評価.md,50,MT-BenchとChatbot Arenaの研究が示す回答位置や長さの偏りを踏まえ、詳しさを正確性とは別に採点します。,externally_cited_claim,ATOM,ATOM(generation=true),generation=true,SRC-114,https://arxiv.org/abs/2306.05685,existing_direct_paragraph_or_technology_mapping,EXISTING_MAPPING_REQUIRES_SEMANTIC_REVIEW,CONTROLLED_TERM_PROJECTION_REQUIRES_CLAIM_POLARITY_REVIEW,SRC_114_sourceTheorem,benchmark=true;evaluation=true;generation=true;llm_judge=true;retrieval=true;scalability=true;verification=true,,PROVED_SOURCE_SUMMARY_ENTAILS_GUIDE_FORMULA,MODEL_PROVED,literature_SENT_3500,INCONCLUSIVE_REQUIRES_BILINGUAL_DOMAIN_REVIEW,INCONCLUSIVE,Lean checks the positive propositional derivation under source-summary premises,Conditional proof only: source-summary formula truth and NL-to-formula adequacy are separate obligations.
SENT-3510,7.7.2,docs/7.品質を評価し改善する/7.7.End-to-end評価.md,64,HAGRIDは、情報源を伴う情報探索回答を人とLLMの協働で構築したデータセットです。,externally_cited_claim,ATOM,ATOM(generation=true),generation=true,SRC-115,https://arxiv.org/abs/2307.16883,existing_direct_paragraph_or_technology_mapping,EXISTING_MAPPING_REQUIRES_SEMANTIC_REVIEW,CONTROLLED_TERM_PROJECTION_REQUIRES_CLAIM_POLARITY_REVIEW,SRC_115_sourceTheorem,attribution=true;benchmark=true;citation=true;evaluation=true;generation=true;human_evaluation=true;retrieval=true,,PROVED_SOURCE_SUMMARY_ENTAILS_GUIDE_FORMULA,MODEL_PROVED,literature_SENT_3510,INCONCLUSIVE_REQUIRES_BILINGUAL_DOMAIN_REVIEW,INCONCLUSIVE,Lean checks the positive propositional derivation under source-summary premises,Conditional proof only: source-summary formula truth and NL-to-formula adequacy are separate obligations.
SENT-3522,7.7.2,docs/7.品質を評価し改善する/7.7.End-to-end評価.md,82,G-Evalは、評価手順と採点欄を明示することで、自然言語生成の自動評価を構成します。,externally_cited_claim,AND,"AND(ATOM(generation=true), ATOM(evaluation=true))",evaluation=true;generation=true,SRC-113,https://arxiv.org/abs/2303.16634,existing_direct_paragraph_or_technology_mapping,EXISTING_MAPPING_REQUIRES_SEMANTIC_REVIEW,CONTROLLED_TERM_PROJECTION_REQUIRES_CLAIM_POLARITY_REVIEW,SRC_113_sourceTheorem,diversity=true;empirical_result=true;evaluation=true;generation=true;human_evaluation=true;llm_judge=true;retrieval=true,,PROVED_SOURCE_SUMMARY_ENTAILS_GUIDE_FORMULA,MODEL_PROVED,literature_SENT_3522,INCONCLUSIVE_REQUIRES_BILINGUAL_DOMAIN_REVIEW,INCONCLUSIVE,Lean checks the positive propositional derivation under source-summary premises,Conditional proof only: source-summary formula truth and NL-to-formula adequacy are separate obligations.
SENT-3523,7.7.2,docs/7.品質を評価し改善する/7.7.End-to-end評価.md,83,「Judging LLM-as-a-Judge with MT-Bench and Chatbot Arena」（2023年）は、同研究で評価したモデルと設問の範囲で、回答位置、回答長、自身と同系統のモデルを好む傾向など、LLM採点の偏りを報告しました。,empirical_or_research_claim,AND,"AND(AND(AND(ATOM(generation=true), ATOM(evaluation=true)), ATOM(llm_judge=true)), ATOM(empirical_result=true))",empirical_result=true;evaluation=true;generation=true;llm_judge=true,SRC-113,https://arxiv.org/abs/2303.16634,existing_direct_paragraph_or_technology_mapping,EXISTING_MAPPING_REQUIRES_SEMANTIC_REVIEW,CONTROLLED_TERM_PROJECTION_REQUIRES_CLAIM_POLARITY_REVIEW,SRC_113_sourceTheorem,diversity=true;empirical_result=true;evaluation=true;generation=true;human_evaluation=true;llm_judge=true;retrieval=true,,PROVED_SOURCE_SUMMARY_ENTAILS_GUIDE_FORMULA,MODEL_PROVED,literature_SENT_3523,INCONCLUSIVE_REQUIRES_BILINGUAL_DOMAIN_REVIEW,INCONCLUSIVE,Lean checks the positive propositional derivation under source-summary premises,Conditional proof only: source-summary formula truth and NL-to-formula adequacy are separate obligations.
SENT-3530,7.7.3,docs/7.品質を評価し改善する/7.7.End-to-end評価.md,95,PoisonedRAGが扱う知識汚染や、間接プロンプトインジェクションの研究が示す文書経由の命令を、隔離環境で試します。,externally_cited_claim,ATOM,ATOM(prompt_injection=true),prompt_injection=true,SRC-039;SRC-096,https://arxiv.org/abs/2402.07867;https://arxiv.org/abs/2302.12173,existing_direct_paragraph_or_technology_mapping,EXISTING_MAPPING_REQUIRES_SEMANTIC_REVIEW,CONTROLLED_TERM_PROJECTION_REQUIRES_CLAIM_POLARITY_REVIEW,SRC_039_sourceTheorem;SRC_096_sourceTheorem,empirical_result=true;evaluation=true;external_knowledge=true;generation=true;hallucination=true;prompt_injection=true;rag=true;retrieval=true;security=true;temporal_freshness=true,,PROVED_SOURCE_SUMMARY_ENTAILS_GUIDE_FORMULA,MODEL_PROVED,literature_SENT_3530,INCONCLUSIVE_REQUIRES_BILINGUAL_DOMAIN_REVIEW,INCONCLUSIVE,Lean checks the positive propositional derivation under source-summary premises,Conditional proof only: source-summary formula truth and NL-to-formula adequacy are separate obligations.
SENT-3543,7.7.4,docs/7.品質を評価し改善する/7.7.End-to-end評価.md,117,品質、遅延、費用を同時に比較し、三者のいずれかを改善するために別の要素がどれだけ変わるかを示します。,empirical_or_research_claim,OR,"OR(ATOM(cost=true), ATOM(empirical_result=true))",cost=true;empirical_result=true,SRC-039;SRC-113;SRC-116,https://arxiv.org/abs/2402.07867;https://arxiv.org/abs/2303.16634;https://arxiv.org/abs/2210.03629,same_file_candidate,CANDIDATE_REQUIRES_DOMAIN_REVIEW,CONTROLLED_TERM_PROJECTION_REQUIRES_CLAIM_POLARITY_REVIEW,SRC_039_sourceTheorem;SRC_113_sourceTheorem;SRC_116_sourceTheorem,bedrock_kb=true;benchmark=true;diversity=true;empirical_result=true;evaluation=true;external_knowledge=true;generation=true;hallucination=true;human_evaluation=true;llm_judge=true;rag=true;retrieval=true;security=true;temporal_freshness=true;tool_use=true;verification=true,cost=true,PROVED_SOURCE_SUMMARY_ENTAILS_GUIDE_FORMULA,MODEL_PROVED,literature_SENT_3543,INCONCLUSIVE_REQUIRES_BILINGUAL_DOMAIN_REVIEW,INCONCLUSIVE,Lean checks the positive propositional derivation under source-summary premises,Conditional proof only: source-summary formula truth and NL-to-formula adequacy are separate obligations.
SENT-3547,7.7.5,docs/7.品質を評価し改善する/7.7.End-to-end評価.md,125,ReActは、推論、行動、観察を交互に行う枠組みです。,externally_cited_claim,ATOM,ATOM(tool_use=true),tool_use=true,SRC-116,https://arxiv.org/abs/2210.03629,existing_direct_paragraph_or_technology_mapping,EXISTING_MAPPING_REQUIRES_SEMANTIC_REVIEW,CONTROLLED_TERM_PROJECTION_REQUIRES_CLAIM_POLARITY_REVIEW,SRC_116_sourceTheorem,bedrock_kb=true;benchmark=true;empirical_result=true;evaluation=true;external_knowledge=true;generation=true;hallucination=true;retrieval=true;tool_use=true;verification=true,,PROVED_SOURCE_SUMMARY_ENTAILS_GUIDE_FORMULA,MODEL_PROVED,literature_SENT_3547,INCONCLUSIVE_REQUIRES_BILINGUAL_DOMAIN_REVIEW,INCONCLUSIVE,Lean checks the positive propositional derivation under source-summary premises,Conditional proof only: source-summary formula truth and NL-to-formula adequacy are separate obligations.
SENT-3555,7.7.6,docs/7.品質を評価し改善する/7.7.End-to-end評価.md,138,安全性と遅延の監視指標、割り当て比率の異常、実験中の別変更を監視します。,empirical_or_research_claim,ATOM,ATOM(empirical_result=true),empirical_result=true,SRC-039;SRC-113;SRC-116,https://arxiv.org/abs/2402.07867;https://arxiv.org/abs/2303.16634;https://arxiv.org/abs/2210.03629,same_file_candidate,CANDIDATE_REQUIRES_DOMAIN_REVIEW,CONTROLLED_TERM_PROJECTION_REQUIRES_CLAIM_POLARITY_REVIEW,SRC_039_sourceTheorem;SRC_113_sourceTheorem;SRC_116_sourceTheorem,bedrock_kb=true;benchmark=true;diversity=true;empirical_result=true;evaluation=true;external_knowledge=true;generation=true;hallucination=true;human_evaluation=true;llm_judge=true;rag=true;retrieval=true;security=true;temporal_freshness=true;tool_use=true;verification=true,,PROVED_SOURCE_SUMMARY_ENTAILS_GUIDE_FORMULA,MODEL_PROVED,literature_SENT_3555,INCONCLUSIVE_REQUIRES_BILINGUAL_DOMAIN_REVIEW,INCONCLUSIVE,Lean checks the positive propositional derivation under source-summary premises,Conditional proof only: source-summary formula truth and NL-to-formula adequacy are separate obligations.
SENT-3560,FILE-INTRO,docs/7.品質を評価し改善する/7.8.Regression・A-B・Canary.md,6,平均値だけでなく、質問ごとの改善と悪化、重要スライスの下限を比較します。,empirical_or_research_claim,ATOM,ATOM(empirical_result=true),empirical_result=true,SRC-117,https://doi.org/10.1145/1281192.1281295,same_file_candidate,CANDIDATE_REQUIRES_DOMAIN_REVIEW,CONTROLLED_TERM_PROJECTION_REQUIRES_CLAIM_POLARITY_REVIEW,SRC_117_sourceTheorem,ab_testing=true;empirical_result=true,,PROVED_SOURCE_SUMMARY_ENTAILS_GUIDE_FORMULA,MODEL_PROVED,literature_SENT_3560,INCONCLUSIVE_REQUIRES_BILINGUAL_DOMAIN_REVIEW,INCONCLUSIVE,Lean checks the positive propositional derivation under source-summary premises,Conditional proof only: source-summary formula truth and NL-to-formula adequacy are separate obligations.
SENT-3575,7.8.2,docs/7.品質を評価し改善する/7.8.Regression・A-B・Canary.md,30,主要指標、安全性や遅延の監視指標、必要な標本数、実験期間、停止条件を事前に登録します。,empirical_or_research_claim,ATOM,ATOM(empirical_result=true),empirical_result=true,SRC-117,https://doi.org/10.1145/1281192.1281295,existing_direct_paragraph_or_technology_mapping,EXISTING_MAPPING_REQUIRES_SEMANTIC_REVIEW,CONTROLLED_TERM_PROJECTION_REQUIRES_CLAIM_POLARITY_REVIEW,SRC_117_sourceTheorem,ab_testing=true;empirical_result=true,,PROVED_SOURCE_SUMMARY_ENTAILS_GUIDE_FORMULA,MODEL_PROVED,literature_SENT_3575,INCONCLUSIVE_REQUIRES_BILINGUAL_DOMAIN_REVIEW,INCONCLUSIVE,Lean checks the positive propositional derivation under source-summary premises,Conditional proof only: source-summary formula truth and NL-to-formula adequacy are separate obligations.
SENT-3576,7.8.2,docs/7.品質を評価し改善する/7.8.Regression・A-B・Canary.md,31,オンライン比較実験の実践指針に沿って、割り当て比率の異常や同時に行われた変更も監視します。,externally_cited_claim,AND,"AND(ATOM(ab_testing=true), ATOM(empirical_result=true))",ab_testing=true;empirical_result=true,SRC-117,https://doi.org/10.1145/1281192.1281295,existing_direct_paragraph_or_technology_mapping,EXISTING_MAPPING_REQUIRES_SEMANTIC_REVIEW,CONTROLLED_TERM_PROJECTION_REQUIRES_CLAIM_POLARITY_REVIEW,SRC_117_sourceTheorem,ab_testing=true;empirical_result=true,,PROVED_SOURCE_SUMMARY_ENTAILS_GUIDE_FORMULA,MODEL_PROVED,literature_SENT_3576,INCONCLUSIVE_REQUIRES_BILINGUAL_DOMAIN_REVIEW,INCONCLUSIVE,Lean checks the positive propositional derivation under source-summary premises,Conditional proof only: source-summary formula truth and NL-to-formula adequacy are separate obligations.
SENT-3588,7.8.3,docs/7.品質を評価し改善する/7.8.Regression・A-B・Canary.md,50,平均が改善しても重大事例が悪化すれば公開を止めます。,empirical_or_research_claim,ATOM,ATOM(empirical_result=true),empirical_result=true,SRC-117,https://doi.org/10.1145/1281192.1281295,same_file_candidate,CANDIDATE_REQUIRES_DOMAIN_REVIEW,CONTROLLED_TERM_PROJECTION_REQUIRES_CLAIM_POLARITY_REVIEW,SRC_117_sourceTheorem,ab_testing=true;empirical_result=true,,PROVED_SOURCE_SUMMARY_ENTAILS_GUIDE_FORMULA,MODEL_PROVED,literature_SENT_3588,INCONCLUSIVE_REQUIRES_BILINGUAL_DOMAIN_REVIEW,INCONCLUSIVE,Lean checks the positive propositional derivation under source-summary premises,Conditional proof only: source-summary formula truth and NL-to-formula adequacy are separate obligations.
SENT-3592,FILE-INTRO,docs/7.品質を評価し改善する/7.9.Traceに基づく失敗分析.md,6,RAGCheckerは検索と生成を細かい指標に分け、主張単位でRAGの失敗を診断します。,externally_cited_claim,AND,"AND(AND(ATOM(retrieval=true), ATOM(generation=true)), ATOM(evaluation=true))",evaluation=true;generation=true;retrieval=true,SRC-110,https://arxiv.org/abs/2408.08067,existing_direct_paragraph_or_technology_mapping,EXISTING_MAPPING_REQUIRES_SEMANTIC_REVIEW,CONTROLLED_TERM_PROJECTION_REQUIRES_CLAIM_POLARITY_REVIEW,SRC_110_sourceTheorem,evaluation=true;external_knowledge=true;generation=true;modular=true;rag=true;retrieval=true,,PROVED_SOURCE_SUMMARY_ENTAILS_GUIDE_FORMULA,MODEL_PROVED,literature_SENT_3592,INCONCLUSIVE_REQUIRES_BILINGUAL_DOMAIN_REVIEW,INCONCLUSIVE,Lean checks the positive propositional derivation under source-summary premises,Conditional proof only: source-summary formula truth and NL-to-formula adequacy are separate obligations.
SENT-3595,FILE-INTRO,docs/7.品質を評価し改善する/7.9.Traceに基づく失敗分析.md,10,各候補を除外した理由と構成要素の版も残し、原因に対応する改善作業を登録します。,empirical_or_research_claim,ATOM,ATOM(empirical_result=true),empirical_result=true,SRC-002;SRC-013;SRC-025;SRC-026;SRC-031,https://aclanthology.org/2020.emnlp-main.550/;https://arxiv.org/abs/2310.03214;https://arxiv.org/abs/1908.07836;https://arxiv.org/abs/2206.01062;https://arxiv.org/abs/2312.06648,same_chapter_candidate,CANDIDATE_REQUIRES_DOMAIN_REVIEW,CONTROLLED_TERM_PROJECTION_REQUIRES_CLAIM_POLARITY_REVIEW,SRC_002_sourceTheorem;SRC_013_sourceTheorem;SRC_025_sourceTheorem;SRC_026_sourceTheorem;SRC_031_sourceTheorem,benchmark=true;chunking=true;dense=true;document_statistics=true;dual_encoder=true;empirical_result=true;evaluation=true;evidence_support=true;factuality=true;generation=true;hallucination=true;human_evaluation=true;layout=true;length_normalization=true;lexical=true;open_domain_qa=true;rag=true;recall_metric=true;retrieval=true;segmentation=true;similarity=dot_product;temporal_freshness=true;tf_saturation=true;verification=true,,PROVED_SOURCE_SUMMARY_ENTAILS_GUIDE_FORMULA,MODEL_PROVED,literature_SENT_3595,INCONCLUSIVE_REQUIRES_BILINGUAL_DOMAIN_REVIEW,INCONCLUSIVE,Lean checks the positive propositional derivation under source-summary premises,Conditional proof only: source-summary formula truth and NL-to-formula adequacy are separate obligations.
SENT-3598,7.9.1,docs/7.品質を評価し改善する/7.9.Traceに基づく失敗分析.md,17,RAGCheckerのclaim-level診断では、各claimについてgold evidenceがcontextに取得されたかと、answerがそのevidenceを正しく使ったかを別々に判定します。,externally_cited_claim,AND,"AND(AND(ATOM(retrieval=true), ATOM(evidence_support=true)), ATOM(evaluation=true))",evaluation=true;evidence_support=true;retrieval=true,SRC-110,https://arxiv.org/abs/2408.08067,existing_direct_paragraph_or_technology_mapping,EXISTING_MAPPING_REQUIRES_SEMANTIC_REVIEW,CONTROLLED_TERM_PROJECTION_REQUIRES_CLAIM_POLARITY_REVIEW,SRC_110_sourceTheorem,evaluation=true;external_knowledge=true;generation=true;modular=true;rag=true;retrieval=true,evidence_support=true,INCONCLUSIVE_UNSUPPORTED_ATOMS,INCONCLUSIVE,,INCONCLUSIVE_REQUIRES_BILINGUAL_DOMAIN_REVIEW,INCONCLUSIVE,guide formula contains atoms absent from the selected source summaries,Conditional proof only: source-summary formula truth and NL-to-formula adequacy are separate obligations.
SENT-3609,7.9.2,docs/7.品質を評価し改善する/7.9.Traceに基づく失敗分析.md,34,発生頻度、重大度、業務影響で改善作業を並べ、事例の集積から構成要素ごとの改善仮説を立てます。,empirical_or_research_claim,ATOM,ATOM(empirical_result=true),empirical_result=true,SRC-002;SRC-013;SRC-025;SRC-026;SRC-031,https://aclanthology.org/2020.emnlp-main.550/;https://arxiv.org/abs/2310.03214;https://arxiv.org/abs/1908.07836;https://arxiv.org/abs/2206.01062;https://arxiv.org/abs/2312.06648,same_chapter_candidate,CANDIDATE_REQUIRES_DOMAIN_REVIEW,CONTROLLED_TERM_PROJECTION_REQUIRES_CLAIM_POLARITY_REVIEW,SRC_002_sourceTheorem;SRC_013_sourceTheorem;SRC_025_sourceTheorem;SRC_026_sourceTheorem;SRC_031_sourceTheorem,benchmark=true;chunking=true;dense=true;document_statistics=true;dual_encoder=true;empirical_result=true;evaluation=true;evidence_support=true;factuality=true;generation=true;hallucination=true;human_evaluation=true;layout=true;length_normalization=true;lexical=true;open_domain_qa=true;rag=true;recall_metric=true;retrieval=true;segmentation=true;similarity=dot_product;temporal_freshness=true;tf_saturation=true;verification=true,,PROVED_SOURCE_SUMMARY_ENTAILS_GUIDE_FORMULA,MODEL_PROVED,literature_SENT_3609,INCONCLUSIVE_REQUIRES_BILINGUAL_DOMAIN_REVIEW,INCONCLUSIVE,Lean checks the positive propositional derivation under source-summary premises,Conditional proof only: source-summary formula truth and NL-to-formula adequacy are separate obligations.
SENT-3616,INTRO-7,docs/7.品質を評価し改善する/序文.md,3,最初に期待値から外れた工程を特定し、変更による改善と回帰を測ります。,empirical_or_research_claim,ATOM,ATOM(empirical_result=true),empirical_result=true,SRC-002;SRC-013;SRC-025;SRC-026;SRC-031,https://aclanthology.org/2020.emnlp-main.550/;https://arxiv.org/abs/2310.03214;https://arxiv.org/abs/1908.07836;https://arxiv.org/abs/2206.01062;https://arxiv.org/abs/2312.06648,same_chapter_candidate,CANDIDATE_REQUIRES_DOMAIN_REVIEW,CONTROLLED_TERM_PROJECTION_REQUIRES_CLAIM_POLARITY_REVIEW,SRC_002_sourceTheorem;SRC_013_sourceTheorem;SRC_025_sourceTheorem;SRC_026_sourceTheorem;SRC_031_sourceTheorem,benchmark=true;chunking=true;dense=true;document_statistics=true;dual_encoder=true;empirical_result=true;evaluation=true;evidence_support=true;factuality=true;generation=true;hallucination=true;human_evaluation=true;layout=true;length_normalization=true;lexical=true;open_domain_qa=true;rag=true;recall_metric=true;retrieval=true;segmentation=true;similarity=dot_product;temporal_freshness=true;tf_saturation=true;verification=true,,PROVED_SOURCE_SUMMARY_ENTAILS_GUIDE_FORMULA,MODEL_PROVED,literature_SENT_3616,INCONCLUSIVE_REQUIRES_BILINGUAL_DOMAIN_REVIEW,INCONCLUSIVE,Lean checks the positive propositional derivation under source-summary premises,Conditional proof only: source-summary formula truth and NL-to-formula adequacy are separate obligations.
SENT-3620,INTRO-7,docs/7.品質を評価し改善する/序文.md,7,retrieval、evidence、generationを別々に測ると、改善対象と副作用を限定できます。,empirical_or_research_claim,AND,"AND(AND(ATOM(retrieval=true), ATOM(evidence_support=true)), ATOM(empirical_result=true))",empirical_result=true;evidence_support=true;retrieval=true,SRC-013;SRC-026;SRC-036;SRC-037;SRC-002,https://arxiv.org/abs/2310.03214;https://arxiv.org/abs/2206.01062;https://arxiv.org/abs/2009.02252;https://arxiv.org/abs/2305.14627;https://aclanthology.org/2020.emnlp-main.550/,same_chapter_candidate,CANDIDATE_REQUIRES_DOMAIN_REVIEW,CONTROLLED_TERM_PROJECTION_REQUIRES_CLAIM_POLARITY_REVIEW,SRC_013_sourceTheorem;SRC_026_sourceTheorem;SRC_036_sourceTheorem;SRC_037_sourceTheorem;SRC_002_sourceTheorem,benchmark=true;citation=true;dense=true;dimension_contract=true;document_statistics=true;dual_encoder=true;empirical_result=true;evaluation=true;evidence_support=true;external_knowledge=true;factuality=true;generation=true;hallucination=true;human_evaluation=true;knowledge_intensive=true;layout=true;length_normalization=true;lexical=true;open_domain_qa=true;recall_metric=true;retrieval=true;segmentation=true;similarity=dot_product;temporal_freshness=true;tf_saturation=true;verification=true,,PROVED_SOURCE_SUMMARY_ENTAILS_GUIDE_FORMULA,MODEL_PROVED,literature_SENT_3620,INCONCLUSIVE_REQUIRES_BILINGUAL_DOMAIN_REVIEW,INCONCLUSIVE,Lean checks the positive propositional derivation under source-summary premises,Conditional proof only: source-summary formula truth and NL-to-formula adequacy are separate obligations.
SENT-3626,8.1.1,docs/8.安全に運用する/8.1.セキュリティと権限制御.md,9,情報源、チャンク、埋め込み、インデックス、プロンプト、会話記憶、ログ、ツールの認証情報が主な保護対象です。,general_technical_claim,ATOM,ATOM(tool_use=true),tool_use=true,SRC-010;SRC-011;SRC-013;SRC-020;SRC-021,https://arxiv.org/abs/1803.09010;https://aclanthology.org/Q18-1041/;https://arxiv.org/abs/2310.03214;https://doi.org/10.14778/2824032.2824076;https://www.vldb.org/pvldb/vol13/p3411-armbrust.pdf,same_chapter_candidate,CANDIDATE_REQUIRES_DOMAIN_REVIEW,CONTROLLED_TERM_PROJECTION_REQUIRES_CLAIM_POLARITY_REVIEW,SRC_010_sourceTheorem;SRC_011_sourceTheorem;SRC_013_sourceTheorem;SRC_020_sourceTheorem;SRC_021_sourceTheorem,acid=true;attribution=true;benchmark=true;cost=true;dataflow=true;dataset_documentation=true;empirical_result=true;evaluation=true;evidence_support=true;factuality=true;generation=true;hallucination=true;human_evaluation=true;retrieval=true;temporal_freshness=true;verification=true,tool_use=true,INCONCLUSIVE_UNSUPPORTED_ATOMS,INCONCLUSIVE,,INCONCLUSIVE_REQUIRES_BILINGUAL_DOMAIN_REVIEW,INCONCLUSIVE,guide formula contains atoms absent from the selected source summaries,Conditional proof only: source-summary formula truth and NL-to-formula adequacy are separate obligations.
SENT-3631,8.1.1,docs/8.安全に運用する/8.1.セキュリティと権限制御.md,16,Protection of Information in Computer Systemsで整理された最小権限、すべてのアクセスの検査、安全側の初期設定は、RAGにも適用できます。,externally_cited_claim,ATOM,ATOM(authorization=true),authorization=true,SRC-118,https://doi.org/10.1109/PROC.1975.9939,existing_direct_paragraph_or_technology_mapping,EXISTING_MAPPING_REQUIRES_SEMANTIC_REVIEW,CONTROLLED_TERM_PROJECTION_REQUIRES_CLAIM_POLARITY_REVIEW,SRC_118_sourceTheorem,authorization=true;security=true,,PROVED_SOURCE_SUMMARY_ENTAILS_GUIDE_FORMULA,MODEL_PROVED,literature_SENT_3631,INCONCLUSIVE_REQUIRES_BILINGUAL_DOMAIN_REVIEW,INCONCLUSIVE,Lean checks the positive propositional derivation under source-summary premises,Conditional proof only: source-summary formula truth and NL-to-formula adequacy are separate obligations.
SENT-3637,8.1.1,docs/8.安全に運用する/8.1.セキュリティと権限制御.md,25,間接プロンプトインジェクションの研究が示すように、外部文書に含まれる命令がモデルの動作へ影響する可能性があります。,externally_cited_claim,ATOM,ATOM(prompt_injection=true),prompt_injection=true,SRC-096,https://arxiv.org/abs/2302.12173,existing_direct_paragraph_or_technology_mapping,EXISTING_MAPPING_REQUIRES_SEMANTIC_REVIEW,CONTROLLED_TERM_PROJECTION_REQUIRES_CLAIM_POLARITY_REVIEW,SRC_096_sourceTheorem,generation=true;prompt_injection=true;retrieval=true;security=true,,PROVED_SOURCE_SUMMARY_ENTAILS_GUIDE_FORMULA,MODEL_PROVED,literature_SENT_3637,INCONCLUSIVE_REQUIRES_BILINGUAL_DOMAIN_REVIEW,INCONCLUSIVE,Lean checks the positive propositional derivation under source-summary premises,Conditional proof only: source-summary formula truth and NL-to-formula adequacy are separate obligations.
SENT-3643,8.1.2,docs/8.安全に運用する/8.1.セキュリティと権限制御.md,35,Cedarは、主体、操作、資源、状況を明示した方針による認可を扱います。,externally_cited_claim,ATOM,ATOM(authorization=true),authorization=true,SRC-041,https://arxiv.org/abs/2403.04651,existing_direct_paragraph_or_technology_mapping,EXISTING_MAPPING_REQUIRES_SEMANTIC_REVIEW,CONTROLLED_TERM_PROJECTION_REQUIRES_CLAIM_POLARITY_REVIEW,SRC_041_sourceTheorem,authorization=true;evaluation=true;retrieval=true,,PROVED_SOURCE_SUMMARY_ENTAILS_GUIDE_FORMULA,MODEL_PROVED,literature_SENT_3643,INCONCLUSIVE_REQUIRES_BILINGUAL_DOMAIN_REVIEW,INCONCLUSIVE,Lean checks the positive propositional derivation under source-summary premises,Conditional proof only: source-summary formula truth and NL-to-formula adequacy are separate obligations.
SENT-3649,8.1.2,docs/8.安全に運用する/8.1.セキュリティと権限制御.md,44,ACORNやCuratorは、構造化条件や複数テナントを含むベクトル検索の効率を扱っています。,externally_cited_claim,AND,"AND(ATOM(retrieval=true), ATOM(multi_tenant=true))",multi_tenant=true;retrieval=true,SRC-049;SRC-119,https://arxiv.org/abs/2403.04871;https://arxiv.org/abs/2401.07119,existing_direct_paragraph_or_technology_mapping,EXISTING_MAPPING_REQUIRES_SEMANTIC_REVIEW,CONTROLLED_TERM_PROJECTION_REQUIRES_CLAIM_POLARITY_REVIEW,SRC_049_sourceTheorem;SRC_119_sourceTheorem,acl_before_exposure=true;ann=true;benchmark=true;dense=true;empirical_result=true;evaluation=true;filter_aware=true;graph_index=true;hierarchical=true;metadata_filter=true;multi_tenant=true;retrieval=true;subgraph_retrieval=true,,PROVED_SOURCE_SUMMARY_ENTAILS_GUIDE_FORMULA,MODEL_PROVED,literature_SENT_3649,INCONCLUSIVE_REQUIRES_BILINGUAL_DOMAIN_REVIEW,INCONCLUSIVE,Lean checks the positive propositional derivation under source-summary premises,Conditional proof only: source-summary formula truth and NL-to-formula adequacy are separate obligations.
SENT-3652,8.1.2,docs/8.安全に運用する/8.1.セキュリティと権限制御.md,48,Securing the Agentが報告した主要実験は、3 tenantと300 documentから成るsynthetic environmentに限定されています。,empirical_or_research_claim,AND,"AND(ATOM(multi_tenant=true), ATOM(empirical_result=true))",empirical_result=true;multi_tenant=true,SRC-049;SRC-119,https://arxiv.org/abs/2403.04871;https://arxiv.org/abs/2401.07119,same_unit_candidate,CANDIDATE_REQUIRES_DOMAIN_REVIEW,CONTROLLED_TERM_PROJECTION_REQUIRES_CLAIM_POLARITY_REVIEW,SRC_049_sourceTheorem;SRC_119_sourceTheorem,acl_before_exposure=true;ann=true;benchmark=true;dense=true;empirical_result=true;evaluation=true;filter_aware=true;graph_index=true;hierarchical=true;metadata_filter=true;multi_tenant=true;retrieval=true;subgraph_retrieval=true,,PROVED_SOURCE_SUMMARY_ENTAILS_GUIDE_FORMULA,MODEL_PROVED,literature_SENT_3652,INCONCLUSIVE_REQUIRES_BILINGUAL_DOMAIN_REVIEW,INCONCLUSIVE,Lean checks the positive propositional derivation under source-summary premises,Conditional proof only: source-summary formula truth and NL-to-formula adequacy are separate obligations.
SENT-3660,8.1.3,docs/8.安全に運用する/8.1.セキュリティと権限制御.md,62,RAG-Thiefは、反復質問によって非公開知識を抽出する攻撃を扱っています。,externally_cited_claim,AND,"AND(ATOM(rag=true), ATOM(security=true))",rag=true;security=true,SRC-121,https://arxiv.org/abs/2411.14110,existing_direct_paragraph_or_technology_mapping,EXISTING_MAPPING_REQUIRES_SEMANTIC_REVIEW,CONTROLLED_TERM_PROJECTION_REQUIRES_CLAIM_POLARITY_REVIEW,SRC_121_sourceTheorem,bedrock_kb=true;empirical_result=true;external_knowledge=true;generation=true;rag=true;retrieval=true;security=true,,PROVED_SOURCE_SUMMARY_ENTAILS_GUIDE_FORMULA,MODEL_PROVED,literature_SENT_3660,INCONCLUSIVE_REQUIRES_BILINGUAL_DOMAIN_REVIEW,INCONCLUSIVE,Lean checks the positive propositional derivation under source-summary premises,Conditional proof only: source-summary formula truth and NL-to-formula adequacy are separate obligations.
SENT-3677,8.1.5,docs/8.安全に運用する/8.1.セキュリティと権限制御.md,91,RAGに対する所属推論の研究は、回答の差から特定データの所属を推測できる可能性を扱っています。,externally_cited_claim,ATOM,ATOM(generation=true),generation=true,SRC-122,https://arxiv.org/abs/2406.19234,existing_direct_paragraph_or_technology_mapping,EXISTING_MAPPING_REQUIRES_SEMANTIC_REVIEW,CONTROLLED_TERM_PROJECTION_REQUIRES_CLAIM_POLARITY_REVIEW,SRC_122_sourceTheorem,empirical_result=true;generation=true;hallucination=true;membership_inference=true;privacy=true;rag=true;retrieval=true;security=true,,PROVED_SOURCE_SUMMARY_ENTAILS_GUIDE_FORMULA,MODEL_PROVED,literature_SENT_3677,INCONCLUSIVE_REQUIRES_BILINGUAL_DOMAIN_REVIEW,INCONCLUSIVE,Lean checks the positive propositional derivation under source-summary premises,Conditional proof only: source-summary formula truth and NL-to-formula adequacy are separate obligations.
SENT-3682,FILE-INTRO,docs/8.安全に運用する/8.2.プライバシーと機密情報.md,4,本文を非表示にするだけではなく、埋め込み、引用、ログ、外部サービスへの送信も対象にします。,general_technical_claim,ATOM,ATOM(citation=true),citation=true,SRC-022;SRC-037,https://www.vldb.org/pvldb/vol6/p1033-akidau.pdf;https://arxiv.org/abs/2305.14627,same_chapter_candidate,CANDIDATE_REQUIRES_DOMAIN_REVIEW,CONTROLLED_TERM_PROJECTION_REQUIRES_CLAIM_POLARITY_REVIEW,SRC_022_sourceTheorem;SRC_037_sourceTheorem,benchmark=true;citation=true;cost=true;dimension_contract=true;empirical_result=true;evaluation=true;evidence_support=true;fault_tolerance=true;generation=true;hallucination=true;human_evaluation=true;latency=true;retrieval=true;scalability=true,,PROVED_SOURCE_SUMMARY_ENTAILS_GUIDE_FORMULA,MODEL_PROVED,literature_SENT_3682,INCONCLUSIVE_REQUIRES_BILINGUAL_DOMAIN_REVIEW,INCONCLUSIVE,Lean checks the positive propositional derivation under source-summary premises,Conditional proof only: source-summary formula truth and NL-to-formula adequacy are separate obligations.
SENT-3686,8.2.1,docs/8.安全に運用する/8.2.プライバシーと機密情報.md,12,Datasheets for Datasetsのように、データの収集方法、用途、保守、制約を文書化します。,externally_cited_claim,ATOM,ATOM(dataset_documentation=true),dataset_documentation=true,SRC-010,https://arxiv.org/abs/1803.09010,existing_direct_paragraph_or_technology_mapping,EXISTING_MAPPING_REQUIRES_SEMANTIC_REVIEW,CONTROLLED_TERM_PROJECTION_REQUIRES_CLAIM_POLARITY_REVIEW,SRC_010_sourceTheorem,dataset_documentation=true;retrieval=true,,PROVED_SOURCE_SUMMARY_ENTAILS_GUIDE_FORMULA,MODEL_PROVED,literature_SENT_3686,INCONCLUSIVE_REQUIRES_BILINGUAL_DOMAIN_REVIEW,INCONCLUSIVE,Lean checks the positive propositional derivation under source-summary premises,Conditional proof only: source-summary formula truth and NL-to-formula adequacy are separate obligations.
SENT-3692,8.2.1,docs/8.安全に運用する/8.2.プライバシーと機密情報.md,21,RAG-ThiefとRAGに対する所属推論の研究は、回答本文以外も含むRAG固有の漏えい面を示しています。,externally_cited_claim,AND,"AND(ATOM(rag=true), ATOM(generation=true))",generation=true;rag=true,SRC-121;SRC-122,https://arxiv.org/abs/2411.14110;https://arxiv.org/abs/2406.19234,existing_direct_paragraph_or_technology_mapping,EXISTING_MAPPING_REQUIRES_SEMANTIC_REVIEW,CONTROLLED_TERM_PROJECTION_REQUIRES_CLAIM_POLARITY_REVIEW,SRC_121_sourceTheorem;SRC_122_sourceTheorem,bedrock_kb=true;empirical_result=true;external_knowledge=true;generation=true;hallucination=true;membership_inference=true;privacy=true;rag=true;retrieval=true;security=true,,PROVED_SOURCE_SUMMARY_ENTAILS_GUIDE_FORMULA,MODEL_PROVED,literature_SENT_3692,INCONCLUSIVE_REQUIRES_BILINGUAL_DOMAIN_REVIEW,INCONCLUSIVE,Lean checks the positive propositional derivation under source-summary premises,Conditional proof only: source-summary formula truth and NL-to-formula adequacy are separate obligations.
SENT-3693,8.2.1,docs/8.安全に運用する/8.2.プライバシーと機密情報.md,23,Extracting Training Data from Large Language Modelsは、GPT-2からtraining textを抽出した実験により、retrieval indexとは別にgeneration modelの記憶が漏えい経路になり得ることを示しています。,empirical_or_research_claim,AND,"AND(AND(ATOM(retrieval=true), ATOM(training_data_extraction=true)), ATOM(empirical_result=true))",empirical_result=true;retrieval=true;training_data_extraction=true,SRC-121;SRC-122;SRC-010,https://arxiv.org/abs/2411.14110;https://arxiv.org/abs/2406.19234;https://arxiv.org/abs/1803.09010,same_unit_candidate,CANDIDATE_REQUIRES_DOMAIN_REVIEW,CONTROLLED_TERM_PROJECTION_REQUIRES_CLAIM_POLARITY_REVIEW,SRC_121_sourceTheorem;SRC_122_sourceTheorem;SRC_010_sourceTheorem,bedrock_kb=true;dataset_documentation=true;empirical_result=true;external_knowledge=true;generation=true;hallucination=true;membership_inference=true;privacy=true;rag=true;retrieval=true;security=true,training_data_extraction=true,INCONCLUSIVE_UNSUPPORTED_ATOMS,INCONCLUSIVE,,INCONCLUSIVE_REQUIRES_BILINGUAL_DOMAIN_REVIEW,INCONCLUSIVE,guide formula contains atoms absent from the selected source summaries,Conditional proof only: source-summary formula truth and NL-to-formula adequacy are separate obligations.
SENT-3694,8.2.1,docs/8.安全に運用する/8.2.プライバシーと機密情報.md,24,Extracting Training Data from Large Language Modelsの結果は、GPT-2へのnon-targeted extraction attackを対象としており、現在のRAG system全般の漏えい率を表すものではありません。,empirical_or_research_claim,NOT,"NOT(AND(ATOM(training_data_extraction=true), ATOM(empirical_result=true)))",empirical_result=true;training_data_extraction=true,SRC-121;SRC-122,https://arxiv.org/abs/2411.14110;https://arxiv.org/abs/2406.19234,same_unit_candidate,CANDIDATE_REQUIRES_DOMAIN_REVIEW,CONTROLLED_TERM_PROJECTION_REQUIRES_CLAIM_POLARITY_REVIEW,SRC_121_sourceTheorem;SRC_122_sourceTheorem,bedrock_kb=true;empirical_result=true;external_knowledge=true;generation=true;hallucination=true;membership_inference=true;privacy=true;rag=true;retrieval=true;security=true,training_data_extraction=true,INCONCLUSIVE_RELATION_NOT_SUPPORTED_BY_POSITIVE_SOURCE_FACTS,INCONCLUSIVE,,INCONCLUSIVE_REQUIRES_BILINGUAL_DOMAIN_REVIEW,INCONCLUSIVE,implication/negation requires a relation-preserving source formalization,Conditional proof only: source-summary formula truth and NL-to-formula adequacy are separate obligations.
SENT-3700,8.2.2,docs/8.安全に運用する/8.2.プライバシーと機密情報.md,35,回答生成、品質評価、利用分析、モデル改善は別の利用目的として管理します。,empirical_or_research_claim,AND,"AND(AND(ATOM(generation=true), ATOM(evaluation=true)), ATOM(empirical_result=true))",empirical_result=true;evaluation=true;generation=true,SRC-124,https://arxiv.org/abs/2302.00539,same_unit_candidate,CANDIDATE_REQUIRES_DOMAIN_REVIEW,CONTROLLED_TERM_PROJECTION_REQUIRES_CLAIM_POLARITY_REVIEW,SRC_124_sourceTheorem,differential_privacy=true;empirical_result=true;evaluation=true;generation=true;membership_inference=true;privacy=true;retrieval=true;security=true,,PROVED_SOURCE_SUMMARY_ENTAILS_GUIDE_FORMULA,MODEL_PROVED,literature_SENT_3700,INCONCLUSIVE_REQUIRES_BILINGUAL_DOMAIN_REVIEW,INCONCLUSIVE,Lean checks the positive propositional derivation under source-summary premises,Conditional proof only: source-summary formula truth and NL-to-formula adequacy are separate obligations.
SENT-3708,8.2.2,docs/8.安全に運用する/8.2.プライバシーと機密情報.md,47,言語モデルの個人情報漏えいに関する研究で扱われる抽出形式を試験へ含めます。,externally_cited_claim,AND,"AND(ATOM(generation=true), ATOM(privacy=true))",generation=true;privacy=true,SRC-124,https://arxiv.org/abs/2302.00539,existing_direct_paragraph_or_technology_mapping,EXISTING_MAPPING_REQUIRES_SEMANTIC_REVIEW,CONTROLLED_TERM_PROJECTION_REQUIRES_CLAIM_POLARITY_REVIEW,SRC_124_sourceTheorem,differential_privacy=true;empirical_result=true;evaluation=true;generation=true;membership_inference=true;privacy=true;retrieval=true;security=true,,PROVED_SOURCE_SUMMARY_ENTAILS_GUIDE_FORMULA,MODEL_PROVED,literature_SENT_3708,INCONCLUSIVE_REQUIRES_BILINGUAL_DOMAIN_REVIEW,INCONCLUSIVE,Lean checks the positive propositional derivation under source-summary premises,Conditional proof only: source-summary formula truth and NL-to-formula adequacy are separate obligations.
SENT-3731,8.2.5,docs/8.安全に運用する/8.2.プライバシーと機密情報.md,87,Deep Learning with Differential Privacyが与える形式的保証は同研究のtraining algorithmとprivacy accountingに対するものであり、RAGのretrievalからanswerまでを自動的に保証しません。,empirical_or_research_claim,NOT,"NOT(AND(AND(ATOM(retrieval=true), ATOM(privacy=true)), ATOM(differential_privacy=true)))",differential_privacy=true;privacy=true;retrieval=true,SRC-124;SRC-122;SRC-010;SRC-121,https://arxiv.org/abs/2302.00539;https://arxiv.org/abs/2406.19234;https://arxiv.org/abs/1803.09010;https://arxiv.org/abs/2411.14110,same_file_candidate,CANDIDATE_REQUIRES_DOMAIN_REVIEW,CONTROLLED_TERM_PROJECTION_REQUIRES_CLAIM_POLARITY_REVIEW,SRC_124_sourceTheorem;SRC_122_sourceTheorem;SRC_010_sourceTheorem;SRC_121_sourceTheorem,bedrock_kb=true;dataset_documentation=true;differential_privacy=true;empirical_result=true;evaluation=true;external_knowledge=true;generation=true;hallucination=true;membership_inference=true;privacy=true;rag=true;retrieval=true;security=true,,INCONCLUSIVE_RELATION_NOT_SUPPORTED_BY_POSITIVE_SOURCE_FACTS,INCONCLUSIVE,,INCONCLUSIVE_REQUIRES_BILINGUAL_DOMAIN_REVIEW,INCONCLUSIVE,implication/negation requires a relation-preserving source formalization,Conditional proof only: source-summary formula truth and NL-to-formula adequacy are separate obligations.
SENT-3740,8.3.1,docs/8.安全に運用する/8.3.Prompt injection・data poisoning対策.md,10,利用者が質問欄から命令を上書きしようとする攻撃を、直接プロンプトインジェクションと呼びます。,general_technical_claim,AND,"AND(ATOM(security=true), ATOM(prompt_injection=true))",prompt_injection=true;security=true,SRC-127;SRC-128;SRC-129;SRC-039,https://arxiv.org/abs/2402.06363;https://arxiv.org/abs/2312.14197;https://arxiv.org/abs/2404.13208;https://arxiv.org/abs/2402.07867,same_file_candidate,CANDIDATE_REQUIRES_DOMAIN_REVIEW,CONTROLLED_TERM_PROJECTION_REQUIRES_CLAIM_POLARITY_REVIEW,SRC_127_sourceTheorem;SRC_128_sourceTheorem;SRC_129_sourceTheorem;SRC_039_sourceTheorem,benchmark=true;empirical_result=true;evaluation=true;external_knowledge=true;generation=true;hallucination=true;hierarchical=true;prompt_injection=true;rag=true;retrieval=true;security=true;temporal_freshness=true,,PROVED_SOURCE_SUMMARY_ENTAILS_GUIDE_FORMULA,MODEL_PROVED,literature_SENT_3740,INCONCLUSIVE_REQUIRES_BILINGUAL_DOMAIN_REVIEW,INCONCLUSIVE,Lean checks the positive propositional derivation under source-summary premises,Conditional proof only: source-summary formula truth and NL-to-formula adequacy are separate obligations.
SENT-3741,8.3.1,docs/8.安全に運用する/8.3.Prompt injection・data poisoning対策.md,11,取得文書やツール結果に命令を埋める攻撃は、間接プロンプトインジェクションです。,general_technical_claim,AND,"AND(AND(AND(AND(ATOM(retrieval=true), ATOM(security=true)), ATOM(prompt_injection=true)), ATOM(tool_use=true)), ATOM(empirical_result=true))",empirical_result=true;prompt_injection=true;retrieval=true;security=true;tool_use=true,SRC-127;SRC-128;SRC-039;SRC-129,https://arxiv.org/abs/2402.06363;https://arxiv.org/abs/2312.14197;https://arxiv.org/abs/2402.07867;https://arxiv.org/abs/2404.13208,same_file_candidate,CANDIDATE_REQUIRES_DOMAIN_REVIEW,CONTROLLED_TERM_PROJECTION_REQUIRES_CLAIM_POLARITY_REVIEW,SRC_127_sourceTheorem;SRC_128_sourceTheorem;SRC_039_sourceTheorem;SRC_129_sourceTheorem,benchmark=true;empirical_result=true;evaluation=true;external_knowledge=true;generation=true;hallucination=true;hierarchical=true;prompt_injection=true;rag=true;retrieval=true;security=true;temporal_freshness=true,tool_use=true,INCONCLUSIVE_UNSUPPORTED_ATOMS,INCONCLUSIVE,,INCONCLUSIVE_REQUIRES_BILINGUAL_DOMAIN_REVIEW,INCONCLUSIVE,guide formula contains atoms absent from the selected source summaries,Conditional proof only: source-summary formula truth and NL-to-formula adequacy are separate obligations.
SENT-3746,8.3.1,docs/8.安全に運用する/8.3.Prompt injection・data poisoning対策.md,18,Prompt Injection attack against LLM-integrated Applicationsは、調査対象36 serviceに文脈適応型attackを試し、31 serviceで少なくとも一種類が成功したと報告しています。,empirical_or_research_claim,AND,"AND(ATOM(prompt_injection=true), ATOM(empirical_result=true))",empirical_result=true;prompt_injection=true,SRC-127;SRC-128;SRC-039;SRC-129,https://arxiv.org/abs/2402.06363;https://arxiv.org/abs/2312.14197;https://arxiv.org/abs/2402.07867;https://arxiv.org/abs/2404.13208,same_file_candidate,CANDIDATE_REQUIRES_DOMAIN_REVIEW,CONTROLLED_TERM_PROJECTION_REQUIRES_CLAIM_POLARITY_REVIEW,SRC_127_sourceTheorem;SRC_128_sourceTheorem;SRC_039_sourceTheorem;SRC_129_sourceTheorem,benchmark=true;empirical_result=true;evaluation=true;external_knowledge=true;generation=true;hallucination=true;hierarchical=true;prompt_injection=true;rag=true;retrieval=true;security=true;temporal_freshness=true,,PROVED_SOURCE_SUMMARY_ENTAILS_GUIDE_FORMULA,MODEL_PROVED,literature_SENT_3746,INCONCLUSIVE_REQUIRES_BILINGUAL_DOMAIN_REVIEW,INCONCLUSIVE,Lean checks the positive propositional derivation under source-summary premises,Conditional proof only: source-summary formula truth and NL-to-formula adequacy are separate obligations.
SENT-3757,8.3.2,docs/8.安全に運用する/8.3.Prompt injection・data poisoning対策.md,36,PoisonedRAGは、少数の攻撃文書によって対象質問の回答を誘導する攻撃を示しています。,externally_cited_claim,AND,"AND(ATOM(generation=true), ATOM(security=true))",generation=true;security=true,SRC-039,https://arxiv.org/abs/2402.07867,existing_direct_paragraph_or_technology_mapping,EXISTING_MAPPING_REQUIRES_SEMANTIC_REVIEW,CONTROLLED_TERM_PROJECTION_REQUIRES_CLAIM_POLARITY_REVIEW,SRC_039_sourceTheorem,empirical_result=true;evaluation=true;external_knowledge=true;generation=true;hallucination=true;rag=true;retrieval=true;security=true;temporal_freshness=true,,PROVED_SOURCE_SUMMARY_ENTAILS_GUIDE_FORMULA,MODEL_PROVED,literature_SENT_3757,INCONCLUSIVE_REQUIRES_BILINGUAL_DOMAIN_REVIEW,INCONCLUSIVE,Lean checks the positive propositional derivation under source-summary premises,Conditional proof only: source-summary formula truth and NL-to-formula adequacy are separate obligations.
SENT-3763,8.3.3,docs/8.安全に運用する/8.3.Prompt injection・data poisoning対策.md,47,StruQは、命令とデータを構造的に分離する防御を提案しています。,externally_cited_claim,ATOM,ATOM(security=true),security=true,SRC-127,https://arxiv.org/abs/2402.06363,existing_direct_paragraph_or_technology_mapping,EXISTING_MAPPING_REQUIRES_SEMANTIC_REVIEW,CONTROLLED_TERM_PROJECTION_REQUIRES_CLAIM_POLARITY_REVIEW,SRC_127_sourceTheorem,empirical_result=true;generation=true;prompt_injection=true;retrieval=true;security=true,,PROVED_SOURCE_SUMMARY_ENTAILS_GUIDE_FORMULA,MODEL_PROVED,literature_SENT_3763,INCONCLUSIVE_REQUIRES_BILINGUAL_DOMAIN_REVIEW,INCONCLUSIVE,Lean checks the positive propositional derivation under source-summary premises,Conditional proof only: source-summary formula truth and NL-to-formula adequacy are separate obligations.
SENT-3764,8.3.3,docs/8.安全に運用する/8.3.Prompt injection・data poisoning対策.md,48,BIPIAは、間接攻撃の評価データと複数の防御方法を扱います。,externally_cited_claim,AND,"AND(ATOM(evaluation=true), ATOM(security=true))",evaluation=true;security=true,SRC-128,https://arxiv.org/abs/2312.14197,existing_direct_paragraph_or_technology_mapping,EXISTING_MAPPING_REQUIRES_SEMANTIC_REVIEW,CONTROLLED_TERM_PROJECTION_REQUIRES_CLAIM_POLARITY_REVIEW,SRC_128_sourceTheorem,benchmark=true;empirical_result=true;evaluation=true;generation=true;prompt_injection=true;retrieval=true;security=true,,PROVED_SOURCE_SUMMARY_ENTAILS_GUIDE_FORMULA,MODEL_PROVED,literature_SENT_3764,INCONCLUSIVE_REQUIRES_BILINGUAL_DOMAIN_REVIEW,INCONCLUSIVE,Lean checks the positive propositional derivation under source-summary premises,Conditional proof only: source-summary formula truth and NL-to-formula adequacy are separate obligations.
SENT-3774,8.3.4,docs/8.安全に運用する/8.3.Prompt injection・data poisoning対策.md,65,Instruction Hierarchy論文は、systemなど高権限のinstructionを低権限instructionより優先するようmodelをtrainingする方法を提案しています。,externally_cited_claim,ATOM,ATOM(authorization=true),authorization=true,SRC-129,https://arxiv.org/abs/2404.13208,existing_direct_paragraph_or_technology_mapping,EXISTING_MAPPING_REQUIRES_SEMANTIC_REVIEW,CONTROLLED_TERM_PROJECTION_REQUIRES_CLAIM_POLARITY_REVIEW,SRC_129_sourceTheorem,generation=true;hierarchical=true;prompt_injection=true;retrieval=true;security=true,authorization=true,INCONCLUSIVE_UNSUPPORTED_ATOMS,INCONCLUSIVE,,INCONCLUSIVE_REQUIRES_BILINGUAL_DOMAIN_REVIEW,INCONCLUSIVE,guide formula contains atoms absent from the selected source summaries,Conditional proof only: source-summary formula truth and NL-to-formula adequacy are separate obligations.
SENT-3781,8.3.4,docs/8.安全に運用する/8.3.Prompt injection・data poisoning対策.md,75,prompt injection試験は文字置換、多言語、不可視文字、画像、分割命令、長文埋め込みの変種を別caseとして実行します。,general_technical_claim,ATOM,ATOM(prompt_injection=true),prompt_injection=true,SRC-129,https://arxiv.org/abs/2404.13208,same_unit_candidate,CANDIDATE_REQUIRES_DOMAIN_REVIEW,CONTROLLED_TERM_PROJECTION_REQUIRES_CLAIM_POLARITY_REVIEW,SRC_129_sourceTheorem,generation=true;hierarchical=true;prompt_injection=true;retrieval=true;security=true,,PROVED_SOURCE_SUMMARY_ENTAILS_GUIDE_FORMULA,MODEL_PROVED,literature_SENT_3781,INCONCLUSIVE_REQUIRES_BILINGUAL_DOMAIN_REVIEW,INCONCLUSIVE,Lean checks the positive propositional derivation under source-summary premises,Conditional proof only: source-summary formula truth and NL-to-formula adequacy are separate obligations.
SENT-3799,8.4.1,docs/8.安全に運用する/8.4.監査とトレーサビリティ.md,14,ALCEや情報源への帰属を測る研究の考え方を、回答品質の証跡へ利用できます。,externally_cited_claim,AND,"AND(ATOM(generation=true), ATOM(attribution=true))",attribution=true;generation=true,SRC-037;SRC-102,https://arxiv.org/abs/2305.14627;https://arxiv.org/abs/2112.12870,existing_direct_paragraph_or_technology_mapping,EXISTING_MAPPING_REQUIRES_SEMANTIC_REVIEW,CONTROLLED_TERM_PROJECTION_REQUIRES_CLAIM_POLARITY_REVIEW,SRC_037_sourceTheorem;SRC_102_sourceTheorem,attribution=true;benchmark=true;citation=true;dimension_contract=true;empirical_result=true;evaluation=true;evidence_support=true;generation=true;hallucination=true;human_evaluation=true;retrieval=true,,PROVED_SOURCE_SUMMARY_ENTAILS_GUIDE_FORMULA,MODEL_PROVED,literature_SENT_3799,INCONCLUSIVE_REQUIRES_BILINGUAL_DOMAIN_REVIEW,INCONCLUSIVE,Lean checks the positive propositional derivation under source-summary premises,Conditional proof only: source-summary formula truth and NL-to-formula adequacy are separate obligations.
SENT-3805,8.4.1,docs/8.安全に運用する/8.4.監査とトレーサビリティ.md,23,RAGCheckerのような工程別診断には、検索から生成までを結ぶ記録が必要です。,externally_cited_claim,AND,"AND(AND(ATOM(retrieval=true), ATOM(generation=true)), ATOM(evaluation=true))",evaluation=true;generation=true;retrieval=true,SRC-110,https://arxiv.org/abs/2408.08067,existing_direct_paragraph_or_technology_mapping,EXISTING_MAPPING_REQUIRES_SEMANTIC_REVIEW,CONTROLLED_TERM_PROJECTION_REQUIRES_CLAIM_POLARITY_REVIEW,SRC_110_sourceTheorem,evaluation=true;external_knowledge=true;generation=true;modular=true;rag=true;retrieval=true,,PROVED_SOURCE_SUMMARY_ENTAILS_GUIDE_FORMULA,MODEL_PROVED,literature_SENT_3805,INCONCLUSIVE_REQUIRES_BILINGUAL_DOMAIN_REVIEW,INCONCLUSIVE,Lean checks the positive propositional derivation under source-summary premises,Conditional proof only: source-summary formula truth and NL-to-formula adequacy are separate obligations.
SENT-3815,8.4.2,docs/8.安全に運用する/8.4.監査とトレーサビリティ.md,42,KILTが回答と情報源をともに評価するように、検索工程でも情報源を識別可能にします。,externally_cited_claim,AND,"AND(AND(ATOM(retrieval=true), ATOM(generation=true)), ATOM(evaluation=true))",evaluation=true;generation=true;retrieval=true,SRC-036,https://arxiv.org/abs/2009.02252,existing_direct_paragraph_or_technology_mapping,EXISTING_MAPPING_REQUIRES_SEMANTIC_REVIEW,CONTROLLED_TERM_PROJECTION_REQUIRES_CLAIM_POLARITY_REVIEW,SRC_036_sourceTheorem,benchmark=true;empirical_result=true;evaluation=true;evidence_support=true;external_knowledge=true;factuality=true;generation=true;knowledge_intensive=true;open_domain_qa=true;retrieval=true,,PROVED_SOURCE_SUMMARY_ENTAILS_GUIDE_FORMULA,MODEL_PROVED,literature_SENT_3815,INCONCLUSIVE_REQUIRES_BILINGUAL_DOMAIN_REVIEW,INCONCLUSIVE,Lean checks the positive propositional derivation under source-summary premises,Conditional proof only: source-summary formula truth and NL-to-formula adequacy are separate obligations.
SENT-3821,8.4.2,docs/8.安全に運用する/8.4.監査とトレーサビリティ.md,51,RARRは、生成した主張を調査し、根拠に基づいて修正する流れを提案しています。,externally_cited_claim,AND,"AND(ATOM(generation=true), ATOM(evidence_support=true))",evidence_support=true;generation=true,SRC-104,https://arxiv.org/abs/2210.08726,existing_direct_paragraph_or_technology_mapping,EXISTING_MAPPING_REQUIRES_SEMANTIC_REVIEW,CONTROLLED_TERM_PROJECTION_REQUIRES_CLAIM_POLARITY_REVIEW,SRC_104_sourceTheorem,attribution=true;empirical_result=true;evidence_support=true;generation=true;retrieval=true,,PROVED_SOURCE_SUMMARY_ENTAILS_GUIDE_FORMULA,MODEL_PROVED,literature_SENT_3821,INCONCLUSIVE_REQUIRES_BILINGUAL_DOMAIN_REVIEW,INCONCLUSIVE,Lean checks the positive propositional derivation under source-summary premises,Conditional proof only: source-summary formula truth and NL-to-formula adequacy are separate obligations.
SENT-3828,8.4.3,docs/8.安全に運用する/8.4.監査とトレーサビリティ.md,63,Model Cardsがモデルの用途、性能、制約を記録するように、RAG全体について対象用途、非対象用途、重要スライス、既知の制約を版ごとに記します。,externally_cited_claim,ATOM,ATOM(model_documentation=true),model_documentation=true,SRC-130,https://arxiv.org/abs/1810.03993,existing_direct_paragraph_or_technology_mapping,EXISTING_MAPPING_REQUIRES_SEMANTIC_REVIEW,CONTROLLED_TERM_PROJECTION_REQUIRES_CLAIM_POLARITY_REVIEW,SRC_130_sourceTheorem,benchmark=true;evaluation=true;model_documentation=true;retrieval=true,,PROVED_SOURCE_SUMMARY_ENTAILS_GUIDE_FORMULA,MODEL_PROVED,literature_SENT_3828,INCONCLUSIVE_REQUIRES_BILINGUAL_DOMAIN_REVIEW,INCONCLUSIVE,Lean checks the positive propositional derivation under source-summary premises,Conditional proof only: source-summary formula truth and NL-to-formula adequacy are separate obligations.
SENT-3855,8.5.1,docs/8.安全に運用する/8.5.性能と可用性.md,14,The Tail at Scaleは、多数componentから成るonline serviceを対象に、一部componentの遅延がrequest全体のtail latencyへ増幅される現象を論じています。,externally_cited_claim,AND,"AND(ATOM(latency=true), ATOM(scalability=true))",latency=true;scalability=true,SRC-131,https://research.google/pubs/the-tail-at-scale/,existing_direct_paragraph_or_technology_mapping,EXISTING_MAPPING_REQUIRES_SEMANTIC_REVIEW,CONTROLLED_TERM_PROJECTION_REQUIRES_CLAIM_POLARITY_REVIEW,SRC_131_sourceTheorem,empirical_result=true;fault_tolerance=true;latency=true;retrieval=true,scalability=true,INCONCLUSIVE_UNSUPPORTED_ATOMS,INCONCLUSIVE,,INCONCLUSIVE_REQUIRES_BILINGUAL_DOMAIN_REVIEW,INCONCLUSIVE,guide formula contains atoms absent from the selected source summaries,Conditional proof only: source-summary formula truth and NL-to-formula adequacy are separate obligations.
SENT-3865,8.5.2,docs/8.安全に運用する/8.5.性能と可用性.md,31,検索性能は、コーパス規模、フィルターに一致する割合、ベクトル次元、候補件数、距離尺度、近似検索設定の組み合わせで決まります。,general_technical_claim,AND,"AND(ATOM(retrieval=true), ATOM(dimension_contract=true))",dimension_contract=true;retrieval=true,SRC-047;SRC-091;SRC-132,https://arxiv.org/abs/1603.09320;https://arxiv.org/abs/2310.05736;https://arxiv.org/abs/2309.06180,same_unit_candidate,CANDIDATE_REQUIRES_DOMAIN_REVIEW,CONTROLLED_TERM_PROJECTION_REQUIRES_CLAIM_POLARITY_REVIEW,SRC_047_sourceTheorem;SRC_091_sourceTheorem;SRC_132_sourceTheorem,ann=true;compression=true;cost=true;empirical_result=true;evaluation=true;generation=true;graph_index=true;hierarchical=true;incremental_updates=true;latency=true;protected_tokens_required=true;recall_latency_tradeoff=true;retrieval=true,dimension_contract=true,INCONCLUSIVE_UNSUPPORTED_ATOMS,INCONCLUSIVE,,INCONCLUSIVE_REQUIRES_BILINGUAL_DOMAIN_REVIEW,INCONCLUSIVE,guide formula contains atoms absent from the selected source summaries,Conditional proof only: source-summary formula truth and NL-to-formula adequacy are separate obligations.
SENT-3868,8.5.2,docs/8.安全に運用する/8.5.性能と可用性.md,35,HNSWの接続数、構築時探索幅、検索時探索幅は論文値を固定採用せず、対象データと負荷でRecall、p95 latency、memoryを測って決めます。,externally_cited_claim,NOT,"NOT(AND(AND(AND(ATOM(recall_latency_tradeoff=true), ATOM(retrieval=true)), ATOM(recall_metric=true)), ATOM(latency=true)))",latency=true;recall_latency_tradeoff=true;recall_metric=true;retrieval=true,SRC-047,https://arxiv.org/abs/1603.09320,existing_direct_paragraph_or_technology_mapping,EXISTING_MAPPING_REQUIRES_SEMANTIC_REVIEW,CONTROLLED_TERM_PROJECTION_REQUIRES_CLAIM_POLARITY_REVIEW,SRC_047_sourceTheorem,ann=true;empirical_result=true;evaluation=true;graph_index=true;hierarchical=true;incremental_updates=true;recall_latency_tradeoff=true;retrieval=true,latency=true;recall_metric=true,INCONCLUSIVE_RELATION_NOT_SUPPORTED_BY_POSITIVE_SOURCE_FACTS,INCONCLUSIVE,,INCONCLUSIVE_REQUIRES_BILINGUAL_DOMAIN_REVIEW,INCONCLUSIVE,implication/negation requires a relation-preserving source formalization,Conditional proof only: source-summary formula truth and NL-to-formula adequacy are separate obligations.
SENT-3873,8.5.2,docs/8.安全に運用する/8.5.性能と可用性.md,43,LLMLinguaはプロンプト圧縮を、PagedAttentionは生成時のメモリ管理を通じた処理量向上を扱います。,externally_cited_claim,AND,"AND(ATOM(compression=true), ATOM(generation=true))",compression=true;generation=true,SRC-091;SRC-132,https://arxiv.org/abs/2310.05736;https://arxiv.org/abs/2309.06180,existing_direct_paragraph_or_technology_mapping,EXISTING_MAPPING_REQUIRES_SEMANTIC_REVIEW,CONTROLLED_TERM_PROJECTION_REQUIRES_CLAIM_POLARITY_REVIEW,SRC_091_sourceTheorem;SRC_132_sourceTheorem,compression=true;cost=true;empirical_result=true;evaluation=true;generation=true;latency=true;protected_tokens_required=true;retrieval=true,,PROVED_SOURCE_SUMMARY_ENTAILS_GUIDE_FORMULA,MODEL_PROVED,literature_SENT_3873,INCONCLUSIVE_REQUIRES_BILINGUAL_DOMAIN_REVIEW,INCONCLUSIVE,Lean checks the positive propositional derivation under source-summary premises,Conditional proof only: source-summary formula truth and NL-to-formula adequacy are separate obligations.
SENT-3878,8.5.3,docs/8.安全に運用する/8.5.性能と可用性.md,52,同時実行数、毎秒トークン数、待ち行列の長さ、急増量、利用上限をテナント別に見積もります。,general_technical_claim,ATOM,ATOM(multi_tenant=true),multi_tenant=true,SRC-119,https://arxiv.org/abs/2401.07119,same_chapter_candidate,CANDIDATE_REQUIRES_DOMAIN_REVIEW,CONTROLLED_TERM_PROJECTION_REQUIRES_CLAIM_POLARITY_REVIEW,SRC_119_sourceTheorem,evaluation=true;metadata_filter=true;multi_tenant=true;retrieval=true,,PROVED_SOURCE_SUMMARY_ENTAILS_GUIDE_FORMULA,MODEL_PROVED,literature_SENT_3878,INCONCLUSIVE_REQUIRES_BILINGUAL_DOMAIN_REVIEW,INCONCLUSIVE,Lean checks the positive propositional derivation under source-summary premises,Conditional proof only: source-summary formula truth and NL-to-formula adequacy are separate obligations.
SENT-3908,8.6.1,docs/8.安全に運用する/8.6.コスト管理.md,11,FrugalGPTがモデルの組み合わせで品質と費用を扱うように、どの要求でどの構成要素の費用が発生したかをトレースと請求用タグで結び付けます。,externally_cited_claim,ATOM,ATOM(cost=true),cost=true,SRC-133,https://arxiv.org/abs/2305.05176,existing_direct_paragraph_or_technology_mapping,EXISTING_MAPPING_REQUIRES_SEMANTIC_REVIEW,CONTROLLED_TERM_PROJECTION_REQUIRES_CLAIM_POLARITY_REVIEW,SRC_133_sourceTheorem,cost=true;empirical_result=true;generation=true;retrieval=true,,PROVED_SOURCE_SUMMARY_ENTAILS_GUIDE_FORMULA,MODEL_PROVED,literature_SENT_3908,INCONCLUSIVE_REQUIRES_BILINGUAL_DOMAIN_REVIEW,INCONCLUSIVE,Lean checks the positive propositional derivation under source-summary premises,Conditional proof only: source-summary formula truth and NL-to-formula adequacy are separate obligations.
SENT-3919,8.6.2,docs/8.安全に運用する/8.6.コスト管理.md,30,Matryoshka Representation Learningは、表現の次元と計算資源の均衡を扱います。,externally_cited_claim,ATOM,ATOM(dimension_contract=true),dimension_contract=true,SRC-046,https://arxiv.org/abs/2205.13147,existing_direct_paragraph_or_technology_mapping,EXISTING_MAPPING_REQUIRES_SEMANTIC_REVIEW,CONTROLLED_TERM_PROJECTION_REQUIRES_CLAIM_POLARITY_REVIEW,SRC_046_sourceTheorem,cost=true;dimension_contract=true;empirical_result=true;learned=true;retrieval=true,,PROVED_SOURCE_SUMMARY_ENTAILS_GUIDE_FORMULA,MODEL_PROVED,literature_SENT_3919,INCONCLUSIVE_REQUIRES_BILINGUAL_DOMAIN_REVIEW,INCONCLUSIVE,Lean checks the positive propositional derivation under source-summary premises,Conditional proof only: source-summary formula truth and NL-to-formula adequacy are separate obligations.
SENT-3923,8.6.3,docs/8.安全に運用する/8.6.コスト管理.md,38,候補件数、複数質問の数、検索する知識ベース数、再順位付け候補数を一つずつ変え、各要因と組合せによる費用増分を対象構成で測定します。,general_technical_claim,AND,"AND(AND(AND(AND(ATOM(rerank=true), ATOM(retrieval=true)), ATOM(external_knowledge=true)), ATOM(evaluation=true)), ATOM(cost=true))",cost=true;evaluation=true;external_knowledge=true;rerank=true;retrieval=true,SRC-089;SRC-058;SRC-091,https://arxiv.org/abs/2310.04408;https://arxiv.org/abs/2403.14403;https://arxiv.org/abs/2310.05736,same_unit_candidate,CANDIDATE_REQUIRES_DOMAIN_REVIEW,CONTROLLED_TERM_PROJECTION_REQUIRES_CLAIM_POLARITY_REVIEW,SRC_089_sourceTheorem;SRC_058_sourceTheorem;SRC_091_sourceTheorem,adaptive_strategy=true;bedrock_kb=true;compression=true;context_compression=true;cost=true;empirical_result=true;evaluation=true;external_knowledge=true;generation=true;multi_hop=true;open_domain_qa=true;parametric_memory=true;protected_tokens_required=true;provenance_mapping_required=true;rag=true;retrieval=true,rerank=true,INCONCLUSIVE_UNSUPPORTED_ATOMS,INCONCLUSIVE,,INCONCLUSIVE_REQUIRES_BILINGUAL_DOMAIN_REVIEW,INCONCLUSIVE,guide formula contains atoms absent from the selected source summaries,Conditional proof only: source-summary formula truth and NL-to-formula adequacy are separate obligations.
SENT-3925,8.6.3,docs/8.安全に運用する/8.6.コスト管理.md,41,Adaptive-RAGは、質問の複雑さに応じて検索拡張の方法を選ぶ枠組みです。,externally_cited_claim,ATOM,ATOM(retrieval=true),retrieval=true,SRC-058,https://arxiv.org/abs/2403.14403,existing_direct_paragraph_or_technology_mapping,EXISTING_MAPPING_REQUIRES_SEMANTIC_REVIEW,CONTROLLED_TERM_PROJECTION_REQUIRES_CLAIM_POLARITY_REVIEW,SRC_058_sourceTheorem,adaptive_strategy=true;bedrock_kb=true;external_knowledge=true;generation=true;multi_hop=true;open_domain_qa=true;parametric_memory=true;rag=true;retrieval=true,,PROVED_SOURCE_SUMMARY_ENTAILS_GUIDE_FORMULA,MODEL_PROVED,literature_SENT_3925,INCONCLUSIVE_REQUIRES_BILINGUAL_DOMAIN_REVIEW,INCONCLUSIVE,Lean checks the positive propositional derivation under source-summary premises,Conditional proof only: source-summary formula truth and NL-to-formula adequacy are separate obligations.
SENT-3931,8.6.3,docs/8.安全に運用する/8.6.コスト管理.md,50,RECOMPは必要な検索文書を選び圧縮する方法を、LLMLinguaはトークン単位の圧縮を扱います。,externally_cited_claim,AND,"AND(ATOM(compression=true), ATOM(retrieval=true))",compression=true;retrieval=true,SRC-089;SRC-091,https://arxiv.org/abs/2310.04408;https://arxiv.org/abs/2310.05736,existing_direct_paragraph_or_technology_mapping,EXISTING_MAPPING_REQUIRES_SEMANTIC_REVIEW,CONTROLLED_TERM_PROJECTION_REQUIRES_CLAIM_POLARITY_REVIEW,SRC_089_sourceTheorem;SRC_091_sourceTheorem,compression=true;context_compression=true;cost=true;empirical_result=true;evaluation=true;generation=true;open_domain_qa=true;protected_tokens_required=true;provenance_mapping_required=true;rag=true;retrieval=true,,PROVED_SOURCE_SUMMARY_ENTAILS_GUIDE_FORMULA,MODEL_PROVED,literature_SENT_3931,INCONCLUSIVE_REQUIRES_BILINGUAL_DOMAIN_REVIEW,INCONCLUSIVE,Lean checks the positive propositional derivation under source-summary premises,Conditional proof only: source-summary formula truth and NL-to-formula adequacy are separate obligations.
SENT-3936,8.6.4,docs/8.安全に運用する/8.6.コスト管理.md,59,RouteLLMは、選好データを使って強いモデルと弱いモデルを選択し、品質と費用を調整します。,externally_cited_claim,ATOM,ATOM(cost=true),cost=true,SRC-134,https://arxiv.org/abs/2406.18665,existing_direct_paragraph_or_technology_mapping,EXISTING_MAPPING_REQUIRES_SEMANTIC_REVIEW,CONTROLLED_TERM_PROJECTION_REQUIRES_CLAIM_POLARITY_REVIEW,SRC_134_sourceTheorem,benchmark=true;cost=true;evaluation=true;generation=true;retrieval=true,,PROVED_SOURCE_SUMMARY_ENTAILS_GUIDE_FORMULA,MODEL_PROVED,literature_SENT_3936,INCONCLUSIVE_REQUIRES_BILINGUAL_DOMAIN_REVIEW,INCONCLUSIVE,Lean checks the positive propositional derivation under source-summary premises,Conditional proof only: source-summary formula truth and NL-to-formula adequacy are separate obligations.
SENT-3960,8.7.1,docs/8.安全に運用する/8.7.知識更新と運用.md,12,Hidden Technical Debt in Machine Learning Systemsは、データ依存関係や設定の複雑さが長期的な負債になることを指摘しています。,externally_cited_claim,ATOM,ATOM(technical_debt=true),technical_debt=true,SRC-023,https://papers.nips.cc/paper/5656-hidden-technical-debt-in-machine-learning-systems,existing_direct_paragraph_or_technology_mapping,EXISTING_MAPPING_REQUIRES_SEMANTIC_REVIEW,CONTROLLED_TERM_PROJECTION_REQUIRES_CLAIM_POLARITY_REVIEW,SRC_023_sourceTheorem,risk=true;technical_debt=true,,PROVED_SOURCE_SUMMARY_ENTAILS_GUIDE_FORMULA,MODEL_PROVED,literature_SENT_3960,INCONCLUSIVE_REQUIRES_BILINGUAL_DOMAIN_REVIEW,INCONCLUSIVE,Lean checks the positive propositional derivation under source-summary premises,Conditional proof only: source-summary formula truth and NL-to-formula adequacy are separate obligations.
SENT-3966,8.7.1,docs/8.安全に運用する/8.7.知識更新と運用.md,21,Delta Lakeがトランザクションログから過去の状態を参照できるように、RAGでもリリースIDから全成果物をたどれるようにします。,externally_cited_claim,ATOM,ATOM(acid=true),acid=true,SRC-021,https://www.vldb.org/pvldb/vol13/p3411-armbrust.pdf,existing_direct_paragraph_or_technology_mapping,EXISTING_MAPPING_REQUIRES_SEMANTIC_REVIEW,CONTROLLED_TERM_PROJECTION_REQUIRES_CLAIM_POLARITY_REVIEW,SRC_021_sourceTheorem,acid=true;attribution=true;cost=true;retrieval=true,,PROVED_SOURCE_SUMMARY_ENTAILS_GUIDE_FORMULA,MODEL_PROVED,literature_SENT_3966,INCONCLUSIVE_REQUIRES_BILINGUAL_DOMAIN_REVIEW,INCONCLUSIVE,Lean checks the positive propositional derivation under source-summary premises,Conditional proof only: source-summary formula truth and NL-to-formula adequacy are separate obligations.
SENT-3972,8.7.2,docs/8.安全に運用する/8.7.知識更新と運用.md,32,Dataflow ModelとMillWheelは、イベント時刻、状態、再処理を含むデータ処理の考え方を示しています。,externally_cited_claim,ATOM,ATOM(dataflow=true),dataflow=true,SRC-020;SRC-022,https://doi.org/10.14778/2824032.2824076;https://www.vldb.org/pvldb/vol6/p1033-akidau.pdf,existing_direct_paragraph_or_technology_mapping,EXISTING_MAPPING_REQUIRES_SEMANTIC_REVIEW,CONTROLLED_TERM_PROJECTION_REQUIRES_CLAIM_POLARITY_REVIEW,SRC_020_sourceTheorem;SRC_022_sourceTheorem,citation=true;cost=true;dataflow=true;fault_tolerance=true;generation=true;latency=true;scalability=true,,PROVED_SOURCE_SUMMARY_ENTAILS_GUIDE_FORMULA,MODEL_PROVED,literature_SENT_3972,INCONCLUSIVE_REQUIRES_BILINGUAL_DOMAIN_REVIEW,INCONCLUSIVE,Lean checks the positive propositional derivation under source-summary premises,Conditional proof only: source-summary formula truth and NL-to-formula adequacy are separate obligations.
SENT-3985,8.7.3,docs/8.安全に運用する/8.7.知識更新と運用.md,53,StreamingQAとFreshLLMsは、時間とともに変わる知識へ質問応答システムを適応させる課題を扱っています。,externally_cited_claim,ATOM,ATOM(temporal_freshness=true),temporal_freshness=true,SRC-038;SRC-013,https://arxiv.org/abs/2205.11388;https://arxiv.org/abs/2310.03214,existing_direct_paragraph_or_technology_mapping,EXISTING_MAPPING_REQUIRES_SEMANTIC_REVIEW,CONTROLLED_TERM_PROJECTION_REQUIRES_CLAIM_POLARITY_REVIEW,SRC_038_sourceTheorem;SRC_013_sourceTheorem,benchmark=true;empirical_result=true;evaluation=true;evidence_support=true;factuality=true;generation=true;hallucination=true;human_evaluation=true;retrieval=true;temporal_freshness=true,,PROVED_SOURCE_SUMMARY_ENTAILS_GUIDE_FORMULA,MODEL_PROVED,literature_SENT_3985,INCONCLUSIVE_REQUIRES_BILINGUAL_DOMAIN_REVIEW,INCONCLUSIVE,Lean checks the positive propositional derivation under source-summary premises,Conditional proof only: source-summary formula truth and NL-to-formula adequacy are separate obligations.
SENT-3991,8.7.3,docs/8.安全に運用する/8.7.知識更新と運用.md,62,FreshDiskANNやSPFreshの更新機構とは別に、削除対象のchunkが検索候補、複製、snapshotから権限上の期限内に消えることをアプリケーション側で検証します。,externally_cited_claim,AND,"AND(AND(ATOM(retrieval=true), ATOM(verification=true)), ATOM(authorization=true))",authorization=true;retrieval=true;verification=true,SRC-054;SRC-055;SRC-053,https://arxiv.org/abs/2105.09613;https://arxiv.org/abs/2410.14452;https://www.microsoft.com/en-us/research/publication/diskann-fast-accurate-billion-point-nearest-neighbor-search-on-a-single-node/,existing_direct_paragraph_or_technology_mapping,EXISTING_MAPPING_REQUIRES_SEMANTIC_REVIEW,CONTROLLED_TERM_PROJECTION_REQUIRES_CLAIM_POLARITY_REVIEW,SRC_054_sourceTheorem;SRC_055_sourceTheorem;SRC_053_sourceTheorem,ann=true;cost=true;dataset_shift=true;dimension_contract=true;disk_backed=true;empirical_result=true;graph_index=true;incremental_updates=true;latency=true;recall_metric=true;retrieval=true;scalability=true;temporal_freshness=true,authorization=true;verification=true,INCONCLUSIVE_UNSUPPORTED_ATOMS,INCONCLUSIVE,,INCONCLUSIVE_REQUIRES_BILINGUAL_DOMAIN_REVIEW,INCONCLUSIVE,guide formula contains atoms absent from the selected source summaries,Conditional proof only: source-summary formula truth and NL-to-formula adequacy are separate obligations.
SENT-3996,8.7.4,docs/8.安全に運用する/8.7.知識更新と運用.md,72,Failing Loudlyがデータ分布変化の検知方法を比較するように、統計的な変化は調査のきっかけになります。,externally_cited_claim,ATOM,ATOM(dataset_shift=true),dataset_shift=true,SRC-135,https://arxiv.org/abs/1810.11953,existing_direct_paragraph_or_technology_mapping,EXISTING_MAPPING_REQUIRES_SEMANTIC_REVIEW,CONTROLLED_TERM_PROJECTION_REQUIRES_CLAIM_POLARITY_REVIEW,SRC_135_sourceTheorem,dataset_shift=true;dimension_contract=true;retrieval=true,,PROVED_SOURCE_SUMMARY_ENTAILS_GUIDE_FORMULA,MODEL_PROVED,literature_SENT_3996,INCONCLUSIVE_REQUIRES_BILINGUAL_DOMAIN_REVIEW,INCONCLUSIVE,Lean checks the positive propositional derivation under source-summary premises,Conditional proof only: source-summary formula truth and NL-to-formula adequacy are separate obligations.
SENT-4012,8.8.1,docs/8.安全に運用する/8.8.ガバナンス.md,12,Towards Trustworthy Retrieval Augmented Generationのsurveyは、同surveyが収集したRAG研究のriskを、retrieval、generation、system運用など複数観点から整理しています。,empirical_or_research_claim,AND,"AND(AND(ATOM(rag=true), ATOM(retrieval=true)), ATOM(risk=true))",rag=true;retrieval=true;risk=true,SRC-010,https://arxiv.org/abs/1803.09010,same_file_candidate,CANDIDATE_REQUIRES_DOMAIN_REVIEW,CONTROLLED_TERM_PROJECTION_REQUIRES_CLAIM_POLARITY_REVIEW,SRC_010_sourceTheorem,dataset_documentation=true;retrieval=true,rag=true;risk=true,INCONCLUSIVE_UNSUPPORTED_ATOMS,INCONCLUSIVE,,INCONCLUSIVE_REQUIRES_BILINGUAL_DOMAIN_REVIEW,INCONCLUSIVE,guide formula contains atoms absent from the selected source summaries,Conditional proof only: source-summary formula truth and NL-to-formula adequacy are separate obligations.
SENT-4016,8.8.1,docs/8.安全に運用する/8.8.ガバナンス.md,18,各作業について、実行者、最終責任者、相談先、報告先を表にします。,empirical_or_research_claim,ATOM,ATOM(empirical_result=true),empirical_result=true,SRC-013;SRC-036;SRC-037;SRC-038;SRC-039,https://arxiv.org/abs/2310.03214;https://arxiv.org/abs/2009.02252;https://arxiv.org/abs/2305.14627;https://arxiv.org/abs/2205.11388;https://arxiv.org/abs/2402.07867,same_chapter_candidate,CANDIDATE_REQUIRES_DOMAIN_REVIEW,CONTROLLED_TERM_PROJECTION_REQUIRES_CLAIM_POLARITY_REVIEW,SRC_013_sourceTheorem;SRC_036_sourceTheorem;SRC_037_sourceTheorem;SRC_038_sourceTheorem;SRC_039_sourceTheorem,benchmark=true;citation=true;dimension_contract=true;empirical_result=true;evaluation=true;evidence_support=true;external_knowledge=true;factuality=true;generation=true;hallucination=true;human_evaluation=true;knowledge_intensive=true;open_domain_qa=true;rag=true;retrieval=true;security=true;temporal_freshness=true,,PROVED_SOURCE_SUMMARY_ENTAILS_GUIDE_FORMULA,MODEL_PROVED,literature_SENT_4016,INCONCLUSIVE_REQUIRES_BILINGUAL_DOMAIN_REVIEW,INCONCLUSIVE,Lean checks the positive propositional derivation under source-summary premises,Conditional proof only: source-summary formula truth and NL-to-formula adequacy are separate obligations.
SENT-4022,8.8.2,docs/8.安全に運用する/8.8.ガバナンス.md,30,Datasheets for DatasetsとData Statementsを応用し、コーパスの目的、対象範囲、既知の欠落、同意、保存期間、地域と言語の偏りを文書化します。,externally_cited_claim,ATOM,ATOM(dataset_documentation=true),dataset_documentation=true,SRC-010;SRC-011,https://arxiv.org/abs/1803.09010;https://aclanthology.org/Q18-1041/,existing_direct_paragraph_or_technology_mapping,EXISTING_MAPPING_REQUIRES_SEMANTIC_REVIEW,CONTROLLED_TERM_PROJECTION_REQUIRES_CLAIM_POLARITY_REVIEW,SRC_010_sourceTheorem;SRC_011_sourceTheorem,dataset_documentation=true;retrieval=true;verification=true,,PROVED_SOURCE_SUMMARY_ENTAILS_GUIDE_FORMULA,MODEL_PROVED,literature_SENT_4022,INCONCLUSIVE_REQUIRES_BILINGUAL_DOMAIN_REVIEW,INCONCLUSIVE,Lean checks the positive propositional derivation under source-summary premises,Conditional proof only: source-summary formula truth and NL-to-formula adequacy are separate obligations.
SENT-4047,8.8.4,docs/8.安全に運用する/8.8.ガバナンス.md,72,利用者が誤り、不適切な回答、情報源の問題を報告し、訂正状況を確認できる経路を用意します。,empirical_or_research_claim,AND,"AND(ATOM(generation=true), ATOM(empirical_result=true))",empirical_result=true;generation=true,SRC-013;SRC-036;SRC-037;SRC-038;SRC-039,https://arxiv.org/abs/2310.03214;https://arxiv.org/abs/2009.02252;https://arxiv.org/abs/2305.14627;https://arxiv.org/abs/2205.11388;https://arxiv.org/abs/2402.07867,same_chapter_candidate,CANDIDATE_REQUIRES_DOMAIN_REVIEW,CONTROLLED_TERM_PROJECTION_REQUIRES_CLAIM_POLARITY_REVIEW,SRC_013_sourceTheorem;SRC_036_sourceTheorem;SRC_037_sourceTheorem;SRC_038_sourceTheorem;SRC_039_sourceTheorem,benchmark=true;citation=true;dimension_contract=true;empirical_result=true;evaluation=true;evidence_support=true;external_knowledge=true;factuality=true;generation=true;hallucination=true;human_evaluation=true;knowledge_intensive=true;open_domain_qa=true;rag=true;retrieval=true;security=true;temporal_freshness=true,,PROVED_SOURCE_SUMMARY_ENTAILS_GUIDE_FORMULA,MODEL_PROVED,literature_SENT_4047,INCONCLUSIVE_REQUIRES_BILINGUAL_DOMAIN_REVIEW,INCONCLUSIVE,Lean checks the positive propositional derivation under source-summary premises,Conditional proof only: source-summary formula truth and NL-to-formula adequacy are separate obligations.
SENT-4068,9.1.1,docs/9.失敗パターンに応じて高度化する/9.1.高度化は失敗パターンから選ぶ.md,11,RAGのサーベイは、RAGを基本的な構成、高度な構成、部品を組み替える構成へ整理しています。,externally_cited_claim,UNFORMALIZED,UNFORMALIZED,,SRC-139,https://arxiv.org/abs/2312.10997,existing_direct_paragraph_or_technology_mapping,EXISTING_MAPPING_REQUIRES_SEMANTIC_REVIEW,CONTROLLED_TERM_PROJECTION_REQUIRES_CLAIM_POLARITY_REVIEW,SRC_139_sourceTheorem,benchmark=true;empirical_result=true;evaluation=true;generation=true;hallucination=true;knowledge_intensive=true;modular=true;rag=true;retrieval=true;temporal_freshness=true,,INCONCLUSIVE_UNFORMALIZED_SENTENCE,INCONCLUSIVE,,INCONCLUSIVE_REQUIRES_BILINGUAL_DOMAIN_REVIEW,INCONCLUSIVE,no controlled semantic atom recognized,Conditional proof only: source-summary formula truth and NL-to-formula adequacy are separate obligations.
SENT-4075,9.1.1,docs/9.失敗パターンに応じて高度化する/9.1.高度化は失敗パターンから選ぶ.md,21,RAGChecker型のclaim-level評価では、gold evidenceがretrieval結果へ入らなかったfailureと、取得済みevidenceをgeneratorが利用しなかったfailureを別labelにできます。,externally_cited_claim,AND,"AND(AND(AND(ATOM(retrieval=true), ATOM(evidence_support=true)), ATOM(evaluation=true)), ATOM(empirical_result=true))",empirical_result=true;evaluation=true;evidence_support=true;retrieval=true,SRC-110,https://arxiv.org/abs/2408.08067,existing_direct_paragraph_or_technology_mapping,EXISTING_MAPPING_REQUIRES_SEMANTIC_REVIEW,CONTROLLED_TERM_PROJECTION_REQUIRES_CLAIM_POLARITY_REVIEW,SRC_110_sourceTheorem,evaluation=true;external_knowledge=true;generation=true;modular=true;rag=true;retrieval=true,empirical_result=true;evidence_support=true,INCONCLUSIVE_UNSUPPORTED_ATOMS,INCONCLUSIVE,,INCONCLUSIVE_REQUIRES_BILINGUAL_DOMAIN_REVIEW,INCONCLUSIVE,guide formula contains atoms absent from the selected source summaries,Conditional proof only: source-summary formula truth and NL-to-formula adequacy are separate obligations.
SENT-4080,9.1.2,docs/9.失敗パターンに応じて高度化する/9.1.高度化は失敗パターンから選ぶ.md,31,RGBは、ノイズ、回答拒否、情報統合、反事実への耐性を別々に評価します。,externally_cited_claim,AND,"AND(ATOM(generation=true), ATOM(evaluation=true))",evaluation=true;generation=true,SRC-109,https://arxiv.org/abs/2309.01431,existing_direct_paragraph_or_technology_mapping,EXISTING_MAPPING_REQUIRES_SEMANTIC_REVIEW,CONTROLLED_TERM_PROJECTION_REQUIRES_CLAIM_POLARITY_REVIEW,SRC_109_sourceTheorem,benchmark=true;evaluation=true;generation=true;hallucination=true;rag=true;retrieval=true,,PROVED_SOURCE_SUMMARY_ENTAILS_GUIDE_FORMULA,MODEL_PROVED,literature_SENT_4080,INCONCLUSIVE_REQUIRES_BILINGUAL_DOMAIN_REVIEW,INCONCLUSIVE,Lean checks the positive propositional derivation under source-summary premises,Conditional proof only: source-summary formula truth and NL-to-formula adequacy are separate obligations.
SENT-4099,9.1.2,docs/9.失敗パターンに応じて高度化する/9.1.高度化は失敗パターンから選ぶ.md,61,Corrective RAGのような再検索も、通常検索が不十分と判定した質問だけへ適用できます。,externally_cited_claim,ATOM,ATOM(retrieval=true),retrieval=true,SRC-097,https://arxiv.org/abs/2401.15884,existing_direct_paragraph_or_technology_mapping,EXISTING_MAPPING_REQUIRES_SEMANTIC_REVIEW,CONTROLLED_TERM_PROJECTION_REQUIRES_CLAIM_POLARITY_REVIEW,SRC_097_sourceTheorem,empirical_result=true;generation=true;hallucination=true;parametric_memory=true;rag=true;retrieval=true;security=true,,PROVED_SOURCE_SUMMARY_ENTAILS_GUIDE_FORMULA,MODEL_PROVED,literature_SENT_4099,INCONCLUSIVE_REQUIRES_BILINGUAL_DOMAIN_REVIEW,INCONCLUSIVE,Lean checks the positive propositional derivation under source-summary premises,Conditional proof only: source-summary formula truth and NL-to-formula adequacy are separate obligations.
SENT-4103,9.1.3,docs/9.失敗パターンに応じて高度化する/9.1.高度化は失敗パターンから選ぶ.md,70,Adaptive-RAGは質問の複雑さに応じて、検索なし、単発検索、反復検索を選びます。,externally_cited_claim,ATOM,ATOM(retrieval=true),retrieval=true,SRC-058,https://arxiv.org/abs/2403.14403,existing_direct_paragraph_or_technology_mapping,EXISTING_MAPPING_REQUIRES_SEMANTIC_REVIEW,CONTROLLED_TERM_PROJECTION_REQUIRES_CLAIM_POLARITY_REVIEW,SRC_058_sourceTheorem,adaptive_strategy=true;bedrock_kb=true;external_knowledge=true;generation=true;multi_hop=true;open_domain_qa=true;parametric_memory=true;rag=true;retrieval=true,,PROVED_SOURCE_SUMMARY_ENTAILS_GUIDE_FORMULA,MODEL_PROVED,literature_SENT_4103,INCONCLUSIVE_REQUIRES_BILINGUAL_DOMAIN_REVIEW,INCONCLUSIVE,Lean checks the positive propositional derivation under source-summary premises,Conditional proof only: source-summary formula truth and NL-to-formula adequacy are separate obligations.
SENT-4105,9.1.3,docs/9.失敗パターンに応じて高度化する/9.1.高度化は失敗パターンから選ぶ.md,71,は、同研究のquestionとmodelについて、model confidenceに応じてRAG経路とlong-context経路を選ぶhybrid方法を評価しています。,empirical_or_research_claim,ATOM,ATOM(evaluation=true),evaluation=true,SRC-058,https://arxiv.org/abs/2403.14403,existing_direct_paragraph_or_technology_mapping,EXISTING_MAPPING_REQUIRES_SEMANTIC_REVIEW,CONTROLLED_TERM_PROJECTION_REQUIRES_CLAIM_POLARITY_REVIEW,SRC_058_sourceTheorem,adaptive_strategy=true;bedrock_kb=true;external_knowledge=true;generation=true;multi_hop=true;open_domain_qa=true;parametric_memory=true;rag=true;retrieval=true,evaluation=true,INCONCLUSIVE_UNSUPPORTED_ATOMS,INCONCLUSIVE,,INCONCLUSIVE_REQUIRES_BILINGUAL_DOMAIN_REVIEW,INCONCLUSIVE,guide formula contains atoms absent from the selected source summaries,Conditional proof only: source-summary formula truth and NL-to-formula adequacy are separate obligations.
SENT-4109,9.1.4,docs/9.失敗パターンに応じて高度化する/9.1.高度化は失敗パターンから選ぶ.md,79,成功件数だけでなく、改善しなかった事例、新たに悪化した事例、別経路へ誤って送った事例を確認します。,empirical_or_research_claim,ATOM,ATOM(empirical_result=true),empirical_result=true,SRC-097;SRC-139,https://arxiv.org/abs/2401.15884;https://arxiv.org/abs/2312.10997,same_file_candidate,CANDIDATE_REQUIRES_DOMAIN_REVIEW,CONTROLLED_TERM_PROJECTION_REQUIRES_CLAIM_POLARITY_REVIEW,SRC_097_sourceTheorem;SRC_139_sourceTheorem,benchmark=true;empirical_result=true;evaluation=true;generation=true;hallucination=true;knowledge_intensive=true;modular=true;parametric_memory=true;rag=true;retrieval=true;security=true;temporal_freshness=true,,PROVED_SOURCE_SUMMARY_ENTAILS_GUIDE_FORMULA,MODEL_PROVED,literature_SENT_4109,INCONCLUSIVE_REQUIRES_BILINGUAL_DOMAIN_REVIEW,INCONCLUSIVE,Lean checks the positive propositional derivation under source-summary premises,Conditional proof only: source-summary formula truth and NL-to-formula adequacy are separate obligations.
SENT-4116,9.1.5,docs/9.失敗パターンに応じて高度化する/9.1.高度化は失敗パターンから選ぶ.md,92,Modular RAGの各部品には入出力、個別評価、feature flag、切り戻し先を定義し、同じ受入条件を単純構成が満たす場合は部品を追加しません。,externally_cited_claim,NOT,"NOT(AND(ATOM(evaluation=true), ATOM(modular=true)))",evaluation=true;modular=true,SRC-140,https://arxiv.org/abs/2407.21059,existing_direct_paragraph_or_technology_mapping,EXISTING_MAPPING_REQUIRES_SEMANTIC_REVIEW,CONTROLLED_TERM_PROJECTION_REQUIRES_CLAIM_POLARITY_REVIEW,SRC_140_sourceTheorem,generation=true;knowledge_intensive=true;modular=true;rag=true;retrieval=true,evaluation=true,INCONCLUSIVE_RELATION_NOT_SUPPORTED_BY_POSITIVE_SOURCE_FACTS,INCONCLUSIVE,,INCONCLUSIVE_REQUIRES_BILINGUAL_DOMAIN_REVIEW,INCONCLUSIVE,implication/negation requires a relation-preserving source formalization,Conditional proof only: source-summary formula truth and NL-to-formula adequacy are separate obligations.
SENT-4119,9.1.5,docs/9.失敗パターンに応じて高度化する/9.1.高度化は失敗パターンから選ぶ.md,96,減らした失敗、残った失敗、新たな副作用、適用する質問の範囲をリリース報告へ記録します。,empirical_or_research_claim,ATOM,ATOM(empirical_result=true),empirical_result=true,SRC-097;SRC-139,https://arxiv.org/abs/2401.15884;https://arxiv.org/abs/2312.10997,same_file_candidate,CANDIDATE_REQUIRES_DOMAIN_REVIEW,CONTROLLED_TERM_PROJECTION_REQUIRES_CLAIM_POLARITY_REVIEW,SRC_097_sourceTheorem;SRC_139_sourceTheorem,benchmark=true;empirical_result=true;evaluation=true;generation=true;hallucination=true;knowledge_intensive=true;modular=true;parametric_memory=true;rag=true;retrieval=true;security=true;temporal_freshness=true,,PROVED_SOURCE_SUMMARY_ENTAILS_GUIDE_FORMULA,MODEL_PROVED,literature_SENT_4119,INCONCLUSIVE_REQUIRES_BILINGUAL_DOMAIN_REVIEW,INCONCLUSIVE,Lean checks the positive propositional derivation under source-summary premises,Conditional proof only: source-summary formula truth and NL-to-formula adequacy are separate obligations.
SENT-4127,9.10.1,docs/9.失敗パターンに応じて高度化する/9.10.Retrieval-aware training・RA-LLM.md,16,FiDは、取得した各文章を個別に符号化し、生成側で情報を融合します。,externally_cited_claim,AND,"AND(ATOM(retrieval=true), ATOM(generation=true))",generation=true;retrieval=true,SRC-141,https://arxiv.org/abs/2007.01282,existing_direct_paragraph_or_technology_mapping,EXISTING_MAPPING_REQUIRES_SEMANTIC_REVIEW,CONTROLLED_TERM_PROJECTION_REQUIRES_CLAIM_POLARITY_REVIEW,SRC_141_sourceTheorem,benchmark=true;empirical_result=true;evaluation=true;evidence_support=true;external_knowledge=true;generation=true;open_domain_qa=true;retrieval=true,,PROVED_SOURCE_SUMMARY_ENTAILS_GUIDE_FORMULA,MODEL_PROVED,literature_SENT_4127,INCONCLUSIVE_REQUIRES_BILINGUAL_DOMAIN_REVIEW,INCONCLUSIVE,Lean checks the positive propositional derivation under source-summary premises,Conditional proof only: source-summary formula truth and NL-to-formula adequacy are separate obligations.
SENT-4128,9.10.1,docs/9.失敗パターンに応じて高度化する/9.10.Retrieval-aware training・RA-LLM.md,17,REALMは事前学習中から検索器を含めて学習し、RETROは大規模な外部データベースから近いチャンクを参照します。,externally_cited_claim,AND,"AND(ATOM(retrieval=true), ATOM(scalability=true))",retrieval=true;scalability=true,SRC-142;SRC-143,https://arxiv.org/abs/2002.08909;https://arxiv.org/abs/2112.04426,existing_direct_paragraph_or_technology_mapping,EXISTING_MAPPING_REQUIRES_SEMANTIC_REVIEW,CONTROLLED_TERM_PROJECTION_REQUIRES_CLAIM_POLARITY_REVIEW,SRC_142_sourceTheorem;SRC_143_sourceTheorem,benchmark=true;empirical_result=true;evaluation=true;generation=true;knowledge_intensive=true;modular=true;open_domain_qa=true;rag=true;retrieval=true;scalability=true,,PROVED_SOURCE_SUMMARY_ENTAILS_GUIDE_FORMULA,MODEL_PROVED,literature_SENT_4128,INCONCLUSIVE_REQUIRES_BILINGUAL_DOMAIN_REVIEW,INCONCLUSIVE,Lean checks the positive propositional derivation under source-summary premises,Conditional proof only: source-summary formula truth and NL-to-formula adequacy are separate obligations.
SENT-4135,9.10.1,docs/9.失敗パターンに応じて高度化する/9.10.Retrieval-aware training・RA-LLM.md,28,| REALM型 | 事前学習と推論 | 検索器とモデルの結合が強い |,general_technical_claim,ATOM,ATOM(retrieval=true),retrieval=true,SRC-141;SRC-142;SRC-143,https://arxiv.org/abs/2007.01282;https://arxiv.org/abs/2002.08909;https://arxiv.org/abs/2112.04426,same_unit_candidate,CANDIDATE_REQUIRES_DOMAIN_REVIEW,CONTROLLED_TERM_PROJECTION_REQUIRES_CLAIM_POLARITY_REVIEW,SRC_141_sourceTheorem;SRC_142_sourceTheorem;SRC_143_sourceTheorem,benchmark=true;empirical_result=true;evaluation=true;evidence_support=true;external_knowledge=true;generation=true;knowledge_intensive=true;modular=true;open_domain_qa=true;rag=true;retrieval=true;scalability=true,,PROVED_SOURCE_SUMMARY_ENTAILS_GUIDE_FORMULA,MODEL_PROVED,literature_SENT_4135,INCONCLUSIVE_REQUIRES_BILINGUAL_DOMAIN_REVIEW,INCONCLUSIVE,Lean checks the positive propositional derivation under source-summary premises,Conditional proof only: source-summary formula truth and NL-to-formula adequacy are separate obligations.
SENT-4137,9.10.1,docs/9.失敗パターンに応じて高度化する/9.10.Retrieval-aware training・RA-LLM.md,31,結合が強いほど、アプリケーション側だけで検索器や知識を差し替えにくくなります。,general_technical_claim,ATOM,ATOM(retrieval=true),retrieval=true,SRC-141;SRC-142;SRC-143,https://arxiv.org/abs/2007.01282;https://arxiv.org/abs/2002.08909;https://arxiv.org/abs/2112.04426,same_unit_candidate,CANDIDATE_REQUIRES_DOMAIN_REVIEW,CONTROLLED_TERM_PROJECTION_REQUIRES_CLAIM_POLARITY_REVIEW,SRC_141_sourceTheorem;SRC_142_sourceTheorem;SRC_143_sourceTheorem,benchmark=true;empirical_result=true;evaluation=true;evidence_support=true;external_knowledge=true;generation=true;knowledge_intensive=true;modular=true;open_domain_qa=true;rag=true;retrieval=true;scalability=true,,PROVED_SOURCE_SUMMARY_ENTAILS_GUIDE_FORMULA,MODEL_PROVED,literature_SENT_4137,INCONCLUSIVE_REQUIRES_BILINGUAL_DOMAIN_REVIEW,INCONCLUSIVE,Lean checks the positive propositional derivation under source-summary premises,Conditional proof only: source-summary formula truth and NL-to-formula adequacy are separate obligations.
SENT-4142,9.10.2,docs/9.失敗パターンに応じて高度化する/9.10.Retrieval-aware training・RA-LLM.md,44,検索器を正解根拠へ近づける、生成モデルへ根拠利用を教える、両者を共同で最適化する、という異なる学習対象があります。,general_technical_claim,AND,"AND(AND(ATOM(retrieval=true), ATOM(generation=true)), ATOM(evidence_support=true))",evidence_support=true;generation=true;retrieval=true,SRC-141;SRC-142;SRC-143,https://arxiv.org/abs/2007.01282;https://arxiv.org/abs/2002.08909;https://arxiv.org/abs/2112.04426,same_file_candidate,CANDIDATE_REQUIRES_DOMAIN_REVIEW,CONTROLLED_TERM_PROJECTION_REQUIRES_CLAIM_POLARITY_REVIEW,SRC_141_sourceTheorem;SRC_142_sourceTheorem;SRC_143_sourceTheorem,benchmark=true;empirical_result=true;evaluation=true;evidence_support=true;external_knowledge=true;generation=true;knowledge_intensive=true;modular=true;open_domain_qa=true;rag=true;retrieval=true;scalability=true,,PROVED_SOURCE_SUMMARY_ENTAILS_GUIDE_FORMULA,MODEL_PROVED,literature_SENT_4142,INCONCLUSIVE_REQUIRES_BILINGUAL_DOMAIN_REVIEW,INCONCLUSIVE,Lean checks the positive propositional derivation under source-summary premises,Conditional proof only: source-summary formula truth and NL-to-formula adequacy are separate obligations.
SENT-4198,9.11.2,docs/9.失敗パターンに応じて高度化する/9.11.高度化の導入判断表.md,23,前提を満たさない方式は、研究上の性能にかかわらず導入候補から外します。,empirical_or_research_claim,UNFORMALIZED,UNFORMALIZED,,SRC-015;SRC-024;SRC-029;SRC-031;SRC-033,https://arxiv.org/abs/2205.00445;https://arxiv.org/abs/2204.08387;https://arxiv.org/abs/2110.00061;https://arxiv.org/abs/2312.06648;https://arxiv.org/abs/2401.18059,same_chapter_candidate,CANDIDATE_REQUIRES_DOMAIN_REVIEW,CONTROLLED_TERM_PROJECTION_REQUIRES_CLAIM_POLARITY_REVIEW,SRC_015_sourceTheorem;SRC_024_sourceTheorem;SRC_029_sourceTheorem;SRC_031_sourceTheorem;SRC_033_sourceTheorem,ab_testing=true;benchmark=true;chunking=true;dense=true;empirical_result=true;evaluation=true;external_knowledge=true;generated_summaries=true;generation=true;hierarchical=true;modular=true;multi_hop=true;multimodal=true;provenance_required=true;rag=true;retrieval=true;segmentation=true;table_extraction=true,,INCONCLUSIVE_UNFORMALIZED_SENTENCE,INCONCLUSIVE,,INCONCLUSIVE_REQUIRES_BILINGUAL_DOMAIN_REVIEW,INCONCLUSIVE,no controlled semantic atom recognized,Conditional proof only: source-summary formula truth and NL-to-formula adequacy are separate obligations.
SENT-4202,9.11.2,docs/9.失敗パターンに応じて高度化する/9.11.高度化の導入判断表.md,30,| Federated・Routed RAG | 複数source、source選択 | sourceごとの正解とSLOがあります | 全source並列検索とRRF |,concrete_technology_claim,AND,"AND(ATOM(rag=true), ATOM(retrieval=true))",rag=true;retrieval=true,SRC-064,https://dl.acm.org/doi/10.1145/1571941.1572114,existing_direct_paragraph_or_technology_mapping,EXISTING_MAPPING_REQUIRES_SEMANTIC_REVIEW,CONTROLLED_TERM_PROJECTION_REQUIRES_CLAIM_POLARITY_REVIEW,SRC_064_sourceTheorem,candidate_ids_stable=true;empirical_result=true;k_positive=true;ranks_only=true,rag=true;retrieval=true,INCONCLUSIVE_UNSUPPORTED_ATOMS,INCONCLUSIVE,,INCONCLUSIVE_REQUIRES_BILINGUAL_DOMAIN_REVIEW,INCONCLUSIVE,guide formula contains atoms absent from the selected source summaries,Conditional proof only: source-summary formula truth and NL-to-formula adequacy are separate obligations.
SENT-4207,9.11.2,docs/9.失敗パターンに応じて高度化する/9.11.高度化の導入判断表.md,35,| Multimodal RAG | 図表、画像、layout | ページ画像と正解領域があります | parserとcaption改善 |,empirical_or_research_claim,AND,"AND(AND(AND(ATOM(multimodal=true), ATOM(rag=true)), ATOM(parsing=true)), ATOM(empirical_result=true))",empirical_result=true;multimodal=true;parsing=true;rag=true,SRC-064,https://dl.acm.org/doi/10.1145/1571941.1572114,same_file_candidate,CANDIDATE_REQUIRES_DOMAIN_REVIEW,CONTROLLED_TERM_PROJECTION_REQUIRES_CLAIM_POLARITY_REVIEW,SRC_064_sourceTheorem,candidate_ids_stable=true;empirical_result=true;k_positive=true;ranks_only=true,multimodal=true;parsing=true;rag=true,INCONCLUSIVE_UNSUPPORTED_ATOMS,INCONCLUSIVE,,INCONCLUSIVE_REQUIRES_BILINGUAL_DOMAIN_REVIEW,INCONCLUSIVE,guide formula contains atoms absent from the selected source summaries,Conditional proof only: source-summary formula truth and NL-to-formula adequacy are separate obligations.
SENT-4219,9.11.3,docs/9.失敗パターンに応じて高度化する/9.11.高度化の導入判断表.md,52,| GraphRAG | 抽出、統合、graph更新 | 関係precision・recall、経路正解、費用 | 平坦またはhybrid検索 |,general_technical_claim,OR,"OR(AND(ATOM(recall_metric=true), ATOM(cost=true)), ATOM(retrieval=true))",cost=true;recall_metric=true;retrieval=true,SRC-147;SRC-059;SRC-092;SRC-146;SRC-160,https://aclanthology.org/2025.coling-industry.33/;https://arxiv.org/abs/2407.16833;https://arxiv.org/abs/2310.06839;https://arxiv.org/abs/2105.04166;https://proceedings.neurips.cc/paper_files/paper/2024/hash/0b8705a611ed1ce19cdb759031078705-Abstract-Conference.html,same_chapter_candidate,CANDIDATE_REQUIRES_DOMAIN_REVIEW,CONTROLLED_TERM_PROJECTION_REQUIRES_CLAIM_POLARITY_REVIEW,SRC_147_sourceTheorem;SRC_059_sourceTheorem;SRC_092_sourceTheorem;SRC_146_sourceTheorem;SRC_160_sourceTheorem,benchmark=true;compression=true;cost=true;dense=true;empirical_result=true;evaluation=true;generation=true;graph=true;hallucination=true;latency=true;learned=true;long_context=true;query_rewrite=true;question_aware=true;rag=true;recall_metric=true;retrieval=true;self_reflection=true;similarity=dot_product;subgraph_retrieval=true;verification=true,,PROVED_SOURCE_SUMMARY_ENTAILS_GUIDE_FORMULA,MODEL_PROVED,literature_SENT_4219,INCONCLUSIVE_REQUIRES_BILINGUAL_DOMAIN_REVIEW,INCONCLUSIVE,Lean checks the positive propositional derivation under source-summary premises,Conditional proof only: source-summary formula truth and NL-to-formula adequacy are separate obligations.
SENT-4227,9.11.3,docs/9.失敗パターンに応じて高度化する/9.11.高度化の導入判断表.md,63,| 対象スライスのRecall@20 | 0.72 | 0.84 | 0.80以上 | 合格 |,general_technical_claim,ATOM,ATOM(recall_metric=true),recall_metric=true,SRC-146;SRC-147,https://arxiv.org/abs/2105.04166;https://aclanthology.org/2025.coling-industry.33/,same_chapter_candidate,CANDIDATE_REQUIRES_DOMAIN_REVIEW,CONTROLLED_TERM_PROJECTION_REQUIRES_CLAIM_POLARITY_REVIEW,SRC_146_sourceTheorem;SRC_147_sourceTheorem,benchmark=true;cost=true;dense=true;empirical_result=true;evaluation=true;generation=true;hallucination=true;learned=true;query_rewrite=true;rag=true;recall_metric=true;retrieval=true;similarity=dot_product;verification=true,,PROVED_SOURCE_SUMMARY_ENTAILS_GUIDE_FORMULA,MODEL_PROVED,literature_SENT_4227,INCONCLUSIVE_REQUIRES_BILINGUAL_DOMAIN_REVIEW,INCONCLUSIVE,Lean checks the positive propositional derivation under source-summary premises,Conditional proof only: source-summary formula truth and NL-to-formula adequacy are separate obligations.
SENT-4234,9.11.3,docs/9.失敗パターンに応じて高度化する/9.11.高度化の導入判断表.md,71,この例ではRecallが改善しても、支持なし主張率とp95遅延が条件を外れるため公開しません。,empirical_or_research_claim,NOT,"NOT(AND(AND(AND(ATOM(evidence_support=true), ATOM(recall_metric=true)), ATOM(latency=true)), ATOM(empirical_result=true)))",empirical_result=true;evidence_support=true;latency=true;recall_metric=true,SRC-064,https://dl.acm.org/doi/10.1145/1571941.1572114,same_file_candidate,CANDIDATE_REQUIRES_DOMAIN_REVIEW,CONTROLLED_TERM_PROJECTION_REQUIRES_CLAIM_POLARITY_REVIEW,SRC_064_sourceTheorem,candidate_ids_stable=true;empirical_result=true;k_positive=true;ranks_only=true,evidence_support=true;latency=true;recall_metric=true,INCONCLUSIVE_RELATION_NOT_SUPPORTED_BY_POSITIVE_SOURCE_FACTS,INCONCLUSIVE,,INCONCLUSIVE_REQUIRES_BILINGUAL_DOMAIN_REVIEW,INCONCLUSIVE,implication/negation requires a relation-preserving source formalization,Conditional proof only: source-summary formula truth and NL-to-formula adequacy are separate obligations.
SENT-4240,9.11.4,docs/9.失敗パターンに応じて高度化する/9.11.高度化の導入判断表.md,79,高度化の完了条件は部品の実装ではなく、対象failureの改善、回帰なし、trace可能性、運用手順、rollback試験が揃うことです。,empirical_or_research_claim,ATOM,ATOM(empirical_result=true),empirical_result=true,SRC-064,https://dl.acm.org/doi/10.1145/1571941.1572114,same_file_candidate,CANDIDATE_REQUIRES_DOMAIN_REVIEW,CONTROLLED_TERM_PROJECTION_REQUIRES_CLAIM_POLARITY_REVIEW,SRC_064_sourceTheorem,candidate_ids_stable=true;empirical_result=true;k_positive=true;ranks_only=true,,PROVED_SOURCE_SUMMARY_ENTAILS_GUIDE_FORMULA,MODEL_PROVED,literature_SENT_4240,INCONCLUSIVE_REQUIRES_BILINGUAL_DOMAIN_REVIEW,INCONCLUSIVE,Lean checks the positive propositional derivation under source-summary premises,Conditional proof only: source-summary formula truth and NL-to-formula adequacy are separate obligations.
SENT-4247,9.2.1,docs/9.失敗パターンに応じて高度化する/9.2.Conversational RAG.md,18,QReCCは、会話中の質問を単独で読める形へ書き換えるデータを含む会話型質問応答データセットです。,externally_cited_claim,UNFORMALIZED,UNFORMALIZED,,SRC-144,https://arxiv.org/abs/2010.04898,existing_direct_paragraph_or_technology_mapping,EXISTING_MAPPING_REQUIRES_SEMANTIC_REVIEW,CONTROLLED_TERM_PROJECTION_REQUIRES_CLAIM_POLARITY_REVIEW,SRC_144_sourceTheorem,benchmark=true;empirical_result=true;evaluation=true;open_domain_qa=true;query_rewrite=true;retrieval=true,,INCONCLUSIVE_UNFORMALIZED_SENTENCE,INCONCLUSIVE,,INCONCLUSIVE_REQUIRES_BILINGUAL_DOMAIN_REVIEW,INCONCLUSIVE,no controlled semantic atom recognized,Conditional proof only: source-summary formula truth and NL-to-formula adequacy are separate obligations.
SENT-4259,9.2.2,docs/9.失敗パターンに応じて高度化する/9.2.Conversational RAG.md,38,CONQRRは、書き換え文の自然さだけでなく、下流検索の結果を使って会話質問の書き換えを学習します。,externally_cited_claim,AND,"AND(ATOM(retrieval=true), ATOM(empirical_result=true))",empirical_result=true;retrieval=true,SRC-145,https://arxiv.org/abs/2112.08558,existing_direct_paragraph_or_technology_mapping,EXISTING_MAPPING_REQUIRES_SEMANTIC_REVIEW,CONTROLLED_TERM_PROJECTION_REQUIRES_CLAIM_POLARITY_REVIEW,SRC_145_sourceTheorem,empirical_result=true;query_rewrite=true;retrieval=true,,PROVED_SOURCE_SUMMARY_ENTAILS_GUIDE_FORMULA,MODEL_PROVED,literature_SENT_4259,INCONCLUSIVE_REQUIRES_BILINGUAL_DOMAIN_REVIEW,INCONCLUSIVE,Lean checks the positive propositional derivation under source-summary premises,Conditional proof only: source-summary formula truth and NL-to-formula adequacy are separate obligations.
SENT-4263,9.2.2,docs/9.失敗パターンに応じて高度化する/9.2.Conversational RAG.md,44,会話文脈を使う密検索は、明示的な書き換え文を作らず、履歴を質問の符号化器へ直接入力します。,general_technical_claim,AND,"AND(ATOM(dense=true), ATOM(retrieval=true))",dense=true;retrieval=true,SRC-146,https://arxiv.org/abs/2105.04166,existing_direct_paragraph_or_technology_mapping,EXISTING_MAPPING_REQUIRES_SEMANTIC_REVIEW,CONTROLLED_TERM_PROJECTION_REQUIRES_CLAIM_POLARITY_REVIEW,SRC_146_sourceTheorem,dense=true;empirical_result=true;learned=true;query_rewrite=true;recall_metric=true;retrieval=true;similarity=dot_product,,PROVED_SOURCE_SUMMARY_ENTAILS_GUIDE_FORMULA,MODEL_PROVED,literature_SENT_4263,INCONCLUSIVE_REQUIRES_BILINGUAL_DOMAIN_REVIEW,INCONCLUSIVE,Lean checks the positive propositional derivation under source-summary premises,Conditional proof only: source-summary formula truth and NL-to-formula adequacy are separate obligations.
SENT-4264,9.2.2,docs/9.失敗パターンに応じて高度化する/9.2.Conversational RAG.md,45,Few-Shot Conversational Dense Retrievalは、少量の会話データによる密検索器の適応を扱います。,externally_cited_claim,AND,"AND(ATOM(dense=true), ATOM(retrieval=true))",dense=true;retrieval=true,SRC-146,https://arxiv.org/abs/2105.04166,existing_direct_paragraph_or_technology_mapping,EXISTING_MAPPING_REQUIRES_SEMANTIC_REVIEW,CONTROLLED_TERM_PROJECTION_REQUIRES_CLAIM_POLARITY_REVIEW,SRC_146_sourceTheorem,dense=true;empirical_result=true;learned=true;query_rewrite=true;recall_metric=true;retrieval=true;similarity=dot_product,,PROVED_SOURCE_SUMMARY_ENTAILS_GUIDE_FORMULA,MODEL_PROVED,literature_SENT_4264,INCONCLUSIVE_REQUIRES_BILINGUAL_DOMAIN_REVIEW,INCONCLUSIVE,Lean checks the positive propositional derivation under source-summary premises,Conditional proof only: source-summary formula truth and NL-to-formula adequacy are separate obligations.
SENT-4283,9.2.5,docs/9.失敗パターンに応じて高度化する/9.2.Conversational RAG.md,79,これにより、検索器向けの明確さと、利用者の意図に沿った回答を両立できます。,general_technical_claim,AND,"AND(ATOM(retrieval=true), ATOM(generation=true))",generation=true;retrieval=true,SRC-144;SRC-145;SRC-146,https://arxiv.org/abs/2010.04898;https://arxiv.org/abs/2112.08558;https://arxiv.org/abs/2105.04166,same_file_candidate,CANDIDATE_REQUIRES_DOMAIN_REVIEW,CONTROLLED_TERM_PROJECTION_REQUIRES_CLAIM_POLARITY_REVIEW,SRC_144_sourceTheorem;SRC_145_sourceTheorem;SRC_146_sourceTheorem,benchmark=true;dense=true;empirical_result=true;evaluation=true;learned=true;open_domain_qa=true;query_rewrite=true;recall_metric=true;retrieval=true;similarity=dot_product,generation=true,INCONCLUSIVE_UNSUPPORTED_ATOMS,INCONCLUSIVE,,INCONCLUSIVE_REQUIRES_BILINGUAL_DOMAIN_REVIEW,INCONCLUSIVE,guide formula contains atoms absent from the selected source summaries,Conditional proof only: source-summary formula truth and NL-to-formula adequacy are separate obligations.
SENT-4291,FILE-INTRO,docs/9.失敗パターンに応じて高度化する/9.3.Federated・Routed RAG.md,7,査読付き研究では、Federated Retrieval Augmented Generation for Multi-Product Question Answeringが複数製品の知識源をまたぐ確率的なフェデレーテッド検索を、MoRとR³AGが質問ごとに複数のretrieverを選択・統合する方式を、それぞれ独立した設定で評価しています。,externally_cited_claim,AND,"AND(AND(ATOM(rag=true), ATOM(retrieval=true)), ATOM(evaluation=true))",evaluation=true;rag=true;retrieval=true,SRC-147;SRC-148;SRC-149,https://aclanthology.org/2025.coling-industry.33/;https://aclanthology.org/2025.emnlp-main.601/;https://aclanthology.org/2026.acl-long.939/,existing_direct_paragraph_or_technology_mapping,EXISTING_MAPPING_REQUIRES_SEMANTIC_REVIEW,CONTROLLED_TERM_PROJECTION_REQUIRES_CLAIM_POLARITY_REVIEW,SRC_147_sourceTheorem;SRC_148_sourceTheorem;SRC_149_sourceTheorem,adaptive_strategy=true;benchmark=true;cost=true;dense=true;dimension_contract=true;empirical_result=true;evaluation=true;generation=true;hallucination=true;knowledge_intensive=true;length_normalization=true;lexical=true;modular=true;rag=true;recall_metric=true;retrieval=true;tf_saturation=true;verification=true,,PROVED_SOURCE_SUMMARY_ENTAILS_GUIDE_FORMULA,MODEL_PROVED,literature_SENT_4291,INCONCLUSIVE_REQUIRES_BILINGUAL_DOMAIN_REVIEW,INCONCLUSIVE,Lean checks the positive propositional derivation under source-summary premises,Conditional proof only: source-summary formula truth and NL-to-formula adequacy are separate obligations.
SENT-4297,9.3.1,docs/9.失敗パターンに応じて高度化する/9.3.Federated・Routed RAG.md,16,Modular RAGは検索部品を組み替える設計を整理したプレプリントであり、本節では用語と設計範囲の整理に使います。,externally_cited_claim,AND,"AND(ATOM(retrieval=true), ATOM(modular=true))",modular=true;retrieval=true,SRC-140,https://arxiv.org/abs/2407.21059,existing_direct_paragraph_or_technology_mapping,EXISTING_MAPPING_REQUIRES_SEMANTIC_REVIEW,CONTROLLED_TERM_PROJECTION_REQUIRES_CLAIM_POLARITY_REVIEW,SRC_140_sourceTheorem,generation=true;knowledge_intensive=true;modular=true;rag=true;retrieval=true,,PROVED_SOURCE_SUMMARY_ENTAILS_GUIDE_FORMULA,MODEL_PROVED,literature_SENT_4297,INCONCLUSIVE_REQUIRES_BILINGUAL_DOMAIN_REVIEW,INCONCLUSIVE,Lean checks the positive propositional derivation under source-summary premises,Conditional proof only: source-summary formula truth and NL-to-formula adequacy are separate obligations.
SENT-4321,9.3.3,docs/9.失敗パターンに応じて高度化する/9.3.Federated・Routed RAG.md,54,順位を使う相互順位統合（RRF）、知識源間で比較できるよう調整したスコア、知識源ごとの重みを比較します。,concrete_technology_claim,ATOM,ATOM(ranks_only=true),ranks_only=true,SRC-064,https://dl.acm.org/doi/10.1145/1571941.1572114,existing_direct_paragraph_or_technology_mapping,EXISTING_MAPPING_REQUIRES_SEMANTIC_REVIEW,CONTROLLED_TERM_PROJECTION_REQUIRES_CLAIM_POLARITY_REVIEW,SRC_064_sourceTheorem,candidate_ids_stable=true;empirical_result=true;k_positive=true;ranks_only=true,,PROVED_SOURCE_SUMMARY_ENTAILS_GUIDE_FORMULA,MODEL_PROVED,literature_SENT_4321,INCONCLUSIVE_REQUIRES_BILINGUAL_DOMAIN_REVIEW,INCONCLUSIVE,Lean checks the positive propositional derivation under source-summary premises,Conditional proof only: source-summary formula truth and NL-to-formula adequacy are separate obligations.
SENT-4322,9.3.3,docs/9.失敗パターンに応じて高度化する/9.3.Federated・Routed RAG.md,55,RRFによる相互順位統合では、各retrieverの生scoreではなくrank list内の順位を使って候補ごとの統合値を計算します。,externally_cited_claim,AND,"AND(ATOM(ranks_only=true), ATOM(retrieval=true))",ranks_only=true;retrieval=true,SRC-064,https://dl.acm.org/doi/10.1145/1571941.1572114,existing_direct_paragraph_or_technology_mapping,EXISTING_MAPPING_REQUIRES_SEMANTIC_REVIEW,CONTROLLED_TERM_PROJECTION_REQUIRES_CLAIM_POLARITY_REVIEW,SRC_064_sourceTheorem,candidate_ids_stable=true;empirical_result=true;k_positive=true;ranks_only=true,retrieval=true,INCONCLUSIVE_UNSUPPORTED_ATOMS,INCONCLUSIVE,,INCONCLUSIVE_REQUIRES_BILINGUAL_DOMAIN_REVIEW,INCONCLUSIVE,guide formula contains atoms absent from the selected source summaries,Conditional proof only: source-summary formula truth and NL-to-formula adequacy are separate obligations.
SENT-4351,9.4.1,docs/9.失敗パターンに応じて高度化する/9.4.Structured Data RAG.md,14,MRKL Systemsが専門的な外部モジュールへ処理を振り分けるように、計算と状態確認を文書検索から分離します。,externally_cited_claim,AND,"AND(ATOM(retrieval=true), ATOM(modular=true))",modular=true;retrieval=true,SRC-015,https://arxiv.org/abs/2205.00445,existing_direct_paragraph_or_technology_mapping,EXISTING_MAPPING_REQUIRES_SEMANTIC_REVIEW,CONTROLLED_TERM_PROJECTION_REQUIRES_CLAIM_POLARITY_REVIEW,SRC_015_sourceTheorem,external_knowledge=true;generation=true;modular=true;retrieval=true,,PROVED_SOURCE_SUMMARY_ENTAILS_GUIDE_FORMULA,MODEL_PROVED,literature_SENT_4351,INCONCLUSIVE_REQUIRES_BILINGUAL_DOMAIN_REVIEW,INCONCLUSIVE,Lean checks the positive propositional derivation under source-summary premises,Conditional proof only: source-summary formula truth and NL-to-formula adequacy are separate obligations.
SENT-4362,9.4.2,docs/9.失敗パターンに応じて高度化する/9.4.Structured Data RAG.md,32,RAT-SQLは、同論文のtext-to-SQL taskで、question tokenとschema elementのlink、およびtable間relationをencoderへ組み込んでSQLを生成します。,externally_cited_claim,AND,"AND(ATOM(generation=true), ATOM(text_to_sql=true))",generation=true;text_to_sql=true,SRC-150,https://arxiv.org/abs/1911.04942,existing_direct_paragraph_or_technology_mapping,EXISTING_MAPPING_REQUIRES_SEMANTIC_REVIEW,CONTROLLED_TERM_PROJECTION_REQUIRES_CLAIM_POLARITY_REVIEW,SRC_150_sourceTheorem,text_to_sql=true,generation=true,INCONCLUSIVE_UNSUPPORTED_ATOMS,INCONCLUSIVE,,INCONCLUSIVE_REQUIRES_BILINGUAL_DOMAIN_REVIEW,INCONCLUSIVE,guide formula contains atoms absent from the selected source summaries,Conditional proof only: source-summary formula truth and NL-to-formula adequacy are separate obligations.
SENT-4368,9.4.3,docs/9.失敗パターンに応じて高度化する/9.4.Structured Data RAG.md,43,DIN-SQLは、複雑な質問を部分問題へ分け、スキーマ対応と自己修正を組み合わせます。,externally_cited_claim,UNFORMALIZED,UNFORMALIZED,,SRC-151,https://arxiv.org/abs/2304.11015,existing_direct_paragraph_or_technology_mapping,EXISTING_MAPPING_REQUIRES_SEMANTIC_REVIEW,CONTROLLED_TERM_PROJECTION_REQUIRES_CLAIM_POLARITY_REVIEW,SRC_151_sourceTheorem,benchmark=true;empirical_result=true;evaluation=true;generation=true;retrieval=true;text_to_sql=true,,INCONCLUSIVE_UNFORMALIZED_SENTENCE,INCONCLUSIVE,,INCONCLUSIVE_REQUIRES_BILINGUAL_DOMAIN_REVIEW,INCONCLUSIVE,no controlled semantic atom recognized,Conditional proof only: source-summary formula truth and NL-to-formula adequacy are separate obligations.
SENT-4383,9.4.4,docs/9.失敗パターンに応じて高度化する/9.4.Structured Data RAG.md,66,PubTables-1Mは、同datasetで表領域検出、表構造認識、cellのfunctional analysisを評価できるannotationを提供しています。,externally_cited_claim,ATOM,ATOM(evaluation=true),evaluation=true,SRC-029,https://arxiv.org/abs/2110.00061,existing_direct_paragraph_or_technology_mapping,EXISTING_MAPPING_REQUIRES_SEMANTIC_REVIEW,CONTROLLED_TERM_PROJECTION_REQUIRES_CLAIM_POLARITY_REVIEW,SRC_029_sourceTheorem,benchmark=true;empirical_result=true;evaluation=true;retrieval=true;segmentation=true;table_extraction=true,,PROVED_SOURCE_SUMMARY_ENTAILS_GUIDE_FORMULA,MODEL_PROVED,literature_SENT_4383,INCONCLUSIVE_REQUIRES_BILINGUAL_DOMAIN_REVIEW,INCONCLUSIVE,Lean checks the positive propositional derivation under source-summary premises,Conditional proof only: source-summary formula truth and NL-to-formula adequacy are separate obligations.
SENT-4404,9.5.1,docs/9.失敗パターンに応じて高度化する/9.5.Long-context RAG.md,11,Lost in the Middleは、長い入力内の情報位置によって言語モデルの利用性能が変わることを示しています。,externally_cited_claim,AND,"AND(ATOM(generation=true), ATOM(long_context=true))",generation=true;long_context=true,SRC-035,https://arxiv.org/abs/2307.03172,existing_direct_paragraph_or_technology_mapping,EXISTING_MAPPING_REQUIRES_SEMANTIC_REVIEW,CONTROLLED_TERM_PROJECTION_REQUIRES_CLAIM_POLARITY_REVIEW,SRC_035_sourceTheorem,evaluation=true;generation=true;long_context=true;retrieval=true,,PROVED_SOURCE_SUMMARY_ENTAILS_GUIDE_FORMULA,MODEL_PROVED,literature_SENT_4404,INCONCLUSIVE_REQUIRES_BILINGUAL_DOMAIN_REVIEW,INCONCLUSIVE,Lean checks the positive propositional derivation under source-summary premises,Conditional proof only: source-summary formula truth and NL-to-formula adequacy are separate obligations.
SENT-4411,9.5.1,docs/9.失敗パターンに応じて高度化する/9.5.Long-context RAG.md,21,RAGと長文入力を比較した研究は、十分な資源がある条件では長文入力が高品質な場合がある一方、RAGが大幅に安価な場合を報告しています。,externally_cited_claim,UNFORMALIZED,UNFORMALIZED,,SRC-059,https://arxiv.org/abs/2407.16833,existing_direct_paragraph_or_technology_mapping,EXISTING_MAPPING_REQUIRES_SEMANTIC_REVIEW,CONTROLLED_TERM_PROJECTION_REQUIRES_CLAIM_POLARITY_REVIEW,SRC_059_sourceTheorem,benchmark=true;cost=true;empirical_result=true;evaluation=true;generation=true;long_context=true;rag=true;retrieval=true;self_reflection=true,,INCONCLUSIVE_UNFORMALIZED_SENTENCE,INCONCLUSIVE,,INCONCLUSIVE_REQUIRES_BILINGUAL_DOMAIN_REVIEW,INCONCLUSIVE,conditional marker found but antecedent/consequent atoms were incomplete,Conditional proof only: source-summary formula truth and NL-to-formula adequacy are separate obligations.
SENT-4414,9.5.2,docs/9.失敗パターンに応じて高度化する/9.5.Long-context RAG.md,28,長文モデルを使うと、短いチャンクだけでなく、親の節、文書全体、関連文書群を検索単位または展開単位にできます。,general_technical_claim,ATOM,ATOM(retrieval=true),retrieval=true,SRC-031;SRC-107,https://arxiv.org/abs/2312.06648;https://arxiv.org/abs/2403.09040,same_unit_candidate,CANDIDATE_REQUIRES_DOMAIN_REVIEW,CONTROLLED_TERM_PROJECTION_REQUIRES_CLAIM_POLARITY_REVIEW,SRC_031_sourceTheorem;SRC_107_sourceTheorem,chunking=true;dense=true;empirical_result=true;evaluation=true;external_knowledge=true;generation=true;multi_hop=true;rag=true;rerank=true;retrieval=true;scalability=true,,PROVED_SOURCE_SUMMARY_ENTAILS_GUIDE_FORMULA,MODEL_PROVED,literature_SENT_4414,INCONCLUSIVE_REQUIRES_BILINGUAL_DOMAIN_REVIEW,INCONCLUSIVE,Lean checks the positive propositional derivation under source-summary premises,Conditional proof only: source-summary formula truth and NL-to-formula adequacy are separate obligations.
SENT-4416,9.5.2,docs/9.失敗パターンに応じて高度化する/9.5.Long-context RAG.md,31,Dense X Retrievalは、文書断片、文、命題の検索粒度を比較しています。,externally_cited_claim,AND,"AND(ATOM(dense=true), ATOM(retrieval=true))",dense=true;retrieval=true,SRC-031,https://arxiv.org/abs/2312.06648,existing_direct_paragraph_or_technology_mapping,EXISTING_MAPPING_REQUIRES_SEMANTIC_REVIEW,CONTROLLED_TERM_PROJECTION_REQUIRES_CLAIM_POLARITY_REVIEW,SRC_031_sourceTheorem,chunking=true;dense=true;empirical_result=true;generation=true;rag=true;retrieval=true,,PROVED_SOURCE_SUMMARY_ENTAILS_GUIDE_FORMULA,MODEL_PROVED,literature_SENT_4416,INCONCLUSIVE_REQUIRES_BILINGUAL_DOMAIN_REVIEW,INCONCLUSIVE,Lean checks the positive propositional derivation under source-summary premises,Conditional proof only: source-summary formula truth and NL-to-formula adequacy are separate obligations.
SENT-4423,9.5.2,docs/9.失敗パターンに応じて高度化する/9.5.Long-context RAG.md,41,RAGGEDの評価では、retrieved candidate数を増やしたときのanswer品質の変化がgeneratorのnoise robustnessによって異なると報告されています。,externally_cited_claim,IMPLIES,"IMP(AND(ATOM(retrieval=true), ATOM(evaluation=true)), ATOM(empirical_result=true))",empirical_result=true;evaluation=true;retrieval=true,SRC-107,https://arxiv.org/abs/2403.09040,existing_direct_paragraph_or_technology_mapping,EXISTING_MAPPING_REQUIRES_SEMANTIC_REVIEW,CONTROLLED_TERM_PROJECTION_REQUIRES_CLAIM_POLARITY_REVIEW,SRC_107_sourceTheorem,empirical_result=true;evaluation=true;external_knowledge=true;generation=true;multi_hop=true;rag=true;rerank=true;retrieval=true;scalability=true,,INCONCLUSIVE_RELATION_NOT_SUPPORTED_BY_POSITIVE_SOURCE_FACTS,INCONCLUSIVE,,INCONCLUSIVE_REQUIRES_BILINGUAL_DOMAIN_REVIEW,INCONCLUSIVE,implication/negation requires a relation-preserving source formalization,Conditional proof only: source-summary formula truth and NL-to-formula adequacy are separate obligations.
SENT-4427,9.5.3,docs/9.失敗パターンに応じて高度化する/9.5.Long-context RAG.md,49,LongLLMLinguaは、質問を考慮した圧縮と文書の再配置によって長文利用を効率化します。,externally_cited_claim,AND,"AND(ATOM(compression=true), ATOM(question_aware=true))",compression=true;question_aware=true,SRC-092,https://arxiv.org/abs/2310.06839,existing_direct_paragraph_or_technology_mapping,EXISTING_MAPPING_REQUIRES_SEMANTIC_REVIEW,CONTROLLED_TERM_PROJECTION_REQUIRES_CLAIM_POLARITY_REVIEW,SRC_092_sourceTheorem,benchmark=true;compression=true;cost=true;evaluation=true;generation=true;latency=true;long_context=true;question_aware=true;retrieval=true,,PROVED_SOURCE_SUMMARY_ENTAILS_GUIDE_FORMULA,MODEL_PROVED,literature_SENT_4427,INCONCLUSIVE_REQUIRES_BILINGUAL_DOMAIN_REVIEW,INCONCLUSIVE,Lean checks the positive propositional derivation under source-summary premises,Conditional proof only: source-summary formula truth and NL-to-formula adequacy are separate obligations.
SENT-4433,9.5.3,docs/9.失敗パターンに応じて高度化する/9.5.Long-context RAG.md,58,Lost in the Middleは、先頭や末尾と比べて中央の情報を利用しにくい傾向を報告しています。,externally_cited_claim,AND,"AND(ATOM(long_context=true), ATOM(empirical_result=true))",empirical_result=true;long_context=true,SRC-035,https://arxiv.org/abs/2307.03172,existing_direct_paragraph_or_technology_mapping,EXISTING_MAPPING_REQUIRES_SEMANTIC_REVIEW,CONTROLLED_TERM_PROJECTION_REQUIRES_CLAIM_POLARITY_REVIEW,SRC_035_sourceTheorem,evaluation=true;generation=true;long_context=true;retrieval=true,empirical_result=true,INCONCLUSIVE_UNSUPPORTED_ATOMS,INCONCLUSIVE,,INCONCLUSIVE_REQUIRES_BILINGUAL_DOMAIN_REVIEW,INCONCLUSIVE,guide formula contains atoms absent from the selected source summaries,Conditional proof only: source-summary formula truth and NL-to-formula adequacy are separate obligations.
SENT-4434,9.5.3,docs/9.失敗パターンに応じて高度化する/9.5.Long-context RAG.md,59,RULERは、複数の情報探索や集計を含む課題で長文モデルの実効的な能力を評価します。,externally_cited_claim,ATOM,ATOM(evaluation=true),evaluation=true,SRC-152,https://arxiv.org/abs/2404.06654,existing_direct_paragraph_or_technology_mapping,EXISTING_MAPPING_REQUIRES_SEMANTIC_REVIEW,CONTROLLED_TERM_PROJECTION_REQUIRES_CLAIM_POLARITY_REVIEW,SRC_152_sourceTheorem,benchmark=true;empirical_result=true;evaluation=true;generation=true;long_context=true;multi_hop=true;retrieval=true,,PROVED_SOURCE_SUMMARY_ENTAILS_GUIDE_FORMULA,MODEL_PROVED,literature_SENT_4434,INCONCLUSIVE_REQUIRES_BILINGUAL_DOMAIN_REVIEW,INCONCLUSIVE,Lean checks the positive propositional derivation under source-summary premises,Conditional proof only: source-summary formula truth and NL-to-formula adequacy are separate obligations.
SENT-4435,9.5.3,docs/9.失敗パターンに応じて高度化する/9.5.Long-context RAG.md,60,LongBenchは、単一文書・複数文書・要約・コードなど21のデータセットで長文理解を評価し、GPT-3.5-Turbo-16kも長い文脈では苦戦する結果を報告しました。,externally_cited_claim,AND,"AND(ATOM(evaluation=true), ATOM(empirical_result=true))",empirical_result=true;evaluation=true,SRC-153,https://aclanthology.org/2024.acl-long.172/,existing_direct_paragraph_or_technology_mapping,EXISTING_MAPPING_REQUIRES_SEMANTIC_REVIEW,CONTROLLED_TERM_PROJECTION_REQUIRES_CLAIM_POLARITY_REVIEW,SRC_153_sourceTheorem,benchmark=true;empirical_result=true;evaluation=true;generation=true;long_context=true;retrieval=true;verification=true,,PROVED_SOURCE_SUMMARY_ENTAILS_GUIDE_FORMULA,MODEL_PROVED,literature_SENT_4435,INCONCLUSIVE_REQUIRES_BILINGUAL_DOMAIN_REVIEW,INCONCLUSIVE,Lean checks the positive propositional derivation under source-summary premises,Conditional proof only: source-summary formula truth and NL-to-formula adequacy are separate obligations.
SENT-4436,9.5.3,docs/9.失敗パターンに応じて高度化する/9.5.Long-context RAG.md,61,LongBenchが評価した英語・中国語のタスクと当時の8モデルに結果を限定し、自組織の日本語文書や最新モデルについては同じ性能を前提にせず再評価します。,empirical_or_research_claim,NOT,"NOT(AND(AND(ATOM(temporal_freshness=true), ATOM(evaluation=true)), ATOM(empirical_result=true)))",empirical_result=true;evaluation=true;temporal_freshness=true,SRC-035;SRC-152;SRC-153,https://arxiv.org/abs/2307.03172;https://arxiv.org/abs/2404.06654;https://aclanthology.org/2024.acl-long.172/,existing_direct_paragraph_or_technology_mapping,EXISTING_MAPPING_REQUIRES_SEMANTIC_REVIEW,CONTROLLED_TERM_PROJECTION_REQUIRES_CLAIM_POLARITY_REVIEW,SRC_035_sourceTheorem;SRC_152_sourceTheorem;SRC_153_sourceTheorem,benchmark=true;empirical_result=true;evaluation=true;generation=true;long_context=true;multi_hop=true;retrieval=true;verification=true,temporal_freshness=true,INCONCLUSIVE_RELATION_NOT_SUPPORTED_BY_POSITIVE_SOURCE_FACTS,INCONCLUSIVE,,INCONCLUSIVE_REQUIRES_BILINGUAL_DOMAIN_REVIEW,INCONCLUSIVE,implication/negation requires a relation-preserving source formalization,Conditional proof only: source-summary formula truth and NL-to-formula adequacy are separate obligations.
SENT-4457,9.6.1,docs/9.失敗パターンに応じて高度化する/9.6.Hierarchical RAG・RAPTOR.md,12,RAPTORは、下位のテキストをクラスタリングして再帰的に要約し、異なる抽象度を持つ木構造から検索します。,externally_cited_claim,AND,"AND(ATOM(hierarchical=true), ATOM(retrieval=true))",hierarchical=true;retrieval=true,SRC-154;SRC-033,https://proceedings.iclr.cc/paper_files/paper/2024/hash/8a2acd174940dbca361a6398a4f9df91-Abstract-Conference.html;https://arxiv.org/abs/2401.18059,existing_direct_paragraph_or_technology_mapping,EXISTING_MAPPING_REQUIRES_SEMANTIC_REVIEW,CONTROLLED_TERM_PROJECTION_REQUIRES_CLAIM_POLARITY_REVIEW,SRC_154_sourceTheorem;SRC_033_sourceTheorem,ab_testing=true;benchmark=true;empirical_result=true;evaluation=true;generated_summaries=true;generation=true;hierarchical=true;multi_hop=true;provenance_required=true;rag=true;retrieval=true;verification=true,,PROVED_SOURCE_SUMMARY_ENTAILS_GUIDE_FORMULA,MODEL_PROVED,literature_SENT_4457,INCONCLUSIVE_REQUIRES_BILINGUAL_DOMAIN_REVIEW,INCONCLUSIVE,Lean checks the positive propositional derivation under source-summary premises,Conditional proof only: source-summary formula truth and NL-to-formula adequacy are separate obligations.
SENT-4458,9.6.1,docs/9.失敗パターンに応じて高度化する/9.6.Hierarchical RAG・RAPTOR.md,14,TreeRAGは長文を木構造へ分割して双方向に探索する方式を、ZoomRAGは複数粒度の関係グラフを粗い層から細かい層へ探索する方式を、それぞれ評価しています。,externally_cited_claim,AND,"AND(AND(AND(AND(AND(ATOM(graph_index=true), ATOM(hierarchical=true)), ATOM(tree_search=true)), ATOM(coarse_to_fine=true)), ATOM(graph=true)), ATOM(evaluation=true))",coarse_to_fine=true;evaluation=true;graph=true;graph_index=true;hierarchical=true;tree_search=true,SRC-155;SRC-156,https://aclanthology.org/2025.findings-acl.20/;https://aclanthology.org/2026.findings-acl.1643/,existing_direct_paragraph_or_technology_mapping,EXISTING_MAPPING_REQUIRES_SEMANTIC_REVIEW,CONTROLLED_TERM_PROJECTION_REQUIRES_CLAIM_POLARITY_REVIEW,SRC_155_sourceTheorem;SRC_156_sourceTheorem,chunking=true;coarse_to_fine=true;empirical_result=true;generation=true;graph=true;hierarchical=true;rag=true;retrieval=true;tree_search=true;verification=true,evaluation=true;graph_index=true,INCONCLUSIVE_UNSUPPORTED_ATOMS,INCONCLUSIVE,,INCONCLUSIVE_REQUIRES_BILINGUAL_DOMAIN_REVIEW,INCONCLUSIVE,guide formula contains atoms absent from the selected source summaries,Conditional proof only: source-summary formula truth and NL-to-formula adequacy are separate obligations.
SENT-4459,9.6.1,docs/9.失敗パターンに応じて高度化する/9.6.Hierarchical RAG・RAPTOR.md,14,両者の結果は各研究の評価条件に限定し、RAPTORとの同一条件比較とはみなしません。,concrete_technology_claim,NOT,"NOT(AND(ATOM(evaluation=true), ATOM(empirical_result=true)))",empirical_result=true;evaluation=true,SRC-154;SRC-033,https://proceedings.iclr.cc/paper_files/paper/2024/hash/8a2acd174940dbca361a6398a4f9df91-Abstract-Conference.html;https://arxiv.org/abs/2401.18059,existing_direct_paragraph_or_technology_mapping,EXISTING_MAPPING_REQUIRES_SEMANTIC_REVIEW,CONTROLLED_TERM_PROJECTION_REQUIRES_CLAIM_POLARITY_REVIEW,SRC_154_sourceTheorem;SRC_033_sourceTheorem,ab_testing=true;benchmark=true;empirical_result=true;evaluation=true;generated_summaries=true;generation=true;hierarchical=true;multi_hop=true;provenance_required=true;rag=true;retrieval=true;verification=true,,INCONCLUSIVE_RELATION_NOT_SUPPORTED_BY_POSITIVE_SOURCE_FACTS,INCONCLUSIVE,,INCONCLUSIVE_REQUIRES_BILINGUAL_DOMAIN_REVIEW,INCONCLUSIVE,implication/negation requires a relation-preserving source formalization,Conditional proof only: source-summary formula truth and NL-to-formula adequacy are separate obligations.
SENT-4471,9.6.2,docs/9.失敗パターンに応じて高度化する/9.6.Hierarchical RAG・RAPTOR.md,32,RAPTOR型候補では意味近傍を再帰的にcluster化し、cluster summaryと子要素を同じtree versionへ結びます。,concrete_technology_claim,UNFORMALIZED,UNFORMALIZED,,SRC-154;SRC-033,https://proceedings.iclr.cc/paper_files/paper/2024/hash/8a2acd174940dbca361a6398a4f9df91-Abstract-Conference.html;https://arxiv.org/abs/2401.18059,existing_direct_paragraph_or_technology_mapping,EXISTING_MAPPING_REQUIRES_SEMANTIC_REVIEW,CONTROLLED_TERM_PROJECTION_REQUIRES_CLAIM_POLARITY_REVIEW,SRC_154_sourceTheorem;SRC_033_sourceTheorem,ab_testing=true;benchmark=true;empirical_result=true;evaluation=true;generated_summaries=true;generation=true;hierarchical=true;multi_hop=true;provenance_required=true;rag=true;retrieval=true;verification=true,,INCONCLUSIVE_UNFORMALIZED_SENTENCE,INCONCLUSIVE,,INCONCLUSIVE_REQUIRES_BILINGUAL_DOMAIN_REVIEW,INCONCLUSIVE,no controlled semantic atom recognized,Conditional proof only: source-summary formula truth and NL-to-formula adequacy are separate obligations.
SENT-4474,9.6.2,docs/9.失敗パターンに応じて高度化する/9.6.Hierarchical RAG・RAPTOR.md,37,最小の比較実験では、次を必須パラメーターとして固定します。,empirical_or_research_claim,AND,"AND(ATOM(ab_testing=true), ATOM(empirical_result=true))",ab_testing=true;empirical_result=true,SRC-033;SRC-154;SRC-078;SRC-155,https://arxiv.org/abs/2401.18059;https://proceedings.iclr.cc/paper_files/paper/2024/hash/8a2acd174940dbca361a6398a4f9df91-Abstract-Conference.html;https://arxiv.org/abs/2210.11934;https://aclanthology.org/2025.findings-acl.20/,same_file_candidate,CANDIDATE_REQUIRES_DOMAIN_REVIEW,CONTROLLED_TERM_PROJECTION_REQUIRES_CLAIM_POLARITY_REVIEW,SRC_033_sourceTheorem;SRC_154_sourceTheorem;SRC_078_sourceTheorem;SRC_155_sourceTheorem,ab_testing=true;benchmark=true;chunking=true;empirical_result=true;evaluation=true;generated_summaries=true;generation=true;hierarchical=true;lexical=true;multi_hop=true;normalization_required=true;provenance_required=true;rag=true;ranks_only=true;retrieval=true;tree_search=true;verification=true;weights_evaluated=true,,PROVED_SOURCE_SUMMARY_ENTAILS_GUIDE_FORMULA,MODEL_PROVED,literature_SENT_4474,INCONCLUSIVE_REQUIRES_BILINGUAL_DOMAIN_REVIEW,INCONCLUSIVE,Lean checks the positive propositional derivation under source-summary premises,Conditional proof only: source-summary formula truth and NL-to-formula adequacy are separate obligations.
SENT-4476,9.6.2,docs/9.失敗パターンに応じて高度化する/9.6.Hierarchical RAG・RAPTOR.md,40,clustering方式、距離、最小・最大cluster数、乱数seed,concrete_technology_claim,UNFORMALIZED,UNFORMALIZED,,SRC-078,https://arxiv.org/abs/2210.11934,existing_direct_paragraph_or_technology_mapping,EXISTING_MAPPING_REQUIRES_SEMANTIC_REVIEW,CONTROLLED_TERM_PROJECTION_REQUIRES_CLAIM_POLARITY_REVIEW,SRC_078_sourceTheorem,empirical_result=true;lexical=true;normalization_required=true;ranks_only=true;retrieval=true;weights_evaluated=true,,INCONCLUSIVE_UNFORMALIZED_SENTENCE,INCONCLUSIVE,,INCONCLUSIVE_REQUIRES_BILINGUAL_DOMAIN_REVIEW,INCONCLUSIVE,no controlled semantic atom recognized,Conditional proof only: source-summary formula truth and NL-to-formula adequacy are separate obligations.
SENT-4485,9.6.2,docs/9.失敗パターンに応じて高度化する/9.6.Hierarchical RAG・RAPTOR.md,48,すべての原文チャンクが木のどこかに含まれること、親から子へたどれること、要約の各主張に支持する原文があることを品質判定にします。,general_technical_claim,ATOM,ATOM(evidence_support=true),evidence_support=true,SRC-141,https://arxiv.org/abs/2007.01282,same_chapter_candidate,CANDIDATE_REQUIRES_DOMAIN_REVIEW,CONTROLLED_TERM_PROJECTION_REQUIRES_CLAIM_POLARITY_REVIEW,SRC_141_sourceTheorem,benchmark=true;empirical_result=true;evaluation=true;evidence_support=true;external_knowledge=true;generation=true;open_domain_qa=true;retrieval=true,,PROVED_SOURCE_SUMMARY_ENTAILS_GUIDE_FORMULA,MODEL_PROVED,literature_SENT_4485,INCONCLUSIVE_REQUIRES_BILINGUAL_DOMAIN_REVIEW,INCONCLUSIVE,Lean checks the positive propositional derivation under source-summary premises,Conditional proof only: source-summary formula truth and NL-to-formula adequacy are separate obligations.
SENT-4486,9.6.3,docs/9.失敗パターンに応じて高度化する/9.6.Hierarchical RAG・RAPTOR.md,52,すべての階層を同時に検索する方法、階層ごとに検索する方法、上から下へたどる方法、下位チャンクから親を展開する方法があります。,general_technical_claim,ATOM,ATOM(retrieval=true),retrieval=true,SRC-033;SRC-078;SRC-154;SRC-155;SRC-156,https://arxiv.org/abs/2401.18059;https://arxiv.org/abs/2210.11934;https://proceedings.iclr.cc/paper_files/paper/2024/hash/8a2acd174940dbca361a6398a4f9df91-Abstract-Conference.html;https://aclanthology.org/2025.findings-acl.20/;https://aclanthology.org/2026.findings-acl.1643/,same_file_candidate,CANDIDATE_REQUIRES_DOMAIN_REVIEW,CONTROLLED_TERM_PROJECTION_REQUIRES_CLAIM_POLARITY_REVIEW,SRC_033_sourceTheorem;SRC_078_sourceTheorem;SRC_154_sourceTheorem;SRC_155_sourceTheorem;SRC_156_sourceTheorem,ab_testing=true;benchmark=true;chunking=true;coarse_to_fine=true;empirical_result=true;evaluation=true;generated_summaries=true;generation=true;graph=true;hierarchical=true;lexical=true;multi_hop=true;normalization_required=true;provenance_required=true;rag=true;ranks_only=true;retrieval=true;tree_search=true;verification=true;weights_evaluated=true,,PROVED_SOURCE_SUMMARY_ENTAILS_GUIDE_FORMULA,MODEL_PROVED,literature_SENT_4486,INCONCLUSIVE_REQUIRES_BILINGUAL_DOMAIN_REVIEW,INCONCLUSIVE,Lean checks the positive propositional derivation under source-summary premises,Conditional proof only: source-summary formula truth and NL-to-formula adequacy are separate obligations.
SENT-4494,9.6.3,docs/9.失敗パターンに応じて高度化する/9.6.Hierarchical RAG・RAPTOR.md,64,RAPTORを含む生成情報をindexへ追加する研究は、生成する要約・質問・階層と評価taskが方式ごとに異なるため、その結果を生成情報索引全般の有効性へ一般化しません。,concrete_technology_claim,NOT,"NOT(AND(AND(AND(ATOM(generated_summaries=true), ATOM(generation=true)), ATOM(evaluation=true)), ATOM(empirical_result=true)))",empirical_result=true;evaluation=true;generated_summaries=true;generation=true,SRC-154;SRC-033,https://proceedings.iclr.cc/paper_files/paper/2024/hash/8a2acd174940dbca361a6398a4f9df91-Abstract-Conference.html;https://arxiv.org/abs/2401.18059,existing_direct_paragraph_or_technology_mapping,EXISTING_MAPPING_REQUIRES_SEMANTIC_REVIEW,CONTROLLED_TERM_PROJECTION_REQUIRES_CLAIM_POLARITY_REVIEW,SRC_154_sourceTheorem;SRC_033_sourceTheorem,ab_testing=true;benchmark=true;empirical_result=true;evaluation=true;generated_summaries=true;generation=true;hierarchical=true;multi_hop=true;provenance_required=true;rag=true;retrieval=true;verification=true,,INCONCLUSIVE_RELATION_NOT_SUPPORTED_BY_POSITIVE_SOURCE_FACTS,INCONCLUSIVE,,INCONCLUSIVE_REQUIRES_BILINGUAL_DOMAIN_REVIEW,INCONCLUSIVE,implication/negation requires a relation-preserving source formalization,Conditional proof only: source-summary formula truth and NL-to-formula adequacy are separate obligations.
SENT-4495,9.6.3,docs/9.失敗パターンに応じて高度化する/9.6.Hierarchical RAG・RAPTOR.md,65,本書ではRAPTORの階層要約を中心に扱い、ほかの生成メタデータは比較実験の候補に限定します。,concrete_technology_claim,AND,"AND(AND(ATOM(generation=true), ATOM(ab_testing=true)), ATOM(empirical_result=true))",ab_testing=true;empirical_result=true;generation=true,SRC-154;SRC-033,https://proceedings.iclr.cc/paper_files/paper/2024/hash/8a2acd174940dbca361a6398a4f9df91-Abstract-Conference.html;https://arxiv.org/abs/2401.18059,existing_direct_paragraph_or_technology_mapping,EXISTING_MAPPING_REQUIRES_SEMANTIC_REVIEW,CONTROLLED_TERM_PROJECTION_REQUIRES_CLAIM_POLARITY_REVIEW,SRC_154_sourceTheorem;SRC_033_sourceTheorem,ab_testing=true;benchmark=true;empirical_result=true;evaluation=true;generated_summaries=true;generation=true;hierarchical=true;multi_hop=true;provenance_required=true;rag=true;retrieval=true;verification=true,,PROVED_SOURCE_SUMMARY_ENTAILS_GUIDE_FORMULA,MODEL_PROVED,literature_SENT_4495,INCONCLUSIVE_REQUIRES_BILINGUAL_DOMAIN_REVIEW,INCONCLUSIVE,Lean checks the positive propositional derivation under source-summary premises,Conditional proof only: source-summary formula truth and NL-to-formula adequacy are separate obligations.
SENT-4507,9.6.4,docs/9.失敗パターンに応じて高度化する/9.6.Hierarchical RAG・RAPTOR.md,85,要約中の各主張を、支持する下位チャンクへ結び付けます。,general_technical_claim,ATOM,ATOM(evidence_support=true),evidence_support=true,SRC-141,https://arxiv.org/abs/2007.01282,same_chapter_candidate,CANDIDATE_REQUIRES_DOMAIN_REVIEW,CONTROLLED_TERM_PROJECTION_REQUIRES_CLAIM_POLARITY_REVIEW,SRC_141_sourceTheorem,benchmark=true;empirical_result=true;evaluation=true;evidence_support=true;external_knowledge=true;generation=true;open_domain_qa=true;retrieval=true,,PROVED_SOURCE_SUMMARY_ENTAILS_GUIDE_FORMULA,MODEL_PROVED,literature_SENT_4507,INCONCLUSIVE_REQUIRES_BILINGUAL_DOMAIN_REVIEW,INCONCLUSIVE,Lean checks the positive propositional derivation under source-summary premises,Conditional proof only: source-summary formula truth and NL-to-formula adequacy are separate obligations.
SENT-4517,9.7.1,docs/9.失敗パターンに応じて高度化する/9.7.GraphRAG.md,17,From Local to Globalは、documentからentityとrelationのgraphを構築し、community summaryを使ってcorpus全体に関するqueryへ答える方法を提案したpreprintです。,externally_cited_claim,UNFORMALIZED,UNFORMALIZED,,SRC-157,https://arxiv.org/abs/2404.16130,existing_direct_paragraph_or_technology_mapping,EXISTING_MAPPING_REQUIRES_SEMANTIC_REVIEW,CONTROLLED_TERM_PROJECTION_REQUIRES_CLAIM_POLARITY_REVIEW,SRC_157_sourceTheorem,diversity=true;empirical_result=true;external_knowledge=true;generation=true;graph=true;rag=true;retrieval=true,,INCONCLUSIVE_UNFORMALIZED_SENTENCE,INCONCLUSIVE,,INCONCLUSIVE_REQUIRES_BILINGUAL_DOMAIN_REVIEW,INCONCLUSIVE,no controlled semantic atom recognized,Conditional proof only: source-summary formula truth and NL-to-formula adequacy are separate obligations.
SENT-4518,9.7.1,docs/9.失敗パターンに応じて高度化する/9.7.GraphRAG.md,18,G-Retriever、HippoRAG、KnowGPTは、異なるグラフ検索構成を査読付き会議で評価しています。,externally_cited_claim,AND,"AND(ATOM(retrieval=true), ATOM(evaluation=true))",evaluation=true;retrieval=true,SRC-158;SRC-159;SRC-160,https://proceedings.neurips.cc/paper_files/paper/2024/file/efaf1c9726648c8ba363a5c927440529-Paper-Conference.pdf;https://proceedings.neurips.cc/paper_files/paper/2024/hash/6ddc001d07ca4f319af96a3024f6dbd1-Abstract-Conference.html;https://proceedings.neurips.cc/paper_files/paper/2024/hash/0b8705a611ed1ce19cdb759031078705-Abstract-Conference.html,existing_direct_paragraph_or_technology_mapping,EXISTING_MAPPING_REQUIRES_SEMANTIC_REVIEW,CONTROLLED_TERM_PROJECTION_REQUIRES_CLAIM_POLARITY_REVIEW,SRC_158_sourceTheorem;SRC_159_sourceTheorem;SRC_160_sourceTheorem,benchmark=true;cost=true;empirical_result=true;evaluation=true;generation=true;graph=true;hallucination=true;multi_hop=true;rag=true;retrieval=true;subgraph_retrieval=true;verification=true,,PROVED_SOURCE_SUMMARY_ENTAILS_GUIDE_FORMULA,MODEL_PROVED,literature_SENT_4518,INCONCLUSIVE_REQUIRES_BILINGUAL_DOMAIN_REVIEW,INCONCLUSIVE,Lean checks the positive propositional derivation under source-summary premises,Conditional proof only: source-summary formula truth and NL-to-formula adequacy are separate obligations.
SENT-4521,9.7.1,docs/9.失敗パターンに応じて高度化する/9.7.GraphRAG.md,20,一般名、製品実装、個別論文を同じ検証済み手法として扱いません。,empirical_or_research_claim,NOT,NOT(ATOM(verification=true)),verification=true,SRC-157;SRC-158;SRC-159;SRC-160,https://arxiv.org/abs/2404.16130;https://proceedings.neurips.cc/paper_files/paper/2024/file/efaf1c9726648c8ba363a5c927440529-Paper-Conference.pdf;https://proceedings.neurips.cc/paper_files/paper/2024/hash/6ddc001d07ca4f319af96a3024f6dbd1-Abstract-Conference.html;https://proceedings.neurips.cc/paper_files/paper/2024/hash/0b8705a611ed1ce19cdb759031078705-Abstract-Conference.html,existing_direct_paragraph_or_technology_mapping,EXISTING_MAPPING_REQUIRES_SEMANTIC_REVIEW,CONTROLLED_TERM_PROJECTION_REQUIRES_CLAIM_POLARITY_REVIEW,SRC_157_sourceTheorem;SRC_158_sourceTheorem;SRC_159_sourceTheorem;SRC_160_sourceTheorem,benchmark=true;cost=true;diversity=true;empirical_result=true;evaluation=true;external_knowledge=true;generation=true;graph=true;hallucination=true;multi_hop=true;rag=true;retrieval=true;subgraph_retrieval=true;verification=true,,INCONCLUSIVE_RELATION_NOT_SUPPORTED_BY_POSITIVE_SOURCE_FACTS,INCONCLUSIVE,,INCONCLUSIVE_REQUIRES_BILINGUAL_DOMAIN_REVIEW,INCONCLUSIVE,implication/negation requires a relation-preserving source formalization,Conditional proof only: source-summary formula truth and NL-to-formula adequacy are separate obligations.
SENT-4526,9.7.1,docs/9.失敗パターンに応じて高度化する/9.7.GraphRAG.md,28,graph retrievalの候補をknowledge graph、document link、citation graph、entity-chunk bipartite graph、document hierarchyへ分け、用途とedge semanticsを登録します。,general_technical_claim,AND,"AND(ATOM(retrieval=true), ATOM(citation=true))",citation=true;retrieval=true,SRC-157;SRC-158;SRC-160,https://arxiv.org/abs/2404.16130;https://proceedings.neurips.cc/paper_files/paper/2024/file/efaf1c9726648c8ba363a5c927440529-Paper-Conference.pdf;https://proceedings.neurips.cc/paper_files/paper/2024/hash/0b8705a611ed1ce19cdb759031078705-Abstract-Conference.html,same_unit_candidate,CANDIDATE_REQUIRES_DOMAIN_REVIEW,CONTROLLED_TERM_PROJECTION_REQUIRES_CLAIM_POLARITY_REVIEW,SRC_157_sourceTheorem;SRC_158_sourceTheorem;SRC_160_sourceTheorem,benchmark=true;cost=true;diversity=true;empirical_result=true;evaluation=true;external_knowledge=true;generation=true;graph=true;hallucination=true;rag=true;retrieval=true;subgraph_retrieval=true;verification=true,citation=true,INCONCLUSIVE_UNSUPPORTED_ATOMS,INCONCLUSIVE,,INCONCLUSIVE_REQUIRES_BILINGUAL_DOMAIN_REVIEW,INCONCLUSIVE,guide formula contains atoms absent from the selected source summaries,Conditional proof only: source-summary formula truth and NL-to-formula adequacy are separate obligations.
SENT-4546,9.7.3,docs/9.失敗パターンに応じて高度化する/9.7.GraphRAG.md,62,自然文のベクトル検索で開始チャンクを見つけ、そこからグラフ上の周辺を展開すると、表現の違いを補えます。,general_technical_claim,ATOM,ATOM(retrieval=true),retrieval=true,SRC-157;SRC-158;SRC-160,https://arxiv.org/abs/2404.16130;https://proceedings.neurips.cc/paper_files/paper/2024/file/efaf1c9726648c8ba363a5c927440529-Paper-Conference.pdf;https://proceedings.neurips.cc/paper_files/paper/2024/hash/0b8705a611ed1ce19cdb759031078705-Abstract-Conference.html,same_file_candidate,CANDIDATE_REQUIRES_DOMAIN_REVIEW,CONTROLLED_TERM_PROJECTION_REQUIRES_CLAIM_POLARITY_REVIEW,SRC_157_sourceTheorem;SRC_158_sourceTheorem;SRC_160_sourceTheorem,benchmark=true;cost=true;diversity=true;empirical_result=true;evaluation=true;external_knowledge=true;generation=true;graph=true;hallucination=true;rag=true;retrieval=true;subgraph_retrieval=true;verification=true,,PROVED_SOURCE_SUMMARY_ENTAILS_GUIDE_FORMULA,MODEL_PROVED,literature_SENT_4546,INCONCLUSIVE_REQUIRES_BILINGUAL_DOMAIN_REVIEW,INCONCLUSIVE,Lean checks the positive propositional derivation under source-summary premises,Conditional proof only: source-summary formula truth and NL-to-formula adequacy are separate obligations.
SENT-4556,9.7.4,docs/9.失敗パターンに応じて高度化する/9.7.GraphRAG.md,79,ベクトル検索で開始点を探してグラフを展開する方法と、グラフで対象を絞って原文を検索する方法があります。,general_technical_claim,ATOM,ATOM(retrieval=true),retrieval=true,SRC-157;SRC-158;SRC-160,https://arxiv.org/abs/2404.16130;https://proceedings.neurips.cc/paper_files/paper/2024/file/efaf1c9726648c8ba363a5c927440529-Paper-Conference.pdf;https://proceedings.neurips.cc/paper_files/paper/2024/hash/0b8705a611ed1ce19cdb759031078705-Abstract-Conference.html,same_file_candidate,CANDIDATE_REQUIRES_DOMAIN_REVIEW,CONTROLLED_TERM_PROJECTION_REQUIRES_CLAIM_POLARITY_REVIEW,SRC_157_sourceTheorem;SRC_158_sourceTheorem;SRC_160_sourceTheorem,benchmark=true;cost=true;diversity=true;empirical_result=true;evaluation=true;external_knowledge=true;generation=true;graph=true;hallucination=true;rag=true;retrieval=true;subgraph_retrieval=true;verification=true,,PROVED_SOURCE_SUMMARY_ENTAILS_GUIDE_FORMULA,MODEL_PROVED,literature_SENT_4556,INCONCLUSIVE_REQUIRES_BILINGUAL_DOMAIN_REVIEW,INCONCLUSIVE,Lean checks the positive propositional derivation under source-summary premises,Conditional proof only: source-summary formula truth and NL-to-formula adequacy are separate obligations.
SENT-4577,9.8.1,docs/9.失敗パターンに応じて高度化する/9.8.Multimodal RAG.md,20,ColPali論文は、document page imageを複数vectorで表現し、同論文のdocument retrieval taskでOCR textだけに依存しない検索方法を評価しています。,externally_cited_claim,NOT,"NOT(AND(ATOM(retrieval=true), ATOM(evaluation=true)))",evaluation=true;retrieval=true,SRC-161,https://proceedings.iclr.cc/paper_files/paper/2025/file/99e9e141aafc314f76b0ca3dd66898b3-Paper-Conference.pdf,existing_direct_paragraph_or_technology_mapping,EXISTING_MAPPING_REQUIRES_SEMANTIC_REVIEW,CONTROLLED_TERM_PROJECTION_REQUIRES_CLAIM_POLARITY_REVIEW,SRC_161_sourceTheorem,benchmark=true;chunking=true;dense=true;embedding_model=true;empirical_result=true;evaluation=true;generation=true;late_interaction=true;layout=true;multi_vector=true;multimodal=true;ocr=true;rag=true;retrieval=true,,INCONCLUSIVE_RELATION_NOT_SUPPORTED_BY_POSITIVE_SOURCE_FACTS,INCONCLUSIVE,,INCONCLUSIVE_REQUIRES_BILINGUAL_DOMAIN_REVIEW,INCONCLUSIVE,implication/negation requires a relation-preserving source formalization,Conditional proof only: source-summary formula truth and NL-to-formula adequacy are separate obligations.
SENT-4583,9.8.1,docs/9.失敗パターンに応じて高度化する/9.8.Multimodal RAG.md,29,LayoutLMv3はテキスト、画像、レイアウトを統合した文書理解を扱い、PubTables-1Mは表の検出と構造認識を支えるデータセットを提供します。,externally_cited_claim,ATOM,ATOM(layout=true),layout=true,SRC-024;SRC-029,https://arxiv.org/abs/2204.08387;https://arxiv.org/abs/2110.00061,existing_direct_paragraph_or_technology_mapping,EXISTING_MAPPING_REQUIRES_SEMANTIC_REVIEW,CONTROLLED_TERM_PROJECTION_REQUIRES_CLAIM_POLARITY_REVIEW,SRC_024_sourceTheorem;SRC_029_sourceTheorem,benchmark=true;empirical_result=true;evaluation=true;multimodal=true;retrieval=true;segmentation=true;table_extraction=true,layout=true,INCONCLUSIVE_UNSUPPORTED_ATOMS,INCONCLUSIVE,,INCONCLUSIVE_REQUIRES_BILINGUAL_DOMAIN_REVIEW,INCONCLUSIVE,guide formula contains atoms absent from the selected source summaries,Conditional proof only: source-summary formula truth and NL-to-formula adequacy are separate obligations.
SENT-4584,9.8.1,docs/9.失敗パターンに応じて高度化する/9.8.Multimodal RAG.md,29,各記述は、それぞれの原論文が扱った対象と評価条件に限定します。,empirical_or_research_claim,ATOM,ATOM(evaluation=true),evaluation=true,SRC-024;SRC-029,https://arxiv.org/abs/2204.08387;https://arxiv.org/abs/2110.00061,existing_direct_paragraph_or_technology_mapping,EXISTING_MAPPING_REQUIRES_SEMANTIC_REVIEW,CONTROLLED_TERM_PROJECTION_REQUIRES_CLAIM_POLARITY_REVIEW,SRC_024_sourceTheorem;SRC_029_sourceTheorem,benchmark=true;empirical_result=true;evaluation=true;multimodal=true;retrieval=true;segmentation=true;table_extraction=true,,PROVED_SOURCE_SUMMARY_ENTAILS_GUIDE_FORMULA,MODEL_PROVED,literature_SENT_4584,INCONCLUSIVE_REQUIRES_BILINGUAL_DOMAIN_REVIEW,INCONCLUSIVE,Lean checks the positive propositional derivation under source-summary premises,Conditional proof only: source-summary formula truth and NL-to-formula adequacy are separate obligations.
SENT-4594,9.8.3,docs/9.失敗パターンに応じて高度化する/9.8.Multimodal RAG.md,48,別インデックスでは媒体に合う検索器を選べ、共通空間では媒体をまたぐ検索を行いやすくなります。,general_technical_claim,ATOM,ATOM(retrieval=true),retrieval=true,SRC-029;SRC-161,https://arxiv.org/abs/2110.00061;https://proceedings.iclr.cc/paper_files/paper/2025/file/99e9e141aafc314f76b0ca3dd66898b3-Paper-Conference.pdf,same_file_candidate,CANDIDATE_REQUIRES_DOMAIN_REVIEW,CONTROLLED_TERM_PROJECTION_REQUIRES_CLAIM_POLARITY_REVIEW,SRC_029_sourceTheorem;SRC_161_sourceTheorem,benchmark=true;chunking=true;dense=true;embedding_model=true;empirical_result=true;evaluation=true;generation=true;late_interaction=true;layout=true;multi_vector=true;multimodal=true;ocr=true;rag=true;retrieval=true;segmentation=true;table_extraction=true,,PROVED_SOURCE_SUMMARY_ENTAILS_GUIDE_FORMULA,MODEL_PROVED,literature_SENT_4594,INCONCLUSIVE_REQUIRES_BILINGUAL_DOMAIN_REVIEW,INCONCLUSIVE,Lean checks the positive propositional derivation under source-summary premises,Conditional proof only: source-summary formula truth and NL-to-formula adequacy are separate obligations.
SENT-4601,9.8.3,docs/9.失敗パターンに応じて高度化する/9.8.Multimodal RAG.md,59,媒体ごとに候補件数と再順位付け器を変えます。,general_technical_claim,ATOM,ATOM(rerank=true),rerank=true,SRC-107,https://arxiv.org/abs/2403.09040,same_chapter_candidate,CANDIDATE_REQUIRES_DOMAIN_REVIEW,CONTROLLED_TERM_PROJECTION_REQUIRES_CLAIM_POLARITY_REVIEW,SRC_107_sourceTheorem,empirical_result=true;evaluation=true;external_knowledge=true;generation=true;multi_hop=true;rag=true;rerank=true;retrieval=true;scalability=true,,PROVED_SOURCE_SUMMARY_ENTAILS_GUIDE_FORMULA,MODEL_PROVED,literature_SENT_4601,INCONCLUSIVE_REQUIRES_BILINGUAL_DOMAIN_REVIEW,INCONCLUSIVE,Lean checks the positive propositional derivation under source-summary premises,Conditional proof only: source-summary formula truth and NL-to-formula adequacy are separate obligations.
SENT-4603,9.8.3,docs/9.失敗パターンに応じて高度化する/9.8.Multimodal RAG.md,62,複数ベクトルによるページ検索では、どの画像領域が質問へ反応したかを保持します。,general_technical_claim,AND,"AND(ATOM(multi_vector=true), ATOM(retrieval=true))",multi_vector=true;retrieval=true,SRC-161;SRC-029,https://proceedings.iclr.cc/paper_files/paper/2025/file/99e9e141aafc314f76b0ca3dd66898b3-Paper-Conference.pdf;https://arxiv.org/abs/2110.00061,same_file_candidate,CANDIDATE_REQUIRES_DOMAIN_REVIEW,CONTROLLED_TERM_PROJECTION_REQUIRES_CLAIM_POLARITY_REVIEW,SRC_161_sourceTheorem;SRC_029_sourceTheorem,benchmark=true;chunking=true;dense=true;embedding_model=true;empirical_result=true;evaluation=true;generation=true;late_interaction=true;layout=true;multi_vector=true;multimodal=true;ocr=true;rag=true;retrieval=true;segmentation=true;table_extraction=true,,PROVED_SOURCE_SUMMARY_ENTAILS_GUIDE_FORMULA,MODEL_PROVED,literature_SENT_4603,INCONCLUSIVE_REQUIRES_BILINGUAL_DOMAIN_REVIEW,INCONCLUSIVE,Lean checks the positive propositional derivation under source-summary premises,Conditional proof only: source-summary formula truth and NL-to-formula adequacy are separate obligations.
SENT-4611,9.8.4,docs/9.失敗パターンに応じて高度化する/9.8.Multimodal RAG.md,76,媒体横断graphを生成して検索する方式は新規提案として扱い、対象媒体・taskでの独立追試を確認できるまでは一般的な有効性を前提にしません。,empirical_or_research_claim,NOT,"NOT(AND(ATOM(retrieval=true), ATOM(generation=true)))",generation=true;retrieval=true,SRC-161;SRC-029,https://proceedings.iclr.cc/paper_files/paper/2025/file/99e9e141aafc314f76b0ca3dd66898b3-Paper-Conference.pdf;https://arxiv.org/abs/2110.00061,same_file_candidate,CANDIDATE_REQUIRES_DOMAIN_REVIEW,CONTROLLED_TERM_PROJECTION_REQUIRES_CLAIM_POLARITY_REVIEW,SRC_161_sourceTheorem;SRC_029_sourceTheorem,benchmark=true;chunking=true;dense=true;embedding_model=true;empirical_result=true;evaluation=true;generation=true;late_interaction=true;layout=true;multi_vector=true;multimodal=true;ocr=true;rag=true;retrieval=true;segmentation=true;table_extraction=true,,INCONCLUSIVE_RELATION_NOT_SUPPORTED_BY_POSITIVE_SOURCE_FACTS,INCONCLUSIVE,,INCONCLUSIVE_REQUIRES_BILINGUAL_DOMAIN_REVIEW,INCONCLUSIVE,implication/negation requires a relation-preserving source formalization,Conditional proof only: source-summary formula truth and NL-to-formula adequacy are separate obligations.
SENT-4631,9.8.5,docs/9.失敗パターンに応じて高度化する/9.8.Multimodal RAG.md,107,視覚情報が品質改善に必要な質問だけをマルチモーダル経路へ送ります。,empirical_or_research_claim,ATOM,ATOM(empirical_result=true),empirical_result=true,SRC-029;SRC-161,https://arxiv.org/abs/2110.00061;https://proceedings.iclr.cc/paper_files/paper/2025/file/99e9e141aafc314f76b0ca3dd66898b3-Paper-Conference.pdf,same_file_candidate,CANDIDATE_REQUIRES_DOMAIN_REVIEW,CONTROLLED_TERM_PROJECTION_REQUIRES_CLAIM_POLARITY_REVIEW,SRC_029_sourceTheorem;SRC_161_sourceTheorem,benchmark=true;chunking=true;dense=true;embedding_model=true;empirical_result=true;evaluation=true;generation=true;late_interaction=true;layout=true;multi_vector=true;multimodal=true;ocr=true;rag=true;retrieval=true;segmentation=true;table_extraction=true,,PROVED_SOURCE_SUMMARY_ENTAILS_GUIDE_FORMULA,MODEL_PROVED,literature_SENT_4631,INCONCLUSIVE_REQUIRES_BILINGUAL_DOMAIN_REVIEW,INCONCLUSIVE,Lean checks the positive propositional derivation under source-summary premises,Conditional proof only: source-summary formula truth and NL-to-formula adequacy are separate obligations.
SENT-4638,9.9.1,docs/9.失敗パターンに応じて高度化する/9.9.Agentic RAG.md,18,ReActは、推論と外部への行動を交互に行い、観察から次の行動を選ぶ方法です。,externally_cited_claim,ATOM,ATOM(tool_use=true),tool_use=true,SRC-116,https://arxiv.org/abs/2210.03629,existing_direct_paragraph_or_technology_mapping,EXISTING_MAPPING_REQUIRES_SEMANTIC_REVIEW,CONTROLLED_TERM_PROJECTION_REQUIRES_CLAIM_POLARITY_REVIEW,SRC_116_sourceTheorem,bedrock_kb=true;benchmark=true;empirical_result=true;evaluation=true;external_knowledge=true;generation=true;hallucination=true;retrieval=true;tool_use=true;verification=true,,PROVED_SOURCE_SUMMARY_ENTAILS_GUIDE_FORMULA,MODEL_PROVED,literature_SENT_4638,INCONCLUSIVE_REQUIRES_BILINGUAL_DOMAIN_REVIEW,INCONCLUSIVE,Lean checks the positive propositional derivation under source-summary premises,Conditional proof only: source-summary formula truth and NL-to-formula adequacy are separate obligations.
SENT-4650,9.9.2,docs/9.失敗パターンに応じて高度化する/9.9.Agentic RAG.md,38,Self-RAGは検索、生成、自己批評を制御する方法を提案し、Corrective RAGは検索結果を評価して補正する方法を提案しています。,externally_cited_claim,AND,"AND(AND(AND(AND(ATOM(retrieval=true), ATOM(generation=true)), ATOM(evaluation=true)), ATOM(self_reflection=true)), ATOM(empirical_result=true))",empirical_result=true;evaluation=true;generation=true;retrieval=true;self_reflection=true,SRC-162;SRC-097,https://arxiv.org/abs/2310.11511;https://arxiv.org/abs/2401.15884,existing_direct_paragraph_or_technology_mapping,EXISTING_MAPPING_REQUIRES_SEMANTIC_REVIEW,CONTROLLED_TERM_PROJECTION_REQUIRES_CLAIM_POLARITY_REVIEW,SRC_162_sourceTheorem;SRC_097_sourceTheorem,empirical_result=true;generation=true;hallucination=true;parametric_memory=true;rag=true;retrieval=true;security=true;self_reflection=true,evaluation=true,INCONCLUSIVE_UNSUPPORTED_ATOMS,INCONCLUSIVE,,INCONCLUSIVE_REQUIRES_BILINGUAL_DOMAIN_REVIEW,INCONCLUSIVE,guide formula contains atoms absent from the selected source summaries,Conditional proof only: source-summary formula truth and NL-to-formula adequacy are separate obligations.
SENT-4651,9.9.2,docs/9.失敗パターンに応じて高度化する/9.9.Agentic RAG.md,38,各方式の効果は、それぞれの原論文の実験条件に限定します。,empirical_or_research_claim,ATOM,ATOM(empirical_result=true),empirical_result=true,SRC-162;SRC-097,https://arxiv.org/abs/2310.11511;https://arxiv.org/abs/2401.15884,existing_direct_paragraph_or_technology_mapping,EXISTING_MAPPING_REQUIRES_SEMANTIC_REVIEW,CONTROLLED_TERM_PROJECTION_REQUIRES_CLAIM_POLARITY_REVIEW,SRC_162_sourceTheorem;SRC_097_sourceTheorem,empirical_result=true;generation=true;hallucination=true;parametric_memory=true;rag=true;retrieval=true;security=true;self_reflection=true,,PROVED_SOURCE_SUMMARY_ENTAILS_GUIDE_FORMULA,MODEL_PROVED,literature_SENT_4651,INCONCLUSIVE_REQUIRES_BILINGUAL_DOMAIN_REVIEW,INCONCLUSIVE,Lean checks the positive propositional derivation under source-summary premises,Conditional proof only: source-summary formula truth and NL-to-formula adequacy are separate obligations.
SENT-4659,9.9.3,docs/9.失敗パターンに応じて高度化する/9.9.Agentic RAG.md,52,IRCoTは、複数段階の質問で検索と推論を交互に行います。,externally_cited_claim,AND,"AND(AND(ATOM(iterative=true), ATOM(multi_hop=true)), ATOM(retrieval=true))",iterative=true;multi_hop=true;retrieval=true,SRC-060,https://arxiv.org/abs/2212.10509,existing_direct_paragraph_or_technology_mapping,EXISTING_MAPPING_REQUIRES_SEMANTIC_REVIEW,CONTROLLED_TERM_PROJECTION_REQUIRES_CLAIM_POLARITY_REVIEW,SRC_060_sourceTheorem,bounded_steps=true;empirical_result=true;evidence_trace=true;external_knowledge=true;generation=true;hallucination=true;iterative=true;knowledge_intensive=true;multi_hop=true;retrieval=true;temporal_freshness=true,,PROVED_SOURCE_SUMMARY_ENTAILS_GUIDE_FORMULA,MODEL_PROVED,literature_SENT_4659,INCONCLUSIVE_REQUIRES_BILINGUAL_DOMAIN_REVIEW,INCONCLUSIVE,Lean checks the positive propositional derivation under source-summary premises,Conditional proof only: source-summary formula truth and NL-to-formula adequacy are separate obligations.
SENT-4663,9.9.3,docs/9.失敗パターンに応じて高度化する/9.9.Agentic RAG.md,58,Toolformer論文はAPI callを自己教師ありで学習する可能性を評価していますが、その実験結果は個別業務toolの出力品質、authorization、side effectの安全性を保証しません。,externally_cited_claim,NOT,"NOT(AND(AND(AND(AND(ATOM(learned=true), ATOM(evaluation=true)), ATOM(authorization=true)), ATOM(tool_use=true)), ATOM(empirical_result=true)))",authorization=true;empirical_result=true;evaluation=true;learned=true;tool_use=true,SRC-163,https://arxiv.org/abs/2302.04761,existing_direct_paragraph_or_technology_mapping,EXISTING_MAPPING_REQUIRES_SEMANTIC_REVIEW,CONTROLLED_TERM_PROJECTION_REQUIRES_CLAIM_POLARITY_REVIEW,SRC_163_sourceTheorem,empirical_result=true;generation=true;retrieval=true;tool_use=true,authorization=true;evaluation=true;learned=true,INCONCLUSIVE_RELATION_NOT_SUPPORTED_BY_POSITIVE_SOURCE_FACTS,INCONCLUSIVE,,INCONCLUSIVE_REQUIRES_BILINGUAL_DOMAIN_REVIEW,INCONCLUSIVE,implication/negation requires a relation-preserving source formalization,Conditional proof only: source-summary formula truth and NL-to-formula adequacy are separate obligations.
SENT-4669,9.9.4,docs/9.失敗パターンに応じて高度化する/9.9.Agentic RAG.md,73,最大手順数、ツール呼び出し数、終了期限、トークン上限、金額上限、許可するツール順序を設定します。,general_technical_claim,ATOM,ATOM(tool_use=true),tool_use=true,SRC-116;SRC-163,https://arxiv.org/abs/2210.03629;https://arxiv.org/abs/2302.04761,same_file_candidate,CANDIDATE_REQUIRES_DOMAIN_REVIEW,CONTROLLED_TERM_PROJECTION_REQUIRES_CLAIM_POLARITY_REVIEW,SRC_116_sourceTheorem;SRC_163_sourceTheorem,bedrock_kb=true;benchmark=true;empirical_result=true;evaluation=true;external_knowledge=true;generation=true;hallucination=true;retrieval=true;tool_use=true;verification=true,,PROVED_SOURCE_SUMMARY_ENTAILS_GUIDE_FORMULA,MODEL_PROVED,literature_SENT_4669,INCONCLUSIVE_REQUIRES_BILINGUAL_DOMAIN_REVIEW,INCONCLUSIVE,Lean checks the positive propositional derivation under source-summary premises,Conditional proof only: source-summary formula truth and NL-to-formula adequacy are separate obligations.
SENT-4684,9.9.5,docs/9.失敗パターンに応じて高度化する/9.9.Agentic RAG.md,97,間接プロンプトインジェクションの研究は、外部データの命令が情報窃取やツール誤用へつながる経路を示しています。,externally_cited_claim,AND,"AND(ATOM(prompt_injection=true), ATOM(tool_use=true))",prompt_injection=true;tool_use=true,SRC-096,https://arxiv.org/abs/2302.12173,existing_direct_paragraph_or_technology_mapping,EXISTING_MAPPING_REQUIRES_SEMANTIC_REVIEW,CONTROLLED_TERM_PROJECTION_REQUIRES_CLAIM_POLARITY_REVIEW,SRC_096_sourceTheorem,generation=true;prompt_injection=true;retrieval=true;security=true,tool_use=true,INCONCLUSIVE_UNSUPPORTED_ATOMS,INCONCLUSIVE,,INCONCLUSIVE_REQUIRES_BILINGUAL_DOMAIN_REVIEW,INCONCLUSIVE,guide formula contains atoms absent from the selected source summaries,Conditional proof only: source-summary formula truth and NL-to-formula adequacy are separate obligations.
SENT-4701,9.9.7,docs/9.失敗パターンに応じて高度化する/9.9.Agentic RAG.md,126,本書では、査読付き研究と追試が蓄積している一つのエージェントによる検索と推論の反復までを扱います。,empirical_or_research_claim,ATOM,ATOM(retrieval=true),retrieval=true,SRC-060;SRC-096;SRC-097;SRC-116;SRC-162,https://arxiv.org/abs/2212.10509;https://arxiv.org/abs/2302.12173;https://arxiv.org/abs/2401.15884;https://arxiv.org/abs/2210.03629;https://arxiv.org/abs/2310.11511,same_file_candidate,CANDIDATE_REQUIRES_DOMAIN_REVIEW,CONTROLLED_TERM_PROJECTION_REQUIRES_CLAIM_POLARITY_REVIEW,SRC_060_sourceTheorem;SRC_096_sourceTheorem;SRC_097_sourceTheorem;SRC_116_sourceTheorem;SRC_162_sourceTheorem,bedrock_kb=true;benchmark=true;bounded_steps=true;empirical_result=true;evaluation=true;evidence_trace=true;external_knowledge=true;generation=true;hallucination=true;iterative=true;knowledge_intensive=true;multi_hop=true;parametric_memory=true;prompt_injection=true;rag=true;retrieval=true;security=true;self_reflection=true;temporal_freshness=true;tool_use=true;verification=true,,PROVED_SOURCE_SUMMARY_ENTAILS_GUIDE_FORMULA,MODEL_PROVED,literature_SENT_4701,INCONCLUSIVE_REQUIRES_BILINGUAL_DOMAIN_REVIEW,INCONCLUSIVE,Lean checks the positive propositional derivation under source-summary premises,Conditional proof only: source-summary formula truth and NL-to-formula adequacy are separate obligations.
SENT-4706,INTRO-9,docs/9.失敗パターンに応じて高度化する/序文.md,7,> 研究上の位置づけ,empirical_or_research_claim,UNFORMALIZED,UNFORMALIZED,,SRC-015;SRC-024;SRC-029;SRC-031;SRC-033,https://arxiv.org/abs/2205.00445;https://arxiv.org/abs/2204.08387;https://arxiv.org/abs/2110.00061;https://arxiv.org/abs/2312.06648;https://arxiv.org/abs/2401.18059,same_chapter_candidate,CANDIDATE_REQUIRES_DOMAIN_REVIEW,CONTROLLED_TERM_PROJECTION_REQUIRES_CLAIM_POLARITY_REVIEW,SRC_015_sourceTheorem;SRC_024_sourceTheorem;SRC_029_sourceTheorem;SRC_031_sourceTheorem;SRC_033_sourceTheorem,ab_testing=true;benchmark=true;chunking=true;dense=true;empirical_result=true;evaluation=true;external_knowledge=true;generated_summaries=true;generation=true;hierarchical=true;modular=true;multi_hop=true;multimodal=true;provenance_required=true;rag=true;retrieval=true;segmentation=true;table_extraction=true,,INCONCLUSIVE_UNFORMALIZED_SENTENCE,INCONCLUSIVE,,INCONCLUSIVE_REQUIRES_BILINGUAL_DOMAIN_REVIEW,INCONCLUSIVE,no controlled semantic atom recognized,Conditional proof only: source-summary formula truth and NL-to-formula adequacy are separate obligations.
SENT-4708,INTRO-9,docs/9.失敗パターンに応じて高度化する/序文.md,9,> ここからの一覧は、各方式を掲載した研究上の根拠と、本書が一般化しない範囲を示す補足です。,empirical_or_research_claim,NOT,NOT(ATOM(evidence_support=true)),evidence_support=true,SRC-141,https://arxiv.org/abs/2007.01282,same_chapter_candidate,CANDIDATE_REQUIRES_DOMAIN_REVIEW,CONTROLLED_TERM_PROJECTION_REQUIRES_CLAIM_POLARITY_REVIEW,SRC_141_sourceTheorem,benchmark=true;empirical_result=true;evaluation=true;evidence_support=true;external_knowledge=true;generation=true;open_domain_qa=true;retrieval=true,,INCONCLUSIVE_RELATION_NOT_SUPPORTED_BY_POSITIVE_SOURCE_FACTS,INCONCLUSIVE,,INCONCLUSIVE_REQUIRES_BILINGUAL_DOMAIN_REVIEW,INCONCLUSIVE,implication/negation requires a relation-preserving source formalization,Conditional proof only: source-summary formula truth and NL-to-formula adequacy are separate obligations.
SENT-4711,INTRO-9,docs/9.失敗パターンに応じて高度化する/序文.md,13,本章では、ConvGQRとIterCQRを会話中の省略を解決する検索書き換えの候補として扱い、同じ会話データと検索指標で比較します。,externally_cited_claim,ATOM,ATOM(retrieval=true),retrieval=true,SRC-164;SRC-165,https://aclanthology.org/2023.acl-long.274/;https://aclanthology.org/2024.naacl-long.449/,existing_direct_paragraph_or_technology_mapping,EXISTING_MAPPING_REQUIRES_SEMANTIC_REVIEW,CONTROLLED_TERM_PROJECTION_REQUIRES_CLAIM_POLARITY_REVIEW,SRC_164_sourceTheorem;SRC_165_sourceTheorem,empirical_result=true;generation=true;query_rewrite=true;retrieval=true;verification=true,,PROVED_SOURCE_SUMMARY_ENTAILS_GUIDE_FORMULA,MODEL_PROVED,literature_SENT_4711,INCONCLUSIVE_REQUIRES_BILINGUAL_DOMAIN_REVIEW,INCONCLUSIVE,Lean checks the positive propositional derivation under source-summary premises,Conditional proof only: source-summary formula truth and NL-to-formula adequacy are separate obligations.
SENT-4713,INTRO-9,docs/9.失敗パターンに応じて高度化する/序文.md,15,本章では、Spiderをtext-to-SQLの評価データ、RAT-SQLをschema linkingを用いるSQL生成方式として参照し、読み取り専用、許可schema、実行検証は本ガイドの安全要件として別に定めます。,externally_cited_claim,AND,"AND(AND(AND(ATOM(generation=true), ATOM(verification=true)), ATOM(evaluation=true)), ATOM(text_to_sql=true))",evaluation=true;generation=true;text_to_sql=true;verification=true,SRC-168;SRC-169,https://aclanthology.org/D18-1425/;https://aclanthology.org/2020.acl-main.677/,existing_direct_paragraph_or_technology_mapping,EXISTING_MAPPING_REQUIRES_SEMANTIC_REVIEW,CONTROLLED_TERM_PROJECTION_REQUIRES_CLAIM_POLARITY_REVIEW,SRC_168_sourceTheorem;SRC_169_sourceTheorem,benchmark=true;empirical_result=true;lexical=true;text_to_sql=true;verification=true,evaluation=true;generation=true,INCONCLUSIVE_UNSUPPORTED_ATOMS,INCONCLUSIVE,,INCONCLUSIVE_REQUIRES_BILINGUAL_DOMAIN_REVIEW,INCONCLUSIVE,guide formula contains atoms absent from the selected source summaries,Conditional proof only: source-summary formula truth and NL-to-formula adequacy are separate obligations.
SENT-4714,INTRO-9,docs/9.失敗パターンに応じて高度化する/序文.md,16,Long-context RAGは、Lost in the Middleを根拠に、長文入力では重要情報の位置による性能差を評価し、検索との比較には別の直接根拠を割り当てます。,externally_cited_claim,AND,"AND(AND(AND(ATOM(retrieval=true), ATOM(evidence_support=true)), ATOM(long_context=true)), ATOM(evaluation=true))",evaluation=true;evidence_support=true;long_context=true;retrieval=true,SRC-171,https://aclanthology.org/2024.tacl-1.9/,existing_direct_paragraph_or_technology_mapping,EXISTING_MAPPING_REQUIRES_SEMANTIC_REVIEW,CONTROLLED_TERM_PROJECTION_REQUIRES_CLAIM_POLARITY_REVIEW,SRC_171_sourceTheorem,evaluation=true;generation=true;long_context=true;retrieval=true;verification=true,evidence_support=true,INCONCLUSIVE_UNSUPPORTED_ATOMS,INCONCLUSIVE,,INCONCLUSIVE_REQUIRES_BILINGUAL_DOMAIN_REVIEW,INCONCLUSIVE,guide formula contains atoms absent from the selected source summaries,Conditional proof only: source-summary formula truth and NL-to-formula adequacy are separate obligations.
SENT-4715,INTRO-9,docs/9.失敗パターンに応じて高度化する/序文.md,17,本章では、RAPTORとDynamic Tree Memoryを階層型検索の候補として扱い、概要質問の品質、要約誤り、検索費用を同じ評価データで比較します。,externally_cited_claim,AND,"AND(AND(ATOM(retrieval=true), ATOM(evaluation=true)), ATOM(cost=true))",cost=true;evaluation=true;retrieval=true,SRC-154;SRC-172;SRC-033,https://proceedings.iclr.cc/paper_files/paper/2024/hash/8a2acd174940dbca361a6398a4f9df91-Abstract-Conference.html;https://proceedings.iclr.cc/paper_files/paper/2025/file/0382cb76309820f71c6eacd47b36ce71-Paper-Conference.pdf;https://arxiv.org/abs/2401.18059,existing_direct_paragraph_or_technology_mapping,EXISTING_MAPPING_REQUIRES_SEMANTIC_REVIEW,CONTROLLED_TERM_PROJECTION_REQUIRES_CLAIM_POLARITY_REVIEW,SRC_154_sourceTheorem;SRC_172_sourceTheorem;SRC_033_sourceTheorem,ab_testing=true;benchmark=true;empirical_result=true;evaluation=true;external_knowledge=true;generated_summaries=true;generation=true;hierarchical=true;multi_hop=true;provenance_required=true;rag=true;retrieval=true;verification=true,cost=true,INCONCLUSIVE_UNSUPPORTED_ATOMS,INCONCLUSIVE,,INCONCLUSIVE_REQUIRES_BILINGUAL_DOMAIN_REVIEW,INCONCLUSIVE,guide formula contains atoms absent from the selected source summaries,Conditional proof only: source-summary formula truth and NL-to-formula adequacy are separate obligations.
SENT-4716,INTRO-9,docs/9.失敗パターンに応じて高度化する/序文.md,18,本章では、G-Retriever、HippoRAG、KnowGPTを関係検索の異なる候補として扱い、対象graph、検索方式、評価条件を分けて比較します。,externally_cited_claim,AND,"AND(ATOM(retrieval=true), ATOM(evaluation=true))",evaluation=true;retrieval=true,SRC-158;SRC-159;SRC-160,https://proceedings.neurips.cc/paper_files/paper/2024/file/efaf1c9726648c8ba363a5c927440529-Paper-Conference.pdf;https://proceedings.neurips.cc/paper_files/paper/2024/hash/6ddc001d07ca4f319af96a3024f6dbd1-Abstract-Conference.html;https://proceedings.neurips.cc/paper_files/paper/2024/hash/0b8705a611ed1ce19cdb759031078705-Abstract-Conference.html,existing_direct_paragraph_or_technology_mapping,EXISTING_MAPPING_REQUIRES_SEMANTIC_REVIEW,CONTROLLED_TERM_PROJECTION_REQUIRES_CLAIM_POLARITY_REVIEW,SRC_158_sourceTheorem;SRC_159_sourceTheorem;SRC_160_sourceTheorem,benchmark=true;cost=true;empirical_result=true;evaluation=true;generation=true;graph=true;hallucination=true;multi_hop=true;rag=true;retrieval=true;subgraph_retrieval=true;verification=true,,PROVED_SOURCE_SUMMARY_ENTAILS_GUIDE_FORMULA,MODEL_PROVED,literature_SENT_4716,INCONCLUSIVE_REQUIRES_BILINGUAL_DOMAIN_REVIEW,INCONCLUSIVE,Lean checks the positive propositional derivation under source-summary premises,Conditional proof only: source-summary formula truth and NL-to-formula adequacy are separate obligations.
SENT-4717,INTRO-9,docs/9.失敗パターンに応じて高度化する/序文.md,18,各研究のグラフ構築法と評価条件を区別して比較します。,empirical_or_research_claim,ATOM,ATOM(evaluation=true),evaluation=true,SRC-158;SRC-159;SRC-160,https://proceedings.neurips.cc/paper_files/paper/2024/file/efaf1c9726648c8ba363a5c927440529-Paper-Conference.pdf;https://proceedings.neurips.cc/paper_files/paper/2024/hash/6ddc001d07ca4f319af96a3024f6dbd1-Abstract-Conference.html;https://proceedings.neurips.cc/paper_files/paper/2024/hash/0b8705a611ed1ce19cdb759031078705-Abstract-Conference.html,existing_direct_paragraph_or_technology_mapping,EXISTING_MAPPING_REQUIRES_SEMANTIC_REVIEW,CONTROLLED_TERM_PROJECTION_REQUIRES_CLAIM_POLARITY_REVIEW,SRC_158_sourceTheorem;SRC_159_sourceTheorem;SRC_160_sourceTheorem,benchmark=true;cost=true;empirical_result=true;evaluation=true;generation=true;graph=true;hallucination=true;multi_hop=true;rag=true;retrieval=true;subgraph_retrieval=true;verification=true,,PROVED_SOURCE_SUMMARY_ENTAILS_GUIDE_FORMULA,MODEL_PROVED,literature_SENT_4717,INCONCLUSIVE_REQUIRES_BILINGUAL_DOMAIN_REVIEW,INCONCLUSIVE,Lean checks the positive propositional derivation under source-summary premises,Conditional proof only: source-summary formula truth and NL-to-formula adequacy are separate obligations.
SENT-4718,INTRO-9,docs/9.失敗パターンに応じて高度化する/序文.md,19,本章では、ColPaliとDocument Screenshot Embeddingを文書画像検索の候補として扱い、レイアウトと表を含む同じ評価データでRecall、遅延、保存量を比較します。,externally_cited_claim,AND,"AND(AND(AND(AND(ATOM(multimodal=true), ATOM(retrieval=true)), ATOM(layout=true)), ATOM(evaluation=true)), ATOM(recall_metric=true))",evaluation=true;layout=true;multimodal=true;recall_metric=true;retrieval=true,SRC-161;SRC-173,https://proceedings.iclr.cc/paper_files/paper/2025/file/99e9e141aafc314f76b0ca3dd66898b3-Paper-Conference.pdf;https://aclanthology.org/2024.emnlp-main.373/,existing_direct_paragraph_or_technology_mapping,EXISTING_MAPPING_REQUIRES_SEMANTIC_REVIEW,CONTROLLED_TERM_PROJECTION_REQUIRES_CLAIM_POLARITY_REVIEW,SRC_161_sourceTheorem;SRC_173_sourceTheorem,benchmark=true;chunking=true;dense=true;embedding_model=true;empirical_result=true;evaluation=true;generation=true;late_interaction=true;layout=true;multi_vector=true;multimodal=true;ocr=true;rag=true;retrieval=true,recall_metric=true,INCONCLUSIVE_UNSUPPORTED_ATOMS,INCONCLUSIVE,,INCONCLUSIVE_REQUIRES_BILINGUAL_DOMAIN_REVIEW,INCONCLUSIVE,guide formula contains atoms absent from the selected source summaries,Conditional proof only: source-summary formula truth and NL-to-formula adequacy are separate obligations.
SENT-4719,INTRO-9,docs/9.失敗パターンに応じて高度化する/序文.md,20,Agentic RAGは、IRCoTを根拠に、一つのエージェントが推論途中で検索を反復する方式を扱います。,externally_cited_claim,AND,"AND(ATOM(retrieval=true), ATOM(evidence_support=true))",evidence_support=true;retrieval=true,SRC-175;SRC-060,https://aclanthology.org/2023.acl-long.557/;https://arxiv.org/abs/2212.10509,existing_direct_paragraph_or_technology_mapping,EXISTING_MAPPING_REQUIRES_SEMANTIC_REVIEW,CONTROLLED_TERM_PROJECTION_REQUIRES_CLAIM_POLARITY_REVIEW,SRC_175_sourceTheorem;SRC_060_sourceTheorem,bounded_steps=true;empirical_result=true;evidence_trace=true;external_knowledge=true;generation=true;hallucination=true;iterative=true;knowledge_intensive=true;multi_hop=true;retrieval=true;temporal_freshness=true;verification=true,evidence_support=true,INCONCLUSIVE_UNSUPPORTED_ATOMS,INCONCLUSIVE,,INCONCLUSIVE_REQUIRES_BILINGUAL_DOMAIN_REVIEW,INCONCLUSIVE,guide formula contains atoms absent from the selected source summaries,Conditional proof only: source-summary formula truth and NL-to-formula adequacy are separate obligations.
SENT-4720,INTRO-9,docs/9.失敗パターンに応じて高度化する/序文.md,21,本章では、REALMの事前学習時検索とRETROのchunk-level検索を検索結合位置の異なる候補として扱い、corpus更新、学習費用、推論費用を各研究の条件を分けて比較します。,externally_cited_claim,AND,"AND(ATOM(retrieval=true), ATOM(cost=true))",cost=true;retrieval=true,SRC-176;SRC-177,https://proceedings.mlr.press/v119/guu20a.html;https://proceedings.mlr.press/v162/borgeaud22a.html,existing_direct_paragraph_or_technology_mapping,EXISTING_MAPPING_REQUIRES_SEMANTIC_REVIEW,CONTROLLED_TERM_PROJECTION_REQUIRES_CLAIM_POLARITY_REVIEW,SRC_176_sourceTheorem;SRC_177_sourceTheorem,benchmark=true;empirical_result=true;evaluation=true;generation=true;modular=true;open_domain_qa=true;rag=true;retrieval=true;scalability=true,cost=true,INCONCLUSIVE_UNSUPPORTED_ATOMS,INCONCLUSIVE,,INCONCLUSIVE_REQUIRES_BILINGUAL_DOMAIN_REVIEW,INCONCLUSIVE,guide formula contains atoms absent from the selected source summaries,Conditional proof only: source-summary formula truth and NL-to-formula adequacy are separate obligations.
SENT-4795,FILE-INTRO,docs/章構成.md,94,7.2. 評価データセット,empirical_or_research_claim,ATOM,ATOM(evaluation=true),evaluation=true,SRC-033;SRC-154,https://arxiv.org/abs/2401.18059;https://proceedings.iclr.cc/paper_files/paper/2024/hash/8a2acd174940dbca361a6398a4f9df91-Abstract-Conference.html,same_file_candidate,CANDIDATE_REQUIRES_DOMAIN_REVIEW,CONTROLLED_TERM_PROJECTION_REQUIRES_CLAIM_POLARITY_REVIEW,SRC_033_sourceTheorem;SRC_154_sourceTheorem,ab_testing=true;benchmark=true;empirical_result=true;evaluation=true;generated_summaries=true;generation=true;hierarchical=true;multi_hop=true;provenance_required=true;rag=true;retrieval=true;verification=true,,PROVED_SOURCE_SUMMARY_ENTAILS_GUIDE_FORMULA,MODEL_PROVED,literature_SENT_4795,INCONCLUSIVE_REQUIRES_BILINGUAL_DOMAIN_REVIEW,INCONCLUSIVE,Lean checks the positive propositional derivation under source-summary premises,Conditional proof only: source-summary formula truth and NL-to-formula adequacy are separate obligations.
SENT-4804,FILE-INTRO,docs/章構成.md,103,G7-D 改善統制,empirical_or_research_claim,ATOM,ATOM(empirical_result=true),empirical_result=true,SRC-033;SRC-154,https://arxiv.org/abs/2401.18059;https://proceedings.iclr.cc/paper_files/paper/2024/hash/8a2acd174940dbca361a6398a4f9df91-Abstract-Conference.html,same_file_candidate,CANDIDATE_REQUIRES_DOMAIN_REVIEW,CONTROLLED_TERM_PROJECTION_REQUIRES_CLAIM_POLARITY_REVIEW,SRC_033_sourceTheorem;SRC_154_sourceTheorem,ab_testing=true;benchmark=true;empirical_result=true;evaluation=true;generated_summaries=true;generation=true;hierarchical=true;multi_hop=true;provenance_required=true;rag=true;retrieval=true;verification=true,,PROVED_SOURCE_SUMMARY_ENTAILS_GUIDE_FORMULA,MODEL_PROVED,literature_SENT_4804,INCONCLUSIVE_REQUIRES_BILINGUAL_DOMAIN_REVIEW,INCONCLUSIVE,Lean checks the positive propositional derivation under source-summary premises,Conditional proof only: source-summary formula truth and NL-to-formula adequacy are separate obligations.
SENT-4806,FILE-INTRO,docs/章構成.md,105,7.10. 改善ループ,empirical_or_research_claim,ATOM,ATOM(empirical_result=true),empirical_result=true,SRC-033;SRC-154,https://arxiv.org/abs/2401.18059;https://proceedings.iclr.cc/paper_files/paper/2024/hash/8a2acd174940dbca361a6398a4f9df91-Abstract-Conference.html,same_file_candidate,CANDIDATE_REQUIRES_DOMAIN_REVIEW,CONTROLLED_TERM_PROJECTION_REQUIRES_CLAIM_POLARITY_REVIEW,SRC_033_sourceTheorem;SRC_154_sourceTheorem,ab_testing=true;benchmark=true;empirical_result=true;evaluation=true;generated_summaries=true;generation=true;hierarchical=true;multi_hop=true;provenance_required=true;rag=true;retrieval=true;verification=true,,PROVED_SOURCE_SUMMARY_ENTAILS_GUIDE_FORMULA,MODEL_PROVED,literature_SENT_4806,INCONCLUSIVE_REQUIRES_BILINGUAL_DOMAIN_REVIEW,INCONCLUSIVE,Lean checks the positive propositional derivation under source-summary premises,Conditional proof only: source-summary formula truth and NL-to-formula adequacy are separate obligations.
SENT-4828,FILE-INTRO,docs/章構成.md,133,9.6. Hierarchical RAG・RAPTOR,concrete_technology_claim,ATOM,ATOM(rag=true),rag=true,SRC-154;SRC-033,https://proceedings.iclr.cc/paper_files/paper/2024/hash/8a2acd174940dbca361a6398a4f9df91-Abstract-Conference.html;https://arxiv.org/abs/2401.18059,existing_direct_paragraph_or_technology_mapping,EXISTING_MAPPING_REQUIRES_SEMANTIC_REVIEW,CONTROLLED_TERM_PROJECTION_REQUIRES_CLAIM_POLARITY_REVIEW,SRC_154_sourceTheorem;SRC_033_sourceTheorem,ab_testing=true;benchmark=true;empirical_result=true;evaluation=true;generated_summaries=true;generation=true;hierarchical=true;multi_hop=true;provenance_required=true;rag=true;retrieval=true;verification=true,,PROVED_SOURCE_SUMMARY_ENTAILS_GUIDE_FORMULA,MODEL_PROVED,literature_SENT_4828,INCONCLUSIVE_REQUIRES_BILINGUAL_DOMAIN_REVIEW,INCONCLUSIVE,Lean checks the positive propositional derivation under source-summary premises,Conditional proof only: source-summary formula truth and NL-to-formula adequacy are separate obligations.
