sentence_id,docs_commit,original_sentence,revised_sentence,semantic_proposition,logical_operator,claim_type,modality,scope,primary_source_ids,source_locator,source_claim_role,supported_atoms,unsupported_atoms,unsupported_relation,appropriateness_verdict,verdict_reason,normative_criteria,exceptions,external_truth_level,action,owner,due_date,unblock_condition,lean_theorem,lean_assurance,axiom_audit,primary_reviewer,primary_review_date,independent_reviewer,independent_review_date,review_status
SENT-0014,52bebecfb2a435d0e7ff2efea557c5799674ded6,工程ごとの成果物を評価すると、古い資料、検索の取りこぼし、根拠の誤読を区別して改善できます。,本ガイドでは工程別の成果物を同じquestion IDへ結び、資料の古さ、検索の取りこぼし、取得済み根拠の誤読を別の失敗段階として診断します。,"AND(AND(AND(AND(ATOM(retrieval=true), ATOM(evidence_support=true)), ATOM(temporal_freshness=true)), ATOM(evaluation=true)), ATOM(empirical_result=true))",AND,empirical_or_research_claim,できます,1.1.3 (docs/1.RAGとは何か/1.1.RAGとは.md:27); authoritative docs commit 52bebecfb2a435d0e7ff2efea557c5799674ded6,SRC-001,SRC-001 https://proceedings.neurips.cc/paper/2020/hash/6b493230205f780e1bc26945df7481e5-Abstract.html — primary_page inspected 2026-08-15; 現主張への直接locatorは未確定,EMPIRICAL_RESULT,NONE_DIRECTLY_VERIFIED,evidence_support=true;temporal_freshness=true,NOT_APPLICABLE,REWRITE_REQUIRED,proceedings.neurips.ccのAbstractへの参照は台帳にありますが、evidence_support、temporal_freshnessについて各要素と結論との直接の対応まで同時に再特定できる直接箇所が確定していません。本ガイドでは工程別の成果物を同じquestion IDへ結び、資料の古さ、検索の取りこぼし、取得済み根拠の誤読を別の失敗段階として診断するという範囲まで対象と条件を絞り、未確認の効果や一般化を実験結果のように読ませない文面にします。 修正文にある主体と操作対象は保ちつつ、直接根拠を越える各要素と結論との直接の対応を落とす差分なので、REWRITE_REQUIREDと判定します。,NOT_APPLICABLE_NON_NORMATIVE,NOT_APPLICABLE_NON_NORMATIVE,UNVERIFIED,1.1.3 (docs/1.RAGとは何か/1.1.RAGとは.md:27); authoritative docs commit 52bebecfb2a435d0e7ff2efea557c5799674ded6 の現文を次の文へ置換する: 本ガイドでは工程別の成果物を同じquestion IDへ結び、資料の古さ、検索の取りこぼし、取得済み根拠の誤読を別の失敗段階として診断します。 再抽出した文面と分類を照合する。,rag-guide-maintainers,,,,INCONCLUSIVE,NOT_APPLICABLE_UNPROVED,codex-primary-wave4,2026-08-15,codex-independent-wave4,2026-08-15,FINAL_TWO_REVIEWER_APPROVED
SENT-0023,52bebecfb2a435d0e7ff2efea557c5799674ded6,RAGは、このような検索器の結果を言語モデルへ渡します。,,"AND(AND(ATOM(retrieval=true), ATOM(generation=true)), ATOM(empirical_result=true))",AND,general_technical_claim,UNCLASSIFIED,1.2.1 (docs/1.RAGとは何か/1.2.LLM単体・検索システム・RAGの違い.md:12); authoritative docs commit 52bebecfb2a435d0e7ff2efea557c5799674ded6,SRC-001,"https://proceedings.neurips.cc/paper/2020/hash/6b493230205f780e1bc26945df7481e5-Abstract.html, Abstract, lines 9–10",DEFINITION_OR_SPEC,retrieval=true;generation=true,,,APPROPRIATE_SUPPORTED,RAG原著Abstractが、取得文書を生成器の条件として用いる構成を直接記述しており、原文の検索結果を言語モデルへ渡す関係を支持する。,NOT_APPLICABLE_NON_NORMATIVE,NOT_APPLICABLE_NON_NORMATIVE,SOURCE_ASSERTED,1.2.1 (docs/1.RAGとは何か/1.2.LLM単体・検索システム・RAGの違い.md:12); authoritative docs commit 52bebecfb2a435d0e7ff2efea557c5799674ded6 の本文を維持し、確定した一次資料locator・主張役割・外的真偽境界を台帳へ固定する。,rag-guide-maintainers,,,,INCONCLUSIVE,NOT_APPLICABLE_UNPROVED,codex-primary-wave4,2026-08-15,codex-independent-wave4,2026-08-15,FINAL_TWO_REVIEWER_APPROVED
SENT-0037,52bebecfb2a435d0e7ff2efea557c5799674ded6,ALCEは、引用の正しさと、引用が必要な主張を覆う網羅性を分けて評価しています。,,"AND(ATOM(citation=true), ATOM(evaluation=true))",AND,externally_cited_claim,必要,1.3.3 (docs/1.RAGとは何か/1.3.RAGが解決する問題.md:19); authoritative docs commit 52bebecfb2a435d0e7ff2efea557c5799674ded6,SRC-003,"https://aclanthology.org/2023.emnlp-main.398.pdf, §3.3 Citation Quality, pp. 6467–6468 (PDF pp. 3–4)",DEFINITION_OR_SPEC,citation=true;evaluation=true,,,APPROPRIATE_SUPPORTED,ALCE §3.3がcitation recall（要引用主張の被覆）とcitation precision/correctnessを別指標として定義しており、原文の二分を直接支持する。,NOT_APPLICABLE_NON_NORMATIVE,NOT_APPLICABLE_NON_NORMATIVE,SOURCE_ASSERTED,1.3.3 (docs/1.RAGとは何か/1.3.RAGが解決する問題.md:19); authoritative docs commit 52bebecfb2a435d0e7ff2efea557c5799674ded6 の本文を維持し、確定した一次資料locator・主張役割・外的真偽境界を台帳へ固定する。,rag-guide-maintainers,,,,INCONCLUSIVE,NOT_APPLICABLE_UNPROVED,codex-primary-wave4,2026-08-15,codex-independent-wave4,2026-08-15,FINAL_TWO_REVIEWER_APPROVED
SENT-0081,52bebecfb2a435d0e7ff2efea557c5799674ded6,FEVERによる根拠支持・反証・情報不足の評価,FEVERによる根拠支持・反証・情報不足の評価,"AND(ATOM(evidence_support=true), ATOM(evaluation=true))",AND,externally_cited_claim,UNCLASSIFIED,1.7.1 (docs/1.RAGとは何か/1.7.RAG研究の流れ.md:12); authoritative docs commit 52bebecfb2a435d0e7ff2efea557c5799674ded6,SRC-007,SRC-007 https://aclanthology.org/N18-1074/ — abstract inspected 2026-08-15; 現主張への直接locatorは未確定,DEFINITION_OR_SPEC,NONE_DIRECTLY_VERIFIED,NOT_A_NORMATIVE_CLAIM,NOT_APPLICABLE,REMOVE_OR_REPLACE,FEVERによる根拠支持・反証・情報不足の評価 この行は 1.7.1 (docs/1.RAGとは何か/1.7.RAG研究の流れ.md:12); authoritative docs commit 52bebecfb2a435d0e7ff2efea557c5799674ded6 にあるMarkdown表示単位で、単独の技術命題として検証できる主語・述語を備えていません。表示は維持しつつ NOT_A_NORMATIVE_CLAIM を証拠要求の命題集合から除外するため、REMOVE_OR_REPLACEの分類overrideを適用します。,NOT_APPLICABLE_NON_NORMATIVE,NOT_APPLICABLE_NON_NORMATIVE,NOT_APPLICABLE,1.7.1 (docs/1.RAGとは何か/1.7.RAG研究の流れ.md:12); authoritative docs commit 52bebecfb2a435d0e7ff2efea557c5799674ded6 のMarkdown表示は維持し、Wave 4分類overrideで技術的事実の命題集合から除外する。,rag-guide-maintainers,,,,INCONCLUSIVE,NOT_APPLICABLE_UNPROVED,codex-primary-wave4,2026-08-15,codex-independent-wave4,2026-08-15,FINAL_TWO_REVIEWER_APPROVED
SENT-0082,52bebecfb2a435d0e7ff2efea557c5799674ded6,ALCEによる引用評価,ALCEによる引用評価,"AND(ATOM(citation=true), ATOM(evaluation=true))",AND,externally_cited_claim,UNCLASSIFIED,1.7.1 (docs/1.RAGとは何か/1.7.RAG研究の流れ.md:13); authoritative docs commit 52bebecfb2a435d0e7ff2efea557c5799674ded6,SRC-003,SRC-003 https://aclanthology.org/2023.emnlp-main.398/ — primary_page inspected 2026-08-15; 現主張への直接locatorは未確定,DEFINITION_OR_SPEC,NONE_DIRECTLY_VERIFIED,NOT_A_NORMATIVE_CLAIM,NOT_APPLICABLE,REMOVE_OR_REPLACE,ALCEによる引用評価 この行は 1.7.1 (docs/1.RAGとは何か/1.7.RAG研究の流れ.md:13); authoritative docs commit 52bebecfb2a435d0e7ff2efea557c5799674ded6 にあるMarkdown表示単位で、単独の技術命題として検証できる主語・述語を備えていません。表示は維持しつつ NOT_A_NORMATIVE_CLAIM を証拠要求の命題集合から除外するため、REMOVE_OR_REPLACEの分類overrideを適用します。,NOT_APPLICABLE_NON_NORMATIVE,NOT_APPLICABLE_NON_NORMATIVE,NOT_APPLICABLE,1.7.1 (docs/1.RAGとは何か/1.7.RAG研究の流れ.md:13); authoritative docs commit 52bebecfb2a435d0e7ff2efea557c5799674ded6 のMarkdown表示は維持し、Wave 4分類overrideで技術的事実の命題集合から除外する。,rag-guide-maintainers,,,,INCONCLUSIVE,NOT_APPLICABLE_UNPROVED,codex-primary-wave4,2026-08-15,codex-independent-wave4,2026-08-15,FINAL_TWO_REVIEWER_APPROVED
SENT-0083,52bebecfb2a435d0e7ff2efea557c5799674ded6,これらの研究も、すべてのデータや業務で同じ効果を保証しているわけではありません。,本ガイドでは、本節で取り上げた研究結果を、すべてのデータや業務で同じ効果を保証する根拠として扱いません。,NL_PROPOSITION(これらの研究も、すべてのデータや業務で同じ効果を保証しているわけではありません。),UNFORMALIZED,empirical_or_research_claim,UNCLASSIFIED,1.7.1 (docs/1.RAGとは何か/1.7.RAG研究の流れ.md:15); authoritative docs commit 52bebecfb2a435d0e7ff2efea557c5799674ded6,,,DEFINITION_OR_SPEC,,,,APPROPRIATE_NORMATIVE,本ガイドでは、本節で取り上げた研究結果を、すべてのデータや業務で同じ効果を保証する根拠として扱わないという運用要件は、実行時の判断を担当者ごとにぶらさないためのローカル規則です。各研究のデータセット、モデル、比較器、指標、期間を記録し、対象業務との差分が未評価なら効果を一般化しない。 さらに、対象業務データで同じ指標と比較条件による再現試験を通過した範囲だけは、再現条件を明記して適用できる。 この扱いを例外として記録します。 実装結果と例外発生時の扱いを個別に検査できるため、APPROPRIATE_NORMATIVEです。,各研究のデータセット、モデル、比較器、指標、期間を記録し、対象業務との差分が未評価なら効果を一般化しない。,対象業務データで同じ指標と比較条件による再現試験を通過した範囲だけは、再現条件を明記して適用できる。,NOT_APPLICABLE,1.7.1 (docs/1.RAGとは何か/1.7.RAG研究の流れ.md:15); authoritative docs commit 52bebecfb2a435d0e7ff2efea557c5799674ded6 の現文を次の文へ置換する: 本ガイドでは、本節で取り上げた研究結果を、すべてのデータや業務で同じ効果を保証する根拠として扱いません。 再抽出した文面と分類を照合する。,rag-guide-maintainers,,,,INCONCLUSIVE,NOT_APPLICABLE_UNPROVED,codex-primary-wave4,2026-08-15,codex-independent-wave4,2026-08-15,FINAL_TWO_REVIEWER_APPROVED
SENT-0089,52bebecfb2a435d0e7ff2efea557c5799674ded6,再現できる失敗に対して比較実験を行い、品質、応答時間、費用、安全性の総合結果で採否を決めます。,,"AND(AND(AND(AND(ATOM(temporal_freshness=true), ATOM(ab_testing=true)), ATOM(latency=true)), ATOM(cost=true)), ATOM(empirical_result=true))",AND,empirical_or_research_claim,できる,1.7.2 (docs/1.RAGとは何か/1.7.RAG研究の流れ.md:25); authoritative docs commit 52bebecfb2a435d0e7ff2efea557c5799674ded6,,,DEFINITION_OR_SPEC,,,,APPROPRIATE_NORMATIVE,再現できる失敗に対して比較実験を行い、品質、応答時間、費用、安全性の総合結果で採否を決めるという採否判断は、比較対象と合格条件を実行結果で識別するために置きます。本文に列挙した対象・条件・指標を個別fieldへ保存し、同一runの実装結果または評価結果と一致することを確認する。 さらに、この比較で品質やcostが改善しても、安全性またはauthorizationの必須条件を悪化させるcandidateは採用しない。 この扱いを例外として記録します。 同じ条件での比較と採用しない条件を両方記録できるため、APPROPRIATE_NORMATIVEです。,再現できる失敗に対して比較実験を行い、品質、応答時間、費用、安全性の総合結果で採否を決めることを定める評価・採否規則について、本文に列挙した対象・条件・指標を個別fieldへ保存し、同一runの実装結果または評価結果と一致することを確認する。,再現できる失敗に対して比較実験を行い、品質、応答時間、費用、安全性の総合結果で採否を決めることを定める評価・採否規則の例外として、この比較で品質やcostが改善しても、安全性またはauthorizationの必須条件を悪化させるcandidateは採用しない。,NOT_APPLICABLE,1.7.2 (docs/1.RAGとは何か/1.7.RAG研究の流れ.md:25); authoritative docs commit 52bebecfb2a435d0e7ff2efea557c5799674ded6 の本文を維持し、normative_criteriaとexceptionsを設計台帳へ固定する。,rag-guide-maintainers,,,,INCONCLUSIVE,NOT_APPLICABLE_UNPROVED,codex-primary-wave4,2026-08-15,codex-independent-wave4,2026-08-15,FINAL_TWO_REVIEWER_APPROVED
SENT-0105,52bebecfb2a435d0e7ff2efea557c5799674ded6,| Managed Knowledge Base | RetrieveまたはAgenticRetrieveStream | RetrieveまたはAgenticRetrieveStreamの結果をConverseへ渡します | RetrieveAndGenerateは利用しません |,| Managed Knowledge Base | RetrieveまたはAgenticRetrieveStream | RetrieveまたはAgenticRetrieveStreamの結果をConverseへ渡します | RetrieveAndGenerateは利用しません |,"NOT(AND(AND(AND(AND(AND(ATOM(retrieval=true), ATOM(generation=true)), ATOM(external_knowledge=true)), ATOM(bedrock_kb=true)), ATOM(retrieve_and_generate=true)), ATOM(empirical_result=true)))",NOT,official_product_contract,UNCLASSIFIED,10.1.1 (docs/10.AWSで設計・実装する/10.1.構成方式を選ぶ.md:14); authoritative docs commit 52bebecfb2a435d0e7ff2efea557c5799674ded6,SRC-178,SRC-178 https://docs.aws.amazon.com/bedrock/latest/APIReference/API_agent-runtime_RetrieveAndGenerate.html — official_spec_page inspected 2026-08-15; 現主張への直接locatorは未確定,DEFINITION_OR_SPEC,NONE_DIRECTLY_VERIFIED,empirical_result=true;external_knowledge=true,NOT,REMOVE_OR_REPLACE,| Managed Knowledge Base | RetrieveまたはAgenticRetrieveStream | RetrieveまたはAgenticRetrieveStreamの結果をConverseへ渡します | RetrieveAndGenerateは利用しません | この行は 10.1.1 (docs/10.AWSで設計・実装する/10.1.構成方式を選ぶ.md:14); authoritative docs commit 52bebecfb2a435d0e7ff2efea557c5799674ded6 にあるMarkdown表示単位で、単独の技術命題として検証できる主語・述語を備えていません。表示は維持しつつ empirical_result=true;external_knowledge=true を証拠要求の命題集合から除外するため、REMOVE_OR_REPLACEの分類overrideを適用します。,NOT_APPLICABLE_NON_NORMATIVE,NOT_APPLICABLE_NON_NORMATIVE,UNVERIFIED,10.1.1 (docs/10.AWSで設計・実装する/10.1.構成方式を選ぶ.md:14); authoritative docs commit 52bebecfb2a435d0e7ff2efea557c5799674ded6 のMarkdown表示は維持し、Wave 4分類overrideで技術的事実の命題集合から除外する。,rag-guide-maintainers,,,,INCONCLUSIVE,NOT_APPLICABLE_UNPROVED,codex-primary-wave4,2026-08-15,codex-independent-wave4,2026-08-15,FINAL_TWO_REVIEWER_APPROVED
SENT-0109,52bebecfb2a435d0e7ff2efea557c5799674ded6,重複排除、独自reranking、矛盾処理、Evidence Set、claim単位の検査を入れる場合は、Retrieve → Lambdaなどの検索後処理 → Converseへ分けます。,,"IMP(AND(AND(ATOM(rerank=true), ATOM(dedup=true)), ATOM(evidence_support=true)), ATOM(retrieval=true))",IMPLIES,official_product_contract,UNCLASSIFIED,10.1.1 (docs/10.AWSで設計・実装する/10.1.構成方式を選ぶ.md:18); authoritative docs commit 52bebecfb2a435d0e7ff2efea557c5799674ded6,,,DEFINITION_OR_SPEC,,,,APPROPRIATE_NORMATIVE,重複排除、独自reranking、矛盾処理、Evidence Set、claim単位の検査を入れる場合は、Retrieve → Lambdaなどの検索後処理 → Converseへ分けるという検索経路は、候補の収集・統合・選択を再現可能にするガイド内の決定です。この規則に示したservice経路を対象regionで一件ずつ実行し、各stageのrequest/response、artifact ID、failure responseを同じintegration traceへ保存する。 適用境界では、対象service/APIが対象region/versionで非対応または仕様変更済みの場合はその構成を有効化せず、対応機能へ切り替えて同じintegration testを再実行する。 検索結果の合格条件と別経路へ切り替える条件が検査できるため、APPROPRIATE_NORMATIVEです。,重複排除、独自reranking、矛盾処理、Evidence Set、claim単位の検査を入れる場合は、Retrieve → Lambdaなどの検索後処理 → Converseへ分けることを定める検索・経路選択規則について、この規則に示したservice経路を対象regionで一件ずつ実行し、各stageのrequest/response、artifact ID、failure responseを同じintegration traceへ保存する。,重複排除、独自reranking、矛盾処理、Evidence Set、claim単位の検査を入れる場合は、Retrieve → Lambdaなどの検索後処理 → Converseへ分けることを定める検索・経路選択規則の例外として、対象service/APIが対象region/versionで非対応または仕様変更済みの場合はその構成を有効化せず、対応機能へ切り替えて同じintegration testを再実行する。,NOT_APPLICABLE,10.1.1 (docs/10.AWSで設計・実装する/10.1.構成方式を選ぶ.md:18); authoritative docs commit 52bebecfb2a435d0e7ff2efea557c5799674ded6 の本文を維持し、normative_criteriaとexceptionsを設計台帳へ固定する。,rag-guide-maintainers,,,,INCONCLUSIVE,NOT_APPLICABLE_UNPROVED,codex-primary-wave4,2026-08-15,codex-independent-wave4,2026-08-15,FINAL_TWO_REVIEWER_APPROVED
SENT-0110,52bebecfb2a435d0e7ff2efea557c5799674ded6,分離する判断は[根拠整形](../5.根拠を選別・整形する/序文.md)で必要な処理が、Knowledge Basesの検索設定だけで表現できるかによって行います。,[根拠整形](../5.根拠を選別・整形する/序文.md)の必須処理をKnowledge Bases設定だけで表現できない場合は、RetrieveとConverseの間に独自処理を分離します。,"AND(AND(AND(ATOM(retrieval=true), ATOM(external_knowledge=true)), ATOM(evidence_support=true)), ATOM(bedrock_kb=true))",AND,official_product_contract,必要;できる,10.1.1 (docs/10.AWSで設計・実装する/10.1.構成方式を選ぶ.md:18); authoritative docs commit 52bebecfb2a435d0e7ff2efea557c5799674ded6,,,DEFINITION_OR_SPEC,,,,APPROPRIATE_NORMATIVE,重複排除、rerank、矛盾処理、Evidence Set化、claim検査のうちKnowledge Bases設定へ対応付けられない処理があれば、RetrieveとConverseの間へ独自処理を置く設計判断です。全処理を同じ意味と証跡で設定だけに実装できた場合に限って一体構成を認めるため、分離条件と例外を統合試験で判定できるAPPROPRIATE_NORMATIVEです。,必要な重複排除、rerank、矛盾処理、Evidence Set化、claim検査を一覧化し、Knowledge Bases設定との対応が一つでも欠ければ分離構成を選ぶ。,必須処理を同じ意味と証跡で設定だけに実装できることを統合試験で確認した場合は、一体構成を選べる。,NOT_APPLICABLE,10.1.1 (docs/10.AWSで設計・実装する/10.1.構成方式を選ぶ.md:18); authoritative docs commit 52bebecfb2a435d0e7ff2efea557c5799674ded6 の現文を次の文へ置換する: [根拠整形](../5.根拠を選別・整形する/序文.md)の必須処理をKnowledge Bases設定だけで表現できない場合は、RetrieveとConverseの間に独自処理を分離します。 再抽出した文面と分類を照合する。,rag-guide-maintainers,,,,INCONCLUSIVE,NOT_APPLICABLE_UNPROVED,codex-primary-wave4,2026-08-15,codex-independent-wave4,2026-08-15,FINAL_TWO_REVIEWER_APPROVED
SENT-0113,52bebecfb2a435d0e7ff2efea557c5799674ded6,疎検索が必要な構成では、別の検索器と結果統合を組み合わせます。,,"AND(AND(ATOM(sparse=true), ATOM(retrieval=true)), ATOM(empirical_result=true))",AND,general_technical_claim,必要,10.1.2 (docs/10.AWSで設計・実装する/10.1.構成方式を選ぶ.md:24); authoritative docs commit 52bebecfb2a435d0e7ff2efea557c5799674ded6,,,DEFINITION_OR_SPEC,,,,APPROPRIATE_NORMATIVE,疎検索が必要な構成では、別の検索器と結果統合を組み合わせるという検索経路は、候補の収集・統合・選択を再現可能にするガイド内の決定です。この規則の統合規則をversion管理し、複数retrieverが返す既知rank listから期待するcandidate順序を再現し、生scoreの無条件加算や重複candidateが発生しないことを確認する。 さらに、この規則と異なる統合方式はcalibration済みscoreまたは別rerankerとしてversion管理できるが、未調整の異尺度scoreを黙って直接加算しない。 この扱いを例外として記録します。 検索結果の合格条件と別経路へ切り替える条件が検査できるため、APPROPRIATE_NORMATIVEです。,疎検索が必要な構成では、別の検索器と結果統合を組み合わせることを定める検索・経路選択規則について、この規則の統合規則をversion管理し、複数retrieverが返す既知rank listから期待するcandidate順序を再現し、生scoreの無条件加算や重複candidateが発生しないことを確認する。,疎検索が必要な構成では、別の検索器と結果統合を組み合わせることを定める検索・経路選択規則の例外として、この規則と異なる統合方式はcalibration済みscoreまたは別rerankerとしてversion管理できるが、未調整の異尺度scoreを黙って直接加算しない。,NOT_APPLICABLE,10.1.2 (docs/10.AWSで設計・実装する/10.1.構成方式を選ぶ.md:24); authoritative docs commit 52bebecfb2a435d0e7ff2efea557c5799674ded6 の本文を維持し、normative_criteriaとexceptionsを設計台帳へ固定する。,rag-guide-maintainers,,,,INCONCLUSIVE,NOT_APPLICABLE_UNPROVED,codex-primary-wave4,2026-08-15,codex-independent-wave4,2026-08-15,FINAL_TWO_REVIEWER_APPROVED
SENT-0114,52bebecfb2a435d0e7ff2efea557c5799674ded6,Amazon OpenSearch Serverlessは、密検索、疎検索、ハイブリッド検索を提供します。,Amazon OpenSearch Serverlessを密検索・疎検索・hybrid検索の候補に入れる前に、対象regionで三つの検索modeを実行するsmoke testを通します。,"AND(AND(AND(ATOM(sparse=true), ATOM(dense=true)), ATOM(retrieval=true)), ATOM(opensearch=true))",AND,official_product_contract,UNCLASSIFIED,10.1.2 (docs/10.AWSで設計・実装する/10.1.構成方式を選ぶ.md:25); authoritative docs commit 52bebecfb2a435d0e7ff2efea557c5799674ded6,,,DEFINITION_OR_SPEC,,,,APPROPRIATE_NORMATIVE,OpenSearch Serverlessを三検索modeの候補へ残す条件は、同じindexとqueryでdense、sparse、hybridを実行し、filter、top-k、score、timeoutを記録できることです。一つでも対象regionで動作しないmodeは構成から外して残る経路を再評価するので、製品一般の提供機能ではなくsmoke testに基づくAPPROPRIATE_NORMATIVEです。,同じindexとqueryでdense、sparse、hybridの各modeが成功し、filter、top-k、score、timeoutを記録できること。,対象regionまたは接続方式で一つでもmodeが使えない場合は、そのmodeを設計から外し、利用可能な検索経路だけで再評価する。,NOT_APPLICABLE,10.1.2 (docs/10.AWSで設計・実装する/10.1.構成方式を選ぶ.md:25); authoritative docs commit 52bebecfb2a435d0e7ff2efea557c5799674ded6 の現文を次の文へ置換する: Amazon OpenSearch Serverlessを密検索・疎検索・hybrid検索の候補に入れる前に、対象regionで三つの検索modeを実行するsmoke testを通します。 再抽出した文面と分類を照合する。,rag-guide-maintainers,,,,INCONCLUSIVE,NOT_APPLICABLE_UNPROVED,codex-primary-wave4,2026-08-15,codex-independent-wave4,2026-08-15,FINAL_TWO_REVIEWER_APPROVED
SENT-0116,52bebecfb2a435d0e7ff2efea557c5799674ded6,Amazon Aurora PostgreSQLは、密検索とrelational dataを近い境界で管理できます。,Amazon Aurora PostgreSQLを使う構成では、dense vectorとrelational dataを同じdatabase境界で管理できます。対応versionとvector機能は利用時点の公式仕様で確認します。,"AND(AND(ATOM(dense=true), ATOM(retrieval=true)), ATOM(aurora_pg=true))",AND,general_technical_claim,できます,10.1.2 (docs/10.AWSで設計・実装する/10.1.構成方式を選ぶ.md:26); authoritative docs commit 52bebecfb2a435d0e7ff2efea557c5799674ded6,SRC-179,SRC-179 https://docs.aws.amazon.com/AmazonS3/latest/userguide/s3-vectors-bedrock-kb.html — official_spec_page inspected 2026-08-15; 現主張への直接locatorは未確定,AUTHOR_CLAIM,NONE_DIRECTLY_VERIFIED,aurora_pg=true,NOT_APPLICABLE,REWRITE_REQUIRED,docs.aws.amazon.comの公式仕様ページへの参照は台帳にありますが、aurora_pgについて各要素と結論との直接の対応まで同時に再特定できる直接箇所が確定していません。本文に残すのは、Amazon Aurora PostgreSQLを使う構成では、dense vectorとrelational dataを同じdatabase境界で管理できます。対応versionとvector機能は利用時点の公式仕様で確認するという対象範囲です。aurora_pgについて未確認の因果までは導きません。 修正文にある主体と操作対象は保ちつつ、直接根拠を越える各要素と結論との直接の対応を落とす差分なので、REWRITE_REQUIREDと判定します。,NOT_APPLICABLE_NON_NORMATIVE,NOT_APPLICABLE_NON_NORMATIVE,UNVERIFIED,10.1.2 (docs/10.AWSで設計・実装する/10.1.構成方式を選ぶ.md:26); authoritative docs commit 52bebecfb2a435d0e7ff2efea557c5799674ded6 の現文を次の文へ置換する: Amazon Aurora PostgreSQLを使う構成では、dense vectorとrelational dataを同じdatabase境界で管理できます。対応versionとvector機能は利用時点の公式仕様で確認します。 再抽出した文面と分類を照合する。,rag-guide-maintainers,,,,INCONCLUSIVE,NOT_APPLICABLE_UNPROVED,codex-primary-wave4,2026-08-15,codex-independent-wave4,2026-08-15,FINAL_TWO_REVIEWER_APPROVED
SENT-0117,52bebecfb2a435d0e7ff2efea557c5799674ded6,Knowledge Basesのhybrid searchは、filterableなtext fieldを構成し、対象リージョンと接続方式が対応している場合に利用します。,Knowledge Basesのhybrid searchは、利用時点の対象リージョンと接続方式の公式仕様で対応を確認し、必要なfilterable text fieldを構成できる場合に限って利用します。,NL_PROPOSITION(Knowledge Basesのhybrid searchは、filterableなtext fieldを構成し、対象リージョンと接続方式が対応している場合に利用します。),UNFORMALIZED,official_product_contract,UNCLASSIFIED,10.1.2 (docs/10.AWSで設計・実装する/10.1.構成方式を選ぶ.md:26); authoritative docs commit 52bebecfb2a435d0e7ff2efea557c5799674ded6,,,DEFINITION_OR_SPEC,,,,APPROPRIATE_NORMATIVE,Knowledge Basesのhybrid searchは、利用時点の対象リージョンと接続方式の公式仕様で対応を確認し、必要なfilterable text fieldを構成できる場合に限って利用するという構成契約は、対象versionと実装の不一致を公開前に止めるための要件です。この規則に列挙したdimension、field名、metadata型をdeployment manifestと実index schemaで照合し、不一致構成が接続testで拒否されることを確認する。 適用境界では、対象service/APIが対象region/versionで非対応または仕様変更済みの場合はその構成を有効化せず、対応機能へ切り替えて同じintegration testを再実行する。 実際の接続結果と仕様変更時の切替条件を確認できるため、APPROPRIATE_NORMATIVEです。,Knowledge Basesのhybrid searchは、利用時点の対象リージョンと接続方式の公式仕様で対応を確認し、必要なfilterable text fieldを構成できる場合に限って利用することを定める構成・設定規則について、この規則に列挙したdimension、field名、metadata型をdeployment manifestと実index schemaで照合し、不一致構成が接続testで拒否されることを確認する。,Knowledge Basesのhybrid searchは、利用時点の対象リージョンと接続方式の公式仕様で対応を確認し、必要なfilterable text fieldを構成できる場合に限って利用することを定める構成・設定規則の例外として、対象service/APIが対象region/versionで非対応または仕様変更済みの場合はその構成を有効化せず、対応機能へ切り替えて同じintegration testを再実行する。,NOT_APPLICABLE,10.1.2 (docs/10.AWSで設計・実装する/10.1.構成方式を選ぶ.md:26); authoritative docs commit 52bebecfb2a435d0e7ff2efea557c5799674ded6 の現文を次の文へ置換する: Knowledge Basesのhybrid searchは、利用時点の対象リージョンと接続方式の公式仕様で対応を確認し、必要なfilterable text fieldを構成できる場合に限って利用します。 再抽出した文面と分類を照合する。,rag-guide-maintainers,,,,INCONCLUSIVE,NOT_APPLICABLE_UNPROVED,codex-primary-wave4,2026-08-15,codex-independent-wave4,2026-08-15,FINAL_TWO_REVIEWER_APPROVED
SENT-0118,52bebecfb2a435d0e7ff2efea557c5799674ded6,MongoDB Atlasも、Knowledge Basesの対応構成ではsemantic searchとhybrid searchの候補になります。,MongoDB Atlasは、Knowledge Bases接続でsemantic検索とhybrid検索の両経路を実行検証できた場合だけ候補storeへ残します。,"AND(AND(ATOM(external_knowledge=true), ATOM(bedrock_kb=true)), ATOM(mongodb_atlas=true))",AND,official_product_contract,UNCLASSIFIED,10.1.2 (docs/10.AWSで設計・実装する/10.1.構成方式を選ぶ.md:27); authoritative docs commit 52bebecfb2a435d0e7ff2efea557c5799674ded6,,,DEFINITION_OR_SPEC,,,,APPROPRIATE_NORMATIVE,MongoDB Atlasはsemanticとhybridの両APIが固定したregion、cluster version、schema、filter fieldでgold queryを返したときだけ候補storeになります。hybridが非対応または回帰した場合はsemantic単独へ縮退し、語彙一致を別retrieverへ分ける構成契約として検査できるため、APPROPRIATE_NORMATIVEです。,対象region、cluster version、index schema、filter fieldを固定し、semanticとhybridの両APIがgold queryを返すこと。,hybridが非対応または回帰試験に失敗する場合はsemantic単独候補とし、語彙一致は別retrieverで補う。,NOT_APPLICABLE,10.1.2 (docs/10.AWSで設計・実装する/10.1.構成方式を選ぶ.md:27); authoritative docs commit 52bebecfb2a435d0e7ff2efea557c5799674ded6 の現文を次の文へ置換する: MongoDB Atlasは、Knowledge Bases接続でsemantic検索とhybrid検索の両経路を実行検証できた場合だけ候補storeへ残します。 再抽出した文面と分類を照合する。,rag-guide-maintainers,,,,INCONCLUSIVE,NOT_APPLICABLE_UNPROVED,codex-primary-wave4,2026-08-15,codex-independent-wave4,2026-08-15,FINAL_TWO_REVIEWER_APPROVED
SENT-0123,52bebecfb2a435d0e7ff2efea557c5799674ded6,語彙一致にはOpenSearch Serverlessを選ぶか、S3 Vectorsの密検索とOpenSearchのBM25を別々に実行し、[Hybrid retrieval](../4.質問に合う根拠を探す/4.5.Hybrid retrieval.md)のRRFまたはrerankerで統合します。,Bedrock Knowledge BasesでS3 Vectorsを使う構成はhybrid searchに対応しないため、語彙一致が必要ならOpenSearch Serverlessを選ぶか、別系統で得たBM25結果とS3 Vectors結果を[Hybrid retrieval](../4.質問に合う根拠を探す/4.5.Hybrid retrieval.md)で定義したRRFまたはrerankerで統合します。,"OR(AND(AND(AND(AND(AND(ATOM(lexical=true), ATOM(dense=true)), ATOM(retrieval=true)), ATOM(evidence_support=true)), ATOM(s3_vectors=true)), ATOM(opensearch=true)), ATOM(rerank=true))",OR,concrete_technology_claim,UNCLASSIFIED,10.1.2 (docs/10.AWSで設計・実装する/10.1.構成方式を選ぶ.md:30); authoritative docs commit 52bebecfb2a435d0e7ff2efea557c5799674ded6,SRC-005;SRC-064,"https://docs.aws.amazon.com/AmazonS3/latest/userguide/s3-vectors-bedrock-kb.html, Limitations > Semantic search only; custom two-retriever fusion is a local design rule",DEFINITION_OR_SPEC,dense=true;retrieval=true;s3_vectors=true,lexical=true;evidence_support=true;opensearch=true;rerank=true,NOT_APPLICABLE,REWRITE_REQUIRED,Gold標本の二者校正で確定。両案はREWRITE_REQUIREDで一致。AWS公式に確認できるBedrock KB + S3 Vectorsのhybrid非対応と、本ガイド独自の別系統検索・統合案を分離して記述する。,NOT_APPLICABLE_NON_NORMATIVE,NOT_APPLICABLE_NON_NORMATIVE,OFFICIAL_SPEC,10.1.2 (docs/10.AWSで設計・実装する/10.1.構成方式を選ぶ.md:30); authoritative docs commit 52bebecfb2a435d0e7ff2efea557c5799674ded6 の現文を次の文へ置換する: Bedrock Knowledge BasesでS3 Vectorsを使う構成はhybrid searchに対応しないため、語彙一致が必要ならOpenSearch Serverlessを選ぶか、別系統で得たBM25結果とS3 Vectors結果を[Hybrid retrieval](../4.質問に合う根拠を探す/4.5.Hybrid retrieval.md)で定義したRRFまたはrerankerで統合します。 再抽出した文面と分類を照合する。,rag-guide-maintainers,,,,INCONCLUSIVE,NOT_APPLICABLE_UNPROVED,codex-primary-wave4,2026-08-15,codex-independent-wave4,2026-08-15,FINAL_TWO_REVIEWER_APPROVED
SENT-0124,52bebecfb2a435d0e7ff2efea557c5799674ded6,Knowledge Basesのhybrid searchについては、AWSのユーザーガイドと一部のAPI Referenceで対応storeの記述が一致しない場合があります。,Knowledge Basesのhybrid searchについては、AWSのユーザーガイドと一部のAPI Referenceで対応storeの記述が一致しない差異を想定し、実装時は採用するAPIの公式仕様と実行結果を一致させます。,"NOT(AND(ATOM(external_knowledge=true), ATOM(bedrock_kb=true)))",NOT,official_product_contract,UNCLASSIFIED,10.1.2 (docs/10.AWSで設計・実装する/10.1.構成方式を選ぶ.md:32); authoritative docs commit 52bebecfb2a435d0e7ff2efea557c5799674ded6,SRC-179,SRC-179 https://docs.aws.amazon.com/AmazonS3/latest/userguide/s3-vectors-bedrock-kb.html — official_spec_page inspected 2026-08-15; 現主張への直接locatorは未確定,DEFINITION_OR_SPEC,NONE_DIRECTLY_VERIFIED,bedrock_kb=true;external_knowledge=true,NOT,REWRITE_REQUIRED,docs.aws.amazon.comの公式仕様ページへの参照は台帳にありますが、bedrock_kb、external_knowledgeについて否定関係まで同時に再特定できる直接箇所が確定していません。本文に残すのは、Knowledge Basesのhybrid searchについては、AWSのユーザーガイドと一部のAPI Referenceで対応storeの記述が一致しない差異を想定し、実装時は採用するAPIの公式仕様と実行結果を一致させるという対象範囲です。bedrock_kb、external_knowledgeについて未確認の因果までは導きません。 修正文にある主体と操作対象は保ちつつ、直接根拠を越える否定関係を落とす差分なので、REWRITE_REQUIREDと判定します。,NOT_APPLICABLE_NON_NORMATIVE,NOT_APPLICABLE_NON_NORMATIVE,UNVERIFIED,10.1.2 (docs/10.AWSで設計・実装する/10.1.構成方式を選ぶ.md:32); authoritative docs commit 52bebecfb2a435d0e7ff2efea557c5799674ded6 の現文を次の文へ置換する: Knowledge Basesのhybrid searchについては、AWSのユーザーガイドと一部のAPI Referenceで対応storeの記述が一致しない差異を想定し、実装時は採用するAPIの公式仕様と実行結果を一致させます。 再抽出した文面と分類を照合する。,rag-guide-maintainers,,,,INCONCLUSIVE,NOT_APPLICABLE_UNPROVED,codex-primary-wave4,2026-08-15,codex-independent-wave4,2026-08-15,FINAL_TWO_REVIEWER_APPROVED
SENT-0131,52bebecfb2a435d0e7ff2efea557c5799674ded6,固有名詞、製品コード、条文番号などで語彙一致の取りこぼしが再現した場合に、対応storeのHYBRID、複数検索器、またはManaged Knowledge Baseへ進みます。,,"IMP(ATOM(lexical=true), AND(AND(ATOM(retrieval=true), ATOM(external_knowledge=true)), ATOM(bedrock_kb=true)))",IMPLIES,general_technical_claim,UNCLASSIFIED,10.1.3 (docs/10.AWSで設計・実装する/10.1.構成方式を選ぶ.md:38); authoritative docs commit 52bebecfb2a435d0e7ff2efea557c5799674ded6,,,DEFINITION_OR_SPEC,,,,APPROPRIATE_NORMATIVE,固有名詞、製品コード、条文番号などで語彙一致の取りこぼしが再現した場合に、対応storeのHYBRID、複数検索器、またはManaged Knowledge Baseへ進むという検索経路は、候補の収集・統合・選択を再現可能にするガイド内の決定です。この規則で指定した検索経路と分岐条件をtraceへ記録し、条件を満たすfixtureと満たさないfixtureで、選択retriever、candidate集合、fallback先が期待値に一致することを確認する。 適用境界では、この規則より単純な経路が同じ品質・安全性・latency・costのgateを満たす場合は代替できるが、分岐、fallback、artifact provenanceを失う省略は行わない。 検索結果の合格条件と別経路へ切り替える条件が検査できるため、APPROPRIATE_NORMATIVEです。,固有名詞、製品コード、条文番号などで語彙一致の取りこぼしが再現した場合に、対応storeのHYBRID、複数検索器、またはManaged Knowledge Baseへ進むことを定める検索・経路選択規則について、この規則で指定した検索経路と分岐条件をtraceへ記録し、条件を満たすfixtureと満たさないfixtureで、選択retriever、candidate集合、fallback先が期待値に一致することを確認する。,固有名詞、製品コード、条文番号などで語彙一致の取りこぼしが再現した場合に、対応storeのHYBRID、複数検索器、またはManaged Knowledge Baseへ進むことを定める検索・経路選択規則の例外として、この規則より単純な経路が同じ品質・安全性・latency・costのgateを満たす場合は代替できるが、分岐、fallback、artifact provenanceを失う省略は行わない。,NOT_APPLICABLE,10.1.3 (docs/10.AWSで設計・実装する/10.1.構成方式を選ぶ.md:38); authoritative docs commit 52bebecfb2a435d0e7ff2efea557c5799674ded6 の本文を維持し、normative_criteriaとexceptionsを設計台帳へ固定する。,rag-guide-maintainers,,,,INCONCLUSIVE,NOT_APPLICABLE_UNPROVED,codex-primary-wave4,2026-08-15,codex-independent-wave4,2026-08-15,FINAL_TWO_REVIEWER_APPROVED
SENT-0136,52bebecfb2a435d0e7ff2efea557c5799674ded6,Knowledge Basesで選べるmodelとリージョンは対応embedding modelで確認します。,Knowledge Basesで使うembedding modelとregionの組合せはdeployment manifestに固定し、作成前のAPI検証を必須とします。,"AND(AND(ATOM(external_knowledge=true), ATOM(bedrock_kb=true)), ATOM(embedding_model=true))",AND,externally_cited_claim,UNCLASSIFIED,10.2.1 (docs/10.AWSで設計・実装する/10.2.Embeddingとvector indexを設定する.md:7); authoritative docs commit 52bebecfb2a435d0e7ff2efea557c5799674ded6,,,DEFINITION_OR_SPEC,,,,APPROPRIATE_NORMATIVE,embedding modelとregionの対応を製品知識として断定せず、model ID、revision、dimension、接続方式をdeployment manifestへ固定してindex作成とqueryを成功させる規則へ置き換えています。非対応または変更時には既存indexへ混在させず再構築する条件もあるため、実行結果で採否を決めるAPPROPRIATE_NORMATIVEです。,model ID、revision、dimension、region、Knowledge Base接続方式を記録し、同じ組合せでindex作成とqueryを成功させる。,組合せが非対応または変更された場合は既存indexへ混在させず、新しいmanifestとindexで再構築する。,NOT_APPLICABLE,10.2.1 (docs/10.AWSで設計・実装する/10.2.Embeddingとvector indexを設定する.md:7); authoritative docs commit 52bebecfb2a435d0e7ff2efea557c5799674ded6 の現文を次の文へ置換する: Knowledge Basesで使うembedding modelとregionの組合せはdeployment manifestに固定し、作成前のAPI検証を必須とします。 再抽出した文面と分類を照合する。,rag-guide-maintainers,,,,INCONCLUSIVE,NOT_APPLICABLE_UNPROVED,codex-primary-wave4,2026-08-15,codex-independent-wave4,2026-08-15,FINAL_TWO_REVIEWER_APPROVED
SENT-0137,52bebecfb2a435d0e7ff2efea557c5799674ded6,日本語を含む場合は、Cohere Embed Multilingual v3を比較対象に含めます。,,NL_PROPOSITION(日本語を含む場合は、Cohere Embed Multilingual v3を比較対象に含めます。),UNFORMALIZED,official_product_contract,UNCLASSIFIED,10.2.1 (docs/10.AWSで設計・実装する/10.2.Embeddingとvector indexを設定する.md:7); authoritative docs commit 52bebecfb2a435d0e7ff2efea557c5799674ded6,,,DEFINITION_OR_SPEC,,,,APPROPRIATE_NORMATIVE,日本語を含む場合は、Cohere Embed Multilingual v3を比較対象に含めるという採否判断は、比較対象と合格条件を実行結果で識別するために置きます。この規則に挙げたmodelまたはserviceを同一の日本語gold query、document version、candidate数で実行し、Recallとlatencyを比較して採否を記録する。 適用境界では、対象service/APIが対象region/versionで非対応または仕様変更済みの場合はその構成を有効化せず、対応機能へ切り替えて同じintegration testを再実行する。 同じ条件での比較と採用しない条件を両方記録できるため、APPROPRIATE_NORMATIVEです。,日本語を含む場合は、Cohere Embed Multilingual v3を比較対象に含めることを定める評価・採否規則について、この規則に挙げたmodelまたはserviceを同一の日本語gold query、document version、candidate数で実行し、Recallとlatencyを比較して採否を記録する。,日本語を含む場合は、Cohere Embed Multilingual v3を比較対象に含めることを定める評価・採否規則の例外として、対象service/APIが対象region/versionで非対応または仕様変更済みの場合はその構成を有効化せず、対応機能へ切り替えて同じintegration testを再実行する。,NOT_APPLICABLE,10.2.1 (docs/10.AWSで設計・実装する/10.2.Embeddingとvector indexを設定する.md:7); authoritative docs commit 52bebecfb2a435d0e7ff2efea557c5799674ded6 の本文を維持し、normative_criteriaとexceptionsを設計台帳へ固定する。,rag-guide-maintainers,,,,INCONCLUSIVE,NOT_APPLICABLE_UNPROVED,codex-primary-wave4,2026-08-15,codex-independent-wave4,2026-08-15,FINAL_TWO_REVIEWER_APPROVED
SENT-0138,52bebecfb2a435d0e7ff2efea557c5799674ded6,Titan Text Embeddings V2も候補にし、日本語のgold queryでRecall@kを直接比較します。,,"AND(ATOM(recall_metric=true), ATOM(embedding_model=true))",AND,official_product_contract,UNCLASSIFIED,10.2.1 (docs/10.AWSで設計・実装する/10.2.Embeddingとvector indexを設定する.md:7); authoritative docs commit 52bebecfb2a435d0e7ff2efea557c5799674ded6,,,DEFINITION_OR_SPEC,,,,APPROPRIATE_NORMATIVE,Titan Text Embeddings V2も候補にし、日本語のgold queryでRecall@kを直接比較するという採否判断は、比較対象と合格条件を実行結果で識別するために置きます。この規則に挙げたmodelまたはserviceを同一の日本語gold query、document version、candidate数で実行し、Recallとlatencyを比較して採否を記録する。 適用境界では、対象service/APIが対象region/versionで非対応または仕様変更済みの場合はその構成を有効化せず、対応機能へ切り替えて同じintegration testを再実行する。 同じ条件での比較と採用しない条件を両方記録できるため、APPROPRIATE_NORMATIVEです。,Titan Text Embeddings V2も候補にし、日本語のgold queryでRecall@kを直接比較することを定める評価・採否規則について、この規則に挙げたmodelまたはserviceを同一の日本語gold query、document version、candidate数で実行し、Recallとlatencyを比較して採否を記録する。,Titan Text Embeddings V2も候補にし、日本語のgold queryでRecall@kを直接比較することを定める評価・採否規則の例外として、対象service/APIが対象region/versionで非対応または仕様変更済みの場合はその構成を有効化せず、対応機能へ切り替えて同じintegration testを再実行する。,NOT_APPLICABLE,10.2.1 (docs/10.AWSで設計・実装する/10.2.Embeddingとvector indexを設定する.md:7); authoritative docs commit 52bebecfb2a435d0e7ff2efea557c5799674ded6 の本文を維持し、normative_criteriaとexceptionsを設計台帳へ固定する。,rag-guide-maintainers,,,,INCONCLUSIVE,NOT_APPLICABLE_UNPROVED,codex-primary-wave4,2026-08-15,codex-independent-wave4,2026-08-15,FINAL_TWO_REVIEWER_APPROVED
SENT-0141,52bebecfb2a435d0e7ff2efea557c5799674ded6,Amazon Titan Text Embeddings V2は、Knowledge Basesで1024、512、256次元を選べます。,Titan Text Embeddings V2のdimensionは1024、512、256のいずれかをindex単位で固定し、queryとdocumentで同じ値を使います。,"AND(AND(AND(ATOM(external_knowledge=true), ATOM(bedrock_kb=true)), ATOM(embedding_model=true)), ATOM(dimension_contract=true))",AND,official_product_contract,UNCLASSIFIED,10.2.2 (docs/10.AWSで設計・実装する/10.2.Embeddingとvector indexを設定する.md:11); authoritative docs commit 52bebecfb2a435d0e7ff2efea557c5799674ded6,,,DEFINITION_OR_SPEC,,,,APPROPRIATE_NORMATIVE,Titan Text Embeddings V2のdimensionはindex単位で一値に固定し、vector index、document embedding、query embeddingの完全一致を受入条件にします。model contractが別dimensionを要求したときは新indexで互換性を試すため、列挙値を無条件の外部仕様とせず構成整合を保証するAPPROPRIATE_NORMATIVEです。,manifestのdimensionが1024、512、256の一つであり、vector index、document embedding、query embeddingの次元が完全一致すること。,利用時点のmodel contractが別dimensionを要求する場合は既存indexへ追加せず、新indexで互換性試験を行う。,NOT_APPLICABLE,10.2.2 (docs/10.AWSで設計・実装する/10.2.Embeddingとvector indexを設定する.md:11); authoritative docs commit 52bebecfb2a435d0e7ff2efea557c5799674ded6 の現文を次の文へ置換する: Titan Text Embeddings V2のdimensionは1024、512、256のいずれかをindex単位で固定し、queryとdocumentで同じ値を使います。 再抽出した文面と分類を照合する。,rag-guide-maintainers,,,,INCONCLUSIVE,NOT_APPLICABLE_UNPROVED,codex-primary-wave4,2026-08-15,codex-independent-wave4,2026-08-15,FINAL_TWO_REVIEWER_APPROVED
SENT-0150,52bebecfb2a435d0e7ff2efea557c5799674ded6,Titan Text Embeddings V2の1024次元、正規化済みfloat vectorを使う、S3 Vector index単体の初期例は次のとおりです。,S3 Vector index単体の初期構成は、Titan Text Embeddings V2の1024次元float vectorとcosine metricを一組としてmanifestへ登録します。,"AND(AND(ATOM(s3_vectors=true), ATOM(embedding_model=true)), ATOM(dimension_contract=true))",AND,official_product_contract,UNCLASSIFIED,10.2.3 (docs/10.AWSで設計・実装する/10.2.Embeddingとvector indexを設定する.md:23); authoritative docs commit 52bebecfb2a435d0e7ff2efea557c5799674ded6,,,DEFINITION_OR_SPEC,,,,APPROPRIATE_NORMATIVE,1024次元float vector、normalization、cosine metricを同じmanifestへ登録し、document vectorとquery vectorの整合を検査する初期構成です。dimensionまたはmetricを変える比較は別indexとgold queryによる再測定へ分離しており、baselineの成立条件を観測できるのでAPPROPRIATE_NORMATIVEです。,model ID、dimension=1024、data type=float、normalization、metric=cosineを記録し、登録vectorとquery vectorの整合を検査する。,別dimensionまたはmetricを比較する場合は別indexを作り、同じgold queryでRecallと費用を再測定する。,NOT_APPLICABLE,10.2.3 (docs/10.AWSで設計・実装する/10.2.Embeddingとvector indexを設定する.md:23); authoritative docs commit 52bebecfb2a435d0e7ff2efea557c5799674ded6 の現文を次の文へ置換する: S3 Vector index単体の初期構成は、Titan Text Embeddings V2の1024次元float vectorとcosine metricを一組としてmanifestへ登録します。 再抽出した文面と分類を照合する。,rag-guide-maintainers,,,,INCONCLUSIVE,NOT_APPLICABLE_UNPROVED,codex-primary-wave4,2026-08-15,codex-independent-wave4,2026-08-15,FINAL_TWO_REVIEWER_APPROVED
SENT-0152,52bebecfb2a435d0e7ff2efea557c5799674ded6,S3 Vector indexの設定に従い、正規化vectorにはcosineを初期値とし、magnitudeも意味を持つmodelではeuclideanを比較します。,,"AND(ATOM(cosine_compatible=true), ATOM(s3_vectors=true))",AND,externally_cited_claim,UNCLASSIFIED,10.2.3 (docs/10.AWSで設計・実装する/10.2.Embeddingとvector indexを設定する.md:36); authoritative docs commit 52bebecfb2a435d0e7ff2efea557c5799674ded6,,,DEFINITION_OR_SPEC,,,,APPROPRIATE_NORMATIVE,S3 Vector indexの設定に従い、正規化vectorにはcosineを初期値とし、magnitudeも意味を持つmodelではeuclideanを比較するという採否判断は、比較対象と合格条件を実行結果で識別するために置きます。この規則に挙げた選択肢を同じdataset version、query slice、gold evidence、負荷条件で比較し、対象sliceごとの品質・latency・costを一つのresult tableへ記録する。 さらに、初期値・候補は対象datasetで再調整できるが、変更値、baseline、採用理由を同じresult tableへ残し、未比較の値を既定値として固定しない。 この扱いを例外として記録します。 同じ条件での比較と採用しない条件を両方記録できるため、APPROPRIATE_NORMATIVEです。,S3 Vector indexの設定に従い、正規化vectorにはcosineを初期値とし、magnitudeも意味を持つmodelではeuclideanを比較することを定める評価・採否規則について、この規則に挙げた選択肢を同じdataset version、query slice、gold evidence、負荷条件で比較し、対象sliceごとの品質・latency・costを一つのresult tableへ記録する。,S3 Vector indexの設定に従い、正規化vectorにはcosineを初期値とし、magnitudeも意味を持つmodelではeuclideanを比較することを定める評価・採否規則の例外として、初期値・候補は対象datasetで再調整できるが、変更値、baseline、採用理由を同じresult tableへ残し、未比較の値を既定値として固定しない。,NOT_APPLICABLE,10.2.3 (docs/10.AWSで設計・実装する/10.2.Embeddingとvector indexを設定する.md:36); authoritative docs commit 52bebecfb2a435d0e7ff2efea557c5799674ded6 の本文を維持し、normative_criteriaとexceptionsを設計台帳へ固定する。,rag-guide-maintainers,,,,INCONCLUSIVE,NOT_APPLICABLE_UNPROVED,codex-primary-wave4,2026-08-15,codex-independent-wave4,2026-08-15,FINAL_TWO_REVIEWER_APPROVED
SENT-0153,52bebecfb2a435d0e7ff2efea557c5799674ded6,Knowledge BasesとS3 Vectorsを組み合わせる場合、custom metadataはvector当たり1 KB、35 keyまでです。,,NL_PROPOSITION(Knowledge BasesとS3 Vectorsを組み合わせる場合、custom metadataはvector当たり1 KB、35 keyまでです。),UNFORMALIZED,official_product_contract,UNCLASSIFIED,10.2.3 (docs/10.AWSで設計・実装する/10.2.Embeddingとvector indexを設定する.md:36); authoritative docs commit 52bebecfb2a435d0e7ff2efea557c5799674ded6,SRC-179,"https://docs.aws.amazon.com/AmazonS3/latest/userguide/s3-vectors-bedrock-kb.html, “Limitations” > “S3 Vectors size limits”",DEFINITION_OR_SPEC,s3_vectors=true;metadata_limit_1kb=true;metadata_key_limit_35=true,,,APPROPRIATE_SUPPORTED,AWS公式S3 Vectors–Bedrock Knowledge Bases統合のLimitationsに、non-filterable custom metadata 1 KB/vectorおよび最大35 metadata keysが明記されている。,NOT_APPLICABLE_NON_NORMATIVE,NOT_APPLICABLE_NON_NORMATIVE,OFFICIAL_SPEC,10.2.3 (docs/10.AWSで設計・実装する/10.2.Embeddingとvector indexを設定する.md:36); authoritative docs commit 52bebecfb2a435d0e7ff2efea557c5799674ded6 の本文を維持し、確定した一次資料locator・主張役割・外的真偽境界を台帳へ固定する。,rag-guide-maintainers,,,,INCONCLUSIVE,NOT_APPLICABLE_UNPROVED,codex-primary-wave4,2026-08-15,codex-independent-wave4,2026-08-15,FINAL_TWO_REVIEWER_APPROVED
SENT-0155,52bebecfb2a435d0e7ff2efea557c5799674ded6,Knowledge Basesへ既存indexを接続するときは、embeddingのdimensionとindexのdimensionが一致することを確認します。,,"IMP(AND(ATOM(external_knowledge=true), ATOM(bedrock_kb=true)), ATOM(dimension_contract=true))",IMPLIES,official_product_contract,UNCLASSIFIED,10.2.3 (docs/10.AWSで設計・実装する/10.2.Embeddingとvector indexを設定する.md:38); authoritative docs commit 52bebecfb2a435d0e7ff2efea557c5799674ded6,,,DEFINITION_OR_SPEC,,,,APPROPRIATE_NORMATIVE,Knowledge Basesへ既存indexを接続するときは、embeddingのdimensionとindexのdimensionが一致することを確認するという構成契約は、対象versionと実装の不一致を公開前に止めるための要件です。この規則に列挙したdimension、field名、metadata型をdeployment manifestと実index schemaで照合し、不一致構成が接続testで拒否されることを確認する。 適用境界では、対象service/APIが対象region/versionで非対応または仕様変更済みの場合はその構成を有効化せず、対応機能へ切り替えて同じintegration testを再実行する。 実際の接続結果と仕様変更時の切替条件を確認できるため、APPROPRIATE_NORMATIVEです。,Knowledge Basesへ既存indexを接続するときは、embeddingのdimensionとindexのdimensionが一致することを確認することを定める構成・設定規則について、この規則に列挙したdimension、field名、metadata型をdeployment manifestと実index schemaで照合し、不一致構成が接続testで拒否されることを確認する。,Knowledge Basesへ既存indexを接続するときは、embeddingのdimensionとindexのdimensionが一致することを確認することを定める構成・設定規則の例外として、対象service/APIが対象region/versionで非対応または仕様変更済みの場合はその構成を有効化せず、対応機能へ切り替えて同じintegration testを再実行する。,NOT_APPLICABLE,10.2.3 (docs/10.AWSで設計・実装する/10.2.Embeddingとvector indexを設定する.md:38); authoritative docs commit 52bebecfb2a435d0e7ff2efea557c5799674ded6 の本文を維持し、normative_criteriaとexceptionsを設計台帳へ固定する。,rag-guide-maintainers,,,,INCONCLUSIVE,NOT_APPLICABLE_UNPROVED,codex-primary-wave4,2026-08-15,codex-independent-wave4,2026-08-15,FINAL_TWO_REVIEWER_APPROVED
SENT-0156,52bebecfb2a435d0e7ff2efea557c5799674ded6,OpenSearch Serverlessを接続する場合は、vector field、filterableなtext field、filter対象のmetadata field、Bedrockが管理するmetadata fieldの名前も接続設定と同じmanifestへ記録します。,,"IMP(ATOM(opensearch=true), ATOM(bedrock_kb=true))",IMPLIES,official_product_contract,UNCLASSIFIED,10.2.3 (docs/10.AWSで設計・実装する/10.2.Embeddingとvector indexを設定する.md:38); authoritative docs commit 52bebecfb2a435d0e7ff2efea557c5799674ded6,,,DEFINITION_OR_SPEC,,,,APPROPRIATE_NORMATIVE,OpenSearch Serverlessを接続する場合は、vector field、filterableなtext field、filter対象のmetadata field、Bedrockが管理するmetadata fieldの名前も接続設定と同じmanifestへ記録するという追跡要件は、後続工程から入力と版へ戻るための局所契約です。この規則に列挙したdimension、field名、metadata型をdeployment manifestと実index schemaで照合し、不一致構成が接続testで拒否されることを確認する。 適用境界では、対象service/APIが対象region/versionで非対応または仕様変更済みの場合はその構成を有効化せず、対応機能へ切り替えて同じintegration testを再実行する。 逆引き可能性と保存上の例外を台帳で確かめられるため、APPROPRIATE_NORMATIVEです。,OpenSearch Serverlessを接続する場合は、vector field、filterableなtext field、filter対象のmetadata field、Bedrockが管理するmetadata fieldの名前も接続設定と同じmanifestへ記録することを定める追跡性・証跡管理規則について、この規則に列挙したdimension、field名、metadata型をdeployment manifestと実index schemaで照合し、不一致構成が接続testで拒否されることを確認する。,OpenSearch Serverlessを接続する場合は、vector field、filterableなtext field、filter対象のmetadata field、Bedrockが管理するmetadata fieldの名前も接続設定と同じmanifestへ記録することを定める追跡性・証跡管理規則の例外として、対象service/APIが対象region/versionで非対応または仕様変更済みの場合はその構成を有効化せず、対応機能へ切り替えて同じintegration testを再実行する。,NOT_APPLICABLE,10.2.3 (docs/10.AWSで設計・実装する/10.2.Embeddingとvector indexを設定する.md:38); authoritative docs commit 52bebecfb2a435d0e7ff2efea557c5799674ded6 の本文を維持し、normative_criteriaとexceptionsを設計台帳へ固定する。,rag-guide-maintainers,,,,INCONCLUSIVE,NOT_APPLICABLE_UNPROVED,codex-primary-wave4,2026-08-15,codex-independent-wave4,2026-08-15,FINAL_TWO_REVIEWER_APPROVED
SENT-0158,52bebecfb2a435d0e7ff2efea557c5799674ded6,標準経路は、S3 → Knowledge Bases data source sync → parser → chunking → embedding → vector storeです。,,"AND(AND(AND(ATOM(chunking=true), ATOM(external_knowledge=true)), ATOM(bedrock_kb=true)), ATOM(parsing=true))",AND,official_product_contract,UNCLASSIFIED,10.3.1 (docs/10.AWSで設計・実装する/10.3.取り込み経路を構成する.md:5); authoritative docs commit 52bebecfb2a435d0e7ff2efea557c5799674ded6,,,DEFINITION_OR_SPEC,,,,APPROPRIATE_NORMATIVE,標準経路は、S3 → Knowledge Bases data source sync → parser → chunking → embedding → vector storeであるという検索経路は、候補の収集・統合・選択を再現可能にするガイド内の決定です。この規則に示したservice経路を対象regionで一件ずつ実行し、各stageのrequest/response、artifact ID、failure responseを同じintegration traceへ保存する。 適用境界では、対象service/APIが対象region/versionで非対応または仕様変更済みの場合はその構成を有効化せず、対応機能へ切り替えて同じintegration testを再実行する。 検索結果の合格条件と別経路へ切り替える条件が検査できるため、APPROPRIATE_NORMATIVEです。,標準経路は、S3 → Knowledge Bases data source sync → parser → chunking → embedding → vector storeであることを定める検索・経路選択規則について、この規則に示したservice経路を対象regionで一件ずつ実行し、各stageのrequest/response、artifact ID、failure responseを同じintegration traceへ保存する。,標準経路は、S3 → Knowledge Bases data source sync → parser → chunking → embedding → vector storeであることを定める検索・経路選択規則の例外として、対象service/APIが対象region/versionで非対応または仕様変更済みの場合はその構成を有効化せず、対応機能へ切り替えて同じintegration testを再実行する。,NOT_APPLICABLE,10.3.1 (docs/10.AWSで設計・実装する/10.3.取り込み経路を構成する.md:5); authoritative docs commit 52bebecfb2a435d0e7ff2efea557c5799674ded6 の本文を維持し、normative_criteriaとexceptionsを設計台帳へ固定する。,rag-guide-maintainers,,,,INCONCLUSIVE,NOT_APPLICABLE_UNPROVED,codex-primary-wave4,2026-08-15,codex-independent-wave4,2026-08-15,FINAL_TWO_REVIEWER_APPROVED
SENT-0160,52bebecfb2a435d0e7ff2efea557c5799674ded6,表、図、複雑なlayoutを検索対象にする場合は、高度な文書解析のBedrock Data Automationまたはfoundation model parserを比較します。,,"IMP(ATOM(retrieval=true), AND(ATOM(bedrock_kb=true), ATOM(parsing=true)))",IMPLIES,externally_cited_claim,UNCLASSIFIED,10.3.1 (docs/10.AWSで設計・実装する/10.3.取り込み経路を構成する.md:5); authoritative docs commit 52bebecfb2a435d0e7ff2efea557c5799674ded6,,,DEFINITION_OR_SPEC,,,,APPROPRIATE_NORMATIVE,表、図、複雑なlayoutを検索対象にする場合は、高度な文書解析のBedrock Data Automationまたはfoundation model parserを比較するという採否判断は、比較対象と合格条件を実行結果で識別するために置きます。この規則に挙げたmodelまたはserviceを同一の日本語gold query、document version、candidate数で実行し、Recallとlatencyを比較して採否を記録する。 適用境界では、対象service/APIが対象region/versionで非対応または仕様変更済みの場合はその構成を有効化せず、対応機能へ切り替えて同じintegration testを再実行する。 同じ条件での比較と採用しない条件を両方記録できるため、APPROPRIATE_NORMATIVEです。,表、図、複雑なlayoutを検索対象にする場合は、高度な文書解析のBedrock Data Automationまたはfoundation model parserを比較することを定める評価・採否規則について、この規則に挙げたmodelまたはserviceを同一の日本語gold query、document version、candidate数で実行し、Recallとlatencyを比較して採否を記録する。,表、図、複雑なlayoutを検索対象にする場合は、高度な文書解析のBedrock Data Automationまたはfoundation model parserを比較することを定める評価・採否規則の例外として、対象service/APIが対象region/versionで非対応または仕様変更済みの場合はその構成を有効化せず、対応機能へ切り替えて同じintegration testを再実行する。,NOT_APPLICABLE,10.3.1 (docs/10.AWSで設計・実装する/10.3.取り込み経路を構成する.md:5); authoritative docs commit 52bebecfb2a435d0e7ff2efea557c5799674ded6 の本文を維持し、normative_criteriaとexceptionsを設計台帳へ固定する。,rag-guide-maintainers,,,,INCONCLUSIVE,NOT_APPLICABLE_UNPROVED,codex-primary-wave4,2026-08-15,codex-independent-wave4,2026-08-15,FINAL_TWO_REVIEWER_APPROVED
SENT-0163,52bebecfb2a435d0e7ff2efea557c5799674ded6,標準処理で出典位置や業務上の検索単位を保てない場合は、custom transformation Lambdaでchunkとmetadataを返します。,,NOT(ATOM(retrieval=true)),NOT,externally_cited_claim,UNCLASSIFIED,10.3.1 (docs/10.AWSで設計・実装する/10.3.取り込み経路を構成する.md:7); authoritative docs commit 52bebecfb2a435d0e7ff2efea557c5799674ded6,,,DEFINITION_OR_SPEC,,,,APPROPRIATE_NORMATIVE,標準処理で出典位置や業務上の検索単位を保てない場合は、custom transformation Lambdaでchunkとmetadataを返すという追跡要件は、後続工程から入力と版へ戻るための局所契約です。標準処理で出典位置または業務上の検索単位を保持できない文書形式だけを対象にし、custom transformation Lambdaの出力chunkがsource URI、page/section locator、業務単位IDをすべて持つことをfixtureで確認する。 さらに、標準処理が同じlocatorと検索単位を欠損なく返せる文書形式にはcustom transformation Lambdaを適用しない。 この扱いを例外として記録します。 逆引き可能性と保存上の例外を台帳で確かめられるため、APPROPRIATE_NORMATIVEです。,標準処理で出典位置または業務上の検索単位を保持できない文書形式だけを対象にし、custom transformation Lambdaの出力chunkがsource URI、page/section locator、業務単位IDをすべて持つことをfixtureで確認する。,標準処理が同じlocatorと検索単位を欠損なく返せる文書形式にはcustom transformation Lambdaを適用しない。,NOT_APPLICABLE,10.3.1 (docs/10.AWSで設計・実装する/10.3.取り込み経路を構成する.md:7); authoritative docs commit 52bebecfb2a435d0e7ff2efea557c5799674ded6 の本文を維持し、normative_criteriaとexceptionsを設計台帳へ固定する。,rag-guide-maintainers,,,,INCONCLUSIVE,NOT_APPLICABLE_UNPROVED,codex-primary-wave4,2026-08-15,codex-independent-wave4,2026-08-15,FINAL_TWO_REVIEWER_APPROVED
SENT-0164,52bebecfb2a435d0e7ff2efea557c5799674ded6,Knowledge Basesのchunkingでは、default、fixed-size、hierarchical、semantic、no chunkingを選べます。,Knowledge Basesのchunking方式はdefault、fixed-size、hierarchical、semantic、no chunkingを候補集合とし、選択した方式をdata source単位で固定します。,"AND(AND(AND(ATOM(chunking=true), ATOM(external_knowledge=true)), ATOM(fault_tolerance=true)), ATOM(bedrock_kb=true))",AND,externally_cited_claim,UNCLASSIFIED,10.3.2 (docs/10.AWSで設計・実装する/10.3.取り込み経路を構成する.md:11); authoritative docs commit 52bebecfb2a435d0e7ff2efea557c5799674ded6,,,DEFINITION_OR_SPEC,,,,APPROPRIATE_NORMATIVE,chunking方式はdata sourceごとに方式名、parameter、parser、再同期条件を保存し、同じ文書からchunk生成を再現できることを要求します。利用時点で非対応の方式は候補から外し、独自chunkはno chunking経路として別試験するため、選択肢を固定仕様と誤認させないAPPROPRIATE_NORMATIVEです。,data sourceごとに方式名、parameter、parser、再同期条件をmanifestへ記録し、対象文書でchunk生成を再現できること。,利用時点のcontractで非対応の方式は候補から外し、独自chunkを投入する場合はno chunking経路を別試験する。,NOT_APPLICABLE,10.3.2 (docs/10.AWSで設計・実装する/10.3.取り込み経路を構成する.md:11); authoritative docs commit 52bebecfb2a435d0e7ff2efea557c5799674ded6 の現文を次の文へ置換する: Knowledge Basesのchunking方式はdefault、fixed-size、hierarchical、semantic、no chunkingを候補集合とし、選択した方式をdata source単位で固定します。 再抽出した文面と分類を照合する。,rag-guide-maintainers,,,,INCONCLUSIVE,NOT_APPLICABLE_UNPROVED,codex-primary-wave4,2026-08-15,codex-independent-wave4,2026-08-15,FINAL_TWO_REVIEWER_APPROVED
SENT-0166,52bebecfb2a435d0e7ff2efea557c5799674ded6,overlapは0%と10%程度を比較し、境界をまたぐ正解根拠のRecallと重複率で選びます。,,"AND(ATOM(evidence_support=true), ATOM(recall_metric=true))",AND,empirical_or_research_claim,UNCLASSIFIED,10.3.2 (docs/10.AWSで設計・実装する/10.3.取り込み経路を構成する.md:11); authoritative docs commit 52bebecfb2a435d0e7ff2efea557c5799674ded6,,,DEFINITION_OR_SPEC,,,,APPROPRIATE_NORMATIVE,overlapは0%と10%程度を比較し、境界をまたぐ正解根拠のRecallと重複率で選ぶという採否判断は、比較対象と合格条件を実行結果で識別するために置きます。本文に列挙した対象・条件・指標を個別fieldへ保存し、同一runの実装結果または評価結果と一致することを確認する。 さらに、判定に必要なgold evidenceがないslice、標本不足のslice、負荷条件が異なるrunは合否集計から分離し、他sliceの平均結果を外挿しない。 この扱いを例外として記録します。 同じ条件での比較と採用しない条件を両方記録できるため、APPROPRIATE_NORMATIVEです。,overlapは0%と10%程度を比較し、境界をまたぐ正解根拠のRecallと重複率で選ぶことを定める評価・採否規則について、本文に列挙した対象・条件・指標を個別fieldへ保存し、同一runの実装結果または評価結果と一致することを確認する。,overlapは0%と10%程度を比較し、境界をまたぐ正解根拠のRecallと重複率で選ぶことを定める評価・採否規則の例外として、判定に必要なgold evidenceがないslice、標本不足のslice、負荷条件が異なるrunは合否集計から分離し、他sliceの平均結果を外挿しない。,NOT_APPLICABLE,10.3.2 (docs/10.AWSで設計・実装する/10.3.取り込み経路を構成する.md:11); authoritative docs commit 52bebecfb2a435d0e7ff2efea557c5799674ded6 の本文を維持し、normative_criteriaとexceptionsを設計台帳へ固定する。,rag-guide-maintainers,,,,INCONCLUSIVE,NOT_APPLICABLE_UNPROVED,codex-primary-wave4,2026-08-15,codex-independent-wave4,2026-08-15,FINAL_TWO_REVIEWER_APPROVED
SENT-0171,52bebecfb2a435d0e7ff2efea557c5799674ded6,親子関係はmetadataを増やすため、S3 Vectorsでは1 KBのcustom metadata上限を超えないことを先に確認します。,,NOT(ATOM(s3_vectors=true)),NOT,official_product_contract,UNCLASSIFIED,10.3.2 (docs/10.AWSで設計・実装する/10.3.取り込み経路を構成する.md:15); authoritative docs commit 52bebecfb2a435d0e7ff2efea557c5799674ded6,,,DEFINITION_OR_SPEC,,,,APPROPRIATE_NORMATIVE,親子関係はmetadataを増やすため、S3 Vectorsでは1 KBのcustom metadata上限を超えないことを先に確認するという運用要件は、実行時の判断を担当者ごとにぶらさないためのローカル規則です。この規則に列挙したdimension、field名、metadata型をdeployment manifestと実index schemaで照合し、不一致構成が接続testで拒否されることを確認する。 適用境界では、対象service/APIが対象region/versionで非対応または仕様変更済みの場合はその構成を有効化せず、対応機能へ切り替えて同じintegration testを再実行する。 実装結果と例外発生時の扱いを個別に検査できるため、APPROPRIATE_NORMATIVEです。,親子関係はmetadataを増やすため、S3 Vectorsでは1 KBのcustom metadata上限を超えないことを先に確認することを定める運用規則について、この規則に列挙したdimension、field名、metadata型をdeployment manifestと実index schemaで照合し、不一致構成が接続testで拒否されることを確認する。,親子関係はmetadataを増やすため、S3 Vectorsでは1 KBのcustom metadata上限を超えないことを先に確認することを定める運用規則の例外として、対象service/APIが対象region/versionで非対応または仕様変更済みの場合はその構成を有効化せず、対応機能へ切り替えて同じintegration testを再実行する。,NOT_APPLICABLE,10.3.2 (docs/10.AWSで設計・実装する/10.3.取り込み経路を構成する.md:15); authoritative docs commit 52bebecfb2a435d0e7ff2efea557c5799674ded6 の本文を維持し、normative_criteriaとexceptionsを設計台帳へ固定する。,rag-guide-maintainers,,,,INCONCLUSIVE,NOT_APPLICABLE_UNPROVED,codex-primary-wave4,2026-08-15,codex-independent-wave4,2026-08-15,FINAL_TWO_REVIEWER_APPROVED
SENT-0177,52bebecfb2a435d0e7ff2efea557c5799674ded6,対象document数、生成chunk数、parse失敗、metadata欠損、削除反映、固定queryのRecallを記録し、[Publish前ゲート](../3.回答に使う資料を準備する/3.8.Publish前ゲート.md)と[Pre-retrieval・Batch評価](../7.品質を評価し改善する/7.3.Pre-retrieval・Batch評価.md)の基準を満たしたindexだけを検索先にします。,,"AND(AND(AND(AND(AND(ATOM(retrieval=true), ATOM(generation=true)), ATOM(evaluation=true)), ATOM(recall_metric=true)), ATOM(parsing=true)), ATOM(empirical_result=true))",AND,empirical_or_research_claim,UNCLASSIFIED,10.3.3 (docs/10.AWSで設計・実装する/10.3.取り込み経路を構成する.md:21); authoritative docs commit 52bebecfb2a435d0e7ff2efea557c5799674ded6,,,DEFINITION_OR_SPEC,,,,APPROPRIATE_NORMATIVE,対象document数、生成chunk数、parse失敗、metadata欠損、削除反映、固定queryのRecallを記録し、[Publish前ゲート](../3.回答に使う資料を準備する/3.8.Publish前ゲート.md)と[Pre-retrieval・Batch評価](../7.品質を評価し改善する/7.3.Pre-retrieval・Batch評価.md)の基準を満たしたindexだけを検索先にするという採否判断は、比較対象と合格条件を実行結果で識別するために置きます。当該規則で列挙した記録項目を同じrun IDへ保存し、各項目が欠損せず、変更前後の差分をquestionまたはdocument単位で逆引きできることを確認する。 さらに、当該規則を評価するgold evidenceがないslice、標本不足のslice、負荷条件が異なるrunは合否集計から分離し、他sliceの平均結果を外挿しない。 この扱いを例外として記録します。 同じ条件での比較と採用しない条件を両方記録できるため、APPROPRIATE_NORMATIVEです。,index候補ごとに対象document数、生成chunk数、parse失敗数、metadata欠損数、削除反映件数、固定queryのRecallを同じrun IDへ記録し、Publish前ゲートとPre-retrieval・Batch評価の双方を通過したindexだけを検索先に設定する。,gold evidenceが不足するquery sliceまたは必要標本数に達しないrunは合否集計から分離し、評価不能な項目を他sliceの平均値で補わず、検索先への切替を保留する。,NOT_APPLICABLE,10.3.3 (docs/10.AWSで設計・実装する/10.3.取り込み経路を構成する.md:21); authoritative docs commit 52bebecfb2a435d0e7ff2efea557c5799674ded6 の本文を維持し、normative_criteriaとexceptionsを設計台帳へ固定する。,rag-guide-maintainers,,,,INCONCLUSIVE,NOT_APPLICABLE_UNPROVED,codex-primary-wave4,2026-08-15,codex-independent-wave4,2026-08-15,FINAL_TWO_REVIEWER_APPROVED
SENT-0185,52bebecfb2a435d0e7ff2efea557c5799674ded6,AWSのユーザーガイドでは、filterableなtext fieldを持つ対応構成としてAmazon OpenSearch Serverless、Amazon Aurora PostgreSQL、MongoDB Atlasが案内されています。,filterable text fieldを使うKnowledge Bases構成では、OpenSearch Serverless、Aurora PostgreSQL、MongoDB Atlasを候補表へ分けて登録し、実装するstoreだけを接続試験します。,"AND(AND(ATOM(opensearch=true), ATOM(aurora_pg=true)), ATOM(mongodb_atlas=true))",AND,official_product_contract,UNCLASSIFIED,10.4.1 (docs/10.AWSで設計・実装する/10.4.検索経路を構成する.md:9); authoritative docs commit 52bebecfb2a435d0e7ff2efea557c5799674ded6,,,DEFINITION_OR_SPEC,,,,APPROPRIATE_NORMATIVE,filterable text fieldを使うstoreは候補表でregion、engine version、field mapping、operator、hybrid modeを分け、採用する候補だけにfilter queryの成功を要求します。field要件を満たさないstoreを別retrieverへ切り替える停止条件が明確なので、候補列挙を製品保証にしないAPPROPRIATE_NORMATIVEです。,候補ごとにregion、engine/version、field mapping、filter operator、hybrid modeを記録し、採用候補でfilter queryを成功させる。,公式contractまたは実行結果がfield要件を満たさないstoreは候補表から除外し、別storeまたは別retrieverへ切り替える。,NOT_APPLICABLE,10.4.1 (docs/10.AWSで設計・実装する/10.4.検索経路を構成する.md:9); authoritative docs commit 52bebecfb2a435d0e7ff2efea557c5799674ded6 の現文を次の文へ置換する: filterable text fieldを使うKnowledge Bases構成では、OpenSearch Serverless、Aurora PostgreSQL、MongoDB Atlasを候補表へ分けて登録し、実装するstoreだけを接続試験します。 再抽出した文面と分類を照合する。,rag-guide-maintainers,,,,INCONCLUSIVE,NOT_APPLICABLE_UNPROVED,codex-primary-wave4,2026-08-15,codex-independent-wave4,2026-08-15,FINAL_TWO_REVIEWER_APPROVED
SENT-0186,52bebecfb2a435d0e7ff2efea557c5799674ded6,一方、KnowledgeBaseVectorSearchConfiguration APIにはOpenSearch Serverlessだけを挙げる記述が残る場合があります。,一方、KnowledgeBaseVectorSearchConfiguration APIにはOpenSearch Serverlessだけを挙げる記述が残る差異を想定し、実装時は採用するAPIの公式仕様と実行結果を一致させます。,NL_PROPOSITION(一方、KnowledgeBaseVectorSearchConfiguration APIにはOpenSearch Serverlessだけを挙げる記述が残る場合があります。),UNFORMALIZED,externally_cited_claim,UNCLASSIFIED,10.4.1 (docs/10.AWSで設計・実装する/10.4.検索経路を構成する.md:9); authoritative docs commit 52bebecfb2a435d0e7ff2efea557c5799674ded6,SRC-187,SRC-187 https://docs.aws.amazon.com/bedrock/latest/APIReference/API_KnowledgeBaseVectorSearchConfiguration.html — official_spec_page inspected 2026-08-15; 現主張への直接locatorは未確定,AUTHOR_CLAIM,NONE_DIRECTLY_VERIFIED,UNFORMALIZED_NATURAL_LANGUAGE_CLAIM,UNFORMALIZED,REWRITE_REQUIRED,docs.aws.amazon.comの公式仕様ページへの参照は台帳にありますが、原文の未形式化主張について未形式化の関係まで同時に再特定できる直接箇所が確定していません。資料の帰属範囲を一方、KnowledgeBaseVectorSearchConfiguration APIにはOpenSearch Serverlessだけを挙げる記述が残る差異を想定し、実装時は採用するAPIの公式仕様と実行結果を一致させるという限定まで狭め、候補URLの存在だけで機序や結果を補わない文へ変更します。 修正文にある主体と操作対象は保ちつつ、直接根拠を越える未形式化の関係を落とす差分なので、REWRITE_REQUIREDと判定します。,NOT_APPLICABLE_NON_NORMATIVE,NOT_APPLICABLE_NON_NORMATIVE,UNVERIFIED,10.4.1 (docs/10.AWSで設計・実装する/10.4.検索経路を構成する.md:9); authoritative docs commit 52bebecfb2a435d0e7ff2efea557c5799674ded6 の現文を次の文へ置換する: 一方、KnowledgeBaseVectorSearchConfiguration APIにはOpenSearch Serverlessだけを挙げる記述が残る差異を想定し、実装時は採用するAPIの公式仕様と実行結果を一致させます。 再抽出した文面と分類を照合する。,rag-guide-maintainers,,,,INCONCLUSIVE,NOT_APPLICABLE_UNPROVED,codex-primary-wave4,2026-08-15,codex-independent-wave4,2026-08-15,FINAL_TWO_REVIEWER_APPROVED
SENT-0189,52bebecfb2a435d0e7ff2efea557c5799674ded6,S3 Vectorsなど疎検索を提供しないstoreではSEMANTICを使います。,,"NOT(AND(AND(ATOM(sparse=true), ATOM(retrieval=true)), ATOM(s3_vectors=true)))",NOT,official_product_contract,UNCLASSIFIED,10.4.1 (docs/10.AWSで設計・実装する/10.4.検索経路を構成する.md:9); authoritative docs commit 52bebecfb2a435d0e7ff2efea557c5799674ded6,,,DEFINITION_OR_SPEC,,,,APPROPRIATE_NORMATIVE,S3 Vectorsなど疎検索を提供しないstoreではSEMANTICを使うという構成契約は、対象versionと実装の不一致を公開前に止めるための要件です。S3 Vectors接続でsparse capabilityが無いfixtureにSEMANTICを設定し、検索requestが成功することとHYBRIDを送らないことをintegration traceで確認します。 適用境界では、対象storeが後のversionでsparseまたはhybrid retrievalへ対応した場合は、regionとAPI versionを固定した別構成として比較し、SEMANTIC構成を黙って置換しません。 実際の接続結果と仕様変更時の切替条件を確認できるため、APPROPRIATE_NORMATIVEです。,S3 Vectorsなど疎検索を提供しないstoreではSEMANTICを使います。 S3 Vectors接続でsparse capabilityが無いfixtureにSEMANTICを設定し、検索requestが成功することとHYBRIDを送らないことをintegration traceで確認します。,S3 Vectorsなど疎検索を提供しないstoreではSEMANTICを使います。 対象storeが後のversionでsparseまたはhybrid retrievalへ対応した場合は、regionとAPI versionを固定した別構成として比較し、SEMANTIC構成を黙って置換しません。,NOT_APPLICABLE,10.4.1 (docs/10.AWSで設計・実装する/10.4.検索経路を構成する.md:9); authoritative docs commit 52bebecfb2a435d0e7ff2efea557c5799674ded6 の本文を維持し、normative_criteriaとexceptionsを設計台帳へ固定する。,rag-guide-maintainers,,,,INCONCLUSIVE,NOT_APPLICABLE_UNPROVED,codex-primary-wave4,2026-08-15,codex-independent-wave4,2026-08-15,FINAL_TWO_REVIEWER_APPROVED
SENT-0190,52bebecfb2a435d0e7ff2efea557c5799674ded6,OpenSearch ServerlessでHYBRIDを使うindexは、vector engineをfaissとし、embedding modelと同じdimensionのvector field、元のchunkを格納するfilterableなtext field、filter対象のmetadata field、Bedrockが管理するmetadata fieldを作成します。,OpenSearch ServerlessでHYBRIDを使う場合は、利用時点のKnowledge Bases公式仕様で対応を確認し、faiss engine、埋め込みモデルと同じ次元のvector field、filterableな本文field、filter対象metadata field、Bedrock管理metadata fieldをmanifestへ固定します。,"AND(AND(AND(ATOM(bedrock_kb=true), ATOM(opensearch=true)), ATOM(embedding_model=true)), ATOM(dimension_contract=true))",AND,concrete_technology_claim,UNCLASSIFIED,10.4.1 (docs/10.AWSで設計・実装する/10.4.検索経路を構成する.md:11); authoritative docs commit 52bebecfb2a435d0e7ff2efea557c5799674ded6,,,DEFINITION_OR_SPEC,,,,APPROPRIATE_NORMATIVE,OpenSearch ServerlessでHYBRIDを使う場合は、利用時点のKnowledge Bases公式仕様で対応を確認し、faiss engine、埋め込みモデルと同じ次元のvector field、filterableな本文field、filter対象metadata field、Bedrock管理metadata fieldをmanifestへ固定するという運用要件は、実行時の判断を担当者ごとにぶらさないためのローカル規則です。この規則に列挙したdimension、field名、metadata型をdeployment manifestと実index schemaで照合し、不一致構成が接続testで拒否されることを確認する。 適用境界では、対象service/APIが対象region/versionで非対応または仕様変更済みの場合はその構成を有効化せず、対応機能へ切り替えて同じintegration testを再実行する。 実装結果と例外発生時の扱いを個別に検査できるため、APPROPRIATE_NORMATIVEです。,OpenSearch ServerlessでHYBRIDを使う場合は、利用時点のKnowledge Bases公式仕様で対応を確認し、faiss engine、埋め込みモデルと同じ次元のvector field、filterableな本文field、filter対象metadata field、Bedrock管理metadata fieldをmanifestへ固定することを定める運用規則について、この規則に列挙したdimension、field名、metadata型をdeployment manifestと実index schemaで照合し、不一致構成が接続testで拒否されることを確認する。,OpenSearch ServerlessでHYBRIDを使う場合は、利用時点のKnowledge Bases公式仕様で対応を確認し、faiss engine、埋め込みモデルと同じ次元のvector field、filterableな本文field、filter対象metadata field、Bedrock管理metadata fieldをmanifestへ固定することを定める運用規則の例外として、対象service/APIが対象region/versionで非対応または仕様変更済みの場合はその構成を有効化せず、対応機能へ切り替えて同じintegration testを再実行する。,NOT_APPLICABLE,10.4.1 (docs/10.AWSで設計・実装する/10.4.検索経路を構成する.md:11); authoritative docs commit 52bebecfb2a435d0e7ff2efea557c5799674ded6 の現文を次の文へ置換する: OpenSearch ServerlessでHYBRIDを使う場合は、利用時点のKnowledge Bases公式仕様で対応を確認し、faiss engine、埋め込みモデルと同じ次元のvector field、filterableな本文field、filter対象metadata field、Bedrock管理metadata fieldをmanifestへ固定します。 再抽出した文面と分類を照合する。,rag-guide-maintainers,,,,INCONCLUSIVE,NOT_APPLICABLE_UNPROVED,codex-primary-wave4,2026-08-15,codex-independent-wave4,2026-08-15,FINAL_TWO_REVIEWER_APPROVED
SENT-0197,52bebecfb2a435d0e7ff2efea557c5799674ded6,S3 Vectorsはdense vectorによるsemantic searchとmetadata filterを提供し、BM25などのsparse searchは提供しません。,Bedrock Knowledge BasesでS3 Vectorsを使う構成はsemantic searchとmetadata filterに対応し、hybrid searchには対応しません。,"NOT(AND(AND(AND(AND(ATOM(sparse=true), ATOM(dense=true)), ATOM(s3_vectors=true)), ATOM(metadata_filter=true)), ATOM(parsing=true)))",NOT,concrete_technology_claim,UNCLASSIFIED,10.4.2 (docs/10.AWSで設計・実装する/10.4.検索経路を構成する.md:38); authoritative docs commit 52bebecfb2a435d0e7ff2efea557c5799674ded6,SRC-179;SRC-189,"https://docs.aws.amazon.com/AmazonS3/latest/userguide/s3-vectors-bedrock-kb.html, “Limitations” > “Semantic search only”; https://docs.aws.amazon.com/AmazonS3/latest/userguide/s3-vectors-query.html, “Querying vectors”; https://docs.aws.amazon.com/AmazonS3/latest/userguide/s3-vectors-metadata-filtering.html, “Metadata filtering”",DEFINITION_OR_SPEC,s3_vectors=true;dense=true;metadata_filter=true;semantic_only=true,,,APPROPRIATE_AFTER_QUALIFICATION,Gold標本の二者校正で確定。独立案はS3 Vectors単体でBM25/sparse非提供まで支持されたとしたが、公式に直接確認できる否定はBedrock Knowledge Bases統合のhybrid search非対応である。主案の限定文を採用。,NOT_APPLICABLE_NON_NORMATIVE,NOT_APPLICABLE_NON_NORMATIVE,OFFICIAL_SPEC,10.4.2 (docs/10.AWSで設計・実装する/10.4.検索経路を構成する.md:38); authoritative docs commit 52bebecfb2a435d0e7ff2efea557c5799674ded6 の現文を次の文へ置換する: Bedrock Knowledge BasesでS3 Vectorsを使う構成はsemantic searchとmetadata filterに対応し、hybrid searchには対応しません。 再抽出した文面と分類を照合する。,rag-guide-maintainers,,,,INCONCLUSIVE,NOT_APPLICABLE_UNPROVED,codex-primary-wave4,2026-08-15,codex-independent-wave4,2026-08-15,FINAL_TWO_REVIEWER_APPROVED
SENT-0198,52bebecfb2a435d0e7ff2efea557c5799674ded6,固有名詞や識別子の取りこぼしがある場合は、S3 VectorsへHYBRID指定を送るのではなく、次のいずれかを選びます。,,NL_PROPOSITION(固有名詞や識別子の取りこぼしがある場合は、S3 VectorsへHYBRID指定を送るのではなく、次のいずれかを選びます。),UNFORMALIZED,official_product_contract,UNCLASSIFIED,10.4.2 (docs/10.AWSで設計・実装する/10.4.検索経路を構成する.md:38); authoritative docs commit 52bebecfb2a435d0e7ff2efea557c5799674ded6,,,DEFINITION_OR_SPEC,,,,APPROPRIATE_NORMATIVE,固有名詞や識別子の取りこぼしがある場合は、S3 VectorsへHYBRID指定を送るのではなく、次のいずれかを選ぶという運用要件は、実行時の判断を担当者ごとにぶらさないためのローカル規則です。この規則に含まれるservice、API、operator、region、versionをmanifestへ固定し、公式仕様の該当headingと実requestの成功・非対応errorが一致することを確認する。 適用境界では、対象service/APIが対象region/versionで非対応または仕様変更済みの場合はその構成を有効化せず、対応機能へ切り替えて同じintegration testを再実行する。 実装結果と例外発生時の扱いを個別に検査できるため、APPROPRIATE_NORMATIVEです。,固有名詞や識別子の取りこぼしがある場合は、S3 VectorsへHYBRID指定を送るのではなく、次のいずれかを選ぶことを定めるローカル設計規則について、この規則に含まれるservice、API、operator、region、versionをmanifestへ固定し、公式仕様の該当headingと実requestの成功・非対応errorが一致することを確認する。,固有名詞や識別子の取りこぼしがある場合は、S3 VectorsへHYBRID指定を送るのではなく、次のいずれかを選ぶことを定めるローカル設計規則の例外として、対象service/APIが対象region/versionで非対応または仕様変更済みの場合はその構成を有効化せず、対応機能へ切り替えて同じintegration testを再実行する。,NOT_APPLICABLE,10.4.2 (docs/10.AWSで設計・実装する/10.4.検索経路を構成する.md:38); authoritative docs commit 52bebecfb2a435d0e7ff2efea557c5799674ded6 の本文を維持し、normative_criteriaとexceptionsを設計台帳へ固定する。,rag-guide-maintainers,,,,INCONCLUSIVE,NOT_APPLICABLE_UNPROVED,codex-primary-wave4,2026-08-15,codex-independent-wave4,2026-08-15,FINAL_TWO_REVIEWER_APPROVED
SENT-0199,52bebecfb2a435d0e7ff2efea557c5799674ded6,vector storeをOpenSearch Serverlessなど、Knowledge BasesのHYBRIDへ対応するstoreへ変更します。,,"AND(AND(ATOM(external_knowledge=true), ATOM(bedrock_kb=true)), ATOM(opensearch=true))",AND,official_product_contract,UNCLASSIFIED,10.4.2 (docs/10.AWSで設計・実装する/10.4.検索経路を構成する.md:40); authoritative docs commit 52bebecfb2a435d0e7ff2efea557c5799674ded6,,,DEFINITION_OR_SPEC,,,,APPROPRIATE_NORMATIVE,vector storeをOpenSearch Serverlessなど、Knowledge BasesのHYBRIDへ対応するstoreへ変更するという構成契約は、対象versionと実装の不一致を公開前に止めるための要件です。この規則に含まれるservice、API、operator、region、versionをmanifestへ固定し、公式仕様の該当headingと実requestの成功・非対応errorが一致することを確認する。 適用境界では、対象service/APIが対象region/versionで非対応または仕様変更済みの場合はその構成を有効化せず、対応機能へ切り替えて同じintegration testを再実行する。 実際の接続結果と仕様変更時の切替条件を確認できるため、APPROPRIATE_NORMATIVEです。,vector storeをOpenSearch Serverlessなど、Knowledge BasesのHYBRIDへ対応するstoreへ変更することを定める構成・設定規則について、この規則に含まれるservice、API、operator、region、versionをmanifestへ固定し、公式仕様の該当headingと実requestの成功・非対応errorが一致することを確認する。,vector storeをOpenSearch Serverlessなど、Knowledge BasesのHYBRIDへ対応するstoreへ変更することを定める構成・設定規則の例外として、対象service/APIが対象region/versionで非対応または仕様変更済みの場合はその構成を有効化せず、対応機能へ切り替えて同じintegration testを再実行する。,NOT_APPLICABLE,10.4.2 (docs/10.AWSで設計・実装する/10.4.検索経路を構成する.md:40); authoritative docs commit 52bebecfb2a435d0e7ff2efea557c5799674ded6 の本文を維持し、normative_criteriaとexceptionsを設計台帳へ固定する。,rag-guide-maintainers,,,,INCONCLUSIVE,NOT_APPLICABLE_UNPROVED,codex-primary-wave4,2026-08-15,codex-independent-wave4,2026-08-15,FINAL_TWO_REVIEWER_APPROVED
SENT-0200,52bebecfb2a435d0e7ff2efea557c5799674ded6,S3 Vectorsのsemantic結果とOpenSearchのBM25結果を別々に取得し、LambdaでRRFを適用します。,,"AND(AND(AND(ATOM(retrieval=true), ATOM(s3_vectors=true)), ATOM(opensearch=true)), ATOM(empirical_result=true))",AND,concrete_technology_claim,UNCLASSIFIED,10.4.2 (docs/10.AWSで設計・実装する/10.4.検索経路を構成する.md:41); authoritative docs commit 52bebecfb2a435d0e7ff2efea557c5799674ded6,,,DEFINITION_OR_SPEC,,,,APPROPRIATE_NORMATIVE,S3 Vectorsのsemantic結果とOpenSearchのBM25結果を別々に取得し、LambdaでRRFを適用するという検索経路は、候補の収集・統合・選択を再現可能にするガイド内の決定です。この規則に含まれるservice、API、operator、region、versionをmanifestへ固定し、公式仕様の該当headingと実requestの成功・非対応errorが一致することを確認する。 適用境界では、対象service/APIが対象region/versionで非対応または仕様変更済みの場合はその構成を有効化せず、対応機能へ切り替えて同じintegration testを再実行する。 検索結果の合格条件と別経路へ切り替える条件が検査できるため、APPROPRIATE_NORMATIVEです。,S3 Vectorsのsemantic結果とOpenSearchのBM25結果を別々に取得し、LambdaでRRFを適用することを定める検索・経路選択規則について、この規則に含まれるservice、API、operator、region、versionをmanifestへ固定し、公式仕様の該当headingと実requestの成功・非対応errorが一致することを確認する。,S3 Vectorsのsemantic結果とOpenSearchのBM25結果を別々に取得し、LambdaでRRFを適用することを定める検索・経路選択規則の例外として、対象service/APIが対象region/versionで非対応または仕様変更済みの場合はその構成を有効化せず、対応機能へ切り替えて同じintegration testを再実行する。,NOT_APPLICABLE,10.4.2 (docs/10.AWSで設計・実装する/10.4.検索経路を構成する.md:41); authoritative docs commit 52bebecfb2a435d0e7ff2efea557c5799674ded6 の本文を維持し、normative_criteriaとexceptionsを設計台帳へ固定する。,rag-guide-maintainers,,,,INCONCLUSIVE,NOT_APPLICABLE_UNPROVED,codex-primary-wave4,2026-08-15,codex-independent-wave4,2026-08-15,FINAL_TWO_REVIEWER_APPROVED
SENT-0201,52bebecfb2a435d0e7ff2efea557c5799674ded6,sparse結果とdense結果をまとめてBedrock rerankerへ渡します。,,"AND(AND(AND(AND(AND(ATOM(sparse=true), ATOM(dense=true)), ATOM(rerank=true)), ATOM(bedrock_kb=true)), ATOM(parsing=true)), ATOM(empirical_result=true))",AND,official_product_contract,UNCLASSIFIED,10.4.2 (docs/10.AWSで設計・実装する/10.4.検索経路を構成する.md:42); authoritative docs commit 52bebecfb2a435d0e7ff2efea557c5799674ded6,,,DEFINITION_OR_SPEC,,,,APPROPRIATE_NORMATIVE,sparse結果とdense結果をまとめてBedrock rerankerへ渡すという検索経路は、候補の収集・統合・選択を再現可能にするガイド内の決定です。sparse候補とdense候補を同じchunk IDへ正規化してからBedrock reranker requestへ含め、双方の発見元がtraceに残ることを確認します。 適用境界では、一方のretrieverがtimeoutまたはzero resultになった場合は片系結果で継続できますが、partial resultであることをrerank traceへ記録します。 検索結果の合格条件と別経路へ切り替える条件が検査できるため、APPROPRIATE_NORMATIVEです。,sparse結果とdense結果をまとめてBedrock rerankerへ渡します。 sparse候補とdense候補を同じchunk IDへ正規化してからBedrock reranker requestへ含め、双方の発見元がtraceに残ることを確認します。,sparse結果とdense結果をまとめてBedrock rerankerへ渡します。 一方のretrieverがtimeoutまたはzero resultになった場合は片系結果で継続できますが、partial resultであることをrerank traceへ記録します。,NOT_APPLICABLE,10.4.2 (docs/10.AWSで設計・実装する/10.4.検索経路を構成する.md:42); authoritative docs commit 52bebecfb2a435d0e7ff2efea557c5799674ded6 の本文を維持し、normative_criteriaとexceptionsを設計台帳へ固定する。,rag-guide-maintainers,,,,INCONCLUSIVE,NOT_APPLICABLE_UNPROVED,codex-primary-wave4,2026-08-15,codex-independent-wave4,2026-08-15,FINAL_TWO_REVIEWER_APPROVED
SENT-0203,52bebecfb2a435d0e7ff2efea557c5799674ded6,複数検索器のscoreは尺度が異なるため直接加算しません。,複数検索器のscoreは尺度が異なるため直接加算せず、正規化、順位統合、または再順位付けのいずれかを事前に定めて用います。,NOT(ATOM(retrieval=true)),NOT,general_technical_claim,UNCLASSIFIED,10.4.2 (docs/10.AWSで設計・実装する/10.4.検索経路を構成する.md:45); authoritative docs commit 52bebecfb2a435d0e7ff2efea557c5799674ded6,,,DEFINITION_OR_SPEC,,,,APPROPRIATE_NORMATIVE,複数検索器のscoreは尺度が異なるため直接加算せず、正規化、順位統合、または再順位付けのいずれかを事前に定めて用いるという検索経路は、候補の収集・統合・選択を再現可能にするガイド内の決定です。この規則の統合規則をversion管理し、複数retrieverが返す既知rank listから期待するcandidate順序を再現し、生scoreの無条件加算や重複candidateが発生しないことを確認する。 さらに、この規則と異なる統合方式はcalibration済みscoreまたは別rerankerとしてversion管理できるが、未調整の異尺度scoreを黙って直接加算しない。 この扱いを例外として記録します。 検索結果の合格条件と別経路へ切り替える条件が検査できるため、APPROPRIATE_NORMATIVEです。,複数検索器のscoreは尺度が異なるため直接加算せず、正規化、順位統合、または再順位付けのいずれかを事前に定めて用いることを定める検索・経路選択規則について、この規則の統合規則をversion管理し、複数retrieverが返す既知rank listから期待するcandidate順序を再現し、生scoreの無条件加算や重複candidateが発生しないことを確認する。,複数検索器のscoreは尺度が異なるため直接加算せず、正規化、順位統合、または再順位付けのいずれかを事前に定めて用いることを定める検索・経路選択規則の例外として、この規則と異なる統合方式はcalibration済みscoreまたは別rerankerとしてversion管理できるが、未調整の異尺度scoreを黙って直接加算しない。,NOT_APPLICABLE,10.4.2 (docs/10.AWSで設計・実装する/10.4.検索経路を構成する.md:45); authoritative docs commit 52bebecfb2a435d0e7ff2efea557c5799674ded6 の現文を次の文へ置換する: 複数検索器のscoreは尺度が異なるため直接加算せず、正規化、順位統合、または再順位付けのいずれかを事前に定めて用います。 再抽出した文面と分類を照合する。,rag-guide-maintainers,,,,INCONCLUSIVE,NOT_APPLICABLE_UNPROVED,codex-primary-wave4,2026-08-15,codex-independent-wave4,2026-08-15,FINAL_TWO_REVIEWER_APPROVED
SENT-0204,52bebecfb2a435d0e7ff2efea557c5799674ded6,RRFでは各検索器の順位を使い、rerankerでは統合後のcandidate本文を再評価します。,,"AND(AND(AND(ATOM(ranks_only=true), ATOM(rerank=true)), ATOM(retrieval=true)), ATOM(evaluation=true))",AND,concrete_technology_claim,UNCLASSIFIED,10.4.2 (docs/10.AWSで設計・実装する/10.4.検索経路を構成する.md:45); authoritative docs commit 52bebecfb2a435d0e7ff2efea557c5799674ded6,,,DEFINITION_OR_SPEC,,,,APPROPRIATE_NORMATIVE,RRFでは各検索器の順位を使い、rerankerでは統合後のcandidate本文を再評価するという採否判断は、比較対象と合格条件を実行結果で識別するために置きます。この規則に含まれるretriever、candidate数、rank処理を固定したtest queryを実行し、統合前後のcandidate ID・rank・score変換が記述した順序と選択規則に一致することを確認する。 さらに、判定に必要なgold evidenceがないslice、標本不足のslice、負荷条件が異なるrunは合否集計から分離し、他sliceの平均結果を外挿しない。 この扱いを例外として記録します。 同じ条件での比較と採用しない条件を両方記録できるため、APPROPRIATE_NORMATIVEです。,RRFでは各検索器の順位を使い、rerankerでは統合後のcandidate本文を再評価することを定める評価・採否規則について、この規則に含まれるretriever、candidate数、rank処理を固定したtest queryを実行し、統合前後のcandidate ID・rank・score変換が記述した順序と選択規則に一致することを確認する。,RRFでは各検索器の順位を使い、rerankerでは統合後のcandidate本文を再評価することを定める評価・採否規則の例外として、判定に必要なgold evidenceがないslice、標本不足のslice、負荷条件が異なるrunは合否集計から分離し、他sliceの平均結果を外挿しない。,NOT_APPLICABLE,10.4.2 (docs/10.AWSで設計・実装する/10.4.検索経路を構成する.md:45); authoritative docs commit 52bebecfb2a435d0e7ff2efea557c5799674ded6 の本文を維持し、normative_criteriaとexceptionsを設計台帳へ固定する。,rag-guide-maintainers,,,,INCONCLUSIVE,NOT_APPLICABLE_UNPROVED,codex-primary-wave4,2026-08-15,codex-independent-wave4,2026-08-15,FINAL_TWO_REVIEWER_APPROVED
SENT-0206,52bebecfb2a435d0e7ff2efea557c5799674ded6,二つの検索器には同じ安定したchunkidを登録し、本文、version、filter metadata、アクセス制御属性を対応付けます。,疎検索器と密検索器には同じ安定したchunk IDを登録し、本文、文書版、filter metadata、アクセス制御属性を一対一で対応付けます。,"AND(ATOM(retrieval=true), ATOM(authorization=true))",AND,general_technical_claim,UNCLASSIFIED,10.4.2 (docs/10.AWSで設計・実装する/10.4.検索経路を構成する.md:47); authoritative docs commit 52bebecfb2a435d0e7ff2efea557c5799674ded6,,,DEFINITION_OR_SPEC,,,,APPROPRIATE_NORMATIVE,疎検索器と密検索器には同じ安定したchunk IDを登録し、本文、文書版、filter metadata、アクセス制御属性を一対一で対応付けるという検索経路は、候補の収集・統合・選択を再現可能にするガイド内の決定です。この規則に列挙したauthorization、document/chunk、rank、evidence、answer、citation、configuration versionを一つのtrace IDへ保存し、許可外itemがtrace内にゼロ件であることを検査する。 適用境界では、この規則より法令、契約、組織policyが厳しい場合は厳しい統制を優先し、性能、可用性、費用を理由に対象resourceのauthorizationまたは隔離を省略しない。 検索結果の合格条件と別経路へ切り替える条件が検査できるため、APPROPRIATE_NORMATIVEです。,疎検索器と密検索器には同じ安定したchunk IDを登録し、本文、文書版、filter metadata、アクセス制御属性を一対一で対応付けることを定める検索・経路選択規則について、この規則に列挙したauthorization、document/chunk、rank、evidence、answer、citation、configuration versionを一つのtrace IDへ保存し、許可外itemがtrace内にゼロ件であることを検査する。,疎検索器と密検索器には同じ安定したchunk IDを登録し、本文、文書版、filter metadata、アクセス制御属性を一対一で対応付けることを定める検索・経路選択規則の例外として、この規則より法令、契約、組織policyが厳しい場合は厳しい統制を優先し、性能、可用性、費用を理由に対象resourceのauthorizationまたは隔離を省略しない。,NOT_APPLICABLE,10.4.2 (docs/10.AWSで設計・実装する/10.4.検索経路を構成する.md:47); authoritative docs commit 52bebecfb2a435d0e7ff2efea557c5799674ded6 の現文を次の文へ置換する: 疎検索器と密検索器には同じ安定したchunk IDを登録し、本文、文書版、filter metadata、アクセス制御属性を一対一で対応付けます。 再抽出した文面と分類を照合する。,rag-guide-maintainers,,,,INCONCLUSIVE,NOT_APPLICABLE_UNPROVED,codex-primary-wave4,2026-08-15,codex-independent-wave4,2026-08-15,FINAL_TWO_REVIEWER_APPROVED
SENT-0208,52bebecfb2a435d0e7ff2efea557c5799674ded6,初期比較ではdenseとBM25を各20件、統合後を20件、rerank後を5件とし、各retrieverのcandidate数、timeout、zero-result、失敗時の扱いを独立に記録します。,,"AND(AND(ATOM(dense=true), ATOM(rerank=true)), ATOM(retrieval=true))",AND,concrete_technology_claim,UNCLASSIFIED,10.4.2 (docs/10.AWSで設計・実装する/10.4.検索経路を構成する.md:47); authoritative docs commit 52bebecfb2a435d0e7ff2efea557c5799674ded6,,,DEFINITION_OR_SPEC,,,,APPROPRIATE_NORMATIVE,初期比較ではdenseとBM25を各20件、統合後を20件、rerank後を5件とし、各retrieverのcandidate数、timeout、zero-result、失敗時の扱いを独立に記録するという採否判断は、比較対象と合格条件を実行結果で識別するために置きます。この規則で列挙した記録項目を同じrun IDへ保存し、各項目が欠損せず、変更前後の差分をquestionまたはdocument単位で逆引きできることを確認する。 さらに、初期値・候補は対象datasetで再調整できるが、変更値、baseline、採用理由を同じresult tableへ残し、未比較の値を既定値として固定しない。 この扱いを例外として記録します。 同じ条件での比較と採用しない条件を両方記録できるため、APPROPRIATE_NORMATIVEです。,初期比較ではdenseとBM25を各20件、統合後を20件、rerank後を5件とし、各retrieverのcandidate数、timeout、zero-result、失敗時の扱いを独立に記録することを定める評価・採否規則について、この規則で列挙した記録項目を同じrun IDへ保存し、各項目が欠損せず、変更前後の差分をquestionまたはdocument単位で逆引きできることを確認する。,初期比較ではdenseとBM25を各20件、統合後を20件、rerank後を5件とし、各retrieverのcandidate数、timeout、zero-result、失敗時の扱いを独立に記録することを定める評価・採否規則の例外として、初期値・候補は対象datasetで再調整できるが、変更値、baseline、採用理由を同じresult tableへ残し、未比較の値を既定値として固定しない。,NOT_APPLICABLE,10.4.2 (docs/10.AWSで設計・実装する/10.4.検索経路を構成する.md:47); authoritative docs commit 52bebecfb2a435d0e7ff2efea557c5799674ded6 の本文を維持し、normative_criteriaとexceptionsを設計台帳へ固定する。,rag-guide-maintainers,,,,INCONCLUSIVE,NOT_APPLICABLE_UNPROVED,codex-primary-wave4,2026-08-15,codex-independent-wave4,2026-08-15,FINAL_TWO_REVIEWER_APPROVED
SENT-0212,52bebecfb2a435d0e7ff2efea557c5799674ded6,equals、in、greaterThan、listContainsなどの候補はRetrievalFilter APIで確認します。,,"AND(ATOM(retrieval=true), ATOM(metadata_filter=true))",AND,externally_cited_claim,UNCLASSIFIED,10.4.3 (docs/10.AWSで設計・実装する/10.4.検索経路を構成する.md:62); authoritative docs commit 52bebecfb2a435d0e7ff2efea557c5799674ded6,,,DEFINITION_OR_SPEC,,,,APPROPRIATE_NORMATIVE,equals、in、greaterThan、listContainsなどの候補はRetrievalFilter APIで確認するという検索経路は、候補の収集・統合・選択を再現可能にするガイド内の決定です。equals、in、greaterThan、listContainsを使用候補のallowlistへ登録し、各operatorについて有効値と型不一致値をRetrievalFilter APIへ送り、期待する候補集合またはvalidation errorになることを統合試験で確認する。 適用境界では、利用region/versionのRetrievalFilter APIがoperatorを公式に提供しない場合はそのoperatorを生成せず、同値な事前絞り込みへ切り替える。 検索結果の合格条件と別経路へ切り替える条件が検査できるため、APPROPRIATE_NORMATIVEです。,equals、in、greaterThan、listContainsを使用候補のallowlistへ登録し、各operatorについて有効値と型不一致値をRetrievalFilter APIへ送り、期待する候補集合またはvalidation errorになることを統合試験で確認する。,利用region/versionのRetrievalFilter APIがoperatorを公式に提供しない場合はそのoperatorを生成せず、同値な事前絞り込みへ切り替える。,NOT_APPLICABLE,10.4.3 (docs/10.AWSで設計・実装する/10.4.検索経路を構成する.md:62); authoritative docs commit 52bebecfb2a435d0e7ff2efea557c5799674ded6 の本文を維持し、normative_criteriaとexceptionsを設計台帳へ固定する。,rag-guide-maintainers,,,,INCONCLUSIVE,NOT_APPLICABLE_UNPROVED,codex-primary-wave4,2026-08-15,codex-independent-wave4,2026-08-15,FINAL_TWO_REVIEWER_APPROVED
SENT-0213,52bebecfb2a435d0e7ff2efea557c5799674ded6,startsWithはOpenSearch Serverlessだけに対応します。,startsWith条件を使うqueryはOpenSearch Serverless経路へだけrouteし、他のstoreへは同じoperatorを送信しません。,ATOM(opensearch=true),ATOM,official_product_contract,UNCLASSIFIED,10.4.3 (docs/10.AWSで設計・実装する/10.4.検索経路を構成する.md:62); authoritative docs commit 52bebecfb2a435d0e7ff2efea557c5799674ded6,,,DEFINITION_OR_SPEC,,,,APPROPRIATE_NORMATIVE,filter ASTにstartsWithがあるqueryをOpenSearch Serverlessへrouteし、期待集合を返す統合試験を通すという局所operator契約です。対象versionで使えなければ暗黙のexact match変換をせずunsupportedとして代替queryを選ぶため、対応範囲を実行時に閉じるAPPROPRIATE_NORMATIVEです。,filter ASTにstartsWithが含まれる場合のroute先を固定し、OpenSearch Serverlessで期待集合を返す統合試験を通す。,対象region/versionでoperatorが使えない場合はexact matchやprefix fieldへ変換せず、明示的にunsupportedとして代替queryを選ぶ。,NOT_APPLICABLE,10.4.3 (docs/10.AWSで設計・実装する/10.4.検索経路を構成する.md:62); authoritative docs commit 52bebecfb2a435d0e7ff2efea557c5799674ded6 の現文を次の文へ置換する: startsWith条件を使うqueryはOpenSearch Serverless経路へだけrouteし、他のstoreへは同じoperatorを送信しません。 再抽出した文面と分類を照合する。,rag-guide-maintainers,,,,INCONCLUSIVE,NOT_APPLICABLE_UNPROVED,codex-primary-wave4,2026-08-15,codex-independent-wave4,2026-08-15,FINAL_TWO_REVIEWER_APPROVED
SENT-0215,52bebecfb2a435d0e7ff2efea557c5799674ded6,S3 Vectorsを直接queryする場合は、S3 Vectorsのmetadata filterに記載されたoperatorだけを使います。,,"IMP(ATOM(s3_vectors=true), AND(ATOM(s3_vectors=true), ATOM(metadata_filter=true)))",IMPLIES,externally_cited_claim,UNCLASSIFIED,10.4.3 (docs/10.AWSで設計・実装する/10.4.検索経路を構成する.md:62); authoritative docs commit 52bebecfb2a435d0e7ff2efea557c5799674ded6,,,DEFINITION_OR_SPEC,,,,APPROPRIATE_NORMATIVE,S3 Vectorsを直接queryする場合は、S3 Vectorsのmetadata filterに記載されたoperatorだけを使うという運用要件は、実行時の判断を担当者ごとにぶらさないためのローカル規則です。この規則に列挙したdimension、field名、metadata型をdeployment manifestと実index schemaで照合し、不一致構成が接続testで拒否されることを確認する。 適用境界では、対象service/APIが対象region/versionで非対応または仕様変更済みの場合はその構成を有効化せず、対応機能へ切り替えて同じintegration testを再実行する。 実装結果と例外発生時の扱いを個別に検査できるため、APPROPRIATE_NORMATIVEです。,S3 Vectorsを直接queryする場合は、S3 Vectorsのmetadata filterに記載されたoperatorだけを使うことを定める運用規則について、この規則に列挙したdimension、field名、metadata型をdeployment manifestと実index schemaで照合し、不一致構成が接続testで拒否されることを確認する。,S3 Vectorsを直接queryする場合は、S3 Vectorsのmetadata filterに記載されたoperatorだけを使うことを定める運用規則の例外として、対象service/APIが対象region/versionで非対応または仕様変更済みの場合はその構成を有効化せず、対応機能へ切り替えて同じintegration testを再実行する。,NOT_APPLICABLE,10.4.3 (docs/10.AWSで設計・実装する/10.4.検索経路を構成する.md:62); authoritative docs commit 52bebecfb2a435d0e7ff2efea557c5799674ded6 の本文を維持し、normative_criteriaとexceptionsを設計台帳へ固定する。,rag-guide-maintainers,,,,INCONCLUSIVE,NOT_APPLICABLE_UNPROVED,codex-primary-wave4,2026-08-15,codex-independent-wave4,2026-08-15,FINAL_TWO_REVIEWER_APPROVED
SENT-0224,52bebecfb2a435d0e7ff2efea557c5799674ded6,ここでいう一体型のRetrieveAndGenerateは、カスタマーマネージド型のKnowledge Baseでだけ使用します。,RetrieveAndGenerateを使う一体経路はcustomer-managed Knowledge Baseに限定し、managed Knowledge Baseには分離したretrieve経路を使います。,"AND(AND(AND(AND(ATOM(retrieval=true), ATOM(generation=true)), ATOM(external_knowledge=true)), ATOM(bedrock_kb=true)), ATOM(retrieve_and_generate=true))",AND,official_product_contract,UNCLASSIFIED,10.5.1 (docs/10.AWSで設計・実装する/10.5.根拠整形と生成を接続する.md:5); authoritative docs commit 52bebecfb2a435d0e7ff2efea557c5799674ded6,,,DEFINITION_OR_SPEC,,,,APPROPRIATE_NORMATIVE,RetrieveAndGenerateへのroutingはKnowledge Base種別をmanifestで判定し、customer-managedだけがendpointへ到達することを試験します。contract変更だけではrouteを拡張せず、種別ごとのsecurityとcitation回帰後に更新するので、一体経路と分離経路の境界を保つAPPROPRIATE_NORMATIVEです。,Knowledge Base種別をmanifestで判定し、customer-managedだけがRetrieveAndGenerate endpointへ到達するrouting testを通す。,API contractが変更された場合でも自動的にrouteを広げず、対象種別ごとのsecurityとcitation回帰試験後に更新する。,NOT_APPLICABLE,10.5.1 (docs/10.AWSで設計・実装する/10.5.根拠整形と生成を接続する.md:5); authoritative docs commit 52bebecfb2a435d0e7ff2efea557c5799674ded6 の現文を次の文へ置換する: RetrieveAndGenerateを使う一体経路はcustomer-managed Knowledge Baseに限定し、managed Knowledge Baseには分離したretrieve経路を使います。 再抽出した文面と分類を照合する。,rag-guide-maintainers,,,,INCONCLUSIVE,NOT_APPLICABLE_UNPROVED,codex-primary-wave4,2026-08-15,codex-independent-wave4,2026-08-15,FINAL_TWO_REVIEWER_APPROVED
SENT-0225,52bebecfb2a435d0e7ff2efea557c5799674ded6,AWSのRetrieveAndGenerate API Referenceに示されるとおり、Managed Knowledge Baseでは使用できません。,managed Knowledge BaseからRetrieveAndGenerateを呼ばず、RetrieveまたはAgenticRetrieveStreamの結果をConverseへ渡します。,"NOT(AND(AND(AND(AND(ATOM(retrieval=true), ATOM(generation=true)), ATOM(external_knowledge=true)), ATOM(bedrock_kb=true)), ATOM(retrieve_and_generate=true)))",NOT,externally_cited_claim,UNCLASSIFIED,10.5.1 (docs/10.AWSで設計・実装する/10.5.根拠整形と生成を接続する.md:5); authoritative docs commit 52bebecfb2a435d0e7ff2efea557c5799674ded6,,,DEFINITION_OR_SPEC,,,,APPROPRIATE_NORMATIVE,managed Knowledge BaseではRetrieveAndGenerate呼出しをゼロ件にし、RetrieveまたはAgenticRetrieveStreamの結果に含むcitationとACLをConverseまで保持させます。将来対応しても既存分離経路と同じ品質・権限・traceを満たすまで切り替えないため、現在のroutingを検査可能にするAPPROPRIATE_NORMATIVEです。,managed種別のintegration testでRetrieveAndGenerate呼出しが0件であり、取得結果、citation、ACLがConverseまで保持されること。,将来のcontractで対応しても、既存分離経路と同じ品質・権限・trace条件を満たすまで切り替えない。,NOT_APPLICABLE,10.5.1 (docs/10.AWSで設計・実装する/10.5.根拠整形と生成を接続する.md:5); authoritative docs commit 52bebecfb2a435d0e7ff2efea557c5799674ded6 の現文を次の文へ置換する: managed Knowledge BaseからRetrieveAndGenerateを呼ばず、RetrieveまたはAgenticRetrieveStreamの結果をConverseへ渡します。 再抽出した文面と分類を照合する。,rag-guide-maintainers,,,,INCONCLUSIVE,NOT_APPLICABLE_UNPROVED,codex-primary-wave4,2026-08-15,codex-independent-wave4,2026-08-15,FINAL_TWO_REVIEWER_APPROVED
SENT-0226,52bebecfb2a435d0e7ff2efea557c5799674ded6,Managed Knowledge BaseではRetrieveまたはAgenticRetrieveStreamで根拠を取得し、生成が必要な場合は結果をConverseへ渡します。,,"IMP(AND(AND(AND(AND(ATOM(retrieval=true), ATOM(generation=true)), ATOM(external_knowledge=true)), ATOM(evidence_support=true)), ATOM(bedrock_kb=true)), ATOM(empirical_result=true))",IMPLIES,official_product_contract,必要,10.5.1 (docs/10.AWSで設計・実装する/10.5.根拠整形と生成を接続する.md:5); authoritative docs commit 52bebecfb2a435d0e7ff2efea557c5799674ded6,,,DEFINITION_OR_SPEC,,,,APPROPRIATE_NORMATIVE,Managed Knowledge BaseではRetrieveまたはAgenticRetrieveStreamで根拠を取得し、生成が必要な場合は結果をConverseへ渡すという運用要件は、実行時の判断を担当者ごとにぶらさないためのローカル規則です。この規則に含まれるservice、API、operator、region、versionをmanifestへ固定し、公式仕様の該当headingと実requestの成功・非対応errorが一致することを確認する。 適用境界では、対象service/APIが対象region/versionで非対応または仕様変更済みの場合はその構成を有効化せず、対応機能へ切り替えて同じintegration testを再実行する。 実装結果と例外発生時の扱いを個別に検査できるため、APPROPRIATE_NORMATIVEです。,Managed Knowledge BaseではRetrieveまたはAgenticRetrieveStreamで根拠を取得し、生成が必要な場合は結果をConverseへ渡すことを定める運用規則について、この規則に含まれるservice、API、operator、region、versionをmanifestへ固定し、公式仕様の該当headingと実requestの成功・非対応errorが一致することを確認する。,Managed Knowledge BaseではRetrieveまたはAgenticRetrieveStreamで根拠を取得し、生成が必要な場合は結果をConverseへ渡すことを定める運用規則の例外として、対象service/APIが対象region/versionで非対応または仕様変更済みの場合はその構成を有効化せず、対応機能へ切り替えて同じintegration testを再実行する。,NOT_APPLICABLE,10.5.1 (docs/10.AWSで設計・実装する/10.5.根拠整形と生成を接続する.md:5); authoritative docs commit 52bebecfb2a435d0e7ff2efea557c5799674ded6 の本文を維持し、normative_criteriaとexceptionsを設計台帳へ固定する。,rag-guide-maintainers,,,,INCONCLUSIVE,NOT_APPLICABLE_UNPROVED,codex-primary-wave4,2026-08-15,codex-independent-wave4,2026-08-15,FINAL_TWO_REVIEWER_APPROVED
SENT-0227,52bebecfb2a435d0e7ff2efea557c5799674ded6,カスタマーマネージド型でKnowledge Basesの標準引用と生成が要件を満たす場合はRetrieveAndGenerateを使います。,,"IMP(AND(AND(AND(ATOM(generation=true), ATOM(external_knowledge=true)), ATOM(citation=true)), ATOM(bedrock_kb=true)), AND(AND(ATOM(retrieval=true), ATOM(generation=true)), ATOM(retrieve_and_generate=true)))",IMPLIES,official_product_contract,UNCLASSIFIED,10.5.1 (docs/10.AWSで設計・実装する/10.5.根拠整形と生成を接続する.md:7); authoritative docs commit 52bebecfb2a435d0e7ff2efea557c5799674ded6,,,DEFINITION_OR_SPEC,,,,APPROPRIATE_NORMATIVE,カスタマーマネージド型でKnowledge Basesの標準引用と生成が要件を満たす場合はRetrieveAndGenerateを使うという運用要件は、実行時の判断を担当者ごとにぶらさないためのローカル規則です。Knowledge Bases標準citationのsource spanと生成回答を要件fixtureで照合し、citation形式と生成品質のgateを満たすrequestだけをRetrieveAndGenerateへ送ります。 さらに、独自のEvidence Set検査、citation形式、または生成制御が必要なrequestはRetrieveAndGenerateへ送らず、RetrieveとConverseを分離した経路へ回します。 この扱いを例外として記録します。 実装結果と例外発生時の扱いを個別に検査できるため、APPROPRIATE_NORMATIVEです。,カスタマーマネージド型でKnowledge Basesの標準引用と生成が要件を満たす場合はRetrieveAndGenerateを使います。 Knowledge Bases標準citationのsource spanと生成回答を要件fixtureで照合し、citation形式と生成品質のgateを満たすrequestだけをRetrieveAndGenerateへ送ります。,カスタマーマネージド型でKnowledge Basesの標準引用と生成が要件を満たす場合はRetrieveAndGenerateを使います。 独自のEvidence Set検査、citation形式、または生成制御が必要なrequestはRetrieveAndGenerateへ送らず、RetrieveとConverseを分離した経路へ回します。,NOT_APPLICABLE,10.5.1 (docs/10.AWSで設計・実装する/10.5.根拠整形と生成を接続する.md:7); authoritative docs commit 52bebecfb2a435d0e7ff2efea557c5799674ded6 の本文を維持し、normative_criteriaとexceptionsを設計台帳へ固定する。,rag-guide-maintainers,,,,INCONCLUSIVE,NOT_APPLICABLE_UNPROVED,codex-primary-wave4,2026-08-15,codex-independent-wave4,2026-08-15,FINAL_TWO_REVIEWER_APPROVED
SENT-0228,52bebecfb2a435d0e7ff2efea557c5799674ded6,検索結果の重複、版、矛盾、根拠不足を独自に検査する場合は、Retrieve → LambdaでEvidence Set作成 → Converseへ分けます。,,"IMP(AND(AND(ATOM(retrieval=true), ATOM(evidence_support=true)), ATOM(empirical_result=true)), AND(ATOM(retrieval=true), ATOM(evidence_support=true)))",IMPLIES,official_product_contract,UNCLASSIFIED,10.5.1 (docs/10.AWSで設計・実装する/10.5.根拠整形と生成を接続する.md:7); authoritative docs commit 52bebecfb2a435d0e7ff2efea557c5799674ded6,,,DEFINITION_OR_SPEC,,,,APPROPRIATE_NORMATIVE,検索結果の重複、版、矛盾、根拠不足を独自に検査する場合は、Retrieve → LambdaでEvidence Set作成 → Converseへ分けるという追跡要件は、後続工程から入力と版へ戻るための局所契約です。この規則に示したservice経路を対象regionで一件ずつ実行し、各stageのrequest/response、artifact ID、failure responseを同じintegration traceへ保存する。 適用境界では、対象service/APIが対象region/versionで非対応または仕様変更済みの場合はその構成を有効化せず、対応機能へ切り替えて同じintegration testを再実行する。 逆引き可能性と保存上の例外を台帳で確かめられるため、APPROPRIATE_NORMATIVEです。,検索結果の重複、版、矛盾、根拠不足を独自に検査する場合は、Retrieve → LambdaでEvidence Set作成 → Converseへ分けることを定める追跡性・証跡管理規則について、この規則に示したservice経路を対象regionで一件ずつ実行し、各stageのrequest/response、artifact ID、failure responseを同じintegration traceへ保存する。,検索結果の重複、版、矛盾、根拠不足を独自に検査する場合は、Retrieve → LambdaでEvidence Set作成 → Converseへ分けることを定める追跡性・証跡管理規則の例外として、対象service/APIが対象region/versionで非対応または仕様変更済みの場合はその構成を有効化せず、対応機能へ切り替えて同じintegration testを再実行する。,NOT_APPLICABLE,10.5.1 (docs/10.AWSで設計・実装する/10.5.根拠整形と生成を接続する.md:7); authoritative docs commit 52bebecfb2a435d0e7ff2efea557c5799674ded6 の本文を維持し、normative_criteriaとexceptionsを設計台帳へ固定する。,rag-guide-maintainers,,,,INCONCLUSIVE,NOT_APPLICABLE_UNPROVED,codex-primary-wave4,2026-08-15,codex-independent-wave4,2026-08-15,FINAL_TWO_REVIEWER_APPROVED
SENT-0232,52bebecfb2a435d0e7ff2efea557c5799674ded6,分離型では、Retrieveの結果からtext、location、metadata、scoreを受け取り、citationid、chunkid、documentid、version、sourceuri、retrievalrank、textへ正規化します。,分離型では、Retrieveのtext、location、metadata、scoreを受け取り、citation_id、chunk_id、document_id、version、source_uri、retrieval_rank、textへ正規化します。,"AND(AND(ATOM(retrieval=true), ATOM(citation=true)), ATOM(empirical_result=true))",AND,general_technical_claim,UNCLASSIFIED,10.5.1 (docs/10.AWSで設計・実装する/10.5.根拠整形と生成を接続する.md:14); authoritative docs commit 52bebecfb2a435d0e7ff2efea557c5799674ded6,SRC-178,SRC-178 https://docs.aws.amazon.com/bedrock/latest/APIReference/API_agent-runtime_RetrieveAndGenerate.html — official_spec_page inspected 2026-08-15; 現主張への直接locatorは未確定,EMPIRICAL_RESULT,NONE_DIRECTLY_VERIFIED,empirical_result=true,NOT_APPLICABLE,REWRITE_REQUIRED,docs.aws.amazon.comの公式仕様ページへの参照は台帳にありますが、empirical_resultについて各要素と結論との直接の対応まで同時に再特定できる直接箇所が確定していません。本文に残すのは、分離型では、Retrieveのtext、location、metadata、scoreを受け取り、citation_id、chunk_id、document_id、version、source_uri、retrieval_rank、textへ正規化するという対象範囲です。empirical_resultについて未確認の因果までは導きません。 修正文にある主体と操作対象は保ちつつ、直接根拠を越える各要素と結論との直接の対応を落とす差分なので、REWRITE_REQUIREDと判定します。,NOT_APPLICABLE_NON_NORMATIVE,NOT_APPLICABLE_NON_NORMATIVE,UNVERIFIED,10.5.1 (docs/10.AWSで設計・実装する/10.5.根拠整形と生成を接続する.md:14); authoritative docs commit 52bebecfb2a435d0e7ff2efea557c5799674ded6 の現文を次の文へ置換する: 分離型では、Retrieveのtext、location、metadata、scoreを受け取り、citation_id、chunk_id、document_id、version、source_uri、retrieval_rank、textへ正規化します。 再抽出した文面と分類を照合する。,rag-guide-maintainers,,,,INCONCLUSIVE,NOT_APPLICABLE_UNPROVED,codex-primary-wave4,2026-08-15,codex-independent-wave4,2026-08-15,FINAL_TWO_REVIEWER_APPROVED
SENT-0235,52bebecfb2a435d0e7ff2efea557c5799674ded6,各根拠を ... のように識別し、回答の各主張へE01形式のcitation IDを付けるようにします。,,"AND(AND(ATOM(generation=true), ATOM(citation=true)), ATOM(evidence_support=true))",AND,general_technical_claim,UNCLASSIFIED,10.5.2 (docs/10.AWSで設計・実装する/10.5.根拠整形と生成を接続する.md:18); authoritative docs commit 52bebecfb2a435d0e7ff2efea557c5799674ded6,,,DEFINITION_OR_SPEC,,,,APPROPRIATE_NORMATIVE,各根拠を ... のように識別し、回答の各主張へE01形式のcitation IDを付けるようにするという追跡要件は、後続工程から入力と版へ戻るための局所契約です。この規則に列挙したID、version、artifactを必須schema fieldにし、任意のanswer/citationからsource document、original span、chunk、retrieval rank、configuration versionへ欠損なく到達できることを確認する。 適用境界では、対象値に個人情報または保存期限の制約がある場合は仮名化・分離保管へ置換できるが、source/version/spanを復元する承認済み対応表は保持する。 逆引き可能性と保存上の例外を台帳で確かめられるため、APPROPRIATE_NORMATIVEです。,各根拠を ... のように識別し、回答の各主張へE01形式のcitation IDを付けるようにすることを定める追跡性・証跡管理規則について、この規則に列挙したID、version、artifactを必須schema fieldにし、任意のanswer/citationからsource document、original span、chunk、retrieval rank、configuration versionへ欠損なく到達できることを確認する。,各根拠を ... のように識別し、回答の各主張へE01形式のcitation IDを付けるようにすることを定める追跡性・証跡管理規則の例外として、対象値に個人情報または保存期限の制約がある場合は仮名化・分離保管へ置換できるが、source/version/spanを復元する承認済み対応表は保持する。,NOT_APPLICABLE,10.5.2 (docs/10.AWSで設計・実装する/10.5.根拠整形と生成を接続する.md:18); authoritative docs commit 52bebecfb2a435d0e7ff2efea557c5799674ded6 の本文を維持し、normative_criteriaとexceptionsを設計台帳へ固定する。,rag-guide-maintainers,,,,INCONCLUSIVE,NOT_APPLICABLE_UNPROVED,codex-primary-wave4,2026-08-15,codex-independent-wave4,2026-08-15,FINAL_TWO_REVIEWER_APPROVED
SENT-0240,52bebecfb2a435d0e7ff2efea557c5799674ded6,JSON Schemaで出力を制約できるmodelとregionは利用時点の対応状況を確認し、非対応の場合もアプリケーション側で同じschemaを検証します。,,"IMP(ATOM(temporal_freshness=true), ATOM(verification=true))",IMPLIES,externally_cited_claim,できる,10.5.3 (docs/10.AWSで設計・実装する/10.5.根拠整形と生成を接続する.md:24); authoritative docs commit 52bebecfb2a435d0e7ff2efea557c5799674ded6,,,DEFINITION_OR_SPEC,,,,APPROPRIATE_NORMATIVE,JSON Schemaで出力を制約できるmodelとregionは利用時点の対応状況を確認し、非対応の場合もアプリケーション側で同じschemaを検証するという構成契約は、対象versionと実装の不一致を公開前に止めるための要件です。この規則に列挙したdimension、field名、metadata型をdeployment manifestと実index schemaで照合し、不一致構成が接続testで拒否されることを確認する。 適用境界では、対象service/APIが対象region/versionで非対応または仕様変更済みの場合はその構成を有効化せず、対応機能へ切り替えて同じintegration testを再実行する。 実際の接続結果と仕様変更時の切替条件を確認できるため、APPROPRIATE_NORMATIVEです。,JSON Schemaで出力を制約できるmodelとregionは利用時点の対応状況を確認し、非対応の場合もアプリケーション側で同じschemaを検証することを定める構成・設定規則について、この規則に列挙したdimension、field名、metadata型をdeployment manifestと実index schemaで照合し、不一致構成が接続testで拒否されることを確認する。,JSON Schemaで出力を制約できるmodelとregionは利用時点の対応状況を確認し、非対応の場合もアプリケーション側で同じschemaを検証することを定める構成・設定規則の例外として、対象service/APIが対象region/versionで非対応または仕様変更済みの場合はその構成を有効化せず、対応機能へ切り替えて同じintegration testを再実行する。,NOT_APPLICABLE,10.5.3 (docs/10.AWSで設計・実装する/10.5.根拠整形と生成を接続する.md:24); authoritative docs commit 52bebecfb2a435d0e7ff2efea557c5799674ded6 の本文を維持し、normative_criteriaとexceptionsを設計台帳へ固定する。,rag-guide-maintainers,,,,INCONCLUSIVE,NOT_APPLICABLE_UNPROVED,codex-primary-wave4,2026-08-15,codex-independent-wave4,2026-08-15,FINAL_TWO_REVIEWER_APPROVED
SENT-0242,52bebecfb2a435d0e7ff2efea557c5799674ded6,生成後は、未知のcitation ID、citationのない検証可能な主張、取得本文に支持されない主張を検出します。,生成後ゲートでは、未知のcitation ID、citationのない検証可能な主張、取得本文に支持されない主張を別々に検出し、一件でも該当すれば公開候補から外します。,"NOT(AND(AND(AND(AND(ATOM(retrieval=true), ATOM(generation=true)), ATOM(citation=true)), ATOM(verification=true)), ATOM(evidence_support=true)))",NOT,general_technical_claim,可能,10.5.3 (docs/10.AWSで設計・実装する/10.5.根拠整形と生成を接続する.md:26); authoritative docs commit 52bebecfb2a435d0e7ff2efea557c5799674ded6,,,DEFINITION_OR_SPEC,,evidence_support=true;verification=true,NOT,REWRITE_REQUIRED,「生成後ゲート」の検討では、evidence_support=true、verification=trueを技術一般へ外挿せず、本文の動作を具体化しました。生成後ゲートでは、未知のcitation ID、citationのない検証可能な主張、取得本文に支持されない主張を別々に検出し、一件でも該当すれば公開候補から外します。 修正文が具体化する対象は「生成後ゲート」です。「生成後ゲート」の証拠境界として、evidence_support=true、verification=trueの外的真偽を確定できず、否定関係に依存しない記述へ変更します。「生成後ゲート」の採否について、evidence_support=true、verification=trueから未支持部分を除いて実装可能性を保つには書換えが必要です。,NOT_APPLICABLE_NON_NORMATIVE,NOT_APPLICABLE_NON_NORMATIVE,NOT_APPLICABLE,10.5.3 (docs/10.AWSで設計・実装する/10.5.根拠整形と生成を接続する.md:26); authoritative docs commit 52bebecfb2a435d0e7ff2efea557c5799674ded6 の現文を次の文へ置換する: 生成後ゲートでは、未知のcitation ID、citationのない検証可能な主張、取得本文に支持されない主張を別々に検出し、一件でも該当すれば公開候補から外します。 再抽出した文面と分類を照合する。,rag-guide-maintainers,,,,INCONCLUSIVE,NOT_APPLICABLE_UNPROVED,codex-primary-wave4,2026-08-15,codex-independent-wave4,2026-08-15,FINAL_TWO_REVIEWER_APPROVED
SENT-0244,52bebecfb2a435d0e7ff2efea557c5799674ded6,Amazon Bedrock Guardrailsは有害内容や機密情報の検査へ使えますが、根拠の正しさや文書アクセス条件を検証する機能ではありません。,Amazon Bedrock Guardrailsは有害内容と機密情報の検査に限定し、根拠支持と文書ACLはEvidence検査と検索filterで別に判定します。,"NOT(AND(AND(AND(ATOM(verification=true), ATOM(evidence_support=true)), ATOM(bedrock_kb=true)), ATOM(guardrails=true)))",NOT,official_product_contract,UNCLASSIFIED,10.5.3 (docs/10.AWSで設計・実装する/10.5.根拠整形と生成を接続する.md:28); authoritative docs commit 52bebecfb2a435d0e7ff2efea557c5799674ded6,,,DEFINITION_OR_SPEC,,,,APPROPRIATE_NORMATIVE,有害内容・機密情報、evidence support、文書ACLを別々の判定fieldへ記録し、一つの成功で他を代用しない安全設計です。同じserviceに機能が追加されても独立受入試験なしにEvidence検査やACL filterを外さないので、Guardrailsの役割を局所化したAPPROPRIATE_NORMATIVEです。,guardrail判定、evidence support判定、ACL判定を別fieldで記録し、どれか一つの成功を他の判定の代用にしない。,将来同一serviceが追加機能を提供しても、独立した受入試験を通すまでは既存のEvidence検査とACL検査を外さない。,NOT_APPLICABLE,10.5.3 (docs/10.AWSで設計・実装する/10.5.根拠整形と生成を接続する.md:28); authoritative docs commit 52bebecfb2a435d0e7ff2efea557c5799674ded6 の現文を次の文へ置換する: Amazon Bedrock Guardrailsは有害内容と機密情報の検査に限定し、根拠支持と文書ACLはEvidence検査と検索filterで別に判定します。 再抽出した文面と分類を照合する。,rag-guide-maintainers,,,,INCONCLUSIVE,NOT_APPLICABLE_UNPROVED,codex-primary-wave4,2026-08-15,codex-independent-wave4,2026-08-15,FINAL_TWO_REVIEWER_APPROVED
SENT-0245,52bebecfb2a435d0e7ff2efea557c5799674ded6,RAG固有のcitation検査、claim support、answerabilityは[根拠に基づく回答](../6.根拠に基づいて回答する/序文.md)の基準で別に実装します。,,"AND(AND(AND(ATOM(generation=true), ATOM(citation=true)), ATOM(answerability=true)), ATOM(evidence_support=true))",AND,general_technical_claim,UNCLASSIFIED,10.5.3 (docs/10.AWSで設計・実装する/10.5.根拠整形と生成を接続する.md:28); authoritative docs commit 52bebecfb2a435d0e7ff2efea557c5799674ded6,,,DEFINITION_OR_SPEC,,,,APPROPRIATE_NORMATIVE,RAG固有のcitation検査、claim support、answerabilityは[根拠に基づく回答](../6.根拠に基づいて回答する/序文.md)の基準で別に実装するという追跡要件は、後続工程から入力と版へ戻るための局所契約です。RAG回答の検証ではcitation locatorの到達可能性、各claimの根拠支持、answerability判定を別々のtest IDで実行し、三検査の結果を同じanswer IDへ保存する。 さらに、挨拶や画面操作案内など外部根拠を要しない文はclaim supportの分母から除外できるが、除外理由をclaim typeとして記録する。 この扱いを例外として記録します。 逆引き可能性と保存上の例外を台帳で確かめられるため、APPROPRIATE_NORMATIVEです。,RAG回答の検証ではcitation locatorの到達可能性、各claimの根拠支持、answerability判定を別々のtest IDで実行し、三検査の結果を同じanswer IDへ保存する。,挨拶や画面操作案内など外部根拠を要しない文はclaim supportの分母から除外できるが、除外理由をclaim typeとして記録する。,NOT_APPLICABLE,10.5.3 (docs/10.AWSで設計・実装する/10.5.根拠整形と生成を接続する.md:28); authoritative docs commit 52bebecfb2a435d0e7ff2efea557c5799674ded6 の本文を維持し、normative_criteriaとexceptionsを設計台帳へ固定する。,rag-guide-maintainers,,,,INCONCLUSIVE,NOT_APPLICABLE_UNPROVED,codex-primary-wave4,2026-08-15,codex-independent-wave4,2026-08-15,FINAL_TWO_REVIEWER_APPROVED
SENT-0246,52bebecfb2a435d0e7ff2efea557c5799674ded6,評価データをS3へ置き、Knowledge BaseのRAG評価で検索だけの評価と、検索から生成までの評価を分けます。,,"AND(AND(AND(AND(ATOM(retrieval=true), ATOM(generation=true)), ATOM(external_knowledge=true)), ATOM(evaluation=true)), ATOM(bedrock_kb=true))",AND,externally_cited_claim,UNCLASSIFIED,10.6.1 (docs/10.AWSで設計・実装する/10.6.評価と運用を接続する.md:5); authoritative docs commit 52bebecfb2a435d0e7ff2efea557c5799674ded6,,,DEFINITION_OR_SPEC,,,,APPROPRIATE_NORMATIVE,評価データをS3へ置き、Knowledge BaseのRAG評価で検索だけの評価と、検索から生成までの評価を分けるという採否判断は、比較対象と合格条件を実行結果で識別するために置きます。本文に列挙した対象・条件・指標を個別fieldへ保存し、同一runの実装結果または評価結果と一致することを確認する。 さらに、判定に必要なgold evidenceがないslice、標本不足のslice、負荷条件が異なるrunは合否集計から分離し、他sliceの平均結果を外挿しない。 この扱いを例外として記録します。 同じ条件での比較と採用しない条件を両方記録できるため、APPROPRIATE_NORMATIVEです。,評価データをS3へ置き、Knowledge BaseのRAG評価で検索だけの評価と、検索から生成までの評価を分けることを定める評価・採否規則について、本文に列挙した対象・条件・指標を個別fieldへ保存し、同一runの実装結果または評価結果と一致することを確認する。,評価データをS3へ置き、Knowledge BaseのRAG評価で検索だけの評価と、検索から生成までの評価を分けることを定める評価・採否規則の例外として、判定に必要なgold evidenceがないslice、標本不足のslice、負荷条件が異なるrunは合否集計から分離し、他sliceの平均結果を外挿しない。,NOT_APPLICABLE,10.6.1 (docs/10.AWSで設計・実装する/10.6.評価と運用を接続する.md:5); authoritative docs commit 52bebecfb2a435d0e7ff2efea557c5799674ded6 の本文を維持し、normative_criteriaとexceptionsを設計台帳へ固定する。,rag-guide-maintainers,,,,INCONCLUSIVE,NOT_APPLICABLE_UNPROVED,codex-primary-wave4,2026-08-15,codex-independent-wave4,2026-08-15,FINAL_TWO_REVIEWER_APPROVED
SENT-0247,52bebecfb2a435d0e7ff2efea557c5799674ded6,Bedrock Evaluationsの結果に加え、[品質評価](../7.品質を評価し改善する/序文.md)で定義したgold evidence、回答保留、citation correctnessを同じdataset IDへ結び付けます。,,"AND(AND(AND(AND(AND(ATOM(generation=true), ATOM(citation=true)), ATOM(evidence_support=true)), ATOM(evaluation=true)), ATOM(bedrock_kb=true)), ATOM(empirical_result=true))",AND,empirical_or_research_claim,UNCLASSIFIED,10.6.1 (docs/10.AWSで設計・実装する/10.6.評価と運用を接続する.md:5); authoritative docs commit 52bebecfb2a435d0e7ff2efea557c5799674ded6,,,DEFINITION_OR_SPEC,,,,APPROPRIATE_NORMATIVE,Bedrock Evaluationsの結果に加え、[品質評価](../7.品質を評価し改善する/序文.md)で定義したgold evidence、回答保留、citation correctnessを同じdataset IDへ結び付けるという採否判断は、比較対象と合格条件を実行結果で識別するために置きます。品質評価への参照 ../7.品質を評価し改善する/序文.md がrepository内で解決し、リンク先に本文が案内する定義・評価手順が存在することをlink checkと章レビューで確認します。 適用境界では、章名またはfile pathを変更する場合は、品質評価への全参照を同じ変更で更新し、旧参照が一件も残らないことをlink checkで確認した場合に限って新しい参照先を使えます。 同じ条件での比較と採用しない条件を両方記録できるため、APPROPRIATE_NORMATIVEです。,Bedrock Evaluationsの結果に加え、[品質評価](../7.品質を評価し改善する/序文.md)で定義したgold evidence、回答保留、citation correctnessを同じdataset IDへ結び付けます。 品質評価への参照 ../7.品質を評価し改善する/序文.md がrepository内で解決し、リンク先に本文が案内する定義・評価手順が存在することをlink checkと章レビューで確認します。,Bedrock Evaluationsの結果に加え、[品質評価](../7.品質を評価し改善する/序文.md)で定義したgold evidence、回答保留、citation correctnessを同じdataset IDへ結び付けます。 章名またはfile pathを変更する場合は、品質評価への全参照を同じ変更で更新し、旧参照が一件も残らないことをlink checkで確認した場合に限って新しい参照先を使えます。,NOT_APPLICABLE,10.6.1 (docs/10.AWSで設計・実装する/10.6.評価と運用を接続する.md:5); authoritative docs commit 52bebecfb2a435d0e7ff2efea557c5799674ded6 の本文を維持し、normative_criteriaとexceptionsを設計台帳へ固定する。,rag-guide-maintainers,,,,INCONCLUSIVE,NOT_APPLICABLE_UNPROVED,codex-primary-wave4,2026-08-15,codex-independent-wave4,2026-08-15,FINAL_TWO_REVIEWER_APPROVED
SENT-0257,52bebecfb2a435d0e7ff2efea557c5799674ded6,初期の公開基準例は、gold evidenceに対するRecall@20、rerank後の上位5件のcoverage、citation correctness、answerable判定、p95 latency、質問当たり費用です。,,"AND(AND(AND(AND(AND(AND(AND(ATOM(recall_latency_tradeoff=true), ATOM(rerank=true)), ATOM(citation=true)), ATOM(answerability=true)), ATOM(evidence_support=true)), ATOM(recall_metric=true)), ATOM(latency=true)), ATOM(cost=true))",AND,general_technical_claim,UNCLASSIFIED,10.6.3 (docs/10.AWSで設計・実装する/10.6.評価と運用を接続する.md:22); authoritative docs commit 52bebecfb2a435d0e7ff2efea557c5799674ded6,,,DEFINITION_OR_SPEC,,,,APPROPRIATE_NORMATIVE,初期の公開基準例は、gold evidenceに対するRecall@20、rerank後の上位5件のcoverage、citation correctness、answerable判定、p95 latency、質問当たり費用であるという採否判断は、比較対象と合格条件を実行結果で識別するために置きます。この規則に含まれるretriever、candidate数、rank処理を固定したtest queryを実行し、統合前後のcandidate ID・rank・score変換が記述した順序と選択規則に一致することを確認する。 さらに、初期値・候補は対象datasetで再調整できるが、変更値、baseline、採用理由を同じresult tableへ残し、未比較の値を既定値として固定しない。 この扱いを例外として記録します。 同じ条件での比較と採用しない条件を両方記録できるため、APPROPRIATE_NORMATIVEです。,初期の公開基準例は、gold evidenceに対するRecall@20、rerank後の上位5件のcoverage、citation correctness、answerable判定、p95 latency、質問当たり費用であることを定める評価・採否規則について、この規則に含まれるretriever、candidate数、rank処理を固定したtest queryを実行し、統合前後のcandidate ID・rank・score変換が記述した順序と選択規則に一致することを確認する。,初期の公開基準例は、gold evidenceに対するRecall@20、rerank後の上位5件のcoverage、citation correctness、answerable判定、p95 latency、質問当たり費用であることを定める評価・採否規則の例外として、初期値・候補は対象datasetで再調整できるが、変更値、baseline、採用理由を同じresult tableへ残し、未比較の値を既定値として固定しない。,NOT_APPLICABLE,10.6.3 (docs/10.AWSで設計・実装する/10.6.評価と運用を接続する.md:22); authoritative docs commit 52bebecfb2a435d0e7ff2efea557c5799674ded6 の本文を維持し、normative_criteriaとexceptionsを設計台帳へ固定する。,rag-guide-maintainers,,,,INCONCLUSIVE,NOT_APPLICABLE_UNPROVED,codex-primary-wave4,2026-08-15,codex-independent-wave4,2026-08-15,FINAL_TWO_REVIEWER_APPROVED
SENT-0265,52bebecfb2a435d0e7ff2efea557c5799674ded6,S3 → Knowledge Bases → S3 Vectors → Retrieve → Converse,semantic検索の最小AWS経路をS3からKnowledge Bases、S3 Vectors、Retrieve、Converseの順に接続します。,"AND(AND(AND(ATOM(retrieval=true), ATOM(external_knowledge=true)), ATOM(bedrock_kb=true)), ATOM(s3_vectors=true))",AND,official_product_contract,UNCLASSIFIED,10.7.1 (docs/10.AWSで設計・実装する/10.7.構成パターン.md:7); authoritative docs commit 52bebecfb2a435d0e7ff2efea557c5799674ded6,,,DEFINITION_OR_SPEC,,,,APPROPRIATE_NORMATIVE,S3、Knowledge Bases、S3 Vectors、Retrieve、Converseの各hopについてresource ID、region、IAM、schemaを固定し、citation_idを端から端まで追跡します。一部を置換した場合は全hopを再試験するため、最小semantic経路の成立を統合結果で確認するAPPROPRIATE_NORMATIVEです。,各hopのresource ID、region、IAM、input/output schemaをmanifestへ固定し、S3文書からConverse回答まで同じcitation_idをtraceできること。,S3 VectorsまたはKnowledge Basesが要件を満たさない場合は、この経路を部分置換し、置換後の全hopを再試験する。,NOT_APPLICABLE,10.7.1 (docs/10.AWSで設計・実装する/10.7.構成パターン.md:7); authoritative docs commit 52bebecfb2a435d0e7ff2efea557c5799674ded6 の現文を次の文へ置換する: semantic検索の最小AWS経路をS3からKnowledge Bases、S3 Vectors、Retrieve、Converseの順に接続します。 再抽出した文面と分類を照合する。,rag-guide-maintainers,,,,INCONCLUSIVE,NOT_APPLICABLE_UNPROVED,codex-primary-wave4,2026-08-15,codex-independent-wave4,2026-08-15,FINAL_TWO_REVIEWER_APPROVED
SENT-0266,52bebecfb2a435d0e7ff2efea557c5799674ded6,Titan Text Embeddings V2の1024次元、float32、正規化、cosineを基準にし、default chunking約300 token、Retrieve 20件、rerank後5件から評価を始めます。,初期baselineはTitan Text Embeddings V2の1024次元float32、cosine、約300 tokenのdefault chunk、Retrieve 20件、rerank後5件で開始します。,"AND(AND(AND(AND(AND(AND(AND(ATOM(cosine_compatible=true), ATOM(rerank=true)), ATOM(chunking=true)), ATOM(retrieval=true)), ATOM(evaluation=true)), ATOM(fault_tolerance=true)), ATOM(embedding_model=true)), ATOM(dimension_contract=true))",AND,official_product_contract,UNCLASSIFIED,10.7.1 (docs/10.AWSで設計・実装する/10.7.構成パターン.md:9); authoritative docs commit 52bebecfb2a435d0e7ff2efea557c5799674ded6,,,DEFINITION_OR_SPEC,,,,APPROPRIATE_NORMATIVE,初期baselineのmodel、dimension、dtype、normalization、metric、chunk size、retrieve k、rerank kを一つのconfig versionへ束ねます。対象データに合わないparameterは一つずつ変更して直前結果との差を残すので、列挙値を普遍的最適値にしないAPPROPRIATE_NORMATIVEです。,model、dimension、dtype、normalization、metric、chunk size、retrieve k、rerank kを一つのconfig versionへ固定し、gold queryの全指標を記録する。,対象データや利用regionで設定が不適合なら個別parameterを一つずつ変更し、直前baselineとの回帰を残す。,NOT_APPLICABLE,10.7.1 (docs/10.AWSで設計・実装する/10.7.構成パターン.md:9); authoritative docs commit 52bebecfb2a435d0e7ff2efea557c5799674ded6 の現文を次の文へ置換する: 初期baselineはTitan Text Embeddings V2の1024次元float32、cosine、約300 tokenのdefault chunk、Retrieve 20件、rerank後5件で開始します。 再抽出した文面と分類を照合する。,rag-guide-maintainers,,,,INCONCLUSIVE,NOT_APPLICABLE_UNPROVED,codex-primary-wave4,2026-08-15,codex-independent-wave4,2026-08-15,FINAL_TWO_REVIEWER_APPROVED
SENT-0268,52bebecfb2a435d0e7ff2efea557c5799674ded6,S3 → Knowledge Bases → hybrid対応vector store → Retrieve(HYBRID) → reranker → Converse,AWS managed hybrid経路はS3、Knowledge Bases、hybrid対応vector store、Retrieve(HYBRID)、reranker、Converseの順に接続します。,"AND(AND(AND(ATOM(rerank=true), ATOM(retrieval=true)), ATOM(external_knowledge=true)), ATOM(bedrock_kb=true))",AND,official_product_contract,UNCLASSIFIED,10.7.2 (docs/10.AWSで設計・実装する/10.7.構成パターン.md:13); authoritative docs commit 52bebecfb2a435d0e7ff2efea557c5799674ded6,,,DEFINITION_OR_SPEC,,,,APPROPRIATE_NORMATIVE,managed hybrid経路ではHYBRID request、疎密候補、rerank結果、Converse citationを同一traceへ記録し、hopごとのtimeoutとfallbackを試験します。vector storeがhybrid非対応ならSEMANTICへ黙って縮退せず別統合経路を再評価するため、経路選択が観測可能なAPPROPRIATE_NORMATIVEです。,HYBRID request、疎密候補、rerank結果、Converse citationを同じtraceへ記録し、各hopのtimeoutとfallbackを統合試験する。,vector storeがhybrid非対応ならSEMANTICへ暗黙fallbackせず、別retriever統合経路へ切り替えて再評価する。,NOT_APPLICABLE,10.7.2 (docs/10.AWSで設計・実装する/10.7.構成パターン.md:13); authoritative docs commit 52bebecfb2a435d0e7ff2efea557c5799674ded6 の現文を次の文へ置換する: AWS managed hybrid経路はS3、Knowledge Bases、hybrid対応vector store、Retrieve(HYBRID)、reranker、Converseの順に接続します。 再抽出した文面と分類を照合する。,rag-guide-maintainers,,,,INCONCLUSIVE,NOT_APPLICABLE_UNPROVED,codex-primary-wave4,2026-08-15,codex-independent-wave4,2026-08-15,FINAL_TWO_REVIEWER_APPROVED
SENT-0269,52bebecfb2a435d0e7ff2efea557c5799674ded6,Amazon OpenSearch Serverlessを使う場合、indexはfaiss engineで作成し、embedding modelと同じdimensionのvector field、raw chunkを保存するfilterableなtext field、filter対象metadata、Bedrock metadata fieldを定義します。,,"IMP(ATOM(opensearch=true), AND(AND(ATOM(bedrock_kb=true), ATOM(embedding_model=true)), ATOM(dimension_contract=true)))",IMPLIES,concrete_technology_claim,UNCLASSIFIED,10.7.2 (docs/10.AWSで設計・実装する/10.7.構成パターン.md:15); authoritative docs commit 52bebecfb2a435d0e7ff2efea557c5799674ded6,,,DEFINITION_OR_SPEC,,,,APPROPRIATE_NORMATIVE,Amazon OpenSearch Serverlessを使う場合、indexはfaiss engineで作成し、embedding modelと同じdimensionのvector field、raw chunkを保存するfilterableなtext field、filter対象metadata、Bedrock metadata fieldを定義するという構成契約は、対象versionと実装の不一致を公開前に止めるための要件です。この規則に列挙したdimension、field名、metadata型をdeployment manifestと実index schemaで照合し、不一致構成が接続testで拒否されることを確認する。 適用境界では、対象service/APIが対象region/versionで非対応または仕様変更済みの場合はその構成を有効化せず、対応機能へ切り替えて同じintegration testを再実行する。 実際の接続結果と仕様変更時の切替条件を確認できるため、APPROPRIATE_NORMATIVEです。,Amazon OpenSearch Serverlessを使う場合、indexはfaiss engineで作成し、embedding modelと同じdimensionのvector field、raw chunkを保存するfilterableなtext field、filter対象metadata、Bedrock metadata fieldを定義することを定める用語・工程定義について、この規則に列挙したdimension、field名、metadata型をdeployment manifestと実index schemaで照合し、不一致構成が接続testで拒否されることを確認する。,Amazon OpenSearch Serverlessを使う場合、indexはfaiss engineで作成し、embedding modelと同じdimensionのvector field、raw chunkを保存するfilterableなtext field、filter対象metadata、Bedrock metadata fieldを定義することを定める用語・工程定義の例外として、対象service/APIが対象region/versionで非対応または仕様変更済みの場合はその構成を有効化せず、対応機能へ切り替えて同じintegration testを再実行する。,NOT_APPLICABLE,10.7.2 (docs/10.AWSで設計・実装する/10.7.構成パターン.md:15); authoritative docs commit 52bebecfb2a435d0e7ff2efea557c5799674ded6 の本文を維持し、normative_criteriaとexceptionsを設計台帳へ固定する。,rag-guide-maintainers,,,,INCONCLUSIVE,NOT_APPLICABLE_UNPROVED,codex-primary-wave4,2026-08-15,codex-independent-wave4,2026-08-15,FINAL_TWO_REVIEWER_APPROVED
SENT-0274,52bebecfb2a435d0e7ff2efea557c5799674ded6,固有名詞、識別子、表記揺れを含むqueryでRecallが改善するかを同じcandidate数で確認します。,,"AND(ATOM(recall_metric=true), ATOM(empirical_result=true))",AND,empirical_or_research_claim,UNCLASSIFIED,10.7.2 (docs/10.AWSで設計・実装する/10.7.構成パターン.md:17); authoritative docs commit 52bebecfb2a435d0e7ff2efea557c5799674ded6,,,DEFINITION_OR_SPEC,,,,APPROPRIATE_NORMATIVE,固有名詞、識別子、表記揺れを含むqueryでRecallが改善するかを同じcandidate数で確認するという採否判断は、比較対象と合格条件を実行結果で識別するために置きます。本文に列挙した対象・条件・指標を個別fieldへ保存し、同一runの実装結果または評価結果と一致することを確認する。 さらに、判定に必要なgold evidenceがないslice、標本不足のslice、負荷条件が異なるrunは合否集計から分離し、他sliceの平均結果を外挿しない。 この扱いを例外として記録します。 同じ条件での比較と採用しない条件を両方記録できるため、APPROPRIATE_NORMATIVEです。,固有名詞、識別子、表記揺れを含むqueryでRecallが改善するかを同じcandidate数で確認することを定める評価・採否規則について、本文に列挙した対象・条件・指標を個別fieldへ保存し、同一runの実装結果または評価結果と一致することを確認する。,固有名詞、識別子、表記揺れを含むqueryでRecallが改善するかを同じcandidate数で確認することを定める評価・採否規則の例外として、判定に必要なgold evidenceがないslice、標本不足のslice、負荷条件が異なるrunは合否集計から分離し、他sliceの平均結果を外挿しない。,NOT_APPLICABLE,10.7.2 (docs/10.AWSで設計・実装する/10.7.構成パターン.md:17); authoritative docs commit 52bebecfb2a435d0e7ff2efea557c5799674ded6 の本文を維持し、normative_criteriaとexceptionsを設計台帳へ固定する。,rag-guide-maintainers,,,,INCONCLUSIVE,NOT_APPLICABLE_UNPROVED,codex-primary-wave4,2026-08-15,codex-independent-wave4,2026-08-15,FINAL_TWO_REVIEWER_APPROVED
SENT-0275,52bebecfb2a435d0e7ff2efea557c5799674ded6,Lambda → S3 Vectorsのdense検索 + OpenSearchのBM25 → RRF → reranker → Evidence Set → Converse,独自hybrid経路はLambdaからS3 Vectorsのdense検索とOpenSearchのBM25を並行実行し、RRF、reranker、Evidence Set、Converseの順に処理します。,"AND(AND(AND(AND(AND(ATOM(dense=true), ATOM(rerank=true)), ATOM(retrieval=true)), ATOM(evidence_support=true)), ATOM(s3_vectors=true)), ATOM(opensearch=true))",AND,concrete_technology_claim,UNCLASSIFIED,10.7.3 (docs/10.AWSで設計・実装する/10.7.構成パターン.md:21); authoritative docs commit 52bebecfb2a435d0e7ff2efea557c5799674ded6,,,DEFINITION_OR_SPEC,,,,APPROPRIATE_NORMATIVE,Lambdaからdense検索とBM25を並行実行する独自経路は、chunk_idとversionを揃えてRRF inputからEvidence Set、citationまでを一つのtraceで再現します。片系timeout時もACL適用済みの結果だけをpartialとして扱い別閾値を課すので、失敗挙動まで定義したAPPROPRIATE_NORMATIVEです。,両retrieverのchunk_idとversionを揃え、RRF input、rerank順位、Evidence Set、citationを一つのtraceで再現できること。,片方がtimeoutした場合はACL適用済みの成功側だけを使えるが、partial resultであることを記録し品質閾値を別に適用する。,NOT_APPLICABLE,10.7.3 (docs/10.AWSで設計・実装する/10.7.構成パターン.md:21); authoritative docs commit 52bebecfb2a435d0e7ff2efea557c5799674ded6 の現文を次の文へ置換する: 独自hybrid経路はLambdaからS3 Vectorsのdense検索とOpenSearchのBM25を並行実行し、RRF、reranker、Evidence Set、Converseの順に処理します。 再抽出した文面と分類を照合する。,rag-guide-maintainers,,,,INCONCLUSIVE,NOT_APPLICABLE_UNPROVED,codex-primary-wave4,2026-08-15,codex-independent-wave4,2026-08-15,FINAL_TWO_REVIEWER_APPROVED
SENT-0276,52bebecfb2a435d0e7ff2efea557c5799674ded6,vector保存量をS3 Vectorsへ置きつつ、語彙一致を別検索器で補う構成です。,vector保存とsemantic検索はS3 Vectorsへ置き、語彙一致が必要なqueryは別の疎検索器へ送り、候補をIDで統合します。,"AND(AND(ATOM(lexical=true), ATOM(retrieval=true)), ATOM(s3_vectors=true))",AND,official_product_contract,UNCLASSIFIED,10.7.3 (docs/10.AWSで設計・実装する/10.7.構成パターン.md:23); authoritative docs commit 52bebecfb2a435d0e7ff2efea557c5799674ded6,,,DEFINITION_OR_SPEC,,,,APPROPRIATE_NORMATIVE,S3 Vectorsと疎検索器でdocument_id、chunk_id、version、ACLを一致させ、単独経路と統合後のRecallを同じgold queryで比較する構成です。語彙一致sliceがないかdense単独で合格する業務だけは疎検索器を省略できるため、追加経路の必要性を測定で決めるAPPROPRIATE_NORMATIVEです。,S3 Vectorsと疎検索器でdocument_id、chunk_id、version、ACLを一致させ、同じgold queryで各単独経路と統合後のRecallを記録する。,語彙一致sliceが存在しない、またはdense単独が受入条件を満たす業務では疎検索器を省略できる。,NOT_APPLICABLE,10.7.3 (docs/10.AWSで設計・実装する/10.7.構成パターン.md:23); authoritative docs commit 52bebecfb2a435d0e7ff2efea557c5799674ded6 の現文を次の文へ置換する: vector保存とsemantic検索はS3 Vectorsへ置き、語彙一致が必要なqueryは別の疎検索器へ送り、候補をIDで統合します。 再抽出した文面と分類を照合する。,rag-guide-maintainers,,,,INCONCLUSIVE,NOT_APPLICABLE_UNPROVED,codex-primary-wave4,2026-08-15,codex-independent-wave4,2026-08-15,FINAL_TWO_REVIEWER_APPROVED
SENT-0277,52bebecfb2a435d0e7ff2efea557c5799674ded6,各検索器には同じchunkid、version、filter metadata、アクセス制御属性を登録し、取り込み、更新、削除を両方へ伝播させます。,dense検索器と疎検索器には同じchunk_id、version、filter metadata、ACLを登録し、追加・更新・削除イベントを両方へ同じ順序で反映します。,"AND(ATOM(retrieval=true), ATOM(authorization=true))",AND,general_technical_claim,UNCLASSIFIED,10.7.3 (docs/10.AWSで設計・実装する/10.7.構成パターン.md:23); authoritative docs commit 52bebecfb2a435d0e7ff2efea557c5799674ded6,,,DEFINITION_OR_SPEC,,authorization=true,NOT_APPLICABLE,REWRITE_REQUIRED,「dense検索器と疎検索器には同じchunk_id」の検討では、authorization=trueの趣旨は保ちつつ、検査できる実装条件へ範囲を狭めています。dense検索器と疎検索器には同じchunk_id、version、filter metadata、ACLを登録し、追加・更新・削除イベントを両方へ同じ順序で反映します。 修正文が具体化する対象は「dense検索器と疎検索器には同じchunk_id」です。「dense検索器と疎検索器には同じchunk_id」の証拠境界として、直接locatorがないため、authorization=trueに関する未確定の関係を外部事実として採用しません。「dense検索器と疎検索器には同じchunk_id」の採否について、未確定の関係を局所条件として読める文面にし、教材価値と証拠整合を両立させます。,NOT_APPLICABLE_NON_NORMATIVE,NOT_APPLICABLE_NON_NORMATIVE,NOT_APPLICABLE,10.7.3 (docs/10.AWSで設計・実装する/10.7.構成パターン.md:23); authoritative docs commit 52bebecfb2a435d0e7ff2efea557c5799674ded6 の現文を次の文へ置換する: dense検索器と疎検索器には同じchunk_id、version、filter metadata、ACLを登録し、追加・更新・削除イベントを両方へ同じ順序で反映します。 再抽出した文面と分類を照合する。,rag-guide-maintainers,,,,INCONCLUSIVE,NOT_APPLICABLE_UNPROVED,codex-primary-wave4,2026-08-15,codex-independent-wave4,2026-08-15,FINAL_TWO_REVIEWER_APPROVED
SENT-0278,52bebecfb2a435d0e7ff2efea557c5799674ded6,初期値として各20件を取得し、RRFで20件へ統合してから5件へrerankします。,,"AND(ATOM(rerank=true), ATOM(retrieval=true))",AND,concrete_technology_claim,UNCLASSIFIED,10.7.3 (docs/10.AWSで設計・実装する/10.7.構成パターン.md:23); authoritative docs commit 52bebecfb2a435d0e7ff2efea557c5799674ded6,,,DEFINITION_OR_SPEC,,,,APPROPRIATE_NORMATIVE,初期値として各20件を取得し、RRFで20件へ統合してから5件へrerankするという検索経路は、候補の収集・統合・選択を再現可能にするガイド内の決定です。この規則の統合規則をversion管理し、複数retrieverが返す既知rank listから期待するcandidate順序を再現し、生scoreの無条件加算や重複candidateが発生しないことを確認する。 さらに、この規則と異なる統合方式はcalibration済みscoreまたは別rerankerとしてversion管理できるが、未調整の異尺度scoreを黙って直接加算しない。 この扱いを例外として記録します。 検索結果の合格条件と別経路へ切り替える条件が検査できるため、APPROPRIATE_NORMATIVEです。,初期値として各20件を取得し、RRFで20件へ統合してから5件へrerankすることを定める検索・経路選択規則について、この規則の統合規則をversion管理し、複数retrieverが返す既知rank listから期待するcandidate順序を再現し、生scoreの無条件加算や重複candidateが発生しないことを確認する。,初期値として各20件を取得し、RRFで20件へ統合してから5件へrerankすることを定める検索・経路選択規則の例外として、この規則と異なる統合方式はcalibration済みscoreまたは別rerankerとしてversion管理できるが、未調整の異尺度scoreを黙って直接加算しない。,NOT_APPLICABLE,10.7.3 (docs/10.AWSで設計・実装する/10.7.構成パターン.md:23); authoritative docs commit 52bebecfb2a435d0e7ff2efea557c5799674ded6 の本文を維持し、normative_criteriaとexceptionsを設計台帳へ固定する。,rag-guide-maintainers,,,,INCONCLUSIVE,NOT_APPLICABLE_UNPROVED,codex-primary-wave4,2026-08-15,codex-independent-wave4,2026-08-15,FINAL_TWO_REVIEWER_APPROVED
SENT-0279,52bebecfb2a435d0e7ff2efea557c5799674ded6,denseのみ、BM25のみ、統合後を別々に記録し、各retrieverのtimeoutと部分失敗も評価します。,,"AND(AND(ATOM(dense=true), ATOM(retrieval=true)), ATOM(evaluation=true))",AND,concrete_technology_claim,UNCLASSIFIED,10.7.3 (docs/10.AWSで設計・実装する/10.7.構成パターン.md:23); authoritative docs commit 52bebecfb2a435d0e7ff2efea557c5799674ded6,,,DEFINITION_OR_SPEC,,,,APPROPRIATE_NORMATIVE,denseのみ、BM25のみ、統合後を別々に記録し、各retrieverのtimeoutと部分失敗も評価するという採否判断は、比較対象と合格条件を実行結果で識別するために置きます。この規則で列挙した記録項目を同じrun IDへ保存し、各項目が欠損せず、変更前後の差分をquestionまたはdocument単位で逆引きできることを確認する。 さらに、判定に必要なgold evidenceがないslice、標本不足のslice、負荷条件が異なるrunは合否集計から分離し、他sliceの平均結果を外挿しない。 この扱いを例外として記録します。 同じ条件での比較と採用しない条件を両方記録できるため、APPROPRIATE_NORMATIVEです。,denseのみ、BM25のみ、統合後を別々に記録し、各retrieverのtimeoutと部分失敗も評価することを定める評価・採否規則について、この規則で列挙した記録項目を同じrun IDへ保存し、各項目が欠損せず、変更前後の差分をquestionまたはdocument単位で逆引きできることを確認する。,denseのみ、BM25のみ、統合後を別々に記録し、各retrieverのtimeoutと部分失敗も評価することを定める評価・採否規則の例外として、判定に必要なgold evidenceがないslice、標本不足のslice、負荷条件が異なるrunは合否集計から分離し、他sliceの平均結果を外挿しない。,NOT_APPLICABLE,10.7.3 (docs/10.AWSで設計・実装する/10.7.構成パターン.md:23); authoritative docs commit 52bebecfb2a435d0e7ff2efea557c5799674ded6 の本文を維持し、normative_criteriaとexceptionsを設計台帳へ固定する。,rag-guide-maintainers,,,,INCONCLUSIVE,NOT_APPLICABLE_UNPROVED,codex-primary-wave4,2026-08-15,codex-independent-wave4,2026-08-15,FINAL_TWO_REVIEWER_APPROVED
SENT-0280,52bebecfb2a435d0e7ff2efea557c5799674ded6,LambdaまたはStep Functions → Knowledge Bases + Athena/Aurora/Redshift + Neptune Analytics → Evidence Set → Converse,複合検索経路はLambdaまたはStep FunctionsからKnowledge Bases、Athena/Aurora/Redshift、Neptune Analyticsを呼び、結果をEvidence Setへ正規化してConverseへ渡します。,"AND(AND(ATOM(external_knowledge=true), ATOM(evidence_support=true)), ATOM(bedrock_kb=true))",AND,official_product_contract,UNCLASSIFIED,10.7.4 (docs/10.AWSで設計・実装する/10.7.構成パターン.md:27); authoritative docs commit 52bebecfb2a435d0e7ff2efea557c5799674ded6,,,DEFINITION_OR_SPEC,,,,APPROPRIATE_NORMATIVE,Knowledge Bases、構造化query、graph queryの結果をEvidence Setへ正規化し、各sourceの権限、timeout、schema、provenanceから元recordへ逆引きできることを求めます。質問に不要なsourceを外す場合も理由とanswerabilityへの影響をtraceへ残すので、複合検索の包含条件を監査できるAPPROPRIATE_NORMATIVEです。,各sourceのquery、権限、timeout、result schema、provenanceを固定し、Evidence Setから元recordまで逆引きできること。,対象質問に不要なsourceはrouteから外せるが、外した理由とanswerabilityへの影響をtraceへ残す。,NOT_APPLICABLE,10.7.4 (docs/10.AWSで設計・実装する/10.7.構成パターン.md:27); authoritative docs commit 52bebecfb2a435d0e7ff2efea557c5799674ded6 の現文を次の文へ置換する: 複合検索経路はLambdaまたはStep FunctionsからKnowledge Bases、Athena/Aurora/Redshift、Neptune Analyticsを呼び、結果をEvidence Setへ正規化してConverseへ渡します。 再抽出した文面と分類を照合する。,rag-guide-maintainers,,,,INCONCLUSIVE,NOT_APPLICABLE_UNPROVED,codex-primary-wave4,2026-08-15,codex-independent-wave4,2026-08-15,FINAL_TWO_REVIEWER_APPROVED
SENT-0282,52bebecfb2a435d0e7ff2efea557c5799674ded6,結果はsource scoreを直接加算せず、役割とprovenanceを持つEvidence Setへ変換します。,検索器ごとの生スコアは直接加算せず、各候補をcitation_id、chunk_id、document_id、version、source_uri、retrieval_rank、text、roleを持つEvidence Setへ正規化します。,"NOT(AND(ATOM(evidence_support=true), ATOM(empirical_result=true)))",NOT,empirical_or_research_claim,UNCLASSIFIED,10.7.4 (docs/10.AWSで設計・実装する/10.7.構成パターン.md:29); authoritative docs commit 52bebecfb2a435d0e7ff2efea557c5799674ded6,,,DEFINITION_OR_SPEC,,,,APPROPRIATE_NORMATIVE,検索器ごとの生スコアは直接加算せず、各候補をcitation_id、chunk_id、document_id、version、source_uri、retrieval_rank、text、roleを持つEvidence Setへ正規化するという検索経路は、候補の収集・統合・選択を再現可能にするガイド内の決定です。各候補に安定ID、検索器、元順位、元score、文書版、権限属性を付け、Evidence Setまでの変換をtraceで再現できること。 さらに、共通尺度への校正方法と校正データを固定し、回帰試験で妥当性を確認したscoreだけは直接統合に利用できる。 この扱いを例外として記録します。 検索結果の合格条件と別経路へ切り替える条件が検査できるため、APPROPRIATE_NORMATIVEです。,各候補に安定ID、検索器、元順位、元score、文書版、権限属性を付け、Evidence Setまでの変換をtraceで再現できること。,共通尺度への校正方法と校正データを固定し、回帰試験で妥当性を確認したscoreだけは直接統合に利用できる。,NOT_APPLICABLE,10.7.4 (docs/10.AWSで設計・実装する/10.7.構成パターン.md:29); authoritative docs commit 52bebecfb2a435d0e7ff2efea557c5799674ded6 の現文を次の文へ置換する: 検索器ごとの生スコアは直接加算せず、各候補をcitation_id、chunk_id、document_id、version、source_uri、retrieval_rank、text、roleを持つEvidence Setへ正規化します。 再抽出した文面と分類を照合する。,rag-guide-maintainers,,,,INCONCLUSIVE,NOT_APPLICABLE_UNPROVED,codex-primary-wave4,2026-08-15,codex-independent-wave4,2026-08-15,FINAL_TWO_REVIEWER_APPROVED
SENT-0289,52bebecfb2a435d0e7ff2efea557c5799674ded6,表の値を答えるquery、図を探すquery、ページ全体の意味を問うqueryで評価し、text-onlyの基準を上回る処理だけを残します。,,"AND(ATOM(evaluation=true), ATOM(empirical_result=true))",AND,empirical_or_research_claim,UNCLASSIFIED,10.7.5 (docs/10.AWSで設計・実装する/10.7.構成パターン.md:37); authoritative docs commit 52bebecfb2a435d0e7ff2efea557c5799674ded6,,,DEFINITION_OR_SPEC,,,,APPROPRIATE_NORMATIVE,表の値を答えるquery、図を探すquery、ページ全体の意味を問うqueryで評価し、text-onlyの基準を上回る処理だけを残すという採否判断は、比較対象と合格条件を実行結果で識別するために置きます。本文に列挙した対象・条件・指標を個別fieldへ保存し、同一runの実装結果または評価結果と一致することを確認する。 さらに、判定に必要なgold evidenceがないslice、標本不足のslice、負荷条件が異なるrunは合否集計から分離し、他sliceの平均結果を外挿しない。 この扱いを例外として記録します。 同じ条件での比較と採用しない条件を両方記録できるため、APPROPRIATE_NORMATIVEです。,表の値を答えるquery、図を探すquery、ページ全体の意味を問うqueryで評価し、text-onlyの基準を上回る処理だけを残すことを定める評価・採否規則について、本文に列挙した対象・条件・指標を個別fieldへ保存し、同一runの実装結果または評価結果と一致することを確認する。,表の値を答えるquery、図を探すquery、ページ全体の意味を問うqueryで評価し、text-onlyの基準を上回る処理だけを残すことを定める評価・採否規則の例外として、判定に必要なgold evidenceがないslice、標本不足のslice、負荷条件が異なるrunは合否集計から分離し、他sliceの平均結果を外挿しない。,NOT_APPLICABLE,10.7.5 (docs/10.AWSで設計・実装する/10.7.構成パターン.md:37); authoritative docs commit 52bebecfb2a435d0e7ff2efea557c5799674ded6 の本文を維持し、normative_criteriaとexceptionsを設計台帳へ固定する。,rag-guide-maintainers,,,,INCONCLUSIVE,NOT_APPLICABLE_UNPROVED,codex-primary-wave4,2026-08-15,codex-independent-wave4,2026-08-15,FINAL_TWO_REVIEWER_APPROVED
SENT-0290,52bebecfb2a435d0e7ff2efea557c5799674ded6,Multimodal Knowledge Baseの対応parser、model、image保存先を実装時に確認します。,,"AND(AND(AND(ATOM(multimodal=true), ATOM(external_knowledge=true)), ATOM(bedrock_kb=true)), ATOM(parsing=true))",AND,externally_cited_claim,UNCLASSIFIED,10.7.5 (docs/10.AWSで設計・実装する/10.7.構成パターン.md:37); authoritative docs commit 52bebecfb2a435d0e7ff2efea557c5799674ded6,,,DEFINITION_OR_SPEC,,,,APPROPRIATE_NORMATIVE,Multimodal Knowledge Baseの対応parser、model、image保存先を実装時に確認するという構成契約は、対象versionと実装の不一致を公開前に止めるための要件です。Multimodal Knowledge Baseについて、利用regionの対応parser、対応model、image保存先をdeployment manifestへ固定し、画像を含むfixtureの取り込み・検索・引用が成功することを確認してから有効化する。 適用境界では、parser、model、image保存先のいずれかが利用regionの公式仕様で確認できない場合はmultimodal経路を公開せず、text-only経路へ戻す。 実際の接続結果と仕様変更時の切替条件を確認できるため、APPROPRIATE_NORMATIVEです。,Multimodal Knowledge Baseについて、利用regionの対応parser、対応model、image保存先をdeployment manifestへ固定し、画像を含むfixtureの取り込み・検索・引用が成功することを確認してから有効化する。,parser、model、image保存先のいずれかが利用regionの公式仕様で確認できない場合はmultimodal経路を公開せず、text-only経路へ戻す。,NOT_APPLICABLE,10.7.5 (docs/10.AWSで設計・実装する/10.7.構成パターン.md:37); authoritative docs commit 52bebecfb2a435d0e7ff2efea557c5799674ded6 の本文を維持し、normative_criteriaとexceptionsを設計台帳へ固定する。,rag-guide-maintainers,,,,INCONCLUSIVE,NOT_APPLICABLE_UNPROVED,codex-primary-wave4,2026-08-15,codex-independent-wave4,2026-08-15,FINAL_TWO_REVIEWER_APPROVED
SENT-0293,52bebecfb2a435d0e7ff2efea557c5799674ded6,Managed Knowledge BaseではRetrieveAndGenerateを使用せず、検索にRetrieveまたはAgenticRetrieveStreamを使います。,,"NOT(AND(AND(AND(AND(ATOM(retrieval=true), ATOM(generation=true)), ATOM(external_knowledge=true)), ATOM(bedrock_kb=true)), ATOM(retrieve_and_generate=true)))",NOT,official_product_contract,UNCLASSIFIED,10.7.6 (docs/10.AWSで設計・実装する/10.7.構成パターン.md:44); authoritative docs commit 52bebecfb2a435d0e7ff2efea557c5799674ded6,,,DEFINITION_OR_SPEC,,,,APPROPRIATE_NORMATIVE,Managed Knowledge BaseではRetrieveAndGenerateを使用せず、検索にRetrieveまたはAgenticRetrieveStreamを使うという運用要件は、実行時の判断を担当者ごとにぶらさないためのローカル規則です。この規則に含まれるservice、API、operator、region、versionをmanifestへ固定し、公式仕様の該当headingと実requestの成功・非対応errorが一致することを確認する。 適用境界では、対象service/APIが対象region/versionで非対応または仕様変更済みの場合はその構成を有効化せず、対応機能へ切り替えて同じintegration testを再実行する。 実装結果と例外発生時の扱いを個別に検査できるため、APPROPRIATE_NORMATIVEです。,Managed Knowledge BaseではRetrieveAndGenerateを使用せず、検索にRetrieveまたはAgenticRetrieveStreamを使うことを定める運用規則について、この規則に含まれるservice、API、operator、region、versionをmanifestへ固定し、公式仕様の該当headingと実requestの成功・非対応errorが一致することを確認する。,Managed Knowledge BaseではRetrieveAndGenerateを使用せず、検索にRetrieveまたはAgenticRetrieveStreamを使うことを定める運用規則の例外として、対象service/APIが対象region/versionで非対応または仕様変更済みの場合はその構成を有効化せず、対応機能へ切り替えて同じintegration testを再実行する。,NOT_APPLICABLE,10.7.6 (docs/10.AWSで設計・実装する/10.7.構成パターン.md:44); authoritative docs commit 52bebecfb2a435d0e7ff2efea557c5799674ded6 の本文を維持し、normative_criteriaとexceptionsを設計台帳へ固定する。,rag-guide-maintainers,,,,INCONCLUSIVE,NOT_APPLICABLE_UNPROVED,codex-primary-wave4,2026-08-15,codex-independent-wave4,2026-08-15,FINAL_TWO_REVIEWER_APPROVED
SENT-0299,52bebecfb2a435d0e7ff2efea557c5799674ded6,Amazon Bedrock Knowledge Basesを中心に、取り込み、検索、根拠整形、生成、評価をどこまでマネージド機能へ任せ、どこから独自処理へ分けるかを扱います。,,"AND(AND(AND(AND(AND(ATOM(retrieval=true), ATOM(generation=true)), ATOM(external_knowledge=true)), ATOM(evidence_support=true)), ATOM(evaluation=true)), ATOM(bedrock_kb=true))",AND,official_product_contract,UNCLASSIFIED,INTRO-10 (docs/10.AWSで設計・実装する/序文.md:3); authoritative docs commit 52bebecfb2a435d0e7ff2efea557c5799674ded6,,,DEFINITION_OR_SPEC,,,,APPROPRIATE_NORMATIVE,Amazon Bedrock Knowledge Basesを中心に、取り込み、検索、根拠整形、生成、評価をどこまでマネージド機能へ任せ、どこから独自処理へ分けるかを扱うという採否判断は、比較対象と合格条件を実行結果で識別するために置きます。この規則に示したservice経路を対象regionで一件ずつ実行し、各stageのrequest/response、artifact ID、failure responseを同じintegration traceへ保存する。 適用境界では、対象service/APIが対象region/versionで非対応または仕様変更済みの場合はその構成を有効化せず、対応機能へ切り替えて同じintegration testを再実行する。 同じ条件での比較と採用しない条件を両方記録できるため、APPROPRIATE_NORMATIVEです。,Amazon Bedrock Knowledge Basesを中心に、取り込み、検索、根拠整形、生成、評価をどこまでマネージド機能へ任せ、どこから独自処理へ分けるかを扱うことを定める評価・採否規則について、この規則に示したservice経路を対象regionで一件ずつ実行し、各stageのrequest/response、artifact ID、failure responseを同じintegration traceへ保存する。,Amazon Bedrock Knowledge Basesを中心に、取り込み、検索、根拠整形、生成、評価をどこまでマネージド機能へ任せ、どこから独自処理へ分けるかを扱うことを定める評価・採否規則の例外として、対象service/APIが対象region/versionで非対応または仕様変更済みの場合はその構成を有効化せず、対応機能へ切り替えて同じintegration testを再実行する。,NOT_APPLICABLE,INTRO-10 (docs/10.AWSで設計・実装する/序文.md:3); authoritative docs commit 52bebecfb2a435d0e7ff2efea557c5799674ded6 の本文を維持し、normative_criteriaとexceptionsを設計台帳へ固定する。,rag-guide-maintainers,,,,INCONCLUSIVE,NOT_APPLICABLE_UNPROVED,codex-primary-wave4,2026-08-15,codex-independent-wave4,2026-08-15,FINAL_TWO_REVIEWER_APPROVED
SENT-0304,52bebecfb2a435d0e7ff2efea557c5799674ded6,embedding modelと次元、chunking、vector store、検索方式、候補数、metadata filter、reranking、Evidence Set、生成、評価を対象とします。,,"AND(AND(AND(AND(AND(AND(AND(AND(ATOM(rerank=true), ATOM(chunking=true)), ATOM(retrieval=true)), ATOM(generation=true)), ATOM(evidence_support=true)), ATOM(evaluation=true)), ATOM(metadata_filter=true)), ATOM(embedding_model=true)), ATOM(dimension_contract=true))",AND,general_technical_claim,UNCLASSIFIED,INTRO-10 (docs/10.AWSで設計・実装する/序文.md:7); authoritative docs commit 52bebecfb2a435d0e7ff2efea557c5799674ded6,,,DEFINITION_OR_SPEC,,,,APPROPRIATE_NORMATIVE,embedding modelと次元、chunking、vector store、検索方式、候補数、metadata filter、reranking、Evidence Set、生成、評価を対象とするという採否判断は、比較対象と合格条件を実行結果で識別するために置きます。この規則に含まれるretriever、candidate数、rank処理を固定したtest queryを実行し、統合前後のcandidate ID・rank・score変換が記述した順序と選択規則に一致することを確認する。 さらに、初期値・候補は対象datasetで再調整できるが、変更値、baseline、採用理由を同じresult tableへ残し、未比較の値を既定値として固定しない。 この扱いを例外として記録します。 同じ条件での比較と採用しない条件を両方記録できるため、APPROPRIATE_NORMATIVEです。,embedding modelと次元、chunking、vector store、検索方式、候補数、metadata filter、reranking、Evidence Set、生成、評価を対象とすることを定める評価・採否規則について、この規則に含まれるretriever、candidate数、rank処理を固定したtest queryを実行し、統合前後のcandidate ID・rank・score変換が記述した順序と選択規則に一致することを確認する。,embedding modelと次元、chunking、vector store、検索方式、候補数、metadata filter、reranking、Evidence Set、生成、評価を対象とすることを定める評価・採否規則の例外として、初期値・候補は対象datasetで再調整できるが、変更値、baseline、採用理由を同じresult tableへ残し、未比較の値を既定値として固定しない。,NOT_APPLICABLE,INTRO-10 (docs/10.AWSで設計・実装する/序文.md:7); authoritative docs commit 52bebecfb2a435d0e7ff2efea557c5799674ded6 の本文を維持し、normative_criteriaとexceptionsを設計台帳へ固定する。,rag-guide-maintainers,,,,INCONCLUSIVE,NOT_APPLICABLE_UNPROVED,codex-primary-wave4,2026-08-15,codex-independent-wave4,2026-08-15,FINAL_TWO_REVIEWER_APPROVED
SENT-0310,52bebecfb2a435d0e7ff2efea557c5799674ded6,Huangらのサーベイは、単一回の検索だけでなく、反復検索や複数段階の検索も、検索前処理、検索、検索後処理、生成の四段階で整理しています。,Huangらのサーベイは、整理対象としたRAG研究を、単一検索に限らず反復検索と複数段階検索も含め、検索前処理、検索、検索後処理、生成の四段階へ分類しています。,"AND(AND(ATOM(multi_hop=true), ATOM(retrieval=true)), ATOM(generation=true))",AND,externally_cited_claim,UNCLASSIFIED,2.1.1 (docs/2.アーキテクチャ/2.1.RAGパイプライン全体像.md:6); authoritative docs commit 52bebecfb2a435d0e7ff2efea557c5799674ded6,SRC-008,SRC-008 https://doi.org/10.1145/3805774 — primary_page inspected 2026-08-15; 現主張への直接locatorは未確定,AUTHOR_CLAIM,NONE_DIRECTLY_VERIFIED,multi_hop=true,NOT_APPLICABLE,REWRITE_REQUIRED,doi.orgの一次資料ページへの参照は台帳にありますが、multi_hopについて各要素と結論との直接の対応まで同時に再特定できる直接箇所が確定していません。資料の帰属範囲をHuangらのサーベイは、整理対象としたRAG研究を、単一検索に限らず反復検索と複数段階検索も含め、検索前処理、検索、検索後処理、生成の四段階へ分類しているという限定まで狭め、候補URLの存在だけで機序や結果を補わない文へ変更します。 修正文にある主体と操作対象は保ちつつ、直接根拠を越える各要素と結論との直接の対応を落とす差分なので、REWRITE_REQUIREDと判定します。,NOT_APPLICABLE_NON_NORMATIVE,NOT_APPLICABLE_NON_NORMATIVE,UNVERIFIED,2.1.1 (docs/2.アーキテクチャ/2.1.RAGパイプライン全体像.md:6); authoritative docs commit 52bebecfb2a435d0e7ff2efea557c5799674ded6 の現文を次の文へ置換する: Huangらのサーベイは、整理対象としたRAG研究を、単一検索に限らず反復検索と複数段階検索も含め、検索前処理、検索、検索後処理、生成の四段階へ分類しています。 再抽出した文面と分類を照合する。,rag-guide-maintainers,,,,INCONCLUSIVE,NOT_APPLICABLE_UNPROVED,codex-primary-wave4,2026-08-15,codex-independent-wave4,2026-08-15,FINAL_TWO_REVIEWER_APPROVED
SENT-0327,52bebecfb2a435d0e7ff2efea557c5799674ded6,検索前処理のうち、文書解析、分割、埋め込み、索引作成はBatch Layerで動き、質問理解と質問変換はReal-time Layerで動きます。,,"AND(ATOM(retrieval=true), ATOM(parsing=true))",AND,general_technical_claim,UNCLASSIFIED,2.1.2 (docs/2.アーキテクチャ/2.1.RAGパイプライン全体像.md:26); authoritative docs commit 52bebecfb2a435d0e7ff2efea557c5799674ded6,,,DEFINITION_OR_SPEC,,,,APPROPRIATE_NORMATIVE,検索前処理のうち、文書解析、分割、埋め込み、索引作成はBatch Layerで動き、質問理解と質問変換はReal-time Layerで動くという運用要件は、実行時の判断を担当者ごとにぶらさないためのローカル規則です。文書解析、分割、埋め込み、索引作成をBatch Layerのjobとして、質問理解と質問変換をReal-time Layerのrequestとしてdeployment manifestに分類し、online requestがbatch job完了を同期的に待たないことを確認する。 さらに、継続取り込みを行う小規模更新はstreaming jobとして実装できるが、質問request内で文書全体の再解析・再索引を実行しない。 この扱いを例外として記録します。 実装結果と例外発生時の扱いを個別に検査できるため、APPROPRIATE_NORMATIVEです。,文書解析、分割、埋め込み、索引作成をBatch Layerのjobとして、質問理解と質問変換をReal-time Layerのrequestとしてdeployment manifestに分類し、online requestがbatch job完了を同期的に待たないことを確認する。,継続取り込みを行う小規模更新はstreaming jobとして実装できるが、質問request内で文書全体の再解析・再索引を実行しない。,NOT_APPLICABLE,2.1.2 (docs/2.アーキテクチャ/2.1.RAGパイプライン全体像.md:26); authoritative docs commit 52bebecfb2a435d0e7ff2efea557c5799674ded6 の本文を維持し、normative_criteriaとexceptionsを設計台帳へ固定する。,rag-guide-maintainers,,,,INCONCLUSIVE,NOT_APPLICABLE_UNPROVED,codex-primary-wave4,2026-08-15,codex-independent-wave4,2026-08-15,FINAL_TWO_REVIEWER_APPROVED
SENT-0351,52bebecfb2a435d0e7ff2efea557c5799674ded6,| 検索後処理 | Context compression | [第5章 5.4.](../5.根拠を選別・整形する/5.4.Context compression.md) |,| 検索後処理 | Context compression | [第5章 5.4.](../5.根拠を選別・整形する/5.4.Context compression.md) |,"AND(AND(ATOM(retrieval=true), ATOM(evidence_support=true)), ATOM(context_compression=true))",AND,general_technical_claim,UNCLASSIFIED,2.1.3 (docs/2.アーキテクチャ/2.1.RAGパイプライン全体像.md:59); authoritative docs commit 52bebecfb2a435d0e7ff2efea557c5799674ded6,SRC-008,SRC-008 https://doi.org/10.1145/3805774 — primary_page inspected 2026-08-15; 現主張への直接locatorは未確定,DEFINITION_OR_SPEC,NONE_DIRECTLY_VERIFIED,context_compression=true;evidence_support=true,NOT_APPLICABLE,REMOVE_OR_REPLACE,| 検索後処理 | Context compression | [第5章 5.4.](../5.根拠を選別・整形する/5.4.Context compression.md) | この行は 2.1.3 (docs/2.アーキテクチャ/2.1.RAGパイプライン全体像.md:59); authoritative docs commit 52bebecfb2a435d0e7ff2efea557c5799674ded6 にあるMarkdown表示単位で、単独の技術命題として検証できる主語・述語を備えていません。表示は維持しつつ context_compression=true;evidence_support=true を証拠要求の命題集合から除外するため、REMOVE_OR_REPLACEの分類overrideを適用します。,NOT_APPLICABLE_NON_NORMATIVE,NOT_APPLICABLE_NON_NORMATIVE,UNVERIFIED,2.1.3 (docs/2.アーキテクチャ/2.1.RAGパイプライン全体像.md:59); authoritative docs commit 52bebecfb2a435d0e7ff2efea557c5799674ded6 のMarkdown表示は維持し、Wave 4分類overrideで技術的事実の命題集合から除外する。,rag-guide-maintainers,,,,INCONCLUSIVE,NOT_APPLICABLE_UNPROVED,codex-primary-wave4,2026-08-15,codex-independent-wave4,2026-08-15,FINAL_TWO_REVIEWER_APPROVED
SENT-0360,52bebecfb2a435d0e7ff2efea557c5799674ded6,| 生成 | Citation | [第6章 6.4.](../6.根拠に基づいて回答する/6.4.Citation設計.md) |,| 生成 | Citation | [第6章 6.4.](../6.根拠に基づいて回答する/6.4.Citation設計.md) |,"AND(AND(ATOM(generation=true), ATOM(citation=true)), ATOM(evidence_support=true))",AND,general_technical_claim,UNCLASSIFIED,2.1.3 (docs/2.アーキテクチャ/2.1.RAGパイプライン全体像.md:70); authoritative docs commit 52bebecfb2a435d0e7ff2efea557c5799674ded6,SRC-008,SRC-008 https://doi.org/10.1145/3805774 — primary_page inspected 2026-08-15; 現主張への直接locatorは未確定,DEFINITION_OR_SPEC,NONE_DIRECTLY_VERIFIED,citation=true;evidence_support=true,NOT_APPLICABLE,REMOVE_OR_REPLACE,| 生成 | Citation | [第6章 6.4.](../6.根拠に基づいて回答する/6.4.Citation設計.md) | この行は 2.1.3 (docs/2.アーキテクチャ/2.1.RAGパイプライン全体像.md:70); authoritative docs commit 52bebecfb2a435d0e7ff2efea557c5799674ded6 にあるMarkdown表示単位で、単独の技術命題として検証できる主語・述語を備えていません。表示は維持しつつ citation=true;evidence_support=true を証拠要求の命題集合から除外するため、REMOVE_OR_REPLACEの分類overrideを適用します。,NOT_APPLICABLE_NON_NORMATIVE,NOT_APPLICABLE_NON_NORMATIVE,UNVERIFIED,2.1.3 (docs/2.アーキテクチャ/2.1.RAGパイプライン全体像.md:70); authoritative docs commit 52bebecfb2a435d0e7ff2efea557c5799674ded6 のMarkdown表示は維持し、Wave 4分類overrideで技術的事実の命題集合から除外する。,rag-guide-maintainers,,,,INCONCLUSIVE,NOT_APPLICABLE_UNPROVED,codex-primary-wave4,2026-08-15,codex-independent-wave4,2026-08-15,FINAL_TWO_REVIEWER_APPROVED
SENT-0365,52bebecfb2a435d0e7ff2efea557c5799674ded6,四工程を横断する評価は[第7章](../7.品質を評価し改善する/序文.md)、RAG固有の非機能と運用は[第8章](../8.安全に運用する/序文.md)で確認します。,,"AND(ATOM(evaluation=true), ATOM(empirical_result=true))",AND,empirical_or_research_claim,UNCLASSIFIED,2.1.3 (docs/2.アーキテクチャ/2.1.RAGパイプライン全体像.md:76); authoritative docs commit 52bebecfb2a435d0e7ff2efea557c5799674ded6,,,DEFINITION_OR_SPEC,,,,APPROPRIATE_NORMATIVE,四工程を横断する評価は[第7章](../7.品質を評価し改善する/序文.md)、RAG固有の非機能と運用は[第8章](../8.安全に運用する/序文.md)で確認するという採否判断は、比較対象と合格条件を実行結果で識別するために置きます。第7章・第8章への参照 ../7.品質を評価し改善する/序文.md、../8.安全に運用する/序文.md がrepository内で解決し、リンク先に本文が案内する定義・評価手順が存在することをlink checkと章レビューで確認します。 適用境界では、章名またはfile pathを変更する場合は、第7章・第8章への全参照を同じ変更で更新し、旧参照が一件も残らないことをlink checkで確認した場合に限って新しい参照先を使えます。 同じ条件での比較と採用しない条件を両方記録できるため、APPROPRIATE_NORMATIVEです。,四工程を横断する評価は[第7章](../7.品質を評価し改善する/序文.md)、RAG固有の非機能と運用は[第8章](../8.安全に運用する/序文.md)で確認します。 第7章・第8章への参照 ../7.品質を評価し改善する/序文.md、../8.安全に運用する/序文.md がrepository内で解決し、リンク先に本文が案内する定義・評価手順が存在することをlink checkと章レビューで確認します。,四工程を横断する評価は[第7章](../7.品質を評価し改善する/序文.md)、RAG固有の非機能と運用は[第8章](../8.安全に運用する/序文.md)で確認します。 章名またはfile pathを変更する場合は、第7章・第8章への全参照を同じ変更で更新し、旧参照が一件も残らないことをlink checkで確認した場合に限って新しい参照先を使えます。,NOT_APPLICABLE,2.1.3 (docs/2.アーキテクチャ/2.1.RAGパイプライン全体像.md:76); authoritative docs commit 52bebecfb2a435d0e7ff2efea557c5799674ded6 の本文を維持し、normative_criteriaとexceptionsを設計台帳へ固定する。,rag-guide-maintainers,,,,INCONCLUSIVE,NOT_APPLICABLE_UNPROVED,codex-primary-wave4,2026-08-15,codex-independent-wave4,2026-08-15,FINAL_TWO_REVIEWER_APPROVED
SENT-0372,52bebecfb2a435d0e7ff2efea557c5799674ded6,各文書とチャンクには、出典、版、時点、分類、来歴、アクセス制御属性を付けます。,,"AND(ATOM(temporal_freshness=true), ATOM(authorization=true))",AND,general_technical_claim,UNCLASSIFIED,2.2.1 (docs/2.アーキテクチャ/2.2.検索前処理の概要.md:11); authoritative docs commit 52bebecfb2a435d0e7ff2efea557c5799674ded6,,,DEFINITION_OR_SPEC,,,,APPROPRIATE_NORMATIVE,各文書とチャンクには、出典、版、時点、分類、来歴、アクセス制御属性を付けるという追跡要件は、後続工程から入力と版へ戻るための局所契約です。この規則に列挙したauthorization、document/chunk、rank、evidence、answer、citation、configuration versionを一つのtrace IDへ保存し、許可外itemがtrace内にゼロ件であることを検査する。 適用境界では、この規則より法令、契約、組織policyが厳しい場合は厳しい統制を優先し、性能、可用性、費用を理由に対象resourceのauthorizationまたは隔離を省略しない。 逆引き可能性と保存上の例外を台帳で確かめられるため、APPROPRIATE_NORMATIVEです。,各文書とチャンクには、出典、版、時点、分類、来歴、アクセス制御属性を付けることを定める追跡性・証跡管理規則について、この規則に列挙したauthorization、document/chunk、rank、evidence、answer、citation、configuration versionを一つのtrace IDへ保存し、許可外itemがtrace内にゼロ件であることを検査する。,各文書とチャンクには、出典、版、時点、分類、来歴、アクセス制御属性を付けることを定める追跡性・証跡管理規則の例外として、この規則より法令、契約、組織policyが厳しい場合は厳しい統制を優先し、性能、可用性、費用を理由に対象resourceのauthorizationまたは隔離を省略しない。,NOT_APPLICABLE,2.2.1 (docs/2.アーキテクチャ/2.2.検索前処理の概要.md:11); authoritative docs commit 52bebecfb2a435d0e7ff2efea557c5799674ded6 の本文を維持し、normative_criteriaとexceptionsを設計台帳へ固定する。,rag-guide-maintainers,,,,INCONCLUSIVE,NOT_APPLICABLE_UNPROVED,codex-primary-wave4,2026-08-15,codex-independent-wave4,2026-08-15,FINAL_TWO_REVIEWER_APPROVED
SENT-0373,52bebecfb2a435d0e7ff2efea557c5799674ded6,文書の表現は、語彙一致に使う疎な索引と、意味の近さに使う埋め込み・ベクトル索引へ登録できます。,本ガイドの取り込みでは、同じdocument versionから、語彙一致用のsparse indexと意味類似用のembedding・vector indexを作成します。,"AND(ATOM(lexical=true), ATOM(sparse=true))",AND,general_technical_claim,できます,2.2.1 (docs/2.アーキテクチャ/2.2.検索前処理の概要.md:13); authoritative docs commit 52bebecfb2a435d0e7ff2efea557c5799674ded6,SRC-008,SRC-008 https://doi.org/10.1145/3805774 — primary_page inspected 2026-08-15; 現主張への直接locatorは未確定,AUTHOR_CLAIM,NONE_DIRECTLY_VERIFIED,lexical=true;sparse=true,NOT_APPLICABLE,REWRITE_REQUIRED,doi.orgの一次資料ページへの参照は台帳にありますが、lexical、sparseについて各要素と結論との直接の対応まで同時に再特定できる直接箇所が確定していません。本文に残すのは、本ガイドの取り込みでは、同じdocument versionから、語彙一致用のsparse indexと意味類似用のembedding・vector indexを作成するという対象範囲です。lexical、sparseについて未確認の因果までは導きません。 修正文にある主体と操作対象は保ちつつ、直接根拠を越える各要素と結論との直接の対応を落とす差分なので、REWRITE_REQUIREDと判定します。,NOT_APPLICABLE_NON_NORMATIVE,NOT_APPLICABLE_NON_NORMATIVE,UNVERIFIED,2.2.1 (docs/2.アーキテクチャ/2.2.検索前処理の概要.md:13); authoritative docs commit 52bebecfb2a435d0e7ff2efea557c5799674ded6 の現文を次の文へ置換する: 本ガイドの取り込みでは、同じdocument versionから、語彙一致用のsparse indexと意味類似用のembedding・vector indexを作成します。 再抽出した文面と分類を照合する。,rag-guide-maintainers,,,,INCONCLUSIVE,NOT_APPLICABLE_UNPROVED,codex-primary-wave4,2026-08-15,codex-independent-wave4,2026-08-15,FINAL_TWO_REVIEWER_APPROVED
SENT-0382,52bebecfb2a435d0e7ff2efea557c5799674ded6,疎検索は、製品コード、条文番号、専門用語などの語彙一致を捉えます。,製品コード、条文番号、専門用語の文字列一致を主な手掛かりにする検索経路を、本ガイドでは疎検索として扱います。,"AND(AND(ATOM(lexical=true), ATOM(sparse=true)), ATOM(retrieval=true))",AND,general_technical_claim,UNCLASSIFIED,2.3.1 (docs/2.アーキテクチャ/2.3.検索の概要.md:8); authoritative docs commit 52bebecfb2a435d0e7ff2efea557c5799674ded6,,,DEFINITION_OR_SPEC,,lexical=true;sparse=true,NOT_APPLICABLE,REWRITE_REQUIRED,「製品コード」の検討では、lexical=true、sparse=trueに関して本文へ残す内容を、実行または記録で確認できる範囲まで絞りました。製品コード、条文番号、専門用語の文字列一致を主な手掛かりにする検索経路を、本ガイドでは疎検索として扱います。 修正文が具体化する対象は「製品コード」です。「製品コード」の証拠境界として、根拠台帳にはlexical=true、sparse=trueを支えるlocatorがなく、元の未確定の関係を一般化しない判断です。「製品コード」の採否について、未確定の関係を維持できない一方で教材上の操作は残るため、REWRITE_REQUIREDとします。,NOT_APPLICABLE_NON_NORMATIVE,NOT_APPLICABLE_NON_NORMATIVE,NOT_APPLICABLE,2.3.1 (docs/2.アーキテクチャ/2.3.検索の概要.md:8); authoritative docs commit 52bebecfb2a435d0e7ff2efea557c5799674ded6 の現文を次の文へ置換する: 製品コード、条文番号、専門用語の文字列一致を主な手掛かりにする検索経路を、本ガイドでは疎検索として扱います。 再抽出した文面と分類を照合する。,rag-guide-maintainers,,,,INCONCLUSIVE,NOT_APPLICABLE_UNPROVED,codex-primary-wave4,2026-08-15,codex-independent-wave4,2026-08-15,FINAL_TWO_REVIEWER_APPROVED
SENT-0383,52bebecfb2a435d0e7ff2efea557c5799674ded6,密検索は、質問と文書の言い換えや意味の近さを捉えます。,質問と文書の言い換えや意味の近さを埋め込みで比較する検索経路を、本ガイドでは密検索として扱います。,"AND(ATOM(dense=true), ATOM(retrieval=true))",AND,general_technical_claim,UNCLASSIFIED,2.3.1 (docs/2.アーキテクチャ/2.3.検索の概要.md:9); authoritative docs commit 52bebecfb2a435d0e7ff2efea557c5799674ded6,,,DEFINITION_OR_SPEC,,dense=true,NOT_APPLICABLE,REWRITE_REQUIRED,「質問と文書の言い換えや意味の近さを埋め込みで比較する検索経路」の証拠境界として、元命題にある未確定の関係はdense=trueの裏付けを欠くため、実装規則とは分離します。質問と文書の言い換えや意味の近さを埋め込みで比較する検索経路を、本ガイドでは密検索として扱います。 修正文が具体化する対象は「質問と文書の言い換えや意味の近さを埋め込みで比較する検索経路」です。「質問と文書の言い換えや意味の近さを埋め込みで比較する検索経路」の検討では、dense=trueを外部で常に成立する命題にはせず、このガイドの実装境界として記述します。「質問と文書の言い換えや意味の近さを埋め込みで比較する検索経路」の採否について、dense=trueに関する具体的な処理は有用ですが、原文のままでは境界を越えるため書換えを選びます。,NOT_APPLICABLE_NON_NORMATIVE,NOT_APPLICABLE_NON_NORMATIVE,NOT_APPLICABLE,2.3.1 (docs/2.アーキテクチャ/2.3.検索の概要.md:9); authoritative docs commit 52bebecfb2a435d0e7ff2efea557c5799674ded6 の現文を次の文へ置換する: 質問と文書の言い換えや意味の近さを埋め込みで比較する検索経路を、本ガイドでは密検索として扱います。 再抽出した文面と分類を照合する。,rag-guide-maintainers,,,,INCONCLUSIVE,NOT_APPLICABLE_UNPROVED,codex-primary-wave4,2026-08-15,codex-independent-wave4,2026-08-15,FINAL_TWO_REVIEWER_APPROVED
SENT-0389,52bebecfb2a435d0e7ff2efea557c5799674ded6,Recall@kは、検索結果の上位k件までに、質問へ答えるための正解根拠をどの程度回収できたかを表す指標です。,本ガイドでは、Recall@kを、検索結果の上位k件までに質問へ答えるための正解根拠を回収できた割合として用います。,"AND(AND(AND(ATOM(retrieval=true), ATOM(evidence_support=true)), ATOM(recall_metric=true)), ATOM(empirical_result=true))",AND,general_technical_claim,UNCLASSIFIED,2.3.2 (docs/2.アーキテクチャ/2.3.検索の概要.md:20); authoritative docs commit 52bebecfb2a435d0e7ff2efea557c5799674ded6,,,DEFINITION_OR_SPEC,,,,APPROPRIATE_NORMATIVE,本ガイドでは、Recall@kを、検索結果の上位k件までに質問へ答えるための正解根拠を回収できた割合として用いるという採否判断は、比較対象と合格条件を実行結果で識別するために置きます。本文、図表、schema、評価台帳で同じ対象、単位、入出力を使用し、異なる意味で使う箇所がrepository内検索でゼロ件であることを確認する。 適用境界では、当該規則が公式標準または製品仕様の同名語と異なる場合はローカル定義であることと対応関係を併記し、公式語の意味を上書きしない。 同じ条件での比較と採用しない条件を両方記録できるため、APPROPRIATE_NORMATIVEです。,本ガイドでは、Recall@kを、検索結果の上位k件までに質問へ答えるための正解根拠を回収できた割合として用いることを定める評価・採否規則について、本文、図表、schema、評価台帳で同じ対象、単位、入出力を使用し、異なる意味で使う箇所がrepository内検索でゼロ件であることを確認する。,本ガイドでは、Recall@kを、検索結果の上位k件までに質問へ答えるための正解根拠を回収できた割合として用いることを定める評価・採否規則の例外として、当該規則が公式標準または製品仕様の同名語と異なる場合はローカル定義であることと対応関係を併記し、公式語の意味を上書きしない。,NOT_APPLICABLE,2.3.2 (docs/2.アーキテクチャ/2.3.検索の概要.md:20); authoritative docs commit 52bebecfb2a435d0e7ff2efea557c5799674ded6 の現文を次の文へ置換する: 本ガイドでは、Recall@kを、検索結果の上位k件までに質問へ答えるための正解根拠を回収できた割合として用います。 再抽出した文面と分類を照合する。,rag-guide-maintainers,,,,INCONCLUSIVE,NOT_APPLICABLE_UNPROVED,codex-primary-wave4,2026-08-15,codex-independent-wave4,2026-08-15,FINAL_TWO_REVIEWER_APPROVED
SENT-0390,52bebecfb2a435d0e7ff2efea557c5799674ded6,指標の計算方法と、正解根拠が複数ある場合の扱いは[Retrieval評価](../7.品質を評価し改善する/7.4.Retrieval評価.md)で説明します。,,"IMP(ATOM(evidence_support=true), AND(AND(ATOM(retrieval=true), ATOM(evaluation=true)), ATOM(empirical_result=true)))",IMPLIES,empirical_or_research_claim,UNCLASSIFIED,2.3.2 (docs/2.アーキテクチャ/2.3.検索の概要.md:21); authoritative docs commit 52bebecfb2a435d0e7ff2efea557c5799674ded6,,,DEFINITION_OR_SPEC,,,,APPROPRIATE_NORMATIVE,指標の計算方法と、正解根拠が複数ある場合の扱いは[Retrieval評価](../7.品質を評価し改善する/7.4.Retrieval評価.md)で説明するという採否判断は、比較対象と合格条件を実行結果で識別するために置きます。Retrieval評価への参照 ../7.品質を評価し改善する/7.4.Retrieval評価.md がrepository内で解決し、リンク先に本文が案内する定義・評価手順が存在することをlink checkと章レビューで確認します。 適用境界では、章名またはfile pathを変更する場合は、Retrieval評価への全参照を同じ変更で更新し、旧参照が一件も残らないことをlink checkで確認した場合に限って新しい参照先を使えます。 同じ条件での比較と採用しない条件を両方記録できるため、APPROPRIATE_NORMATIVEです。,指標の計算方法と、正解根拠が複数ある場合の扱いは[Retrieval評価](../7.品質を評価し改善する/7.4.Retrieval評価.md)で説明します。 Retrieval評価への参照 ../7.品質を評価し改善する/7.4.Retrieval評価.md がrepository内で解決し、リンク先に本文が案内する定義・評価手順が存在することをlink checkと章レビューで確認します。,指標の計算方法と、正解根拠が複数ある場合の扱いは[Retrieval評価](../7.品質を評価し改善する/7.4.Retrieval評価.md)で説明します。 章名またはfile pathを変更する場合は、Retrieval評価への全参照を同じ変更で更新し、旧参照が一件も残らないことをlink checkで確認した場合に限って新しい参照先を使えます。,NOT_APPLICABLE,2.3.2 (docs/2.アーキテクチャ/2.3.検索の概要.md:21); authoritative docs commit 52bebecfb2a435d0e7ff2efea557c5799674ded6 の本文を維持し、normative_criteriaとexceptionsを設計台帳へ固定する。,rag-guide-maintainers,,,,INCONCLUSIVE,NOT_APPLICABLE_UNPROVED,codex-primary-wave4,2026-08-15,codex-independent-wave4,2026-08-15,FINAL_TWO_REVIEWER_APPROVED
SENT-0396,52bebecfb2a435d0e7ff2efea557c5799674ded6,候補数が多い場合は再順位付けで質問への適合度を比較し、必要な文だけを抽出する場合は出典位置を保ったまま圧縮します。,,NL_PROPOSITION(候補数が多い場合は再順位付けで質問への適合度を比較し、必要な文だけを抽出する場合は出典位置を保ったまま圧縮します。),UNFORMALIZED,general_technical_claim,必要,2.4.1 (docs/2.アーキテクチャ/2.4.検索後処理の概要.md:9); authoritative docs commit 52bebecfb2a435d0e7ff2efea557c5799674ded6,,,DEFINITION_OR_SPEC,,,,APPROPRIATE_NORMATIVE,候補数が多い場合は再順位付けで質問への適合度を比較し、必要な文だけを抽出する場合は出典位置を保ったまま圧縮するという採否判断は、比較対象と合格条件を実行結果で識別するために置きます。この規則に含まれるretriever、candidate数、rank処理を固定したtest queryを実行し、統合前後のcandidate ID・rank・score変換が記述した順序と選択規則に一致することを確認する。 さらに、初期値・候補は対象datasetで再調整できるが、変更値、baseline、採用理由を同じresult tableへ残し、未比較の値を既定値として固定しない。 この扱いを例外として記録します。 同じ条件での比較と採用しない条件を両方記録できるため、APPROPRIATE_NORMATIVEです。,候補数が多い場合は再順位付けで質問への適合度を比較し、必要な文だけを抽出する場合は出典位置を保ったまま圧縮することを定める評価・採否規則について、この規則に含まれるretriever、candidate数、rank処理を固定したtest queryを実行し、統合前後のcandidate ID・rank・score変換が記述した順序と選択規則に一致することを確認する。,候補数が多い場合は再順位付けで質問への適合度を比較し、必要な文だけを抽出する場合は出典位置を保ったまま圧縮することを定める評価・採否規則の例外として、初期値・候補は対象datasetで再調整できるが、変更値、baseline、採用理由を同じresult tableへ残し、未比較の値を既定値として固定しない。,NOT_APPLICABLE,2.4.1 (docs/2.アーキテクチャ/2.4.検索後処理の概要.md:9); authoritative docs commit 52bebecfb2a435d0e7ff2efea557c5799674ded6 の本文を維持し、normative_criteriaとexceptionsを設計台帳へ固定する。,rag-guide-maintainers,,,,INCONCLUSIVE,NOT_APPLICABLE_UNPROVED,codex-primary-wave4,2026-08-15,codex-independent-wave4,2026-08-15,FINAL_TWO_REVIEWER_APPROVED
SENT-0398,52bebecfb2a435d0e7ff2efea557c5799674ded6,再順位付け前後の順位、除外理由、圧縮前後の根拠範囲を記録すると、検索と検索後処理の影響を分けて評価できます。,再順位付け前後のrankと除外理由、圧縮前後のevidence spanを同じtraceへ記録し、retrievalとpost-retrievalの変化を分けて評価します。,"AND(AND(AND(AND(AND(ATOM(evidence_trace=true), ATOM(rerank=true)), ATOM(compression=true)), ATOM(retrieval=true)), ATOM(evidence_support=true)), ATOM(evaluation=true))",AND,general_technical_claim,できます,2.4.1 (docs/2.アーキテクチャ/2.4.検索後処理の概要.md:12); authoritative docs commit 52bebecfb2a435d0e7ff2efea557c5799674ded6,SRC-008,SRC-008 https://doi.org/10.1145/3805774 — primary_page inspected 2026-08-15; 現主張への直接locatorは未確定,AUTHOR_CLAIM,NONE_DIRECTLY_VERIFIED,compression=true;evaluation=true;evidence_support=true;evidence_trace=true;rerank=true,NOT_APPLICABLE,REWRITE_REQUIRED,doi.orgの一次資料ページへの参照は台帳にありますが、compression、evaluation、evidence_support、evidence_trace、rerankについて各要素と結論との直接の対応まで同時に再特定できる直接箇所が確定していません。本文に残すのは、再順位付け前後のrankと除外理由、圧縮前後のevidence spanを同じtraceへ記録し、retrievalとpost-retrievalの変化を分けて評価するという対象範囲です。compression、evaluation、evidence_support、evidence_trace、rerankについて未確認の因果までは導きません。 修正文にある主体と操作対象は保ちつつ、直接根拠を越える各要素と結論との直接の対応を落とす差分なので、REWRITE_REQUIREDと判定します。,NOT_APPLICABLE_NON_NORMATIVE,NOT_APPLICABLE_NON_NORMATIVE,UNVERIFIED,2.4.1 (docs/2.アーキテクチャ/2.4.検索後処理の概要.md:12); authoritative docs commit 52bebecfb2a435d0e7ff2efea557c5799674ded6 の現文を次の文へ置換する: 再順位付け前後のrankと除外理由、圧縮前後のevidence spanを同じtraceへ記録し、retrievalとpost-retrievalの変化を分けて評価します。 再抽出した文面と分類を照合する。,rag-guide-maintainers,,,,INCONCLUSIVE,NOT_APPLICABLE_UNPROVED,codex-primary-wave4,2026-08-15,codex-independent-wave4,2026-08-15,FINAL_TWO_REVIEWER_APPROVED
SENT-0412,52bebecfb2a435d0e7ff2efea557c5799674ded6,評価は、四工程の成果物と最終回答を同じ質問単位で測り、改善箇所を特定する活動です。,本ガイドの評価では、検索前処理、検索、検索後処理、生成の各成果物と最終回答を同じquestion_idで測り、失敗が生じた工程を特定します。,"AND(AND(ATOM(generation=true), ATOM(evaluation=true)), ATOM(empirical_result=true))",AND,empirical_or_research_claim,UNCLASSIFIED,FILE-INTRO (docs/2.アーキテクチャ/2.6.評価の概要.md:3); authoritative docs commit 52bebecfb2a435d0e7ff2efea557c5799674ded6,SRC-008,SRC-008 https://doi.org/10.1145/3805774 — primary_page inspected 2026-08-15; 現主張への直接locatorは未確定,EMPIRICAL_RESULT,NONE_DIRECTLY_VERIFIED,empirical_result=true;evaluation=true,NOT_APPLICABLE,REWRITE_REQUIRED,doi.orgの一次資料ページへの参照は台帳にありますが、empirical_result、evaluationについて各要素と結論との直接の対応まで同時に再特定できる直接箇所が確定していません。本ガイドの評価では、検索前処理、検索、検索後処理、生成の各成果物と最終回答を同じquestion_idで測り、失敗が生じた工程を特定するという範囲まで対象と条件を絞り、未確認の効果や一般化を実験結果のように読ませない文面にします。 修正文にある主体と操作対象は保ちつつ、直接根拠を越える各要素と結論との直接の対応を落とす差分なので、REWRITE_REQUIREDと判定します。,NOT_APPLICABLE_NON_NORMATIVE,NOT_APPLICABLE_NON_NORMATIVE,UNVERIFIED,FILE-INTRO (docs/2.アーキテクチャ/2.6.評価の概要.md:3); authoritative docs commit 52bebecfb2a435d0e7ff2efea557c5799674ded6 の現文を次の文へ置換する: 本ガイドの評価では、検索前処理、検索、検索後処理、生成の各成果物と最終回答を同じquestion_idで測り、失敗が生じた工程を特定します。 再抽出した文面と分類を照合する。,rag-guide-maintainers,,,,INCONCLUSIVE,NOT_APPLICABLE_UNPROVED,codex-primary-wave4,2026-08-15,codex-independent-wave4,2026-08-15,FINAL_TWO_REVIEWER_APPROVED
SENT-0419,52bebecfb2a435d0e7ff2efea557c5799674ded6,| Recall@k | 検索結果の上位k件までに、必要な正解根拠をどの程度回収できたか | [7.4. Retrieval評価](../7.品質を評価し改善する/7.4.Retrieval評価.md) |,| Recall@k | 検索結果の上位k件までに、必要な正解根拠をどの程度回収できたか | [7.4. Retrieval評価](../7.品質を評価し改善する/7.4.Retrieval評価.md) |,"AND(AND(AND(AND(ATOM(retrieval=true), ATOM(evidence_support=true)), ATOM(evaluation=true)), ATOM(recall_metric=true)), ATOM(empirical_result=true))",AND,empirical_or_research_claim,必要,2.6.1 (docs/2.アーキテクチャ/2.6.評価の概要.md:16); authoritative docs commit 52bebecfb2a435d0e7ff2efea557c5799674ded6,SRC-008,SRC-008 https://doi.org/10.1145/3805774 — primary_page inspected 2026-08-15; 現主張への直接locatorは未確定,DEFINITION_OR_SPEC,NONE_DIRECTLY_VERIFIED,empirical_result=true;evaluation=true;evidence_support=true;recall_metric=true,NOT_APPLICABLE,REMOVE_OR_REPLACE,| Recall@k | 検索結果の上位k件までに、必要な正解根拠をどの程度回収できたか | [7.4. Retrieval評価](../7.品質を評価し改善する/7.4.Retrieval評価.md) | この行は 2.6.1 (docs/2.アーキテクチャ/2.6.評価の概要.md:16); authoritative docs commit 52bebecfb2a435d0e7ff2efea557c5799674ded6 にあるMarkdown表示単位で、単独の技術命題として検証できる主語・述語を備えていません。表示は維持しつつ empirical_result=true;evaluation=true;evidence_support=true;recall_metric=true を証拠要求の命題集合から除外するため、REMOVE_OR_REPLACEの分類overrideを適用します。,NOT_APPLICABLE_NON_NORMATIVE,NOT_APPLICABLE_NON_NORMATIVE,UNVERIFIED,2.6.1 (docs/2.アーキテクチャ/2.6.評価の概要.md:16); authoritative docs commit 52bebecfb2a435d0e7ff2efea557c5799674ded6 のMarkdown表示は維持し、Wave 4分類overrideで技術的事実の命題集合から除外する。,rag-guide-maintainers,,,,INCONCLUSIVE,NOT_APPLICABLE_UNPROVED,codex-primary-wave4,2026-08-15,codex-independent-wave4,2026-08-15,FINAL_TWO_REVIEWER_APPROVED
SENT-0420,52bebecfb2a435d0e7ff2efea557c5799674ded6,| Evidence sufficiency | 選んだ根拠の集合だけで、質問へ答えるための情報が足りるか | [7.5. Post-retrieval・Evidence評価](../7.品質を評価し改善する/7.5.Post-retrieval・Evidence評価.md) |,| Evidence sufficiency | 選んだ根拠の集合だけで、質問へ答えるための情報が足りるか | [7.5. Post-retrieval・Evidence評価](../7.品質を評価し改善する/7.5.Post-retrieval・Evidence評価.md) |,"AND(AND(AND(ATOM(retrieval=true), ATOM(evidence_support=true)), ATOM(evaluation=true)), ATOM(empirical_result=true))",AND,empirical_or_research_claim,UNCLASSIFIED,2.6.1 (docs/2.アーキテクチャ/2.6.評価の概要.md:17); authoritative docs commit 52bebecfb2a435d0e7ff2efea557c5799674ded6,SRC-008,SRC-008 https://doi.org/10.1145/3805774 — primary_page inspected 2026-08-15; 現主張への直接locatorは未確定,DEFINITION_OR_SPEC,NONE_DIRECTLY_VERIFIED,empirical_result=true;evaluation=true;evidence_support=true,AND,REMOVE_OR_REPLACE,| Evidence sufficiency | 選んだ根拠の集合だけで、質問へ答えるための情報が足りるか | [7.5. Post-retrieval・Evidence評価](../7.品質を評価し改善する/7.5.Post-retrieval・Evidence評価.md) | この行は 2.6.1 (docs/2.アーキテクチャ/2.6.評価の概要.md:17); authoritative docs commit 52bebecfb2a435d0e7ff2efea557c5799674ded6 にあるMarkdown表示単位で、単独の技術命題として検証できる主語・述語を備えていません。表示は維持しつつ empirical_result=true;evaluation=true;evidence_support=true を証拠要求の命題集合から除外するため、REMOVE_OR_REPLACEの分類overrideを適用します。,NOT_APPLICABLE_NON_NORMATIVE,NOT_APPLICABLE_NON_NORMATIVE,UNVERIFIED,2.6.1 (docs/2.アーキテクチャ/2.6.評価の概要.md:17); authoritative docs commit 52bebecfb2a435d0e7ff2efea557c5799674ded6 のMarkdown表示は維持し、Wave 4分類overrideで技術的事実の命題集合から除外する。,rag-guide-maintainers,,,,INCONCLUSIVE,NOT_APPLICABLE_UNPROVED,codex-primary-wave4,2026-08-15,codex-independent-wave4,2026-08-15,FINAL_TWO_REVIEWER_APPROVED
SENT-0421,52bebecfb2a435d0e7ff2efea557c5799674ded6,| Faithfulness | 回答中の検証可能な主張が、提示した根拠に支持されているか | [7.6. Generation評価](../7.品質を評価し改善する/7.6.Generation評価.md) |,| Faithfulness | 回答中の検証可能な主張が、提示した根拠に支持されているか | [7.6. Generation評価](../7.品質を評価し改善する/7.6.Generation評価.md) |,"AND(AND(AND(AND(ATOM(generation=true), ATOM(verification=true)), ATOM(evidence_support=true)), ATOM(evaluation=true)), ATOM(empirical_result=true))",AND,empirical_or_research_claim,可能,2.6.1 (docs/2.アーキテクチャ/2.6.評価の概要.md:18); authoritative docs commit 52bebecfb2a435d0e7ff2efea557c5799674ded6,SRC-008,SRC-008 https://doi.org/10.1145/3805774 — primary_page inspected 2026-08-15; 現主張への直接locatorは未確定,DEFINITION_OR_SPEC,NONE_DIRECTLY_VERIFIED,empirical_result=true;evaluation=true;evidence_support=true;verification=true,NOT_APPLICABLE,REMOVE_OR_REPLACE,| Faithfulness | 回答中の検証可能な主張が、提示した根拠に支持されているか | [7.6. Generation評価](../7.品質を評価し改善する/7.6.Generation評価.md) | この行は 2.6.1 (docs/2.アーキテクチャ/2.6.評価の概要.md:18); authoritative docs commit 52bebecfb2a435d0e7ff2efea557c5799674ded6 にあるMarkdown表示単位で、単独の技術命題として検証できる主語・述語を備えていません。表示は維持しつつ empirical_result=true;evaluation=true;evidence_support=true;verification=true を証拠要求の命題集合から除外するため、REMOVE_OR_REPLACEの分類overrideを適用します。,NOT_APPLICABLE_NON_NORMATIVE,NOT_APPLICABLE_NON_NORMATIVE,UNVERIFIED,2.6.1 (docs/2.アーキテクチャ/2.6.評価の概要.md:18); authoritative docs commit 52bebecfb2a435d0e7ff2efea557c5799674ded6 のMarkdown表示は維持し、Wave 4分類overrideで技術的事実の命題集合から除外する。,rag-guide-maintainers,,,,INCONCLUSIVE,NOT_APPLICABLE_UNPROVED,codex-primary-wave4,2026-08-15,codex-independent-wave4,2026-08-15,FINAL_TWO_REVIEWER_APPROVED
SENT-0422,52bebecfb2a435d0e7ff2efea557c5799674ded6,| Citation correctness | 各引用が、対応する主張を実際に裏付けているか | [7.6. Generation評価](../7.品質を評価し改善する/7.6.Generation評価.md) |,| Citation correctness | 各引用が、対応する主張を実際に裏付けているか | [7.6. Generation評価](../7.品質を評価し改善する/7.6.Generation評価.md) |,"IMP(ATOM(citation=true), AND(ATOM(evaluation=true), ATOM(empirical_result=true)))",IMPLIES,empirical_or_research_claim,UNCLASSIFIED,2.6.1 (docs/2.アーキテクチャ/2.6.評価の概要.md:19); authoritative docs commit 52bebecfb2a435d0e7ff2efea557c5799674ded6,SRC-008,SRC-008 https://doi.org/10.1145/3805774 — primary_page inspected 2026-08-15; 現主張への直接locatorは未確定,DEFINITION_OR_SPEC,NONE_DIRECTLY_VERIFIED,citation=true;empirical_result=true;evaluation=true,IMPLIES,REMOVE_OR_REPLACE,| Citation correctness | 各引用が、対応する主張を実際に裏付けているか | [7.6. Generation評価](../7.品質を評価し改善する/7.6.Generation評価.md) | この行は 2.6.1 (docs/2.アーキテクチャ/2.6.評価の概要.md:19); authoritative docs commit 52bebecfb2a435d0e7ff2efea557c5799674ded6 にあるMarkdown表示単位で、単独の技術命題として検証できる主語・述語を備えていません。表示は維持しつつ citation=true;empirical_result=true;evaluation=true を証拠要求の命題集合から除外するため、REMOVE_OR_REPLACEの分類overrideを適用します。,NOT_APPLICABLE_NON_NORMATIVE,NOT_APPLICABLE_NON_NORMATIVE,UNVERIFIED,2.6.1 (docs/2.アーキテクチャ/2.6.評価の概要.md:19); authoritative docs commit 52bebecfb2a435d0e7ff2efea557c5799674ded6 のMarkdown表示は維持し、Wave 4分類overrideで技術的事実の命題集合から除外する。,rag-guide-maintainers,,,,INCONCLUSIVE,NOT_APPLICABLE_UNPROVED,codex-primary-wave4,2026-08-15,codex-independent-wave4,2026-08-15,FINAL_TWO_REVIEWER_APPROVED
SENT-0424,52bebecfb2a435d0e7ff2efea557c5799674ded6,指標の定義と評価データの作り方は[品質を評価し改善する](../7.品質を評価し改善する/序文.md)で扱います。,,"AND(ATOM(evaluation=true), ATOM(empirical_result=true))",AND,empirical_or_research_claim,UNCLASSIFIED,2.6.1 (docs/2.アーキテクチャ/2.6.評価の概要.md:22); authoritative docs commit 52bebecfb2a435d0e7ff2efea557c5799674ded6,,,DEFINITION_OR_SPEC,,,,APPROPRIATE_NORMATIVE,指標の定義と評価データの作り方は[品質を評価し改善する](../7.品質を評価し改善する/序文.md)で扱うという採否判断は、比較対象と合格条件を実行結果で識別するために置きます。品質を評価し改善するへの参照 ../7.品質を評価し改善する/序文.md がrepository内で解決し、リンク先に本文が案内する定義・評価手順が存在することをlink checkと章レビューで確認します。 適用境界では、章名またはfile pathを変更する場合は、品質を評価し改善するへの全参照を同じ変更で更新し、旧参照が一件も残らないことをlink checkで確認した場合に限って新しい参照先を使えます。 同じ条件での比較と採用しない条件を両方記録できるため、APPROPRIATE_NORMATIVEです。,指標の定義と評価データの作り方は[品質を評価し改善する](../7.品質を評価し改善する/序文.md)で扱います。 品質を評価し改善するへの参照 ../7.品質を評価し改善する/序文.md がrepository内で解決し、リンク先に本文が案内する定義・評価手順が存在することをlink checkと章レビューで確認します。,指標の定義と評価データの作り方は[品質を評価し改善する](../7.品質を評価し改善する/序文.md)で扱います。 章名またはfile pathを変更する場合は、品質を評価し改善するへの全参照を同じ変更で更新し、旧参照が一件も残らないことをlink checkで確認した場合に限って新しい参照先を使えます。,NOT_APPLICABLE,2.6.1 (docs/2.アーキテクチャ/2.6.評価の概要.md:22); authoritative docs commit 52bebecfb2a435d0e7ff2efea557c5799674ded6 の本文を維持し、normative_criteriaとexceptionsを設計台帳へ固定する。,rag-guide-maintainers,,,,INCONCLUSIVE,NOT_APPLICABLE_UNPROVED,codex-primary-wave4,2026-08-15,codex-independent-wave4,2026-08-15,FINAL_TWO_REVIEWER_APPROVED
SENT-0426,52bebecfb2a435d0e7ff2efea557c5799674ded6,品質、応答時間、費用、安全性を同時に確認すると、局所的な改善とシステム全体の回帰を区別できます。,方式の採否では、品質、応答時間、費用、安全性を同じ評価runで測り、一指標の改善とシステム全体の回帰を分けて判定します。,"AND(AND(AND(ATOM(temporal_freshness=true), ATOM(latency=true)), ATOM(cost=true)), ATOM(empirical_result=true))",AND,empirical_or_research_claim,できます,2.6.2 (docs/2.アーキテクチャ/2.6.評価の概要.md:27); authoritative docs commit 52bebecfb2a435d0e7ff2efea557c5799674ded6,SRC-008,SRC-008 https://doi.org/10.1145/3805774 — primary_page inspected 2026-08-15; 現主張への直接locatorは未確定,EMPIRICAL_RESULT,NONE_DIRECTLY_VERIFIED,cost=true;empirical_result=true;latency=true;temporal_freshness=true,NOT_APPLICABLE,REWRITE_REQUIRED,doi.orgの一次資料ページへの参照は台帳にありますが、cost、empirical_result、latency、temporal_freshnessについて各要素と結論との直接の対応まで同時に再特定できる直接箇所が確定していません。方式の採否では、品質、応答時間、費用、安全性を同じ評価runで測り、一指標の改善とシステム全体の回帰を分けて判定するという範囲まで対象と条件を絞り、未確認の効果や一般化を実験結果のように読ませない文面にします。 修正文にある主体と操作対象は保ちつつ、直接根拠を越える各要素と結論との直接の対応を落とす差分なので、REWRITE_REQUIREDと判定します。,NOT_APPLICABLE_NON_NORMATIVE,NOT_APPLICABLE_NON_NORMATIVE,UNVERIFIED,2.6.2 (docs/2.アーキテクチャ/2.6.評価の概要.md:27); authoritative docs commit 52bebecfb2a435d0e7ff2efea557c5799674ded6 の現文を次の文へ置換する: 方式の採否では、品質、応答時間、費用、安全性を同じ評価runで測り、一指標の改善とシステム全体の回帰を分けて判定します。 再抽出した文面と分類を照合する。,rag-guide-maintainers,,,,INCONCLUSIVE,NOT_APPLICABLE_UNPROVED,codex-primary-wave4,2026-08-15,codex-independent-wave4,2026-08-15,FINAL_TWO_REVIEWER_APPROVED
SENT-0428,52bebecfb2a435d0e7ff2efea557c5799674ded6,この対応により、公開判断、限定公開、切り戻し、次の改善対象を同じ証拠から決められます。,,ATOM(empirical_result=true),ATOM,empirical_or_research_claim,UNCLASSIFIED,2.6.2 (docs/2.アーキテクチャ/2.6.評価の概要.md:30); authoritative docs commit 52bebecfb2a435d0e7ff2efea557c5799674ded6,,,DEFINITION_OR_SPEC,,,,APPROPRIATE_NORMATIVE,この対応により、公開判断、限定公開、切り戻し、次の改善対象を同じ証拠から決められるという採否判断は、比較対象と合格条件を実行結果で識別するために置きます。公開、限定公開、切り戻し、次の改善対象の各判断に同じevaluation run IDを記録し、判断時点の品質・安全性・遅延・費用の結果を一つのreview packageから再現できることを確認する。 さらに、重大事故の緊急切り戻しはreview package完成前に実行できるが、使用した監視eventと判断理由を事後に同じrun記録へ追記する。 この扱いを例外として記録します。 同じ条件での比較と採用しない条件を両方記録できるため、APPROPRIATE_NORMATIVEです。,公開、限定公開、切り戻し、次の改善対象の各判断に同じevaluation run IDを記録し、判断時点の品質・安全性・遅延・費用の結果を一つのreview packageから再現できることを確認する。,重大事故の緊急切り戻しはreview package完成前に実行できるが、使用した監視eventと判断理由を事後に同じrun記録へ追記する。,NOT_APPLICABLE,2.6.2 (docs/2.アーキテクチャ/2.6.評価の概要.md:30); authoritative docs commit 52bebecfb2a435d0e7ff2efea557c5799674ded6 の本文を維持し、normative_criteriaとexceptionsを設計台帳へ固定する。,rag-guide-maintainers,,,,INCONCLUSIVE,NOT_APPLICABLE_UNPROVED,codex-primary-wave4,2026-08-15,codex-independent-wave4,2026-08-15,FINAL_TWO_REVIEWER_APPROVED
SENT-0431,52bebecfb2a435d0e7ff2efea557c5799674ded6,本節で再掲するRecall@k、Evidence sufficiency、faithfulness、citation correctnessの平易な意味は、直前の[評価の概要](2.6.評価の概要.md)で先に説明しています。,本節では、Recall@k、Evidence sufficiency、faithfulness、citation correctnessを、直前の[評価の概要](2.6.評価の概要.md)で定義した意味で用います。,"AND(AND(AND(ATOM(citation=true), ATOM(evidence_support=true)), ATOM(evaluation=true)), ATOM(recall_metric=true))",AND,general_technical_claim,UNCLASSIFIED,FILE-INTRO (docs/2.アーキテクチャ/2.7.非機能と運用の概要.md:5); authoritative docs commit 52bebecfb2a435d0e7ff2efea557c5799674ded6,,,DEFINITION_OR_SPEC,,,,APPROPRIATE_NORMATIVE,本節では、Recall@k、Evidence sufficiency、faithfulness、citation correctnessを、直前の[評価の概要](2.6.評価の概要.md)で定義した意味で用いるという採否判断は、比較対象と合格条件を実行結果で識別するために置きます。評価の概要への参照 2.6.評価の概要.md がrepository内で解決し、リンク先に本文が案内する定義・評価手順が存在することをlink checkと章レビューで確認します。 適用境界では、章名またはfile pathを変更する場合は、評価の概要への全参照を同じ変更で更新し、旧参照が一件も残らないことをlink checkで確認した場合に限って新しい参照先を使えます。 同じ条件での比較と採用しない条件を両方記録できるため、APPROPRIATE_NORMATIVEです。,本節では、Recall@k、Evidence sufficiency、faithfulness、citation correctnessを、直前の[評価の概要](2.6.評価の概要.md)で定義した意味で用います。 評価の概要への参照 2.6.評価の概要.md がrepository内で解決し、リンク先に本文が案内する定義・評価手順が存在することをlink checkと章レビューで確認します。,本節では、Recall@k、Evidence sufficiency、faithfulness、citation correctnessを、直前の[評価の概要](2.6.評価の概要.md)で定義した意味で用います。 章名またはfile pathを変更する場合は、評価の概要への全参照を同じ変更で更新し、旧参照が一件も残らないことをlink checkで確認した場合に限って新しい参照先を使えます。,NOT_APPLICABLE,FILE-INTRO (docs/2.アーキテクチャ/2.7.非機能と運用の概要.md:5); authoritative docs commit 52bebecfb2a435d0e7ff2efea557c5799674ded6 の現文を次の文へ置換する: 本節では、Recall@k、Evidence sufficiency、faithfulness、citation correctnessを、直前の[評価の概要](2.6.評価の概要.md)で定義した意味で用います。 再抽出した文面と分類を照合する。,rag-guide-maintainers,,,,INCONCLUSIVE,NOT_APPLICABLE_UNPROVED,codex-primary-wave4,2026-08-15,codex-independent-wave4,2026-08-15,FINAL_TWO_REVIEWER_APPROVED
SENT-0432,52bebecfb2a435d0e7ff2efea557c5799674ded6,Prompt injection（プロンプトインジェクション）は、検索された文書内の命令を生成モデルが実行すべき指示として解釈する問題です。,間接プロンプトインジェクションは、検索された文書などの外部データに埋め込まれた命令を、LLM統合アプリが指示として処理してしまう攻撃です。,"AND(AND(ATOM(retrieval=true), ATOM(generation=true)), ATOM(prompt_injection=true))",AND,general_technical_claim,UNCLASSIFIED,2.7.1 (docs/2.アーキテクチャ/2.7.非機能と運用の概要.md:9); authoritative docs commit 52bebecfb2a435d0e7ff2efea557c5799674ded6,SRC-096,"https://arxiv.org/abs/2302.12173, Abstract, lines 16–19 (prompts injected into data likely to be retrieved; manipulation of LLM-integrated applications)",DEFINITION_OR_SPEC,generation=true;prompt_injection=true;retrieval=true,,,APPROPRIATE_AFTER_QUALIFICATION,Gold標本の二者校正で確定。主案の一次資料は直接確認できたが、資料が定義するのは広義のprompt injectionではなくindirect prompt injectionである。独立案のローカル定義化ではなく、攻撃種別を限定した外部支持文へ調停。,NOT_APPLICABLE_NON_NORMATIVE,NOT_APPLICABLE_NON_NORMATIVE,SOURCE_ASSERTED,2.7.1 (docs/2.アーキテクチャ/2.7.非機能と運用の概要.md:9); authoritative docs commit 52bebecfb2a435d0e7ff2efea557c5799674ded6 の現文を次の文へ置換する: 間接プロンプトインジェクションは、検索された文書などの外部データに埋め込まれた命令を、LLM統合アプリが指示として処理してしまう攻撃です。 再抽出した文面と分類を照合する。,rag-guide-maintainers,,,,INCONCLUSIVE,NOT_APPLICABLE_UNPROVED,codex-primary-wave4,2026-08-15,codex-independent-wave4,2026-08-15,FINAL_TWO_REVIEWER_APPROVED
SENT-0434,52bebecfb2a435d0e7ff2efea557c5799674ded6,取り込み時の検査、情報源の信頼区分、命令らしい記述の隔離、生成前のEvidence Set検査、生成後の主張とcitationの照合を組み合わせます。,,"AND(AND(AND(ATOM(generation=true), ATOM(citation=true)), ATOM(verification=true)), ATOM(evidence_support=true))",AND,general_technical_claim,UNCLASSIFIED,2.7.1 (docs/2.アーキテクチャ/2.7.非機能と運用の概要.md:11); authoritative docs commit 52bebecfb2a435d0e7ff2efea557c5799674ded6,,,DEFINITION_OR_SPEC,,,,APPROPRIATE_NORMATIVE,取り込み時の検査、情報源の信頼区分、命令らしい記述の隔離、生成前のEvidence Set検査、生成後の主張とcitationの照合を組み合わせるという安全境界は、本ガイドが強制する制御として設けます。この規則の各controlを、文書内命令、poisoned metadata、許可外tool argumentを含むattack fixtureへ適用し、命令不実行、evidence隔離、警告記録がすべて成立することを確認する。 適用境界では、この規則より法令、契約、組織policyが厳しい場合は厳しい統制を優先し、性能、可用性、費用を理由に対象resourceのauthorizationまたは隔離を省略しない。 負試験で境界を確かめ、統制を緩めない例外を明示できるので、APPROPRIATE_NORMATIVEです。,取り込み時の検査、情報源の信頼区分、命令らしい記述の隔離、生成前のEvidence Set検査、生成後の主張とcitationの照合を組み合わせることを定める安全性・アクセス制御規則について、この規則の各controlを、文書内命令、poisoned metadata、許可外tool argumentを含むattack fixtureへ適用し、命令不実行、evidence隔離、警告記録がすべて成立することを確認する。,取り込み時の検査、情報源の信頼区分、命令らしい記述の隔離、生成前のEvidence Set検査、生成後の主張とcitationの照合を組み合わせることを定める安全性・アクセス制御規則の例外として、この規則より法令、契約、組織policyが厳しい場合は厳しい統制を優先し、性能、可用性、費用を理由に対象resourceのauthorizationまたは隔離を省略しない。,NOT_APPLICABLE,2.7.1 (docs/2.アーキテクチャ/2.7.非機能と運用の概要.md:11); authoritative docs commit 52bebecfb2a435d0e7ff2efea557c5799674ded6 の本文を維持し、normative_criteriaとexceptionsを設計台帳へ固定する。,rag-guide-maintainers,,,,INCONCLUSIVE,NOT_APPLICABLE_UNPROVED,codex-primary-wave4,2026-08-15,codex-independent-wave4,2026-08-15,FINAL_TWO_REVIEWER_APPROVED
SENT-0441,52bebecfb2a435d0e7ff2efea557c5799674ded6,権限を適用した検索を実行できること、質問を支持するEvidence Setを作れること、主張に対応するcitationを返せること、根拠不足時に回答を保留できることを含めて判定します。,,"AND(AND(AND(AND(ATOM(retrieval=true), ATOM(generation=true)), ATOM(citation=true)), ATOM(evidence_support=true)), ATOM(authorization=true))",AND,general_technical_claim,できる,2.7.2 (docs/2.アーキテクチャ/2.7.非機能と運用の概要.md:23); authoritative docs commit 52bebecfb2a435d0e7ff2efea557c5799674ded6,,,DEFINITION_OR_SPEC,,,,APPROPRIATE_NORMATIVE,権限を適用した検索を実行できること、質問を支持するEvidence Setを作れること、主張に対応するcitationを返せること、根拠不足時に回答を保留できることを含めて判定するという安全境界は、本ガイドが強制する制御として設けます。同じauthorized query fixtureで、認可後retrieval、gold evidenceを含むEvidence Set、claim対応citation、根拠不足時のabstentionを順に実行し、四項目すべてが期待結果になることを確認する。 さらに、回答生成を行わない検索専用endpointではcitationとabstentionを対象外にできるが、認可後retrievalとgold evidence回収の検査は省略しない。 この扱いを例外として記録します。 負試験で境界を確かめ、統制を緩めない例外を明示できるので、APPROPRIATE_NORMATIVEです。,同じauthorized query fixtureで、認可後retrieval、gold evidenceを含むEvidence Set、claim対応citation、根拠不足時のabstentionを順に実行し、四項目すべてが期待結果になることを確認する。,回答生成を行わない検索専用endpointではcitationとabstentionを対象外にできるが、認可後retrievalとgold evidence回収の検査は省略しない。,NOT_APPLICABLE,2.7.2 (docs/2.アーキテクチャ/2.7.非機能と運用の概要.md:23); authoritative docs commit 52bebecfb2a435d0e7ff2efea557c5799674ded6 の本文を維持し、normative_criteriaとexceptionsを設計台帳へ固定する。,rag-guide-maintainers,,,,INCONCLUSIVE,NOT_APPLICABLE_UNPROVED,codex-primary-wave4,2026-08-15,codex-independent-wave4,2026-08-15,FINAL_TWO_REVIEWER_APPROVED
SENT-0444,52bebecfb2a435d0e7ff2efea557c5799674ded6,運用指標には、zero-result率、権限filter前後の候補数、Recall、Evidence sufficiency、faithfulness、citation correctness、回答保留率を含めます。,,"AND(AND(AND(AND(ATOM(generation=true), ATOM(citation=true)), ATOM(evidence_support=true)), ATOM(recall_metric=true)), ATOM(authorization=true))",AND,general_technical_claim,UNCLASSIFIED,2.7.2 (docs/2.アーキテクチャ/2.7.非機能と運用の概要.md:28); authoritative docs commit 52bebecfb2a435d0e7ff2efea557c5799674ded6,,,DEFINITION_OR_SPEC,,,,APPROPRIATE_NORMATIVE,運用指標には、zero-result率、権限filter前後の候補数、Recall、Evidence sufficiency、faithfulness、citation correctness、回答保留率を含めるという安全境界は、本ガイドが強制する制御として設けます。この規則で列挙した各metricを同じrequest traceから算出し、authorization適用前後のcandidate数と許可外item数を含め、dashboardとrelease gateの値が一致することを確認する。 適用境界では、この規則より法令、契約、組織policyが厳しい場合は厳しい統制を優先し、性能、可用性、費用を理由に対象resourceのauthorizationまたは隔離を省略しない。 負試験で境界を確かめ、統制を緩めない例外を明示できるので、APPROPRIATE_NORMATIVEです。,運用指標には、zero-result率、権限filter前後の候補数、Recall、Evidence sufficiency、faithfulness、citation correctness、回答保留率を含めることを定める安全性・アクセス制御規則について、この規則で列挙した各metricを同じrequest traceから算出し、authorization適用前後のcandidate数と許可外item数を含め、dashboardとrelease gateの値が一致することを確認する。,運用指標には、zero-result率、権限filter前後の候補数、Recall、Evidence sufficiency、faithfulness、citation correctness、回答保留率を含めることを定める安全性・アクセス制御規則の例外として、この規則より法令、契約、組織policyが厳しい場合は厳しい統制を優先し、性能、可用性、費用を理由に対象resourceのauthorizationまたは隔離を省略しない。,NOT_APPLICABLE,2.7.2 (docs/2.アーキテクチャ/2.7.非機能と運用の概要.md:28); authoritative docs commit 52bebecfb2a435d0e7ff2efea557c5799674ded6 の本文を維持し、normative_criteriaとexceptionsを設計台帳へ固定する。,rag-guide-maintainers,,,,INCONCLUSIVE,NOT_APPLICABLE_UNPROVED,codex-primary-wave4,2026-08-15,codex-independent-wave4,2026-08-15,FINAL_TWO_REVIEWER_APPROVED
SENT-0448,52bebecfb2a435d0e7ff2efea557c5799674ded6,候補数、reranking件数、context量を減らすと、遅延と費用だけでなくRecall、Evidence sufficiency、citation correctnessも変わります。,候補数、reranking件数、context量を減らしたとき、遅延、費用、Recall、Evidence sufficiency、citation correctnessがどう変化するかを対象データで測定します。,"AND(AND(AND(AND(ATOM(rerank=true), ATOM(citation=true)), ATOM(evidence_support=true)), ATOM(recall_metric=true)), ATOM(cost=true))",AND,general_technical_claim,UNCLASSIFIED,2.7.3 (docs/2.アーキテクチャ/2.7.非機能と運用の概要.md:36); authoritative docs commit 52bebecfb2a435d0e7ff2efea557c5799674ded6,SRC-008,SRC-008 https://doi.org/10.1145/3805774 — primary_page inspected 2026-08-15; 現主張への直接locatorは未確定,EMPIRICAL_RESULT,NONE_DIRECTLY_VERIFIED,citation=true;cost=true;evidence_support=true;recall_metric=true;rerank=true,NOT_APPLICABLE,REWRITE_REQUIRED,doi.orgの一次資料ページへの参照は台帳にありますが、citation、cost、evidence_support、recall_metric、rerankについて各要素と結論との直接の対応まで同時に再特定できる直接箇所が確定していません。本文に残すのは、候補数、reranking件数、context量を減らしたとき、遅延、費用、Recall、Evidence sufficiency、citation correctnessがどう変化するかを対象データで測定するという対象範囲です。citation、cost、evidence_support、recall_metric、rerankについて未確認の因果までは導きません。 修正文にある主体と操作対象は保ちつつ、直接根拠を越える各要素と結論との直接の対応を落とす差分なので、REWRITE_REQUIREDと判定します。,NOT_APPLICABLE_NON_NORMATIVE,NOT_APPLICABLE_NON_NORMATIVE,UNVERIFIED,2.7.3 (docs/2.アーキテクチャ/2.7.非機能と運用の概要.md:36); authoritative docs commit 52bebecfb2a435d0e7ff2efea557c5799674ded6 の現文を次の文へ置換する: 候補数、reranking件数、context量を減らしたとき、遅延、費用、Recall、Evidence sufficiency、citation correctnessがどう変化するかを対象データで測定します。 再抽出した文面と分類を照合する。,rag-guide-maintainers,,,,INCONCLUSIVE,NOT_APPLICABLE_UNPROVED,codex-primary-wave4,2026-08-15,codex-independent-wave4,2026-08-15,FINAL_TWO_REVIEWER_APPROVED
SENT-0452,52bebecfb2a435d0e7ff2efea557c5799674ded6,文書snapshot、chunking設定、embedding model、index版、検索設定、reranker、prompt、生成model、評価datasetを一つのRAG構成版として記録すると、回答とcitationを再現し、変更前の構成へ切り戻せます。,,"AND(AND(AND(AND(AND(AND(ATOM(rerank=true), ATOM(chunking=true)), ATOM(retrieval=true)), ATOM(generation=true)), ATOM(citation=true)), ATOM(evaluation=true)), ATOM(embedding_model=true))",AND,general_technical_claim,UNCLASSIFIED,2.7.4 (docs/2.アーキテクチャ/2.7.非機能と運用の概要.md:43); authoritative docs commit 52bebecfb2a435d0e7ff2efea557c5799674ded6,,,DEFINITION_OR_SPEC,,,,APPROPRIATE_NORMATIVE,文書snapshot、chunking設定、embedding model、index版、検索設定、reranker、prompt、生成model、評価datasetを一つのRAG構成版として記録すると、回答とcitationを再現し、変更前の構成へ切り戻せるという追跡要件は、後続工程から入力と版へ戻るための局所契約です。文書snapshot、chunking設定、embedding model、index版、検索設定、reranker、prompt、生成model、評価datasetを一つの構成version IDへ結び、任意の回答とcitationから各component versionを逆引きでき、同じ組合せへrollbackできることを確認します。 適用境界では、保存期限や機密区分のためartifact本文を保持できない場合は承認済みhashと保管先参照へ置換できますが、構成version IDとcomponent versionの対応は削除しません。 逆引き可能性と保存上の例外を台帳で確かめられるため、APPROPRIATE_NORMATIVEです。,文書snapshot、chunking設定、embedding model、index版、検索設定、reranker、prompt、生成model、評価datasetを一つの構成version IDへ結び、任意の回答とcitationから各component versionを逆引きでき、同じ組合せへrollbackできることを確認します。,保存期限や機密区分のためartifact本文を保持できない場合は承認済みhashと保管先参照へ置換できますが、構成version IDとcomponent versionの対応は削除しません。,NOT_APPLICABLE,2.7.4 (docs/2.アーキテクチャ/2.7.非機能と運用の概要.md:43); authoritative docs commit 52bebecfb2a435d0e7ff2efea557c5799674ded6 の本文を維持し、normative_criteriaとexceptionsを設計台帳へ固定する。,rag-guide-maintainers,,,,INCONCLUSIVE,NOT_APPLICABLE_UNPROVED,codex-primary-wave4,2026-08-15,codex-independent-wave4,2026-08-15,FINAL_TWO_REVIEWER_APPROVED
SENT-0453,52bebecfb2a435d0e7ff2efea557c5799674ded6,新しい構成は、Prompt injection、data poisoning、権限漏えい、検索Recall、Evidence sufficiency、faithfulness、citation correctness、応答時間、費用の回帰試験を通過してから公開します。,,"AND(AND(AND(AND(AND(AND(AND(AND(AND(ATOM(recall_latency_tradeoff=true), ATOM(retrieval=true)), ATOM(citation=true)), ATOM(evidence_support=true)), ATOM(temporal_freshness=true)), ATOM(recall_metric=true)), ATOM(latency=true)), ATOM(cost=true)), ATOM(authorization=true)), ATOM(prompt_injection=true))",AND,general_technical_claim,UNCLASSIFIED,2.7.4 (docs/2.アーキテクチャ/2.7.非機能と運用の概要.md:45); authoritative docs commit 52bebecfb2a435d0e7ff2efea557c5799674ded6,,,DEFINITION_OR_SPEC,,,,APPROPRIATE_NORMATIVE,新しい構成は、Prompt injection、data poisoning、権限漏えい、検索Recall、Evidence sufficiency、faithfulness、citation correctness、応答時間、費用の回帰試験を通過してから公開するという安全境界は、本ガイドが強制する制御として設けます。新構成のrelease gateでprompt injection、data poisoning、authorization漏えいの負試験と、Recall、Evidence sufficiency、faithfulness、citation correctness、p95 latency、request costを同一versionについて検査し、全条件通過を要求する。 さらに、緊急security fixでは一時的なlatency/cost増を期限付き承認できるが、security負試験、authorization、根拠支持のgateは省略しない。 この扱いを例外として記録します。 負試験で境界を確かめ、統制を緩めない例外を明示できるので、APPROPRIATE_NORMATIVEです。,新構成のrelease gateでprompt injection、data poisoning、authorization漏えいの負試験と、Recall、Evidence sufficiency、faithfulness、citation correctness、p95 latency、request costを同一versionについて検査し、全条件通過を要求する。,緊急security fixでは一時的なlatency/cost増を期限付き承認できるが、security負試験、authorization、根拠支持のgateは省略しない。,NOT_APPLICABLE,2.7.4 (docs/2.アーキテクチャ/2.7.非機能と運用の概要.md:45); authoritative docs commit 52bebecfb2a435d0e7ff2efea557c5799674ded6 の本文を維持し、normative_criteriaとexceptionsを設計台帳へ固定する。,rag-guide-maintainers,,,,INCONCLUSIVE,NOT_APPLICABLE_UNPROVED,codex-primary-wave4,2026-08-15,codex-independent-wave4,2026-08-15,FINAL_TWO_REVIEWER_APPROVED
SENT-0454,52bebecfb2a435d0e7ff2efea557c5799674ded6,本番traceでは、質問、適用した権限、取得chunk、順位変化、採用したEvidence、回答、citation、RAG構成版を対応付けます。,,"AND(AND(AND(AND(ATOM(retrieval=true), ATOM(generation=true)), ATOM(citation=true)), ATOM(evidence_support=true)), ATOM(authorization=true))",AND,general_technical_claim,UNCLASSIFIED,2.7.4 (docs/2.アーキテクチャ/2.7.非機能と運用の概要.md:46); authoritative docs commit 52bebecfb2a435d0e7ff2efea557c5799674ded6,,,DEFINITION_OR_SPEC,,,,APPROPRIATE_NORMATIVE,本番traceでは、質問、適用した権限、取得chunk、順位変化、採用したEvidence、回答、citation、RAG構成版を対応付けるという追跡要件は、後続工程から入力と版へ戻るための局所契約です。この規則に列挙したauthorization、document/chunk、rank、evidence、answer、citation、configuration versionを一つのtrace IDへ保存し、許可外itemがtrace内にゼロ件であることを検査する。 適用境界では、対象の記録に保存制約がある値は承認済みのhash・仮名化参照へ置換できるが、authorization decisionとartifact間の対応は削除しない。 逆引き可能性と保存上の例外を台帳で確かめられるため、APPROPRIATE_NORMATIVEです。,本番traceでは、質問、適用した権限、取得chunk、順位変化、採用したEvidence、回答、citation、RAG構成版を対応付けることを定める安全性・アクセス制御規則について、この規則に列挙したauthorization、document/chunk、rank、evidence、answer、citation、configuration versionを一つのtrace IDへ保存し、許可外itemがtrace内にゼロ件であることを検査する。,本番traceでは、質問、適用した権限、取得chunk、順位変化、採用したEvidence、回答、citation、RAG構成版を対応付けることを定める安全性・アクセス制御規則の例外として、対象の記録に保存制約がある値は承認済みのhash・仮名化参照へ置換できるが、authorization decisionとartifact間の対応は削除しない。,NOT_APPLICABLE,2.7.4 (docs/2.アーキテクチャ/2.7.非機能と運用の概要.md:46); authoritative docs commit 52bebecfb2a435d0e7ff2efea557c5799674ded6 の本文を維持し、normative_criteriaとexceptionsを設計台帳へ固定する。,rag-guide-maintainers,,,,INCONCLUSIVE,NOT_APPLICABLE_UNPROVED,codex-primary-wave4,2026-08-15,codex-independent-wave4,2026-08-15,FINAL_TWO_REVIEWER_APPROVED
SENT-0458,52bebecfb2a435d0e7ff2efea557c5799674ded6,Batch Layerは、範囲を定めた正本、再現可能な取り込み、構造を保つ解析と分割、出典・版・アクセス制御属性、疎検索と密検索の索引、公開前ゲートで構成します。,,"AND(AND(AND(AND(ATOM(sparse=true), ATOM(dense=true)), ATOM(retrieval=true)), ATOM(authorization=true)), ATOM(parsing=true))",AND,general_technical_claim,可能,2.8.1 (docs/2.アーキテクチャ/2.8.最初に作るAdvanced-RAG.md:8); authoritative docs commit 52bebecfb2a435d0e7ff2efea557c5799674ded6,,,DEFINITION_OR_SPEC,,,,APPROPRIATE_NORMATIVE,Batch Layerは、範囲を定めた正本、再現可能な取り込み、構造を保つ解析と分割、出典・版・アクセス制御属性、疎検索と密検索の索引、公開前ゲートで構成するという追跡要件は、後続工程から入力と版へ戻るための局所契約です。Batch Layerのmanifestにauthoritative source範囲、ingestion run、parser/chunker version、provenance・ACL field、sparse/dense index version、publish gate結果を必須化し、一つのdocument IDから全項目を逆引きする。 さらに、sparseまたはdense indexを使わない構成は該当indexを対象外にできるが、source範囲、再現可能な取り込み、provenance、ACL、publish gateは残す。 この扱いを例外として記録します。 逆引き可能性と保存上の例外を台帳で確かめられるため、APPROPRIATE_NORMATIVEです。,Batch Layerのmanifestにauthoritative source範囲、ingestion run、parser/chunker version、provenance・ACL field、sparse/dense index version、publish gate結果を必須化し、一つのdocument IDから全項目を逆引きする。,sparseまたはdense indexを使わない構成は該当indexを対象外にできるが、source範囲、再現可能な取り込み、provenance、ACL、publish gateは残す。,NOT_APPLICABLE,2.8.1 (docs/2.アーキテクチャ/2.8.最初に作るAdvanced-RAG.md:8); authoritative docs commit 52bebecfb2a435d0e7ff2efea557c5799674ded6 の本文を維持し、normative_criteriaとexceptionsを設計台帳へ固定する。,rag-guide-maintainers,,,,INCONCLUSIVE,NOT_APPLICABLE_UNPROVED,codex-primary-wave4,2026-08-15,codex-independent-wave4,2026-08-15,FINAL_TWO_REVIEWER_APPROVED
SENT-0459,52bebecfb2a435d0e7ff2efea557c5799674ded6,Real-time Layerは、質問理解、検索時のアクセス制御、疎検索と密検索の統合、再順位付け、Evidence Set、根拠に基づく回答、引用、回答保留、実行記録で構成します。,Real-time Layerの処理順を、質問理解、ACL適用、疎密検索、統合、再順位付け、Evidence Set生成、回答生成、引用検査、保留判定、trace記録に固定します。,"AND(AND(AND(AND(AND(AND(AND(AND(ATOM(sparse=true), ATOM(dense=true)), ATOM(evidence_trace=true)), ATOM(rerank=true)), ATOM(retrieval=true)), ATOM(generation=true)), ATOM(citation=true)), ATOM(evidence_support=true)), ATOM(authorization=true))",AND,general_technical_claim,UNCLASSIFIED,2.8.1 (docs/2.アーキテクチャ/2.8.最初に作るAdvanced-RAG.md:9); authoritative docs commit 52bebecfb2a435d0e7ff2efea557c5799674ded6,,,DEFINITION_OR_SPEC,,authorization=true;citation=true;dense=true;evidence_support=true;evidence_trace=true;rerank=true;sparse=true,NOT_APPLICABLE,REWRITE_REQUIRED,「Real-time Layerの処理順」の検討では、authorization=true、citation=true、dense=true、evidence_support=true、evidence_trace=true、rerank=true、sparse=trueを技術一般へ外挿せず、本文の動作を具体化しました。「Real-time Layerの処理順」の証拠境界として、元命題にある未確定の関係はauthorization=true、citation=true、dense=true、evidence_support=true、evidence_trace=true、rerank=true、sparse=trueの裏付けを欠くため、実装規則とは分離します。Real-time Layerの処理順を、質問理解、ACL適用、疎密検索、統合、再順位付け、Evidence Set生成、回答生成、引用検査、保留判定、trace記録に固定します。 修正文が具体化する対象は「Real-time Layerの処理順」です。「Real-time Layerの処理順」の採否について、authorization=true、citation=true、dense=true、evidence_support=true、evidence_trace=true、rerank=true、sparse=trueに関する具体的な処理は有用ですが、原文のままでは境界を越えるため書換えを選びます。,NOT_APPLICABLE_NON_NORMATIVE,NOT_APPLICABLE_NON_NORMATIVE,NOT_APPLICABLE,2.8.1 (docs/2.アーキテクチャ/2.8.最初に作るAdvanced-RAG.md:9); authoritative docs commit 52bebecfb2a435d0e7ff2efea557c5799674ded6 の現文を次の文へ置換する: Real-time Layerの処理順を、質問理解、ACL適用、疎密検索、統合、再順位付け、Evidence Set生成、回答生成、引用検査、保留判定、trace記録に固定します。 再抽出した文面と分類を照合する。,rag-guide-maintainers,,,,INCONCLUSIVE,NOT_APPLICABLE_UNPROVED,codex-primary-wave4,2026-08-15,codex-independent-wave4,2026-08-15,FINAL_TWO_REVIEWER_APPROVED
SENT-0481,52bebecfb2a435d0e7ff2efea557c5799674ded6,高性能な検索モデルでも、資料の正本性や現在の有効性を、文章の類似度だけから判断できません。,資料の正本性と有効期限は類似度scoreから推定せず、source registryのauthority、version、valid_from、valid_toで判定します。,NOT(ATOM(retrieval=true)),NOT,general_technical_claim,有効,3.1.1 (docs/3.回答に使う資料を準備する/3.1.データソース棚卸し.md:10); authoritative docs commit 52bebecfb2a435d0e7ff2efea557c5799674ded6,,,DEFINITION_OR_SPEC,,retrieval=true,NOT,REWRITE_REQUIRED,「資料の正本性と有効期限は類似度scoreから推定せず」の検討では、retrieval=trueから採用可能な手順を残し、証明されていない一般化を切り離しました。「資料の正本性と有効期限は類似度scoreから推定せず」の証拠境界として、未確認なのはretrieval=trueを結ぶ否定関係であり、修正文はその外挿を避けています。資料の正本性と有効期限は類似度scoreから推定せず、source registryのauthority、version、valid_from、valid_toで判定します。 修正文が具体化する対象は「資料の正本性と有効期限は類似度scoreから推定せず」です。「資料の正本性と有効期限は類似度scoreから推定せず」の採否について、retrieval=trueが一般則と誤読されない修正文を要するため、REWRITE_REQUIREDです。,NOT_APPLICABLE_NON_NORMATIVE,NOT_APPLICABLE_NON_NORMATIVE,NOT_APPLICABLE,3.1.1 (docs/3.回答に使う資料を準備する/3.1.データソース棚卸し.md:10); authoritative docs commit 52bebecfb2a435d0e7ff2efea557c5799674ded6 の現文を次の文へ置換する: 資料の正本性と有効期限は類似度scoreから推定せず、source registryのauthority、version、valid_from、valid_toで判定します。 再抽出した文面と分類を照合する。,rag-guide-maintainers,,,,INCONCLUSIVE,NOT_APPLICABLE_UNPROVED,codex-primary-wave4,2026-08-15,codex-independent-wave4,2026-08-15,FINAL_TWO_REVIEWER_APPROVED
SENT-0482,52bebecfb2a435d0e7ff2efea557c5799674ded6,Data Cascadesは、高リスクなAIシステムで、データの収集・管理上の問題が下流へ連鎖する事例を調査しました。,"「“Everyone wants to do the model work, not the data work”: Data Cascades in High-Stakes AI」（2021年）は、高リスクAIシステムを対象に、データの収集・管理上の問題が下流へ連鎖する事例を調査しました。",ATOM(risk=true),ATOM,externally_cited_claim,UNCLASSIFIED,3.1.1 (docs/3.回答に使う資料を準備する/3.1.データソース棚卸し.md:12); authoritative docs commit 52bebecfb2a435d0e7ff2efea557c5799674ded6,SRC-009,SRC-009 https://dl.acm.org/doi/10.1145/3411764.3445518 — primary_page inspected 2026-08-15; 現主張への直接locatorは未確定,AUTHOR_CLAIM,NONE_DIRECTLY_VERIFIED,risk=true,NOT_APPLICABLE,REWRITE_REQUIRED,"dl.acm.orgの一次資料ページへの参照は台帳にありますが、riskについて各要素と結論との直接の対応まで同時に再特定できる直接箇所が確定していません。資料の帰属範囲を「“Everyone wants to do the model work, not the data work”: Data Cascades in High-Stakes AI」（2021年）は、高リスクAIシステムを対象に、データの収集・管理上の問題が下流へ連鎖する事例を調査したという限定まで狭め、候補URLの存在だけで機序や結果を補わない文へ変更します。 修正文にある主体と操作対象は保ちつつ、直接根拠を越える各要素と結論との直接の対応を落とす差分なので、REWRITE_REQUIREDと判定します。",NOT_APPLICABLE_NON_NORMATIVE,NOT_APPLICABLE_NON_NORMATIVE,UNVERIFIED,"3.1.1 (docs/3.回答に使う資料を準備する/3.1.データソース棚卸し.md:12); authoritative docs commit 52bebecfb2a435d0e7ff2efea557c5799674ded6 の現文を次の文へ置換する: 「“Everyone wants to do the model work, not the data work”: Data Cascades in High-Stakes AI」（2021年）は、高リスクAIシステムを対象に、データの収集・管理上の問題が下流へ連鎖する事例を調査しました。 再抽出した文面と分類を照合する。",rag-guide-maintainers,,,,INCONCLUSIVE,NOT_APPLICABLE_UNPROVED,codex-primary-wave4,2026-08-15,codex-independent-wave4,2026-08-15,FINAL_TWO_REVIEWER_APPROVED
SENT-0530,52bebecfb2a435d0e7ff2efea557c5799674ded6,障害情報は数分、規程は施行日前、研究資料は版更新後など、情報源ごとに許容遅延を定めます。,,ATOM(fault_tolerance=true),ATOM,empirical_or_research_claim,UNCLASSIFIED,3.1.3 (docs/3.回答に使う資料を準備する/3.1.データソース棚卸し.md:82); authoritative docs commit 52bebecfb2a435d0e7ff2efea557c5799674ded6,,,DEFINITION_OR_SPEC,,,,APPROPRIATE_NORMATIVE,障害情報は数分、規程は施行日前、研究資料は版更新後など、情報源ごとに許容遅延を定めるという追跡要件は、後続工程から入力と版へ戻るための局所契約です。障害情報・規程・研究資料の各source classについて、許容遅延、起算event、期限、期限超過時の公開停止または警告をfreshness policyへ記録し、期限境界のfixtureで判定を確認します。 適用境界では、法令上の施行時刻や契約上の通知期限が通常の許容遅延より厳しいsource classでは、その期限を優先し、例外承認で公開を遅らせません。 逆引き可能性と保存上の例外を台帳で確かめられるため、APPROPRIATE_NORMATIVEです。,障害情報は数分、規程は施行日前、研究資料は版更新後など、情報源ごとに許容遅延を定めます。 障害情報・規程・研究資料の各source classについて、許容遅延、起算event、期限、期限超過時の公開停止または警告をfreshness policyへ記録し、期限境界のfixtureで判定を確認します。,障害情報は数分、規程は施行日前、研究資料は版更新後など、情報源ごとに許容遅延を定めます。 法令上の施行時刻や契約上の通知期限が通常の許容遅延より厳しいsource classでは、その期限を優先し、例外承認で公開を遅らせません。,NOT_APPLICABLE,3.1.3 (docs/3.回答に使う資料を準備する/3.1.データソース棚卸し.md:82); authoritative docs commit 52bebecfb2a435d0e7ff2efea557c5799674ded6 の本文を維持し、normative_criteriaとexceptionsを設計台帳へ固定する。,rag-guide-maintainers,,,,INCONCLUSIVE,NOT_APPLICABLE_UNPROVED,codex-primary-wave4,2026-08-15,codex-independent-wave4,2026-08-15,FINAL_TWO_REVIEWER_APPROVED
SENT-0554,52bebecfb2a435d0e7ff2efea557c5799674ded6,内部アルゴリズム監査の枠組みは、システムの企画から廃止までの全期間を通じた説明責任を扱いました。,Closing the AI Accountability Gapが提示した内部アルゴリズム監査の枠組みは、システムの企画、開発、導入、運用、廃止を通じた説明責任を対象にしています。,NL_PROPOSITION(内部アルゴリズム監査の枠組みは、システムの企画から廃止までの全期間を通じた説明責任を扱いました。),UNFORMALIZED,externally_cited_claim,UNCLASSIFIED,3.1.5 (docs/3.回答に使う資料を準備する/3.1.データソース棚卸し.md:120); authoritative docs commit 52bebecfb2a435d0e7ff2efea557c5799674ded6,SRC-016,SRC-016 https://arxiv.org/abs/2001.00973 — abstract inspected 2026-08-15; 現主張への直接locatorは未確定,AUTHOR_CLAIM,NONE_DIRECTLY_VERIFIED,UNFORMALIZED_NATURAL_LANGUAGE_CLAIM,NOT_APPLICABLE,REWRITE_REQUIRED,arxiv.orgのAbstractへの参照は台帳にありますが、原文の未形式化主張について各要素と結論との直接の対応まで同時に再特定できる直接箇所が確定していません。資料の帰属範囲をClosing the AI Accountability Gapが提示した内部アルゴリズム監査の枠組みは、システムの企画、開発、導入、運用、廃止を通じた説明責任を対象にしているという限定まで狭め、候補URLの存在だけで機序や結果を補わない文へ変更します。 修正文にある主体と操作対象は保ちつつ、直接根拠を越える各要素と結論との直接の対応を落とす差分なので、REWRITE_REQUIREDと判定します。,NOT_APPLICABLE_NON_NORMATIVE,NOT_APPLICABLE_NON_NORMATIVE,UNVERIFIED,3.1.5 (docs/3.回答に使う資料を準備する/3.1.データソース棚卸し.md:120); authoritative docs commit 52bebecfb2a435d0e7ff2efea557c5799674ded6 の現文を次の文へ置換する: Closing the AI Accountability Gapが提示した内部アルゴリズム監査の枠組みは、システムの企画、開発、導入、運用、廃止を通じた説明責任を対象にしています。 再抽出した文面と分類を照合する。,rag-guide-maintainers,,,,INCONCLUSIVE,NOT_APPLICABLE_UNPROVED,codex-primary-wave4,2026-08-15,codex-independent-wave4,2026-08-15,FINAL_TWO_REVIEWER_APPROVED
SENT-0568,52bebecfb2a435d0e7ff2efea557c5799674ded6,ML Test Scoreは、学習済みモデルだけでなく、データとパイプラインを含む本番準備を評価する観点を示しました。,ML Test Scoreのrubricは、学習済みmodelの品質だけでなく、dataとpipelineを含むML systemの本番準備度を評価対象にしています。,"AND(ATOM(evaluation=true), ATOM(dataflow=true))",AND,externally_cited_claim,UNCLASSIFIED,3.1.6 (docs/3.回答に使う資料を準備する/3.1.データソース棚卸し.md:142); authoritative docs commit 52bebecfb2a435d0e7ff2efea557c5799674ded6,SRC-017,SRC-017 https://research.google/pubs/the-ml-test-score-a-rubric-for-ml-production-readiness-and-technical-debt-reduction/ — primary_page inspected 2026-08-15; 現主張への直接locatorは未確定,AUTHOR_CLAIM,NONE_DIRECTLY_VERIFIED,dataflow=true,NOT_APPLICABLE,REWRITE_REQUIRED,research.googleの一次資料ページへの参照は台帳にありますが、dataflowについて各要素と結論との直接の対応まで同時に再特定できる直接箇所が確定していません。資料の帰属範囲をML Test Scoreのrubricは、学習済みmodelの品質だけでなく、dataとpipelineを含むML systemの本番準備度を評価対象にしているという限定まで狭め、候補URLの存在だけで機序や結果を補わない文へ変更します。 修正文にある主体と操作対象は保ちつつ、直接根拠を越える各要素と結論との直接の対応を落とす差分なので、REWRITE_REQUIREDと判定します。,NOT_APPLICABLE_NON_NORMATIVE,NOT_APPLICABLE_NON_NORMATIVE,UNVERIFIED,3.1.6 (docs/3.回答に使う資料を準備する/3.1.データソース棚卸し.md:142); authoritative docs commit 52bebecfb2a435d0e7ff2efea557c5799674ded6 の現文を次の文へ置換する: ML Test Scoreのrubricは、学習済みmodelの品質だけでなく、dataとpipelineを含むML systemの本番準備度を評価対象にしています。 再抽出した文面と分類を照合する。,rag-guide-maintainers,,,,INCONCLUSIVE,NOT_APPLICABLE_UNPROVED,codex-primary-wave4,2026-08-15,codex-independent-wave4,2026-08-15,FINAL_TWO_REVIEWER_APPROVED
SENT-0572,52bebecfb2a435d0e7ff2efea557c5799674ded6,取り込み（ingestion）は、情報源から資料を取得し、検査、解析、分割、埋め込み、登録を経て、検索可能なインデックスとして公開する処理です。,本ガイドでは、取り込み（ingestion）を、情報源から資料を取得し、検査、解析、分割、埋め込み、登録を経て検索可能なインデックスとして公開する処理と定義します。,"AND(ATOM(retrieval=true), ATOM(parsing=true))",AND,general_technical_claim,可能,FILE-INTRO (docs/3.回答に使う資料を準備する/3.2.Ingestion設計.md:3); authoritative docs commit 52bebecfb2a435d0e7ff2efea557c5799674ded6,,,DEFINITION_OR_SPEC,,,,APPROPRIATE_NORMATIVE,本ガイドでは、取り込み（ingestion）を、情報源から資料を取得し、検査、解析、分割、埋め込み、登録を経て検索可能なインデックスとして公開する処理と定義するという局所定義は、本文・図表・台帳で同じ対象を指すために使います。本文、図表、schema、評価台帳で同じ対象、単位、入出力を使用し、異なる意味で使う箇所がrepository内検索でゼロ件であることを確認する。 適用境界では、当該規則が公式標準または製品仕様の同名語と異なる場合はローカル定義であることと対応関係を併記し、公式語の意味を上書きしない。 用語や工程の一貫性と外部仕様と異なる場合の併記を検査できるため、APPROPRIATE_NORMATIVEです。,本ガイドでは、取り込み（ingestion）を、情報源から資料を取得し、検査、解析、分割、埋め込み、登録を経て検索可能なインデックスとして公開する処理と定義することを定める用語・工程定義について、本文、図表、schema、評価台帳で同じ対象、単位、入出力を使用し、異なる意味で使う箇所がrepository内検索でゼロ件であることを確認する。,本ガイドでは、取り込み（ingestion）を、情報源から資料を取得し、検査、解析、分割、埋め込み、登録を経て検索可能なインデックスとして公開する処理と定義することを定める用語・工程定義の例外として、当該規則が公式標準または製品仕様の同名語と異なる場合はローカル定義であることと対応関係を併記し、公式語の意味を上書きしない。,NOT_APPLICABLE,FILE-INTRO (docs/3.回答に使う資料を準備する/3.2.Ingestion設計.md:3); authoritative docs commit 52bebecfb2a435d0e7ff2efea557c5799674ded6 の現文を次の文へ置換する: 本ガイドでは、取り込み（ingestion）を、情報源から資料を取得し、検査、解析、分割、埋め込み、登録を経て検索可能なインデックスとして公開する処理と定義します。 再抽出した文面と分類を照合する。,rag-guide-maintainers,,,,INCONCLUSIVE,NOT_APPLICABLE_UNPROVED,codex-primary-wave4,2026-08-15,codex-independent-wave4,2026-08-15,FINAL_TWO_REVIEWER_APPROVED
SENT-0575,52bebecfb2a435d0e7ff2efea557c5799674ded6,発見 → 取得 → 検査 → 解析 → 正規化 → 分割 → 埋め込み → 登録 → 検証 → 公開,発見 → 取得 → 検査 → 解析 → 正規化 → 分割 → 埋め込み → 登録 → 検証 → 公開,"AND(AND(ATOM(retrieval=true), ATOM(verification=true)), ATOM(parsing=true))",AND,general_technical_claim,UNCLASSIFIED,3.2.1 (docs/3.回答に使う資料を準備する/3.2.Ingestion設計.md:10); authoritative docs commit 52bebecfb2a435d0e7ff2efea557c5799674ded6,SRC-018;SRC-019,SRC-018 https://research.google/pubs/flumejava-easy-efficient-data-parallel-pipelines/ — primary_page inspected 2026-08-15; 現主張への直接locatorは未確定; SRC-019 https://research.google/pubs/data-validation-for-machine-learning/ — primary_page inspected 2026-08-15; 現主張への直接locatorは未確定,DEFINITION_OR_SPEC,NONE_DIRECTLY_VERIFIED,NOT_A_NORMATIVE_CLAIM,NOT_APPLICABLE,REMOVE_OR_REPLACE,発見 → 取得 → 検査 → 解析 → 正規化 → 分割 → 埋め込み → 登録 → 検証 → 公開 この行は 3.2.1 (docs/3.回答に使う資料を準備する/3.2.Ingestion設計.md:10); authoritative docs commit 52bebecfb2a435d0e7ff2efea557c5799674ded6 にあるMarkdown表示単位で、単独の技術命題として検証できる主語・述語を備えていません。表示は維持しつつ NOT_A_NORMATIVE_CLAIM を証拠要求の命題集合から除外するため、REMOVE_OR_REPLACEの分類overrideを適用します。,NOT_APPLICABLE_NON_NORMATIVE,NOT_APPLICABLE_NON_NORMATIVE,NOT_APPLICABLE,3.2.1 (docs/3.回答に使う資料を準備する/3.2.Ingestion設計.md:10); authoritative docs commit 52bebecfb2a435d0e7ff2efea557c5799674ded6 のMarkdown表示は維持し、Wave 4分類overrideで技術的事実の命題集合から除外する。,rag-guide-maintainers,,,,INCONCLUSIVE,NOT_APPLICABLE_UNPROVED,codex-primary-wave4,2026-08-15,codex-independent-wave4,2026-08-15,FINAL_TWO_REVIEWER_APPROVED
SENT-0577,52bebecfb2a435d0e7ff2efea557c5799674ded6,FlumeJavaは、並列データ処理を再利用可能な変換段階として構成する考え方を示しました。,FlumeJavaが対象としたdata-parallel pipelineでは、処理を再利用可能な変換段階として構成します。,NL_PROPOSITION(FlumeJavaは、並列データ処理を再利用可能な変換段階として構成する考え方を示しました。),UNFORMALIZED,externally_cited_claim,可能,3.2.1 (docs/3.回答に使う資料を準備する/3.2.Ingestion設計.md:13); authoritative docs commit 52bebecfb2a435d0e7ff2efea557c5799674ded6,SRC-018,SRC-018 https://research.google/pubs/flumejava-easy-efficient-data-parallel-pipelines/ — primary_page inspected 2026-08-15; 現主張への直接locatorは未確定,AUTHOR_CLAIM,NONE_DIRECTLY_VERIFIED,UNFORMALIZED_NATURAL_LANGUAGE_CLAIM,NOT_APPLICABLE,REWRITE_REQUIRED,research.googleの一次資料ページへの参照は台帳にありますが、原文の未形式化主張について各要素と結論との直接の対応まで同時に再特定できる直接箇所が確定していません。資料の帰属範囲をFlumeJavaが対象としたdata-parallel pipelineでは、処理を再利用可能な変換段階として構成するという限定まで狭め、候補URLの存在だけで機序や結果を補わない文へ変更します。 修正文にある主体と操作対象は保ちつつ、直接根拠を越える各要素と結論との直接の対応を落とす差分なので、REWRITE_REQUIREDと判定します。,NOT_APPLICABLE_NON_NORMATIVE,NOT_APPLICABLE_NON_NORMATIVE,UNVERIFIED,3.2.1 (docs/3.回答に使う資料を準備する/3.2.Ingestion設計.md:13); authoritative docs commit 52bebecfb2a435d0e7ff2efea557c5799674ded6 の現文を次の文へ置換する: FlumeJavaが対象としたdata-parallel pipelineでは、処理を再利用可能な変換段階として構成します。 再抽出した文面と分類を照合する。,rag-guide-maintainers,,,,INCONCLUSIVE,NOT_APPLICABLE_UNPROVED,codex-primary-wave4,2026-08-15,codex-independent-wave4,2026-08-15,FINAL_TWO_REVIEWER_APPROVED
SENT-0594,52bebecfb2a435d0e7ff2efea557c5799674ded6,Data Validation for Machine Learningがデータの異常とスキーマ変化を検出する枠組みを扱ったように、取得要求が成功したという通信結果だけで正常と判断しません。,取得要求が成功しても正常取り込みとは判断せず、schema、record count、必須metadata、本文非空、重複率を検査します。,"NOT(AND(AND(ATOM(retrieval=true), ATOM(data_quality=true)), ATOM(empirical_result=true)))",NOT,externally_cited_claim,UNCLASSIFIED,3.2.1 (docs/3.回答に使う資料を準備する/3.2.Ingestion設計.md:35); authoritative docs commit 52bebecfb2a435d0e7ff2efea557c5799674ded6,,,DEFINITION_OR_SPEC,,,,APPROPRIATE_NORMATIVE,HTTP応答の成功と、取り込んだ知識成果物が利用可能であることは別の判定です。本ガイドの正常取り込みはschema、record count、必須metadata、本文非空、重複率の全検査を通過した状態と定義し、検査基盤が停止したbatchは公開せず保留します。このローカル受入条件へ明示的に直すため、APPROPRIATE_NORMATIVEです。,取得要求がHTTP成功でも、schema、record count、必須metadata、本文非空、重複率の検査を通過しなければ正常取り込みとせず、対象batchを隔離する。,検査基盤自体が停止した場合は通信成功だけで公開せず、batchを保留して検査復旧後に再実行する。,NOT_APPLICABLE,3.2.1 (docs/3.回答に使う資料を準備する/3.2.Ingestion設計.md:35); authoritative docs commit 52bebecfb2a435d0e7ff2efea557c5799674ded6 の現文を次の文へ置換する: 取得要求が成功しても正常取り込みとは判断せず、schema、record count、必須metadata、本文非空、重複率を検査します。 再抽出した文面と分類を照合する。,rag-guide-maintainers,,,,INCONCLUSIVE,NOT_APPLICABLE_UNPROVED,codex-primary-wave4,2026-08-15,codex-independent-wave4,2026-08-15,FINAL_TWO_REVIEWER_APPROVED
SENT-0602,52bebecfb2a435d0e7ff2efea557c5799674ded6,Dataflow Modelは、一括処理と継続処理を単純な優劣ではなく、正しさ、結果が利用可能になるまでの時間、費用から扱いました。,Dataflow Modelは、batch処理と継続処理を、正しさ、結果が利用可能になるまでの時間、処理費用という三観点で扱っています。,"AND(AND(AND(ATOM(temporal_freshness=true), ATOM(cost=true)), ATOM(dataflow=true)), ATOM(empirical_result=true))",AND,externally_cited_claim,可能,3.2.2 (docs/3.回答に使う資料を準備する/3.2.Ingestion設計.md:49); authoritative docs commit 52bebecfb2a435d0e7ff2efea557c5799674ded6,SRC-020,SRC-020 https://doi.org/10.14778/2824032.2824076 — primary_page inspected 2026-08-15; 現主張への直接locatorは未確定,AUTHOR_CLAIM,NONE_DIRECTLY_VERIFIED,cost=true;empirical_result=true;temporal_freshness=true,NOT_APPLICABLE,REWRITE_REQUIRED,doi.orgの一次資料ページへの参照は台帳にありますが、cost、empirical_result、temporal_freshnessについて各要素と結論との直接の対応まで同時に再特定できる直接箇所が確定していません。資料の帰属範囲をDataflow Modelは、batch処理と継続処理を、正しさ、結果が利用可能になるまでの時間、処理費用という三観点で扱っているという限定まで狭め、候補URLの存在だけで機序や結果を補わない文へ変更します。 修正文にある主体と操作対象は保ちつつ、直接根拠を越える各要素と結論との直接の対応を落とす差分なので、REWRITE_REQUIREDと判定します。,NOT_APPLICABLE_NON_NORMATIVE,NOT_APPLICABLE_NON_NORMATIVE,UNVERIFIED,3.2.2 (docs/3.回答に使う資料を準備する/3.2.Ingestion設計.md:49); authoritative docs commit 52bebecfb2a435d0e7ff2efea557c5799674ded6 の現文を次の文へ置換する: Dataflow Modelは、batch処理と継続処理を、正しさ、結果が利用可能になるまでの時間、処理費用という三観点で扱っています。 再抽出した文面と分類を照合する。,rag-guide-maintainers,,,,INCONCLUSIVE,NOT_APPLICABLE_UNPROVED,codex-primary-wave4,2026-08-15,codex-independent-wave4,2026-08-15,FINAL_TWO_REVIEWER_APPROVED
SENT-0608,52bebecfb2a435d0e7ff2efea557c5799674ded6,解析器や埋め込みモデルを比較するときは、同じスナップショットを入力し、出力差の原因を処理変更に結び付けられるようにします。,,NL_PROPOSITION(解析器や埋め込みモデルを比較するときは、同じスナップショットを入力し、出力差の原因を処理変更に結び付けられるようにします。),UNFORMALIZED,general_technical_claim,UNCLASSIFIED,3.2.2 (docs/3.回答に使う資料を準備する/3.2.Ingestion設計.md:57); authoritative docs commit 52bebecfb2a435d0e7ff2efea557c5799674ded6,,,DEFINITION_OR_SPEC,,,,APPROPRIATE_NORMATIVE,解析器や埋め込みモデルを比較するときは、同じスナップショットを入力し、出力差の原因を処理変更に結び付けられるようにするという採否判断は、比較対象と合格条件を実行結果で識別するために置きます。この規則に挙げた選択肢を同じdataset version、query slice、gold evidence、負荷条件で比較し、対象sliceごとの品質・latency・costを一つのresult tableへ記録する。 さらに、判定に必要なgold evidenceがないslice、標本不足のslice、負荷条件が異なるrunは合否集計から分離し、他sliceの平均結果を外挿しない。 この扱いを例外として記録します。 同じ条件での比較と採用しない条件を両方記録できるため、APPROPRIATE_NORMATIVEです。,解析器や埋め込みモデルを比較するときは、同じスナップショットを入力し、出力差の原因を処理変更に結び付けられるようにすることを定める評価・採否規則について、この規則に挙げた選択肢を同じdataset version、query slice、gold evidence、負荷条件で比較し、対象sliceごとの品質・latency・costを一つのresult tableへ記録する。,解析器や埋め込みモデルを比較するときは、同じスナップショットを入力し、出力差の原因を処理変更に結び付けられるようにすることを定める評価・採否規則の例外として、判定に必要なgold evidenceがないslice、標本不足のslice、負荷条件が異なるrunは合否集計から分離し、他sliceの平均結果を外挿しない。,NOT_APPLICABLE,3.2.2 (docs/3.回答に使う資料を準備する/3.2.Ingestion設計.md:57); authoritative docs commit 52bebecfb2a435d0e7ff2efea557c5799674ded6 の本文を維持し、normative_criteriaとexceptionsを設計台帳へ固定する。,rag-guide-maintainers,,,,INCONCLUSIVE,NOT_APPLICABLE_UNPROVED,codex-primary-wave4,2026-08-15,codex-independent-wave4,2026-08-15,FINAL_TWO_REVIEWER_APPROVED
SENT-0615,52bebecfb2a435d0e7ff2efea557c5799674ded6,同じキーを再処理しても、チャンクやベクトルを二重登録しないようにします。,,NL_PROPOSITION(同じキーを再処理しても、チャンクやベクトルを二重登録しないようにします。),UNFORMALIZED,general_technical_claim,UNCLASSIFIED,3.2.3 (docs/3.回答に使う資料を準備する/3.2.Ingestion設計.md:69); authoritative docs commit 52bebecfb2a435d0e7ff2efea557c5799674ded6,,,DEFINITION_OR_SPEC,,,,APPROPRIATE_NORMATIVE,同じキーを再処理しても、チャンクやベクトルを二重登録しないようにするという運用要件は、実行時の判断を担当者ごとにぶらさないためのローカル規則です。同じsource ID、document version、transformation versionを再処理し、chunk IDとvector IDの件数・内容が初回と一致し、重複行が増えないことを冪等性試験で確認する。 さらに、document versionまたはtransformation versionが変わった再処理は新しい成果物を作成できるが、旧版との対応と切替状態を保持する。 この扱いを例外として記録します。 実装結果と例外発生時の扱いを個別に検査できるため、APPROPRIATE_NORMATIVEです。,同じsource ID、document version、transformation versionを再処理し、chunk IDとvector IDの件数・内容が初回と一致し、重複行が増えないことを冪等性試験で確認する。,document versionまたはtransformation versionが変わった再処理は新しい成果物を作成できるが、旧版との対応と切替状態を保持する。,NOT_APPLICABLE,3.2.3 (docs/3.回答に使う資料を準備する/3.2.Ingestion設計.md:69); authoritative docs commit 52bebecfb2a435d0e7ff2efea557c5799674ded6 の本文を維持し、normative_criteriaとexceptionsを設計台帳へ固定する。,rag-guide-maintainers,,,,INCONCLUSIVE,NOT_APPLICABLE_UNPROVED,codex-primary-wave4,2026-08-15,codex-independent-wave4,2026-08-15,FINAL_TWO_REVIEWER_APPROVED
SENT-0629,52bebecfb2a435d0e7ff2efea557c5799674ded6,| 解析器 | 解析、分割、埋め込み、インデックス |,| 解析器 | 解析、分割、埋め込み、インデックス |,ATOM(parsing=true),ATOM,general_technical_claim,UNCLASSIFIED,3.2.3 (docs/3.回答に使う資料を準備する/3.2.Ingestion設計.md:89); authoritative docs commit 52bebecfb2a435d0e7ff2efea557c5799674ded6,SRC-002;SRC-005;SRC-009;SRC-010;SRC-011,SRC-002 https://aclanthology.org/2020.emnlp-main.550/ — abstract inspected 2026-08-15; 現主張への直接locatorは未確定; SRC-005 https://doi.org/10.1561/1500000019 — primary_page inspected 2026-08-15; 現主張への直接locatorは未確定; SRC-009 https://dl.acm.org/doi/10.1145/3411764.3445518 — primary_page inspected 2026-08-15; 現主張への直接locatorは未確定,DEFINITION_OR_SPEC,NONE_DIRECTLY_VERIFIED,parsing=true,NOT_APPLICABLE,REMOVE_OR_REPLACE,| 解析器 | 解析、分割、埋め込み、インデックス | この行は 3.2.3 (docs/3.回答に使う資料を準備する/3.2.Ingestion設計.md:89); authoritative docs commit 52bebecfb2a435d0e7ff2efea557c5799674ded6 にあるMarkdown表示単位で、単独の技術命題として検証できる主語・述語を備えていません。表示は維持しつつ parsing=true を証拠要求の命題集合から除外するため、REMOVE_OR_REPLACEの分類overrideを適用します。,NOT_APPLICABLE_NON_NORMATIVE,NOT_APPLICABLE_NON_NORMATIVE,UNVERIFIED,3.2.3 (docs/3.回答に使う資料を準備する/3.2.Ingestion設計.md:89); authoritative docs commit 52bebecfb2a435d0e7ff2efea557c5799674ded6 のMarkdown表示は維持し、Wave 4分類overrideで技術的事実の命題集合から除外する。,rag-guide-maintainers,,,,INCONCLUSIVE,NOT_APPLICABLE_UNPROVED,codex-primary-wave4,2026-08-15,codex-independent-wave4,2026-08-15,FINAL_TWO_REVIEWER_APPROVED
SENT-0630,52bebecfb2a435d0e7ff2efea557c5799674ded6,| 分割方法 | チャンクID、埋め込み、インデックス |,| 分割方法 | チャンクID、埋め込み、インデックス |,NL_PROPOSITION(| 分割方法 | チャンクID、埋め込み、インデックス |),UNFORMALIZED,general_technical_claim,UNCLASSIFIED,3.2.3 (docs/3.回答に使う資料を準備する/3.2.Ingestion設計.md:90); authoritative docs commit 52bebecfb2a435d0e7ff2efea557c5799674ded6,SRC-002;SRC-005;SRC-009;SRC-010;SRC-011,SRC-002 https://aclanthology.org/2020.emnlp-main.550/ — abstract inspected 2026-08-15; 現主張への直接locatorは未確定; SRC-005 https://doi.org/10.1561/1500000019 — primary_page inspected 2026-08-15; 現主張への直接locatorは未確定; SRC-009 https://dl.acm.org/doi/10.1145/3411764.3445518 — primary_page inspected 2026-08-15; 現主張への直接locatorは未確定,DEFINITION_OR_SPEC,NONE_DIRECTLY_VERIFIED,UNFORMALIZED_NATURAL_LANGUAGE_CLAIM,NOT_APPLICABLE,REMOVE_OR_REPLACE,| 分割方法 | チャンクID、埋め込み、インデックス | この行は 3.2.3 (docs/3.回答に使う資料を準備する/3.2.Ingestion設計.md:90); authoritative docs commit 52bebecfb2a435d0e7ff2efea557c5799674ded6 にあるMarkdown表示単位で、単独の技術命題として検証できる主語・述語を備えていません。表示は維持しつつ UNFORMALIZED_NATURAL_LANGUAGE_CLAIM を証拠要求の命題集合から除外するため、REMOVE_OR_REPLACEの分類overrideを適用します。,NOT_APPLICABLE_NON_NORMATIVE,NOT_APPLICABLE_NON_NORMATIVE,UNVERIFIED,3.2.3 (docs/3.回答に使う資料を準備する/3.2.Ingestion設計.md:90); authoritative docs commit 52bebecfb2a435d0e7ff2efea557c5799674ded6 のMarkdown表示は維持し、Wave 4分類overrideで技術的事実の命題集合から除外する。,rag-guide-maintainers,,,,INCONCLUSIVE,NOT_APPLICABLE_UNPROVED,codex-primary-wave4,2026-08-15,codex-independent-wave4,2026-08-15,FINAL_TWO_REVIEWER_APPROVED
SENT-0631,52bebecfb2a435d0e7ff2efea557c5799674ded6,| 埋め込みモデル | ベクトル生成とベクトルインデックス |,| 埋め込みモデル | ベクトル生成とベクトルインデックス |,"AND(ATOM(generation=true), ATOM(embedding_model=true))",AND,general_technical_claim,UNCLASSIFIED,3.2.3 (docs/3.回答に使う資料を準備する/3.2.Ingestion設計.md:91); authoritative docs commit 52bebecfb2a435d0e7ff2efea557c5799674ded6,SRC-022,SRC-022 https://www.vldb.org/pvldb/vol6/p1033-akidau.pdf — primary_page inspected 2026-08-15; 現主張への直接locatorは未確定,DEFINITION_OR_SPEC,NONE_DIRECTLY_VERIFIED,embedding_model=true,NOT_APPLICABLE,REMOVE_OR_REPLACE,| 埋め込みモデル | ベクトル生成とベクトルインデックス | この行は 3.2.3 (docs/3.回答に使う資料を準備する/3.2.Ingestion設計.md:91); authoritative docs commit 52bebecfb2a435d0e7ff2efea557c5799674ded6 にあるMarkdown表示単位で、単独の技術命題として検証できる主語・述語を備えていません。表示は維持しつつ embedding_model=true を証拠要求の命題集合から除外するため、REMOVE_OR_REPLACEの分類overrideを適用します。,NOT_APPLICABLE_NON_NORMATIVE,NOT_APPLICABLE_NON_NORMATIVE,UNVERIFIED,3.2.3 (docs/3.回答に使う資料を準備する/3.2.Ingestion設計.md:91); authoritative docs commit 52bebecfb2a435d0e7ff2efea557c5799674ded6 のMarkdown表示は維持し、Wave 4分類overrideで技術的事実の命題集合から除外する。,rag-guide-maintainers,,,,INCONCLUSIVE,NOT_APPLICABLE_UNPROVED,codex-primary-wave4,2026-08-15,codex-independent-wave4,2026-08-15,FINAL_TWO_REVIEWER_APPROVED
SENT-0633,52bebecfb2a435d0e7ff2efea557c5799674ded6,変更していないチャンクは、内容ハッシュと処理版が一致する場合に再利用できます。,content hashとprocessing versionがともに一致するchunkだけを未変更とみなし、既存の解析結果・embedding・index entryを再利用します。,NL_PROPOSITION(変更していないチャンクは、内容ハッシュと処理版が一致する場合に再利用できます。),UNFORMALIZED,general_technical_claim,できます,3.2.3 (docs/3.回答に使う資料を準備する/3.2.Ingestion設計.md:94); authoritative docs commit 52bebecfb2a435d0e7ff2efea557c5799674ded6,SRC-002;SRC-005;SRC-009;SRC-010;SRC-011,SRC-002 https://aclanthology.org/2020.emnlp-main.550/ — abstract inspected 2026-08-15; 現主張への直接locatorは未確定; SRC-005 https://doi.org/10.1561/1500000019 — primary_page inspected 2026-08-15; 現主張への直接locatorは未確定; SRC-009 https://dl.acm.org/doi/10.1145/3411764.3445518 — primary_page inspected 2026-08-15; 現主張への直接locatorは未確定,AUTHOR_CLAIM,NONE_DIRECTLY_VERIFIED,UNFORMALIZED_NATURAL_LANGUAGE_CLAIM,UNFORMALIZED,REWRITE_REQUIRED,aclanthology.org・doi.orgのAbstractへの参照は台帳にありますが、原文の未形式化主張について未形式化の関係まで同時に再特定できる直接箇所が確定していません。本文に残すのは、content hashとprocessing versionがともに一致するchunkだけを未変更とみなし、既存の解析結果・embedding・index entryを再利用するという対象範囲です。原文の未形式化主張について未確認の因果までは導きません。 修正文にある主体と操作対象は保ちつつ、直接根拠を越える未形式化の関係を落とす差分なので、REWRITE_REQUIREDと判定します。,NOT_APPLICABLE_NON_NORMATIVE,NOT_APPLICABLE_NON_NORMATIVE,UNVERIFIED,3.2.3 (docs/3.回答に使う資料を準備する/3.2.Ingestion設計.md:94); authoritative docs commit 52bebecfb2a435d0e7ff2efea557c5799674ded6 の現文を次の文へ置換する: content hashとprocessing versionがともに一致するchunkだけを未変更とみなし、既存の解析結果・embedding・index entryを再利用します。 再抽出した文面と分類を照合する。,rag-guide-maintainers,,,,INCONCLUSIVE,NOT_APPLICABLE_UNPROVED,codex-primary-wave4,2026-08-15,codex-independent-wave4,2026-08-15,FINAL_TWO_REVIEWER_APPROVED
SENT-0660,52bebecfb2a435d0e7ff2efea557c5799674ded6,文書には、発見済み、取得済み、解析済み、分割済み、埋め込み済み、登録済み、公開済み、失敗、隔離などの状態を持たせます。,文書状態はdiscovered、fetched、parsed、chunked、embedded、indexed、published、failed、quarantinedの有限状態として管理し、遷移時刻と原因を記録します。,"AND(ATOM(retrieval=true), ATOM(parsing=true))",AND,general_technical_claim,UNCLASSIFIED,3.2.6 (docs/3.回答に使う資料を準備する/3.2.Ingestion設計.md:137); authoritative docs commit 52bebecfb2a435d0e7ff2efea557c5799674ded6,,,DEFINITION_OR_SPEC,,parsing=true,NOT_APPLICABLE,REWRITE_REQUIRED,「文書状態はdiscovered」の証拠境界として、parsing=trueを外部主張として残す証拠がなく、未確定の関係を具体的な構成判断へ縮約しています。文書状態はdiscovered、fetched、parsed、chunked、embedded、indexed、published、failed、quarantinedの有限状態として管理し、遷移時刻と原因を記録します。 修正文が具体化する対象は「文書状態はdiscovered」です。「文書状態はdiscovered」の検討では、parsing=trueを技術一般へ外挿せず、本文の動作を具体化しました。「文書状態はdiscovered」の採否について、未確定の関係の意味を外挿せず証拠境界を正す変更なので、判定はREWRITE_REQUIREDです。,NOT_APPLICABLE_NON_NORMATIVE,NOT_APPLICABLE_NON_NORMATIVE,NOT_APPLICABLE,3.2.6 (docs/3.回答に使う資料を準備する/3.2.Ingestion設計.md:137); authoritative docs commit 52bebecfb2a435d0e7ff2efea557c5799674ded6 の現文を次の文へ置換する: 文書状態はdiscovered、fetched、parsed、chunked、embedded、indexed、published、failed、quarantinedの有限状態として管理し、遷移時刻と原因を記録します。 再抽出した文面と分類を照合する。,rag-guide-maintainers,,,,INCONCLUSIVE,NOT_APPLICABLE_UNPROVED,codex-primary-wave4,2026-08-15,codex-independent-wave4,2026-08-15,FINAL_TWO_REVIEWER_APPROVED
SENT-0674,52bebecfb2a435d0e7ff2efea557c5799674ded6,解析、分割、埋め込みの変更による品質差を、利用者へ影響を与える前に確認し、安全に戻すための仕組みです。,,ATOM(parsing=true),ATOM,general_technical_claim,UNCLASSIFIED,3.2.6 (docs/3.回答に使う資料を準備する/3.2.Ingestion設計.md:156); authoritative docs commit 52bebecfb2a435d0e7ff2efea557c5799674ded6,,,DEFINITION_OR_SPEC,,,,APPROPRIATE_NORMATIVE,解析、分割、埋め込みの変更による品質差を、利用者へ影響を与える前に確認し、安全に戻すための仕組みであるという採否判断は、比較対象と合格条件を実行結果で識別するために置きます。解析・分割・埋め込みの各変更を別versionとして事前評価し、品質guardrail通過後に切替え、同じdocument IDを旧versionへ戻せるrollback試験を行う。 さらに、本番安全性を損なう障害では事前比較を待たず旧versionへ戻せるが、障害中の成果物を新旧混在のまま公開しない。 この扱いを例外として記録します。 同じ条件での比較と採用しない条件を両方記録できるため、APPROPRIATE_NORMATIVEです。,解析・分割・埋め込みの各変更を別versionとして事前評価し、品質guardrail通過後に切替え、同じdocument IDを旧versionへ戻せるrollback試験を行う。,本番安全性を損なう障害では事前比較を待たず旧versionへ戻せるが、障害中の成果物を新旧混在のまま公開しない。,NOT_APPLICABLE,3.2.6 (docs/3.回答に使う資料を準備する/3.2.Ingestion設計.md:156); authoritative docs commit 52bebecfb2a435d0e7ff2efea557c5799674ded6 の本文を維持し、normative_criteriaとexceptionsを設計台帳へ固定する。,rag-guide-maintainers,,,,INCONCLUSIVE,NOT_APPLICABLE_UNPROVED,codex-primary-wave4,2026-08-15,codex-independent-wave4,2026-08-15,FINAL_TWO_REVIEWER_APPROVED
SENT-0680,52bebecfb2a435d0e7ff2efea557c5799674ded6,Hidden Technical Debt in Machine Learning Systemsは、機械学習（ML）システムで監視されない依存関係や設定が負債となることを論じました。,Hidden Technical Debt in Machine Learning Systemsは、ML system内の監視されない依存関係と構成設定をtechnical debtの要因として論じています。,NOT(ATOM(technical_debt=true)),NOT,externally_cited_claim,UNCLASSIFIED,3.2.7 (docs/3.回答に使う資料を準備する/3.2.Ingestion設計.md:167); authoritative docs commit 52bebecfb2a435d0e7ff2efea557c5799674ded6,SRC-023,SRC-023 https://papers.nips.cc/paper/5656-hidden-technical-debt-in-machine-learning-systems — primary_page inspected 2026-08-15; 現主張への直接locatorは未確定,AUTHOR_CLAIM,NONE_DIRECTLY_VERIFIED,technical_debt=true,NOT,REWRITE_REQUIRED,papers.nips.ccの一次資料ページへの参照は台帳にありますが、technical_debtについて否定関係まで同時に再特定できる直接箇所が確定していません。資料の帰属範囲をHidden Technical Debt in Machine Learning Systemsは、ML system内の監視されない依存関係と構成設定をtechnical debtの要因として論じているという限定まで狭め、候補URLの存在だけで機序や結果を補わない文へ変更します。 修正文にある主体と操作対象は保ちつつ、直接根拠を越える否定関係を落とす差分なので、REWRITE_REQUIREDと判定します。,NOT_APPLICABLE_NON_NORMATIVE,NOT_APPLICABLE_NON_NORMATIVE,UNVERIFIED,3.2.7 (docs/3.回答に使う資料を準備する/3.2.Ingestion設計.md:167); authoritative docs commit 52bebecfb2a435d0e7ff2efea557c5799674ded6 の現文を次の文へ置換する: Hidden Technical Debt in Machine Learning Systemsは、ML system内の監視されない依存関係と構成設定をtechnical debtの要因として論じています。 再抽出した文面と分類を照合する。,rag-guide-maintainers,,,,INCONCLUSIVE,NOT_APPLICABLE_UNPROVED,codex-primary-wave4,2026-08-15,codex-independent-wave4,2026-08-15,FINAL_TWO_REVIEWER_APPROVED
SENT-0688,52bebecfb2a435d0e7ff2efea557c5799674ded6,LayoutLMv3は、テキストと画像領域を統合して事前学習し、複数の文書理解タスクで評価されました。,,ATOM(evaluation=true),ATOM,externally_cited_claim,UNCLASSIFIED,3.3.1 (docs/3.回答に使う資料を準備する/3.3.文書解析と正規化.md:12); authoritative docs commit 52bebecfb2a435d0e7ff2efea557c5799674ded6,SRC-024,"https://arxiv.org/abs/2204.08387, Abstract, lines 16–18",AUTHOR_CLAIM,evaluation=true,,,APPROPRIATE_SUPPORTED,Gold標本の二者校正で確定。両案は直接locator未確認としてREWRITE_REQUIREDだったが、LayoutLMv3 Abstractがunified text/image maskingと複数のtext-centric/image-centric document tasksでの評価を直接記述する。,NOT_APPLICABLE_NON_NORMATIVE,NOT_APPLICABLE_NON_NORMATIVE,SOURCE_ASSERTED,3.3.1 (docs/3.回答に使う資料を準備する/3.3.文書解析と正規化.md:12); authoritative docs commit 52bebecfb2a435d0e7ff2efea557c5799674ded6 の本文を維持し、確定した一次資料locator・主張役割・外的真偽境界を台帳へ固定する。,rag-guide-maintainers,,,,INCONCLUSIVE,NOT_APPLICABLE_UNPROVED,codex-primary-wave4,2026-08-15,codex-independent-wave4,2026-08-15,FINAL_TWO_REVIEWER_APPROVED
SENT-0689,52bebecfb2a435d0e7ff2efea557c5799674ded6,PubLayNetは、文書画像中の本文、見出し、表、図などを検出する大規模データセットを提供しました。,PubLayNet論文が公開したdocument layout datasetには、文書画像中の本文、見出し、表、図などの領域annotationが含まれます。,ATOM(scalability=true),ATOM,externally_cited_claim,UNCLASSIFIED,3.3.1 (docs/3.回答に使う資料を準備する/3.3.文書解析と正規化.md:13); authoritative docs commit 52bebecfb2a435d0e7ff2efea557c5799674ded6,SRC-025,SRC-025 https://arxiv.org/abs/1908.07836 — abstract inspected 2026-08-15; 現主張への直接locatorは未確定,EMPIRICAL_RESULT,NONE_DIRECTLY_VERIFIED,scalability=true,NOT_APPLICABLE,REWRITE_REQUIRED,arxiv.orgのAbstractへの参照は台帳にありますが、scalabilityについて各要素と結論との直接の対応まで同時に再特定できる直接箇所が確定していません。資料の帰属範囲をPubLayNet論文が公開したdocument layout datasetには、文書画像中の本文、見出し、表、図などの領域annotationが含まれるという限定まで狭め、候補URLの存在だけで機序や結果を補わない文へ変更します。 修正文にある主体と操作対象は保ちつつ、直接根拠を越える各要素と結論との直接の対応を落とす差分なので、REWRITE_REQUIREDと判定します。,NOT_APPLICABLE_NON_NORMATIVE,NOT_APPLICABLE_NON_NORMATIVE,UNVERIFIED,3.3.1 (docs/3.回答に使う資料を準備する/3.3.文書解析と正規化.md:13); authoritative docs commit 52bebecfb2a435d0e7ff2efea557c5799674ded6 の現文を次の文へ置換する: PubLayNet論文が公開したdocument layout datasetには、文書画像中の本文、見出し、表、図などの領域annotationが含まれます。 再抽出した文面と分類を照合する。,rag-guide-maintainers,,,,INCONCLUSIVE,NOT_APPLICABLE_UNPROVED,codex-primary-wave4,2026-08-15,codex-independent-wave4,2026-08-15,FINAL_TWO_REVIEWER_APPROVED
SENT-0691,52bebecfb2a435d0e7ff2efea557c5799674ded6,解析誤りは、後続の分割、埋め込み、検索、引用へ連鎖します。,解析結果を公開する前に、分割、埋め込み、検索、引用まで同じdocument versionで回帰試験し、解析差分の下流影響を確認します。,"AND(AND(ATOM(retrieval=true), ATOM(citation=true)), ATOM(parsing=true))",AND,general_technical_claim,UNCLASSIFIED,3.3.1 (docs/3.回答に使う資料を準備する/3.3.文書解析と正規化.md:16); authoritative docs commit 52bebecfb2a435d0e7ff2efea557c5799674ded6,,,DEFINITION_OR_SPEC,,citation=true;parsing=true,NOT_APPLICABLE,REWRITE_REQUIRED,「解析結果を公開する前」の証拠境界として、citation=true、parsing=trueに対応する一次資料locatorが空である以上、未確定の関係を技術一般の説明には使いません。解析結果を公開する前に、分割、埋め込み、検索、引用まで同じdocument versionで回帰試験し、解析差分の下流影響を確認します。 修正文が具体化する対象は「解析結果を公開する前」です。「解析結果を公開する前」の検討では、citation=true、parsing=trueについては技術一般の性質を断定せず、構成上の扱いだけを定めます。「解析結果を公開する前」の採否について、citation=true、parsing=trueを外的真偽の主張にしない完成文へ更新するのが妥当です。,NOT_APPLICABLE_NON_NORMATIVE,NOT_APPLICABLE_NON_NORMATIVE,NOT_APPLICABLE,3.3.1 (docs/3.回答に使う資料を準備する/3.3.文書解析と正規化.md:16); authoritative docs commit 52bebecfb2a435d0e7ff2efea557c5799674ded6 の現文を次の文へ置換する: 解析結果を公開する前に、分割、埋め込み、検索、引用まで同じdocument versionで回帰試験し、解析差分の下流影響を確認します。 再抽出した文面と分類を照合する。,rag-guide-maintainers,,,,INCONCLUSIVE,NOT_APPLICABLE_UNPROVED,codex-primary-wave4,2026-08-15,codex-independent-wave4,2026-08-15,FINAL_TWO_REVIEWER_APPROVED
SENT-0700,52bebecfb2a435d0e7ff2efea557c5799674ded6,学術論文だけで評価した解析器が、帳票や規程でも同じ性能を持つとは限りません。,,"NOT(AND(ATOM(evaluation=true), ATOM(parsing=true)))",NOT,empirical_or_research_claim,UNCLASSIFIED,3.3.1 (docs/3.回答に使う資料を準備する/3.3.文書解析と正規化.md:28); authoritative docs commit 52bebecfb2a435d0e7ff2efea557c5799674ded6,,,DEFINITION_OR_SPEC,,,,APPROPRIATE_NORMATIVE,学術論文だけで評価した解析器が、帳票や規程でも同じ性能を持つとは限らないという採否判断は、比較対象と合格条件を実行結果で識別するために置きます。学術論文・帳票・規程を分けたgold document setで同じparserを実行し、表・見出し・条項・注記のspan保持率をdocument class別に記録してから適用範囲を決めます。 さらに、帳票または規程のgold documentが未整備なら、そのclassをparserの合格範囲へ含めず、学術論文での結果を代用しません。 この扱いを例外として記録します。 同じ条件での比較と採用しない条件を両方記録できるため、APPROPRIATE_NORMATIVEです。,学術論文だけで評価した解析器が、帳票や規程でも同じ性能を持つとは限りません。 学術論文・帳票・規程を分けたgold document setで同じparserを実行し、表・見出し・条項・注記のspan保持率をdocument class別に記録してから適用範囲を決めます。,学術論文だけで評価した解析器が、帳票や規程でも同じ性能を持つとは限りません。 帳票または規程のgold documentが未整備なら、そのclassをparserの合格範囲へ含めず、学術論文での結果を代用しません。,NOT_APPLICABLE,3.3.1 (docs/3.回答に使う資料を準備する/3.3.文書解析と正規化.md:28); authoritative docs commit 52bebecfb2a435d0e7ff2efea557c5799674ded6 の本文を維持し、normative_criteriaとexceptionsを設計台帳へ固定する。,rag-guide-maintainers,,,,INCONCLUSIVE,NOT_APPLICABLE_UNPROVED,codex-primary-wave4,2026-08-15,codex-independent-wave4,2026-08-15,FINAL_TWO_REVIEWER_APPROVED
SENT-0707,52bebecfb2a435d0e7ff2efea557c5799674ded6,LayoutLMは、文字とページ上の二次元座標を組み合わせ、帳票理解などを評価しました。,LayoutLM論文は、文字情報とpage上の二次元座標を組み合わせるmodelを、帳票理解を含むdocument image taskで評価しています。,"AND(ATOM(evaluation=true), ATOM(dimension_contract=true))",AND,externally_cited_claim,UNCLASSIFIED,3.3.1 (docs/3.回答に使う資料を準備する/3.3.文書解析と正規化.md:38); authoritative docs commit 52bebecfb2a435d0e7ff2efea557c5799674ded6,SRC-027,SRC-027 https://arxiv.org/abs/1912.13318 — abstract inspected 2026-08-15; 現主張への直接locatorは未確定,AUTHOR_CLAIM,NONE_DIRECTLY_VERIFIED,dimension_contract=true;evaluation=true,NOT_APPLICABLE,REWRITE_REQUIRED,arxiv.orgのAbstractへの参照は台帳にありますが、dimension_contract、evaluationについて各要素と結論との直接の対応まで同時に再特定できる直接箇所が確定していません。資料の帰属範囲をLayoutLM論文は、文字情報とpage上の二次元座標を組み合わせるmodelを、帳票理解を含むdocument image taskで評価しているという限定まで狭め、候補URLの存在だけで機序や結果を補わない文へ変更します。 修正文にある主体と操作対象は保ちつつ、直接根拠を越える各要素と結論との直接の対応を落とす差分なので、REWRITE_REQUIREDと判定します。,NOT_APPLICABLE_NON_NORMATIVE,NOT_APPLICABLE_NON_NORMATIVE,UNVERIFIED,3.3.1 (docs/3.回答に使う資料を準備する/3.3.文書解析と正規化.md:38); authoritative docs commit 52bebecfb2a435d0e7ff2efea557c5799674ded6 の現文を次の文へ置換する: LayoutLM論文は、文字情報とpage上の二次元座標を組み合わせるmodelを、帳票理解を含むdocument image taskで評価しています。 再抽出した文面と分類を照合する。,rag-guide-maintainers,,,,INCONCLUSIVE,NOT_APPLICABLE_UNPROVED,codex-primary-wave4,2026-08-15,codex-independent-wave4,2026-08-15,FINAL_TWO_REVIEWER_APPROVED
SENT-0728,52bebecfb2a435d0e7ff2efea557c5799674ded6,Donutは、OCR結果を中間入力とせず、文書画像から構造化された文字列を生成する方法を提案しました。,Donut論文は、OCR出力を中間入力にせず、document imageから構造化文字列を生成するdocument understanding手法を提案しています。,"NOT(AND(ATOM(generation=true), ATOM(empirical_result=true)))",NOT,externally_cited_claim,UNCLASSIFIED,3.3.2 (docs/3.回答に使う資料を準備する/3.3.文書解析と正規化.md:68); authoritative docs commit 52bebecfb2a435d0e7ff2efea557c5799674ded6,SRC-028,SRC-028 https://arxiv.org/abs/2111.15664 — abstract inspected 2026-08-15; 現主張への直接locatorは未確定,AUTHOR_CLAIM,NONE_DIRECTLY_VERIFIED,generation=true,NOT,REWRITE_REQUIRED,arxiv.orgのAbstractへの参照は台帳にありますが、generationについて否定関係まで同時に再特定できる直接箇所が確定していません。資料の帰属範囲をDonut論文は、OCR出力を中間入力にせず、document imageから構造化文字列を生成するdocument understanding手法を提案しているという限定まで狭め、候補URLの存在だけで機序や結果を補わない文へ変更します。 修正文にある主体と操作対象は保ちつつ、直接根拠を越える否定関係を落とす差分なので、REWRITE_REQUIREDと判定します。,NOT_APPLICABLE_NON_NORMATIVE,NOT_APPLICABLE_NON_NORMATIVE,UNVERIFIED,3.3.2 (docs/3.回答に使う資料を準備する/3.3.文書解析と正規化.md:68); authoritative docs commit 52bebecfb2a435d0e7ff2efea557c5799674ded6 の現文を次の文へ置換する: Donut論文は、OCR出力を中間入力にせず、document imageから構造化文字列を生成するdocument understanding手法を提案しています。 再抽出した文面と分類を照合する。,rag-guide-maintainers,,,,INCONCLUSIVE,NOT_APPLICABLE_UNPROVED,codex-primary-wave4,2026-08-15,codex-independent-wave4,2026-08-15,FINAL_TWO_REVIEWER_APPROVED
SENT-0735,52bebecfb2a435d0e7ff2efea557c5799674ded6,PubTables-1Mは、表領域の検出、表構造の認識、セルの対応を一続きの課題として扱いました。,PubTables-1M論文は、表領域検出、表構造認識、cell対応付けを連続したtable extraction課題として定義しています。,NL_PROPOSITION(PubTables-1Mは、表領域の検出、表構造の認識、セルの対応を一続きの課題として扱いました。),UNFORMALIZED,externally_cited_claim,UNCLASSIFIED,3.3.3 (docs/3.回答に使う資料を準備する/3.3.文書解析と正規化.md:80); authoritative docs commit 52bebecfb2a435d0e7ff2efea557c5799674ded6,SRC-029,primary-source Abstract (PubTables-1M; inspected 2026-08-15),AUTHOR_CLAIM,NONE_DIRECTLY_VERIFIED,NL_PROPOSITION(PubTables-1Mは、表領域の検出、表構造の認識、セルの対応を一続きの課題として扱いました。),NOT_APPLICABLE,REWRITE_REQUIRED,候補資料のAbstractへの参照は台帳にありますが、外的真偽はUNVERIFIEDのままです。その境界では、原文の未形式化主張について各要素と結論との直接の対応まで確認済みと扱えません。資料の帰属範囲をPubTables-1M論文は、表領域検出、表構造認識、cell対応付けを連続したtable extraction課題として定義しているという限定まで狭め、候補URLの存在だけで機序や結果を補わない文へ変更します。 修正文にある主体と操作対象は保ちつつ、直接根拠を越える各要素と結論との直接の対応を落とす差分なので、REWRITE_REQUIREDと判定します。,NOT_APPLICABLE_NON_NORMATIVE,NOT_APPLICABLE_NON_NORMATIVE,UNVERIFIED,3.3.3 (docs/3.回答に使う資料を準備する/3.3.文書解析と正規化.md:80); authoritative docs commit 52bebecfb2a435d0e7ff2efea557c5799674ded6 の現文を次の文へ置換する: PubTables-1M論文は、表領域検出、表構造認識、cell対応付けを連続したtable extraction課題として定義しています。 再抽出した文面と分類を照合する。,rag-guide-maintainers,,,,INCONCLUSIVE,NOT_APPLICABLE_UNPROVED,codex-primary-wave4,2026-08-15,codex-independent-wave4,2026-08-15,FINAL_TWO_REVIEWER_APPROVED
SENT-0741,52bebecfb2a435d0e7ff2efea557c5799674ded6,Nougatは、学術文書画像を、見出しや数式などの構造を記号で表すマークアップ形式へ変換し、数式を含む文書解析を扱いました。,「Nougat: Neural Optical Understanding for Academic Documents」（2023年）は、学術文書画像を見出しや数式などの構造を記号で表すマークアップ形式へ変換し、数式を含む文書解析を扱いました。,ATOM(parsing=true),ATOM,externally_cited_claim,UNCLASSIFIED,3.3.3 (docs/3.回答に使う資料を準備する/3.3.文書解析と正規化.md:88); authoritative docs commit 52bebecfb2a435d0e7ff2efea557c5799674ded6,SRC-030,SRC-030 https://arxiv.org/abs/2308.13418 — abstract inspected 2026-08-15; 現主張への直接locatorは未確定,AUTHOR_CLAIM,NONE_DIRECTLY_VERIFIED,parsing=true,NOT_APPLICABLE,REWRITE_REQUIRED,arxiv.orgのAbstractへの参照は台帳にありますが、parsingについて各要素と結論との直接の対応まで同時に再特定できる直接箇所が確定していません。資料の帰属範囲を「Nougat: Neural Optical Understanding for Academic Documents」（2023年）は、学術文書画像を見出しや数式などの構造を記号で表すマークアップ形式へ変換し、数式を含む文書解析を扱ったという限定まで狭め、候補URLの存在だけで機序や結果を補わない文へ変更します。 修正文にある主体と操作対象は保ちつつ、直接根拠を越える各要素と結論との直接の対応を落とす差分なので、REWRITE_REQUIREDと判定します。,NOT_APPLICABLE_NON_NORMATIVE,NOT_APPLICABLE_NON_NORMATIVE,UNVERIFIED,3.3.3 (docs/3.回答に使う資料を準備する/3.3.文書解析と正規化.md:88); authoritative docs commit 52bebecfb2a435d0e7ff2efea557c5799674ded6 の現文を次の文へ置換する: 「Nougat: Neural Optical Understanding for Academic Documents」（2023年）は、学術文書画像を見出しや数式などの構造を記号で表すマークアップ形式へ変換し、数式を含む文書解析を扱いました。 再抽出した文面と分類を照合する。,rag-guide-maintainers,,,,INCONCLUSIVE,NOT_APPLICABLE_UNPROVED,codex-primary-wave4,2026-08-15,codex-independent-wave4,2026-08-15,FINAL_TWO_REVIEWER_APPROVED
SENT-0772,52bebecfb2a435d0e7ff2efea557c5799674ded6,解析器の更新ごとに差分を保存し、改善した文書と悪化した文書を確認します。,,"AND(ATOM(parsing=true), ATOM(empirical_result=true))",AND,empirical_or_research_claim,UNCLASSIFIED,3.3.6 (docs/3.回答に使う資料を準備する/3.3.文書解析と正規化.md:137); authoritative docs commit 52bebecfb2a435d0e7ff2efea557c5799674ded6,,,DEFINITION_OR_SPEC,,,,APPROPRIATE_NORMATIVE,解析器の更新ごとに差分を保存し、改善した文書と悪化した文書を確認するという採否判断は、比較対象と合格条件を実行結果で識別するために置きます。parser version更新ごとに同一文書fixtureの抽出text、table、page locator、errorをdiff保存し、改善・悪化したdocument IDをレビュー可能にする。 適用境界では、新規文書形式に旧parserの比較対象がない場合は初期fixtureをbaselineとして登録し、その形式を未比較のまま全体公開しない。 同じ条件での比較と採用しない条件を両方記録できるため、APPROPRIATE_NORMATIVEです。,parser version更新ごとに同一文書fixtureの抽出text、table、page locator、errorをdiff保存し、改善・悪化したdocument IDをレビュー可能にする。,新規文書形式に旧parserの比較対象がない場合は初期fixtureをbaselineとして登録し、その形式を未比較のまま全体公開しない。,NOT_APPLICABLE,3.3.6 (docs/3.回答に使う資料を準備する/3.3.文書解析と正規化.md:137); authoritative docs commit 52bebecfb2a435d0e7ff2efea557c5799674ded6 の本文を維持し、normative_criteriaとexceptionsを設計台帳へ固定する。,rag-guide-maintainers,,,,INCONCLUSIVE,NOT_APPLICABLE_UNPROVED,codex-primary-wave4,2026-08-15,codex-independent-wave4,2026-08-15,FINAL_TWO_REVIEWER_APPROVED
SENT-0777,52bebecfb2a435d0e7ff2efea557c5799674ded6,再解析でブロックが変わった場合に、影響するチャンク、埋め込み、引用を特定できる依存関係を持ちます。,,"IMP(ATOM(parsing=true), ATOM(citation=true))",IMPLIES,general_technical_claim,できる,3.3.6 (docs/3.回答に使う資料を準備する/3.3.文書解析と正規化.md:144); authoritative docs commit 52bebecfb2a435d0e7ff2efea557c5799674ded6,,,DEFINITION_OR_SPEC,,,,APPROPRIATE_NORMATIVE,Gold標本の二者校正で確定。文は外部資料の経験的結果ではなく、本ガイドの取り込み基盤が保持すべき追跡可能性の要件である。再解析時に変更ブロックから派生物へ追跡できることを受入基準とし、手動運用は例外として記録する。,再解析前後のblock_idを対応付け、変更blockから派生したchunk_id、embedding version、citation_idを依存台帳で逆引きできることを検査する。,文面・構造・正規化結果が変わらずcontent hashの一致を確認できるblockは再生成対象から除外できる。,NOT_APPLICABLE,3.3.6 (docs/3.回答に使う資料を準備する/3.3.文書解析と正規化.md:144); authoritative docs commit 52bebecfb2a435d0e7ff2efea557c5799674ded6 の本文を維持し、normative_criteriaとexceptionsを設計台帳へ固定する。,rag-guide-maintainers,,,,INCONCLUSIVE,NOT_APPLICABLE_UNPROVED,codex-primary-wave4,2026-08-15,codex-independent-wave4,2026-08-15,FINAL_TWO_REVIEWER_APPROVED
SENT-0779,52bebecfb2a435d0e7ff2efea557c5799674ded6,チャンクから原ページへ戻れない場合は、インデックス公開前に止めます。,,NL_PROPOSITION(チャンクから原ページへ戻れない場合は、インデックス公開前に止めます。),UNFORMALIZED,general_technical_claim,UNCLASSIFIED,3.3.6 (docs/3.回答に使う資料を準備する/3.3.文書解析と正規化.md:147); authoritative docs commit 52bebecfb2a435d0e7ff2efea557c5799674ded6,,,DEFINITION_OR_SPEC,,,,APPROPRIATE_NORMATIVE,チャンクから原ページへ戻れない場合は、インデックス公開前に止めるという運用要件は、実行時の判断を担当者ごとにぶらさないためのローカル規則です。全chunkについてsource URIとpage/sectionまたはcharacter rangeから原文を再表示できることを公開前に検査し、一件でも逆引き不能なら該当index versionを公開しない。 さらに、ページ概念のないHTMLや構造化データはsection pathまたはrecord keyをlocatorにできるが、locatorなしでの公開は認めない。 この扱いを例外として記録します。 実装結果と例外発生時の扱いを個別に検査できるため、APPROPRIATE_NORMATIVEです。,全chunkについてsource URIとpage/sectionまたはcharacter rangeから原文を再表示できることを公開前に検査し、一件でも逆引き不能なら該当index versionを公開しない。,ページ概念のないHTMLや構造化データはsection pathまたはrecord keyをlocatorにできるが、locatorなしでの公開は認めない。,NOT_APPLICABLE,3.3.6 (docs/3.回答に使う資料を準備する/3.3.文書解析と正規化.md:147); authoritative docs commit 52bebecfb2a435d0e7ff2efea557c5799674ded6 の本文を維持し、normative_criteriaとexceptionsを設計台帳へ固定する。,rag-guide-maintainers,,,,INCONCLUSIVE,NOT_APPLICABLE_UNPROVED,codex-primary-wave4,2026-08-15,codex-independent-wave4,2026-08-15,FINAL_TWO_REVIEWER_APPROVED
SENT-0780,52bebecfb2a435d0e7ff2efea557c5799674ded6,チャンキングは、検索器が比較する知識の単位、LLMへ渡す文脈、利用者へ示す引用範囲を設計する処理です。,本ガイドでは、チャンキングを、検索器が比較する知識の単位、LLMへ渡す文脈、利用者へ示す引用範囲を設計する処理と定義します。,"AND(ATOM(retrieval=true), ATOM(citation=true))",AND,general_technical_claim,UNCLASSIFIED,FILE-INTRO (docs/3.回答に使う資料を準備する/3.4.Chunking設計.md:3); authoritative docs commit 52bebecfb2a435d0e7ff2efea557c5799674ded6,,,DEFINITION_OR_SPEC,,,,APPROPRIATE_NORMATIVE,本ガイドでは、チャンキングを、検索器が比較する知識の単位、LLMへ渡す文脈、利用者へ示す引用範囲を設計する処理と定義するという採否判断は、比較対象と合格条件を実行結果で識別するために置きます。本文、図表、schema、評価台帳で同じ対象、単位、入出力を使用し、異なる意味で使う箇所がrepository内検索でゼロ件であることを確認する。 適用境界では、当該規則が公式標準または製品仕様の同名語と異なる場合はローカル定義であることと対応関係を併記し、公式語の意味を上書きしない。 同じ条件での比較と採用しない条件を両方記録できるため、APPROPRIATE_NORMATIVEです。,本ガイドでは、チャンキングを、検索器が比較する知識の単位、LLMへ渡す文脈、利用者へ示す引用範囲を設計する処理と定義することを定める評価・採否規則について、本文、図表、schema、評価台帳で同じ対象、単位、入出力を使用し、異なる意味で使う箇所がrepository内検索でゼロ件であることを確認する。,本ガイドでは、チャンキングを、検索器が比較する知識の単位、LLMへ渡す文脈、利用者へ示す引用範囲を設計する処理と定義することを定める評価・採否規則の例外として、当該規則が公式標準または製品仕様の同名語と異なる場合はローカル定義であることと対応関係を併記し、公式語の意味を上書きしない。,NOT_APPLICABLE,FILE-INTRO (docs/3.回答に使う資料を準備する/3.4.Chunking設計.md:3); authoritative docs commit 52bebecfb2a435d0e7ff2efea557c5799674ded6 の現文を次の文へ置換する: 本ガイドでは、チャンキングを、検索器が比較する知識の単位、LLMへ渡す文脈、利用者へ示す引用範囲を設計する処理と定義します。 再抽出した文面と分類を照合する。,rag-guide-maintainers,,,,INCONCLUSIVE,NOT_APPLICABLE_UNPROVED,codex-primary-wave4,2026-08-15,codex-independent-wave4,2026-08-15,FINAL_TWO_REVIEWER_APPROVED
SENT-0782,52bebecfb2a435d0e7ff2efea557c5799674ded6,一つのチャンクを、検索、生成、引用のすべてへそのまま使う必要はありません。,検索単位、生成へ渡す単位、引用範囲を別IDで管理し、必要な場合だけ相互参照で結びます。,"NOT(AND(AND(ATOM(retrieval=true), ATOM(generation=true)), ATOM(citation=true)))",NOT,general_technical_claim,必要,3.4.1 (docs/3.回答に使う資料を準備する/3.4.Chunking設計.md:8); authoritative docs commit 52bebecfb2a435d0e7ff2efea557c5799674ded6,,,DEFINITION_OR_SPEC,,citation=true,NOT,REWRITE_REQUIRED,「検索単位」の検討では、citation=trueを外部で常に成立する命題にはせず、このガイドの実装境界として記述します。検索単位、生成へ渡す単位、引用範囲を別IDで管理し、必要な場合だけ相互参照で結びます。 修正文が具体化する対象は「検索単位」です。「検索単位」の証拠境界として、根拠台帳にはcitation=trueを支えるlocatorがなく、元の否定関係を一般化しない判断です。「検索単位」の採否について、否定関係に対するこの限定なら主体と対象を保てるので、削除ではなくREWRITE_REQUIREDです。,NOT_APPLICABLE_NON_NORMATIVE,NOT_APPLICABLE_NON_NORMATIVE,NOT_APPLICABLE,3.4.1 (docs/3.回答に使う資料を準備する/3.4.Chunking設計.md:8); authoritative docs commit 52bebecfb2a435d0e7ff2efea557c5799674ded6 の現文を次の文へ置換する: 検索単位、生成へ渡す単位、引用範囲を別IDで管理し、必要な場合だけ相互参照で結びます。 再抽出した文面と分類を照合する。,rag-guide-maintainers,,,,INCONCLUSIVE,NOT_APPLICABLE_UNPROVED,codex-primary-wave4,2026-08-15,codex-independent-wave4,2026-08-15,FINAL_TWO_REVIEWER_APPROVED
SENT-0786,52bebecfb2a435d0e7ff2efea557c5799674ded6,Dense X Retrievalは、文書、段落、文、命題という検索粒度が、検索と質問応答の性能へ影響することを評価しました。,Dense X Retrievalは、文書、段落、文、命題の各単位でindexを構成し、評価対象の検索・質問応答taskに対する粒度の影響を比較しています。,"AND(AND(ATOM(dense=true), ATOM(retrieval=true)), ATOM(evaluation=true))",AND,externally_cited_claim,UNCLASSIFIED,3.4.1 (docs/3.回答に使う資料を準備する/3.4.Chunking設計.md:14); authoritative docs commit 52bebecfb2a435d0e7ff2efea557c5799674ded6,SRC-031,SRC-031 https://arxiv.org/abs/2312.06648 — abstract inspected 2026-08-15; 現主張への直接locatorは未確定,AUTHOR_CLAIM,NONE_DIRECTLY_VERIFIED,evaluation=true,NOT_APPLICABLE,REWRITE_REQUIRED,arxiv.orgのAbstractへの参照は台帳にありますが、evaluationについて各要素と結論との直接の対応まで同時に再特定できる直接箇所が確定していません。資料の帰属範囲をDense X Retrievalは、文書、段落、文、命題の各単位でindexを構成し、評価対象の検索・質問応答taskに対する粒度の影響を比較しているという限定まで狭め、候補URLの存在だけで機序や結果を補わない文へ変更します。 修正文にある主体と操作対象は保ちつつ、直接根拠を越える各要素と結論との直接の対応を落とす差分なので、REWRITE_REQUIREDと判定します。,NOT_APPLICABLE_NON_NORMATIVE,NOT_APPLICABLE_NON_NORMATIVE,UNVERIFIED,3.4.1 (docs/3.回答に使う資料を準備する/3.4.Chunking設計.md:14); authoritative docs commit 52bebecfb2a435d0e7ff2efea557c5799674ded6 の現文を次の文へ置換する: Dense X Retrievalは、文書、段落、文、命題の各単位でindexを構成し、評価対象の検索・質問応答taskに対する粒度の影響を比較しています。 再抽出した文面と分類を照合する。,rag-guide-maintainers,,,,INCONCLUSIVE,NOT_APPLICABLE_UNPROVED,codex-primary-wave4,2026-08-15,codex-independent-wave4,2026-08-15,FINAL_TWO_REVIEWER_APPROVED
SENT-0788,52bebecfb2a435d0e7ff2efea557c5799674ded6,大きい単位は文脈を保持できますが、一つのベクトルへ複数の話題が混ざります。,大きいチャンクは文脈保持率と話題混在率を測り、小さいチャンクとのRecall、根拠密度、token費用を同じ質問集合で比較します。,NL_PROPOSITION(大きい単位は文脈を保持できますが、一つのベクトルへ複数の話題が混ざります。),UNFORMALIZED,general_technical_claim,できます,3.4.1 (docs/3.回答に使う資料を準備する/3.4.Chunking設計.md:16); authoritative docs commit 52bebecfb2a435d0e7ff2efea557c5799674ded6,,,DEFINITION_OR_SPEC,,UNFORMALIZED_NATURAL_LANGUAGE_CLAIM,NOT_APPLICABLE,REWRITE_REQUIRED,「大きいチャンクは文脈保持率と話題混在率を測り」の検討では、UNFORMALIZED_NATURAL_LANGUAGE_CLAIMから採用可能な手順を残し、証明されていない一般化を切り離しました。大きいチャンクは文脈保持率と話題混在率を測り、小さいチャンクとのRecall、根拠密度、token費用を同じ質問集合で比較します。 修正文が具体化する対象は「大きいチャンクは文脈保持率と話題混在率を測り」です。「大きいチャンクは文脈保持率と話題混在率を測り」の証拠境界として、未確定の関係として表現されたUNFORMALIZED_NATURAL_LANGUAGE_CLAIMは未検証なので、本文では局所挙動だけを扱います。「大きいチャンクは文脈保持率と話題混在率を測り」の採否について、UNFORMALIZED_NATURAL_LANGUAGE_CLAIMを外的真偽の主張にしない完成文へ更新するのが妥当です。,NOT_APPLICABLE_NON_NORMATIVE,NOT_APPLICABLE_NON_NORMATIVE,NOT_APPLICABLE,3.4.1 (docs/3.回答に使う資料を準備する/3.4.Chunking設計.md:16); authoritative docs commit 52bebecfb2a435d0e7ff2efea557c5799674ded6 の現文を次の文へ置換する: 大きいチャンクは文脈保持率と話題混在率を測り、小さいチャンクとのRecall、根拠密度、token費用を同じ質問集合で比較します。 再抽出した文面と分類を照合する。,rag-guide-maintainers,,,,INCONCLUSIVE,NOT_APPLICABLE_UNPROVED,codex-primary-wave4,2026-08-15,codex-independent-wave4,2026-08-15,FINAL_TWO_REVIEWER_APPROVED
SENT-0791,52bebecfb2a435d0e7ff2efea557c5799674ded6,最初の比較基準として、一定のトークン数で分割し、隣接チャンクへ重なりを持たせる方法があります。,固定長分割と隣接overlapを最初のbaselineとし、同一corpusで構造ベース分割とRecall、重複率、token費用を比較します。,NL_PROPOSITION(最初の比較基準として、一定のトークン数で分割し、隣接チャンクへ重なりを持たせる方法があります。),UNFORMALIZED,general_technical_claim,UNCLASSIFIED,3.4.1 (docs/3.回答に使う資料を準備する/3.4.Chunking設計.md:21); authoritative docs commit 52bebecfb2a435d0e7ff2efea557c5799674ded6,,,DEFINITION_OR_SPEC,,UNFORMALIZED_NATURAL_LANGUAGE_CLAIM,NOT_APPLICABLE,REWRITE_REQUIRED,「固定長分割と隣接overlapを最初のbaselineとし」の検討では、未確定の関係を扱う修正では、抽象的な説明を具体的な操作へ落としています。固定長分割と隣接overlapを最初のbaselineとし、同一corpusで構造ベース分割とRecall、重複率、token費用を比較します。 修正文が具体化する対象は「固定長分割と隣接overlapを最初のbaselineとし」です。「固定長分割と隣接overlapを最初のbaselineとし」の証拠境界として、元命題にある未確定の関係はUNFORMALIZED_NATURAL_LANGUAGE_CLAIMの裏付けを欠くため、実装規則とは分離します。「固定長分割と隣接overlapを最初のbaselineとし」の採否について、UNFORMALIZED_NATURAL_LANGUAGE_CLAIMの対象条件を狭めた修正文への置換が適切です。,NOT_APPLICABLE_NON_NORMATIVE,NOT_APPLICABLE_NON_NORMATIVE,NOT_APPLICABLE,3.4.1 (docs/3.回答に使う資料を準備する/3.4.Chunking設計.md:21); authoritative docs commit 52bebecfb2a435d0e7ff2efea557c5799674ded6 の現文を次の文へ置換する: 固定長分割と隣接overlapを最初のbaselineとし、同一corpusで構造ベース分割とRecall、重複率、token費用を比較します。 再抽出した文面と分類を照合する。,rag-guide-maintainers,,,,INCONCLUSIVE,NOT_APPLICABLE_UNPROVED,codex-primary-wave4,2026-08-15,codex-independent-wave4,2026-08-15,FINAL_TWO_REVIEWER_APPROVED
SENT-0793,52bebecfb2a435d0e7ff2efea557c5799674ded6,300〜800トークン、10〜20パーセントの重なりといった値は、対象データに対する答えではありません。,300〜800 tokenと10〜20% overlapは初期候補に限り、採用値は対象文書の正解span分断率、Recall、重複率で決めます。,NL_PROPOSITION(300〜800トークン、10〜20パーセントの重なりといった値は、対象データに対する答えではありません。),UNFORMALIZED,general_technical_claim,UNCLASSIFIED,3.4.1 (docs/3.回答に使う資料を準備する/3.4.Chunking設計.md:24); authoritative docs commit 52bebecfb2a435d0e7ff2efea557c5799674ded6,,,DEFINITION_OR_SPEC,,UNFORMALIZED_NATURAL_LANGUAGE_CLAIM,UNFORMALIZED,REWRITE_REQUIRED,「300〜800 tokenと10〜20% overlapは初期候補に限り」の検討では、UNFORMALIZED_NATURAL_LANGUAGE_CLAIMを一般的な効果として説明せず、ガイド内で実行する処理へ焦点を移しました。300〜800 tokenと10〜20% overlapは初期候補に限り、採用値は対象文書の正解span分断率、Recall、重複率で決めます。 修正文が具体化する対象は「300〜800 tokenと10〜20% overlapは初期候補に限り」です。「300〜800 tokenと10〜20% overlapは初期候補に限り」の証拠境界として、未確認なのはUNFORMALIZED_NATURAL_LANGUAGE_CLAIMを結ぶ未形式化の関係であり、修正文はその外挿を避けています。「300〜800 tokenと10〜20% overlapは初期候補に限り」の採否について、未形式化の関係を維持できない一方で教材上の操作は残るため、REWRITE_REQUIREDとします。,NOT_APPLICABLE_NON_NORMATIVE,NOT_APPLICABLE_NON_NORMATIVE,NOT_APPLICABLE,3.4.1 (docs/3.回答に使う資料を準備する/3.4.Chunking設計.md:24); authoritative docs commit 52bebecfb2a435d0e7ff2efea557c5799674ded6 の現文を次の文へ置換する: 300〜800 tokenと10〜20% overlapは初期候補に限り、採用値は対象文書の正解span分断率、Recall、重複率で決めます。 再抽出した文面と分類を照合する。,rag-guide-maintainers,,,,INCONCLUSIVE,NOT_APPLICABLE_UNPROVED,codex-primary-wave4,2026-08-15,codex-independent-wave4,2026-08-15,FINAL_TWO_REVIEWER_APPROVED
SENT-0796,52bebecfb2a435d0e7ff2efea557c5799674ded6,短すぎるチャンクでは、条件節、否定、例外、主語が別のチャンクへ分かれます。,chunking回帰試験では、条件節、否定、例外、主語が別chunkへ分断されたgold spanの割合を測ります。,NL_PROPOSITION(短すぎるチャンクでは、条件節、否定、例外、主語が別のチャンクへ分かれます。),UNFORMALIZED,general_technical_claim,UNCLASSIFIED,3.4.1 (docs/3.回答に使う資料を準備する/3.4.Chunking設計.md:28); authoritative docs commit 52bebecfb2a435d0e7ff2efea557c5799674ded6,,,DEFINITION_OR_SPEC,,UNFORMALIZED_NATURAL_LANGUAGE_CLAIM,NOT_APPLICABLE,REWRITE_REQUIRED,「chunking回帰試験」の検討では、UNFORMALIZED_NATURAL_LANGUAGE_CLAIMを一般的な効果として説明せず、ガイド内で実行する処理へ焦点を移しました。chunking回帰試験では、条件節、否定、例外、主語が別chunkへ分断されたgold spanの割合を測ります。 修正文が具体化する対象は「chunking回帰試験」です。「chunking回帰試験」の証拠境界として、直接locatorがないため、UNFORMALIZED_NATURAL_LANGUAGE_CLAIMに関する未確定の関係を外部事実として採用しません。「chunking回帰試験」の採否について、未確定の関係を維持できない一方で教材上の操作は残るため、REWRITE_REQUIREDとします。,NOT_APPLICABLE_NON_NORMATIVE,NOT_APPLICABLE_NON_NORMATIVE,NOT_APPLICABLE,3.4.1 (docs/3.回答に使う資料を準備する/3.4.Chunking設計.md:28); authoritative docs commit 52bebecfb2a435d0e7ff2efea557c5799674ded6 の現文を次の文へ置換する: chunking回帰試験では、条件節、否定、例外、主語が別chunkへ分断されたgold spanの割合を測ります。 再抽出した文面と分類を照合する。,rag-guide-maintainers,,,,INCONCLUSIVE,NOT_APPLICABLE_UNPROVED,codex-primary-wave4,2026-08-15,codex-independent-wave4,2026-08-15,FINAL_TWO_REVIEWER_APPROVED
SENT-0797,52bebecfb2a435d0e7ff2efea557c5799674ded6,長すぎるチャンクでは、複数の話題が一つの埋め込みに混ざり、検索結果中の根拠密度が下がります。,長いchunk候補は話題混在数と検索結果中の正解span密度を測り、短い候補と同じqueryで比較します。,"AND(AND(ATOM(retrieval=true), ATOM(evidence_support=true)), ATOM(empirical_result=true))",AND,general_technical_claim,UNCLASSIFIED,3.4.1 (docs/3.回答に使う資料を準備する/3.4.Chunking設計.md:29); authoritative docs commit 52bebecfb2a435d0e7ff2efea557c5799674ded6,,,DEFINITION_OR_SPEC,,evidence_support=true,NOT_APPLICABLE,REWRITE_REQUIRED,「長いchunk候補は話題混在数と検索結果中の正解span密度を測り」の証拠境界として、evidence_support=trueの外的真偽を確定できず、未確定の関係に依存しない記述へ変更します。長いchunk候補は話題混在数と検索結果中の正解span密度を測り、短い候補と同じqueryで比較します。 修正文が具体化する対象は「長いchunk候補は話題混在数と検索結果中の正解span密度を測り」です。「長いchunk候補は話題混在数と検索結果中の正解span密度を測り」の検討では、evidence_support=trueを外部で常に成立する命題にはせず、このガイドの実装境界として記述します。「長いchunk候補は話題混在数と検索結果中の正解span密度を測り」の採否について、evidence_support=trueに関する具体的な処理は有用ですが、原文のままでは境界を越えるため書換えを選びます。,NOT_APPLICABLE_NON_NORMATIVE,NOT_APPLICABLE_NON_NORMATIVE,NOT_APPLICABLE,3.4.1 (docs/3.回答に使う資料を準備する/3.4.Chunking設計.md:29); authoritative docs commit 52bebecfb2a435d0e7ff2efea557c5799674ded6 の現文を次の文へ置換する: 長いchunk候補は話題混在数と検索結果中の正解span密度を測り、短い候補と同じqueryで比較します。 再抽出した文面と分類を照合する。,rag-guide-maintainers,,,,INCONCLUSIVE,NOT_APPLICABLE_UNPROVED,codex-primary-wave4,2026-08-15,codex-independent-wave4,2026-08-15,FINAL_TWO_REVIEWER_APPROVED
SENT-0802,52bebecfb2a435d0e7ff2efea557c5799674ded6,節が長い場合は、節見出しを各子チャンクの本文またはメタデータへ継承します。,,NL_PROPOSITION(節が長い場合は、節見出しを各子チャンクの本文またはメタデータへ継承します。),UNFORMALIZED,general_technical_claim,UNCLASSIFIED,3.4.2 (docs/3.回答に使う資料を準備する/3.4.Chunking設計.md:39); authoritative docs commit 52bebecfb2a435d0e7ff2efea557c5799674ded6,,,DEFINITION_OR_SPEC,,,,APPROPRIATE_NORMATIVE,節が長い場合は、節見出しを各子チャンクの本文またはメタデータへ継承するという運用要件は、実行時の判断を担当者ごとにぶらさないためのローカル規則です。節を複数の子chunkへ分割するfixtureで、各子chunkの本文またはmetadataに同じsection headingが入り、検索結果から見出しを復元できることを確認する。 適用境界では、子chunk本文自体に節見出しが完全に含まれる場合はmetadataへの重複格納を省略できるが、復元可能性は維持する。 実装結果と例外発生時の扱いを個別に検査できるため、APPROPRIATE_NORMATIVEです。,節を複数の子chunkへ分割するfixtureで、各子chunkの本文またはmetadataに同じsection headingが入り、検索結果から見出しを復元できることを確認する。,子chunk本文自体に節見出しが完全に含まれる場合はmetadataへの重複格納を省略できるが、復元可能性は維持する。,NOT_APPLICABLE,3.4.2 (docs/3.回答に使う資料を準備する/3.4.Chunking設計.md:39); authoritative docs commit 52bebecfb2a435d0e7ff2efea557c5799674ded6 の本文を維持し、normative_criteriaとexceptionsを設計台帳へ固定する。,rag-guide-maintainers,,,,INCONCLUSIVE,NOT_APPLICABLE_UNPROVED,codex-primary-wave4,2026-08-15,codex-independent-wave4,2026-08-15,FINAL_TWO_REVIEWER_APPROVED
SENT-0807,52bebecfb2a435d0e7ff2efea557c5799674ded6,検索改善を評価するときは、解析品質と分割品質を区別します。,,"IMP(AND(AND(ATOM(retrieval=true), ATOM(evaluation=true)), ATOM(empirical_result=true)), ATOM(parsing=true))",IMPLIES,empirical_or_research_claim,UNCLASSIFIED,3.4.2 (docs/3.回答に使う資料を準備する/3.4.Chunking設計.md:45); authoritative docs commit 52bebecfb2a435d0e7ff2efea557c5799674ded6,,,DEFINITION_OR_SPEC,,,,APPROPRIATE_NORMATIVE,検索改善を評価するときは、解析品質と分割品質を区別するという採否判断は、比較対象と合格条件を実行結果で識別するために置きます。本文に列挙した対象・条件・指標を個別fieldへ保存し、同一runの実装結果または評価結果と一致することを確認する。 さらに、判定に必要なgold evidenceがないslice、標本不足のslice、負荷条件が異なるrunは合否集計から分離し、他sliceの平均結果を外挿しない。 この扱いを例外として記録します。 同じ条件での比較と採用しない条件を両方記録できるため、APPROPRIATE_NORMATIVEです。,検索改善を評価するときは、解析品質と分割品質を区別することを定める評価・採否規則について、本文に列挙した対象・条件・指標を個別fieldへ保存し、同一runの実装結果または評価結果と一致することを確認する。,検索改善を評価するときは、解析品質と分割品質を区別することを定める評価・採否規則の例外として、判定に必要なgold evidenceがないslice、標本不足のslice、負荷条件が異なるrunは合否集計から分離し、他sliceの平均結果を外挿しない。,NOT_APPLICABLE,3.4.2 (docs/3.回答に使う資料を準備する/3.4.Chunking設計.md:45); authoritative docs commit 52bebecfb2a435d0e7ff2efea557c5799674ded6 の本文を維持し、normative_criteriaとexceptionsを設計台帳へ固定する。,rag-guide-maintainers,,,,INCONCLUSIVE,NOT_APPLICABLE_UNPROVED,codex-primary-wave4,2026-08-15,codex-independent-wave4,2026-08-15,FINAL_TWO_REVIEWER_APPROVED
SENT-0808,52bebecfb2a435d0e7ff2efea557c5799674ded6,見出しがなく、長い段落の途中で話題が変わる文書では、語彙や埋め込みの変化から境界を推定できます。,見出しがなく長い段落内で話題が変わる文書では、語彙分布またはembeddingの変化点をchunk境界の候補にできます。境界の正しさは原文spanで確認します。,NL_PROPOSITION(見出しがなく、長い段落の途中で話題が変わる文書では、語彙や埋め込みの変化から境界を推定できます。),UNFORMALIZED,general_technical_claim,できます,3.4.2 (docs/3.回答に使う資料を準備する/3.4.Chunking設計.md:47); authoritative docs commit 52bebecfb2a435d0e7ff2efea557c5799674ded6,SRC-032,SRC-032 https://aclanthology.org/J97-1003/ — abstract inspected 2026-08-15; 現主張への直接locatorは未確定,AUTHOR_CLAIM,NONE_DIRECTLY_VERIFIED,UNFORMALIZED_NATURAL_LANGUAGE_CLAIM,NOT_APPLICABLE,REWRITE_REQUIRED,aclanthology.orgのAbstractへの参照は台帳にありますが、原文の未形式化主張について各要素と結論との直接の対応まで同時に再特定できる直接箇所が確定していません。本文に残すのは、見出しがなく長い段落内で話題が変わる文書では、語彙分布またはembeddingの変化点をchunk境界の候補にできます。境界の正しさは原文spanで確認するという対象範囲です。原文の未形式化主張について未確認の因果までは導きません。 修正文にある主体と操作対象は保ちつつ、直接根拠を越える各要素と結論との直接の対応を落とす差分なので、REWRITE_REQUIREDと判定します。,NOT_APPLICABLE_NON_NORMATIVE,NOT_APPLICABLE_NON_NORMATIVE,UNVERIFIED,3.4.2 (docs/3.回答に使う資料を準備する/3.4.Chunking設計.md:47); authoritative docs commit 52bebecfb2a435d0e7ff2efea557c5799674ded6 の現文を次の文へ置換する: 見出しがなく長い段落内で話題が変わる文書では、語彙分布またはembeddingの変化点をchunk境界の候補にできます。境界の正しさは原文spanで確認します。 再抽出した文面と分類を照合する。,rag-guide-maintainers,,,,INCONCLUSIVE,NOT_APPLICABLE_UNPROVED,codex-primary-wave4,2026-08-15,codex-independent-wave4,2026-08-15,FINAL_TWO_REVIEWER_APPROVED
SENT-0817,52bebecfb2a435d0e7ff2efea557c5799674ded6,左列で文書形式を選び、中央の要素が同じチャンクまたは親子関係に残っているかを確認し、右列の失敗を試験します。,,NL_PROPOSITION(左列で文書形式を選び、中央の要素が同じチャンクまたは親子関係に残っているかを確認し、右列の失敗を試験します。),UNFORMALIZED,general_technical_claim,UNCLASSIFIED,3.4.2 (docs/3.回答に使う資料を準備する/3.4.Chunking設計.md:60); authoritative docs commit 52bebecfb2a435d0e7ff2efea557c5799674ded6,,,DEFINITION_OR_SPEC,,,,APPROPRIATE_NORMATIVE,Gold標本の二者校正で確定。両案とも、文書形式・チャンク保持関係・失敗試験を対応づけるローカル試験手順として妥当と判断した。,表の左列に文書形式、中央列に保持対象要素、右列に失敗条件を一対一で定義し、各行について保持成功fixtureと意図的な失敗fixtureを少なくとも一件ずつ実行する。,対象外とする文書形式は表から黙って除かず、unsupportedとして理由と代替取り込み方法を記載する。,NOT_APPLICABLE,3.4.2 (docs/3.回答に使う資料を準備する/3.4.Chunking設計.md:60); authoritative docs commit 52bebecfb2a435d0e7ff2efea557c5799674ded6 の本文を維持し、normative_criteriaとexceptionsを設計台帳へ固定する。,rag-guide-maintainers,,,,INCONCLUSIVE,NOT_APPLICABLE_UNPROVED,codex-primary-wave4,2026-08-15,codex-independent-wave4,2026-08-15,FINAL_TWO_REVIEWER_APPROVED
SENT-0825,52bebecfb2a435d0e7ff2efea557c5799674ded6,| チケット | 件名、本文、解決策、状態 | 未解決の提案を解決策と誤認します |,| チケット | 件名、本文、解決策、状態 | 未解決の提案を解決策と誤認します |,NL_PROPOSITION(| チケット | 件名、本文、解決策、状態 | 未解決の提案を解決策と誤認します |),UNFORMALIZED,empirical_or_research_claim,UNCLASSIFIED,3.4.2 (docs/3.回答に使う資料を準備する/3.4.Chunking設計.md:71); authoritative docs commit 52bebecfb2a435d0e7ff2efea557c5799674ded6,SRC-002;SRC-005;SRC-009;SRC-010;SRC-011,SRC-002 https://aclanthology.org/2020.emnlp-main.550/ — abstract inspected 2026-08-15; 現主張への直接locatorは未確定; SRC-005 https://doi.org/10.1561/1500000019 — primary_page inspected 2026-08-15; 現主張への直接locatorは未確定; SRC-009 https://dl.acm.org/doi/10.1145/3411764.3445518 — primary_page inspected 2026-08-15; 現主張への直接locatorは未確定,DEFINITION_OR_SPEC,NONE_DIRECTLY_VERIFIED,UNFORMALIZED_NATURAL_LANGUAGE_CLAIM,NOT_APPLICABLE,REMOVE_OR_REPLACE,| チケット | 件名、本文、解決策、状態 | 未解決の提案を解決策と誤認します | この行は 3.4.2 (docs/3.回答に使う資料を準備する/3.4.Chunking設計.md:71); authoritative docs commit 52bebecfb2a435d0e7ff2efea557c5799674ded6 にあるMarkdown表示単位で、単独の技術命題として検証できる主語・述語を備えていません。表示は維持しつつ UNFORMALIZED_NATURAL_LANGUAGE_CLAIM を証拠要求の命題集合から除外するため、REMOVE_OR_REPLACEの分類overrideを適用します。,NOT_APPLICABLE_NON_NORMATIVE,NOT_APPLICABLE_NON_NORMATIVE,UNVERIFIED,3.4.2 (docs/3.回答に使う資料を準備する/3.4.Chunking設計.md:71); authoritative docs commit 52bebecfb2a435d0e7ff2efea557c5799674ded6 のMarkdown表示は維持し、Wave 4分類overrideで技術的事実の命題集合から除外する。,rag-guide-maintainers,,,,INCONCLUSIVE,NOT_APPLICABLE_UNPROVED,codex-primary-wave4,2026-08-15,codex-independent-wave4,2026-08-15,FINAL_TWO_REVIEWER_APPROVED
SENT-0830,52bebecfb2a435d0e7ff2efea557c5799674ded6,Dense X Retrievalは、評価した条件で、命題単位のインデックスが段落単位より有効な結果を報告しました。,Dense X Retrievalが用いた検索・質問応答の評価条件では、命題単位indexが段落単位indexを上回る結果を報告しています。,"AND(AND(AND(ATOM(dense=true), ATOM(retrieval=true)), ATOM(evaluation=true)), ATOM(empirical_result=true))",AND,externally_cited_claim,有効,3.4.3 (docs/3.回答に使う資料を準備する/3.4.Chunking設計.md:80); authoritative docs commit 52bebecfb2a435d0e7ff2efea557c5799674ded6,SRC-031,SRC-031 https://arxiv.org/abs/2312.06648 — abstract inspected 2026-08-15; 現主張への直接locatorは未確定,EMPIRICAL_RESULT,NONE_DIRECTLY_VERIFIED,evaluation=true,NOT_APPLICABLE,REWRITE_REQUIRED,arxiv.orgのAbstractへの参照は台帳にありますが、evaluationについて各要素と結論との直接の対応まで同時に再特定できる直接箇所が確定していません。資料の帰属範囲をDense X Retrievalが用いた検索・質問応答の評価条件では、命題単位indexが段落単位indexを上回る結果を報告しているという限定まで狭め、候補URLの存在だけで機序や結果を補わない文へ変更します。 修正文にある主体と操作対象は保ちつつ、直接根拠を越える各要素と結論との直接の対応を落とす差分なので、REWRITE_REQUIREDと判定します。,NOT_APPLICABLE_NON_NORMATIVE,NOT_APPLICABLE_NON_NORMATIVE,UNVERIFIED,3.4.3 (docs/3.回答に使う資料を準備する/3.4.Chunking設計.md:80); authoritative docs commit 52bebecfb2a435d0e7ff2efea557c5799674ded6 の現文を次の文へ置換する: Dense X Retrievalが用いた検索・質問応答の評価条件では、命題単位indexが段落単位indexを上回る結果を報告しています。 再抽出した文面と分類を照合する。,rag-guide-maintainers,,,,INCONCLUSIVE,NOT_APPLICABLE_UNPROVED,codex-primary-wave4,2026-08-15,codex-independent-wave4,2026-08-15,FINAL_TWO_REVIEWER_APPROVED
SENT-0834,52bebecfb2a435d0e7ff2efea557c5799674ded6,生成した命題は原文の代替にせず、元の文と親チャンクへ必ず結び付けます。,,NOT(ATOM(generation=true)),NOT,general_technical_claim,必ず,3.4.3 (docs/3.回答に使う資料を準備する/3.4.Chunking設計.md:86); authoritative docs commit 52bebecfb2a435d0e7ff2efea557c5799674ded6,,,DEFINITION_OR_SPEC,,,,APPROPRIATE_NORMATIVE,生成した命題は原文の代替にせず、元の文と親チャンクへ必ず結び付けるという運用要件は、実行時の判断を担当者ごとにぶらさないためのローカル規則です。この規則に列挙したID、version、artifactを必須schema fieldにし、任意のanswer/citationからsource document、original span、chunk、retrieval rank、configuration versionへ欠損なく到達できることを確認する。 適用境界では、対象値に個人情報または保存期限の制約がある場合は仮名化・分離保管へ置換できるが、source/version/spanを復元する承認済み対応表は保持する。 実装結果と例外発生時の扱いを個別に検査できるため、APPROPRIATE_NORMATIVEです。,生成した命題は原文の代替にせず、元の文と親チャンクへ必ず結び付けることを定めるローカル設計規則について、この規則に列挙したID、version、artifactを必須schema fieldにし、任意のanswer/citationからsource document、original span、chunk、retrieval rank、configuration versionへ欠損なく到達できることを確認する。,生成した命題は原文の代替にせず、元の文と親チャンクへ必ず結び付けることを定めるローカル設計規則の例外として、対象値に個人情報または保存期限の制約がある場合は仮名化・分離保管へ置換できるが、source/version/spanを復元する承認済み対応表は保持する。,NOT_APPLICABLE,3.4.3 (docs/3.回答に使う資料を準備する/3.4.Chunking設計.md:86); authoritative docs commit 52bebecfb2a435d0e7ff2efea557c5799674ded6 の本文を維持し、normative_criteriaとexceptionsを設計台帳へ固定する。,rag-guide-maintainers,,,,INCONCLUSIVE,NOT_APPLICABLE_UNPROVED,codex-primary-wave4,2026-08-15,codex-independent-wave4,2026-08-15,FINAL_TWO_REVIEWER_APPROVED
SENT-0838,52bebecfb2a435d0e7ff2efea557c5799674ded6,"例えば、200〜400トークンの子と、1,000〜2,000トークンの親を初期候補として比較できます。","親子chunkの初期候補には、子を200〜400 token、親を1,000〜2,000 tokenとする設定を含め、他の長さ候補と比較します。","NL_PROPOSITION(例えば、200〜400トークンの子と、1,000〜2,000トークンの親を初期候補として比較できます。)",UNFORMALIZED,general_technical_claim,できます,3.4.4 (docs/3.回答に使う資料を準備する/3.4.Chunking設計.md:94); authoritative docs commit 52bebecfb2a435d0e7ff2efea557c5799674ded6,SRC-002;SRC-005;SRC-009;SRC-010;SRC-011,SRC-002 https://aclanthology.org/2020.emnlp-main.550/ — abstract inspected 2026-08-15; 現主張への直接locatorは未確定; SRC-005 https://doi.org/10.1561/1500000019 — primary_page inspected 2026-08-15; 現主張への直接locatorは未確定; SRC-009 https://dl.acm.org/doi/10.1145/3411764.3445518 — primary_page inspected 2026-08-15; 現主張への直接locatorは未確定,AUTHOR_CLAIM,NONE_DIRECTLY_VERIFIED,UNFORMALIZED_NATURAL_LANGUAGE_CLAIM,NOT_APPLICABLE,REWRITE_REQUIRED,"aclanthology.org・doi.orgのAbstractへの参照は台帳にありますが、原文の未形式化主張について各要素と結論との直接の対応まで同時に再特定できる直接箇所が確定していません。本文に残すのは、親子chunkの初期候補には、子を200〜400 token、親を1,000〜2,000 tokenとする設定を含め、他の長さ候補と比較するという対象範囲です。原文の未形式化主張について未確認の因果までは導きません。 修正文にある主体と操作対象は保ちつつ、直接根拠を越える各要素と結論との直接の対応を落とす差分なので、REWRITE_REQUIREDと判定します。",NOT_APPLICABLE_NON_NORMATIVE,NOT_APPLICABLE_NON_NORMATIVE,UNVERIFIED,"3.4.4 (docs/3.回答に使う資料を準備する/3.4.Chunking設計.md:94); authoritative docs commit 52bebecfb2a435d0e7ff2efea557c5799674ded6 の現文を次の文へ置換する: 親子chunkの初期候補には、子を200〜400 token、親を1,000〜2,000 tokenとする設定を含め、他の長さ候補と比較します。 再抽出した文面と分類を照合する。",rag-guide-maintainers,,,,INCONCLUSIVE,NOT_APPLICABLE_UNPROVED,codex-primary-wave4,2026-08-15,codex-independent-wave4,2026-08-15,FINAL_TWO_REVIEWER_APPROVED
SENT-0840,52bebecfb2a435d0e7ff2efea557c5799674ded6,親を大きくしすぎると、無関係な話題と入力トークンが増え、必要情報が長文に埋もれます。,親チャンクの上限は、無関係span率、入力token数、正解span利用率を測り、長文中で根拠利用率が下がる直前に設定します。,NL_PROPOSITION(親を大きくしすぎると、無関係な話題と入力トークンが増え、必要情報が長文に埋もれます。),UNFORMALIZED,general_technical_claim,必要,3.4.4 (docs/3.回答に使う資料を準備する/3.4.Chunking設計.md:96); authoritative docs commit 52bebecfb2a435d0e7ff2efea557c5799674ded6,,,DEFINITION_OR_SPEC,,UNFORMALIZED_NATURAL_LANGUAGE_CLAIM,NOT_APPLICABLE,REWRITE_REQUIRED,「親チャンクの上限」の検討では、根拠未確認のUNFORMALIZED_NATURAL_LANGUAGE_CLAIMを、観測可能な処理規則へ置き換えました。「親チャンクの上限」の証拠境界として、UNFORMALIZED_NATURAL_LANGUAGE_CLAIMに対応する一次資料locatorが空である以上、未確定の関係を技術一般の説明には使いません。親チャンクの上限は、無関係span率、入力token数、正解span利用率を測り、長文中で根拠利用率が下がる直前に設定します。 修正文が具体化する対象は「親チャンクの上限」です。「親チャンクの上限」の採否について、未確定の関係の意味を外挿せず証拠境界を正す変更なので、判定はREWRITE_REQUIREDです。,NOT_APPLICABLE_NON_NORMATIVE,NOT_APPLICABLE_NON_NORMATIVE,NOT_APPLICABLE,3.4.4 (docs/3.回答に使う資料を準備する/3.4.Chunking設計.md:96); authoritative docs commit 52bebecfb2a435d0e7ff2efea557c5799674ded6 の現文を次の文へ置換する: 親チャンクの上限は、無関係span率、入力token数、正解span利用率を測り、長文中で根拠利用率が下がる直前に設定します。 再抽出した文面と分類を照合する。,rag-guide-maintainers,,,,INCONCLUSIVE,NOT_APPLICABLE_UNPROVED,codex-primary-wave4,2026-08-15,codex-independent-wave4,2026-08-15,FINAL_TWO_REVIEWER_APPROVED
SENT-0850,52bebecfb2a435d0e7ff2efea557c5799674ded6,代名詞、省略された主語、前節で定義した用語は、チャンクだけでは解釈しにくい場合があります。,代名詞、省略された主語、前節で定義した用語は、単独chunkだけでは参照先を確定できない場合があります。,NL_PROPOSITION(代名詞、省略された主語、前節で定義した用語は、チャンクだけでは解釈しにくい場合があります。),UNFORMALIZED,general_technical_claim,UNCLASSIFIED,3.4.4 (docs/3.回答に使う資料を準備する/3.4.Chunking設計.md:114); authoritative docs commit 52bebecfb2a435d0e7ff2efea557c5799674ded6,SRC-002;SRC-005;SRC-009;SRC-010;SRC-011,SRC-002 https://aclanthology.org/2020.emnlp-main.550/ — abstract inspected 2026-08-15; 現主張への直接locatorは未確定; SRC-005 https://doi.org/10.1561/1500000019 — primary_page inspected 2026-08-15; 現主張への直接locatorは未確定; SRC-009 https://dl.acm.org/doi/10.1145/3411764.3445518 — primary_page inspected 2026-08-15; 現主張への直接locatorは未確定,DEFINITION_OR_SPEC,NONE_DIRECTLY_VERIFIED,UNFORMALIZED_NATURAL_LANGUAGE_CLAIM,UNFORMALIZED,REWRITE_REQUIRED,aclanthology.org・doi.orgのAbstractへの参照は台帳にありますが、原文の未形式化主張について未形式化の関係まで同時に再特定できる直接箇所が確定していません。本文に残すのは、代名詞、省略された主語、前節で定義した用語は、単独chunkだけでは参照先を確定できない場合があるという対象範囲です。原文の未形式化主張について未確認の因果までは導きません。 修正文にある主体と操作対象は保ちつつ、直接根拠を越える未形式化の関係を落とす差分なので、REWRITE_REQUIREDと判定します。,NOT_APPLICABLE_NON_NORMATIVE,NOT_APPLICABLE_NON_NORMATIVE,UNVERIFIED,3.4.4 (docs/3.回答に使う資料を準備する/3.4.Chunking設計.md:114); authoritative docs commit 52bebecfb2a435d0e7ff2efea557c5799674ded6 の現文を次の文へ置換する: 代名詞、省略された主語、前節で定義した用語は、単独chunkだけでは参照先を確定できない場合があります。 再抽出した文面と分類を照合する。,rag-guide-maintainers,,,,INCONCLUSIVE,NOT_APPLICABLE_UNPROVED,codex-primary-wave4,2026-08-15,codex-independent-wave4,2026-08-15,FINAL_TWO_REVIEWER_APPROVED
SENT-0852,52bebecfb2a435d0e7ff2efea557c5799674ded6,チャンク本文を書き換えず、埋め込み表現へ周囲の文脈を反映することを狙います。,検索用本文は改変せず、見出しや前後文脈をembedding入力だけへ追加し、引用は必ず元の本文範囲へ戻します。,NL_PROPOSITION(チャンク本文を書き換えず、埋め込み表現へ周囲の文脈を反映することを狙います。),UNFORMALIZED,general_technical_claim,UNCLASSIFIED,3.4.4 (docs/3.回答に使う資料を準備する/3.4.Chunking設計.md:117); authoritative docs commit 52bebecfb2a435d0e7ff2efea557c5799674ded6,,,DEFINITION_OR_SPEC,,UNFORMALIZED_NATURAL_LANGUAGE_CLAIM,NOT_APPLICABLE,REWRITE_REQUIRED,「検索用本文は改変せず」の検討では、UNFORMALIZED_NATURAL_LANGUAGE_CLAIMから採用可能な手順を残し、証明されていない一般化を切り離しました。「検索用本文は改変せず」の証拠境界として、未確定の関係として表現されたUNFORMALIZED_NATURAL_LANGUAGE_CLAIMは未検証なので、本文では局所挙動だけを扱います。検索用本文は改変せず、見出しや前後文脈をembedding入力だけへ追加し、引用は必ず元の本文範囲へ戻します。 修正文が具体化する対象は「検索用本文は改変せず」です。「検索用本文は改変せず」の採否について、UNFORMALIZED_NATURAL_LANGUAGE_CLAIMの実装情報を残しながら未支持関係を除くため、書換えを要求します。,NOT_APPLICABLE_NON_NORMATIVE,NOT_APPLICABLE_NON_NORMATIVE,NOT_APPLICABLE,3.4.4 (docs/3.回答に使う資料を準備する/3.4.Chunking設計.md:117); authoritative docs commit 52bebecfb2a435d0e7ff2efea557c5799674ded6 の現文を次の文へ置換する: 検索用本文は改変せず、見出しや前後文脈をembedding入力だけへ追加し、引用は必ず元の本文範囲へ戻します。 再抽出した文面と分類を照合する。,rag-guide-maintainers,,,,INCONCLUSIVE,NOT_APPLICABLE_UNPROVED,codex-primary-wave4,2026-08-15,codex-independent-wave4,2026-08-15,FINAL_TWO_REVIEWER_APPROVED
SENT-0855,52bebecfb2a435d0e7ff2efea557c5799674ded6,代名詞や節間参照を含む質問群で、通常のチャンク埋め込みと比較してから導入します。,,NL_PROPOSITION(代名詞や節間参照を含む質問群で、通常のチャンク埋め込みと比較してから導入します。),UNFORMALIZED,general_technical_claim,UNCLASSIFIED,3.4.4 (docs/3.回答に使う資料を準備する/3.4.Chunking設計.md:121); authoritative docs commit 52bebecfb2a435d0e7ff2efea557c5799674ded6,,,DEFINITION_OR_SPEC,,,,APPROPRIATE_NORMATIVE,代名詞や節間参照を含む質問群で、通常のチャンク埋め込みと比較してから導入するという採否判断は、比較対象と合格条件を実行結果で識別するために置きます。この規則に挙げた選択肢を同じdataset version、query slice、gold evidence、負荷条件で比較し、対象sliceごとの品質・latency・costを一つのresult tableへ記録する。 さらに、判定に必要なgold evidenceがないslice、標本不足のslice、負荷条件が異なるrunは合否集計から分離し、他sliceの平均結果を外挿しない。 この扱いを例外として記録します。 同じ条件での比較と採用しない条件を両方記録できるため、APPROPRIATE_NORMATIVEです。,代名詞や節間参照を含む質問群で、通常のチャンク埋め込みと比較してから導入することを定める評価・採否規則について、この規則に挙げた選択肢を同じdataset version、query slice、gold evidence、負荷条件で比較し、対象sliceごとの品質・latency・costを一つのresult tableへ記録する。,代名詞や節間参照を含む質問群で、通常のチャンク埋め込みと比較してから導入することを定める評価・採否規則の例外として、判定に必要なgold evidenceがないslice、標本不足のslice、負荷条件が異なるrunは合否集計から分離し、他sliceの平均結果を外挿しない。,NOT_APPLICABLE,3.4.4 (docs/3.回答に使う資料を準備する/3.4.Chunking設計.md:121); authoritative docs commit 52bebecfb2a435d0e7ff2efea557c5799674ded6 の本文を維持し、normative_criteriaとexceptionsを設計台帳へ固定する。,rag-guide-maintainers,,,,INCONCLUSIVE,NOT_APPLICABLE_UNPROVED,codex-primary-wave4,2026-08-15,codex-independent-wave4,2026-08-15,FINAL_TWO_REVIEWER_APPROVED
SENT-0856,52bebecfb2a435d0e7ff2efea557c5799674ded6,チャンクには、再構築後も由来を追跡できるIDが必要です。,本ガイドでは、各chunkに、再構築後もsource documentと原文範囲を追跡できるstable IDを付与します。,NL_PROPOSITION(チャンクには、再構築後も由来を追跡できるIDが必要です。),UNFORMALIZED,general_technical_claim,できる;必要,3.4.5 (docs/3.回答に使う資料を準備する/3.4.Chunking設計.md:125); authoritative docs commit 52bebecfb2a435d0e7ff2efea557c5799674ded6,,,DEFINITION_OR_SPEC,,,,APPROPRIATE_NORMATIVE,本ガイドでは、各chunkに、再構築後もsource documentと原文範囲を追跡できるstable IDを付与するという運用要件は、実行時の判断を担当者ごとにぶらさないためのローカル規則です。同じdocument versionと原文spanからindexを再構築したときに同じstable chunk IDが生成され、任意のchunk IDからsource document、version、原文spanを逆引きできることを確認する。 さらに、source document、version、分割規則、原文spanのいずれかが変わったchunkには新IDを割り当て、旧IDから新IDへのmigration対応だけを保持する。 この扱いを例外として記録します。 実装結果と例外発生時の扱いを個別に検査できるため、APPROPRIATE_NORMATIVEです。,同じdocument versionと原文spanからindexを再構築したときに同じstable chunk IDが生成され、任意のchunk IDからsource document、version、原文spanを逆引きできることを確認する。,source document、version、分割規則、原文spanのいずれかが変わったchunkには新IDを割り当て、旧IDから新IDへのmigration対応だけを保持する。,NOT_APPLICABLE,3.4.5 (docs/3.回答に使う資料を準備する/3.4.Chunking設計.md:125); authoritative docs commit 52bebecfb2a435d0e7ff2efea557c5799674ded6 の現文を次の文へ置換する: 本ガイドでは、各chunkに、再構築後もsource documentと原文範囲を追跡できるstable IDを付与します。 再抽出した文面と分類を照合する。,rag-guide-maintainers,,,,INCONCLUSIVE,NOT_APPLICABLE_UNPROVED,codex-primary-wave4,2026-08-15,codex-independent-wave4,2026-08-15,FINAL_TWO_REVIEWER_APPROVED
SENT-0873,52bebecfb2a435d0e7ff2efea557c5799674ded6,このため、検索だけを改善しても、LLMへ渡す単位が大きすぎれば最終回答が改善するとは限りません。,,"NOT(AND(AND(ATOM(retrieval=true), ATOM(generation=true)), ATOM(empirical_result=true)))",NOT,empirical_or_research_claim,UNCLASSIFIED,3.4.6 (docs/3.回答に使う資料を準備する/3.4.Chunking設計.md:150); authoritative docs commit 52bebecfb2a435d0e7ff2efea557c5799674ded6,,,DEFINITION_OR_SPEC,,,,APPROPRIATE_NORMATIVE,このため、検索だけを改善しても、LLMへ渡す単位が大きすぎれば最終回答が改善するとは限らないという採否判断は、比較対象と合格条件を実行結果で識別するために置きます。検索設定を固定してLLMへ渡すchunk単位だけを変え、retrieval hit、evidence sufficiency、answer correctnessを同じquestion IDで比較し、検索改善が最終回答へ反映されたか判定する。 さらに、生成を伴わない検索専用機能はanswer correctnessを適用しないが、利用者へ返す検索単位の有用性を別の受入指標で確認する。 この扱いを例外として記録します。 同じ条件での比較と採用しない条件を両方記録できるため、APPROPRIATE_NORMATIVEです。,検索設定を固定してLLMへ渡すchunk単位だけを変え、retrieval hit、evidence sufficiency、answer correctnessを同じquestion IDで比較し、検索改善が最終回答へ反映されたか判定する。,生成を伴わない検索専用機能はanswer correctnessを適用しないが、利用者へ返す検索単位の有用性を別の受入指標で確認する。,NOT_APPLICABLE,3.4.6 (docs/3.回答に使う資料を準備する/3.4.Chunking設計.md:150); authoritative docs commit 52bebecfb2a435d0e7ff2efea557c5799674ded6 の本文を維持し、normative_criteriaとexceptionsを設計台帳へ固定する。,rag-guide-maintainers,,,,INCONCLUSIVE,NOT_APPLICABLE_UNPROVED,codex-primary-wave4,2026-08-15,codex-independent-wave4,2026-08-15,FINAL_TWO_REVIEWER_APPROVED
SENT-0877,52bebecfb2a435d0e7ff2efea557c5799674ded6,平均チャンク長だけでは、分割の失敗を診断できません。,chunking診断では平均長に加え、正解span分断率、下限未満率、上限超過率を文書種別ごとに集計します。,NOT(ATOM(evaluation=true)),NOT,general_technical_claim,UNCLASSIFIED,3.4.6 (docs/3.回答に使う資料を準備する/3.4.Chunking設計.md:156); authoritative docs commit 52bebecfb2a435d0e7ff2efea557c5799674ded6,,,DEFINITION_OR_SPEC,,evaluation=true,NOT,REWRITE_REQUIRED,「chunking診断では平均長に加え」の検討では、evaluation=trueを技術一般へ外挿せず、本文の動作を具体化しました。chunking診断では平均長に加え、正解span分断率、下限未満率、上限超過率を文書種別ごとに集計します。 修正文が具体化する対象は「chunking診断では平均長に加え」です。「chunking診断では平均長に加え」の証拠境界として、根拠台帳にはevaluation=trueを支えるlocatorがなく、元の否定関係を一般化しない判断です。「chunking診断では平均長に加え」の採否について、evaluation=trueの実装情報を残しながら未支持関係を除くため、書換えを要求します。,NOT_APPLICABLE_NON_NORMATIVE,NOT_APPLICABLE_NON_NORMATIVE,NOT_APPLICABLE,3.4.6 (docs/3.回答に使う資料を準備する/3.4.Chunking設計.md:156); authoritative docs commit 52bebecfb2a435d0e7ff2efea557c5799674ded6 の現文を次の文へ置換する: chunking診断では平均長に加え、正解span分断率、下限未満率、上限超過率を文書種別ごとに集計します。 再抽出した文面と分類を照合する。,rag-guide-maintainers,,,,INCONCLUSIVE,NOT_APPLICABLE_UNPROVED,codex-primary-wave4,2026-08-15,codex-independent-wave4,2026-08-15,FINAL_TWO_REVIEWER_APPROVED
SENT-0884,52bebecfb2a435d0e7ff2efea557c5799674ded6,チャンクから元ページと引用範囲へ戻れません。,チャンクから元ページと引用範囲へ戻れない状態を、公開を止める失敗条件として扱います。,NOT(ATOM(citation=true)),NOT,general_technical_claim,UNCLASSIFIED,3.4.6 (docs/3.回答に使う資料を準備する/3.4.Chunking設計.md:164); authoritative docs commit 52bebecfb2a435d0e7ff2efea557c5799674ded6,,,DEFINITION_OR_SPEC,,,,APPROPRIATE_NORMATIVE,チャンクから元ページと引用範囲へ戻れない状態を、公開を止める失敗条件として扱うという運用要件は、実行時の判断を担当者ごとにぶらさないためのローカル規則です。公開対象の全chunkでsource URIとpage/section/offsetのいずれかを必須にし、引用表示から原文範囲へ戻れないchunkが一件でもあれば公開gateを失敗させる。 適用境界では、原資料がページ番号を持たない場合はsection pathまたはstable offsetで代替できるが、単なるdocument topへのリンクは引用範囲の代替にしない。 実装結果と例外発生時の扱いを個別に検査できるため、APPROPRIATE_NORMATIVEです。,公開対象の全chunkでsource URIとpage/section/offsetのいずれかを必須にし、引用表示から原文範囲へ戻れないchunkが一件でもあれば公開gateを失敗させる。,原資料がページ番号を持たない場合はsection pathまたはstable offsetで代替できるが、単なるdocument topへのリンクは引用範囲の代替にしない。,NOT_APPLICABLE,3.4.6 (docs/3.回答に使う資料を準備する/3.4.Chunking設計.md:164); authoritative docs commit 52bebecfb2a435d0e7ff2efea557c5799674ded6 の現文を次の文へ置換する: チャンクから元ページと引用範囲へ戻れない状態を、公開を止める失敗条件として扱います。 再抽出した文面と分類を照合する。,rag-guide-maintainers,,,,INCONCLUSIVE,NOT_APPLICABLE_UNPROVED,codex-primary-wave4,2026-08-15,codex-independent-wave4,2026-08-15,FINAL_TWO_REVIEWER_APPROVED
SENT-0898,52bebecfb2a435d0e7ff2efea557c5799674ded6,埋め込みの類似度では、版、有効期間、権威性、権限を判断できません。,埋め込み類似度だけでは版、有効期間、権威性、権限を判定せず、それぞれをmetadataと認可規則で確認します。,NOT(ATOM(authorization=true)),NOT,general_technical_claim,有効,FILE-INTRO (docs/3.回答に使う資料を準備する/3.5.Metadata・Provenance・ACL設計.md:5); authoritative docs commit 52bebecfb2a435d0e7ff2efea557c5799674ded6,SRC-040;SRC-041,SRC-040 https://doi.org/10.1109/2.485845 — primary_page inspected 2026-08-15; 現主張への直接locatorは未確定; SRC-041 https://arxiv.org/abs/2403.04651 — abstract inspected 2026-08-15; 現主張への直接locatorは未確定,AUTHOR_CLAIM,NONE_DIRECTLY_VERIFIED,authorization=true,NOT,REWRITE_REQUIRED,doi.org・arxiv.orgのAbstractへの参照は台帳にありますが、authorizationについて否定関係まで同時に再特定できる直接箇所が確定していません。本文に残すのは、埋め込み類似度だけでは版、有効期間、権威性、権限を判定せず、それぞれをmetadataと認可規則で確認するという対象範囲です。authorizationについて未確認の因果までは導きません。 修正文にある主体と操作対象は保ちつつ、直接根拠を越える否定関係を落とす差分なので、REWRITE_REQUIREDと判定します。,NOT_APPLICABLE_NON_NORMATIVE,NOT_APPLICABLE_NON_NORMATIVE,UNVERIFIED,FILE-INTRO (docs/3.回答に使う資料を準備する/3.5.Metadata・Provenance・ACL設計.md:5); authoritative docs commit 52bebecfb2a435d0e7ff2efea557c5799674ded6 の現文を次の文へ置換する: 埋め込み類似度だけでは版、有効期間、権威性、権限を判定せず、それぞれをmetadataと認可規則で確認します。 再抽出した文面と分類を照合する。,rag-guide-maintainers,,,,INCONCLUSIVE,NOT_APPLICABLE_UNPROVED,codex-primary-wave4,2026-08-15,codex-independent-wave4,2026-08-15,FINAL_TWO_REVIEWER_APPROVED
SENT-0908,52bebecfb2a435d0e7ff2efea557c5799674ded6,一つの値だけを主キーにせず、情報源、文書、文書版、チャンクを別々に識別します。,,NL_PROPOSITION(一つの値だけを主キーにせず、情報源、文書、文書版、チャンクを別々に識別します。),UNFORMALIZED,general_technical_claim,UNCLASSIFIED,3.5.1 (docs/3.回答に使う資料を準備する/3.5.Metadata・Provenance・ACL設計.md:21); authoritative docs commit 52bebecfb2a435d0e7ff2efea557c5799674ded6,,,DEFINITION_OR_SPEC,,,,APPROPRIATE_NORMATIVE,一つの値だけを主キーにせず、情報源、文書、文書版、チャンクを別々に識別するという追跡要件は、後続工程から入力と版へ戻るための局所契約です。source ID、document ID、document version、chunk IDを別fieldとして保存し、同じsourceの複数文書、同じ文書の複数版、同じ版の複数chunkを衝突なく表現できることをschema testで確認する。 適用境界では、外部sourceが単一文書だけを返す場合も内部ID階層は省略せず、欠ける外部IDには管理下で生成したstable IDを割り当てる。 逆引き可能性と保存上の例外を台帳で確かめられるため、APPROPRIATE_NORMATIVEです。,source ID、document ID、document version、chunk IDを別fieldとして保存し、同じsourceの複数文書、同じ文書の複数版、同じ版の複数chunkを衝突なく表現できることをschema testで確認する。,外部sourceが単一文書だけを返す場合も内部ID階層は省略せず、欠ける外部IDには管理下で生成したstable IDを割り当てる。,NOT_APPLICABLE,3.5.1 (docs/3.回答に使う資料を準備する/3.5.Metadata・Provenance・ACL設計.md:21); authoritative docs commit 52bebecfb2a435d0e7ff2efea557c5799674ded6 の本文を維持し、normative_criteriaとexceptionsを設計台帳へ固定する。,rag-guide-maintainers,,,,INCONCLUSIVE,NOT_APPLICABLE_UNPROVED,codex-primary-wave4,2026-08-15,codex-independent-wave4,2026-08-15,FINAL_TWO_REVIEWER_APPROVED
SENT-0965,52bebecfb2a435d0e7ff2efea557c5799674ded6,ただし、添付ファイル、コメント、埋め込みオブジェクト、外部リンクは、親文書と別の権限を持つ場合があります。,attachment、comment、embedded object、external linkには、親documentとは別のauthorization policyが設定されている場合があります。,NL_PROPOSITION(ただし、添付ファイル、コメント、埋め込みオブジェクト、外部リンクは、親文書と別の権限を持つ場合があります。),UNFORMALIZED,general_technical_claim,UNCLASSIFIED,3.5.4 (docs/3.回答に使う資料を準備する/3.5.Metadata・Provenance・ACL設計.md:106); authoritative docs commit 52bebecfb2a435d0e7ff2efea557c5799674ded6,SRC-002;SRC-005;SRC-009;SRC-010;SRC-011,SRC-002 https://aclanthology.org/2020.emnlp-main.550/ — abstract inspected 2026-08-15; 現主張への直接locatorは未確定; SRC-005 https://doi.org/10.1561/1500000019 — primary_page inspected 2026-08-15; 現主張への直接locatorは未確定; SRC-009 https://dl.acm.org/doi/10.1145/3411764.3445518 — primary_page inspected 2026-08-15; 現主張への直接locatorは未確定,AUTHOR_CLAIM,NONE_DIRECTLY_VERIFIED,UNFORMALIZED_NATURAL_LANGUAGE_CLAIM,UNFORMALIZED,REWRITE_REQUIRED,aclanthology.org・doi.orgのAbstractへの参照は台帳にありますが、原文の未形式化主張について未形式化の関係まで同時に再特定できる直接箇所が確定していません。本文に残すのは、attachment、comment、embedded object、external linkには、親documentとは別のauthorization policyが設定されている場合があるという対象範囲です。原文の未形式化主張について未確認の因果までは導きません。 修正文にある主体と操作対象は保ちつつ、直接根拠を越える未形式化の関係を落とす差分なので、REWRITE_REQUIREDと判定します。,NOT_APPLICABLE_NON_NORMATIVE,NOT_APPLICABLE_NON_NORMATIVE,UNVERIFIED,3.5.4 (docs/3.回答に使う資料を準備する/3.5.Metadata・Provenance・ACL設計.md:106); authoritative docs commit 52bebecfb2a435d0e7ff2efea557c5799674ded6 の現文を次の文へ置換する: attachment、comment、embedded object、external linkには、親documentとは別のauthorization policyが設定されている場合があります。 再抽出した文面と分類を照合する。,rag-guide-maintainers,,,,INCONCLUSIVE,NOT_APPLICABLE_UNPROVED,codex-primary-wave4,2026-08-15,codex-independent-wave4,2026-08-15,FINAL_TWO_REVIEWER_APPROVED
SENT-0971,52bebecfb2a435d0e7ff2efea557c5799674ded6,文書から生成したチャンク件数とACL件数を照合します。,,"AND(AND(ATOM(generation=true), ATOM(verification=true)), ATOM(authorization=true))",AND,general_technical_claim,UNCLASSIFIED,3.5.4 (docs/3.回答に使う資料を準備する/3.5.Metadata・Provenance・ACL設計.md:114); authoritative docs commit 52bebecfb2a435d0e7ff2efea557c5799674ded6,,,DEFINITION_OR_SPEC,,,,APPROPRIATE_NORMATIVE,文書から生成したチャンク件数とACL件数を照合するという安全境界は、本ガイドが強制する制御として設けます。documentごとに生成chunk件数と継承ACL件数を集計し、ACLなしchunk、余分なACL record、親と異なる未承認ACLがゼロ件であることを確認する。 さらに、公開情報としてACL不要と承認されたdocumentはACL recordをpublic markerで代替できるが、空欄のまま公開しない。 この扱いを例外として記録します。 負試験で境界を確かめ、統制を緩めない例外を明示できるので、APPROPRIATE_NORMATIVEです。,documentごとに生成chunk件数と継承ACL件数を集計し、ACLなしchunk、余分なACL record、親と異なる未承認ACLがゼロ件であることを確認する。,公開情報としてACL不要と承認されたdocumentはACL recordをpublic markerで代替できるが、空欄のまま公開しない。,NOT_APPLICABLE,3.5.4 (docs/3.回答に使う資料を準備する/3.5.Metadata・Provenance・ACL設計.md:114); authoritative docs commit 52bebecfb2a435d0e7ff2efea557c5799674ded6 の本文を維持し、normative_criteriaとexceptionsを設計台帳へ固定する。,rag-guide-maintainers,,,,INCONCLUSIVE,NOT_APPLICABLE_UNPROVED,codex-primary-wave4,2026-08-15,codex-independent-wave4,2026-08-15,FINAL_TWO_REVIEWER_APPROVED
SENT-0981,52bebecfb2a435d0e7ff2efea557c5799674ded6,フィルターによってANN再現率が低下してもACLを緩めず、候補数の拡大、条件対応の検索、テナント別分割など、検索側で対処します。,,"AND(AND(AND(ATOM(retrieval=true), ATOM(recall_metric=true)), ATOM(authorization=true)), ATOM(multi_tenant=true))",AND,general_technical_claim,UNCLASSIFIED,3.5.4 (docs/3.回答に使う資料を準備する/3.5.Metadata・Provenance・ACL設計.md:127); authoritative docs commit 52bebecfb2a435d0e7ff2efea557c5799674ded6,,,DEFINITION_OR_SPEC,,,,APPROPRIATE_NORMATIVE,フィルターによってANN再現率が低下してもACLを緩めず、候補数の拡大、条件対応の検索、テナント別分割など、検索側で対処するという安全境界は、本ガイドが強制する制御として設けます。この規則で列挙した各metricを同じrequest traceから算出し、authorization適用前後のcandidate数と許可外item数を含め、dashboardとrelease gateの値が一致することを確認する。 適用境界では、この規則より法令、契約、組織policyが厳しい場合は厳しい統制を優先し、性能、可用性、費用を理由に対象resourceのauthorizationまたは隔離を省略しない。 負試験で境界を確かめ、統制を緩めない例外を明示できるので、APPROPRIATE_NORMATIVEです。,フィルターによってANN再現率が低下してもACLを緩めず、候補数の拡大、条件対応の検索、テナント別分割など、検索側で対処することを定める安全性・アクセス制御規則について、この規則で列挙した各metricを同じrequest traceから算出し、authorization適用前後のcandidate数と許可外item数を含め、dashboardとrelease gateの値が一致することを確認する。,フィルターによってANN再現率が低下してもACLを緩めず、候補数の拡大、条件対応の検索、テナント別分割など、検索側で対処することを定める安全性・アクセス制御規則の例外として、この規則より法令、契約、組織policyが厳しい場合は厳しい統制を優先し、性能、可用性、費用を理由に対象resourceのauthorizationまたは隔離を省略しない。,NOT_APPLICABLE,3.5.4 (docs/3.回答に使う資料を準備する/3.5.Metadata・Provenance・ACL設計.md:127); authoritative docs commit 52bebecfb2a435d0e7ff2efea557c5799674ded6 の本文を維持し、normative_criteriaとexceptionsを設計台帳へ固定する。,rag-guide-maintainers,,,,INCONCLUSIVE,NOT_APPLICABLE_UNPROVED,codex-primary-wave4,2026-08-15,codex-independent-wave4,2026-08-15,FINAL_TWO_REVIEWER_APPROVED
SENT-0989,52bebecfb2a435d0e7ff2efea557c5799674ded6,ベクトルストアごとに、メタデータのキー数、値の大きさ、型、配列、フィルター演算子の制約があります。,vector storeを選ぶ前に、metadataのkey数、value size、型、配列、filter operatorを要件表と照合し、非対応条件が一つでもあれば候補から外します。,NL_PROPOSITION(ベクトルストアごとに、メタデータのキー数、値の大きさ、型、配列、フィルター演算子の制約があります。),UNFORMALIZED,general_technical_claim,UNCLASSIFIED,3.5.5 (docs/3.回答に使う資料を準備する/3.5.Metadata・Provenance・ACL設計.md:141); authoritative docs commit 52bebecfb2a435d0e7ff2efea557c5799674ded6,,,DEFINITION_OR_SPEC,,UNFORMALIZED_NATURAL_LANGUAGE_CLAIM,NOT_APPLICABLE,REWRITE_REQUIRED,「vector storeを選ぶ前」の検討では、UNFORMALIZED_NATURAL_LANGUAGE_CLAIMを一般的な効果として説明せず、ガイド内で実行する処理へ焦点を移しました。vector storeを選ぶ前に、metadataのkey数、value size、型、配列、filter operatorを要件表と照合し、非対応条件が一つでもあれば候補から外します。 修正文が具体化する対象は「vector storeを選ぶ前」です。「vector storeを選ぶ前」の証拠境界として、直接検証できていないUNFORMALIZED_NATURAL_LANGUAGE_CLAIMと未確定の関係を落とし、修正文の操作だけを採ります。「vector storeを選ぶ前」の採否について、未確定の関係を維持できない一方で教材上の操作は残るため、REWRITE_REQUIREDとします。,NOT_APPLICABLE_NON_NORMATIVE,NOT_APPLICABLE_NON_NORMATIVE,NOT_APPLICABLE,3.5.5 (docs/3.回答に使う資料を準備する/3.5.Metadata・Provenance・ACL設計.md:141); authoritative docs commit 52bebecfb2a435d0e7ff2efea557c5799674ded6 の現文を次の文へ置換する: vector storeを選ぶ前に、metadataのkey数、value size、型、配列、filter operatorを要件表と照合し、非対応条件が一つでもあれば候補から外します。 再抽出した文面と分類を照合する。,rag-guide-maintainers,,,,INCONCLUSIVE,NOT_APPLICABLE_UNPROVED,codex-primary-wave4,2026-08-15,codex-independent-wave4,2026-08-15,FINAL_TWO_REVIEWER_APPROVED
SENT-0990,52bebecfb2a435d0e7ff2efea557c5799674ded6,メタデータスキーマへ版を付け、旧チャンクの移行方法を定めます。,,NL_PROPOSITION(メタデータスキーマへ版を付け、旧チャンクの移行方法を定めます。),UNFORMALIZED,general_technical_claim,UNCLASSIFIED,3.5.5 (docs/3.回答に使う資料を準備する/3.5.Metadata・Provenance・ACL設計.md:142); authoritative docs commit 52bebecfb2a435d0e7ff2efea557c5799674ded6,,,DEFINITION_OR_SPEC,,,,APPROPRIATE_NORMATIVE,メタデータスキーマへ版を付け、旧チャンクの移行方法を定めるという追跡要件は、後続工程から入力と版へ戻るための局所契約です。metadata schema versionを全chunkへ保存し、旧versionから新versionへの変換、移行中の両version読取り、移行完了後の旧field検出を試験する。 さらに、破壊的変更を伴わないfield追加でもschema versionを更新できるが、読取互換性と既定値を明示する。 この扱いを例外として記録します。 逆引き可能性と保存上の例外を台帳で確かめられるため、APPROPRIATE_NORMATIVEです。,metadata schema versionを全chunkへ保存し、旧versionから新versionへの変換、移行中の両version読取り、移行完了後の旧field検出を試験する。,破壊的変更を伴わないfield追加でもschema versionを更新できるが、読取互換性と既定値を明示する。,NOT_APPLICABLE,3.5.5 (docs/3.回答に使う資料を準備する/3.5.Metadata・Provenance・ACL設計.md:142); authoritative docs commit 52bebecfb2a435d0e7ff2efea557c5799674ded6 の本文を維持し、normative_criteriaとexceptionsを設計台帳へ固定する。,rag-guide-maintainers,,,,INCONCLUSIVE,NOT_APPLICABLE_UNPROVED,codex-primary-wave4,2026-08-15,codex-independent-wave4,2026-08-15,FINAL_TWO_REVIEWER_APPROVED
SENT-1020,52bebecfb2a435d0e7ff2efea557c5799674ded6,埋め込み（embedding）は、テキストを固定長の数値ベクトルへ写す処理です。,本ガイドでは、埋め込み（embedding）を、テキストを固定長の数値ベクトルへ写す処理として扱います。,NL_PROPOSITION(埋め込み（embedding）は、テキストを固定長の数値ベクトルへ写す処理です。),UNFORMALIZED,general_technical_claim,UNCLASSIFIED,3.6.1 (docs/3.回答に使う資料を準備する/3.6.Embedding設計.md:8); authoritative docs commit 52bebecfb2a435d0e7ff2efea557c5799674ded6,,,DEFINITION_OR_SPEC,,,,APPROPRIATE_NORMATIVE,本ガイドでは、埋め込み（embedding）を、テキストを固定長の数値ベクトルへ写す処理として扱うという運用要件は、実行時の判断を担当者ごとにぶらさないためのローカル規則です。本文、図表、schema、評価台帳で同じ対象、単位、入出力を使用し、異なる意味で使う箇所がrepository内検索でゼロ件であることを確認する。 適用境界では、当該規則が公式標準または製品仕様の同名語と異なる場合はローカル定義であることと対応関係を併記し、公式語の意味を上書きしない。 実装結果と例外発生時の扱いを個別に検査できるため、APPROPRIATE_NORMATIVEです。,本ガイドでは、埋め込み（embedding）を、テキストを固定長の数値ベクトルへ写す処理として扱うことを定めるローカル設計規則について、本文、図表、schema、評価台帳で同じ対象、単位、入出力を使用し、異なる意味で使う箇所がrepository内検索でゼロ件であることを確認する。,本ガイドでは、埋め込み（embedding）を、テキストを固定長の数値ベクトルへ写す処理として扱うことを定めるローカル設計規則の例外として、当該規則が公式標準または製品仕様の同名語と異なる場合はローカル定義であることと対応関係を併記し、公式語の意味を上書きしない。,NOT_APPLICABLE,3.6.1 (docs/3.回答に使う資料を準備する/3.6.Embedding設計.md:8); authoritative docs commit 52bebecfb2a435d0e7ff2efea557c5799674ded6 の現文を次の文へ置換する: 本ガイドでは、埋め込み（embedding）を、テキストを固定長の数値ベクトルへ写す処理として扱います。 再抽出した文面と分類を照合する。,rag-guide-maintainers,,,,INCONCLUSIVE,NOT_APPLICABLE_UNPROVED,codex-primary-wave4,2026-08-15,codex-independent-wave4,2026-08-15,FINAL_TWO_REVIEWER_APPROVED
SENT-1021,52bebecfb2a435d0e7ff2efea557c5799674ded6,意味や用法が近いテキストは、学習されたベクトル空間でも近くなることが期待されます。,embedding modelは、意味・用法が近い正例と表層だけが近い負例を含む対象データで、近傍順位を測ってから採用します。,NL_PROPOSITION(意味や用法が近いテキストは、学習されたベクトル空間でも近くなることが期待されます。),UNFORMALIZED,general_technical_claim,UNCLASSIFIED,3.6.1 (docs/3.回答に使う資料を準備する/3.6.Embedding設計.md:9); authoritative docs commit 52bebecfb2a435d0e7ff2efea557c5799674ded6,,,DEFINITION_OR_SPEC,,UNFORMALIZED_NATURAL_LANGUAGE_CLAIM,NOT_APPLICABLE,REWRITE_REQUIRED,「embedding model」の証拠境界として、UNFORMALIZED_NATURAL_LANGUAGE_CLAIMに対応する一次資料locatorが空である以上、未確定の関係を技術一般の説明には使いません。embedding modelは、意味・用法が近い正例と表層だけが近い負例を含む対象データで、近傍順位を測ってから採用します。 修正文が具体化する対象は「embedding model」です。「embedding model」の検討では、未確定の関係を実装時に判定できるよう、対象と操作を明示した文へ直しています。「embedding model」の採否について、UNFORMALIZED_NATURAL_LANGUAGE_CLAIMの実装情報を残しながら未支持関係を除くため、書換えを要求します。,NOT_APPLICABLE_NON_NORMATIVE,NOT_APPLICABLE_NON_NORMATIVE,NOT_APPLICABLE,3.6.1 (docs/3.回答に使う資料を準備する/3.6.Embedding設計.md:9); authoritative docs commit 52bebecfb2a435d0e7ff2efea557c5799674ded6 の現文を次の文へ置換する: embedding modelは、意味・用法が近い正例と表層だけが近い負例を含む対象データで、近傍順位を測ってから採用します。 再抽出した文面と分類を照合する。,rag-guide-maintainers,,,,INCONCLUSIVE,NOT_APPLICABLE_UNPROVED,codex-primary-wave4,2026-08-15,codex-independent-wave4,2026-08-15,FINAL_TWO_REVIEWER_APPROVED
SENT-1025,52bebecfb2a435d0e7ff2efea557c5799674ded6,ベクトルの近さは、学習された表現上の類似度です。,本ガイドでは、ベクトルの近さを、学習済み表現上の類似度を表す値として用い、文章の真偽や情報源の信頼度とは区別します。,NL_PROPOSITION(ベクトルの近さは、学習された表現上の類似度です。),UNFORMALIZED,general_technical_claim,UNCLASSIFIED,3.6.1 (docs/3.回答に使う資料を準備する/3.6.Embedding設計.md:15); authoritative docs commit 52bebecfb2a435d0e7ff2efea557c5799674ded6,,,DEFINITION_OR_SPEC,,,,APPROPRIATE_NORMATIVE,本ガイドでは、ベクトルの近さを、学習済み表現上の類似度を表す値として用い、文章の真偽や情報源の信頼度とは区別するという局所定義は、本文・図表・台帳で同じ対象を指すために使います。本文、図表、schema、評価台帳で同じ対象、単位、入出力を使用し、異なる意味で使う箇所がrepository内検索でゼロ件であることを確認する。 適用境界では、当該規則が公式標準または製品仕様の同名語と異なる場合はローカル定義であることと対応関係を併記し、公式語の意味を上書きしない。 用語や工程の一貫性と外部仕様と異なる場合の併記を検査できるため、APPROPRIATE_NORMATIVEです。,本ガイドでは、ベクトルの近さを、学習済み表現上の類似度を表す値として用い、文章の真偽や情報源の信頼度とは区別することを定める用語・工程定義について、本文、図表、schema、評価台帳で同じ対象、単位、入出力を使用し、異なる意味で使う箇所がrepository内検索でゼロ件であることを確認する。,本ガイドでは、ベクトルの近さを、学習済み表現上の類似度を表す値として用い、文章の真偽や情報源の信頼度とは区別することを定める用語・工程定義の例外として、当該規則が公式標準または製品仕様の同名語と異なる場合はローカル定義であることと対応関係を併記し、公式語の意味を上書きしない。,NOT_APPLICABLE,3.6.1 (docs/3.回答に使う資料を準備する/3.6.Embedding設計.md:15); authoritative docs commit 52bebecfb2a435d0e7ff2efea557c5799674ded6 の現文を次の文へ置換する: 本ガイドでは、ベクトルの近さを、学習済み表現上の類似度を表す値として用い、文章の真偽や情報源の信頼度とは区別します。 再抽出した文面と分類を照合する。,rag-guide-maintainers,,,,INCONCLUSIVE,NOT_APPLICABLE_UNPROVED,codex-primary-wave4,2026-08-15,codex-independent-wave4,2026-08-15,FINAL_TWO_REVIEWER_APPROVED
SENT-1028,52bebecfb2a435d0e7ff2efea557c5799674ded6,図3-3は、左側で文章をベクトルへ変換し、右側で質問に近い文書を候補として選ぶ流れを示します。,図3-3は、左側で文章をベクトルへ変換し、右側で質問に近い文書を候補として選ぶ流れとして読みます。,NL_PROPOSITION(図3-3は、左側で文章をベクトルへ変換し、右側で質問に近い文書を候補として選ぶ流れを示します。),UNFORMALIZED,general_technical_claim,UNCLASSIFIED,3.6.1 (docs/3.回答に使う資料を準備する/3.6.Embedding設計.md:19); authoritative docs commit 52bebecfb2a435d0e7ff2efea557c5799674ded6,,,DEFINITION_OR_SPEC,,,,APPROPRIATE_NORMATIVE,図3-3は、左側で文章をベクトルへ変換し、右側で質問に近い文書を候補として選ぶ流れとして読むという検索経路は、候補の収集・統合・選択を再現可能にするガイド内の決定です。図3-3の左側にtext入力とvector変換、右側にquery vectorと候補document選択を表示し、本文中の同名工程・入出力と矢印方向が一致することを確認する。 さらに、概念図ではindex構築やrerankingを省略できるが、省略した工程を図3-3が実装済みでないと誤読させない注記を付ける。 この扱いを例外として記録します。 検索結果の合格条件と別経路へ切り替える条件が検査できるため、APPROPRIATE_NORMATIVEです。,図3-3の左側にtext入力とvector変換、右側にquery vectorと候補document選択を表示し、本文中の同名工程・入出力と矢印方向が一致することを確認する。,概念図ではindex構築やrerankingを省略できるが、省略した工程を図3-3が実装済みでないと誤読させない注記を付ける。,NOT_APPLICABLE,3.6.1 (docs/3.回答に使う資料を準備する/3.6.Embedding設計.md:19); authoritative docs commit 52bebecfb2a435d0e7ff2efea557c5799674ded6 の現文を次の文へ置換する: 図3-3は、左側で文章をベクトルへ変換し、右側で質問に近い文書を候補として選ぶ流れとして読みます。 再抽出した文面と分類を照合する。,rag-guide-maintainers,,,,INCONCLUSIVE,NOT_APPLICABLE_UNPROVED,codex-primary-wave4,2026-08-15,codex-independent-wave4,2026-08-15,FINAL_TWO_REVIEWER_APPROVED
SENT-1031,52bebecfb2a435d0e7ff2efea557c5799674ded6,埋め込みは文章をベクトル空間へ写し、ベクトル間の距離を近さの指標として使います。,本ガイドでは、埋め込みで文章をベクトル空間へ写し、ベクトル間の距離を近さの指標として用います。,NL_PROPOSITION(埋め込みは文章をベクトル空間へ写し、ベクトル間の距離を近さの指標として使います。),UNFORMALIZED,general_technical_claim,UNCLASSIFIED,3.6.1 (docs/3.回答に使う資料を準備する/3.6.Embedding設計.md:22); authoritative docs commit 52bebecfb2a435d0e7ff2efea557c5799674ded6,,,DEFINITION_OR_SPEC,,,,APPROPRIATE_NORMATIVE,本ガイドでは、埋め込みで文章をベクトル空間へ写し、ベクトル間の距離を近さの指標として用いるという採否判断は、比較対象と合格条件を実行結果で識別するために置きます。本文、図表、schema、評価台帳で同じ対象、単位、入出力を使用し、異なる意味で使う箇所がrepository内検索でゼロ件であることを確認する。 適用境界では、当該規則が公式標準または製品仕様の同名語と異なる場合はローカル定義であることと対応関係を併記し、公式語の意味を上書きしない。 同じ条件での比較と採用しない条件を両方記録できるため、APPROPRIATE_NORMATIVEです。,本ガイドでは、埋め込みで文章をベクトル空間へ写し、ベクトル間の距離を近さの指標として用いることを定める評価・採否規則について、本文、図表、schema、評価台帳で同じ対象、単位、入出力を使用し、異なる意味で使う箇所がrepository内検索でゼロ件であることを確認する。,本ガイドでは、埋め込みで文章をベクトル空間へ写し、ベクトル間の距離を近さの指標として用いることを定める評価・採否規則の例外として、当該規則が公式標準または製品仕様の同名語と異なる場合はローカル定義であることと対応関係を併記し、公式語の意味を上書きしない。,NOT_APPLICABLE,3.6.1 (docs/3.回答に使う資料を準備する/3.6.Embedding設計.md:22); authoritative docs commit 52bebecfb2a435d0e7ff2efea557c5799674ded6 の現文を次の文へ置換する: 本ガイドでは、埋め込みで文章をベクトル空間へ写し、ベクトル間の距離を近さの指標として用います。 再抽出した文面と分類を照合する。,rag-guide-maintainers,,,,INCONCLUSIVE,NOT_APPLICABLE_UNPROVED,codex-primary-wave4,2026-08-15,codex-independent-wave4,2026-08-15,FINAL_TWO_REVIEWER_APPROVED
SENT-1035,52bebecfb2a435d0e7ff2efea557c5799674ded6,Sentence-BERTは同種のエンコーダーを共有する構成を扱い、DPRは質問と文書用のエンコーダーを質問応答向けに学習しました。,共有encoder型と質問・文書別encoder型を別候補として実装し、同じcorpusとqueryでRecall、index時間、query latencyを比較します。,NL_PROPOSITION(Sentence-BERTは同種のエンコーダーを共有する構成を扱い、DPRは質問と文書用のエンコーダーを質問応答向けに学習しました。),UNFORMALIZED,concrete_technology_claim,UNCLASSIFIED,3.6.1 (docs/3.回答に使う資料を準備する/3.6.Embedding設計.md:32); authoritative docs commit 52bebecfb2a435d0e7ff2efea557c5799674ded6,,,DEFINITION_OR_SPEC,,UNFORMALIZED_NATURAL_LANGUAGE_CLAIM,NOT_APPLICABLE,REWRITE_REQUIRED,「共有encoder型と質問・文書別encoder型を別候補として実装し」の検討では、根拠未確認のUNFORMALIZED_NATURAL_LANGUAGE_CLAIMを、観測可能な処理規則へ置き換えました。共有encoder型と質問・文書別encoder型を別候補として実装し、同じcorpusとqueryでRecall、index時間、query latencyを比較します。 修正文が具体化する対象は「共有encoder型と質問・文書別encoder型を別候補として実装し」です。「共有encoder型と質問・文書別encoder型を別候補として実装し」の証拠境界として、元命題にある未確定の関係はUNFORMALIZED_NATURAL_LANGUAGE_CLAIMの裏付けを欠くため、実装規則とは分離します。「共有encoder型と質問・文書別encoder型を別候補として実装し」の採否について、UNFORMALIZED_NATURAL_LANGUAGE_CLAIMの実装情報を残しながら未支持関係を除くため、書換えを要求します。,NOT_APPLICABLE_NON_NORMATIVE,NOT_APPLICABLE_NON_NORMATIVE,NOT_APPLICABLE,3.6.1 (docs/3.回答に使う資料を準備する/3.6.Embedding設計.md:32); authoritative docs commit 52bebecfb2a435d0e7ff2efea557c5799674ded6 の現文を次の文へ置換する: 共有encoder型と質問・文書別encoder型を別候補として実装し、同じcorpusとqueryでRecall、index時間、query latencyを比較します。 再抽出した文面と分類を照合する。,rag-guide-maintainers,,,,INCONCLUSIVE,NOT_APPLICABLE_UNPROVED,codex-primary-wave4,2026-08-15,codex-independent-wave4,2026-08-15,FINAL_TWO_REVIEWER_APPROVED
SENT-1036,52bebecfb2a435d0e7ff2efea557c5799674ded6,DPRでは、同じ一括処理内の別文書を負例にし、BM25が上位にした誤文書を難しい負例として利用しました。,,NL_PROPOSITION(DPRでは、同じ一括処理内の別文書を負例にし、BM25が上位にした誤文書を難しい負例として利用しました。),UNFORMALIZED,concrete_technology_claim,UNCLASSIFIED,3.6.1 (docs/3.回答に使う資料を準備する/3.6.Embedding設計.md:33); authoritative docs commit 52bebecfb2a435d0e7ff2efea557c5799674ded6,SRC-002,"https://aclanthology.org/2020.emnlp-main.550.pdf, §3.2 Training, pp. 6771–6772 (PDF pp. 2–3), lines 262–285; §5.2, p. 6774 (PDF p. 5), lines 477–502",AUTHOR_CLAIM,dense=true;dual_encoder=true;in_batch_negative=true;bm25_hard_negative=true,,,APPROPRIATE_SUPPORTED,Gold標本の二者校正で確定。両案がSUPPORTEDで一致し、DPR §3.2と§5.2でin-batch negativesおよびBM25 hard negativesを再確認した。,NOT_APPLICABLE_NON_NORMATIVE,NOT_APPLICABLE_NON_NORMATIVE,SOURCE_ASSERTED,3.6.1 (docs/3.回答に使う資料を準備する/3.6.Embedding設計.md:33); authoritative docs commit 52bebecfb2a435d0e7ff2efea557c5799674ded6 の本文を維持し、確定した一次資料locator・主張役割・外的真偽境界を台帳へ固定する。,rag-guide-maintainers,,,,INCONCLUSIVE,NOT_APPLICABLE_UNPROVED,codex-primary-wave4,2026-08-15,codex-independent-wave4,2026-08-15,FINAL_TWO_REVIEWER_APPROVED
SENT-1039,52bebecfb2a435d0e7ff2efea557c5799674ded6,その代わり、文書ベクトルを事前計算して大規模検索へ利用できます。,dual-encoder構成ではdocument vectorをofflineで事前計算し、query時の大規模候補検索へ再利用できます。,"AND(ATOM(retrieval=true), ATOM(scalability=true))",AND,general_technical_claim,できます,3.6.1 (docs/3.回答に使う資料を準備する/3.6.Embedding設計.md:37); authoritative docs commit 52bebecfb2a435d0e7ff2efea557c5799674ded6,SRC-042;SRC-043,SRC-042 https://arxiv.org/abs/1908.10084 — abstract inspected 2026-08-15; 現主張への直接locatorは未確定; SRC-043 https://arxiv.org/abs/2004.04906 — abstract inspected 2026-08-15; 現主張への直接locatorは未確定,AUTHOR_CLAIM,NONE_DIRECTLY_VERIFIED,scalability=true,NOT_APPLICABLE,REWRITE_REQUIRED,arxiv.orgのAbstractへの参照は台帳にありますが、scalabilityについて各要素と結論との直接の対応まで同時に再特定できる直接箇所が確定していません。本文に残すのは、dual-encoder構成ではdocument vectorをofflineで事前計算し、query時の大規模候補検索へ再利用できるという対象範囲です。scalabilityについて未確認の因果までは導きません。 修正文にある主体と操作対象は保ちつつ、直接根拠を越える各要素と結論との直接の対応を落とす差分なので、REWRITE_REQUIREDと判定します。,NOT_APPLICABLE_NON_NORMATIVE,NOT_APPLICABLE_NON_NORMATIVE,UNVERIFIED,3.6.1 (docs/3.回答に使う資料を準備する/3.6.Embedding設計.md:37); authoritative docs commit 52bebecfb2a435d0e7ff2efea557c5799674ded6 の現文を次の文へ置換する: dual-encoder構成ではdocument vectorをofflineで事前計算し、query時の大規模候補検索へ再利用できます。 再抽出した文面と分類を照合する。,rag-guide-maintainers,,,,INCONCLUSIVE,NOT_APPLICABLE_UNPROVED,codex-primary-wave4,2026-08-15,codex-independent-wave4,2026-08-15,FINAL_TWO_REVIEWER_APPROVED
SENT-1040,52bebecfb2a435d0e7ff2efea557c5799674ded6,二塔型を第一段階の候補収集へ使い、クロスエンコーダーを少数候補の再順位付けへ使う役割分担が可能です。,,"AND(ATOM(dual_encoder=true), ATOM(rerank=true))",AND,general_technical_claim,可能,3.6.1 (docs/3.回答に使う資料を準備する/3.6.Embedding設計.md:38); authoritative docs commit 52bebecfb2a435d0e7ff2efea557c5799674ded6,,,DEFINITION_OR_SPEC,,,,APPROPRIATE_NORMATIVE,二塔型を第一段階の候補収集へ使い、クロスエンコーダーを少数候補の再順位付けへ使う役割分担が可能であるという検索経路は、候補の収集・統合・選択を再現可能にするガイド内の決定です。この規則の統合規則をversion管理し、複数retrieverが返す既知rank listから期待するcandidate順序を再現し、生scoreの無条件加算や重複candidateが発生しないことを確認する。 さらに、この規則と異なる統合方式はcalibration済みscoreまたは別rerankerとしてversion管理できるが、未調整の異尺度scoreを黙って直接加算しない。 この扱いを例外として記録します。 検索結果の合格条件と別経路へ切り替える条件が検査できるため、APPROPRIATE_NORMATIVEです。,二塔型を第一段階の候補収集へ使い、クロスエンコーダーを少数候補の再順位付けへ使う役割分担が可能であることを定める検索・経路選択規則について、この規則の統合規則をversion管理し、複数retrieverが返す既知rank listから期待するcandidate順序を再現し、生scoreの無条件加算や重複candidateが発生しないことを確認する。,二塔型を第一段階の候補収集へ使い、クロスエンコーダーを少数候補の再順位付けへ使う役割分担が可能であることを定める検索・経路選択規則の例外として、この規則と異なる統合方式はcalibration済みscoreまたは別rerankerとしてversion管理できるが、未調整の異尺度scoreを黙って直接加算しない。,NOT_APPLICABLE,3.6.1 (docs/3.回答に使う資料を準備する/3.6.Embedding設計.md:38); authoritative docs commit 52bebecfb2a435d0e7ff2efea557c5799674ded6 の本文を維持し、normative_criteriaとexceptionsを設計台帳へ固定する。,rag-guide-maintainers,,,,INCONCLUSIVE,NOT_APPLICABLE_UNPROVED,codex-primary-wave4,2026-08-15,codex-independent-wave4,2026-08-15,FINAL_TWO_REVIEWER_APPROVED
SENT-1042,52bebecfb2a435d0e7ff2efea557c5799674ded6,同じ「類似度スコア」という名前でも、値の範囲、大小の意味、埋め込みモデルの学習条件が異なります。,類似度scoreを統合するときは、検索器ごとに値域、大小方向、正規化、embedding model、metricをmanifestへ記録します。,NOT(ATOM(embedding_model=true)),NOT,general_technical_claim,UNCLASSIFIED,3.6.2 (docs/3.回答に使う資料を準備する/3.6.Embedding設計.md:43); authoritative docs commit 52bebecfb2a435d0e7ff2efea557c5799674ded6,,,DEFINITION_OR_SPEC,,embedding_model=true,NOT,REWRITE_REQUIRED,「類似度scoreを統合するとき」の検討では、否定関係が表す設計意図を、入力・処理・結果が追える形に限定します。「類似度scoreを統合するとき」の証拠境界として、根拠台帳にはembedding_model=trueを支えるlocatorがなく、元の否定関係を一般化しない判断です。類似度scoreを統合するときは、検索器ごとに値域、大小方向、正規化、embedding model、metricをmanifestへ記録します。 修正文が具体化する対象は「類似度scoreを統合するとき」です。「類似度scoreを統合するとき」の採否について、embedding_model=trueから未支持部分を除いて実装可能性を保つには書換えが必要です。,NOT_APPLICABLE_NON_NORMATIVE,NOT_APPLICABLE_NON_NORMATIVE,NOT_APPLICABLE,3.6.2 (docs/3.回答に使う資料を準備する/3.6.Embedding設計.md:43); authoritative docs commit 52bebecfb2a435d0e7ff2efea557c5799674ded6 の現文を次の文へ置換する: 類似度scoreを統合するときは、検索器ごとに値域、大小方向、正規化、embedding model、metricをmanifestへ記録します。 再抽出した文面と分類を照合する。,rag-guide-maintainers,,,,INCONCLUSIVE,NOT_APPLICABLE_UNPROVED,codex-primary-wave4,2026-08-15,codex-independent-wave4,2026-08-15,FINAL_TWO_REVIEWER_APPROVED
SENT-1044,52bebecfb2a435d0e7ff2efea557c5799674ded6,ベクトルの長さを1に揃えるL2正規化を行った場合、コサイン類似度と内積の順位が同じになる条件があります。,L2正規化後のvectorについてcosineとinner productの順位一致を固定queryで検査し、不一致ならmetricまたは実装差として停止します。,NL_PROPOSITION(ベクトルの長さを1に揃えるL2正規化を行った場合、コサイン類似度と内積の順位が同じになる条件があります。),UNFORMALIZED,general_technical_claim,UNCLASSIFIED,3.6.2 (docs/3.回答に使う資料を準備する/3.6.Embedding設計.md:46); authoritative docs commit 52bebecfb2a435d0e7ff2efea557c5799674ded6,,,DEFINITION_OR_SPEC,,UNFORMALIZED_NATURAL_LANGUAGE_CLAIM,UNFORMALIZED,REWRITE_REQUIRED,「L2正規化後のvectorについてcosineとinner productの順位一致を固定queryで検査し」の証拠境界として、未形式化の関係として表現されたUNFORMALIZED_NATURAL_LANGUAGE_CLAIMは未検証なので、本文では局所挙動だけを扱います。L2正規化後のvectorについてcosineとinner productの順位一致を固定queryで検査し、不一致ならmetricまたは実装差として停止します。 修正文が具体化する対象は「L2正規化後のvectorについてcosineとinner productの順位一致を固定queryで検査し」です。「L2正規化後のvectorについてcosineとinner productの順位一致を固定queryで検査し」の検討では、UNFORMALIZED_NATURAL_LANGUAGE_CLAIMを一般的な効果として説明せず、ガイド内で実行する処理へ焦点を移しました。「L2正規化後のvectorについてcosineとinner productの順位一致を固定queryで検査し」の採否について、UNFORMALIZED_NATURAL_LANGUAGE_CLAIMから未支持部分を除いて実装可能性を保つには書換えが必要です。,NOT_APPLICABLE_NON_NORMATIVE,NOT_APPLICABLE_NON_NORMATIVE,NOT_APPLICABLE,3.6.2 (docs/3.回答に使う資料を準備する/3.6.Embedding設計.md:46); authoritative docs commit 52bebecfb2a435d0e7ff2efea557c5799674ded6 の現文を次の文へ置換する: L2正規化後のvectorについてcosineとinner productの順位一致を固定queryで検査し、不一致ならmetricまたは実装差として停止します。 再抽出した文面と分類を照合する。,rag-guide-maintainers,,,,INCONCLUSIVE,NOT_APPLICABLE_UNPROVED,codex-primary-wave4,2026-08-15,codex-independent-wave4,2026-08-15,FINAL_TWO_REVIEWER_APPROVED
SENT-1057,52bebecfb2a435d0e7ff2efea557c5799674ded6,MTEB（Massive Text Embedding Benchmark、大規模テキスト埋め込みベンチマーク）は、多様なタスクと言語で埋め込みモデルの性能が一様ではないことを示します。,MTEB（Massive Text Embedding Benchmark）は、同ベンチマークが評価したタスク、言語、モデルの範囲で、埋め込みモデル間の順位が一様でない結果を報告しています。,"NOT(AND(AND(AND(ATOM(evaluation=true), ATOM(benchmark=true)), ATOM(scalability=true)), ATOM(embedding_model=true)))",NOT,externally_cited_claim,UNCLASSIFIED,3.6.3 (docs/3.回答に使う資料を準備する/3.6.Embedding設計.md:67); authoritative docs commit 52bebecfb2a435d0e7ff2efea557c5799674ded6,SRC-044,SRC-044 https://arxiv.org/abs/2210.07316 — abstract inspected 2026-08-15; 現主張への直接locatorは未確定,AUTHOR_CLAIM,NONE_DIRECTLY_VERIFIED,embedding_model=true;scalability=true,NOT,REWRITE_REQUIRED,arxiv.orgのAbstractへの参照は台帳にありますが、embedding_model、scalabilityについて否定関係まで同時に再特定できる直接箇所が確定していません。資料の帰属範囲をMTEB（Massive Text Embedding Benchmark）は、同ベンチマークが評価したタスク、言語、モデルの範囲で、埋め込みモデル間の順位が一様でない結果を報告しているという限定まで狭め、候補URLの存在だけで機序や結果を補わない文へ変更します。 修正文にある主体と操作対象は保ちつつ、直接根拠を越える否定関係を落とす差分なので、REWRITE_REQUIREDと判定します。,NOT_APPLICABLE_NON_NORMATIVE,NOT_APPLICABLE_NON_NORMATIVE,UNVERIFIED,3.6.3 (docs/3.回答に使う資料を準備する/3.6.Embedding設計.md:67); authoritative docs commit 52bebecfb2a435d0e7ff2efea557c5799674ded6 の現文を次の文へ置換する: MTEB（Massive Text Embedding Benchmark）は、同ベンチマークが評価したタスク、言語、モデルの範囲で、埋め込みモデル間の順位が一様でない結果を報告しています。 再抽出した文面と分類を照合する。,rag-guide-maintainers,,,,INCONCLUSIVE,NOT_APPLICABLE_UNPROVED,codex-primary-wave4,2026-08-15,codex-independent-wave4,2026-08-15,FINAL_TWO_REVIEWER_APPROVED
SENT-1062,52bebecfb2a435d0e7ff2efea557c5799674ded6,共通の条件で比較する公開評価（ベンチマーク）で上位のモデルが、社内略語、法令、コード、日英混在文書でも最良とは限りません。,MTEBで上位のモデルも、社内略語、法令、コード、日英混在文書を含む対象業務のgold queryで再比較してから採用します。,"NOT(AND(ATOM(evaluation=true), ATOM(benchmark=true)))",NOT,empirical_or_research_claim,UNCLASSIFIED,3.6.3 (docs/3.回答に使う資料を準備する/3.6.Embedding設計.md:74); authoritative docs commit 52bebecfb2a435d0e7ff2efea557c5799674ded6,SRC-044,SRC-044 https://arxiv.org/abs/2210.07316 — abstract inspected 2026-08-15; 現主張への直接locatorは未確定,EMPIRICAL_RESULT,NONE_DIRECTLY_VERIFIED,benchmark=true;evaluation=true,NOT,REWRITE_REQUIRED,arxiv.orgのAbstractへの参照は台帳にありますが、benchmark、evaluationについて否定関係まで同時に再特定できる直接箇所が確定していません。MTEBで上位のモデルも、社内略語、法令、コード、日英混在文書を含む対象業務のgold queryで再比較してから採用するという範囲まで対象と条件を絞り、未確認の効果や一般化を実験結果のように読ませない文面にします。 修正文にある主体と操作対象は保ちつつ、直接根拠を越える否定関係を落とす差分なので、REWRITE_REQUIREDと判定します。,NOT_APPLICABLE_NON_NORMATIVE,NOT_APPLICABLE_NON_NORMATIVE,UNVERIFIED,3.6.3 (docs/3.回答に使う資料を準備する/3.6.Embedding設計.md:74); authoritative docs commit 52bebecfb2a435d0e7ff2efea557c5799674ded6 の現文を次の文へ置換する: MTEBで上位のモデルも、社内略語、法令、コード、日英混在文書を含む対象業務のgold queryで再比較してから採用します。 再抽出した文面と分類を照合する。,rag-guide-maintainers,,,,INCONCLUSIVE,NOT_APPLICABLE_UNPROVED,codex-primary-wave4,2026-08-15,codex-independent-wave4,2026-08-15,FINAL_TWO_REVIEWER_APPROVED
SENT-1063,52bebecfb2a435d0e7ff2efea557c5799674ded6,MTEBは、検索、分類、意味類似など多様なタスクと言語で埋め込みモデルを評価する枠組みです。,MTEBは、収録した検索、分類、意味類似などのtaskと言語についてembedding modelを同じ枠組みで評価するbenchmarkです。,"AND(AND(ATOM(retrieval=true), ATOM(evaluation=true)), ATOM(embedding_model=true))",AND,externally_cited_claim,UNCLASSIFIED,3.6.3 (docs/3.回答に使う資料を準備する/3.6.Embedding設計.md:75); authoritative docs commit 52bebecfb2a435d0e7ff2efea557c5799674ded6,SRC-044,SRC-044 https://arxiv.org/abs/2210.07316 — abstract inspected 2026-08-15; 現主張への直接locatorは未確定,AUTHOR_CLAIM,NONE_DIRECTLY_VERIFIED,embedding_model=true,NOT_APPLICABLE,REWRITE_REQUIRED,arxiv.orgのAbstractへの参照は台帳にありますが、embedding_modelについて各要素と結論との直接の対応まで同時に再特定できる直接箇所が確定していません。資料の帰属範囲をMTEBは、収録した検索、分類、意味類似などのtaskと言語についてembedding modelを同じ枠組みで評価するbenchmarkであるという限定まで狭め、候補URLの存在だけで機序や結果を補わない文へ変更します。 修正文にある主体と操作対象は保ちつつ、直接根拠を越える各要素と結論との直接の対応を落とす差分なので、REWRITE_REQUIREDと判定します。,NOT_APPLICABLE_NON_NORMATIVE,NOT_APPLICABLE_NON_NORMATIVE,UNVERIFIED,3.6.3 (docs/3.回答に使う資料を準備する/3.6.Embedding設計.md:75); authoritative docs commit 52bebecfb2a435d0e7ff2efea557c5799674ded6 の現文を次の文へ置換する: MTEBは、収録した検索、分類、意味類似などのtaskと言語についてembedding modelを同じ枠組みで評価するbenchmarkです。 再抽出した文面と分類を照合する。,rag-guide-maintainers,,,,INCONCLUSIVE,NOT_APPLICABLE_UNPROVED,codex-primary-wave4,2026-08-15,codex-independent-wave4,2026-08-15,FINAL_TWO_REVIEWER_APPROVED
SENT-1064,52bebecfb2a435d0e7ff2efea557c5799674ded6,タスクによってモデルの順位が変わるため、一般ベンチマークは候補を絞るために利用します。,,"AND(AND(ATOM(output_subset=true), ATOM(evaluation=true)), ATOM(benchmark=true))",AND,empirical_or_research_claim,UNCLASSIFIED,3.6.3 (docs/3.回答に使う資料を準備する/3.6.Embedding設計.md:76); authoritative docs commit 52bebecfb2a435d0e7ff2efea557c5799674ded6,,,DEFINITION_OR_SPEC,,,,APPROPRIATE_NORMATIVE,タスクによってモデルの順位が変わるため、一般ベンチマークは候補を絞るために利用するという検索経路は、候補の収集・統合・選択を再現可能にするガイド内の決定です。一般benchmarkの順位は候補modelの絞り込みにだけ用い、採用modelは対象業務のquery、document、言語、失敗sliceを含む同一gold setで再評価して決める。 適用境界では、対象業務がbenchmarkのdataset・task・言語と一致する場合も、利用時のlatency、cost、license条件の確認は省略しない。 検索結果の合格条件と別経路へ切り替える条件が検査できるため、APPROPRIATE_NORMATIVEです。,一般benchmarkの順位は候補modelの絞り込みにだけ用い、採用modelは対象業務のquery、document、言語、失敗sliceを含む同一gold setで再評価して決める。,対象業務がbenchmarkのdataset・task・言語と一致する場合も、利用時のlatency、cost、license条件の確認は省略しない。,NOT_APPLICABLE,3.6.3 (docs/3.回答に使う資料を準備する/3.6.Embedding設計.md:76); authoritative docs commit 52bebecfb2a435d0e7ff2efea557c5799674ded6 の本文を維持し、normative_criteriaとexceptionsを設計台帳へ固定する。,rag-guide-maintainers,,,,INCONCLUSIVE,NOT_APPLICABLE_UNPROVED,codex-primary-wave4,2026-08-15,codex-independent-wave4,2026-08-15,FINAL_TWO_REVIEWER_APPROVED
SENT-1073,52bebecfb2a435d0e7ff2efea557c5799674ded6,「利用できます」と「利用できません」のような否定差も、単一ベクトルでは近くなる可能性があります。,『利用できます』と『利用できません』のような否定差が単一ベクトルで近くなる頻度と検索順位への影響を、否定対を含む対象データで測定します。,NOT(ATOM(dense=true)),NOT,general_technical_claim,できます;可能,3.6.4 (docs/3.回答に使う資料を準備する/3.6.Embedding設計.md:90); authoritative docs commit 52bebecfb2a435d0e7ff2efea557c5799674ded6,SRC-045,SRC-045 https://arxiv.org/abs/2004.12832 — abstract inspected 2026-08-15; 現主張への直接locatorは未確定,AUTHOR_CLAIM,NONE_DIRECTLY_VERIFIED,dense=true,NOT,REWRITE_REQUIRED,arxiv.orgのAbstractへの参照は台帳にありますが、denseについて否定関係まで同時に再特定できる直接箇所が確定していません。本文に残すのは、『利用できます』と『利用できません』のような否定差が単一ベクトルで近くなる頻度と検索順位への影響を、否定対を含む対象データで測定するという対象範囲です。denseについて未確認の因果までは導きません。 修正文にある主体と操作対象は保ちつつ、直接根拠を越える否定関係を落とす差分なので、REWRITE_REQUIREDと判定します。,NOT_APPLICABLE_NON_NORMATIVE,NOT_APPLICABLE_NON_NORMATIVE,UNVERIFIED,3.6.4 (docs/3.回答に使う資料を準備する/3.6.Embedding設計.md:90); authoritative docs commit 52bebecfb2a435d0e7ff2efea557c5799674ded6 の現文を次の文へ置換する: 『利用できます』と『利用できません』のような否定差が単一ベクトルで近くなる頻度と検索順位への影響を、否定対を含む対象データで測定します。 再抽出した文面と分類を照合する。,rag-guide-maintainers,,,,INCONCLUSIVE,NOT_APPLICABLE_UNPROVED,codex-primary-wave4,2026-08-15,codex-independent-wave4,2026-08-15,FINAL_TWO_REVIEWER_APPROVED
SENT-1075,52bebecfb2a435d0e7ff2efea557c5799674ded6,密検索だけがすべての質問で優位ではありません。,密検索単独を既定採用せず、識別子、言い換え、表、長文のquery sliceごとに疎検索とRecallを比較します。,"NOT(AND(ATOM(dense=true), ATOM(retrieval=true)))",NOT,general_technical_claim,UNCLASSIFIED,3.6.4 (docs/3.回答に使う資料を準備する/3.6.Embedding設計.md:93); authoritative docs commit 52bebecfb2a435d0e7ff2efea557c5799674ded6,,,DEFINITION_OR_SPEC,,dense=true;retrieval=true,NOT,REWRITE_REQUIRED,「密検索単独を既定採用せず」の検討では、dense=true、retrieval=trueに関して本文へ残す内容を、実行または記録で確認できる範囲まで絞りました。「密検索単独を既定採用せず」の証拠境界として、dense=true、retrieval=trueをめぐる否定関係には確定locatorがなく、本文の主語と適用先を局所化しました。密検索単独を既定採用せず、識別子、言い換え、表、長文のquery sliceごとに疎検索とRecallを比較します。 修正文が具体化する対象は「密検索単独を既定採用せず」です。「密検索単独を既定採用せず」の採否について、否定関係に対するこの限定なら主体と対象を保てるので、削除ではなくREWRITE_REQUIREDです。,NOT_APPLICABLE_NON_NORMATIVE,NOT_APPLICABLE_NON_NORMATIVE,NOT_APPLICABLE,3.6.4 (docs/3.回答に使う資料を準備する/3.6.Embedding設計.md:93); authoritative docs commit 52bebecfb2a435d0e7ff2efea557c5799674ded6 の現文を次の文へ置換する: 密検索単独を既定採用せず、識別子、言い換え、表、長文のquery sliceごとに疎検索とRecallを比較します。 再抽出した文面と分類を照合する。,rag-guide-maintainers,,,,INCONCLUSIVE,NOT_APPLICABLE_UNPROVED,codex-primary-wave4,2026-08-15,codex-independent-wave4,2026-08-15,FINAL_TWO_REVIEWER_APPROVED
SENT-1077,52bebecfb2a435d0e7ff2efea557c5799674ded6,長いチャンクを一つのベクトルへまとめると、複数の話題や表の細かな値が圧縮されます。,長いチャンクを単一vectorへ圧縮する候補は、話題数と表セルの正解span保持率を測り、多vector方式と比較します。,"AND(ATOM(compressed_vectors=true), ATOM(compression=true))",AND,general_technical_claim,UNCLASSIFIED,3.6.4 (docs/3.回答に使う資料を準備する/3.6.Embedding設計.md:96); authoritative docs commit 52bebecfb2a435d0e7ff2efea557c5799674ded6,,,DEFINITION_OR_SPEC,,compressed_vectors=true;compression=true,NOT_APPLICABLE,REWRITE_REQUIRED,「長いチャンクを単一vectorへ圧縮する候補」の証拠境界として、未確認なのはcompressed_vectors=true、compression=trueを結ぶ未確定の関係であり、修正文はその外挿を避けています。長いチャンクを単一vectorへ圧縮する候補は、話題数と表セルの正解span保持率を測り、多vector方式と比較します。 修正文が具体化する対象は「長いチャンクを単一vectorへ圧縮する候補」です。「長いチャンクを単一vectorへ圧縮する候補」の検討では、未確定の関係を含む元文から採用するのは、再現可能な局所手順に限ります。「長いチャンクを単一vectorへ圧縮する候補」の採否について、未確定の関係の意味を外挿せず証拠境界を正す変更なので、判定はREWRITE_REQUIREDです。,NOT_APPLICABLE_NON_NORMATIVE,NOT_APPLICABLE_NON_NORMATIVE,NOT_APPLICABLE,3.6.4 (docs/3.回答に使う資料を準備する/3.6.Embedding設計.md:96); authoritative docs commit 52bebecfb2a435d0e7ff2efea557c5799674ded6 の現文を次の文へ置換する: 長いチャンクを単一vectorへ圧縮する候補は、話題数と表セルの正解span保持率を測り、多vector方式と比較します。 再抽出した文面と分類を照合する。,rag-guide-maintainers,,,,INCONCLUSIVE,NOT_APPLICABLE_UNPROVED,codex-primary-wave4,2026-08-15,codex-independent-wave4,2026-08-15,FINAL_TWO_REVIEWER_APPROVED
SENT-1079,52bebecfb2a435d0e7ff2efea557c5799674ded6,単一ベクトルと多ベクトルには、検索品質、保存量、応答時間の違いがあります。,単一vector方式と多vector方式は、同じ文書・queryでRecall、保存byte、p95 latencyを測って選びます。,"AND(AND(AND(AND(ATOM(dense=true), ATOM(recall_latency_tradeoff=true)), ATOM(retrieval=true)), ATOM(temporal_freshness=true)), ATOM(latency=true))",AND,general_technical_claim,UNCLASSIFIED,3.6.4 (docs/3.回答に使う資料を準備する/3.6.Embedding設計.md:98); authoritative docs commit 52bebecfb2a435d0e7ff2efea557c5799674ded6,,,DEFINITION_OR_SPEC,,latency=true;recall_latency_tradeoff=true;temporal_freshness=true,NOT_APPLICABLE,REWRITE_REQUIRED,「単一vector方式と多vector方式」の証拠境界として、未確定の関係として表現されたlatency=true、recall_latency_tradeoff=true、temporal_freshness=trueは未検証なので、本文では局所挙動だけを扱います。単一vector方式と多vector方式は、同じ文書・queryでRecall、保存byte、p95 latencyを測って選びます。 修正文が具体化する対象は「単一vector方式と多vector方式」です。「単一vector方式と多vector方式」の検討では、latency=true、recall_latency_tradeoff=true、temporal_freshness=trueの趣旨は保ちつつ、検査できる実装条件へ範囲を狭めています。「単一vector方式と多vector方式」の採否について、latency=true、recall_latency_tradeoff=true、temporal_freshness=trueから未支持部分を除いて実装可能性を保つには書換えが必要です。,NOT_APPLICABLE_NON_NORMATIVE,NOT_APPLICABLE_NON_NORMATIVE,NOT_APPLICABLE,3.6.4 (docs/3.回答に使う資料を準備する/3.6.Embedding設計.md:98); authoritative docs commit 52bebecfb2a435d0e7ff2efea557c5799674ded6 の現文を次の文へ置換する: 単一vector方式と多vector方式は、同じ文書・queryでRecall、保存byte、p95 latencyを測って選びます。 再抽出した文面と分類を照合する。,rag-guide-maintainers,,,,INCONCLUSIVE,NOT_APPLICABLE_UNPROVED,codex-primary-wave4,2026-08-15,codex-independent-wave4,2026-08-15,FINAL_TWO_REVIEWER_APPROVED
SENT-1081,52bebecfb2a435d0e7ff2efea557c5799674ded6,チャンクが長いほど、一つのベクトルへ複数の意味が混ざります。,チャンクを長くしたときに一つのベクトルへ複数の意味が混在して検索品質へ影響するかを、長さ以外の条件を固定して比較します。,NL_PROPOSITION(チャンクが長いほど、一つのベクトルへ複数の意味が混ざります。),UNFORMALIZED,general_technical_claim,UNCLASSIFIED,3.6.4 (docs/3.回答に使う資料を準備する/3.6.Embedding設計.md:102); authoritative docs commit 52bebecfb2a435d0e7ff2efea557c5799674ded6,SRC-002;SRC-005;SRC-009;SRC-010;SRC-011,SRC-002 https://aclanthology.org/2020.emnlp-main.550/ — abstract inspected 2026-08-15; 現主張への直接locatorは未確定; SRC-005 https://doi.org/10.1561/1500000019 — primary_page inspected 2026-08-15; 現主張への直接locatorは未確定; SRC-009 https://dl.acm.org/doi/10.1145/3411764.3445518 — primary_page inspected 2026-08-15; 現主張への直接locatorは未確定,AUTHOR_CLAIM,NONE_DIRECTLY_VERIFIED,UNFORMALIZED_NATURAL_LANGUAGE_CLAIM,NOT_APPLICABLE,REWRITE_REQUIRED,aclanthology.org・doi.orgのAbstractへの参照は台帳にありますが、原文の未形式化主張について各要素と結論との直接の対応まで同時に再特定できる直接箇所が確定していません。本文に残すのは、チャンクを長くしたときに一つのベクトルへ複数の意味が混在して検索品質へ影響するかを、長さ以外の条件を固定して比較するという対象範囲です。原文の未形式化主張について未確認の因果までは導きません。 修正文にある主体と操作対象は保ちつつ、直接根拠を越える各要素と結論との直接の対応を落とす差分なので、REWRITE_REQUIREDと判定します。,NOT_APPLICABLE_NON_NORMATIVE,NOT_APPLICABLE_NON_NORMATIVE,UNVERIFIED,3.6.4 (docs/3.回答に使う資料を準備する/3.6.Embedding設計.md:102); authoritative docs commit 52bebecfb2a435d0e7ff2efea557c5799674ded6 の現文を次の文へ置換する: チャンクを長くしたときに一つのベクトルへ複数の意味が混在して検索品質へ影響するかを、長さ以外の条件を固定して比較します。 再抽出した文面と分類を照合する。,rag-guide-maintainers,,,,INCONCLUSIVE,NOT_APPLICABLE_UNPROVED,codex-primary-wave4,2026-08-15,codex-independent-wave4,2026-08-15,FINAL_TWO_REVIEWER_APPROVED
SENT-1082,52bebecfb2a435d0e7ff2efea557c5799674ded6,チャンクが短いほど、前後で定義された用語、代名詞、条件を失います。,短いチャンク候補は、前節の定義、代名詞、条件節を失った正解spanの割合を測り、文脈拡張ありの候補と比較します。,NL_PROPOSITION(チャンクが短いほど、前後で定義された用語、代名詞、条件を失います。),UNFORMALIZED,general_technical_claim,UNCLASSIFIED,3.6.4 (docs/3.回答に使う資料を準備する/3.6.Embedding設計.md:103); authoritative docs commit 52bebecfb2a435d0e7ff2efea557c5799674ded6,,,DEFINITION_OR_SPEC,,UNFORMALIZED_NATURAL_LANGUAGE_CLAIM,NOT_APPLICABLE,REWRITE_REQUIRED,「短いチャンク候補」の検討では、未確定の関係を含む元文から採用するのは、再現可能な局所手順に限ります。「短いチャンク候補」の証拠境界として、未確認なのはUNFORMALIZED_NATURAL_LANGUAGE_CLAIMを結ぶ未確定の関係であり、修正文はその外挿を避けています。短いチャンク候補は、前節の定義、代名詞、条件節を失った正解spanの割合を測り、文脈拡張ありの候補と比較します。 修正文が具体化する対象は「短いチャンク候補」です。「短いチャンク候補」の採否について、未確定の関係の意味を外挿せず証拠境界を正す変更なので、判定はREWRITE_REQUIREDです。,NOT_APPLICABLE_NON_NORMATIVE,NOT_APPLICABLE_NON_NORMATIVE,NOT_APPLICABLE,3.6.4 (docs/3.回答に使う資料を準備する/3.6.Embedding設計.md:103); authoritative docs commit 52bebecfb2a435d0e7ff2efea557c5799674ded6 の現文を次の文へ置換する: 短いチャンク候補は、前節の定義、代名詞、条件節を失った正解spanの割合を測り、文脈拡張ありの候補と比較します。 再抽出した文面と分類を照合する。,rag-guide-maintainers,,,,INCONCLUSIVE,NOT_APPLICABLE_UNPROVED,codex-primary-wave4,2026-08-15,codex-independent-wave4,2026-08-15,FINAL_TWO_REVIEWER_APPROVED
SENT-1088,52bebecfb2a435d0e7ff2efea557c5799674ded6,チャンキングと埋め込みモデルを同時に変えると、改善原因を特定できません。,チャンキングと埋め込みモデルは同じ実験で同時に変更せず、一方を固定して改善原因を比較します。,"NOT(AND(ATOM(embedding_model=true), ATOM(empirical_result=true)))",NOT,empirical_or_research_claim,UNCLASSIFIED,3.6.4 (docs/3.回答に使う資料を準備する/3.6.Embedding設計.md:112); authoritative docs commit 52bebecfb2a435d0e7ff2efea557c5799674ded6,,,DEFINITION_OR_SPEC,,,,APPROPRIATE_NORMATIVE,チャンキングと埋め込みモデルは同じ実験で同時に変更せず、一方を固定して改善原因を比較するという採否判断は、比較対象と合格条件を実行結果で識別するために置きます。同じcorpus、query、gold evidence、index条件で一要素だけを変更し、Recall、nDCG、遅延、費用の差を記録する。 適用境界では、互換性上分離できないmigrationでは要因実験または追加ablationを行い、単独効果を推定できないことを明記する。 同じ条件での比較と採用しない条件を両方記録できるため、APPROPRIATE_NORMATIVEです。,同じcorpus、query、gold evidence、index条件で一要素だけを変更し、Recall、nDCG、遅延、費用の差を記録する。,互換性上分離できないmigrationでは要因実験または追加ablationを行い、単独効果を推定できないことを明記する。,NOT_APPLICABLE,3.6.4 (docs/3.回答に使う資料を準備する/3.6.Embedding設計.md:112); authoritative docs commit 52bebecfb2a435d0e7ff2efea557c5799674ded6 の現文を次の文へ置換する: チャンキングと埋め込みモデルは同じ実験で同時に変更せず、一方を固定して改善原因を比較します。 再抽出した文面と分類を照合する。,rag-guide-maintainers,,,,INCONCLUSIVE,NOT_APPLICABLE_UNPROVED,codex-primary-wave4,2026-08-15,codex-independent-wave4,2026-08-15,FINAL_TWO_REVIEWER_APPROVED
SENT-1090,52bebecfb2a435d0e7ff2efea557c5799674ded6,埋め込みの次元数は、検索品質だけでなく、保存容量、メモリ、ネットワーク転送、ANNの応答時間へ影響します。,embedding dimensionを変える実験では、Recallに加えてvector保存量、memory、転送byte、ANN p95 latencyを同時に記録します。,"AND(AND(AND(AND(ATOM(recall_latency_tradeoff=true), ATOM(retrieval=true)), ATOM(temporal_freshness=true)), ATOM(latency=true)), ATOM(dimension_contract=true))",AND,general_technical_claim,UNCLASSIFIED,3.6.5 (docs/3.回答に使う資料を準備する/3.6.Embedding設計.md:117); authoritative docs commit 52bebecfb2a435d0e7ff2efea557c5799674ded6,,,DEFINITION_OR_SPEC,,latency=true;recall_latency_tradeoff=true;temporal_freshness=true,NOT_APPLICABLE,REWRITE_REQUIRED,「embedding dimensionを変える実験」の証拠境界として、latency=true、recall_latency_tradeoff=true、temporal_freshness=trueに対応する一次資料locatorが空である以上、未確定の関係を技術一般の説明には使いません。embedding dimensionを変える実験では、Recallに加えてvector保存量、memory、転送byte、ANN p95 latencyを同時に記録します。 修正文が具体化する対象は「embedding dimensionを変える実験」です。「embedding dimensionを変える実験」の検討では、latency=true、recall_latency_tradeoff=true、temporal_freshness=trueに関して本文へ残す内容を、実行または記録で確認できる範囲まで絞りました。「embedding dimensionを変える実験」の採否について、latency=true、recall_latency_tradeoff=true、temporal_freshness=trueの実装情報を残しながら未支持関係を除くため、書換えを要求します。,NOT_APPLICABLE_NON_NORMATIVE,NOT_APPLICABLE_NON_NORMATIVE,NOT_APPLICABLE,3.6.5 (docs/3.回答に使う資料を準備する/3.6.Embedding設計.md:117); authoritative docs commit 52bebecfb2a435d0e7ff2efea557c5799674ded6 の現文を次の文へ置換する: embedding dimensionを変える実験では、Recallに加えてvector保存量、memory、転送byte、ANN p95 latencyを同時に記録します。 再抽出した文面と分類を照合する。,rag-guide-maintainers,,,,INCONCLUSIVE,NOT_APPLICABLE_UNPROVED,codex-primary-wave4,2026-08-15,codex-independent-wave4,2026-08-15,FINAL_TWO_REVIEWER_APPROVED
SENT-1094,52bebecfb2a435d0e7ff2efea557c5799674ded6,この性質を持たない任意のベクトルを単純に切り詰めても、同じ効果は得られません。,次元切り詰めは、modelがその次元での利用を明示し、対象queryで品質回帰を通過したvectorにだけ適用します。,NL_PROPOSITION(この性質を持たない任意のベクトルを単純に切り詰めても、同じ効果は得られません。),UNFORMALIZED,general_technical_claim,UNCLASSIFIED,3.6.5 (docs/3.回答に使う資料を準備する/3.6.Embedding設計.md:122); authoritative docs commit 52bebecfb2a435d0e7ff2efea557c5799674ded6,,,DEFINITION_OR_SPEC,,UNFORMALIZED_NATURAL_LANGUAGE_CLAIM,UNFORMALIZED,REWRITE_REQUIRED,「次元切り詰め」の証拠境界として、元命題にある未形式化の関係はUNFORMALIZED_NATURAL_LANGUAGE_CLAIMの裏付けを欠くため、実装規則とは分離します。次元切り詰めは、modelがその次元での利用を明示し、対象queryで品質回帰を通過したvectorにだけ適用します。 修正文が具体化する対象は「次元切り詰め」です。「次元切り詰め」の検討では、UNFORMALIZED_NATURAL_LANGUAGE_CLAIMに関して本文へ残す内容を、実行または記録で確認できる範囲まで絞りました。「次元切り詰め」の採否について、未形式化の関係を局所条件として読める文面にし、教材価値と証拠整合を両立させます。,NOT_APPLICABLE_NON_NORMATIVE,NOT_APPLICABLE_NON_NORMATIVE,NOT_APPLICABLE,3.6.5 (docs/3.回答に使う資料を準備する/3.6.Embedding設計.md:122); authoritative docs commit 52bebecfb2a435d0e7ff2efea557c5799674ded6 の現文を次の文へ置換する: 次元切り詰めは、modelがその次元での利用を明示し、対象queryで品質回帰を通過したvectorにだけ適用します。 再抽出した文面と分類を照合する。,rag-guide-maintainers,,,,INCONCLUSIVE,NOT_APPLICABLE_UNPROVED,codex-primary-wave4,2026-08-15,codex-independent-wave4,2026-08-15,FINAL_TWO_REVIEWER_APPROVED
SENT-1101,52bebecfb2a435d0e7ff2efea557c5799674ded6,内容ハッシュと埋め込みモデル版をキャッシュキーにすると、変更していないチャンクの再計算を避けられます。,,NOT(ATOM(embedding_model=true)),NOT,general_technical_claim,UNCLASSIFIED,3.6.5 (docs/3.回答に使う資料を準備する/3.6.Embedding設計.md:132); authoritative docs commit 52bebecfb2a435d0e7ff2efea557c5799674ded6,,,DEFINITION_OR_SPEC,,,,APPROPRIATE_NORMATIVE,内容ハッシュと埋め込みモデル版をキャッシュキーにすると、変更していないチャンクの再計算を避けられるという追跡要件は、後続工程から入力と版へ戻るための局所契約です。この規則で使用するhashまたはstable IDを同一入力と変更入力から生成し、同一入力は同じID、source/version/spanが異なる入力は別IDとなり、deduplication結果を逆引きできることを確認する。 適用境界では、対象値に個人情報または保存期限の制約がある場合は仮名化・分離保管へ置換できるが、source/version/spanを復元する承認済み対応表は保持する。 逆引き可能性と保存上の例外を台帳で確かめられるため、APPROPRIATE_NORMATIVEです。,内容ハッシュと埋め込みモデル版をキャッシュキーにすると、変更していないチャンクの再計算を避けられることを定める追跡性・証跡管理規則について、この規則で使用するhashまたはstable IDを同一入力と変更入力から生成し、同一入力は同じID、source/version/spanが異なる入力は別IDとなり、deduplication結果を逆引きできることを確認する。,内容ハッシュと埋め込みモデル版をキャッシュキーにすると、変更していないチャンクの再計算を避けられることを定める追跡性・証跡管理規則の例外として、対象値に個人情報または保存期限の制約がある場合は仮名化・分離保管へ置換できるが、source/version/spanを復元する承認済み対応表は保持する。,NOT_APPLICABLE,3.6.5 (docs/3.回答に使う資料を準備する/3.6.Embedding設計.md:132); authoritative docs commit 52bebecfb2a435d0e7ff2efea557c5799674ded6 の本文を維持し、normative_criteriaとexceptionsを設計台帳へ固定する。,rag-guide-maintainers,,,,INCONCLUSIVE,NOT_APPLICABLE_UNPROVED,codex-primary-wave4,2026-08-15,codex-independent-wave4,2026-08-15,FINAL_TWO_REVIEWER_APPROVED
SENT-1102,52bebecfb2a435d0e7ff2efea557c5799674ded6,チャンク本文が同じでも、モデル、前処理、質問・文書接頭辞、正規化が変わればキャッシュを再利用しません。,,NOT(ATOM(prefix_contract=true)),NOT,general_technical_claim,UNCLASSIFIED,3.6.5 (docs/3.回答に使う資料を準備する/3.6.Embedding設計.md:133); authoritative docs commit 52bebecfb2a435d0e7ff2efea557c5799674ded6,,,DEFINITION_OR_SPEC,,,,APPROPRIATE_NORMATIVE,チャンク本文が同じでも、モデル、前処理、質問・文書接頭辞、正規化が変わればキャッシュを再利用しないという運用要件は、実行時の判断を担当者ごとにぶらさないためのローカル規則です。embedding cache keyへmodel ID、revision、preprocessing version、query/document prefix、normalizationを含め、いずれか一項目を変えた試験で旧vectorがcache hitしないことを確認する。 さらに、表示名が変わってもこれら全項目と出力vectorが同一の契約versionなら再利用できるが、同一性の検証記録を残す。 この扱いを例外として記録します。 実装結果と例外発生時の扱いを個別に検査できるため、APPROPRIATE_NORMATIVEです。,embedding cache keyへmodel ID、revision、preprocessing version、query/document prefix、normalizationを含め、いずれか一項目を変えた試験で旧vectorがcache hitしないことを確認する。,表示名が変わってもこれら全項目と出力vectorが同一の契約versionなら再利用できるが、同一性の検証記録を残す。,NOT_APPLICABLE,3.6.5 (docs/3.回答に使う資料を準備する/3.6.Embedding設計.md:133); authoritative docs commit 52bebecfb2a435d0e7ff2efea557c5799674ded6 の本文を維持し、normative_criteriaとexceptionsを設計台帳へ固定する。,rag-guide-maintainers,,,,INCONCLUSIVE,NOT_APPLICABLE_UNPROVED,codex-primary-wave4,2026-08-15,codex-independent-wave4,2026-08-15,FINAL_TWO_REVIEWER_APPROVED
SENT-1105,52bebecfb2a435d0e7ff2efea557c5799674ded6,埋め込みサービスのレート制限に合わせてキューと再試行を制御し、オンライン検索の容量を使い切らないようにします。,,"NOT(AND(ATOM(retrieval=true), ATOM(fault_tolerance=true)))",NOT,general_technical_claim,UNCLASSIFIED,3.6.5 (docs/3.回答に使う資料を準備する/3.6.Embedding設計.md:137); authoritative docs commit 52bebecfb2a435d0e7ff2efea557c5799674ded6,,,DEFINITION_OR_SPEC,,,,APPROPRIATE_NORMATIVE,埋め込みサービスのレート制限に合わせてキューと再試行を制御し、オンライン検索の容量を使い切らないようにするという運用要件は、実行時の判断を担当者ごとにぶらさないためのローカル規則です。embedding serviceのrate limitをqueue concurrencyとretry budgetへ反映し、batch負荷中もonline検索用capacityを予約してonline requestが設定SLOを超えないことを負荷試験する。 さらに、provider outageでは無制限にretryせずcircuit breakerでbatchを停止し、online検索は承認済みfallbackまたは明示的エラーへ切り替える。 この扱いを例外として記録します。 実装結果と例外発生時の扱いを個別に検査できるため、APPROPRIATE_NORMATIVEです。,embedding serviceのrate limitをqueue concurrencyとretry budgetへ反映し、batch負荷中もonline検索用capacityを予約してonline requestが設定SLOを超えないことを負荷試験する。,provider outageでは無制限にretryせずcircuit breakerでbatchを停止し、online検索は承認済みfallbackまたは明示的エラーへ切り替える。,NOT_APPLICABLE,3.6.5 (docs/3.回答に使う資料を準備する/3.6.Embedding設計.md:137); authoritative docs commit 52bebecfb2a435d0e7ff2efea557c5799674ded6 の本文を維持し、normative_criteriaとexceptionsを設計台帳へ固定する。,rag-guide-maintainers,,,,INCONCLUSIVE,NOT_APPLICABLE_UNPROVED,codex-primary-wave4,2026-08-15,codex-independent-wave4,2026-08-15,FINAL_TWO_REVIEWER_APPROVED
SENT-1107,52bebecfb2a435d0e7ff2efea557c5799674ded6,埋め込みの版には、モデルID、改訂番号（リビジョン）、次元数、正規化、距離尺度、質問・文書用の接頭辞、トークナイザーを含めます。,,"AND(ATOM(prefix_contract=true), ATOM(dimension_contract=true))",AND,general_technical_claim,UNCLASSIFIED,3.6.6 (docs/3.回答に使う資料を準備する/3.6.Embedding設計.md:142); authoritative docs commit 52bebecfb2a435d0e7ff2efea557c5799674ded6,,,DEFINITION_OR_SPEC,,,,APPROPRIATE_NORMATIVE,埋め込みの版には、モデルID、改訂番号（リビジョン）、次元数、正規化、距離尺度、質問・文書用の接頭辞、トークナイザーを含めるという追跡要件は、後続工程から入力と版へ戻るための局所契約です。embedding contract versionにmodel ID、revision、dimension、normalization、distance metric、query/document prefix、tokenizerを必須fieldとして保存し、欠損manifestをdeploy gateで拒否する。 適用境界では、managed serviceがrevisionを公開しない場合はendpoint versionと取得日時をimmutable identifierとして記録し、空欄にはしない。 逆引き可能性と保存上の例外を台帳で確かめられるため、APPROPRIATE_NORMATIVEです。,embedding contract versionにmodel ID、revision、dimension、normalization、distance metric、query/document prefix、tokenizerを必須fieldとして保存し、欠損manifestをdeploy gateで拒否する。,managed serviceがrevisionを公開しない場合はendpoint versionと取得日時をimmutable identifierとして記録し、空欄にはしない。,NOT_APPLICABLE,3.6.6 (docs/3.回答に使う資料を準備する/3.6.Embedding設計.md:142); authoritative docs commit 52bebecfb2a435d0e7ff2efea557c5799674ded6 の本文を維持し、normative_criteriaとexceptionsを設計台帳へ固定する。,rag-guide-maintainers,,,,INCONCLUSIVE,NOT_APPLICABLE_UNPROVED,codex-primary-wave4,2026-08-15,codex-independent-wave4,2026-08-15,FINAL_TWO_REVIEWER_APPROVED
SENT-1109,52bebecfb2a435d0e7ff2efea557c5799674ded6,異なるモデルのベクトルを、同じ空間へ混在させません。,document vectorとquery vectorは同じmodel ID、revision、dimension、normalization、distance metricの空間に限定して比較します。,NL_PROPOSITION(異なるモデルのベクトルを、同じ空間へ混在させません。),UNFORMALIZED,general_technical_claim,UNCLASSIFIED,3.6.6 (docs/3.回答に使う資料を準備する/3.6.Embedding設計.md:145); authoritative docs commit 52bebecfb2a435d0e7ff2efea557c5799674ded6,,,DEFINITION_OR_SPEC,,UNFORMALIZED_NATURAL_LANGUAGE_CLAIM,UNFORMALIZED,REWRITE_REQUIRED,「document vectorとquery vectorは同じmodel ID」の検討では、UNFORMALIZED_NATURAL_LANGUAGE_CLAIMに関して本文へ残す内容を、実行または記録で確認できる範囲まで絞りました。「document vectorとquery vectorは同じmodel ID」の証拠境界として、未形式化の関係として表現されたUNFORMALIZED_NATURAL_LANGUAGE_CLAIMは未検証なので、本文では局所挙動だけを扱います。document vectorとquery vectorは同じmodel ID、revision、dimension、normalization、distance metricの空間に限定して比較します。 修正文が具体化する対象は「document vectorとquery vectorは同じmodel ID」です。「document vectorとquery vectorは同じmodel ID」の採否について、UNFORMALIZED_NATURAL_LANGUAGE_CLAIMの証拠境界を本文へ反映する必要があるため、REWRITE_REQUIREDです。,NOT_APPLICABLE_NON_NORMATIVE,NOT_APPLICABLE_NON_NORMATIVE,NOT_APPLICABLE,3.6.6 (docs/3.回答に使う資料を準備する/3.6.Embedding設計.md:145); authoritative docs commit 52bebecfb2a435d0e7ff2efea557c5799674ded6 の現文を次の文へ置換する: document vectorとquery vectorは同じmodel ID、revision、dimension、normalization、distance metricの空間に限定して比較します。 再抽出した文面と分類を照合する。,rag-guide-maintainers,,,,INCONCLUSIVE,NOT_APPLICABLE_UNPROVED,codex-primary-wave4,2026-08-15,codex-independent-wave4,2026-08-15,FINAL_TWO_REVIEWER_APPROVED
SENT-1111,52bebecfb2a435d0e7ff2efea557c5799674ded6,旧ベクトルと新質問を比較しても、距離の意味は保証されません。,,NL_PROPOSITION(旧ベクトルと新質問を比較しても、距離の意味は保証されません。),UNFORMALIZED,general_technical_claim,UNCLASSIFIED,3.6.6 (docs/3.回答に使う資料を準備する/3.6.Embedding設計.md:147); authoritative docs commit 52bebecfb2a435d0e7ff2efea557c5799674ded6,,,DEFINITION_OR_SPEC,,,,APPROPRIATE_NORMATIVE,旧ベクトルと新質問を比較しても、距離の意味は保証されないという採否判断は、比較対象と合格条件を実行結果で識別するために置きます。この規則に挙げた選択肢を同じdataset version、query slice、gold evidence、負荷条件で比較し、対象sliceごとの品質・latency・costを一つのresult tableへ記録する。 さらに、判定に必要なgold evidenceがないslice、標本不足のslice、負荷条件が異なるrunは合否集計から分離し、他sliceの平均結果を外挿しない。 この扱いを例外として記録します。 同じ条件での比較と採用しない条件を両方記録できるため、APPROPRIATE_NORMATIVEです。,旧ベクトルと新質問を比較しても、距離の意味は保証されないことを定める評価・採否規則について、この規則に挙げた選択肢を同じdataset version、query slice、gold evidence、負荷条件で比較し、対象sliceごとの品質・latency・costを一つのresult tableへ記録する。,旧ベクトルと新質問を比較しても、距離の意味は保証されないことを定める評価・採否規則の例外として、判定に必要なgold evidenceがないslice、標本不足のslice、負荷条件が異なるrunは合否集計から分離し、他sliceの平均結果を外挿しない。,NOT_APPLICABLE,3.6.6 (docs/3.回答に使う資料を準備する/3.6.Embedding設計.md:147); authoritative docs commit 52bebecfb2a435d0e7ff2efea557c5799674ded6 の本文を維持し、normative_criteriaとexceptionsを設計台帳へ固定する。,rag-guide-maintainers,,,,INCONCLUSIVE,NOT_APPLICABLE_UNPROVED,codex-primary-wave4,2026-08-15,codex-independent-wave4,2026-08-15,FINAL_TWO_REVIEWER_APPROVED
SENT-1141,52bebecfb2a435d0e7ff2efea557c5799674ded6,LuceneのHNSWをAnseriniへ統合した研究は、LuceneとFaissについて、検索品質、構築時間、処理量、インデックス容量を比較しました。,AnseriniへLucene HNSWを統合した研究は、同研究の実装・collection条件でLuceneとFaissの検索品質、構築時間、throughput、index容量を比較しています。,"AND(AND(ATOM(recall_latency_tradeoff=true), ATOM(retrieval=true)), ATOM(temporal_freshness=true))",AND,externally_cited_claim,UNCLASSIFIED,3.7.2 (docs/3.回答に使う資料を準備する/3.7.Index構築とライフサイクル.md:39); authoritative docs commit 52bebecfb2a435d0e7ff2efea557c5799674ded6,SRC-048;SRC-047;SRC-052,SRC-048 https://arxiv.org/abs/2304.12139 — abstract inspected 2026-08-15; 現主張への直接locatorは未確定; SRC-047 https://arxiv.org/abs/1603.09320 — abstract inspected 2026-08-15; 現主張への直接locatorは未確定; SRC-052 https://arxiv.org/abs/1702.08734 — abstract inspected 2026-08-15; 現主張への直接locatorは未確定,EMPIRICAL_RESULT,NONE_DIRECTLY_VERIFIED,temporal_freshness=true,NOT_APPLICABLE,REWRITE_REQUIRED,arxiv.orgのAbstractへの参照は台帳にありますが、temporal_freshnessについて各要素と結論との直接の対応まで同時に再特定できる直接箇所が確定していません。資料の帰属範囲をAnseriniへLucene HNSWを統合した研究は、同研究の実装・collection条件でLuceneとFaissの検索品質、構築時間、throughput、index容量を比較しているという限定まで狭め、候補URLの存在だけで機序や結果を補わない文へ変更します。 修正文にある主体と操作対象は保ちつつ、直接根拠を越える各要素と結論との直接の対応を落とす差分なので、REWRITE_REQUIREDと判定します。,NOT_APPLICABLE_NON_NORMATIVE,NOT_APPLICABLE_NON_NORMATIVE,UNVERIFIED,3.7.2 (docs/3.回答に使う資料を準備する/3.7.Index構築とライフサイクル.md:39); authoritative docs commit 52bebecfb2a435d0e7ff2efea557c5799674ded6 の現文を次の文へ置換する: AnseriniへLucene HNSWを統合した研究は、同研究の実装・collection条件でLuceneとFaissの検索品質、構築時間、throughput、index容量を比較しています。 再抽出した文面と分類を照合する。,rag-guide-maintainers,,,,INCONCLUSIVE,NOT_APPLICABLE_UNPROVED,codex-primary-wave4,2026-08-15,codex-independent-wave4,2026-08-15,FINAL_TWO_REVIEWER_APPROVED
SENT-1148,52bebecfb2a435d0e7ff2efea557c5799674ded6,IVF（Inverted File Index、転置ファイル索引）は、ベクトルを粗い中心へ割り当て、質問時に近い領域だけを探索します。,,NL_PROPOSITION(IVF（Inverted File Index、転置ファイル索引）は、ベクトルを粗い中心へ割り当て、質問時に近い領域だけを探索します。),UNFORMALIZED,general_technical_claim,UNCLASSIFIED,3.7.3 (docs/3.回答に使う資料を準備する/3.7.Index構築とライフサイクル.md:50); authoritative docs commit 52bebecfb2a435d0e7ff2efea557c5799674ded6,,,DEFINITION_OR_SPEC,,,,APPROPRIATE_NORMATIVE,IVF（Inverted File Index、転置ファイル索引）は、ベクトルを粗い中心へ割り当て、質問時に近い領域だけを探索するという構成契約は、対象versionと実装の不一致を公開前に止めるための要件です。IVF構成ではvectorをcoarse centroidへ割り当て、query時のprobe数を全領域数未満に設定した試験を行い、exact searchに対するRecallとlatencyを記録する。 適用境界では、小規模indexでexact searchが同じSLOを満たす場合はIVFを使わず、全vector探索を採用できる。 実際の接続結果と仕様変更時の切替条件を確認できるため、APPROPRIATE_NORMATIVEです。,IVF構成ではvectorをcoarse centroidへ割り当て、query時のprobe数を全領域数未満に設定した試験を行い、exact searchに対するRecallとlatencyを記録する。,小規模indexでexact searchが同じSLOを満たす場合はIVFを使わず、全vector探索を採用できる。,NOT_APPLICABLE,3.7.3 (docs/3.回答に使う資料を準備する/3.7.Index構築とライフサイクル.md:50); authoritative docs commit 52bebecfb2a435d0e7ff2efea557c5799674ded6 の本文を維持し、normative_criteriaとexceptionsを設計台帳へ固定する。,rag-guide-maintainers,,,,INCONCLUSIVE,NOT_APPLICABLE_UNPROVED,codex-primary-wave4,2026-08-15,codex-independent-wave4,2026-08-15,FINAL_TWO_REVIEWER_APPROVED
SENT-1151,52bebecfb2a435d0e7ff2efea557c5799674ded6,Product Quantizationは、大規模な近傍探索のための圧縮方法を提案しました。,Product Quantization論文は、大規模nearest-neighbor searchを対象に、vectorを部分空間ごとのcodeへ量子化する圧縮方法を提案しています。,"AND(AND(ATOM(ann_support=true), ATOM(compression=true)), ATOM(scalability=true))",AND,externally_cited_claim,UNCLASSIFIED,3.7.3 (docs/3.回答に使う資料を準備する/3.7.Index構築とライフサイクル.md:54); authoritative docs commit 52bebecfb2a435d0e7ff2efea557c5799674ded6,SRC-051,SRC-051 https://doi.org/10.1109/TPAMI.2010.57 — primary_page inspected 2026-08-15; 現主張への直接locatorは未確定,AUTHOR_CLAIM,NONE_DIRECTLY_VERIFIED,scalability=true,AND,REWRITE_REQUIRED,doi.orgの一次資料ページへの参照は台帳にありますが、scalabilityについて複数要素の同時成立まで同時に再特定できる直接箇所が確定していません。資料の帰属範囲をProduct Quantization論文は、大規模nearest-neighbor searchを対象に、vectorを部分空間ごとのcodeへ量子化する圧縮方法を提案しているという限定まで狭め、候補URLの存在だけで機序や結果を補わない文へ変更します。 修正文にある主体と操作対象は保ちつつ、直接根拠を越える複数要素の同時成立を落とす差分なので、REWRITE_REQUIREDと判定します。,NOT_APPLICABLE_NON_NORMATIVE,NOT_APPLICABLE_NON_NORMATIVE,UNVERIFIED,3.7.3 (docs/3.回答に使う資料を準備する/3.7.Index構築とライフサイクル.md:54); authoritative docs commit 52bebecfb2a435d0e7ff2efea557c5799674ded6 の現文を次の文へ置換する: Product Quantization論文は、大規模nearest-neighbor searchを対象に、vectorを部分空間ごとのcodeへ量子化する圧縮方法を提案しています。 再抽出した文面と分類を照合する。,rag-guide-maintainers,,,,INCONCLUSIVE,NOT_APPLICABLE_UNPROVED,codex-primary-wave4,2026-08-15,codex-independent-wave4,2026-08-15,FINAL_TWO_REVIEWER_APPROVED
SENT-1154,52bebecfb2a435d0e7ff2efea557c5799674ded6,圧縮ベクトルで候補を取得し、元ベクトルで再順位付けする構成もあります。,圧縮vectorで候補を取得して元vectorで再順位付けする二段構成を、単一精度構成とRecall、保存量、遅延で比較します。,"AND(AND(ATOM(rerank=true), ATOM(compression=true)), ATOM(retrieval=true))",AND,general_technical_claim,UNCLASSIFIED,3.7.3 (docs/3.回答に使う資料を準備する/3.7.Index構築とライフサイクル.md:58); authoritative docs commit 52bebecfb2a435d0e7ff2efea557c5799674ded6,,,DEFINITION_OR_SPEC,,rerank=true,NOT_APPLICABLE,REWRITE_REQUIRED,「圧縮vectorで候補を取得して元vectorで再順位付けする二段構成」の検討では、未確定の関係を実装時に判定できるよう、対象と操作を明示した文へ直しています。「圧縮vectorで候補を取得して元vectorで再順位付けする二段構成」の証拠境界として、直接検証できていないrerank=trueと未確定の関係を落とし、修正文の操作だけを採ります。圧縮vectorで候補を取得して元vectorで再順位付けする二段構成を、単一精度構成とRecall、保存量、遅延で比較します。 修正文が具体化する対象は「圧縮vectorで候補を取得して元vectorで再順位付けする二段構成」です。「圧縮vectorで候補を取得して元vectorで再順位付けする二段構成」の採否について、未確定の関係の意味を外挿せず証拠境界を正す変更なので、判定はREWRITE_REQUIREDです。,NOT_APPLICABLE_NON_NORMATIVE,NOT_APPLICABLE_NON_NORMATIVE,NOT_APPLICABLE,3.7.3 (docs/3.回答に使う資料を準備する/3.7.Index構築とライフサイクル.md:58); authoritative docs commit 52bebecfb2a435d0e7ff2efea557c5799674ded6 の現文を次の文へ置換する: 圧縮vectorで候補を取得して元vectorで再順位付けする二段構成を、単一精度構成とRecall、保存量、遅延で比較します。 再抽出した文面と分類を照合する。,rag-guide-maintainers,,,,INCONCLUSIVE,NOT_APPLICABLE_UNPROVED,codex-primary-wave4,2026-08-15,codex-independent-wave4,2026-08-15,FINAL_TWO_REVIEWER_APPROVED
SENT-1157,52bebecfb2a435d0e7ff2efea557c5799674ded6,GPUは大量のベクトル距離計算を並列化でき、インデックス構築や検索を高速化できる場合があります。,GPUの採否は、対象データでインデックス構築時間と検索レイテンシをCPU構成と比較し、データ転送を含む総時間が改善する場合に決めます。,NL_PROPOSITION(GPUは大量のベクトル距離計算を並列化でき、インデックス構築や検索を高速化できる場合があります。),UNFORMALIZED,general_technical_claim,できる,3.7.3 (docs/3.回答に使う資料を準備する/3.7.Index構築とライフサイクル.md:62); authoritative docs commit 52bebecfb2a435d0e7ff2efea557c5799674ded6,,,HYPOTHESIS,,UNFORMALIZED_NATURAL_LANGUAGE_CLAIM,UNFORMALIZED,REWRITE_REQUIRED,Gold標本の二者校正で確定。両案はREWRITE_REQUIREDで一致したが、元の可能性主張に対する条件が不明。GPUの採否を対象データでのCPU比較へ落とす具体的な検証文にする。,NOT_APPLICABLE_NON_NORMATIVE,NOT_APPLICABLE_NON_NORMATIVE,NOT_APPLICABLE,3.7.3 (docs/3.回答に使う資料を準備する/3.7.Index構築とライフサイクル.md:62); authoritative docs commit 52bebecfb2a435d0e7ff2efea557c5799674ded6 の現文を次の文へ置換する: GPUの採否は、対象データでインデックス構築時間と検索レイテンシをCPU構成と比較し、データ転送を含む総時間が改善する場合に決めます。 再抽出した文面と分類を照合する。,rag-guide-maintainers,,,,INCONCLUSIVE,NOT_APPLICABLE_UNPROVED,codex-primary-wave4,2026-08-15,codex-independent-wave4,2026-08-15,FINAL_TWO_REVIEWER_APPROVED
SENT-1162,52bebecfb2a435d0e7ff2efea557c5799674ded6,DiskANNは、SSDとメモリを組み合わせた大規模ANNを扱います。,DiskANN論文は、単一node上のbillion-scale ANNを対象に、SSD上のindexとmemory上の構造を組み合わせる設計を扱っています。,"AND(ATOM(disk_backed=true), ATOM(scalability=true))",AND,externally_cited_claim,UNCLASSIFIED,3.7.3 (docs/3.回答に使う資料を準備する/3.7.Index構築とライフサイクル.md:68); authoritative docs commit 52bebecfb2a435d0e7ff2efea557c5799674ded6,SRC-053,SRC-053 https://www.microsoft.com/en-us/research/publication/diskann-fast-accurate-billion-point-nearest-neighbor-search-on-a-single-node/ — abstract inspected 2026-08-15; 現主張への直接locatorは未確定,AUTHOR_CLAIM,NONE_DIRECTLY_VERIFIED,scalability=true,NOT_APPLICABLE,REWRITE_REQUIRED,microsoft.comのAbstractへの参照は台帳にありますが、scalabilityについて各要素と結論との直接の対応まで同時に再特定できる直接箇所が確定していません。資料の帰属範囲をDiskANN論文は、単一node上のbillion-scale ANNを対象に、SSD上のindexとmemory上の構造を組み合わせる設計を扱っているという限定まで狭め、候補URLの存在だけで機序や結果を補わない文へ変更します。 修正文にある主体と操作対象は保ちつつ、直接根拠を越える各要素と結論との直接の対応を落とす差分なので、REWRITE_REQUIREDと判定します。,NOT_APPLICABLE_NON_NORMATIVE,NOT_APPLICABLE_NON_NORMATIVE,UNVERIFIED,3.7.3 (docs/3.回答に使う資料を準備する/3.7.Index構築とライフサイクル.md:68); authoritative docs commit 52bebecfb2a435d0e7ff2efea557c5799674ded6 の現文を次の文へ置換する: DiskANN論文は、単一node上のbillion-scale ANNを対象に、SSD上のindexとmemory上の構造を組み合わせる設計を扱っています。 再抽出した文面と分類を照合する。,rag-guide-maintainers,,,,INCONCLUSIVE,NOT_APPLICABLE_UNPROVED,codex-primary-wave4,2026-08-15,codex-independent-wave4,2026-08-15,FINAL_TWO_REVIEWER_APPROVED
SENT-1163,52bebecfb2a435d0e7ff2efea557c5799674ded6,頻度は低いが規模が大きい検索では、すべてのベクトルを高価なメモリへ置かない方式が候補です。,頻度は低いものの規模が大きい検索では、全vectorを高価なmemoryへ常駐させないindex方式を候補にします。,NOT(ATOM(retrieval=true)),NOT,general_technical_claim,UNCLASSIFIED,3.7.3 (docs/3.回答に使う資料を準備する/3.7.Index構築とライフサイクル.md:69); authoritative docs commit 52bebecfb2a435d0e7ff2efea557c5799674ded6,,,DEFINITION_OR_SPEC,,,,APPROPRIATE_NORMATIVE,頻度は低いものの規模が大きい検索では、全vectorを高価なmemoryへ常駐させないindex方式を候補にするという検索経路は、候補の収集・統合・選択を再現可能にするガイド内の決定です。対象vector件数で全量in-memory方式とdisk/compressed方式を比較し、Recall guardrailを満たしたうえでpeak memoryとp95 latencyが容量予算内になる方式だけを候補にする。 適用境界では、全vectorをmemoryへ置く単純構成が対象規模でmemory予算とlatency SLOを満たす場合は、disk/compressed方式を追加しない。 検索結果の合格条件と別経路へ切り替える条件が検査できるため、APPROPRIATE_NORMATIVEです。,対象vector件数で全量in-memory方式とdisk/compressed方式を比較し、Recall guardrailを満たしたうえでpeak memoryとp95 latencyが容量予算内になる方式だけを候補にする。,全vectorをmemoryへ置く単純構成が対象規模でmemory予算とlatency SLOを満たす場合は、disk/compressed方式を追加しない。,NOT_APPLICABLE,3.7.3 (docs/3.回答に使う資料を準備する/3.7.Index構築とライフサイクル.md:69); authoritative docs commit 52bebecfb2a435d0e7ff2efea557c5799674ded6 の現文を次の文へ置換する: 頻度は低いものの規模が大きい検索では、全vectorを高価なmemoryへ常駐させないindex方式を候補にします。 再抽出した文面と分類を照合する。,rag-guide-maintainers,,,,INCONCLUSIVE,NOT_APPLICABLE_UNPROVED,codex-primary-wave4,2026-08-15,codex-independent-wave4,2026-08-15,FINAL_TWO_REVIEWER_APPROVED
SENT-1164,52bebecfb2a435d0e7ff2efea557c5799674ded6,公開ベンチマークの値だけで方式を選びません。,ANN方式は公開ベンチマークの順位だけで選ばず、対象データのRecall、p95 latency、構築時間、保存容量で比較します。,"NOT(AND(ATOM(evaluation=true), ATOM(benchmark=true)))",NOT,empirical_or_research_claim,UNCLASSIFIED,3.7.3 (docs/3.回答に使う資料を準備する/3.7.Index構築とライフサイクル.md:71); authoritative docs commit 52bebecfb2a435d0e7ff2efea557c5799674ded6,,,DEFINITION_OR_SPEC,,,,APPROPRIATE_NORMATIVE,ANN方式は公開ベンチマークの順位だけで選ばず、対象データのRecall、p95 latency、構築時間、保存容量で比較するという採否判断は、比較対象と合格条件を実行結果で識別するために置きます。公開benchmarkは候補選定に限り、最終採否は対象データの品質、p95遅延、費用、更新性、安全性の閾値で判定する。 適用境界では、探索段階で対象データが未整備の場合はbenchmarkで候補を絞れるが、本番採用前に対象データ評価を必須とする。 同じ条件での比較と採用しない条件を両方記録できるため、APPROPRIATE_NORMATIVEです。,公開benchmarkは候補選定に限り、最終採否は対象データの品質、p95遅延、費用、更新性、安全性の閾値で判定する。,探索段階で対象データが未整備の場合はbenchmarkで候補を絞れるが、本番採用前に対象データ評価を必須とする。,NOT_APPLICABLE,3.7.3 (docs/3.回答に使う資料を準備する/3.7.Index構築とライフサイクル.md:71); authoritative docs commit 52bebecfb2a435d0e7ff2efea557c5799674ded6 の現文を次の文へ置換する: ANN方式は公開ベンチマークの順位だけで選ばず、対象データのRecall、p95 latency、構築時間、保存容量で比較します。 再抽出した文面と分類を照合する。,rag-guide-maintainers,,,,INCONCLUSIVE,NOT_APPLICABLE_UNPROVED,codex-primary-wave4,2026-08-15,codex-independent-wave4,2026-08-15,FINAL_TWO_REVIEWER_APPROVED
SENT-1167,52bebecfb2a435d0e7ff2efea557c5799674ded6,インデックススキーマには、ベクトル次元数、距離尺度、正規化、本文項目、見出し、ACL、絞り込みに使えるメタデータを定義します。,,"AND(ATOM(authorization=true), ATOM(dimension_contract=true))",AND,general_technical_claim,UNCLASSIFIED,3.7.4 (docs/3.回答に使う資料を準備する/3.7.Index構築とライフサイクル.md:77); authoritative docs commit 52bebecfb2a435d0e7ff2efea557c5799674ded6,,,DEFINITION_OR_SPEC,,,,APPROPRIATE_NORMATIVE,インデックススキーマには、ベクトル次元数、距離尺度、正規化、本文項目、見出し、ACL、絞り込みに使えるメタデータを定義するという構成契約は、対象versionと実装の不一致を公開前に止めるための要件です。active index schemaにvector dimension、distance metric、normalization、text、heading、ACL、filterable metadataの各fieldを定義し、ingestion payloadとの型・必須性・dimension一致をschema testで確認する。 さらに、headingなど対象corpusに存在しないfieldは明示的にoptionalにできるが、vector契約、本文、ACL、filterに使用するmetadataの定義は省略しない。 この扱いを例外として記録します。 実際の接続結果と仕様変更時の切替条件を確認できるため、APPROPRIATE_NORMATIVEです。,active index schemaにvector dimension、distance metric、normalization、text、heading、ACL、filterable metadataの各fieldを定義し、ingestion payloadとの型・必須性・dimension一致をschema testで確認する。,headingなど対象corpusに存在しないfieldは明示的にoptionalにできるが、vector契約、本文、ACL、filterに使用するmetadataの定義は省略しない。,NOT_APPLICABLE,3.7.4 (docs/3.回答に使う資料を準備する/3.7.Index構築とライフサイクル.md:77); authoritative docs commit 52bebecfb2a435d0e7ff2efea557c5799674ded6 の本文を維持し、normative_criteriaとexceptionsを設計台帳へ固定する。,rag-guide-maintainers,,,,INCONCLUSIVE,NOT_APPLICABLE_UNPROVED,codex-primary-wave4,2026-08-15,codex-independent-wave4,2026-08-15,FINAL_TWO_REVIEWER_APPROVED
SENT-1179,52bebecfb2a435d0e7ff2efea557c5799674ded6,解析器、分割器、埋め込みモデルの版,解析器、分割器、埋め込みモデルの版,"AND(ATOM(embedding_model=true), ATOM(parsing=true))",AND,general_technical_claim,UNCLASSIFIED,3.7.4 (docs/3.回答に使う資料を準備する/3.7.Index構築とライフサイクル.md:94); authoritative docs commit 52bebecfb2a435d0e7ff2efea557c5799674ded6,SRC-056,SRC-056 https://arxiv.org/abs/2206.13843 — abstract inspected 2026-08-15; 現主張への直接locatorは未確定,DEFINITION_OR_SPEC,NONE_DIRECTLY_VERIFIED,NOT_A_NORMATIVE_CLAIM,NOT_APPLICABLE,REMOVE_OR_REPLACE,解析器、分割器、埋め込みモデルの版 この行は 3.7.4 (docs/3.回答に使う資料を準備する/3.7.Index構築とライフサイクル.md:94); authoritative docs commit 52bebecfb2a435d0e7ff2efea557c5799674ded6 にあるMarkdown表示単位で、単独の技術命題として検証できる主語・述語を備えていません。表示は維持しつつ NOT_A_NORMATIVE_CLAIM を証拠要求の命題集合から除外するため、REMOVE_OR_REPLACEの分類overrideを適用します。,NOT_APPLICABLE_NON_NORMATIVE,NOT_APPLICABLE_NON_NORMATIVE,NOT_APPLICABLE,3.7.4 (docs/3.回答に使う資料を準備する/3.7.Index構築とライフサイクル.md:94); authoritative docs commit 52bebecfb2a435d0e7ff2efea557c5799674ded6 のMarkdown表示は維持し、Wave 4分類overrideで技術的事実の命題集合から除外する。,rag-guide-maintainers,,,,INCONCLUSIVE,NOT_APPLICABLE_UNPROVED,codex-primary-wave4,2026-08-15,codex-independent-wave4,2026-08-15,FINAL_TWO_REVIEWER_APPROVED
SENT-1182,52bebecfb2a435d0e7ff2efea557c5799674ded6,文書、チャンク、ベクトル、登録済み件数,文書、チャンク、ベクトル、登録済み件数,NL_PROPOSITION(文書、チャンク、ベクトル、登録済み件数),UNFORMALIZED,general_technical_claim,UNCLASSIFIED,3.7.4 (docs/3.回答に使う資料を準備する/3.7.Index構築とライフサイクル.md:97); authoritative docs commit 52bebecfb2a435d0e7ff2efea557c5799674ded6,SRC-002;SRC-005;SRC-009;SRC-010;SRC-011,SRC-002 https://aclanthology.org/2020.emnlp-main.550/ — abstract inspected 2026-08-15; 現主張への直接locatorは未確定; SRC-005 https://doi.org/10.1561/1500000019 — primary_page inspected 2026-08-15; 現主張への直接locatorは未確定; SRC-009 https://dl.acm.org/doi/10.1145/3411764.3445518 — primary_page inspected 2026-08-15; 現主張への直接locatorは未確定,DEFINITION_OR_SPEC,NONE_DIRECTLY_VERIFIED,NOT_A_NORMATIVE_CLAIM,NOT_APPLICABLE,REMOVE_OR_REPLACE,文書、チャンク、ベクトル、登録済み件数 この行は 3.7.4 (docs/3.回答に使う資料を準備する/3.7.Index構築とライフサイクル.md:97); authoritative docs commit 52bebecfb2a435d0e7ff2efea557c5799674ded6 にあるMarkdown表示単位で、単独の技術命題として検証できる主語・述語を備えていません。表示は維持しつつ NOT_A_NORMATIVE_CLAIM を証拠要求の命題集合から除外するため、REMOVE_OR_REPLACEの分類overrideを適用します。,NOT_APPLICABLE_NON_NORMATIVE,NOT_APPLICABLE_NON_NORMATIVE,NOT_APPLICABLE,3.7.4 (docs/3.回答に使う資料を準備する/3.7.Index構築とライフサイクル.md:97); authoritative docs commit 52bebecfb2a435d0e7ff2efea557c5799674ded6 のMarkdown表示は維持し、Wave 4分類overrideで技術的事実の命題集合から除外する。,rag-guide-maintainers,,,,INCONCLUSIVE,NOT_APPLICABLE_UNPROVED,codex-primary-wave4,2026-08-15,codex-independent-wave4,2026-08-15,FINAL_TWO_REVIEWER_APPROVED
SENT-1184,52bebecfb2a435d0e7ff2efea557c5799674ded6,文書、チャンク、ベクトル、インデックス登録件数の差を説明できる必要があります。,,NL_PROPOSITION(文書、チャンク、ベクトル、インデックス登録件数の差を説明できる必要があります。),UNFORMALIZED,general_technical_claim,できる;必要,3.7.4 (docs/3.回答に使う資料を準備する/3.7.Index構築とライフサイクル.md:100); authoritative docs commit 52bebecfb2a435d0e7ff2efea557c5799674ded6,,,DEFINITION_OR_SPEC,,,,APPROPRIATE_NORMATIVE,文書、チャンク、ベクトル、インデックス登録件数の差を説明できる必要があるという運用要件は、実行時の判断を担当者ごとにぶらさないためのローカル規則です。取り込みrunごとにsource document数、生成chunk数、embedding成功数、index登録数を記録し、filter、deduplication、失敗、隔離、削除による各差分の件数を対応付け、説明不能な差分が0件であることを確認します。 適用境界では、一つの文書から複数chunkを生成する場合や重複chunkを統合する場合は件数の一致を要求しませんが、変換規則と入力・出力IDの対応をrun台帳へ残します。 実装結果と例外発生時の扱いを個別に検査できるため、APPROPRIATE_NORMATIVEです。,取り込みrunごとにsource document数、生成chunk数、embedding成功数、index登録数を記録し、filter、deduplication、失敗、隔離、削除による各差分の件数を対応付け、説明不能な差分が0件であることを確認します。,一つの文書から複数chunkを生成する場合や重複chunkを統合する場合は件数の一致を要求しませんが、変換規則と入力・出力IDの対応をrun台帳へ残します。,NOT_APPLICABLE,3.7.4 (docs/3.回答に使う資料を準備する/3.7.Index構築とライフサイクル.md:100); authoritative docs commit 52bebecfb2a435d0e7ff2efea557c5799674ded6 の本文を維持し、normative_criteriaとexceptionsを設計台帳へ固定する。,rag-guide-maintainers,,,,INCONCLUSIVE,NOT_APPLICABLE_UNPROVED,codex-primary-wave4,2026-08-15,codex-independent-wave4,2026-08-15,FINAL_TWO_REVIEWER_APPROVED
SENT-1185,52bebecfb2a435d0e7ff2efea557c5799674ded6,例えば、埋め込みに失敗したチャンクは隔離一覧と一致させます。,embedding失敗chunkのID集合と隔離台帳のID集合をpublish前に照合し、差分が一件でもあれば公開を止めます。,NL_PROPOSITION(例えば、埋め込みに失敗したチャンクは隔離一覧と一致させます。),UNFORMALIZED,general_technical_claim,UNCLASSIFIED,3.7.4 (docs/3.回答に使う資料を準備する/3.7.Index構築とライフサイクル.md:101); authoritative docs commit 52bebecfb2a435d0e7ff2efea557c5799674ded6,,,DEFINITION_OR_SPEC,,UNFORMALIZED_NATURAL_LANGUAGE_CLAIM,NOT_APPLICABLE,REWRITE_REQUIRED,「embedding失敗chunkのID集合と隔離台帳のID集合をpublish前に照合し」の証拠境界として、UNFORMALIZED_NATURAL_LANGUAGE_CLAIMについて一次資料の具体箇所を再特定できず、未確定の関係のまま維持できません。embedding失敗chunkのID集合と隔離台帳のID集合をpublish前に照合し、差分が一件でもあれば公開を止めます。 修正文が具体化する対象は「embedding失敗chunkのID集合と隔離台帳のID集合をpublish前に照合し」です。「embedding失敗chunkのID集合と隔離台帳のID集合をpublish前に照合し」の検討では、未確定の関係を含む元文から採用するのは、再現可能な局所手順に限ります。「embedding失敗chunkのID集合と隔離台帳のID集合をpublish前に照合し」の採否について、未確定の関係を維持できない一方で教材上の操作は残るため、REWRITE_REQUIREDとします。,NOT_APPLICABLE_NON_NORMATIVE,NOT_APPLICABLE_NON_NORMATIVE,NOT_APPLICABLE,3.7.4 (docs/3.回答に使う資料を準備する/3.7.Index構築とライフサイクル.md:101); authoritative docs commit 52bebecfb2a435d0e7ff2efea557c5799674ded6 の現文を次の文へ置換する: embedding失敗chunkのID集合と隔離台帳のID集合をpublish前に照合し、差分が一件でもあれば公開を止めます。 再抽出した文面と分類を照合する。,rag-guide-maintainers,,,,INCONCLUSIVE,NOT_APPLICABLE_UNPROVED,codex-primary-wave4,2026-08-15,codex-independent-wave4,2026-08-15,FINAL_TWO_REVIEWER_APPROVED
SENT-1197,52bebecfb2a435d0e7ff2efea557c5799674ded6,グラフ型ANNへ追加と削除を繰り返すと、検索品質と性能が初回構築時から変化する場合があります。,graph-based ANN indexへ追加・削除を反復すると、初回構築時と比べてRecall、latency、index structureが変化する場合があります。,NL_PROPOSITION(グラフ型ANNへ追加と削除を繰り返すと、検索品質と性能が初回構築時から変化する場合があります。),UNFORMALIZED,general_technical_claim,UNCLASSIFIED,3.7.5 (docs/3.回答に使う資料を準備する/3.7.Index構築とライフサイクル.md:121); authoritative docs commit 52bebecfb2a435d0e7ff2efea557c5799674ded6,SRC-054;SRC-055,SRC-054 https://arxiv.org/abs/2105.09613 — abstract inspected 2026-08-15; 現主張への直接locatorは未確定; SRC-055 https://arxiv.org/abs/2410.14452 — abstract inspected 2026-08-15; 現主張への直接locatorは未確定,AUTHOR_CLAIM,NONE_DIRECTLY_VERIFIED,UNFORMALIZED_NATURAL_LANGUAGE_CLAIM,UNFORMALIZED,REWRITE_REQUIRED,arxiv.orgのAbstractへの参照は台帳にありますが、原文の未形式化主張について未形式化の関係まで同時に再特定できる直接箇所が確定していません。本文に残すのは、graph-based ANN indexへ追加・削除を反復すると、初回構築時と比べてRecall、latency、index structureが変化する場合があるという対象範囲です。原文の未形式化主張について未確認の因果までは導きません。 修正文にある主体と操作対象は保ちつつ、直接根拠を越える未形式化の関係を落とす差分なので、REWRITE_REQUIREDと判定します。,NOT_APPLICABLE_NON_NORMATIVE,NOT_APPLICABLE_NON_NORMATIVE,UNVERIFIED,3.7.5 (docs/3.回答に使う資料を準備する/3.7.Index構築とライフサイクル.md:121); authoritative docs commit 52bebecfb2a435d0e7ff2efea557c5799674ded6 の現文を次の文へ置換する: graph-based ANN indexへ追加・削除を反復すると、初回構築時と比べてRecall、latency、index structureが変化する場合があります。 再抽出した文面と分類を照合する。,rag-guide-maintainers,,,,INCONCLUSIVE,NOT_APPLICABLE_UNPROVED,codex-primary-wave4,2026-08-15,codex-independent-wave4,2026-08-15,FINAL_TWO_REVIEWER_APPROVED
SENT-1211,52bebecfb2a435d0e7ff2efea557c5799674ded6,異なる埋め込み空間やスキーマの候補を、同じ順位一覧へ無計画に混在させません。,embedding空間またはschemaが異なる候補は別順位一覧として保持し、統合規則を定義しないまま一つのscore順へ混在させません。,NL_PROPOSITION(異なる埋め込み空間やスキーマの候補を、同じ順位一覧へ無計画に混在させません。),UNFORMALIZED,general_technical_claim,UNCLASSIFIED,3.7.6 (docs/3.回答に使う資料を準備する/3.7.Index構築とライフサイクル.md:143); authoritative docs commit 52bebecfb2a435d0e7ff2efea557c5799674ded6,,,DEFINITION_OR_SPEC,,UNFORMALIZED_NATURAL_LANGUAGE_CLAIM,UNFORMALIZED,REWRITE_REQUIRED,「embedding空間またはschemaが異なる候補は別順位一覧として保持し」の検討では、UNFORMALIZED_NATURAL_LANGUAGE_CLAIMについては技術一般の性質を断定せず、構成上の扱いだけを定めます。「embedding空間またはschemaが異なる候補は別順位一覧として保持し」の証拠境界として、未確認なのはUNFORMALIZED_NATURAL_LANGUAGE_CLAIMを結ぶ未形式化の関係であり、修正文はその外挿を避けています。embedding空間またはschemaが異なる候補は別順位一覧として保持し、統合規則を定義しないまま一つのscore順へ混在させません。 修正文が具体化する対象は「embedding空間またはschemaが異なる候補は別順位一覧として保持し」です。「embedding空間またはschemaが異なる候補は別順位一覧として保持し」の採否について、UNFORMALIZED_NATURAL_LANGUAGE_CLAIMが一般則と誤読されない修正文を要するため、REWRITE_REQUIREDです。,NOT_APPLICABLE_NON_NORMATIVE,NOT_APPLICABLE_NON_NORMATIVE,NOT_APPLICABLE,3.7.6 (docs/3.回答に使う資料を準備する/3.7.Index構築とライフサイクル.md:143); authoritative docs commit 52bebecfb2a435d0e7ff2efea557c5799674ded6 の現文を次の文へ置換する: embedding空間またはschemaが異なる候補は別順位一覧として保持し、統合規則を定義しないまま一つのscore順へ混在させません。 再抽出した文面と分類を照合する。,rag-guide-maintainers,,,,INCONCLUSIVE,NOT_APPLICABLE_UNPROVED,codex-primary-wave4,2026-08-15,codex-independent-wave4,2026-08-15,FINAL_TWO_REVIEWER_APPROVED
SENT-1212,52bebecfb2a435d0e7ff2efea557c5799674ded6,候補を統合する必要がある場合は、対応する検索器と統合規則を版管理します。,,NL_PROPOSITION(候補を統合する必要がある場合は、対応する検索器と統合規則を版管理します。),UNFORMALIZED,general_technical_claim,必要,3.7.6 (docs/3.回答に使う資料を準備する/3.7.Index構築とライフサイクル.md:144); authoritative docs commit 52bebecfb2a435d0e7ff2efea557c5799674ded6,,,DEFINITION_OR_SPEC,,,,APPROPRIATE_NORMATIVE,Gold標本の二者校正で確定。両案とも、候補統合を採用したときに検索器と統合規則を同一versionで追跡するローカル構成管理規則として妥当と判断した。,候補を統合する必要がある場合は、対応する検索器と統合規則を版管理することを定める検索・経路選択規則について、この規則の統合規則をversion管理し、複数retrieverが返す既知rank listから期待するcandidate順序を再現し、生scoreの無条件加算や重複candidateが発生しないことを確認する。,候補を統合する必要がある場合は、対応する検索器と統合規則を版管理することを定める検索・経路選択規則の例外として、この規則と異なる統合方式はcalibration済みscoreまたは別rerankerとしてversion管理できるが、未調整の異尺度scoreを黙って直接加算しない。,NOT_APPLICABLE,3.7.6 (docs/3.回答に使う資料を準備する/3.7.Index構築とライフサイクル.md:144); authoritative docs commit 52bebecfb2a435d0e7ff2efea557c5799674ded6 の本文を維持し、normative_criteriaとexceptionsを設計台帳へ固定する。,rag-guide-maintainers,,,,INCONCLUSIVE,NOT_APPLICABLE_UNPROVED,codex-primary-wave4,2026-08-15,codex-independent-wave4,2026-08-15,FINAL_TWO_REVIEWER_APPROVED
SENT-1215,52bebecfb2a435d0e7ff2efea557c5799674ded6,複数の計算資源へデータを分散するベクトルデータベースは、ANNアルゴリズムだけでなく、書き込み経路、ログ、データ区画、スナップショット、複製、圧縮を含みます。,分散vector storeの比較範囲にはANNだけでなく、write path、log、partition、snapshot、replication、compressionを含めます。,"AND(ATOM(compressed_vectors=true), ATOM(compression=true))",AND,general_technical_claim,UNCLASSIFIED,3.7.7 (docs/3.回答に使う資料を準備する/3.7.Index構築とライフサイクル.md:151); authoritative docs commit 52bebecfb2a435d0e7ff2efea557c5799674ded6,,,DEFINITION_OR_SPEC,,compressed_vectors=true;compression=true,NOT_APPLICABLE,REWRITE_REQUIRED,「分散vector storeの比較範囲にはANNだけでなく」の証拠境界として、直接検証できていないcompressed_vectors=true、compression=trueと未確定の関係を落とし、修正文の操作だけを採ります。分散vector storeの比較範囲にはANNだけでなく、write path、log、partition、snapshot、replication、compressionを含めます。 修正文が具体化する対象は「分散vector storeの比較範囲にはANNだけでなく」です。「分散vector storeの比較範囲にはANNだけでなく」の検討では、未確定の関係を扱う修正では、抽象的な説明を具体的な操作へ落としています。「分散vector storeの比較範囲にはANNだけでなく」の採否について、compressed_vectors=true、compression=trueに関する具体的な処理は有用ですが、原文のままでは境界を越えるため書換えを選びます。,NOT_APPLICABLE_NON_NORMATIVE,NOT_APPLICABLE_NON_NORMATIVE,NOT_APPLICABLE,3.7.7 (docs/3.回答に使う資料を準備する/3.7.Index構築とライフサイクル.md:151); authoritative docs commit 52bebecfb2a435d0e7ff2efea557c5799674ded6 の現文を次の文へ置換する: 分散vector storeの比較範囲にはANNだけでなく、write path、log、partition、snapshot、replication、compressionを含めます。 再抽出した文面と分類を照合する。,rag-guide-maintainers,,,,INCONCLUSIVE,NOT_APPLICABLE_UNPROVED,codex-primary-wave4,2026-08-15,codex-independent-wave4,2026-08-15,FINAL_TWO_REVIEWER_APPROVED
SENT-1216,52bebecfb2a435d0e7ff2efea557c5799674ded6,Manuは、継続的な更新とベクトル検索を扱う分散型システムを示しました。,Manu論文は、継続更新されるvector dataの取り込みと検索を対象とするcloud-native distributed vector databaseを提示しています。,"AND(ATOM(incremental_updates=true), ATOM(retrieval=true))",AND,externally_cited_claim,UNCLASSIFIED,3.7.7 (docs/3.回答に使う資料を準備する/3.7.Index構築とライフサイクル.md:152); authoritative docs commit 52bebecfb2a435d0e7ff2efea557c5799674ded6,SRC-056,SRC-056 https://arxiv.org/abs/2206.13843 — abstract inspected 2026-08-15; 現主張への直接locatorは未確定,AUTHOR_CLAIM,NONE_DIRECTLY_VERIFIED,incremental_updates=true,NOT_APPLICABLE,REWRITE_REQUIRED,arxiv.orgのAbstractへの参照は台帳にありますが、incremental_updatesについて各要素と結論との直接の対応まで同時に再特定できる直接箇所が確定していません。資料の帰属範囲をManu論文は、継続更新されるvector dataの取り込みと検索を対象とするcloud-native distributed vector databaseを提示しているという限定まで狭め、候補URLの存在だけで機序や結果を補わない文へ変更します。 修正文にある主体と操作対象は保ちつつ、直接根拠を越える各要素と結論との直接の対応を落とす差分なので、REWRITE_REQUIREDと判定します。,NOT_APPLICABLE_NON_NORMATIVE,NOT_APPLICABLE_NON_NORMATIVE,UNVERIFIED,3.7.7 (docs/3.回答に使う資料を準備する/3.7.Index構築とライフサイクル.md:152); authoritative docs commit 52bebecfb2a435d0e7ff2efea557c5799674ded6 の現文を次の文へ置換する: Manu論文は、継続更新されるvector dataの取り込みと検索を対象とするcloud-native distributed vector databaseを提示しています。 再抽出した文面と分類を照合する。,rag-guide-maintainers,,,,INCONCLUSIVE,NOT_APPLICABLE_UNPROVED,codex-primary-wave4,2026-08-15,codex-independent-wave4,2026-08-15,FINAL_TWO_REVIEWER_APPROVED
SENT-1223,52bebecfb2a435d0e7ff2efea557c5799674ded6,ベクトル本体の概算容量は N × d × b で求められます。,本書では、ベクトル本体の概算容量を N × d × b で計算し、Nをベクトル件数、dを次元数、bを1要素当たりのbyte数とします。,NL_PROPOSITION(ベクトル本体の概算容量は N × d × b で求められます。),UNFORMALIZED,general_technical_claim,UNCLASSIFIED,3.7.7 (docs/3.回答に使う資料を準備する/3.7.Index構築とライフサイクル.md:162); authoritative docs commit 52bebecfb2a435d0e7ff2efea557c5799674ded6,,,DEFINITION_OR_SPEC,,,,APPROPRIATE_NORMATIVE,本書では、ベクトル本体の概算容量を N × d × b で計算し、Nをベクトル件数、dを次元数、bを1要素当たりのbyte数とするという運用要件は、実行時の判断を担当者ごとにぶらさないためのローカル規則です。本文、図表、schema、評価台帳で同じ対象、単位、入出力を使用し、異なる意味で使う箇所がrepository内検索でゼロ件であることを確認する。 適用境界では、当該規則が公式標準または製品仕様の同名語と異なる場合はローカル定義であることと対応関係を併記し、公式語の意味を上書きしない。 実装結果と例外発生時の扱いを個別に検査できるため、APPROPRIATE_NORMATIVEです。,本書では、ベクトル本体の概算容量を N × d × b で計算し、Nをベクトル件数、dを次元数、bを1要素当たりのbyte数とすることを定める運用規則について、本文、図表、schema、評価台帳で同じ対象、単位、入出力を使用し、異なる意味で使う箇所がrepository内検索でゼロ件であることを確認する。,本書では、ベクトル本体の概算容量を N × d × b で計算し、Nをベクトル件数、dを次元数、bを1要素当たりのbyte数とすることを定める運用規則の例外として、当該規則が公式標準または製品仕様の同名語と異なる場合はローカル定義であることと対応関係を併記し、公式語の意味を上書きしない。,NOT_APPLICABLE,3.7.7 (docs/3.回答に使う資料を準備する/3.7.Index構築とライフサイクル.md:162); authoritative docs commit 52bebecfb2a435d0e7ff2efea557c5799674ded6 の現文を次の文へ置換する: 本書では、ベクトル本体の概算容量を N × d × b で計算し、Nをベクトル件数、dを次元数、bを1要素当たりのbyte数とします。 再抽出した文面と分類を照合する。,rag-guide-maintainers,,,,INCONCLUSIVE,NOT_APPLICABLE_UNPROVED,codex-primary-wave4,2026-08-15,codex-independent-wave4,2026-08-15,FINAL_TWO_REVIEWER_APPROVED
SENT-1232,52bebecfb2a435d0e7ff2efea557c5799674ded6,公開値をそのまま採用せず、対象の計算機、ベクトル、絞り込み条件で再測定します。,,NOT(ATOM(evaluation=true)),NOT,general_technical_claim,UNCLASSIFIED,3.7.7 (docs/3.回答に使う資料を準備する/3.7.Index構築とライフサイクル.md:174); authoritative docs commit 52bebecfb2a435d0e7ff2efea557c5799674ded6,,,DEFINITION_OR_SPEC,,,,APPROPRIATE_NORMATIVE,公開値をそのまま採用せず、対象の計算機、ベクトル、絞り込み条件で再測定するという採否判断は、比較対象と合格条件を実行結果で識別するために置きます。公開benchmark値を採用閾値にせず、対象hardware、vector distribution、index size、filter selectivityを固定した負荷試験でRecall、p95 latency、build time、memoryを再測定する。 さらに、探索段階の候補絞り込みには公開値を使えるが、本番容量と合否は対象環境の再測定値で決める。 この扱いを例外として記録します。 同じ条件での比較と採用しない条件を両方記録できるため、APPROPRIATE_NORMATIVEです。,公開benchmark値を採用閾値にせず、対象hardware、vector distribution、index size、filter selectivityを固定した負荷試験でRecall、p95 latency、build time、memoryを再測定する。,探索段階の候補絞り込みには公開値を使えるが、本番容量と合否は対象環境の再測定値で決める。,NOT_APPLICABLE,3.7.7 (docs/3.回答に使う資料を準備する/3.7.Index構築とライフサイクル.md:174); authoritative docs commit 52bebecfb2a435d0e7ff2efea557c5799674ded6 の本文を維持し、normative_criteriaとexceptionsを設計台帳へ固定する。,rag-guide-maintainers,,,,INCONCLUSIVE,NOT_APPLICABLE_UNPROVED,codex-primary-wave4,2026-08-15,codex-independent-wave4,2026-08-15,FINAL_TWO_REVIEWER_APPROVED
SENT-1242,52bebecfb2a435d0e7ff2efea557c5799674ded6,異常を検知したときに、情報源、解析、埋め込み、ANN、フィルターのどこで変化したかを分けられる指標を持ちます。,情報源、parser、embedding、ANN、filterの各段階に独立したversionと品質指標を置き、異常発生時に最初の変化点を特定します。,NL_PROPOSITION(異常を検知したときに、情報源、解析、埋め込み、ANN、フィルターのどこで変化したかを分けられる指標を持ちます。),UNFORMALIZED,general_technical_claim,UNCLASSIFIED,3.7.7 (docs/3.回答に使う資料を準備する/3.7.Index構築とライフサイクル.md:188); authoritative docs commit 52bebecfb2a435d0e7ff2efea557c5799674ded6,,,DEFINITION_OR_SPEC,,UNFORMALIZED_NATURAL_LANGUAGE_CLAIM,NOT_APPLICABLE,REWRITE_REQUIRED,「情報源」の証拠境界として、UNFORMALIZED_NATURAL_LANGUAGE_CLAIMを外部主張として残す証拠がなく、未確定の関係を具体的な構成判断へ縮約しています。情報源、parser、embedding、ANN、filterの各段階に独立したversionと品質指標を置き、異常発生時に最初の変化点を特定します。 修正文が具体化する対象は「情報源」です。「情報源」の検討では、UNFORMALIZED_NATURAL_LANGUAGE_CLAIMを技術一般へ外挿せず、本文の動作を具体化しました。「情報源」の採否について、UNFORMALIZED_NATURAL_LANGUAGE_CLAIMが一般則と誤読されない修正文を要するため、REWRITE_REQUIREDです。,NOT_APPLICABLE_NON_NORMATIVE,NOT_APPLICABLE_NON_NORMATIVE,NOT_APPLICABLE,3.7.7 (docs/3.回答に使う資料を準備する/3.7.Index構築とライフサイクル.md:188); authoritative docs commit 52bebecfb2a435d0e7ff2efea557c5799674ded6 の現文を次の文へ置換する: 情報源、parser、embedding、ANN、filterの各段階に独立したversionと品質指標を置き、異常発生時に最初の変化点を特定します。 再抽出した文面と分類を照合する。,rag-guide-maintainers,,,,INCONCLUSIVE,NOT_APPLICABLE_UNPROVED,codex-primary-wave4,2026-08-15,codex-independent-wave4,2026-08-15,FINAL_TWO_REVIEWER_APPROVED
SENT-1274,52bebecfb2a435d0e7ff2efea557c5799674ded6,Query Resolution for Conversational Searchは、会話中の質問へ必要な情報を補う方法を扱いました。,,NL_PROPOSITION(Query Resolution for Conversational Searchは、会話中の質問へ必要な情報を補う方法を扱いました。),UNFORMALIZED,externally_cited_claim,必要,4.1.1 (docs/4.質問に合う根拠を探す/4.1.Query理解と検索計画.md:12); authoritative docs commit 52bebecfb2a435d0e7ff2efea557c5799674ded6,SRC-057,"https://arxiv.org/abs/2005.11723, Abstract, lines 15–18",AUTHOR_CLAIM,retrieval=true;generation=true,,,APPROPRIATE_SUPPORTED,Query Resolution原著Abstractが、会話文脈を利用してunderspecifiedな現在質問をより完全に表現する問題を扱うと明記し、『必要な情報を補う』を支持する。,NOT_APPLICABLE_NON_NORMATIVE,NOT_APPLICABLE_NON_NORMATIVE,SOURCE_ASSERTED,4.1.1 (docs/4.質問に合う根拠を探す/4.1.Query理解と検索計画.md:12); authoritative docs commit 52bebecfb2a435d0e7ff2efea557c5799674ded6 の本文を維持し、確定した一次資料locator・主張役割・外的真偽境界を台帳へ固定する。,rag-guide-maintainers,,,,INCONCLUSIVE,NOT_APPLICABLE_UNPROVED,codex-primary-wave4,2026-08-15,codex-independent-wave4,2026-08-15,FINAL_TWO_REVIEWER_APPROVED
SENT-1276,52bebecfb2a435d0e7ff2efea557c5799674ded6,会話の参照先を解決できても、検索器、検索件数、反復回数は自動的に決まりません。,会話参照の解決後に、retriever、取得件数、反復上限を検索計画へ明示し、参照解決結果から暗黙に決定しません。,NOT(ATOM(retrieval=true)),NOT,general_technical_claim,UNCLASSIFIED,4.1.1 (docs/4.質問に合う根拠を探す/4.1.Query理解と検索計画.md:14); authoritative docs commit 52bebecfb2a435d0e7ff2efea557c5799674ded6,,,DEFINITION_OR_SPEC,,retrieval=true,NOT,REWRITE_REQUIRED,「会話参照の解決後」の証拠境界として、retrieval=trueを外部主張として残す証拠がなく、否定関係を具体的な構成判断へ縮約しています。会話参照の解決後に、retriever、取得件数、反復上限を検索計画へ明示し、参照解決結果から暗黙に決定しません。 修正文が具体化する対象は「会話参照の解決後」です。「会話参照の解決後」の検討では、否定関係が表す設計意図を、入力・処理・結果が追える形に限定します。「会話参照の解決後」の採否について、否定関係に対するこの限定なら主体と対象を保てるので、削除ではなくREWRITE_REQUIREDです。,NOT_APPLICABLE_NON_NORMATIVE,NOT_APPLICABLE_NON_NORMATIVE,NOT_APPLICABLE,4.1.1 (docs/4.質問に合う根拠を探す/4.1.Query理解と検索計画.md:14); authoritative docs commit 52bebecfb2a435d0e7ff2efea557c5799674ded6 の現文を次の文へ置換する: 会話参照の解決後に、retriever、取得件数、反復上限を検索計画へ明示し、参照解決結果から暗黙に決定しません。 再抽出した文面と分類を照合する。,rag-guide-maintainers,,,,INCONCLUSIVE,NOT_APPLICABLE_UNPROVED,codex-primary-wave4,2026-08-15,codex-independent-wave4,2026-08-15,FINAL_TWO_REVIEWER_APPROVED
SENT-1301,52bebecfb2a435d0e7ff2efea557c5799674ded6,検索器は、ＡＢＣ‐100 と ABC-100 を別の語として扱う場合があります。,Unicode正規化を行わないretrieverでは、全角の「ＡＢＣ‐100」と半角の「ABC-100」が別tokenとして扱われる場合があります。,NL_PROPOSITION(検索器は、ＡＢＣ‐100 と ABC-100 を別の語として扱う場合があります。),UNFORMALIZED,general_technical_claim,UNCLASSIFIED,4.1.2 (docs/4.質問に合う根拠を探す/4.1.Query理解と検索計画.md:50); authoritative docs commit 52bebecfb2a435d0e7ff2efea557c5799674ded6,SRC-002;SRC-005;SRC-042;SRC-043;SRC-044,SRC-002 https://aclanthology.org/2020.emnlp-main.550/ — abstract inspected 2026-08-15; 現主張への直接locatorは未確定; SRC-005 https://doi.org/10.1561/1500000019 — primary_page inspected 2026-08-15; 現主張への直接locatorは未確定; SRC-042 https://arxiv.org/abs/1908.10084 — abstract inspected 2026-08-15; 現主張への直接locatorは未確定,AUTHOR_CLAIM,NONE_DIRECTLY_VERIFIED,UNFORMALIZED_NATURAL_LANGUAGE_CLAIM,UNFORMALIZED,REWRITE_REQUIRED,aclanthology.org・doi.orgのAbstractへの参照は台帳にありますが、原文の未形式化主張について未形式化の関係まで同時に再特定できる直接箇所が確定していません。本文に残すのは、Unicode正規化を行わないretrieverでは、全角の「ＡＢＣ‐100」と半角の「ABC-100」が別tokenとして扱われる場合があるという対象範囲です。原文の未形式化主張について未確認の因果までは導きません。 修正文にある主体と操作対象は保ちつつ、直接根拠を越える未形式化の関係を落とす差分なので、REWRITE_REQUIREDと判定します。,NOT_APPLICABLE_NON_NORMATIVE,NOT_APPLICABLE_NON_NORMATIVE,UNVERIFIED,4.1.2 (docs/4.質問に合う根拠を探す/4.1.Query理解と検索計画.md:50); authoritative docs commit 52bebecfb2a435d0e7ff2efea557c5799674ded6 の現文を次の文へ置換する: Unicode正規化を行わないretrieverでは、全角の「ＡＢＣ‐100」と半角の「ABC-100」が別tokenとして扱われる場合があります。 再抽出した文面と分類を照合する。,rag-guide-maintainers,,,,INCONCLUSIVE,NOT_APPLICABLE_UNPROVED,codex-primary-wave4,2026-08-15,codex-independent-wave4,2026-08-15,FINAL_TWO_REVIEWER_APPROVED
SENT-1317,52bebecfb2a435d0e7ff2efea557c5799674ded6,| 識別子 | 「ERR-504の原因」 | 完全一致、疎検索 |,| 識別子 | 「ERR-504の原因」 | 完全一致、疎検索 |,"AND(ATOM(sparse=true), ATOM(retrieval=true))",AND,general_technical_claim,UNCLASSIFIED,4.1.3 (docs/4.質問に合う根拠を探す/4.1.Query理解と検索計画.md:80); authoritative docs commit 52bebecfb2a435d0e7ff2efea557c5799674ded6,SRC-057;SRC-058;SRC-059;SRC-060,SRC-057 https://arxiv.org/abs/2005.11723 — abstract inspected 2026-08-15; 現主張への直接locatorは未確定; SRC-058 https://arxiv.org/abs/2403.14403 — abstract inspected 2026-08-15; 現主張への直接locatorは未確定; SRC-059 https://arxiv.org/abs/2407.16833 — abstract inspected 2026-08-15; 現主張への直接locatorは未確定,DEFINITION_OR_SPEC,NONE_DIRECTLY_VERIFIED,sparse=true,NOT_APPLICABLE,REMOVE_OR_REPLACE,| 識別子 | 「ERR-504の原因」 | 完全一致、疎検索 | この行は 4.1.3 (docs/4.質問に合う根拠を探す/4.1.Query理解と検索計画.md:80); authoritative docs commit 52bebecfb2a435d0e7ff2efea557c5799674ded6 にあるMarkdown表示単位で、単独の技術命題として検証できる主語・述語を備えていません。表示は維持しつつ sparse=true を証拠要求の命題集合から除外するため、REMOVE_OR_REPLACEの分類overrideを適用します。,NOT_APPLICABLE_NON_NORMATIVE,NOT_APPLICABLE_NON_NORMATIVE,UNVERIFIED,4.1.3 (docs/4.質問に合う根拠を探す/4.1.Query理解と検索計画.md:80); authoritative docs commit 52bebecfb2a435d0e7ff2efea557c5799674ded6 のMarkdown表示は維持し、Wave 4分類overrideで技術的事実の命題集合から除外する。,rag-guide-maintainers,,,,INCONCLUSIVE,NOT_APPLICABLE_UNPROVED,codex-primary-wave4,2026-08-15,codex-independent-wave4,2026-08-15,FINAL_TWO_REVIEWER_APPROVED
SENT-1318,52bebecfb2a435d0e7ff2efea557c5799674ded6,| 意味・説明 | 「起動できないときの対処」 | 密検索、ハイブリッド検索 |,| 意味・説明 | 「起動できないときの対処」 | 密検索、ハイブリッド検索 |,"NOT(AND(ATOM(dense=true), ATOM(retrieval=true)))",NOT,general_technical_claim,UNCLASSIFIED,4.1.3 (docs/4.質問に合う根拠を探す/4.1.Query理解と検索計画.md:81); authoritative docs commit 52bebecfb2a435d0e7ff2efea557c5799674ded6,SRC-057;SRC-058;SRC-059;SRC-060,SRC-057 https://arxiv.org/abs/2005.11723 — abstract inspected 2026-08-15; 現主張への直接locatorは未確定; SRC-058 https://arxiv.org/abs/2403.14403 — abstract inspected 2026-08-15; 現主張への直接locatorは未確定; SRC-059 https://arxiv.org/abs/2407.16833 — abstract inspected 2026-08-15; 現主張への直接locatorは未確定,DEFINITION_OR_SPEC,NONE_DIRECTLY_VERIFIED,dense=true,NOT,REMOVE_OR_REPLACE,| 意味・説明 | 「起動できないときの対処」 | 密検索、ハイブリッド検索 | この行は 4.1.3 (docs/4.質問に合う根拠を探す/4.1.Query理解と検索計画.md:81); authoritative docs commit 52bebecfb2a435d0e7ff2efea557c5799674ded6 にあるMarkdown表示単位で、単独の技術命題として検証できる主語・述語を備えていません。表示は維持しつつ dense=true を証拠要求の命題集合から除外するため、REMOVE_OR_REPLACEの分類overrideを適用します。,NOT_APPLICABLE_NON_NORMATIVE,NOT_APPLICABLE_NON_NORMATIVE,UNVERIFIED,4.1.3 (docs/4.質問に合う根拠を探す/4.1.Query理解と検索計画.md:81); authoritative docs commit 52bebecfb2a435d0e7ff2efea557c5799674ded6 のMarkdown表示は維持し、Wave 4分類overrideで技術的事実の命題集合から除外する。,rag-guide-maintainers,,,,INCONCLUSIVE,NOT_APPLICABLE_UNPROVED,codex-primary-wave4,2026-08-15,codex-independent-wave4,2026-08-15,FINAL_TWO_REVIEWER_APPROVED
SENT-1330,52bebecfb2a435d0e7ff2efea557c5799674ded6,利用者が明示した条件と、モデルが推定した条件を分けます。,,NL_PROPOSITION(利用者が明示した条件と、モデルが推定した条件を分けます。),UNFORMALIZED,empirical_or_research_claim,UNCLASSIFIED,4.1.3 (docs/4.質問に合う根拠を探す/4.1.Query理解と検索計画.md:96); authoritative docs commit 52bebecfb2a435d0e7ff2efea557c5799674ded6,,,DEFINITION_OR_SPEC,,,,APPROPRIATE_NORMATIVE,Gold標本の二者校正で確定。両案とも、利用者明示条件とモデル推定条件を区別する本ガイドの運用規則として妥当と判断した。推定値にはprovenanceを付け、利用者が上書きした場合を例外として記録する。,利用者が明示したfilterとmodelが推定したfilterを別fieldとprovenanceで保存し、明示条件は必須絞り込み、推定条件はrerankまたは別検索にだけ使う。,利用者入力の表記揺れを決定的な辞書で正規化した値は明示条件として扱えるが、model推論由来の値へ格上げしない。,NOT_APPLICABLE,4.1.3 (docs/4.質問に合う根拠を探す/4.1.Query理解と検索計画.md:96); authoritative docs commit 52bebecfb2a435d0e7ff2efea557c5799674ded6 の本文を維持し、normative_criteriaとexceptionsを設計台帳へ固定する。,rag-guide-maintainers,,,,INCONCLUSIVE,NOT_APPLICABLE_UNPROVED,codex-primary-wave4,2026-08-15,codex-independent-wave4,2026-08-15,FINAL_TWO_REVIEWER_APPROVED
SENT-1342,52bebecfb2a435d0e7ff2efea557c5799674ded6,識別子は疎検索、言い換えは密検索、両方が混在する質問はハイブリッド検索、集計はSQL（Structured Query Language、構造化問い合わせ言語）によるデータベース問い合わせ、関係探索は知識グラフが候補です。,,"AND(AND(AND(ATOM(sparse=true), ATOM(dense=true)), ATOM(graph=true)), ATOM(retrieval=true))",AND,general_technical_claim,UNCLASSIFIED,4.1.5 (docs/4.質問に合う根拠を探す/4.1.Query理解と検索計画.md:117); authoritative docs commit 52bebecfb2a435d0e7ff2efea557c5799674ded6,,,DEFINITION_OR_SPEC,,,,APPROPRIATE_NORMATIVE,識別子は疎検索、言い換えは密検索、両方が混在する質問はハイブリッド検索、集計はSQL（Structured Query Language、構造化問い合わせ言語）によるデータベース問い合わせ、関係探索は知識グラフが候補であるという検索経路は、候補の収集・統合・選択を再現可能にするガイド内の決定です。識別子、言い換え、混在、集計、関係探索のlabeled query setを用意し、routerがそれぞれ疎検索、密検索、hybrid、SQL、graphを選ぶことをconfusion matrixで確認する。 さらに、複数意図を持つ質問は複数経路へ送れるが、各経路の選択理由と統合結果を同じtraceへ記録する。 この扱いを例外として記録します。 検索結果の合格条件と別経路へ切り替える条件が検査できるため、APPROPRIATE_NORMATIVEです。,識別子、言い換え、混在、集計、関係探索のlabeled query setを用意し、routerがそれぞれ疎検索、密検索、hybrid、SQL、graphを選ぶことをconfusion matrixで確認する。,複数意図を持つ質問は複数経路へ送れるが、各経路の選択理由と統合結果を同じtraceへ記録する。,NOT_APPLICABLE,4.1.5 (docs/4.質問に合う根拠を探す/4.1.Query理解と検索計画.md:117); authoritative docs commit 52bebecfb2a435d0e7ff2efea557c5799674ded6 の本文を維持し、normative_criteriaとexceptionsを設計台帳へ固定する。,rag-guide-maintainers,,,,INCONCLUSIVE,NOT_APPLICABLE_UNPROVED,codex-primary-wave4,2026-08-15,codex-independent-wave4,2026-08-15,FINAL_TWO_REVIEWER_APPROVED
SENT-1349,52bebecfb2a435d0e7ff2efea557c5799674ded6,検索計画には、どの検索文をどの検索器へ送り、何件取得し、何件再順位付けし、いつ終了するかを記述します。,検索計画へqueryごとのretriever、top-k、rerank件数、終了条件、timeout時の代替経路を記録します。,"AND(ATOM(rerank=true), ATOM(retrieval=true))",AND,general_technical_claim,UNCLASSIFIED,4.1.5 (docs/4.質問に合う根拠を探す/4.1.Query理解と検索計画.md:127); authoritative docs commit 52bebecfb2a435d0e7ff2efea557c5799674ded6,,,DEFINITION_OR_SPEC,,rerank=true,NOT_APPLICABLE,REWRITE_REQUIRED,「検索計画へqueryごとのretriever」の証拠境界として、未確認なのはrerank=trueを結ぶ未確定の関係であり、修正文はその外挿を避けています。検索計画へqueryごとのretriever、top-k、rerank件数、終了条件、timeout時の代替経路を記録します。 修正文が具体化する対象は「検索計画へqueryごとのretriever」です。「検索計画へqueryごとのretriever」の検討では、rerank=trueを外部で常に成立する命題にはせず、このガイドの実装境界として記述します。「検索計画へqueryごとのretriever」の採否について、未確定の関係に対するこの限定なら主体と対象を保てるので、削除ではなくREWRITE_REQUIREDです。,NOT_APPLICABLE_NON_NORMATIVE,NOT_APPLICABLE_NON_NORMATIVE,NOT_APPLICABLE,4.1.5 (docs/4.質問に合う根拠を探す/4.1.Query理解と検索計画.md:127); authoritative docs commit 52bebecfb2a435d0e7ff2efea557c5799674ded6 の現文を次の文へ置換する: 検索計画へqueryごとのretriever、top-k、rerank件数、終了条件、timeout時の代替経路を記録します。 再抽出した文面と分類を照合する。,rag-guide-maintainers,,,,INCONCLUSIVE,NOT_APPLICABLE_UNPROVED,codex-primary-wave4,2026-08-15,codex-independent-wave4,2026-08-15,FINAL_TWO_REVIEWER_APPROVED
SENT-1382,52bebecfb2a435d0e7ff2efea557c5799674ded6,改善が確認できない質問種類には変換を適用しません。,,NOT(ATOM(empirical_result=true)),NOT,empirical_or_research_claim,UNCLASSIFIED,4.2.1 (docs/4.質問に合う根拠を探す/4.2.Query変換.md:16); authoritative docs commit 52bebecfb2a435d0e7ff2efea557c5799674ded6,,,DEFINITION_OR_SPEC,,,,APPROPRIATE_NORMATIVE,改善が確認できない質問種類には変換を適用しないという採否判断は、比較対象と合格条件を実行結果で識別するために置きます。query transformationは質問slice別A/B評価でbaselineより主要retrieval指標が改善し、end-to-end guardrailを悪化させないsliceだけにfeature flagで有効化する。 さらに、標本不足のsliceは改善未確認として無効のままにし、他sliceの平均改善を流用しない。 この扱いを例外として記録します。 同じ条件での比較と採用しない条件を両方記録できるため、APPROPRIATE_NORMATIVEです。,query transformationは質問slice別A/B評価でbaselineより主要retrieval指標が改善し、end-to-end guardrailを悪化させないsliceだけにfeature flagで有効化する。,標本不足のsliceは改善未確認として無効のままにし、他sliceの平均改善を流用しない。,NOT_APPLICABLE,4.2.1 (docs/4.質問に合う根拠を探す/4.2.Query変換.md:16); authoritative docs commit 52bebecfb2a435d0e7ff2efea557c5799674ded6 の本文を維持し、normative_criteriaとexceptionsを設計台帳へ固定する。,rag-guide-maintainers,,,,INCONCLUSIVE,NOT_APPLICABLE_UNPROVED,codex-primary-wave4,2026-08-15,codex-independent-wave4,2026-08-15,FINAL_TWO_REVIEWER_APPROVED
SENT-1404,52bebecfb2a435d0e7ff2efea557c5799674ded6,最初は生成する検索文を2〜5件程度にするなど、明示した上限から評価します。,,"AND(AND(ATOM(retrieval=true), ATOM(generation=true)), ATOM(evaluation=true))",AND,empirical_or_research_claim,UNCLASSIFIED,4.2.2 (docs/4.質問に合う根拠を探す/4.2.Query変換.md:50); authoritative docs commit 52bebecfb2a435d0e7ff2efea557c5799674ded6,,,DEFINITION_OR_SPEC,,,,APPROPRIATE_NORMATIVE,最初は生成する検索文を2〜5件程度にするなど、明示した上限から評価するという採否判断は、比較対象と合格条件を実行結果で識別するために置きます。本文に列挙した対象・条件・指標を個別fieldへ保存し、同一runの実装結果または評価結果と一致することを確認する。 さらに、判定に必要なgold evidenceがないslice、標本不足のslice、負荷条件が異なるrunは合否集計から分離し、他sliceの平均結果を外挿しない。 この扱いを例外として記録します。 同じ条件での比較と採用しない条件を両方記録できるため、APPROPRIATE_NORMATIVEです。,最初は生成する検索文を2〜5件程度にするなど、明示した上限から評価することを定める評価・採否規則について、本文に列挙した対象・条件・指標を個別fieldへ保存し、同一runの実装結果または評価結果と一致することを確認する。,最初は生成する検索文を2〜5件程度にするなど、明示した上限から評価することを定める評価・採否規則の例外として、判定に必要なgold evidenceがないslice、標本不足のslice、負荷条件が異なるrunは合否集計から分離し、他sliceの平均結果を外挿しない。,NOT_APPLICABLE,4.2.2 (docs/4.質問に合う根拠を探す/4.2.Query変換.md:50); authoritative docs commit 52bebecfb2a435d0e7ff2efea557c5799674ded6 の本文を維持し、normative_criteriaとexceptionsを設計台帳へ固定する。,rag-guide-maintainers,,,,INCONCLUSIVE,NOT_APPLICABLE_UNPROVED,codex-primary-wave4,2026-08-15,codex-independent-wave4,2026-08-15,FINAL_TWO_REVIEWER_APPROVED
SENT-1411,52bebecfb2a435d0e7ff2efea557c5799674ded6,各検索文を疎検索と密検索へ送る場合、検索文数、検索器数、候補数の積で処理量が増えます。,各query variantをsparse retrieverとdense retrieverの双方へ送る構成では、処理対象候補数はquery variant数、retriever数、retriever当たり候補数に応じて増えます。,"IMP(AND(AND(ATOM(sparse=true), ATOM(dense=true)), ATOM(retrieval=true)), ATOM(retrieval=true))",IMPLIES,general_technical_claim,UNCLASSIFIED,4.2.2 (docs/4.質問に合う根拠を探す/4.2.Query変換.md:60); authoritative docs commit 52bebecfb2a435d0e7ff2efea557c5799674ded6,SRC-063;SRC-062,SRC-063 https://arxiv.org/abs/2303.07678 — abstract inspected 2026-08-15; 現主張への直接locatorは未確定; SRC-062 https://arxiv.org/abs/1904.08375 — abstract inspected 2026-08-15; 現主張への直接locatorは未確定,AUTHOR_CLAIM,NONE_DIRECTLY_VERIFIED,sparse=true,IMPLIES,REWRITE_REQUIRED,arxiv.orgのAbstractへの参照は台帳にありますが、sparseについて前件から後件への含意まで同時に再特定できる直接箇所が確定していません。本文に残すのは、各query variantをsparse retrieverとdense retrieverの双方へ送る構成では、処理対象候補数はquery variant数、retriever数、retriever当たり候補数に応じて増えるという対象範囲です。sparseについて未確認の因果までは導きません。 修正文にある主体と操作対象は保ちつつ、直接根拠を越える前件から後件への含意を落とす差分なので、REWRITE_REQUIREDと判定します。,NOT_APPLICABLE_NON_NORMATIVE,NOT_APPLICABLE_NON_NORMATIVE,UNVERIFIED,4.2.2 (docs/4.質問に合う根拠を探す/4.2.Query変換.md:60); authoritative docs commit 52bebecfb2a435d0e7ff2efea557c5799674ded6 の現文を次の文へ置換する: 各query variantをsparse retrieverとdense retrieverの双方へ送る構成では、処理対象候補数はquery variant数、retriever数、retriever当たり候補数に応じて増えます。 再抽出した文面と分類を照合する。,rag-guide-maintainers,,,,INCONCLUSIVE,NOT_APPLICABLE_UNPROVED,codex-primary-wave4,2026-08-15,codex-independent-wave4,2026-08-15,FINAL_TWO_REVIEWER_APPROVED
SENT-1413,52bebecfb2a435d0e7ff2efea557c5799674ded6,RRF（Reciprocal Rank Fusion、相互順位統合）は、各一覧の順位を使うため、検索文や検索器ごとにスコア尺度が異なる場合にも利用できます。,RRFは各rank list内の順位から候補ごとの値を計算するため、検索文やretriever間で生scoreの尺度が異なる場合でも、scoreを直接加算せず順位表を統合できます。,NL_PROPOSITION(RRF（Reciprocal Rank Fusion、相互順位統合）は、各一覧の順位を使うため、検索文や検索器ごとにスコア尺度が異なる場合にも利用できます。),UNFORMALIZED,externally_cited_claim,できます,4.2.2 (docs/4.質問に合う根拠を探す/4.2.Query変換.md:63); authoritative docs commit 52bebecfb2a435d0e7ff2efea557c5799674ded6,SRC-064,SRC-064 https://dl.acm.org/doi/10.1145/1571941.1572114 — primary_page inspected 2026-08-15; 現主張への直接locatorは未確定,AUTHOR_CLAIM,NONE_DIRECTLY_VERIFIED,UNFORMALIZED_NATURAL_LANGUAGE_CLAIM,UNFORMALIZED,REWRITE_REQUIRED,dl.acm.orgの一次資料ページへの参照は台帳にありますが、原文の未形式化主張について未形式化の関係まで同時に再特定できる直接箇所が確定していません。資料の帰属範囲をRRFは各rank list内の順位から候補ごとの値を計算するため、検索文やretriever間で生scoreの尺度が異なる場合でも、scoreを直接加算せず順位表を統合できるという限定まで狭め、候補URLの存在だけで機序や結果を補わない文へ変更します。 修正文にある主体と操作対象は保ちつつ、直接根拠を越える未形式化の関係を落とす差分なので、REWRITE_REQUIREDと判定します。,NOT_APPLICABLE_NON_NORMATIVE,NOT_APPLICABLE_NON_NORMATIVE,UNVERIFIED,4.2.2 (docs/4.質問に合う根拠を探す/4.2.Query変換.md:63); authoritative docs commit 52bebecfb2a435d0e7ff2efea557c5799674ded6 の現文を次の文へ置換する: RRFは各rank list内の順位から候補ごとの値を計算するため、検索文やretriever間で生scoreの尺度が異なる場合でも、scoreを直接加算せず順位表を統合できます。 再抽出した文面と分類を照合する。,rag-guide-maintainers,,,,INCONCLUSIVE,NOT_APPLICABLE_UNPROVED,codex-primary-wave4,2026-08-15,codex-independent-wave4,2026-08-15,FINAL_TWO_REVIEWER_APPROVED
SENT-1414,52bebecfb2a435d0e7ff2efea557c5799674ded6,同じ文書・チャンクを安定IDでまとめ、どの検索文が候補へ寄与したかを保持します。,,ATOM(retrieval=true),ATOM,general_technical_claim,UNCLASSIFIED,4.2.2 (docs/4.質問に合う根拠を探す/4.2.Query変換.md:64); authoritative docs commit 52bebecfb2a435d0e7ff2efea557c5799674ded6,,,DEFINITION_OR_SPEC,,,,APPROPRIATE_NORMATIVE,同じ文書・チャンクを安定IDでまとめ、どの検索文が候補へ寄与したかを保持するという検索経路は、候補の収集・統合・選択を再現可能にするガイド内の決定です。同じdocument versionと原文範囲から生成した候補をstable chunk IDでdeduplicateし、各候補に寄与した全query variantとretrieval rankを保持する。 さらに、同じ本文でもsource、version、原文範囲が異なる候補は一件へ潰さず、別provenanceとして残す。 この扱いを例外として記録します。 検索結果の合格条件と別経路へ切り替える条件が検査できるため、APPROPRIATE_NORMATIVEです。,同じdocument versionと原文範囲から生成した候補をstable chunk IDでdeduplicateし、各候補に寄与した全query variantとretrieval rankを保持する。,同じ本文でもsource、version、原文範囲が異なる候補は一件へ潰さず、別provenanceとして残す。,NOT_APPLICABLE,4.2.2 (docs/4.質問に合う根拠を探す/4.2.Query変換.md:64); authoritative docs commit 52bebecfb2a435d0e7ff2efea557c5799674ded6 の本文を維持し、normative_criteriaとexceptionsを設計台帳へ固定する。,rag-guide-maintainers,,,,INCONCLUSIVE,NOT_APPLICABLE_UNPROVED,codex-primary-wave4,2026-08-15,codex-independent-wave4,2026-08-15,FINAL_TWO_REVIEWER_APPROVED
SENT-1419,52bebecfb2a435d0e7ff2efea557c5799674ded6,疎検索では擬似文書中の語を検索語へ利用でき、密検索では文書に近い長さ・表現の埋め込みを作れます。,Query2docは、LLMが生成した擬似文書を質問へ追加し、疎検索と密検索の双方を改善する方法です。,"AND(AND(AND(ATOM(sparse=true), ATOM(dense=true)), ATOM(generated_query_representation=true)), ATOM(retrieval=true))",AND,general_technical_claim,UNCLASSIFIED,4.2.3 (docs/4.質問に合う根拠を探す/4.2.Query変換.md:74); authoritative docs commit 52bebecfb2a435d0e7ff2efea557c5799674ded6,SRC-063,"https://arxiv.org/abs/2303.07678, Abstract, lines 16–17",AUTHOR_CLAIM,sparse=true;dense=true;generated_query_representation=true;retrieval=true,,NOT_APPLICABLE,REWRITE_REQUIRED,Gold標本の二者校正で確定。両案はREWRITE_REQUIREDで一致。Query2docは擬似文書を質問へ追加し疎・密検索を改善することは支持するが、密検索で『文書に近い長さ・表現の埋め込み』になるという機序はAbstractから直接支持されない。,NOT_APPLICABLE_NON_NORMATIVE,NOT_APPLICABLE_NON_NORMATIVE,SOURCE_ASSERTED,4.2.3 (docs/4.質問に合う根拠を探す/4.2.Query変換.md:74); authoritative docs commit 52bebecfb2a435d0e7ff2efea557c5799674ded6 の現文を次の文へ置換する: Query2docは、LLMが生成した擬似文書を質問へ追加し、疎検索と密検索の双方を改善する方法です。 再抽出した文面と分類を照合する。,rag-guide-maintainers,,,,INCONCLUSIVE,NOT_APPLICABLE_UNPROVED,codex-primary-wave4,2026-08-15,codex-independent-wave4,2026-08-15,FINAL_TWO_REVIEWER_APPROVED
SENT-1420,52bebecfb2a435d0e7ff2efea557c5799674ded6,Query2docの論文は、評価した複数の検索器と評価用データで改善を報告しました。,Query2doc論文は、queryから生成した文書をquery expansionへ用い、同論文が採用した複数retrieverと評価datasetでbaselineからの改善を報告しています。,"AND(AND(ATOM(retrieval=true), ATOM(evaluation=true)), ATOM(empirical_result=true))",AND,externally_cited_claim,UNCLASSIFIED,4.2.3 (docs/4.質問に合う根拠を探す/4.2.Query変換.md:75); authoritative docs commit 52bebecfb2a435d0e7ff2efea557c5799674ded6,SRC-063,SRC-063 https://arxiv.org/abs/2303.07678 — abstract inspected 2026-08-15; 現主張への直接locatorは未確定,EMPIRICAL_RESULT,NONE_DIRECTLY_VERIFIED,evaluation=true,NOT_APPLICABLE,REWRITE_REQUIRED,arxiv.orgのAbstractへの参照は台帳にありますが、evaluationについて各要素と結論との直接の対応まで同時に再特定できる直接箇所が確定していません。資料の帰属範囲をQuery2doc論文は、queryから生成した文書をquery expansionへ用い、同論文が採用した複数retrieverと評価datasetでbaselineからの改善を報告しているという限定まで狭め、候補URLの存在だけで機序や結果を補わない文へ変更します。 修正文にある主体と操作対象は保ちつつ、直接根拠を越える各要素と結論との直接の対応を落とす差分なので、REWRITE_REQUIREDと判定します。,NOT_APPLICABLE_NON_NORMATIVE,NOT_APPLICABLE_NON_NORMATIVE,UNVERIFIED,4.2.3 (docs/4.質問に合う根拠を探す/4.2.Query変換.md:75); authoritative docs commit 52bebecfb2a435d0e7ff2efea557c5799674ded6 の現文を次の文へ置換する: Query2doc論文は、queryから生成した文書をquery expansionへ用い、同論文が採用した複数retrieverと評価datasetでbaselineからの改善を報告しています。 再抽出した文面と分類を照合する。,rag-guide-maintainers,,,,INCONCLUSIVE,NOT_APPLICABLE_UNPROVED,codex-primary-wave4,2026-08-15,codex-independent-wave4,2026-08-15,FINAL_TWO_REVIEWER_APPROVED
SENT-1421,52bebecfb2a435d0e7ff2efea557c5799674ded6,結果はモデル、生成設定、データセットに依存するため、対象業務で再評価します。,,"AND(AND(ATOM(generation=true), ATOM(evaluation=true)), ATOM(empirical_result=true))",AND,empirical_or_research_claim,UNCLASSIFIED,4.2.3 (docs/4.質問に合う根拠を探す/4.2.Query変換.md:76); authoritative docs commit 52bebecfb2a435d0e7ff2efea557c5799674ded6,,,DEFINITION_OR_SPEC,,,,APPROPRIATE_NORMATIVE,結果はモデル、生成設定、データセットに依存するため、対象業務で再評価するという採否判断は、比較対象と合格条件を実行結果で識別するために置きます。本文に列挙した対象・条件・指標を個別fieldへ保存し、同一runの実装結果または評価結果と一致することを確認する。 さらに、判定に必要なgold evidenceがないslice、標本不足のslice、負荷条件が異なるrunは合否集計から分離し、他sliceの平均結果を外挿しない。 この扱いを例外として記録します。 同じ条件での比較と採用しない条件を両方記録できるため、APPROPRIATE_NORMATIVEです。,結果はモデル、生成設定、データセットに依存するため、対象業務で再評価することを定める評価・採否規則について、本文に列挙した対象・条件・指標を個別fieldへ保存し、同一runの実装結果または評価結果と一致することを確認する。,結果はモデル、生成設定、データセットに依存するため、対象業務で再評価することを定める評価・採否規則の例外として、判定に必要なgold evidenceがないslice、標本不足のslice、負荷条件が異なるrunは合否集計から分離し、他sliceの平均結果を外挿しない。,NOT_APPLICABLE,4.2.3 (docs/4.質問に合う根拠を探す/4.2.Query変換.md:76); authoritative docs commit 52bebecfb2a435d0e7ff2efea557c5799674ded6 の本文を維持し、normative_criteriaとexceptionsを設計台帳へ固定する。,rag-guide-maintainers,,,,INCONCLUSIVE,NOT_APPLICABLE_UNPROVED,codex-primary-wave4,2026-08-15,codex-independent-wave4,2026-08-15,FINAL_TWO_REVIEWER_APPROVED
SENT-1431,52bebecfb2a435d0e7ff2efea557c5799674ded6,元質問のベクトルによる検索を残し、HyDEの結果と和集合または順位統合します。,,"AND(AND(ATOM(original_query_retained=true), ATOM(retrieval=true)), ATOM(empirical_result=true))",AND,concrete_technology_claim,UNCLASSIFIED,4.2.3 (docs/4.質問に合う根拠を探す/4.2.Query変換.md:91); authoritative docs commit 52bebecfb2a435d0e7ff2efea557c5799674ded6,,,DEFINITION_OR_SPEC,,,,APPROPRIATE_NORMATIVE,元質問のベクトルによる検索を残し、HyDEの結果と和集合または順位統合するという運用要件は、実行時の判断を担当者ごとにぶらさないためのローカル規則です。この規則の統合規則をversion管理し、複数retrieverが返す既知rank listから期待するcandidate順序を再現し、生scoreの無条件加算や重複candidateが発生しないことを確認する。 さらに、この規則と異なる統合方式はcalibration済みscoreまたは別rerankerとしてversion管理できるが、未調整の異尺度scoreを黙って直接加算しない。 この扱いを例外として記録します。 実装結果と例外発生時の扱いを個別に検査できるため、APPROPRIATE_NORMATIVEです。,元質問のベクトルによる検索を残し、HyDEの結果と和集合または順位統合することを定める運用規則について、この規則の統合規則をversion管理し、複数retrieverが返す既知rank listから期待するcandidate順序を再現し、生scoreの無条件加算や重複candidateが発生しないことを確認する。,元質問のベクトルによる検索を残し、HyDEの結果と和集合または順位統合することを定める運用規則の例外として、この規則と異なる統合方式はcalibration済みscoreまたは別rerankerとしてversion管理できるが、未調整の異尺度scoreを黙って直接加算しない。,NOT_APPLICABLE,4.2.3 (docs/4.質問に合う根拠を探す/4.2.Query変換.md:91); authoritative docs commit 52bebecfb2a435d0e7ff2efea557c5799674ded6 の本文を維持し、normative_criteriaとexceptionsを設計台帳へ固定する。,rag-guide-maintainers,,,,INCONCLUSIVE,NOT_APPLICABLE_UNPROVED,codex-primary-wave4,2026-08-15,codex-independent-wave4,2026-08-15,FINAL_TWO_REVIEWER_APPROVED
SENT-1432,52bebecfb2a435d0e7ff2efea557c5799674ded6,型番、条文番号、否定条件は疎検索とメタデータフィルターで保持します。,,"AND(AND(ATOM(sparse=true), ATOM(hard_constraints_preserved=true)), ATOM(retrieval=true))",AND,general_technical_claim,UNCLASSIFIED,4.2.3 (docs/4.質問に合う根拠を探す/4.2.Query変換.md:92); authoritative docs commit 52bebecfb2a435d0e7ff2efea557c5799674ded6,,,DEFINITION_OR_SPEC,,,,APPROPRIATE_NORMATIVE,型番、条文番号、否定条件は疎検索とメタデータフィルターで保持するという運用要件は、実行時の判断を担当者ごとにぶらさないためのローカル規則です。型番、条文番号、否定条件を含むfixtureで、疎検索tokenとmetadata filter値が原文どおり保持され、対象文書がcandidate setから欠落しないことを確認する。 適用境界では、正規化する場合は元表記と可逆な対応を保存し、否定語または識別子の一部を削除する正規化は行わない。 実装結果と例外発生時の扱いを個別に検査できるため、APPROPRIATE_NORMATIVEです。,型番、条文番号、否定条件を含むfixtureで、疎検索tokenとmetadata filter値が原文どおり保持され、対象文書がcandidate setから欠落しないことを確認する。,正規化する場合は元表記と可逆な対応を保存し、否定語または識別子の一部を削除する正規化は行わない。,NOT_APPLICABLE,4.2.3 (docs/4.質問に合う根拠を探す/4.2.Query変換.md:92); authoritative docs commit 52bebecfb2a435d0e7ff2efea557c5799674ded6 の本文を維持し、normative_criteriaとexceptionsを設計台帳へ固定する。,rag-guide-maintainers,,,,INCONCLUSIVE,NOT_APPLICABLE_UNPROVED,codex-primary-wave4,2026-08-15,codex-independent-wave4,2026-08-15,FINAL_TWO_REVIEWER_APPROVED
SENT-1438,52bebecfb2a435d0e7ff2efea557c5799674ded6,IRCoTが扱った複数段階の質問では、途中で得た根拠が次の検索文へ影響します。,,"AND(AND(ATOM(multi_hop=true), ATOM(retrieval=true)), ATOM(evidence_support=true))",AND,externally_cited_claim,UNCLASSIFIED,4.2.4 (docs/4.質問に合う根拠を探す/4.2.Query変換.md:103); authoritative docs commit 52bebecfb2a435d0e7ff2efea557c5799674ded6,SRC-060,"https://aclanthology.org/2023.acl-long.557/, Abstract, lines 59–61",AUTHOR_CLAIM,retrieval=true;iterative=true;multi_hop=true,,,APPROPRIATE_SUPPORTED,IRCoT Abstractが、次に何を取得すべきかは既取得・既導出情報に依存すると述べ、retrievalとchain-of-thoughtの交互実行を直接支持する。,NOT_APPLICABLE_NON_NORMATIVE,NOT_APPLICABLE_NON_NORMATIVE,SOURCE_ASSERTED,4.2.4 (docs/4.質問に合う根拠を探す/4.2.Query変換.md:103); authoritative docs commit 52bebecfb2a435d0e7ff2efea557c5799674ded6 の本文を維持し、確定した一次資料locator・主張役割・外的真偽境界を台帳へ固定する。,rag-guide-maintainers,,,,INCONCLUSIVE,NOT_APPLICABLE_UNPROVED,codex-primary-wave4,2026-08-15,codex-independent-wave4,2026-08-15,FINAL_TWO_REVIEWER_APPROVED
SENT-1449,52bebecfb2a435d0e7ff2efea557c5799674ded6,単純な一回検索で答えられる質問をこの経路へ送らず、追加段階による改善と費用を測ります。,,"AND(AND(ATOM(retrieval=true), ATOM(cost=true)), ATOM(empirical_result=true))",AND,empirical_or_research_claim,UNCLASSIFIED,4.2.4 (docs/4.質問に合う根拠を探す/4.2.Query変換.md:118); authoritative docs commit 52bebecfb2a435d0e7ff2efea557c5799674ded6,,,DEFINITION_OR_SPEC,,,,APPROPRIATE_NORMATIVE,単純な一回検索で答えられる質問をこの経路へ送らず、追加段階による改善と費用を測るという採否判断は、比較対象と合格条件を実行結果で識別するために置きます。本文に列挙した対象・条件・指標を個別fieldへ保存し、同一runの実装結果または評価結果と一致することを確認する。 さらに、判定に必要なgold evidenceがないslice、標本不足のslice、負荷条件が異なるrunは合否集計から分離し、他sliceの平均結果を外挿しない。 この扱いを例外として記録します。 同じ条件での比較と採用しない条件を両方記録できるため、APPROPRIATE_NORMATIVEです。,単純な一回検索で答えられる質問をこの経路へ送らず、追加段階による改善と費用を測ることを定める評価・採否規則について、本文に列挙した対象・条件・指標を個別fieldへ保存し、同一runの実装結果または評価結果と一致することを確認する。,単純な一回検索で答えられる質問をこの経路へ送らず、追加段階による改善と費用を測ることを定める評価・採否規則の例外として、判定に必要なgold evidenceがないslice、標本不足のslice、負荷条件が異なるrunは合否集計から分離し、他sliceの平均結果を外挿しない。,NOT_APPLICABLE,4.2.4 (docs/4.質問に合う根拠を探す/4.2.Query変換.md:118); authoritative docs commit 52bebecfb2a435d0e7ff2efea557c5799674ded6 の本文を維持し、normative_criteriaとexceptionsを設計台帳へ固定する。,rag-guide-maintainers,,,,INCONCLUSIVE,NOT_APPLICABLE_UNPROVED,codex-primary-wave4,2026-08-15,codex-independent-wave4,2026-08-15,FINAL_TWO_REVIEWER_APPROVED
SENT-1460,52bebecfb2a435d0e7ff2efea557c5799674ded6,必要根拠の回収率の改善は、利用者の意図や権限の逸脱を正当化しません。,,"NOT(AND(AND(ATOM(evidence_support=true), ATOM(authorization=true)), ATOM(empirical_result=true)))",NOT,empirical_or_research_claim,必要,4.2.5 (docs/4.質問に合う根拠を探す/4.2.Query変換.md:139); authoritative docs commit 52bebecfb2a435d0e7ff2efea557c5799674ded6,,,DEFINITION_OR_SPEC,,,,APPROPRIATE_NORMATIVE,必要根拠の回収率の改善は、利用者の意図や権限の逸脱を正当化しないという安全境界は、本ガイドが強制する制御として設けます。この規則で列挙した各metricを同じrequest traceから算出し、authorization適用前後のcandidate数と許可外item数を含め、dashboardとrelease gateの値が一致することを確認する。 適用境界では、この規則より法令、契約、組織policyが厳しい場合は厳しい統制を優先し、性能、可用性、費用を理由に対象resourceのauthorizationまたは隔離を省略しない。 負試験で境界を確かめ、統制を緩めない例外を明示できるので、APPROPRIATE_NORMATIVEです。,必要根拠の回収率の改善は、利用者の意図や権限の逸脱を正当化しないことを定める安全性・アクセス制御規則について、この規則で列挙した各metricを同じrequest traceから算出し、authorization適用前後のcandidate数と許可外item数を含め、dashboardとrelease gateの値が一致することを確認する。,必要根拠の回収率の改善は、利用者の意図や権限の逸脱を正当化しないことを定める安全性・アクセス制御規則の例外として、この規則より法令、契約、組織policyが厳しい場合は厳しい統制を優先し、性能、可用性、費用を理由に対象resourceのauthorizationまたは隔離を省略しない。,NOT_APPLICABLE,4.2.5 (docs/4.質問に合う根拠を探す/4.2.Query変換.md:139); authoritative docs commit 52bebecfb2a435d0e7ff2efea557c5799674ded6 の本文を維持し、normative_criteriaとexceptionsを設計台帳へ固定する。,rag-guide-maintainers,,,,INCONCLUSIVE,NOT_APPLICABLE_UNPROVED,codex-primary-wave4,2026-08-15,codex-independent-wave4,2026-08-15,FINAL_TWO_REVIEWER_APPROVED
SENT-1465,52bebecfb2a435d0e7ff2efea557c5799674ded6,疎検索（Sparse retrieval）は、検索文と資料に現れる語や文字列の一致を主な手掛かりにします。,queryと資料の語・文字列一致を主信号として候補を順位付けする経路を、疎検索と定義します。,"AND(AND(ATOM(sparse=true), ATOM(retrieval=true)), ATOM(parsing=true))",AND,general_technical_claim,UNCLASSIFIED,FILE-INTRO (docs/4.質問に合う根拠を探す/4.3.Sparse retrieval.md:3); authoritative docs commit 52bebecfb2a435d0e7ff2efea557c5799674ded6,,,DEFINITION_OR_SPEC,,parsing=true,NOT_APPLICABLE,REWRITE_REQUIRED,「queryと資料の語・文字列一致を主信号として候補を順位付けする経路」の証拠境界として、候補資料だけではparsing=trueの未確定の関係まで支持できず、直接観測する対象へ限定しました。queryと資料の語・文字列一致を主信号として候補を順位付けする経路を、疎検索と定義します。 修正文が具体化する対象は「queryと資料の語・文字列一致を主信号として候補を順位付けする経路」です。「queryと資料の語・文字列一致を主信号として候補を順位付けする経路」の検討では、未確定の関係を実装時に判定できるよう、対象と操作を明示した文へ直しています。「queryと資料の語・文字列一致を主信号として候補を順位付けする経路」の採否について、parsing=trueの証拠境界を本文へ反映する必要があるため、REWRITE_REQUIREDです。,NOT_APPLICABLE_NON_NORMATIVE,NOT_APPLICABLE_NON_NORMATIVE,NOT_APPLICABLE,FILE-INTRO (docs/4.質問に合う根拠を探す/4.3.Sparse retrieval.md:3); authoritative docs commit 52bebecfb2a435d0e7ff2efea557c5799674ded6 の現文を次の文へ置換する: queryと資料の語・文字列一致を主信号として候補を順位付けする経路を、疎検索と定義します。 再抽出した文面と分類を照合する。,rag-guide-maintainers,,,,INCONCLUSIVE,NOT_APPLICABLE_UNPROVED,codex-primary-wave4,2026-08-15,codex-independent-wave4,2026-08-15,FINAL_TWO_REVIEWER_APPROVED
SENT-1467,52bebecfb2a435d0e7ff2efea557c5799674ded6,疎検索を、密検索より古いという理由だけで置き換えてはいけません。,疎検索の廃止は方式の新旧で決めず、識別子・条文番号sliceのRecallと運用費用を密検索と比較して判断します。,"NOT(AND(AND(ATOM(sparse=true), ATOM(dense=true)), ATOM(retrieval=true)))",NOT,general_technical_claim,UNCLASSIFIED,4.3.1 (docs/4.質問に合う根拠を探す/4.3.Sparse retrieval.md:8); authoritative docs commit 52bebecfb2a435d0e7ff2efea557c5799674ded6,,,DEFINITION_OR_SPEC,,dense=true;sparse=true,NOT,REWRITE_REQUIRED,「疎検索の廃止は方式の新旧で決めず」の検討では、否定関係が表す設計意図を、入力・処理・結果が追える形に限定します。「疎検索の廃止は方式の新旧で決めず」の証拠境界として、dense=true、sparse=trueを外部主張として残す証拠がなく、否定関係を具体的な構成判断へ縮約しています。疎検索の廃止は方式の新旧で決めず、識別子・条文番号sliceのRecallと運用費用を密検索と比較して判断します。 修正文が具体化する対象は「疎検索の廃止は方式の新旧で決めず」です。「疎検索の廃止は方式の新旧で決めず」の採否について、dense=true、sparse=trueの実装情報を残しながら未支持関係を除くため、書換えを要求します。,NOT_APPLICABLE_NON_NORMATIVE,NOT_APPLICABLE_NON_NORMATIVE,NOT_APPLICABLE,4.3.1 (docs/4.質問に合う根拠を探す/4.3.Sparse retrieval.md:8); authoritative docs commit 52bebecfb2a435d0e7ff2efea557c5799674ded6 の現文を次の文へ置換する: 疎検索の廃止は方式の新旧で決めず、識別子・条文番号sliceのRecallと運用費用を密検索と比較して判断します。 再抽出した文面と分類を照合する。,rag-guide-maintainers,,,,INCONCLUSIVE,NOT_APPLICABLE_UNPROVED,codex-primary-wave4,2026-08-15,codex-independent-wave4,2026-08-15,FINAL_TWO_REVIEWER_APPROVED
SENT-1470,52bebecfb2a435d0e7ff2efea557c5799674ded6,BEIRは、多様な検索課題で疎検索と密検索を比較し、方式の優劣がデータセットによって変わることを示しました。,BEIRが収録した異種のretrieval datasetでは、sparse retrievalとdense retrievalの相対順位がdatasetごとに異なりました。,"AND(AND(ATOM(sparse=true), ATOM(dense=true)), ATOM(retrieval=true))",AND,externally_cited_claim,UNCLASSIFIED,4.3.1 (docs/4.質問に合う根拠を探す/4.3.Sparse retrieval.md:12); authoritative docs commit 52bebecfb2a435d0e7ff2efea557c5799674ded6,SRC-066,SRC-066 https://arxiv.org/abs/2104.08663 — abstract inspected 2026-08-15; 現主張への直接locatorは未確定,EMPIRICAL_RESULT,NONE_DIRECTLY_VERIFIED,dense=true;sparse=true,NOT_APPLICABLE,REWRITE_REQUIRED,arxiv.orgのAbstractへの参照は台帳にありますが、dense、sparseについて各要素と結論との直接の対応まで同時に再特定できる直接箇所が確定していません。資料の帰属範囲をBEIRが収録した異種のretrieval datasetでは、sparse retrievalとdense retrievalの相対順位がdatasetごとに異なったという限定まで狭め、候補URLの存在だけで機序や結果を補わない文へ変更します。 修正文にある主体と操作対象は保ちつつ、直接根拠を越える各要素と結論との直接の対応を落とす差分なので、REWRITE_REQUIREDと判定します。,NOT_APPLICABLE_NON_NORMATIVE,NOT_APPLICABLE_NON_NORMATIVE,UNVERIFIED,4.3.1 (docs/4.質問に合う根拠を探す/4.3.Sparse retrieval.md:12); authoritative docs commit 52bebecfb2a435d0e7ff2efea557c5799674ded6 の現文を次の文へ置換する: BEIRが収録した異種のretrieval datasetでは、sparse retrievalとdense retrievalの相対順位がdatasetごとに異なりました。 再抽出した文面と分類を照合する。,rag-guide-maintainers,,,,INCONCLUSIVE,NOT_APPLICABLE_UNPROVED,codex-primary-wave4,2026-08-15,codex-independent-wave4,2026-08-15,FINAL_TWO_REVIEWER_APPROVED
SENT-1471,52bebecfb2a435d0e7ff2efea557c5799674ded6,最初にBM25を再現可能な基準として固定し、密検索やハイブリッド検索による増分を質問の種類別に測ります。,,"AND(ATOM(dense=true), ATOM(retrieval=true))",AND,concrete_technology_claim,可能,4.3.1 (docs/4.質問に合う根拠を探す/4.3.Sparse retrieval.md:13); authoritative docs commit 52bebecfb2a435d0e7ff2efea557c5799674ded6,,,DEFINITION_OR_SPEC,,,,APPROPRIATE_NORMATIVE,最初にBM25を再現可能な基準として固定し、密検索やハイブリッド検索による増分を質問の種類別に測るという採否判断は、比較対象と合格条件を実行結果で識別するために置きます。BM25のanalyzer、parameter、corpus versionをbaselineとして固定し、dense/hybridとの差分を同じgold setのquery type別Recall、nDCG、latencyで測る。 適用境界では、BM25を提供できないdata typeでは同等の再現可能なlexical baselineを明示できるが、baselineなしで増分を報告しない。 同じ条件での比較と採用しない条件を両方記録できるため、APPROPRIATE_NORMATIVEです。,BM25のanalyzer、parameter、corpus versionをbaselineとして固定し、dense/hybridとの差分を同じgold setのquery type別Recall、nDCG、latencyで測る。,BM25を提供できないdata typeでは同等の再現可能なlexical baselineを明示できるが、baselineなしで増分を報告しない。,NOT_APPLICABLE,4.3.1 (docs/4.質問に合う根拠を探す/4.3.Sparse retrieval.md:13); authoritative docs commit 52bebecfb2a435d0e7ff2efea557c5799674ded6 の本文を維持し、normative_criteriaとexceptionsを設計台帳へ固定する。,rag-guide-maintainers,,,,INCONCLUSIVE,NOT_APPLICABLE_UNPROVED,codex-primary-wave4,2026-08-15,codex-independent-wave4,2026-08-15,FINAL_TWO_REVIEWER_APPROVED
SENT-1476,52bebecfb2a435d0e7ff2efea557c5799674ded6,同じ原文でも解析規則が変われば、転置インデックスの語と出現位置が変わります。,解析規則を変更すると、同じ原文でも転置インデックスへ登録される語と出現位置が変わり得るため、変更前後の索引差分を検査します。,"AND(AND(ATOM(sparse=true), ATOM(inverted_index_compatible=true)), ATOM(parsing=true))",AND,general_technical_claim,UNCLASSIFIED,4.3.1 (docs/4.質問に合う根拠を探す/4.3.Sparse retrieval.md:20); authoritative docs commit 52bebecfb2a435d0e7ff2efea557c5799674ded6,SRC-068;SRC-069;SRC-070;SRC-005;SRC-067,SRC-068 https://arxiv.org/abs/2107.05720 — abstract inspected 2026-08-15; 現主張への直接locatorは未確定; SRC-069 https://arxiv.org/abs/2104.12016 — abstract inspected 2026-08-15; 現主張への直接locatorは未確定; SRC-070 https://arxiv.org/abs/2109.10086 — abstract inspected 2026-08-15; 現主張への直接locatorは未確定,AUTHOR_CLAIM,NONE_DIRECTLY_VERIFIED,parsing=true,NOT_APPLICABLE,REWRITE_REQUIRED,arxiv.orgのAbstractへの参照は台帳にありますが、parsingについて各要素と結論との直接の対応まで同時に再特定できる直接箇所が確定していません。本文に残すのは、解析規則を変更すると、同じ原文でも転置インデックスへ登録される語と出現位置が変わり得るため、変更前後の索引差分を検査するという対象範囲です。parsingについて未確認の因果までは導きません。 修正文にある主体と操作対象は保ちつつ、直接根拠を越える各要素と結論との直接の対応を落とす差分なので、REWRITE_REQUIREDと判定します。,NOT_APPLICABLE_NON_NORMATIVE,NOT_APPLICABLE_NON_NORMATIVE,UNVERIFIED,4.3.1 (docs/4.質問に合う根拠を探す/4.3.Sparse retrieval.md:20); authoritative docs commit 52bebecfb2a435d0e7ff2efea557c5799674ded6 の現文を次の文へ置換する: 解析規則を変更すると、同じ原文でも転置インデックスへ登録される語と出現位置が変わり得るため、変更前後の索引差分を検査します。 再抽出した文面と分類を照合する。,rag-guide-maintainers,,,,INCONCLUSIVE,NOT_APPLICABLE_UNPROVED,codex-primary-wave4,2026-08-15,codex-independent-wave4,2026-08-15,FINAL_TWO_REVIEWER_APPROVED
SENT-1478,52bebecfb2a435d0e7ff2efea557c5799674ded6,追加、更新、削除、版切り替えを転置インデックスへ反映します。,,"AND(AND(ATOM(sparse=true), ATOM(inverted_index_compatible=true)), ATOM(incremental_updates=true))",AND,general_technical_claim,UNCLASSIFIED,4.3.1 (docs/4.質問に合う根拠を探す/4.3.Sparse retrieval.md:23); authoritative docs commit 52bebecfb2a435d0e7ff2efea557c5799674ded6,,,DEFINITION_OR_SPEC,,,,APPROPRIATE_NORMATIVE,追加、更新、削除、版切り替えを転置インデックスへ反映するという追跡要件は、後続工程から入力と版へ戻るための局所契約です。documentの追加、更新、削除、version切替を転置indexへ反映し、旧versionのterm hitが消え、新versionだけが検索されることをoperation別fixtureで確認する。 さらに、blue-green切替中は新旧indexを並存できるが、一つのrequestでversionの異なるcandidateを無印で混在させない。 この扱いを例外として記録します。 逆引き可能性と保存上の例外を台帳で確かめられるため、APPROPRIATE_NORMATIVEです。,documentの追加、更新、削除、version切替を転置indexへ反映し、旧versionのterm hitが消え、新versionだけが検索されることをoperation別fixtureで確認する。,blue-green切替中は新旧indexを並存できるが、一つのrequestでversionの異なるcandidateを無印で混在させない。,NOT_APPLICABLE,4.3.1 (docs/4.質問に合う根拠を探す/4.3.Sparse retrieval.md:23); authoritative docs commit 52bebecfb2a435d0e7ff2efea557c5799674ded6 の本文を維持し、normative_criteriaとexceptionsを設計台帳へ固定する。,rag-guide-maintainers,,,,INCONCLUSIVE,NOT_APPLICABLE_UNPROVED,codex-primary-wave4,2026-08-15,codex-independent-wave4,2026-08-15,FINAL_TWO_REVIEWER_APPROVED
SENT-1492,52bebecfb2a435d0e7ff2efea557c5799674ded6,語の重み付けを比較した研究は、語の出現頻度、希少性、文書長の補正を組み合わせ、複数の文書集合で単純な一致数より良い検索結果を示しました。,Term-weighting approaches in automatic text retrievalは、語の出現頻度、collection内の希少性、文書長補正を組み合わせ、同研究の複数collectionで単純一致数との検索差を比較しています。,"AND(AND(AND(ATOM(lexical=true), ATOM(length_normalization=true)), ATOM(retrieval=true)), ATOM(empirical_result=true))",AND,externally_cited_claim,UNCLASSIFIED,4.3.3 (docs/4.質問に合う根拠を探す/4.3.Sparse retrieval.md:47); authoritative docs commit 52bebecfb2a435d0e7ff2efea557c5799674ded6,SRC-067,SRC-067 https://doi.org/10.1016/0306-4573%2888%2990021-0 — primary_page inspected 2026-08-15; 現主張への直接locatorは未確定,EMPIRICAL_RESULT,NONE_DIRECTLY_VERIFIED,empirical_result=true;length_normalization=true,NOT_APPLICABLE,REWRITE_REQUIRED,doi.orgの一次資料ページへの参照は台帳にありますが、empirical_result、length_normalizationについて各要素と結論との直接の対応まで同時に再特定できる直接箇所が確定していません。資料の帰属範囲をTerm-weighting approaches in automatic text retrievalは、語の出現頻度、collection内の希少性、文書長補正を組み合わせ、同研究の複数collectionで単純一致数との検索差を比較しているという限定まで狭め、候補URLの存在だけで機序や結果を補わない文へ変更します。 修正文にある主体と操作対象は保ちつつ、直接根拠を越える各要素と結論との直接の対応を落とす差分なので、REWRITE_REQUIREDと判定します。,NOT_APPLICABLE_NON_NORMATIVE,NOT_APPLICABLE_NON_NORMATIVE,UNVERIFIED,4.3.3 (docs/4.質問に合う根拠を探す/4.3.Sparse retrieval.md:47); authoritative docs commit 52bebecfb2a435d0e7ff2efea557c5799674ded6 の現文を次の文へ置換する: Term-weighting approaches in automatic text retrievalは、語の出現頻度、collection内の希少性、文書長補正を組み合わせ、同研究の複数collectionで単純一致数との検索差を比較しています。 再抽出した文面と分類を照合する。,rag-guide-maintainers,,,,INCONCLUSIVE,NOT_APPLICABLE_UNPROVED,codex-primary-wave4,2026-08-15,codex-independent-wave4,2026-08-15,FINAL_TWO_REVIEWER_APPROVED
SENT-1493,52bebecfb2a435d0e7ff2efea557c5799674ded6,評価対象は1980年代の比較的小さな英語文書集合であるため、現在の日本語業務データではBM25などを含む基準を改めて測ります。,,ATOM(evaluation=true),ATOM,concrete_technology_claim,UNCLASSIFIED,4.3.3 (docs/4.質問に合う根拠を探す/4.3.Sparse retrieval.md:48); authoritative docs commit 52bebecfb2a435d0e7ff2efea557c5799674ded6,,,DEFINITION_OR_SPEC,,,,APPROPRIATE_NORMATIVE,評価対象は1980年代の比較的小さな英語文書集合であるため、現在の日本語業務データではBM25などを含む基準を改めて測るという採否判断は、比較対象と合格条件を実行結果で識別するために置きます。本文に列挙した対象・条件・指標を個別fieldへ保存し、同一runの実装結果または評価結果と一致することを確認する。 さらに、判定に必要なgold evidenceがないslice、標本不足のslice、負荷条件が異なるrunは合否集計から分離し、他sliceの平均結果を外挿しない。 この扱いを例外として記録します。 同じ条件での比較と採用しない条件を両方記録できるため、APPROPRIATE_NORMATIVEです。,評価対象は1980年代の比較的小さな英語文書集合であるため、現在の日本語業務データではBM25などを含む基準を改めて測ることを定める評価・採否規則について、本文に列挙した対象・条件・指標を個別fieldへ保存し、同一runの実装結果または評価結果と一致することを確認する。,評価対象は1980年代の比較的小さな英語文書集合であるため、現在の日本語業務データではBM25などを含む基準を改めて測ることを定める評価・採否規則の例外として、判定に必要なgold evidenceがないslice、標本不足のslice、負荷条件が異なるrunは合否集計から分離し、他sliceの平均結果を外挿しない。,NOT_APPLICABLE,4.3.3 (docs/4.質問に合う根拠を探す/4.3.Sparse retrieval.md:48); authoritative docs commit 52bebecfb2a435d0e7ff2efea557c5799674ded6 の本文を維持し、normative_criteriaとexceptionsを設計台帳へ固定する。,rag-guide-maintainers,,,,INCONCLUSIVE,NOT_APPLICABLE_UNPROVED,codex-primary-wave4,2026-08-15,codex-independent-wave4,2026-08-15,FINAL_TWO_REVIEWER_APPROVED
SENT-1499,52bebecfb2a435d0e7ff2efea557c5799674ded6,TF-IDFは語の意味や語順を直接扱いません。,TF-IDFを使う経路では語順と意味類似を別特徴として扱い、それらをTF-IDF scoreへ含めたとはみなしません。,NL_PROPOSITION(TF-IDFは語の意味や語順を直接扱いません。),UNFORMALIZED,concrete_technology_claim,UNCLASSIFIED,4.3.3 (docs/4.質問に合う根拠を探す/4.3.Sparse retrieval.md:57); authoritative docs commit 52bebecfb2a435d0e7ff2efea557c5799674ded6,,,DEFINITION_OR_SPEC,,UNFORMALIZED_NATURAL_LANGUAGE_CLAIM,UNFORMALIZED,REWRITE_REQUIRED,「TF-IDFを使う経路では語順と意味類似を別特徴として扱い」の証拠境界として、UNFORMALIZED_NATURAL_LANGUAGE_CLAIMをめぐる未形式化の関係には確定locatorがなく、本文の主語と適用先を局所化しました。TF-IDFを使う経路では語順と意味類似を別特徴として扱い、それらをTF-IDF scoreへ含めたとはみなしません。 修正文が具体化する対象は「TF-IDFを使う経路では語順と意味類似を別特徴として扱い」です。「TF-IDFを使う経路では語順と意味類似を別特徴として扱い」の検討では、UNFORMALIZED_NATURAL_LANGUAGE_CLAIMに関して本文へ残す内容を、実行または記録で確認できる範囲まで絞りました。「TF-IDFを使う経路では語順と意味類似を別特徴として扱い」の採否について、UNFORMALIZED_NATURAL_LANGUAGE_CLAIMに関する具体的な処理は有用ですが、原文のままでは境界を越えるため書換えを選びます。,NOT_APPLICABLE_NON_NORMATIVE,NOT_APPLICABLE_NON_NORMATIVE,NOT_APPLICABLE,4.3.3 (docs/4.質問に合う根拠を探す/4.3.Sparse retrieval.md:57); authoritative docs commit 52bebecfb2a435d0e7ff2efea557c5799674ded6 の現文を次の文へ置換する: TF-IDFを使う経路では語順と意味類似を別特徴として扱い、それらをTF-IDF scoreへ含めたとはみなしません。 再抽出した文面と分類を照合する。,rag-guide-maintainers,,,,INCONCLUSIVE,NOT_APPLICABLE_UNPROVED,codex-primary-wave4,2026-08-15,codex-independent-wave4,2026-08-15,FINAL_TWO_REVIEWER_APPROVED
SENT-1500,52bebecfb2a435d0e7ff2efea557c5799674ded6,言い換えへの対応は辞書、文書拡張、学習型疎検索、密検索で補います。,言い換えで疎検索が失敗したqueryは、辞書、文書拡張、学習型疎検索、密検索を同じcandidate数で比較します。,"AND(AND(AND(AND(ATOM(sparse=true), ATOM(generated_terms=true)), ATOM(learned=true)), ATOM(dense=true)), ATOM(retrieval=true))",AND,concrete_technology_claim,UNCLASSIFIED,4.3.3 (docs/4.質問に合う根拠を探す/4.3.Sparse retrieval.md:58); authoritative docs commit 52bebecfb2a435d0e7ff2efea557c5799674ded6,,,DEFINITION_OR_SPEC,,dense=true;learned=true;sparse=true,NOT_APPLICABLE,REWRITE_REQUIRED,「言い換えで疎検索が失敗したquery」の検討では、未確定の関係が表す設計意図を、入力・処理・結果が追える形に限定します。言い換えで疎検索が失敗したqueryは、辞書、文書拡張、学習型疎検索、密検索を同じcandidate数で比較します。 修正文が具体化する対象は「言い換えで疎検索が失敗したquery」です。「言い換えで疎検索が失敗したquery」の証拠境界として、直接locatorがないため、dense=true、learned=true、sparse=trueに関する未確定の関係を外部事実として採用しません。「言い換えで疎検索が失敗したquery」の採否について、dense=true、learned=true、sparse=trueを外的真偽の主張にしない完成文へ更新するのが妥当です。,NOT_APPLICABLE_NON_NORMATIVE,NOT_APPLICABLE_NON_NORMATIVE,NOT_APPLICABLE,4.3.3 (docs/4.質問に合う根拠を探す/4.3.Sparse retrieval.md:58); authoritative docs commit 52bebecfb2a435d0e7ff2efea557c5799674ded6 の現文を次の文へ置換する: 言い換えで疎検索が失敗したqueryは、辞書、文書拡張、学習型疎検索、密検索を同じcandidate数で比較します。 再抽出した文面と分類を照合する。,rag-guide-maintainers,,,,INCONCLUSIVE,NOT_APPLICABLE_UNPROVED,codex-primary-wave4,2026-08-15,codex-independent-wave4,2026-08-15,FINAL_TWO_REVIEWER_APPROVED
SENT-1530,52bebecfb2a435d0e7ff2efea557c5799674ded6,Document Expansion by Query Predictionは、文書に対して想定される質問を生成し、文書表現へ追加する方法です。,Document Expansion by Query Predictionは、各documentから想定queryを生成し、その生成textをdocument表現へ追加してretrievalに用いる手法です。,"AND(ATOM(generated_terms=true), ATOM(generation=true))",AND,externally_cited_claim,UNCLASSIFIED,4.3.5 (docs/4.質問に合う根拠を探す/4.3.Sparse retrieval.md:108); authoritative docs commit 52bebecfb2a435d0e7ff2efea557c5799674ded6,SRC-062,SRC-062 https://arxiv.org/abs/1904.08375 — abstract inspected 2026-08-15; 現主張への直接locatorは未確定,AUTHOR_CLAIM,NONE_DIRECTLY_VERIFIED,generation=true,NOT_APPLICABLE,REWRITE_REQUIRED,arxiv.orgのAbstractへの参照は台帳にありますが、generationについて各要素と結論との直接の対応まで同時に再特定できる直接箇所が確定していません。資料の帰属範囲をDocument Expansion by Query Predictionは、各documentから想定queryを生成し、その生成textをdocument表現へ追加してretrievalに用いる手法であるという限定まで狭め、候補URLの存在だけで機序や結果を補わない文へ変更します。 修正文にある主体と操作対象は保ちつつ、直接根拠を越える各要素と結論との直接の対応を落とす差分なので、REWRITE_REQUIREDと判定します。,NOT_APPLICABLE_NON_NORMATIVE,NOT_APPLICABLE_NON_NORMATIVE,UNVERIFIED,4.3.5 (docs/4.質問に合う根拠を探す/4.3.Sparse retrieval.md:108); authoritative docs commit 52bebecfb2a435d0e7ff2efea557c5799674ded6 の現文を次の文へ置換する: Document Expansion by Query Predictionは、各documentから想定queryを生成し、その生成textをdocument表現へ追加してretrievalに用いる手法です。 再抽出した文面と分類を照合する。,rag-guide-maintainers,,,,INCONCLUSIVE,NOT_APPLICABLE_UNPROVED,codex-primary-wave4,2026-08-15,codex-independent-wave4,2026-08-15,FINAL_TWO_REVIEWER_APPROVED
SENT-1534,52bebecfb2a435d0e7ff2efea557c5799674ded6,原文だけのBM25と同じ評価質問で比較し、必要根拠の回収率と不要な候補の差を確認します。,,"NOT(AND(ATOM(evidence_support=true), ATOM(evaluation=true)))",NOT,concrete_technology_claim,必要,4.3.5 (docs/4.質問に合う根拠を探す/4.3.Sparse retrieval.md:113); authoritative docs commit 52bebecfb2a435d0e7ff2efea557c5799674ded6,,,DEFINITION_OR_SPEC,,,,APPROPRIATE_NORMATIVE,原文だけのBM25と同じ評価質問で比較し、必要根拠の回収率と不要な候補の差を確認するという採否判断は、比較対象と合格条件を実行結果で識別するために置きます。この規則に含まれるretriever、candidate数、rank処理を固定したtest queryを実行し、統合前後のcandidate ID・rank・score変換が記述した順序と選択規則に一致することを確認する。 さらに、初期値・候補は対象datasetで再調整できるが、変更値、baseline、採用理由を同じresult tableへ残し、未比較の値を既定値として固定しない。 この扱いを例外として記録します。 同じ条件での比較と採用しない条件を両方記録できるため、APPROPRIATE_NORMATIVEです。,原文だけのBM25と同じ評価質問で比較し、必要根拠の回収率と不要な候補の差を確認することを定める評価・採否規則について、この規則に含まれるretriever、candidate数、rank処理を固定したtest queryを実行し、統合前後のcandidate ID・rank・score変換が記述した順序と選択規則に一致することを確認する。,原文だけのBM25と同じ評価質問で比較し、必要根拠の回収率と不要な候補の差を確認することを定める評価・採否規則の例外として、初期値・候補は対象datasetで再調整できるが、変更値、baseline、採用理由を同じresult tableへ残し、未比較の値を既定値として固定しない。,NOT_APPLICABLE,4.3.5 (docs/4.質問に合う根拠を探す/4.3.Sparse retrieval.md:113); authoritative docs commit 52bebecfb2a435d0e7ff2efea557c5799674ded6 の本文を維持し、normative_criteriaとexceptionsを設計台帳へ固定する。,rag-guide-maintainers,,,,INCONCLUSIVE,NOT_APPLICABLE_UNPROVED,codex-primary-wave4,2026-08-15,codex-independent-wave4,2026-08-15,FINAL_TWO_REVIEWER_APPROVED
SENT-1536,52bebecfb2a435d0e7ff2efea557c5799674ded6,転置インデックスを利用しながら、原文にない関連語を検索へ取り込めます。,原文にない関連語を展開する疎検索方式は、展開語と元queryをtraceへ残し、転置indexでのRecallと誤取得率を測ります。,"NOT(AND(AND(ATOM(sparse=true), ATOM(inverted_index_compatible=true)), ATOM(retrieval=true)))",NOT,general_technical_claim,UNCLASSIFIED,4.3.5 (docs/4.質問に合う根拠を探す/4.3.Sparse retrieval.md:116); authoritative docs commit 52bebecfb2a435d0e7ff2efea557c5799674ded6,,,DEFINITION_OR_SPEC,,inverted_index_compatible=true;retrieval=true;sparse=true,NOT,REWRITE_REQUIRED,「原文にない関連語を展開する疎検索方式」の証拠境界として、inverted_index_compatible=true、retrieval=true、sparse=trueの外的真偽を確定できず、否定関係に依存しない記述へ変更します。原文にない関連語を展開する疎検索方式は、展開語と元queryをtraceへ残し、転置indexでのRecallと誤取得率を測ります。 修正文が具体化する対象は「原文にない関連語を展開する疎検索方式」です。「原文にない関連語を展開する疎検索方式」の検討では、inverted_index_compatible=true、retrieval=true、sparse=trueを一般的な効果として説明せず、ガイド内で実行する処理へ焦点を移しました。「原文にない関連語を展開する疎検索方式」の採否について、inverted_index_compatible=true、retrieval=true、sparse=trueの証拠境界を本文へ反映する必要があるため、REWRITE_REQUIREDです。,NOT_APPLICABLE_NON_NORMATIVE,NOT_APPLICABLE_NON_NORMATIVE,NOT_APPLICABLE,4.3.5 (docs/4.質問に合う根拠を探す/4.3.Sparse retrieval.md:116); authoritative docs commit 52bebecfb2a435d0e7ff2efea557c5799674ded6 の現文を次の文へ置換する: 原文にない関連語を展開する疎検索方式は、展開語と元queryをtraceへ残し、転置indexでのRecallと誤取得率を測ります。 再抽出した文面と分類を照合する。,rag-guide-maintainers,,,,INCONCLUSIVE,NOT_APPLICABLE_UNPROVED,codex-primary-wave4,2026-08-15,codex-independent-wave4,2026-08-15,FINAL_TWO_REVIEWER_APPROVED
SENT-1537,52bebecfb2a435d0e7ff2efea557c5799674ded6,SPLADEは、Transformerという構造の言語モデルから語彙単位の疎な表現を作り、第一段階検索へ利用しました。,SPLADE論文は、Transformer modelから語彙次元のsparse representationを生成し、first-stage rankingへ用いる構成を提案しています。,"AND(AND(AND(ATOM(lexical=true), ATOM(sparse=true)), ATOM(retrieval=true)), ATOM(generation=true))",AND,externally_cited_claim,UNCLASSIFIED,4.3.5 (docs/4.質問に合う根拠を探す/4.3.Sparse retrieval.md:118); authoritative docs commit 52bebecfb2a435d0e7ff2efea557c5799674ded6,SRC-068,SRC-068 https://arxiv.org/abs/2107.05720 — abstract inspected 2026-08-15; 現主張への直接locatorは未確定,AUTHOR_CLAIM,NONE_DIRECTLY_VERIFIED,generation=true,NOT_APPLICABLE,REWRITE_REQUIRED,arxiv.orgのAbstractへの参照は台帳にありますが、generationについて各要素と結論との直接の対応まで同時に再特定できる直接箇所が確定していません。資料の帰属範囲をSPLADE論文は、Transformer modelから語彙次元のsparse representationを生成し、first-stage rankingへ用いる構成を提案しているという限定まで狭め、候補URLの存在だけで機序や結果を補わない文へ変更します。 修正文にある主体と操作対象は保ちつつ、直接根拠を越える各要素と結論との直接の対応を落とす差分なので、REWRITE_REQUIREDと判定します。,NOT_APPLICABLE_NON_NORMATIVE,NOT_APPLICABLE_NON_NORMATIVE,UNVERIFIED,4.3.5 (docs/4.質問に合う根拠を探す/4.3.Sparse retrieval.md:118); authoritative docs commit 52bebecfb2a435d0e7ff2efea557c5799674ded6 の現文を次の文へ置換する: SPLADE論文は、Transformer modelから語彙次元のsparse representationを生成し、first-stage rankingへ用いる構成を提案しています。 再抽出した文面と分類を照合する。,rag-guide-maintainers,,,,INCONCLUSIVE,NOT_APPLICABLE_UNPROVED,codex-primary-wave4,2026-08-15,codex-independent-wave4,2026-08-15,FINAL_TWO_REVIEWER_APPROVED
SENT-1540,52bebecfb2a435d0e7ff2efea557c5799674ded6,学習型疎検索の分野適応では、対象分野の語彙追加、追加学習、IDF補正によって、評価した五つの専門データセットでSPLADE系の検索を改善しました。,SPLADE系retrievalのdomain adaptation研究は、domain vocabularyの追加、追加学習、IDF補正を組み合わせ、対象とした五つの専門datasetで改善を報告しています。,"AND(AND(AND(AND(ATOM(sparse=true), ATOM(learned=true)), ATOM(retrieval=true)), ATOM(evaluation=true)), ATOM(empirical_result=true))",AND,externally_cited_claim,UNCLASSIFIED,4.3.5 (docs/4.質問に合う根拠を探す/4.3.Sparse retrieval.md:122); authoritative docs commit 52bebecfb2a435d0e7ff2efea557c5799674ded6,SRC-071;SRC-068,SRC-071 https://aclanthology.org/2022.aacl-main.57/ — abstract inspected 2026-08-15; 現主張への直接locatorは未確定; SRC-068 https://arxiv.org/abs/2107.05720 — abstract inspected 2026-08-15; 現主張への直接locatorは未確定,EMPIRICAL_RESULT,NONE_DIRECTLY_VERIFIED,evaluation=true,NOT_APPLICABLE,REWRITE_REQUIRED,aclanthology.org・arxiv.orgのAbstractへの参照は台帳にありますが、evaluationについて各要素と結論との直接の対応まで同時に再特定できる直接箇所が確定していません。資料の帰属範囲をSPLADE系retrievalのdomain adaptation研究は、domain vocabularyの追加、追加学習、IDF補正を組み合わせ、対象とした五つの専門datasetで改善を報告しているという限定まで狭め、候補URLの存在だけで機序や結果を補わない文へ変更します。 修正文にある主体と操作対象は保ちつつ、直接根拠を越える各要素と結論との直接の対応を落とす差分なので、REWRITE_REQUIREDと判定します。,NOT_APPLICABLE_NON_NORMATIVE,NOT_APPLICABLE_NON_NORMATIVE,UNVERIFIED,4.3.5 (docs/4.質問に合う根拠を探す/4.3.Sparse retrieval.md:122); authoritative docs commit 52bebecfb2a435d0e7ff2efea557c5799674ded6 の現文を次の文へ置換する: SPLADE系retrievalのdomain adaptation研究は、domain vocabularyの追加、追加学習、IDF補正を組み合わせ、対象とした五つの専門datasetで改善を報告しています。 再抽出した文面と分類を照合する。,rag-guide-maintainers,,,,INCONCLUSIVE,NOT_APPLICABLE_UNPROVED,codex-primary-wave4,2026-08-15,codex-independent-wave4,2026-08-15,FINAL_TWO_REVIEWER_APPROVED
SENT-1542,52bebecfb2a435d0e7ff2efea557c5799674ded6,専門語の検索漏れが確認された場合に、BM25との併用を残したまま効果と運用費用を比べます。,専門語sliceの検索漏れが再現した場合だけ学習型疎検索を追加し、BM25併用時のRecall増分と運用費用で採否を決めます。,"IMP(ATOM(retrieval=true), ATOM(cost=true))",IMPLIES,concrete_technology_claim,UNCLASSIFIED,4.3.5 (docs/4.質問に合う根拠を探す/4.3.Sparse retrieval.md:124); authoritative docs commit 52bebecfb2a435d0e7ff2efea557c5799674ded6,,,DEFINITION_OR_SPEC,,cost=true,IMPLIES,REWRITE_REQUIRED,「専門語sliceの検索漏れが再現した場合だけ学習型疎検索を追加し」の検討では、cost=trueに関して本文へ残す内容を、実行または記録で確認できる範囲まで絞りました。専門語sliceの検索漏れが再現した場合だけ学習型疎検索を追加し、BM25併用時のRecall増分と運用費用で採否を決めます。 修正文が具体化する対象は「専門語sliceの検索漏れが再現した場合だけ学習型疎検索を追加し」です。「専門語sliceの検索漏れが再現した場合だけ学習型疎検索を追加し」の証拠境界として、元命題にある含意関係はcost=trueの裏付けを欠くため、実装規則とは分離します。「専門語sliceの検索漏れが再現した場合だけ学習型疎検索を追加し」の採否について、cost=trueに関する具体的な処理は有用ですが、原文のままでは境界を越えるため書換えを選びます。,NOT_APPLICABLE_NON_NORMATIVE,NOT_APPLICABLE_NON_NORMATIVE,NOT_APPLICABLE,4.3.5 (docs/4.質問に合う根拠を探す/4.3.Sparse retrieval.md:124); authoritative docs commit 52bebecfb2a435d0e7ff2efea557c5799674ded6 の現文を次の文へ置換する: 専門語sliceの検索漏れが再現した場合だけ学習型疎検索を追加し、BM25併用時のRecall増分と運用費用で採否を決めます。 再抽出した文面と分類を照合する。,rag-guide-maintainers,,,,INCONCLUSIVE,NOT_APPLICABLE_UNPROVED,codex-primary-wave4,2026-08-15,codex-independent-wave4,2026-08-15,FINAL_TWO_REVIEWER_APPROVED
SENT-1545,52bebecfb2a435d0e7ff2efea557c5799674ded6,BM25を置き換える前提にせず、追加の検索器として検索表現に含める語の少なさ、検索品質、応答時間、追加学習していない分野での性能を比較します。,,"NOT(AND(AND(AND(AND(ATOM(learned=true), ATOM(recall_latency_tradeoff=true)), ATOM(retrieval=true)), ATOM(temporal_freshness=true)), ATOM(latency=true)))",NOT,concrete_technology_claim,UNCLASSIFIED,4.3.5 (docs/4.質問に合う根拠を探す/4.3.Sparse retrieval.md:128); authoritative docs commit 52bebecfb2a435d0e7ff2efea557c5799674ded6,,,DEFINITION_OR_SPEC,,,,APPROPRIATE_NORMATIVE,BM25を置き換える前提にせず、追加の検索器として検索表現に含める語の少なさ、検索品質、応答時間、追加学習していない分野での性能を比較するという採否判断は、比較対象と合格条件を実行結果で識別するために置きます。本文に列挙した対象・条件・指標を個別fieldへ保存し、同一runの実装結果または評価結果と一致することを確認する。 さらに、判定に必要なgold evidenceがないslice、標本不足のslice、負荷条件が異なるrunは合否集計から分離し、他sliceの平均結果を外挿しない。 この扱いを例外として記録します。 同じ条件での比較と採用しない条件を両方記録できるため、APPROPRIATE_NORMATIVEです。,BM25を置き換える前提にせず、追加の検索器として検索表現に含める語の少なさ、検索品質、応答時間、追加学習していない分野での性能を比較することを定める評価・採否規則について、本文に列挙した対象・条件・指標を個別fieldへ保存し、同一runの実装結果または評価結果と一致することを確認する。,BM25を置き換える前提にせず、追加の検索器として検索表現に含める語の少なさ、検索品質、応答時間、追加学習していない分野での性能を比較することを定める評価・採否規則の例外として、判定に必要なgold evidenceがないslice、標本不足のslice、負荷条件が異なるrunは合否集計から分離し、他sliceの平均結果を外挿しない。,NOT_APPLICABLE,4.3.5 (docs/4.質問に合う根拠を探す/4.3.Sparse retrieval.md:128); authoritative docs commit 52bebecfb2a435d0e7ff2efea557c5799674ded6 の本文を維持し、normative_criteriaとexceptionsを設計台帳へ固定する。,rag-guide-maintainers,,,,INCONCLUSIVE,NOT_APPLICABLE_UNPROVED,codex-primary-wave4,2026-08-15,codex-independent-wave4,2026-08-15,FINAL_TWO_REVIEWER_APPROVED
SENT-1549,52bebecfb2a435d0e7ff2efea557c5799674ded6,密検索は、学習済みの意味空間で質問と文書を比較し、語の一致だけでは取得できない候補を探します。,,"NOT(AND(ATOM(dense=true), ATOM(retrieval=true)))",NOT,general_technical_claim,UNCLASSIFIED,4.4.1 (docs/4.質問に合う根拠を探す/4.4.Dense retrieval.md:9); authoritative docs commit 52bebecfb2a435d0e7ff2efea557c5799674ded6,,,DEFINITION_OR_SPEC,,,,APPROPRIATE_NORMATIVE,密検索は、学習済みの意味空間で質問と文書を比較し、語の一致だけでは取得できない候補を探するという採否判断は、比較対象と合格条件を実行結果で識別するために置きます。この規則に含まれるretriever、candidate数、rank処理を固定したtest queryを実行し、統合前後のcandidate ID・rank・score変換が記述した順序と選択規則に一致することを確認する。 さらに、初期値・候補は対象datasetで再調整できるが、変更値、baseline、採用理由を同じresult tableへ残し、未比較の値を既定値として固定しない。 この扱いを例外として記録します。 同じ条件での比較と採用しない条件を両方記録できるため、APPROPRIATE_NORMATIVEです。,密検索は、学習済みの意味空間で質問と文書を比較し、語の一致だけでは取得できない候補を探することを定める評価・採否規則について、この規則に含まれるretriever、candidate数、rank処理を固定したtest queryを実行し、統合前後のcandidate ID・rank・score変換が記述した順序と選択規則に一致することを確認する。,密検索は、学習済みの意味空間で質問と文書を比較し、語の一致だけでは取得できない候補を探することを定める評価・採否規則の例外として、初期値・候補は対象datasetで再調整できるが、変更値、baseline、採用理由を同じresult tableへ残し、未比較の値を既定値として固定しない。,NOT_APPLICABLE,4.4.1 (docs/4.質問に合う根拠を探す/4.4.Dense retrieval.md:9); authoritative docs commit 52bebecfb2a435d0e7ff2efea557c5799674ded6 の本文を維持し、normative_criteriaとexceptionsを設計台帳へ固定する。,rag-guide-maintainers,,,,INCONCLUSIVE,NOT_APPLICABLE_UNPROVED,codex-primary-wave4,2026-08-15,codex-independent-wave4,2026-08-15,FINAL_TWO_REVIEWER_APPROVED
SENT-1554,52bebecfb2a435d0e7ff2efea557c5799674ded6,結果は学習データと評価条件に依存し、すべての業務で疎検索を上回ることを意味しません。,,"NOT(AND(AND(AND(ATOM(sparse=true), ATOM(retrieval=true)), ATOM(evaluation=true)), ATOM(empirical_result=true)))",NOT,empirical_or_research_claim,UNCLASSIFIED,4.4.1 (docs/4.質問に合う根拠を探す/4.4.Dense retrieval.md:16); authoritative docs commit 52bebecfb2a435d0e7ff2efea557c5799674ded6,,,DEFINITION_OR_SPEC,,,,APPROPRIATE_NORMATIVE,結果は学習データと評価条件に依存し、すべての業務で疎検索を上回ることを意味しないという採否判断は、比較対象と合格条件を実行結果で識別するために置きます。本文に列挙した対象・条件・指標を個別fieldへ保存し、同一runの実装結果または評価結果と一致することを確認する。 さらに、判定に必要なgold evidenceがないslice、標本不足のslice、負荷条件が異なるrunは合否集計から分離し、他sliceの平均結果を外挿しない。 この扱いを例外として記録します。 同じ条件での比較と採用しない条件を両方記録できるため、APPROPRIATE_NORMATIVEです。,結果は学習データと評価条件に依存し、すべての業務で疎検索を上回ることを意味しないことを定める評価・採否規則について、本文に列挙した対象・条件・指標を個別fieldへ保存し、同一runの実装結果または評価結果と一致することを確認する。,結果は学習データと評価条件に依存し、すべての業務で疎検索を上回ることを意味しないことを定める評価・採否規則の例外として、判定に必要なgold evidenceがないslice、標本不足のslice、負荷条件が異なるrunは合否集計から分離し、他sliceの平均結果を外挿しない。,NOT_APPLICABLE,4.4.1 (docs/4.質問に合う根拠を探す/4.4.Dense retrieval.md:16); authoritative docs commit 52bebecfb2a435d0e7ff2efea557c5799674ded6 の本文を維持し、normative_criteriaとexceptionsを設計台帳へ固定する。,rag-guide-maintainers,,,,INCONCLUSIVE,NOT_APPLICABLE_UNPROVED,codex-primary-wave4,2026-08-15,codex-independent-wave4,2026-08-15,FINAL_TWO_REVIEWER_APPROVED
SENT-1555,52bebecfb2a435d0e7ff2efea557c5799674ded6,ベクトルの類似度は、文章の真偽、情報源の信頼度、文書の鮮度、利用者の権限を表しません。,,"NOT(AND(ATOM(temporal_freshness=true), ATOM(authorization=true)))",NOT,general_technical_claim,UNCLASSIFIED,4.4.1 (docs/4.質問に合う根拠を探す/4.4.Dense retrieval.md:18); authoritative docs commit 52bebecfb2a435d0e7ff2efea557c5799674ded6,,,DEFINITION_OR_SPEC,,,,APPROPRIATE_NORMATIVE,ベクトルの類似度は、文章の真偽、情報源の信頼度、文書の鮮度、利用者の権限を表しないという安全境界は、本ガイドが強制する制御として設けます。高いvector similarityを持つが偽、低信頼、期限切れ、非許可のdocument fixtureを用い、similarity scoreだけではtruth、source trust、freshness、authorizationのいずれも合格にならないことを確認する。 さらに、similarityをcandidate収集へ使うことはできるが、truth/trust/freshness/authorizationの各判定を同じscoreで代替しない。 この扱いを例外として記録します。 負試験で境界を確かめ、統制を緩めない例外を明示できるので、APPROPRIATE_NORMATIVEです。,高いvector similarityを持つが偽、低信頼、期限切れ、非許可のdocument fixtureを用い、similarity scoreだけではtruth、source trust、freshness、authorizationのいずれも合格にならないことを確認する。,similarityをcandidate収集へ使うことはできるが、truth/trust/freshness/authorizationの各判定を同じscoreで代替しない。,NOT_APPLICABLE,4.4.1 (docs/4.質問に合う根拠を探す/4.4.Dense retrieval.md:18); authoritative docs commit 52bebecfb2a435d0e7ff2efea557c5799674ded6 の本文を維持し、normative_criteriaとexceptionsを設計台帳へ固定する。,rag-guide-maintainers,,,,INCONCLUSIVE,NOT_APPLICABLE_UNPROVED,codex-primary-wave4,2026-08-15,codex-independent-wave4,2026-08-15,FINAL_TWO_REVIEWER_APPROVED
SENT-1556,52bebecfb2a435d0e7ff2efea557c5799674ded6,密検索を候補生成の一つの手掛かりとして使い、メタデータフィルターと再順位付けで補います。,密検索はcandidate生成に限定し、ACL metadata filter後の候補をrerankerへ渡す構成として評価します。,"AND(AND(AND(ATOM(dense=true), ATOM(rerank=true)), ATOM(retrieval=true)), ATOM(generation=true))",AND,general_technical_claim,UNCLASSIFIED,4.4.1 (docs/4.質問に合う根拠を探す/4.4.Dense retrieval.md:19); authoritative docs commit 52bebecfb2a435d0e7ff2efea557c5799674ded6,,,DEFINITION_OR_SPEC,,generation=true;rerank=true,NOT_APPLICABLE,REWRITE_REQUIRED,「密検索はcandidate生成に限定し」の検討では、generation=true、rerank=trueに関して本文へ残す内容を、実行または記録で確認できる範囲まで絞りました。「密検索はcandidate生成に限定し」の証拠境界として、根拠台帳にはgeneration=true、rerank=trueを支えるlocatorがなく、元の未確定の関係を一般化しない判断です。密検索はcandidate生成に限定し、ACL metadata filter後の候補をrerankerへ渡す構成として評価します。 修正文が具体化する対象は「密検索はcandidate生成に限定し」です。「密検索はcandidate生成に限定し」の採否について、未確定の関係を維持できない一方で教材上の操作は残るため、REWRITE_REQUIREDとします。,NOT_APPLICABLE_NON_NORMATIVE,NOT_APPLICABLE_NON_NORMATIVE,NOT_APPLICABLE,4.4.1 (docs/4.質問に合う根拠を探す/4.4.Dense retrieval.md:19); authoritative docs commit 52bebecfb2a435d0e7ff2efea557c5799674ded6 の現文を次の文へ置換する: 密検索はcandidate生成に限定し、ACL metadata filter後の候補をrerankerへ渡す構成として評価します。 再抽出した文面と分類を照合する。,rag-guide-maintainers,,,,INCONCLUSIVE,NOT_APPLICABLE_UNPROVED,codex-primary-wave4,2026-08-15,codex-independent-wave4,2026-08-15,FINAL_TWO_REVIEWER_APPROVED
SENT-1561,52bebecfb2a435d0e7ff2efea557c5799674ded6,Sentence-BERTのように、質問と文書で同種の符号化器を共有する構成もあります。,Sentence-BERTは、比較対象としたsentence-pair taskで、二つの入力を同種のencoderへ通してembeddingを得るsiamese構成を採用しています。,NL_PROPOSITION(Sentence-BERTのように、質問と文書で同種の符号化器を共有する構成もあります。),UNFORMALIZED,externally_cited_claim,UNCLASSIFIED,4.4.1 (docs/4.質問に合う根拠を探す/4.4.Dense retrieval.md:26); authoritative docs commit 52bebecfb2a435d0e7ff2efea557c5799674ded6,SRC-042,SRC-042 https://arxiv.org/abs/1908.10084 — abstract inspected 2026-08-15; 現主張への直接locatorは未確定,AUTHOR_CLAIM,NONE_DIRECTLY_VERIFIED,UNFORMALIZED_NATURAL_LANGUAGE_CLAIM,NOT_APPLICABLE,REWRITE_REQUIRED,arxiv.orgのAbstractへの参照は台帳にありますが、原文の未形式化主張について各要素と結論との直接の対応まで同時に再特定できる直接箇所が確定していません。資料の帰属範囲をSentence-BERTは、比較対象としたsentence-pair taskで、二つの入力を同種のencoderへ通してembeddingを得るsiamese構成を採用しているという限定まで狭め、候補URLの存在だけで機序や結果を補わない文へ変更します。 修正文にある主体と操作対象は保ちつつ、直接根拠を越える各要素と結論との直接の対応を落とす差分なので、REWRITE_REQUIREDと判定します。,NOT_APPLICABLE_NON_NORMATIVE,NOT_APPLICABLE_NON_NORMATIVE,UNVERIFIED,4.4.1 (docs/4.質問に合う根拠を探す/4.4.Dense retrieval.md:26); authoritative docs commit 52bebecfb2a435d0e7ff2efea557c5799674ded6 の現文を次の文へ置換する: Sentence-BERTは、比較対象としたsentence-pair taskで、二つの入力を同種のencoderへ通してembeddingを得るsiamese構成を採用しています。 再抽出した文面と分類を照合する。,rag-guide-maintainers,,,,INCONCLUSIVE,NOT_APPLICABLE_UNPROVED,codex-primary-wave4,2026-08-15,codex-independent-wave4,2026-08-15,FINAL_TWO_REVIEWER_APPROVED
SENT-1563,52bebecfb2a435d0e7ff2efea557c5799674ded6,二塔型符号化器で広く候補を回収し、交差符号化器で少数候補を再順位付けする役割分担ができます。,two-tower encoderをfirst-stage retrievalに、cross-encoderを少数candidateのrerankingに割り当てる二段階構成を採用できます。,"AND(ATOM(dual_encoder=true), ATOM(rerank=true))",AND,general_technical_claim,できます,4.4.1 (docs/4.質問に合う根拠を探す/4.4.Dense retrieval.md:29); authoritative docs commit 52bebecfb2a435d0e7ff2efea557c5799674ded6,SRC-043,SRC-043 https://arxiv.org/abs/2004.04906 — abstract inspected 2026-08-15; 現主張への直接locatorは未確定,AUTHOR_CLAIM,NONE_DIRECTLY_VERIFIED,rerank=true,NOT_APPLICABLE,REWRITE_REQUIRED,arxiv.orgのAbstractへの参照は台帳にありますが、rerankについて各要素と結論との直接の対応まで同時に再特定できる直接箇所が確定していません。本文に残すのは、two-tower encoderをfirst-stage retrievalに、cross-encoderを少数candidateのrerankingに割り当てる二段階構成を採用できるという対象範囲です。rerankについて未確認の因果までは導きません。 修正文にある主体と操作対象は保ちつつ、直接根拠を越える各要素と結論との直接の対応を落とす差分なので、REWRITE_REQUIREDと判定します。,NOT_APPLICABLE_NON_NORMATIVE,NOT_APPLICABLE_NON_NORMATIVE,UNVERIFIED,4.4.1 (docs/4.質問に合う根拠を探す/4.4.Dense retrieval.md:29); authoritative docs commit 52bebecfb2a435d0e7ff2efea557c5799674ded6 の現文を次の文へ置換する: two-tower encoderをfirst-stage retrievalに、cross-encoderを少数candidateのrerankingに割り当てる二段階構成を採用できます。 再抽出した文面と分類を照合する。,rag-guide-maintainers,,,,INCONCLUSIVE,NOT_APPLICABLE_UNPROVED,codex-primary-wave4,2026-08-15,codex-independent-wave4,2026-08-15,FINAL_TWO_REVIEWER_APPROVED
SENT-1564,52bebecfb2a435d0e7ff2efea557c5799674ded6,図4-5は、上段の質問と下段の各文書を別々の符号化器でベクトルへ変換し、中央右の類似度で比べる流れです。,本ガイドでは、図4-5を「上段の質問と下段の各文書を別々の符号化器でベクトルへ変換し、中央右の類似度で比べる流れ」として用います。,NL_PROPOSITION(図4-5は、上段の質問と下段の各文書を別々の符号化器でベクトルへ変換し、中央右の類似度で比べる流れです。),UNFORMALIZED,general_technical_claim,UNCLASSIFIED,4.4.1 (docs/4.質問に合う根拠を探す/4.4.Dense retrieval.md:31); authoritative docs commit 52bebecfb2a435d0e7ff2efea557c5799674ded6,,,DEFINITION_OR_SPEC,,,,APPROPRIATE_NORMATIVE,本ガイドでは、図4-5を「上段の質問と下段の各文書を別々の符号化器でベクトルへ変換し、中央右の類似度で比べる流れ」として用いるという局所定義は、本文・図表・台帳で同じ対象を指すために使います。図4-5の上段をquery encoder入力、下段をdocument encoder入力、中央右をvector similarityとしてfigure legendと本文の対応を照合します。 適用境界では、encoderを共有する実装を説明する場合は図4-5の二つの入力経路と区別し、共有parameterであることをcaptionへ追記します。 用語や工程の一貫性と外部仕様と異なる場合の併記を検査できるため、APPROPRIATE_NORMATIVEです。,本ガイドでは、図4-5を「上段の質問と下段の各文書を別々の符号化器でベクトルへ変換し、中央右の類似度で比べる流れ」として用います。 図4-5の上段をquery encoder入力、下段をdocument encoder入力、中央右をvector similarityとしてfigure legendと本文の対応を照合します。,本ガイドでは、図4-5を「上段の質問と下段の各文書を別々の符号化器でベクトルへ変換し、中央右の類似度で比べる流れ」として用います。 encoderを共有する実装を説明する場合は図4-5の二つの入力経路と区別し、共有parameterであることをcaptionへ追記します。,NOT_APPLICABLE,4.4.1 (docs/4.質問に合う根拠を探す/4.4.Dense retrieval.md:31); authoritative docs commit 52bebecfb2a435d0e7ff2efea557c5799674ded6 の現文を次の文へ置換する: 本ガイドでは、図4-5を「上段の質問と下段の各文書を別々の符号化器でベクトルへ変換し、中央右の類似度で比べる流れ」として用います。 再抽出した文面と分類を照合する。,rag-guide-maintainers,,,,INCONCLUSIVE,NOT_APPLICABLE_UNPROVED,codex-primary-wave4,2026-08-15,codex-independent-wave4,2026-08-15,FINAL_TWO_REVIEWER_APPROVED
SENT-1567,52bebecfb2a435d0e7ff2efea557c5799674ded6,密検索器の品質は、正例だけでなく、どの文書を負例として学習するかに影響されます。,密検索器の学習では正例だけでなく、in-batch、BM25 hard negative、同一文書内負例を版管理し、負例集合ごとのRecallを比較します。,"AND(AND(ATOM(learned=true), ATOM(dense=true)), ATOM(retrieval=true))",AND,general_technical_claim,UNCLASSIFIED,4.4.2 (docs/4.質問に合う根拠を探す/4.4.Dense retrieval.md:41); authoritative docs commit 52bebecfb2a435d0e7ff2efea557c5799674ded6,,,DEFINITION_OR_SPEC,,learned=true,NOT_APPLICABLE,REWRITE_REQUIRED,「密検索器の学習では正例だけでなく」の検討では、未確定の関係を含む元文から採用するのは、再現可能な局所手順に限ります。「密検索器の学習では正例だけでなく」の証拠境界として、learned=trueについて一次資料の具体箇所を再特定できず、未確定の関係のまま維持できません。密検索器の学習では正例だけでなく、in-batch、BM25 hard negative、同一文書内負例を版管理し、負例集合ごとのRecallを比較します。 修正文が具体化する対象は「密検索器の学習では正例だけでなく」です。「密検索器の学習では正例だけでなく」の採否について、未確定の関係を維持できない一方で教材上の操作は残るため、REWRITE_REQUIREDとします。,NOT_APPLICABLE_NON_NORMATIVE,NOT_APPLICABLE_NON_NORMATIVE,NOT_APPLICABLE,4.4.2 (docs/4.質問に合う根拠を探す/4.4.Dense retrieval.md:41); authoritative docs commit 52bebecfb2a435d0e7ff2efea557c5799674ded6 の現文を次の文へ置換する: 密検索器の学習では正例だけでなく、in-batch、BM25 hard negative、同一文書内負例を版管理し、負例集合ごとのRecallを比較します。 再抽出した文面と分類を照合する。,rag-guide-maintainers,,,,INCONCLUSIVE,NOT_APPLICABLE_UNPROVED,codex-primary-wave4,2026-08-15,codex-independent-wave4,2026-08-15,FINAL_TWO_REVIEWER_APPROVED
SENT-1569,52bebecfb2a435d0e7ff2efea557c5799674ded6,DPRは、同じ一括処理内の別文書を負例にするバッチ内負例（In-batch negative）と、BM25が上位へ返した誤文書を難しい負例（Hard negative）として利用しました。,,NL_PROPOSITION(DPRは、同じ一括処理内の別文書を負例にするバッチ内負例（In-batch negative）と、BM25が上位へ返した誤文書を難しい負例（Hard negative）として利用しました。),UNFORMALIZED,concrete_technology_claim,UNCLASSIFIED,4.4.2 (docs/4.質問に合う根拠を探す/4.4.Dense retrieval.md:44); authoritative docs commit 52bebecfb2a435d0e7ff2efea557c5799674ded6,SRC-002,"https://aclanthology.org/2020.emnlp-main.550.pdf, §3.2 Training, pp. 6771–6772 (PDF pp. 2–3), lines 262–285; §5.2, p. 6774 (PDF p. 5), lines 477–502",AUTHOR_CLAIM,dense=true;dual_encoder=true;in_batch_negative=true;bm25_hard_negative=true,,,APPROPRIATE_SUPPORTED,DPR §3.2と§5.2がin-batch negativesとBM25 hard negativesをそれぞれ直接定義・使用しており、原文の両atomを支持する。,NOT_APPLICABLE_NON_NORMATIVE,NOT_APPLICABLE_NON_NORMATIVE,SOURCE_ASSERTED,4.4.2 (docs/4.質問に合う根拠を探す/4.4.Dense retrieval.md:44); authoritative docs commit 52bebecfb2a435d0e7ff2efea557c5799674ded6 の本文を維持し、確定した一次資料locator・主張役割・外的真偽境界を台帳へ固定する。,rag-guide-maintainers,,,,INCONCLUSIVE,NOT_APPLICABLE_UNPROVED,codex-primary-wave4,2026-08-15,codex-independent-wave4,2026-08-15,FINAL_TWO_REVIEWER_APPROVED
SENT-1575,52bebecfb2a435d0e7ff2efea557c5799674ded6,MTEBは、検索、分類、類似度など、多様な課題を同じ枠組みで比べる埋め込みモデルの評価基盤です。,MTEBは、収録した検索、分類、意味類似などのtaskを共通protocolで比較するembedding model評価基盤です。,"AND(AND(ATOM(retrieval=true), ATOM(evaluation=true)), ATOM(embedding_model=true))",AND,externally_cited_claim,UNCLASSIFIED,4.4.2 (docs/4.質問に合う根拠を探す/4.4.Dense retrieval.md:52); authoritative docs commit 52bebecfb2a435d0e7ff2efea557c5799674ded6,SRC-044,SRC-044 https://arxiv.org/abs/2210.07316 — abstract inspected 2026-08-15; 現主張への直接locatorは未確定,AUTHOR_CLAIM,NONE_DIRECTLY_VERIFIED,embedding_model=true,NOT_APPLICABLE,REWRITE_REQUIRED,arxiv.orgのAbstractへの参照は台帳にありますが、embedding_modelについて各要素と結論との直接の対応まで同時に再特定できる直接箇所が確定していません。資料の帰属範囲をMTEBは、収録した検索、分類、意味類似などのtaskを共通protocolで比較するembedding model評価基盤であるという限定まで狭め、候補URLの存在だけで機序や結果を補わない文へ変更します。 修正文にある主体と操作対象は保ちつつ、直接根拠を越える各要素と結論との直接の対応を落とす差分なので、REWRITE_REQUIREDと判定します。,NOT_APPLICABLE_NON_NORMATIVE,NOT_APPLICABLE_NON_NORMATIVE,UNVERIFIED,4.4.2 (docs/4.質問に合う根拠を探す/4.4.Dense retrieval.md:52); authoritative docs commit 52bebecfb2a435d0e7ff2efea557c5799674ded6 の現文を次の文へ置換する: MTEBは、収録した検索、分類、意味類似などのtaskを共通protocolで比較するembedding model評価基盤です。 再抽出した文面と分類を照合する。,rag-guide-maintainers,,,,INCONCLUSIVE,NOT_APPLICABLE_UNPROVED,codex-primary-wave4,2026-08-15,codex-independent-wave4,2026-08-15,FINAL_TWO_REVIEWER_APPROVED
SENT-1582,52bebecfb2a435d0e7ff2efea557c5799674ded6,Contrieverは、人手の関連度ラベルを使わない学習で候補を広く拾う方法を示しました。,,NL_PROPOSITION(Contrieverは、人手の関連度ラベルを使わない学習で候補を広く拾う方法を示しました。),UNFORMALIZED,externally_cited_claim,UNCLASSIFIED,4.4.2 (docs/4.質問に合う根拠を探す/4.4.Dense retrieval.md:62); authoritative docs commit 52bebecfb2a435d0e7ff2efea557c5799674ded6,SRC-074,"https://arxiv.org/abs/2112.09118, Abstract, lines 15–19",AUTHOR_CLAIM,retrieval=true;dense=true;unsupervised_contrastive=true,,,APPROPRIATE_SUPPORTED,Contriever Abstractが人手関連度ラベルなしのcontrastive trainingとBEIR Recall@100での結果を報告するため、『人手ラベルを使わず候補を広く拾う』という要約を支持する。,NOT_APPLICABLE_NON_NORMATIVE,NOT_APPLICABLE_NON_NORMATIVE,SOURCE_ASSERTED,4.4.2 (docs/4.質問に合う根拠を探す/4.4.Dense retrieval.md:62); authoritative docs commit 52bebecfb2a435d0e7ff2efea557c5799674ded6 の本文を維持し、確定した一次資料locator・主張役割・外的真偽境界を台帳へ固定する。,rag-guide-maintainers,,,,INCONCLUSIVE,NOT_APPLICABLE_UNPROVED,codex-primary-wave4,2026-08-15,codex-independent-wave4,2026-08-15,FINAL_TWO_REVIEWER_APPROVED
SENT-1583,52bebecfb2a435d0e7ff2efea557c5799674ded6,ただし、BEIRの上位100件への回収では多くのデータセットでBM25を上回った一方、平均値や上位順位を重視する指標ではBM25を下回りました。,Contriever候補は、対象データのRecall@100とnDCG@10をBM25と比較し、回収範囲と上位順位の両方で採否を決めます。,"AND(ATOM(ranking_metric=true), ATOM(empirical_result=true))",AND,concrete_technology_claim,UNCLASSIFIED,4.4.2 (docs/4.質問に合う根拠を探す/4.4.Dense retrieval.md:63); authoritative docs commit 52bebecfb2a435d0e7ff2efea557c5799674ded6,,,DEFINITION_OR_SPEC,,empirical_result=true;ranking_metric=true,NOT_APPLICABLE,REWRITE_REQUIRED,「Contriever候補」の証拠境界として、候補資料だけではempirical_result=true、ranking_metric=trueの未確定の関係まで支持できず、直接観測する対象へ限定しました。Contriever候補は、対象データのRecall@100とnDCG@10をBM25と比較し、回収範囲と上位順位の両方で採否を決めます。 修正文が具体化する対象は「Contriever候補」です。「Contriever候補」の検討では、empirical_result=true、ranking_metric=trueについては技術一般の性質を断定せず、構成上の扱いだけを定めます。「Contriever候補」の採否について、empirical_result=true、ranking_metric=trueを外的真偽の主張にしない完成文へ更新するのが妥当です。,NOT_APPLICABLE_NON_NORMATIVE,NOT_APPLICABLE_NON_NORMATIVE,NOT_APPLICABLE,4.4.2 (docs/4.質問に合う根拠を探す/4.4.Dense retrieval.md:63); authoritative docs commit 52bebecfb2a435d0e7ff2efea557c5799674ded6 の現文を次の文へ置換する: Contriever候補は、対象データのRecall@100とnDCG@10をBM25と比較し、回収範囲と上位順位の両方で採否を決めます。 再抽出した文面と分類を照合する。,rag-guide-maintainers,,,,INCONCLUSIVE,NOT_APPLICABLE_UNPROVED,codex-primary-wave4,2026-08-15,codex-independent-wave4,2026-08-15,FINAL_TWO_REVIEWER_APPROVED
SENT-1585,52bebecfb2a435d0e7ff2efea557c5799674ded6,文書ベクトルをモデルAで作り、質問をモデルBで作った場合、次元数が同じでも比較できる保証はありません。,documentとqueryのvectorは同一model revisionで生成し、別modelを使う構成は共有空間を実証する対応表と回帰試験がない限り禁止します。,NOT(ATOM(dimension_contract=true)),NOT,general_technical_claim,できる,4.4.3 (docs/4.質問に合う根拠を探す/4.4.Dense retrieval.md:68); authoritative docs commit 52bebecfb2a435d0e7ff2efea557c5799674ded6,,,DEFINITION_OR_SPEC,,dimension_contract=true,NOT,REWRITE_REQUIRED,「documentとqueryのvectorは同一model revisionで生成し」の証拠境界として、dimension_contract=trueに対応する一次資料locatorが空である以上、否定関係を技術一般の説明には使いません。documentとqueryのvectorは同一model revisionで生成し、別modelを使う構成は共有空間を実証する対応表と回帰試験がない限り禁止します。 修正文が具体化する対象は「documentとqueryのvectorは同一model revisionで生成し」です。「documentとqueryのvectorは同一model revisionで生成し」の検討では、dimension_contract=trueを外部で常に成立する命題にはせず、このガイドの実装境界として記述します。「documentとqueryのvectorは同一model revisionで生成し」の採否について、本文を否定関係から局所操作へ切り替える差分として採用します。,NOT_APPLICABLE_NON_NORMATIVE,NOT_APPLICABLE_NON_NORMATIVE,NOT_APPLICABLE,4.4.3 (docs/4.質問に合う根拠を探す/4.4.Dense retrieval.md:68); authoritative docs commit 52bebecfb2a435d0e7ff2efea557c5799674ded6 の現文を次の文へ置換する: documentとqueryのvectorは同一model revisionで生成し、別modelを使う構成は共有空間を実証する対応表と回帰試験がない限り禁止します。 再抽出した文面と分類を照合する。,rag-guide-maintainers,,,,INCONCLUSIVE,NOT_APPLICABLE_UNPROVED,codex-primary-wave4,2026-08-15,codex-independent-wave4,2026-08-15,FINAL_TWO_REVIEWER_APPROVED
SENT-1588,52bebecfb2a435d0e7ff2efea557c5799674ded6,質問ベクトルを一時保存する際の識別子にも契約版を含めます。,,NL_PROPOSITION(質問ベクトルを一時保存する際の識別子にも契約版を含めます。),UNFORMALIZED,general_technical_claim,UNCLASSIFIED,4.4.3 (docs/4.質問に合う根拠を探す/4.4.Dense retrieval.md:72); authoritative docs commit 52bebecfb2a435d0e7ff2efea557c5799674ded6,,,DEFINITION_OR_SPEC,,,,APPROPRIATE_NORMATIVE,質問ベクトルを一時保存する際の識別子にも契約版を含めるという追跡要件は、後続工程から入力と版へ戻るための局所契約です。一時保存するquery vectorのcache keyにembedding contract versionを含め、同じqueryでもcontract versionが異なれば別entryになることを確認する。 さらに、contractの全構成要素と出力vectorが同一であることを検証したalias versionだけは同一cache entryへ写像できる。 この扱いを例外として記録します。 逆引き可能性と保存上の例外を台帳で確かめられるため、APPROPRIATE_NORMATIVEです。,一時保存するquery vectorのcache keyにembedding contract versionを含め、同じqueryでもcontract versionが異なれば別entryになることを確認する。,contractの全構成要素と出力vectorが同一であることを検証したalias versionだけは同一cache entryへ写像できる。,NOT_APPLICABLE,4.4.3 (docs/4.質問に合う根拠を探す/4.4.Dense retrieval.md:72); authoritative docs commit 52bebecfb2a435d0e7ff2efea557c5799674ded6 の本文を維持し、normative_criteriaとexceptionsを設計台帳へ固定する。,rag-guide-maintainers,,,,INCONCLUSIVE,NOT_APPLICABLE_UNPROVED,codex-primary-wave4,2026-08-15,codex-independent-wave4,2026-08-15,FINAL_TWO_REVIEWER_APPROVED
SENT-1590,52bebecfb2a435d0e7ff2efea557c5799674ded6,長い文書が切り捨てられた場合、末尾の重要情報が埋め込みへ入っていない可能性があります。,長い文書をモデルの入力上限で切り捨てる構成では、末尾の重要情報が埋め込みへ入らない可能性があるため、切り捨て位置と未入力範囲を検査します。,NL_PROPOSITION(長い文書が切り捨てられた場合、末尾の重要情報が埋め込みへ入っていない可能性があります。),UNFORMALIZED,general_technical_claim,可能,4.4.3 (docs/4.質問に合う根拠を探す/4.4.Dense retrieval.md:75); authoritative docs commit 52bebecfb2a435d0e7ff2efea557c5799674ded6,SRC-002;SRC-005;SRC-042;SRC-043;SRC-044,SRC-002 https://aclanthology.org/2020.emnlp-main.550/ — abstract inspected 2026-08-15; 現主張への直接locatorは未確定; SRC-005 https://doi.org/10.1561/1500000019 — primary_page inspected 2026-08-15; 現主張への直接locatorは未確定; SRC-042 https://arxiv.org/abs/1908.10084 — abstract inspected 2026-08-15; 現主張への直接locatorは未確定,AUTHOR_CLAIM,NONE_DIRECTLY_VERIFIED,UNFORMALIZED_NATURAL_LANGUAGE_CLAIM,UNFORMALIZED,REWRITE_REQUIRED,aclanthology.org・doi.orgのAbstractへの参照は台帳にありますが、原文の未形式化主張について未形式化の関係まで同時に再特定できる直接箇所が確定していません。本文に残すのは、長い文書をモデルの入力上限で切り捨てる構成では、末尾の重要情報が埋め込みへ入らない可能性があるため、切り捨て位置と未入力範囲を検査するという対象範囲です。原文の未形式化主張について未確認の因果までは導きません。 修正文にある主体と操作対象は保ちつつ、直接根拠を越える未形式化の関係を落とす差分なので、REWRITE_REQUIREDと判定します。,NOT_APPLICABLE_NON_NORMATIVE,NOT_APPLICABLE_NON_NORMATIVE,UNVERIFIED,4.4.3 (docs/4.質問に合う根拠を探す/4.4.Dense retrieval.md:75); authoritative docs commit 52bebecfb2a435d0e7ff2efea557c5799674ded6 の現文を次の文へ置換する: 長い文書をモデルの入力上限で切り捨てる構成では、末尾の重要情報が埋め込みへ入らない可能性があるため、切り捨て位置と未入力範囲を検査します。 再抽出した文面と分類を照合する。,rag-guide-maintainers,,,,INCONCLUSIVE,NOT_APPLICABLE_UNPROVED,codex-primary-wave4,2026-08-15,codex-independent-wave4,2026-08-15,FINAL_TWO_REVIEWER_APPROVED
SENT-1591,52bebecfb2a435d0e7ff2efea557c5799674ded6,切り捨て件数と影響文書を記録し、チャンク分割または対応する長文モデルを見直します。,,ATOM(chunking=true),ATOM,general_technical_claim,UNCLASSIFIED,4.4.3 (docs/4.質問に合う根拠を探す/4.4.Dense retrieval.md:76); authoritative docs commit 52bebecfb2a435d0e7ff2efea557c5799674ded6,,,DEFINITION_OR_SPEC,,,,APPROPRIATE_NORMATIVE,切り捨て件数と影響文書を記録し、チャンク分割または対応する長文モデルを見直すという追跡要件は、後続工程から入力と版へ戻るための局所契約です。入力上限によるtruncationごとに切り捨てtoken数、document ID、失われたsource spanを記録し、chunkingまたはlong-context modelを変更した再試験でtruncation件数と根拠保持率を確認します。 適用境界では、切り捨てspanが空白や重複だけで、gold evidence・条件・例外・citation範囲を含まないことを確認できる場合も、truncation event自体は監査記録から除外しません。 逆引き可能性と保存上の例外を台帳で確かめられるため、APPROPRIATE_NORMATIVEです。,入力上限によるtruncationごとに切り捨てtoken数、document ID、失われたsource spanを記録し、chunkingまたはlong-context modelを変更した再試験でtruncation件数と根拠保持率を確認します。,切り捨てspanが空白や重複だけで、gold evidence・条件・例外・citation範囲を含まないことを確認できる場合も、truncation event自体は監査記録から除外しません。,NOT_APPLICABLE,4.4.3 (docs/4.質問に合う根拠を探す/4.4.Dense retrieval.md:76); authoritative docs commit 52bebecfb2a435d0e7ff2efea557c5799674ded6 の本文を維持し、normative_criteriaとexceptionsを設計台帳へ固定する。,rag-guide-maintainers,,,,INCONCLUSIVE,NOT_APPLICABLE_UNPROVED,codex-primary-wave4,2026-08-15,codex-independent-wave4,2026-08-15,FINAL_TWO_REVIEWER_APPROVED
SENT-1604,52bebecfb2a435d0e7ff2efea557c5799674ded6,LuceneへHNSWを統合した研究は、検索品質だけでなく、インデックス構築時間、保存容量、同時検索の処理量も比較しました。,LuceneへHNSWを統合した研究は、同研究のcollectionとhardware条件で、検索品質に加えてindex構築時間、保存容量、concurrent query throughputを比較しています。,"AND(AND(ATOM(recall_latency_tradeoff=true), ATOM(retrieval=true)), ATOM(temporal_freshness=true))",AND,externally_cited_claim,UNCLASSIFIED,4.4.4 (docs/4.質問に合う根拠を探す/4.4.Dense retrieval.md:97); authoritative docs commit 52bebecfb2a435d0e7ff2efea557c5799674ded6,SRC-048;SRC-047,SRC-048 https://arxiv.org/abs/2304.12139 — abstract inspected 2026-08-15; 現主張への直接locatorは未確定; SRC-047 https://arxiv.org/abs/1603.09320 — abstract inspected 2026-08-15; 現主張への直接locatorは未確定,EMPIRICAL_RESULT,NONE_DIRECTLY_VERIFIED,temporal_freshness=true,NOT_APPLICABLE,REWRITE_REQUIRED,arxiv.orgのAbstractへの参照は台帳にありますが、temporal_freshnessについて各要素と結論との直接の対応まで同時に再特定できる直接箇所が確定していません。資料の帰属範囲をLuceneへHNSWを統合した研究は、同研究のcollectionとhardware条件で、検索品質に加えてindex構築時間、保存容量、concurrent query throughputを比較しているという限定まで狭め、候補URLの存在だけで機序や結果を補わない文へ変更します。 修正文にある主体と操作対象は保ちつつ、直接根拠を越える各要素と結論との直接の対応を落とす差分なので、REWRITE_REQUIREDと判定します。,NOT_APPLICABLE_NON_NORMATIVE,NOT_APPLICABLE_NON_NORMATIVE,UNVERIFIED,4.4.4 (docs/4.質問に合う根拠を探す/4.4.Dense retrieval.md:97); authoritative docs commit 52bebecfb2a435d0e7ff2efea557c5799674ded6 の現文を次の文へ置換する: LuceneへHNSWを統合した研究は、同研究のcollectionとhardware条件で、検索品質に加えてindex構築時間、保存容量、concurrent query throughputを比較しています。 再抽出した文面と分類を照合する。,rag-guide-maintainers,,,,INCONCLUSIVE,NOT_APPLICABLE_UNPROVED,codex-primary-wave4,2026-08-15,codex-independent-wave4,2026-08-15,FINAL_TWO_REVIEWER_APPROVED
SENT-1605,52bebecfb2a435d0e7ff2efea557c5799674ded6,単一処理と並行処理でLuceneとFaissの優劣が入れ替わり、差の原因も完全には分離されていません。,LuceneとFaissはsingle-queryとconcurrent-queryを分け、同じhardware、index、Recall条件でthroughputとp95 latencyを測ります。,NL_PROPOSITION(単一処理と並行処理でLuceneとFaissの優劣が入れ替わり、差の原因も完全には分離されていません。),UNFORMALIZED,concrete_technology_claim,UNCLASSIFIED,4.4.4 (docs/4.質問に合う根拠を探す/4.4.Dense retrieval.md:98); authoritative docs commit 52bebecfb2a435d0e7ff2efea557c5799674ded6,,,DEFINITION_OR_SPEC,,UNFORMALIZED_NATURAL_LANGUAGE_CLAIM,UNFORMALIZED,REWRITE_REQUIRED,「LuceneとFaissはsingle-queryとconcurrent-queryを分け」の証拠境界として、UNFORMALIZED_NATURAL_LANGUAGE_CLAIMの外的真偽を確定できず、未形式化の関係に依存しない記述へ変更します。LuceneとFaissはsingle-queryとconcurrent-queryを分け、同じhardware、index、Recall条件でthroughputとp95 latencyを測ります。 修正文が具体化する対象は「LuceneとFaissはsingle-queryとconcurrent-queryを分け」です。「LuceneとFaissはsingle-queryとconcurrent-queryを分け」の検討では、未形式化の関係を含む元文から採用するのは、再現可能な局所手順に限ります。「LuceneとFaissはsingle-queryとconcurrent-queryを分け」の採否について、UNFORMALIZED_NATURAL_LANGUAGE_CLAIMの証拠境界を本文へ反映する必要があるため、REWRITE_REQUIREDです。,NOT_APPLICABLE_NON_NORMATIVE,NOT_APPLICABLE_NON_NORMATIVE,NOT_APPLICABLE,4.4.4 (docs/4.質問に合う根拠を探す/4.4.Dense retrieval.md:98); authoritative docs commit 52bebecfb2a435d0e7ff2efea557c5799674ded6 の現文を次の文へ置換する: LuceneとFaissはsingle-queryとconcurrent-queryを分け、同じhardware、index、Recall条件でthroughputとp95 latencyを測ります。 再抽出した文面と分類を照合する。,rag-guide-maintainers,,,,INCONCLUSIVE,NOT_APPLICABLE_UNPROVED,codex-primary-wave4,2026-08-15,codex-independent-wave4,2026-08-15,FINAL_TWO_REVIEWER_APPROVED
SENT-1613,52bebecfb2a435d0e7ff2efea557c5799674ded6,全体平均が改善していても、厳しい権限条件、数値・型番、少数の重要質問で必要根拠を落とす場合は合格にしません。,,"NOT(AND(AND(ATOM(evidence_support=true), ATOM(authorization=true)), ATOM(empirical_result=true)))",NOT,empirical_or_research_claim,必要,4.4.4 (docs/4.質問に合う根拠を探す/4.4.Dense retrieval.md:109); authoritative docs commit 52bebecfb2a435d0e7ff2efea557c5799674ded6,,,DEFINITION_OR_SPEC,,,,APPROPRIATE_NORMATIVE,全体平均が改善していても、厳しい権限条件、数値・型番、少数の重要質問で必要根拠を落とす場合は合格にしないという安全境界は、本ガイドが強制する制御として設けます。strict authorization、number/model identifier、少数critical queryをrelease guardrail sliceとして分離し、全体平均が改善しても各sliceのgold evidence Recallが下限未満なら不合格にする。 さらに、annotation誤りが確認されたcritical queryは承認付きでgoldを更新できるが、他sliceの平均改善でcritical missを相殺しない。 この扱いを例外として記録します。 負試験で境界を確かめ、統制を緩めない例外を明示できるので、APPROPRIATE_NORMATIVEです。,strict authorization、number/model identifier、少数critical queryをrelease guardrail sliceとして分離し、全体平均が改善しても各sliceのgold evidence Recallが下限未満なら不合格にする。,annotation誤りが確認されたcritical queryは承認付きでgoldを更新できるが、他sliceの平均改善でcritical missを相殺しない。,NOT_APPLICABLE,4.4.4 (docs/4.質問に合う根拠を探す/4.4.Dense retrieval.md:109); authoritative docs commit 52bebecfb2a435d0e7ff2efea557c5799674ded6 の本文を維持し、normative_criteriaとexceptionsを設計台帳へ固定する。,rag-guide-maintainers,,,,INCONCLUSIVE,NOT_APPLICABLE_UNPROVED,codex-primary-wave4,2026-08-15,codex-independent-wave4,2026-08-15,FINAL_TWO_REVIEWER_APPROVED
SENT-1615,52bebecfb2a435d0e7ff2efea557c5799674ded6,認可済みの候補集合が小さい場合は完全探索へ切り替え、処理期限を超えた場合は認可済みの疎検索または統合順位へ戻すか、回答を保留します。,,"IMP(ATOM(authorization=true), AND(AND(AND(ATOM(sparse=true), ATOM(retrieval=true)), ATOM(generation=true)), ATOM(authorization=true)))",IMPLIES,general_technical_claim,UNCLASSIFIED,4.4.4 (docs/4.質問に合う根拠を探す/4.4.Dense retrieval.md:112); authoritative docs commit 52bebecfb2a435d0e7ff2efea557c5799674ded6,,,DEFINITION_OR_SPEC,,,,APPROPRIATE_NORMATIVE,認可済みの候補集合が小さい場合は完全探索へ切り替え、処理期限を超えた場合は認可済みの疎検索または統合順位へ戻すか、回答を保留するという安全境界は、本ガイドが強制する制御として設けます。authorized candidateが少ないfixtureではexact searchへ切り替え、deadline超過fixtureではauthorized sparse/fused rankまたはabstentionへ遷移し、非許可candidateを補充しないことを確認する。 適用境界では、exact searchが容量上実行不能な場合は承認済みauthorized fallbackまたはabstentionを選ぶが、authorization条件は緩和しない。 負試験で境界を確かめ、統制を緩めない例外を明示できるので、APPROPRIATE_NORMATIVEです。,authorized candidateが少ないfixtureではexact searchへ切り替え、deadline超過fixtureではauthorized sparse/fused rankまたはabstentionへ遷移し、非許可candidateを補充しないことを確認する。,exact searchが容量上実行不能な場合は承認済みauthorized fallbackまたはabstentionを選ぶが、authorization条件は緩和しない。,NOT_APPLICABLE,4.4.4 (docs/4.質問に合う根拠を探す/4.4.Dense retrieval.md:112); authoritative docs commit 52bebecfb2a435d0e7ff2efea557c5799674ded6 の本文を維持し、normative_criteriaとexceptionsを設計台帳へ固定する。,rag-guide-maintainers,,,,INCONCLUSIVE,NOT_APPLICABLE_UNPROVED,codex-primary-wave4,2026-08-15,codex-independent-wave4,2026-08-15,FINAL_TWO_REVIEWER_APPROVED
SENT-1617,52bebecfb2a435d0e7ff2efea557c5799674ded6,インデックス版、埋め込みモデル、HNSWの設定、フィルター選択率、完全探索との差、切替理由を処理記録へ残します。,,ATOM(embedding_model=true),ATOM,concrete_technology_claim,UNCLASSIFIED,4.4.4 (docs/4.質問に合う根拠を探す/4.4.Dense retrieval.md:115); authoritative docs commit 52bebecfb2a435d0e7ff2efea557c5799674ded6,,,DEFINITION_OR_SPEC,,,,APPROPRIATE_NORMATIVE,インデックス版、埋め込みモデル、HNSWの設定、フィルター選択率、完全探索との差、切替理由を処理記録へ残すという追跡要件は、後続工程から入力と版へ戻るための局所契約です。この規則に列挙したID、version、artifactを必須schema fieldにし、任意のanswer/citationからsource document、original span、chunk、retrieval rank、configuration versionへ欠損なく到達できることを確認する。 適用境界では、対象値に個人情報または保存期限の制約がある場合は仮名化・分離保管へ置換できるが、source/version/spanを復元する承認済み対応表は保持する。 逆引き可能性と保存上の例外を台帳で確かめられるため、APPROPRIATE_NORMATIVEです。,インデックス版、埋め込みモデル、HNSWの設定、フィルター選択率、完全探索との差、切替理由を処理記録へ残すことを定める追跡性・証跡管理規則について、この規則に列挙したID、version、artifactを必須schema fieldにし、任意のanswer/citationからsource document、original span、chunk、retrieval rank、configuration versionへ欠損なく到達できることを確認する。,インデックス版、埋め込みモデル、HNSWの設定、フィルター選択率、完全探索との差、切替理由を処理記録へ残すことを定める追跡性・証跡管理規則の例外として、対象値に個人情報または保存期限の制約がある場合は仮名化・分離保管へ置換できるが、source/version/spanを復元する承認済み対応表は保持する。,NOT_APPLICABLE,4.4.4 (docs/4.質問に合う根拠を探す/4.4.Dense retrieval.md:115); authoritative docs commit 52bebecfb2a435d0e7ff2efea557c5799674ded6 の本文を維持し、normative_criteriaとexceptionsを設計台帳へ固定する。,rag-guide-maintainers,,,,INCONCLUSIVE,NOT_APPLICABLE_UNPROVED,codex-primary-wave4,2026-08-15,codex-independent-wave4,2026-08-15,FINAL_TWO_REVIEWER_APPROVED
SENT-1619,52bebecfb2a435d0e7ff2efea557c5799674ded6,単一ベクトル方式は、文書全体の情報を一つのベクトルへ圧縮します。,文書またはチャンクを一つのvectorで表現する方式を単一vector方式と定義し、複数話題の保持率を別に測ります。,"AND(AND(ATOM(dense=true), ATOM(compressed_vectors=true)), ATOM(compression=true))",AND,general_technical_claim,UNCLASSIFIED,4.4.5 (docs/4.質問に合う根拠を探す/4.4.Dense retrieval.md:120); authoritative docs commit 52bebecfb2a435d0e7ff2efea557c5799674ded6,,,DEFINITION_OR_SPEC,,compressed_vectors=true;compression=true,NOT_APPLICABLE,REWRITE_REQUIRED,「文書またはチャンクを一つのvectorで表現する方式を単一vector方式と定義し」の検討では、compressed_vectors=true、compression=trueから採用可能な手順を残し、証明されていない一般化を切り離しました。「文書またはチャンクを一つのvectorで表現する方式を単一vector方式と定義し」の証拠境界として、未確認なのはcompressed_vectors=true、compression=trueを結ぶ未確定の関係であり、修正文はその外挿を避けています。文書またはチャンクを一つのvectorで表現する方式を単一vector方式と定義し、複数話題の保持率を別に測ります。 修正文が具体化する対象は「文書またはチャンクを一つのvectorで表現する方式を単一vector方式と定義し」です。「文書またはチャンクを一つのvectorで表現する方式を単一vector方式と定義し」の採否について、compressed_vectors=true、compression=trueを外的真偽の主張にしない完成文へ更新するのが妥当です。,NOT_APPLICABLE_NON_NORMATIVE,NOT_APPLICABLE_NON_NORMATIVE,NOT_APPLICABLE,4.4.5 (docs/4.質問に合う根拠を探す/4.4.Dense retrieval.md:120); authoritative docs commit 52bebecfb2a435d0e7ff2efea557c5799674ded6 の現文を次の文へ置換する: 文書またはチャンクを一つのvectorで表現する方式を単一vector方式と定義し、複数話題の保持率を別に測ります。 再抽出した文面と分類を照合する。,rag-guide-maintainers,,,,INCONCLUSIVE,NOT_APPLICABLE_UNPROVED,codex-primary-wave4,2026-08-15,codex-independent-wave4,2026-08-15,FINAL_TWO_REVIEWER_APPROVED
SENT-1625,52bebecfb2a435d0e7ff2efea557c5799674ded6,長い技術文書、専門語、同じ語の異なる文脈で改善が確認できる場合に限定して導入します。,,NL_PROPOSITION(長い技術文書、専門語、同じ語の異なる文脈で改善が確認できる場合に限定して導入します。),UNFORMALIZED,empirical_or_research_claim,できる,4.4.5 (docs/4.質問に合う根拠を探す/4.4.Dense retrieval.md:128); authoritative docs commit 52bebecfb2a435d0e7ff2efea557c5799674ded6,,,DEFINITION_OR_SPEC,,,,APPROPRIATE_NORMATIVE,長い技術文書、専門語、同じ語の異なる文脈で改善が確認できる場合に限定して導入するという採否判断は、比較対象と合格条件を実行結果で識別するために置きます。導入候補方式は長文、専門語、同語異義を含む対象query sliceでbaselineより改善し、他の主要sliceとlatency/cost guardrailを悪化させない場合だけ有効化する。 適用境界では、三条件を含まない業務で同じ方式を使う場合は別の失敗仮説と評価sliceを定義し、この評価結果を流用しない。 同じ条件での比較と採用しない条件を両方記録できるため、APPROPRIATE_NORMATIVEです。,導入候補方式は長文、専門語、同語異義を含む対象query sliceでbaselineより改善し、他の主要sliceとlatency/cost guardrailを悪化させない場合だけ有効化する。,三条件を含まない業務で同じ方式を使う場合は別の失敗仮説と評価sliceを定義し、この評価結果を流用しない。,NOT_APPLICABLE,4.4.5 (docs/4.質問に合う根拠を探す/4.4.Dense retrieval.md:128); authoritative docs commit 52bebecfb2a435d0e7ff2efea557c5799674ded6 の本文を維持し、normative_criteriaとexceptionsを設計台帳へ固定する。,rag-guide-maintainers,,,,INCONCLUSIVE,NOT_APPLICABLE_UNPROVED,codex-primary-wave4,2026-08-15,codex-independent-wave4,2026-08-15,FINAL_TWO_REVIEWER_APPROVED
SENT-1626,52bebecfb2a435d0e7ff2efea557c5799674ded6,一つの文書・チャンクへ複数のベクトルを持たせると、見出し、文、表の行、画像領域などを別々に検索できます。,一つのdocumentまたはchunkへ複数vectorを対応付ける構成では、heading、sentence、table row、image regionを別の検索単位として扱えます。,"AND(ATOM(multimodal=true), ATOM(retrieval=true))",AND,general_technical_claim,できます,4.4.5 (docs/4.質問に合う根拠を探す/4.4.Dense retrieval.md:130); authoritative docs commit 52bebecfb2a435d0e7ff2efea557c5799674ded6,SRC-045;SRC-075;SRC-076,SRC-045 https://arxiv.org/abs/2004.12832 — abstract inspected 2026-08-15; 現主張への直接locatorは未確定; SRC-075 https://arxiv.org/abs/2112.01488 — abstract inspected 2026-08-15; 現主張への直接locatorは未確定; SRC-076 https://arxiv.org/abs/2402.03216 — abstract inspected 2026-08-15; 現主張への直接locatorは未確定,AUTHOR_CLAIM,NONE_DIRECTLY_VERIFIED,multimodal=true,NOT_APPLICABLE,REWRITE_REQUIRED,arxiv.orgのAbstractへの参照は台帳にありますが、multimodalについて各要素と結論との直接の対応まで同時に再特定できる直接箇所が確定していません。本文に残すのは、一つのdocumentまたはchunkへ複数vectorを対応付ける構成では、heading、sentence、table row、image regionを別の検索単位として扱えるという対象範囲です。multimodalについて未確認の因果までは導きません。 修正文にある主体と操作対象は保ちつつ、直接根拠を越える各要素と結論との直接の対応を落とす差分なので、REWRITE_REQUIREDと判定します。,NOT_APPLICABLE_NON_NORMATIVE,NOT_APPLICABLE_NON_NORMATIVE,UNVERIFIED,4.4.5 (docs/4.質問に合う根拠を探す/4.4.Dense retrieval.md:130); authoritative docs commit 52bebecfb2a435d0e7ff2efea557c5799674ded6 の現文を次の文へ置換する: 一つのdocumentまたはchunkへ複数vectorを対応付ける構成では、heading、sentence、table row、image regionを別の検索単位として扱えます。 再抽出した文面と分類を照合する。,rag-guide-maintainers,,,,INCONCLUSIVE,NOT_APPLICABLE_UNPROVED,codex-primary-wave4,2026-08-15,codex-independent-wave4,2026-08-15,FINAL_TWO_REVIEWER_APPROVED
SENT-1627,52bebecfb2a435d0e7ff2efea557c5799674ded6,どの部分が質問へ反応したかを保持でき、単一ベクトルへの情報圧縮を減らします。,複数ベクトル表現が質問に反応した文書部分を保持し、単一ベクトル表現より情報圧縮を減らせるかを、同じ文書集合と検索指標で比較します。,"AND(AND(ATOM(dense=true), ATOM(compressed_vectors=true)), ATOM(compression=true))",AND,general_technical_claim,UNCLASSIFIED,4.4.5 (docs/4.質問に合う根拠を探す/4.4.Dense retrieval.md:131); authoritative docs commit 52bebecfb2a435d0e7ff2efea557c5799674ded6,,,DEFINITION_OR_SPEC,,compressed_vectors=true,NOT_APPLICABLE,REWRITE_REQUIRED,一次資料IDも直接locatorも未割当てであるため、compressed_vectorsについて各要素と結論との直接の対応まで外部事実として確定できません。本文に残すのは、複数ベクトル表現が質問に反応した文書部分を保持し、単一ベクトル表現より情報圧縮を減らせるかを、同じ文書集合と検索指標で比較するという対象範囲です。compressed_vectorsについて未確認の因果までは導きません。 修正文にある主体と操作対象は保ちつつ、直接根拠を越える各要素と結論との直接の対応を落とす差分なので、REWRITE_REQUIREDと判定します。,NOT_APPLICABLE_NON_NORMATIVE,NOT_APPLICABLE_NON_NORMATIVE,NOT_APPLICABLE,4.4.5 (docs/4.質問に合う根拠を探す/4.4.Dense retrieval.md:131); authoritative docs commit 52bebecfb2a435d0e7ff2efea557c5799674ded6 の現文を次の文へ置換する: 複数ベクトル表現が質問に反応した文書部分を保持し、単一ベクトル表現より情報圧縮を減らせるかを、同じ文書集合と検索指標で比較します。 再抽出した文面と分類を照合する。,rag-guide-maintainers,,,,INCONCLUSIVE,NOT_APPLICABLE_UNPROVED,codex-primary-wave4,2026-08-15,codex-independent-wave4,2026-08-15,FINAL_TWO_REVIEWER_APPROVED
SENT-1632,52bebecfb2a435d0e7ff2efea557c5799674ded6,重複候補を安定IDで統合し、最終引用は一致したベクトルではなく、対応する原文範囲へ結び付けます。,,ATOM(citation=true),ATOM,general_technical_claim,UNCLASSIFIED,4.4.5 (docs/4.質問に合う根拠を探す/4.4.Dense retrieval.md:138); authoritative docs commit 52bebecfb2a435d0e7ff2efea557c5799674ded6,,,DEFINITION_OR_SPEC,,,,APPROPRIATE_NORMATIVE,重複候補を安定IDで統合し、最終引用は一致したベクトルではなく、対応する原文範囲へ結び付けるという検索経路は、候補の収集・統合・選択を再現可能にするガイド内の決定です。この規則で使用するhashまたはstable IDを同一入力と変更入力から生成し、同一入力は同じID、source/version/spanが異なる入力は別IDとなり、deduplication結果を逆引きできることを確認する。 適用境界では、対象値に個人情報または保存期限の制約がある場合は仮名化・分離保管へ置換できるが、source/version/spanを復元する承認済み対応表は保持する。 検索結果の合格条件と別経路へ切り替える条件が検査できるため、APPROPRIATE_NORMATIVEです。,重複候補を安定IDで統合し、最終引用は一致したベクトルではなく、対応する原文範囲へ結び付けることを定める検索・経路選択規則について、この規則で使用するhashまたはstable IDを同一入力と変更入力から生成し、同一入力は同じID、source/version/spanが異なる入力は別IDとなり、deduplication結果を逆引きできることを確認する。,重複候補を安定IDで統合し、最終引用は一致したベクトルではなく、対応する原文範囲へ結び付けることを定める検索・経路選択規則の例外として、対象値に個人情報または保存期限の制約がある場合は仮名化・分離保管へ置換できるが、source/version/spanを復元する承認済み対応表は保持する。,NOT_APPLICABLE,4.4.5 (docs/4.質問に合う根拠を探す/4.4.Dense retrieval.md:138); authoritative docs commit 52bebecfb2a435d0e7ff2efea557c5799674ded6 の本文を維持し、normative_criteriaとexceptionsを設計台帳へ固定する。,rag-guide-maintainers,,,,INCONCLUSIVE,NOT_APPLICABLE_UNPROVED,codex-primary-wave4,2026-08-15,codex-independent-wave4,2026-08-15,FINAL_TWO_REVIEWER_APPROVED
SENT-1640,52bebecfb2a435d0e7ff2efea557c5799674ded6,ハイブリッド検索（Hybrid retrieval）は、疎検索と密検索など、異なる検索方式の候補を統合します。,疎検索と密検索など複数のretrieverが返す候補を、定義済みの統合規則で一つの順位へまとめる処理をhybrid retrievalとします。,"AND(AND(ATOM(sparse=true), ATOM(dense=true)), ATOM(retrieval=true))",AND,general_technical_claim,UNCLASSIFIED,FILE-INTRO (docs/4.質問に合う根拠を探す/4.5.Hybrid retrieval.md:3); authoritative docs commit 52bebecfb2a435d0e7ff2efea557c5799674ded6,,,DEFINITION_OR_SPEC,,dense=true,NOT_APPLICABLE,REWRITE_REQUIRED,「疎検索と密検索など複数のretrieverが返す候補」の検討では、dense=trueを一般的な効果として説明せず、ガイド内で実行する処理へ焦点を移しました。「疎検索と密検索など複数のretrieverが返す候補」の証拠境界として、dense=trueをめぐる未確定の関係には確定locatorがなく、本文の主語と適用先を局所化しました。疎検索と密検索など複数のretrieverが返す候補を、定義済みの統合規則で一つの順位へまとめる処理をhybrid retrievalとします。 修正文が具体化する対象は「疎検索と密検索など複数のretrieverが返す候補」です。「疎検索と密検索など複数のretrieverが返す候補」の採否について、dense=trueから未支持部分を除いて実装可能性を保つには書換えが必要です。,NOT_APPLICABLE_NON_NORMATIVE,NOT_APPLICABLE_NON_NORMATIVE,NOT_APPLICABLE,FILE-INTRO (docs/4.質問に合う根拠を探す/4.5.Hybrid retrieval.md:3); authoritative docs commit 52bebecfb2a435d0e7ff2efea557c5799674ded6 の現文を次の文へ置換する: 疎検索と密検索など複数のretrieverが返す候補を、定義済みの統合規則で一つの順位へまとめる処理をhybrid retrievalとします。 再抽出した文面と分類を照合する。,rag-guide-maintainers,,,,INCONCLUSIVE,NOT_APPLICABLE_UNPROVED,codex-primary-wave4,2026-08-15,codex-independent-wave4,2026-08-15,FINAL_TWO_REVIEWER_APPROVED
SENT-1643,52bebecfb2a435d0e7ff2efea557c5799674ded6,疎検索は識別子を正確に取得し、密検索は言い換えられた症状を広く取得できます。,identifierを含むqueryではsparse retrieval、言い換えた症状を含むqueryではdense retrievalが異なるcandidateを回収し得るため、両query sliceを分けて評価します。,"AND(AND(ATOM(sparse=true), ATOM(dense=true)), ATOM(retrieval=true))",AND,general_technical_claim,できます,4.5.1 (docs/4.質問に合う根拠を探す/4.5.Hybrid retrieval.md:9); authoritative docs commit 52bebecfb2a435d0e7ff2efea557c5799674ded6,SRC-066;SRC-077,SRC-066 https://arxiv.org/abs/2104.08663 — abstract inspected 2026-08-15; 現主張への直接locatorは未確定; SRC-077 https://arxiv.org/abs/2010.01195 — abstract inspected 2026-08-15; 現主張への直接locatorは未確定,AUTHOR_CLAIM,NONE_DIRECTLY_VERIFIED,dense=true;sparse=true,NOT_APPLICABLE,REWRITE_REQUIRED,arxiv.orgのAbstractへの参照は台帳にありますが、dense、sparseについて各要素と結論との直接の対応まで同時に再特定できる直接箇所が確定していません。本文に残すのは、identifierを含むqueryではsparse retrieval、言い換えた症状を含むqueryではdense retrievalが異なるcandidateを回収し得るため、両query sliceを分けて評価するという対象範囲です。dense、sparseについて未確認の因果までは導きません。 修正文にある主体と操作対象は保ちつつ、直接根拠を越える各要素と結論との直接の対応を落とす差分なので、REWRITE_REQUIREDと判定します。,NOT_APPLICABLE_NON_NORMATIVE,NOT_APPLICABLE_NON_NORMATIVE,UNVERIFIED,4.5.1 (docs/4.質問に合う根拠を探す/4.5.Hybrid retrieval.md:9); authoritative docs commit 52bebecfb2a435d0e7ff2efea557c5799674ded6 の現文を次の文へ置換する: identifierを含むqueryではsparse retrieval、言い換えた症状を含むqueryではdense retrievalが異なるcandidateを回収し得るため、両query sliceを分けて評価します。 再抽出した文面と分類を照合する。,rag-guide-maintainers,,,,INCONCLUSIVE,NOT_APPLICABLE_UNPROVED,codex-primary-wave4,2026-08-15,codex-independent-wave4,2026-08-15,FINAL_TWO_REVIEWER_APPROVED
SENT-1646,52bebecfb2a435d0e7ff2efea557c5799674ded6,語の一致と意味の一致を組み合わせた研究では、BM25と意味検索が別々の関連文書を取得し、評価したニュース記事集合では統合によってBM25単独より再現率が相対約2.8%上がりました。,semantic matchingとlexical matchingを組み合わせた同研究のnews collectionでは、BM25とsemantic searchが異なる関連文書を取得し、統合結果のRecallがBM25単独より相対約2.8%高いと報告されています。,"AND(AND(ATOM(retrieval=true), ATOM(evaluation=true)), ATOM(recall_metric=true))",AND,externally_cited_claim,UNCLASSIFIED,4.5.1 (docs/4.質問に合う根拠を探す/4.5.Hybrid retrieval.md:14); authoritative docs commit 52bebecfb2a435d0e7ff2efea557c5799674ded6,SRC-077;SRC-005,SRC-077 https://arxiv.org/abs/2010.01195 — abstract inspected 2026-08-15; 現主張への直接locatorは未確定; SRC-005 https://doi.org/10.1561/1500000019 — primary_page inspected 2026-08-15; 現主張への直接locatorは未確定,EMPIRICAL_RESULT,NONE_DIRECTLY_VERIFIED,evaluation=true,NOT_APPLICABLE,REWRITE_REQUIRED,arxiv.org・doi.orgのAbstractへの参照は台帳にありますが、evaluationについて各要素と結論との直接の対応まで同時に再特定できる直接箇所が確定していません。資料の帰属範囲をsemantic matchingとlexical matchingを組み合わせた同研究のnews collectionでは、BM25とsemantic searchが異なる関連文書を取得し、統合結果のRecallがBM25単独より相対約2.8%高いと報告されているという限定まで狭め、候補URLの存在だけで機序や結果を補わない文へ変更します。 修正文にある主体と操作対象は保ちつつ、直接根拠を越える各要素と結論との直接の対応を落とす差分なので、REWRITE_REQUIREDと判定します。,NOT_APPLICABLE_NON_NORMATIVE,NOT_APPLICABLE_NON_NORMATIVE,UNVERIFIED,4.5.1 (docs/4.質問に合う根拠を探す/4.5.Hybrid retrieval.md:14); authoritative docs commit 52bebecfb2a435d0e7ff2efea557c5799674ded6 の現文を次の文へ置換する: semantic matchingとlexical matchingを組み合わせた同研究のnews collectionでは、BM25とsemantic searchが異なる関連文書を取得し、統合結果のRecallがBM25単独より相対約2.8%高いと報告されています。 再抽出した文面と分類を照合する。,rag-guide-maintainers,,,,INCONCLUSIVE,NOT_APPLICABLE_UNPROVED,codex-primary-wave4,2026-08-15,codex-independent-wave4,2026-08-15,FINAL_TWO_REVIEWER_APPROVED
SENT-1647,52bebecfb2a435d0e7ff2efea557c5799674ded6,ただし、評価は一つの古い文書集合と121件の質問に限られ、処理時間や保存容量も報告されていません。,この論文の評価結果を適用できる範囲は、論文が用いたTREC文書集合と質問集合です。処理時間と保存容量は、この結果から推定せず、対象環境で別途測定します。,"NOT(AND(AND(ATOM(temporal_freshness=true), ATOM(evaluation=true)), ATOM(empirical_result=true)))",NOT,empirical_or_research_claim,UNCLASSIFIED,4.5.1 (docs/4.質問に合う根拠を探す/4.5.Hybrid retrieval.md:15); authoritative docs commit 52bebecfb2a435d0e7ff2efea557c5799674ded6,SRC-077,"https://arxiv.org/abs/2010.01195, Abstract, lines 16–18 (public TREC collection; empirical study); 121 questions and non-reporting claims require paper-level locator before restoration",EMPIRICAL_RESULT,NONE_DIRECTLY_VERIFIED,evaluation=true;temporal_freshness=true,NOT,REWRITE_REQUIRED,Gold標本の二者校正で確定。両案ともREWRITE_REQUIREDで一致したが、候補論文名を付すだけの主案とローカル構成へ転換する独立案はいずれも未支持の不報告断定を解消しない。評価範囲と追加測定を分離する文固有の修正文へ調停。,NOT_APPLICABLE_NON_NORMATIVE,NOT_APPLICABLE_NON_NORMATIVE,UNVERIFIED,4.5.1 (docs/4.質問に合う根拠を探す/4.5.Hybrid retrieval.md:15); authoritative docs commit 52bebecfb2a435d0e7ff2efea557c5799674ded6 の現文を次の文へ置換する: この論文の評価結果を適用できる範囲は、論文が用いたTREC文書集合と質問集合です。処理時間と保存容量は、この結果から推定せず、対象環境で別途測定します。 再抽出した文面と分類を照合する。,rag-guide-maintainers,,,,INCONCLUSIVE,NOT_APPLICABLE_UNPROVED,codex-primary-wave4,2026-08-15,codex-independent-wave4,2026-08-15,FINAL_TWO_REVIEWER_APPROVED
SENT-1649,52bebecfb2a435d0e7ff2efea557c5799674ded6,ハイブリッド検索自体が常に単独方式を上回るわけではありません。,ハイブリッド検索は常に単独方式より良いとは仮定せず、同じgold evidenceと候補件数で疎検索・密検索・統合後を比較します。,"NOT(AND(ATOM(retrieval=true), ATOM(empirical_result=true)))",NOT,empirical_or_research_claim,常に,4.5.1 (docs/4.質問に合う根拠を探す/4.5.Hybrid retrieval.md:18); authoritative docs commit 52bebecfb2a435d0e7ff2efea557c5799674ded6,SRC-066;SRC-077,SRC-066 https://arxiv.org/abs/2104.08663 — abstract inspected 2026-08-15; 現主張への直接locatorは未確定; SRC-077 https://arxiv.org/abs/2010.01195 — abstract inspected 2026-08-15; 現主張への直接locatorは未確定,LIMITATION,NONE_DIRECTLY_VERIFIED,empirical_result=true;retrieval=true,NOT,REWRITE_REQUIRED,arxiv.orgのAbstractへの参照は台帳にありますが、empirical_result、retrievalについて否定関係まで同時に再特定できる直接箇所が確定していません。ハイブリッド検索は常に単独方式より良いとは仮定せず、同じgold evidenceと候補件数で疎検索・密検索・統合後を比較するという範囲まで対象と条件を絞り、未確認の効果や一般化を実験結果のように読ませない文面にします。 修正文にある主体と操作対象は保ちつつ、直接根拠を越える否定関係を落とす差分なので、REWRITE_REQUIREDと判定します。,NOT_APPLICABLE_NON_NORMATIVE,NOT_APPLICABLE_NON_NORMATIVE,UNVERIFIED,4.5.1 (docs/4.質問に合う根拠を探す/4.5.Hybrid retrieval.md:18); authoritative docs commit 52bebecfb2a435d0e7ff2efea557c5799674ded6 の現文を次の文へ置換する: ハイブリッド検索は常に単独方式より良いとは仮定せず、同じgold evidenceと候補件数で疎検索・密検索・統合後を比較します。 再抽出した文面と分類を照合する。,rag-guide-maintainers,,,,INCONCLUSIVE,NOT_APPLICABLE_UNPROVED,codex-primary-wave4,2026-08-15,codex-independent-wave4,2026-08-15,FINAL_TWO_REVIEWER_APPROVED
SENT-1650,52bebecfb2a435d0e7ff2efea557c5799674ded6,疎検索、密検索、ハイブリッド検索を同じ正解集合で比較し、改善がない質問群には単純な経路を残します。,,"NOT(AND(AND(AND(ATOM(sparse=true), ATOM(dense=true)), ATOM(retrieval=true)), ATOM(empirical_result=true)))",NOT,empirical_or_research_claim,UNCLASSIFIED,4.5.1 (docs/4.質問に合う根拠を探す/4.5.Hybrid retrieval.md:19); authoritative docs commit 52bebecfb2a435d0e7ff2efea557c5799674ded6,,,DEFINITION_OR_SPEC,,,,APPROPRIATE_NORMATIVE,疎検索、密検索、ハイブリッド検索を同じ正解集合で比較し、改善がない質問群には単純な経路を残すという採否判断は、比較対象と合格条件を実行結果で識別するために置きます。この規則に挙げた選択肢を同じdataset version、query slice、gold evidence、負荷条件で比較し、対象sliceごとの品質・latency・costを一つのresult tableへ記録する。 さらに、判定に必要なgold evidenceがないslice、標本不足のslice、負荷条件が異なるrunは合否集計から分離し、他sliceの平均結果を外挿しない。 この扱いを例外として記録します。 同じ条件での比較と採用しない条件を両方記録できるため、APPROPRIATE_NORMATIVEです。,疎検索、密検索、ハイブリッド検索を同じ正解集合で比較し、改善がない質問群には単純な経路を残すことを定める評価・採否規則について、この規則に挙げた選択肢を同じdataset version、query slice、gold evidence、負荷条件で比較し、対象sliceごとの品質・latency・costを一つのresult tableへ記録する。,疎検索、密検索、ハイブリッド検索を同じ正解集合で比較し、改善がない質問群には単純な経路を残すことを定める評価・採否規則の例外として、判定に必要なgold evidenceがないslice、標本不足のslice、負荷条件が異なるrunは合否集計から分離し、他sliceの平均結果を外挿しない。,NOT_APPLICABLE,4.5.1 (docs/4.質問に合う根拠を探す/4.5.Hybrid retrieval.md:19); authoritative docs commit 52bebecfb2a435d0e7ff2efea557c5799674ded6 の本文を維持し、normative_criteriaとexceptionsを設計台帳へ固定する。,rag-guide-maintainers,,,,INCONCLUSIVE,NOT_APPLICABLE_UNPROVED,codex-primary-wave4,2026-08-15,codex-independent-wave4,2026-08-15,FINAL_TWO_REVIEWER_APPROVED
SENT-1651,52bebecfb2a435d0e7ff2efea557c5799674ded6,ハイブリッド検索は、二つのスコアを最初から足す処理ではありません。,本ガイドのハイブリッド検索では、各検索器の候補を取得してからRRFまたはrerankerで統合し、尺度の異なる生スコアを無条件には加算しません。,NOT(ATOM(retrieval=true)),NOT,general_technical_claim,UNCLASSIFIED,4.5.1 (docs/4.質問に合う根拠を探す/4.5.Hybrid retrieval.md:21); authoritative docs commit 52bebecfb2a435d0e7ff2efea557c5799674ded6,,,HYPOTHESIS,,retrieval=true,NOT,REWRITE_REQUIRED,Gold標本の二者校正で確定。両案はREWRITE_REQUIREDで一致。『ハイブリッド検索は加算ではない』は一般には偽になり得るため、本ガイドが採用する候補統合方式と禁止事項へ限定する。,NOT_APPLICABLE_NON_NORMATIVE,NOT_APPLICABLE_NON_NORMATIVE,NOT_APPLICABLE,4.5.1 (docs/4.質問に合う根拠を探す/4.5.Hybrid retrieval.md:21); authoritative docs commit 52bebecfb2a435d0e7ff2efea557c5799674ded6 の現文を次の文へ置換する: 本ガイドのハイブリッド検索では、各検索器の候補を取得してからRRFまたはrerankerで統合し、尺度の異なる生スコアを無条件には加算しません。 再抽出した文面と分類を照合する。,rag-guide-maintainers,,,,INCONCLUSIVE,NOT_APPLICABLE_UNPROVED,codex-primary-wave4,2026-08-15,codex-independent-wave4,2026-08-15,FINAL_TWO_REVIEWER_APPROVED
SENT-1655,52bebecfb2a435d0e7ff2efea557c5799674ded6,文書版とチャンクIDで同一候補を統合します。,,NL_PROPOSITION(文書版とチャンクIDで同一候補を統合します。),UNFORMALIZED,general_technical_claim,UNCLASSIFIED,4.5.1 (docs/4.質問に合う根拠を探す/4.5.Hybrid retrieval.md:26); authoritative docs commit 52bebecfb2a435d0e7ff2efea557c5799674ded6,,,DEFINITION_OR_SPEC,,,,APPROPRIATE_NORMATIVE,文書版とチャンクIDで同一候補を統合するという検索経路は、候補の収集・統合・選択を再現可能にするガイド内の決定です。document_versionとchunk_idが同じ候補を一件へ統合し、異なる版または異なるchunk_idを誤って除去しないdeduplication fixtureを通します。 さらに、同一本文でもdocument_versionが異なる候補は、有効期間または版選択規則で一方を採用するまで別候補として保持します。 この扱いを例外として記録します。 検索結果の合格条件と別経路へ切り替える条件が検査できるため、APPROPRIATE_NORMATIVEです。,文書版とチャンクIDで同一候補を統合します。 document_versionとchunk_idが同じ候補を一件へ統合し、異なる版または異なるchunk_idを誤って除去しないdeduplication fixtureを通します。,文書版とチャンクIDで同一候補を統合します。 同一本文でもdocument_versionが異なる候補は、有効期間または版選択規則で一方を採用するまで別候補として保持します。,NOT_APPLICABLE,4.5.1 (docs/4.質問に合う根拠を探す/4.5.Hybrid retrieval.md:26); authoritative docs commit 52bebecfb2a435d0e7ff2efea557c5799674ded6 の本文を維持し、normative_criteriaとexceptionsを設計台帳へ固定する。,rag-guide-maintainers,,,,INCONCLUSIVE,NOT_APPLICABLE_UNPROVED,codex-primary-wave4,2026-08-15,codex-independent-wave4,2026-08-15,FINAL_TWO_REVIEWER_APPROVED
SENT-1668,52bebecfb2a435d0e7ff2efea557c5799674ded6,二つの検索器が同じチャンクを返しても、独立した二件の根拠にはなりません。,複数retrieverが同じchunk_idを返した場合は一件へ統合し、根拠数を二件として数えません。,"NOT(AND(ATOM(retrieval=true), ATOM(evidence_support=true)))",NOT,general_technical_claim,UNCLASSIFIED,4.5.3 (docs/4.質問に合う根拠を探す/4.5.Hybrid retrieval.md:48); authoritative docs commit 52bebecfb2a435d0e7ff2efea557c5799674ded6,,,DEFINITION_OR_SPEC,,evidence_support=true;retrieval=true,NOT,REWRITE_REQUIRED,「複数retrieverが同じchunk_idを返した場合は一件へ統合し」の検討では、evidence_support=true、retrieval=trueから採用可能な手順を残し、証明されていない一般化を切り離しました。複数retrieverが同じchunk_idを返した場合は一件へ統合し、根拠数を二件として数えません。 修正文が具体化する対象は「複数retrieverが同じchunk_idを返した場合は一件へ統合し」です。「複数retrieverが同じchunk_idを返した場合は一件へ統合し」の証拠境界として、evidence_support=true、retrieval=trueに対応する一次資料locatorが空である以上、否定関係を技術一般の説明には使いません。「複数retrieverが同じchunk_idを返した場合は一件へ統合し」の採否について、本文を否定関係から局所操作へ切り替える差分として採用します。,NOT_APPLICABLE_NON_NORMATIVE,NOT_APPLICABLE_NON_NORMATIVE,NOT_APPLICABLE,4.5.3 (docs/4.質問に合う根拠を探す/4.5.Hybrid retrieval.md:48); authoritative docs commit 52bebecfb2a435d0e7ff2efea557c5799674ded6 の現文を次の文へ置換する: 複数retrieverが同じchunk_idを返した場合は一件へ統合し、根拠数を二件として数えません。 再抽出した文面と分類を照合する。,rag-guide-maintainers,,,,INCONCLUSIVE,NOT_APPLICABLE_UNPROVED,codex-primary-wave4,2026-08-15,codex-independent-wave4,2026-08-15,FINAL_TWO_REVIEWER_APPROVED
SENT-1669,52bebecfb2a435d0e7ff2efea557c5799674ded6,文書ID、文書版ID、チャンクIDを基本として、同一候補を統合します。,,NL_PROPOSITION(文書ID、文書版ID、チャンクIDを基本として、同一候補を統合します。),UNFORMALIZED,general_technical_claim,UNCLASSIFIED,4.5.3 (docs/4.質問に合う根拠を探す/4.5.Hybrid retrieval.md:49); authoritative docs commit 52bebecfb2a435d0e7ff2efea557c5799674ded6,,,DEFINITION_OR_SPEC,,,,APPROPRIATE_NORMATIVE,文書ID、文書版ID、チャンクIDを基本として、同一候補を統合するという検索経路は、候補の収集・統合・選択を再現可能にするガイド内の決定です。この規則に列挙したID、version、artifactを必須schema fieldにし、任意のanswer/citationからsource document、original span、chunk、retrieval rank、configuration versionへ欠損なく到達できることを確認する。 適用境界では、対象値に個人情報または保存期限の制約がある場合は仮名化・分離保管へ置換できるが、source/version/spanを復元する承認済み対応表は保持する。 検索結果の合格条件と別経路へ切り替える条件が検査できるため、APPROPRIATE_NORMATIVEです。,文書ID、文書版ID、チャンクIDを基本として、同一候補を統合することを定める検索・経路選択規則について、この規則に列挙したID、version、artifactを必須schema fieldにし、任意のanswer/citationからsource document、original span、chunk、retrieval rank、configuration versionへ欠損なく到達できることを確認する。,文書ID、文書版ID、チャンクIDを基本として、同一候補を統合することを定める検索・経路選択規則の例外として、対象値に個人情報または保存期限の制約がある場合は仮名化・分離保管へ置換できるが、source/version/spanを復元する承認済み対応表は保持する。,NOT_APPLICABLE,4.5.3 (docs/4.質問に合う根拠を探す/4.5.Hybrid retrieval.md:49); authoritative docs commit 52bebecfb2a435d0e7ff2efea557c5799674ded6 の本文を維持し、normative_criteriaとexceptionsを設計台帳へ固定する。,rag-guide-maintainers,,,,INCONCLUSIVE,NOT_APPLICABLE_UNPROVED,codex-primary-wave4,2026-08-15,codex-independent-wave4,2026-08-15,FINAL_TWO_REVIEWER_APPROVED
SENT-1671,52bebecfb2a435d0e7ff2efea557c5799674ded6,親子チャンク、同内容を載せる別の情報源（ミラー）、言語版、地域版、旧版は関係を持ちます。,親子chunk、mirror、language版、region版、旧版にはrelation_typeを付け、独立source数の集計から区別します。,NL_PROPOSITION(親子チャンク、同内容を載せる別の情報源（ミラー）、言語版、地域版、旧版は関係を持ちます。),UNFORMALIZED,general_technical_claim,UNCLASSIFIED,4.5.3 (docs/4.質問に合う根拠を探す/4.5.Hybrid retrieval.md:52); authoritative docs commit 52bebecfb2a435d0e7ff2efea557c5799674ded6,,,DEFINITION_OR_SPEC,,UNFORMALIZED_NATURAL_LANGUAGE_CLAIM,NOT_APPLICABLE,REWRITE_REQUIRED,「親子chunk」の検討では、UNFORMALIZED_NATURAL_LANGUAGE_CLAIMを一般的な効果として説明せず、ガイド内で実行する処理へ焦点を移しました。親子chunk、mirror、language版、region版、旧版にはrelation_typeを付け、独立source数の集計から区別します。 修正文が具体化する対象は「親子chunk」です。「親子chunk」の証拠境界として、UNFORMALIZED_NATURAL_LANGUAGE_CLAIMについて一次資料の具体箇所を再特定できず、未確定の関係のまま維持できません。「親子chunk」の採否について、UNFORMALIZED_NATURAL_LANGUAGE_CLAIMの証拠境界を本文へ反映する必要があるため、REWRITE_REQUIREDです。,NOT_APPLICABLE_NON_NORMATIVE,NOT_APPLICABLE_NON_NORMATIVE,NOT_APPLICABLE,4.5.3 (docs/4.質問に合う根拠を探す/4.5.Hybrid retrieval.md:52); authoritative docs commit 52bebecfb2a435d0e7ff2efea557c5799674ded6 の現文を次の文へ置換する: 親子chunk、mirror、language版、region版、旧版にはrelation_typeを付け、独立source数の集計から区別します。 再抽出した文面と分類を照合する。,rag-guide-maintainers,,,,INCONCLUSIVE,NOT_APPLICABLE_UNPROVED,codex-primary-wave4,2026-08-15,codex-independent-wave4,2026-08-15,FINAL_TWO_REVIEWER_APPROVED
SENT-1676,52bebecfb2a435d0e7ff2efea557c5799674ded6,相互順位統合（Reciprocal Rank Fusion：RRF）は、各順位一覧での順位から候補の統合スコアを計算します。,RRF scoreは各順位一覧のrankと固定定数kから計算し、入力一覧、depth、kをtraceへ保存します。,NL_PROPOSITION(相互順位統合（Reciprocal Rank Fusion：RRF）は、各順位一覧での順位から候補の統合スコアを計算します。),UNFORMALIZED,concrete_technology_claim,UNCLASSIFIED,4.5.4 (docs/4.質問に合う根拠を探す/4.5.Hybrid retrieval.md:61); authoritative docs commit 52bebecfb2a435d0e7ff2efea557c5799674ded6,,,DEFINITION_OR_SPEC,,NL_PROPOSITION(相互順位統合（Reciprocal Rank Fusion：RRF）は、各順位一覧での順位から候補の統合スコアを計算します。),NOT_APPLICABLE,REWRITE_REQUIRED,「RRF scoreは各順位一覧のrankと固定定数kから計算し」の検討では、NL_PROPOSITION(相互順位統合（Reciprocal Rank Fusion：RRF）は、各順位一覧での順位から候補の統合スコアを計算します。)を一般的な効果として説明せず、ガイド内で実行する処理へ焦点を移しました。「RRF scoreは各順位一覧のrankと固定定数kから計算し」の証拠境界として、直接検証できていないNL_PROPOSITION(相互順位統合（Reciprocal Rank Fusion：RRF）は、各順位一覧での順位から候補の統合スコアを計算します。)と未確定の関係を落とし、修正文の操作だけを採ります。RRF scoreは各順位一覧のrankと固定定数kから計算し、入力一覧、depth、kをtraceへ保存します。 修正文が具体化する対象は「RRF scoreは各順位一覧のrankと固定定数kから計算し」です。「RRF scoreは各順位一覧のrankと固定定数kから計算し」の採否について、NL_PROPOSITION(相互順位統合（Reciprocal Rank Fusion：RRF）は、各順位一覧での順位から候補の統合スコアを計算します。)の証拠境界を本文へ反映する必要があるため、REWRITE_REQUIREDです。,NOT_APPLICABLE_NON_NORMATIVE,NOT_APPLICABLE_NON_NORMATIVE,NOT_APPLICABLE,4.5.4 (docs/4.質問に合う根拠を探す/4.5.Hybrid retrieval.md:61); authoritative docs commit 52bebecfb2a435d0e7ff2efea557c5799674ded6 の現文を次の文へ置換する: RRF scoreは各順位一覧のrankと固定定数kから計算し、入力一覧、depth、kをtraceへ保存します。 再抽出した文面と分類を照合する。,rag-guide-maintainers,,,,INCONCLUSIVE,NOT_APPLICABLE_UNPROVED,codex-primary-wave4,2026-08-15,codex-independent-wave4,2026-08-15,FINAL_TWO_REVIEWER_APPROVED
SENT-1678,52bebecfb2a435d0e7ff2efea557c5799674ded6,BM25スコアとコサイン類似度の尺度を直接揃える必要がありません。,BM25とcosineの生scoreは同一尺度へ変換せず、RRFでrankを統合するか、校正済みscoreだけを重み付き統合します。,NOT(ATOM(cosine_compatible=true)),NOT,concrete_technology_claim,必要,4.5.4 (docs/4.質問に合う根拠を探す/4.5.Hybrid retrieval.md:63); authoritative docs commit 52bebecfb2a435d0e7ff2efea557c5799674ded6,,,DEFINITION_OR_SPEC,,cosine_compatible=true,NOT,REWRITE_REQUIRED,「BM25とcosineの生scoreは同一尺度へ変換せず」の検討では、否定関係が表す設計意図を、入力・処理・結果が追える形に限定します。BM25とcosineの生scoreは同一尺度へ変換せず、RRFでrankを統合するか、校正済みscoreだけを重み付き統合します。 修正文が具体化する対象は「BM25とcosineの生scoreは同一尺度へ変換せず」です。「BM25とcosineの生scoreは同一尺度へ変換せず」の証拠境界として、直接locatorがないため、cosine_compatible=trueに関する否定関係を外部事実として採用しません。「BM25とcosineの生scoreは同一尺度へ変換せず」の採否について、cosine_compatible=trueに関する具体的な処理は有用ですが、原文のままでは境界を越えるため書換えを選びます。,NOT_APPLICABLE_NON_NORMATIVE,NOT_APPLICABLE_NON_NORMATIVE,NOT_APPLICABLE,4.5.4 (docs/4.質問に合う根拠を探す/4.5.Hybrid retrieval.md:63); authoritative docs commit 52bebecfb2a435d0e7ff2efea557c5799674ded6 の現文を次の文へ置換する: BM25とcosineの生scoreは同一尺度へ変換せず、RRFでrankを統合するか、校正済みscoreだけを重み付き統合します。 再抽出した文面と分類を照合する。,rag-guide-maintainers,,,,INCONCLUSIVE,NOT_APPLICABLE_UNPROVED,codex-primary-wave4,2026-08-15,codex-independent-wave4,2026-08-15,FINAL_TWO_REVIEWER_APPROVED
SENT-1679,52bebecfb2a435d0e7ff2efea557c5799674ded6,RRFの原論文は、複数の順位付け結果を単純な式で統合し、評価した条件で個別方式や他の統合法を上回る結果を報告しました。,RRF原論文は、対象としたrank listと評価collectionについて、順位の逆数に基づく統合が個別方式および比較対象の統合法を上回る結果を報告しています。,"AND(ATOM(evaluation=true), ATOM(empirical_result=true))",AND,externally_cited_claim,UNCLASSIFIED,4.5.4 (docs/4.質問に合う根拠を探す/4.5.Hybrid retrieval.md:65); authoritative docs commit 52bebecfb2a435d0e7ff2efea557c5799674ded6,SRC-064,SRC-064 https://dl.acm.org/doi/10.1145/1571941.1572114 — primary_page inspected 2026-08-15; 現主張への直接locatorは未確定,EMPIRICAL_RESULT,NONE_DIRECTLY_VERIFIED,evaluation=true,NOT_APPLICABLE,REWRITE_REQUIRED,dl.acm.orgの一次資料ページへの参照は台帳にありますが、evaluationについて各要素と結論との直接の対応まで同時に再特定できる直接箇所が確定していません。資料の帰属範囲をRRF原論文は、対象としたrank listと評価collectionについて、順位の逆数に基づく統合が個別方式および比較対象の統合法を上回る結果を報告しているという限定まで狭め、候補URLの存在だけで機序や結果を補わない文へ変更します。 修正文にある主体と操作対象は保ちつつ、直接根拠を越える各要素と結論との直接の対応を落とす差分なので、REWRITE_REQUIREDと判定します。,NOT_APPLICABLE_NON_NORMATIVE,NOT_APPLICABLE_NON_NORMATIVE,UNVERIFIED,4.5.4 (docs/4.質問に合う根拠を探す/4.5.Hybrid retrieval.md:65); authoritative docs commit 52bebecfb2a435d0e7ff2efea557c5799674ded6 の現文を次の文へ置換する: RRF原論文は、対象としたrank listと評価collectionについて、順位の逆数に基づく統合が個別方式および比較対象の統合法を上回る結果を報告しています。 再抽出した文面と分類を照合する。,rag-guide-maintainers,,,,INCONCLUSIVE,NOT_APPLICABLE_UNPROVED,codex-primary-wave4,2026-08-15,codex-independent-wave4,2026-08-15,FINAL_TWO_REVIEWER_APPROVED
SENT-1680,52bebecfb2a435d0e7ff2efea557c5799674ded6,結果は入力する順位一覧、検索深度、定数 k に依存します。,RRFの統合結果は、入力する順位一覧、各一覧の検索深度、定数kを固定した条件で比較します。,"AND(ATOM(retrieval=true), ATOM(empirical_result=true))",AND,empirical_or_research_claim,UNCLASSIFIED,4.5.4 (docs/4.質問に合う根拠を探す/4.5.Hybrid retrieval.md:66); authoritative docs commit 52bebecfb2a435d0e7ff2efea557c5799674ded6,SRC-064,SRC-064 https://dl.acm.org/doi/10.1145/1571941.1572114 — primary_page inspected 2026-08-15; 現主張への直接locatorは未確定,DEFINITION_OR_SPEC,NONE_DIRECTLY_VERIFIED,retrieval=true,NOT_APPLICABLE,REWRITE_REQUIRED,dl.acm.orgの一次資料ページへの参照は台帳にありますが、retrievalについて各要素と結論との直接の対応まで同時に再特定できる直接箇所が確定していません。RRFの統合結果は、入力する順位一覧、各一覧の検索深度、定数kを固定した条件で比較するという範囲まで対象と条件を絞り、未確認の効果や一般化を実験結果のように読ませない文面にします。 修正文にある主体と操作対象は保ちつつ、直接根拠を越える各要素と結論との直接の対応を落とす差分なので、REWRITE_REQUIREDと判定します。,NOT_APPLICABLE_NON_NORMATIVE,NOT_APPLICABLE_NON_NORMATIVE,UNVERIFIED,4.5.4 (docs/4.質問に合う根拠を探す/4.5.Hybrid retrieval.md:66); authoritative docs commit 52bebecfb2a435d0e7ff2efea557c5799674ded6 の現文を次の文へ置換する: RRFの統合結果は、入力する順位一覧、各一覧の検索深度、定数kを固定した条件で比較します。 再抽出した文面と分類を照合する。,rag-guide-maintainers,,,,INCONCLUSIVE,NOT_APPLICABLE_UNPROVED,codex-primary-wave4,2026-08-15,codex-independent-wave4,2026-08-15,FINAL_TWO_REVIEWER_APPROVED
SENT-1683,52bebecfb2a435d0e7ff2efea557c5799674ded6,図4-6は、左側の疎検索と密検索が作った二つの順位表を、右へ向かって統合する流れです。,本ガイドでは、図4-6を「左側の疎検索と密検索が作った二つの順位表を、右へ向かって統合する流れ」として用います。,"AND(AND(ATOM(sparse=true), ATOM(dense=true)), ATOM(retrieval=true))",AND,general_technical_claim,UNCLASSIFIED,4.5.4 (docs/4.質問に合う根拠を探す/4.5.Hybrid retrieval.md:71); authoritative docs commit 52bebecfb2a435d0e7ff2efea557c5799674ded6,,,DEFINITION_OR_SPEC,,,,APPROPRIATE_NORMATIVE,本ガイドでは、図4-6を「左側の疎検索と密検索が作った二つの順位表を、右へ向かって統合する流れ」として用いるという局所定義は、本文・図表・台帳で同じ対象を指すために使います。図4-6の左側にsparse rank listとdense rank list、右側にfusion後rank listがあり、各矢印が同じcandidate IDの順位統合を表すことをfigure sourceと本文で照合します。 適用境界では、score calibrationまたはrerankerを図へ追加する場合は、rank fusionとは別stageとして表示し、入力scoreと出力rankの関係をcaptionへ明記します。 用語や工程の一貫性と外部仕様と異なる場合の併記を検査できるため、APPROPRIATE_NORMATIVEです。,本ガイドでは、図4-6を「左側の疎検索と密検索が作った二つの順位表を、右へ向かって統合する流れ」として用います。 図4-6の左側にsparse rank listとdense rank list、右側にfusion後rank listがあり、各矢印が同じcandidate IDの順位統合を表すことをfigure sourceと本文で照合します。,本ガイドでは、図4-6を「左側の疎検索と密検索が作った二つの順位表を、右へ向かって統合する流れ」として用います。 score calibrationまたはrerankerを図へ追加する場合は、rank fusionとは別stageとして表示し、入力scoreと出力rankの関係をcaptionへ明記します。,NOT_APPLICABLE,4.5.4 (docs/4.質問に合う根拠を探す/4.5.Hybrid retrieval.md:71); authoritative docs commit 52bebecfb2a435d0e7ff2efea557c5799674ded6 の現文を次の文へ置換する: 本ガイドでは、図4-6を「左側の疎検索と密検索が作った二つの順位表を、右へ向かって統合する流れ」として用います。 再抽出した文面と分類を照合する。,rag-guide-maintainers,,,,INCONCLUSIVE,NOT_APPLICABLE_UNPROVED,codex-primary-wave4,2026-08-15,codex-independent-wave4,2026-08-15,FINAL_TWO_REVIEWER_APPROVED
SENT-1685,52bebecfb2a435d0e7ff2efea557c5799674ded6,再順位付けはその後に候補本文を読み直す別工程であり、RRFと役割が異なります。,本ガイドでは、RRFを各検索器の順位を統合する工程、再順位付けを統合後の候補本文を再評価する工程として区別します。,"NOT(AND(ATOM(rerank=true), ATOM(reads_candidate_text=true)))",NOT,concrete_technology_claim,UNCLASSIFIED,4.5.4 (docs/4.質問に合う根拠を探す/4.5.Hybrid retrieval.md:73); authoritative docs commit 52bebecfb2a435d0e7ff2efea557c5799674ded6,,,DEFINITION_OR_SPEC,,,,APPROPRIATE_NORMATIVE,本ガイドでは、RRFを各検索器の順位を統合する工程、再順位付けを統合後の候補本文を再評価する工程として区別するという採否判断は、比較対象と合格条件を実行結果で識別するために置きます。本文、図表、schema、評価台帳で同じ対象、単位、入出力を使用し、異なる意味で使う箇所がrepository内検索でゼロ件であることを確認する。 適用境界では、当該規則が公式標準または製品仕様の同名語と異なる場合はローカル定義であることと対応関係を併記し、公式語の意味を上書きしない。 同じ条件での比較と採用しない条件を両方記録できるため、APPROPRIATE_NORMATIVEです。,本ガイドでは、RRFを各検索器の順位を統合する工程、再順位付けを統合後の候補本文を再評価する工程として区別することを定める評価・採否規則について、本文、図表、schema、評価台帳で同じ対象、単位、入出力を使用し、異なる意味で使う箇所がrepository内検索でゼロ件であることを確認する。,本ガイドでは、RRFを各検索器の順位を統合する工程、再順位付けを統合後の候補本文を再評価する工程として区別することを定める評価・採否規則の例外として、当該規則が公式標準または製品仕様の同名語と異なる場合はローカル定義であることと対応関係を併記し、公式語の意味を上書きしない。,NOT_APPLICABLE,4.5.4 (docs/4.質問に合う根拠を探す/4.5.Hybrid retrieval.md:73); authoritative docs commit 52bebecfb2a435d0e7ff2efea557c5799674ded6 の現文を次の文へ置換する: 本ガイドでは、RRFを各検索器の順位を統合する工程、再順位付けを統合後の候補本文を再評価する工程として区別します。 再抽出した文面と分類を照合する。,rag-guide-maintainers,,,,INCONCLUSIVE,NOT_APPLICABLE_UNPROVED,codex-primary-wave4,2026-08-15,codex-independent-wave4,2026-08-15,FINAL_TWO_REVIEWER_APPROVED
SENT-1687,52bebecfb2a435d0e7ff2efea557c5799674ded6,元スコアを使う統合では、BM25とコサイン類似度を未調整のまま加算しません。,,NOT(ATOM(cosine_compatible=true)),NOT,concrete_technology_claim,UNCLASSIFIED,4.5.4 (docs/4.質問に合う根拠を探す/4.5.Hybrid retrieval.md:80); authoritative docs commit 52bebecfb2a435d0e7ff2efea557c5799674ded6,,,DEFINITION_OR_SPEC,,,,APPROPRIATE_NORMATIVE,元スコアを使う統合では、BM25とコサイン類似度を未調整のまま加算しないという運用要件は、実行時の判断を担当者ごとにぶらさないためのローカル規則です。この規則の統合規則をversion管理し、複数retrieverが返す既知rank listから期待するcandidate順序を再現し、生scoreの無条件加算や重複candidateが発生しないことを確認する。 さらに、この規則と異なる統合方式はcalibration済みscoreまたは別rerankerとしてversion管理できるが、未調整の異尺度scoreを黙って直接加算しない。 この扱いを例外として記録します。 実装結果と例外発生時の扱いを個別に検査できるため、APPROPRIATE_NORMATIVEです。,元スコアを使う統合では、BM25とコサイン類似度を未調整のまま加算しないことを定めるローカル設計規則について、この規則の統合規則をversion管理し、複数retrieverが返す既知rank listから期待するcandidate順序を再現し、生scoreの無条件加算や重複candidateが発生しないことを確認する。,元スコアを使う統合では、BM25とコサイン類似度を未調整のまま加算しないことを定めるローカル設計規則の例外として、この規則と異なる統合方式はcalibration済みscoreまたは別rerankerとしてversion管理できるが、未調整の異尺度scoreを黙って直接加算しない。,NOT_APPLICABLE,4.5.4 (docs/4.質問に合う根拠を探す/4.5.Hybrid retrieval.md:80); authoritative docs commit 52bebecfb2a435d0e7ff2efea557c5799674ded6 の本文を維持し、normative_criteriaとexceptionsを設計台帳へ固定する。,rag-guide-maintainers,,,,INCONCLUSIVE,NOT_APPLICABLE_UNPROVED,codex-primary-wave4,2026-08-15,codex-independent-wave4,2026-08-15,FINAL_TWO_REVIEWER_APPROVED
SENT-1688,52bebecfb2a435d0e7ff2efea557c5799674ded6,BM25は質問と文書集合によって広い値を取り、コサイン類似度は別の範囲と分布を持ちます。,BM25とcosineをscore統合する場合は、対象queryごとの分布、値域、大小方向を測り、同じ尺度と仮定しません。,ATOM(cosine_compatible=true),ATOM,concrete_technology_claim,UNCLASSIFIED,4.5.4 (docs/4.質問に合う根拠を探す/4.5.Hybrid retrieval.md:81); authoritative docs commit 52bebecfb2a435d0e7ff2efea557c5799674ded6,,,DEFINITION_OR_SPEC,,cosine_compatible=true,NOT_APPLICABLE,REWRITE_REQUIRED,「BM25とcosineをscore統合する場合」の証拠境界として、未確定の関係として表現されたcosine_compatible=trueは未検証なので、本文では局所挙動だけを扱います。BM25とcosineをscore統合する場合は、対象queryごとの分布、値域、大小方向を測り、同じ尺度と仮定しません。 修正文が具体化する対象は「BM25とcosineをscore統合する場合」です。「BM25とcosineをscore統合する場合」の検討では、cosine_compatible=trueを外部で常に成立する命題にはせず、このガイドの実装境界として記述します。「BM25とcosineをscore統合する場合」の採否について、本文を未確定の関係から局所操作へ切り替える差分として採用します。,NOT_APPLICABLE_NON_NORMATIVE,NOT_APPLICABLE_NON_NORMATIVE,NOT_APPLICABLE,4.5.4 (docs/4.質問に合う根拠を探す/4.5.Hybrid retrieval.md:81); authoritative docs commit 52bebecfb2a435d0e7ff2efea557c5799674ded6 の現文を次の文へ置換する: BM25とcosineをscore統合する場合は、対象queryごとの分布、値域、大小方向を測り、同じ尺度と仮定しません。 再抽出した文面と分類を照合する。,rag-guide-maintainers,,,,INCONCLUSIVE,NOT_APPLICABLE_UNPROVED,codex-primary-wave4,2026-08-15,codex-independent-wave4,2026-08-15,FINAL_TWO_REVIEWER_APPROVED
SENT-1689,52bebecfb2a435d0e7ff2efea557c5799674ded6,最小・最大、標準得点、順位への変換などの正規化があります。,本節では、検索スコアの正規化として、最小–最大変換、標準得点化、順位変換を扱います。,NL_PROPOSITION(最小・最大、標準得点、順位への変換などの正規化があります。),UNFORMALIZED,concrete_technology_claim,UNCLASSIFIED,4.5.4 (docs/4.質問に合う根拠を探す/4.5.Hybrid retrieval.md:83); authoritative docs commit 52bebecfb2a435d0e7ff2efea557c5799674ded6,,,DEFINITION_OR_SPEC,,UNFORMALIZED_NATURAL_LANGUAGE_CLAIM,NOT_APPLICABLE,REWRITE_REQUIRED,Gold標本の二者校正で確定。両案はREWRITE_REQUIREDで一致。外部一般知識として断定せず、本節で扱う正規化の操作的分類へ書き換える。,NOT_APPLICABLE_NON_NORMATIVE,NOT_APPLICABLE_NON_NORMATIVE,NOT_APPLICABLE,4.5.4 (docs/4.質問に合う根拠を探す/4.5.Hybrid retrieval.md:83); authoritative docs commit 52bebecfb2a435d0e7ff2efea557c5799674ded6 の現文を次の文へ置換する: 本節では、検索スコアの正規化として、最小–最大変換、標準得点化、順位変換を扱います。 再抽出した文面と分類を照合する。,rag-guide-maintainers,,,,INCONCLUSIVE,NOT_APPLICABLE_UNPROVED,codex-primary-wave4,2026-08-15,codex-independent-wave4,2026-08-15,FINAL_TWO_REVIEWER_APPROVED
SENT-1692,52bebecfb2a435d0e7ff2efea557c5799674ded6,一方、最小・最大による方法や標準得点など、正規化方法が変わっても、重みを調整した後の最大性能はおおむね同等でした。,min-max、z-score、rank変換は同じ候補集合で重みを再調整し、最大nDCGだけでなく安定性と外れ値影響を比較します。,NL_PROPOSITION(一方、最小・最大による方法や標準得点など、正規化方法が変わっても、重みを調整した後の最大性能はおおむね同等でした。),UNFORMALIZED,concrete_technology_claim,UNCLASSIFIED,4.5.4 (docs/4.質問に合う根拠を探す/4.5.Hybrid retrieval.md:86); authoritative docs commit 52bebecfb2a435d0e7ff2efea557c5799674ded6,,,DEFINITION_OR_SPEC,,UNFORMALIZED_NATURAL_LANGUAGE_CLAIM,NOT_APPLICABLE,REWRITE_REQUIRED,「min-max」の検討では、UNFORMALIZED_NATURAL_LANGUAGE_CLAIMの趣旨は保ちつつ、検査できる実装条件へ範囲を狭めています。min-max、z-score、rank変換は同じ候補集合で重みを再調整し、最大nDCGだけでなく安定性と外れ値影響を比較します。 修正文が具体化する対象は「min-max」です。「min-max」の証拠境界として、未確定の関係として表現されたUNFORMALIZED_NATURAL_LANGUAGE_CLAIMは未検証なので、本文では局所挙動だけを扱います。「min-max」の採否について、UNFORMALIZED_NATURAL_LANGUAGE_CLAIMの対象条件を狭めた修正文への置換が適切です。,NOT_APPLICABLE_NON_NORMATIVE,NOT_APPLICABLE_NON_NORMATIVE,NOT_APPLICABLE,4.5.4 (docs/4.質問に合う根拠を探す/4.5.Hybrid retrieval.md:86); authoritative docs commit 52bebecfb2a435d0e7ff2efea557c5799674ded6 の現文を次の文へ置換する: min-max、z-score、rank変換は同じ候補集合で重みを再調整し、最大nDCGだけでなく安定性と外れ値影響を比較します。 再抽出した文面と分類を照合する。,rag-guide-maintainers,,,,INCONCLUSIVE,NOT_APPLICABLE_UNPROVED,codex-primary-wave4,2026-08-15,codex-independent-wave4,2026-08-15,FINAL_TWO_REVIEWER_APPROVED
SENT-1693,52bebecfb2a435d0e7ff2efea557c5799674ded6,また、RRFは設定値によって性能が大きく変わりました。,RRFはk、入力depth、retriever数を個別に変え、validation sliceごとのRecallとnDCGで設定を選びます。,NL_PROPOSITION(また、RRFは設定値によって性能が大きく変わりました。),UNFORMALIZED,concrete_technology_claim,UNCLASSIFIED,4.5.4 (docs/4.質問に合う根拠を探す/4.5.Hybrid retrieval.md:87); authoritative docs commit 52bebecfb2a435d0e7ff2efea557c5799674ded6,,,DEFINITION_OR_SPEC,,UNFORMALIZED_NATURAL_LANGUAGE_CLAIM,NOT_APPLICABLE,REWRITE_REQUIRED,「RRFはk」の証拠境界として、元命題にある未確定の関係はUNFORMALIZED_NATURAL_LANGUAGE_CLAIMの裏付けを欠くため、実装規則とは分離します。RRFはk、入力depth、retriever数を個別に変え、validation sliceごとのRecallとnDCGで設定を選びます。 修正文が具体化する対象は「RRFはk」です。「RRFはk」の検討では、未確定の関係を含む元文から採用するのは、再現可能な局所手順に限ります。「RRFはk」の採否について、UNFORMALIZED_NATURAL_LANGUAGE_CLAIMが一般則と誤読されない修正文を要するため、REWRITE_REQUIREDです。,NOT_APPLICABLE_NON_NORMATIVE,NOT_APPLICABLE_NON_NORMATIVE,NOT_APPLICABLE,4.5.4 (docs/4.質問に合う根拠を探す/4.5.Hybrid retrieval.md:87); authoritative docs commit 52bebecfb2a435d0e7ff2efea557c5799674ded6 の現文を次の文へ置換する: RRFはk、入力depth、retriever数を個別に変え、validation sliceごとのRecallとnDCGで設定を選びます。 再抽出した文面と分類を照合する。,rag-guide-maintainers,,,,INCONCLUSIVE,NOT_APPLICABLE_UNPROVED,codex-primary-wave4,2026-08-15,codex-independent-wave4,2026-08-15,FINAL_TWO_REVIEWER_APPROVED
SENT-1697,52bebecfb2a435d0e7ff2efea557c5799674ded6,型番・条文番号は疎検索、説明的な自然文は密検索へ比重を置きます。,型番・条文番号sliceでは疎検索、説明文sliceでは密検索の重みを候補にし、固定validation setで比率を決めます。,"AND(AND(ATOM(sparse=true), ATOM(dense=true)), ATOM(retrieval=true))",AND,general_technical_claim,UNCLASSIFIED,4.5.4 (docs/4.質問に合う根拠を探す/4.5.Hybrid retrieval.md:93); authoritative docs commit 52bebecfb2a435d0e7ff2efea557c5799674ded6,,,DEFINITION_OR_SPEC,,dense=true;sparse=true,NOT_APPLICABLE,REWRITE_REQUIRED,「型番・条文番号sliceでは疎検索」の検討では、dense=true、sparse=trueに関して本文へ残す内容を、実行または記録で確認できる範囲まで絞りました。「型番・条文番号sliceでは疎検索」の証拠境界として、dense=true、sparse=trueの外的真偽を確定できず、未確定の関係に依存しない記述へ変更します。型番・条文番号sliceでは疎検索、説明文sliceでは密検索の重みを候補にし、固定validation setで比率を決めます。 修正文が具体化する対象は「型番・条文番号sliceでは疎検索」です。「型番・条文番号sliceでは疎検索」の採否について、dense=true、sparse=trueが一般則と誤読されない修正文を要するため、REWRITE_REQUIREDです。,NOT_APPLICABLE_NON_NORMATIVE,NOT_APPLICABLE_NON_NORMATIVE,NOT_APPLICABLE,4.5.4 (docs/4.質問に合う根拠を探す/4.5.Hybrid retrieval.md:93); authoritative docs commit 52bebecfb2a435d0e7ff2efea557c5799674ded6 の現文を次の文へ置換する: 型番・条文番号sliceでは疎検索、説明文sliceでは密検索の重みを候補にし、固定validation setで比率を決めます。 再抽出した文面と分類を照合する。,rag-guide-maintainers,,,,INCONCLUSIVE,NOT_APPLICABLE_UNPROVED,codex-primary-wave4,2026-08-15,codex-independent-wave4,2026-08-15,FINAL_TWO_REVIEWER_APPROVED
SENT-1700,52bebecfb2a435d0e7ff2efea557c5799674ded6,確信が低い場合は、方式を一つに絞らず、事前に定めたRRFへ戻すなどの代替経路を使います。,,NL_PROPOSITION(確信が低い場合は、方式を一つに絞らず、事前に定めたRRFへ戻すなどの代替経路を使います。),UNFORMALIZED,concrete_technology_claim,UNCLASSIFIED,4.5.4 (docs/4.質問に合う根拠を探す/4.5.Hybrid retrieval.md:97); authoritative docs commit 52bebecfb2a435d0e7ff2efea557c5799674ded6,,,DEFINITION_OR_SPEC,,,,APPROPRIATE_NORMATIVE,確信が低い場合は、方式を一つに絞らず、事前に定めたRRFへ戻すなどの代替経路を使うという検索経路は、候補の収集・統合・選択を再現可能にするガイド内の決定です。この規則の統合規則をversion管理し、複数retrieverが返す既知rank listから期待するcandidate順序を再現し、生scoreの無条件加算や重複candidateが発生しないことを確認する。 さらに、この規則と異なる統合方式はcalibration済みscoreまたは別rerankerとしてversion管理できるが、未調整の異尺度scoreを黙って直接加算しない。 この扱いを例外として記録します。 検索結果の合格条件と別経路へ切り替える条件が検査できるため、APPROPRIATE_NORMATIVEです。,確信が低い場合は、方式を一つに絞らず、事前に定めたRRFへ戻すなどの代替経路を使うことを定める検索・経路選択規則について、この規則の統合規則をversion管理し、複数retrieverが返す既知rank listから期待するcandidate順序を再現し、生scoreの無条件加算や重複candidateが発生しないことを確認する。,確信が低い場合は、方式を一つに絞らず、事前に定めたRRFへ戻すなどの代替経路を使うことを定める検索・経路選択規則の例外として、この規則と異なる統合方式はcalibration済みscoreまたは別rerankerとしてversion管理できるが、未調整の異尺度scoreを黙って直接加算しない。,NOT_APPLICABLE,4.5.4 (docs/4.質問に合う根拠を探す/4.5.Hybrid retrieval.md:97); authoritative docs commit 52bebecfb2a435d0e7ff2efea557c5799674ded6 の本文を維持し、normative_criteriaとexceptionsを設計台帳へ固定する。,rag-guide-maintainers,,,,INCONCLUSIVE,NOT_APPLICABLE_UNPROVED,codex-primary-wave4,2026-08-15,codex-independent-wave4,2026-08-15,FINAL_TWO_REVIEWER_APPROVED
SENT-1705,52bebecfb2a435d0e7ff2efea557c5799674ded6,検索文ごとに疎検索と密検索を統合し、その後に検索文間を候補上限付きで統合するなど、順序を定めます。,,"AND(AND(ATOM(sparse=true), ATOM(dense=true)), ATOM(retrieval=true))",AND,general_technical_claim,UNCLASSIFIED,4.5.5 (docs/4.質問に合う根拠を探す/4.5.Hybrid retrieval.md:107); authoritative docs commit 52bebecfb2a435d0e7ff2efea557c5799674ded6,,,DEFINITION_OR_SPEC,,,,APPROPRIATE_NORMATIVE,検索文ごとに疎検索と密検索を統合し、その後に検索文間を候補上限付きで統合するなど、順序を定めるという検索経路は、候補の収集・統合・選択を再現可能にするガイド内の決定です。この規則の統合規則をversion管理し、複数retrieverが返す既知rank listから期待するcandidate順序を再現し、生scoreの無条件加算や重複candidateが発生しないことを確認する。 さらに、この規則と異なる統合方式はcalibration済みscoreまたは別rerankerとしてversion管理できるが、未調整の異尺度scoreを黙って直接加算しない。 この扱いを例外として記録します。 検索結果の合格条件と別経路へ切り替える条件が検査できるため、APPROPRIATE_NORMATIVEです。,検索文ごとに疎検索と密検索を統合し、その後に検索文間を候補上限付きで統合するなど、順序を定めることを定める検索・経路選択規則について、この規則の統合規則をversion管理し、複数retrieverが返す既知rank listから期待するcandidate順序を再現し、生scoreの無条件加算や重複candidateが発生しないことを確認する。,検索文ごとに疎検索と密検索を統合し、その後に検索文間を候補上限付きで統合するなど、順序を定めることを定める検索・経路選択規則の例外として、この規則と異なる統合方式はcalibration済みscoreまたは別rerankerとしてversion管理できるが、未調整の異尺度scoreを黙って直接加算しない。,NOT_APPLICABLE,4.5.5 (docs/4.質問に合う根拠を探す/4.5.Hybrid retrieval.md:107); authoritative docs commit 52bebecfb2a435d0e7ff2efea557c5799674ded6 の本文を維持し、normative_criteriaとexceptionsを設計台帳へ固定する。,rag-guide-maintainers,,,,INCONCLUSIVE,NOT_APPLICABLE_UNPROVED,codex-primary-wave4,2026-08-15,codex-independent-wave4,2026-08-15,FINAL_TWO_REVIEWER_APPROVED
SENT-1708,52bebecfb2a435d0e7ff2efea557c5799674ded6,候補には発見元の検索文と検索器を結び付け、正解根拠を追加しない検索経路を評価で削除します。,,"NOT(AND(AND(AND(ATOM(incremental_updates=true), ATOM(retrieval=true)), ATOM(evidence_support=true)), ATOM(evaluation=true)))",NOT,general_technical_claim,UNCLASSIFIED,4.5.5 (docs/4.質問に合う根拠を探す/4.5.Hybrid retrieval.md:111); authoritative docs commit 52bebecfb2a435d0e7ff2efea557c5799674ded6,,,DEFINITION_OR_SPEC,,,,APPROPRIATE_NORMATIVE,候補には発見元の検索文と検索器を結び付け、正解根拠を追加しない検索経路を評価で削除するという採否判断は、比較対象と合格条件を実行結果で識別するために置きます。この規則に含まれるretriever、candidate数、rank処理を固定したtest queryを実行し、統合前後のcandidate ID・rank・score変換が記述した順序と選択規則に一致することを確認する。 さらに、初期値・候補は対象datasetで再調整できるが、変更値、baseline、採用理由を同じresult tableへ残し、未比較の値を既定値として固定しない。 この扱いを例外として記録します。 同じ条件での比較と採用しない条件を両方記録できるため、APPROPRIATE_NORMATIVEです。,候補には発見元の検索文と検索器を結び付け、正解根拠を追加しない検索経路を評価で削除することを定める評価・採否規則について、この規則に含まれるretriever、candidate数、rank処理を固定したtest queryを実行し、統合前後のcandidate ID・rank・score変換が記述した順序と選択規則に一致することを確認する。,候補には発見元の検索文と検索器を結び付け、正解根拠を追加しない検索経路を評価で削除することを定める評価・採否規則の例外として、初期値・候補は対象datasetで再調整できるが、変更値、baseline、採用理由を同じresult tableへ残し、未比較の値を既定値として固定しない。,NOT_APPLICABLE,4.5.5 (docs/4.質問に合う根拠を探す/4.5.Hybrid retrieval.md:111); authoritative docs commit 52bebecfb2a435d0e7ff2efea557c5799674ded6 の本文を維持し、normative_criteriaとexceptionsを設計台帳へ固定する。,rag-guide-maintainers,,,,INCONCLUSIVE,NOT_APPLICABLE_UNPROVED,codex-primary-wave4,2026-08-15,codex-independent-wave4,2026-08-15,FINAL_TWO_REVIEWER_APPROVED
SENT-1709,52bebecfb2a435d0e7ff2efea557c5799674ded6,順位統合は、複数の順位一覧を一つにまとめます。,複数の順位一覧を候補IDで結合し、統合scoreと最終rankを付ける処理を順位統合と定義します。,NL_PROPOSITION(順位統合は、複数の順位一覧を一つにまとめます。),UNFORMALIZED,general_technical_claim,UNCLASSIFIED,4.5.6 (docs/4.質問に合う根拠を探す/4.5.Hybrid retrieval.md:115); authoritative docs commit 52bebecfb2a435d0e7ff2efea557c5799674ded6,,,DEFINITION_OR_SPEC,,UNFORMALIZED_NATURAL_LANGUAGE_CLAIM,NOT_APPLICABLE,REWRITE_REQUIRED,「複数の順位一覧を候補IDで結合し」の検討では、未確定の関係を含む元文から採用するのは、再現可能な局所手順に限ります。「複数の順位一覧を候補IDで結合し」の証拠境界として、直接locatorがないため、UNFORMALIZED_NATURAL_LANGUAGE_CLAIMに関する未確定の関係を外部事実として採用しません。複数の順位一覧を候補IDで結合し、統合scoreと最終rankを付ける処理を順位統合と定義します。 修正文が具体化する対象は「複数の順位一覧を候補IDで結合し」です。「複数の順位一覧を候補IDで結合し」の採否について、本文を未確定の関係から局所操作へ切り替える差分として採用します。,NOT_APPLICABLE_NON_NORMATIVE,NOT_APPLICABLE_NON_NORMATIVE,NOT_APPLICABLE,4.5.6 (docs/4.質問に合う根拠を探す/4.5.Hybrid retrieval.md:115); authoritative docs commit 52bebecfb2a435d0e7ff2efea557c5799674ded6 の現文を次の文へ置換する: 複数の順位一覧を候補IDで結合し、統合scoreと最終rankを付ける処理を順位統合と定義します。 再抽出した文面と分類を照合する。,rag-guide-maintainers,,,,INCONCLUSIVE,NOT_APPLICABLE_UNPROVED,codex-primary-wave4,2026-08-15,codex-independent-wave4,2026-08-15,FINAL_TWO_REVIEWER_APPROVED
SENT-1712,52bebecfb2a435d0e7ff2efea557c5799674ded6,最初に疎検索と密検索で必要な根拠を拾い、順位統合後の数十件を再順位付けして、LLMへ渡す数件へ絞る構成が候補です。,,"AND(AND(AND(AND(ATOM(sparse=true), ATOM(dense=true)), ATOM(rerank=true)), ATOM(retrieval=true)), ATOM(evidence_support=true))",AND,general_technical_claim,必要,4.5.6 (docs/4.質問に合う根拠を探す/4.5.Hybrid retrieval.md:119); authoritative docs commit 52bebecfb2a435d0e7ff2efea557c5799674ded6,,,DEFINITION_OR_SPEC,,,,APPROPRIATE_NORMATIVE,最初に疎検索と密検索で必要な根拠を拾い、順位統合後の数十件を再順位付けして、LLMへ渡す数件へ絞る構成が候補であるという検索経路は、候補の収集・統合・選択を再現可能にするガイド内の決定です。この規則の統合規則をversion管理し、複数retrieverが返す既知rank listから期待するcandidate順序を再現し、生scoreの無条件加算や重複candidateが発生しないことを確認する。 さらに、この規則と異なる統合方式はcalibration済みscoreまたは別rerankerとしてversion管理できるが、未調整の異尺度scoreを黙って直接加算しない。 この扱いを例外として記録します。 検索結果の合格条件と別経路へ切り替える条件が検査できるため、APPROPRIATE_NORMATIVEです。,最初に疎検索と密検索で必要な根拠を拾い、順位統合後の数十件を再順位付けして、LLMへ渡す数件へ絞る構成が候補であることを定める検索・経路選択規則について、この規則の統合規則をversion管理し、複数retrieverが返す既知rank listから期待するcandidate順序を再現し、生scoreの無条件加算や重複candidateが発生しないことを確認する。,最初に疎検索と密検索で必要な根拠を拾い、順位統合後の数十件を再順位付けして、LLMへ渡す数件へ絞る構成が候補であることを定める検索・経路選択規則の例外として、この規則と異なる統合方式はcalibration済みscoreまたは別rerankerとしてversion管理できるが、未調整の異尺度scoreを黙って直接加算しない。,NOT_APPLICABLE,4.5.6 (docs/4.質問に合う根拠を探す/4.5.Hybrid retrieval.md:119); authoritative docs commit 52bebecfb2a435d0e7ff2efea557c5799674ded6 の本文を維持し、normative_criteriaとexceptionsを設計台帳へ固定する。,rag-guide-maintainers,,,,INCONCLUSIVE,NOT_APPLICABLE_UNPROVED,codex-primary-wave4,2026-08-15,codex-independent-wave4,2026-08-15,FINAL_TWO_REVIEWER_APPROVED
SENT-1714,52bebecfb2a435d0e7ff2efea557c5799674ded6,アクセス制御リスト（Access Control List：ACL）の判定を再順位付け器のスコアへ委ねません。,,"NOT(AND(ATOM(rerank=true), ATOM(authorization=true)))",NOT,general_technical_claim,UNCLASSIFIED,4.5.6 (docs/4.質問に合う根拠を探す/4.5.Hybrid retrieval.md:122); authoritative docs commit 52bebecfb2a435d0e7ff2efea557c5799674ded6,,,DEFINITION_OR_SPEC,,,,APPROPRIATE_NORMATIVE,アクセス制御リスト（Access Control List：ACL）の判定を再順位付け器のスコアへ委ねないという安全境界は、本ガイドが強制する制御として設けます。ACL拒否candidateをreranker投入前に除外し、どれだけ高いrelevance scoreを与えてもcontextとanswerへ現れないnegative fixtureを通します。 さらに、reranker障害時のfallbackでもACL判定結果を再利用し、可用性やscoreを理由に拒否candidateを復帰させません。 この扱いを例外として記録します。 負試験で境界を確かめ、統制を緩めない例外を明示できるので、APPROPRIATE_NORMATIVEです。,アクセス制御リスト（Access Control List：ACL）の判定を再順位付け器のスコアへ委ねません。 ACL拒否candidateをreranker投入前に除外し、どれだけ高いrelevance scoreを与えてもcontextとanswerへ現れないnegative fixtureを通します。,アクセス制御リスト（Access Control List：ACL）の判定を再順位付け器のスコアへ委ねません。 reranker障害時のfallbackでもACL判定結果を再利用し、可用性やscoreを理由に拒否candidateを復帰させません。,NOT_APPLICABLE,4.5.6 (docs/4.質問に合う根拠を探す/4.5.Hybrid retrieval.md:122); authoritative docs commit 52bebecfb2a435d0e7ff2efea557c5799674ded6 の本文を維持し、normative_criteriaとexceptionsを設計台帳へ固定する。,rag-guide-maintainers,,,,INCONCLUSIVE,NOT_APPLICABLE_UNPROVED,codex-primary-wave4,2026-08-15,codex-independent-wave4,2026-08-15,FINAL_TWO_REVIEWER_APPROVED
SENT-1715,52bebecfb2a435d0e7ff2efea557c5799674ded6,再順位付け器が時間内に終わらない場合は、認可済みの統合順位へ戻すか、回答を保留します。,,"NOT(AND(AND(AND(ATOM(rerank=true), ATOM(generation=true)), ATOM(temporal_freshness=true)), ATOM(authorization=true)))",NOT,general_technical_claim,UNCLASSIFIED,4.5.6 (docs/4.質問に合う根拠を探す/4.5.Hybrid retrieval.md:123); authoritative docs commit 52bebecfb2a435d0e7ff2efea557c5799674ded6,,,DEFINITION_OR_SPEC,,,,APPROPRIATE_NORMATIVE,再順位付け器が時間内に終わらない場合は、認可済みの統合順位へ戻すか、回答を保留するという安全境界は、本ガイドが強制する制御として設けます。reranker timeoutを注入し、requestがauthorized fused rankへ戻るかabstainし、部分rerank結果や非許可candidateを回答contextへ入れないことを確認する。 さらに、deadline前に完了したreranker結果だけは通常経路で使えるが、timeout後に到着した結果を進行中requestへ混ぜない。 この扱いを例外として記録します。 負試験で境界を確かめ、統制を緩めない例外を明示できるので、APPROPRIATE_NORMATIVEです。,reranker timeoutを注入し、requestがauthorized fused rankへ戻るかabstainし、部分rerank結果や非許可candidateを回答contextへ入れないことを確認する。,deadline前に完了したreranker結果だけは通常経路で使えるが、timeout後に到着した結果を進行中requestへ混ぜない。,NOT_APPLICABLE,4.5.6 (docs/4.質問に合う根拠を探す/4.5.Hybrid retrieval.md:123); authoritative docs commit 52bebecfb2a435d0e7ff2efea557c5799674ded6 の本文を維持し、normative_criteriaとexceptionsを設計台帳へ固定する。,rag-guide-maintainers,,,,INCONCLUSIVE,NOT_APPLICABLE_UNPROVED,codex-primary-wave4,2026-08-15,codex-independent-wave4,2026-08-15,FINAL_TWO_REVIEWER_APPROVED
SENT-1723,52bebecfb2a435d0e7ff2efea557c5799674ded6,フィルターによって候補集合が小さくなると、近似最近傍（Approximate Nearest Neighbor：ANN）検索で必要な候補を拾いにくくなる場合があります。,filterでeligible candidateが少なくなると、filter付きANNがgold candidateを探索できずRecallを落とす場合があります。,NL_PROPOSITION(フィルターによって候補集合が小さくなると、近似最近傍（Approximate Nearest Neighbor：ANN）検索で必要な候補を拾いにくくなる場合があります。),UNFORMALIZED,general_technical_claim,必要,4.6.1 (docs/4.質問に合う根拠を探す/4.6.Retrieval-time filtering.md:14); authoritative docs commit 52bebecfb2a435d0e7ff2efea557c5799674ded6,SRC-002;SRC-005;SRC-042;SRC-043;SRC-044,SRC-002 https://aclanthology.org/2020.emnlp-main.550/ — abstract inspected 2026-08-15; 現主張への直接locatorは未確定; SRC-005 https://doi.org/10.1561/1500000019 — primary_page inspected 2026-08-15; 現主張への直接locatorは未確定; SRC-042 https://arxiv.org/abs/1908.10084 — abstract inspected 2026-08-15; 現主張への直接locatorは未確定,AUTHOR_CLAIM,NONE_DIRECTLY_VERIFIED,UNFORMALIZED_NATURAL_LANGUAGE_CLAIM,UNFORMALIZED,REWRITE_REQUIRED,aclanthology.org・doi.orgのAbstractへの参照は台帳にありますが、原文の未形式化主張について未形式化の関係まで同時に再特定できる直接箇所が確定していません。本文に残すのは、filterでeligible candidateが少なくなると、filter付きANNがgold candidateを探索できずRecallを落とす場合があるという対象範囲です。原文の未形式化主張について未確認の因果までは導きません。 修正文にある主体と操作対象は保ちつつ、直接根拠を越える未形式化の関係を落とす差分なので、REWRITE_REQUIREDと判定します。,NOT_APPLICABLE_NON_NORMATIVE,NOT_APPLICABLE_NON_NORMATIVE,UNVERIFIED,4.6.1 (docs/4.質問に合う根拠を探す/4.6.Retrieval-time filtering.md:14); authoritative docs commit 52bebecfb2a435d0e7ff2efea557c5799674ded6 の現文を次の文へ置換する: filterでeligible candidateが少なくなると、filter付きANNがgold candidateを探索できずRecallを落とす場合があります。 再抽出した文面と分類を照合する。,rag-guide-maintainers,,,,INCONCLUSIVE,NOT_APPLICABLE_UNPROVED,codex-primary-wave4,2026-08-15,codex-independent-wave4,2026-08-15,FINAL_TWO_REVIEWER_APPROVED
SENT-1724,52bebecfb2a435d0e7ff2efea557c5799674ded6,権限を緩めず、検索深度、条件に対応したANN検索、インデックス分割などの性能対策を検討します。,,"AND(ATOM(retrieval=true), ATOM(authorization=true))",AND,general_technical_claim,UNCLASSIFIED,4.6.1 (docs/4.質問に合う根拠を探す/4.6.Retrieval-time filtering.md:15); authoritative docs commit 52bebecfb2a435d0e7ff2efea557c5799674ded6,,,DEFINITION_OR_SPEC,,,,APPROPRIATE_NORMATIVE,権限を緩めず、検索深度、条件に対応したANN検索、インデックス分割などの性能対策を検討するという安全境界は、本ガイドが強制する制御として設けます。この規則の対象resourceとattributeをauthorization fixtureへ登録し、許可主体では取得・利用でき、非許可主体ではcandidate、context、answerの全段階でゼロ件になることを確認する。 適用境界では、この規則より法令、契約、組織policyが厳しい場合は厳しい統制を優先し、性能、可用性、費用を理由に対象resourceのauthorizationまたは隔離を省略しない。 負試験で境界を確かめ、統制を緩めない例外を明示できるので、APPROPRIATE_NORMATIVEです。,権限を緩めず、検索深度、条件に対応したANN検索、インデックス分割などの性能対策を検討することを定める安全性・アクセス制御規則について、この規則の対象resourceとattributeをauthorization fixtureへ登録し、許可主体では取得・利用でき、非許可主体ではcandidate、context、answerの全段階でゼロ件になることを確認する。,権限を緩めず、検索深度、条件に対応したANN検索、インデックス分割などの性能対策を検討することを定める安全性・アクセス制御規則の例外として、この規則より法令、契約、組織policyが厳しい場合は厳しい統制を優先し、性能、可用性、費用を理由に対象resourceのauthorizationまたは隔離を省略しない。,NOT_APPLICABLE,4.6.1 (docs/4.質問に合う根拠を探す/4.6.Retrieval-time filtering.md:15); authoritative docs commit 52bebecfb2a435d0e7ff2efea557c5799674ded6 の本文を維持し、normative_criteriaとexceptionsを設計台帳へ固定する。,rag-guide-maintainers,,,,INCONCLUSIVE,NOT_APPLICABLE_UNPROVED,codex-primary-wave4,2026-08-15,codex-independent-wave4,2026-08-15,FINAL_TWO_REVIEWER_APPROVED
SENT-1728,52bebecfb2a435d0e7ff2efea557c5799674ded6,BM25やベクトル類似度が高くても境界を越えさせません。,ACLまたはtenant境界に一致しない候補は、BM25・vector scoreに関係なく検索結果、context、回答から除外します。,NL_PROPOSITION(BM25やベクトル類似度が高くても境界を越えさせません。),UNFORMALIZED,concrete_technology_claim,UNCLASSIFIED,4.6.1 (docs/4.質問に合う根拠を探す/4.6.Retrieval-time filtering.md:20); authoritative docs commit 52bebecfb2a435d0e7ff2efea557c5799674ded6,,,DEFINITION_OR_SPEC,,UNFORMALIZED_NATURAL_LANGUAGE_CLAIM,UNFORMALIZED,REWRITE_REQUIRED,「ACLまたはtenant境界に一致しない候補」の検討では、UNFORMALIZED_NATURAL_LANGUAGE_CLAIMから採用可能な手順を残し、証明されていない一般化を切り離しました。ACLまたはtenant境界に一致しない候補は、BM25・vector scoreに関係なく検索結果、context、回答から除外します。 修正文が具体化する対象は「ACLまたはtenant境界に一致しない候補」です。「ACLまたはtenant境界に一致しない候補」の証拠境界として、直接locatorがないため、UNFORMALIZED_NATURAL_LANGUAGE_CLAIMに関する未形式化の関係を外部事実として採用しません。「ACLまたはtenant境界に一致しない候補」の採否について、未形式化の関係を局所条件として読める文面にし、教材価値と証拠整合を両立させます。,NOT_APPLICABLE_NON_NORMATIVE,NOT_APPLICABLE_NON_NORMATIVE,NOT_APPLICABLE,4.6.1 (docs/4.質問に合う根拠を探す/4.6.Retrieval-time filtering.md:20); authoritative docs commit 52bebecfb2a435d0e7ff2efea557c5799674ded6 の現文を次の文へ置換する: ACLまたはtenant境界に一致しない候補は、BM25・vector scoreに関係なく検索結果、context、回答から除外します。 再抽出した文面と分類を照合する。,rag-guide-maintainers,,,,INCONCLUSIVE,NOT_APPLICABLE_UNPROVED,codex-primary-wave4,2026-08-15,codex-independent-wave4,2026-08-15,FINAL_TWO_REVIEWER_APPROVED
SENT-1729,52bebecfb2a435d0e7ff2efea557c5799674ded6,条件付き近似最近傍（Approximate Nearest Neighbor：ANN）検索は、認可済み候補を効率的に探索するために利用できますが、認可方針そのものを決めません。,条件付きANNは認可済み候補内の探索にだけ使い、認可ruleはidentityとpolicy storeで別に決定します。,"NOT(AND(AND(ATOM(ann=true), ATOM(retrieval=true)), ATOM(authorization=true)))",NOT,general_technical_claim,できます,4.6.1 (docs/4.質問に合う根拠を探す/4.6.Retrieval-time filtering.md:22); authoritative docs commit 52bebecfb2a435d0e7ff2efea557c5799674ded6,,,DEFINITION_OR_SPEC,,authorization=true,NOT,REWRITE_REQUIRED,「条件付きANNは認可済み候補内の探索にだけ使い」の証拠境界として、元命題にある否定関係はauthorization=trueの裏付けを欠くため、実装規則とは分離します。条件付きANNは認可済み候補内の探索にだけ使い、認可ruleはidentityとpolicy storeで別に決定します。 修正文が具体化する対象は「条件付きANNは認可済み候補内の探索にだけ使い」です。「条件付きANNは認可済み候補内の探索にだけ使い」の検討では、否定関係を扱う修正では、抽象的な説明を具体的な操作へ落としています。「条件付きANNは認可済み候補内の探索にだけ使い」の採否について、否定関係を局所条件として読める文面にし、教材価値と証拠整合を両立させます。,NOT_APPLICABLE_NON_NORMATIVE,NOT_APPLICABLE_NON_NORMATIVE,NOT_APPLICABLE,4.6.1 (docs/4.質問に合う根拠を探す/4.6.Retrieval-time filtering.md:22); authoritative docs commit 52bebecfb2a435d0e7ff2efea557c5799674ded6 の現文を次の文へ置換する: 条件付きANNは認可済み候補内の探索にだけ使い、認可ruleはidentityとpolicy storeで別に決定します。 再抽出した文面と分類を照合する。,rag-guide-maintainers,,,,INCONCLUSIVE,NOT_APPLICABLE_UNPROVED,codex-primary-wave4,2026-08-15,codex-independent-wave4,2026-08-15,FINAL_TWO_REVIEWER_APPROVED
SENT-1730,52bebecfb2a435d0e7ff2efea557c5799674ded6,認可サービスの結果を各検索器へ渡します。,,"AND(AND(ATOM(retrieval=true), ATOM(authorization=true)), ATOM(empirical_result=true))",AND,general_technical_claim,UNCLASSIFIED,4.6.1 (docs/4.質問に合う根拠を探す/4.6.Retrieval-time filtering.md:23); authoritative docs commit 52bebecfb2a435d0e7ff2efea557c5799674ded6,,,DEFINITION_OR_SPEC,,,,APPROPRIATE_NORMATIVE,認可サービスの結果を各検索器へ渡すという安全境界は、本ガイドが強制する制御として設けます。authorization serviceが返した許可resource集合とpolicy versionをsparse・dense各retriever requestへ渡し、両経路のcandidateが許可集合内に収まることを確認します。 さらに、authorization serviceがtimeoutまたは判定不能になったrequestはfail closedとし、無filterのretrievalへfallbackしません。 この扱いを例外として記録します。 負試験で境界を確かめ、統制を緩めない例外を明示できるので、APPROPRIATE_NORMATIVEです。,認可サービスの結果を各検索器へ渡します。 authorization serviceが返した許可resource集合とpolicy versionをsparse・dense各retriever requestへ渡し、両経路のcandidateが許可集合内に収まることを確認します。,認可サービスの結果を各検索器へ渡します。 authorization serviceがtimeoutまたは判定不能になったrequestはfail closedとし、無filterのretrievalへfallbackしません。,NOT_APPLICABLE,4.6.1 (docs/4.質問に合う根拠を探す/4.6.Retrieval-time filtering.md:23); authoritative docs commit 52bebecfb2a435d0e7ff2efea557c5799674ded6 の本文を維持し、normative_criteriaとexceptionsを設計台帳へ固定する。,rag-guide-maintainers,,,,INCONCLUSIVE,NOT_APPLICABLE_UNPROVED,codex-primary-wave4,2026-08-15,codex-independent-wave4,2026-08-15,FINAL_TWO_REVIEWER_APPROVED
SENT-1735,52bebecfb2a435d0e7ff2efea557c5799674ded6,製品、地域、文書種別は、利用者が明示した場合は必須フィルター、推定した場合は順位調整条件にできます。,利用者が明示した製品・地域・文書種別は必須フィルターとし、モデルが推定した条件は推定由来を記録して順位調整にだけ用います。,NL_PROPOSITION(製品、地域、文書種別は、利用者が明示した場合は必須フィルター、推定した場合は順位調整条件にできます。),UNFORMALIZED,empirical_or_research_claim,できます,4.6.2 (docs/4.質問に合う根拠を探す/4.6.Retrieval-time filtering.md:32); authoritative docs commit 52bebecfb2a435d0e7ff2efea557c5799674ded6,,,DEFINITION_OR_SPEC,,,,APPROPRIATE_NORMATIVE,利用者が明示した製品・地域・文書種別は必須フィルターとし、モデルが推定した条件は推定由来を記録して順位調整にだけ用いるという追跡要件は、後続工程から入力と版へ戻るための局所契約です。条件ごとにexplicitまたはinferredのprovenanceとconfidenceを記録し、必須filterは利用者明示値または検証済み正本値だけから作る。 さらに、法令・契約・検証済みmaster dataが要求する条件は必須filterにできる。低confidenceの推定値で候補を除外しない。 この扱いを例外として記録します。 逆引き可能性と保存上の例外を台帳で確かめられるため、APPROPRIATE_NORMATIVEです。,条件ごとにexplicitまたはinferredのprovenanceとconfidenceを記録し、必須filterは利用者明示値または検証済み正本値だけから作る。,法令・契約・検証済みmaster dataが要求する条件は必須filterにできる。低confidenceの推定値で候補を除外しない。,NOT_APPLICABLE,4.6.2 (docs/4.質問に合う根拠を探す/4.6.Retrieval-time filtering.md:32); authoritative docs commit 52bebecfb2a435d0e7ff2efea557c5799674ded6 の現文を次の文へ置換する: 利用者が明示した製品・地域・文書種別は必須フィルターとし、モデルが推定した条件は推定由来を記録して順位調整にだけ用います。 再抽出した文面と分類を照合する。,rag-guide-maintainers,,,,INCONCLUSIVE,NOT_APPLICABLE_UNPROVED,codex-primary-wave4,2026-08-15,codex-independent-wave4,2026-08-15,FINAL_TWO_REVIEWER_APPROVED
SENT-1742,52bebecfb2a435d0e7ff2efea557c5799674ded6,事前フィルターは認可済み集合内で検索できますが、集合が小さい場合にANN探索が難しくなることがあります。,事前filter構成は認可済み集合内で完全探索とのRecall差を測り、選択率が低いsliceでは探索幅を増やします。,NL_PROPOSITION(事前フィルターは認可済み集合内で検索できますが、集合が小さい場合にANN探索が難しくなることがあります。),UNFORMALIZED,general_technical_claim,できます,4.6.2 (docs/4.質問に合う根拠を探す/4.6.Retrieval-time filtering.md:42); authoritative docs commit 52bebecfb2a435d0e7ff2efea557c5799674ded6,,,DEFINITION_OR_SPEC,,UNFORMALIZED_NATURAL_LANGUAGE_CLAIM,UNFORMALIZED,REWRITE_REQUIRED,「事前filter構成は認可済み集合内で完全探索とのRecall差を測り」の証拠境界として、候補資料だけではUNFORMALIZED_NATURAL_LANGUAGE_CLAIMの未形式化の関係まで支持できず、直接観測する対象へ限定しました。事前filter構成は認可済み集合内で完全探索とのRecall差を測り、選択率が低いsliceでは探索幅を増やします。 修正文が具体化する対象は「事前filter構成は認可済み集合内で完全探索とのRecall差を測り」です。「事前filter構成は認可済み集合内で完全探索とのRecall差を測り」の検討では、未形式化の関係が表す設計意図を、入力・処理・結果が追える形に限定します。「事前filter構成は認可済み集合内で完全探索とのRecall差を測り」の採否について、未形式化の関係を維持できない一方で教材上の操作は残るため、REWRITE_REQUIREDとします。,NOT_APPLICABLE_NON_NORMATIVE,NOT_APPLICABLE_NON_NORMATIVE,NOT_APPLICABLE,4.6.2 (docs/4.質問に合う根拠を探す/4.6.Retrieval-time filtering.md:42); authoritative docs commit 52bebecfb2a435d0e7ff2efea557c5799674ded6 の現文を次の文へ置換する: 事前filter構成は認可済み集合内で完全探索とのRecall差を測り、選択率が低いsliceでは探索幅を増やします。 再抽出した文面と分類を照合する。,rag-guide-maintainers,,,,INCONCLUSIVE,NOT_APPLICABLE_UNPROVED,codex-primary-wave4,2026-08-15,codex-independent-wave4,2026-08-15,FINAL_TWO_REVIEWER_APPROVED
SENT-1749,52bebecfb2a435d0e7ff2efea557c5799674ded6,認可済み集合内で探せますが、集合が小さい場合にANNグラフの探索品質が下がることがあります。,小さい認可済み集合に対するANNは完全探索をbaselineにし、filter選択率ごとのRecall低下を監視します。,"IMP(ATOM(authorization=true), ATOM(graph_index=true))",IMPLIES,general_technical_claim,UNCLASSIFIED,4.6.3 (docs/4.質問に合う根拠を探す/4.6.Retrieval-time filtering.md:54); authoritative docs commit 52bebecfb2a435d0e7ff2efea557c5799674ded6,,,DEFINITION_OR_SPEC,,authorization=true,IMPLIES,REWRITE_REQUIRED,「小さい認可済み集合に対するANNは完全探索をbaselineにし」の検討では、含意関係を扱う修正では、抽象的な説明を具体的な操作へ落としています。「小さい認可済み集合に対するANNは完全探索をbaselineにし」の証拠境界として、候補資料だけではauthorization=trueの含意関係まで支持できず、直接観測する対象へ限定しました。小さい認可済み集合に対するANNは完全探索をbaselineにし、filter選択率ごとのRecall低下を監視します。 修正文が具体化する対象は「小さい認可済み集合に対するANNは完全探索をbaselineにし」です。「小さい認可済み集合に対するANNは完全探索をbaselineにし」の採否について、authorization=trueの実装情報を残しながら未支持関係を除くため、書換えを要求します。,NOT_APPLICABLE_NON_NORMATIVE,NOT_APPLICABLE_NON_NORMATIVE,NOT_APPLICABLE,4.6.3 (docs/4.質問に合う根拠を探す/4.6.Retrieval-time filtering.md:54); authoritative docs commit 52bebecfb2a435d0e7ff2efea557c5799674ded6 の現文を次の文へ置換する: 小さい認可済み集合に対するANNは完全探索をbaselineにし、filter選択率ごとのRecall低下を監視します。 再抽出した文面と分類を照合する。,rag-guide-maintainers,,,,INCONCLUSIVE,NOT_APPLICABLE_UNPROVED,codex-primary-wave4,2026-08-15,codex-independent-wave4,2026-08-15,FINAL_TWO_REVIEWER_APPROVED
SENT-1753,52bebecfb2a435d0e7ff2efea557c5799674ded6,ACORNは、属性条件を考慮したANN探索を扱いました。,,NL_PROPOSITION(ACORNは、属性条件を考慮したANN探索を扱いました。),UNFORMALIZED,externally_cited_claim,UNCLASSIFIED,4.6.3 (docs/4.質問に合う根拠を探す/4.6.Retrieval-time filtering.md:60); authoritative docs commit 52bebecfb2a435d0e7ff2efea557c5799674ded6,SRC-049,"https://arxiv.org/abs/2403.04871, Abstract",AUTHOR_CLAIM,ann=true;filter_aware=true;graph_index=true,,,APPROPRIATE_SUPPORTED,ACORN Abstractと§3.1/§5が、structured predicateを伴うvector/ANN hybrid searchとpredicate-subgraph traversalを直接記述する。,NOT_APPLICABLE_NON_NORMATIVE,NOT_APPLICABLE_NON_NORMATIVE,SOURCE_ASSERTED,4.6.3 (docs/4.質問に合う根拠を探す/4.6.Retrieval-time filtering.md:60); authoritative docs commit 52bebecfb2a435d0e7ff2efea557c5799674ded6 の本文を維持し、確定した一次資料locator・主張役割・外的真偽境界を台帳へ固定する。,rag-guide-maintainers,,,,INCONCLUSIVE,NOT_APPLICABLE_UNPROVED,codex-primary-wave4,2026-08-15,codex-independent-wave4,2026-08-15,FINAL_TWO_REVIEWER_APPROVED
SENT-1757,52bebecfb2a435d0e7ff2efea557c5799674ded6,単純な範囲条件では専用索引が上回る場合もあり、評価は一つのグラフデータベースが中心です。,NaviXの単一graph databaseを用いた評価では、predicate-agnostic構成が常に優位とは限らず、単純なrange predicateでは専用indexが上回る場合も報告されています。,"IMP(ATOM(empirical_result=true), ATOM(evaluation=true))",IMPLIES,empirical_or_research_claim,UNCLASSIFIED,4.6.3 (docs/4.質問に合う根拠を探す/4.6.Retrieval-time filtering.md:65); authoritative docs commit 52bebecfb2a435d0e7ff2efea557c5799674ded6,SRC-050,SRC-050 https://arxiv.org/abs/2506.23397 — abstract inspected 2026-08-15; 現主張への直接locatorは未確定,EMPIRICAL_RESULT,NONE_DIRECTLY_VERIFIED,empirical_result=true;evaluation=true,IMPLIES,REWRITE_REQUIRED,arxiv.orgのAbstractへの参照は台帳にありますが、empirical_result、evaluationについて前件から後件への含意まで同時に再特定できる直接箇所が確定していません。NaviXの単一graph databaseを用いた評価では、predicate-agnostic構成が常に優位とは限らず、単純なrange predicateでは専用indexが上回る場合も報告されているという範囲まで対象と条件を絞り、未確認の効果や一般化を実験結果のように読ませない文面にします。 修正文にある主体と操作対象は保ちつつ、直接根拠を越える前件から後件への含意を落とす差分なので、REWRITE_REQUIREDと判定します。,NOT_APPLICABLE_NON_NORMATIVE,NOT_APPLICABLE_NON_NORMATIVE,UNVERIFIED,4.6.3 (docs/4.質問に合う根拠を探す/4.6.Retrieval-time filtering.md:65); authoritative docs commit 52bebecfb2a435d0e7ff2efea557c5799674ded6 の現文を次の文へ置換する: NaviXの単一graph databaseを用いた評価では、predicate-agnostic構成が常に優位とは限らず、単純なrange predicateでは専用indexが上回る場合も報告されています。 再抽出した文面と分類を照合する。,rag-guide-maintainers,,,,INCONCLUSIVE,NOT_APPLICABLE_UNPROVED,codex-primary-wave4,2026-08-15,codex-independent-wave4,2026-08-15,FINAL_TWO_REVIEWER_APPROVED
SENT-1760,52bebecfb2a435d0e7ff2efea557c5799674ded6,post-filterで候補が不足する場合に権限条件を緩めるのではなく、filtered ANN、検索深度の調整、別indexへのroutingを検討します。,,NL_PROPOSITION(post-filterで候補が不足する場合に権限条件を緩めるのではなく、filtered ANN、検索深度の調整、別indexへのroutingを検討します。),UNFORMALIZED,general_technical_claim,UNCLASSIFIED,4.6.3 (docs/4.質問に合う根拠を探す/4.6.Retrieval-time filtering.md:68); authoritative docs commit 52bebecfb2a435d0e7ff2efea557c5799674ded6,,,DEFINITION_OR_SPEC,,,,APPROPRIATE_NORMATIVE,post-filterで候補が不足する場合に権限条件を緩めるのではなく、filtered ANN、検索深度の調整、別indexへのroutingを検討するという安全境界は、本ガイドが強制する制御として設けます。この規則の対象resourceとattributeをauthorization fixtureへ登録し、許可主体では取得・利用でき、非許可主体ではcandidate、context、answerの全段階でゼロ件になることを確認する。 適用境界では、この規則より法令、契約、組織policyが厳しい場合は厳しい統制を優先し、性能、可用性、費用を理由に対象resourceのauthorizationまたは隔離を省略しない。 負試験で境界を確かめ、統制を緩めない例外を明示できるので、APPROPRIATE_NORMATIVEです。,post-filterで候補が不足する場合に権限条件を緩めるのではなく、filtered ANN、検索深度の調整、別indexへのroutingを検討することを定める安全性・アクセス制御規則について、この規則の対象resourceとattributeをauthorization fixtureへ登録し、許可主体では取得・利用でき、非許可主体ではcandidate、context、answerの全段階でゼロ件になることを確認する。,post-filterで候補が不足する場合に権限条件を緩めるのではなく、filtered ANN、検索深度の調整、別indexへのroutingを検討することを定める安全性・アクセス制御規則の例外として、この規則より法令、契約、組織policyが厳しい場合は厳しい統制を優先し、性能、可用性、費用を理由に対象resourceのauthorizationまたは隔離を省略しない。,NOT_APPLICABLE,4.6.3 (docs/4.質問に合う根拠を探す/4.6.Retrieval-time filtering.md:68); authoritative docs commit 52bebecfb2a435d0e7ff2efea557c5799674ded6 の本文を維持し、normative_criteriaとexceptionsを設計台帳へ固定する。,rag-guide-maintainers,,,,INCONCLUSIVE,NOT_APPLICABLE_UNPROVED,codex-primary-wave4,2026-08-15,codex-independent-wave4,2026-08-15,FINAL_TWO_REVIEWER_APPROVED
SENT-1766,52bebecfb2a435d0e7ff2efea557c5799674ded6,順位統合方式、設定、質問に応じた重み,順位統合方式、設定、質問に応じた重み,NL_PROPOSITION(順位統合方式、設定、質問に応じた重み),UNFORMALIZED,general_technical_claim,UNCLASSIFIED,4.6.4 (docs/4.質問に合う根拠を探す/4.6.Retrieval-time filtering.md:78); authoritative docs commit 52bebecfb2a435d0e7ff2efea557c5799674ded6,SRC-002;SRC-005;SRC-042;SRC-043;SRC-044,SRC-002 https://aclanthology.org/2020.emnlp-main.550/ — abstract inspected 2026-08-15; 現主張への直接locatorは未確定; SRC-005 https://doi.org/10.1561/1500000019 — primary_page inspected 2026-08-15; 現主張への直接locatorは未確定; SRC-042 https://arxiv.org/abs/1908.10084 — abstract inspected 2026-08-15; 現主張への直接locatorは未確定,DEFINITION_OR_SPEC,NONE_DIRECTLY_VERIFIED,NOT_A_NORMATIVE_CLAIM,NOT_APPLICABLE,REMOVE_OR_REPLACE,順位統合方式、設定、質問に応じた重み この行は 4.6.4 (docs/4.質問に合う根拠を探す/4.6.Retrieval-time filtering.md:78); authoritative docs commit 52bebecfb2a435d0e7ff2efea557c5799674ded6 にあるMarkdown表示単位で、単独の技術命題として検証できる主語・述語を備えていません。表示は維持しつつ NOT_A_NORMATIVE_CLAIM を証拠要求の命題集合から除外するため、REMOVE_OR_REPLACEの分類overrideを適用します。,NOT_APPLICABLE_NON_NORMATIVE,NOT_APPLICABLE_NON_NORMATIVE,NOT_APPLICABLE,4.6.4 (docs/4.質問に合う根拠を探す/4.6.Retrieval-time filtering.md:78); authoritative docs commit 52bebecfb2a435d0e7ff2efea557c5799674ded6 のMarkdown表示は維持し、Wave 4分類overrideで技術的事実の命題集合から除外する。,rag-guide-maintainers,,,,INCONCLUSIVE,NOT_APPLICABLE_UNPROVED,codex-primary-wave4,2026-08-15,codex-independent-wave4,2026-08-15,FINAL_TWO_REVIEWER_APPROVED
SENT-1771,52bebecfb2a435d0e7ff2efea557c5799674ded6,正解根拠が「取得されなかった」「フィルターで除かれた」「順位統合で下がった」「再順位付けで落ちた」を区別します。,,"AND(AND(ATOM(rerank=true), ATOM(retrieval=true)), ATOM(evidence_support=true))",AND,general_technical_claim,UNCLASSIFIED,4.6.4 (docs/4.質問に合う根拠を探す/4.6.Retrieval-time filtering.md:84); authoritative docs commit 52bebecfb2a435d0e7ff2efea557c5799674ded6,,,DEFINITION_OR_SPEC,,,,APPROPRIATE_NORMATIVE,正解根拠が「取得されなかった」「フィルターで除かれた」「順位統合で下がった」「再順位付けで落ちた」を区別するという運用要件は、実行時の判断を担当者ごとにぶらさないためのローカル規則です。各failed queryでgold evidenceのcandidate生成、filter後、fusion後、rerank後の存在とrankを記録し、最初に欠落した段階をnot-retrieved、filtered、fusion-demoted、rerank-droppedへ分類する。 適用境界では、複数段階に独立failureがある場合は主因と副因を併記し、最終欠落だけを一律にretriever failureとしない。 実装結果と例外発生時の扱いを個別に検査できるため、APPROPRIATE_NORMATIVEです。,各failed queryでgold evidenceのcandidate生成、filter後、fusion後、rerank後の存在とrankを記録し、最初に欠落した段階をnot-retrieved、filtered、fusion-demoted、rerank-droppedへ分類する。,複数段階に独立failureがある場合は主因と副因を併記し、最終欠落だけを一律にretriever failureとしない。,NOT_APPLICABLE,4.6.4 (docs/4.質問に合う根拠を探す/4.6.Retrieval-time filtering.md:84); authoritative docs commit 52bebecfb2a435d0e7ff2efea557c5799674ded6 の本文を維持し、normative_criteriaとexceptionsを設計台帳へ固定する。,rag-guide-maintainers,,,,INCONCLUSIVE,NOT_APPLICABLE_UNPROVED,codex-primary-wave4,2026-08-15,codex-independent-wave4,2026-08-15,FINAL_TWO_REVIEWER_APPROVED
SENT-1775,52bebecfb2a435d0e7ff2efea557c5799674ded6,retrievalの改善は、候補が足りないという現象を一つの原因で説明しないことから始まります。,retrievalの候補不足は、corpus欠損、indexの古さ、解析・分割、質問変換、filter、順位付けの原因へ分けて診断します。,"NOT(AND(ATOM(retrieval=true), ATOM(empirical_result=true)))",NOT,empirical_or_research_claim,UNCLASSIFIED,FILE-INTRO (docs/4.質問に合う根拠を探す/4.7.Retrieval失敗診断.md:3); authoritative docs commit 52bebecfb2a435d0e7ff2efea557c5799674ded6,,,DEFINITION_OR_SPEC,,,,APPROPRIATE_NORMATIVE,retrievalの候補不足は、corpus欠損、indexの古さ、解析・分割、質問変換、filter、順位付けの原因へ分けて診断するという検索経路は、候補の収集・統合・選択を再現可能にするガイド内の決定です。失敗queryごとに各段階の入力、候補数、除外理由、順位、版をtraceし、少なくとも一つの原因または未分類へ割り当てる。 さらに、複合原因は複数labelを許し、証跡不足時は原因を推測せず未分類として再計測する。 この扱いを例外として記録します。 検索結果の合格条件と別経路へ切り替える条件が検査できるため、APPROPRIATE_NORMATIVEです。,失敗queryごとに各段階の入力、候補数、除外理由、順位、版をtraceし、少なくとも一つの原因または未分類へ割り当てる。,複合原因は複数labelを許し、証跡不足時は原因を推測せず未分類として再計測する。,NOT_APPLICABLE,FILE-INTRO (docs/4.質問に合う根拠を探す/4.7.Retrieval失敗診断.md:3); authoritative docs commit 52bebecfb2a435d0e7ff2efea557c5799674ded6 の現文を次の文へ置換する: retrievalの候補不足は、corpus欠損、indexの古さ、解析・分割、質問変換、filter、順位付けの原因へ分けて診断します。 再抽出した文面と分類を照合する。,rag-guide-maintainers,,,,INCONCLUSIVE,NOT_APPLICABLE_UNPROVED,codex-primary-wave4,2026-08-15,codex-independent-wave4,2026-08-15,FINAL_TWO_REVIEWER_APPROVED
SENT-1799,52bebecfb2a435d0e7ff2efea557c5799674ded6,query normalization、検索器の設定、fusion、filter、chunk、indexの修正で再現失敗を解消できるなら、第4章までのbaselineを改善します。,,"IMP(ATOM(retrieval=true), ATOM(empirical_result=true))",IMPLIES,empirical_or_research_claim,できる,4.7.4 (docs/4.質問に合う根拠を探す/4.7.Retrieval失敗診断.md:36); authoritative docs commit 52bebecfb2a435d0e7ff2efea557c5799674ded6,,,DEFINITION_OR_SPEC,,,,APPROPRIATE_NORMATIVE,query normalization、検索器の設定、fusion、filter、chunk、indexの修正で再現失敗を解消できるなら、第4章までのbaselineを改善するという採否判断は、比較対象と合格条件を実行結果で識別するために置きます。この規則で指定した検索経路と分岐条件をtraceへ記録し、条件を満たすfixtureと満たさないfixtureで、選択retriever、candidate集合、fallback先が期待値に一致することを確認する。 適用境界では、この規則より単純な経路が同じ品質・安全性・latency・costのgateを満たす場合は代替できるが、分岐、fallback、artifact provenanceを失う省略は行わない。 同じ条件での比較と採用しない条件を両方記録できるため、APPROPRIATE_NORMATIVEです。,query normalization、検索器の設定、fusion、filter、chunk、indexの修正で再現失敗を解消できるなら、第4章までのbaselineを改善することを定める検索・経路選択規則について、この規則で指定した検索経路と分岐条件をtraceへ記録し、条件を満たすfixtureと満たさないfixtureで、選択retriever、candidate集合、fallback先が期待値に一致することを確認する。,query normalization、検索器の設定、fusion、filter、chunk、indexの修正で再現失敗を解消できるなら、第4章までのbaselineを改善することを定める検索・経路選択規則の例外として、この規則より単純な経路が同じ品質・安全性・latency・costのgateを満たす場合は代替できるが、分岐、fallback、artifact provenanceを失う省略は行わない。,NOT_APPLICABLE,4.7.4 (docs/4.質問に合う根拠を探す/4.7.Retrieval失敗診断.md:36); authoritative docs commit 52bebecfb2a435d0e7ff2efea557c5799674ded6 の本文を維持し、normative_criteriaとexceptionsを設計台帳へ固定する。,rag-guide-maintainers,,,,INCONCLUSIVE,NOT_APPLICABLE_UNPROVED,codex-primary-wave4,2026-08-15,codex-independent-wave4,2026-08-15,FINAL_TWO_REVIEWER_APPROVED
SENT-1819,52bebecfb2a435d0e7ff2efea557c5799674ded6,「製品Aだけ」と利用者が明示した場合は必須フィルターにでき、モデルが製品Aだと推定しただけなら順位の引き上げまたは別検索にします。,,NL_PROPOSITION(「製品Aだけ」と利用者が明示した場合は必須フィルターにでき、モデルが製品Aだと推定しただけなら順位の引き上げまたは別検索にします。),UNFORMALIZED,empirical_or_research_claim,UNCLASSIFIED,5.1.1 (docs/5.根拠を選別・整形する/5.1.Candidate正規化と絞り込み.md:16); authoritative docs commit 52bebecfb2a435d0e7ff2efea557c5799674ded6,,,DEFINITION_OR_SPEC,,,,APPROPRIATE_NORMATIVE,「製品Aだけ」と利用者が明示した場合は必須フィルターにでき、モデルが製品Aだと推定しただけなら順位の引き上げまたは別検索にするという運用要件は、実行時の判断を担当者ごとにぶらさないためのローカル規則です。『製品Aだけ』のような明示条件はrequired filterとして、model推定の製品値はboostまたはparallel searchとしてtraceへ区別して保存し、推定だけで他製品を除外しない。 適用境界では、利用者が保存済みprofileで必須範囲を事前承認している場合は明示条件として扱えるが、profile versionと適用通知を記録する。 実装結果と例外発生時の扱いを個別に検査できるため、APPROPRIATE_NORMATIVEです。,『製品Aだけ』のような明示条件はrequired filterとして、model推定の製品値はboostまたはparallel searchとしてtraceへ区別して保存し、推定だけで他製品を除外しない。,利用者が保存済みprofileで必須範囲を事前承認している場合は明示条件として扱えるが、profile versionと適用通知を記録する。,NOT_APPLICABLE,5.1.1 (docs/5.根拠を選別・整形する/5.1.Candidate正規化と絞り込み.md:16); authoritative docs commit 52bebecfb2a435d0e7ff2efea557c5799674ded6 の本文を維持し、normative_criteriaとexceptionsを設計台帳へ固定する。,rag-guide-maintainers,,,,INCONCLUSIVE,NOT_APPLICABLE_UNPROVED,codex-primary-wave4,2026-08-15,codex-independent-wave4,2026-08-15,FINAL_TWO_REVIEWER_APPROVED
SENT-1822,52bebecfb2a435d0e7ff2efea557c5799674ded6,文書・チャンクID、テナント、許可主体、機密区分、状態、版、有効期間、情報源種別、信頼度、言語を定義します。,,ATOM(multi_tenant=true),ATOM,general_technical_claim,有効,5.1.1 (docs/5.根拠を選別・整形する/5.1.Candidate正規化と絞り込み.md:20); authoritative docs commit 52bebecfb2a435d0e7ff2efea557c5799674ded6,,,DEFINITION_OR_SPEC,,,,APPROPRIATE_NORMATIVE,文書・チャンクID、テナント、許可主体、機密区分、状態、版、有効期間、情報源種別、信頼度、言語を定義するという安全境界は、本ガイドが強制する制御として設けます。この規則に列挙したauthorization、document/chunk、rank、evidence、answer、citation、configuration versionを一つのtrace IDへ保存し、許可外itemがtrace内にゼロ件であることを検査する。 適用境界では、この規則より法令、契約、組織policyが厳しい場合は厳しい統制を優先し、性能、可用性、費用を理由に対象resourceのauthorizationまたは隔離を省略しない。 負試験で境界を確かめ、統制を緩めない例外を明示できるので、APPROPRIATE_NORMATIVEです。,文書・チャンクID、テナント、許可主体、機密区分、状態、版、有効期間、情報源種別、信頼度、言語を定義することを定める安全性・アクセス制御規則について、この規則に列挙したauthorization、document/chunk、rank、evidence、answer、citation、configuration versionを一つのtrace IDへ保存し、許可外itemがtrace内にゼロ件であることを検査する。,文書・チャンクID、テナント、許可主体、機密区分、状態、版、有効期間、情報源種別、信頼度、言語を定義することを定める安全性・アクセス制御規則の例外として、この規則より法令、契約、組織policyが厳しい場合は厳しい統制を優先し、性能、可用性、費用を理由に対象resourceのauthorizationまたは隔離を省略しない。,NOT_APPLICABLE,5.1.1 (docs/5.根拠を選別・整形する/5.1.Candidate正規化と絞り込み.md:20); authoritative docs commit 52bebecfb2a435d0e7ff2efea557c5799674ded6 の本文を維持し、normative_criteriaとexceptionsを設計台帳へ固定する。,rag-guide-maintainers,,,,INCONCLUSIVE,NOT_APPLICABLE_UNPROVED,codex-primary-wave4,2026-08-15,codex-independent-wave4,2026-08-15,FINAL_TWO_REVIEWER_APPROVED
SENT-1827,52bebecfb2a435d0e7ff2efea557c5799674ded6,添付、コメント、埋め込み資料が親文書と異なるACLを持つ場合は、例外関係として明示します。,,NL_PROPOSITION(添付、コメント、埋め込み資料が親文書と異なるACLを持つ場合は、例外関係として明示します。),UNFORMALIZED,general_technical_claim,UNCLASSIFIED,5.1.1 (docs/5.根拠を選別・整形する/5.1.Candidate正規化と絞り込み.md:27); authoritative docs commit 52bebecfb2a435d0e7ff2efea557c5799674ded6,,,DEFINITION_OR_SPEC,,,,APPROPRIATE_NORMATIVE,添付、コメント、埋め込み資料が親文書と異なるACLを持つ場合は、例外関係として明示するという安全境界は、本ガイドが強制する制御として設けます。この規則の対象resourceとattributeをauthorization fixtureへ登録し、許可主体では取得・利用でき、非許可主体ではcandidate、context、answerの全段階でゼロ件になることを確認する。 適用境界では、この規則より法令、契約、組織policyが厳しい場合は厳しい統制を優先し、性能、可用性、費用を理由に対象resourceのauthorizationまたは隔離を省略しない。 負試験で境界を確かめ、統制を緩めない例外を明示できるので、APPROPRIATE_NORMATIVEです。,添付、コメント、埋め込み資料が親文書と異なるACLを持つ場合は、例外関係として明示することを定める安全性・アクセス制御規則について、この規則の対象resourceとattributeをauthorization fixtureへ登録し、許可主体では取得・利用でき、非許可主体ではcandidate、context、answerの全段階でゼロ件になることを確認する。,添付、コメント、埋め込み資料が親文書と異なるACLを持つ場合は、例外関係として明示することを定める安全性・アクセス制御規則の例外として、この規則より法令、契約、組織policyが厳しい場合は厳しい統制を優先し、性能、可用性、費用を理由に対象resourceのauthorizationまたは隔離を省略しない。,NOT_APPLICABLE,5.1.1 (docs/5.根拠を選別・整形する/5.1.Candidate正規化と絞り込み.md:27); authoritative docs commit 52bebecfb2a435d0e7ff2efea557c5799674ded6 の本文を維持し、normative_criteriaとexceptionsを設計台帳へ固定する。,rag-guide-maintainers,,,,INCONCLUSIVE,NOT_APPLICABLE_UNPROVED,codex-primary-wave4,2026-08-15,codex-independent-wave4,2026-08-15,FINAL_TWO_REVIEWER_APPROVED
SENT-1845,52bebecfb2a435d0e7ff2efea557c5799674ded6,対象が全体の1パーセントの場合、通常の近似最近傍（Approximate Nearest Neighbor：ANN）グラフは条件外の近傍を多くたどり、必要件数を取得できないことがあります。,filter対象が全体の1%となる条件を含め、通常のANNグラフが条件外の近傍をたどって必要件数を満たせない頻度を、filter選択率ごとに測定します。,"NOT(AND(ATOM(ann=true), ATOM(retrieval=true)))",NOT,general_technical_claim,必要,5.1.2 (docs/5.根拠を選別・整形する/5.1.Candidate正規化と絞り込み.md:54); authoritative docs commit 52bebecfb2a435d0e7ff2efea557c5799674ded6,SRC-049;SRC-079,SRC-049 https://arxiv.org/abs/2403.04871 — abstract inspected 2026-08-15; 現主張への直接locatorは未確定; SRC-079 https://openreview.net/forum?id=dILIRHcYvC — primary_page inspected 2026-08-15; 現主張への直接locatorは未確定,AUTHOR_CLAIM,NONE_DIRECTLY_VERIFIED,ann=true;retrieval=true,NOT,REWRITE_REQUIRED,arxiv.org・openreview.netのAbstractへの参照は台帳にありますが、ann、retrievalについて否定関係まで同時に再特定できる直接箇所が確定していません。本文に残すのは、filter対象が全体の1%となる条件を含め、通常のANNグラフが条件外の近傍をたどって必要件数を満たせない頻度を、filter選択率ごとに測定するという対象範囲です。ann、retrievalについて未確認の因果までは導きません。 修正文にある主体と操作対象は保ちつつ、直接根拠を越える否定関係を落とす差分なので、REWRITE_REQUIREDと判定します。,NOT_APPLICABLE_NON_NORMATIVE,NOT_APPLICABLE_NON_NORMATIVE,UNVERIFIED,5.1.2 (docs/5.根拠を選別・整形する/5.1.Candidate正規化と絞り込み.md:54); authoritative docs commit 52bebecfb2a435d0e7ff2efea557c5799674ded6 の現文を次の文へ置換する: filter対象が全体の1%となる条件を含め、通常のANNグラフが条件外の近傍をたどって必要件数を満たせない頻度を、filter選択率ごとに測定します。 再抽出した文面と分類を照合する。,rag-guide-maintainers,,,,INCONCLUSIVE,NOT_APPLICABLE_UNPROVED,codex-primary-wave4,2026-08-15,codex-independent-wave4,2026-08-15,FINAL_TWO_REVIEWER_APPROVED
SENT-1851,52bebecfb2a435d0e7ff2efea557c5799674ded6,[フィルターを考慮した距離を学習するワークショップ公開論文](https://openreview.net/forum?,[フィルターを考慮した距離を学習するワークショップ公開論文](https://openreview.net/forum?id=dILIRHcYvC)を、フィルター付き近傍探索の候補方式として参照します。,ATOM(learned=true),ATOM,empirical_or_research_claim,UNCLASSIFIED,5.1.2 (docs/5.根拠を選別・整形する/5.1.Candidate正規化と絞り込み.md:63); authoritative docs commit 52bebecfb2a435d0e7ff2efea557c5799674ded6,SRC-079,SRC-079 https://openreview.net/forum?id=dILIRHcYvC — primary_page inspected 2026-08-15; 現主張への直接locatorは未確定,EMPIRICAL_RESULT,NONE_DIRECTLY_VERIFIED,learned=true,NOT_APPLICABLE,REWRITE_REQUIRED,openreview.netの一次資料ページへの参照は台帳にありますが、learnedについて各要素と結論との直接の対応まで同時に再特定できる直接箇所が確定していません。[フィルターを考慮した距離を学習するワークショップ公開論文](https://openreview.net/forum?id=dILIRHcYvC)を、フィルター付き近傍探索の候補方式として参照するという範囲まで対象と条件を絞り、未確認の効果や一般化を実験結果のように読ませない文面にします。 修正文にある主体と操作対象は保ちつつ、直接根拠を越える各要素と結論との直接の対応を落とす差分なので、REWRITE_REQUIREDと判定します。,NOT_APPLICABLE_NON_NORMATIVE,NOT_APPLICABLE_NON_NORMATIVE,UNVERIFIED,5.1.2 (docs/5.根拠を選別・整形する/5.1.Candidate正規化と絞り込み.md:63); authoritative docs commit 52bebecfb2a435d0e7ff2efea557c5799674ded6 の現文を次の文へ置換する: [フィルターを考慮した距離を学習するワークショップ公開論文](https://openreview.net/forum?id=dILIRHcYvC)を、フィルター付き近傍探索の候補方式として参照します。 再抽出した文面と分類を照合する。,rag-guide-maintainers,,,,INCONCLUSIVE,NOT_APPLICABLE_UNPROVED,codex-primary-wave4,2026-08-15,codex-independent-wave4,2026-08-15,FINAL_TWO_REVIEWER_APPROVED
SENT-1854,52bebecfb2a435d0e7ff2efea557c5799674ded6,研究結果だけで方式を固定せず、フィルターの選択率ごとに完全探索との一致と処理時間を測ります。,,"NOT(AND(ATOM(temporal_freshness=true), ATOM(empirical_result=true)))",NOT,empirical_or_research_claim,UNCLASSIFIED,5.1.2 (docs/5.根拠を選別・整形する/5.1.Candidate正規化と絞り込み.md:65); authoritative docs commit 52bebecfb2a435d0e7ff2efea557c5799674ded6,,,DEFINITION_OR_SPEC,,,,APPROPRIATE_NORMATIVE,研究結果だけで方式を固定せず、フィルターの選択率ごとに完全探索との一致と処理時間を測るという採否判断は、比較対象と合格条件を実行結果で識別するために置きます。filter selectivityの複数bucketごとにANNとexact searchのcandidate一致率、Recall、処理時間を同じquery setで測り、研究報告値ではなく対象indexの結果で方式を決める。 さらに、exact searchが計算上不可能な全量indexでは代表sampleで一致率を測れるが、sample方法と信頼区間を併記する。 この扱いを例外として記録します。 同じ条件での比較と採用しない条件を両方記録できるため、APPROPRIATE_NORMATIVEです。,filter selectivityの複数bucketごとにANNとexact searchのcandidate一致率、Recall、処理時間を同じquery setで測り、研究報告値ではなく対象indexの結果で方式を決める。,exact searchが計算上不可能な全量indexでは代表sampleで一致率を測れるが、sample方法と信頼区間を併記する。,NOT_APPLICABLE,5.1.2 (docs/5.根拠を選別・整形する/5.1.Candidate正規化と絞り込み.md:65); authoritative docs commit 52bebecfb2a435d0e7ff2efea557c5799674ded6 の本文を維持し、normative_criteriaとexceptionsを設計台帳へ固定する。,rag-guide-maintainers,,,,INCONCLUSIVE,NOT_APPLICABLE_UNPROVED,codex-primary-wave4,2026-08-15,codex-independent-wave4,2026-08-15,FINAL_TWO_REVIEWER_APPROVED
SENT-1877,52bebecfb2a435d0e7ff2efea557c5799674ded6,主体、テナント、方針の版、評価した条件、フィルター前後の候補数、除外理由を記録します。,,"AND(ATOM(evaluation=true), ATOM(multi_tenant=true))",AND,empirical_or_research_claim,UNCLASSIFIED,5.1.5 (docs/5.根拠を選別・整形する/5.1.Candidate正規化と絞り込み.md:104); authoritative docs commit 52bebecfb2a435d0e7ff2efea557c5799674ded6,,,DEFINITION_OR_SPEC,,,,APPROPRIATE_NORMATIVE,主体、テナント、方針の版、評価した条件、フィルター前後の候補数、除外理由を記録するという採否判断は、比較対象と合格条件を実行結果で識別するために置きます。この規則に列挙したauthorization、document/chunk、rank、evidence、answer、citation、configuration versionを一つのtrace IDへ保存し、許可外itemがtrace内にゼロ件であることを検査する。 適用境界では、対象の記録に保存制約がある値は承認済みのhash・仮名化参照へ置換できるが、authorization decisionとartifact間の対応は削除しない。 同じ条件での比較と採用しない条件を両方記録できるため、APPROPRIATE_NORMATIVEです。,主体、テナント、方針の版、評価した条件、フィルター前後の候補数、除外理由を記録することを定める評価・採否規則について、この規則に列挙したauthorization、document/chunk、rank、evidence、answer、citation、configuration versionを一つのtrace IDへ保存し、許可外itemがtrace内にゼロ件であることを検査する。,主体、テナント、方針の版、評価した条件、フィルター前後の候補数、除外理由を記録することを定める評価・採否規則の例外として、対象の記録に保存制約がある値は承認済みのhash・仮名化参照へ置換できるが、authorization decisionとartifact間の対応は削除しない。,NOT_APPLICABLE,5.1.5 (docs/5.根拠を選別・整形する/5.1.Candidate正規化と絞り込み.md:104); authoritative docs commit 52bebecfb2a435d0e7ff2efea557c5799674ded6 の本文を維持し、normative_criteriaとexceptionsを設計台帳へ固定する。,rag-guide-maintainers,,,,INCONCLUSIVE,NOT_APPLICABLE_UNPROVED,codex-primary-wave4,2026-08-15,codex-independent-wave4,2026-08-15,FINAL_TWO_REVIEWER_APPROVED
SENT-1887,52bebecfb2a435d0e7ff2efea557c5799674ded6,分割時の重なりは、重なりを持たせて分割した隣接チャンクの共通部分です。,本ガイドでは、分割時の重なりを、重なりを持たせて分割した隣接チャンクの共通部分と定義します。,NL_PROPOSITION(分割時の重なりは、重なりを持たせて分割した隣接チャンクの共通部分です。),UNFORMALIZED,general_technical_claim,UNCLASSIFIED,5.2.1 (docs/5.根拠を選別・整形する/5.2.重複排除とDiversity.md:12); authoritative docs commit 52bebecfb2a435d0e7ff2efea557c5799674ded6,,,DEFINITION_OR_SPEC,,,,APPROPRIATE_NORMATIVE,本ガイドでは、分割時の重なりを、重なりを持たせて分割した隣接チャンクの共通部分と定義するという局所定義は、本文・図表・台帳で同じ対象を指すために使います。本文、図表、schema、評価台帳で同じ対象、単位、入出力を使用し、異なる意味で使う箇所がrepository内検索でゼロ件であることを確認する。 適用境界では、当該規則が公式標準または製品仕様の同名語と異なる場合はローカル定義であることと対応関係を併記し、公式語の意味を上書きしない。 用語や工程の一貫性と外部仕様と異なる場合の併記を検査できるため、APPROPRIATE_NORMATIVEです。,本ガイドでは、分割時の重なりを、重なりを持たせて分割した隣接チャンクの共通部分と定義することを定める用語・工程定義について、本文、図表、schema、評価台帳で同じ対象、単位、入出力を使用し、異なる意味で使う箇所がrepository内検索でゼロ件であることを確認する。,本ガイドでは、分割時の重なりを、重なりを持たせて分割した隣接チャンクの共通部分と定義することを定める用語・工程定義の例外として、当該規則が公式標準または製品仕様の同名語と異なる場合はローカル定義であることと対応関係を併記し、公式語の意味を上書きしない。,NOT_APPLICABLE,5.2.1 (docs/5.根拠を選別・整形する/5.2.重複排除とDiversity.md:12); authoritative docs commit 52bebecfb2a435d0e7ff2efea557c5799674ded6 の現文を次の文へ置換する: 本ガイドでは、分割時の重なりを、重なりを持たせて分割した隣接チャンクの共通部分と定義します。 再抽出した文面と分類を照合する。,rag-guide-maintainers,,,,INCONCLUSIVE,NOT_APPLICABLE_UNPROVED,codex-primary-wave4,2026-08-15,codex-independent-wave4,2026-08-15,FINAL_TWO_REVIEWER_APPROVED
SENT-1891,52bebecfb2a435d0e7ff2efea557c5799674ded6,Broderの研究は、文書の類似性と包含関係を測る基礎的な方法を示しました。,Broderの研究は、対象documentをshingle集合として表し、その集合間のresemblanceとcontainmentを測る方法を提示しています。,NL_PROPOSITION(Broderの研究は、文書の類似性と包含関係を測る基礎的な方法を示しました。),UNFORMALIZED,externally_cited_claim,UNCLASSIFIED,5.2.1 (docs/5.根拠を選別・整形する/5.2.重複排除とDiversity.md:17); authoritative docs commit 52bebecfb2a435d0e7ff2efea557c5799674ded6,SRC-014,"primary source page/title and method overview, “On the resemblance and containment of documents”; inspected 2026-08-15",AUTHOR_CLAIM,NONE_DIRECTLY_VERIFIED,NL_PROPOSITION(Broderの研究は、文書の類似性と包含関係を測る基礎的な方法を示しました。),NOT_APPLICABLE,REWRITE_REQUIRED,候補資料ページへの参照は台帳にありますが、外的真偽はUNVERIFIEDのままです。その境界では、原文の未形式化主張について各要素と結論との直接の対応まで確認済みと扱えません。資料の帰属範囲をBroderの研究は、対象documentをshingle集合として表し、その集合間のresemblanceとcontainmentを測る方法を提示しているという限定まで狭め、候補URLの存在だけで機序や結果を補わない文へ変更します。 修正文にある主体と操作対象は保ちつつ、直接根拠を越える各要素と結論との直接の対応を落とす差分なので、REWRITE_REQUIREDと判定します。,NOT_APPLICABLE_NON_NORMATIVE,NOT_APPLICABLE_NON_NORMATIVE,UNVERIFIED,5.2.1 (docs/5.根拠を選別・整形する/5.2.重複排除とDiversity.md:17); authoritative docs commit 52bebecfb2a435d0e7ff2efea557c5799674ded6 の現文を次の文へ置換する: Broderの研究は、対象documentをshingle集合として表し、その集合間のresemblanceとcontainmentを測る方法を提示しています。 再抽出した文面と分類を照合する。,rag-guide-maintainers,,,,INCONCLUSIVE,NOT_APPLICABLE_UNPROVED,codex-primary-wave4,2026-08-15,codex-independent-wave4,2026-08-15,FINAL_TWO_REVIEWER_APPROVED
SENT-1908,52bebecfb2a435d0e7ff2efea557c5799674ded6,埋め込みベクトルのコサイン類似度を単独で重複判定へ使うと、同じ意味を独立に説明した別文書まで重複と判断する可能性があります。,コサイン類似度だけで自動的に重複削除せず、出典IDと文面一致も併用し、閾値近傍の候補は確認対象にします。,ATOM(cosine_compatible=true),ATOM,general_technical_claim,可能,5.2.2 (docs/5.根拠を選別・整形する/5.2.重複排除とDiversity.md:42); authoritative docs commit 52bebecfb2a435d0e7ff2efea557c5799674ded6,,,HYPOTHESIS,,cosine_compatible=true,NOT_APPLICABLE,REWRITE_REQUIRED,Gold標本の二者校正で確定。両案はREWRITE_REQUIREDで一致。可能性主張を未検証のまま残さず、意味的類似だけで自動重複削除しない具体的な運用規則へ変える。,NOT_APPLICABLE_NON_NORMATIVE,NOT_APPLICABLE_NON_NORMATIVE,NOT_APPLICABLE,5.2.2 (docs/5.根拠を選別・整形する/5.2.重複排除とDiversity.md:42); authoritative docs commit 52bebecfb2a435d0e7ff2efea557c5799674ded6 の現文を次の文へ置換する: コサイン類似度だけで自動的に重複削除せず、出典IDと文面一致も併用し、閾値近傍の候補は確認対象にします。 再抽出した文面と分類を照合する。,rag-guide-maintainers,,,,INCONCLUSIVE,NOT_APPLICABLE_UNPROVED,codex-primary-wave4,2026-08-15,codex-independent-wave4,2026-08-15,FINAL_TWO_REVIEWER_APPROVED
SENT-1912,52bebecfb2a435d0e7ff2efea557c5799674ded6,隣接チャンクは、同じ段落を重なり付きで分割した結果かもしれません。,隣接chunkの重複判定ではdocument_id、section_id、offset、overlap範囲を照合し、距離だけで独立根拠と数えません。,NOT(ATOM(empirical_result=true)),NOT,general_technical_claim,UNCLASSIFIED,5.2.2 (docs/5.根拠を選別・整形する/5.2.重複排除とDiversity.md:48); authoritative docs commit 52bebecfb2a435d0e7ff2efea557c5799674ded6,,,DEFINITION_OR_SPEC,,empirical_result=true,NOT,REWRITE_REQUIRED,「隣接chunkの重複判定ではdocument_id」の証拠境界として、empirical_result=trueについて一次資料の具体箇所を再特定できず、否定関係のまま維持できません。隣接chunkの重複判定ではdocument_id、section_id、offset、overlap範囲を照合し、距離だけで独立根拠と数えません。 修正文が具体化する対象は「隣接chunkの重複判定ではdocument_id」です。「隣接chunkの重複判定ではdocument_id」の検討では、empirical_result=trueに関して本文へ残す内容を、実行または記録で確認できる範囲まで絞りました。「隣接chunkの重複判定ではdocument_id」の採否について、否定関係を維持できない一方で教材上の操作は残るため、REWRITE_REQUIREDとします。,NOT_APPLICABLE_NON_NORMATIVE,NOT_APPLICABLE_NON_NORMATIVE,NOT_APPLICABLE,5.2.2 (docs/5.根拠を選別・整形する/5.2.重複排除とDiversity.md:48); authoritative docs commit 52bebecfb2a435d0e7ff2efea557c5799674ded6 の現文を次の文へ置換する: 隣接chunkの重複判定ではdocument_id、section_id、offset、overlap範囲を照合し、距離だけで独立根拠と数えません。 再抽出した文面と分類を照合する。,rag-guide-maintainers,,,,INCONCLUSIVE,NOT_APPLICABLE_UNPROVED,codex-primary-wave4,2026-08-15,codex-independent-wave4,2026-08-15,FINAL_TWO_REVIEWER_APPROVED
SENT-1914,52bebecfb2a435d0e7ff2efea557c5799674ded6,結合後も、元チャンクと原文範囲の対応を保持します。,,ATOM(original_text_preserved=true),ATOM,general_technical_claim,UNCLASSIFIED,5.2.2 (docs/5.根拠を選別・整形する/5.2.重複排除とDiversity.md:51); authoritative docs commit 52bebecfb2a435d0e7ff2efea557c5799674ded6,,,DEFINITION_OR_SPEC,,,,APPROPRIATE_NORMATIVE,結合後も、元チャンクと原文範囲の対応を保持するという運用要件は、実行時の判断を担当者ごとにぶらさないためのローカル規則です。chunk結合後も各spanにsource URI、document version、元chunk ID、page/offsetを保持し、結合textの任意箇所から原文範囲を逆引きできることを確認する。 さらに、隣接する同一source・同一versionのspanは表示上まとめられるが、内部provenanceの境界は削除しない。 この扱いを例外として記録します。 実装結果と例外発生時の扱いを個別に検査できるため、APPROPRIATE_NORMATIVEです。,chunk結合後も各spanにsource URI、document version、元chunk ID、page/offsetを保持し、結合textの任意箇所から原文範囲を逆引きできることを確認する。,隣接する同一source・同一versionのspanは表示上まとめられるが、内部provenanceの境界は削除しない。,NOT_APPLICABLE,5.2.2 (docs/5.根拠を選別・整形する/5.2.重複排除とDiversity.md:51); authoritative docs commit 52bebecfb2a435d0e7ff2efea557c5799674ded6 の本文を維持し、normative_criteriaとexceptionsを設計台帳へ固定する。,rag-guide-maintainers,,,,INCONCLUSIVE,NOT_APPLICABLE_UNPROVED,codex-primary-wave4,2026-08-15,codex-independent-wave4,2026-08-15,FINAL_TWO_REVIEWER_APPROVED
SENT-1917,52bebecfb2a435d0e7ff2efea557c5799674ded6,親子検索では、複数の子チャンクが同じ親へ展開された時点で、親を一件にまとめます。,親子検索では、複数の子チャンクが同じ親へ展開された時点で、その親を一件にまとめます。,"AND(ATOM(retrieval=true), ATOM(temporal_freshness=true))",AND,general_technical_claim,UNCLASSIFIED,5.2.2 (docs/5.根拠を選別・整形する/5.2.重複排除とDiversity.md:55); authoritative docs commit 52bebecfb2a435d0e7ff2efea557c5799674ded6,SRC-080;SRC-083,SRC-080 https://arxiv.org/abs/2107.06499 — abstract inspected 2026-08-15; 現主張への直接locatorは未確定; SRC-083 https://arxiv.org/abs/2108.04026 — abstract inspected 2026-08-15; 現主張への直接locatorは未確定,AUTHOR_CLAIM,NONE_DIRECTLY_VERIFIED,temporal_freshness=true,NOT_APPLICABLE,REWRITE_REQUIRED,arxiv.orgのAbstractへの参照は台帳にありますが、temporal_freshnessについて各要素と結論との直接の対応まで同時に再特定できる直接箇所が確定していません。本文に残すのは、親子検索では、複数の子チャンクが同じ親へ展開された時点で、その親を一件にまとめるという対象範囲です。temporal_freshnessについて未確認の因果までは導きません。 修正文にある主体と操作対象は保ちつつ、直接根拠を越える各要素と結論との直接の対応を落とす差分なので、REWRITE_REQUIREDと判定します。,NOT_APPLICABLE_NON_NORMATIVE,NOT_APPLICABLE_NON_NORMATIVE,UNVERIFIED,5.2.2 (docs/5.根拠を選別・整形する/5.2.重複排除とDiversity.md:55); authoritative docs commit 52bebecfb2a435d0e7ff2efea557c5799674ded6 の現文を次の文へ置換する: 親子検索では、複数の子チャンクが同じ親へ展開された時点で、その親を一件にまとめます。 再抽出した文面と分類を照合する。,rag-guide-maintainers,,,,INCONCLUSIVE,NOT_APPLICABLE_UNPROVED,codex-primary-wave4,2026-08-15,codex-independent-wave4,2026-08-15,FINAL_TWO_REVIEWER_APPROVED
SENT-1927,52bebecfb2a435d0e7ff2efea557c5799674ded6,MMRの研究は、検索結果と要約の多様化へ利用しました。,MMR論文は、relevanceと既選択項目との差を用いるrerankingを、document rankingとsummary selectionの多様化に適用しています。,"AND(ATOM(retrieval=true), ATOM(empirical_result=true))",AND,externally_cited_claim,UNCLASSIFIED,5.2.3 (docs/5.根拠を選別・整形する/5.2.重複排除とDiversity.md:71); authoritative docs commit 52bebecfb2a435d0e7ff2efea557c5799674ded6,SRC-082,SRC-082 https://dl.acm.org/doi/10.1145/290941.291025 — primary_page inspected 2026-08-15; 現主張への直接locatorは未確定,EMPIRICAL_RESULT,NONE_DIRECTLY_VERIFIED,empirical_result=true;retrieval=true,NOT_APPLICABLE,REWRITE_REQUIRED,dl.acm.orgの一次資料ページへの参照は台帳にありますが、empirical_result、retrievalについて各要素と結論との直接の対応まで同時に再特定できる直接箇所が確定していません。資料の帰属範囲をMMR論文は、relevanceと既選択項目との差を用いるrerankingを、document rankingとsummary selectionの多様化に適用しているという限定まで狭め、候補URLの存在だけで機序や結果を補わない文へ変更します。 修正文にある主体と操作対象は保ちつつ、直接根拠を越える各要素と結論との直接の対応を落とす差分なので、REWRITE_REQUIREDと判定します。,NOT_APPLICABLE_NON_NORMATIVE,NOT_APPLICABLE_NON_NORMATIVE,UNVERIFIED,5.2.3 (docs/5.根拠を選別・整形する/5.2.重複排除とDiversity.md:71); authoritative docs commit 52bebecfb2a435d0e7ff2efea557c5799674ded6 の現文を次の文へ置換する: MMR論文は、relevanceと既選択項目との差を用いるrerankingを、document rankingとsummary selectionの多様化に適用しています。 再抽出した文面と分類を照合する。,rag-guide-maintainers,,,,INCONCLUSIVE,NOT_APPLICABLE_UNPROVED,codex-primary-wave4,2026-08-15,codex-independent-wave4,2026-08-15,FINAL_TWO_REVIEWER_APPROVED
SENT-1937,52bebecfb2a435d0e7ff2efea557c5799674ded6,内容ハッシュで分かる完全重複は再順位付け前に除き、同じ候補へ高価なモデルを繰り返し適用しません。,,NOT(ATOM(rerank=true)),NOT,general_technical_claim,UNCLASSIFIED,5.2.4 (docs/5.根拠を選別・整形する/5.2.重複排除とDiversity.md:87); authoritative docs commit 52bebecfb2a435d0e7ff2efea557c5799674ded6,,,DEFINITION_OR_SPEC,,,,APPROPRIATE_NORMATIVE,内容ハッシュで分かる完全重複は再順位付け前に除き、同じ候補へ高価なモデルを繰り返し適用しないという検索経路は、候補の収集・統合・選択を再現可能にするガイド内の決定です。この規則で使用するhashまたはstable IDを同一入力と変更入力から生成し、同一入力は同じID、source/version/spanが異なる入力は別IDとなり、deduplication結果を逆引きできることを確認する。 適用境界では、対象値に個人情報または保存期限の制約がある場合は仮名化・分離保管へ置換できるが、source/version/spanを復元する承認済み対応表は保持する。 検索結果の合格条件と別経路へ切り替える条件が検査できるため、APPROPRIATE_NORMATIVEです。,内容ハッシュで分かる完全重複は再順位付け前に除き、同じ候補へ高価なモデルを繰り返し適用しないことを定める検索・経路選択規則について、この規則で使用するhashまたはstable IDを同一入力と変更入力から生成し、同一入力は同じID、source/version/spanが異なる入力は別IDとなり、deduplication結果を逆引きできることを確認する。,内容ハッシュで分かる完全重複は再順位付け前に除き、同じ候補へ高価なモデルを繰り返し適用しないことを定める検索・経路選択規則の例外として、対象値に個人情報または保存期限の制約がある場合は仮名化・分離保管へ置換できるが、source/version/spanを復元する承認済み対応表は保持する。,NOT_APPLICABLE,5.2.4 (docs/5.根拠を選別・整形する/5.2.重複排除とDiversity.md:87); authoritative docs commit 52bebecfb2a435d0e7ff2efea557c5799674ded6 の本文を維持し、normative_criteriaとexceptionsを設計台帳へ固定する。,rag-guide-maintainers,,,,INCONCLUSIVE,NOT_APPLICABLE_UNPROVED,codex-primary-wave4,2026-08-15,codex-independent-wave4,2026-08-15,FINAL_TWO_REVIEWER_APPROVED
SENT-1938,52bebecfb2a435d0e7ff2efea557c5799674ded6,意味的な近似重複と多様性は、再順位付け後の関連度を使って判断した方が、主要根拠を保ちやすい場合があります。,near-duplicateとdiversityを判定する段階では、first-stage scoreだけでなくreranking後のrelevanceも利用すると、上位evidenceを保持できる場合があります。,NL_PROPOSITION(意味的な近似重複と多様性は、再順位付け後の関連度を使って判断した方が、主要根拠を保ちやすい場合があります。),UNFORMALIZED,general_technical_claim,UNCLASSIFIED,5.2.4 (docs/5.根拠を選別・整形する/5.2.重複排除とDiversity.md:89); authoritative docs commit 52bebecfb2a435d0e7ff2efea557c5799674ded6,SRC-005;SRC-007;SRC-014;SRC-035;SRC-037,SRC-005 https://doi.org/10.1561/1500000019 — primary_page inspected 2026-08-15; 現主張への直接locatorは未確定; SRC-007 https://aclanthology.org/N18-1074/ — abstract inspected 2026-08-15; 現主張への直接locatorは未確定; SRC-014 https://ieeexplore.ieee.org/document/666900 — primary_page inspected 2026-08-15; 現主張への直接locatorは未確定,AUTHOR_CLAIM,NONE_DIRECTLY_VERIFIED,UNFORMALIZED_NATURAL_LANGUAGE_CLAIM,UNFORMALIZED,REWRITE_REQUIRED,doi.org・aclanthology.orgのAbstractへの参照は台帳にありますが、原文の未形式化主張について未形式化の関係まで同時に再特定できる直接箇所が確定していません。本文に残すのは、near-duplicateとdiversityを判定する段階では、first-stage scoreだけでなくreranking後のrelevanceも利用すると、上位evidenceを保持できる場合があるという対象範囲です。原文の未形式化主張について未確認の因果までは導きません。 修正文にある主体と操作対象は保ちつつ、直接根拠を越える未形式化の関係を落とす差分なので、REWRITE_REQUIREDと判定します。,NOT_APPLICABLE_NON_NORMATIVE,NOT_APPLICABLE_NON_NORMATIVE,UNVERIFIED,5.2.4 (docs/5.根拠を選別・整形する/5.2.重複排除とDiversity.md:89); authoritative docs commit 52bebecfb2a435d0e7ff2efea557c5799674ded6 の現文を次の文へ置換する: near-duplicateとdiversityを判定する段階では、first-stage scoreだけでなくreranking後のrelevanceも利用すると、上位evidenceを保持できる場合があります。 再抽出した文面と分類を照合する。,rag-guide-maintainers,,,,INCONCLUSIVE,NOT_APPLICABLE_UNPROVED,codex-primary-wave4,2026-08-15,codex-independent-wave4,2026-08-15,FINAL_TWO_REVIEWER_APPROVED
SENT-1939,52bebecfb2a435d0e7ff2efea557c5799674ded6,隣接チャンクを結合する場合は、最大、平均、最上位の順位保持など、スコア統合規則を定めます。,,NL_PROPOSITION(隣接チャンクを結合する場合は、最大、平均、最上位の順位保持など、スコア統合規則を定めます。),UNFORMALIZED,general_technical_claim,UNCLASSIFIED,5.2.4 (docs/5.根拠を選別・整形する/5.2.重複排除とDiversity.md:90); authoritative docs commit 52bebecfb2a435d0e7ff2efea557c5799674ded6,,,DEFINITION_OR_SPEC,,,,APPROPRIATE_NORMATIVE,隣接チャンクを結合する場合は、最大、平均、最上位の順位保持など、スコア統合規則を定めるという運用要件は、実行時の判断を担当者ごとにぶらさないためのローカル規則です。この規則の統合規則をversion管理し、複数retrieverが返す既知rank listから期待するcandidate順序を再現し、生scoreの無条件加算や重複candidateが発生しないことを確認する。 さらに、この規則と異なる統合方式はcalibration済みscoreまたは別rerankerとしてversion管理できるが、未調整の異尺度scoreを黙って直接加算しない。 この扱いを例外として記録します。 実装結果と例外発生時の扱いを個別に検査できるため、APPROPRIATE_NORMATIVEです。,隣接チャンクを結合する場合は、最大、平均、最上位の順位保持など、スコア統合規則を定めることを定めるローカル設計規則について、この規則の統合規則をversion管理し、複数retrieverが返す既知rank listから期待するcandidate順序を再現し、生scoreの無条件加算や重複candidateが発生しないことを確認する。,隣接チャンクを結合する場合は、最大、平均、最上位の順位保持など、スコア統合規則を定めることを定めるローカル設計規則の例外として、この規則と異なる統合方式はcalibration済みscoreまたは別rerankerとしてversion管理できるが、未調整の異尺度scoreを黙って直接加算しない。,NOT_APPLICABLE,5.2.4 (docs/5.根拠を選別・整形する/5.2.重複排除とDiversity.md:90); authoritative docs commit 52bebecfb2a435d0e7ff2efea557c5799674ded6 の本文を維持し、normative_criteriaとexceptionsを設計台帳へ固定する。,rag-guide-maintainers,,,,INCONCLUSIVE,NOT_APPLICABLE_UNPROVED,codex-primary-wave4,2026-08-15,codex-independent-wave4,2026-08-15,FINAL_TWO_REVIEWER_APPROVED
SENT-1942,52bebecfb2a435d0e7ff2efea557c5799674ded6,代表チャンク一件へ統合しても、根拠の出所を一件へ縮めてはいけません。,代表chunkへ統合した後も全source_idと原文spanを保持し、citationで各出所へ戻れるようにします。,NOT(ATOM(evidence_support=true)),NOT,general_technical_claim,UNCLASSIFIED,5.2.5 (docs/5.根拠を選別・整形する/5.2.重複排除とDiversity.md:97); authoritative docs commit 52bebecfb2a435d0e7ff2efea557c5799674ded6,,,DEFINITION_OR_SPEC,,evidence_support=true,NOT,REWRITE_REQUIRED,「代表chunkへ統合した後も全source_idと原文spanを保持し」の検討では、evidence_support=trueから採用可能な手順を残し、証明されていない一般化を切り離しました。「代表chunkへ統合した後も全source_idと原文spanを保持し」の証拠境界として、根拠台帳にはevidence_support=trueを支えるlocatorがなく、元の否定関係を一般化しない判断です。代表chunkへ統合した後も全source_idと原文spanを保持し、citationで各出所へ戻れるようにします。 修正文が具体化する対象は「代表chunkへ統合した後も全source_idと原文spanを保持し」です。「代表chunkへ統合した後も全source_idと原文spanを保持し」の採否について、否定関係の意味を外挿せず証拠境界を正す変更なので、判定はREWRITE_REQUIREDです。,NOT_APPLICABLE_NON_NORMATIVE,NOT_APPLICABLE_NON_NORMATIVE,NOT_APPLICABLE,5.2.5 (docs/5.根拠を選別・整形する/5.2.重複排除とDiversity.md:97); authoritative docs commit 52bebecfb2a435d0e7ff2efea557c5799674ded6 の現文を次の文へ置換する: 代表chunkへ統合した後も全source_idと原文spanを保持し、citationで各出所へ戻れるようにします。 再抽出した文面と分類を照合する。,rag-guide-maintainers,,,,INCONCLUSIVE,NOT_APPLICABLE_UNPROVED,codex-primary-wave4,2026-08-15,codex-independent-wave4,2026-08-15,FINAL_TWO_REVIEWER_APPROVED
SENT-1954,52bebecfb2a435d0e7ff2efea557c5799674ded6,相互順位統合（Reciprocal Rank Fusion：RRF）は、BM25と密検索のスコア尺度を揃えずに順位を統合できます。,RRFはBM25とdense retrievalの生scoreを同じ尺度へ変換せず、各rank list内の順位から統合順位を計算します。,"AND(ATOM(dense=true), ATOM(retrieval=true))",AND,concrete_technology_claim,できます,5.3.1 (docs/5.根拠を選別・整形する/5.3.Reranking.md:11); authoritative docs commit 52bebecfb2a435d0e7ff2efea557c5799674ded6,SRC-005;SRC-064,SRC-005 https://doi.org/10.1561/1500000019 — primary_page inspected 2026-08-15; 現主張への直接locatorは未確定; SRC-064 https://dl.acm.org/doi/10.1145/1571941.1572114 — primary_page inspected 2026-08-15; 現主張への直接locatorは未確定,AUTHOR_CLAIM,NONE_DIRECTLY_VERIFIED,dense=true,NOT_APPLICABLE,REWRITE_REQUIRED,doi.org・dl.acm.orgの一次資料ページへの参照は台帳にありますが、denseについて各要素と結論との直接の対応まで同時に再特定できる直接箇所が確定していません。実装契約はRRFはBM25とdense retrievalの生scoreを同じ尺度へ変換せず、各rank list内の順位から統合順位を計算するという構成に限定し、未確認の製品機能やサービス間の関係を削除します。 修正文にある主体と操作対象は保ちつつ、直接根拠を越える各要素と結論との直接の対応を落とす差分なので、REWRITE_REQUIREDと判定します。,NOT_APPLICABLE_NON_NORMATIVE,NOT_APPLICABLE_NON_NORMATIVE,UNVERIFIED,5.3.1 (docs/5.根拠を選別・整形する/5.3.Reranking.md:11); authoritative docs commit 52bebecfb2a435d0e7ff2efea557c5799674ded6 の現文を次の文へ置換する: RRFはBM25とdense retrievalの生scoreを同じ尺度へ変換せず、各rank list内の順位から統合順位を計算します。 再抽出した文面と分類を照合する。,rag-guide-maintainers,,,,INCONCLUSIVE,NOT_APPLICABLE_UNPROVED,codex-primary-wave4,2026-08-15,codex-independent-wave4,2026-08-15,FINAL_TWO_REVIEWER_APPROVED
SENT-1958,52bebecfb2a435d0e7ff2efea557c5799674ded6,正解が候補にない場合は候補生成を、候補にはあるが順位が低い場合は順位統合または再順位付けを調べます。,,"NOT(AND(ATOM(rerank=true), ATOM(generation=true)))",NOT,general_technical_claim,UNCLASSIFIED,5.3.1 (docs/5.根拠を選別・整形する/5.3.Reranking.md:16); authoritative docs commit 52bebecfb2a435d0e7ff2efea557c5799674ded6,,,DEFINITION_OR_SPEC,,,,APPROPRIATE_NORMATIVE,正解が候補にない場合は候補生成を、候補にはあるが順位が低い場合は順位統合または再順位付けを調べるという検索経路は、候補の収集・統合・選択を再現可能にするガイド内の決定です。gold evidenceがfirst-stage candidateにないfixtureはcandidate generation、candidateにあるが受入rank未満のfixtureはfusion/rerankingへdiagnosisを割り当て、両者を別issueとして記録する。 適用境界では、candidate IDまたはgold annotationが欠損して段階を特定できない事例はUNCLASSIFIEDとし、推測でrerankerまたはretrieverへ帰属させない。 検索結果の合格条件と別経路へ切り替える条件が検査できるため、APPROPRIATE_NORMATIVEです。,gold evidenceがfirst-stage candidateにないfixtureはcandidate generation、candidateにあるが受入rank未満のfixtureはfusion/rerankingへdiagnosisを割り当て、両者を別issueとして記録する。,candidate IDまたはgold annotationが欠損して段階を特定できない事例はUNCLASSIFIEDとし、推測でrerankerまたはretrieverへ帰属させない。,NOT_APPLICABLE,5.3.1 (docs/5.根拠を選別・整形する/5.3.Reranking.md:16); authoritative docs commit 52bebecfb2a435d0e7ff2efea557c5799674ded6 の本文を維持し、normative_criteriaとexceptionsを設計台帳へ固定する。,rag-guide-maintainers,,,,INCONCLUSIVE,NOT_APPLICABLE_UNPROVED,codex-primary-wave4,2026-08-15,codex-independent-wave4,2026-08-15,FINAL_TWO_REVIEWER_APPROVED
SENT-1973,52bebecfb2a435d0e7ff2efea557c5799674ded6,LLMによる追加学習なしの一覧比較は、候補IDの並びを生成させ、文書順位付け用の教師データを使わない再順位付けを評価しました。,Zero-Shot Listwise Document Rerankingは、候補IDの順序をLLMに生成させ、document ranking用の追加教師dataなしでlistwise rerankingを評価しています。,"NOT(AND(AND(AND(AND(ATOM(learned=true), ATOM(rerank=true)), ATOM(listwise=true)), ATOM(generation=true)), ATOM(evaluation=true)))",NOT,externally_cited_claim,UNCLASSIFIED,5.3.2 (docs/5.根拠を選別・整形する/5.3.Reranking.md:40); authoritative docs commit 52bebecfb2a435d0e7ff2efea557c5799674ded6,SRC-085;SRC-088,SRC-085 https://arxiv.org/abs/2305.02156 — abstract inspected 2026-08-15; 現主張への直接locatorは未確定; SRC-088 https://arxiv.org/abs/2304.09542 — abstract inspected 2026-08-15; 現主張への直接locatorは未確定,AUTHOR_CLAIM,NONE_DIRECTLY_VERIFIED,learned=true,NOT,REWRITE_REQUIRED,arxiv.orgのAbstractへの参照は台帳にありますが、learnedについて否定関係まで同時に再特定できる直接箇所が確定していません。資料の帰属範囲をZero-Shot Listwise Document Rerankingは、候補IDの順序をLLMに生成させ、document ranking用の追加教師dataなしでlistwise rerankingを評価しているという限定まで狭め、候補URLの存在だけで機序や結果を補わない文へ変更します。 修正文にある主体と操作対象は保ちつつ、直接根拠を越える否定関係を落とす差分なので、REWRITE_REQUIREDと判定します。,NOT_APPLICABLE_NON_NORMATIVE,NOT_APPLICABLE_NON_NORMATIVE,UNVERIFIED,5.3.2 (docs/5.根拠を選別・整形する/5.3.Reranking.md:40); authoritative docs commit 52bebecfb2a435d0e7ff2efea557c5799674ded6 の現文を次の文へ置換する: Zero-Shot Listwise Document Rerankingは、候補IDの順序をLLMに生成させ、document ranking用の追加教師dataなしでlistwise rerankingを評価しています。 再抽出した文面と分類を照合する。,rag-guide-maintainers,,,,INCONCLUSIVE,NOT_APPLICABLE_UNPROVED,codex-primary-wave4,2026-08-15,codex-independent-wave4,2026-08-15,FINAL_TWO_REVIEWER_APPROVED
SENT-1975,52bebecfb2a435d0e7ff2efea557c5799674ded6,monoT5は、質問と文書を系列変換モデルへ入力し、「関連」「非関連」に対応する処理単位（トークン）のスコアを順位付けへ利用します。,,NL_PROPOSITION(monoT5は、質問と文書を系列変換モデルへ入力し、「関連」「非関連」に対応する処理単位（トークン）のスコアを順位付けへ利用します。),UNFORMALIZED,externally_cited_claim,UNCLASSIFIED,5.3.2 (docs/5.根拠を選別・整形する/5.3.Reranking.md:43); authoritative docs commit 52bebecfb2a435d0e7ff2efea557c5799674ded6,SRC-086,"https://aclanthology.org/2020.findings-emnlp.63/, Abstract, lines 58–61",AUTHOR_CLAIM,rerank=true;pointwise=true;reads_candidate_text=true,,,APPROPRIATE_SUPPORTED,monoT5 Abstractがquery-documentをseq2seqモデルへ入力し、True/Falseトークンのlogitから関連度確率を得て順位付けする方式を直接説明する。,NOT_APPLICABLE_NON_NORMATIVE,NOT_APPLICABLE_NON_NORMATIVE,SOURCE_ASSERTED,5.3.2 (docs/5.根拠を選別・整形する/5.3.Reranking.md:43); authoritative docs commit 52bebecfb2a435d0e7ff2efea557c5799674ded6 の本文を維持し、確定した一次資料locator・主張役割・外的真偽境界を台帳へ固定する。,rag-guide-maintainers,,,,INCONCLUSIVE,NOT_APPLICABLE_UNPROVED,codex-primary-wave4,2026-08-15,codex-independent-wave4,2026-08-15,FINAL_TWO_REVIEWER_APPROVED
SENT-1982,52bebecfb2a435d0e7ff2efea557c5799674ded6,LLMを使う再順位付け器は、複数条件、比較、複数段階の関連性を自然言語の指示で評価できます。,LLM-based rerankerは、複数条件、比較、multi-hop relevanceを自然言語instructionとして受け取るcandidate方式です。採否は固定したreranking datasetで決めます。,"AND(AND(ATOM(rerank=true), ATOM(multi_hop=true)), ATOM(evaluation=true))",AND,general_technical_claim,できます,5.3.2 (docs/5.根拠を選別・整形する/5.3.Reranking.md:53); authoritative docs commit 52bebecfb2a435d0e7ff2efea557c5799674ded6,SRC-088;SRC-085;SRC-086,SRC-088 https://arxiv.org/abs/2304.09542 — abstract inspected 2026-08-15; 現主張への直接locatorは未確定; SRC-085 https://arxiv.org/abs/2305.02156 — abstract inspected 2026-08-15; 現主張への直接locatorは未確定; SRC-086 https://arxiv.org/abs/2003.06713 — abstract inspected 2026-08-15; 現主張への直接locatorは未確定,AUTHOR_CLAIM,NONE_DIRECTLY_VERIFIED,multi_hop=true,NOT_APPLICABLE,REWRITE_REQUIRED,arxiv.orgのAbstractへの参照は台帳にありますが、multi_hopについて各要素と結論との直接の対応まで同時に再特定できる直接箇所が確定していません。本文に残すのは、LLM-based rerankerは、複数条件、比較、multi-hop relevanceを自然言語instructionとして受け取るcandidate方式です。採否は固定したreranking datasetで決めるという対象範囲です。multi_hopについて未確認の因果までは導きません。 修正文にある主体と操作対象は保ちつつ、直接根拠を越える各要素と結論との直接の対応を落とす差分なので、REWRITE_REQUIREDと判定します。,NOT_APPLICABLE_NON_NORMATIVE,NOT_APPLICABLE_NON_NORMATIVE,UNVERIFIED,5.3.2 (docs/5.根拠を選別・整形する/5.3.Reranking.md:53); authoritative docs commit 52bebecfb2a435d0e7ff2efea557c5799674ded6 の現文を次の文へ置換する: LLM-based rerankerは、複数条件、比較、multi-hop relevanceを自然言語instructionとして受け取るcandidate方式です。採否は固定したreranking datasetで決めます。 再抽出した文面と分類を照合する。,rag-guide-maintainers,,,,INCONCLUSIVE,NOT_APPLICABLE_UNPROVED,codex-primary-wave4,2026-08-15,codex-independent-wave4,2026-08-15,FINAL_TWO_REVIEWER_APPROVED
SENT-1990,52bebecfb2a435d0e7ff2efea557c5799674ded6,一方、最初のBM25順位を無作為化すると性能が大きく下がり、すべてのLLMや言語で一様に強いわけではありませんでした。,LLM rerankerは元BM25順とshuffle順の両方で評価し、model、language、query sliceごとの順位依存を記録します。,NL_PROPOSITION(一方、最初のBM25順位を無作為化すると性能が大きく下がり、すべてのLLMや言語で一様に強いわけではありませんでした。),UNFORMALIZED,concrete_technology_claim,UNCLASSIFIED,5.3.2 (docs/5.根拠を選別・整形する/5.3.Reranking.md:64); authoritative docs commit 52bebecfb2a435d0e7ff2efea557c5799674ded6,,,DEFINITION_OR_SPEC,,UNFORMALIZED_NATURAL_LANGUAGE_CLAIM,UNFORMALIZED,REWRITE_REQUIRED,「LLM rerankerは元BM25順とshuffle順の両方で評価し」の検討では、未形式化の関係を扱う修正では、抽象的な説明を具体的な操作へ落としています。LLM rerankerは元BM25順とshuffle順の両方で評価し、model、language、query sliceごとの順位依存を記録します。 修正文が具体化する対象は「LLM rerankerは元BM25順とshuffle順の両方で評価し」です。「LLM rerankerは元BM25順とshuffle順の両方で評価し」の証拠境界として、UNFORMALIZED_NATURAL_LANGUAGE_CLAIMを外部主張として残す証拠がなく、未形式化の関係を具体的な構成判断へ縮約しています。「LLM rerankerは元BM25順とshuffle順の両方で評価し」の採否について、UNFORMALIZED_NATURAL_LANGUAGE_CLAIMから未支持部分を除いて実装可能性を保つには書換えが必要です。,NOT_APPLICABLE_NON_NORMATIVE,NOT_APPLICABLE_NON_NORMATIVE,NOT_APPLICABLE,5.3.2 (docs/5.根拠を選別・整形する/5.3.Reranking.md:64); authoritative docs commit 52bebecfb2a435d0e7ff2efea557c5799674ded6 の現文を次の文へ置換する: LLM rerankerは元BM25順とshuffle順の両方で評価し、model、language、query sliceごとの順位依存を記録します。 再抽出した文面と分類を照合する。,rag-guide-maintainers,,,,INCONCLUSIVE,NOT_APPLICABLE_UNPROVED,codex-primary-wave4,2026-08-15,codex-independent-wave4,2026-08-15,FINAL_TWO_REVIEWER_APPROVED
SENT-1993,52bebecfb2a435d0e7ff2efea557c5799674ded6,失敗時は認可済みで検証済みの交差符号化型再順位付け器または統合順位へ戻します。,,"AND(AND(ATOM(rerank=true), ATOM(verification=true)), ATOM(authorization=true))",AND,concrete_technology_claim,UNCLASSIFIED,5.3.2 (docs/5.根拠を選別・整形する/5.3.Reranking.md:68); authoritative docs commit 52bebecfb2a435d0e7ff2efea557c5799674ded6,,,DEFINITION_OR_SPEC,,,,APPROPRIATE_NORMATIVE,失敗時は認可済みで検証済みの交差符号化型再順位付け器または統合順位へ戻すという安全境界は、本ガイドが強制する制御として設けます。primary reranker failureを注入し、事前検証済みcross-encoderまたはauthorized fused rankへ切り替わり、fallback versionと選択理由がtraceへ残ることを確認する。 適用境界では、検証済みfallbackが利用不能な場合は回答保留とし、未検証rerankerまたは非認可順位を即席で使用しない。 負試験で境界を確かめ、統制を緩めない例外を明示できるので、APPROPRIATE_NORMATIVEです。,primary reranker failureを注入し、事前検証済みcross-encoderまたはauthorized fused rankへ切り替わり、fallback versionと選択理由がtraceへ残ることを確認する。,検証済みfallbackが利用不能な場合は回答保留とし、未検証rerankerまたは非認可順位を即席で使用しない。,NOT_APPLICABLE,5.3.2 (docs/5.根拠を選別・整形する/5.3.Reranking.md:68); authoritative docs commit 52bebecfb2a435d0e7ff2efea557c5799674ded6 の本文を維持し、normative_criteriaとexceptionsを設計台帳へ固定する。,rag-guide-maintainers,,,,INCONCLUSIVE,NOT_APPLICABLE_UNPROVED,codex-primary-wave4,2026-08-15,codex-independent-wave4,2026-08-15,FINAL_TWO_REVIEWER_APPROVED
SENT-1997,52bebecfb2a435d0e7ff2efea557c5799674ded6,Nを増やすと正解根拠が候補へ入りやすくなる一方、再順位付け器の呼び出し回数、応答時間、費用が増えます。,reranking対象数Nを増やすとgold evidenceがcandidateへ入る余地が増える一方、reranker呼出し量、latency、costも増えます。,"AND(AND(AND(AND(ATOM(rerank=true), ATOM(evidence_support=true)), ATOM(temporal_freshness=true)), ATOM(latency=true)), ATOM(cost=true))",AND,general_technical_claim,UNCLASSIFIED,5.3.3 (docs/5.根拠を選別・整形する/5.3.Reranking.md:77); authoritative docs commit 52bebecfb2a435d0e7ff2efea557c5799674ded6,SRC-005;SRC-084;SRC-085;SRC-086;SRC-088,SRC-005 https://doi.org/10.1561/1500000019 — primary_page inspected 2026-08-15; 現主張への直接locatorは未確定; SRC-084 https://arxiv.org/abs/1901.04085 — abstract inspected 2026-08-15; 現主張への直接locatorは未確定; SRC-085 https://arxiv.org/abs/2305.02156 — abstract inspected 2026-08-15; 現主張への直接locatorは未確定,AUTHOR_CLAIM,NONE_DIRECTLY_VERIFIED,cost=true;latency=true;temporal_freshness=true,NOT_APPLICABLE,REWRITE_REQUIRED,doi.org・arxiv.orgのAbstractへの参照は台帳にありますが、cost、latency、temporal_freshnessについて各要素と結論との直接の対応まで同時に再特定できる直接箇所が確定していません。本文に残すのは、reranking対象数Nを増やすとgold evidenceがcandidateへ入る余地が増える一方、reranker呼出し量、latency、costも増えるという対象範囲です。cost、latency、temporal_freshnessについて未確認の因果までは導きません。 修正文にある主体と操作対象は保ちつつ、直接根拠を越える各要素と結論との直接の対応を落とす差分なので、REWRITE_REQUIREDと判定します。,NOT_APPLICABLE_NON_NORMATIVE,NOT_APPLICABLE_NON_NORMATIVE,UNVERIFIED,5.3.3 (docs/5.根拠を選別・整形する/5.3.Reranking.md:77); authoritative docs commit 52bebecfb2a435d0e7ff2efea557c5799674ded6 の現文を次の文へ置換する: reranking対象数Nを増やすとgold evidenceがcandidateへ入る余地が増える一方、reranker呼出し量、latency、costも増えます。 再抽出した文面と分類を照合する。,rag-guide-maintainers,,,,INCONCLUSIVE,NOT_APPLICABLE_UNPROVED,codex-primary-wave4,2026-08-15,codex-independent-wave4,2026-08-15,FINAL_TWO_REVIEWER_APPROVED
SENT-2003,52bebecfb2a435d0e7ff2efea557c5799674ded6,再順位付け器が利用できない場合は、認可済みの第一段階・統合順位へ戻せます。,,"NOT(AND(ATOM(rerank=true), ATOM(authorization=true)))",NOT,general_technical_claim,UNCLASSIFIED,5.3.3 (docs/5.根拠を選別・整形する/5.3.Reranking.md:85); authoritative docs commit 52bebecfb2a435d0e7ff2efea557c5799674ded6,,,DEFINITION_OR_SPEC,,,,APPROPRIATE_NORMATIVE,再順位付け器が利用できない場合は、認可済みの第一段階・統合順位へ戻せるという安全境界は、本ガイドが強制する制御として設けます。reranker unavailable responseを発生させ、authorized first-stage/fused rankへ戻ること、fallback前後のcandidate IDとrankがtraceに保存されることを確認する。 適用境界では、first-stage/fused rankがauthorizationまたは品質guardrailを満たさない場合はfallback回答を生成せずabstainする。 負試験で境界を確かめ、統制を緩めない例外を明示できるので、APPROPRIATE_NORMATIVEです。,reranker unavailable responseを発生させ、authorized first-stage/fused rankへ戻ること、fallback前後のcandidate IDとrankがtraceに保存されることを確認する。,first-stage/fused rankがauthorizationまたは品質guardrailを満たさない場合はfallback回答を生成せずabstainする。,NOT_APPLICABLE,5.3.3 (docs/5.根拠を選別・整形する/5.3.Reranking.md:85); authoritative docs commit 52bebecfb2a435d0e7ff2efea557c5799674ded6 の本文を維持し、normative_criteriaとexceptionsを設計台帳へ固定する。,rag-guide-maintainers,,,,INCONCLUSIVE,NOT_APPLICABLE_UNPROVED,codex-primary-wave4,2026-08-15,codex-independent-wave4,2026-08-15,FINAL_TWO_REVIEWER_APPROVED
SENT-2008,52bebecfb2a435d0e7ff2efea557c5799674ded6,全体平均が改善しても、重要質問で必要根拠を落とす、未知の候補IDを出す、処理期限や費用上限を超える場合は採用しません。,,"NOT(AND(AND(ATOM(evidence_support=true), ATOM(cost=true)), ATOM(empirical_result=true)))",NOT,empirical_or_research_claim,必要,5.3.4 (docs/5.根拠を選別・整形する/5.3.Reranking.md:94); authoritative docs commit 52bebecfb2a435d0e7ff2efea557c5799674ded6,,,DEFINITION_OR_SPEC,,,,APPROPRIATE_NORMATIVE,全体平均が改善しても、重要質問で必要根拠を落とす、未知の候補IDを出す、処理期限や費用上限を超える場合は採用しないという採否判断は、比較対象と合格条件を実行結果で識別するために置きます。この規則に含まれるretriever、candidate数、rank処理を固定したtest queryを実行し、統合前後のcandidate ID・rank・score変換が記述した順序と選択規則に一致することを確認する。 さらに、初期値・候補は対象datasetで再調整できるが、変更値、baseline、採用理由を同じresult tableへ残し、未比較の値を既定値として固定しない。 この扱いを例外として記録します。 同じ条件での比較と採用しない条件を両方記録できるため、APPROPRIATE_NORMATIVEです。,全体平均が改善しても、重要質問で必要根拠を落とす、未知の候補IDを出す、処理期限や費用上限を超える場合は採用しないことを定める評価・採否規則について、この規則に含まれるretriever、candidate数、rank処理を固定したtest queryを実行し、統合前後のcandidate ID・rank・score変換が記述した順序と選択規則に一致することを確認する。,全体平均が改善しても、重要質問で必要根拠を落とす、未知の候補IDを出す、処理期限や費用上限を超える場合は採用しないことを定める評価・採否規則の例外として、初期値・候補は対象datasetで再調整できるが、変更値、baseline、採用理由を同じresult tableへ残し、未比較の値を既定値として固定しない。,NOT_APPLICABLE,5.3.4 (docs/5.根拠を選別・整形する/5.3.Reranking.md:94); authoritative docs commit 52bebecfb2a435d0e7ff2efea557c5799674ded6 の本文を維持し、normative_criteriaとexceptionsを設計台帳へ固定する。,rag-guide-maintainers,,,,INCONCLUSIVE,NOT_APPLICABLE_UNPROVED,codex-primary-wave4,2026-08-15,codex-independent-wave4,2026-08-15,FINAL_TWO_REVIEWER_APPROVED
SENT-2014,52bebecfb2a435d0e7ff2efea557c5799674ded6,関連度ラベルがない初期段階では、RRFと汎用の交差符号化器を基準にできます。,relevance labelがない初期段階では、RRFと事前学習済みcross-encoderを比較baselineとして使用します。,NL_PROPOSITION(関連度ラベルがない初期段階では、RRFと汎用の交差符号化器を基準にできます。),UNFORMALIZED,concrete_technology_claim,できます,5.3.4 (docs/5.根拠を選別・整形する/5.3.Reranking.md:103); authoritative docs commit 52bebecfb2a435d0e7ff2efea557c5799674ded6,SRC-064,SRC-064 https://dl.acm.org/doi/10.1145/1571941.1572114 — primary_page inspected 2026-08-15; 現主張への直接locatorは未確定,AUTHOR_CLAIM,NONE_DIRECTLY_VERIFIED,UNFORMALIZED_NATURAL_LANGUAGE_CLAIM,UNFORMALIZED,REWRITE_REQUIRED,dl.acm.orgの一次資料ページへの参照は台帳にありますが、原文の未形式化主張について未形式化の関係まで同時に再特定できる直接箇所が確定していません。実装契約はrelevance labelがない初期段階では、RRFと事前学習済みcross-encoderを比較baselineとして使用するという構成に限定し、未確認の製品機能やサービス間の関係を削除します。 修正文にある主体と操作対象は保ちつつ、直接根拠を越える未形式化の関係を落とす差分なので、REWRITE_REQUIREDと判定します。,NOT_APPLICABLE_NON_NORMATIVE,NOT_APPLICABLE_NON_NORMATIVE,UNVERIFIED,5.3.4 (docs/5.根拠を選別・整形する/5.3.Reranking.md:103); authoritative docs commit 52bebecfb2a435d0e7ff2efea557c5799674ded6 の現文を次の文へ置換する: relevance labelがない初期段階では、RRFと事前学習済みcross-encoderを比較baselineとして使用します。 再抽出した文面と分類を照合する。,rag-guide-maintainers,,,,INCONCLUSIVE,NOT_APPLICABLE_UNPROVED,codex-primary-wave4,2026-08-15,codex-independent-wave4,2026-08-15,FINAL_TWO_REVIEWER_APPROVED
SENT-2015,52bebecfb2a435d0e7ff2efea557c5799674ded6,十分な人手判定が蓄積した後に、分野向け追加学習、monoT5、RankT5を比較します。,,ATOM(learned=true),ATOM,concrete_technology_claim,UNCLASSIFIED,5.3.4 (docs/5.根拠を選別・整形する/5.3.Reranking.md:104); authoritative docs commit 52bebecfb2a435d0e7ff2efea557c5799674ded6,,,DEFINITION_OR_SPEC,,,,APPROPRIATE_NORMATIVE,十分な人手判定が蓄積した後に、分野向け追加学習、monoT5、RankT5を比較するという採否判断は、比較対象と合格条件を実行結果で識別するために置きます。この規則に挙げた選択肢を同じdataset version、query slice、gold evidence、負荷条件で比較し、対象sliceごとの品質・latency・costを一つのresult tableへ記録する。 さらに、判定に必要なgold evidenceがないslice、標本不足のslice、負荷条件が異なるrunは合否集計から分離し、他sliceの平均結果を外挿しない。 この扱いを例外として記録します。 同じ条件での比較と採用しない条件を両方記録できるため、APPROPRIATE_NORMATIVEです。,十分な人手判定が蓄積した後に、分野向け追加学習、monoT5、RankT5を比較することを定める評価・採否規則について、この規則に挙げた選択肢を同じdataset version、query slice、gold evidence、負荷条件で比較し、対象sliceごとの品質・latency・costを一つのresult tableへ記録する。,十分な人手判定が蓄積した後に、分野向け追加学習、monoT5、RankT5を比較することを定める評価・採否規則の例外として、判定に必要なgold evidenceがないslice、標本不足のslice、負荷条件が異なるrunは合否集計から分離し、他sliceの平均結果を外挿しない。,NOT_APPLICABLE,5.3.4 (docs/5.根拠を選別・整形する/5.3.Reranking.md:104); authoritative docs commit 52bebecfb2a435d0e7ff2efea557c5799674ded6 の本文を維持し、normative_criteriaとexceptionsを設計台帳へ固定する。,rag-guide-maintainers,,,,INCONCLUSIVE,NOT_APPLICABLE_UNPROVED,codex-primary-wave4,2026-08-15,codex-independent-wave4,2026-08-15,FINAL_TWO_REVIEWER_APPROVED
SENT-2025,52bebecfb2a435d0e7ff2efea557c5799674ded6,正解根拠が候補にない問題は、再順位付けでは解決できません。,gold evidenceが初期candidateにないqueryはreranker評価から分離し、retrieval failureとして検索段階へ戻します。,"NOT(AND(ATOM(rerank=true), ATOM(evidence_support=true)))",NOT,general_technical_claim,UNCLASSIFIED,5.3.4 (docs/5.根拠を選別・整形する/5.3.Reranking.md:117); authoritative docs commit 52bebecfb2a435d0e7ff2efea557c5799674ded6,,,DEFINITION_OR_SPEC,,evidence_support=true;rerank=true,NOT,REWRITE_REQUIRED,「gold evidenceが初期candidateにないqueryはreranker評価から分離し」の検討では、evidence_support=true、rerank=trueの趣旨は保ちつつ、検査できる実装条件へ範囲を狭めています。「gold evidenceが初期candidateにないqueryはreranker評価から分離し」の証拠境界として、否定関係として表現されたevidence_support=true、rerank=trueは未検証なので、本文では局所挙動だけを扱います。gold evidenceが初期candidateにないqueryはreranker評価から分離し、retrieval failureとして検索段階へ戻します。 修正文が具体化する対象は「gold evidenceが初期candidateにないqueryはreranker評価から分離し」です。「gold evidenceが初期candidateにないqueryはreranker評価から分離し」の採否について、evidence_support=true、rerank=trueに関する具体的な処理は有用ですが、原文のままでは境界を越えるため書換えを選びます。,NOT_APPLICABLE_NON_NORMATIVE,NOT_APPLICABLE_NON_NORMATIVE,NOT_APPLICABLE,5.3.4 (docs/5.根拠を選別・整形する/5.3.Reranking.md:117); authoritative docs commit 52bebecfb2a435d0e7ff2efea557c5799674ded6 の現文を次の文へ置換する: gold evidenceが初期candidateにないqueryはreranker評価から分離し、retrieval failureとして検索段階へ戻します。 再抽出した文面と分類を照合する。,rag-guide-maintainers,,,,INCONCLUSIVE,NOT_APPLICABLE_UNPROVED,codex-primary-wave4,2026-08-15,codex-independent-wave4,2026-08-15,FINAL_TWO_REVIEWER_APPROVED
SENT-2028,52bebecfb2a435d0e7ff2efea557c5799674ded6,チャンク分割はインデックス作成時の検索単位を決め、再順位付けは候補の順序を変え、重複排除は同じ内容をまとめます。,本ガイドでは、チャンク分割を検索単位を決める工程、再順位付けを候補順序を変える工程、重複排除を同じ内容をまとめる工程として区別します。,"AND(AND(AND(ATOM(rerank=true), ATOM(dedup=true)), ATOM(chunking=true)), ATOM(retrieval=true))",AND,general_technical_claim,UNCLASSIFIED,5.4.1 (docs/5.根拠を選別・整形する/5.4.Context compression.md:8); authoritative docs commit 52bebecfb2a435d0e7ff2efea557c5799674ded6,,,DEFINITION_OR_SPEC,,,,APPROPRIATE_NORMATIVE,本ガイドでは、チャンク分割を検索単位を決める工程、再順位付けを候補順序を変える工程、重複排除を同じ内容をまとめる工程として区別するという検索経路は、候補の収集・統合・選択を再現可能にするガイド内の決定です。本文、図表、schema、評価台帳で同じ対象、単位、入出力を使用し、異なる意味で使う箇所がrepository内検索でゼロ件であることを確認する。 適用境界では、当該規則が公式標準または製品仕様の同名語と異なる場合はローカル定義であることと対応関係を併記し、公式語の意味を上書きしない。 検索結果の合格条件と別経路へ切り替える条件が検査できるため、APPROPRIATE_NORMATIVEです。,本ガイドでは、チャンク分割を検索単位を決める工程、再順位付けを候補順序を変える工程、重複排除を同じ内容をまとめる工程として区別することを定める検索・経路選択規則について、本文、図表、schema、評価台帳で同じ対象、単位、入出力を使用し、異なる意味で使う箇所がrepository内検索でゼロ件であることを確認する。,本ガイドでは、チャンク分割を検索単位を決める工程、再順位付けを候補順序を変える工程、重複排除を同じ内容をまとめる工程として区別することを定める検索・経路選択規則の例外として、当該規則が公式標準または製品仕様の同名語と異なる場合はローカル定義であることと対応関係を併記し、公式語の意味を上書きしない。,NOT_APPLICABLE,5.4.1 (docs/5.根拠を選別・整形する/5.4.Context compression.md:8); authoritative docs commit 52bebecfb2a435d0e7ff2efea557c5799674ded6 の現文を次の文へ置換する: 本ガイドでは、チャンク分割を検索単位を決める工程、再順位付けを候補順序を変える工程、重複排除を同じ内容をまとめる工程として区別します。 再抽出した文面と分類を照合する。,rag-guide-maintainers,,,,INCONCLUSIVE,NOT_APPLICABLE_UNPROVED,codex-primary-wave4,2026-08-15,codex-independent-wave4,2026-08-15,FINAL_TWO_REVIEWER_APPROVED
SENT-2030,52bebecfb2a435d0e7ff2efea557c5799674ded6,RECOMPは、抽出型と要約型の圧縮、および追加コンテキストを使わない選択を扱いました。,RECOMP論文は、retrieved contextの抽出型圧縮、要約型圧縮、および追加contextを使わない選択を同研究のaugmentation構成として扱っています。,NOT(ATOM(compression=true)),NOT,externally_cited_claim,UNCLASSIFIED,5.4.1 (docs/5.根拠を選別・整形する/5.4.Context compression.md:11); authoritative docs commit 52bebecfb2a435d0e7ff2efea557c5799674ded6,SRC-089,SRC-089 https://arxiv.org/abs/2310.04408 — abstract inspected 2026-08-15; 現主張への直接locatorは未確定,AUTHOR_CLAIM,NONE_DIRECTLY_VERIFIED,compression=true,NOT,REWRITE_REQUIRED,arxiv.orgのAbstractへの参照は台帳にありますが、compressionについて否定関係まで同時に再特定できる直接箇所が確定していません。資料の帰属範囲をRECOMP論文は、retrieved contextの抽出型圧縮、要約型圧縮、および追加contextを使わない選択を同研究のaugmentation構成として扱っているという限定まで狭め、候補URLの存在だけで機序や結果を補わない文へ変更します。 修正文にある主体と操作対象は保ちつつ、直接根拠を越える否定関係を落とす差分なので、REWRITE_REQUIREDと判定します。,NOT_APPLICABLE_NON_NORMATIVE,NOT_APPLICABLE_NON_NORMATIVE,UNVERIFIED,5.4.1 (docs/5.根拠を選別・整形する/5.4.Context compression.md:11); authoritative docs commit 52bebecfb2a435d0e7ff2efea557c5799674ded6 の現文を次の文へ置換する: RECOMP論文は、retrieved contextの抽出型圧縮、要約型圧縮、および追加contextを使わない選択を同研究のaugmentation構成として扱っています。 再抽出した文面と分類を照合する。,rag-guide-maintainers,,,,INCONCLUSIVE,NOT_APPLICABLE_UNPROVED,codex-primary-wave4,2026-08-15,codex-independent-wave4,2026-08-15,FINAL_TWO_REVIEWER_APPROVED
SENT-2045,52bebecfb2a435d0e7ff2efea557c5799674ded6,RAGTruthは、取得コンテキストに対する生成内容の支持・矛盾を細かく分類するデータを提供しました。,RAGTruthは、収録したRAG出力について、retrieved contextに支持されない生成と矛盾する生成を細分類したcorpusを提供しています。,"AND(AND(ATOM(retrieval=true), ATOM(generation=true)), ATOM(evidence_support=true))",AND,externally_cited_claim,UNCLASSIFIED,5.4.2 (docs/5.根拠を選別・整形する/5.4.Context compression.md:34); authoritative docs commit 52bebecfb2a435d0e7ff2efea557c5799674ded6,SRC-090,SRC-090 https://arxiv.org/abs/2401.00396 — abstract inspected 2026-08-15; 現主張への直接locatorは未確定,AUTHOR_CLAIM,NONE_DIRECTLY_VERIFIED,evidence_support=true,NOT_APPLICABLE,REWRITE_REQUIRED,arxiv.orgのAbstractへの参照は台帳にありますが、evidence_supportについて各要素と結論との直接の対応まで同時に再特定できる直接箇所が確定していません。資料の帰属範囲をRAGTruthは、収録したRAG出力について、retrieved contextに支持されない生成と矛盾する生成を細分類したcorpusを提供しているという限定まで狭め、候補URLの存在だけで機序や結果を補わない文へ変更します。 修正文にある主体と操作対象は保ちつつ、直接根拠を越える各要素と結論との直接の対応を落とす差分なので、REWRITE_REQUIREDと判定します。,NOT_APPLICABLE_NON_NORMATIVE,NOT_APPLICABLE_NON_NORMATIVE,UNVERIFIED,5.4.2 (docs/5.根拠を選別・整形する/5.4.Context compression.md:34); authoritative docs commit 52bebecfb2a435d0e7ff2efea557c5799674ded6 の現文を次の文へ置換する: RAGTruthは、収録したRAG出力について、retrieved contextに支持されない生成と矛盾する生成を細分類したcorpusを提供しています。 再抽出した文面と分類を照合する。,rag-guide-maintainers,,,,INCONCLUSIVE,NOT_APPLICABLE_UNPROVED,codex-primary-wave4,2026-08-15,codex-independent-wave4,2026-08-15,FINAL_TWO_REVIEWER_APPROVED
SENT-2050,52bebecfb2a435d0e7ff2efea557c5799674ded6,削除禁止のトークン・ブロックを定義します。,,NL_PROPOSITION(削除禁止のトークン・ブロックを定義します。),UNFORMALIZED,general_technical_claim,禁止,5.4.2 (docs/5.根拠を選別・整形する/5.4.Context compression.md:41); authoritative docs commit 52bebecfb2a435d0e7ff2efea557c5799674ded6,,,DEFINITION_OR_SPEC,,,,APPROPRIATE_NORMATIVE,削除禁止のトークン・ブロックを定義するという局所定義は、本文・図表・台帳で同じ対象を指すために使います。否定語、数値、識別子、引用locator、承認条件を削除禁止token/blockとして登録し、圧縮後も完全一致で残ることをfixtureで確認する。 適用境界では、同義な正規化へ置換する場合は元表記との対応を保存できるが、意味や適用範囲が変わる要約置換は認めない。 用語や工程の一貫性と外部仕様と異なる場合の併記を検査できるため、APPROPRIATE_NORMATIVEです。,否定語、数値、識別子、引用locator、承認条件を削除禁止token/blockとして登録し、圧縮後も完全一致で残ることをfixtureで確認する。,同義な正規化へ置換する場合は元表記との対応を保存できるが、意味や適用範囲が変わる要約置換は認めない。,NOT_APPLICABLE,5.4.2 (docs/5.根拠を選別・整形する/5.4.Context compression.md:41); authoritative docs commit 52bebecfb2a435d0e7ff2efea557c5799674ded6 の本文を維持し、normative_criteriaとexceptionsを設計台帳へ固定する。,rag-guide-maintainers,,,,INCONCLUSIVE,NOT_APPLICABLE_UNPROVED,codex-primary-wave4,2026-08-15,codex-independent-wave4,2026-08-15,FINAL_TWO_REVIEWER_APPROVED
SENT-2061,52bebecfb2a435d0e7ff2efea557c5799674ded6,Selective Contextは、小さい言語モデルが予測しやすい語句を削る、質問に依存しない圧縮方法を提案しました。,Selective Contextは、小規模language modelが予測しやすい語句を削除対象にする、query-independentなcontext compression手法として提案されています。,"NOT(AND(ATOM(compression=true), ATOM(generation=true)))",NOT,externally_cited_claim,UNCLASSIFIED,5.4.2 (docs/5.根拠を選別・整形する/5.4.Context compression.md:57); authoritative docs commit 52bebecfb2a435d0e7ff2efea557c5799674ded6,SRC-093,SRC-093 https://arxiv.org/abs/2310.06201 — abstract inspected 2026-08-15; 現主張への直接locatorは未確定,AUTHOR_CLAIM,NONE_DIRECTLY_VERIFIED,compression=true;generation=true,NOT,REWRITE_REQUIRED,arxiv.orgのAbstractへの参照は台帳にありますが、compression、generationについて否定関係まで同時に再特定できる直接箇所が確定していません。資料の帰属範囲をSelective Contextは、小規模language modelが予測しやすい語句を削除対象にする、query-independentなcontext compression手法として提案されているという限定まで狭め、候補URLの存在だけで機序や結果を補わない文へ変更します。 修正文にある主体と操作対象は保ちつつ、直接根拠を越える否定関係を落とす差分なので、REWRITE_REQUIREDと判定します。,NOT_APPLICABLE_NON_NORMATIVE,NOT_APPLICABLE_NON_NORMATIVE,UNVERIFIED,5.4.2 (docs/5.根拠を選別・整形する/5.4.Context compression.md:57); authoritative docs commit 52bebecfb2a435d0e7ff2efea557c5799674ded6 の現文を次の文へ置換する: Selective Contextは、小規模language modelが予測しやすい語句を削除対象にする、query-independentなcontext compression手法として提案されています。 再抽出した文面と分類を照合する。,rag-guide-maintainers,,,,INCONCLUSIVE,NOT_APPLICABLE_UNPROVED,codex-primary-wave4,2026-08-15,codex-independent-wave4,2026-08-15,FINAL_TWO_REVIEWER_APPROVED
SENT-2062,52bebecfb2a435d0e7ff2efea557c5799674ded6,評価した条件では入力を短くしても元のモデル出力との近さを比較的保ちましたが、回答の正しさを保つことまでは証明していません。,Selective Contextの評価では、入力短縮後の出力を元model出力との近さで比較していますが、その結果だけでは個々の回答の正しさが保持されるとは判断できません。,"NOT(AND(ATOM(generation=true), ATOM(evaluation=true)))",NOT,empirical_or_research_claim,UNCLASSIFIED,5.4.2 (docs/5.根拠を選別・整形する/5.4.Context compression.md:58); authoritative docs commit 52bebecfb2a435d0e7ff2efea557c5799674ded6,SRC-093,SRC-093 https://arxiv.org/abs/2310.06201 — abstract inspected 2026-08-15; 現主張への直接locatorは未確定,DEFINITION_OR_SPEC,NONE_DIRECTLY_VERIFIED,evaluation=true,NOT,REWRITE_REQUIRED,arxiv.orgのAbstractへの参照は台帳にありますが、evaluationについて否定関係まで同時に再特定できる直接箇所が確定していません。Selective Contextの評価では、入力短縮後の出力を元model出力との近さで比較していますが、その結果だけでは個々の回答の正しさが保持されるとは判断できないという範囲まで対象と条件を絞り、未確認の効果や一般化を実験結果のように読ませない文面にします。 修正文にある主体と操作対象は保ちつつ、直接根拠を越える否定関係を落とす差分なので、REWRITE_REQUIREDと判定します。,NOT_APPLICABLE_NON_NORMATIVE,NOT_APPLICABLE_NON_NORMATIVE,UNVERIFIED,5.4.2 (docs/5.根拠を選別・整形する/5.4.Context compression.md:58); authoritative docs commit 52bebecfb2a435d0e7ff2efea557c5799674ded6 の現文を次の文へ置換する: Selective Contextの評価では、入力短縮後の出力を元model出力との近さで比較していますが、その結果だけでは個々の回答の正しさが保持されるとは判断できません。 再抽出した文面と分類を照合する。,rag-guide-maintainers,,,,INCONCLUSIVE,NOT_APPLICABLE_UNPROVED,codex-primary-wave4,2026-08-15,codex-independent-wave4,2026-08-15,FINAL_TWO_REVIEWER_APPROVED
SENT-2078,52bebecfb2a435d0e7ff2efea557c5799674ded6,根拠がトークン予算を超える、候補が長い、質問に関係する情報密度が低い場合に起動します。,,NL_PROPOSITION(根拠がトークン予算を超える、候補が長い、質問に関係する情報密度が低い場合に起動します。),UNFORMALIZED,general_technical_claim,UNCLASSIFIED,5.4.4 (docs/5.根拠を選別・整形する/5.4.Context compression.md:84); authoritative docs commit 52bebecfb2a435d0e7ff2efea557c5799674ded6,,,DEFINITION_OR_SPEC,,,,APPROPRIATE_NORMATIVE,根拠がトークン予算を超える、候補が長い、質問に関係する情報密度が低い場合に起動するという検索経路は、候補の収集・統合・選択を再現可能にするガイド内の決定です。根拠tokenがbudgetを超える、candidate lengthが上限超過、関連情報密度が設定閾値未満のいずれかをcompression起動条件とし、条件外では自動圧縮しない。 適用境界では、安全上必須のpolicy blockはbudget超過時も削らず、収まらない場合は回答保留または追加取得へ切り替える。 検索結果の合格条件と別経路へ切り替える条件が検査できるため、APPROPRIATE_NORMATIVEです。,根拠tokenがbudgetを超える、candidate lengthが上限超過、関連情報密度が設定閾値未満のいずれかをcompression起動条件とし、条件外では自動圧縮しない。,安全上必須のpolicy blockはbudget超過時も削らず、収まらない場合は回答保留または追加取得へ切り替える。,NOT_APPLICABLE,5.4.4 (docs/5.根拠を選別・整形する/5.4.Context compression.md:84); authoritative docs commit 52bebecfb2a435d0e7ff2efea557c5799674ded6 の本文を維持し、normative_criteriaとexceptionsを設計台帳へ固定する。,rag-guide-maintainers,,,,INCONCLUSIVE,NOT_APPLICABLE_UNPROVED,codex-primary-wave4,2026-08-15,codex-independent-wave4,2026-08-15,FINAL_TWO_REVIEWER_APPROVED
SENT-2083,52bebecfb2a435d0e7ff2efea557c5799674ded6,トークン削減と応答時間だけでなく、必要根拠の保持率、引用の正しさ、原文への忠実性を採用基準にします。,,"AND(AND(AND(ATOM(citation=true), ATOM(evidence_support=true)), ATOM(temporal_freshness=true)), ATOM(latency=true))",AND,general_technical_claim,必要,5.4.4 (docs/5.根拠を選別・整形する/5.4.Context compression.md:91); authoritative docs commit 52bebecfb2a435d0e7ff2efea557c5799674ded6,,,DEFINITION_OR_SPEC,,,,APPROPRIATE_NORMATIVE,トークン削減と応答時間だけでなく、必要根拠の保持率、引用の正しさ、原文への忠実性を採用基準にするという運用要件は、実行時の判断を担当者ごとにぶらさないためのローカル規則です。compression candidateはtoken数とlatencyに加え、必要evidence保持率、citation correctness、原文忠実性を同じgold setで測り、四指標の必須guardrailをすべて満たす場合だけ採用する。 適用境界では、検索専用画面で回答生成をしない場合は原文忠実性を適用しないが、evidence保持率とlocator正確性は省略しない。 実装結果と例外発生時の扱いを個別に検査できるため、APPROPRIATE_NORMATIVEです。,compression candidateはtoken数とlatencyに加え、必要evidence保持率、citation correctness、原文忠実性を同じgold setで測り、四指標の必須guardrailをすべて満たす場合だけ採用する。,検索専用画面で回答生成をしない場合は原文忠実性を適用しないが、evidence保持率とlocator正確性は省略しない。,NOT_APPLICABLE,5.4.4 (docs/5.根拠を選別・整形する/5.4.Context compression.md:91); authoritative docs commit 52bebecfb2a435d0e7ff2efea557c5799674ded6 の本文を維持し、normative_criteriaとexceptionsを設計台帳へ固定する。,rag-guide-maintainers,,,,INCONCLUSIVE,NOT_APPLICABLE_UNPROVED,codex-primary-wave4,2026-08-15,codex-independent-wave4,2026-08-15,FINAL_TWO_REVIEWER_APPROVED
SENT-2093,52bebecfb2a435d0e7ff2efea557c5799674ded6,FActScoreは、長文回答をこれ以上分けにくい小さな事実へ分け、知識源による支持を評価します。,FActScoreは、評価対象のlong-form answerをatomic factへ分割し、各factが指定knowledge sourceで支持されるかを測定します。,"AND(AND(ATOM(generation=true), ATOM(evidence_support=true)), ATOM(evaluation=true))",AND,externally_cited_claim,UNCLASSIFIED,5.5.1 (docs/5.根拠を選別・整形する/5.5.Evidence Set設計.md:13); authoritative docs commit 52bebecfb2a435d0e7ff2efea557c5799674ded6,SRC-094,SRC-094 https://arxiv.org/abs/2305.14251 — abstract inspected 2026-08-15; 現主張への直接locatorは未確定,AUTHOR_CLAIM,NONE_DIRECTLY_VERIFIED,evidence_support=true,NOT_APPLICABLE,REWRITE_REQUIRED,arxiv.orgのAbstractへの参照は台帳にありますが、evidence_supportについて各要素と結論との直接の対応まで同時に再特定できる直接箇所が確定していません。資料の帰属範囲をFActScoreは、評価対象のlong-form answerをatomic factへ分割し、各factが指定knowledge sourceで支持されるかを測定するという限定まで狭め、候補URLの存在だけで機序や結果を補わない文へ変更します。 修正文にある主体と操作対象は保ちつつ、直接根拠を越える各要素と結論との直接の対応を落とす差分なので、REWRITE_REQUIREDと判定します。,NOT_APPLICABLE_NON_NORMATIVE,NOT_APPLICABLE_NON_NORMATIVE,UNVERIFIED,5.5.1 (docs/5.根拠を選別・整形する/5.5.Evidence Set設計.md:13); authoritative docs commit 52bebecfb2a435d0e7ff2efea557c5799674ded6 の現文を次の文へ置換する: FActScoreは、評価対象のlong-form answerをatomic factへ分割し、各factが指定knowledge sourceで支持されるかを測定します。 再抽出した文面と分類を照合する。,rag-guide-maintainers,,,,INCONCLUSIVE,NOT_APPLICABLE_UNPROVED,codex-primary-wave4,2026-08-15,codex-independent-wave4,2026-08-15,FINAL_TWO_REVIEWER_APPROVED
SENT-2098,52bebecfb2a435d0e7ff2efea557c5799674ded6,常に検索チャンクと同じではありません。,Evidence unitは検索chunkと同一と仮定せず、表の行・見出し、条文・但し書き、画像領域・説明文を一単位として明示します。,NOT(ATOM(retrieval=true)),NOT,general_technical_claim,常に,5.5.1 (docs/5.根拠を選別・整形する/5.5.Evidence Set設計.md:19); authoritative docs commit 52bebecfb2a435d0e7ff2efea557c5799674ded6,,,DEFINITION_OR_SPEC,,retrieval=true,NOT,REWRITE_REQUIRED,「Evidence unitは検索chunkと同一と仮定せず」の証拠境界として、未確認なのはretrieval=trueを結ぶ否定関係であり、修正文はその外挿を避けています。Evidence unitは検索chunkと同一と仮定せず、表の行・見出し、条文・但し書き、画像領域・説明文を一単位として明示します。 修正文が具体化する対象は「Evidence unitは検索chunkと同一と仮定せず」です。「Evidence unitは検索chunkと同一と仮定せず」の検討では、retrieval=trueを一般的な効果として説明せず、ガイド内で実行する処理へ焦点を移しました。「Evidence unitは検索chunkと同一と仮定せず」の採否について、否定関係の意味を外挿せず証拠境界を正す変更なので、判定はREWRITE_REQUIREDです。,NOT_APPLICABLE_NON_NORMATIVE,NOT_APPLICABLE_NON_NORMATIVE,NOT_APPLICABLE,5.5.1 (docs/5.根拠を選別・整形する/5.5.Evidence Set設計.md:19); authoritative docs commit 52bebecfb2a435d0e7ff2efea557c5799674ded6 の現文を次の文へ置換する: Evidence unitは検索chunkと同一と仮定せず、表の行・見出し、条文・但し書き、画像領域・説明文を一単位として明示します。 再抽出した文面と分類を照合する。,rag-guide-maintainers,,,,INCONCLUSIVE,NOT_APPLICABLE_UNPROVED,codex-primary-wave4,2026-08-15,codex-independent-wave4,2026-08-15,FINAL_TWO_REVIEWER_APPROVED
SENT-2139,52bebecfb2a435d0e7ff2efea557c5799674ded6,隣接チャンクは重複範囲だけを除いて結合し、異なる情報源の境界は保持します。,,NL_PROPOSITION(隣接チャンクは重複範囲だけを除いて結合し、異なる情報源の境界は保持します。),UNFORMALIZED,general_technical_claim,UNCLASSIFIED,5.6.1 (docs/5.根拠を選別・整形する/5.6.Context packing.md:19); authoritative docs commit 52bebecfb2a435d0e7ff2efea557c5799674ded6,,,DEFINITION_OR_SPEC,,,,APPROPRIATE_NORMATIVE,隣接チャンクは重複範囲だけを除いて結合し、異なる情報源の境界は保持するという運用要件は、実行時の判断を担当者ごとにぶらさないためのローカル規則です。同一source・同一versionの隣接chunkだけを結合し、overlap spanを一度だけ残す。sourceまたはversionが異なる境界では結合しないことをfixtureで確認する。 適用境界では、複数sourceを並べて提示する場合は表示containerへまとめられるが、各sourceのtextとlocatorを別evidence itemとして保持する。 実装結果と例外発生時の扱いを個別に検査できるため、APPROPRIATE_NORMATIVEです。,同一source・同一versionの隣接chunkだけを結合し、overlap spanを一度だけ残す。sourceまたはversionが異なる境界では結合しないことをfixtureで確認する。,複数sourceを並べて提示する場合は表示containerへまとめられるが、各sourceのtextとlocatorを別evidence itemとして保持する。,NOT_APPLICABLE,5.6.1 (docs/5.根拠を選別・整形する/5.6.Context packing.md:19); authoritative docs commit 52bebecfb2a435d0e7ff2efea557c5799674ded6 の本文を維持し、normative_criteriaとexceptionsを設計台帳へ固定する。,rag-guide-maintainers,,,,INCONCLUSIVE,NOT_APPLICABLE_UNPROVED,codex-primary-wave4,2026-08-15,codex-independent-wave4,2026-08-15,FINAL_TWO_REVIEWER_APPROVED
SENT-2151,52bebecfb2a435d0e7ff2efea557c5799674ded6,Lost in the Middleは、評価したモデルと課題で、重要情報が入力の中央にあると先頭や末尾より利用されにくい傾向を報告しました。,,"AND(AND(ATOM(long_context=true), ATOM(evaluation=true)), ATOM(empirical_result=true))",AND,externally_cited_claim,UNCLASSIFIED,5.6.2 (docs/5.根拠を選別・整形する/5.6.Context packing.md:39); authoritative docs commit 52bebecfb2a435d0e7ff2efea557c5799674ded6,SRC-035,"https://aclanthology.org/2024.tacl-1.9/, Abstract, lines 58–61",EMPIRICAL_RESULT,long_context=true;evaluation=true,,,APPROPRIATE_SUPPORTED,Lost in the Middle Abstractが、関連情報の位置で性能が変わり、中央では先頭・末尾より大きく低下すると評価対象内で報告する。,NOT_APPLICABLE_NON_NORMATIVE,NOT_APPLICABLE_NON_NORMATIVE,SOURCE_ASSERTED,5.6.2 (docs/5.根拠を選別・整形する/5.6.Context packing.md:39); authoritative docs commit 52bebecfb2a435d0e7ff2efea557c5799674ded6 の本文を維持し、確定した一次資料locator・主張役割・外的真偽境界を台帳へ固定する。,rag-guide-maintainers,,,,INCONCLUSIVE,NOT_APPLICABLE_UNPROVED,codex-primary-wave4,2026-08-15,codex-independent-wave4,2026-08-15,FINAL_TWO_REVIEWER_APPROVED
SENT-2154,52bebecfb2a435d0e7ff2efea557c5799674ded6,図は同じ根拠を三つの位置で比較した実験結果ではありません。,,"NOT(AND(ATOM(evidence_support=true), ATOM(empirical_result=true)))",NOT,empirical_or_research_claim,UNCLASSIFIED,5.6.2 (docs/5.根拠を選別・整形する/5.6.Context packing.md:42); authoritative docs commit 52bebecfb2a435d0e7ff2efea557c5799674ded6,,,DEFINITION_OR_SPEC,,,,APPROPRIATE_NORMATIVE,図は同じ根拠を三つの位置で比較した実験結果ではないという採否判断は、比較対象と合格条件を実行結果で識別するために置きます。図のcaptionと本文で三つの位置が同一根拠を比較した実験条件として記述されていないことを確認し、図を実験結果の数値比較として引用しないようfigure reviewへ記録します。 適用境界では、同一根拠を三位置で比較した別実験を示す場合は、そのdataset、model、position、metricを図4-5とは別のevidence locatorへ結び付けます。 同じ条件での比較と採用しない条件を両方記録できるため、APPROPRIATE_NORMATIVEです。,図は同じ根拠を三つの位置で比較した実験結果ではありません。 図のcaptionと本文で三つの位置が同一根拠を比較した実験条件として記述されていないことを確認し、図を実験結果の数値比較として引用しないようfigure reviewへ記録します。,図は同じ根拠を三つの位置で比較した実験結果ではありません。 同一根拠を三位置で比較した別実験を示す場合は、そのdataset、model、position、metricを図4-5とは別のevidence locatorへ結び付けます。,NOT_APPLICABLE,5.6.2 (docs/5.根拠を選別・整形する/5.6.Context packing.md:42); authoritative docs commit 52bebecfb2a435d0e7ff2efea557c5799674ded6 の本文を維持し、normative_criteriaとexceptionsを設計台帳へ固定する。,rag-guide-maintainers,,,,INCONCLUSIVE,NOT_APPLICABLE_UNPROVED,codex-primary-wave4,2026-08-15,codex-independent-wave4,2026-08-15,FINAL_TWO_REVIEWER_APPROVED
SENT-2155,52bebecfb2a435d0e7ff2efea557c5799674ded6,位置だけで利用しやすさが決まるわけではなく、モデル、質問、入力長によって結果は変わります。,Lost in the Middleの位置効果は、同論文が評価したモデル、質問、入力長での結果であり、位置だけを利用可否の決定要因とはみなしません。,ATOM(empirical_result=true),ATOM,empirical_or_research_claim,UNCLASSIFIED,5.6.2 (docs/5.根拠を選別・整形する/5.6.Context packing.md:43); authoritative docs commit 52bebecfb2a435d0e7ff2efea557c5799674ded6,SRC-035,SRC-035 https://arxiv.org/abs/2307.03172 — abstract inspected 2026-08-15; 現主張への直接locatorは未確定,LIMITATION,NONE_DIRECTLY_VERIFIED,empirical_result=true,NOT_APPLICABLE,REWRITE_REQUIRED,arxiv.orgのAbstractへの参照は台帳にありますが、empirical_resultについて各要素と結論との直接の対応まで同時に再特定できる直接箇所が確定していません。Lost in the Middleの位置効果は、同論文が評価したモデル、質問、入力長での結果であり、位置だけを利用可否の決定要因とはみなさないという範囲まで対象と条件を絞り、未確認の効果や一般化を実験結果のように読ませない文面にします。 修正文にある主体と操作対象は保ちつつ、直接根拠を越える各要素と結論との直接の対応を落とす差分なので、REWRITE_REQUIREDと判定します。,NOT_APPLICABLE_NON_NORMATIVE,NOT_APPLICABLE_NON_NORMATIVE,UNVERIFIED,5.6.2 (docs/5.根拠を選別・整形する/5.6.Context packing.md:43); authoritative docs commit 52bebecfb2a435d0e7ff2efea557c5799674ded6 の現文を次の文へ置換する: Lost in the Middleの位置効果は、同論文が評価したモデル、質問、入力長での結果であり、位置だけを利用可否の決定要因とはみなしません。 再抽出した文面と分類を照合する。,rag-guide-maintainers,,,,INCONCLUSIVE,NOT_APPLICABLE_UNPROVED,codex-primary-wave4,2026-08-15,codex-independent-wave4,2026-08-15,FINAL_TWO_REVIEWER_APPROVED
SENT-2156,52bebecfb2a435d0e7ff2efea557c5799674ded6,Attention Sortingは、モデルの注意の強さを使って関連文書を末尾側へ並べ直す方法を、合成した単一段階の質問応答で評価しました。,Attention Sorting論文は、model attentionに基づいてrelevant documentを入力末尾側へ並べ替える方法を、同論文のsynthetic single-hop QA条件で評価しています。,ATOM(evaluation=true),ATOM,externally_cited_claim,UNCLASSIFIED,5.6.2 (docs/5.根拠を選別・整形する/5.6.Context packing.md:49); authoritative docs commit 52bebecfb2a435d0e7ff2efea557c5799674ded6,SRC-095,SRC-095 https://arxiv.org/abs/2310.01427 — abstract inspected 2026-08-15; 現主張への直接locatorは未確定,AUTHOR_CLAIM,NONE_DIRECTLY_VERIFIED,evaluation=true,NOT_APPLICABLE,REWRITE_REQUIRED,arxiv.orgのAbstractへの参照は台帳にありますが、evaluationについて各要素と結論との直接の対応まで同時に再特定できる直接箇所が確定していません。資料の帰属範囲をAttention Sorting論文は、model attentionに基づいてrelevant documentを入力末尾側へ並べ替える方法を、同論文のsynthetic single-hop QA条件で評価しているという限定まで狭め、候補URLの存在だけで機序や結果を補わない文へ変更します。 修正文にある主体と操作対象は保ちつつ、直接根拠を越える各要素と結論との直接の対応を落とす差分なので、REWRITE_REQUIREDと判定します。,NOT_APPLICABLE_NON_NORMATIVE,NOT_APPLICABLE_NON_NORMATIVE,UNVERIFIED,5.6.2 (docs/5.根拠を選別・整形する/5.6.Context packing.md:49); authoritative docs commit 52bebecfb2a435d0e7ff2efea557c5799674ded6 の現文を次の文へ置換する: Attention Sorting論文は、model attentionに基づいてrelevant documentを入力末尾側へ並べ替える方法を、同論文のsynthetic single-hop QA条件で評価しています。 再抽出した文面と分類を照合する。,rag-guide-maintainers,,,,INCONCLUSIVE,NOT_APPLICABLE_UNPROVED,codex-primary-wave4,2026-08-15,codex-independent-wave4,2026-08-15,FINAL_TWO_REVIEWER_APPROVED
SENT-2157,52bebecfb2a435d0e7ff2efea557c5799674ded6,実際の業務文書、誤情報、複数段階の質問、追加計算の費用は十分に評価されておらず、査読済み論文としての採録も確認されていません。,Attention Sortingの報告範囲には実業務文書、誤情報、複数段階質問、追加計算費用の評価が含まれないため、これらの条件へ結果を外挿しません。,"NOT(AND(AND(ATOM(multi_hop=true), ATOM(evaluation=true)), ATOM(cost=true)))",NOT,empirical_or_research_claim,UNCLASSIFIED,5.6.2 (docs/5.根拠を選別・整形する/5.6.Context packing.md:50); authoritative docs commit 52bebecfb2a435d0e7ff2efea557c5799674ded6,SRC-095,SRC-095 https://arxiv.org/abs/2310.01427 — abstract inspected 2026-08-15; 現主張への直接locatorは未確定,EMPIRICAL_RESULT,NONE_DIRECTLY_VERIFIED,cost=true;evaluation=true;multi_hop=true,NOT,REWRITE_REQUIRED,arxiv.orgのAbstractへの参照は台帳にありますが、cost、evaluation、multi_hopについて否定関係まで同時に再特定できる直接箇所が確定していません。Attention Sortingの報告範囲には実業務文書、誤情報、複数段階質問、追加計算費用の評価が含まれないため、これらの条件へ結果を外挿しないという範囲まで対象と条件を絞り、未確認の効果や一般化を実験結果のように読ませない文面にします。 修正文にある主体と操作対象は保ちつつ、直接根拠を越える否定関係を落とす差分なので、REWRITE_REQUIREDと判定します。,NOT_APPLICABLE_NON_NORMATIVE,NOT_APPLICABLE_NON_NORMATIVE,UNVERIFIED,5.6.2 (docs/5.根拠を選別・整形する/5.6.Context packing.md:50); authoritative docs commit 52bebecfb2a435d0e7ff2efea557c5799674ded6 の現文を次の文へ置換する: Attention Sortingの報告範囲には実業務文書、誤情報、複数段階質問、追加計算費用の評価が含まれないため、これらの条件へ結果を外挿しません。 再抽出した文面と分類を照合する。,rag-guide-maintainers,,,,INCONCLUSIVE,NOT_APPLICABLE_UNPROVED,codex-primary-wave4,2026-08-15,codex-independent-wave4,2026-08-15,FINAL_TWO_REVIEWER_APPROVED
SENT-2158,52bebecfb2a435d0e7ff2efea557c5799674ded6,並べ替えを使う場合は、質問群ごとの改善と費用を測り、位置だけを根拠の正しさの代わりにしません。,,"NOT(AND(AND(ATOM(evidence_support=true), ATOM(cost=true)), ATOM(empirical_result=true)))",NOT,empirical_or_research_claim,UNCLASSIFIED,5.6.2 (docs/5.根拠を選別・整形する/5.6.Context packing.md:51); authoritative docs commit 52bebecfb2a435d0e7ff2efea557c5799674ded6,,,DEFINITION_OR_SPEC,,,,APPROPRIATE_NORMATIVE,並べ替えを使う場合は、質問群ごとの改善と費用を測り、位置だけを根拠の正しさの代わりにしないという採否判断は、比較対象と合格条件を実行結果で識別するために置きます。本文に列挙した対象・条件・指標を個別fieldへ保存し、同一runの実装結果または評価結果と一致することを確認する。 さらに、判定に必要なgold evidenceがないslice、標本不足のslice、負荷条件が異なるrunは合否集計から分離し、他sliceの平均結果を外挿しない。 この扱いを例外として記録します。 同じ条件での比較と採用しない条件を両方記録できるため、APPROPRIATE_NORMATIVEです。,並べ替えを使う場合は、質問群ごとの改善と費用を測り、位置だけを根拠の正しさの代わりにしないことを定める評価・採否規則について、本文に列挙した対象・条件・指標を個別fieldへ保存し、同一runの実装結果または評価結果と一致することを確認する。,並べ替えを使う場合は、質問群ごとの改善と費用を測り、位置だけを根拠の正しさの代わりにしないことを定める評価・採否規則の例外として、判定に必要なgold evidenceがないslice、標本不足のslice、負荷条件が異なるrunは合否集計から分離し、他sliceの平均結果を外挿しない。,NOT_APPLICABLE,5.6.2 (docs/5.根拠を選別・整形する/5.6.Context packing.md:51); authoritative docs commit 52bebecfb2a435d0e7ff2efea557c5799674ded6 の本文を維持し、normative_criteriaとexceptionsを設計台帳へ固定する。,rag-guide-maintainers,,,,INCONCLUSIVE,NOT_APPLICABLE_UNPROVED,codex-primary-wave4,2026-08-15,codex-independent-wave4,2026-08-15,FINAL_TWO_REVIEWER_APPROVED
SENT-2170,52bebecfb2a435d0e7ff2efea557c5799674ded6,間接プロンプトインジェクションの研究は、ウェブや文書中の指示がLLM統合アプリを操作する危険を示しました。,,"AND(ATOM(prompt_injection=true), ATOM(risk=true))",AND,externally_cited_claim,UNCLASSIFIED,5.6.3 (docs/5.根拠を選別・整形する/5.6.Context packing.md:71); authoritative docs commit 52bebecfb2a435d0e7ff2efea557c5799674ded6,SRC-096,"https://arxiv.org/abs/2302.12173, Abstract（external/retrieved dataに埋め込まれたpromptによる操作・リスク）",AUTHOR_CLAIM,risk=true,,,APPROPRIATE_SUPPORTED,Indirect Prompt Injection原著Abstractが、取得され得る外部データへ命令を埋め込みLLM統合アプリを操作する攻撃とリスクを直接記述する。,NOT_APPLICABLE_NON_NORMATIVE,NOT_APPLICABLE_NON_NORMATIVE,SOURCE_ASSERTED,5.6.3 (docs/5.根拠を選別・整形する/5.6.Context packing.md:71); authoritative docs commit 52bebecfb2a435d0e7ff2efea557c5799674ded6 の本文を維持し、確定した一次資料locator・主張役割・外的真偽境界を台帳へ固定する。,rag-guide-maintainers,,,,INCONCLUSIVE,NOT_APPLICABLE_UNPROVED,codex-primary-wave4,2026-08-15,codex-independent-wave4,2026-08-15,FINAL_TWO_REVIEWER_APPROVED
SENT-2172,52bebecfb2a435d0e7ff2efea557c5799674ded6,トークン上限を超えたときに文字列の末尾を切ると、文、表、コード、引用IDの途中が失われます。,token上限超過時は末尾を文字数で切らず、文、表、code block、citation IDの境界単位で削減します。,NL_PROPOSITION(トークン上限を超えたときに文字列の末尾を切ると、文、表、コード、引用IDの途中が失われます。),UNFORMALIZED,general_technical_claim,UNCLASSIFIED,5.6.4 (docs/5.根拠を選別・整形する/5.6.Context packing.md:76); authoritative docs commit 52bebecfb2a435d0e7ff2efea557c5799674ded6,,,DEFINITION_OR_SPEC,,UNFORMALIZED_NATURAL_LANGUAGE_CLAIM,NOT_APPLICABLE,REWRITE_REQUIRED,「token上限超過時は末尾を文字数で切らず」の証拠境界として、UNFORMALIZED_NATURAL_LANGUAGE_CLAIMに対応する一次資料locatorが空である以上、未確定の関係を技術一般の説明には使いません。token上限超過時は末尾を文字数で切らず、文、表、code block、citation IDの境界単位で削減します。 修正文が具体化する対象は「token上限超過時は末尾を文字数で切らず」です。「token上限超過時は末尾を文字数で切らず」の検討では、未確定の関係を実装時に判定できるよう、対象と操作を明示した文へ直しています。「token上限超過時は末尾を文字数で切らず」の採否について、UNFORMALIZED_NATURAL_LANGUAGE_CLAIMの実装情報を残しながら未支持関係を除くため、書換えを要求します。,NOT_APPLICABLE_NON_NORMATIVE,NOT_APPLICABLE_NON_NORMATIVE,NOT_APPLICABLE,5.6.4 (docs/5.根拠を選別・整形する/5.6.Context packing.md:76); authoritative docs commit 52bebecfb2a435d0e7ff2efea557c5799674ded6 の現文を次の文へ置換する: token上限超過時は末尾を文字数で切らず、文、表、code block、citation IDの境界単位で削減します。 再抽出した文面と分類を照合する。,rag-guide-maintainers,,,,INCONCLUSIVE,NOT_APPLICABLE_UNPROVED,codex-primary-wave4,2026-08-15,codex-independent-wave4,2026-08-15,FINAL_TWO_REVIEWER_APPROVED
SENT-2228,52bebecfb2a435d0e7ff2efea557c5799674ded6,RAGTruthは、取得した入力文脈に対して支持されない生成と矛盾する生成の例を収集しました。,,"NOT(AND(AND(ATOM(retrieval=true), ATOM(generation=true)), ATOM(evidence_support=true)))",NOT,externally_cited_claim,UNCLASSIFIED,5.7.2 (docs/5.根拠を選別・整形する/5.7.矛盾・古い根拠の扱い.md:64); authoritative docs commit 52bebecfb2a435d0e7ff2efea557c5799674ded6,SRC-090,"https://arxiv.org/abs/2401.00396, Abstract, lines 16–18",DEFINITION_OR_SPEC,retrieval=true;generation=true;evidence_support=true,,,APPROPRIATE_SUPPORTED,Gold標本の二者校正で確定。両案は直接locator未確認としてREWRITE_REQUIREDだったが、RAGTruth Abstractがretrieved contentsに対するunsupported/contradictory claimsと、手動注釈されたcorpusを直接記述するため支持へ更新。,NOT_APPLICABLE_NON_NORMATIVE,NOT_APPLICABLE_NON_NORMATIVE,SOURCE_ASSERTED,5.7.2 (docs/5.根拠を選別・整形する/5.7.矛盾・古い根拠の扱い.md:64); authoritative docs commit 52bebecfb2a435d0e7ff2efea557c5799674ded6 の本文を維持し、確定した一次資料locator・主張役割・外的真偽境界を台帳へ固定する。,rag-guide-maintainers,,,,INCONCLUSIVE,NOT_APPLICABLE_UNPROVED,codex-primary-wave4,2026-08-15,codex-independent-wave4,2026-08-15,FINAL_TWO_REVIEWER_APPROVED
SENT-2242,52bebecfb2a435d0e7ff2efea557c5799674ded6,Corrective RAGは、取得文書を評価し、必要に応じて検索結果を補正する経路を提案しました。,Corrective RAG論文は、取得文書の妥当性を評価し、その判定に応じて検索結果を補正する経路を同論文のRAG構成として提案しています。,"AND(AND(ATOM(retrieval=true), ATOM(evaluation=true)), ATOM(empirical_result=true))",AND,externally_cited_claim,必要,5.7.3 (docs/5.根拠を選別・整形する/5.7.矛盾・古い根拠の扱い.md:86); authoritative docs commit 52bebecfb2a435d0e7ff2efea557c5799674ded6,SRC-097,SRC-097 https://arxiv.org/abs/2401.15884 — abstract inspected 2026-08-15; 現主張への直接locatorは未確定,AUTHOR_CLAIM,NONE_DIRECTLY_VERIFIED,evaluation=true,NOT_APPLICABLE,REWRITE_REQUIRED,arxiv.orgのAbstractへの参照は台帳にありますが、evaluationについて各要素と結論との直接の対応まで同時に再特定できる直接箇所が確定していません。資料の帰属範囲をCorrective RAG論文は、取得文書の妥当性を評価し、その判定に応じて検索結果を補正する経路を同論文のRAG構成として提案しているという限定まで狭め、候補URLの存在だけで機序や結果を補わない文へ変更します。 修正文にある主体と操作対象は保ちつつ、直接根拠を越える各要素と結論との直接の対応を落とす差分なので、REWRITE_REQUIREDと判定します。,NOT_APPLICABLE_NON_NORMATIVE,NOT_APPLICABLE_NON_NORMATIVE,UNVERIFIED,5.7.3 (docs/5.根拠を選別・整形する/5.7.矛盾・古い根拠の扱い.md:86); authoritative docs commit 52bebecfb2a435d0e7ff2efea557c5799674ded6 の現文を次の文へ置換する: Corrective RAG論文は、取得文書の妥当性を評価し、その判定に応じて検索結果を補正する経路を同論文のRAG構成として提案しています。 再抽出した文面と分類を照合する。,rag-guide-maintainers,,,,INCONCLUSIVE,NOT_APPLICABLE_UNPROVED,codex-primary-wave4,2026-08-15,codex-independent-wave4,2026-08-15,FINAL_TWO_REVIEWER_APPROVED
SENT-2253,52bebecfb2a435d0e7ff2efea557c5799674ded6,RefCheckerは、参照に基づき、根拠に支えられない生成（ハルシネーション）を細かく検査する方法を扱いました。,RefCheckerは、指定referenceに照らして、生成claimを支持あり、支持なし、矛盾などへ細分類するhallucination検査方法とbenchmarkを扱っています。,"NOT(AND(AND(ATOM(generation=true), ATOM(hallucination=true)), ATOM(evidence_support=true)))",NOT,externally_cited_claim,UNCLASSIFIED,5.7.4 (docs/5.根拠を選別・整形する/5.7.矛盾・古い根拠の扱い.md:104); authoritative docs commit 52bebecfb2a435d0e7ff2efea557c5799674ded6,SRC-098,SRC-098 https://arxiv.org/abs/2405.14486 — abstract inspected 2026-08-15; 現主張への直接locatorは未確定,AUTHOR_CLAIM,NONE_DIRECTLY_VERIFIED,evidence_support=true,NOT,REWRITE_REQUIRED,arxiv.orgのAbstractへの参照は台帳にありますが、evidence_supportについて否定関係まで同時に再特定できる直接箇所が確定していません。資料の帰属範囲をRefCheckerは、指定referenceに照らして、生成claimを支持あり、支持なし、矛盾などへ細分類するhallucination検査方法とbenchmarkを扱っているという限定まで狭め、候補URLの存在だけで機序や結果を補わない文へ変更します。 修正文にある主体と操作対象は保ちつつ、直接根拠を越える否定関係を落とす差分なので、REWRITE_REQUIREDと判定します。,NOT_APPLICABLE_NON_NORMATIVE,NOT_APPLICABLE_NON_NORMATIVE,UNVERIFIED,5.7.4 (docs/5.根拠を選別・整形する/5.7.矛盾・古い根拠の扱い.md:104); authoritative docs commit 52bebecfb2a435d0e7ff2efea557c5799674ded6 の現文を次の文へ置換する: RefCheckerは、指定referenceに照らして、生成claimを支持あり、支持なし、矛盾などへ細分類するhallucination検査方法とbenchmarkを扱っています。 再抽出した文面と分類を照合する。,rag-guide-maintainers,,,,INCONCLUSIVE,NOT_APPLICABLE_UNPROVED,codex-primary-wave4,2026-08-15,codex-independent-wave4,2026-08-15,FINAL_TWO_REVIEWER_APPROVED
SENT-2261,52bebecfb2a435d0e7ff2efea557c5799674ded6,source trust、version、有効期間、ACL、citation payloadが欠損したunitは、scoreが高くても回答根拠として採用しません。,,"NOT(AND(AND(AND(ATOM(generation=true), ATOM(citation=true)), ATOM(evidence_support=true)), ATOM(authorization=true)))",NOT,general_technical_claim,有効,5.8.1 (docs/5.根拠を選別・整形する/5.8.Evidence validationとfallback.md:7); authoritative docs commit 52bebecfb2a435d0e7ff2efea557c5799674ded6,,,DEFINITION_OR_SPEC,,,,APPROPRIATE_NORMATIVE,source trust、version、有効期間、ACL、citation payloadが欠損したunitは、scoreが高くても回答根拠として採用しないという安全境界は、本ガイドが強制する制御として設けます。この規則の対象resourceとattributeをauthorization fixtureへ登録し、許可主体では取得・利用でき、非許可主体ではcandidate、context、answerの全段階でゼロ件になることを確認する。 適用境界では、この規則より法令、契約、組織policyが厳しい場合は厳しい統制を優先し、性能、可用性、費用を理由に対象resourceのauthorizationまたは隔離を省略しない。 負試験で境界を確かめ、統制を緩めない例外を明示できるので、APPROPRIATE_NORMATIVEです。,source trust、version、有効期間、ACL、citation payloadが欠損したunitは、scoreが高くても回答根拠として採用しないことを定める安全性・アクセス制御規則について、この規則の対象resourceとattributeをauthorization fixtureへ登録し、許可主体では取得・利用でき、非許可主体ではcandidate、context、answerの全段階でゼロ件になることを確認する。,source trust、version、有効期間、ACL、citation payloadが欠損したunitは、scoreが高くても回答根拠として採用しないことを定める安全性・アクセス制御規則の例外として、この規則より法令、契約、組織policyが厳しい場合は厳しい統制を優先し、性能、可用性、費用を理由に対象resourceのauthorizationまたは隔離を省略しない。,NOT_APPLICABLE,5.8.1 (docs/5.根拠を選別・整形する/5.8.Evidence validationとfallback.md:7); authoritative docs commit 52bebecfb2a435d0e7ff2efea557c5799674ded6 の本文を維持し、normative_criteriaとexceptionsを設計台帳へ固定する。,rag-guide-maintainers,,,,INCONCLUSIVE,NOT_APPLICABLE_UNPROVED,codex-primary-wave4,2026-08-15,codex-independent-wave4,2026-08-15,FINAL_TWO_REVIEWER_APPROVED
SENT-2287,52bebecfb2a435d0e7ff2efea557c5799674ded6,生成器の責任を要約、統合、引用、回答保留へ定め、検索・選別の問題は該当する上流工程で改善します。,,"AND(AND(AND(AND(ATOM(generated_summaries=true), ATOM(retrieval=true)), ATOM(generation=true)), ATOM(citation=true)), ATOM(empirical_result=true))",AND,empirical_or_research_claim,UNCLASSIFIED,FILE-INTRO (docs/6.根拠に基づいて回答する/6.1.Grounded prompt.md:4); authoritative docs commit 52bebecfb2a435d0e7ff2efea557c5799674ded6,,,DEFINITION_OR_SPEC,,,,APPROPRIATE_NORMATIVE,生成器の責任を要約、統合、引用、回答保留へ定め、検索・選別の問題は該当する上流工程で改善するという採否判断は、比較対象と合格条件を実行結果で識別するために置きます。answer claimごとにsummary/integration/citation/abstentionのgeneration責任を検査し、gold evidenceがcandidateまたはfinal contextにないfailureはretrieval/evidence-selection issueへ送る。 さらに、複数stageのfailureを併記できるが、upstreamで欠落したevidenceをgeneration promptだけで修正済みと扱わない。 この扱いを例外として記録します。 同じ条件での比較と採用しない条件を両方記録できるため、APPROPRIATE_NORMATIVEです。,answer claimごとにsummary/integration/citation/abstentionのgeneration責任を検査し、gold evidenceがcandidateまたはfinal contextにないfailureはretrieval/evidence-selection issueへ送る。,複数stageのfailureを併記できるが、upstreamで欠落したevidenceをgeneration promptだけで修正済みと扱わない。,NOT_APPLICABLE,FILE-INTRO (docs/6.根拠に基づいて回答する/6.1.Grounded prompt.md:4); authoritative docs commit 52bebecfb2a435d0e7ff2efea557c5799674ded6 の本文を維持し、normative_criteriaとexceptionsを設計台帳へ固定する。,rag-guide-maintainers,,,,INCONCLUSIVE,NOT_APPLICABLE_UNPROVED,codex-primary-wave4,2026-08-15,codex-independent-wave4,2026-08-15,FINAL_TWO_REVIEWER_APPROVED
SENT-2347,52bebecfb2a435d0e7ff2efea557c5799674ded6,回答状態を二値だけにせず、完全回答、部分回答、確認質問、根拠不足、矛盾、権限上回答不可、対象範囲外へ分けます。,,"NOT(AND(AND(AND(ATOM(generation=true), ATOM(evidence_support=true)), ATOM(authorization=true)), ATOM(empirical_result=true)))",NOT,empirical_or_research_claim,UNCLASSIFIED,6.3.1 (docs/6.根拠に基づいて回答する/6.3.Answerability・Refusal.md:9); authoritative docs commit 52bebecfb2a435d0e7ff2efea557c5799674ded6,,,DEFINITION_OR_SPEC,,,,APPROPRIATE_NORMATIVE,回答状態を二値だけにせず、完全回答、部分回答、確認質問、根拠不足、矛盾、権限上回答不可、対象範囲外へ分けるという安全境界は、本ガイドが強制する制御として設けます。gold fixtureごとにcomplete answer、partial answer、clarifying question、insufficient evidence、conflict、authorization denied、out of scopeの一状態を返し、状態と回答本文・citationの整合を確認する。 適用境界では、複数状態が成立する場合は優先規則をversion管理できるが、authorization deniedをcomplete/partial answerへ格上げしない。 負試験で境界を確かめ、統制を緩めない例外を明示できるので、APPROPRIATE_NORMATIVEです。,gold fixtureごとにcomplete answer、partial answer、clarifying question、insufficient evidence、conflict、authorization denied、out of scopeの一状態を返し、状態と回答本文・citationの整合を確認する。,複数状態が成立する場合は優先規則をversion管理できるが、authorization deniedをcomplete/partial answerへ格上げしない。,NOT_APPLICABLE,6.3.1 (docs/6.根拠に基づいて回答する/6.3.Answerability・Refusal.md:9); authoritative docs commit 52bebecfb2a435d0e7ff2efea557c5799674ded6 の本文を維持し、normative_criteriaとexceptionsを設計台帳へ固定する。,rag-guide-maintainers,,,,INCONCLUSIVE,NOT_APPLICABLE_UNPROVED,codex-primary-wave4,2026-08-15,codex-independent-wave4,2026-08-15,FINAL_TWO_REVIEWER_APPROVED
SENT-2349,52bebecfb2a435d0e7ff2efea557c5799674ded6,GopherCiteは、引用付き回答と回答しない選択を組み合わせました。,GopherCiteの評価構成は、回答へ検証対象の引用を付ける動作と、十分な根拠がない場合に回答しない動作を組み合わせています。,"NOT(AND(ATOM(generation=true), ATOM(citation=true)))",NOT,externally_cited_claim,UNCLASSIFIED,6.3.1 (docs/6.根拠に基づいて回答する/6.3.Answerability・Refusal.md:12); authoritative docs commit 52bebecfb2a435d0e7ff2efea557c5799674ded6,SRC-100,SRC-100 https://arxiv.org/abs/2203.11147 — abstract inspected 2026-08-15; 現主張への直接locatorは未確定,AUTHOR_CLAIM,NONE_DIRECTLY_VERIFIED,citation=true;generation=true,NOT,REWRITE_REQUIRED,arxiv.orgのAbstractへの参照は台帳にありますが、citation、generationについて否定関係まで同時に再特定できる直接箇所が確定していません。資料の帰属範囲をGopherCiteの評価構成は、回答へ検証対象の引用を付ける動作と、十分な根拠がない場合に回答しない動作を組み合わせているという限定まで狭め、候補URLの存在だけで機序や結果を補わない文へ変更します。 修正文にある主体と操作対象は保ちつつ、直接根拠を越える否定関係を落とす差分なので、REWRITE_REQUIREDと判定します。,NOT_APPLICABLE_NON_NORMATIVE,NOT_APPLICABLE_NON_NORMATIVE,UNVERIFIED,6.3.1 (docs/6.根拠に基づいて回答する/6.3.Answerability・Refusal.md:12); authoritative docs commit 52bebecfb2a435d0e7ff2efea557c5799674ded6 の現文を次の文へ置換する: GopherCiteの評価構成は、回答へ検証対象の引用を付ける動作と、十分な根拠がない場合に回答しない動作を組み合わせています。 再抽出した文面と分類を照合する。,rag-guide-maintainers,,,,INCONCLUSIVE,NOT_APPLICABLE_UNPROVED,codex-primary-wave4,2026-08-15,codex-independent-wave4,2026-08-15,FINAL_TWO_REVIEWER_APPROVED
SENT-2350,52bebecfb2a435d0e7ff2efea557c5799674ded6,SQuAD 2.0は、与えられた文章中に答えがない質問を評価へ導入しました。,SQuAD 2.0は、passage中にanswer spanが存在しないquestionを追加し、回答抽出と回答不能判定を同じreading comprehension taskで評価します。,NOT(ATOM(evaluation=true)),NOT,externally_cited_claim,UNCLASSIFIED,6.3.1 (docs/6.根拠に基づいて回答する/6.3.Answerability・Refusal.md:13); authoritative docs commit 52bebecfb2a435d0e7ff2efea557c5799674ded6,SRC-101,SRC-101 https://arxiv.org/abs/1806.03822 — abstract inspected 2026-08-15; 現主張への直接locatorは未確定,AUTHOR_CLAIM,NONE_DIRECTLY_VERIFIED,evaluation=true,NOT,REWRITE_REQUIRED,arxiv.orgのAbstractへの参照は台帳にありますが、evaluationについて否定関係まで同時に再特定できる直接箇所が確定していません。資料の帰属範囲をSQuAD 2.0は、passage中にanswer spanが存在しないquestionを追加し、回答抽出と回答不能判定を同じreading comprehension taskで評価するという限定まで狭め、候補URLの存在だけで機序や結果を補わない文へ変更します。 修正文にある主体と操作対象は保ちつつ、直接根拠を越える否定関係を落とす差分なので、REWRITE_REQUIREDと判定します。,NOT_APPLICABLE_NON_NORMATIVE,NOT_APPLICABLE_NON_NORMATIVE,UNVERIFIED,6.3.1 (docs/6.根拠に基づいて回答する/6.3.Answerability・Refusal.md:13); authoritative docs commit 52bebecfb2a435d0e7ff2efea557c5799674ded6 の現文を次の文へ置換する: SQuAD 2.0は、passage中にanswer spanが存在しないquestionを追加し、回答抽出と回答不能判定を同じreading comprehension taskで評価します。 再抽出した文面と分類を照合する。,rag-guide-maintainers,,,,INCONCLUSIVE,NOT_APPLICABLE_UNPROVED,codex-primary-wave4,2026-08-15,codex-independent-wave4,2026-08-15,FINAL_TWO_REVIEWER_APPROVED
SENT-2382,52bebecfb2a435d0e7ff2efea557c5799674ded6,内部では、文書、チャンク、ページ、節、URL、原文範囲へたどれる必要があります。,,NL_PROPOSITION(内部では、文書、チャンク、ページ、節、URL、原文範囲へたどれる必要があります。),UNFORMALIZED,general_technical_claim,必要,6.4.1 (docs/6.根拠に基づいて回答する/6.4.Citation設計.md:11); authoritative docs commit 52bebecfb2a435d0e7ff2efea557c5799674ded6,,,DEFINITION_OR_SPEC,,,,APPROPRIATE_NORMATIVE,内部では、文書、チャンク、ページ、節、URL、原文範囲へたどれる必要があるという運用要件は、実行時の判断を担当者ごとにぶらさないためのローカル規則です。各evidence itemにdocument ID、chunk ID、page/section、source URL、character rangeを持たせ、回答中citationから保存原文へ欠損なく到達できることを確認する。 さらに、data typeに存在しないlocator fieldはrecord keyやJSON pathで代替できるが、document単位より細かい原文位置を失わない。 この扱いを例外として記録します。 実装結果と例外発生時の扱いを個別に検査できるため、APPROPRIATE_NORMATIVEです。,各evidence itemにdocument ID、chunk ID、page/section、source URL、character rangeを持たせ、回答中citationから保存原文へ欠損なく到達できることを確認する。,data typeに存在しないlocator fieldはrecord keyやJSON pathで代替できるが、document単位より細かい原文位置を失わない。,NOT_APPLICABLE,6.4.1 (docs/6.根拠に基づいて回答する/6.4.Citation設計.md:11); authoritative docs commit 52bebecfb2a435d0e7ff2efea557c5799674ded6 の本文を維持し、normative_criteriaとexceptionsを設計台帳へ固定する。,rag-guide-maintainers,,,,INCONCLUSIVE,NOT_APPLICABLE_UNPROVED,codex-primary-wave4,2026-08-15,codex-independent-wave4,2026-08-15,FINAL_TWO_REVIEWER_APPROVED
SENT-2449,52bebecfb2a435d0e7ff2efea557c5799674ded6,FActScoreは、長文をこれ以上分けにくい小さな事実へ分解し、それぞれの知識源による支持を測りました。,FActScoreは、評価対象のlong-form textをatomic factへ分割し、各factに対する指定knowledge sourceの支持を個別に採点します。,ATOM(evidence_support=true),ATOM,externally_cited_claim,UNCLASSIFIED,6.6.1 (docs/6.根拠に基づいて回答する/6.6.Claim-level verification.md:12); authoritative docs commit 52bebecfb2a435d0e7ff2efea557c5799674ded6,SRC-094,SRC-094 https://arxiv.org/abs/2305.14251 — abstract inspected 2026-08-15; 現主張への直接locatorは未確定,AUTHOR_CLAIM,NONE_DIRECTLY_VERIFIED,evidence_support=true,NOT_APPLICABLE,REWRITE_REQUIRED,arxiv.orgのAbstractへの参照は台帳にありますが、evidence_supportについて各要素と結論との直接の対応まで同時に再特定できる直接箇所が確定していません。資料の帰属範囲をFActScoreは、評価対象のlong-form textをatomic factへ分割し、各factに対する指定knowledge sourceの支持を個別に採点するという限定まで狭め、候補URLの存在だけで機序や結果を補わない文へ変更します。 修正文にある主体と操作対象は保ちつつ、直接根拠を越える各要素と結論との直接の対応を落とす差分なので、REWRITE_REQUIREDと判定します。,NOT_APPLICABLE_NON_NORMATIVE,NOT_APPLICABLE_NON_NORMATIVE,UNVERIFIED,6.6.1 (docs/6.根拠に基づいて回答する/6.6.Claim-level verification.md:12); authoritative docs commit 52bebecfb2a435d0e7ff2efea557c5799674ded6 の現文を次の文へ置換する: FActScoreは、評価対象のlong-form textをatomic factへ分割し、各factに対する指定knowledge sourceの支持を個別に採点します。 再抽出した文面と分類を照合する。,rag-guide-maintainers,,,,INCONCLUSIVE,NOT_APPLICABLE_UNPROVED,codex-primary-wave4,2026-08-15,codex-independent-wave4,2026-08-15,FINAL_TWO_REVIEWER_APPROVED
SENT-2528,52bebecfb2a435d0e7ff2efea557c5799674ded6,回答がaction候補を提案する場合も、実行要求、parameter、承認状態、結果を別のtyped contractで扱います。,,"IMP(ATOM(generation=true), ATOM(empirical_result=true))",IMPLIES,empirical_or_research_claim,UNCLASSIFIED,FILE-INTRO (docs/6.根拠に基づいて回答する/6.8.回答と業務実行の境界.md:9); authoritative docs commit 52bebecfb2a435d0e7ff2efea557c5799674ded6,,,DEFINITION_OR_SPEC,,,,APPROPRIATE_NORMATIVE,回答がaction候補を提案する場合も、実行要求、parameter、承認状態、結果を別のtyped contractで扱うという検索経路は、候補の収集・統合・選択を再現可能にするガイド内の決定です。action候補を含む回答では、実行要求、typed parameter、approval status、execution resultを別objectとしてschema検証し、自然言語回答だけでtoolを実行しない。 さらに、読取り専用で副作用のないpreviewもtyped requestは必要だが、組織方針で承認不要と定義した操作はapproval statusをnot-requiredにできる。 この扱いを例外として記録します。 検索結果の合格条件と別経路へ切り替える条件が検査できるため、APPROPRIATE_NORMATIVEです。,action候補を含む回答では、実行要求、typed parameter、approval status、execution resultを別objectとしてschema検証し、自然言語回答だけでtoolを実行しない。,読取り専用で副作用のないpreviewもtyped requestは必要だが、組織方針で承認不要と定義した操作はapproval statusをnot-requiredにできる。,NOT_APPLICABLE,FILE-INTRO (docs/6.根拠に基づいて回答する/6.8.回答と業務実行の境界.md:9); authoritative docs commit 52bebecfb2a435d0e7ff2efea557c5799674ded6 の本文を維持し、normative_criteriaとexceptionsを設計台帳へ固定する。,rag-guide-maintainers,,,,INCONCLUSIVE,NOT_APPLICABLE_UNPROVED,codex-primary-wave4,2026-08-15,codex-independent-wave4,2026-08-15,FINAL_TWO_REVIEWER_APPROVED
SENT-2537,52bebecfb2a435d0e7ff2efea557c5799674ded6,Toolformerは、言語モデルがAPI呼び出しを学習する方法を扱い、ReActは推論と行動を交互に進めました。,,"AND(AND(ATOM(learned=true), ATOM(generation=true)), ATOM(tool_use=true))",AND,externally_cited_claim,UNCLASSIFIED,FILE-INTRO (docs/6.根拠に基づいて回答する/6.8.回答と業務実行の境界.md:20); authoritative docs commit 52bebecfb2a435d0e7ff2efea557c5799674ded6,SRC-163;SRC-116,"https://arxiv.org/abs/2302.04761, Abstract, lines 16–18; https://arxiv.org/abs/2210.03629, Abstract, lines 16–20",AUTHOR_CLAIM,learned=true;generation=true;tool_use=true,,,APPROPRIATE_SUPPORTED,Gold標本の二者校正で確定。両案は直接locator未確認としてREWRITE_REQUIREDだったが、ToolformerとReActの各AbstractがAPI利用学習とreasoning/actionのinterleavingをそれぞれ直接記述する。,NOT_APPLICABLE_NON_NORMATIVE,NOT_APPLICABLE_NON_NORMATIVE,SOURCE_ASSERTED,FILE-INTRO (docs/6.根拠に基づいて回答する/6.8.回答と業務実行の境界.md:20); authoritative docs commit 52bebecfb2a435d0e7ff2efea557c5799674ded6 の本文を維持し、確定した一次資料locator・主張役割・外的真偽境界を台帳へ固定する。,rag-guide-maintainers,,,,INCONCLUSIVE,NOT_APPLICABLE_UNPROVED,codex-primary-wave4,2026-08-15,codex-independent-wave4,2026-08-15,FINAL_TWO_REVIEWER_APPROVED
SENT-2538,52bebecfb2a435d0e7ff2efea557c5799674ded6,これらの研究は、個別業務での実行権限をLLMへ与える根拠ではありません。,本ガイドでは、これらの研究を、個別業務でLLMへ実行権限を付与する根拠として扱いません。,"NOT(AND(ATOM(evidence_support=true), ATOM(authorization=true)))",NOT,empirical_or_research_claim,UNCLASSIFIED,FILE-INTRO (docs/6.根拠に基づいて回答する/6.8.回答と業務実行の境界.md:21); authoritative docs commit 52bebecfb2a435d0e7ff2efea557c5799674ded6,,,DEFINITION_OR_SPEC,,,,APPROPRIATE_NORMATIVE,本ガイドでは、これらの研究を、個別業務でLLMへ実行権限を付与する根拠として扱わないという安全境界は、本ガイドが強制する制御として設けます。LLMへ付与する各tool permissionについて、業務owner、許可operation、argument制約、human approval、負試験を別のauthorization記録に持ち、引用研究だけで実行権限を承認しない。 さらに、研究結果はtool-use方式の候補選定やattack fixture作成に利用できるが、個別業務のauthorizationとside-effect承認の代替にはしない。 この扱いを例外として記録します。 負試験で境界を確かめ、統制を緩めない例外を明示できるので、APPROPRIATE_NORMATIVEです。,LLMへ付与する各tool permissionについて、業務owner、許可operation、argument制約、human approval、負試験を別のauthorization記録に持ち、引用研究だけで実行権限を承認しない。,研究結果はtool-use方式の候補選定やattack fixture作成に利用できるが、個別業務のauthorizationとside-effect承認の代替にはしない。,NOT_APPLICABLE,FILE-INTRO (docs/6.根拠に基づいて回答する/6.8.回答と業務実行の境界.md:21); authoritative docs commit 52bebecfb2a435d0e7ff2efea557c5799674ded6 の現文を次の文へ置換する: 本ガイドでは、これらの研究を、個別業務でLLMへ実行権限を付与する根拠として扱いません。 再抽出した文面と分類を照合する。,rag-guide-maintainers,,,,INCONCLUSIVE,NOT_APPLICABLE_UNPROVED,codex-primary-wave4,2026-08-15,codex-independent-wave4,2026-08-15,FINAL_TWO_REVIEWER_APPROVED
SENT-2548,52bebecfb2a435d0e7ff2efea557c5799674ded6,回答中の主張をcitation IDへ対応付け、根拠が支えない断定を検出できる形で返します。,,"NOT(AND(AND(ATOM(generation=true), ATOM(citation=true)), ATOM(evidence_support=true)))",NOT,general_technical_claim,できる,INTRO-6 (docs/6.根拠に基づいて回答する/序文.md:7); authoritative docs commit 52bebecfb2a435d0e7ff2efea557c5799674ded6,,,DEFINITION_OR_SPEC,,,,APPROPRIATE_NORMATIVE,回答中の主張をcitation IDへ対応付け、根拠が支えない断定を検出できる形で返すという追跡要件は、後続工程から入力と版へ戻るための局所契約です。この規則に列挙したID、version、artifactを必須schema fieldにし、任意のanswer/citationからsource document、original span、chunk、retrieval rank、configuration versionへ欠損なく到達できることを確認する。 適用境界では、対象値に個人情報または保存期限の制約がある場合は仮名化・分離保管へ置換できるが、source/version/spanを復元する承認済み対応表は保持する。 逆引き可能性と保存上の例外を台帳で確かめられるため、APPROPRIATE_NORMATIVEです。,回答中の主張をcitation IDへ対応付け、根拠が支えない断定を検出できる形で返すことを定める追跡性・証跡管理規則について、この規則に列挙したID、version、artifactを必須schema fieldにし、任意のanswer/citationからsource document、original span、chunk、retrieval rank、configuration versionへ欠損なく到達できることを確認する。,回答中の主張をcitation IDへ対応付け、根拠が支えない断定を検出できる形で返すことを定める追跡性・証跡管理規則の例外として、対象値に個人情報または保存期限の制約がある場合は仮名化・分離保管へ置換できるが、source/version/spanを復元する承認済み対応表は保持する。,NOT_APPLICABLE,INTRO-6 (docs/6.根拠に基づいて回答する/序文.md:7); authoritative docs commit 52bebecfb2a435d0e7ff2efea557c5799674ded6 の本文を維持し、normative_criteriaとexceptionsを設計台帳へ固定する。,rag-guide-maintainers,,,,INCONCLUSIVE,NOT_APPLICABLE_UNPROVED,codex-primary-wave4,2026-08-15,codex-independent-wave4,2026-08-15,FINAL_TWO_REVIEWER_APPROVED
SENT-2580,52bebecfb2a435d0e7ff2efea557c5799674ded6,Data Validation for Machine Learningが機械学習パイプラインの入口でスキーマや分布の異常を検出するように、RAGでも公開前に知識成果物を検査します。,RAGでは、公開前に知識成果物のschemaと分布の異常を検査します。,"AND(ATOM(data_quality=true), ATOM(dataflow=true))",AND,externally_cited_claim,UNCLASSIFIED,7.1.2 (docs/7.品質を評価し改善する/7.1.評価設計の全体像.md:46); authoritative docs commit 52bebecfb2a435d0e7ff2efea557c5799674ded6,,,DEFINITION_OR_SPEC,,,,APPROPRIATE_NORMATIVE,公開前検査の対象をRAGの知識成果物に限定すれば、外部枠組みの挙動を根拠なしに説明する必要はありません。成果物のschemaと分布を検査し、manifestに記録した成功条件を満たさない成果物は公開工程へ進めない規則として扱います。外部資料の記述ではなく観測可能な公開gateへ直すため、APPROPRIATE_NORMATIVEです。,知識成果物のschema必須field、型、件数、欠損率、値分布の許容範囲をrelease manifestへ定義し、公開候補が全検査を通過したことを記録する。,比較可能な基準分布がまだない初回公開では分布検査を警告扱いにできるが、schema、型、必須field、件数の検査は省略せず、基準分布を確定する期限とownerを残す。,NOT_APPLICABLE,7.1.2 (docs/7.品質を評価し改善する/7.1.評価設計の全体像.md:46); authoritative docs commit 52bebecfb2a435d0e7ff2efea557c5799674ded6 の現文を次の文へ置換する: RAGでは、公開前に知識成果物のschemaと分布の異常を検査します。 再抽出した文面と分類を照合する。,rag-guide-maintainers,,,,INCONCLUSIVE,NOT_APPLICABLE_UNPROVED,codex-primary-wave4,2026-08-15,codex-independent-wave4,2026-08-15,FINAL_TWO_REVIEWER_APPROVED
SENT-2590,52bebecfb2a435d0e7ff2efea557c5799674ded6,| Precision@k | 上位k件のうち正解である割合 | 候補のノイズ確認 |,| Precision@k | 上位k件のうち正解である割合 | 候補のノイズ確認 |,NL_PROPOSITION(| Precision@k | 上位k件のうち正解である割合 | 候補のノイズ確認 |),UNFORMALIZED,general_technical_claim,UNCLASSIFIED,7.1.2 (docs/7.品質を評価し改善する/7.1.評価設計の全体像.md:61); authoritative docs commit 52bebecfb2a435d0e7ff2efea557c5799674ded6,SRC-002;SRC-005;SRC-010;SRC-013;SRC-017,SRC-002 https://aclanthology.org/2020.emnlp-main.550/ — abstract inspected 2026-08-15; 現主張への直接locatorは未確定; SRC-005 https://doi.org/10.1561/1500000019 — primary_page inspected 2026-08-15; 現主張への直接locatorは未確定; SRC-010 https://arxiv.org/abs/1803.09010 — abstract inspected 2026-08-15; 現主張への直接locatorは未確定,DEFINITION_OR_SPEC,NONE_DIRECTLY_VERIFIED,UNFORMALIZED_NATURAL_LANGUAGE_CLAIM,NOT_APPLICABLE,REMOVE_OR_REPLACE,| Precision@k | 上位k件のうち正解である割合 | 候補のノイズ確認 | この行は 7.1.2 (docs/7.品質を評価し改善する/7.1.評価設計の全体像.md:61); authoritative docs commit 52bebecfb2a435d0e7ff2efea557c5799674ded6 にあるMarkdown表示単位で、単独の技術命題として検証できる主語・述語を備えていません。表示は維持しつつ UNFORMALIZED_NATURAL_LANGUAGE_CLAIM を証拠要求の命題集合から除外するため、REMOVE_OR_REPLACEの分類overrideを適用します。,NOT_APPLICABLE_NON_NORMATIVE,NOT_APPLICABLE_NON_NORMATIVE,UNVERIFIED,7.1.2 (docs/7.品質を評価し改善する/7.1.評価設計の全体像.md:61); authoritative docs commit 52bebecfb2a435d0e7ff2efea557c5799674ded6 のMarkdown表示は維持し、Wave 4分類overrideで技術的事実の命題集合から除外する。,rag-guide-maintainers,,,,INCONCLUSIVE,NOT_APPLICABLE_UNPROVED,codex-primary-wave4,2026-08-15,codex-independent-wave4,2026-08-15,FINAL_TWO_REVIEWER_APPROVED
SENT-2592,52bebecfb2a435d0e7ff2efea557c5799674ded6,| nDCG@k | 関連度と順位を反映した利得 | 複数段階の関連度がある検索 |,| nDCG@k | 関連度と順位を反映した利得 | 複数段階の関連度がある検索 |,"AND(AND(ATOM(multi_hop=true), ATOM(retrieval=true)), ATOM(ranking_metric=true))",AND,general_technical_claim,UNCLASSIFIED,7.1.2 (docs/7.品質を評価し改善する/7.1.評価設計の全体像.md:63); authoritative docs commit 52bebecfb2a435d0e7ff2efea557c5799674ded6,SRC-019;SRC-043;SRC-089,SRC-019 https://research.google/pubs/data-validation-for-machine-learning/ — primary_page inspected 2026-08-15; 現主張への直接locatorは未確定; SRC-043 https://arxiv.org/abs/2004.04906 — abstract inspected 2026-08-15; 現主張への直接locatorは未確定; SRC-089 https://arxiv.org/abs/2310.04408 — abstract inspected 2026-08-15; 現主張への直接locatorは未確定,DEFINITION_OR_SPEC,NONE_DIRECTLY_VERIFIED,multi_hop=true;ranking_metric=true,NOT_APPLICABLE,REMOVE_OR_REPLACE,| nDCG@k | 関連度と順位を反映した利得 | 複数段階の関連度がある検索 | この行は 7.1.2 (docs/7.品質を評価し改善する/7.1.評価設計の全体像.md:63); authoritative docs commit 52bebecfb2a435d0e7ff2efea557c5799674ded6 にあるMarkdown表示単位で、単独の技術命題として検証できる主語・述語を備えていません。表示は維持しつつ multi_hop=true;ranking_metric=true を証拠要求の命題集合から除外するため、REMOVE_OR_REPLACEの分類overrideを適用します。,NOT_APPLICABLE_NON_NORMATIVE,NOT_APPLICABLE_NON_NORMATIVE,UNVERIFIED,7.1.2 (docs/7.品質を評価し改善する/7.1.評価設計の全体像.md:63); authoritative docs commit 52bebecfb2a435d0e7ff2efea557c5799674ded6 のMarkdown表示は維持し、Wave 4分類overrideで技術的事実の命題集合から除外する。,rag-guide-maintainers,,,,INCONCLUSIVE,NOT_APPLICABLE_UNPROVED,codex-primary-wave4,2026-08-15,codex-independent-wave4,2026-08-15,FINAL_TWO_REVIEWER_APPROVED
SENT-2600,52bebecfb2a435d0e7ff2efea557c5799674ded6,主な指標には、再順位付け前後のMRRとnDCG、正解根拠保持率、重複率、文書多様性、圧縮率、正解スパン保持率があります。,post-retrieval評価ではMRR、nDCG、正解根拠保持率、重複率、source多様性、圧縮率、正解span保持率を同じrunで記録します。,"AND(AND(AND(AND(ATOM(rerank=true), ATOM(diversity=true)), ATOM(compression=true)), ATOM(evidence_support=true)), ATOM(ranking_metric=true))",AND,general_technical_claim,UNCLASSIFIED,7.1.2 (docs/7.品質を評価し改善する/7.1.評価設計の全体像.md:75); authoritative docs commit 52bebecfb2a435d0e7ff2efea557c5799674ded6,,,DEFINITION_OR_SPEC,,diversity=true;ranking_metric=true;rerank=true,NOT_APPLICABLE,REWRITE_REQUIRED,「post-retrieval評価ではMRR」の証拠境界として、diversity=true、ranking_metric=true、rerank=trueに対応する一次資料locatorが空である以上、未確定の関係を技術一般の説明には使いません。post-retrieval評価ではMRR、nDCG、正解根拠保持率、重複率、source多様性、圧縮率、正解span保持率を同じrunで記録します。 修正文が具体化する対象は「post-retrieval評価ではMRR」です。「post-retrieval評価ではMRR」の検討では、diversity=true、ranking_metric=true、rerank=trueを外部で常に成立する命題にはせず、このガイドの実装境界として記述します。「post-retrieval評価ではMRR」の採否について、diversity=true、ranking_metric=true、rerank=trueの証拠境界を本文へ反映する必要があるため、REWRITE_REQUIREDです。,NOT_APPLICABLE_NON_NORMATIVE,NOT_APPLICABLE_NON_NORMATIVE,NOT_APPLICABLE,7.1.2 (docs/7.品質を評価し改善する/7.1.評価設計の全体像.md:75); authoritative docs commit 52bebecfb2a435d0e7ff2efea557c5799674ded6 の現文を次の文へ置換する: post-retrieval評価ではMRR、nDCG、正解根拠保持率、重複率、source多様性、圧縮率、正解span保持率を同じrunで記録します。 再抽出した文面と分類を照合する。,rag-guide-maintainers,,,,INCONCLUSIVE,NOT_APPLICABLE_UNPROVED,codex-primary-wave4,2026-08-15,codex-independent-wave4,2026-08-15,FINAL_TWO_REVIEWER_APPROVED
SENT-2615,52bebecfb2a435d0e7ff2efea557c5799674ded6,ALCEは長文回答について引用の正しさと網羅性を評価し、FActScoreは長文を検証可能な原子的事実へ分解します。,ALCEは長文回答の引用についてcitation precisionとcitation recallを評価し、FActScoreは長文回答を原子的事実へ分解して知識源による支持を評価します。,"AND(AND(AND(ATOM(generation=true), ATOM(citation=true)), ATOM(verification=true)), ATOM(evaluation=true))",AND,externally_cited_claim,可能,7.1.3 (docs/7.品質を評価し改善する/7.1.評価設計の全体像.md:97); authoritative docs commit 52bebecfb2a435d0e7ff2efea557c5799674ded6,SRC-037;SRC-094,SRC-037 https://arxiv.org/abs/2305.14627 — abstract inspected 2026-08-15; 現主張への直接locatorは未確定; SRC-094 https://arxiv.org/abs/2305.14251 — abstract inspected 2026-08-15; 現主張への直接locatorは未確定,AUTHOR_CLAIM,NONE_DIRECTLY_VERIFIED,verification=true,NOT_APPLICABLE,REWRITE_REQUIRED,arxiv.orgのAbstractへの参照は台帳にありますが、verificationについて各要素と結論との直接の対応まで同時に再特定できる直接箇所が確定していません。資料の帰属範囲をALCEは長文回答の引用についてcitation precisionとcitation recallを評価し、FActScoreは長文回答を原子的事実へ分解して知識源による支持を評価するという限定まで狭め、候補URLの存在だけで機序や結果を補わない文へ変更します。 修正文にある主体と操作対象は保ちつつ、直接根拠を越える各要素と結論との直接の対応を落とす差分なので、REWRITE_REQUIREDと判定します。,NOT_APPLICABLE_NON_NORMATIVE,NOT_APPLICABLE_NON_NORMATIVE,UNVERIFIED,7.1.3 (docs/7.品質を評価し改善する/7.1.評価設計の全体像.md:97); authoritative docs commit 52bebecfb2a435d0e7ff2efea557c5799674ded6 の現文を次の文へ置換する: ALCEは長文回答の引用についてcitation precisionとcitation recallを評価し、FActScoreは長文回答を原子的事実へ分解して知識源による支持を評価します。 再抽出した文面と分類を照合する。,rag-guide-maintainers,,,,INCONCLUSIVE,NOT_APPLICABLE_UNPROVED,codex-primary-wave4,2026-08-15,codex-independent-wave4,2026-08-15,FINAL_TWO_REVIEWER_APPROVED
SENT-2622,52bebecfb2a435d0e7ff2efea557c5799674ded6,システム特性については、最初のトークンまでの時間、95パーセンタイル遅延、タイムアウト率、一質問当たりの費用を併記します。,system評価表にはtime-to-first-token、p95 latency、timeout率、query当たり費用を同じ計測窓で併記します。,"AND(ATOM(temporal_freshness=true), ATOM(cost=true))",AND,general_technical_claim,UNCLASSIFIED,7.1.3 (docs/7.品質を評価し改善する/7.1.評価設計の全体像.md:107); authoritative docs commit 52bebecfb2a435d0e7ff2efea557c5799674ded6,,,DEFINITION_OR_SPEC,,temporal_freshness=true,NOT_APPLICABLE,REWRITE_REQUIRED,「system評価表にはtime-to-first-token」の検討では、temporal_freshness=trueについては技術一般の性質を断定せず、構成上の扱いだけを定めます。system評価表にはtime-to-first-token、p95 latency、timeout率、query当たり費用を同じ計測窓で併記します。 修正文が具体化する対象は「system評価表にはtime-to-first-token」です。「system評価表にはtime-to-first-token」の証拠境界として、元命題にある未確定の関係はtemporal_freshness=trueの裏付けを欠くため、実装規則とは分離します。「system評価表にはtime-to-first-token」の採否について、temporal_freshness=trueの証拠境界を本文へ反映する必要があるため、REWRITE_REQUIREDです。,NOT_APPLICABLE_NON_NORMATIVE,NOT_APPLICABLE_NON_NORMATIVE,NOT_APPLICABLE,7.1.3 (docs/7.品質を評価し改善する/7.1.評価設計の全体像.md:107); authoritative docs commit 52bebecfb2a435d0e7ff2efea557c5799674ded6 の現文を次の文へ置換する: system評価表にはtime-to-first-token、p95 latency、timeout率、query当たり費用を同じ計測窓で併記します。 再抽出した文面と分類を照合する。,rag-guide-maintainers,,,,INCONCLUSIVE,NOT_APPLICABLE_UNPROVED,codex-primary-wave4,2026-08-15,codex-independent-wave4,2026-08-15,FINAL_TWO_REVIEWER_APPROVED
SENT-2623,52bebecfb2a435d0e7ff2efea557c5799674ded6,95パーセンタイル遅延は、処理時間が短い順に並べたときに95%の要求が収まる値です。,p95 latencyは、同じ計測窓の処理時間を昇順に並べたとき、95%の要求がその値以下で完了する境界として計算します。,NL_PROPOSITION(95パーセンタイル遅延は、処理時間が短い順に並べたときに95%の要求が収まる値です。),UNFORMALIZED,empirical_or_research_claim,UNCLASSIFIED,7.1.3 (docs/7.品質を評価し改善する/7.1.評価設計の全体像.md:108); authoritative docs commit 52bebecfb2a435d0e7ff2efea557c5799674ded6,,,DEFINITION_OR_SPEC,,,,APPROPRIATE_NORMATIVE,p95 latencyは、同じ計測窓の処理時間を昇順に並べたとき、95%の要求がその値以下で完了する境界として計算するという採否判断は、比較対象と合格条件を実行結果で識別するために置きます。測定窓、対象endpoint、成功・timeoutの扱い、sample数、percentile計算法を固定し、同じ定義を本文と監視へ適用する。 適用境界では、sampleが少ない場合はp95だけを断定せず、分布、件数、信頼区間または個票を併記する。 同じ条件での比較と採用しない条件を両方記録できるため、APPROPRIATE_NORMATIVEです。,測定窓、対象endpoint、成功・timeoutの扱い、sample数、percentile計算法を固定し、同じ定義を本文と監視へ適用する。,sampleが少ない場合はp95だけを断定せず、分布、件数、信頼区間または個票を併記する。,NOT_APPLICABLE,7.1.3 (docs/7.品質を評価し改善する/7.1.評価設計の全体像.md:108); authoritative docs commit 52bebecfb2a435d0e7ff2efea557c5799674ded6 の現文を次の文へ置換する: p95 latencyは、同じ計測窓の処理時間を昇順に並べたとき、95%の要求がその値以下で完了する境界として計算します。 再抽出した文面と分類を照合する。,rag-guide-maintainers,,,,INCONCLUSIVE,NOT_APPLICABLE_UNPROVED,codex-primary-wave4,2026-08-15,codex-independent-wave4,2026-08-15,FINAL_TWO_REVIEWER_APPROVED
SENT-2630,52bebecfb2a435d0e7ff2efea557c5799674ded6,BEIRが異なる検索領域を横断して評価した結果からも、あるデータセットで優れた検索器が別の領域でも同じように優れるとは限らないことが分かります。,BEIRに収録された異なるretrieval domain間ではretrieverの相対順位が変わるため、一つのdatasetでの優位を別domainへそのまま外挿できません。,"NOT(AND(AND(ATOM(retrieval=true), ATOM(evaluation=true)), ATOM(empirical_result=true)))",NOT,externally_cited_claim,UNCLASSIFIED,7.1.4 (docs/7.品質を評価し改善する/7.1.評価設計の全体像.md:120); authoritative docs commit 52bebecfb2a435d0e7ff2efea557c5799674ded6,SRC-066,SRC-066 https://arxiv.org/abs/2104.08663 — abstract inspected 2026-08-15; 現主張への直接locatorは未確定,EMPIRICAL_RESULT,NONE_DIRECTLY_VERIFIED,empirical_result=true;evaluation=true;retrieval=true,NOT,REWRITE_REQUIRED,arxiv.orgのAbstractへの参照は台帳にありますが、empirical_result、evaluation、retrievalについて否定関係まで同時に再特定できる直接箇所が確定していません。資料の帰属範囲をBEIRに収録された異なるretrieval domain間ではretrieverの相対順位が変わるため、一つのdatasetでの優位を別domainへそのまま外挿できないという限定まで狭め、候補URLの存在だけで機序や結果を補わない文へ変更します。 修正文にある主体と操作対象は保ちつつ、直接根拠を越える否定関係を落とす差分なので、REWRITE_REQUIREDと判定します。,NOT_APPLICABLE_NON_NORMATIVE,NOT_APPLICABLE_NON_NORMATIVE,UNVERIFIED,7.1.4 (docs/7.品質を評価し改善する/7.1.評価設計の全体像.md:120); authoritative docs commit 52bebecfb2a435d0e7ff2efea557c5799674ded6 の現文を次の文へ置換する: BEIRに収録された異なるretrieval domain間ではretrieverの相対順位が変わるため、一つのdatasetでの優位を別domainへそのまま外挿できません。 再抽出した文面と分類を照合する。,rag-guide-maintainers,,,,INCONCLUSIVE,NOT_APPLICABLE_UNPROVED,codex-primary-wave4,2026-08-15,codex-independent-wave4,2026-08-15,FINAL_TWO_REVIEWER_APPROVED
SENT-2636,52bebecfb2a435d0e7ff2efea557c5799674ded6,回答可能な質問が多いデータセットでは、回答率の平均だけでは不適切な回答拒否を捉えられません。,answerable exampleが大半を占める評価setでは、平均answer rateに加えて、answerable questionの誤拒否率を別に測らなければ不適切なabstentionを検出できません。,"NOT(AND(ATOM(generation=true), ATOM(answerability=true)))",NOT,empirical_or_research_claim,可能,7.1.4 (docs/7.品質を評価し改善する/7.1.評価設計の全体像.md:129); authoritative docs commit 52bebecfb2a435d0e7ff2efea557c5799674ded6,SRC-106,SRC-106 https://arxiv.org/abs/2311.09476 — abstract inspected 2026-08-15; 現主張への直接locatorは未確定,EMPIRICAL_RESULT,NONE_DIRECTLY_VERIFIED,answerability=true,NOT,REWRITE_REQUIRED,arxiv.orgのAbstractへの参照は台帳にありますが、answerabilityについて否定関係まで同時に再特定できる直接箇所が確定していません。answerable exampleが大半を占める評価setでは、平均answer rateに加えて、answerable questionの誤拒否率を別に測らなければ不適切なabstentionを検出できないという範囲まで対象と条件を絞り、未確認の効果や一般化を実験結果のように読ませない文面にします。 修正文にある主体と操作対象は保ちつつ、直接根拠を越える否定関係を落とす差分なので、REWRITE_REQUIREDと判定します。,NOT_APPLICABLE_NON_NORMATIVE,NOT_APPLICABLE_NON_NORMATIVE,UNVERIFIED,7.1.4 (docs/7.品質を評価し改善する/7.1.評価設計の全体像.md:129); authoritative docs commit 52bebecfb2a435d0e7ff2efea557c5799674ded6 の現文を次の文へ置換する: answerable exampleが大半を占める評価setでは、平均answer rateに加えて、answerable questionの誤拒否率を別に測らなければ不適切なabstentionを検出できません。 再抽出した文面と分類を照合する。,rag-guide-maintainers,,,,INCONCLUSIVE,NOT_APPLICABLE_UNPROVED,codex-primary-wave4,2026-08-15,codex-independent-wave4,2026-08-15,FINAL_TWO_REVIEWER_APPROVED
SENT-2641,52bebecfb2a435d0e7ff2efea557c5799674ded6,結果には評価件数、信頼区間、評価者間一致率を添え、小さな点差を直ちに改善とは判断しません。,,"NOT(AND(ATOM(evaluation=true), ATOM(empirical_result=true)))",NOT,empirical_or_research_claim,UNCLASSIFIED,7.1.4 (docs/7.品質を評価し改善する/7.1.評価設計の全体像.md:136); authoritative docs commit 52bebecfb2a435d0e7ff2efea557c5799674ded6,,,DEFINITION_OR_SPEC,,,,APPROPRIATE_NORMATIVE,結果には評価件数、信頼区間、評価者間一致率を添え、小さな点差を直ちに改善とは判断しないという採否判断は、比較対象と合格条件を実行結果で識別するために置きます。本文に列挙した対象・条件・指標を個別fieldへ保存し、同一runの実装結果または評価結果と一致することを確認する。 さらに、判定に必要なgold evidenceがないslice、標本不足のslice、負荷条件が異なるrunは合否集計から分離し、他sliceの平均結果を外挿しない。 この扱いを例外として記録します。 同じ条件での比較と採用しない条件を両方記録できるため、APPROPRIATE_NORMATIVEです。,結果には評価件数、信頼区間、評価者間一致率を添え、小さな点差を直ちに改善とは判断しないことを定める評価・採否規則について、本文に列挙した対象・条件・指標を個別fieldへ保存し、同一runの実装結果または評価結果と一致することを確認する。,結果には評価件数、信頼区間、評価者間一致率を添え、小さな点差を直ちに改善とは判断しないことを定める評価・採否規則の例外として、判定に必要なgold evidenceがないslice、標本不足のslice、負荷条件が異なるrunは合否集計から分離し、他sliceの平均結果を外挿しない。,NOT_APPLICABLE,7.1.4 (docs/7.品質を評価し改善する/7.1.評価設計の全体像.md:136); authoritative docs commit 52bebecfb2a435d0e7ff2efea557c5799674ded6 の本文を維持し、normative_criteriaとexceptionsを設計台帳へ固定する。,rag-guide-maintainers,,,,INCONCLUSIVE,NOT_APPLICABLE_UNPROVED,codex-primary-wave4,2026-08-15,codex-independent-wave4,2026-08-15,FINAL_TWO_REVIEWER_APPROVED
SENT-2644,52bebecfb2a435d0e7ff2efea557c5799674ded6,平均差に加えて、改善した件数、変わらない件数、悪化した件数を示します。,,NOT(ATOM(empirical_result=true)),NOT,empirical_or_research_claim,UNCLASSIFIED,7.1.4 (docs/7.品質を評価し改善する/7.1.評価設計の全体像.md:141); authoritative docs commit 52bebecfb2a435d0e7ff2efea557c5799674ded6,,,DEFINITION_OR_SPEC,,,,APPROPRIATE_NORMATIVE,平均差に加えて、改善した件数、変わらない件数、悪化した件数を示すという採否判断は、比較対象と合格条件を実行結果で識別するために置きます。同じevaluation runのquestion-level差分からimproved、unchanged、regressedの件数を算出し、三件数の合計が評価対象総数と一致することを確認する。 適用境界では、同点許容幅を設ける場合はmetricごとに事前定義し、結果を見てunchanged範囲を変更しない。 同じ条件での比較と採用しない条件を両方記録できるため、APPROPRIATE_NORMATIVEです。,同じevaluation runのquestion-level差分からimproved、unchanged、regressedの件数を算出し、三件数の合計が評価対象総数と一致することを確認する。,同点許容幅を設ける場合はmetricごとに事前定義し、結果を見てunchanged範囲を変更しない。,NOT_APPLICABLE,7.1.4 (docs/7.品質を評価し改善する/7.1.評価設計の全体像.md:141); authoritative docs commit 52bebecfb2a435d0e7ff2efea557c5799674ded6 の本文を維持し、normative_criteriaとexceptionsを設計台帳へ固定する。,rag-guide-maintainers,,,,INCONCLUSIVE,NOT_APPLICABLE_UNPROVED,codex-primary-wave4,2026-08-15,codex-independent-wave4,2026-08-15,FINAL_TWO_REVIEWER_APPROVED
SENT-2647,52bebecfb2a435d0e7ff2efea557c5799674ded6,改善対象、非劣化条件、重要スライスの下限、安全条件、遅延上限、費用上限を別々に定め、すべてを満たすことを要求します。,,"AND(ATOM(cost=true), ATOM(empirical_result=true))",AND,empirical_or_research_claim,UNCLASSIFIED,7.1.5 (docs/7.品質を評価し改善する/7.1.評価設計の全体像.md:147); authoritative docs commit 52bebecfb2a435d0e7ff2efea557c5799674ded6,,,DEFINITION_OR_SPEC,,,,APPROPRIATE_NORMATIVE,改善対象、非劣化条件、重要スライスの下限、安全条件、遅延上限、費用上限を別々に定め、すべてを満たすことを要求するという採否判断は、比較対象と合格条件を実行結果で識別するために置きます。本文に列挙した対象・条件・指標を個別fieldへ保存し、同一runの実装結果または評価結果と一致することを確認する。 さらに、この比較で品質やcostが改善しても、安全性またはauthorizationの必須条件を悪化させるcandidateは採用しない。 この扱いを例外として記録します。 同じ条件での比較と採用しない条件を両方記録できるため、APPROPRIATE_NORMATIVEです。,改善対象、非劣化条件、重要スライスの下限、安全条件、遅延上限、費用上限を別々に定め、すべてを満たすことを要求することを定める評価・採否規則について、本文に列挙した対象・条件・指標を個別fieldへ保存し、同一runの実装結果または評価結果と一致することを確認する。,改善対象、非劣化条件、重要スライスの下限、安全条件、遅延上限、費用上限を別々に定め、すべてを満たすことを要求することを定める評価・採否規則の例外として、この比較で品質やcostが改善しても、安全性またはauthorizationの必須条件を悪化させるcandidateは採用しない。,NOT_APPLICABLE,7.1.5 (docs/7.品質を評価し改善する/7.1.評価設計の全体像.md:147); authoritative docs commit 52bebecfb2a435d0e7ff2efea557c5799674ded6 の本文を維持し、normative_criteriaとexceptionsを設計台帳へ固定する。,rag-guide-maintainers,,,,INCONCLUSIVE,NOT_APPLICABLE_UNPROVED,codex-primary-wave4,2026-08-15,codex-independent-wave4,2026-08-15,FINAL_TWO_REVIEWER_APPROVED
SENT-2649,52bebecfb2a435d0e7ff2efea557c5799674ded6,行ごとに独立した条件を置き、改善目標だけでなく、品質、安全性、性能、費用の全条件を満たしたかを読みます。,評価表は行ごとに独立した受入条件として読み、改善目標だけでなく品質、安全性、性能、費用の必須条件をすべて満たした場合に合格とします。,"AND(ATOM(cost=true), ATOM(empirical_result=true))",AND,empirical_or_research_claim,UNCLASSIFIED,7.1.5 (docs/7.品質を評価し改善する/7.1.評価設計の全体像.md:150); authoritative docs commit 52bebecfb2a435d0e7ff2efea557c5799674ded6,SRC-017,SRC-017 https://research.google/pubs/the-ml-test-score-a-rubric-for-ml-production-readiness-and-technical-debt-reduction/ — primary_page inspected 2026-08-15; 現主張への直接locatorは未確定,EMPIRICAL_RESULT,NONE_DIRECTLY_VERIFIED,cost=true,NOT_APPLICABLE,REWRITE_REQUIRED,research.googleの一次資料ページへの参照は台帳にありますが、costについて各要素と結論との直接の対応まで同時に再特定できる直接箇所が確定していません。評価表は行ごとに独立した受入条件として読み、改善目標だけでなく品質、安全性、性能、費用の必須条件をすべて満たした場合に合格とするという範囲まで対象と条件を絞り、未確認の効果や一般化を実験結果のように読ませない文面にします。 修正文にある主体と操作対象は保ちつつ、直接根拠を越える各要素と結論との直接の対応を落とす差分なので、REWRITE_REQUIREDと判定します。,NOT_APPLICABLE_NON_NORMATIVE,NOT_APPLICABLE_NON_NORMATIVE,UNVERIFIED,7.1.5 (docs/7.品質を評価し改善する/7.1.評価設計の全体像.md:150); authoritative docs commit 52bebecfb2a435d0e7ff2efea557c5799674ded6 の現文を次の文へ置換する: 評価表は行ごとに独立した受入条件として読み、改善目標だけでなく品質、安全性、性能、費用の必須条件をすべて満たした場合に合格とします。 再抽出した文面と分類を照合する。,rag-guide-maintainers,,,,INCONCLUSIVE,NOT_APPLICABLE_UNPROVED,codex-primary-wave4,2026-08-15,codex-independent-wave4,2026-08-15,FINAL_TWO_REVIEWER_APPROVED
SENT-2652,52bebecfb2a435d0e7ff2efea557c5799674ded6,| 改善目標 | 型番スライスのRecall@10が基準値以上 |,| 改善目標 | 型番スライスのRecall@10が基準値以上 |,"AND(ATOM(recall_metric=true), ATOM(empirical_result=true))",AND,empirical_or_research_claim,UNCLASSIFIED,7.1.5 (docs/7.品質を評価し改善する/7.1.評価設計の全体像.md:156); authoritative docs commit 52bebecfb2a435d0e7ff2efea557c5799674ded6,SRC-017,SRC-017 https://research.google/pubs/the-ml-test-score-a-rubric-for-ml-production-readiness-and-technical-debt-reduction/ — primary_page inspected 2026-08-15; 現主張への直接locatorは未確定,DEFINITION_OR_SPEC,NONE_DIRECTLY_VERIFIED,recall_metric=true,NOT_APPLICABLE,REMOVE_OR_REPLACE,| 改善目標 | 型番スライスのRecall@10が基準値以上 | この行は 7.1.5 (docs/7.品質を評価し改善する/7.1.評価設計の全体像.md:156); authoritative docs commit 52bebecfb2a435d0e7ff2efea557c5799674ded6 にあるMarkdown表示単位で、単独の技術命題として検証できる主語・述語を備えていません。表示は維持しつつ recall_metric=true を証拠要求の命題集合から除外するため、REMOVE_OR_REPLACEの分類overrideを適用します。,NOT_APPLICABLE_NON_NORMATIVE,NOT_APPLICABLE_NON_NORMATIVE,UNVERIFIED,7.1.5 (docs/7.品質を評価し改善する/7.1.評価設計の全体像.md:156); authoritative docs commit 52bebecfb2a435d0e7ff2efea557c5799674ded6 のMarkdown表示は維持し、Wave 4分類overrideで技術的事実の命題集合から除外する。,rag-guide-maintainers,,,,INCONCLUSIVE,NOT_APPLICABLE_UNPROVED,codex-primary-wave4,2026-08-15,codex-independent-wave4,2026-08-15,FINAL_TWO_REVIEWER_APPROVED
SENT-2658,52bebecfb2a435d0e7ff2efea557c5799674ded6,ML Test Scoreが本番準備度を複数領域へ分けるのと同様に、RAGのリリースも複数条件の論理積で判断します。,RAGのリリースは、検索、生成、引用、安全性、性能、運用の各条件をすべて満たした場合に限り承認します。,NL_PROPOSITION(ML Test Scoreが本番準備度を複数領域へ分けるのと同様に、RAGのリリースも複数条件の論理積で判断します。),UNFORMALIZED,externally_cited_claim,UNCLASSIFIED,7.1.5 (docs/7.品質を評価し改善する/7.1.評価設計の全体像.md:163); authoritative docs commit 52bebecfb2a435d0e7ff2efea557c5799674ded6,,,DEFINITION_OR_SPEC,,,,APPROPRIATE_NORMATIVE,リリース可否は特定の外部評価枠組みの説明ではなく、本ガイドが採用する複数gateの論理積で決めます。検索、生成、引用、安全性、性能、運用の一領域でも不合格なら承認せず、存在しない領域だけを根拠と承認者付きでnot-applicableにできます。未測定を免除へ読み替えない判定規則なので、APPROPRIATE_NORMATIVEです。,RAG release gateをretrieval、generation、citation、安全性、性能、運用の各条件の論理積として実装し、一領域でも不合格ならrelease statusを合格にしない。,対象機能で存在しない領域はnot-applicableの根拠と承認者を記録できるが、未測定をnot-applicableとして扱わない。,NOT_APPLICABLE,7.1.5 (docs/7.品質を評価し改善する/7.1.評価設計の全体像.md:163); authoritative docs commit 52bebecfb2a435d0e7ff2efea557c5799674ded6 の現文を次の文へ置換する: RAGのリリースは、検索、生成、引用、安全性、性能、運用の各条件をすべて満たした場合に限り承認します。 再抽出した文面と分類を照合する。,rag-guide-maintainers,,,,INCONCLUSIVE,NOT_APPLICABLE_UNPROVED,codex-primary-wave4,2026-08-15,codex-independent-wave4,2026-08-15,FINAL_TWO_REVIEWER_APPROVED
SENT-2666,52bebecfb2a435d0e7ff2efea557c5799674ded6,変更対象、期待する改善、悪化してはならないmetricを仮説として記録し、ownerとrelease単位を決め、修正前のtraceを保存します。,,NOT(ATOM(empirical_result=true)),NOT,empirical_or_research_claim,UNCLASSIFIED,7.10.1 (docs/7.品質を評価し改善する/7.10.改善ループ.md:7); authoritative docs commit 52bebecfb2a435d0e7ff2efea557c5799674ded6,,,DEFINITION_OR_SPEC,,,,APPROPRIATE_NORMATIVE,変更対象、期待する改善、悪化してはならないmetricを仮説として記録し、ownerとrelease単位を決め、修正前のtraceを保存するという採否判断は、比較対象と合格条件を実行結果で識別するために置きます。各change recordにtarget component、expected improvement、non-regression metric、owner、release ID、pre-change trace IDを必須化し、欠損recordをexperiment開始前に拒否する。 さらに、緊急security fixではexperiment開始を先行できるが、owner、release ID、pre-change evidenceを事後期限内に補完する。 この扱いを例外として記録します。 同じ条件での比較と採用しない条件を両方記録できるため、APPROPRIATE_NORMATIVEです。,各change recordにtarget component、expected improvement、non-regression metric、owner、release ID、pre-change trace IDを必須化し、欠損recordをexperiment開始前に拒否する。,緊急security fixではexperiment開始を先行できるが、owner、release ID、pre-change evidenceを事後期限内に補完する。,NOT_APPLICABLE,7.10.1 (docs/7.品質を評価し改善する/7.10.改善ループ.md:7); authoritative docs commit 52bebecfb2a435d0e7ff2efea557c5799674ded6 の本文を維持し、normative_criteriaとexceptionsを設計台帳へ固定する。,rag-guide-maintainers,,,,INCONCLUSIVE,NOT_APPLICABLE_UNPROVED,codex-primary-wave4,2026-08-15,codex-independent-wave4,2026-08-15,FINAL_TWO_REVIEWER_APPROVED
SENT-2668,52bebecfb2a435d0e7ff2efea557c5799674ded6,複数の変更を同時に入れると、どの変更が改善や悪化を生んだか分かりません。,改善実験では解析器、chunking、embedding、retriever、reranker、promptの変更を一度に一項目へ限定し、改善または悪化の原因を追跡します。,NOT(ATOM(empirical_result=true)),NOT,empirical_or_research_claim,UNCLASSIFIED,7.10.1 (docs/7.品質を評価し改善する/7.10.改善ループ.md:10); authoritative docs commit 52bebecfb2a435d0e7ff2efea557c5799674ded6,SRC-107,SRC-107 https://arxiv.org/abs/2403.09040 — abstract inspected 2026-08-15; 現主張への直接locatorは未確定,EMPIRICAL_RESULT,NONE_DIRECTLY_VERIFIED,empirical_result=true,NOT,REWRITE_REQUIRED,arxiv.orgのAbstractへの参照は台帳にありますが、empirical_resultについて否定関係まで同時に再特定できる直接箇所が確定していません。改善実験では解析器、chunking、embedding、retriever、reranker、promptの変更を一度に一項目へ限定し、改善または悪化の原因を追跡するという範囲まで対象と条件を絞り、未確認の効果や一般化を実験結果のように読ませない文面にします。 修正文にある主体と操作対象は保ちつつ、直接根拠を越える否定関係を落とす差分なので、REWRITE_REQUIREDと判定します。,NOT_APPLICABLE_NON_NORMATIVE,NOT_APPLICABLE_NON_NORMATIVE,UNVERIFIED,7.10.1 (docs/7.品質を評価し改善する/7.10.改善ループ.md:10); authoritative docs commit 52bebecfb2a435d0e7ff2efea557c5799674ded6 の現文を次の文へ置換する: 改善実験では解析器、chunking、embedding、retriever、reranker、promptの変更を一度に一項目へ限定し、改善または悪化の原因を追跡します。 再抽出した文面と分類を照合する。,rag-guide-maintainers,,,,INCONCLUSIVE,NOT_APPLICABLE_UNPROVED,codex-primary-wave4,2026-08-15,codex-independent-wave4,2026-08-15,FINAL_TWO_REVIEWER_APPROVED
SENT-2669,52bebecfb2a435d0e7ff2efea557c5799674ded6,疎検索、密検索、融合、再順位付け、重複除去、圧縮を順番に有効化または無効化します。,,"AND(AND(AND(AND(AND(ATOM(sparse=true), ATOM(dense=true)), ATOM(rerank=true)), ATOM(dedup=true)), ATOM(compression=true)), ATOM(retrieval=true))",AND,general_technical_claim,有効,7.10.1 (docs/7.品質を評価し改善する/7.10.改善ループ.md:12); authoritative docs commit 52bebecfb2a435d0e7ff2efea557c5799674ded6,,,DEFINITION_OR_SPEC,,,,APPROPRIATE_NORMATIVE,疎検索、密検索、融合、再順位付け、重複除去、圧縮を順番に有効化または無効化するという運用要件は、実行時の判断を担当者ごとにぶらさないためのローカル規則です。この規則の統合規則をversion管理し、複数retrieverが返す既知rank listから期待するcandidate順序を再現し、生scoreの無条件加算や重複candidateが発生しないことを確認する。 さらに、この規則と異なる統合方式はcalibration済みscoreまたは別rerankerとしてversion管理できるが、未調整の異尺度scoreを黙って直接加算しない。 この扱いを例外として記録します。 実装結果と例外発生時の扱いを個別に検査できるため、APPROPRIATE_NORMATIVEです。,疎検索、密検索、融合、再順位付け、重複除去、圧縮を順番に有効化または無効化することを定める運用規則について、この規則の統合規則をversion管理し、複数retrieverが返す既知rank listから期待するcandidate順序を再現し、生scoreの無条件加算や重複candidateが発生しないことを確認する。,疎検索、密検索、融合、再順位付け、重複除去、圧縮を順番に有効化または無効化することを定める運用規則の例外として、この規則と異なる統合方式はcalibration済みscoreまたは別rerankerとしてversion管理できるが、未調整の異尺度scoreを黙って直接加算しない。,NOT_APPLICABLE,7.10.1 (docs/7.品質を評価し改善する/7.10.改善ループ.md:12); authoritative docs commit 52bebecfb2a435d0e7ff2efea557c5799674ded6 の本文を維持し、normative_criteriaとexceptionsを設計台帳へ固定する。,rag-guide-maintainers,,,,INCONCLUSIVE,NOT_APPLICABLE_UNPROVED,codex-primary-wave4,2026-08-15,codex-independent-wave4,2026-08-15,FINAL_TWO_REVIEWER_APPROVED
SENT-2670,52bebecfb2a435d0e7ff2efea557c5799674ded6,解析器、チャンク分割、埋め込みモデル、プロンプト、生成モデルも、可能な限り別の実験にします。,,"AND(AND(AND(AND(ATOM(chunking=true), ATOM(generation=true)), ATOM(embedding_model=true)), ATOM(parsing=true)), ATOM(empirical_result=true))",AND,empirical_or_research_claim,可能,7.10.1 (docs/7.品質を評価し改善する/7.10.改善ループ.md:13); authoritative docs commit 52bebecfb2a435d0e7ff2efea557c5799674ded6,,,DEFINITION_OR_SPEC,,,,APPROPRIATE_NORMATIVE,解析器、チャンク分割、埋め込みモデル、プロンプト、生成モデルも、可能な限り別の実験にするという運用要件は、実行時の判断を担当者ごとにぶらさないためのローカル規則です。parser、chunker、embedding model、prompt、generation modelの各変更を別experiment IDで実行し、baselineとの差分が一要素だけであることをmanifest diffで確認する。 適用境界では、互換性のため二要素を同時変更する必要がある場合は組合せ変更として別実験にし、単一要素の効果とは報告しない。 実装結果と例外発生時の扱いを個別に検査できるため、APPROPRIATE_NORMATIVEです。,parser、chunker、embedding model、prompt、generation modelの各変更を別experiment IDで実行し、baselineとの差分が一要素だけであることをmanifest diffで確認する。,互換性のため二要素を同時変更する必要がある場合は組合せ変更として別実験にし、単一要素の効果とは報告しない。,NOT_APPLICABLE,7.10.1 (docs/7.品質を評価し改善する/7.10.改善ループ.md:13); authoritative docs commit 52bebecfb2a435d0e7ff2efea557c5799674ded6 の本文を維持し、normative_criteriaとexceptionsを設計台帳へ固定する。,rag-guide-maintainers,,,,INCONCLUSIVE,NOT_APPLICABLE_UNPROVED,codex-primary-wave4,2026-08-15,codex-independent-wave4,2026-08-15,FINAL_TWO_REVIEWER_APPROVED
SENT-2677,52bebecfb2a435d0e7ff2efea557c5799674ded6,権限漏えいや重大誤回答は、平均品質の小さな改善より優先します。,,"AND(AND(ATOM(generation=true), ATOM(authorization=true)), ATOM(empirical_result=true))",AND,empirical_or_research_claim,UNCLASSIFIED,7.10.2 (docs/7.品質を評価し改善する/7.10.改善ループ.md:23); authoritative docs commit 52bebecfb2a435d0e7ff2efea557c5799674ded6,,,DEFINITION_OR_SPEC,,,,APPROPRIATE_NORMATIVE,権限漏えいや重大誤回答は、平均品質の小さな改善より優先するという安全境界は、本ガイドが強制する制御として設けます。release decisionではauthorization leakageとcritical wrong answerをhard gateにし、いずれか一件でもbaselineから増えたcandidateを平均品質の改善量にかかわらず不合格にする。 適用境界では、fixture誤りが独立reviewで確定した事例は除外できるが、平均品質を理由に実在する重大failureを例外化しない。 負試験で境界を確かめ、統制を緩めない例外を明示できるので、APPROPRIATE_NORMATIVEです。,release decisionではauthorization leakageとcritical wrong answerをhard gateにし、いずれか一件でもbaselineから増えたcandidateを平均品質の改善量にかかわらず不合格にする。,fixture誤りが独立reviewで確定した事例は除外できるが、平均品質を理由に実在する重大failureを例外化しない。,NOT_APPLICABLE,7.10.2 (docs/7.品質を評価し改善する/7.10.改善ループ.md:23); authoritative docs commit 52bebecfb2a435d0e7ff2efea557c5799674ded6 の本文を維持し、normative_criteriaとexceptionsを設計台帳へ固定する。,rag-guide-maintainers,,,,INCONCLUSIVE,NOT_APPLICABLE_UNPROVED,codex-primary-wave4,2026-08-15,codex-independent-wave4,2026-08-15,FINAL_TWO_REVIEWER_APPROVED
SENT-2678,52bebecfb2a435d0e7ff2efea557c5799674ded6,局所metricが改善しても、end-to-end品質、latency、cost、運用複雑性が許容範囲を超える変更は採用しません。,,"NOT(AND(AND(AND(ATOM(learned=true), ATOM(latency=true)), ATOM(cost=true)), ATOM(empirical_result=true)))",NOT,empirical_or_research_claim,UNCLASSIFIED,7.10.2 (docs/7.品質を評価し改善する/7.10.改善ループ.md:23); authoritative docs commit 52bebecfb2a435d0e7ff2efea557c5799674ded6,,,DEFINITION_OR_SPEC,,,,APPROPRIATE_NORMATIVE,局所metricが改善しても、end-to-end品質、latency、cost、運用複雑性が許容範囲を超える変更は採用しないという採否判断は、比較対象と合格条件を実行結果で識別するために置きます。変更案は局所metricの改善に加えてend-to-end品質、p95 latency、request cost、運用手順数のguardrailを同一runで検査し、一つでも許容範囲外なら採用しない。 さらに、重大な安全性修正では一時的なlatencyまたはcost増を承認できるが、期限、責任者、解消計画をrelease記録へ残す。 この扱いを例外として記録します。 同じ条件での比較と採用しない条件を両方記録できるため、APPROPRIATE_NORMATIVEです。,変更案は局所metricの改善に加えてend-to-end品質、p95 latency、request cost、運用手順数のguardrailを同一runで検査し、一つでも許容範囲外なら採用しない。,重大な安全性修正では一時的なlatencyまたはcost増を承認できるが、期限、責任者、解消計画をrelease記録へ残す。,NOT_APPLICABLE,7.10.2 (docs/7.品質を評価し改善する/7.10.改善ループ.md:23); authoritative docs commit 52bebecfb2a435d0e7ff2efea557c5799674ded6 の本文を維持し、normative_criteriaとexceptionsを設計台帳へ固定する。,rag-guide-maintainers,,,,INCONCLUSIVE,NOT_APPLICABLE_UNPROVED,codex-primary-wave4,2026-08-15,codex-independent-wave4,2026-08-15,FINAL_TWO_REVIEWER_APPROVED
SENT-2687,52bebecfb2a435d0e7ff2efea557c5799674ded6,たとえば、「疎検索と密検索の併用により、型番スライスのRecall@10が上がる」のように、変更、対象、期待する指標を結び付けます。,,"AND(AND(AND(ATOM(sparse=true), ATOM(dense=true)), ATOM(retrieval=true)), ATOM(recall_metric=true))",AND,general_technical_claim,UNCLASSIFIED,7.2.1 (docs/7.品質を評価し改善する/7.2.評価データセット.md:10); authoritative docs commit 52bebecfb2a435d0e7ff2efea557c5799674ded6,,,DEFINITION_OR_SPEC,,,,APPROPRIATE_NORMATIVE,たとえば、「疎検索と密検索の併用により、型番スライスのRecall@10が上がる」のように、変更、対象、期待する指標を結び付けるという採否判断は、比較対象と合格条件を実行結果で識別するために置きます。疎検索と密検索の併用という変更、型番query sliceという対象、Recall@10という期待指標をexperiment manifestの別fieldへ保存し、baselineとの差を同じrunで算出します。 適用境界では、型番query sliceのgold evidenceが不足する場合はRecall@10の改善仮説を合格扱いせず、十分な標本を追加するまで当該変更の採否を保留します。 同じ条件での比較と採用しない条件を両方記録できるため、APPROPRIATE_NORMATIVEです。,たとえば、「疎検索と密検索の併用により、型番スライスのRecall@10が上がる」のように、変更、対象、期待する指標を結び付けます。 疎検索と密検索の併用という変更、型番query sliceという対象、Recall@10という期待指標をexperiment manifestの別fieldへ保存し、baselineとの差を同じrunで算出します。,たとえば、「疎検索と密検索の併用により、型番スライスのRecall@10が上がる」のように、変更、対象、期待する指標を結び付けます。 型番query sliceのgold evidenceが不足する場合はRecall@10の改善仮説を合格扱いせず、十分な標本を追加するまで当該変更の採否を保留します。,NOT_APPLICABLE,7.2.1 (docs/7.品質を評価し改善する/7.2.評価データセット.md:10); authoritative docs commit 52bebecfb2a435d0e7ff2efea557c5799674ded6 の本文を維持し、normative_criteriaとexceptionsを設計台帳へ固定する。,rag-guide-maintainers,,,,INCONCLUSIVE,NOT_APPLICABLE_UNPROVED,codex-primary-wave4,2026-08-15,codex-independent-wave4,2026-08-15,FINAL_TWO_REVIEWER_APPROVED
SENT-2689,52bebecfb2a435d0e7ff2efea557c5799674ded6,開発比較では改善量、リリース判定では最低基準、障害調査では失敗段階の特定を重視します。,開発比較ではbaselineからの改善量、リリース判定では最低受入基準、障害調査では失敗工程の特定をそれぞれ主要目的とします。,"AND(ATOM(fault_tolerance=true), ATOM(empirical_result=true))",AND,empirical_or_research_claim,UNCLASSIFIED,7.2.1 (docs/7.品質を評価し改善する/7.2.評価データセット.md:13); authoritative docs commit 52bebecfb2a435d0e7ff2efea557c5799674ded6,,,DEFINITION_OR_SPEC,,,,APPROPRIATE_NORMATIVE,開発比較ではbaselineからの改善量、リリース判定では最低受入基準、障害調査では失敗工程の特定をそれぞれ主要目的とするという採否判断は、比較対象と合格条件を実行結果で識別するために置きます。評価目的ごとに対象dataset、metric、閾値、責任者を定め、開発・release・障害調査の結果を混同しない。 さらに、重大な安全性・権限違反は平均改善より優先し、通常のrelease比較を待たずに停止・切り戻しできる。 この扱いを例外として記録します。 同じ条件での比較と採用しない条件を両方記録できるため、APPROPRIATE_NORMATIVEです。,評価目的ごとに対象dataset、metric、閾値、責任者を定め、開発・release・障害調査の結果を混同しない。,重大な安全性・権限違反は平均改善より優先し、通常のrelease比較を待たずに停止・切り戻しできる。,NOT_APPLICABLE,7.2.1 (docs/7.品質を評価し改善する/7.2.評価データセット.md:13); authoritative docs commit 52bebecfb2a435d0e7ff2efea557c5799674ded6 の現文を次の文へ置換する: 開発比較ではbaselineからの改善量、リリース判定では最低受入基準、障害調査では失敗工程の特定をそれぞれ主要目的とします。 再抽出した文面と分類を照合する。,rag-guide-maintainers,,,,INCONCLUSIVE,NOT_APPLICABLE_UNPROVED,codex-primary-wave4,2026-08-15,codex-independent-wave4,2026-08-15,FINAL_TWO_REVIEWER_APPROVED
SENT-2690,52bebecfb2a435d0e7ff2efea557c5799674ded6,CheckListが能力ごとの振る舞いを試験するように、RAGでも狙う失敗パターンを明示します。,RAG評価では、狙う失敗パターンを能力別に明示します。,NL_PROPOSITION(CheckListが能力ごとの振る舞いを試験するように、RAGでも狙う失敗パターンを明示します。),UNFORMALIZED,externally_cited_claim,UNCLASSIFIED,7.2.1 (docs/7.品質を評価し改善する/7.2.評価データセット.md:15); authoritative docs commit 52bebecfb2a435d0e7ff2efea557c5799674ded6,,,DEFINITION_OR_SPEC,,,,APPROPRIATE_NORMATIVE,評価対象を能力別のfailure taxonomyとして明記することで、各fixtureが何を検出する試験かを追跡できます。該当入力、期待する検出点、回答または停止動作を分類ごとに登録し、未知の失敗は既存分類へ押し込まず新分類として追加します。外部手法の記述を伴わない本ガイド固有の試験契約として、APPROPRIATE_NORMATIVEです。,RAGのfailure taxonomyごとに該当入力、期待する検出点、期待する回答・停止動作をfixtureとして登録し、能力別test suiteで全分類を実行する。,未発見の失敗は発生時に新分類を追加できるが、既存分類へ無理にまとめて検出点を失わない。,NOT_APPLICABLE,7.2.1 (docs/7.品質を評価し改善する/7.2.評価データセット.md:15); authoritative docs commit 52bebecfb2a435d0e7ff2efea557c5799674ded6 の現文を次の文へ置換する: RAG評価では、狙う失敗パターンを能力別に明示します。 再抽出した文面と分類を照合する。,rag-guide-maintainers,,,,INCONCLUSIVE,NOT_APPLICABLE_UNPROVED,codex-primary-wave4,2026-08-15,codex-independent-wave4,2026-08-15,FINAL_TWO_REVIEWER_APPROVED
SENT-2696,52bebecfb2a435d0e7ff2efea557c5799674ded6,SQuAD 2.0が回答できない質問を含むように、RAGの評価にも回答不能、曖昧、資料間の矛盾、権限不足を含めます。,,"NOT(AND(AND(AND(ATOM(generation=true), ATOM(unanswerable=true)), ATOM(evaluation=true)), ATOM(authorization=true)))",NOT,externally_cited_claim,UNCLASSIFIED,7.2.1 (docs/7.品質を評価し改善する/7.2.評価データセット.md:24); authoritative docs commit 52bebecfb2a435d0e7ff2efea557c5799674ded6,,,DEFINITION_OR_SPEC,,,,APPROPRIATE_NORMATIVE,SQuAD 2.0が回答できない質問を含むように、RAGの評価にも回答不能、曖昧、資料間の矛盾、権限不足を含めるという採否判断は、比較対象と合格条件を実行結果で識別するために置きます。evaluation setにunanswerable、ambiguous、cross-document conflict、insufficient authorizationの各sliceを含め、slice別に期待するanswer/clarification/abstention/denialを採点する。 さらに、対象業務で存在しないsliceはrisk ownerの根拠付きで対象外にできるが、未収集または未測定を対象外として扱わない。 この扱いを例外として記録します。 同じ条件での比較と採用しない条件を両方記録できるため、APPROPRIATE_NORMATIVEです。,evaluation setにunanswerable、ambiguous、cross-document conflict、insufficient authorizationの各sliceを含め、slice別に期待するanswer/clarification/abstention/denialを採点する。,対象業務で存在しないsliceはrisk ownerの根拠付きで対象外にできるが、未収集または未測定を対象外として扱わない。,NOT_APPLICABLE,7.2.1 (docs/7.品質を評価し改善する/7.2.評価データセット.md:24); authoritative docs commit 52bebecfb2a435d0e7ff2efea557c5799674ded6 の本文を維持し、normative_criteriaとexceptionsを設計台帳へ固定する。,rag-guide-maintainers,,,,INCONCLUSIVE,NOT_APPLICABLE_UNPROVED,codex-primary-wave4,2026-08-15,codex-independent-wave4,2026-08-15,FINAL_TWO_REVIEWER_APPROVED
SENT-2713,52bebecfb2a435d0e7ff2efea557c5799674ded6,RGBは、RAGをノイズ耐性、答えがない場合の回答保留、情報統合、反事実への耐性に分けて評価します。,RGB benchmarkは、同benchmarkのRAG testをnoise robustness、negative rejection、information integration、counterfactual robustnessの四能力へ分けて評価します。,"NOT(AND(ATOM(generation=true), ATOM(evaluation=true)))",NOT,externally_cited_claim,UNCLASSIFIED,7.2.2 (docs/7.品質を評価し改善する/7.2.評価データセット.md:50); authoritative docs commit 52bebecfb2a435d0e7ff2efea557c5799674ded6,SRC-109,SRC-109 https://arxiv.org/abs/2309.01431 — abstract inspected 2026-08-15; 現主張への直接locatorは未確定,AUTHOR_CLAIM,NONE_DIRECTLY_VERIFIED,evaluation=true;generation=true,NOT,REWRITE_REQUIRED,arxiv.orgのAbstractへの参照は台帳にありますが、evaluation、generationについて否定関係まで同時に再特定できる直接箇所が確定していません。資料の帰属範囲をRGB benchmarkは、同benchmarkのRAG testをnoise robustness、negative rejection、information integration、counterfactual robustnessの四能力へ分けて評価するという限定まで狭め、候補URLの存在だけで機序や結果を補わない文へ変更します。 修正文にある主体と操作対象は保ちつつ、直接根拠を越える否定関係を落とす差分なので、REWRITE_REQUIREDと判定します。,NOT_APPLICABLE_NON_NORMATIVE,NOT_APPLICABLE_NON_NORMATIVE,UNVERIFIED,7.2.2 (docs/7.品質を評価し改善する/7.2.評価データセット.md:50); authoritative docs commit 52bebecfb2a435d0e7ff2efea557c5799674ded6 の現文を次の文へ置換する: RGB benchmarkは、同benchmarkのRAG testをnoise robustness、negative rejection、information integration、counterfactual robustnessの四能力へ分けて評価します。 再抽出した文面と分類を照合する。,rag-guide-maintainers,,,,INCONCLUSIVE,NOT_APPLICABLE_UNPROVED,codex-primary-wave4,2026-08-15,codex-independent-wave4,2026-08-15,FINAL_TWO_REVIEWER_APPROVED
SENT-2715,52bebecfb2a435d0e7ff2efea557c5799674ded6,プロンプトインジェクション、知識汚染、テナントをまたぐ検索、権限のない操作は隔離環境で試します。,,"NOT(AND(AND(AND(ATOM(retrieval=true), ATOM(authorization=true)), ATOM(multi_tenant=true)), ATOM(prompt_injection=true)))",NOT,general_technical_claim,UNCLASSIFIED,7.2.2 (docs/7.品質を評価し改善する/7.2.評価データセット.md:53); authoritative docs commit 52bebecfb2a435d0e7ff2efea557c5799674ded6,,,DEFINITION_OR_SPEC,,,,APPROPRIATE_NORMATIVE,プロンプトインジェクション、知識汚染、テナントをまたぐ検索、権限のない操作は隔離環境で試するという安全境界は、本ガイドが強制する制御として設けます。この規則の対象resourceとattributeをauthorization fixtureへ登録し、許可主体では取得・利用でき、非許可主体ではcandidate、context、answerの全段階でゼロ件になることを確認する。 適用境界では、この規則より法令、契約、組織policyが厳しい場合は厳しい統制を優先し、性能、可用性、費用を理由に対象resourceのauthorizationまたは隔離を省略しない。 負試験で境界を確かめ、統制を緩めない例外を明示できるので、APPROPRIATE_NORMATIVEです。,プロンプトインジェクション、知識汚染、テナントをまたぐ検索、権限のない操作は隔離環境で試することを定める安全性・アクセス制御規則について、この規則の対象resourceとattributeをauthorization fixtureへ登録し、許可主体では取得・利用でき、非許可主体ではcandidate、context、answerの全段階でゼロ件になることを確認する。,プロンプトインジェクション、知識汚染、テナントをまたぐ検索、権限のない操作は隔離環境で試することを定める安全性・アクセス制御規則の例外として、この規則より法令、契約、組織policyが厳しい場合は厳しい統制を優先し、性能、可用性、費用を理由に対象resourceのauthorizationまたは隔離を省略しない。,NOT_APPLICABLE,7.2.2 (docs/7.品質を評価し改善する/7.2.評価データセット.md:53); authoritative docs commit 52bebecfb2a435d0e7ff2efea557c5799674ded6 の本文を維持し、normative_criteriaとexceptionsを設計台帳へ固定する。,rag-guide-maintainers,,,,INCONCLUSIVE,NOT_APPLICABLE_UNPROVED,codex-primary-wave4,2026-08-15,codex-independent-wave4,2026-08-15,FINAL_TWO_REVIEWER_APPROVED
SENT-2743,52bebecfb2a435d0e7ff2efea557c5799674ded6,入力文書が比較中に変わると、解析器やチャンク分割の変更による差を判別できません。,parserまたはchunkerの比較中は入力文書snapshotを固定し、変更が入ったrunは比較対象から除外します。,"NOT(AND(ATOM(chunking=true), ATOM(parsing=true)))",NOT,general_technical_claim,UNCLASSIFIED,7.3.1 (docs/7.品質を評価し改善する/7.3.Pre-retrieval・Batch評価.md:9); authoritative docs commit 52bebecfb2a435d0e7ff2efea557c5799674ded6,,,DEFINITION_OR_SPEC,,parsing=true,NOT,REWRITE_REQUIRED,「parserまたはchunkerの比較中は入力文書snapshotを固定し」の証拠境界として、parsing=trueの外的真偽を確定できず、否定関係に依存しない記述へ変更します。parserまたはchunkerの比較中は入力文書snapshotを固定し、変更が入ったrunは比較対象から除外します。 修正文が具体化する対象は「parserまたはchunkerの比較中は入力文書snapshotを固定し」です。「parserまたはchunkerの比較中は入力文書snapshotを固定し」の検討では、否定関係が表す設計意図を、入力・処理・結果が追える形に限定します。「parserまたはchunkerの比較中は入力文書snapshotを固定し」の採否について、parsing=trueに関する具体的な処理は有用ですが、原文のままでは境界を越えるため書換えを選びます。,NOT_APPLICABLE_NON_NORMATIVE,NOT_APPLICABLE_NON_NORMATIVE,NOT_APPLICABLE,7.3.1 (docs/7.品質を評価し改善する/7.3.Pre-retrieval・Batch評価.md:9); authoritative docs commit 52bebecfb2a435d0e7ff2efea557c5799674ded6 の現文を次の文へ置換する: parserまたはchunkerの比較中は入力文書snapshotを固定し、変更が入ったrunは比較対象から除外します。 再抽出した文面と分類を照合する。,rag-guide-maintainers,,,,INCONCLUSIVE,NOT_APPLICABLE_UNPROVED,codex-primary-wave4,2026-08-15,codex-independent-wave4,2026-08-15,FINAL_TWO_REVIEWER_APPROVED
SENT-2747,52bebecfb2a435d0e7ff2efea557c5799674ded6,Delta Lakeがスナップショットと過去時点の参照によって再現可能なデータ処理を支えるように、RAGでも入力時点を保存します。,RAGの各evaluation runでは、source snapshot ID、文書版、index版、取得時刻を入力時点として保存します。,ATOM(temporal_freshness=true),ATOM,externally_cited_claim,可能,7.3.1 (docs/7.品質を評価し改善する/7.3.Pre-retrieval・Batch評価.md:15); authoritative docs commit 52bebecfb2a435d0e7ff2efea557c5799674ded6,,,DEFINITION_OR_SPEC,,,,APPROPRIATE_NORMATIVE,再現に必要なのは外部製品の機能説明ではなく、各評価runが参照した入力時点を特定できることです。source snapshot ID、document version集合、index version、取得時刻を同じrunへ保存し、snapshotを保持できない外部sourceではcontent hashと取得responseを代替証跡にします。再取得値を同一入力と扱わない追跡規則なので、APPROPRIATE_NORMATIVEです。,各evaluation/runにsource snapshot ID、document version集合、index version、取得時刻を保存し、同じ入力時点から再実行できることを確認する。,外部sourceの完全snapshotを保存できない場合はcontent hashと取得responseを保持し、再取得値を同一入力として扱わない。,NOT_APPLICABLE,7.3.1 (docs/7.品質を評価し改善する/7.3.Pre-retrieval・Batch評価.md:15); authoritative docs commit 52bebecfb2a435d0e7ff2efea557c5799674ded6 の現文を次の文へ置換する: RAGの各evaluation runでは、source snapshot ID、文書版、index版、取得時刻を入力時点として保存します。 再抽出した文面と分類を照合する。,rag-guide-maintainers,,,,INCONCLUSIVE,NOT_APPLICABLE_UNPROVED,codex-primary-wave4,2026-08-15,codex-independent-wave4,2026-08-15,FINAL_TWO_REVIEWER_APPROVED
SENT-2756,52bebecfb2a435d0e7ff2efea557c5799674ded6,一部の文書だけ失敗した状態を全体成功として隠さず、文書ID、失敗工程、再処理の可否を報告します。,,ATOM(empirical_result=true),ATOM,empirical_or_research_claim,UNCLASSIFIED,7.3.2 (docs/7.品質を評価し改善する/7.3.Pre-retrieval・Batch評価.md:29); authoritative docs commit 52bebecfb2a435d0e7ff2efea557c5799674ded6,,,DEFINITION_OR_SPEC,,,,APPROPRIATE_NORMATIVE,Gold標本の二者校正で確定。独立案は経験的主張と誤分類したが、文はbatch処理の部分失敗を成功として隠さない報告要件である。文書ID・失敗工程・再処理可否を受入基準とする主案を採用。,batch内の各document IDへsuccess/failure、failed stage、retry eligibilityを記録し、一件でもfailureがあるbatchをall-successと報告しない。,許容済みunsupported documentをskipする場合はSKIPPEDと理由を記録できるが、SUCCESS件数へ含めない。,NOT_APPLICABLE,7.3.2 (docs/7.品質を評価し改善する/7.3.Pre-retrieval・Batch評価.md:29); authoritative docs commit 52bebecfb2a435d0e7ff2efea557c5799674ded6 の本文を維持し、normative_criteriaとexceptionsを設計台帳へ固定する。,rag-guide-maintainers,,,,INCONCLUSIVE,NOT_APPLICABLE_UNPROVED,codex-primary-wave4,2026-08-15,codex-independent-wave4,2026-08-15,FINAL_TWO_REVIEWER_APPROVED
SENT-2760,52bebecfb2a435d0e7ff2efea557c5799674ded6,PubLayNetとDocLayNetは、文書画像内の要素を人手で分類したデータセットであり、文書種別によってレイアウトが異なることを示しています。,PubLayNetとDocLayNetはそれぞれ、文書画像内のレイアウト要素を人手で分類したデータセットです。文書種別によるレイアウト差は、各データセットの収録文書とラベル体系を分けて確認します。,"AND(ATOM(dataset_documentation=true), ATOM(layout=true))",AND,externally_cited_claim,UNCLASSIFIED,7.3.3 (docs/7.品質を評価し改善する/7.3.Pre-retrieval・Batch評価.md:37); authoritative docs commit 52bebecfb2a435d0e7ff2efea557c5799674ded6,SRC-025;SRC-026,SRC-025 https://arxiv.org/abs/1908.07836 — abstract inspected 2026-08-15; 現主張への直接locatorは未確定; SRC-026 https://arxiv.org/abs/2206.01062 — abstract inspected 2026-08-15; 現主張への直接locatorは未確定,EMPIRICAL_RESULT,NONE_DIRECTLY_VERIFIED,dataset_documentation=true,NOT_APPLICABLE,REWRITE_REQUIRED,arxiv.orgのAbstractへの参照は台帳にありますが、dataset_documentationについて各要素と結論との直接の対応まで同時に再特定できる直接箇所が確定していません。資料の帰属範囲をPubLayNetとDocLayNetはそれぞれ、文書画像内のレイアウト要素を人手で分類したデータセットです。文書種別によるレイアウト差は、各データセットの収録文書とラベル体系を分けて確認するという限定まで狭め、候補URLの存在だけで機序や結果を補わない文へ変更します。 修正文にある主体と操作対象は保ちつつ、直接根拠を越える各要素と結論との直接の対応を落とす差分なので、REWRITE_REQUIREDと判定します。,NOT_APPLICABLE_NON_NORMATIVE,NOT_APPLICABLE_NON_NORMATIVE,UNVERIFIED,7.3.3 (docs/7.品質を評価し改善する/7.3.Pre-retrieval・Batch評価.md:37); authoritative docs commit 52bebecfb2a435d0e7ff2efea557c5799674ded6 の現文を次の文へ置換する: PubLayNetとDocLayNetはそれぞれ、文書画像内のレイアウト要素を人手で分類したデータセットです。文書種別によるレイアウト差は、各データセットの収録文書とラベル体系を分けて確認します。 再抽出した文面と分類を照合する。,rag-guide-maintainers,,,,INCONCLUSIVE,NOT_APPLICABLE_UNPROVED,codex-primary-wave4,2026-08-15,codex-independent-wave4,2026-08-15,FINAL_TWO_REVIEWER_APPROVED
SENT-2782,52bebecfb2a435d0e7ff2efea557c5799674ded6,Role-Based Access Control Modelsが扱う役割階層や制約も試験条件へ反映します。,認可試験には、role hierarchy、mutual exclusion、tenant scope、resource constraintを条件として含めます。,NL_PROPOSITION(Role-Based Access Control Modelsが扱う役割階層や制約も試験条件へ反映します。),UNFORMALIZED,externally_cited_claim,UNCLASSIFIED,7.3.4 (docs/7.品質を評価し改善する/7.3.Pre-retrieval・Batch評価.md:71); authoritative docs commit 52bebecfb2a435d0e7ff2efea557c5799674ded6,,,DEFINITION_OR_SPEC,,,,APPROPRIATE_NORMATIVE,認可試験で確認する四つの制約を本ガイド内に直接列挙すれば、外部モデルの包含範囲を断定せずに必要な負試験を定義できます。上位roleの継承と禁止組合せを検索前後で検査し、role hierarchyを使わない組織でもresource単位とtenant単位の分離は確認します。この構成固有の受入条件として、APPROPRIATE_NORMATIVEです。,role hierarchy、mutual exclusion、tenant scope、resource constraintを認可fixtureへ反映し、上位roleの継承と禁止組合せの双方を検索前後で負試験する。,組織がrole hierarchyを使用しない場合は階層fixtureをnot-applicableにできるが、resource単位とtenant単位の分離試験は省略しない。,NOT_APPLICABLE,7.3.4 (docs/7.品質を評価し改善する/7.3.Pre-retrieval・Batch評価.md:71); authoritative docs commit 52bebecfb2a435d0e7ff2efea557c5799674ded6 の現文を次の文へ置換する: 認可試験には、role hierarchy、mutual exclusion、tenant scope、resource constraintを条件として含めます。 再抽出した文面と分類を照合する。,rag-guide-maintainers,,,,INCONCLUSIVE,NOT_APPLICABLE_UNPROVED,codex-primary-wave4,2026-08-15,codex-independent-wave4,2026-08-15,FINAL_TWO_REVIEWER_APPROVED
SENT-2787,52bebecfb2a435d0e7ff2efea557c5799674ded6,MTEBでは、埋め込みモデルの順位がタスクやデータセットによって変わります。,MTEBの収録taskとdatasetではembedding modelの相対順位が変わるため、MTEB総合順位だけで対象業務modelを確定しません。,ATOM(embedding_model=true),ATOM,externally_cited_claim,UNCLASSIFIED,7.3.5 (docs/7.品質を評価し改善する/7.3.Pre-retrieval・Batch評価.md:80); authoritative docs commit 52bebecfb2a435d0e7ff2efea557c5799674ded6,SRC-044,SRC-044 https://arxiv.org/abs/2210.07316 — abstract inspected 2026-08-15; 現主張への直接locatorは未確定,EMPIRICAL_RESULT,NONE_DIRECTLY_VERIFIED,embedding_model=true,NOT_APPLICABLE,REWRITE_REQUIRED,arxiv.orgのAbstractへの参照は台帳にありますが、embedding_modelについて各要素と結論との直接の対応まで同時に再特定できる直接箇所が確定していません。資料の帰属範囲をMTEBの収録taskとdatasetではembedding modelの相対順位が変わるため、MTEB総合順位だけで対象業務modelを確定しないという限定まで狭め、候補URLの存在だけで機序や結果を補わない文へ変更します。 修正文にある主体と操作対象は保ちつつ、直接根拠を越える各要素と結論との直接の対応を落とす差分なので、REWRITE_REQUIREDと判定します。,NOT_APPLICABLE_NON_NORMATIVE,NOT_APPLICABLE_NON_NORMATIVE,UNVERIFIED,7.3.5 (docs/7.品質を評価し改善する/7.3.Pre-retrieval・Batch評価.md:80); authoritative docs commit 52bebecfb2a435d0e7ff2efea557c5799674ded6 の現文を次の文へ置換する: MTEBの収録taskとdatasetではembedding modelの相対順位が変わるため、MTEB総合順位だけで対象業務modelを確定しません。 再抽出した文面と分類を照合する。,rag-guide-maintainers,,,,INCONCLUSIVE,NOT_APPLICABLE_UNPROVED,codex-primary-wave4,2026-08-15,codex-independent-wave4,2026-08-15,FINAL_TWO_REVIEWER_APPROVED
SENT-2789,52bebecfb2a435d0e7ff2efea557c5799674ded6,一般的なベンチマークは候補選定の入口に使い、最終判断には業務データのRecallとnDCGを使います。,,"AND(AND(AND(ATOM(evaluation=true), ATOM(benchmark=true)), ATOM(recall_metric=true)), ATOM(ranking_metric=true))",AND,empirical_or_research_claim,UNCLASSIFIED,7.3.5 (docs/7.品質を評価し改善する/7.3.Pre-retrieval・Batch評価.md:83); authoritative docs commit 52bebecfb2a435d0e7ff2efea557c5799674ded6,,,DEFINITION_OR_SPEC,,,,APPROPRIATE_NORMATIVE,一般的なベンチマークは候補選定の入口に使い、最終判断には業務データのRecallとnDCGを使うという採否判断は、比較対象と合格条件を実行結果で識別するために置きます。この規則に含まれるretriever、candidate数、rank処理を固定したtest queryを実行し、統合前後のcandidate ID・rank・score変換が記述した順序と選択規則に一致することを確認する。 さらに、初期値・候補は対象datasetで再調整できるが、変更値、baseline、採用理由を同じresult tableへ残し、未比較の値を既定値として固定しない。 この扱いを例外として記録します。 同じ条件での比較と採用しない条件を両方記録できるため、APPROPRIATE_NORMATIVEです。,一般的なベンチマークは候補選定の入口に使い、最終判断には業務データのRecallとnDCGを使うことを定める評価・採否規則について、この規則に含まれるretriever、candidate数、rank処理を固定したtest queryを実行し、統合前後のcandidate ID・rank・score変換が記述した順序と選択規則に一致することを確認する。,一般的なベンチマークは候補選定の入口に使い、最終判断には業務データのRecallとnDCGを使うことを定める評価・採否規則の例外として、初期値・候補は対象datasetで再調整できるが、変更値、baseline、採用理由を同じresult tableへ残し、未比較の値を既定値として固定しない。,NOT_APPLICABLE,7.3.5 (docs/7.品質を評価し改善する/7.3.Pre-retrieval・Batch評価.md:83); authoritative docs commit 52bebecfb2a435d0e7ff2efea557c5799674ded6 の本文を維持し、normative_criteriaとexceptionsを設計台帳へ固定する。,rag-guide-maintainers,,,,INCONCLUSIVE,NOT_APPLICABLE_UNPROVED,codex-primary-wave4,2026-08-15,codex-independent-wave4,2026-08-15,FINAL_TWO_REVIEWER_APPROVED
SENT-2792,52bebecfb2a435d0e7ff2efea557c5799674ded6,モデルや入力形式を変えた場合は、古いベクトルと混在させず全対象を再計算します。,,NL_PROPOSITION(モデルや入力形式を変えた場合は、古いベクトルと混在させず全対象を再計算します。),UNFORMALIZED,general_technical_claim,UNCLASSIFIED,7.3.5 (docs/7.品質を評価し改善する/7.3.Pre-retrieval・Batch評価.md:87); authoritative docs commit 52bebecfb2a435d0e7ff2efea557c5799674ded6,,,DEFINITION_OR_SPEC,,,,APPROPRIATE_NORMATIVE,Gold標本の二者校正で確定。両案とも、embedding modelまたは入力形式変更時の再埋め込み方針として妥当と判断した。互換性を実証したmigrationのみ例外とする。,embedding modelまたは入力formatを変更したreleaseでは全対象chunkを新contract versionで再計算し、active indexに旧contract versionのvectorがゼロ件であることを確認する。,新旧indexをblue-greenで並存させることはできるが、一つのactive indexまたは検索結果へcontract versionを混在させない。,NOT_APPLICABLE,7.3.5 (docs/7.品質を評価し改善する/7.3.Pre-retrieval・Batch評価.md:87); authoritative docs commit 52bebecfb2a435d0e7ff2efea557c5799674ded6 の本文を維持し、normative_criteriaとexceptionsを設計台帳へ固定する。,rag-guide-maintainers,,,,INCONCLUSIVE,NOT_APPLICABLE_UNPROVED,codex-primary-wave4,2026-08-15,codex-independent-wave4,2026-08-15,FINAL_TWO_REVIEWER_APPROVED
SENT-2794,52bebecfb2a435d0e7ff2efea557c5799674ded6,古いベクトル、削除済み文書、重複ベクトル、一部だけ読み込まれた状態を検出します。,,NL_PROPOSITION(古いベクトル、削除済み文書、重複ベクトル、一部だけ読み込まれた状態を検出します。),UNFORMALIZED,general_technical_claim,UNCLASSIFIED,7.3.5 (docs/7.品質を評価し改善する/7.3.Pre-retrieval・Batch評価.md:90); authoritative docs commit 52bebecfb2a435d0e7ff2efea557c5799674ded6,,,DEFINITION_OR_SPEC,,,,APPROPRIATE_NORMATIVE,古いベクトル、削除済み文書、重複ベクトル、一部だけ読み込まれた状態を検出するという運用要件は、実行時の判断を担当者ごとにぶらさないためのローカル規則です。index検査で旧contract vector、削除済document ID、duplicate chunk ID、ingestion未完了batchを別々に数え、いずれかがactive indexに存在すれば公開を止める。 さらに、移行用staging indexには未完了batchを保持できるが、active aliasへ接続せず、検査対象から除外した理由を記録する。 この扱いを例外として記録します。 実装結果と例外発生時の扱いを個別に検査できるため、APPROPRIATE_NORMATIVEです。,index検査で旧contract vector、削除済document ID、duplicate chunk ID、ingestion未完了batchを別々に数え、いずれかがactive indexに存在すれば公開を止める。,移行用staging indexには未完了batchを保持できるが、active aliasへ接続せず、検査対象から除外した理由を記録する。,NOT_APPLICABLE,7.3.5 (docs/7.品質を評価し改善する/7.3.Pre-retrieval・Batch評価.md:90); authoritative docs commit 52bebecfb2a435d0e7ff2efea557c5799674ded6 の本文を維持し、normative_criteriaとexceptionsを設計台帳へ固定する。,rag-guide-maintainers,,,,INCONCLUSIVE,NOT_APPLICABLE_UNPROVED,codex-primary-wave4,2026-08-15,codex-independent-wave4,2026-08-15,FINAL_TWO_REVIEWER_APPROVED
SENT-2795,52bebecfb2a435d0e7ff2efea557c5799674ded6,近似最近傍検索は、高速化の代わりに真の上位候補を取りこぼす場合があります。,ANNはexact nearest-neighbor searchより探索量を減らす代わりに、真のtop candidateを取りこぼす可能性があります。,NL_PROPOSITION(近似最近傍検索は、高速化の代わりに真の上位候補を取りこぼす場合があります。),UNFORMALIZED,general_technical_claim,UNCLASSIFIED,7.3.5 (docs/7.品質を評価し改善する/7.3.Pre-retrieval・Batch評価.md:92); authoritative docs commit 52bebecfb2a435d0e7ff2efea557c5799674ded6,SRC-002;SRC-005;SRC-010;SRC-013;SRC-017,SRC-002 https://aclanthology.org/2020.emnlp-main.550/ — abstract inspected 2026-08-15; 現主張への直接locatorは未確定; SRC-005 https://doi.org/10.1561/1500000019 — primary_page inspected 2026-08-15; 現主張への直接locatorは未確定; SRC-010 https://arxiv.org/abs/1803.09010 — abstract inspected 2026-08-15; 現主張への直接locatorは未確定,AUTHOR_CLAIM,NONE_DIRECTLY_VERIFIED,UNFORMALIZED_NATURAL_LANGUAGE_CLAIM,UNFORMALIZED,REWRITE_REQUIRED,aclanthology.org・doi.orgのAbstractへの参照は台帳にありますが、原文の未形式化主張について未形式化の関係まで同時に再特定できる直接箇所が確定していません。本文に残すのは、ANNはexact nearest-neighbor searchより探索量を減らす代わりに、真のtop candidateを取りこぼす可能性があるという対象範囲です。原文の未形式化主張について未確認の因果までは導きません。 修正文にある主体と操作対象は保ちつつ、直接根拠を越える未形式化の関係を落とす差分なので、REWRITE_REQUIREDと判定します。,NOT_APPLICABLE_NON_NORMATIVE,NOT_APPLICABLE_NON_NORMATIVE,UNVERIFIED,7.3.5 (docs/7.品質を評価し改善する/7.3.Pre-retrieval・Batch評価.md:92); authoritative docs commit 52bebecfb2a435d0e7ff2efea557c5799674ded6 の現文を次の文へ置換する: ANNはexact nearest-neighbor searchより探索量を減らす代わりに、真のtop candidateを取りこぼす可能性があります。 再抽出した文面と分類を照合する。,rag-guide-maintainers,,,,INCONCLUSIVE,NOT_APPLICABLE_UNPROVED,codex-primary-wave4,2026-08-15,codex-independent-wave4,2026-08-15,FINAL_TWO_REVIEWER_APPROVED
SENT-2797,52bebecfb2a435d0e7ff2efea557c5799674ded6,HNSWでは、グラフの接続数や検索時の探索幅がメモリ、遅延、Recallのバランスを変えます。,HNSWでは、接続数とquery時の探索幅を変えると、対象indexにおけるmemory使用量、latency、Recallの組合せも変化します。,"AND(AND(ATOM(graph_index=true), ATOM(retrieval=true)), ATOM(recall_metric=true))",AND,externally_cited_claim,UNCLASSIFIED,7.3.5 (docs/7.品質を評価し改善する/7.3.Pre-retrieval・Batch評価.md:95); authoritative docs commit 52bebecfb2a435d0e7ff2efea557c5799674ded6,SRC-047,SRC-047 https://arxiv.org/abs/1603.09320 — abstract inspected 2026-08-15; 現主張への直接locatorは未確定,EMPIRICAL_RESULT,NONE_DIRECTLY_VERIFIED,recall_metric=true,NOT_APPLICABLE,REWRITE_REQUIRED,arxiv.orgのAbstractへの参照は台帳にありますが、recall_metricについて各要素と結論との直接の対応まで同時に再特定できる直接箇所が確定していません。資料の帰属範囲をHNSWでは、接続数とquery時の探索幅を変えると、対象indexにおけるmemory使用量、latency、Recallの組合せも変化するという限定まで狭め、候補URLの存在だけで機序や結果を補わない文へ変更します。 修正文にある主体と操作対象は保ちつつ、直接根拠を越える各要素と結論との直接の対応を落とす差分なので、REWRITE_REQUIREDと判定します。,NOT_APPLICABLE_NON_NORMATIVE,NOT_APPLICABLE_NON_NORMATIVE,UNVERIFIED,7.3.5 (docs/7.品質を評価し改善する/7.3.Pre-retrieval・Batch評価.md:95); authoritative docs commit 52bebecfb2a435d0e7ff2efea557c5799674ded6 の現文を次の文へ置換する: HNSWでは、接続数とquery時の探索幅を変えると、対象indexにおけるmemory使用量、latency、Recallの組合せも変化します。 再抽出した文面と分類を照合する。,rag-guide-maintainers,,,,INCONCLUSIVE,NOT_APPLICABLE_UNPROVED,codex-primary-wave4,2026-08-15,codex-independent-wave4,2026-08-15,FINAL_TWO_REVIEWER_APPROVED
SENT-2800,52bebecfb2a435d0e7ff2efea557c5799674ded6,上流の指標が改善しても、最終回答が改善するとは限りません。,上流指標の改善だけでは採用せず、同じquestion_idで最終回答の正しさ、根拠支持、回答保留も改善していることを確認します。,"NOT(AND(ATOM(generation=true), ATOM(empirical_result=true)))",NOT,empirical_or_research_claim,UNCLASSIFIED,7.3.6 (docs/7.品質を評価し改善する/7.3.Pre-retrieval・Batch評価.md:101); authoritative docs commit 52bebecfb2a435d0e7ff2efea557c5799674ded6,SRC-110,SRC-110 https://arxiv.org/abs/2408.08067 — abstract inspected 2026-08-15; 現主張への直接locatorは未確定,EMPIRICAL_RESULT,NONE_DIRECTLY_VERIFIED,empirical_result=true,NOT,REWRITE_REQUIRED,arxiv.orgのAbstractへの参照は台帳にありますが、empirical_resultについて否定関係まで同時に再特定できる直接箇所が確定していません。上流指標の改善だけでは採用せず、同じquestion_idで最終回答の正しさ、根拠支持、回答保留も改善していることを確認するという範囲まで対象と条件を絞り、未確認の効果や一般化を実験結果のように読ませない文面にします。 修正文にある主体と操作対象は保ちつつ、直接根拠を越える否定関係を落とす差分なので、REWRITE_REQUIREDと判定します。,NOT_APPLICABLE_NON_NORMATIVE,NOT_APPLICABLE_NON_NORMATIVE,UNVERIFIED,7.3.6 (docs/7.品質を評価し改善する/7.3.Pre-retrieval・Batch評価.md:101); authoritative docs commit 52bebecfb2a435d0e7ff2efea557c5799674ded6 の現文を次の文へ置換する: 上流指標の改善だけでは採用せず、同じquestion_idで最終回答の正しさ、根拠支持、回答保留も改善していることを確認します。 再抽出した文面と分類を照合する。,rag-guide-maintainers,,,,INCONCLUSIVE,NOT_APPLICABLE_UNPROVED,codex-primary-wave4,2026-08-15,codex-independent-wave4,2026-08-15,FINAL_TWO_REVIEWER_APPROVED
SENT-2801,52bebecfb2a435d0e7ff2efea557c5799674ded6,レイアウトを細かく認識した結果チャンクが断片化したり、短い命題を検索した結果例外条件が失われたりするためです。,細粒度layout解析ではchunk断片化率を、命題検索では条件・例外span保持率を測り、下流Recallと回答品質へ結び付けます。,"AND(AND(ATOM(retrieval=true), ATOM(layout=true)), ATOM(empirical_result=true))",AND,general_technical_claim,UNCLASSIFIED,7.3.6 (docs/7.品質を評価し改善する/7.3.Pre-retrieval・Batch評価.md:102); authoritative docs commit 52bebecfb2a435d0e7ff2efea557c5799674ded6,,,DEFINITION_OR_SPEC,,empirical_result=true;layout=true,AND,REWRITE_REQUIRED,「細粒度layout解析ではchunk断片化率」の検討では、empirical_result=true、layout=trueに関して本文へ残す内容を、実行または記録で確認できる範囲まで絞りました。「細粒度layout解析ではchunk断片化率」の証拠境界として、empirical_result=true、layout=trueについて一次資料の具体箇所を再特定できず、連言関係のまま維持できません。細粒度layout解析ではchunk断片化率を、命題検索では条件・例外span保持率を測り、下流Recallと回答品質へ結び付けます。 修正文が具体化する対象は「細粒度layout解析ではchunk断片化率」です。「細粒度layout解析ではchunk断片化率」の採否について、本文を連言関係から局所操作へ切り替える差分として採用します。,NOT_APPLICABLE_NON_NORMATIVE,NOT_APPLICABLE_NON_NORMATIVE,NOT_APPLICABLE,7.3.6 (docs/7.品質を評価し改善する/7.3.Pre-retrieval・Batch評価.md:102); authoritative docs commit 52bebecfb2a435d0e7ff2efea557c5799674ded6 の現文を次の文へ置換する: 細粒度layout解析ではchunk断片化率を、命題検索では条件・例外span保持率を測り、下流Recallと回答品質へ結び付けます。 再抽出した文面と分類を照合する。,rag-guide-maintainers,,,,INCONCLUSIVE,NOT_APPLICABLE_UNPROVED,codex-primary-wave4,2026-08-15,codex-independent-wave4,2026-08-15,FINAL_TWO_REVIEWER_APPROVED
SENT-2802,52bebecfb2a435d0e7ff2efea557c5799674ded6,解析器、チャンク分割器、埋め込みモデルを一要素ずつ変更します。,,"AND(AND(ATOM(chunking=true), ATOM(embedding_model=true)), ATOM(parsing=true))",AND,general_technical_claim,UNCLASSIFIED,7.3.6 (docs/7.品質を評価し改善する/7.3.Pre-retrieval・Batch評価.md:104); authoritative docs commit 52bebecfb2a435d0e7ff2efea557c5799674ded6,,,DEFINITION_OR_SPEC,,,,APPROPRIATE_NORMATIVE,解析器、チャンク分割器、埋め込みモデルを一要素ずつ変更するという運用要件は、実行時の判断を担当者ごとにぶらさないためのローカル規則です。parser、chunker、embedding modelの改善実験では一回のexperimentで一要素だけを変更し、残り二要素とdataset versionを固定したmanifestを保存する。 適用境界では、interface互換性がなく同時変更が不可避な場合はcombined changeと明記し、個別要素の因果効果を主張しない。 実装結果と例外発生時の扱いを個別に検査できるため、APPROPRIATE_NORMATIVEです。,parser、chunker、embedding modelの改善実験では一回のexperimentで一要素だけを変更し、残り二要素とdataset versionを固定したmanifestを保存する。,interface互換性がなく同時変更が不可避な場合はcombined changeと明記し、個別要素の因果効果を主張しない。,NOT_APPLICABLE,7.3.6 (docs/7.品質を評価し改善する/7.3.Pre-retrieval・Batch評価.md:104); authoritative docs commit 52bebecfb2a435d0e7ff2efea557c5799674ded6 の本文を維持し、normative_criteriaとexceptionsを設計台帳へ固定する。,rag-guide-maintainers,,,,INCONCLUSIVE,NOT_APPLICABLE_UNPROVED,codex-primary-wave4,2026-08-15,codex-independent-wave4,2026-08-15,FINAL_TWO_REVIEWER_APPROVED
SENT-2804,52bebecfb2a435d0e7ff2efea557c5799674ded6,RAGCheckerのように検索と生成を細分化すると、上流の改善が新しい生成上の失敗を生んでいないか確認できます。,RAGChecker型のstage別診断では、retrievalとgenerationの結果を同じclaim単位で追い、上流改善後に新たなgeneration failureが生じたかを分けて確認できます。,"NOT(AND(AND(ATOM(retrieval=true), ATOM(generation=true)), ATOM(empirical_result=true)))",NOT,externally_cited_claim,できます,7.3.6 (docs/7.品質を評価し改善する/7.3.Pre-retrieval・Batch評価.md:106); authoritative docs commit 52bebecfb2a435d0e7ff2efea557c5799674ded6,SRC-110,SRC-110 https://arxiv.org/abs/2408.08067 — abstract inspected 2026-08-15; 現主張への直接locatorは未確定,EMPIRICAL_RESULT,NONE_DIRECTLY_VERIFIED,empirical_result=true,NOT,REWRITE_REQUIRED,arxiv.orgのAbstractへの参照は台帳にありますが、empirical_resultについて否定関係まで同時に再特定できる直接箇所が確定していません。資料の帰属範囲をRAGChecker型のstage別診断では、retrievalとgenerationの結果を同じclaim単位で追い、上流改善後に新たなgeneration failureが生じたかを分けて確認できるという限定まで狭め、候補URLの存在だけで機序や結果を補わない文へ変更します。 修正文にある主体と操作対象は保ちつつ、直接根拠を越える否定関係を落とす差分なので、REWRITE_REQUIREDと判定します。,NOT_APPLICABLE_NON_NORMATIVE,NOT_APPLICABLE_NON_NORMATIVE,UNVERIFIED,7.3.6 (docs/7.品質を評価し改善する/7.3.Pre-retrieval・Batch評価.md:106); authoritative docs commit 52bebecfb2a435d0e7ff2efea557c5799674ded6 の現文を次の文へ置換する: RAGChecker型のstage別診断では、retrievalとgenerationの結果を同じclaim単位で追い、上流改善後に新たなgeneration failureが生じたかを分けて確認できます。 再抽出した文面と分類を照合する。,rag-guide-maintainers,,,,INCONCLUSIVE,NOT_APPLICABLE_UNPROVED,codex-primary-wave4,2026-08-15,codex-independent-wave4,2026-08-15,FINAL_TWO_REVIEWER_APPROVED
SENT-2805,52bebecfb2a435d0e7ff2efea557c5799674ded6,局所指標の改善だけで公開せず、重要な下流指標が許容幅を超えて悪化しないことを合格条件にします。,,NOT(ATOM(empirical_result=true)),NOT,empirical_or_research_claim,UNCLASSIFIED,7.3.6 (docs/7.品質を評価し改善する/7.3.Pre-retrieval・Batch評価.md:108); authoritative docs commit 52bebecfb2a435d0e7ff2efea557c5799674ded6,,,DEFINITION_OR_SPEC,,,,APPROPRIATE_NORMATIVE,局所指標の改善だけで公開せず、重要な下流指標が許容幅を超えて悪化しないことを合格条件にするという採否判断は、比較対象と合格条件を実行結果で識別するために置きます。この規則に挙げた選択肢を同じdataset version、query slice、gold evidence、負荷条件で比較し、対象sliceごとの品質・latency・costを一つのresult tableへ記録する。 さらに、判定に必要なgold evidenceがないslice、標本不足のslice、負荷条件が異なるrunは合否集計から分離し、他sliceの平均結果を外挿しない。 この扱いを例外として記録します。 同じ条件での比較と採用しない条件を両方記録できるため、APPROPRIATE_NORMATIVEです。,局所指標の改善だけで公開せず、重要な下流指標が許容幅を超えて悪化しないことを合格条件にすることを定める評価・採否規則について、この規則に挙げた選択肢を同じdataset version、query slice、gold evidence、負荷条件で比較し、対象sliceごとの品質・latency・costを一つのresult tableへ記録する。,局所指標の改善だけで公開せず、重要な下流指標が許容幅を超えて悪化しないことを合格条件にすることを定める評価・採否規則の例外として、判定に必要なgold evidenceがないslice、標本不足のslice、負荷条件が異なるrunは合否集計から分離し、他sliceの平均結果を外挿しない。,NOT_APPLICABLE,7.3.6 (docs/7.品質を評価し改善する/7.3.Pre-retrieval・Batch評価.md:108); authoritative docs commit 52bebecfb2a435d0e7ff2efea557c5799674ded6 の本文を維持し、normative_criteriaとexceptionsを設計台帳へ固定する。,rag-guide-maintainers,,,,INCONCLUSIVE,NOT_APPLICABLE_UNPROVED,codex-primary-wave4,2026-08-15,codex-independent-wave4,2026-08-15,FINAL_TWO_REVIEWER_APPROVED
SENT-2815,52bebecfb2a435d0e7ff2efea557c5799674ded6,検索器を比較する間に質問変換やコーパスが変わると、順位差の原因を説明できません。,retriever比較ではquery変換、corpus snapshot、filter、candidate数を固定し、順位差をretrieverの変更へ帰属できるrunだけ採用します。,NOT(ATOM(retrieval=true)),NOT,general_technical_claim,UNCLASSIFIED,7.4.1 (docs/7.品質を評価し改善する/7.4.Retrieval評価.md:8); authoritative docs commit 52bebecfb2a435d0e7ff2efea557c5799674ded6,,,DEFINITION_OR_SPEC,,retrieval=true,NOT,REWRITE_REQUIRED,「retriever比較ではquery変換」の検討では、根拠未確認のretrieval=trueを、観測可能な処理規則へ置き換えました。「retriever比較ではquery変換」の証拠境界として、直接検証できていないretrieval=trueと否定関係を落とし、修正文の操作だけを採ります。retriever比較ではquery変換、corpus snapshot、filter、candidate数を固定し、順位差をretrieverの変更へ帰属できるrunだけ採用します。 修正文が具体化する対象は「retriever比較ではquery変換」です。「retriever比較ではquery変換」の採否について、retrieval=trueの証拠境界を本文へ反映する必要があるため、REWRITE_REQUIREDです。,NOT_APPLICABLE_NON_NORMATIVE,NOT_APPLICABLE_NON_NORMATIVE,NOT_APPLICABLE,7.4.1 (docs/7.品質を評価し改善する/7.4.Retrieval評価.md:8); authoritative docs commit 52bebecfb2a435d0e7ff2efea557c5799674ded6 の現文を次の文へ置換する: retriever比較ではquery変換、corpus snapshot、filter、candidate数を固定し、順位差をretrieverの変更へ帰属できるrunだけ採用します。 再抽出した文面と分類を照合する。,rag-guide-maintainers,,,,INCONCLUSIVE,NOT_APPLICABLE_UNPROVED,codex-primary-wave4,2026-08-15,codex-independent-wave4,2026-08-15,FINAL_TWO_REVIEWER_APPROVED
SENT-2821,52bebecfb2a435d0e7ff2efea557c5799674ded6,正解根拠は、答えと同じ文字列を含むチャンクとは限りません。,正解根拠は、答えと同じ文字列を含むチャンクとは限らない前提で、反例を含む対象データを評価します。,NOT(ATOM(evidence_support=true)),NOT,general_technical_claim,UNCLASSIFIED,7.4.1 (docs/7.品質を評価し改善する/7.4.Retrieval評価.md:17); authoritative docs commit 52bebecfb2a435d0e7ff2efea557c5799674ded6,SRC-005,SRC-005 https://doi.org/10.1561/1500000019 — primary_page inspected 2026-08-15; 現主張への直接locatorは未確定,AUTHOR_CLAIM,NONE_DIRECTLY_VERIFIED,evidence_support=true,NOT,REWRITE_REQUIRED,doi.orgの一次資料ページへの参照は台帳にありますが、evidence_supportについて否定関係まで同時に再特定できる直接箇所が確定していません。本文に残すのは、正解根拠は、答えと同じ文字列を含むチャンクとは限らない前提で、反例を含む対象データを評価するという対象範囲です。evidence_supportについて未確認の因果までは導きません。 修正文にある主体と操作対象は保ちつつ、直接根拠を越える否定関係を落とす差分なので、REWRITE_REQUIREDと判定します。,NOT_APPLICABLE_NON_NORMATIVE,NOT_APPLICABLE_NON_NORMATIVE,UNVERIFIED,7.4.1 (docs/7.品質を評価し改善する/7.4.Retrieval評価.md:17); authoritative docs commit 52bebecfb2a435d0e7ff2efea557c5799674ded6 の現文を次の文へ置換する: 正解根拠は、答えと同じ文字列を含むチャンクとは限らない前提で、反例を含む対象データを評価します。 再抽出した文面と分類を照合する。,rag-guide-maintainers,,,,INCONCLUSIVE,NOT_APPLICABLE_UNPROVED,codex-primary-wave4,2026-08-15,codex-independent-wave4,2026-08-15,FINAL_TWO_REVIEWER_APPROVED
SENT-2827,52bebecfb2a435d0e7ff2efea557c5799674ded6,チャンク分割を変えた場合は、古いチャンクIDをそのまま使わず、元文書の正解スパンから新しいチャンクへ対応付けます。,,NL_PROPOSITION(チャンク分割を変えた場合は、古いチャンクIDをそのまま使わず、元文書の正解スパンから新しいチャンクへ対応付けます。),UNFORMALIZED,general_technical_claim,UNCLASSIFIED,7.4.1 (docs/7.品質を評価し改善する/7.4.Retrieval評価.md:25); authoritative docs commit 52bebecfb2a435d0e7ff2efea557c5799674ded6,,,DEFINITION_OR_SPEC,,,,APPROPRIATE_NORMATIVE,チャンク分割を変えた場合は、古いチャンクIDをそのまま使わず、元文書の正解スパンから新しいチャンクへ対応付けるという運用要件は、実行時の判断を担当者ごとにぶらさないためのローカル規則です。この規則に列挙したID、version、artifactを必須schema fieldにし、任意のanswer/citationからsource document、original span、chunk、retrieval rank、configuration versionへ欠損なく到達できることを確認する。 適用境界では、対象値に個人情報または保存期限の制約がある場合は仮名化・分離保管へ置換できるが、source/version/spanを復元する承認済み対応表は保持する。 実装結果と例外発生時の扱いを個別に検査できるため、APPROPRIATE_NORMATIVEです。,チャンク分割を変えた場合は、古いチャンクIDをそのまま使わず、元文書の正解スパンから新しいチャンクへ対応付けることを定めるローカル設計規則について、この規則に列挙したID、version、artifactを必須schema fieldにし、任意のanswer/citationからsource document、original span、chunk、retrieval rank、configuration versionへ欠損なく到達できることを確認する。,チャンク分割を変えた場合は、古いチャンクIDをそのまま使わず、元文書の正解スパンから新しいチャンクへ対応付けることを定めるローカル設計規則の例外として、対象値に個人情報または保存期限の制約がある場合は仮名化・分離保管へ置換できるが、source/version/spanを復元する承認済み対応表は保持する。,NOT_APPLICABLE,7.4.1 (docs/7.品質を評価し改善する/7.4.Retrieval評価.md:25); authoritative docs commit 52bebecfb2a435d0e7ff2efea557c5799674ded6 の本文を維持し、normative_criteriaとexceptionsを設計台帳へ固定する。,rag-guide-maintainers,,,,INCONCLUSIVE,NOT_APPLICABLE_UNPROVED,codex-primary-wave4,2026-08-15,codex-independent-wave4,2026-08-15,FINAL_TWO_REVIEWER_APPROVED
SENT-2840,52bebecfb2a435d0e7ff2efea557c5799674ded6,検索器の弱点は質問の種類ごとに異なります。,retrieverの弱点は識別子、言い換え、複数hop、表、長文のquery slice別にRecallとnDCGを集計して診断します。,NOT(ATOM(retrieval=true)),NOT,general_technical_claim,UNCLASSIFIED,7.4.3 (docs/7.品質を評価し改善する/7.4.Retrieval評価.md:49); authoritative docs commit 52bebecfb2a435d0e7ff2efea557c5799674ded6,,,DEFINITION_OR_SPEC,,retrieval=true,NOT,REWRITE_REQUIRED,「retrieverの弱点は識別子」の検討では、retrieval=trueを技術一般へ外挿せず、本文の動作を具体化しました。「retrieverの弱点は識別子」の証拠境界として、retrieval=trueを外部主張として残す証拠がなく、否定関係を具体的な構成判断へ縮約しています。retrieverの弱点は識別子、言い換え、複数hop、表、長文のquery slice別にRecallとnDCGを集計して診断します。 修正文が具体化する対象は「retrieverの弱点は識別子」です。「retrieverの弱点は識別子」の採否について、retrieval=trueを外的真偽の主張にしない完成文へ更新するのが妥当です。,NOT_APPLICABLE_NON_NORMATIVE,NOT_APPLICABLE_NON_NORMATIVE,NOT_APPLICABLE,7.4.3 (docs/7.品質を評価し改善する/7.4.Retrieval評価.md:49); authoritative docs commit 52bebecfb2a435d0e7ff2efea557c5799674ded6 の現文を次の文へ置換する: retrieverの弱点は識別子、言い換え、複数hop、表、長文のquery slice別にRecallとnDCGを集計して診断します。 再抽出した文面と分類を照合する。,rag-guide-maintainers,,,,INCONCLUSIVE,NOT_APPLICABLE_UNPROVED,codex-primary-wave4,2026-08-15,codex-independent-wave4,2026-08-15,FINAL_TWO_REVIEWER_APPROVED
SENT-2842,52bebecfb2a435d0e7ff2efea557c5799674ded6,BEIRでは、BM25と密検索の優劣がデータセットによって変わります。,BEIRの収録datasetではBM25とdense retrievalの相対的な優劣がdatasetごとに異なるため、対象dataset別に両方式を比較します。,"AND(ATOM(dense=true), ATOM(retrieval=true))",AND,externally_cited_claim,UNCLASSIFIED,7.4.3 (docs/7.品質を評価し改善する/7.4.Retrieval評価.md:52); authoritative docs commit 52bebecfb2a435d0e7ff2efea557c5799674ded6,SRC-066;SRC-005,SRC-066 https://arxiv.org/abs/2104.08663 — abstract inspected 2026-08-15; 現主張への直接locatorは未確定; SRC-005 https://doi.org/10.1561/1500000019 — primary_page inspected 2026-08-15; 現主張への直接locatorは未確定,EMPIRICAL_RESULT,NONE_DIRECTLY_VERIFIED,dense=true,NOT_APPLICABLE,REWRITE_REQUIRED,arxiv.org・doi.orgのAbstractへの参照は台帳にありますが、denseについて各要素と結論との直接の対応まで同時に再特定できる直接箇所が確定していません。資料の帰属範囲をBEIRの収録datasetではBM25とdense retrievalの相対的な優劣がdatasetごとに異なるため、対象dataset別に両方式を比較するという限定まで狭め、候補URLの存在だけで機序や結果を補わない文へ変更します。 修正文にある主体と操作対象は保ちつつ、直接根拠を越える各要素と結論との直接の対応を落とす差分なので、REWRITE_REQUIREDと判定します。,NOT_APPLICABLE_NON_NORMATIVE,NOT_APPLICABLE_NON_NORMATIVE,UNVERIFIED,7.4.3 (docs/7.品質を評価し改善する/7.4.Retrieval評価.md:52); authoritative docs commit 52bebecfb2a435d0e7ff2efea557c5799674ded6 の現文を次の文へ置換する: BEIRの収録datasetではBM25とdense retrievalの相対的な優劣がdatasetごとに異なるため、対象dataset別に両方式を比較します。 再抽出した文面と分類を照合する。,rag-guide-maintainers,,,,INCONCLUSIVE,NOT_APPLICABLE_UNPROVED,codex-primary-wave4,2026-08-15,codex-independent-wave4,2026-08-15,FINAL_TWO_REVIEWER_APPROVED
SENT-2843,52bebecfb2a435d0e7ff2efea557c5799674ded6,単一のベンチマークや全体平均だけで、業務に対する一般化性能を判断できません。,業務への一般化性能は、単一ベンチマークの全体平均だけで決めず、対象業務データの主要区分ごとの結果も確認して判定します。,"NOT(AND(ATOM(evaluation=true), ATOM(benchmark=true)))",NOT,empirical_or_research_claim,UNCLASSIFIED,7.4.3 (docs/7.品質を評価し改善する/7.4.Retrieval評価.md:53); authoritative docs commit 52bebecfb2a435d0e7ff2efea557c5799674ded6,,,HYPOTHESIS,,benchmark=true;evaluation=true,NOT,REWRITE_REQUIRED,Gold標本の二者校正で確定。両案の一般的なスコープ追記では判断規則が曖昧なため、単一平均だけに依存しないという教材価値を、業務データ区分で確認する明示的な評価規則へ変える。,NOT_APPLICABLE_NON_NORMATIVE,NOT_APPLICABLE_NON_NORMATIVE,NOT_APPLICABLE,7.4.3 (docs/7.品質を評価し改善する/7.4.Retrieval評価.md:53); authoritative docs commit 52bebecfb2a435d0e7ff2efea557c5799674ded6 の現文を次の文へ置換する: 業務への一般化性能は、単一ベンチマークの全体平均だけで決めず、対象業務データの主要区分ごとの結果も確認して判定します。 再抽出した文面と分類を照合する。,rag-guide-maintainers,,,,INCONCLUSIVE,NOT_APPLICABLE_UNPROVED,codex-primary-wave4,2026-08-15,codex-independent-wave4,2026-08-15,FINAL_TWO_REVIEWER_APPROVED
SENT-2846,52bebecfb2a435d0e7ff2efea557c5799674ded6,BM25、密検索、学習型疎検索、ハイブリッド検索を、同じ正解集合と候補件数で比較します。,,"AND(AND(AND(ATOM(sparse=true), ATOM(learned=true)), ATOM(dense=true)), ATOM(retrieval=true))",AND,concrete_technology_claim,UNCLASSIFIED,7.4.3 (docs/7.品質を評価し改善する/7.4.Retrieval評価.md:58); authoritative docs commit 52bebecfb2a435d0e7ff2efea557c5799674ded6,,,DEFINITION_OR_SPEC,,,,APPROPRIATE_NORMATIVE,BM25、密検索、学習型疎検索、ハイブリッド検索を、同じ正解集合と候補件数で比較するという採否判断は、比較対象と合格条件を実行結果で識別するために置きます。この規則に含まれるretriever、candidate数、rank処理を固定したtest queryを実行し、統合前後のcandidate ID・rank・score変換が記述した順序と選択規則に一致することを確認する。 さらに、初期値・候補は対象datasetで再調整できるが、変更値、baseline、採用理由を同じresult tableへ残し、未比較の値を既定値として固定しない。 この扱いを例外として記録します。 同じ条件での比較と採用しない条件を両方記録できるため、APPROPRIATE_NORMATIVEです。,BM25、密検索、学習型疎検索、ハイブリッド検索を、同じ正解集合と候補件数で比較することを定める評価・採否規則について、この規則に含まれるretriever、candidate数、rank処理を固定したtest queryを実行し、統合前後のcandidate ID・rank・score変換が記述した順序と選択規則に一致することを確認する。,BM25、密検索、学習型疎検索、ハイブリッド検索を、同じ正解集合と候補件数で比較することを定める評価・採否規則の例外として、初期値・候補は対象datasetで再調整できるが、変更値、baseline、採用理由を同じresult tableへ残し、未比較の値を既定値として固定しない。,NOT_APPLICABLE,7.4.3 (docs/7.品質を評価し改善する/7.4.Retrieval評価.md:58); authoritative docs commit 52bebecfb2a435d0e7ff2efea557c5799674ded6 の本文を維持し、normative_criteriaとexceptionsを設計台帳へ固定する。,rag-guide-maintainers,,,,INCONCLUSIVE,NOT_APPLICABLE_UNPROVED,codex-primary-wave4,2026-08-15,codex-independent-wave4,2026-08-15,FINAL_TWO_REVIEWER_APPROVED
SENT-2848,52bebecfb2a435d0e7ff2efea557c5799674ded6,両者は改善する質問の種類が異なります。,BM25とSPLADE系疎検索は、同じ平均値だけでなく、固有名詞、専門語、言い換えを含む質問sliceごとの改善差を比較します。,NOT(ATOM(empirical_result=true)),NOT,empirical_or_research_claim,UNCLASSIFIED,7.4.3 (docs/7.品質を評価し改善する/7.4.Retrieval評価.md:60); authoritative docs commit 52bebecfb2a435d0e7ff2efea557c5799674ded6,SRC-068;SRC-043,SRC-068 https://arxiv.org/abs/2107.05720 — abstract inspected 2026-08-15; 現主張への直接locatorは未確定; SRC-043 https://arxiv.org/abs/2004.04906 — abstract inspected 2026-08-15; 現主張への直接locatorは未確定,EMPIRICAL_RESULT,NONE_DIRECTLY_VERIFIED,empirical_result=true,NOT,REWRITE_REQUIRED,arxiv.orgのAbstractへの参照は台帳にありますが、empirical_resultについて否定関係まで同時に再特定できる直接箇所が確定していません。BM25とSPLADE系疎検索は、同じ平均値だけでなく、固有名詞、専門語、言い換えを含む質問sliceごとの改善差を比較するという範囲まで対象と条件を絞り、未確認の効果や一般化を実験結果のように読ませない文面にします。 修正文にある主体と操作対象は保ちつつ、直接根拠を越える否定関係を落とす差分なので、REWRITE_REQUIREDと判定します。,NOT_APPLICABLE_NON_NORMATIVE,NOT_APPLICABLE_NON_NORMATIVE,UNVERIFIED,7.4.3 (docs/7.品質を評価し改善する/7.4.Retrieval評価.md:60); authoritative docs commit 52bebecfb2a435d0e7ff2efea557c5799674ded6 の現文を次の文へ置換する: BM25とSPLADE系疎検索は、同じ平均値だけでなく、固有名詞、専門語、言い換えを含む質問sliceごとの改善差を比較します。 再抽出した文面と分類を照合する。,rag-guide-maintainers,,,,INCONCLUSIVE,NOT_APPLICABLE_UNPROVED,codex-primary-wave4,2026-08-15,codex-independent-wave4,2026-08-15,FINAL_TWO_REVIEWER_APPROVED
SENT-2850,52bebecfb2a435d0e7ff2efea557c5799674ded6,Reciprocal Rank Fusionは、各順位の逆数に基づいて複数の順位表を統合します。,Reciprocal Rank Fusionは、各rank listの候補順位へ定数を加えた逆数を合計し、複数の順位表を一つの順位へ統合します。,NL_PROPOSITION(Reciprocal Rank Fusionは、各順位の逆数に基づいて複数の順位表を統合します。),UNFORMALIZED,externally_cited_claim,UNCLASSIFIED,7.4.3 (docs/7.品質を評価し改善する/7.4.Retrieval評価.md:63); authoritative docs commit 52bebecfb2a435d0e7ff2efea557c5799674ded6,SRC-064,"primary source page, method definition for Reciprocal Rank Fusion; inspected 2026-08-15",DEFINITION_OR_SPEC,NONE_DIRECTLY_VERIFIED,NL_PROPOSITION(Reciprocal Rank Fusionは、各順位の逆数に基づいて複数の順位表を統合します。),NOT_APPLICABLE,REWRITE_REQUIRED,候補資料ページへの参照は台帳にありますが、外的真偽はUNVERIFIEDのままです。その境界では、原文の未形式化主張について各要素と結論との直接の対応まで確認済みと扱えません。資料の帰属範囲をReciprocal Rank Fusionは、各rank listの候補順位へ定数を加えた逆数を合計し、複数の順位表を一つの順位へ統合するという限定まで狭め、候補URLの存在だけで機序や結果を補わない文へ変更します。 修正文にある主体と操作対象は保ちつつ、直接根拠を越える各要素と結論との直接の対応を落とす差分なので、REWRITE_REQUIREDと判定します。,NOT_APPLICABLE_NON_NORMATIVE,NOT_APPLICABLE_NON_NORMATIVE,UNVERIFIED,7.4.3 (docs/7.品質を評価し改善する/7.4.Retrieval評価.md:63); authoritative docs commit 52bebecfb2a435d0e7ff2efea557c5799674ded6 の現文を次の文へ置換する: Reciprocal Rank Fusionは、各rank listの候補順位へ定数を加えた逆数を合計し、複数の順位表を一つの順位へ統合します。 再抽出した文面と分類を照合する。,rag-guide-maintainers,,,,INCONCLUSIVE,NOT_APPLICABLE_UNPROVED,codex-primary-wave4,2026-08-15,codex-independent-wave4,2026-08-15,FINAL_TWO_REVIEWER_APPROVED
SENT-2853,52bebecfb2a435d0e7ff2efea557c5799674ded6,質問処理を評価するときは検索器を固定し、正規化、書き換え、展開、HyDE、分解を一つずつ有効または無効にします。,,"IMP(ATOM(evaluation=true), ATOM(retrieval=true))",IMPLIES,concrete_technology_claim,有効,7.4.3 (docs/7.品質を評価し改善する/7.4.Retrieval評価.md:68); authoritative docs commit 52bebecfb2a435d0e7ff2efea557c5799674ded6,,,DEFINITION_OR_SPEC,,,,APPROPRIATE_NORMATIVE,質問処理を評価するときは検索器を固定し、正規化、書き換え、展開、HyDE、分解を一つずつ有効または無効にするという採否判断は、比較対象と合格条件を実行結果で識別するために置きます。本文に列挙した対象・条件・指標を個別fieldへ保存し、同一runの実装結果または評価結果と一致することを確認する。 さらに、判定に必要なgold evidenceがないslice、標本不足のslice、負荷条件が異なるrunは合否集計から分離し、他sliceの平均結果を外挿しない。 この扱いを例外として記録します。 同じ条件での比較と採用しない条件を両方記録できるため、APPROPRIATE_NORMATIVEです。,質問処理を評価するときは検索器を固定し、正規化、書き換え、展開、HyDE、分解を一つずつ有効または無効にすることを定める評価・採否規則について、本文に列挙した対象・条件・指標を個別fieldへ保存し、同一runの実装結果または評価結果と一致することを確認する。,質問処理を評価するときは検索器を固定し、正規化、書き換え、展開、HyDE、分解を一つずつ有効または無効にすることを定める評価・採否規則の例外として、判定に必要なgold evidenceがないslice、標本不足のslice、負荷条件が異なるrunは合否集計から分離し、他sliceの平均結果を外挿しない。,NOT_APPLICABLE,7.4.3 (docs/7.品質を評価し改善する/7.4.Retrieval評価.md:68); authoritative docs commit 52bebecfb2a435d0e7ff2efea557c5799674ded6 の本文を維持し、normative_criteriaとexceptionsを設計台帳へ固定する。,rag-guide-maintainers,,,,INCONCLUSIVE,NOT_APPLICABLE_UNPROVED,codex-primary-wave4,2026-08-15,codex-independent-wave4,2026-08-15,FINAL_TWO_REVIEWER_APPROVED
SENT-2855,52bebecfb2a435d0e7ff2efea557c5799674ded6,HyDEの研究は教師なしの密検索を改善していますが、型番へ存在しない語を加えるなど、元の意図から外れる可能性もあります。,HyDEが改善を報告したzero-shot dense retrieval条件を型番検索へ適用する場合は、生成documentに加わった語が元queryの型番や意図を変えていないかを別途検査します。,"NOT(AND(AND(ATOM(dense=true), ATOM(retrieval=true)), ATOM(empirical_result=true)))",NOT,externally_cited_claim,可能,7.4.3 (docs/7.品質を評価し改善する/7.4.Retrieval評価.md:70); authoritative docs commit 52bebecfb2a435d0e7ff2efea557c5799674ded6,SRC-065,SRC-065 https://arxiv.org/abs/2212.10496 — abstract inspected 2026-08-15; 現主張への直接locatorは未確定,EMPIRICAL_RESULT,NONE_DIRECTLY_VERIFIED,dense=true;empirical_result=true;retrieval=true,NOT,REWRITE_REQUIRED,arxiv.orgのAbstractへの参照は台帳にありますが、dense、empirical_result、retrievalについて否定関係まで同時に再特定できる直接箇所が確定していません。資料の帰属範囲をHyDEが改善を報告したzero-shot dense retrieval条件を型番検索へ適用する場合は、生成documentに加わった語が元queryの型番や意図を変えていないかを別途検査するという限定まで狭め、候補URLの存在だけで機序や結果を補わない文へ変更します。 修正文にある主体と操作対象は保ちつつ、直接根拠を越える否定関係を落とす差分なので、REWRITE_REQUIREDと判定します。,NOT_APPLICABLE_NON_NORMATIVE,NOT_APPLICABLE_NON_NORMATIVE,UNVERIFIED,7.4.3 (docs/7.品質を評価し改善する/7.4.Retrieval評価.md:70); authoritative docs commit 52bebecfb2a435d0e7ff2efea557c5799674ded6 の現文を次の文へ置換する: HyDEが改善を報告したzero-shot dense retrieval条件を型番検索へ適用する場合は、生成documentに加わった語が元queryの型番や意図を変えていないかを別途検査します。 再抽出した文面と分類を照合する。,rag-guide-maintainers,,,,INCONCLUSIVE,NOT_APPLICABLE_UNPROVED,codex-primary-wave4,2026-08-15,codex-independent-wave4,2026-08-15,FINAL_TWO_REVIEWER_APPROVED
SENT-2858,52bebecfb2a435d0e7ff2efea557c5799674ded6,書き換えで失敗した事例を、検索器自体の失敗として数えないようにします。,,NOT(ATOM(retrieval=true)),NOT,general_technical_claim,UNCLASSIFIED,7.4.3 (docs/7.品質を評価し改善する/7.4.Retrieval評価.md:74); authoritative docs commit 52bebecfb2a435d0e7ff2efea557c5799674ded6,,,DEFINITION_OR_SPEC,,,,APPROPRIATE_NORMATIVE,書き換えで失敗した事例を、検索器自体の失敗として数えないようにするという検索経路は、候補の収集・統合・選択を再現可能にするガイド内の決定です。query rewrite前後のretrieval resultを別trace fieldに保存し、rewrite後だけgold evidenceを失った事例をquery-transformation failureとして数え、base retriever failureへ含めない。 適用境界では、元queryでもgold evidenceを取得できない事例はretriever側にもlabelを付けられるが、rewriteの寄与を消さない。 検索結果の合格条件と別経路へ切り替える条件が検査できるため、APPROPRIATE_NORMATIVEです。,query rewrite前後のretrieval resultを別trace fieldに保存し、rewrite後だけgold evidenceを失った事例をquery-transformation failureとして数え、base retriever failureへ含めない。,元queryでもgold evidenceを取得できない事例はretriever側にもlabelを付けられるが、rewriteの寄与を消さない。,NOT_APPLICABLE,7.4.3 (docs/7.品質を評価し改善する/7.4.Retrieval評価.md:74); authoritative docs commit 52bebecfb2a435d0e7ff2efea557c5799674ded6 の本文を維持し、normative_criteriaとexceptionsを設計台帳へ固定する。,rag-guide-maintainers,,,,INCONCLUSIVE,NOT_APPLICABLE_UNPROVED,codex-primary-wave4,2026-08-15,codex-independent-wave4,2026-08-15,FINAL_TWO_REVIEWER_APPROVED
SENT-2862,52bebecfb2a435d0e7ff2efea557c5799674ded6,ACORNが構造化条件付きのベクトル検索を扱うように、条件へ一致する文書の割合ごとにRecallと遅延も測ります。,構造化条件付きベクトル検索は、条件へ一致する文書の割合ごとにRecallと遅延を測ります。,"AND(ATOM(retrieval=true), ATOM(recall_metric=true))",AND,externally_cited_claim,UNCLASSIFIED,7.4.4 (docs/7.品質を評価し改善する/7.4.Retrieval評価.md:82); authoritative docs commit 52bebecfb2a435d0e7ff2efea557c5799674ded6,,,DEFINITION_OR_SPEC,,,,APPROPRIATE_NORMATIVE,構造化条件付き検索の採否では、特定手法の紹介ではなくfilter selectivity別のRecallと遅延を観測対象にします。同じcorpus、query、candidate上限で一致文書率ごとの結果を記録し、gold不足、標本不足、負荷条件の異なるrunを同じ集計へ混ぜません。測定条件と除外条件が実行結果から判別できるため、APPROPRIATE_NORMATIVEです。,同じcorpus、query集合、candidate上限を用い、構造化条件へ一致する文書の割合を複数sliceに分けて各sliceのRecallとp95 latencyを記録する。,gold evidenceがないslice、必要標本数に達しないslice、または負荷条件が基準runと異なる結果は採否集計から分離し、別sliceの平均値を外挿しない。,NOT_APPLICABLE,7.4.4 (docs/7.品質を評価し改善する/7.4.Retrieval評価.md:82); authoritative docs commit 52bebecfb2a435d0e7ff2efea557c5799674ded6 の現文を次の文へ置換する: 構造化条件付きベクトル検索は、条件へ一致する文書の割合ごとにRecallと遅延を測ります。 再抽出した文面と分類を照合する。,rag-guide-maintainers,,,,INCONCLUSIVE,NOT_APPLICABLE_UNPROVED,codex-primary-wave4,2026-08-15,codex-independent-wave4,2026-08-15,FINAL_TWO_REVIEWER_APPROVED
SENT-2867,52bebecfb2a435d0e7ff2efea557c5799674ded6,HNSWを使う場合は検索時探索幅を段階的に変え、品質と遅延の曲線を作ります。,,NL_PROPOSITION(HNSWを使う場合は検索時探索幅を段階的に変え、品質と遅延の曲線を作ります。),UNFORMALIZED,concrete_technology_claim,UNCLASSIFIED,7.4.5 (docs/7.品質を評価し改善する/7.4.Retrieval評価.md:92); authoritative docs commit 52bebecfb2a435d0e7ff2efea557c5799674ded6,,,DEFINITION_OR_SPEC,,,,APPROPRIATE_NORMATIVE,HNSWを使う場合は検索時探索幅を段階的に変え、品質と遅延の曲線を作るという採否判断は、比較対象と合格条件を実行結果で識別するために置きます。本文に列挙した対象・条件・指標を個別fieldへ保存し、同一runの実装結果または評価結果と一致することを確認する。 さらに、判定に必要なgold evidenceがないslice、標本不足のslice、負荷条件が異なるrunは合否集計から分離し、他sliceの平均結果を外挿しない。 この扱いを例外として記録します。 同じ条件での比較と採用しない条件を両方記録できるため、APPROPRIATE_NORMATIVEです。,HNSWを使う場合は検索時探索幅を段階的に変え、品質と遅延の曲線を作ることを定める評価・採否規則について、本文に列挙した対象・条件・指標を個別fieldへ保存し、同一runの実装結果または評価結果と一致することを確認する。,HNSWを使う場合は検索時探索幅を段階的に変え、品質と遅延の曲線を作ることを定める評価・採否規則の例外として、判定に必要なgold evidenceがないslice、標本不足のslice、負荷条件が異なるrunは合否集計から分離し、他sliceの平均結果を外挿しない。,NOT_APPLICABLE,7.4.5 (docs/7.品質を評価し改善する/7.4.Retrieval評価.md:92); authoritative docs commit 52bebecfb2a435d0e7ff2efea557c5799674ded6 の本文を維持し、normative_criteriaとexceptionsを設計台帳へ固定する。,rag-guide-maintainers,,,,INCONCLUSIVE,NOT_APPLICABLE_UNPROVED,codex-primary-wave4,2026-08-15,codex-independent-wave4,2026-08-15,FINAL_TWO_REVIEWER_APPROVED
SENT-2872,52bebecfb2a435d0e7ff2efea557c5799674ded6,平均nDCGの差だけでなく、改善件数、悪化件数、重大事例の変化、ブートストラップ信頼区間を示します。,,"AND(ATOM(ranking_metric=true), ATOM(empirical_result=true))",AND,empirical_or_research_claim,UNCLASSIFIED,7.4.5 (docs/7.品質を評価し改善する/7.4.Retrieval評価.md:99); authoritative docs commit 52bebecfb2a435d0e7ff2efea557c5799674ded6,,,DEFINITION_OR_SPEC,,,,APPROPRIATE_NORMATIVE,平均nDCGの差だけでなく、改善件数、悪化件数、重大事例の変化、ブートストラップ信頼区間を示すという採否判断は、比較対象と合格条件を実行結果で識別するために置きます。この規則に挙げた選択肢を同じdataset version、query slice、gold evidence、負荷条件で比較し、対象sliceごとの品質・latency・costを一つのresult tableへ記録する。 さらに、初期値・候補は対象datasetで再調整できるが、変更値、baseline、採用理由を同じresult tableへ残し、未比較の値を既定値として固定しない。 この扱いを例外として記録します。 同じ条件での比較と採用しない条件を両方記録できるため、APPROPRIATE_NORMATIVEです。,平均nDCGの差だけでなく、改善件数、悪化件数、重大事例の変化、ブートストラップ信頼区間を示することを定める評価・採否規則について、この規則に挙げた選択肢を同じdataset version、query slice、gold evidence、負荷条件で比較し、対象sliceごとの品質・latency・costを一つのresult tableへ記録する。,平均nDCGの差だけでなく、改善件数、悪化件数、重大事例の変化、ブートストラップ信頼区間を示することを定める評価・採否規則の例外として、初期値・候補は対象datasetで再調整できるが、変更値、baseline、採用理由を同じresult tableへ残し、未比較の値を既定値として固定しない。,NOT_APPLICABLE,7.4.5 (docs/7.品質を評価し改善する/7.4.Retrieval評価.md:99); authoritative docs commit 52bebecfb2a435d0e7ff2efea557c5799674ded6 の本文を維持し、normative_criteriaとexceptionsを設計台帳へ固定する。,rag-guide-maintainers,,,,INCONCLUSIVE,NOT_APPLICABLE_UNPROVED,codex-primary-wave4,2026-08-15,codex-independent-wave4,2026-08-15,FINAL_TWO_REVIEWER_APPROVED
SENT-2876,52bebecfb2a435d0e7ff2efea557c5799674ded6,統計的な差があっても、費用に見合わない小さな改善は採用しない場合があります。,統計的に有意な改善でも、対象負荷での品質増分が追加費用と運用複雑性の受入基準を満たさない場合は採用しません。,"NOT(AND(ATOM(cost=true), ATOM(empirical_result=true)))",NOT,empirical_or_research_claim,UNCLASSIFIED,7.4.5 (docs/7.品質を評価し改善する/7.4.Retrieval評価.md:105); authoritative docs commit 52bebecfb2a435d0e7ff2efea557c5799674ded6,,,DEFINITION_OR_SPEC,,,,APPROPRIATE_NORMATIVE,統計的に有意な改善でも、対象負荷での品質増分が追加費用と運用複雑性の受入基準を満たさない場合は採用しないという採否判断は、比較対象と合格条件を実行結果で識別するために置きます。信頼区間または有意差に加え、effect size、質問当たり費用、p95遅延、重大失敗件数を同じ比較で判定する。 さらに、権限漏えい防止など必須の安全性改善は、直接の費用便益が小さくても採用条件を満たせる。 この扱いを例外として記録します。 同じ条件での比較と採用しない条件を両方記録できるため、APPROPRIATE_NORMATIVEです。,信頼区間または有意差に加え、effect size、質問当たり費用、p95遅延、重大失敗件数を同じ比較で判定する。,権限漏えい防止など必須の安全性改善は、直接の費用便益が小さくても採用条件を満たせる。,NOT_APPLICABLE,7.4.5 (docs/7.品質を評価し改善する/7.4.Retrieval評価.md:105); authoritative docs commit 52bebecfb2a435d0e7ff2efea557c5799674ded6 の現文を次の文へ置換する: 統計的に有意な改善でも、対象負荷での品質増分が追加費用と運用複雑性の受入基準を満たさない場合は採用しません。 再抽出した文面と分類を照合する。,rag-guide-maintainers,,,,INCONCLUSIVE,NOT_APPLICABLE_UNPROVED,codex-primary-wave4,2026-08-15,codex-independent-wave4,2026-08-15,FINAL_TWO_REVIEWER_APPROVED
SENT-2878,52bebecfb2a435d0e7ff2efea557c5799674ded6,検索失敗は、正解がコーパスにない、インデックスが古い、解析や分割で欠けた、埋め込みが合わない、質問変換が逸脱した、フィルターが過剰だった、順位が低かった、という原因へ分類します。,,"NOT(AND(ATOM(retrieval=true), ATOM(parsing=true)))",NOT,general_technical_claim,UNCLASSIFIED,7.4.6 (docs/7.品質を評価し改善する/7.4.Retrieval評価.md:110); authoritative docs commit 52bebecfb2a435d0e7ff2efea557c5799674ded6,,,DEFINITION_OR_SPEC,,,,APPROPRIATE_NORMATIVE,Gold標本の二者校正で確定。列挙は研究結果ではなく、本ガイドで用いる障害分析taxonomyである。各失敗を少なくとも一つの原因へ割り当て、複合原因と未分類を例外として許す基準で規範扱いとする。,各失敗queryについてcorpus内正解有無、index版、parse span、embedding score、変換query、filter trace、取得rankを記録し、列挙した原因の一つへ主因を割り当てる。,複数原因が同時に成立する場合は主因と副因を併記し、証跡不足の事例はUNCLASSIFIEDのまま合格扱いしない。,NOT_APPLICABLE,7.4.6 (docs/7.品質を評価し改善する/7.4.Retrieval評価.md:110); authoritative docs commit 52bebecfb2a435d0e7ff2efea557c5799674ded6 の本文を維持し、normative_criteriaとexceptionsを設計台帳へ固定する。,rag-guide-maintainers,,,,INCONCLUSIVE,NOT_APPLICABLE_UNPROVED,codex-primary-wave4,2026-08-15,codex-independent-wave4,2026-08-15,FINAL_TWO_REVIEWER_APPROVED
SENT-2879,52bebecfb2a435d0e7ff2efea557c5799674ded6,正解文書が存在しない事例を検索モデルの再学習へ回しても解決しません。,,NOT(ATOM(retrieval=true)),NOT,general_technical_claim,UNCLASSIFIED,7.4.6 (docs/7.品質を評価し改善する/7.4.Retrieval評価.md:111); authoritative docs commit 52bebecfb2a435d0e7ff2efea557c5799674ded6,,,DEFINITION_OR_SPEC,,,,APPROPRIATE_NORMATIVE,正解文書が存在しない事例を検索モデルの再学習へ回しても解決しないという運用要件は、実行時の判断を担当者ごとにぶらさないためのローカル規則です。gold sourceに正解documentが存在しないfailureはcorpus coverage issueへ分類し、retriever再学習experimentの改善件数へ含めない。 適用境界では、正解documentが存在するがannotationから漏れていた場合はgoldをversion更新して再評価できるが、旧結果を書き換えず別runとして残す。 実装結果と例外発生時の扱いを個別に検査できるため、APPROPRIATE_NORMATIVEです。,gold sourceに正解documentが存在しないfailureはcorpus coverage issueへ分類し、retriever再学習experimentの改善件数へ含めない。,正解documentが存在するがannotationから漏れていた場合はgoldをversion更新して再評価できるが、旧結果を書き換えず別runとして残す。,NOT_APPLICABLE,7.4.6 (docs/7.品質を評価し改善する/7.4.Retrieval評価.md:111); authoritative docs commit 52bebecfb2a435d0e7ff2efea557c5799674ded6 の本文を維持し、normative_criteriaとexceptionsを設計台帳へ固定する。,rag-guide-maintainers,,,,INCONCLUSIVE,NOT_APPLICABLE_UNPROVED,codex-primary-wave4,2026-08-15,codex-independent-wave4,2026-08-15,FINAL_TWO_REVIEWER_APPROVED
SENT-2881,52bebecfb2a435d0e7ff2efea557c5799674ded6,RAGCheckerのように検索と生成を分け、生成結果が誤っていても、まず根拠が候補へ入っていたかを確認します。,,"AND(AND(AND(ATOM(retrieval=true), ATOM(generation=true)), ATOM(evidence_support=true)), ATOM(empirical_result=true))",AND,externally_cited_claim,UNCLASSIFIED,7.4.6 (docs/7.品質を評価し改善する/7.4.Retrieval評価.md:114); authoritative docs commit 52bebecfb2a435d0e7ff2efea557c5799674ded6,,,DEFINITION_OR_SPEC,,,,APPROPRIATE_NORMATIVE,RAGCheckerのように検索と生成を分け、生成結果が誤っていても、まず根拠が候補へ入っていたかを確認するという検索経路は、候補の収集・統合・選択を再現可能にするガイド内の決定です。誤回答ごとにgold evidenceがcandidate set、reranked set、final contextのどこまで入ったかを記録し、最初に欠落したstageへfailure labelを付ける。 適用境界では、複数stageで独立した失敗がある場合は複数labelを付けられるが、最終回答の誤りだけをretrieval failureへ一括分類しない。 検索結果の合格条件と別経路へ切り替える条件が検査できるため、APPROPRIATE_NORMATIVEです。,誤回答ごとにgold evidenceがcandidate set、reranked set、final contextのどこまで入ったかを記録し、最初に欠落したstageへfailure labelを付ける。,複数stageで独立した失敗がある場合は複数labelを付けられるが、最終回答の誤りだけをretrieval failureへ一括分類しない。,NOT_APPLICABLE,7.4.6 (docs/7.品質を評価し改善する/7.4.Retrieval評価.md:114); authoritative docs commit 52bebecfb2a435d0e7ff2efea557c5799674ded6 の本文を維持し、normative_criteriaとexceptionsを設計台帳へ固定する。,rag-guide-maintainers,,,,INCONCLUSIVE,NOT_APPLICABLE_UNPROVED,codex-primary-wave4,2026-08-15,codex-independent-wave4,2026-08-15,FINAL_TWO_REVIEWER_APPROVED
SENT-2884,52bebecfb2a435d0e7ff2efea557c5799674ded6,検索後処理は、検索器が返した候補を並べ替え、絞り込み、重複除去、圧縮、配置して最終コンテキストを作ります。,本ガイドでは、検索後処理を、検索器が返した候補の並べ替え、絞り込み、重複排除、圧縮、配置によって最終コンテキストを作る工程と定義します。,"AND(AND(AND(ATOM(output_subset=true), ATOM(dedup=true)), ATOM(compression=true)), ATOM(retrieval=true))",AND,general_technical_claim,UNCLASSIFIED,FILE-INTRO (docs/7.品質を評価し改善する/7.5.Post-retrieval・Evidence評価.md:3); authoritative docs commit 52bebecfb2a435d0e7ff2efea557c5799674ded6,,,DEFINITION_OR_SPEC,,,,APPROPRIATE_NORMATIVE,本ガイドでは、検索後処理を、検索器が返した候補の並べ替え、絞り込み、重複排除、圧縮、配置によって最終コンテキストを作る工程と定義するという検索経路は、候補の収集・統合・選択を再現可能にするガイド内の決定です。本文、図表、schema、評価台帳で同じ対象、単位、入出力を使用し、異なる意味で使う箇所がrepository内検索でゼロ件であることを確認する。 適用境界では、当該規則が公式標準または製品仕様の同名語と異なる場合はローカル定義であることと対応関係を併記し、公式語の意味を上書きしない。 検索結果の合格条件と別経路へ切り替える条件が検査できるため、APPROPRIATE_NORMATIVEです。,本ガイドでは、検索後処理を、検索器が返した候補の並べ替え、絞り込み、重複排除、圧縮、配置によって最終コンテキストを作る工程と定義することを定める検索・経路選択規則について、本文、図表、schema、評価台帳で同じ対象、単位、入出力を使用し、異なる意味で使う箇所がrepository内検索でゼロ件であることを確認する。,本ガイドでは、検索後処理を、検索器が返した候補の並べ替え、絞り込み、重複排除、圧縮、配置によって最終コンテキストを作る工程と定義することを定める検索・経路選択規則の例外として、当該規則が公式標準または製品仕様の同名語と異なる場合はローカル定義であることと対応関係を併記し、公式語の意味を上書きしない。,NOT_APPLICABLE,FILE-INTRO (docs/7.品質を評価し改善する/7.5.Post-retrieval・Evidence評価.md:3); authoritative docs commit 52bebecfb2a435d0e7ff2efea557c5799674ded6 の現文を次の文へ置換する: 本ガイドでは、検索後処理を、検索器が返した候補の並べ替え、絞り込み、重複排除、圧縮、配置によって最終コンテキストを作る工程と定義します。 再抽出した文面と分類を照合する。,rag-guide-maintainers,,,,INCONCLUSIVE,NOT_APPLICABLE_UNPROVED,codex-primary-wave4,2026-08-15,codex-independent-wave4,2026-08-15,FINAL_TWO_REVIEWER_APPROVED
SENT-2892,52bebecfb2a435d0e7ff2efea557c5799674ded6,再順位付け器は候補の順序を詳しく付け直しますが、初期検索で拾った希少な正解を下位へ落とす場合があります。,rerankerはinitial candidateの順序を更新するため、first-stage retrievalが拾った希少なgold evidenceを下位へ移す場合があります。,NL_PROPOSITION(再順位付け器は候補の順序を詳しく付け直しますが、初期検索で拾った希少な正解を下位へ落とす場合があります。),UNFORMALIZED,general_technical_claim,UNCLASSIFIED,7.5.2 (docs/7.品質を評価し改善する/7.5.Post-retrieval・Evidence評価.md:19); authoritative docs commit 52bebecfb2a435d0e7ff2efea557c5799674ded6,SRC-002;SRC-005;SRC-010;SRC-013;SRC-017,SRC-002 https://aclanthology.org/2020.emnlp-main.550/ — abstract inspected 2026-08-15; 現主張への直接locatorは未確定; SRC-005 https://doi.org/10.1561/1500000019 — primary_page inspected 2026-08-15; 現主張への直接locatorは未確定; SRC-010 https://arxiv.org/abs/1803.09010 — abstract inspected 2026-08-15; 現主張への直接locatorは未確定,AUTHOR_CLAIM,NONE_DIRECTLY_VERIFIED,UNFORMALIZED_NATURAL_LANGUAGE_CLAIM,UNFORMALIZED,REWRITE_REQUIRED,aclanthology.org・doi.orgのAbstractへの参照は台帳にありますが、原文の未形式化主張について未形式化の関係まで同時に再特定できる直接箇所が確定していません。本文に残すのは、rerankerはinitial candidateの順序を更新するため、first-stage retrievalが拾った希少なgold evidenceを下位へ移す場合があるという対象範囲です。原文の未形式化主張について未確認の因果までは導きません。 修正文にある主体と操作対象は保ちつつ、直接根拠を越える未形式化の関係を落とす差分なので、REWRITE_REQUIREDと判定します。,NOT_APPLICABLE_NON_NORMATIVE,NOT_APPLICABLE_NON_NORMATIVE,UNVERIFIED,7.5.2 (docs/7.品質を評価し改善する/7.5.Post-retrieval・Evidence評価.md:19); authoritative docs commit 52bebecfb2a435d0e7ff2efea557c5799674ded6 の現文を次の文へ置換する: rerankerはinitial candidateの順序を更新するため、first-stage retrievalが拾った希少なgold evidenceを下位へ移す場合があります。 再抽出した文面と分類を照合する。,rag-guide-maintainers,,,,INCONCLUSIVE,NOT_APPLICABLE_UNPROVED,codex-primary-wave4,2026-08-15,codex-independent-wave4,2026-08-15,FINAL_TWO_REVIEWER_APPROVED
SENT-2895,52bebecfb2a435d0e7ff2efea557c5799674ded6,BERTによる文書断片の再順位付けのような交差符号化器、monoT5のような系列変換モデル、LLMによるリスト比較では、計算量と再現性が異なります。,BERT交差符号化器、monoT5系列変換モデル、LLMによるリスト比較を、同じ候補集合で応答時間、費用、順位の再現性について比較します。,NOT(ATOM(rerank=true)),NOT,externally_cited_claim,UNCLASSIFIED,7.5.2 (docs/7.品質を評価し改善する/7.5.Post-retrieval・Evidence評価.md:23); authoritative docs commit 52bebecfb2a435d0e7ff2efea557c5799674ded6,SRC-084;SRC-086,SRC-084 https://arxiv.org/abs/1901.04085 — abstract inspected 2026-08-15; 現主張への直接locatorは未確定; SRC-086 https://arxiv.org/abs/2003.06713 — abstract inspected 2026-08-15; 現主張への直接locatorは未確定,AUTHOR_CLAIM,NONE_DIRECTLY_VERIFIED,rerank=true,NOT,REWRITE_REQUIRED,arxiv.orgのAbstractへの参照は台帳にありますが、rerankについて否定関係まで同時に再特定できる直接箇所が確定していません。資料の帰属範囲をBERT交差符号化器、monoT5系列変換モデル、LLMによるリスト比較を、同じ候補集合で応答時間、費用、順位の再現性について比較するという限定まで狭め、候補URLの存在だけで機序や結果を補わない文へ変更します。 修正文にある主体と操作対象は保ちつつ、直接根拠を越える否定関係を落とす差分なので、REWRITE_REQUIREDと判定します。,NOT_APPLICABLE_NON_NORMATIVE,NOT_APPLICABLE_NON_NORMATIVE,UNVERIFIED,7.5.2 (docs/7.品質を評価し改善する/7.5.Post-retrieval・Evidence評価.md:23); authoritative docs commit 52bebecfb2a435d0e7ff2efea557c5799674ded6 の現文を次の文へ置換する: BERT交差符号化器、monoT5系列変換モデル、LLMによるリスト比較を、同じ候補集合で応答時間、費用、順位の再現性について比較します。 再抽出した文面と分類を照合する。,rag-guide-maintainers,,,,INCONCLUSIVE,NOT_APPLICABLE_UNPROVED,codex-primary-wave4,2026-08-15,codex-independent-wave4,2026-08-15,FINAL_TWO_REVIEWER_APPROVED
SENT-2898,52bebecfb2a435d0e7ff2efea557c5799674ded6,全体平均が改善しても、重大な正解を落とす構成は合格にしません。,,NOT(ATOM(empirical_result=true)),NOT,empirical_or_research_claim,UNCLASSIFIED,7.5.2 (docs/7.品質を評価し改善する/7.5.Post-retrieval・Evidence評価.md:27); authoritative docs commit 52bebecfb2a435d0e7ff2efea557c5799674ded6,,,DEFINITION_OR_SPEC,,,,APPROPRIATE_NORMATIVE,全体平均が改善しても、重大な正解を落とす構成は合格にしないという採否判断は、比較対象と合格条件を実行結果で識別するために置きます。重大度highのgold questionを必須guardrail setとして分離し、全体平均が改善しても一件でもbaselineから正解を失ったcandidateを不合格にする。 さらに、gold誤りが確認された事例は承認付きでguardrail setから除外できるが、除外前の失敗をcandidate改善として数えない。 この扱いを例外として記録します。 同じ条件での比較と採用しない条件を両方記録できるため、APPROPRIATE_NORMATIVEです。,重大度highのgold questionを必須guardrail setとして分離し、全体平均が改善しても一件でもbaselineから正解を失ったcandidateを不合格にする。,gold誤りが確認された事例は承認付きでguardrail setから除外できるが、除外前の失敗をcandidate改善として数えない。,NOT_APPLICABLE,7.5.2 (docs/7.品質を評価し改善する/7.5.Post-retrieval・Evidence評価.md:27); authoritative docs commit 52bebecfb2a435d0e7ff2efea557c5799674ded6 の本文を維持し、normative_criteriaとexceptionsを設計台帳へ固定する。,rag-guide-maintainers,,,,INCONCLUSIVE,NOT_APPLICABLE_UNPROVED,codex-primary-wave4,2026-08-15,codex-independent-wave4,2026-08-15,FINAL_TWO_REVIEWER_APPROVED
SENT-2903,52bebecfb2a435d0e7ff2efea557c5799674ded6,ACORNのようなフィルター付き近似検索を評価するときは、最終候補だけでなく初期検索のRecallも確認します。,フィルター付き近似検索を評価するときは、最終候補だけでなく初期検索のRecallも確認します。,"IMP(AND(ATOM(retrieval=true), ATOM(evaluation=true)), AND(ATOM(retrieval=true), ATOM(recall_metric=true)))",IMPLIES,externally_cited_claim,UNCLASSIFIED,7.5.2 (docs/7.品質を評価し改善する/7.5.Post-retrieval・Evidence評価.md:34); authoritative docs commit 52bebecfb2a435d0e7ff2efea557c5799674ded6,,,DEFINITION_OR_SPEC,,,,APPROPRIATE_NORMATIVE,最終候補のRecallだけでは初期検索の取りこぼしを見落とすため、フィルター付き近似検索では初期段階と最終段階を分けて測るローカル評価規則として採用します。同一条件で二つのRecallを記録し、標本不足のsliceを別集計にすることで、後段処理による見かけの改善と初期検索の欠落を区別できます。特定の外部手法の効果を断定しないため、APPROPRIATE_NORMATIVEです。,同じcorpus、query、filter selectivity、candidate上限で初期検索と最終候補のRecallを別々に記録し、初期段階の取りこぼしを後段の順位付け結果で隠さない。,gold evidenceがないsliceまたは必要標本数に満たないrunはRecallの採否集計から分離し、別sliceの結果を外挿しない。,NOT_APPLICABLE,7.5.2 (docs/7.品質を評価し改善する/7.5.Post-retrieval・Evidence評価.md:34); authoritative docs commit 52bebecfb2a435d0e7ff2efea557c5799674ded6 の現文を次の文へ置換する: フィルター付き近似検索を評価するときは、最終候補だけでなく初期検索のRecallも確認します。 再抽出した文面と分類を照合する。,rag-guide-maintainers,,,,INCONCLUSIVE,NOT_APPLICABLE_UNPROVED,codex-primary-wave4,2026-08-15,codex-independent-wave4,2026-08-15,FINAL_TWO_REVIEWER_APPROVED
SENT-2906,52bebecfb2a435d0e7ff2efea557c5799674ded6,重複除去の目的は、情報の範囲を保ちながら同じ内容が占めるトークンを減らすことです。,本ガイドでは、重複除去の目的を、情報の範囲を保ちながら同じ内容が占めるトークンを減らすことと定めます。,ATOM(dedup=true),ATOM,general_technical_claim,UNCLASSIFIED,7.5.3 (docs/7.品質を評価し改善する/7.5.Post-retrieval・Evidence評価.md:41); authoritative docs commit 52bebecfb2a435d0e7ff2efea557c5799674ded6,,,DEFINITION_OR_SPEC,,,,APPROPRIATE_NORMATIVE,本ガイドでは、重複除去の目的を、情報の範囲を保ちながら同じ内容が占めるトークンを減らすことと定めるという運用要件は、実行時の判断を担当者ごとにぶらさないためのローカル規則です。本文、図表、schema、評価台帳で同じ対象、単位、入出力を使用し、異なる意味で使う箇所がrepository内検索でゼロ件であることを確認する。 適用境界では、当該規則が公式標準または製品仕様の同名語と異なる場合はローカル定義であることと対応関係を併記し、公式語の意味を上書きしない。 実装結果と例外発生時の扱いを個別に検査できるため、APPROPRIATE_NORMATIVEです。,本ガイドでは、重複除去の目的を、情報の範囲を保ちながら同じ内容が占めるトークンを減らすことと定めるローカル設計規則について、本文、図表、schema、評価台帳で同じ対象、単位、入出力を使用し、異なる意味で使う箇所がrepository内検索でゼロ件であることを確認する。,本ガイドでは、重複除去の目的を、情報の範囲を保ちながら同じ内容が占めるトークンを減らすことと定めるローカル設計規則の例外として、当該規則が公式標準または製品仕様の同名語と異なる場合はローカル定義であることと対応関係を併記し、公式語の意味を上書きしない。,NOT_APPLICABLE,7.5.3 (docs/7.品質を評価し改善する/7.5.Post-retrieval・Evidence評価.md:41); authoritative docs commit 52bebecfb2a435d0e7ff2efea557c5799674ded6 の現文を次の文へ置換する: 本ガイドでは、重複除去の目的を、情報の範囲を保ちながら同じ内容が占めるトークンを減らすことと定めます。 再抽出した文面と分類を照合する。,rag-guide-maintainers,,,,INCONCLUSIVE,NOT_APPLICABLE_UNPROVED,codex-primary-wave4,2026-08-15,codex-independent-wave4,2026-08-15,FINAL_TWO_REVIEWER_APPROVED
SENT-2907,52bebecfb2a435d0e7ff2efea557c5799674ded6,完全一致、ほぼ一致、隣接チャンクの重なり、新旧版の重複を分けて検出します。,,NL_PROPOSITION(完全一致、ほぼ一致、隣接チャンクの重なり、新旧版の重複を分けて検出します。),UNFORMALIZED,general_technical_claim,UNCLASSIFIED,7.5.3 (docs/7.品質を評価し改善する/7.5.Post-retrieval・Evidence評価.md:42); authoritative docs commit 52bebecfb2a435d0e7ff2efea557c5799674ded6,,,DEFINITION_OR_SPEC,,,,APPROPRIATE_NORMATIVE,完全一致、ほぼ一致、隣接チャンクの重なり、新旧版の重複を分けて検出するという追跡要件は、後続工程から入力と版へ戻るための局所契約です。candidate pairをexact text、normalized near-duplicate、adjacent-overlap、different-version duplicateの四分類で検出し、分類別の件数と代表IDを保存する。 さらに、定型ヘッダーなど意図した重複はallowlistにできるが、本文重複や新旧版重複まで同じallowlistで除外しない。 この扱いを例外として記録します。 逆引き可能性と保存上の例外を台帳で確かめられるため、APPROPRIATE_NORMATIVEです。,candidate pairをexact text、normalized near-duplicate、adjacent-overlap、different-version duplicateの四分類で検出し、分類別の件数と代表IDを保存する。,定型ヘッダーなど意図した重複はallowlistにできるが、本文重複や新旧版重複まで同じallowlistで除外しない。,NOT_APPLICABLE,7.5.3 (docs/7.品質を評価し改善する/7.5.Post-retrieval・Evidence評価.md:42); authoritative docs commit 52bebecfb2a435d0e7ff2efea557c5799674ded6 の本文を維持し、normative_criteriaとexceptionsを設計台帳へ固定する。,rag-guide-maintainers,,,,INCONCLUSIVE,NOT_APPLICABLE_UNPROVED,codex-primary-wave4,2026-08-15,codex-independent-wave4,2026-08-15,FINAL_TWO_REVIEWER_APPROVED
SENT-2909,52bebecfb2a435d0e7ff2efea557c5799674ded6,MMRは、質問との関連性と、すでに選んだ候補との非類似性を組み合わせて候補を選びます。,本ガイドでは、MMRを、質問との関連性と既選択候補との非類似性を組み合わせて次の候補を選ぶ方式として扱います。,NL_PROPOSITION(MMRは、質問との関連性と、すでに選んだ候補との非類似性を組み合わせて候補を選びます。),UNFORMALIZED,externally_cited_claim,UNCLASSIFIED,7.5.3 (docs/7.品質を評価し改善する/7.5.Post-retrieval・Evidence評価.md:45); authoritative docs commit 52bebecfb2a435d0e7ff2efea557c5799674ded6,,,DEFINITION_OR_SPEC,,,,APPROPRIATE_NORMATIVE,本ガイドでは、MMRを、質問との関連性と既選択候補との非類似性を組み合わせて次の候補を選ぶ方式として扱うという検索経路は、候補の収集・統合・選択を再現可能にするガイド内の決定です。本文、図表、schema、評価台帳で同じ対象、単位、入出力を使用し、異なる意味で使う箇所がrepository内検索でゼロ件であることを確認する。 適用境界では、当該規則が公式標準または製品仕様の同名語と異なる場合はローカル定義であることと対応関係を併記し、公式語の意味を上書きしない。 検索結果の合格条件と別経路へ切り替える条件が検査できるため、APPROPRIATE_NORMATIVEです。,本ガイドでは、MMRを、質問との関連性と既選択候補との非類似性を組み合わせて次の候補を選ぶ方式として扱うことを定める検索・経路選択規則について、本文、図表、schema、評価台帳で同じ対象、単位、入出力を使用し、異なる意味で使う箇所がrepository内検索でゼロ件であることを確認する。,本ガイドでは、MMRを、質問との関連性と既選択候補との非類似性を組み合わせて次の候補を選ぶ方式として扱うことを定める検索・経路選択規則の例外として、当該規則が公式標準または製品仕様の同名語と異なる場合はローカル定義であることと対応関係を併記し、公式語の意味を上書きしない。,NOT_APPLICABLE,7.5.3 (docs/7.品質を評価し改善する/7.5.Post-retrieval・Evidence評価.md:45); authoritative docs commit 52bebecfb2a435d0e7ff2efea557c5799674ded6 の現文を次の文へ置換する: 本ガイドでは、MMRを、質問との関連性と既選択候補との非類似性を組み合わせて次の候補を選ぶ方式として扱います。 再抽出した文面と分類を照合する。,rag-guide-maintainers,,,,INCONCLUSIVE,NOT_APPLICABLE_UNPROVED,codex-primary-wave4,2026-08-15,codex-independent-wave4,2026-08-15,FINAL_TWO_REVIEWER_APPROVED
SENT-2911,52bebecfb2a435d0e7ff2efea557c5799674ded6,複数チャンクを代表一件へまとめる場合も、元の文書IDと位置をすべて保持します。,,NL_PROPOSITION(複数チャンクを代表一件へまとめる場合も、元の文書IDと位置をすべて保持します。),UNFORMALIZED,general_technical_claim,UNCLASSIFIED,7.5.3 (docs/7.品質を評価し改善する/7.5.Post-retrieval・Evidence評価.md:48); authoritative docs commit 52bebecfb2a435d0e7ff2efea557c5799674ded6,,,DEFINITION_OR_SPEC,,,,APPROPRIATE_NORMATIVE,複数チャンクを代表一件へまとめる場合も、元の文書IDと位置をすべて保持するという運用要件は、実行時の判断を担当者ごとにぶらさないためのローカル規則です。この規則に列挙したID、version、artifactを必須schema fieldにし、任意のanswer/citationからsource document、original span、chunk、retrieval rank、configuration versionへ欠損なく到達できることを確認する。 適用境界では、対象値に個人情報または保存期限の制約がある場合は仮名化・分離保管へ置換できるが、source/version/spanを復元する承認済み対応表は保持する。 実装結果と例外発生時の扱いを個別に検査できるため、APPROPRIATE_NORMATIVEです。,複数チャンクを代表一件へまとめる場合も、元の文書IDと位置をすべて保持することを定める運用規則について、この規則に列挙したID、version、artifactを必須schema fieldにし、任意のanswer/citationからsource document、original span、chunk、retrieval rank、configuration versionへ欠損なく到達できることを確認する。,複数チャンクを代表一件へまとめる場合も、元の文書IDと位置をすべて保持することを定める運用規則の例外として、対象値に個人情報または保存期限の制約がある場合は仮名化・分離保管へ置換できるが、source/version/spanを復元する承認済み対応表は保持する。,NOT_APPLICABLE,7.5.3 (docs/7.品質を評価し改善する/7.5.Post-retrieval・Evidence評価.md:48); authoritative docs commit 52bebecfb2a435d0e7ff2efea557c5799674ded6 の本文を維持し、normative_criteriaとexceptionsを設計台帳へ固定する。,rag-guide-maintainers,,,,INCONCLUSIVE,NOT_APPLICABLE_UNPROVED,codex-primary-wave4,2026-08-15,codex-independent-wave4,2026-08-15,FINAL_TWO_REVIEWER_APPROVED
SENT-2916,52bebecfb2a435d0e7ff2efea557c5799674ded6,RECOMPとLLMLinguaは、入力を短くしながら下流タスクの性能を保つことを目指します。,RECOMPは抽出型・要約型の圧縮とコンテキストを追加しない選択を扱い、LLMLinguaはプロンプトを圧縮する方法を扱います。下流性能の保持は、それぞれの原論文が評価した条件に限定します。,NL_PROPOSITION(RECOMPとLLMLinguaは、入力を短くしながら下流タスクの性能を保つことを目指します。),UNFORMALIZED,externally_cited_claim,UNCLASSIFIED,7.5.4 (docs/7.品質を評価し改善する/7.5.Post-retrieval・Evidence評価.md:57); authoritative docs commit 52bebecfb2a435d0e7ff2efea557c5799674ded6,SRC-089;SRC-091,SRC-089 https://arxiv.org/abs/2310.04408 — abstract inspected 2026-08-15; 現主張への直接locatorは未確定; SRC-091 https://arxiv.org/abs/2310.05736 — abstract inspected 2026-08-15; 現主張への直接locatorは未確定,AUTHOR_CLAIM,NONE_DIRECTLY_VERIFIED,UNFORMALIZED_NATURAL_LANGUAGE_CLAIM,NOT_APPLICABLE,REWRITE_REQUIRED,arxiv.orgのAbstractへの参照は台帳にありますが、原文の未形式化主張について各要素と結論との直接の対応まで同時に再特定できる直接箇所が確定していません。資料の帰属範囲をRECOMPは抽出型・要約型の圧縮とコンテキストを追加しない選択を扱い、LLMLinguaはプロンプトを圧縮する方法を扱います。下流性能の保持は、それぞれの原論文が評価した条件に限定するという限定まで狭め、候補URLの存在だけで機序や結果を補わない文へ変更します。 修正文にある主体と操作対象は保ちつつ、直接根拠を越える各要素と結論との直接の対応を落とす差分なので、REWRITE_REQUIREDと判定します。,NOT_APPLICABLE_NON_NORMATIVE,NOT_APPLICABLE_NON_NORMATIVE,UNVERIFIED,7.5.4 (docs/7.品質を評価し改善する/7.5.Post-retrieval・Evidence評価.md:57); authoritative docs commit 52bebecfb2a435d0e7ff2efea557c5799674ded6 の現文を次の文へ置換する: RECOMPは抽出型・要約型の圧縮とコンテキストを追加しない選択を扱い、LLMLinguaはプロンプトを圧縮する方法を扱います。下流性能の保持は、それぞれの原論文が評価した条件に限定します。 再抽出した文面と分類を照合する。,rag-guide-maintainers,,,,INCONCLUSIVE,NOT_APPLICABLE_UNPROVED,codex-primary-wave4,2026-08-15,codex-independent-wave4,2026-08-15,FINAL_TWO_REVIEWER_APPROVED
SENT-2920,52bebecfb2a435d0e7ff2efea557c5799674ded6,同じ根拠集合でも、順序とトークン予算の配分によって生成結果は変わります。,同じ根拠集合でも、入力順序と各根拠へ割り当てるトークン予算を変えた条件を別runとして記録し、生成結果を比較します。,"AND(AND(ATOM(generation=true), ATOM(evidence_support=true)), ATOM(empirical_result=true))",AND,empirical_or_research_claim,UNCLASSIFIED,7.5.4 (docs/7.品質を評価し改善する/7.5.Post-retrieval・Evidence評価.md:63); authoritative docs commit 52bebecfb2a435d0e7ff2efea557c5799674ded6,SRC-089;SRC-091;SRC-035,SRC-089 https://arxiv.org/abs/2310.04408 — abstract inspected 2026-08-15; 現主張への直接locatorは未確定; SRC-091 https://arxiv.org/abs/2310.05736 — abstract inspected 2026-08-15; 現主張への直接locatorは未確定; SRC-035 https://arxiv.org/abs/2307.03172 — abstract inspected 2026-08-15; 現主張への直接locatorは未確定,AUTHOR_CLAIM,NONE_DIRECTLY_VERIFIED,evidence_support=true,NOT_APPLICABLE,REWRITE_REQUIRED,arxiv.orgのAbstractへの参照は台帳にありますが、evidence_supportについて各要素と結論との直接の対応まで同時に再特定できる直接箇所が確定していません。同じ根拠集合でも、入力順序と各根拠へ割り当てるトークン予算を変えた条件を別runとして記録し、生成結果を比較するという範囲まで対象と条件を絞り、未確認の効果や一般化を実験結果のように読ませない文面にします。 修正文にある主体と操作対象は保ちつつ、直接根拠を越える各要素と結論との直接の対応を落とす差分なので、REWRITE_REQUIREDと判定します。,NOT_APPLICABLE_NON_NORMATIVE,NOT_APPLICABLE_NON_NORMATIVE,UNVERIFIED,7.5.4 (docs/7.品質を評価し改善する/7.5.Post-retrieval・Evidence評価.md:63); authoritative docs commit 52bebecfb2a435d0e7ff2efea557c5799674ded6 の現文を次の文へ置換する: 同じ根拠集合でも、入力順序と各根拠へ割り当てるトークン予算を変えた条件を別runとして記録し、生成結果を比較します。 再抽出した文面と分類を照合する。,rag-guide-maintainers,,,,INCONCLUSIVE,NOT_APPLICABLE_UNPROVED,codex-primary-wave4,2026-08-15,codex-independent-wave4,2026-08-15,FINAL_TWO_REVIEWER_APPROVED
SENT-2923,52bebecfb2a435d0e7ff2efea557c5799674ded6,Lost in the Middleは、長い入力の中央にある情報を言語モデルが利用しにくい場合を示しています。,,NL_PROPOSITION(Lost in the Middleは、長い入力の中央にある情報を言語モデルが利用しにくい場合を示しています。),UNFORMALIZED,externally_cited_claim,UNCLASSIFIED,7.5.4 (docs/7.品質を評価し改善する/7.5.Post-retrieval・Evidence評価.md:67); authoritative docs commit 52bebecfb2a435d0e7ff2efea557c5799674ded6,SRC-035,"https://aclanthology.org/2024.tacl-1.9/, Abstract, lines 58–61",EMPIRICAL_RESULT,long_context=true;evaluation=true,,,APPROPRIATE_SUPPORTED,Gold標本の二者校正で確定。両案がSUPPORTEDで一致し、Lost in the Middle Abstractの位置効果を再確認した。,NOT_APPLICABLE_NON_NORMATIVE,NOT_APPLICABLE_NON_NORMATIVE,SOURCE_ASSERTED,7.5.4 (docs/7.品質を評価し改善する/7.5.Post-retrieval・Evidence評価.md:67); authoritative docs commit 52bebecfb2a435d0e7ff2efea557c5799674ded6 の本文を維持し、確定した一次資料locator・主張役割・外的真偽境界を台帳へ固定する。,rag-guide-maintainers,,,,INCONCLUSIVE,NOT_APPLICABLE_UNPROVED,codex-primary-wave4,2026-08-15,codex-independent-wave4,2026-08-15,FINAL_TWO_REVIEWER_APPROVED
SENT-2941,52bebecfb2a435d0e7ff2efea557c5799674ded6,再順位付けでnDCGが上がる一方で情報源の多様性が失われたり、圧縮でトークンが減る一方で例外条件が消えたりするためです。,rerank後はnDCGとsource多様性を、compression後はtoken削減率と条件・例外span保持率を対で評価します。,"AND(AND(AND(ATOM(rerank=true), ATOM(diversity=true)), ATOM(compression=true)), ATOM(ranking_metric=true))",AND,general_technical_claim,UNCLASSIFIED,7.5.6 (docs/7.品質を評価し改善する/7.5.Post-retrieval・Evidence評価.md:97); authoritative docs commit 52bebecfb2a435d0e7ff2efea557c5799674ded6,,,DEFINITION_OR_SPEC,,compression=true;diversity=true;ranking_metric=true,AND,REWRITE_REQUIRED,「rerank後はnDCGとsource多様性」の検討では、連言関係が表す設計意図を、入力・処理・結果が追える形に限定します。「rerank後はnDCGとsource多様性」の証拠境界として、compression=true、diversity=true、ranking_metric=trueを外部主張として残す証拠がなく、連言関係を具体的な構成判断へ縮約しています。rerank後はnDCGとsource多様性を、compression後はtoken削減率と条件・例外span保持率を対で評価します。 修正文が具体化する対象は「rerank後はnDCGとsource多様性」です。「rerank後はnDCGとsource多様性」の採否について、compression=true、diversity=true、ranking_metric=trueが一般則と誤読されない修正文を要するため、REWRITE_REQUIREDです。,NOT_APPLICABLE_NON_NORMATIVE,NOT_APPLICABLE_NON_NORMATIVE,NOT_APPLICABLE,7.5.6 (docs/7.品質を評価し改善する/7.5.Post-retrieval・Evidence評価.md:97); authoritative docs commit 52bebecfb2a435d0e7ff2efea557c5799674ded6 の現文を次の文へ置換する: rerank後はnDCGとsource多様性を、compression後はtoken削減率と条件・例外span保持率を対で評価します。 再抽出した文面と分類を照合する。,rag-guide-maintainers,,,,INCONCLUSIVE,NOT_APPLICABLE_UNPROVED,codex-primary-wave4,2026-08-15,codex-independent-wave4,2026-08-15,FINAL_TWO_REVIEWER_APPROVED
SENT-2943,52bebecfb2a435d0e7ff2efea557c5799674ded6,RAGGEDが検索件数と生成モデルのノイズへの強さの関係を調べるように、構成要素単独の改善をシステム全体の改善とはみなしません。,検索件数や検索器だけの改善を、生成結果を含むRAGシステム全体の改善とはみなしません。,"NOT(AND(AND(ATOM(retrieval=true), ATOM(generation=true)), ATOM(empirical_result=true)))",NOT,externally_cited_claim,UNCLASSIFIED,7.5.6 (docs/7.品質を評価し改善する/7.5.Post-retrieval・Evidence評価.md:100); authoritative docs commit 52bebecfb2a435d0e7ff2efea557c5799674ded6,,,DEFINITION_OR_SPEC,,,,APPROPRIATE_NORMATIVE,検索側の指標が上がっても、生成品質、根拠性、遅延、費用を含むend-to-end結果が改善したとは限りません。本ガイドでは構成要素の変更を同一datasetとquery sliceで比較し、system-level gateを通った変更だけを全体改善として採用します。部分指標を全体効果へ外挿しない採否規則なので、APPROPRIATE_NORMATIVEです。,構成要素を変更したrunについて、同じdataset version、query slice、gold evidence、負荷条件で検索指標に加えて生成品質、根拠性、latency、costを測り、事前定義したsystem-level gateをすべて満たすことを確認する。,gold evidence不足、標本不足、または負荷条件が異なるrunは全体改善の判定から除外し、検索指標だけが改善した結果をRAG全体の改善として報告しない。,NOT_APPLICABLE,7.5.6 (docs/7.品質を評価し改善する/7.5.Post-retrieval・Evidence評価.md:100); authoritative docs commit 52bebecfb2a435d0e7ff2efea557c5799674ded6 の現文を次の文へ置換する: 検索件数や検索器だけの改善を、生成結果を含むRAGシステム全体の改善とはみなしません。 再抽出した文面と分類を照合する。,rag-guide-maintainers,,,,INCONCLUSIVE,NOT_APPLICABLE_UNPROVED,codex-primary-wave4,2026-08-15,codex-independent-wave4,2026-08-15,FINAL_TWO_REVIEWER_APPROVED
SENT-2946,52bebecfb2a435d0e7ff2efea557c5799674ded6,再順位付け器、圧縮器、LLMによる判定を加えると、検索後処理が遅延と費用の中心になる場合があります。,reranker、compressor、LLM judgeを直列に追加すると、その処理時間とAPI費用がpost-retrieval全体の主要部分になる場合があります。,NL_PROPOSITION(再順位付け器、圧縮器、LLMによる判定を加えると、検索後処理が遅延と費用の中心になる場合があります。),UNFORMALIZED,general_technical_claim,UNCLASSIFIED,7.5.6 (docs/7.品質を評価し改善する/7.5.Post-retrieval・Evidence評価.md:105); authoritative docs commit 52bebecfb2a435d0e7ff2efea557c5799674ded6,SRC-002;SRC-005;SRC-010;SRC-013;SRC-017,SRC-002 https://aclanthology.org/2020.emnlp-main.550/ — abstract inspected 2026-08-15; 現主張への直接locatorは未確定; SRC-005 https://doi.org/10.1561/1500000019 — primary_page inspected 2026-08-15; 現主張への直接locatorは未確定; SRC-010 https://arxiv.org/abs/1803.09010 — abstract inspected 2026-08-15; 現主張への直接locatorは未確定,AUTHOR_CLAIM,NONE_DIRECTLY_VERIFIED,UNFORMALIZED_NATURAL_LANGUAGE_CLAIM,UNFORMALIZED,REWRITE_REQUIRED,aclanthology.org・doi.orgのAbstractへの参照は台帳にありますが、原文の未形式化主張について未形式化の関係まで同時に再特定できる直接箇所が確定していません。本文に残すのは、reranker、compressor、LLM judgeを直列に追加すると、その処理時間とAPI費用がpost-retrieval全体の主要部分になる場合があるという対象範囲です。原文の未形式化主張について未確認の因果までは導きません。 修正文にある主体と操作対象は保ちつつ、直接根拠を越える未形式化の関係を落とす差分なので、REWRITE_REQUIREDと判定します。,NOT_APPLICABLE_NON_NORMATIVE,NOT_APPLICABLE_NON_NORMATIVE,UNVERIFIED,7.5.6 (docs/7.品質を評価し改善する/7.5.Post-retrieval・Evidence評価.md:105); authoritative docs commit 52bebecfb2a435d0e7ff2efea557c5799674ded6 の現文を次の文へ置換する: reranker、compressor、LLM judgeを直列に追加すると、その処理時間とAPI費用がpost-retrieval全体の主要部分になる場合があります。 再抽出した文面と分類を照合する。,rag-guide-maintainers,,,,INCONCLUSIVE,NOT_APPLICABLE_UNPROVED,codex-primary-wave4,2026-08-15,codex-independent-wave4,2026-08-15,FINAL_TWO_REVIEWER_APPROVED
SENT-2949,52bebecfb2a435d0e7ff2efea557c5799674ded6,圧縮による生成費用の削減が、圧縮モデルの追加費用を上回るかを確認します。,,"AND(AND(AND(ATOM(compression=true), ATOM(generation=true)), ATOM(cost=true)), ATOM(empirical_result=true))",AND,empirical_or_research_claim,UNCLASSIFIED,7.5.6 (docs/7.品質を評価し改善する/7.5.Post-retrieval・Evidence評価.md:109); authoritative docs commit 52bebecfb2a435d0e7ff2efea557c5799674ded6,,,DEFINITION_OR_SPEC,,,,APPROPRIATE_NORMATIVE,圧縮による生成費用の削減が、圧縮モデルの追加費用を上回るかを確認するという採否判断は、比較対象と合格条件を実行結果で識別するために置きます。同じrequest集合について、圧縮前後のgeneration token費用とcompression model・infrastructureの追加費用を合算し、回答品質とevidence保持率のguardrailを満たしたうえでnet costが減ることを確認します。 適用境界では、compression modelを固定契約で利用する場合も、amortized cost、追加latency、運用費を0とみなさず、比較期間と配賦方法を明記します。 同じ条件での比較と採用しない条件を両方記録できるため、APPROPRIATE_NORMATIVEです。,同じrequest集合について、圧縮前後のgeneration token費用とcompression model・infrastructureの追加費用を合算し、回答品質とevidence保持率のguardrailを満たしたうえでnet costが減ることを確認します。,compression modelを固定契約で利用する場合も、amortized cost、追加latency、運用費を0とみなさず、比較期間と配賦方法を明記します。,NOT_APPLICABLE,7.5.6 (docs/7.品質を評価し改善する/7.5.Post-retrieval・Evidence評価.md:109); authoritative docs commit 52bebecfb2a435d0e7ff2efea557c5799674ded6 の本文を維持し、normative_criteriaとexceptionsを設計台帳へ固定する。,rag-guide-maintainers,,,,INCONCLUSIVE,NOT_APPLICABLE_UNPROVED,codex-primary-wave4,2026-08-15,codex-independent-wave4,2026-08-15,FINAL_TWO_REVIEWER_APPROVED
SENT-2950,52bebecfb2a435d0e7ff2efea557c5799674ded6,再順位付け候補を増やしたときのRecall改善も、増加した遅延と対にして判断します。,,"IMP(ATOM(rerank=true), AND(ATOM(recall_metric=true), ATOM(empirical_result=true)))",IMPLIES,empirical_or_research_claim,UNCLASSIFIED,7.5.6 (docs/7.品質を評価し改善する/7.5.Post-retrieval・Evidence評価.md:110); authoritative docs commit 52bebecfb2a435d0e7ff2efea557c5799674ded6,,,DEFINITION_OR_SPEC,,,,APPROPRIATE_NORMATIVE,再順位付け候補を増やしたときのRecall改善も、増加した遅延と対にして判断するという採否判断は、比較対象と合格条件を実行結果で識別するために置きます。この規則に含まれるretriever、candidate数、rank処理を固定したtest queryを実行し、統合前後のcandidate ID・rank・score変換が記述した順序と選択規則に一致することを確認する。 さらに、初期値・候補は対象datasetで再調整できるが、変更値、baseline、採用理由を同じresult tableへ残し、未比較の値を既定値として固定しない。 この扱いを例外として記録します。 同じ条件での比較と採用しない条件を両方記録できるため、APPROPRIATE_NORMATIVEです。,再順位付け候補を増やしたときのRecall改善も、増加した遅延と対にして判断することを定める評価・採否規則について、この規則に含まれるretriever、candidate数、rank処理を固定したtest queryを実行し、統合前後のcandidate ID・rank・score変換が記述した順序と選択規則に一致することを確認する。,再順位付け候補を増やしたときのRecall改善も、増加した遅延と対にして判断することを定める評価・採否規則の例外として、初期値・候補は対象datasetで再調整できるが、変更値、baseline、採用理由を同じresult tableへ残し、未比較の値を既定値として固定しない。,NOT_APPLICABLE,7.5.6 (docs/7.品質を評価し改善する/7.5.Post-retrieval・Evidence評価.md:110); authoritative docs commit 52bebecfb2a435d0e7ff2efea557c5799674ded6 の本文を維持し、normative_criteriaとexceptionsを設計台帳へ固定する。,rag-guide-maintainers,,,,INCONCLUSIVE,NOT_APPLICABLE_UNPROVED,codex-primary-wave4,2026-08-15,codex-independent-wave4,2026-08-15,FINAL_TWO_REVIEWER_APPROVED
SENT-2965,52bebecfb2a435d0e7ff2efea557c5799674ded6,複数回実行する場合は回数と抽出条件をそろえ、平均だけでなく得点の分散と重大な失敗の発生回数を報告します。,,NL_PROPOSITION(複数回実行する場合は回数と抽出条件をそろえ、平均だけでなく得点の分散と重大な失敗の発生回数を報告します。),UNFORMALIZED,empirical_or_research_claim,UNCLASSIFIED,7.6.1 (docs/7.品質を評価し改善する/7.6.Generation評価.md:15); authoritative docs commit 52bebecfb2a435d0e7ff2efea557c5799674ded6,,,DEFINITION_OR_SPEC,,,,APPROPRIATE_NORMATIVE,複数回実行する場合は回数と抽出条件をそろえ、平均だけでなく得点の分散と重大な失敗の発生回数を報告するという運用要件は、実行時の判断を担当者ごとにぶらさないためのローカル規則です。反復評価ではrun回数、model/version、temperature、seedまたはsampling条件、抽出条件を固定し、平均、分散、重大failure回数を同じreportへ出す。 さらに、決定的設定で全runが同一になることを確認済みなら一回へ減らせるが、非決定的なmodel変更後は再度反復する。 この扱いを例外として記録します。 実装結果と例外発生時の扱いを個別に検査できるため、APPROPRIATE_NORMATIVEです。,反復評価ではrun回数、model/version、temperature、seedまたはsampling条件、抽出条件を固定し、平均、分散、重大failure回数を同じreportへ出す。,決定的設定で全runが同一になることを確認済みなら一回へ減らせるが、非決定的なmodel変更後は再度反復する。,NOT_APPLICABLE,7.6.1 (docs/7.品質を評価し改善する/7.6.Generation評価.md:15); authoritative docs commit 52bebecfb2a435d0e7ff2efea557c5799674ded6 の本文を維持し、normative_criteriaとexceptionsを設計台帳へ固定する。,rag-guide-maintainers,,,,INCONCLUSIVE,NOT_APPLICABLE_UNPROVED,codex-primary-wave4,2026-08-15,codex-independent-wave4,2026-08-15,FINAL_TWO_REVIEWER_APPROVED
SENT-2981,52bebecfb2a435d0e7ff2efea557c5799674ded6,RAGASは根拠忠実性をRAG評価の軸として扱い、RAGTruthは検索拡張回答に含まれる支持なしや矛盾した生成を分類しています。,RAGASはfaithfulnessを含むRAG評価指標を定義し、RAGTruthは検索拡張回答に含まれる支持なし・矛盾生成を分類したcorpusを提供します。,"AND(AND(AND(ATOM(retrieval=true), ATOM(generation=true)), ATOM(evidence_support=true)), ATOM(evaluation=true))",AND,externally_cited_claim,UNCLASSIFIED,7.6.2 (docs/7.品質を評価し改善する/7.6.Generation評価.md:41); authoritative docs commit 52bebecfb2a435d0e7ff2efea557c5799674ded6,SRC-112;SRC-090,SRC-112 https://arxiv.org/abs/2309.15217 — abstract inspected 2026-08-15; 現主張への直接locatorは未確定; SRC-090 https://arxiv.org/abs/2401.00396 — abstract inspected 2026-08-15; 現主張への直接locatorは未確定,AUTHOR_CLAIM,NONE_DIRECTLY_VERIFIED,evidence_support=true,NOT_APPLICABLE,REWRITE_REQUIRED,arxiv.orgのAbstractへの参照は台帳にありますが、evidence_supportについて各要素と結論との直接の対応まで同時に再特定できる直接箇所が確定していません。資料の帰属範囲をRAGASはfaithfulnessを含むRAG評価指標を定義し、RAGTruthは検索拡張回答に含まれる支持なし・矛盾生成を分類したcorpusを提供するという限定まで狭め、候補URLの存在だけで機序や結果を補わない文へ変更します。 修正文にある主体と操作対象は保ちつつ、直接根拠を越える各要素と結論との直接の対応を落とす差分なので、REWRITE_REQUIREDと判定します。,NOT_APPLICABLE_NON_NORMATIVE,NOT_APPLICABLE_NON_NORMATIVE,UNVERIFIED,7.6.2 (docs/7.品質を評価し改善する/7.6.Generation評価.md:41); authoritative docs commit 52bebecfb2a435d0e7ff2efea557c5799674ded6 の現文を次の文へ置換する: RAGASはfaithfulnessを含むRAG評価指標を定義し、RAGTruthは検索拡張回答に含まれる支持なし・矛盾生成を分類したcorpusを提供します。 再抽出した文面と分類を照合する。,rag-guide-maintainers,,,,INCONCLUSIVE,NOT_APPLICABLE_UNPROVED,codex-primary-wave4,2026-08-15,codex-independent-wave4,2026-08-15,FINAL_TWO_REVIEWER_APPROVED
SENT-2982,52bebecfb2a435d0e7ff2efea557c5799674ded6,モデルの内部知識から見て正しい文でも、提示した根拠で確認できなければ、根拠性の評価では支持なしとします。,,"AND(AND(ATOM(parametric_memory=true), ATOM(evidence_support=true)), ATOM(evaluation=true))",AND,empirical_or_research_claim,UNCLASSIFIED,7.6.2 (docs/7.品質を評価し改善する/7.6.Generation評価.md:42); authoritative docs commit 52bebecfb2a435d0e7ff2efea557c5799674ded6,,,DEFINITION_OR_SPEC,,,,APPROPRIATE_NORMATIVE,モデルの内部知識から見て正しい文でも、提示した根拠で確認できなければ、根拠性の評価では支持なしとするという採否判断は、比較対象と合格条件を実行結果で識別するために置きます。本文に列挙した対象・条件・指標を個別fieldへ保存し、同一runの実装結果または評価結果と一致することを確認する。 さらに、判定に必要なgold evidenceがないslice、標本不足のslice、負荷条件が異なるrunは合否集計から分離し、他sliceの平均結果を外挿しない。 この扱いを例外として記録します。 同じ条件での比較と採用しない条件を両方記録できるため、APPROPRIATE_NORMATIVEです。,モデルの内部知識から見て正しい文でも、提示した根拠で確認できなければ、根拠性の評価では支持なしとすることを定める評価・採否規則について、本文に列挙した対象・条件・指標を個別fieldへ保存し、同一runの実装結果または評価結果と一致することを確認する。,モデルの内部知識から見て正しい文でも、提示した根拠で確認できなければ、根拠性の評価では支持なしとすることを定める評価・採否規則の例外として、判定に必要なgold evidenceがないslice、標本不足のslice、負荷条件が異なるrunは合否集計から分離し、他sliceの平均結果を外挿しない。,NOT_APPLICABLE,7.6.2 (docs/7.品質を評価し改善する/7.6.Generation評価.md:42); authoritative docs commit 52bebecfb2a435d0e7ff2efea557c5799674ded6 の本文を維持し、normative_criteriaとexceptionsを設計台帳へ固定する。,rag-guide-maintainers,,,,INCONCLUSIVE,NOT_APPLICABLE_UNPROVED,codex-primary-wave4,2026-08-15,codex-independent-wave4,2026-08-15,FINAL_TWO_REVIEWER_APPROVED
SENT-2995,52bebecfb2a435d0e7ff2efea557c5799674ded6,ALCEとAttributable to Identified Sourcesの研究が示すように、情報源が存在することと、その情報源が主張を支えることは同じではありません。,ALCEは引用の正しさと網羅性を分けて評価し、Attributable to Identified Sourcesは主張が特定資料へ帰属できるかを評価します。本ガイドでは、情報源の存在と主張の支持を別の条件として扱います。,NL_PROPOSITION(ALCEとAttributable to Identified Sourcesの研究が示すように、情報源が存在することと、その情報源が主張を支えることは同じではありません。),UNFORMALIZED,externally_cited_claim,UNCLASSIFIED,7.6.3 (docs/7.品質を評価し改善する/7.6.Generation評価.md:64); authoritative docs commit 52bebecfb2a435d0e7ff2efea557c5799674ded6,SRC-037;SRC-102,SRC-037 https://arxiv.org/abs/2305.14627 — abstract inspected 2026-08-15; 現主張への直接locatorは未確定; SRC-102 https://arxiv.org/abs/2112.12870 — abstract inspected 2026-08-15; 現主張への直接locatorは未確定,EMPIRICAL_RESULT,NONE_DIRECTLY_VERIFIED,UNFORMALIZED_NATURAL_LANGUAGE_CLAIM,UNFORMALIZED,REWRITE_REQUIRED,arxiv.orgのAbstractへの参照は台帳にありますが、原文の未形式化主張について未形式化の関係まで同時に再特定できる直接箇所が確定していません。資料の帰属範囲をALCEは引用の正しさと網羅性を分けて評価し、Attributable to Identified Sourcesは主張が特定資料へ帰属できるかを評価します。本ガイドでは、情報源の存在と主張の支持を別の条件として扱うという限定まで狭め、候補URLの存在だけで機序や結果を補わない文へ変更します。 修正文にある主体と操作対象は保ちつつ、直接根拠を越える未形式化の関係を落とす差分なので、REWRITE_REQUIREDと判定します。,NOT_APPLICABLE_NON_NORMATIVE,NOT_APPLICABLE_NON_NORMATIVE,UNVERIFIED,7.6.3 (docs/7.品質を評価し改善する/7.6.Generation評価.md:64); authoritative docs commit 52bebecfb2a435d0e7ff2efea557c5799674ded6 の現文を次の文へ置換する: ALCEは引用の正しさと網羅性を分けて評価し、Attributable to Identified Sourcesは主張が特定資料へ帰属できるかを評価します。本ガイドでは、情報源の存在と主張の支持を別の条件として扱います。 再抽出した文面と分類を照合する。,rag-guide-maintainers,,,,INCONCLUSIVE,NOT_APPLICABLE_UNPROVED,codex-primary-wave4,2026-08-15,codex-independent-wave4,2026-08-15,FINAL_TWO_REVIEWER_APPROVED
SENT-3002,52bebecfb2a435d0e7ff2efea557c5799674ded6,一般的な接続文や明らかに検証不要な案内へ大量の引用を付けることは、網羅性の改善には数えません。,引用網羅性は検証可能な主張を分母とし、接続文や操作案内へ付けた不要な引用を改善として数えません。,"NOT(AND(AND(ATOM(citation=true), ATOM(verification=true)), ATOM(empirical_result=true)))",NOT,empirical_or_research_claim,UNCLASSIFIED,7.6.3 (docs/7.品質を評価し改善する/7.6.Generation評価.md:74); authoritative docs commit 52bebecfb2a435d0e7ff2efea557c5799674ded6,,,DEFINITION_OR_SPEC,,,,APPROPRIATE_NORMATIVE,引用網羅性は検証可能な主張を分母とし、接続文や操作案内へ付けた不要な引用を改善として数えないという採否判断は、比較対象と合格条件を実行結果で識別するために置きます。citation coverageの分母を検証可能な外部主張に限定し、接続文・操作案内・純粋な規範を除外する規則を評価台帳へ固定する。 適用境界では、法令、契約、監査要件が手順文への出典を要求する場合は、通常のcoverageとは別区分で記録する。 同じ条件での比較と採用しない条件を両方記録できるため、APPROPRIATE_NORMATIVEです。,citation coverageの分母を検証可能な外部主張に限定し、接続文・操作案内・純粋な規範を除外する規則を評価台帳へ固定する。,法令、契約、監査要件が手順文への出典を要求する場合は、通常のcoverageとは別区分で記録する。,NOT_APPLICABLE,7.6.3 (docs/7.品質を評価し改善する/7.6.Generation評価.md:74); authoritative docs commit 52bebecfb2a435d0e7ff2efea557c5799674ded6 の現文を次の文へ置換する: 引用網羅性は検証可能な主張を分母とし、接続文や操作案内へ付けた不要な引用を改善として数えません。 再抽出した文面と分類を照合する。,rag-guide-maintainers,,,,INCONCLUSIVE,NOT_APPLICABLE_UNPROVED,codex-primary-wave4,2026-08-15,codex-independent-wave4,2026-08-15,FINAL_TWO_REVIEWER_APPROVED
SENT-3008,52bebecfb2a435d0e7ff2efea557c5799674ded6,G-EvalのようにLLMで採点する場合は、点数ごとの代表例を用意し、人手評価との一致を確認します。,,NL_PROPOSITION(G-EvalのようにLLMで採点する場合は、点数ごとの代表例を用意し、人手評価との一致を確認します。),UNFORMALIZED,externally_cited_claim,UNCLASSIFIED,7.6.4 (docs/7.品質を評価し改善する/7.6.Generation評価.md:85); authoritative docs commit 52bebecfb2a435d0e7ff2efea557c5799674ded6,,,DEFINITION_OR_SPEC,,,,APPROPRIATE_NORMATIVE,G-EvalのようにLLMで採点する場合は、点数ごとの代表例を用意し、人手評価との一致を確認するという採否判断は、比較対象と合格条件を実行結果で識別するために置きます。本文に列挙した対象・条件・指標を個別fieldへ保存し、同一runの実装結果または評価結果と一致することを確認する。 さらに、初期値・候補は対象datasetで再調整できるが、変更値、baseline、採用理由を同じresult tableへ残し、未比較の値を既定値として固定しない。 この扱いを例外として記録します。 同じ条件での比較と採用しない条件を両方記録できるため、APPROPRIATE_NORMATIVEです。,G-EvalのようにLLMで採点する場合は、点数ごとの代表例を用意し、人手評価との一致を確認することを定める評価・採否規則について、本文に列挙した対象・条件・指標を個別fieldへ保存し、同一runの実装結果または評価結果と一致することを確認する。,G-EvalのようにLLMで採点する場合は、点数ごとの代表例を用意し、人手評価との一致を確認することを定める評価・採否規則の例外として、初期値・候補は対象datasetで再調整できるが、変更値、baseline、採用理由を同じresult tableへ残し、未比較の値を既定値として固定しない。,NOT_APPLICABLE,7.6.4 (docs/7.品質を評価し改善する/7.6.Generation評価.md:85); authoritative docs commit 52bebecfb2a435d0e7ff2efea557c5799674ded6 の本文を維持し、normative_criteriaとexceptionsを設計台帳へ固定する。,rag-guide-maintainers,,,,INCONCLUSIVE,NOT_APPLICABLE_UNPROVED,codex-primary-wave4,2026-08-15,codex-independent-wave4,2026-08-15,FINAL_TWO_REVIEWER_APPROVED
SENT-3009,52bebecfb2a435d0e7ff2efea557c5799674ded6,含めるべき論点と不要な部分を別々に数え、長文化を完全性の改善と誤認しないようにします。,,NOT(ATOM(empirical_result=true)),NOT,empirical_or_research_claim,UNCLASSIFIED,7.6.4 (docs/7.品質を評価し改善する/7.6.Generation評価.md:86); authoritative docs commit 52bebecfb2a435d0e7ff2efea557c5799674ded6,,,DEFINITION_OR_SPEC,,,,APPROPRIATE_NORMATIVE,含めるべき論点と不要な部分を別々に数え、長文化を完全性の改善と誤認しないようにするという採否判断は、比較対象と合格条件を実行結果で識別するために置きます。回答評価でrequired points coverageとirrelevant span countを別指標として算出し、文字数またはtoken数の増加だけをcompleteness改善に数えない。 適用境界では、利用者が詳細説明を明示要求した場合は長い回答を許容できるが、不要部分とrequired pointの判定基準は変更しない。 同じ条件での比較と採用しない条件を両方記録できるため、APPROPRIATE_NORMATIVEです。,回答評価でrequired points coverageとirrelevant span countを別指標として算出し、文字数またはtoken数の増加だけをcompleteness改善に数えない。,利用者が詳細説明を明示要求した場合は長い回答を許容できるが、不要部分とrequired pointの判定基準は変更しない。,NOT_APPLICABLE,7.6.4 (docs/7.品質を評価し改善する/7.6.Generation評価.md:86); authoritative docs commit 52bebecfb2a435d0e7ff2efea557c5799674ded6 の本文を維持し、normative_criteriaとexceptionsを設計台帳へ固定する。,rag-guide-maintainers,,,,INCONCLUSIVE,NOT_APPLICABLE_UNPROVED,codex-primary-wave4,2026-08-15,codex-independent-wave4,2026-08-15,FINAL_TWO_REVIEWER_APPROVED
SENT-3017,52bebecfb2a435d0e7ff2efea557c5799674ded6,SQuAD 2.0は答えのない質問を追加し、回答できるかどうかの判断も読解課題へ含めました。,SQuAD 2.0はanswer spanのないquestionを評価setへ追加し、span抽出だけでなくpassageから回答できるかの判定もreading comprehension taskへ含めています。,"NOT(AND(ATOM(generated_terms=true), ATOM(generation=true)))",NOT,externally_cited_claim,できる,7.6.4 (docs/7.品質を評価し改善する/7.6.Generation評価.md:98); authoritative docs commit 52bebecfb2a435d0e7ff2efea557c5799674ded6,SRC-101,SRC-101 https://arxiv.org/abs/1806.03822 — abstract inspected 2026-08-15; 現主張への直接locatorは未確定,AUTHOR_CLAIM,NONE_DIRECTLY_VERIFIED,generated_terms=true,NOT,REWRITE_REQUIRED,arxiv.orgのAbstractへの参照は台帳にありますが、generated_termsについて否定関係まで同時に再特定できる直接箇所が確定していません。資料の帰属範囲をSQuAD 2.0はanswer spanのないquestionを評価setへ追加し、span抽出だけでなくpassageから回答できるかの判定もreading comprehension taskへ含めているという限定まで狭め、候補URLの存在だけで機序や結果を補わない文へ変更します。 修正文にある主体と操作対象は保ちつつ、直接根拠を越える否定関係を落とす差分なので、REWRITE_REQUIREDと判定します。,NOT_APPLICABLE_NON_NORMATIVE,NOT_APPLICABLE_NON_NORMATIVE,UNVERIFIED,7.6.4 (docs/7.品質を評価し改善する/7.6.Generation評価.md:98); authoritative docs commit 52bebecfb2a435d0e7ff2efea557c5799674ded6 の現文を次の文へ置換する: SQuAD 2.0はanswer spanのないquestionを評価setへ追加し、span抽出だけでなくpassageから回答できるかの判定もreading comprehension taskへ含めています。 再抽出した文面と分類を照合する。,rag-guide-maintainers,,,,INCONCLUSIVE,NOT_APPLICABLE_UNPROVED,codex-primary-wave4,2026-08-15,codex-independent-wave4,2026-08-15,FINAL_TWO_REVIEWER_APPROVED
SENT-3024,52bebecfb2a435d0e7ff2efea557c5799674ded6,RGBは、ノイズがあっても正しい根拠を選ぶ力、答えがない場合の拒否、複数情報の統合、事実と異なる前提を退ける力を分けて評価します。,RGB benchmarkは、同benchmarkの事例を用いて、noise下の根拠選択、answerがない場合の拒否、複数情報の統合、counterfactual premiseの拒否を別能力として評価します。,"NOT(AND(ATOM(evidence_support=true), ATOM(evaluation=true)))",NOT,externally_cited_claim,UNCLASSIFIED,7.6.5 (docs/7.品質を評価し改善する/7.6.Generation評価.md:111); authoritative docs commit 52bebecfb2a435d0e7ff2efea557c5799674ded6,SRC-109,SRC-109 https://arxiv.org/abs/2309.01431 — abstract inspected 2026-08-15; 現主張への直接locatorは未確定,AUTHOR_CLAIM,NONE_DIRECTLY_VERIFIED,evidence_support=true,NOT,REWRITE_REQUIRED,arxiv.orgのAbstractへの参照は台帳にありますが、evidence_supportについて否定関係まで同時に再特定できる直接箇所が確定していません。資料の帰属範囲をRGB benchmarkは、同benchmarkの事例を用いて、noise下の根拠選択、answerがない場合の拒否、複数情報の統合、counterfactual premiseの拒否を別能力として評価するという限定まで狭め、候補URLの存在だけで機序や結果を補わない文へ変更します。 修正文にある主体と操作対象は保ちつつ、直接根拠を越える否定関係を落とす差分なので、REWRITE_REQUIREDと判定します。,NOT_APPLICABLE_NON_NORMATIVE,NOT_APPLICABLE_NON_NORMATIVE,UNVERIFIED,7.6.5 (docs/7.品質を評価し改善する/7.6.Generation評価.md:111); authoritative docs commit 52bebecfb2a435d0e7ff2efea557c5799674ded6 の現文を次の文へ置換する: RGB benchmarkは、同benchmarkの事例を用いて、noise下の根拠選択、answerがない場合の拒否、複数情報の統合、counterfactual premiseの拒否を別能力として評価します。 再抽出した文面と分類を照合する。,rag-guide-maintainers,,,,INCONCLUSIVE,NOT_APPLICABLE_UNPROVED,codex-primary-wave4,2026-08-15,codex-independent-wave4,2026-08-15,FINAL_TWO_REVIEWER_APPROVED
SENT-3033,52bebecfb2a435d0e7ff2efea557c5799674ded6,形式準拠を改善するプロンプト変更が、根拠忠実性や完全性を悪化させていないかも確認します。,,"NOT(AND(ATOM(evidence_support=true), ATOM(empirical_result=true)))",NOT,empirical_or_research_claim,UNCLASSIFIED,7.6.5 (docs/7.品質を評価し改善する/7.6.Generation評価.md:124); authoritative docs commit 52bebecfb2a435d0e7ff2efea557c5799674ded6,,,DEFINITION_OR_SPEC,,,,APPROPRIATE_NORMATIVE,形式準拠を改善するプロンプト変更が、根拠忠実性や完全性を悪化させていないかも確認するという採否判断は、比較対象と合格条件を実行結果で識別するために置きます。format complianceを改善するprompt candidateは、同じgold setでcitation support、evidence completeness、answer correctnessを再測定し、既存guardrailを悪化させない場合だけ採用する。 さらに、機械連携を止めるformat不具合の緊急修正は先行できるが、根拠忠実性の回帰試験をrelease直後の必須作業として期限付き登録する。 この扱いを例外として記録します。 同じ条件での比較と採用しない条件を両方記録できるため、APPROPRIATE_NORMATIVEです。,format complianceを改善するprompt candidateは、同じgold setでcitation support、evidence completeness、answer correctnessを再測定し、既存guardrailを悪化させない場合だけ採用する。,機械連携を止めるformat不具合の緊急修正は先行できるが、根拠忠実性の回帰試験をrelease直後の必須作業として期限付き登録する。,NOT_APPLICABLE,7.6.5 (docs/7.品質を評価し改善する/7.6.Generation評価.md:124); authoritative docs commit 52bebecfb2a435d0e7ff2efea557c5799674ded6 の本文を維持し、normative_criteriaとexceptionsを設計台帳へ固定する。,rag-guide-maintainers,,,,INCONCLUSIVE,NOT_APPLICABLE_UNPROVED,codex-primary-wave4,2026-08-15,codex-independent-wave4,2026-08-15,FINAL_TWO_REVIEWER_APPROVED
SENT-3046,52bebecfb2a435d0e7ff2efea557c5799674ded6,発生頻度、重大度、業務影響を使って改善順を決め、同種の失敗が再発していないか追跡します。,,NOT(ATOM(empirical_result=true)),NOT,empirical_or_research_claim,UNCLASSIFIED,7.6.6 (docs/7.品質を評価し改善する/7.6.Generation評価.md:145); authoritative docs commit 52bebecfb2a435d0e7ff2efea557c5799674ded6,,,DEFINITION_OR_SPEC,,,,APPROPRIATE_NORMATIVE,発生頻度、重大度、業務影響を使って改善順を決め、同種の失敗が再発していないか追跡するという採否判断は、比較対象と合格条件を実行結果で識別するために置きます。failure typeごとにfrequency、severity、business impactを記録して改善priorityを決め、修正後は同typeの回帰fixtureで再発件数が受入値内か確認する。 さらに、頻度が低くても法令・安全性へ重大影響を持つfailureはpriorityを下げず、平均頻度だけで延期しない。 この扱いを例外として記録します。 同じ条件での比較と採用しない条件を両方記録できるため、APPROPRIATE_NORMATIVEです。,failure typeごとにfrequency、severity、business impactを記録して改善priorityを決め、修正後は同typeの回帰fixtureで再発件数が受入値内か確認する。,頻度が低くても法令・安全性へ重大影響を持つfailureはpriorityを下げず、平均頻度だけで延期しない。,NOT_APPLICABLE,7.6.6 (docs/7.品質を評価し改善する/7.6.Generation評価.md:145); authoritative docs commit 52bebecfb2a435d0e7ff2efea557c5799674ded6 の本文を維持し、normative_criteriaとexceptionsを設計台帳へ固定する。,rag-guide-maintainers,,,,INCONCLUSIVE,NOT_APPLICABLE_UNPROVED,codex-primary-wave4,2026-08-15,codex-independent-wave4,2026-08-15,FINAL_TWO_REVIEWER_APPROVED
SENT-3054,52bebecfb2a435d0e7ff2efea557c5799674ded6,RAG評価のサーベイが検索と生成を含む複数の評価側面を整理するように、回答、根拠、行動、完了までの時間を同時に見ます。,end-to-end評価では、回答品質、採用した根拠、実行した行動、完了までの時間を同じtrace_idへ結び付けて判定します。,"AND(AND(AND(AND(ATOM(retrieval=true), ATOM(generation=true)), ATOM(evidence_support=true)), ATOM(temporal_freshness=true)), ATOM(evaluation=true))",AND,externally_cited_claim,UNCLASSIFIED,7.7.1 (docs/7.品質を評価し改善する/7.7.End-to-end評価.md:15); authoritative docs commit 52bebecfb2a435d0e7ff2efea557c5799674ded6,SRC-105,SRC-105 https://arxiv.org/abs/2405.07437 — abstract inspected 2026-08-15; 現主張への直接locatorは未確定,AUTHOR_CLAIM,NONE_DIRECTLY_VERIFIED,evidence_support=true;temporal_freshness=true,NOT_APPLICABLE,REWRITE_REQUIRED,arxiv.orgのAbstractへの参照は台帳にありますが、evidence_support、temporal_freshnessについて各要素と結論との直接の対応まで同時に再特定できる直接箇所が確定していません。資料の帰属範囲をend-to-end評価では、回答品質、採用した根拠、実行した行動、完了までの時間を同じtrace_idへ結び付けて判定するという限定まで狭め、候補URLの存在だけで機序や結果を補わない文へ変更します。 修正文にある主体と操作対象は保ちつつ、直接根拠を越える各要素と結論との直接の対応を落とす差分なので、REWRITE_REQUIREDと判定します。,NOT_APPLICABLE_NON_NORMATIVE,NOT_APPLICABLE_NON_NORMATIVE,UNVERIFIED,7.7.1 (docs/7.品質を評価し改善する/7.7.End-to-end評価.md:15); authoritative docs commit 52bebecfb2a435d0e7ff2efea557c5799674ded6 の現文を次の文へ置換する: end-to-end評価では、回答品質、採用した根拠、実行した行動、完了までの時間を同じtrace_idへ結び付けて判定します。 再抽出した文面と分類を照合する。,rag-guide-maintainers,,,,INCONCLUSIVE,NOT_APPLICABLE_UNPROVED,codex-primary-wave4,2026-08-15,codex-independent-wave4,2026-08-15,FINAL_TWO_REVIEWER_APPROVED
SENT-3059,52bebecfb2a435d0e7ff2efea557c5799674ded6,RGBのように、同じ質問でもノイズや答えの有無を変えた対照事例を作ると、特定の能力を切り分けられます。,同じ質問についてノイズ根拠の有無と回答可能・不可能を変えた対照事例を作り、ノイズ耐性と回答保留を別々に評価します。,NL_PROPOSITION(RGBのように、同じ質問でもノイズや答えの有無を変えた対照事例を作ると、特定の能力を切り分けられます。),UNFORMALIZED,externally_cited_claim,UNCLASSIFIED,7.7.1 (docs/7.品質を評価し改善する/7.7.End-to-end評価.md:22); authoritative docs commit 52bebecfb2a435d0e7ff2efea557c5799674ded6,SRC-109,SRC-109 https://arxiv.org/abs/2309.01431 — abstract inspected 2026-08-15; 現主張への直接locatorは未確定,AUTHOR_CLAIM,NONE_DIRECTLY_VERIFIED,UNFORMALIZED_NATURAL_LANGUAGE_CLAIM,NOT_APPLICABLE,REWRITE_REQUIRED,arxiv.orgのAbstractへの参照は台帳にありますが、原文の未形式化主張について各要素と結論との直接の対応まで同時に再特定できる直接箇所が確定していません。資料の帰属範囲を同じ質問についてノイズ根拠の有無と回答可能・不可能を変えた対照事例を作り、ノイズ耐性と回答保留を別々に評価するという限定まで狭め、候補URLの存在だけで機序や結果を補わない文へ変更します。 修正文にある主体と操作対象は保ちつつ、直接根拠を越える各要素と結論との直接の対応を落とす差分なので、REWRITE_REQUIREDと判定します。,NOT_APPLICABLE_NON_NORMATIVE,NOT_APPLICABLE_NON_NORMATIVE,UNVERIFIED,7.7.1 (docs/7.品質を評価し改善する/7.7.End-to-end評価.md:22); authoritative docs commit 52bebecfb2a435d0e7ff2efea557c5799674ded6 の現文を次の文へ置換する: 同じ質問についてノイズ根拠の有無と回答可能・不可能を変えた対照事例を作り、ノイズ耐性と回答保留を別々に評価します。 再抽出した文面と分類を照合する。,rag-guide-maintainers,,,,INCONCLUSIVE,NOT_APPLICABLE_UNPROVED,codex-primary-wave4,2026-08-15,codex-independent-wave4,2026-08-15,FINAL_TWO_REVIEWER_APPROVED
SENT-3069,52bebecfb2a435d0e7ff2efea557c5799674ded6,総合的な印象だけでは、改善先を判断できません。,総合点だけで改善先を決めず、retrieval、evidence selection、generation、citation、abstentionの内訳をquestion_id単位で確認します。,NOT(ATOM(empirical_result=true)),NOT,empirical_or_research_claim,UNCLASSIFIED,7.7.2 (docs/7.品質を評価し改善する/7.7.End-to-end評価.md:39); authoritative docs commit 52bebecfb2a435d0e7ff2efea557c5799674ded6,SRC-113,SRC-113 https://arxiv.org/abs/2303.16634 — abstract inspected 2026-08-15; 現主張への直接locatorは未確定,EMPIRICAL_RESULT,NONE_DIRECTLY_VERIFIED,empirical_result=true,NOT,REWRITE_REQUIRED,arxiv.orgのAbstractへの参照は台帳にありますが、empirical_resultについて否定関係まで同時に再特定できる直接箇所が確定していません。総合点だけで改善先を決めず、retrieval、evidence selection、generation、citation、abstentionの内訳をquestion_id単位で確認するという範囲まで対象と条件を絞り、未確認の効果や一般化を実験結果のように読ませない文面にします。 修正文にある主体と操作対象は保ちつつ、直接根拠を越える否定関係を落とす差分なので、REWRITE_REQUIREDと判定します。,NOT_APPLICABLE_NON_NORMATIVE,NOT_APPLICABLE_NON_NORMATIVE,UNVERIFIED,7.7.2 (docs/7.品質を評価し改善する/7.7.End-to-end評価.md:39); authoritative docs commit 52bebecfb2a435d0e7ff2efea557c5799674ded6 の現文を次の文へ置換する: 総合点だけで改善先を決めず、retrieval、evidence selection、generation、citation、abstentionの内訳をquestion_id単位で確認します。 再抽出した文面と分類を照合する。,rag-guide-maintainers,,,,INCONCLUSIVE,NOT_APPLICABLE_UNPROVED,codex-primary-wave4,2026-08-15,codex-independent-wave4,2026-08-15,FINAL_TWO_REVIEWER_APPROVED
SENT-3079,52bebecfb2a435d0e7ff2efea557c5799674ded6,採点者が低い確信を示した事例や、複数採点者が一致しない事例を人へ送ります。,自動採点の確信度が閾値未満の事例と、複数採点者の判定が一致しない事例を人手レビューへ送ります。,NL_PROPOSITION(採点者が低い確信を示した事例や、複数採点者が一致しない事例を人へ送ります。),UNFORMALIZED,empirical_or_research_claim,UNCLASSIFIED,7.7.2 (docs/7.品質を評価し改善する/7.7.End-to-end評価.md:54); authoritative docs commit 52bebecfb2a435d0e7ff2efea557c5799674ded6,,,DEFINITION_OR_SPEC,,,,APPROPRIATE_NORMATIVE,自動採点の確信度が閾値未満の事例と、複数採点者の判定が一致しない事例を人手レビューへ送るという運用要件は、実行時の判断を担当者ごとにぶらさないためのローカル規則です。confidence閾値、不一致条件、risk区分、routing先、確認期限を事前に定め、送付理由と最終判断を記録する。 適用境界では、低riskで決定的なruleにより解消できる場合は自動処理できるが、高riskまたは権限関連の不一致は人手確認を省略しない。 実装結果と例外発生時の扱いを個別に検査できるため、APPROPRIATE_NORMATIVEです。,confidence閾値、不一致条件、risk区分、routing先、確認期限を事前に定め、送付理由と最終判断を記録する。,低riskで決定的なruleにより解消できる場合は自動処理できるが、高riskまたは権限関連の不一致は人手確認を省略しない。,NOT_APPLICABLE,7.7.2 (docs/7.品質を評価し改善する/7.7.End-to-end評価.md:54); authoritative docs commit 52bebecfb2a435d0e7ff2efea557c5799674ded6 の現文を次の文へ置換する: 自動採点の確信度が閾値未満の事例と、複数採点者の判定が一致しない事例を人手レビューへ送ります。 再抽出した文面と分類を照合する。,rag-guide-maintainers,,,,INCONCLUSIVE,NOT_APPLICABLE_UNPROVED,codex-primary-wave4,2026-08-15,codex-independent-wave4,2026-08-15,FINAL_TWO_REVIEWER_APPROVED
SENT-3099,52bebecfb2a435d0e7ff2efea557c5799674ded6,一方、MT-BenchとChatbot Arenaの研究は、回答位置、長さ、自身と同系統のモデルを好む傾向など、LLM採点の偏りを報告しています。,「Judging LLM-as-a-Judge with MT-Bench and Chatbot Arena」（2023年）は、同研究で評価したモデルと設問の範囲で、回答位置、回答長、自身と同系統のモデルを好む傾向など、LLM採点の偏りを報告しました。,"AND(ATOM(generation=true), ATOM(empirical_result=true))",AND,externally_cited_claim,UNCLASSIFIED,7.7.2 (docs/7.品質を評価し改善する/7.7.End-to-end評価.md:83); authoritative docs commit 52bebecfb2a435d0e7ff2efea557c5799674ded6,SRC-114,SRC-114 https://arxiv.org/abs/2306.05685 — abstract inspected 2026-08-15; 現主張への直接locatorは未確定,EMPIRICAL_RESULT,NONE_DIRECTLY_VERIFIED,empirical_result=true,NOT_APPLICABLE,REWRITE_REQUIRED,arxiv.orgのAbstractへの参照は台帳にありますが、empirical_resultについて各要素と結論との直接の対応まで同時に再特定できる直接箇所が確定していません。資料の帰属範囲を「Judging LLM-as-a-Judge with MT-Bench and Chatbot Arena」（2023年）は、同研究で評価したモデルと設問の範囲で、回答位置、回答長、自身と同系統のモデルを好む傾向など、LLM採点の偏りを報告したという限定まで狭め、候補URLの存在だけで機序や結果を補わない文へ変更します。 修正文にある主体と操作対象は保ちつつ、直接根拠を越える各要素と結論との直接の対応を落とす差分なので、REWRITE_REQUIREDと判定します。,NOT_APPLICABLE_NON_NORMATIVE,NOT_APPLICABLE_NON_NORMATIVE,UNVERIFIED,7.7.2 (docs/7.品質を評価し改善する/7.7.End-to-end評価.md:83); authoritative docs commit 52bebecfb2a435d0e7ff2efea557c5799674ded6 の現文を次の文へ置換する: 「Judging LLM-as-a-Judge with MT-Bench and Chatbot Arena」（2023年）は、同研究で評価したモデルと設問の範囲で、回答位置、回答長、自身と同系統のモデルを好む傾向など、LLM採点の偏りを報告しました。 再抽出した文面と分類を照合する。,rag-guide-maintainers,,,,INCONCLUSIVE,NOT_APPLICABLE_UNPROVED,codex-primary-wave4,2026-08-15,codex-independent-wave4,2026-08-15,FINAL_TWO_REVIEWER_APPROVED
SENT-3138,52bebecfb2a435d0e7ff2efea557c5799674ded6,解析器やチャンク分割を変えると、正解スパンのチャンクIDが変わることがあります。,parserまたはchunkerを変更したrunではgold spanを新chunk_idへ再対応付けし、対応不能な事例を評価から黙って除外しません。,"AND(ATOM(chunking=true), ATOM(parsing=true))",AND,general_technical_claim,UNCLASSIFIED,FILE-INTRO (docs/7.品質を評価し改善する/7.8.Regression・A-B・Canary.md:9); authoritative docs commit 52bebecfb2a435d0e7ff2efea557c5799674ded6,,,DEFINITION_OR_SPEC,,parsing=true,NOT_APPLICABLE,REWRITE_REQUIRED,「parserまたはchunkerを変更したrunではgold spanを新chunk_idへ再対応付けし」の検討では、parsing=trueを一般的な効果として説明せず、ガイド内で実行する処理へ焦点を移しました。「parserまたはchunkerを変更したrunではgold spanを新chunk_idへ再対応付けし」の証拠境界として、根拠台帳にはparsing=trueを支えるlocatorがなく、元の未確定の関係を一般化しない判断です。parserまたはchunkerを変更したrunではgold spanを新chunk_idへ再対応付けし、対応不能な事例を評価から黙って除外しません。 修正文が具体化する対象は「parserまたはchunkerを変更したrunではgold spanを新chunk_idへ再対応付けし」です。「parserまたはchunkerを変更したrunではgold spanを新chunk_idへ再対応付けし」の採否について、parsing=trueに関する具体的な処理は有用ですが、原文のままでは境界を越えるため書換えを選びます。,NOT_APPLICABLE_NON_NORMATIVE,NOT_APPLICABLE_NON_NORMATIVE,NOT_APPLICABLE,FILE-INTRO (docs/7.品質を評価し改善する/7.8.Regression・A-B・Canary.md:9); authoritative docs commit 52bebecfb2a435d0e7ff2efea557c5799674ded6 の現文を次の文へ置換する: parserまたはchunkerを変更したrunではgold spanを新chunk_idへ再対応付けし、対応不能な事例を評価から黙って除外しません。 再抽出した文面と分類を照合する。,rag-guide-maintainers,,,,INCONCLUSIVE,NOT_APPLICABLE_UNPROVED,codex-primary-wave4,2026-08-15,codex-independent-wave4,2026-08-15,FINAL_TWO_REVIEWER_APPROVED
SENT-3142,52bebecfb2a435d0e7ff2efea557c5799674ded6,変更ごとに直接指標と下流指標を定め、改善した局所指標が最終回答を悪化させていないことを確認します。,,"NOT(AND(ATOM(generation=true), ATOM(empirical_result=true)))",NOT,empirical_or_research_claim,UNCLASSIFIED,7.8.1 (docs/7.品質を評価し改善する/7.8.Regression・A-B・Canary.md:15); authoritative docs commit 52bebecfb2a435d0e7ff2efea557c5799674ded6,,,DEFINITION_OR_SPEC,,,,APPROPRIATE_NORMATIVE,変更ごとに直接指標と下流指標を定め、改善した局所指標が最終回答を悪化させていないことを確認するという採否判断は、比較対象と合格条件を実行結果で識別するために置きます。この規則に挙げた選択肢を同じdataset version、query slice、gold evidence、負荷条件で比較し、対象sliceごとの品質・latency・costを一つのresult tableへ記録する。 さらに、判定に必要なgold evidenceがないslice、標本不足のslice、負荷条件が異なるrunは合否集計から分離し、他sliceの平均結果を外挿しない。 この扱いを例外として記録します。 同じ条件での比較と採用しない条件を両方記録できるため、APPROPRIATE_NORMATIVEです。,変更ごとに直接指標と下流指標を定め、改善した局所指標が最終回答を悪化させていないことを確認することを定める評価・採否規則について、この規則に挙げた選択肢を同じdataset version、query slice、gold evidence、負荷条件で比較し、対象sliceごとの品質・latency・costを一つのresult tableへ記録する。,変更ごとに直接指標と下流指標を定め、改善した局所指標が最終回答を悪化させていないことを確認することを定める評価・採否規則の例外として、判定に必要なgold evidenceがないslice、標本不足のslice、負荷条件が異なるrunは合否集計から分離し、他sliceの平均結果を外挿しない。,NOT_APPLICABLE,7.8.1 (docs/7.品質を評価し改善する/7.8.Regression・A-B・Canary.md:15); authoritative docs commit 52bebecfb2a435d0e7ff2efea557c5799674ded6 の本文を維持し、normative_criteriaとexceptionsを設計台帳へ固定する。,rag-guide-maintainers,,,,INCONCLUSIVE,NOT_APPLICABLE_UNPROVED,codex-primary-wave4,2026-08-15,codex-independent-wave4,2026-08-15,FINAL_TWO_REVIEWER_APPROVED
SENT-3159,52bebecfb2a435d0e7ff2efea557c5799674ded6,canary中に重大なsecurity failure、SLO（Service Level Objective、サービス水準目標）違反、想定外の回答不能増加が起きた場合は、自動または明示した手順で旧versionへ戻します。,,NL_PROPOSITION(canary中に重大なsecurity failure、SLO（Service Level Objective、サービス水準目標）違反、想定外の回答不能増加が起きた場合は、自動または明示した手順で旧versionへ戻します。),UNFORMALIZED,empirical_or_research_claim,UNCLASSIFIED,7.8.3 (docs/7.品質を評価し改善する/7.8.Regression・A-B・Canary.md:42); authoritative docs commit 52bebecfb2a435d0e7ff2efea557c5799674ded6,,,DEFINITION_OR_SPEC,,,,APPROPRIATE_NORMATIVE,canary中に重大なsecurity failure、SLO（Service Level Objective、サービス水準目標）違反、想定外の回答不能増加が起きた場合は、自動または明示した手順で旧versionへ戻すという追跡要件は、後続工程から入力と版へ戻るための局所契約です。canaryでcritical security failure、SLO violation、abstention rateの想定外増加を別alertとして監視し、各alertが旧versionへのrollback手順を実際に起動できることを演習する。 適用境界では、監視誤検知で自動rollbackを解除する場合は対象alert、承認者、有効期限を記録し、他のrollback条件を無効化しない。 逆引き可能性と保存上の例外を台帳で確かめられるため、APPROPRIATE_NORMATIVEです。,canaryでcritical security failure、SLO violation、abstention rateの想定外増加を別alertとして監視し、各alertが旧versionへのrollback手順を実際に起動できることを演習する。,監視誤検知で自動rollbackを解除する場合は対象alert、承認者、有効期限を記録し、他のrollback条件を無効化しない。,NOT_APPLICABLE,7.8.3 (docs/7.品質を評価し改善する/7.8.Regression・A-B・Canary.md:42); authoritative docs commit 52bebecfb2a435d0e7ff2efea557c5799674ded6 の本文を維持し、normative_criteriaとexceptionsを設計台帳へ固定する。,rag-guide-maintainers,,,,INCONCLUSIVE,NOT_APPLICABLE_UNPROVED,codex-primary-wave4,2026-08-15,codex-independent-wave4,2026-08-15,FINAL_TWO_REVIEWER_APPROVED
SENT-3160,52bebecfb2a435d0e7ff2efea557c5799674ded6,公開の可否は、解析器、チャンク分割、埋め込み、検索器、再順位付け、プロンプト、生成モデルのどれを変えても、同じ原則で判断します。,,"AND(AND(AND(AND(ATOM(rerank=true), ATOM(chunking=true)), ATOM(retrieval=true)), ATOM(generation=true)), ATOM(parsing=true))",AND,general_technical_claim,UNCLASSIFIED,7.8.3 (docs/7.品質を評価し改善する/7.8.Regression・A-B・Canary.md:44); authoritative docs commit 52bebecfb2a435d0e7ff2efea557c5799674ded6,,,DEFINITION_OR_SPEC,,,,APPROPRIATE_NORMATIVE,公開の可否は、解析器、チャンク分割、埋め込み、検索器、再順位付け、プロンプト、生成モデルのどれを変えても、同じ原則で判断するという検索経路は、候補の収集・統合・選択を再現可能にするガイド内の決定です。この規則の統合規則をversion管理し、複数retrieverが返す既知rank listから期待するcandidate順序を再現し、生scoreの無条件加算や重複candidateが発生しないことを確認する。 さらに、この規則と異なる統合方式はcalibration済みscoreまたは別rerankerとしてversion管理できるが、未調整の異尺度scoreを黙って直接加算しない。 この扱いを例外として記録します。 検索結果の合格条件と別経路へ切り替える条件が検査できるため、APPROPRIATE_NORMATIVEです。,公開の可否は、解析器、チャンク分割、埋め込み、検索器、再順位付け、プロンプト、生成モデルのどれを変えても、同じ原則で判断することを定める検索・経路選択規則について、この規則の統合規則をversion管理し、複数retrieverが返す既知rank listから期待するcandidate順序を再現し、生scoreの無条件加算や重複candidateが発生しないことを確認する。,公開の可否は、解析器、チャンク分割、埋め込み、検索器、再順位付け、プロンプト、生成モデルのどれを変えても、同じ原則で判断することを定める検索・経路選択規則の例外として、この規則と異なる統合方式はcalibration済みscoreまたは別rerankerとしてversion管理できるが、未調整の異尺度scoreを黙って直接加算しない。,NOT_APPLICABLE,7.8.3 (docs/7.品質を評価し改善する/7.8.Regression・A-B・Canary.md:44); authoritative docs commit 52bebecfb2a435d0e7ff2efea557c5799674ded6 の本文を維持し、normative_criteriaとexceptionsを設計台帳へ固定する。,rag-guide-maintainers,,,,INCONCLUSIVE,NOT_APPLICABLE_UNPROVED,codex-primary-wave4,2026-08-15,codex-independent-wave4,2026-08-15,FINAL_TWO_REVIEWER_APPROVED
SENT-3163,52bebecfb2a435d0e7ff2efea557c5799674ded6,候補の成果物、設定マニフェスト、評価報告を同じ版IDで結び付けます。,,"AND(ATOM(evaluation=true), ATOM(empirical_result=true))",AND,empirical_or_research_claim,UNCLASSIFIED,7.8.3 (docs/7.品質を評価し改善する/7.8.Regression・A-B・Canary.md:48); authoritative docs commit 52bebecfb2a435d0e7ff2efea557c5799674ded6,,,DEFINITION_OR_SPEC,,,,APPROPRIATE_NORMATIVE,候補の成果物、設定マニフェスト、評価報告を同じ版IDで結び付けるという採否判断は、比較対象と合格条件を実行結果で識別するために置きます。この規則に含まれるretriever、candidate数、rank処理を固定したtest queryを実行し、統合前後のcandidate ID・rank・score変換が記述した順序と選択規則に一致することを確認する。 さらに、初期値・候補は対象datasetで再調整できるが、変更値、baseline、採用理由を同じresult tableへ残し、未比較の値を既定値として固定しない。 この扱いを例外として記録します。 同じ条件での比較と採用しない条件を両方記録できるため、APPROPRIATE_NORMATIVEです。,候補の成果物、設定マニフェスト、評価報告を同じ版IDで結び付けることを定める評価・採否規則について、この規則に含まれるretriever、candidate数、rank処理を固定したtest queryを実行し、統合前後のcandidate ID・rank・score変換が記述した順序と選択規則に一致することを確認する。,候補の成果物、設定マニフェスト、評価報告を同じ版IDで結び付けることを定める評価・採否規則の例外として、初期値・候補は対象datasetで再調整できるが、変更値、baseline、採用理由を同じresult tableへ残し、未比較の値を既定値として固定しない。,NOT_APPLICABLE,7.8.3 (docs/7.品質を評価し改善する/7.8.Regression・A-B・Canary.md:48); authoritative docs commit 52bebecfb2a435d0e7ff2efea557c5799674ded6 の本文を維持し、normative_criteriaとexceptionsを設計台帳へ固定する。,rag-guide-maintainers,,,,INCONCLUSIVE,NOT_APPLICABLE_UNPROVED,codex-primary-wave4,2026-08-15,codex-independent-wave4,2026-08-15,FINAL_TWO_REVIEWER_APPROVED
SENT-3167,52bebecfb2a435d0e7ff2efea557c5799674ded6,共通のトレースIDで、元の質問、変換後の質問、フィルター、取得候補、再順位付け結果、最終コンテキスト、回答、引用、利用者の反応を結び付けます。,,"AND(AND(AND(AND(ATOM(rerank=true), ATOM(retrieval=true)), ATOM(generation=true)), ATOM(citation=true)), ATOM(empirical_result=true))",AND,general_technical_claim,UNCLASSIFIED,FILE-INTRO (docs/7.品質を評価し改善する/7.9.Traceに基づく失敗分析.md:4); authoritative docs commit 52bebecfb2a435d0e7ff2efea557c5799674ded6,,,DEFINITION_OR_SPEC,,,,APPROPRIATE_NORMATIVE,共通のトレースIDで、元の質問、変換後の質問、フィルター、取得候補、再順位付け結果、最終コンテキスト、回答、引用、利用者の反応を結び付けるという追跡要件は、後続工程から入力と版へ戻るための局所契約です。この規則に列挙したID、version、artifactを必須schema fieldにし、任意のanswer/citationからsource document、original span、chunk、retrieval rank、configuration versionへ欠損なく到達できることを確認する。 適用境界では、対象値に個人情報または保存期限の制約がある場合は仮名化・分離保管へ置換できるが、source/version/spanを復元する承認済み対応表は保持する。 逆引き可能性と保存上の例外を台帳で確かめられるため、APPROPRIATE_NORMATIVEです。,共通のトレースIDで、元の質問、変換後の質問、フィルター、取得候補、再順位付け結果、最終コンテキスト、回答、引用、利用者の反応を結び付けることを定める検索・経路選択規則について、この規則に列挙したID、version、artifactを必須schema fieldにし、任意のanswer/citationからsource document、original span、chunk、retrieval rank、configuration versionへ欠損なく到達できることを確認する。,共通のトレースIDで、元の質問、変換後の質問、フィルター、取得候補、再順位付け結果、最終コンテキスト、回答、引用、利用者の反応を結び付けることを定める検索・経路選択規則の例外として、対象値に個人情報または保存期限の制約がある場合は仮名化・分離保管へ置換できるが、source/version/spanを復元する承認済み対応表は保持する。,NOT_APPLICABLE,FILE-INTRO (docs/7.品質を評価し改善する/7.9.Traceに基づく失敗分析.md:4); authoritative docs commit 52bebecfb2a435d0e7ff2efea557c5799674ded6 の本文を維持し、normative_criteriaとexceptionsを設計台帳へ固定する。,rag-guide-maintainers,,,,INCONCLUSIVE,NOT_APPLICABLE_UNPROVED,codex-primary-wave4,2026-08-15,codex-independent-wave4,2026-08-15,FINAL_TWO_REVIEWER_APPROVED
SENT-3172,52bebecfb2a435d0e7ff2efea557c5799674ded6,同じ誤答でも、根拠がコーパスにない、検索器が落とした、検索後処理で消した、生成器が無視した、方針が遮断した、システムがタイムアウトした、という異なる原因があります。,誤答はcorpus欠損、retrieval漏れ、post-retrieval除外、generation無視、policy遮断、timeoutの各原因へtraceで分類します。,"NOT(AND(AND(ATOM(retrieval=true), ATOM(generation=true)), ATOM(evidence_support=true)))",NOT,general_technical_claim,UNCLASSIFIED,7.9.1 (docs/7.品質を評価し改善する/7.9.Traceに基づく失敗分析.md:14); authoritative docs commit 52bebecfb2a435d0e7ff2efea557c5799674ded6,,,DEFINITION_OR_SPEC,,evidence_support=true,NOT,REWRITE_REQUIRED,「誤答はcorpus欠損」の証拠境界として、根拠台帳にはevidence_support=trueを支えるlocatorがなく、元の否定関係を一般化しない判断です。誤答はcorpus欠損、retrieval漏れ、post-retrieval除外、generation無視、policy遮断、timeoutの各原因へtraceで分類します。 修正文が具体化する対象は「誤答はcorpus欠損」です。「誤答はcorpus欠損」の検討では、evidence_support=trueに関して本文へ残す内容を、実行または記録で確認できる範囲まで絞りました。「誤答はcorpus欠損」の採否について、evidence_support=trueの証拠境界を本文へ反映する必要があるため、REWRITE_REQUIREDです。,NOT_APPLICABLE_NON_NORMATIVE,NOT_APPLICABLE_NON_NORMATIVE,NOT_APPLICABLE,7.9.1 (docs/7.品質を評価し改善する/7.9.Traceに基づく失敗分析.md:14); authoritative docs commit 52bebecfb2a435d0e7ff2efea557c5799674ded6 の現文を次の文へ置換する: 誤答はcorpus欠損、retrieval漏れ、post-retrieval除外、generation無視、policy遮断、timeoutの各原因へtraceで分類します。 再抽出した文面と分類を照合する。,rag-guide-maintainers,,,,INCONCLUSIVE,NOT_APPLICABLE_UNPROVED,codex-primary-wave4,2026-08-15,codex-independent-wave4,2026-08-15,FINAL_TWO_REVIEWER_APPROVED
SENT-3174,52bebecfb2a435d0e7ff2efea557c5799674ded6,RAGCheckerの主張単位の診断を使うと、コンテキストに根拠があったかと、回答がその根拠を使ったかを分けられます。,RAGCheckerのclaim-level診断では、各claimについてgold evidenceがcontextに取得されたかと、answerがそのevidenceを正しく使ったかを別々に判定します。,"AND(AND(ATOM(generation=true), ATOM(evidence_support=true)), ATOM(evaluation=true))",AND,externally_cited_claim,UNCLASSIFIED,7.9.1 (docs/7.品質を評価し改善する/7.9.Traceに基づく失敗分析.md:17); authoritative docs commit 52bebecfb2a435d0e7ff2efea557c5799674ded6,SRC-110,SRC-110 https://arxiv.org/abs/2408.08067 — abstract inspected 2026-08-15; 現主張への直接locatorは未確定,AUTHOR_CLAIM,NONE_DIRECTLY_VERIFIED,evidence_support=true,NOT_APPLICABLE,REWRITE_REQUIRED,arxiv.orgのAbstractへの参照は台帳にありますが、evidence_supportについて各要素と結論との直接の対応まで同時に再特定できる直接箇所が確定していません。資料の帰属範囲をRAGCheckerのclaim-level診断では、各claimについてgold evidenceがcontextに取得されたかと、answerがそのevidenceを正しく使ったかを別々に判定するという限定まで狭め、候補URLの存在だけで機序や結果を補わない文へ変更します。 修正文にある主体と操作対象は保ちつつ、直接根拠を越える各要素と結論との直接の対応を落とす差分なので、REWRITE_REQUIREDと判定します。,NOT_APPLICABLE_NON_NORMATIVE,NOT_APPLICABLE_NON_NORMATIVE,UNVERIFIED,7.9.1 (docs/7.品質を評価し改善する/7.9.Traceに基づく失敗分析.md:17); authoritative docs commit 52bebecfb2a435d0e7ff2efea557c5799674ded6 の現文を次の文へ置換する: RAGCheckerのclaim-level診断では、各claimについてgold evidenceがcontextに取得されたかと、answerがそのevidenceを正しく使ったかを別々に判定します。 再抽出した文面と分類を照合する。,rag-guide-maintainers,,,,INCONCLUSIVE,NOT_APPLICABLE_UNPROVED,codex-primary-wave4,2026-08-15,codex-independent-wave4,2026-08-15,FINAL_TWO_REVIEWER_APPROVED
SENT-3190,52bebecfb2a435d0e7ff2efea557c5799674ded6,改善後は同じtrace比較で、原因箇所が直り、別layerへ失敗が移っていないことを確認します。,,NOT(ATOM(empirical_result=true)),NOT,empirical_or_research_claim,UNCLASSIFIED,7.9.2 (docs/7.品質を評価し改善する/7.9.Traceに基づく失敗分析.md:39); authoritative docs commit 52bebecfb2a435d0e7ff2efea557c5799674ded6,,,DEFINITION_OR_SPEC,,,,APPROPRIATE_NORMATIVE,改善後は同じtrace比較で、原因箇所が直り、別layerへ失敗が移っていないことを確認するという採否判断は、比較対象と合格条件を実行結果で識別するために置きます。この規則で列挙した記録項目を同じrun IDへ保存し、各項目が欠損せず、変更前後の差分をquestionまたはdocument単位で逆引きできることを確認する。 さらに、判定に必要なgold evidenceがないslice、標本不足のslice、負荷条件が異なるrunは合否集計から分離し、他sliceの平均結果を外挿しない。 この扱いを例外として記録します。 同じ条件での比較と採用しない条件を両方記録できるため、APPROPRIATE_NORMATIVEです。,改善後は同じtrace比較で、原因箇所が直り、別layerへ失敗が移っていないことを確認することを定める評価・採否規則について、この規則で列挙した記録項目を同じrun IDへ保存し、各項目が欠損せず、変更前後の差分をquestionまたはdocument単位で逆引きできることを確認する。,改善後は同じtrace比較で、原因箇所が直り、別layerへ失敗が移っていないことを確認することを定める評価・採否規則の例外として、判定に必要なgold evidenceがないslice、標本不足のslice、負荷条件が異なるrunは合否集計から分離し、他sliceの平均結果を外挿しない。,NOT_APPLICABLE,7.9.2 (docs/7.品質を評価し改善する/7.9.Traceに基づく失敗分析.md:39); authoritative docs commit 52bebecfb2a435d0e7ff2efea557c5799674ded6 の本文を維持し、normative_criteriaとexceptionsを設計台帳へ固定する。,rag-guide-maintainers,,,,INCONCLUSIVE,NOT_APPLICABLE_UNPROVED,codex-primary-wave4,2026-08-15,codex-independent-wave4,2026-08-15,FINAL_TWO_REVIEWER_APPROVED
SENT-3193,52bebecfb2a435d0e7ff2efea557c5799674ded6,本章では、評価データセット、各layerの指標、end-to-end評価、regression、A-B、canary、trace分析を扱います。,,"AND(AND(ATOM(learned=true), ATOM(evaluation=true)), ATOM(ab_testing=true))",AND,empirical_or_research_claim,UNCLASSIFIED,INTRO-7 (docs/7.品質を評価し改善する/序文.md:5); authoritative docs commit 52bebecfb2a435d0e7ff2efea557c5799674ded6,,,DEFINITION_OR_SPEC,,,,APPROPRIATE_NORMATIVE,本章では、評価データセット、各layerの指標、end-to-end評価、regression、A-B、canary、trace分析を扱うという採否判断は、比較対象と合格条件を実行結果で識別するために置きます。第7章の目次とtest planに、evaluation dataset、layer別metric、end-to-end評価、regression、A/B、canary、trace分析の各項目が一つ以上対応し、未対応項目がないことを確認する。 適用境界では、対象systemにonline trafficがなくA/Bまたはcanaryを実施できない場合は理由を記録し、同じrelease riskを検出するoffline regressionへ置換する。 同じ条件での比較と採用しない条件を両方記録できるため、APPROPRIATE_NORMATIVEです。,第7章の目次とtest planに、evaluation dataset、layer別metric、end-to-end評価、regression、A/B、canary、trace分析の各項目が一つ以上対応し、未対応項目がないことを確認する。,対象systemにonline trafficがなくA/Bまたはcanaryを実施できない場合は理由を記録し、同じrelease riskを検出するoffline regressionへ置換する。,NOT_APPLICABLE,INTRO-7 (docs/7.品質を評価し改善する/序文.md:5); authoritative docs commit 52bebecfb2a435d0e7ff2efea557c5799674ded6 の本文を維持し、normative_criteriaとexceptionsを設計台帳へ固定する。,rag-guide-maintainers,,,,INCONCLUSIVE,NOT_APPLICABLE_UNPROVED,codex-primary-wave4,2026-08-15,codex-independent-wave4,2026-08-15,FINAL_TWO_REVIEWER_APPROVED
SENT-3198,52bebecfb2a435d0e7ff2efea557c5799674ded6,品質だけでなく、遅延、費用、安全性、回答保留も測り、改善が別の重要指標を悪化させていないことを確認します。,,"NOT(AND(AND(ATOM(generation=true), ATOM(cost=true)), ATOM(empirical_result=true)))",NOT,empirical_or_research_claim,UNCLASSIFIED,INTRO-7 (docs/7.品質を評価し改善する/序文.md:9); authoritative docs commit 52bebecfb2a435d0e7ff2efea557c5799674ded6,,,DEFINITION_OR_SPEC,,,,APPROPRIATE_NORMATIVE,品質だけでなく、遅延、費用、安全性、回答保留も測り、改善が別の重要指標を悪化させていないことを確認するという採否判断は、比較対象と合格条件を実行結果で識別するために置きます。本文に列挙した対象・条件・指標を個別fieldへ保存し、同一runの実装結果または評価結果と一致することを確認する。 さらに、この比較で品質やcostが改善しても、安全性またはauthorizationの必須条件を悪化させるcandidateは採用しない。 この扱いを例外として記録します。 同じ条件での比較と採用しない条件を両方記録できるため、APPROPRIATE_NORMATIVEです。,品質だけでなく、遅延、費用、安全性、回答保留も測り、改善が別の重要指標を悪化させていないことを確認することを定める評価・採否規則について、本文に列挙した対象・条件・指標を個別fieldへ保存し、同一runの実装結果または評価結果と一致することを確認する。,品質だけでなく、遅延、費用、安全性、回答保留も測り、改善が別の重要指標を悪化させていないことを確認することを定める評価・採否規則の例外として、この比較で品質やcostが改善しても、安全性またはauthorizationの必須条件を悪化させるcandidateは採用しない。,NOT_APPLICABLE,INTRO-7 (docs/7.品質を評価し改善する/序文.md:9); authoritative docs commit 52bebecfb2a435d0e7ff2efea557c5799674ded6 の本文を維持し、normative_criteriaとexceptionsを設計台帳へ固定する。,rag-guide-maintainers,,,,INCONCLUSIVE,NOT_APPLICABLE_UNPROVED,codex-primary-wave4,2026-08-15,codex-independent-wave4,2026-08-15,FINAL_TWO_REVIEWER_APPROVED
SENT-3211,52bebecfb2a435d0e7ff2efea557c5799674ded6,API入口、アプリケーション、検索器、ベクトルストア、生成モデル、ツール実行基盤の間に信頼境界を置きます。,本ガイドでは、API入口、アプリケーション、検索器、ベクトルストア、生成モデル、ツール実行基盤の間を信頼境界として明示します。,"AND(AND(ATOM(retrieval=true), ATOM(generation=true)), ATOM(tool_use=true))",AND,general_technical_claim,UNCLASSIFIED,8.1.1 (docs/8.安全に運用する/8.1.セキュリティと権限制御.md:22); authoritative docs commit 52bebecfb2a435d0e7ff2efea557c5799674ded6,,,DEFINITION_OR_SPEC,,,,APPROPRIATE_NORMATIVE,本ガイドでは、API入口、アプリケーション、検索器、ベクトルストア、生成モデル、ツール実行基盤の間を信頼境界として明示するという安全境界は、本ガイドが強制する制御として設けます。API入口、application、retriever、vector store、generation model、tool runtimeの各境界について送受信data、認証主体、authorization decision、暗号化、logを記録し、許可外requestを境界ごとに拒否する。 適用境界では、同一security domain内で二component間の独立境界を省略する場合は共通identity・policy・audit scopeを証明し、外部providerとの境界は省略しない。 負試験で境界を確かめ、統制を緩めない例外を明示できるので、APPROPRIATE_NORMATIVEです。,API入口、application、retriever、vector store、generation model、tool runtimeの各境界について送受信data、認証主体、authorization decision、暗号化、logを記録し、許可外requestを境界ごとに拒否する。,同一security domain内で二component間の独立境界を省略する場合は共通identity・policy・audit scopeを証明し、外部providerとの境界は省略しない。,NOT_APPLICABLE,8.1.1 (docs/8.安全に運用する/8.1.セキュリティと権限制御.md:22); authoritative docs commit 52bebecfb2a435d0e7ff2efea557c5799674ded6 の現文を次の文へ置換する: 本ガイドでは、API入口、アプリケーション、検索器、ベクトルストア、生成モデル、ツール実行基盤の間を信頼境界として明示します。 再抽出した文面と分類を照合する。,rag-guide-maintainers,,,,INCONCLUSIVE,NOT_APPLICABLE_UNPROVED,codex-primary-wave4,2026-08-15,codex-independent-wave4,2026-08-15,FINAL_TWO_REVIEWER_APPROVED
SENT-3218,52bebecfb2a435d0e7ff2efea557c5799674ded6,RBACモデルは役割階層と制約を体系化しています。,Role-based access control modelsは、対象RBAC modelをrole hierarchyと、role assignment・permission assignmentに対するconstraintの組合せとして体系化しています。,NL_PROPOSITION(RBACモデルは役割階層と制約を体系化しています。),UNFORMALIZED,externally_cited_claim,UNCLASSIFIED,8.1.2 (docs/8.安全に運用する/8.1.セキュリティと権限制御.md:34); authoritative docs commit 52bebecfb2a435d0e7ff2efea557c5799674ded6,SRC-040,"primary source page, RBAC model definitions for role hierarchies and constraints; inspected 2026-08-15",DEFINITION_OR_SPEC,NONE_DIRECTLY_VERIFIED,NL_PROPOSITION(RBACモデルは役割階層と制約を体系化しています。),NOT_APPLICABLE,REWRITE_REQUIRED,候補資料ページへの参照は台帳にありますが、外的真偽はUNVERIFIEDのままです。その境界では、原文の未形式化主張について各要素と結論との直接の対応まで確認済みと扱えません。資料の帰属範囲をRole-based access control modelsは、対象RBAC modelをrole hierarchyと、role assignment・permission assignmentに対するconstraintの組合せとして体系化しているという限定まで狭め、候補URLの存在だけで機序や結果を補わない文へ変更します。 修正文にある主体と操作対象は保ちつつ、直接根拠を越える各要素と結論との直接の対応を落とす差分なので、REWRITE_REQUIREDと判定します。,NOT_APPLICABLE_NON_NORMATIVE,NOT_APPLICABLE_NON_NORMATIVE,UNVERIFIED,8.1.2 (docs/8.安全に運用する/8.1.セキュリティと権限制御.md:34); authoritative docs commit 52bebecfb2a435d0e7ff2efea557c5799674ded6 の現文を次の文へ置換する: Role-based access control modelsは、対象RBAC modelをrole hierarchyと、role assignment・permission assignmentに対するconstraintの組合せとして体系化しています。 再抽出した文面と分類を照合する。,rag-guide-maintainers,,,,INCONCLUSIVE,NOT_APPLICABLE_UNPROVED,codex-primary-wave4,2026-08-15,codex-independent-wave4,2026-08-15,FINAL_TWO_REVIEWER_APPROVED
SENT-3222,52bebecfb2a435d0e7ff2efea557c5799674ded6,権限のないチャンクは、上位候補へ取得してから表示だけを隠すのではなく、検索前または検索中に候補集合から除きます。,,"NOT(AND(AND(ATOM(acl_before_exposure=true), ATOM(retrieval=true)), ATOM(authorization=true)))",NOT,general_technical_claim,UNCLASSIFIED,8.1.2 (docs/8.安全に運用する/8.1.セキュリティと権限制御.md:40); authoritative docs commit 52bebecfb2a435d0e7ff2efea557c5799674ded6,,,DEFINITION_OR_SPEC,,,,APPROPRIATE_NORMATIVE,権限のないチャンクは、上位候補へ取得してから表示だけを隠すのではなく、検索前または検索中に候補集合から除くという安全境界は、本ガイドが強制する制御として設けます。この規則の対象resourceとattributeをauthorization fixtureへ登録し、許可主体では取得・利用でき、非許可主体ではcandidate、context、answerの全段階でゼロ件になることを確認する。 適用境界では、この規則より法令、契約、組織policyが厳しい場合は厳しい統制を優先し、性能、可用性、費用を理由に対象resourceのauthorizationまたは隔離を省略しない。 負試験で境界を確かめ、統制を緩めない例外を明示できるので、APPROPRIATE_NORMATIVEです。,権限のないチャンクは、上位候補へ取得してから表示だけを隠すのではなく、検索前または検索中に候補集合から除くことを定める安全性・アクセス制御規則について、この規則の対象resourceとattributeをauthorization fixtureへ登録し、許可主体では取得・利用でき、非許可主体ではcandidate、context、answerの全段階でゼロ件になることを確認する。,権限のないチャンクは、上位候補へ取得してから表示だけを隠すのではなく、検索前または検索中に候補集合から除くことを定める安全性・アクセス制御規則の例外として、この規則より法令、契約、組織policyが厳しい場合は厳しい統制を優先し、性能、可用性、費用を理由に対象resourceのauthorizationまたは隔離を省略しない。,NOT_APPLICABLE,8.1.2 (docs/8.安全に運用する/8.1.セキュリティと権限制御.md:40); authoritative docs commit 52bebecfb2a435d0e7ff2efea557c5799674ded6 の本文を維持し、normative_criteriaとexceptionsを設計台帳へ固定する。,rag-guide-maintainers,,,,INCONCLUSIVE,NOT_APPLICABLE_UNPROVED,codex-primary-wave4,2026-08-15,codex-independent-wave4,2026-08-15,FINAL_TWO_REVIEWER_APPROVED
SENT-3227,52bebecfb2a435d0e7ff2efea557c5799674ded6,複数テナント向けRAGの認可を検証した研究でも、関連度による順位付けと閲覧の許可は別の判断であり、検索時の認可が必要だと示されています。,Securing the Agentのmultitenant RAG構成では、relevance rankingと閲覧authorizationを別判定にし、許可判定をretrieval経路で強制しています。,"AND(AND(AND(ATOM(retrieval=true), ATOM(verification=true)), ATOM(authorization=true)), ATOM(multi_tenant=true))",AND,externally_cited_claim,必要,8.1.2 (docs/8.安全に運用する/8.1.セキュリティと権限制御.md:47); authoritative docs commit 52bebecfb2a435d0e7ff2efea557c5799674ded6,SRC-120,SRC-120 https://arxiv.org/abs/2605.05287 — abstract inspected 2026-08-15; 現主張への直接locatorは未確定,EMPIRICAL_RESULT,NONE_DIRECTLY_VERIFIED,verification=true,NOT_APPLICABLE,REWRITE_REQUIRED,arxiv.orgのAbstractへの参照は台帳にありますが、verificationについて各要素と結論との直接の対応まで同時に再特定できる直接箇所が確定していません。資料の帰属範囲をSecuring the Agentのmultitenant RAG構成では、relevance rankingと閲覧authorizationを別判定にし、許可判定をretrieval経路で強制しているという限定まで狭め、候補URLの存在だけで機序や結果を補わない文へ変更します。 修正文にある主体と操作対象は保ちつつ、直接根拠を越える各要素と結論との直接の対応を落とす差分なので、REWRITE_REQUIREDと判定します。,NOT_APPLICABLE_NON_NORMATIVE,NOT_APPLICABLE_NON_NORMATIVE,UNVERIFIED,8.1.2 (docs/8.安全に運用する/8.1.セキュリティと権限制御.md:47); authoritative docs commit 52bebecfb2a435d0e7ff2efea557c5799674ded6 の現文を次の文へ置換する: Securing the Agentのmultitenant RAG構成では、relevance rankingと閲覧authorizationを別判定にし、許可判定をretrieval経路で強制しています。 再抽出した文面と分類を照合する。,rag-guide-maintainers,,,,INCONCLUSIVE,NOT_APPLICABLE_UNPROVED,codex-primary-wave4,2026-08-15,codex-independent-wave4,2026-08-15,FINAL_TWO_REVIEWER_APPROVED
SENT-3228,52bebecfb2a435d0e7ff2efea557c5799674ded6,ただし、この研究の主な実験は3テナント、300文書の合成環境です。,Securing the Agentが報告した主要実験は、3 tenantと300 documentから成るsynthetic environmentに限定されています。,"AND(ATOM(multi_tenant=true), ATOM(empirical_result=true))",AND,empirical_or_research_claim,UNCLASSIFIED,8.1.2 (docs/8.安全に運用する/8.1.セキュリティと権限制御.md:48); authoritative docs commit 52bebecfb2a435d0e7ff2efea557c5799674ded6,SRC-120,SRC-120 https://arxiv.org/abs/2605.05287 — abstract inspected 2026-08-15; 現主張への直接locatorは未確定,EMPIRICAL_RESULT,NONE_DIRECTLY_VERIFIED,empirical_result=true,NOT_APPLICABLE,REWRITE_REQUIRED,arxiv.orgのAbstractへの参照は台帳にありますが、empirical_resultについて各要素と結論との直接の対応まで同時に再特定できる直接箇所が確定していません。Securing the Agentが報告した主要実験は、3 tenantと300 documentから成るsynthetic environmentに限定されているという範囲まで対象と条件を絞り、未確認の効果や一般化を実験結果のように読ませない文面にします。 修正文にある主体と操作対象は保ちつつ、直接根拠を越える各要素と結論との直接の対応を落とす差分なので、REWRITE_REQUIREDと判定します。,NOT_APPLICABLE_NON_NORMATIVE,NOT_APPLICABLE_NON_NORMATIVE,UNVERIFIED,8.1.2 (docs/8.安全に運用する/8.1.セキュリティと権限制御.md:48); authoritative docs commit 52bebecfb2a435d0e7ff2efea557c5799674ded6 の現文を次の文へ置換する: Securing the Agentが報告した主要実験は、3 tenantと300 documentから成るsynthetic environmentに限定されています。 再抽出した文面と分類を照合する。,rag-guide-maintainers,,,,INCONCLUSIVE,NOT_APPLICABLE_UNPROVED,codex-primary-wave4,2026-08-15,codex-independent-wave4,2026-08-15,FINAL_TWO_REVIEWER_APPROVED
SENT-3260,52bebecfb2a435d0e7ff2efea557c5799674ded6,情報源から、解析、チャンク、埋め込み、インデックス、検索、生成モデル、回答、記憶、ログまでの流れを図にします。,,"AND(AND(ATOM(retrieval=true), ATOM(generation=true)), ATOM(parsing=true))",AND,general_technical_claim,UNCLASSIFIED,8.2.1 (docs/8.安全に運用する/8.2.プライバシーと機密情報.md:9); authoritative docs commit 52bebecfb2a435d0e7ff2efea557c5799674ded6,,,DEFINITION_OR_SPEC,,,,APPROPRIATE_NORMATIVE,情報源から、解析、チャンク、埋め込み、インデックス、検索、生成モデル、回答、記憶、ログまでの流れを図にするという運用要件は、実行時の判断を担当者ごとにぶらさないためのローカル規則です。lineage図にsource、parser、chunker、embedding、index、retriever、generation model、answer、memory、logを表示し、各矢印のdata IDとversion fieldを本文schemaへ対応付ける。 適用境界では、対象systemにmemoryまたはtoolがない場合は図から省略できるが、未実装であることを注記し、存在する経路を省略しない。 実装結果と例外発生時の扱いを個別に検査できるため、APPROPRIATE_NORMATIVEです。,lineage図にsource、parser、chunker、embedding、index、retriever、generation model、answer、memory、logを表示し、各矢印のdata IDとversion fieldを本文schemaへ対応付ける。,対象systemにmemoryまたはtoolがない場合は図から省略できるが、未実装であることを注記し、存在する経路を省略しない。,NOT_APPLICABLE,8.2.1 (docs/8.安全に運用する/8.2.プライバシーと機密情報.md:9); authoritative docs commit 52bebecfb2a435d0e7ff2efea557c5799674ded6 の本文を維持し、normative_criteriaとexceptionsを設計台帳へ固定する。,rag-guide-maintainers,,,,INCONCLUSIVE,NOT_APPLICABLE_UNPROVED,codex-primary-wave4,2026-08-15,codex-independent-wave4,2026-08-15,FINAL_TWO_REVIEWER_APPROVED
SENT-3263,52bebecfb2a435d0e7ff2efea557c5799674ded6,同じ情報でも、原文の保存、埋め込みへの変換、外部サービスへの送信、画面表示では許可条件が異なります。,原文保存、embedding送信、外部API送信、画面表示の各段階に別のpermissionを定義し、前段の許可を後段へ自動継承しません。,NL_PROPOSITION(同じ情報でも、原文の保存、埋め込みへの変換、外部サービスへの送信、画面表示では許可条件が異なります。),UNFORMALIZED,general_technical_claim,UNCLASSIFIED,8.2.1 (docs/8.安全に運用する/8.2.プライバシーと機密情報.md:14); authoritative docs commit 52bebecfb2a435d0e7ff2efea557c5799674ded6,,,DEFINITION_OR_SPEC,,UNFORMALIZED_NATURAL_LANGUAGE_CLAIM,NOT_APPLICABLE,REWRITE_REQUIRED,「原文保存」の検討では、未確定の関係が表す設計意図を、入力・処理・結果が追える形に限定します。「原文保存」の証拠境界として、未確認なのはUNFORMALIZED_NATURAL_LANGUAGE_CLAIMを結ぶ未確定の関係であり、修正文はその外挿を避けています。原文保存、embedding送信、外部API送信、画面表示の各段階に別のpermissionを定義し、前段の許可を後段へ自動継承しません。 修正文が具体化する対象は「原文保存」です。「原文保存」の採否について、未確定の関係に対するこの限定なら主体と対象を保てるので、削除ではなくREWRITE_REQUIREDです。,NOT_APPLICABLE_NON_NORMATIVE,NOT_APPLICABLE_NON_NORMATIVE,NOT_APPLICABLE,8.2.1 (docs/8.安全に運用する/8.2.プライバシーと機密情報.md:14); authoritative docs commit 52bebecfb2a435d0e7ff2efea557c5799674ded6 の現文を次の文へ置換する: 原文保存、embedding送信、外部API送信、画面表示の各段階に別のpermissionを定義し、前段の許可を後段へ自動継承しません。 再抽出した文面と分類を照合する。,rag-guide-maintainers,,,,INCONCLUSIVE,NOT_APPLICABLE_UNPROVED,codex-primary-wave4,2026-08-15,codex-independent-wave4,2026-08-15,FINAL_TWO_REVIEWER_APPROVED
SENT-3269,52bebecfb2a435d0e7ff2efea557c5799674ded6,言語モデルから学習データを抽出した研究は、検索インデックスとは別に、生成モデルが学習文を記憶して漏らす危険を示しています。,Extracting Training Data from Large Language Modelsは、GPT-2からtraining textを抽出した実験により、retrieval indexとは別にgeneration modelの記憶が漏えい経路になり得ることを示しています。,"AND(AND(AND(ATOM(retrieval=true), ATOM(generation=true)), ATOM(training_data_extraction=true)), ATOM(risk=true))",AND,externally_cited_claim,UNCLASSIFIED,8.2.1 (docs/8.安全に運用する/8.2.プライバシーと機密情報.md:23); authoritative docs commit 52bebecfb2a435d0e7ff2efea557c5799674ded6,SRC-123,SRC-123 https://www.usenix.org/conference/usenixsecurity21/presentation/carlini-extracting — primary_page inspected 2026-08-15; 現主張への直接locatorは未確定,EMPIRICAL_RESULT,NONE_DIRECTLY_VERIFIED,retrieval=true;risk=true,NOT_APPLICABLE,REWRITE_REQUIRED,usenix.orgの一次資料ページへの参照は台帳にありますが、retrieval、riskについて各要素と結論との直接の対応まで同時に再特定できる直接箇所が確定していません。資料の帰属範囲をExtracting Training Data from Large Language Modelsは、GPT-2からtraining textを抽出した実験により、retrieval indexとは別にgeneration modelの記憶が漏えい経路になり得ることを示しているという限定まで狭め、候補URLの存在だけで機序や結果を補わない文へ変更します。 修正文にある主体と操作対象は保ちつつ、直接根拠を越える各要素と結論との直接の対応を落とす差分なので、REWRITE_REQUIREDと判定します。,NOT_APPLICABLE_NON_NORMATIVE,NOT_APPLICABLE_NON_NORMATIVE,UNVERIFIED,8.2.1 (docs/8.安全に運用する/8.2.プライバシーと機密情報.md:23); authoritative docs commit 52bebecfb2a435d0e7ff2efea557c5799674ded6 の現文を次の文へ置換する: Extracting Training Data from Large Language Modelsは、GPT-2からtraining textを抽出した実験により、retrieval indexとは別にgeneration modelの記憶が漏えい経路になり得ることを示しています。 再抽出した文面と分類を照合する。,rag-guide-maintainers,,,,INCONCLUSIVE,NOT_APPLICABLE_UNPROVED,codex-primary-wave4,2026-08-15,codex-independent-wave4,2026-08-15,FINAL_TWO_REVIEWER_APPROVED
SENT-3270,52bebecfb2a435d0e7ff2efea557c5799674ded6,この研究はGPT-2を対象とした非標的型の攻撃であり、現在のRAG全般の漏えい率を示すものではありません。,Extracting Training Data from Large Language Modelsの結果は、GPT-2へのnon-targeted extraction attackを対象としており、現在のRAG system全般の漏えい率を表すものではありません。,NOT(ATOM(security=true)),NOT,empirical_or_research_claim,UNCLASSIFIED,8.2.1 (docs/8.安全に運用する/8.2.プライバシーと機密情報.md:24); authoritative docs commit 52bebecfb2a435d0e7ff2efea557c5799674ded6,SRC-123,SRC-123 https://www.usenix.org/conference/usenixsecurity21/presentation/carlini-extracting — primary_page inspected 2026-08-15; 現主張への直接locatorは未確定,EMPIRICAL_RESULT,NONE_DIRECTLY_VERIFIED,security=true,NOT,REWRITE_REQUIRED,usenix.orgの一次資料ページへの参照は台帳にありますが、securityについて否定関係まで同時に再特定できる直接箇所が確定していません。Extracting Training Data from Large Language Modelsの結果は、GPT-2へのnon-targeted extraction attackを対象としており、現在のRAG system全般の漏えい率を表すものではないという範囲まで対象と条件を絞り、未確認の効果や一般化を実験結果のように読ませない文面にします。 修正文にある主体と操作対象は保ちつつ、直接根拠を越える否定関係を落とす差分なので、REWRITE_REQUIREDと判定します。,NOT_APPLICABLE_NON_NORMATIVE,NOT_APPLICABLE_NON_NORMATIVE,UNVERIFIED,8.2.1 (docs/8.安全に運用する/8.2.プライバシーと機密情報.md:24); authoritative docs commit 52bebecfb2a435d0e7ff2efea557c5799674ded6 の現文を次の文へ置換する: Extracting Training Data from Large Language Modelsの結果は、GPT-2へのnon-targeted extraction attackを対象としており、現在のRAG system全般の漏えい率を表すものではありません。 再抽出した文面と分類を照合する。,rag-guide-maintainers,,,,INCONCLUSIVE,NOT_APPLICABLE_UNPROVED,codex-primary-wave4,2026-08-15,codex-independent-wave4,2026-08-15,FINAL_TWO_REVIEWER_APPROVED
SENT-3275,52bebecfb2a435d0e7ff2efea557c5799674ded6,RAGの目的に必要な文書、項目、期間だけを取り込み、認証情報や不要な個人情報をチャンクと埋め込みへ含めません。,,NOT(ATOM(privacy=true)),NOT,general_technical_claim,必要,8.2.2 (docs/8.安全に運用する/8.2.プライバシーと機密情報.md:33); authoritative docs commit 52bebecfb2a435d0e7ff2efea557c5799674ded6,,,DEFINITION_OR_SPEC,,,,APPROPRIATE_NORMATIVE,RAGの目的に必要な文書、項目、期間だけを取り込み、認証情報や不要な個人情報をチャンクと埋め込みへ含めないという安全境界は、本ガイドが強制する制御として設けます。この規則の対象resourceとattributeをauthorization fixtureへ登録し、許可主体では取得・利用でき、非許可主体ではcandidate、context、answerの全段階でゼロ件になることを確認する。 適用境界では、この規則より法令、契約、組織policyが厳しい場合は厳しい統制を優先し、性能、可用性、費用を理由に対象resourceのauthorizationまたは隔離を省略しない。 負試験で境界を確かめ、統制を緩めない例外を明示できるので、APPROPRIATE_NORMATIVEです。,RAGの目的に必要な文書、項目、期間だけを取り込み、認証情報や不要な個人情報をチャンクと埋め込みへ含めないことを定める安全性・アクセス制御規則について、この規則の対象resourceとattributeをauthorization fixtureへ登録し、許可主体では取得・利用でき、非許可主体ではcandidate、context、answerの全段階でゼロ件になることを確認する。,RAGの目的に必要な文書、項目、期間だけを取り込み、認証情報や不要な個人情報をチャンクと埋め込みへ含めないことを定める安全性・アクセス制御規則の例外として、この規則より法令、契約、組織policyが厳しい場合は厳しい統制を優先し、性能、可用性、費用を理由に対象resourceのauthorizationまたは隔離を省略しない。,NOT_APPLICABLE,8.2.2 (docs/8.安全に運用する/8.2.プライバシーと機密情報.md:33); authoritative docs commit 52bebecfb2a435d0e7ff2efea557c5799674ded6 の本文を維持し、normative_criteriaとexceptionsを設計台帳へ固定する。,rag-guide-maintainers,,,,INCONCLUSIVE,NOT_APPLICABLE_UNPROVED,codex-primary-wave4,2026-08-15,codex-independent-wave4,2026-08-15,FINAL_TWO_REVIEWER_APPROVED
SENT-3282,52bebecfb2a435d0e7ff2efea557c5799674ded6,元に戻せない除去は分析用途に向き、対応表を使って復元できるトークン置換は業務照合に使えます。,不可逆削除は分析用datasetに限定し、業務照合が必要な値は承認済み対応表によるtoken置換で仮名化します。,NOT(ATOM(verification=true)),NOT,general_technical_claim,できる,8.2.2 (docs/8.安全に運用する/8.2.プライバシーと機密情報.md:44); authoritative docs commit 52bebecfb2a435d0e7ff2efea557c5799674ded6,,,DEFINITION_OR_SPEC,,verification=true,NOT,REWRITE_REQUIRED,「不可逆削除は分析用datasetに限定し」の検討では、verification=trueから採用可能な手順を残し、証明されていない一般化を切り離しました。「不可逆削除は分析用datasetに限定し」の証拠境界として、verification=trueをめぐる否定関係には確定locatorがなく、本文の主語と適用先を局所化しました。不可逆削除は分析用datasetに限定し、業務照合が必要な値は承認済み対応表によるtoken置換で仮名化します。 修正文が具体化する対象は「不可逆削除は分析用datasetに限定し」です。「不可逆削除は分析用datasetに限定し」の採否について、否定関係を維持できない一方で教材上の操作は残るため、REWRITE_REQUIREDとします。,NOT_APPLICABLE_NON_NORMATIVE,NOT_APPLICABLE_NON_NORMATIVE,NOT_APPLICABLE,8.2.2 (docs/8.安全に運用する/8.2.プライバシーと機密情報.md:44); authoritative docs commit 52bebecfb2a435d0e7ff2efea557c5799674ded6 の現文を次の文へ置換する: 不可逆削除は分析用datasetに限定し、業務照合が必要な値は承認済み対応表によるtoken置換で仮名化します。 再抽出した文面と分類を照合する。,rag-guide-maintainers,,,,INCONCLUSIVE,NOT_APPLICABLE_UNPROVED,codex-primary-wave4,2026-08-15,codex-independent-wave4,2026-08-15,FINAL_TWO_REVIEWER_APPROVED
SENT-3297,52bebecfb2a435d0e7ff2efea557c5799674ded6,本番ログを正解付き評価データやモデル改善へ転用する場合は、利用目的、法的根拠、除去手順を再確認します。,,"IMP(AND(ATOM(evaluation=true), ATOM(empirical_result=true)), ATOM(evidence_support=true))",IMPLIES,empirical_or_research_claim,UNCLASSIFIED,8.2.4 (docs/8.安全に運用する/8.2.プライバシーと機密情報.md:70); authoritative docs commit 52bebecfb2a435d0e7ff2efea557c5799674ded6,,,DEFINITION_OR_SPEC,,,,APPROPRIATE_NORMATIVE,本番ログを正解付き評価データやモデル改善へ転用する場合は、利用目的、法的根拠、除去手順を再確認するという採否判断は、比較対象と合格条件を実行結果で識別するために置きます。本番logを評価datasetまたはmodel改善へ転用する前に、利用目的、対象data、法的根拠、保持期間、削除手順、access ownerをprocessing registerへ記録し、承認状態をdataset versionへ結び付けます。 さらに、法令、契約、同意または組織policyが二次利用を認めないlogは、仮名化できても転用せず、許可された目的の保存・削除手順だけを適用します。 この扱いを例外として記録します。 同じ条件での比較と採用しない条件を両方記録できるため、APPROPRIATE_NORMATIVEです。,本番logを評価datasetまたはmodel改善へ転用する前に、利用目的、対象data、法的根拠、保持期間、削除手順、access ownerをprocessing registerへ記録し、承認状態をdataset versionへ結び付けます。,法令、契約、同意または組織policyが二次利用を認めないlogは、仮名化できても転用せず、許可された目的の保存・削除手順だけを適用します。,NOT_APPLICABLE,8.2.4 (docs/8.安全に運用する/8.2.プライバシーと機密情報.md:70); authoritative docs commit 52bebecfb2a435d0e7ff2efea557c5799674ded6 の本文を維持し、normative_criteriaとexceptionsを設計台帳へ固定する。,rag-guide-maintainers,,,,INCONCLUSIVE,NOT_APPLICABLE_UNPROVED,codex-primary-wave4,2026-08-15,codex-independent-wave4,2026-08-15,FINAL_TWO_REVIEWER_APPROVED
SENT-3299,52bebecfb2a435d0e7ff2efea557c5799674ded6,情報源を削除するときは、元ファイルだけでなく、チャンク、埋め込み、インデックス、キャッシュ、記憶、ログ、バックアップへ変更を伝えます。,,NL_PROPOSITION(情報源を削除するときは、元ファイルだけでなく、チャンク、埋め込み、インデックス、キャッシュ、記憶、ログ、バックアップへ変更を伝えます。),UNFORMALIZED,general_technical_claim,UNCLASSIFIED,8.2.4 (docs/8.安全に運用する/8.2.プライバシーと機密情報.md:73); authoritative docs commit 52bebecfb2a435d0e7ff2efea557c5799674ded6,,,DEFINITION_OR_SPEC,,,,APPROPRIATE_NORMATIVE,情報源を削除するときは、元ファイルだけでなく、チャンク、埋め込み、インデックス、キャッシュ、記憶、ログ、バックアップへ変更を伝えるという運用要件は、実行時の判断を担当者ごとにぶらさないためのローカル規則です。source削除eventからfile、chunk、vector、index entry、cache、memory、log、backupの各artifact IDを列挙し、定めた期限後に検索・復元できないことを削除試験で確認する。 さらに、法定保存対象のlog/backupは隔離保管へ移せるが、通常検索と生成contextから除外し、保存根拠と消去期限を記録する。 この扱いを例外として記録します。 実装結果と例外発生時の扱いを個別に検査できるため、APPROPRIATE_NORMATIVEです。,source削除eventからfile、chunk、vector、index entry、cache、memory、log、backupの各artifact IDを列挙し、定めた期限後に検索・復元できないことを削除試験で確認する。,法定保存対象のlog/backupは隔離保管へ移せるが、通常検索と生成contextから除外し、保存根拠と消去期限を記録する。,NOT_APPLICABLE,8.2.4 (docs/8.安全に運用する/8.2.プライバシーと機密情報.md:73); authoritative docs commit 52bebecfb2a435d0e7ff2efea557c5799674ded6 の本文を維持し、normative_criteriaとexceptionsを設計台帳へ固定する。,rag-guide-maintainers,,,,INCONCLUSIVE,NOT_APPLICABLE_UNPROVED,codex-primary-wave4,2026-08-15,codex-independent-wave4,2026-08-15,FINAL_TWO_REVIEWER_APPROVED
SENT-3307,52bebecfb2a435d0e7ff2efea557c5799674ded6,差分プライバシーを用いた深層学習は形式的なプライバシー保証を提供しますが、RAGの検索から回答までへ単純に適用できるわけではありません。,Deep Learning with Differential Privacyが与える形式的保証は同研究のtraining algorithmとprivacy accountingに対するものであり、RAGのretrievalからanswerまでを自動的に保証しません。,"NOT(AND(AND(AND(ATOM(retrieval=true), ATOM(generation=true)), ATOM(privacy=true)), ATOM(differential_privacy=true)))",NOT,externally_cited_claim,できる,8.2.5 (docs/8.安全に運用する/8.2.プライバシーと機密情報.md:87); authoritative docs commit 52bebecfb2a435d0e7ff2efea557c5799674ded6,SRC-125,SRC-125 https://arxiv.org/abs/1607.00133 — abstract inspected 2026-08-15; 現主張への直接locatorは未確定,LIMITATION,NONE_DIRECTLY_VERIFIED,generation=true,NOT,REWRITE_REQUIRED,arxiv.orgのAbstractへの参照は台帳にありますが、generationについて否定関係まで同時に再特定できる直接箇所が確定していません。資料の帰属範囲をDeep Learning with Differential Privacyが与える形式的保証は同研究のtraining algorithmとprivacy accountingに対するものであり、RAGのretrievalからanswerまでを自動的に保証しないという限定まで狭め、候補URLの存在だけで機序や結果を補わない文へ変更します。 修正文にある主体と操作対象は保ちつつ、直接根拠を越える否定関係を落とす差分なので、REWRITE_REQUIREDと判定します。,NOT_APPLICABLE_NON_NORMATIVE,NOT_APPLICABLE_NON_NORMATIVE,UNVERIFIED,8.2.5 (docs/8.安全に運用する/8.2.プライバシーと機密情報.md:87); authoritative docs commit 52bebecfb2a435d0e7ff2efea557c5799674ded6 の現文を次の文へ置換する: Deep Learning with Differential Privacyが与える形式的保証は同研究のtraining algorithmとprivacy accountingに対するものであり、RAGのretrievalからanswerまでを自動的に保証しません。 再抽出した文面と分類を照合する。,rag-guide-maintainers,,,,INCONCLUSIVE,NOT_APPLICABLE_UNPROVED,codex-primary-wave4,2026-08-15,codex-independent-wave4,2026-08-15,FINAL_TWO_REVIEWER_APPROVED
SENT-3317,52bebecfb2a435d0e7ff2efea557c5799674ded6,取得文書やツール結果に命令を埋める攻撃は、間接プロンプトインジェクションです。,,"AND(AND(AND(AND(ATOM(retrieval=true), ATOM(security=true)), ATOM(prompt_injection=true)), ATOM(tool_use=true)), ATOM(empirical_result=true))",AND,general_technical_claim,UNCLASSIFIED,8.3.1 (docs/8.安全に運用する/8.3.Prompt injection・data poisoning対策.md:11); authoritative docs commit 52bebecfb2a435d0e7ff2efea557c5799674ded6,SRC-096,"https://arxiv.org/abs/2302.12173, Abstract, lines 16–19 (prompts injected into external/retrieved data; indirect prompt injection)",DEFINITION_OR_SPEC,tool_use=true,,,APPROPRIATE_SUPPORTED,主張自体は原著Abstractに直接支持されるが、文は研究者の経験的結論ではなく攻撃類型の記述なので、source roleをAUTHOR_CLAIMからDEFINITION_OR_SPECへ修正する。,NOT_APPLICABLE_NON_NORMATIVE,NOT_APPLICABLE_NON_NORMATIVE,SOURCE_ASSERTED,8.3.1 (docs/8.安全に運用する/8.3.Prompt injection・data poisoning対策.md:11); authoritative docs commit 52bebecfb2a435d0e7ff2efea557c5799674ded6 の本文を維持し、確定した一次資料locator・主張役割・外的真偽境界を台帳へ固定する。,rag-guide-maintainers,,,,INCONCLUSIVE,NOT_APPLICABLE_UNPROVED,codex-primary-wave4,2026-08-15,codex-independent-wave4,2026-08-15,FINAL_TWO_REVIEWER_APPROVED
SENT-3321,52bebecfb2a435d0e7ff2efea557c5799674ded6,間接プロンプトインジェクションの研究とPoisonedRAGの脅威モデルを参考に、攻撃入口、必要権限、影響先を整理します。,間接プロンプトインジェクションと検索コーパス汚染について、攻撃入口、必要権限、影響先を整理します。,"AND(AND(ATOM(authorization=true), ATOM(security=true)), ATOM(prompt_injection=true))",AND,externally_cited_claim,必要,8.3.1 (docs/8.安全に運用する/8.3.Prompt injection・data poisoning対策.md:17); authoritative docs commit 52bebecfb2a435d0e7ff2efea557c5799674ded6,,,DEFINITION_OR_SPEC,,,,APPROPRIATE_NORMATIVE,脅威整理の対象は、文書内命令などの間接注入と、poisoned metadataなどの検索コーパス汚染です。各攻撃について入口、攻撃者に必要な権限、影響を受けるretrieval・generation・tool経路を記録し、fixtureで命令不実行、evidence隔離、警告記録を確認します。参照研究の内容を事実認定せずローカルな脅威分析手順へ限定するため、APPROPRIATE_NORMATIVEです。,文書内命令、poisoned metadata、許可外tool argumentの各attack fixtureについて、攻撃入口、必要権限、影響先をthreat registerへ記録し、命令不実行、evidence隔離、警告記録がすべて成立することを確認する。,法令、契約、組織policyがより厳しい隔離を求める場合はその統制を優先し、性能、可用性、費用を理由に対象fixtureのauthorization試験または隔離確認を省略しない。,NOT_APPLICABLE,8.3.1 (docs/8.安全に運用する/8.3.Prompt injection・data poisoning対策.md:17); authoritative docs commit 52bebecfb2a435d0e7ff2efea557c5799674ded6 の現文を次の文へ置換する: 間接プロンプトインジェクションと検索コーパス汚染について、攻撃入口、必要権限、影響先を整理します。 再抽出した文面と分類を照合する。,rag-guide-maintainers,,,,INCONCLUSIVE,NOT_APPLICABLE_UNPROVED,codex-primary-wave4,2026-08-15,codex-independent-wave4,2026-08-15,FINAL_TWO_REVIEWER_APPROVED
SENT-3322,52bebecfb2a435d0e7ff2efea557c5799674ded6,LLM組み込みサービスへの直接攻撃を調べた研究は、対象サービスの文脈に合わせて入力を変える攻撃が、調査した36サービスのうち31サービスで少なくとも一種類成功したと報告しています。,Prompt Injection attack against LLM-integrated Applicationsは、調査対象36 serviceに文脈適応型attackを試し、31 serviceで少なくとも一種類が成功したと報告しています。,"AND(ATOM(security=true), ATOM(empirical_result=true))",AND,externally_cited_claim,UNCLASSIFIED,8.3.1 (docs/8.安全に運用する/8.3.Prompt injection・data poisoning対策.md:18); authoritative docs commit 52bebecfb2a435d0e7ff2efea557c5799674ded6,SRC-126,SRC-126 https://arxiv.org/abs/2306.05499 — abstract inspected 2026-08-15; 現主張への直接locatorは未確定,EMPIRICAL_RESULT,NONE_DIRECTLY_VERIFIED,empirical_result=true,NOT_APPLICABLE,REWRITE_REQUIRED,arxiv.orgのAbstractへの参照は台帳にありますが、empirical_resultについて各要素と結論との直接の対応まで同時に再特定できる直接箇所が確定していません。資料の帰属範囲をPrompt Injection attack against LLM-integrated Applicationsは、調査対象36 serviceに文脈適応型attackを試し、31 serviceで少なくとも一種類が成功したと報告しているという限定まで狭め、候補URLの存在だけで機序や結果を補わない文へ変更します。 修正文にある主体と操作対象は保ちつつ、直接根拠を越える各要素と結論との直接の対応を落とす差分なので、REWRITE_REQUIREDと判定します。,NOT_APPLICABLE_NON_NORMATIVE,NOT_APPLICABLE_NON_NORMATIVE,UNVERIFIED,8.3.1 (docs/8.安全に運用する/8.3.Prompt injection・data poisoning対策.md:18); authoritative docs commit 52bebecfb2a435d0e7ff2efea557c5799674ded6 の現文を次の文へ置換する: Prompt Injection attack against LLM-integrated Applicationsは、調査対象36 serviceに文脈適応型attackを試し、31 serviceで少なくとも一種類が成功したと報告しています。 再抽出した文面と分類を照合する。,rag-guide-maintainers,,,,INCONCLUSIVE,NOT_APPLICABLE_UNPROVED,codex-primary-wave4,2026-08-15,codex-independent-wave4,2026-08-15,FINAL_TWO_REVIEWER_APPROVED
SENT-3325,52bebecfb2a435d0e7ff2efea557c5799674ded6,情報源、接続処理、解析器とOCR、メタデータ、埋め込み、検索器、コンテキスト、会話記憶、ツールを通じて攻撃が連鎖します。,,"AND(AND(AND(ATOM(retrieval=true), ATOM(security=true)), ATOM(tool_use=true)), ATOM(parsing=true))",AND,general_technical_claim,UNCLASSIFIED,8.3.1 (docs/8.安全に運用する/8.3.Prompt injection・data poisoning対策.md:22); authoritative docs commit 52bebecfb2a435d0e7ff2efea557c5799674ded6,,,DEFINITION_OR_SPEC,,,,APPROPRIATE_NORMATIVE,情報源、接続処理、解析器とOCR、メタデータ、埋め込み、検索器、コンテキスト、会話記憶、ツールを通じて攻撃が連鎖するという安全境界は、本ガイドが強制する制御として設けます。この規則の各controlを、文書内命令、poisoned metadata、許可外tool argumentを含むattack fixtureへ適用し、命令不実行、evidence隔離、警告記録がすべて成立することを確認する。 適用境界では、この規則より法令、契約、組織policyが厳しい場合は厳しい統制を優先し、性能、可用性、費用を理由に対象resourceのauthorizationまたは隔離を省略しない。 負試験で境界を確かめ、統制を緩めない例外を明示できるので、APPROPRIATE_NORMATIVEです。,情報源、接続処理、解析器とOCR、メタデータ、埋め込み、検索器、コンテキスト、会話記憶、ツールを通じて攻撃が連鎖することを定める安全性・アクセス制御規則について、この規則の各controlを、文書内命令、poisoned metadata、許可外tool argumentを含むattack fixtureへ適用し、命令不実行、evidence隔離、警告記録がすべて成立することを確認する。,情報源、接続処理、解析器とOCR、メタデータ、埋め込み、検索器、コンテキスト、会話記憶、ツールを通じて攻撃が連鎖することを定める安全性・アクセス制御規則の例外として、この規則より法令、契約、組織policyが厳しい場合は厳しい統制を優先し、性能、可用性、費用を理由に対象resourceのauthorizationまたは隔離を省略しない。,NOT_APPLICABLE,8.3.1 (docs/8.安全に運用する/8.3.Prompt injection・data poisoning対策.md:22); authoritative docs commit 52bebecfb2a435d0e7ff2efea557c5799674ded6 の本文を維持し、normative_criteriaとexceptionsを設計台帳へ固定する。,rag-guide-maintainers,,,,INCONCLUSIVE,NOT_APPLICABLE_UNPROVED,codex-primary-wave4,2026-08-15,codex-independent-wave4,2026-08-15,FINAL_TWO_REVIEWER_APPROVED
SENT-3350,52bebecfb2a435d0e7ff2efea557c5799674ded6,Instruction Hierarchyは、権限の高い命令を優先するようモデルを訓練します。,Instruction Hierarchy論文は、systemなど高権限のinstructionを低権限instructionより優先するようmodelをtrainingする方法を提案しています。,ATOM(authorization=true),ATOM,externally_cited_claim,UNCLASSIFIED,8.3.4 (docs/8.安全に運用する/8.3.Prompt injection・data poisoning対策.md:65); authoritative docs commit 52bebecfb2a435d0e7ff2efea557c5799674ded6,SRC-129,SRC-129 https://arxiv.org/abs/2404.13208 — abstract inspected 2026-08-15; 現主張への直接locatorは未確定,AUTHOR_CLAIM,NONE_DIRECTLY_VERIFIED,authorization=true,NOT_APPLICABLE,REWRITE_REQUIRED,arxiv.orgのAbstractへの参照は台帳にありますが、authorizationについて各要素と結論との直接の対応まで同時に再特定できる直接箇所が確定していません。資料の帰属範囲をInstruction Hierarchy論文は、systemなど高権限のinstructionを低権限instructionより優先するようmodelをtrainingする方法を提案しているという限定まで狭め、候補URLの存在だけで機序や結果を補わない文へ変更します。 修正文にある主体と操作対象は保ちつつ、直接根拠を越える各要素と結論との直接の対応を落とす差分なので、REWRITE_REQUIREDと判定します。,NOT_APPLICABLE_NON_NORMATIVE,NOT_APPLICABLE_NON_NORMATIVE,UNVERIFIED,8.3.4 (docs/8.安全に運用する/8.3.Prompt injection・data poisoning対策.md:65); authoritative docs commit 52bebecfb2a435d0e7ff2efea557c5799674ded6 の現文を次の文へ置換する: Instruction Hierarchy論文は、systemなど高権限のinstructionを低権限instructionより優先するようmodelをtrainingする方法を提案しています。 再抽出した文面と分類を照合する。,rag-guide-maintainers,,,,INCONCLUSIVE,NOT_APPLICABLE_UNPROVED,codex-primary-wave4,2026-08-15,codex-independent-wave4,2026-08-15,FINAL_TWO_REVIEWER_APPROVED
SENT-3357,52bebecfb2a435d0e7ff2efea557c5799674ded6,文字の置換、多言語、不可視文字、画像、分割された命令、長い無害文中への埋め込みなど、表現を変えます。,prompt injection試験は文字置換、多言語、不可視文字、画像、分割命令、長文埋め込みの変種を別caseとして実行します。,NL_PROPOSITION(文字の置換、多言語、不可視文字、画像、分割された命令、長い無害文中への埋め込みなど、表現を変えます。),UNFORMALIZED,general_technical_claim,UNCLASSIFIED,8.3.4 (docs/8.安全に運用する/8.3.Prompt injection・data poisoning対策.md:75); authoritative docs commit 52bebecfb2a435d0e7ff2efea557c5799674ded6,,,DEFINITION_OR_SPEC,,UNFORMALIZED_NATURAL_LANGUAGE_CLAIM,NOT_APPLICABLE,REWRITE_REQUIRED,「prompt injection試験は文字置換」の検討では、UNFORMALIZED_NATURAL_LANGUAGE_CLAIMに関して本文へ残す内容を、実行または記録で確認できる範囲まで絞りました。「prompt injection試験は文字置換」の証拠境界として、直接locatorがないため、UNFORMALIZED_NATURAL_LANGUAGE_CLAIMに関する未確定の関係を外部事実として採用しません。prompt injection試験は文字置換、多言語、不可視文字、画像、分割命令、長文埋め込みの変種を別caseとして実行します。 修正文が具体化する対象は「prompt injection試験は文字置換」です。「prompt injection試験は文字置換」の採否について、未確定の関係を局所条件として読める文面にし、教材価値と証拠整合を両立させます。,NOT_APPLICABLE_NON_NORMATIVE,NOT_APPLICABLE_NON_NORMATIVE,NOT_APPLICABLE,8.3.4 (docs/8.安全に運用する/8.3.Prompt injection・data poisoning対策.md:75); authoritative docs commit 52bebecfb2a435d0e7ff2efea557c5799674ded6 の現文を次の文へ置換する: prompt injection試験は文字置換、多言語、不可視文字、画像、分割命令、長文埋め込みの変種を別caseとして実行します。 再抽出した文面と分類を照合する。,rag-guide-maintainers,,,,INCONCLUSIVE,NOT_APPLICABLE_UNPROVED,codex-primary-wave4,2026-08-15,codex-independent-wave4,2026-08-15,FINAL_TWO_REVIEWER_APPROVED
SENT-3363,52bebecfb2a435d0e7ff2efea557c5799674ded6,疑わしい情報源とチャンクを隔離し、トレースから、それを取得した質問、生成した回答、実行したツールを特定します。,,"AND(AND(ATOM(retrieval=true), ATOM(generation=true)), ATOM(tool_use=true))",AND,general_technical_claim,UNCLASSIFIED,8.3.5 (docs/8.安全に運用する/8.3.Prompt injection・data poisoning対策.md:86); authoritative docs commit 52bebecfb2a435d0e7ff2efea557c5799674ded6,,,DEFINITION_OR_SPEC,,,,APPROPRIATE_NORMATIVE,疑わしい情報源とチャンクを隔離し、トレースから、それを取得した質問、生成した回答、実行したツールを特定するという安全境界は、本ガイドが強制する制御として設けます。この規則の対象resourceとattributeをauthorization fixtureへ登録し、許可主体では取得・利用でき、非許可主体ではcandidate、context、answerの全段階でゼロ件になることを確認する。 適用境界では、この規則より法令、契約、組織policyが厳しい場合は厳しい統制を優先し、性能、可用性、費用を理由に対象resourceのauthorizationまたは隔離を省略しない。 負試験で境界を確かめ、統制を緩めない例外を明示できるので、APPROPRIATE_NORMATIVEです。,疑わしい情報源とチャンクを隔離し、トレースから、それを取得した質問、生成した回答、実行したツールを特定することを定める安全性・アクセス制御規則について、この規則の対象resourceとattributeをauthorization fixtureへ登録し、許可主体では取得・利用でき、非許可主体ではcandidate、context、answerの全段階でゼロ件になることを確認する。,疑わしい情報源とチャンクを隔離し、トレースから、それを取得した質問、生成した回答、実行したツールを特定することを定める安全性・アクセス制御規則の例外として、この規則より法令、契約、組織policyが厳しい場合は厳しい統制を優先し、性能、可用性、費用を理由に対象resourceのauthorizationまたは隔離を省略しない。,NOT_APPLICABLE,8.3.5 (docs/8.安全に運用する/8.3.Prompt injection・data poisoning対策.md:86); authoritative docs commit 52bebecfb2a435d0e7ff2efea557c5799674ded6 の本文を維持し、normative_criteriaとexceptionsを設計台帳へ固定する。,rag-guide-maintainers,,,,INCONCLUSIVE,NOT_APPLICABLE_UNPROVED,codex-primary-wave4,2026-08-15,codex-independent-wave4,2026-08-15,FINAL_TWO_REVIEWER_APPROVED
SENT-3365,52bebecfb2a435d0e7ff2efea557c5799674ded6,汚染文書から要約や会話記憶が作られている場合は、元チャンクの削除だけでなく派生成果物も消します。,,NL_PROPOSITION(汚染文書から要約や会話記憶が作られている場合は、元チャンクの削除だけでなく派生成果物も消します。),UNFORMALIZED,general_technical_claim,UNCLASSIFIED,8.3.5 (docs/8.安全に運用する/8.3.Prompt injection・data poisoning対策.md:89); authoritative docs commit 52bebecfb2a435d0e7ff2efea557c5799674ded6,,,DEFINITION_OR_SPEC,,,,APPROPRIATE_NORMATIVE,汚染文書から要約や会話記憶が作られている場合は、元チャンクの削除だけでなく派生成果物も消するという運用要件は、実行時の判断を担当者ごとにぶらさないためのローカル規則です。poisoned document IDからderived summary、conversation memory、embedding、index entryを逆引きして削除・再生成し、削除後のretrievalとanswerに汚染内容が残らないことを確認する。 さらに、他のclean sourceにも根拠を持つderived artifactはclean sourceだけで再生成して保持できるが、poisoned provenanceを残さない。 この扱いを例外として記録します。 実装結果と例外発生時の扱いを個別に検査できるため、APPROPRIATE_NORMATIVEです。,poisoned document IDからderived summary、conversation memory、embedding、index entryを逆引きして削除・再生成し、削除後のretrievalとanswerに汚染内容が残らないことを確認する。,他のclean sourceにも根拠を持つderived artifactはclean sourceだけで再生成して保持できるが、poisoned provenanceを残さない。,NOT_APPLICABLE,8.3.5 (docs/8.安全に運用する/8.3.Prompt injection・data poisoning対策.md:89); authoritative docs commit 52bebecfb2a435d0e7ff2efea557c5799674ded6 の本文を維持し、normative_criteriaとexceptionsを設計台帳へ固定する。,rag-guide-maintainers,,,,INCONCLUSIVE,NOT_APPLICABLE_UNPROVED,codex-primary-wave4,2026-08-15,codex-independent-wave4,2026-08-15,FINAL_TWO_REVIEWER_APPROVED
SENT-3377,52bebecfb2a435d0e7ff2efea557c5799674ded6,一回の要求に一意なトレースIDを付け、認証、質問変換、検索、再順位付け、配置、生成、検証、ツール実行、応答の記録をぶら下げます。,requestごとに一意のtrace_idを発行し、認証、query変換、検索、rerank、packing、生成、検証、tool実行、応答を同じIDへ結びます。,"AND(AND(AND(AND(ATOM(rerank=true), ATOM(retrieval=true)), ATOM(generation=true)), ATOM(verification=true)), ATOM(tool_use=true))",AND,general_technical_claim,UNCLASSIFIED,8.4.1 (docs/8.安全に運用する/8.4.監査とトレーサビリティ.md:17); authoritative docs commit 52bebecfb2a435d0e7ff2efea557c5799674ded6,,,DEFINITION_OR_SPEC,,rerank=true;tool_use=true;verification=true,NOT_APPLICABLE,REWRITE_REQUIRED,「requestごとに一意のtrace_idを発行し」の証拠境界として、元命題にある未確定の関係はrerank=true、tool_use=true、verification=trueの裏付けを欠くため、実装規則とは分離します。requestごとに一意のtrace_idを発行し、認証、query変換、検索、rerank、packing、生成、検証、tool実行、応答を同じIDへ結びます。 修正文が具体化する対象は「requestごとに一意のtrace_idを発行し」です。「requestごとに一意のtrace_idを発行し」の検討では、rerank=true、tool_use=true、verification=trueに関して本文へ残す内容を、実行または記録で確認できる範囲まで絞りました。「requestごとに一意のtrace_idを発行し」の採否について、未確定の関係の意味を外挿せず証拠境界を正す変更なので、判定はREWRITE_REQUIREDです。,NOT_APPLICABLE_NON_NORMATIVE,NOT_APPLICABLE_NON_NORMATIVE,NOT_APPLICABLE,8.4.1 (docs/8.安全に運用する/8.4.監査とトレーサビリティ.md:17); authoritative docs commit 52bebecfb2a435d0e7ff2efea557c5799674ded6 の現文を次の文へ置換する: requestごとに一意のtrace_idを発行し、認証、query変換、検索、rerank、packing、生成、検証、tool実行、応答を同じIDへ結びます。 再抽出した文面と分類を照合する。,rag-guide-maintainers,,,,INCONCLUSIVE,NOT_APPLICABLE_UNPROVED,codex-primary-wave4,2026-08-15,codex-independent-wave4,2026-08-15,FINAL_TWO_REVIEWER_APPROVED
SENT-3395,52bebecfb2a435d0e7ff2efea557c5799674ded6,回答を検証可能な主張へ分け、各主張を支持するチャンクと表示上の引用へ結び付けます。,,"AND(AND(AND(ATOM(generation=true), ATOM(citation=true)), ATOM(verification=true)), ATOM(evidence_support=true))",AND,general_technical_claim,可能,8.4.2 (docs/8.安全に運用する/8.4.監査とトレーサビリティ.md:48); authoritative docs commit 52bebecfb2a435d0e7ff2efea557c5799674ded6,,,DEFINITION_OR_SPEC,,,,APPROPRIATE_NORMATIVE,回答を検証可能な主張へ分け、各主張を支持するチャンクと表示上の引用へ結び付けるという運用要件は、実行時の判断を担当者ごとにぶらさないためのローカル規則です。この規則に列挙したID、version、artifactを必須schema fieldにし、任意のanswer/citationからsource document、original span、chunk、retrieval rank、configuration versionへ欠損なく到達できることを確認する。 適用境界では、対象値に個人情報または保存期限の制約がある場合は仮名化・分離保管へ置換できるが、source/version/spanを復元する承認済み対応表は保持する。 実装結果と例外発生時の扱いを個別に検査できるため、APPROPRIATE_NORMATIVEです。,回答を検証可能な主張へ分け、各主張を支持するチャンクと表示上の引用へ結び付けることを定めるローカル設計規則について、この規則に列挙したID、version、artifactを必須schema fieldにし、任意のanswer/citationからsource document、original span、chunk、retrieval rank、configuration versionへ欠損なく到達できることを確認する。,回答を検証可能な主張へ分け、各主張を支持するチャンクと表示上の引用へ結び付けることを定めるローカル設計規則の例外として、対象値に個人情報または保存期限の制約がある場合は仮名化・分離保管へ置換できるが、source/version/spanを復元する承認済み対応表は保持する。,NOT_APPLICABLE,8.4.2 (docs/8.安全に運用する/8.4.監査とトレーサビリティ.md:48); authoritative docs commit 52bebecfb2a435d0e7ff2efea557c5799674ded6 の本文を維持し、normative_criteriaとexceptionsを設計台帳へ固定する。,rag-guide-maintainers,,,,INCONCLUSIVE,NOT_APPLICABLE_UNPROVED,codex-primary-wave4,2026-08-15,codex-independent-wave4,2026-08-15,FINAL_TWO_REVIEWER_APPROVED
SENT-3401,52bebecfb2a435d0e7ff2efea557c5799674ded6,同じ質問でも、モデル、プロンプト、検知器、検索器、再順位付け器、埋め込み、解析器、チャンク分割、インデックス、認可方針が違えば結果は変わります。,再現性を判定するときは、モデル、プロンプト、検知器、検索器、再順位付け器、埋め込み、解析器、チャンク分割、インデックス、認可方針を構成版として固定し、いずれかが異なる実行を同一条件とみなしません。,"AND(AND(AND(AND(AND(ATOM(rerank=true), ATOM(chunking=true)), ATOM(retrieval=true)), ATOM(authorization=true)), ATOM(parsing=true)), ATOM(empirical_result=true))",AND,empirical_or_research_claim,UNCLASSIFIED,8.4.3 (docs/8.安全に運用する/8.4.監査とトレーサビリティ.md:59); authoritative docs commit 52bebecfb2a435d0e7ff2efea557c5799674ded6,,,DEFINITION_OR_SPEC,,,,APPROPRIATE_NORMATIVE,再現性を判定するときは、モデル、プロンプト、検知器、検索器、再順位付け器、埋め込み、解析器、チャンク分割、インデックス、認可方針を構成版として固定し、いずれかが異なる実行を同一条件とみなさないという追跡要件は、後続工程から入力と版へ戻るための局所契約です。再現性比較では、モデル、プロンプト、検知器、検索器、再順位付け器、埋め込み、解析器、チャンク分割、インデックス、認可方針を単一の構成版へ固定し、一項目でも異なる実行を同一条件として集計しない。 さらに、緊急切替で構成差が生じた実行は別の構成版として保存し、同一条件の再現性集計から除外する。 この扱いを例外として記録します。 逆引き可能性と保存上の例外を台帳で確かめられるため、APPROPRIATE_NORMATIVEです。,再現性比較では、モデル、プロンプト、検知器、検索器、再順位付け器、埋め込み、解析器、チャンク分割、インデックス、認可方針を単一の構成版へ固定し、一項目でも異なる実行を同一条件として集計しない。,緊急切替で構成差が生じた実行は別の構成版として保存し、同一条件の再現性集計から除外する。,NOT_APPLICABLE,8.4.3 (docs/8.安全に運用する/8.4.監査とトレーサビリティ.md:59); authoritative docs commit 52bebecfb2a435d0e7ff2efea557c5799674ded6 の現文を次の文へ置換する: 再現性を判定するときは、モデル、プロンプト、検知器、検索器、再順位付け器、埋め込み、解析器、チャンク分割、インデックス、認可方針を構成版として固定し、いずれかが異なる実行を同一条件とみなしません。 再抽出した文面と分類を照合する。,rag-guide-maintainers,,,,INCONCLUSIVE,NOT_APPLICABLE_UNPROVED,codex-primary-wave4,2026-08-15,codex-independent-wave4,2026-08-15,FINAL_TWO_REVIEWER_APPROVED
SENT-3403,52bebecfb2a435d0e7ff2efea557c5799674ded6,評価報告、機能フラグ、A/Bテストの割り当て、障害時の代替先も同じIDへ結び付けます。,,"AND(AND(AND(ATOM(evaluation=true), ATOM(ab_testing=true)), ATOM(fault_tolerance=true)), ATOM(empirical_result=true))",AND,empirical_or_research_claim,UNCLASSIFIED,8.4.3 (docs/8.安全に運用する/8.4.監査とトレーサビリティ.md:62); authoritative docs commit 52bebecfb2a435d0e7ff2efea557c5799674ded6,,,DEFINITION_OR_SPEC,,,,APPROPRIATE_NORMATIVE,評価報告、機能フラグ、A/Bテストの割り当て、障害時の代替先も同じIDへ結び付けるという採否判断は、比較対象と合格条件を実行結果で識別するために置きます。release IDごとに評価報告、feature flag version、A/B assignment、障害時fallback先を登録し、任意の本番requestから当時の四項目を欠損なく逆引きできることを確認します。 適用境界では、緊急fallbackで一時IDを発行する場合は元release IDとの対応と有効期限を記録し、事後レビューで恒久versionへ統合するまで関連artifactを削除しません。 同じ条件での比較と採用しない条件を両方記録できるため、APPROPRIATE_NORMATIVEです。,release IDごとに評価報告、feature flag version、A/B assignment、障害時fallback先を登録し、任意の本番requestから当時の四項目を欠損なく逆引きできることを確認します。,緊急fallbackで一時IDを発行する場合は元release IDとの対応と有効期限を記録し、事後レビューで恒久versionへ統合するまで関連artifactを削除しません。,NOT_APPLICABLE,8.4.3 (docs/8.安全に運用する/8.4.監査とトレーサビリティ.md:62); authoritative docs commit 52bebecfb2a435d0e7ff2efea557c5799674ded6 の本文を維持し、normative_criteriaとexceptionsを設計台帳へ固定する。,rag-guide-maintainers,,,,INCONCLUSIVE,NOT_APPLICABLE_UNPROVED,codex-primary-wave4,2026-08-15,codex-independent-wave4,2026-08-15,FINAL_TWO_REVIEWER_APPROVED
SENT-3410,52bebecfb2a435d0e7ff2efea557c5799674ded6,問い合わせ対応、利用分析、モデル改善への二次利用は別の権限と目的として扱います。,,"AND(ATOM(authorization=true), ATOM(empirical_result=true))",AND,empirical_or_research_claim,UNCLASSIFIED,8.4.4 (docs/8.安全に運用する/8.4.監査とトレーサビリティ.md:74); authoritative docs commit 52bebecfb2a435d0e7ff2efea557c5799674ded6,,,DEFINITION_OR_SPEC,,,,APPROPRIATE_NORMATIVE,問い合わせ対応、利用分析、モデル改善への二次利用は別の権限と目的として扱うという安全境界は、本ガイドが強制する制御として設けます。incident response、usage analytics、model improvementを別purpose IDとpermissionへ割り当て、各purposeで許可されたfield・retentionだけが処理されることを確認する。 適用境界では、一人の担当者が複数purposeを担う場合もpurpose IDとaccess logを統合せず、当初目的の同意を二次利用へ流用しない。 負試験で境界を確かめ、統制を緩めない例外を明示できるので、APPROPRIATE_NORMATIVEです。,incident response、usage analytics、model improvementを別purpose IDとpermissionへ割り当て、各purposeで許可されたfield・retentionだけが処理されることを確認する。,一人の担当者が複数purposeを担う場合もpurpose IDとaccess logを統合せず、当初目的の同意を二次利用へ流用しない。,NOT_APPLICABLE,8.4.4 (docs/8.安全に運用する/8.4.監査とトレーサビリティ.md:74); authoritative docs commit 52bebecfb2a435d0e7ff2efea557c5799674ded6 の本文を維持し、normative_criteriaとexceptionsを設計台帳へ固定する。,rag-guide-maintainers,,,,INCONCLUSIVE,NOT_APPLICABLE_UNPROVED,codex-primary-wave4,2026-08-15,codex-independent-wave4,2026-08-15,FINAL_TWO_REVIEWER_APPROVED
SENT-3411,52bebecfb2a435d0e7ff2efea557c5799674ded6,個人情報漏えいに関する研究を踏まえ、検索本文だけでなく利用者の質問、拒否理由、ツール引数にも個人情報がある前提で除去します。,個人情報の除去対象には、検索本文、利用者の質問、拒否理由、ツール引数を含めます。,"AND(AND(ATOM(retrieval=true), ATOM(privacy=true)), ATOM(tool_use=true))",AND,externally_cited_claim,UNCLASSIFIED,8.4.4 (docs/8.安全に運用する/8.4.監査とトレーサビリティ.md:76); authoritative docs commit 52bebecfb2a435d0e7ff2efea557c5799674ded6,,,DEFINITION_OR_SPEC,,,,APPROPRIATE_NORMATIVE,PIIが現れる可能性を検索本文だけに限定すると、query、denial reason、tool argumentの送信・保存経路が検査から漏れます。本ガイドでは四つのpayloadをredactionまたはblockingの対象にし、必要な処理経路だけを承認済みpurpose、region、retentionの範囲で許可します。具体的なデータ経路を網羅する安全要件なので、APPROPRIATE_NORMATIVEです。,document text、user query、denial reason、tool argumentの各payloadにPII fixtureを入れ、送信・保存前のredactionまたはblockingとaudit logを経路別に確認する。,法令・業務上PII処理が必要な経路は承認済みpurpose、region、retentionで処理できるが、不要fieldまで保存しない。,NOT_APPLICABLE,8.4.4 (docs/8.安全に運用する/8.4.監査とトレーサビリティ.md:76); authoritative docs commit 52bebecfb2a435d0e7ff2efea557c5799674ded6 の現文を次の文へ置換する: 個人情報の除去対象には、検索本文、利用者の質問、拒否理由、ツール引数を含めます。 再抽出した文面と分類を照合する。,rag-guide-maintainers,,,,INCONCLUSIVE,NOT_APPLICABLE_UNPROVED,codex-primary-wave4,2026-08-15,codex-independent-wave4,2026-08-15,FINAL_TWO_REVIEWER_APPROVED
SENT-3421,52bebecfb2a435d0e7ff2efea557c5799674ded6,内部アルゴリズム監査の枠組みが設計から運用までを対象とするように、RAGでも設計判断、公開承認、本番記録をつなぎます。,RAGの設計判断、公開承認、本番runを同じsystem_versionとtrace_idで結び、設計から運用まで監査できるようにします。,NL_PROPOSITION(内部アルゴリズム監査の枠組みが設計から運用までを対象とするように、RAGでも設計判断、公開承認、本番記録をつなぎます。),UNFORMALIZED,externally_cited_claim,UNCLASSIFIED,8.4.5 (docs/8.安全に運用する/8.4.監査とトレーサビリティ.md:93); authoritative docs commit 52bebecfb2a435d0e7ff2efea557c5799674ded6,SRC-016,SRC-016 https://arxiv.org/abs/2001.00973 — abstract inspected 2026-08-15; 現主張への直接locatorは未確定,AUTHOR_CLAIM,NONE_DIRECTLY_VERIFIED,UNFORMALIZED_NATURAL_LANGUAGE_CLAIM,NOT_APPLICABLE,REWRITE_REQUIRED,arxiv.orgのAbstractへの参照は台帳にありますが、原文の未形式化主張について各要素と結論との直接の対応まで同時に再特定できる直接箇所が確定していません。資料の帰属範囲をRAGの設計判断、公開承認、本番runを同じsystem_versionとtrace_idで結び、設計から運用まで監査できるようにするという限定まで狭め、候補URLの存在だけで機序や結果を補わない文へ変更します。 修正文にある主体と操作対象は保ちつつ、直接根拠を越える各要素と結論との直接の対応を落とす差分なので、REWRITE_REQUIREDと判定します。,NOT_APPLICABLE_NON_NORMATIVE,NOT_APPLICABLE_NON_NORMATIVE,UNVERIFIED,8.4.5 (docs/8.安全に運用する/8.4.監査とトレーサビリティ.md:93); authoritative docs commit 52bebecfb2a435d0e7ff2efea557c5799674ded6 の現文を次の文へ置換する: RAGの設計判断、公開承認、本番runを同じsystem_versionとtrace_idで結び、設計から運用まで監査できるようにします。 再抽出した文面と分類を照合する。,rag-guide-maintainers,,,,INCONCLUSIVE,NOT_APPLICABLE_UNPROVED,codex-primary-wave4,2026-08-15,codex-independent-wave4,2026-08-15,FINAL_TWO_REVIEWER_APPROVED
SENT-3429,52bebecfb2a435d0e7ff2efea557c5799674ded6,最初のトークンまでの時間、最終回答までの時間、検索時間、ツール時間、成功率、可用性をSLIにします。,,"AND(AND(AND(ATOM(retrieval=true), ATOM(generation=true)), ATOM(temporal_freshness=true)), ATOM(tool_use=true))",AND,general_technical_claim,UNCLASSIFIED,8.5.1 (docs/8.安全に運用する/8.5.性能と可用性.md:11); authoritative docs commit 52bebecfb2a435d0e7ff2efea557c5799674ded6,,,DEFINITION_OR_SPEC,,,,APPROPRIATE_NORMATIVE,最初のトークンまでの時間、最終回答までの時間、検索時間、ツール時間、成功率、可用性をSLIにするという運用要件は、実行時の判断を担当者ごとにぶらさないためのローカル規則です。time to first token、time to final answer、retrieval time、tool time、success rate、availabilityを名称・単位・計測区間付きSLIとして定義し、同じrequest IDから算出できることを確認する。 さらに、streamingを行わないendpointはtime to first tokenをnot-applicableにできるが、time to final answerとsuccess/availabilityは省略しない。 この扱いを例外として記録します。 実装結果と例外発生時の扱いを個別に検査できるため、APPROPRIATE_NORMATIVEです。,time to first token、time to final answer、retrieval time、tool time、success rate、availabilityを名称・単位・計測区間付きSLIとして定義し、同じrequest IDから算出できることを確認する。,streamingを行わないendpointはtime to first tokenをnot-applicableにできるが、time to final answerとsuccess/availabilityは省略しない。,NOT_APPLICABLE,8.5.1 (docs/8.安全に運用する/8.5.性能と可用性.md:11); authoritative docs commit 52bebecfb2a435d0e7ff2efea557c5799674ded6 の本文を維持し、normative_criteriaとexceptionsを設計台帳へ固定する。,rag-guide-maintainers,,,,INCONCLUSIVE,NOT_APPLICABLE_UNPROVED,codex-primary-wave4,2026-08-15,codex-independent-wave4,2026-08-15,FINAL_TWO_REVIEWER_APPROVED
SENT-3431,52bebecfb2a435d0e7ff2efea557c5799674ded6,The Tail at Scaleは、多数の構成要素を組み合わせると、一部の遅い処理が全体の末尾遅延を大きくすることを示しています。,The Tail at Scaleは、多数componentから成るonline serviceを対象に、一部componentの遅延がrequest全体のtail latencyへ増幅される現象を論じています。,ATOM(scalability=true),ATOM,externally_cited_claim,UNCLASSIFIED,8.5.1 (docs/8.安全に運用する/8.5.性能と可用性.md:14); authoritative docs commit 52bebecfb2a435d0e7ff2efea557c5799674ded6,SRC-131,SRC-131 https://research.google/pubs/the-tail-at-scale/ — primary_page inspected 2026-08-15; 現主張への直接locatorは未確定,EMPIRICAL_RESULT,NONE_DIRECTLY_VERIFIED,scalability=true,NOT_APPLICABLE,REWRITE_REQUIRED,research.googleの一次資料ページへの参照は台帳にありますが、scalabilityについて各要素と結論との直接の対応まで同時に再特定できる直接箇所が確定していません。資料の帰属範囲をThe Tail at Scaleは、多数componentから成るonline serviceを対象に、一部componentの遅延がrequest全体のtail latencyへ増幅される現象を論じているという限定まで狭め、候補URLの存在だけで機序や結果を補わない文へ変更します。 修正文にある主体と操作対象は保ちつつ、直接根拠を越える各要素と結論との直接の対応を落とす差分なので、REWRITE_REQUIREDと判定します。,NOT_APPLICABLE_NON_NORMATIVE,NOT_APPLICABLE_NON_NORMATIVE,UNVERIFIED,8.5.1 (docs/8.安全に運用する/8.5.性能と可用性.md:14); authoritative docs commit 52bebecfb2a435d0e7ff2efea557c5799674ded6 の現文を次の文へ置換する: The Tail at Scaleは、多数componentから成るonline serviceを対象に、一部componentの遅延がrequest全体のtail latencyへ増幅される現象を論じています。 再抽出した文面と分類を照合する。,rag-guide-maintainers,,,,INCONCLUSIVE,NOT_APPLICABLE_UNPROVED,codex-primary-wave4,2026-08-15,codex-independent-wave4,2026-08-15,FINAL_TWO_REVIEWER_APPROVED
SENT-3434,52bebecfb2a435d0e7ff2efea557c5799674ded6,これは改善と公開速度を調整するために使い、認可や機密保護を外す根拠にはしません。,,"NOT(AND(AND(ATOM(evidence_support=true), ATOM(authorization=true)), ATOM(empirical_result=true)))",NOT,empirical_or_research_claim,UNCLASSIFIED,8.5.1 (docs/8.安全に運用する/8.5.性能と可用性.md:18); authoritative docs commit 52bebecfb2a435d0e7ff2efea557c5799674ded6,,,DEFINITION_OR_SPEC,,,,APPROPRIATE_NORMATIVE,これは改善と公開速度を調整するために使い、認可や機密保護を外す根拠にはしないという安全境界は、本ガイドが強制する制御として設けます。この規則の対象resourceとattributeをauthorization fixtureへ登録し、許可主体では取得・利用でき、非許可主体ではcandidate、context、answerの全段階でゼロ件になることを確認する。 適用境界では、この規則より法令、契約、組織policyが厳しい場合は厳しい統制を優先し、性能、可用性、費用を理由に対象resourceのauthorizationまたは隔離を省略しない。 負試験で境界を確かめ、統制を緩めない例外を明示できるので、APPROPRIATE_NORMATIVEです。,これは改善と公開速度を調整するために使い、認可や機密保護を外す根拠にはしないことを定める安全性・アクセス制御規則について、この規則の対象resourceとattributeをauthorization fixtureへ登録し、許可主体では取得・利用でき、非許可主体ではcandidate、context、answerの全段階でゼロ件になることを確認する。,これは改善と公開速度を調整するために使い、認可や機密保護を外す根拠にはしないことを定める安全性・アクセス制御規則の例外として、この規則より法令、契約、組織policyが厳しい場合は厳しい統制を優先し、性能、可用性、費用を理由に対象resourceのauthorizationまたは隔離を省略しない。,NOT_APPLICABLE,8.5.1 (docs/8.安全に運用する/8.5.性能と可用性.md:18); authoritative docs commit 52bebecfb2a435d0e7ff2efea557c5799674ded6 の本文を維持し、normative_criteriaとexceptionsを設計台帳へ固定する。,rag-guide-maintainers,,,,INCONCLUSIVE,NOT_APPLICABLE_UNPROVED,codex-primary-wave4,2026-08-15,codex-independent-wave4,2026-08-15,FINAL_TWO_REVIEWER_APPROVED
SENT-3435,52bebecfb2a435d0e7ff2efea557c5799674ded6,最終回答のSLOから、認証、質問変換、検索、再順位付け、配置、生成、検証、ツールへ時間を配分します。,,"AND(AND(AND(AND(AND(ATOM(rerank=true), ATOM(retrieval=true)), ATOM(generation=true)), ATOM(verification=true)), ATOM(temporal_freshness=true)), ATOM(tool_use=true))",AND,general_technical_claim,UNCLASSIFIED,8.5.1 (docs/8.安全に運用する/8.5.性能と可用性.md:20); authoritative docs commit 52bebecfb2a435d0e7ff2efea557c5799674ded6,,,DEFINITION_OR_SPEC,,,,APPROPRIATE_NORMATIVE,最終回答のSLOから、認証、質問変換、検索、再順位付け、配置、生成、検証、ツールへ時間を配分するという運用要件は、実行時の判断を担当者ごとにぶらさないためのローカル規則です。end-to-end latency SLOをauthentication、query transformation、retrieval、reranking、context placement、generation、validation、toolのstage budgetへ分解し、各stage時間の合計とtrace全体時間を照合する。 さらに、stageを持たない構成は該当budgetを再配分できるが、end-to-end SLOを超える配分や未計測stageを許可しない。 この扱いを例外として記録します。 実装結果と例外発生時の扱いを個別に検査できるため、APPROPRIATE_NORMATIVEです。,end-to-end latency SLOをauthentication、query transformation、retrieval、reranking、context placement、generation、validation、toolのstage budgetへ分解し、各stage時間の合計とtrace全体時間を照合する。,stageを持たない構成は該当budgetを再配分できるが、end-to-end SLOを超える配分や未計測stageを許可しない。,NOT_APPLICABLE,8.5.1 (docs/8.安全に運用する/8.5.性能と可用性.md:20); authoritative docs commit 52bebecfb2a435d0e7ff2efea557c5799674ded6 の本文を維持し、normative_criteriaとexceptionsを設計台帳へ固定する。,rag-guide-maintainers,,,,INCONCLUSIVE,NOT_APPLICABLE_UNPROVED,codex-primary-wave4,2026-08-15,codex-independent-wave4,2026-08-15,FINAL_TWO_REVIEWER_APPROVED
SENT-3443,52bebecfb2a435d0e7ff2efea557c5799674ded6,HNSWでは、グラフの接続数、構築時の探索幅、検索時の探索幅を段階的に変え、Recall、遅延、メモリを同時に比較します。,,"AND(AND(ATOM(graph_index=true), ATOM(retrieval=true)), ATOM(recall_metric=true))",AND,concrete_technology_claim,UNCLASSIFIED,8.5.2 (docs/8.安全に運用する/8.5.性能と可用性.md:34); authoritative docs commit 52bebecfb2a435d0e7ff2efea557c5799674ded6,,,DEFINITION_OR_SPEC,,,,APPROPRIATE_NORMATIVE,HNSWでは、グラフの接続数、構築時の探索幅、検索時の探索幅を段階的に変え、Recall、遅延、メモリを同時に比較するという採否判断は、比較対象と合格条件を実行結果で識別するために置きます。本文に列挙した対象・条件・指標を個別fieldへ保存し、同一runの実装結果または評価結果と一致することを確認する。 さらに、判定に必要なgold evidenceがないslice、標本不足のslice、負荷条件が異なるrunは合否集計から分離し、他sliceの平均結果を外挿しない。 この扱いを例外として記録します。 同じ条件での比較と採用しない条件を両方記録できるため、APPROPRIATE_NORMATIVEです。,HNSWでは、グラフの接続数、構築時の探索幅、検索時の探索幅を段階的に変え、Recall、遅延、メモリを同時に比較することを定める評価・採否規則について、本文に列挙した対象・条件・指標を個別fieldへ保存し、同一runの実装結果または評価結果と一致することを確認する。,HNSWでは、グラフの接続数、構築時の探索幅、検索時の探索幅を段階的に変え、Recall、遅延、メモリを同時に比較することを定める評価・採否規則の例外として、判定に必要なgold evidenceがないslice、標本不足のslice、負荷条件が異なるrunは合否集計から分離し、他sliceの平均結果を外挿しない。,NOT_APPLICABLE,8.5.2 (docs/8.安全に運用する/8.5.性能と可用性.md:34); authoritative docs commit 52bebecfb2a435d0e7ff2efea557c5799674ded6 の本文を維持し、normative_criteriaとexceptionsを設計台帳へ固定する。,rag-guide-maintainers,,,,INCONCLUSIVE,NOT_APPLICABLE_UNPROVED,codex-primary-wave4,2026-08-15,codex-independent-wave4,2026-08-15,FINAL_TWO_REVIEWER_APPROVED
SENT-3444,52bebecfb2a435d0e7ff2efea557c5799674ded6,HNSWや大規模類似検索の研究の結果は設定候補になりますが、最適値は実際のデータと負荷に依存します。,HNSWの接続数、構築時探索幅、検索時探索幅は論文値を固定採用せず、対象データと負荷でRecall、p95 latency、memoryを測って決めます。,NL_PROPOSITION(HNSWや大規模類似検索の研究の結果は設定候補になりますが、最適値は実際のデータと負荷に依存します。),UNFORMALIZED,externally_cited_claim,UNCLASSIFIED,8.5.2 (docs/8.安全に運用する/8.5.性能と可用性.md:35); authoritative docs commit 52bebecfb2a435d0e7ff2efea557c5799674ded6,SRC-047;SRC-052,SRC-047 https://arxiv.org/abs/1603.09320 — abstract inspected 2026-08-15; 現主張への直接locatorは未確定; SRC-052 https://arxiv.org/abs/1702.08734 — abstract inspected 2026-08-15; 現主張への直接locatorは未確定,EMPIRICAL_RESULT,NONE_DIRECTLY_VERIFIED,UNFORMALIZED_NATURAL_LANGUAGE_CLAIM,NOT_APPLICABLE,REWRITE_REQUIRED,arxiv.orgのAbstractへの参照は台帳にありますが、原文の未形式化主張について各要素と結論との直接の対応まで同時に再特定できる直接箇所が確定していません。資料の帰属範囲をHNSWの接続数、構築時探索幅、検索時探索幅は論文値を固定採用せず、対象データと負荷でRecall、p95 latency、memoryを測って決めるという限定まで狭め、候補URLの存在だけで機序や結果を補わない文へ変更します。 修正文にある主体と操作対象は保ちつつ、直接根拠を越える各要素と結論との直接の対応を落とす差分なので、REWRITE_REQUIREDと判定します。,NOT_APPLICABLE_NON_NORMATIVE,NOT_APPLICABLE_NON_NORMATIVE,UNVERIFIED,8.5.2 (docs/8.安全に運用する/8.5.性能と可用性.md:35); authoritative docs commit 52bebecfb2a435d0e7ff2efea557c5799674ded6 の現文を次の文へ置換する: HNSWの接続数、構築時探索幅、検索時探索幅は論文値を固定採用せず、対象データと負荷でRecall、p95 latency、memoryを測って決めます。 再抽出した文面と分類を照合する。,rag-guide-maintainers,,,,INCONCLUSIVE,NOT_APPLICABLE_UNPROVED,codex-primary-wave4,2026-08-15,codex-independent-wave4,2026-08-15,FINAL_TWO_REVIEWER_APPROVED
SENT-3447,52bebecfb2a435d0e7ff2efea557c5799674ded6,再順位付け候補数、コンテキスト長、出力長、モデル規模は、同じ全体予算を使います。,,ATOM(rerank=true),ATOM,general_technical_claim,UNCLASSIFIED,8.5.2 (docs/8.安全に運用する/8.5.性能と可用性.md:40); authoritative docs commit 52bebecfb2a435d0e7ff2efea557c5799674ded6,,,DEFINITION_OR_SPEC,,,,APPROPRIATE_NORMATIVE,再順位付け候補数、コンテキスト長、出力長、モデル規模は、同じ全体予算を使うという検索経路は、候補の収集・統合・選択を再現可能にするガイド内の決定です。rerank candidate数、context token、output token、model sizeを一つずつ変え、request当たりの総token・latency・costが共通budget以内である組合せだけを採用する。 さらに、安全性または品質guardrailに必要な一時的budget増は期限付きで承認できるが、他要素の費用を未計測のまま相殺しない。 この扱いを例外として記録します。 検索結果の合格条件と別経路へ切り替える条件が検査できるため、APPROPRIATE_NORMATIVEです。,rerank candidate数、context token、output token、model sizeを一つずつ変え、request当たりの総token・latency・costが共通budget以内である組合せだけを採用する。,安全性または品質guardrailに必要な一時的budget増は期限付きで承認できるが、他要素の費用を未計測のまま相殺しない。,NOT_APPLICABLE,8.5.2 (docs/8.安全に運用する/8.5.性能と可用性.md:40); authoritative docs commit 52bebecfb2a435d0e7ff2efea557c5799674ded6 の本文を維持し、normative_criteriaとexceptionsを設計台帳へ固定する。,rag-guide-maintainers,,,,INCONCLUSIVE,NOT_APPLICABLE_UNPROVED,codex-primary-wave4,2026-08-15,codex-independent-wave4,2026-08-15,FINAL_TWO_REVIEWER_APPROVED
SENT-3448,52bebecfb2a435d0e7ff2efea557c5799674ded6,候補を増やすと再順位付けと入力の費用が増え、圧縮を強めると必要な条件を失う可能性があります。,候補数を増やした場合のreranking・入力費用と、圧縮を強めた場合の必要条件の欠落率を同じ評価runで測定します。,"AND(AND(ATOM(rerank=true), ATOM(compression=true)), ATOM(cost=true))",AND,general_technical_claim,必要;可能,8.5.2 (docs/8.安全に運用する/8.5.性能と可用性.md:41); authoritative docs commit 52bebecfb2a435d0e7ff2efea557c5799674ded6,SRC-091;SRC-052,SRC-091 https://arxiv.org/abs/2310.05736 — abstract inspected 2026-08-15; 現主張への直接locatorは未確定; SRC-052 https://arxiv.org/abs/1702.08734 — abstract inspected 2026-08-15; 現主張への直接locatorは未確定,DEFINITION_OR_SPEC,NONE_DIRECTLY_VERIFIED,rerank=true,NOT_APPLICABLE,REWRITE_REQUIRED,arxiv.orgのAbstractへの参照は台帳にありますが、rerankについて各要素と結論との直接の対応まで同時に再特定できる直接箇所が確定していません。本文に残すのは、候補数を増やした場合のreranking・入力費用と、圧縮を強めた場合の必要条件の欠落率を同じ評価runで測定するという対象範囲です。rerankについて未確認の因果までは導きません。 修正文にある主体と操作対象は保ちつつ、直接根拠を越える各要素と結論との直接の対応を落とす差分なので、REWRITE_REQUIREDと判定します。,NOT_APPLICABLE_NON_NORMATIVE,NOT_APPLICABLE_NON_NORMATIVE,UNVERIFIED,8.5.2 (docs/8.安全に運用する/8.5.性能と可用性.md:41); authoritative docs commit 52bebecfb2a435d0e7ff2efea557c5799674ded6 の現文を次の文へ置換する: 候補数を増やした場合のreranking・入力費用と、圧縮を強めた場合の必要条件の欠落率を同じ評価runで測定します。 再抽出した文面と分類を照合する。,rag-guide-maintainers,,,,INCONCLUSIVE,NOT_APPLICABLE_UNPROVED,codex-primary-wave4,2026-08-15,codex-independent-wave4,2026-08-15,FINAL_TWO_REVIEWER_APPROVED
SENT-3452,52bebecfb2a435d0e7ff2efea557c5799674ded6,速くなったものの回答が使えず再質問が増える構成は、全体改善とはみなしません。,,"NOT(AND(ATOM(generation=true), ATOM(empirical_result=true)))",NOT,empirical_or_research_claim,UNCLASSIFIED,8.5.2 (docs/8.安全に運用する/8.5.性能と可用性.md:47); authoritative docs commit 52bebecfb2a435d0e7ff2efea557c5799674ded6,,,DEFINITION_OR_SPEC,,,,APPROPRIATE_NORMATIVE,速くなったものの回答が使えず再質問が増える構成は、全体改善とはみなさないという採否判断は、比較対象と合格条件を実行結果で識別するために置きます。高速化candidateはlatencyに加えてtask success、再質問率、abstention、human escalationを同一期間で比較し、回答利用性がbaselineより悪化した場合は全体改善と判定しない。 適用境界では、安全なabstention増加が意図した変更である場合は承認済みrisk criterionで評価できるが、再質問増加を速度改善で相殺しない。 同じ条件での比較と採用しない条件を両方記録できるため、APPROPRIATE_NORMATIVEです。,高速化candidateはlatencyに加えてtask success、再質問率、abstention、human escalationを同一期間で比較し、回答利用性がbaselineより悪化した場合は全体改善と判定しない。,安全なabstention増加が意図した変更である場合は承認済みrisk criterionで評価できるが、再質問増加を速度改善で相殺しない。,NOT_APPLICABLE,8.5.2 (docs/8.安全に運用する/8.5.性能と可用性.md:47); authoritative docs commit 52bebecfb2a435d0e7ff2efea557c5799674ded6 の本文を維持し、normative_criteriaとexceptionsを設計台帳へ固定する。,rag-guide-maintainers,,,,INCONCLUSIVE,NOT_APPLICABLE_UNPROVED,codex-primary-wave4,2026-08-15,codex-independent-wave4,2026-08-15,FINAL_TWO_REVIEWER_APPROVED
SENT-3453,52bebecfb2a435d0e7ff2efea557c5799674ded6,システム容量は、生成モデルだけでなく、ベクトルストア、外部提供者の利用上限、ツールの接続先、待ち行列のうち最も小さい能力で制約されます。,容量計画ではgeneration model、vector store、外部provider quota、tool接続先、queueの各上限を測り、最小throughputをsystem上限とします。,"AND(ATOM(generation=true), ATOM(tool_use=true))",AND,general_technical_claim,UNCLASSIFIED,8.5.3 (docs/8.安全に運用する/8.5.性能と可用性.md:51); authoritative docs commit 52bebecfb2a435d0e7ff2efea557c5799674ded6,,,DEFINITION_OR_SPEC,,tool_use=true,NOT_APPLICABLE,REWRITE_REQUIRED,「容量計画ではgeneration model」の検討では、tool_use=trueについては技術一般の性質を断定せず、構成上の扱いだけを定めます。容量計画ではgeneration model、vector store、外部provider quota、tool接続先、queueの各上限を測り、最小throughputをsystem上限とします。 修正文が具体化する対象は「容量計画ではgeneration model」です。「容量計画ではgeneration model」の証拠境界として、未確定の関係として表現されたtool_use=trueは未検証なので、本文では局所挙動だけを扱います。「容量計画ではgeneration model」の採否について、本文を未確定の関係から局所操作へ切り替える差分として採用します。,NOT_APPLICABLE_NON_NORMATIVE,NOT_APPLICABLE_NON_NORMATIVE,NOT_APPLICABLE,8.5.3 (docs/8.安全に運用する/8.5.性能と可用性.md:51); authoritative docs commit 52bebecfb2a435d0e7ff2efea557c5799674ded6 の現文を次の文へ置換する: 容量計画ではgeneration model、vector store、外部provider quota、tool接続先、queueの各上限を測り、最小throughputをsystem上限とします。 再抽出した文面と分類を照合する。,rag-guide-maintainers,,,,INCONCLUSIVE,NOT_APPLICABLE_UNPROVED,codex-primary-wave4,2026-08-15,codex-independent-wave4,2026-08-15,FINAL_TWO_REVIEWER_APPROVED
SENT-3468,52bebecfb2a435d0e7ff2efea557c5799674ded6,再順位付け器の障害時は認可済みの初期順位、大きなモデルの障害時は事前評価済みの小さなモデルを使えます。,reranker障害時はACL適用済み初期順位へ、大model障害時は事前合格済み小modelへだけfallbackします。,"AND(AND(AND(ATOM(rerank=true), ATOM(evaluation=true)), ATOM(fault_tolerance=true)), ATOM(authorization=true))",AND,general_technical_claim,UNCLASSIFIED,8.5.4 (docs/8.安全に運用する/8.5.性能と可用性.md:74); authoritative docs commit 52bebecfb2a435d0e7ff2efea557c5799674ded6,,,DEFINITION_OR_SPEC,,authorization=true;rerank=true,NOT_APPLICABLE,REWRITE_REQUIRED,「reranker障害時はACL適用済み初期順位」の検討では、未確定の関係が表す設計意図を、入力・処理・結果が追える形に限定します。「reranker障害時はACL適用済み初期順位」の証拠境界として、根拠台帳にはauthorization=true、rerank=trueを支えるlocatorがなく、元の未確定の関係を一般化しない判断です。reranker障害時はACL適用済み初期順位へ、大model障害時は事前合格済み小modelへだけfallbackします。 修正文が具体化する対象は「reranker障害時はACL適用済み初期順位」です。「reranker障害時はACL適用済み初期順位」の採否について、本文を未確定の関係から局所操作へ切り替える差分として採用します。,NOT_APPLICABLE_NON_NORMATIVE,NOT_APPLICABLE_NON_NORMATIVE,NOT_APPLICABLE,8.5.4 (docs/8.安全に運用する/8.5.性能と可用性.md:74); authoritative docs commit 52bebecfb2a435d0e7ff2efea557c5799674ded6 の現文を次の文へ置換する: reranker障害時はACL適用済み初期順位へ、大model障害時は事前合格済み小modelへだけfallbackします。 再抽出した文面と分類を照合する。,rag-guide-maintainers,,,,INCONCLUSIVE,NOT_APPLICABLE_UNPROVED,codex-primary-wave4,2026-08-15,codex-independent-wave4,2026-08-15,FINAL_TWO_REVIEWER_APPROVED
SENT-3480,52bebecfb2a435d0e7ff2efea557c5799674ded6,RAGの費用は、生成モデルのトークン料金だけではありません。,RAG費用はgeneration tokenに加え、ingestion、embedding、index保存、retrieval、rerank、network、監視を項目別に積算します。,"NOT(AND(ATOM(generation=true), ATOM(cost=true)))",NOT,general_technical_claim,UNCLASSIFIED,FILE-INTRO (docs/8.安全に運用する/8.6.コスト管理.md:3); authoritative docs commit 52bebecfb2a435d0e7ff2efea557c5799674ded6,,,DEFINITION_OR_SPEC,,cost=true;generation=true,NOT,REWRITE_REQUIRED,「RAG費用はgeneration tokenに加え」の検討では、cost=true、generation=trueを技術一般へ外挿せず、本文の動作を具体化しました。RAG費用はgeneration tokenに加え、ingestion、embedding、index保存、retrieval、rerank、network、監視を項目別に積算します。 修正文が具体化する対象は「RAG費用はgeneration tokenに加え」です。「RAG費用はgeneration tokenに加え」の証拠境界として、元命題にある否定関係はcost=true、generation=trueの裏付けを欠くため、実装規則とは分離します。「RAG費用はgeneration tokenに加え」の採否について、否定関係に対するこの限定なら主体と対象を保てるので、削除ではなくREWRITE_REQUIREDです。,NOT_APPLICABLE_NON_NORMATIVE,NOT_APPLICABLE_NON_NORMATIVE,NOT_APPLICABLE,FILE-INTRO (docs/8.安全に運用する/8.6.コスト管理.md:3); authoritative docs commit 52bebecfb2a435d0e7ff2efea557c5799674ded6 の現文を次の文へ置換する: RAG費用はgeneration tokenに加え、ingestion、embedding、index保存、retrieval、rerank、network、監視を項目別に積算します。 再抽出した文面と分類を照合する。,rag-guide-maintainers,,,,INCONCLUSIVE,NOT_APPLICABLE_UNPROVED,codex-primary-wave4,2026-08-15,codex-independent-wave4,2026-08-15,FINAL_TWO_REVIEWER_APPROVED
SENT-3494,52bebecfb2a435d0e7ff2efea557c5799674ded6,全件再構築と差分更新、埋め込み次元、複製インデックス、バックアップ、解析器再処理を分けて見積もります。,全件rebuild、差分update、dimension変更、replica、backup、parser再処理を別cost itemとして見積もります。,"AND(ATOM(dimension_contract=true), ATOM(parsing=true))",AND,general_technical_claim,UNCLASSIFIED,8.6.2 (docs/8.安全に運用する/8.6.コスト管理.md:28); authoritative docs commit 52bebecfb2a435d0e7ff2efea557c5799674ded6,,,DEFINITION_OR_SPEC,,parsing=true,NOT_APPLICABLE,REWRITE_REQUIRED,「全件rebuild」の検討では、parsing=trueについては技術一般の性質を断定せず、構成上の扱いだけを定めます。全件rebuild、差分update、dimension変更、replica、backup、parser再処理を別cost itemとして見積もります。 修正文が具体化する対象は「全件rebuild」です。「全件rebuild」の証拠境界として、根拠台帳にはparsing=trueを支えるlocatorがなく、元の未確定の関係を一般化しない判断です。「全件rebuild」の採否について、parsing=trueを外的真偽の主張にしない完成文へ更新するのが妥当です。,NOT_APPLICABLE_NON_NORMATIVE,NOT_APPLICABLE_NON_NORMATIVE,NOT_APPLICABLE,8.6.2 (docs/8.安全に運用する/8.6.コスト管理.md:28); authoritative docs commit 52bebecfb2a435d0e7ff2efea557c5799674ded6 の現文を次の文へ置換する: 全件rebuild、差分update、dimension変更、replica、backup、parser再処理を別cost itemとして見積もります。 再抽出した文面と分類を照合する。,rag-guide-maintainers,,,,INCONCLUSIVE,NOT_APPLICABLE_UNPROVED,codex-primary-wave4,2026-08-15,codex-independent-wave4,2026-08-15,FINAL_TWO_REVIEWER_APPROVED
SENT-3497,52bebecfb2a435d0e7ff2efea557c5799674ded6,内容のハッシュを使って変更のないチャンクの解析結果や埋め込みを再利用します。,,"NOT(AND(ATOM(parsing=true), ATOM(empirical_result=true)))",NOT,general_technical_claim,UNCLASSIFIED,8.6.2 (docs/8.安全に運用する/8.6.コスト管理.md:33); authoritative docs commit 52bebecfb2a435d0e7ff2efea557c5799674ded6,,,DEFINITION_OR_SPEC,,,,APPROPRIATE_NORMATIVE,内容のハッシュを使って変更のないチャンクの解析結果や埋め込みを再利用するという運用要件は、実行時の判断を担当者ごとにぶらさないためのローカル規則です。source content hash、parser version、chunking version、embedding model versionがすべて一致するchunkだけに解析・embedding cache hitを許可します。 さらに、content hashが同じでも処理versionまたはembedding modelが変わったchunkは再利用対象から外し、新しいartifact IDで再計算します。 この扱いを例外として記録します。 実装結果と例外発生時の扱いを個別に検査できるため、APPROPRIATE_NORMATIVEです。,内容のハッシュを使って変更のないチャンクの解析結果や埋め込みを再利用します。 source content hash、parser version、chunking version、embedding model versionがすべて一致するchunkだけに解析・embedding cache hitを許可します。,内容のハッシュを使って変更のないチャンクの解析結果や埋め込みを再利用します。 content hashが同じでも処理versionまたはembedding modelが変わったchunkは再利用対象から外し、新しいartifact IDで再計算します。,NOT_APPLICABLE,8.6.2 (docs/8.安全に運用する/8.6.コスト管理.md:33); authoritative docs commit 52bebecfb2a435d0e7ff2efea557c5799674ded6 の本文を維持し、normative_criteriaとexceptionsを設計台帳へ固定する。,rag-guide-maintainers,,,,INCONCLUSIVE,NOT_APPLICABLE_UNPROVED,codex-primary-wave4,2026-08-15,codex-independent-wave4,2026-08-15,FINAL_TWO_REVIEWER_APPROVED
SENT-3498,52bebecfb2a435d0e7ff2efea557c5799674ded6,解析器、チャンク分割、埋め込みモデルの変更で全件再計算が必要になる条件と、青緑切り替え中の二重保存期間をリリース計画へ含めます。,,"AND(AND(ATOM(chunking=true), ATOM(embedding_model=true)), ATOM(parsing=true))",AND,general_technical_claim,必要,8.6.2 (docs/8.安全に運用する/8.6.コスト管理.md:34); authoritative docs commit 52bebecfb2a435d0e7ff2efea557c5799674ded6,,,DEFINITION_OR_SPEC,,,,APPROPRIATE_NORMATIVE,解析器、チャンク分割、埋め込みモデルの変更で全件再計算が必要になる条件と、青緑切り替え中の二重保存期間をリリース計画へ含めるという運用要件は、実行時の判断を担当者ごとにぶらさないためのローカル規則です。parser、chunker、embedding変更ごとに全件再計算が必要となるcontract差分を表にし、blue-green期間の新旧artifact保存量、active alias切替、旧版削除時刻をrelease planへ記載する。 さらに、後方互換がfixtureで証明された変更は全件再計算を省略できるが、互換性の根拠と部分更新範囲をrelease planへ残す。 この扱いを例外として記録します。 実装結果と例外発生時の扱いを個別に検査できるため、APPROPRIATE_NORMATIVEです。,parser、chunker、embedding変更ごとに全件再計算が必要となるcontract差分を表にし、blue-green期間の新旧artifact保存量、active alias切替、旧版削除時刻をrelease planへ記載する。,後方互換がfixtureで証明された変更は全件再計算を省略できるが、互換性の根拠と部分更新範囲をrelease planへ残す。,NOT_APPLICABLE,8.6.2 (docs/8.安全に運用する/8.6.コスト管理.md:34); authoritative docs commit 52bebecfb2a435d0e7ff2efea557c5799674ded6 の本文を維持し、normative_criteriaとexceptionsを設計台帳へ固定する。,rag-guide-maintainers,,,,INCONCLUSIVE,NOT_APPLICABLE_UNPROVED,codex-primary-wave4,2026-08-15,codex-independent-wave4,2026-08-15,FINAL_TWO_REVIEWER_APPROVED
SENT-3499,52bebecfb2a435d0e7ff2efea557c5799674ded6,候補件数、複数質問の数、検索する知識ベース数、再順位付け候補数は、組み合わせによって費用を増やします。,候補件数、複数質問の数、検索する知識ベース数、再順位付け候補数を一つずつ変え、各要因と組合せによる費用増分を対象構成で測定します。,"AND(AND(AND(ATOM(rerank=true), ATOM(retrieval=true)), ATOM(external_knowledge=true)), ATOM(cost=true))",AND,general_technical_claim,UNCLASSIFIED,8.6.3 (docs/8.安全に運用する/8.6.コスト管理.md:38); authoritative docs commit 52bebecfb2a435d0e7ff2efea557c5799674ded6,,,DEFINITION_OR_SPEC,,rerank=true,NOT_APPLICABLE,REWRITE_REQUIRED,一次資料IDも直接locatorも未割当てであるため、rerankについて各要素と結論との直接の対応まで外部事実として確定できません。本文に残すのは、候補件数、複数質問の数、検索する知識ベース数、再順位付け候補数を一つずつ変え、各要因と組合せによる費用増分を対象構成で測定するという対象範囲です。rerankについて未確認の因果までは導きません。 修正文にある主体と操作対象は保ちつつ、直接根拠を越える各要素と結論との直接の対応を落とす差分なので、REWRITE_REQUIREDと判定します。,NOT_APPLICABLE_NON_NORMATIVE,NOT_APPLICABLE_NON_NORMATIVE,NOT_APPLICABLE,8.6.3 (docs/8.安全に運用する/8.6.コスト管理.md:38); authoritative docs commit 52bebecfb2a435d0e7ff2efea557c5799674ded6 の現文を次の文へ置換する: 候補件数、複数質問の数、検索する知識ベース数、再順位付け候補数を一つずつ変え、各要因と組合せによる費用増分を対象構成で測定します。 再抽出した文面と分類を照合する。,rag-guide-maintainers,,,,INCONCLUSIVE,NOT_APPLICABLE_UNPROVED,codex-primary-wave4,2026-08-15,codex-independent-wave4,2026-08-15,FINAL_TWO_REVIEWER_APPROVED
SENT-3500,52bebecfb2a435d0e7ff2efea557c5799674ded6,簡単な質問は低費用の経路へ送り、複数根拠や低い確信度の質問だけに広い検索と高価な再順位付けを使います。,,"AND(AND(AND(ATOM(rerank=true), ATOM(retrieval=true)), ATOM(evidence_support=true)), ATOM(cost=true))",AND,general_technical_claim,UNCLASSIFIED,8.6.3 (docs/8.安全に運用する/8.6.コスト管理.md:39); authoritative docs commit 52bebecfb2a435d0e7ff2efea557c5799674ded6,,,DEFINITION_OR_SPEC,,,,APPROPRIATE_NORMATIVE,簡単な質問は低費用の経路へ送り、複数根拠や低い確信度の質問だけに広い検索と高価な再順位付けを使うという採否判断は、比較対象と合格条件を実行結果で識別するために置きます。simple query、multi-evidence query、low-confidence queryのfixtureごとに選択route、candidate depth、rerank有無、回答品質、p95 latency、costを記録し、simple queryだけが低費用routeへ入り他の二群が広い検索へ入ることを確認します。 適用境界では、query分類またはconfidenceが判定不能な場合は低費用routeへ推定で送らず、品質とauthorizationのguardrailを満たす既定routeへfallbackします。 同じ条件での比較と採用しない条件を両方記録できるため、APPROPRIATE_NORMATIVEです。,simple query、multi-evidence query、low-confidence queryのfixtureごとに選択route、candidate depth、rerank有無、回答品質、p95 latency、costを記録し、simple queryだけが低費用routeへ入り他の二群が広い検索へ入ることを確認します。,query分類またはconfidenceが判定不能な場合は低費用routeへ推定で送らず、品質とauthorizationのguardrailを満たす既定routeへfallbackします。,NOT_APPLICABLE,8.6.3 (docs/8.安全に運用する/8.6.コスト管理.md:39); authoritative docs commit 52bebecfb2a435d0e7ff2efea557c5799674ded6 の本文を維持し、normative_criteriaとexceptionsを設計台帳へ固定する。,rag-guide-maintainers,,,,INCONCLUSIVE,NOT_APPLICABLE_UNPROVED,codex-primary-wave4,2026-08-15,codex-independent-wave4,2026-08-15,FINAL_TWO_REVIEWER_APPROVED
SENT-3502,52bebecfb2a435d0e7ff2efea557c5799674ded6,候補を一件増やすごとにRecall、正答率、完全性がどれだけ変わるかを測り、改善が頭打ちになる点を探します。,,"AND(ATOM(recall_metric=true), ATOM(empirical_result=true))",AND,empirical_or_research_claim,UNCLASSIFIED,8.6.3 (docs/8.安全に運用する/8.6.コスト管理.md:42); authoritative docs commit 52bebecfb2a435d0e7ff2efea557c5799674ded6,,,DEFINITION_OR_SPEC,,,,APPROPRIATE_NORMATIVE,候補を一件増やすごとにRecall、正答率、完全性がどれだけ変わるかを測り、改善が頭打ちになる点を探するという採否判断は、比較対象と合格条件を実行結果で識別するために置きます。この規則に含まれるretriever、candidate数、rank処理を固定したtest queryを実行し、統合前後のcandidate ID・rank・score変換が記述した順序と選択規則に一致することを確認する。 さらに、初期値・候補は対象datasetで再調整できるが、変更値、baseline、採用理由を同じresult tableへ残し、未比較の値を既定値として固定しない。 この扱いを例外として記録します。 同じ条件での比較と採用しない条件を両方記録できるため、APPROPRIATE_NORMATIVEです。,候補を一件増やすごとにRecall、正答率、完全性がどれだけ変わるかを測り、改善が頭打ちになる点を探することを定める評価・採否規則について、この規則に含まれるretriever、candidate数、rank処理を固定したtest queryを実行し、統合前後のcandidate ID・rank・score変換が記述した順序と選択規則に一致することを確認する。,候補を一件増やすごとにRecall、正答率、完全性がどれだけ変わるかを測り、改善が頭打ちになる点を探することを定める評価・採否規則の例外として、初期値・候補は対象datasetで再調整できるが、変更値、baseline、採用理由を同じresult tableへ残し、未比較の値を既定値として固定しない。,NOT_APPLICABLE,8.6.3 (docs/8.安全に運用する/8.6.コスト管理.md:42); authoritative docs commit 52bebecfb2a435d0e7ff2efea557c5799674ded6 の本文を維持し、normative_criteriaとexceptionsを設計台帳へ固定する。,rag-guide-maintainers,,,,INCONCLUSIVE,NOT_APPLICABLE_UNPROVED,codex-primary-wave4,2026-08-15,codex-independent-wave4,2026-08-15,FINAL_TWO_REVIEWER_APPROVED
SENT-3518,52bebecfb2a435d0e7ff2efea557c5799674ded6,保存量、更新量、検索回数、トークン、ツール呼び出しなど、費用を生む要因に基づいてテナントや機能へ割り当てます。,,"AND(AND(AND(ATOM(retrieval=true), ATOM(cost=true)), ATOM(multi_tenant=true)), ATOM(tool_use=true))",AND,general_technical_claim,UNCLASSIFIED,8.6.5 (docs/8.安全に運用する/8.6.コスト管理.md:70); authoritative docs commit 52bebecfb2a435d0e7ff2efea557c5799674ded6,,,DEFINITION_OR_SPEC,,,,APPROPRIATE_NORMATIVE,保存量、更新量、検索回数、トークン、ツール呼び出しなど、費用を生む要因に基づいてテナントや機能へ割り当てるという採否判断は、比較対象と合格条件を実行結果で識別するために置きます。保存量、更新量、検索回数、入力・出力トークン、ツール呼び出し数をtenant IDとfeature ID別に計測し、請求総額との配賦差が定めた丸め誤差内になることを確認する。 さらに、共有基盤費は明示した配賦キーで按分できるが、直接計測できる利用量を共有費へ混ぜない。 この扱いを例外として記録します。 同じ条件での比較と採用しない条件を両方記録できるため、APPROPRIATE_NORMATIVEです。,保存量、更新量、検索回数、入力・出力トークン、ツール呼び出し数をtenant IDとfeature ID別に計測し、請求総額との配賦差が定めた丸め誤差内になることを確認する。,共有基盤費は明示した配賦キーで按分できるが、直接計測できる利用量を共有費へ混ぜない。,NOT_APPLICABLE,8.6.5 (docs/8.安全に運用する/8.6.コスト管理.md:70); authoritative docs commit 52bebecfb2a435d0e7ff2efea557c5799674ded6 の本文を維持し、normative_criteriaとexceptionsを設計台帳へ固定する。,rag-guide-maintainers,,,,INCONCLUSIVE,NOT_APPLICABLE_UNPROVED,codex-primary-wave4,2026-08-15,codex-independent-wave4,2026-08-15,FINAL_TWO_REVIEWER_APPROVED
SENT-3532,52bebecfb2a435d0e7ff2efea557c5799674ded6,文書だけでなく、その文書から作られた解析結果、チャンク、埋め込み、インデックス、キャッシュを一つのライフサイクルとして管理します。,,"AND(ATOM(parsing=true), ATOM(empirical_result=true))",AND,general_technical_claim,UNCLASSIFIED,FILE-INTRO (docs/8.安全に運用する/8.7.知識更新と運用.md:4); authoritative docs commit 52bebecfb2a435d0e7ff2efea557c5799674ded6,,,DEFINITION_OR_SPEC,,,,APPROPRIATE_NORMATIVE,文書だけでなく、その文書から作られた解析結果、チャンク、埋め込み、インデックス、キャッシュを一つのライフサイクルとして管理するという運用要件は、実行時の判断を担当者ごとにぶらさないためのローカル規則です。document lifecycle eventごとにparser output、chunk、vector、index entry、cacheの派生関係をmanifestへ持ち、更新・削除時に全派生artifactが同じ状態へ遷移することを確認する。 さらに、監査保存が必要な派生artifactはread-only archiveへ移せるが、active retrieval経路から外し保存期限を設定する。 この扱いを例外として記録します。 実装結果と例外発生時の扱いを個別に検査できるため、APPROPRIATE_NORMATIVEです。,document lifecycle eventごとにparser output、chunk、vector、index entry、cacheの派生関係をmanifestへ持ち、更新・削除時に全派生artifactが同じ状態へ遷移することを確認する。,監査保存が必要な派生artifactはread-only archiveへ移せるが、active retrieval経路から外し保存期限を設定する。,NOT_APPLICABLE,FILE-INTRO (docs/8.安全に運用する/8.7.知識更新と運用.md:4); authoritative docs commit 52bebecfb2a435d0e7ff2efea557c5799674ded6 の本文を維持し、normative_criteriaとexceptionsを設計台帳へ固定する。,rag-guide-maintainers,,,,INCONCLUSIVE,NOT_APPLICABLE_UNPROVED,codex-primary-wave4,2026-08-15,codex-independent-wave4,2026-08-15,FINAL_TWO_REVIEWER_APPROVED
SENT-3540,52bebecfb2a435d0e7ff2efea557c5799674ded6,チャンクIDは、文書ID、文書版、分割設定、位置から再現できる形式にします。,chunk_idはdocument_id、document_version、chunking_config、source offsetから決定的に再生成できる形式へ統一します。,NL_PROPOSITION(チャンクIDは、文書ID、文書版、分割設定、位置から再現できる形式にします。),UNFORMALIZED,general_technical_claim,できる,8.7.1 (docs/8.安全に運用する/8.7.知識更新と運用.md:18); authoritative docs commit 52bebecfb2a435d0e7ff2efea557c5799674ded6,,,DEFINITION_OR_SPEC,,UNFORMALIZED_NATURAL_LANGUAGE_CLAIM,NOT_APPLICABLE,REWRITE_REQUIRED,「chunk_idはdocument_id」の検討では、UNFORMALIZED_NATURAL_LANGUAGE_CLAIMを一般的な効果として説明せず、ガイド内で実行する処理へ焦点を移しました。chunk_idはdocument_id、document_version、chunking_config、source offsetから決定的に再生成できる形式へ統一します。 修正文が具体化する対象は「chunk_idはdocument_id」です。「chunk_idはdocument_id」の証拠境界として、直接locatorがないため、UNFORMALIZED_NATURAL_LANGUAGE_CLAIMに関する未確定の関係を外部事実として採用しません。「chunk_idはdocument_id」の採否について、UNFORMALIZED_NATURAL_LANGUAGE_CLAIMに関する具体的な処理は有用ですが、原文のままでは境界を越えるため書換えを選びます。,NOT_APPLICABLE_NON_NORMATIVE,NOT_APPLICABLE_NON_NORMATIVE,NOT_APPLICABLE,8.7.1 (docs/8.安全に運用する/8.7.知識更新と運用.md:18); authoritative docs commit 52bebecfb2a435d0e7ff2efea557c5799674ded6 の現文を次の文へ置換する: chunk_idはdocument_id、document_version、chunking_config、source offsetから決定的に再生成できる形式へ統一します。 再抽出した文面と分類を照合する。,rag-guide-maintainers,,,,INCONCLUSIVE,NOT_APPLICABLE_UNPROVED,codex-primary-wave4,2026-08-15,codex-independent-wave4,2026-08-15,FINAL_TWO_REVIEWER_APPROVED
SENT-3567,52bebecfb2a435d0e7ff2efea557c5799674ded6,FreshDiskANNやSPFreshは大規模ベクトルインデックスの更新を扱いますが、権限上の削除保証はアプリケーション側でも検証する必要があります。,FreshDiskANNやSPFreshの更新機構とは別に、削除対象のchunkが検索候補、複製、snapshotから権限上の期限内に消えることをアプリケーション側で検証します。,"AND(AND(ATOM(verification=true), ATOM(scalability=true)), ATOM(authorization=true))",AND,externally_cited_claim,必要,8.7.3 (docs/8.安全に運用する/8.7.知識更新と運用.md:62); authoritative docs commit 52bebecfb2a435d0e7ff2efea557c5799674ded6,SRC-054;SRC-055;SRC-053,SRC-054 https://arxiv.org/abs/2105.09613 — abstract inspected 2026-08-15; 現主張への直接locatorは未確定; SRC-055 https://arxiv.org/abs/2410.14452 — abstract inspected 2026-08-15; 現主張への直接locatorは未確定; SRC-053 https://www.microsoft.com/en-us/research/publication/diskann-fast-accurate-billion-point-nearest-neighbor-search-on-a-single-node/ — abstract inspected 2026-08-15; 現主張への直接locatorは未確定,AUTHOR_CLAIM,NONE_DIRECTLY_VERIFIED,authorization=true;verification=true,NOT_APPLICABLE,REWRITE_REQUIRED,arxiv.org・microsoft.comのAbstractへの参照は台帳にありますが、authorization、verificationについて各要素と結論との直接の対応まで同時に再特定できる直接箇所が確定していません。資料の帰属範囲をFreshDiskANNやSPFreshの更新機構とは別に、削除対象のchunkが検索候補、複製、snapshotから権限上の期限内に消えることをアプリケーション側で検証するという限定まで狭め、候補URLの存在だけで機序や結果を補わない文へ変更します。 修正文にある主体と操作対象は保ちつつ、直接根拠を越える各要素と結論との直接の対応を落とす差分なので、REWRITE_REQUIREDと判定します。,NOT_APPLICABLE_NON_NORMATIVE,NOT_APPLICABLE_NON_NORMATIVE,UNVERIFIED,8.7.3 (docs/8.安全に運用する/8.7.知識更新と運用.md:62); authoritative docs commit 52bebecfb2a435d0e7ff2efea557c5799674ded6 の現文を次の文へ置換する: FreshDiskANNやSPFreshの更新機構とは別に、削除対象のchunkが検索候補、複製、snapshotから権限上の期限内に消えることをアプリケーション側で検証します。 再抽出した文面と分類を照合する。,rag-guide-maintainers,,,,INCONCLUSIVE,NOT_APPLICABLE_UNPROVED,codex-primary-wave4,2026-08-15,codex-independent-wave4,2026-08-15,FINAL_TWO_REVIEWER_APPROVED
SENT-3586,52bebecfb2a435d0e7ff2efea557c5799674ded6,データ、検索器、インデックス、プロンプト、ツール、会話記憶、評価、日常運用を含むシステム全体を対象にします。,,"AND(AND(ATOM(retrieval=true), ATOM(evaluation=true)), ATOM(tool_use=true))",AND,general_technical_claim,UNCLASSIFIED,8.8.1 (docs/8.安全に運用する/8.8.ガバナンス.md:9); authoritative docs commit 52bebecfb2a435d0e7ff2efea557c5799674ded6,,,DEFINITION_OR_SPEC,,,,APPROPRIATE_NORMATIVE,データ、検索器、インデックス、プロンプト、ツール、会話記憶、評価、日常運用を含むシステム全体を対象にするという採否判断は、比較対象と合格条件を実行結果で識別するために置きます。system reviewのcomponent inventoryにdata、retriever、index、prompt、tool、conversation memory、evaluation、daily operationを別項目として登録し、各項目へowner、threat、control、test evidenceを割り当てます。 適用境界では、外部管理componentを直接監査できない場合は対象外と黙って扱わず、責任境界、契約上のcontrol、interface test、残余riskの承認を記録します。 同じ条件での比較と採用しない条件を両方記録できるため、APPROPRIATE_NORMATIVEです。,system reviewのcomponent inventoryにdata、retriever、index、prompt、tool、conversation memory、evaluation、daily operationを別項目として登録し、各項目へowner、threat、control、test evidenceを割り当てます。,外部管理componentを直接監査できない場合は対象外と黙って扱わず、責任境界、契約上のcontrol、interface test、残余riskの承認を記録します。,NOT_APPLICABLE,8.8.1 (docs/8.安全に運用する/8.8.ガバナンス.md:9); authoritative docs commit 52bebecfb2a435d0e7ff2efea557c5799674ded6 の本文を維持し、normative_criteriaとexceptionsを設計台帳へ固定する。,rag-guide-maintainers,,,,INCONCLUSIVE,NOT_APPLICABLE_UNPROVED,codex-primary-wave4,2026-08-15,codex-independent-wave4,2026-08-15,FINAL_TWO_REVIEWER_APPROVED
SENT-3588,52bebecfb2a435d0e7ff2efea557c5799674ded6,信頼できるRAGのサーベイはRAGのリスクを複数の観点から整理しています。,Towards Trustworthy Retrieval Augmented Generationのsurveyは、同surveyが収集したRAG研究のriskを、retrieval、generation、system運用など複数観点から整理しています。,ATOM(risk=true),ATOM,externally_cited_claim,できる,8.8.1 (docs/8.安全に運用する/8.8.ガバナンス.md:12); authoritative docs commit 52bebecfb2a435d0e7ff2efea557c5799674ded6,SRC-136,SRC-136 https://arxiv.org/abs/2502.06872 — abstract inspected 2026-08-15; 現主張への直接locatorは未確定,AUTHOR_CLAIM,NONE_DIRECTLY_VERIFIED,risk=true,NOT_APPLICABLE,REWRITE_REQUIRED,arxiv.orgのAbstractへの参照は台帳にありますが、riskについて各要素と結論との直接の対応まで同時に再特定できる直接箇所が確定していません。資料の帰属範囲をTowards Trustworthy Retrieval Augmented Generationのsurveyは、同surveyが収集したRAG研究のriskを、retrieval、generation、system運用など複数観点から整理しているという限定まで狭め、候補URLの存在だけで機序や結果を補わない文へ変更します。 修正文にある主体と操作対象は保ちつつ、直接根拠を越える各要素と結論との直接の対応を落とす差分なので、REWRITE_REQUIREDと判定します。,NOT_APPLICABLE_NON_NORMATIVE,NOT_APPLICABLE_NON_NORMATIVE,UNVERIFIED,8.8.1 (docs/8.安全に運用する/8.8.ガバナンス.md:12); authoritative docs commit 52bebecfb2a435d0e7ff2efea557c5799674ded6 の現文を次の文へ置換する: Towards Trustworthy Retrieval Augmented Generationのsurveyは、同surveyが収集したRAG研究のriskを、retrieval、generation、system運用など複数観点から整理しています。 再抽出した文面と分類を照合する。,rag-guide-maintainers,,,,INCONCLUSIVE,NOT_APPLICABLE_UNPROVED,codex-primary-wave4,2026-08-15,codex-independent-wave4,2026-08-15,FINAL_TWO_REVIEWER_APPROVED
SENT-3589,52bebecfb2a435d0e7ff2efea557c5799674ded6,一方、社会技術システムにおける公平性の研究は、構成要素だけを抽象的に評価すると、制度や利用者への影響を見落とす危険を指摘しています。,Fairness and Abstraction in Sociotechnical Systemsは、制度・利用者を含む社会技術的文脈からcomponentを切り離したfairness評価が影響を見落とし得ると論じています。,"AND(AND(ATOM(evaluation=true), ATOM(fairness=true)), ATOM(risk=true))",AND,externally_cited_claim,UNCLASSIFIED,8.8.1 (docs/8.安全に運用する/8.8.ガバナンス.md:13); authoritative docs commit 52bebecfb2a435d0e7ff2efea557c5799674ded6,SRC-137,SRC-137 https://doi.org/10.1145/3287560.3287598 — primary_page inspected 2026-08-15; 現主張への直接locatorは未確定,EMPIRICAL_RESULT,NONE_DIRECTLY_VERIFIED,evaluation=true,NOT_APPLICABLE,REWRITE_REQUIRED,doi.orgの一次資料ページへの参照は台帳にありますが、evaluationについて各要素と結論との直接の対応まで同時に再特定できる直接箇所が確定していません。資料の帰属範囲をFairness and Abstraction in Sociotechnical Systemsは、制度・利用者を含む社会技術的文脈からcomponentを切り離したfairness評価が影響を見落とし得ると論じているという限定まで狭め、候補URLの存在だけで機序や結果を補わない文へ変更します。 修正文にある主体と操作対象は保ちつつ、直接根拠を越える各要素と結論との直接の対応を落とす差分なので、REWRITE_REQUIREDと判定します。,NOT_APPLICABLE_NON_NORMATIVE,NOT_APPLICABLE_NON_NORMATIVE,UNVERIFIED,8.8.1 (docs/8.安全に運用する/8.8.ガバナンス.md:13); authoritative docs commit 52bebecfb2a435d0e7ff2efea557c5799674ded6 の現文を次の文へ置換する: Fairness and Abstraction in Sociotechnical Systemsは、制度・利用者を含む社会技術的文脈からcomponentを切り離したfairness評価が影響を見落とし得ると論じています。 再抽出した文面と分類を照合する。,rag-guide-maintainers,,,,INCONCLUSIVE,NOT_APPLICABLE_UNPROVED,codex-primary-wave4,2026-08-15,codex-independent-wave4,2026-08-15,FINAL_TWO_REVIEWER_APPROVED
SENT-3594,52bebecfb2a435d0e7ff2efea557c5799674ded6,内部アルゴリズム監査の枠組みが示すように、説明責任は報告書だけではなく、開発から運用までの役割と証跡によって支えられます。,Closing the AI Accountability Gapの内部監査frameworkでは、accountabilityを最終reportだけでなく、開発・導入・運用段階の担当roleとaudit evidenceへ結び付けています。,ATOM(empirical_result=true),ATOM,externally_cited_claim,UNCLASSIFIED,8.8.1 (docs/8.安全に運用する/8.8.ガバナンス.md:21); authoritative docs commit 52bebecfb2a435d0e7ff2efea557c5799674ded6,SRC-016,SRC-016 https://arxiv.org/abs/2001.00973 — abstract inspected 2026-08-15; 現主張への直接locatorは未確定,EMPIRICAL_RESULT,NONE_DIRECTLY_VERIFIED,empirical_result=true,NOT_APPLICABLE,REWRITE_REQUIRED,arxiv.orgのAbstractへの参照は台帳にありますが、empirical_resultについて各要素と結論との直接の対応まで同時に再特定できる直接箇所が確定していません。資料の帰属範囲をClosing the AI Accountability Gapの内部監査frameworkでは、accountabilityを最終reportだけでなく、開発・導入・運用段階の担当roleとaudit evidenceへ結び付けているという限定まで狭め、候補URLの存在だけで機序や結果を補わない文へ変更します。 修正文にある主体と操作対象は保ちつつ、直接根拠を越える各要素と結論との直接の対応を落とす差分なので、REWRITE_REQUIREDと判定します。,NOT_APPLICABLE_NON_NORMATIVE,NOT_APPLICABLE_NON_NORMATIVE,UNVERIFIED,8.8.1 (docs/8.安全に運用する/8.8.ガバナンス.md:21); authoritative docs commit 52bebecfb2a435d0e7ff2efea557c5799674ded6 の現文を次の文へ置換する: Closing the AI Accountability Gapの内部監査frameworkでは、accountabilityを最終reportだけでなく、開発・導入・運用段階の担当roleとaudit evidenceへ結び付けています。 再抽出した文面と分類を照合する。,rag-guide-maintainers,,,,INCONCLUSIVE,NOT_APPLICABLE_UNPROVED,codex-primary-wave4,2026-08-15,codex-independent-wave4,2026-08-15,FINAL_TWO_REVIEWER_APPROVED
SENT-3604,52bebecfb2a435d0e7ff2efea557c5799674ded6,Model Cardsが意図した用途と制約を記述するように、RAGを最終判断に使ってよい範囲と使ってはいけない範囲を明文化します。,RAGを最終判断に使ってよい用途、禁止する用途、必要なhuman review、既知の制約をsystem cardへ明記します。,NOT(ATOM(model_documentation=true)),NOT,externally_cited_claim,UNCLASSIFIED,8.8.2 (docs/8.安全に運用する/8.8.ガバナンス.md:39); authoritative docs commit 52bebecfb2a435d0e7ff2efea557c5799674ded6,,,DEFINITION_OR_SPEC,,,,APPROPRIATE_NORMATIVE,RAGの利用境界は外部文書形式の一般的説明ではなく、このシステムのsystem cardで検査可能にします。許可use case、禁止use case、human review条件、既知のfailure sliceを列挙し、UIと運用手順にも同じ制限を表示します。新用途は評価とrisk承認後にだけ追加する運用契約として、APPROPRIATE_NORMATIVEです。,system cardにRAGを最終判断へ利用できるuse case、禁止use case、必要なhuman review、既知のfailure sliceを列挙し、UIと運用手順が同じ制限を表示することを確認する。,新しいuse caseは評価とrisk承認後に追加できるが、既存の禁止範囲を暗黙に拡張しない。,NOT_APPLICABLE,8.8.2 (docs/8.安全に運用する/8.8.ガバナンス.md:39); authoritative docs commit 52bebecfb2a435d0e7ff2efea557c5799674ded6 の現文を次の文へ置換する: RAGを最終判断に使ってよい用途、禁止する用途、必要なhuman review、既知の制約をsystem cardへ明記します。 再抽出した文面と分類を照合する。,rag-guide-maintainers,,,,INCONCLUSIVE,NOT_APPLICABLE_UNPROVED,codex-primary-wave4,2026-08-15,codex-independent-wave4,2026-08-15,FINAL_TWO_REVIEWER_APPROVED
SENT-3607,52bebecfb2a435d0e7ff2efea557c5799674ded6,公開判断を口頭説明だけにせず、システム概要、構成図、脅威モデル、コーパス台帳、評価報告、既知の制約、運用手順書として残します。,,"NOT(AND(ATOM(evaluation=true), ATOM(empirical_result=true)))",NOT,empirical_or_research_claim,UNCLASSIFIED,8.8.3 (docs/8.安全に運用する/8.8.ガバナンス.md:46); authoritative docs commit 52bebecfb2a435d0e7ff2efea557c5799674ded6,,,DEFINITION_OR_SPEC,,,,APPROPRIATE_NORMATIVE,公開判断を口頭説明だけにせず、システム概要、構成図、脅威モデル、コーパス台帳、評価報告、既知の制約、運用手順書として残すという採否判断は、比較対象と合格条件を実行結果で識別するために置きます。公開承認時にsystem overview、architecture diagram、threat model、corpus register、evaluation report、known limitations、operation runbookの七成果物を同じrelease IDへ結び、owner承認とversionを確認します。 さらに、機密情報を含む成果物はaccess制限版またはredacted版にできますが、成果物の存在、owner、version、承認記録を口頭説明だけで代替しません。 この扱いを例外として記録します。 同じ条件での比較と採用しない条件を両方記録できるため、APPROPRIATE_NORMATIVEです。,公開承認時にsystem overview、architecture diagram、threat model、corpus register、evaluation report、known limitations、operation runbookの七成果物を同じrelease IDへ結び、owner承認とversionを確認します。,機密情報を含む成果物はaccess制限版またはredacted版にできますが、成果物の存在、owner、version、承認記録を口頭説明だけで代替しません。,NOT_APPLICABLE,8.8.3 (docs/8.安全に運用する/8.8.ガバナンス.md:46); authoritative docs commit 52bebecfb2a435d0e7ff2efea557c5799674ded6 の本文を維持し、normative_criteriaとexceptionsを設計台帳へ固定する。,rag-guide-maintainers,,,,INCONCLUSIVE,NOT_APPLICABLE_UNPROVED,codex-primary-wave4,2026-08-15,codex-independent-wave4,2026-08-15,FINAL_TWO_REVIEWER_APPROVED
SENT-3609,52bebecfb2a435d0e7ff2efea557c5799674ded6,評価報告には、試した質問スライス、攻撃、安全条件、性能、費用、未解決事項を含めます。,,"AND(AND(AND(ATOM(evaluation=true), ATOM(cost=true)), ATOM(security=true)), ATOM(empirical_result=true))",AND,empirical_or_research_claim,UNCLASSIFIED,8.8.3 (docs/8.安全に運用する/8.8.ガバナンス.md:49); authoritative docs commit 52bebecfb2a435d0e7ff2efea557c5799674ded6,,,DEFINITION_OR_SPEC,,,,APPROPRIATE_NORMATIVE,評価報告には、試した質問スライス、攻撃、安全条件、性能、費用、未解決事項を含めるという安全境界は、本ガイドが強制する制御として設けます。evaluation reportにquery slice、attack fixture、安全gate、quality/performance metric、cost、unresolved issueをそれぞれ一項目以上記載し、元run IDへリンクできることを確認する。 さらに、対象systemにtoolやonline trafficがないため適用不能な項目は理由付きで対象外にできるが、未測定値を空欄のまま承認しない。 この扱いを例外として記録します。 負試験で境界を確かめ、統制を緩めない例外を明示できるので、APPROPRIATE_NORMATIVEです。,evaluation reportにquery slice、attack fixture、安全gate、quality/performance metric、cost、unresolved issueをそれぞれ一項目以上記載し、元run IDへリンクできることを確認する。,対象systemにtoolやonline trafficがないため適用不能な項目は理由付きで対象外にできるが、未測定値を空欄のまま承認しない。,NOT_APPLICABLE,8.8.3 (docs/8.安全に運用する/8.8.ガバナンス.md:49); authoritative docs commit 52bebecfb2a435d0e7ff2efea557c5799674ded6 の本文を維持し、normative_criteriaとexceptionsを設計台帳へ固定する。,rag-guide-maintainers,,,,INCONCLUSIVE,NOT_APPLICABLE_UNPROVED,codex-primary-wave4,2026-08-15,codex-independent-wave4,2026-08-15,FINAL_TWO_REVIEWER_APPROVED
SENT-3610,52bebecfb2a435d0e7ff2efea557c5799674ded6,モデルとデータの報告枠組みを、検索、生成、ツールを組み合わせたRAG全体へ拡張します。,,"AND(AND(AND(ATOM(retrieval=true), ATOM(generation=true)), ATOM(tool_use=true)), ATOM(empirical_result=true))",AND,empirical_or_research_claim,UNCLASSIFIED,8.8.3 (docs/8.安全に運用する/8.8.ガバナンス.md:50); authoritative docs commit 52bebecfb2a435d0e7ff2efea557c5799674ded6,,,DEFINITION_OR_SPEC,,,,APPROPRIATE_NORMATIVE,モデルとデータの報告枠組みを、検索、生成、ツールを組み合わせたRAG全体へ拡張するという運用要件は、実行時の判断を担当者ごとにぶらさないためのローカル規則です。RAG全体のreportにretriever、generator、tool、data sourceのversion、用途、評価結果、制約、ownerを含め、単体model cardだけでsystem適合性を承認しない。 適用境界では、toolまたはgenerationを持たない構成では該当欄をnot-applicableにできるが、存在するcomponentのversionと制約は省略しない。 実装結果と例外発生時の扱いを個別に検査できるため、APPROPRIATE_NORMATIVEです。,RAG全体のreportにretriever、generator、tool、data sourceのversion、用途、評価結果、制約、ownerを含め、単体model cardだけでsystem適合性を承認しない。,toolまたはgenerationを持たない構成では該当欄をnot-applicableにできるが、存在するcomponentのversionと制約は省略しない。,NOT_APPLICABLE,8.8.3 (docs/8.安全に運用する/8.8.ガバナンス.md:50); authoritative docs commit 52bebecfb2a435d0e7ff2efea557c5799674ded6 の本文を維持し、normative_criteriaとexceptionsを設計台帳へ固定する。,rag-guide-maintainers,,,,INCONCLUSIVE,NOT_APPLICABLE_UNPROVED,codex-primary-wave4,2026-08-15,codex-independent-wave4,2026-08-15,FINAL_TWO_REVIEWER_APPROVED
SENT-3613,52bebecfb2a435d0e7ff2efea557c5799674ded6,新しい情報源、モデル、埋め込み、解析器、ツール、会話記憶の方針を、変更種類として登録します。,,"AND(ATOM(tool_use=true), ATOM(parsing=true))",AND,general_technical_claim,UNCLASSIFIED,8.8.3 (docs/8.安全に運用する/8.8.ガバナンス.md:55); authoritative docs commit 52bebecfb2a435d0e7ff2efea557c5799674ded6,,,DEFINITION_OR_SPEC,,,,APPROPRIATE_NORMATIVE,新しい情報源、モデル、埋め込み、解析器、ツール、会話記憶の方針を、変更種類として登録するという運用要件は、実行時の判断を担当者ごとにぶらさないためのローカル規則です。source、generation model、embedding、parser、tool、conversation memory policyをchange typeとしてregistryへ登録し、各変更にowner、risk、test plan、rollback先を必須化する。 適用境界では、文言だけの変更はtechnical testを簡略化できるが、利用範囲やpolicy意味が変わる場合は該当change typeとして扱う。 実装結果と例外発生時の扱いを個別に検査できるため、APPROPRIATE_NORMATIVEです。,source、generation model、embedding、parser、tool、conversation memory policyをchange typeとしてregistryへ登録し、各変更にowner、risk、test plan、rollback先を必須化する。,文言だけの変更はtechnical testを簡略化できるが、利用範囲やpolicy意味が変わる場合は該当change typeとして扱う。,NOT_APPLICABLE,8.8.3 (docs/8.安全に運用する/8.8.ガバナンス.md:55); authoritative docs commit 52bebecfb2a435d0e7ff2efea557c5799674ded6 の本文を維持し、normative_criteriaとexceptionsを設計台帳へ固定する。,rag-guide-maintainers,,,,INCONCLUSIVE,NOT_APPLICABLE_UNPROVED,codex-primary-wave4,2026-08-15,codex-independent-wave4,2026-08-15,FINAL_TWO_REVIEWER_APPROVED
SENT-3629,52bebecfb2a435d0e7ff2efea557c5799674ded6,大規模言語モデルの社会的な危険を論じた研究は、性能だけでなく、環境負荷、訓練データの偏り、便益と負担を受ける人々を開発前に検討する必要性を示しています。,On the Dangers of Stochastic Parrotsは、大規模language modelの開発判断について、性能だけでなく環境負荷、training dataのbias、便益と負担の配分を事前検討の対象にしています。,"AND(AND(ATOM(generation=true), ATOM(scalability=true)), ATOM(risk=true))",AND,externally_cited_claim,必要,8.8.5 (docs/8.安全に運用する/8.8.ガバナンス.md:83); authoritative docs commit 52bebecfb2a435d0e7ff2efea557c5799674ded6,SRC-138,SRC-138 https://dl.acm.org/doi/10.1145/3442188.3445922 — primary_page inspected 2026-08-15; 現主張への直接locatorは未確定,EMPIRICAL_RESULT,NONE_DIRECTLY_VERIFIED,generation=true;scalability=true,NOT_APPLICABLE,REWRITE_REQUIRED,dl.acm.orgの一次資料ページへの参照は台帳にありますが、generation、scalabilityについて各要素と結論との直接の対応まで同時に再特定できる直接箇所が確定していません。資料の帰属範囲をOn the Dangers of Stochastic Parrotsは、大規模language modelの開発判断について、性能だけでなく環境負荷、training dataのbias、便益と負担の配分を事前検討の対象にしているという限定まで狭め、候補URLの存在だけで機序や結果を補わない文へ変更します。 修正文にある主体と操作対象は保ちつつ、直接根拠を越える各要素と結論との直接の対応を落とす差分なので、REWRITE_REQUIREDと判定します。,NOT_APPLICABLE_NON_NORMATIVE,NOT_APPLICABLE_NON_NORMATIVE,UNVERIFIED,8.8.5 (docs/8.安全に運用する/8.8.ガバナンス.md:83); authoritative docs commit 52bebecfb2a435d0e7ff2efea557c5799674ded6 の現文を次の文へ置換する: On the Dangers of Stochastic Parrotsは、大規模language modelの開発判断について、性能だけでなく環境負荷、training dataのbias、便益と負担の配分を事前検討の対象にしています。 再抽出した文面と分類を照合する。,rag-guide-maintainers,,,,INCONCLUSIVE,NOT_APPLICABLE_UNPROVED,codex-primary-wave4,2026-08-15,codex-independent-wave4,2026-08-15,FINAL_TWO_REVIEWER_APPROVED
SENT-3630,52bebecfb2a435d0e7ff2efea557c5799674ded6,これはRAGの比較実験ではなく立場を論じた論文であるため、個別の数値基準としてではなく、見直し項目を決める際の観点として使います。,当該論文は個別の数値基準には使わず、見直し項目を決める際の観点として扱います。,NL_PROPOSITION(これはRAGの比較実験ではなく立場を論じた論文であるため、個別の数値基準としてではなく、見直し項目を決める際の観点として使います。),UNFORMALIZED,empirical_or_research_claim,UNCLASSIFIED,8.8.5 (docs/8.安全に運用する/8.8.ガバナンス.md:84); authoritative docs commit 52bebecfb2a435d0e7ff2efea557c5799674ded6,,,DEFINITION_OR_SPEC,,,,APPROPRIATE_NORMATIVE,当該資料から採用するのはreview checklistの観点であり、品質、latency、costの数値閾値ではありません。閾値には別のempirical sourceまたは対象環境の測定結果を割り当て、資料中の例示値を紹介する場合は意見・問題提起としてのsource roleと適用範囲を明記します。資料種別を未検証のまま断定しない採否境界へ直すため、APPROPRIATE_NORMATIVEです。,当該position paperからは見直し観点だけをreview checklistへ採用し、品質・latency・costの数値閾値には別のempirical sourceまたは対象環境の測定結果を割り当てます。,position paperが例示する数値を紹介する場合も比較実験の結果とは表示せず、意見・問題提起としてのsource roleと適用範囲を明記します。,NOT_APPLICABLE,8.8.5 (docs/8.安全に運用する/8.8.ガバナンス.md:84); authoritative docs commit 52bebecfb2a435d0e7ff2efea557c5799674ded6 の現文を次の文へ置換する: 当該論文は個別の数値基準には使わず、見直し項目を決める際の観点として扱います。 再抽出した文面と分類を照合する。,rag-guide-maintainers,,,,INCONCLUSIVE,NOT_APPLICABLE_UNPROVED,codex-primary-wave4,2026-08-15,codex-independent-wave4,2026-08-15,FINAL_TWO_REVIEWER_APPROVED
SENT-3631,52bebecfb2a435d0e7ff2efea557c5799674ded6,改善が難しい、利用価値が低下した、代替手段が優れる場合は、利用範囲の縮小や廃止も選択します。,,NL_PROPOSITION(改善が難しい、利用価値が低下した、代替手段が優れる場合は、利用範囲の縮小や廃止も選択します。),UNFORMALIZED,empirical_or_research_claim,UNCLASSIFIED,8.8.5 (docs/8.安全に運用する/8.8.ガバナンス.md:86); authoritative docs commit 52bebecfb2a435d0e7ff2efea557c5799674ded6,,,DEFINITION_OR_SPEC,,,,APPROPRIATE_NORMATIVE,改善が難しい、利用価値が低下した、代替手段が優れる場合は、利用範囲の縮小や廃止も選択するという採否判断は、比較対象と合格条件を実行結果で識別するために置きます。改善難度、利用価値、代替手段を定期reviewで評価し、廃止閾値を満たす機能についてscope縮小、read-only化、停止の候補と移行先を記録する。 さらに、法令または契約で継続が必要な機能は即時廃止せず隔離・縮小できるが、低価値を理由に無期限維持しない。 この扱いを例外として記録します。 同じ条件での比較と採用しない条件を両方記録できるため、APPROPRIATE_NORMATIVEです。,改善難度、利用価値、代替手段を定期reviewで評価し、廃止閾値を満たす機能についてscope縮小、read-only化、停止の候補と移行先を記録する。,法令または契約で継続が必要な機能は即時廃止せず隔離・縮小できるが、低価値を理由に無期限維持しない。,NOT_APPLICABLE,8.8.5 (docs/8.安全に運用する/8.8.ガバナンス.md:86); authoritative docs commit 52bebecfb2a435d0e7ff2efea557c5799674ded6 の本文を維持し、normative_criteriaとexceptionsを設計台帳へ固定する。,rag-guide-maintainers,,,,INCONCLUSIVE,NOT_APPLICABLE_UNPROVED,codex-primary-wave4,2026-08-15,codex-independent-wave4,2026-08-15,FINAL_TWO_REVIEWER_APPROVED
SENT-3643,52bebecfb2a435d0e7ff2efea557c5799674ded6,疎検索と密検索の併用、再順位付け、引用、回答保留、トレースを備え、主要な失敗を正解付き評価データで再現できる状態が目安です。,,"AND(AND(AND(AND(AND(AND(ATOM(sparse=true), ATOM(dense=true)), ATOM(rerank=true)), ATOM(retrieval=true)), ATOM(generation=true)), ATOM(citation=true)), ATOM(evaluation=true))",AND,general_technical_claim,できる,9.1.1 (docs/9.失敗パターンに応じて高度化する/9.1.高度化は失敗パターンから選ぶ.md:9); authoritative docs commit 52bebecfb2a435d0e7ff2efea557c5799674ded6,,,DEFINITION_OR_SPEC,,,,APPROPRIATE_NORMATIVE,疎検索と密検索の併用、再順位付け、引用、回答保留、トレースを備え、主要な失敗を正解付き評価データで再現できる状態が目安であるという採否判断は、比較対象と合格条件を実行結果で識別するために置きます。この規則に含まれるretriever、candidate数、rank処理を固定したtest queryを実行し、統合前後のcandidate ID・rank・score変換が記述した順序と選択規則に一致することを確認する。 さらに、判定に必要なgold evidenceがないslice、標本不足のslice、負荷条件が異なるrunは合否集計から分離し、他sliceの平均結果を外挿しない。 この扱いを例外として記録します。 同じ条件での比較と採用しない条件を両方記録できるため、APPROPRIATE_NORMATIVEです。,疎検索と密検索の併用、再順位付け、引用、回答保留、トレースを備え、主要な失敗を正解付き評価データで再現できる状態が目安であることを定める評価・採否規則について、この規則に含まれるretriever、candidate数、rank処理を固定したtest queryを実行し、統合前後のcandidate ID・rank・score変換が記述した順序と選択規則に一致することを確認する。,疎検索と密検索の併用、再順位付け、引用、回答保留、トレースを備え、主要な失敗を正解付き評価データで再現できる状態が目安であることを定める評価・採否規則の例外として、判定に必要なgold evidenceがないslice、標本不足のslice、負荷条件が異なるrunは合否集計から分離し、他sliceの平均結果を外挿しない。,NOT_APPLICABLE,9.1.1 (docs/9.失敗パターンに応じて高度化する/9.1.高度化は失敗パターンから選ぶ.md:9); authoritative docs commit 52bebecfb2a435d0e7ff2efea557c5799674ded6 の本文を維持し、normative_criteriaとexceptionsを設計台帳へ固定する。,rag-guide-maintainers,,,,INCONCLUSIVE,NOT_APPLICABLE_UNPROVED,codex-primary-wave4,2026-08-15,codex-independent-wave4,2026-08-15,FINAL_TWO_REVIEWER_APPROVED
SENT-3644,52bebecfb2a435d0e7ff2efea557c5799674ded6,RAGのサーベイは、RAGを基本的な構成、高度な構成、部品を組み替える構成へ整理しています。,,NL_PROPOSITION(RAGのサーベイは、RAGを基本的な構成、高度な構成、部品を組み替える構成へ整理しています。),UNFORMALIZED,externally_cited_claim,UNCLASSIFIED,9.1.1 (docs/9.失敗パターンに応じて高度化する/9.1.高度化は失敗パターンから選ぶ.md:11); authoritative docs commit 52bebecfb2a435d0e7ff2efea557c5799674ded6,SRC-139,"https://arxiv.org/abs/2312.10997, Abstract",AUTHOR_CLAIM,rag=true;modular=true,,,APPROPRIATE_SUPPORTED,RAG survey AbstractがRAG paradigmsをNaive RAG、Advanced RAG、Modular RAGへ整理すると明記する。,NOT_APPLICABLE_NON_NORMATIVE,NOT_APPLICABLE_NON_NORMATIVE,SOURCE_ASSERTED,9.1.1 (docs/9.失敗パターンに応じて高度化する/9.1.高度化は失敗パターンから選ぶ.md:11); authoritative docs commit 52bebecfb2a435d0e7ff2efea557c5799674ded6 の本文を維持し、確定した一次資料locator・主張役割・外的真偽境界を台帳へ固定する。,rag-guide-maintainers,,,,INCONCLUSIVE,NOT_APPLICABLE_UNPROVED,codex-primary-wave4,2026-08-15,codex-independent-wave4,2026-08-15,FINAL_TWO_REVIEWER_APPROVED
SENT-3649,52bebecfb2a435d0e7ff2efea557c5799674ded6,元の質問、変換後の質問、取得チャンク、再順位付け結果、最終コンテキスト、回答、引用、遅延、費用をトレースで結びます。,元の質問、変換後の質問、取得チャンク、再順位付け結果、最終コンテキスト、回答、引用、遅延、費用を同じtrace IDで結び付けます。,"AND(AND(AND(AND(AND(ATOM(rerank=true), ATOM(retrieval=true)), ATOM(generation=true)), ATOM(citation=true)), ATOM(cost=true)), ATOM(empirical_result=true))",AND,general_technical_claim,UNCLASSIFIED,9.1.1 (docs/9.失敗パターンに応じて高度化する/9.1.高度化は失敗パターンから選ぶ.md:18); authoritative docs commit 52bebecfb2a435d0e7ff2efea557c5799674ded6,,,DEFINITION_OR_SPEC,,,,APPROPRIATE_NORMATIVE,元の質問、変換後の質問、取得チャンク、再順位付け結果、最終コンテキスト、回答、引用、遅延、費用を同じtrace IDで結び付けるという採否判断は、比較対象と合格条件を実行結果で識別するために置きます。元の質問、変換後の質問、取得チャンク、再順位付け結果、最終コンテキスト、回答、引用、遅延、費用を同じtrace IDで保存し、回答から全段階を欠損なく逆引きできることを確認する。 適用境界では、保存制約のある本文は承認済みのハッシュまたは仮名化参照へ置換できるが、段階間のtrace ID連結は保持する。 同じ条件での比較と採用しない条件を両方記録できるため、APPROPRIATE_NORMATIVEです。,元の質問、変換後の質問、取得チャンク、再順位付け結果、最終コンテキスト、回答、引用、遅延、費用を同じtrace IDで保存し、回答から全段階を欠損なく逆引きできることを確認する。,保存制約のある本文は承認済みのハッシュまたは仮名化参照へ置換できるが、段階間のtrace ID連結は保持する。,NOT_APPLICABLE,9.1.1 (docs/9.失敗パターンに応じて高度化する/9.1.高度化は失敗パターンから選ぶ.md:18); authoritative docs commit 52bebecfb2a435d0e7ff2efea557c5799674ded6 の現文を次の文へ置換する: 元の質問、変換後の質問、取得チャンク、再順位付け結果、最終コンテキスト、回答、引用、遅延、費用を同じtrace IDで結び付けます。 再抽出した文面と分類を照合する。,rag-guide-maintainers,,,,INCONCLUSIVE,NOT_APPLICABLE_UNPROVED,codex-primary-wave4,2026-08-15,codex-independent-wave4,2026-08-15,FINAL_TWO_REVIEWER_APPROVED
SENT-3651,52bebecfb2a435d0e7ff2efea557c5799674ded6,RAGCheckerのように回答を主張単位で調べると、根拠を取得できなかった失敗と、取得した根拠を生成モデルが使わなかった失敗を分けられます。,RAGChecker型のclaim-level評価では、gold evidenceがretrieval結果へ入らなかったfailureと、取得済みevidenceをgeneratorが利用しなかったfailureを別labelにできます。,"AND(AND(ATOM(retrieval=true), ATOM(generation=true)), ATOM(evidence_support=true))",AND,externally_cited_claim,UNCLASSIFIED,9.1.1 (docs/9.失敗パターンに応じて高度化する/9.1.高度化は失敗パターンから選ぶ.md:21); authoritative docs commit 52bebecfb2a435d0e7ff2efea557c5799674ded6,SRC-110,SRC-110 https://arxiv.org/abs/2408.08067 — abstract inspected 2026-08-15; 現主張への直接locatorは未確定,AUTHOR_CLAIM,NONE_DIRECTLY_VERIFIED,evidence_support=true,NOT_APPLICABLE,REWRITE_REQUIRED,arxiv.orgのAbstractへの参照は台帳にありますが、evidence_supportについて各要素と結論との直接の対応まで同時に再特定できる直接箇所が確定していません。資料の帰属範囲をRAGChecker型のclaim-level評価では、gold evidenceがretrieval結果へ入らなかったfailureと、取得済みevidenceをgeneratorが利用しなかったfailureを別labelにできるという限定まで狭め、候補URLの存在だけで機序や結果を補わない文へ変更します。 修正文にある主体と操作対象は保ちつつ、直接根拠を越える各要素と結論との直接の対応を落とす差分なので、REWRITE_REQUIREDと判定します。,NOT_APPLICABLE_NON_NORMATIVE,NOT_APPLICABLE_NON_NORMATIVE,UNVERIFIED,9.1.1 (docs/9.失敗パターンに応じて高度化する/9.1.高度化は失敗パターンから選ぶ.md:21); authoritative docs commit 52bebecfb2a435d0e7ff2efea557c5799674ded6 の現文を次の文へ置換する: RAGChecker型のclaim-level評価では、gold evidenceがretrieval結果へ入らなかったfailureと、取得済みevidenceをgeneratorが利用しなかったfailureを別labelにできます。 再抽出した文面と分類を照合する。,rag-guide-maintainers,,,,INCONCLUSIVE,NOT_APPLICABLE_UNPROVED,codex-primary-wave4,2026-08-15,codex-independent-wave4,2026-08-15,FINAL_TWO_REVIEWER_APPROVED
SENT-3670,52bebecfb2a435d0e7ff2efea557c5799674ded6,| 長い文書の全体傾向 | 長文、階層型RAG | チャンク拡張で解けるか |,| 長い文書の全体傾向 | 長文、階層型RAG | チャンク拡張で解けるか |,NL_PROPOSITION(| 長い文書の全体傾向 | 長文、階層型RAG | チャンク拡張で解けるか |),UNFORMALIZED,general_technical_claim,UNCLASSIFIED,9.1.2 (docs/9.失敗パターンに応じて高度化する/9.1.高度化は失敗パターンから選ぶ.md:55); authoritative docs commit 52bebecfb2a435d0e7ff2efea557c5799674ded6,SRC-015;SRC-024;SRC-029;SRC-031;SRC-033,SRC-015 https://arxiv.org/abs/2205.00445 — abstract inspected 2026-08-15; 現主張への直接locatorは未確定; SRC-024 https://arxiv.org/abs/2204.08387 — primary_page inspected 2026-08-15; 現主張への直接locatorは未確定; SRC-029 https://arxiv.org/abs/2110.00061 — abstract inspected 2026-08-15; 現主張への直接locatorは未確定,DEFINITION_OR_SPEC,NONE_DIRECTLY_VERIFIED,UNFORMALIZED_NATURAL_LANGUAGE_CLAIM,NOT_APPLICABLE,REMOVE_OR_REPLACE,| 長い文書の全体傾向 | 長文、階層型RAG | チャンク拡張で解けるか | この行は 9.1.2 (docs/9.失敗パターンに応じて高度化する/9.1.高度化は失敗パターンから選ぶ.md:55); authoritative docs commit 52bebecfb2a435d0e7ff2efea557c5799674ded6 にあるMarkdown表示単位で、単独の技術命題として検証できる主語・述語を備えていません。表示は維持しつつ UNFORMALIZED_NATURAL_LANGUAGE_CLAIM を証拠要求の命題集合から除外するため、REMOVE_OR_REPLACEの分類overrideを適用します。,NOT_APPLICABLE_NON_NORMATIVE,NOT_APPLICABLE_NON_NORMATIVE,UNVERIFIED,9.1.2 (docs/9.失敗パターンに応じて高度化する/9.1.高度化は失敗パターンから選ぶ.md:55); authoritative docs commit 52bebecfb2a435d0e7ff2efea557c5799674ded6 のMarkdown表示は維持し、Wave 4分類overrideで技術的事実の命題集合から除外する。,rag-guide-maintainers,,,,INCONCLUSIVE,NOT_APPLICABLE_UNPROVED,codex-primary-wave4,2026-08-15,codex-independent-wave4,2026-08-15,FINAL_TWO_REVIEWER_APPROVED
SENT-3678,52bebecfb2a435d0e7ff2efea557c5799674ded6,検索なし、通常RAG、再順位付け強化、反復検索、長文入力、エージェント型処理へ段階的に引き上げます。,高度化はno-retrieval、basic RAG、rerank強化、iterative retrieval、long-context、agentic処理の順に一段ずつ比較し、直前baselineを残します。,"AND(ATOM(rerank=true), ATOM(retrieval=true))",AND,general_technical_claim,UNCLASSIFIED,9.1.3 (docs/9.失敗パターンに応じて高度化する/9.1.高度化は失敗パターンから選ぶ.md:68); authoritative docs commit 52bebecfb2a435d0e7ff2efea557c5799674ded6,,,DEFINITION_OR_SPEC,,rerank=true,NOT_APPLICABLE,REWRITE_REQUIRED,「高度化はno-retrieval」の証拠境界として、根拠台帳にはrerank=trueを支えるlocatorがなく、元の未確定の関係を一般化しない判断です。高度化はno-retrieval、basic RAG、rerank強化、iterative retrieval、long-context、agentic処理の順に一段ずつ比較し、直前baselineを残します。 修正文が具体化する対象は「高度化はno-retrieval」です。「高度化はno-retrieval」の検討では、rerank=trueを外部で常に成立する命題にはせず、このガイドの実装境界として記述します。「高度化はno-retrieval」の採否について、rerank=trueを外的真偽の主張にしない完成文へ更新するのが妥当です。,NOT_APPLICABLE_NON_NORMATIVE,NOT_APPLICABLE_NON_NORMATIVE,NOT_APPLICABLE,9.1.3 (docs/9.失敗パターンに応じて高度化する/9.1.高度化は失敗パターンから選ぶ.md:68); authoritative docs commit 52bebecfb2a435d0e7ff2efea557c5799674ded6 の現文を次の文へ置換する: 高度化はno-retrieval、basic RAG、rerank強化、iterative retrieval、long-context、agentic処理の順に一段ずつ比較し、直前baselineを残します。 再抽出した文面と分類を照合する。,rag-guide-maintainers,,,,INCONCLUSIVE,NOT_APPLICABLE_UNPROVED,codex-primary-wave4,2026-08-15,codex-independent-wave4,2026-08-15,FINAL_TWO_REVIEWER_APPROVED
SENT-3680,52bebecfb2a435d0e7ff2efea557c5799674ded6,RAGと長文入力を比較する研究は、質問とモデルの確信に応じた経路選択も扱っています。,Retrieval Augmented Generation or Long-Context LLMs?は、同研究のquestionとmodelについて、model confidenceに応じてRAG経路とlong-context経路を選ぶhybrid方法を評価しています。,NL_PROPOSITION(RAGと長文入力を比較する研究は、質問とモデルの確信に応じた経路選択も扱っています。),UNFORMALIZED,externally_cited_claim,UNCLASSIFIED,9.1.3 (docs/9.失敗パターンに応じて高度化する/9.1.高度化は失敗パターンから選ぶ.md:71); authoritative docs commit 52bebecfb2a435d0e7ff2efea557c5799674ded6,SRC-059,SRC-059 https://arxiv.org/abs/2407.16833 — abstract inspected 2026-08-15; 現主張への直接locatorは未確定,EMPIRICAL_RESULT,NONE_DIRECTLY_VERIFIED,UNFORMALIZED_NATURAL_LANGUAGE_CLAIM,NOT_APPLICABLE,REWRITE_REQUIRED,arxiv.orgのAbstractへの参照は台帳にありますが、原文の未形式化主張について各要素と結論との直接の対応まで同時に再特定できる直接箇所が確定していません。資料の帰属範囲をRetrieval Augmented Generation or Long-Context LLMs?は、同研究のquestionとmodelについて、model confidenceに応じてRAG経路とlong-context経路を選ぶhybrid方法を評価しているという限定まで狭め、候補URLの存在だけで機序や結果を補わない文へ変更します。 修正文にある主体と操作対象は保ちつつ、直接根拠を越える各要素と結論との直接の対応を落とす差分なので、REWRITE_REQUIREDと判定します。,NOT_APPLICABLE_NON_NORMATIVE,NOT_APPLICABLE_NON_NORMATIVE,UNVERIFIED,9.1.3 (docs/9.失敗パターンに応じて高度化する/9.1.高度化は失敗パターンから選ぶ.md:71); authoritative docs commit 52bebecfb2a435d0e7ff2efea557c5799674ded6 の現文を次の文へ置換する: Retrieval Augmented Generation or Long-Context LLMs?は、同研究のquestionとmodelについて、model confidenceに応じてRAG経路とlong-context経路を選ぶhybrid方法を評価しています。 再抽出した文面と分類を照合する。,rag-guide-maintainers,,,,INCONCLUSIVE,NOT_APPLICABLE_UNPROVED,codex-primary-wave4,2026-08-15,codex-independent-wave4,2026-08-15,FINAL_TWO_REVIEWER_APPROVED
SENT-3690,52bebecfb2a435d0e7ff2efea557c5799674ded6,すべての質問を同じ高価な処理へ送り、最終回答だけで検索と生成の改善を判断することも避けます。,,"AND(AND(ATOM(retrieval=true), ATOM(generation=true)), ATOM(empirical_result=true))",AND,empirical_or_research_claim,UNCLASSIFIED,9.1.5 (docs/9.失敗パターンに応じて高度化する/9.1.高度化は失敗パターンから選ぶ.md:90); authoritative docs commit 52bebecfb2a435d0e7ff2efea557c5799674ded6,,,DEFINITION_OR_SPEC,,,,APPROPRIATE_NORMATIVE,すべての質問を同じ高価な処理へ送り、最終回答だけで検索と生成の改善を判断することも避けるという採否判断は、比較対象と合格条件を実行結果で識別するために置きます。query type別routerを設け、単純質問を高費用経路へ送らないことを確認する。評価ではretrieval、reranking、generationを別metricで測り、final answerだけで改善工程を決めない。 さらに、安全性の高いqueryを常に強化経路へ送る方針は認めるが、対象risk classと追加費用を明示する。 この扱いを例外として記録します。 同じ条件での比較と採用しない条件を両方記録できるため、APPROPRIATE_NORMATIVEです。,query type別routerを設け、単純質問を高費用経路へ送らないことを確認する。評価ではretrieval、reranking、generationを別metricで測り、final answerだけで改善工程を決めない。,安全性の高いqueryを常に強化経路へ送る方針は認めるが、対象risk classと追加費用を明示する。,NOT_APPLICABLE,9.1.5 (docs/9.失敗パターンに応じて高度化する/9.1.高度化は失敗パターンから選ぶ.md:90); authoritative docs commit 52bebecfb2a435d0e7ff2efea557c5799674ded6 の本文を維持し、normative_criteriaとexceptionsを設計台帳へ固定する。,rag-guide-maintainers,,,,INCONCLUSIVE,NOT_APPLICABLE_UNPROVED,codex-primary-wave4,2026-08-15,codex-independent-wave4,2026-08-15,FINAL_TWO_REVIEWER_APPROVED
SENT-3691,52bebecfb2a435d0e7ff2efea557c5799674ded6,Modular RAGは構成要素を組み替える考え方を示しますが、明確な入出力、個別評価、切り戻しがなければ複雑さだけが増えます。,Modular RAGの各部品には入出力、個別評価、feature flag、切り戻し先を定義し、同じ受入条件を単純構成が満たす場合は部品を追加しません。,"AND(ATOM(evaluation=true), ATOM(modular=true))",AND,externally_cited_claim,UNCLASSIFIED,9.1.5 (docs/9.失敗パターンに応じて高度化する/9.1.高度化は失敗パターンから選ぶ.md:92); authoritative docs commit 52bebecfb2a435d0e7ff2efea557c5799674ded6,SRC-140,SRC-140 https://arxiv.org/abs/2407.21059 — abstract inspected 2026-08-15; 現主張への直接locatorは未確定,EMPIRICAL_RESULT,NONE_DIRECTLY_VERIFIED,evaluation=true,NOT_APPLICABLE,REWRITE_REQUIRED,arxiv.orgのAbstractへの参照は台帳にありますが、evaluationについて各要素と結論との直接の対応まで同時に再特定できる直接箇所が確定していません。資料の帰属範囲をModular RAGの各部品には入出力、個別評価、feature flag、切り戻し先を定義し、同じ受入条件を単純構成が満たす場合は部品を追加しないという限定まで狭め、候補URLの存在だけで機序や結果を補わない文へ変更します。 修正文にある主体と操作対象は保ちつつ、直接根拠を越える各要素と結論との直接の対応を落とす差分なので、REWRITE_REQUIREDと判定します。,NOT_APPLICABLE_NON_NORMATIVE,NOT_APPLICABLE_NON_NORMATIVE,UNVERIFIED,9.1.5 (docs/9.失敗パターンに応じて高度化する/9.1.高度化は失敗パターンから選ぶ.md:92); authoritative docs commit 52bebecfb2a435d0e7ff2efea557c5799674ded6 の現文を次の文へ置換する: Modular RAGの各部品には入出力、個別評価、feature flag、切り戻し先を定義し、同じ受入条件を単純構成が満たす場合は部品を追加しません。 再抽出した文面と分類を照合する。,rag-guide-maintainers,,,,INCONCLUSIVE,NOT_APPLICABLE_UNPROVED,codex-primary-wave4,2026-08-15,codex-independent-wave4,2026-08-15,FINAL_TWO_REVIEWER_APPROVED
SENT-3692,52bebecfb2a435d0e7ff2efea557c5799674ded6,一変更ずつ要素除去実験を行い、対象失敗を改善しない部品は外します。,,NOT(ATOM(empirical_result=true)),NOT,empirical_or_research_claim,UNCLASSIFIED,9.1.5 (docs/9.失敗パターンに応じて高度化する/9.1.高度化は失敗パターンから選ぶ.md:93); authoritative docs commit 52bebecfb2a435d0e7ff2efea557c5799674ded6,,,DEFINITION_OR_SPEC,,,,APPROPRIATE_NORMATIVE,一変更ずつ要素除去実験を行い、対象失敗を改善しない部品は外すという採否判断は、比較対象と合格条件を実行結果で識別するために置きます。追加componentを一つずつ無効化するablation runを行い、対象failure metricを改善せず品質・latency・costのいずれかを悪化させるcomponentを構成から外す。 適用境界では、security controlは平均品質への寄与がなくてもrisk低減を別testで示せれば保持できるが、評価なしでは例外にしない。 同じ条件での比較と採用しない条件を両方記録できるため、APPROPRIATE_NORMATIVEです。,追加componentを一つずつ無効化するablation runを行い、対象failure metricを改善せず品質・latency・costのいずれかを悪化させるcomponentを構成から外す。,security controlは平均品質への寄与がなくてもrisk低減を別testで示せれば保持できるが、評価なしでは例外にしない。,NOT_APPLICABLE,9.1.5 (docs/9.失敗パターンに応じて高度化する/9.1.高度化は失敗パターンから選ぶ.md:93); authoritative docs commit 52bebecfb2a435d0e7ff2efea557c5799674ded6 の本文を維持し、normative_criteriaとexceptionsを設計台帳へ固定する。,rag-guide-maintainers,,,,INCONCLUSIVE,NOT_APPLICABLE_UNPROVED,codex-primary-wave4,2026-08-15,codex-independent-wave4,2026-08-15,FINAL_TWO_REVIEWER_APPROVED
SENT-3693,52bebecfb2a435d0e7ff2efea557c5799674ded6,手法名を成果として報告しません。,,NOT(ATOM(empirical_result=true)),NOT,empirical_or_research_claim,UNCLASSIFIED,9.1.5 (docs/9.失敗パターンに応じて高度化する/9.1.高度化は失敗パターンから選ぶ.md:95); authoritative docs commit 52bebecfb2a435d0e7ff2efea557c5799674ded6,,,DEFINITION_OR_SPEC,,,,APPROPRIATE_NORMATIVE,手法名を成果として報告しないという運用要件は、実行時の判断を担当者ごとにぶらさないためのローカル規則です。実験reportには手法名ではなくbaseline差分、対象query slice、品質・latency・cost・riskの結果、失敗例を記載し、手法を導入した事実だけを成果欄へ書かない。 さらに、探索段階では手法名をcandidate labelに使えるが、release成果には測定結果と受入条件の達成を必要とする。 この扱いを例外として記録します。 実装結果と例外発生時の扱いを個別に検査できるため、APPROPRIATE_NORMATIVEです。,実験reportには手法名ではなくbaseline差分、対象query slice、品質・latency・cost・riskの結果、失敗例を記載し、手法を導入した事実だけを成果欄へ書かない。,探索段階では手法名をcandidate labelに使えるが、release成果には測定結果と受入条件の達成を必要とする。,NOT_APPLICABLE,9.1.5 (docs/9.失敗パターンに応じて高度化する/9.1.高度化は失敗パターンから選ぶ.md:95); authoritative docs commit 52bebecfb2a435d0e7ff2efea557c5799674ded6 の本文を維持し、normative_criteriaとexceptionsを設計台帳へ固定する。,rag-guide-maintainers,,,,INCONCLUSIVE,NOT_APPLICABLE_UNPROVED,codex-primary-wave4,2026-08-15,codex-independent-wave4,2026-08-15,FINAL_TWO_REVIEWER_APPROVED
SENT-3698,52bebecfb2a435d0e7ff2efea557c5799674ded6,複数文書を生成モデル内で融合する方式、検索器と生成器を共同学習する方式、事前学習から外部知識を参照する方式があります。,複数文書fusion、retriever-generator共同学習、pretraining時外部知識参照を別方式群として整理し、同一の実装経路とは扱いません。,"AND(AND(AND(ATOM(learned=true), ATOM(retrieval=true)), ATOM(generation=true)), ATOM(external_knowledge=true))",AND,general_technical_claim,UNCLASSIFIED,9.10.1 (docs/9.失敗パターンに応じて高度化する/9.10.Retrieval-aware training・RA-LLM.md:9); authoritative docs commit 52bebecfb2a435d0e7ff2efea557c5799674ded6,,,DEFINITION_OR_SPEC,,learned=true,NOT_APPLICABLE,REWRITE_REQUIRED,「複数文書fusion」の証拠境界として、learned=trueについて一次資料の具体箇所を再特定できず、未確定の関係のまま維持できません。複数文書fusion、retriever-generator共同学習、pretraining時外部知識参照を別方式群として整理し、同一の実装経路とは扱いません。 修正文が具体化する対象は「複数文書fusion」です。「複数文書fusion」の検討では、learned=trueを技術一般へ外挿せず、本文の動作を具体化しました。「複数文書fusion」の採否について、learned=trueに関する具体的な処理は有用ですが、原文のままでは境界を越えるため書換えを選びます。,NOT_APPLICABLE_NON_NORMATIVE,NOT_APPLICABLE_NON_NORMATIVE,NOT_APPLICABLE,9.10.1 (docs/9.失敗パターンに応じて高度化する/9.10.Retrieval-aware training・RA-LLM.md:9); authoritative docs commit 52bebecfb2a435d0e7ff2efea557c5799674ded6 の現文を次の文へ置換する: 複数文書fusion、retriever-generator共同学習、pretraining時外部知識参照を別方式群として整理し、同一の実装経路とは扱いません。 再抽出した文面と分類を照合する。,rag-guide-maintainers,,,,INCONCLUSIVE,NOT_APPLICABLE_UNPROVED,codex-primary-wave4,2026-08-15,codex-independent-wave4,2026-08-15,FINAL_TWO_REVIEWER_APPROVED
SENT-3716,52bebecfb2a435d0e7ff2efea557c5799674ded6,実際の負荷は実装、インデックス規模、更新頻度によって変わるため、矢印を論文間の実測順位とは解釈しません。,,NL_PROPOSITION(実際の負荷は実装、インデックス規模、更新頻度によって変わるため、矢印を論文間の実測順位とは解釈しません。),UNFORMALIZED,empirical_or_research_claim,UNCLASSIFIED,9.10.1 (docs/9.失敗パターンに応じて高度化する/9.10.Retrieval-aware training・RA-LLM.md:36); authoritative docs commit 52bebecfb2a435d0e7ff2efea557c5799674ded6,,,DEFINITION_OR_SPEC,,,,APPROPRIATE_NORMATIVE,実際の負荷は実装、インデックス規模、更新頻度によって変わるため、矢印を論文間の実測順位とは解釈しないという採否判断は、比較対象と合格条件を実行結果で識別するために置きます。方式比較図の矢印には『概念上の複雑性』など軸の意味を明記し、異なる論文のreported numberを同一条件の実測順位として並べない。 さらに、同一dataset、hardware、implementation、metricで再測定した方式は実測順位を表示できるが、測定条件を図注へ記載する。 この扱いを例外として記録します。 同じ条件での比較と採用しない条件を両方記録できるため、APPROPRIATE_NORMATIVEです。,方式比較図の矢印には『概念上の複雑性』など軸の意味を明記し、異なる論文のreported numberを同一条件の実測順位として並べない。,同一dataset、hardware、implementation、metricで再測定した方式は実測順位を表示できるが、測定条件を図注へ記載する。,NOT_APPLICABLE,9.10.1 (docs/9.失敗パターンに応じて高度化する/9.10.Retrieval-aware training・RA-LLM.md:36); authoritative docs commit 52bebecfb2a435d0e7ff2efea557c5799674ded6 の本文を維持し、normative_criteriaとexceptionsを設計台帳へ固定する。,rag-guide-maintainers,,,,INCONCLUSIVE,NOT_APPLICABLE_UNPROVED,codex-primary-wave4,2026-08-15,codex-independent-wave4,2026-08-15,FINAL_TWO_REVIEWER_APPROVED
SENT-3718,52bebecfb2a435d0e7ff2efea557c5799674ded6,学習対象と効果を分離して比較できない場合は、検索器と生成モデルを同時に変更しません。,,"NOT(AND(ATOM(retrieval=true), ATOM(generation=true)))",NOT,general_technical_claim,UNCLASSIFIED,9.10.2 (docs/9.失敗パターンに応じて高度化する/9.10.Retrieval-aware training・RA-LLM.md:45); authoritative docs commit 52bebecfb2a435d0e7ff2efea557c5799674ded6,,,DEFINITION_OR_SPEC,,,,APPROPRIATE_NORMATIVE,学習対象と効果を分離して比較できない場合は、検索器と生成モデルを同時に変更しないという採否判断は、比較対象と合格条件を実行結果で識別するために置きます。この規則に挙げた選択肢を同じdataset version、query slice、gold evidence、負荷条件で比較し、対象sliceごとの品質・latency・costを一つのresult tableへ記録する。 さらに、判定に必要なgold evidenceがないslice、標本不足のslice、負荷条件が異なるrunは合否集計から分離し、他sliceの平均結果を外挿しない。 この扱いを例外として記録します。 同じ条件での比較と採用しない条件を両方記録できるため、APPROPRIATE_NORMATIVEです。,学習対象と効果を分離して比較できない場合は、検索器と生成モデルを同時に変更しないことを定める評価・採否規則について、この規則に挙げた選択肢を同じdataset version、query slice、gold evidence、負荷条件で比較し、対象sliceごとの品質・latency・costを一つのresult tableへ記録する。,学習対象と効果を分離して比較できない場合は、検索器と生成モデルを同時に変更しないことを定める評価・採否規則の例外として、判定に必要なgold evidenceがないslice、標本不足のslice、負荷条件が異なるrunは合否集計から分離し、他sliceの平均結果を外挿しない。,NOT_APPLICABLE,9.10.2 (docs/9.失敗パターンに応じて高度化する/9.10.Retrieval-aware training・RA-LLM.md:45); authoritative docs commit 52bebecfb2a435d0e7ff2efea557c5799674ded6 の本文を維持し、normative_criteriaとexceptionsを設計台帳へ固定する。,rag-guide-maintainers,,,,INCONCLUSIVE,NOT_APPLICABLE_UNPROVED,codex-primary-wave4,2026-08-15,codex-independent-wave4,2026-08-15,FINAL_TWO_REVIEWER_APPROVED
SENT-3719,52bebecfb2a435d0e7ff2efea557c5799674ded6,検索漏れが原因なら検索器を、正しい根拠があるのに無視するなら生成モデルを主な対象にします。,,"IMP(ATOM(retrieval=true), AND(AND(ATOM(retrieval=true), ATOM(generation=true)), ATOM(evidence_support=true)))",IMPLIES,general_technical_claim,UNCLASSIFIED,9.10.2 (docs/9.失敗パターンに応じて高度化する/9.10.Retrieval-aware training・RA-LLM.md:47); authoritative docs commit 52bebecfb2a435d0e7ff2efea557c5799674ded6,,,DEFINITION_OR_SPEC,,,,APPROPRIATE_NORMATIVE,検索漏れが原因なら検索器を、正しい根拠があるのに無視するなら生成モデルを主な対象にするという検索経路は、候補の収集・統合・選択を再現可能にするガイド内の決定です。この規則で指定した検索経路と分岐条件をtraceへ記録し、条件を満たすfixtureと満たさないfixtureで、選択retriever、candidate集合、fallback先が期待値に一致することを確認する。 適用境界では、この規則より単純な経路が同じ品質・安全性・latency・costのgateを満たす場合は代替できるが、分岐、fallback、artifact provenanceを失う省略は行わない。 検索結果の合格条件と別経路へ切り替える条件が検査できるため、APPROPRIATE_NORMATIVEです。,検索漏れが原因なら検索器を、正しい根拠があるのに無視するなら生成モデルを主な対象にすることを定める検索・経路選択規則について、この規則で指定した検索経路と分岐条件をtraceへ記録し、条件を満たすfixtureと満たさないfixtureで、選択retriever、candidate集合、fallback先が期待値に一致することを確認する。,検索漏れが原因なら検索器を、正しい根拠があるのに無視するなら生成モデルを主な対象にすることを定める検索・経路選択規則の例外として、この規則より単純な経路が同じ品質・安全性・latency・costのgateを満たす場合は代替できるが、分岐、fallback、artifact provenanceを失う省略は行わない。,NOT_APPLICABLE,9.10.2 (docs/9.失敗パターンに応じて高度化する/9.10.Retrieval-aware training・RA-LLM.md:47); authoritative docs commit 52bebecfb2a435d0e7ff2efea557c5799674ded6 の本文を維持し、normative_criteriaとexceptionsを設計台帳へ固定する。,rag-guide-maintainers,,,,INCONCLUSIVE,NOT_APPLICABLE_UNPROVED,codex-primary-wave4,2026-08-15,codex-independent-wave4,2026-08-15,FINAL_TWO_REVIEWER_APPROVED
SENT-3736,52bebecfb2a435d0e7ff2efea557c5799674ded6,先にデータ整備、検索方式、再順位付け、配置、プロンプトを改善し、上流の失敗を重み更新で覆わないようにします。,,"NOT(AND(AND(ATOM(rerank=true), ATOM(retrieval=true)), ATOM(empirical_result=true)))",NOT,empirical_or_research_claim,UNCLASSIFIED,9.10.3 (docs/9.失敗パターンに応じて高度化する/9.10.Retrieval-aware training・RA-LLM.md:74); authoritative docs commit 52bebecfb2a435d0e7ff2efea557c5799674ded6,,,DEFINITION_OR_SPEC,,,,APPROPRIATE_NORMATIVE,先にデータ整備、検索方式、再順位付け、配置、プロンプトを改善し、上流の失敗を重み更新で覆わないようにするという採否判断は、比較対象と合格条件を実行結果で識別するために置きます。failure queryについてdata、retrieval、reranking、placement、promptを順に修正してstage別metricを再測定し、upstreamにgold evidenceがない状態をmodel weight updateだけで合格にしない。 さらに、upstreamが全guardrailを満たした後に残るgeneration failureにはweight updateを検討できるが、順序と診断結果を記録する。 この扱いを例外として記録します。 同じ条件での比較と採用しない条件を両方記録できるため、APPROPRIATE_NORMATIVEです。,failure queryについてdata、retrieval、reranking、placement、promptを順に修正してstage別metricを再測定し、upstreamにgold evidenceがない状態をmodel weight updateだけで合格にしない。,upstreamが全guardrailを満たした後に残るgeneration failureにはweight updateを検討できるが、順序と診断結果を記録する。,NOT_APPLICABLE,9.10.3 (docs/9.失敗パターンに応じて高度化する/9.10.Retrieval-aware training・RA-LLM.md:74); authoritative docs commit 52bebecfb2a435d0e7ff2efea557c5799674ded6 の本文を維持し、normative_criteriaとexceptionsを設計台帳へ固定する。,rag-guide-maintainers,,,,INCONCLUSIVE,NOT_APPLICABLE_UNPROVED,codex-primary-wave4,2026-08-15,codex-independent-wave4,2026-08-15,FINAL_TWO_REVIEWER_APPROVED
SENT-3741,52bebecfb2a435d0e7ff2efea557c5799674ded6,モデルとインデックスを同時に変えると改善原因を判別できないため、互換性の表を持ち、独立して戻せるようにします。,,NOT(ATOM(empirical_result=true)),NOT,empirical_or_research_claim,UNCLASSIFIED,9.10.4 (docs/9.失敗パターンに応じて高度化する/9.10.Retrieval-aware training・RA-LLM.md:84); authoritative docs commit 52bebecfb2a435d0e7ff2efea557c5799674ded6,,,DEFINITION_OR_SPEC,,,,APPROPRIATE_NORMATIVE,モデルとインデックスを同時に変えると改善原因を判別できないため、互換性の表を持ち、独立して戻せるようにするという採否判断は、比較対象と合格条件を実行結果で識別するために置きます。model versionとindex versionのcompatibility matrixを持ち、各組合せの読取り可否を試験する。切替手順ではmodelとindexを別々に旧versionへ戻せることを確認する。 さらに、interface非互換で同時切替が必要なreleaseはatomic deploymentとして扱えるが、改善原因を個別要素へ帰属させない。 この扱いを例外として記録します。 同じ条件での比較と採用しない条件を両方記録できるため、APPROPRIATE_NORMATIVEです。,model versionとindex versionのcompatibility matrixを持ち、各組合せの読取り可否を試験する。切替手順ではmodelとindexを別々に旧versionへ戻せることを確認する。,interface非互換で同時切替が必要なreleaseはatomic deploymentとして扱えるが、改善原因を個別要素へ帰属させない。,NOT_APPLICABLE,9.10.4 (docs/9.失敗パターンに応じて高度化する/9.10.Retrieval-aware training・RA-LLM.md:84); authoritative docs commit 52bebecfb2a435d0e7ff2efea557c5799674ded6 の本文を維持し、normative_criteriaとexceptionsを設計台帳へ固定する。,rag-guide-maintainers,,,,INCONCLUSIVE,NOT_APPLICABLE_UNPROVED,codex-primary-wave4,2026-08-15,codex-independent-wave4,2026-08-15,FINAL_TWO_REVIEWER_APPROVED
SENT-3743,52bebecfb2a435d0e7ff2efea557c5799674ded6,Model Cardsを使い、対象用途、対象外用途、評価結果、既知の制約を記します。,,"AND(AND(ATOM(model_documentation=true), ATOM(evaluation=true)), ATOM(empirical_result=true))",AND,externally_cited_claim,UNCLASSIFIED,9.10.4 (docs/9.失敗パターンに応じて高度化する/9.10.Retrieval-aware training・RA-LLM.md:87); authoritative docs commit 52bebecfb2a435d0e7ff2efea557c5799674ded6,,,DEFINITION_OR_SPEC,,,,APPROPRIATE_NORMATIVE,Model Cardsを使い、対象用途、対象外用途、評価結果、既知の制約を記すという採否判断は、比較対象と合格条件を実行結果で識別するために置きます。採用するmodel versionごとにModel Cardを作成し、intended use、out-of-scope use、evaluation result、known limitationの四欄を埋め、release manifestから参照できることを確認します。 適用境界では、providerの機密情報を記載できない場合は参照権限を制限できますが、対象用途、対象外用途、評価結果、既知の制約の欄自体は省略しません。 同じ条件での比較と採用しない条件を両方記録できるため、APPROPRIATE_NORMATIVEです。,採用するmodel versionごとにModel Cardを作成し、intended use、out-of-scope use、evaluation result、known limitationの四欄を埋め、release manifestから参照できることを確認します。,providerの機密情報を記載できない場合は参照権限を制限できますが、対象用途、対象外用途、評価結果、既知の制約の欄自体は省略しません。,NOT_APPLICABLE,9.10.4 (docs/9.失敗パターンに応じて高度化する/9.10.Retrieval-aware training・RA-LLM.md:87); authoritative docs commit 52bebecfb2a435d0e7ff2efea557c5799674ded6 の本文を維持し、normative_criteriaとexceptionsを設計台帳へ固定する。,rag-guide-maintainers,,,,INCONCLUSIVE,NOT_APPLICABLE_UNPROVED,codex-primary-wave4,2026-08-15,codex-independent-wave4,2026-08-15,FINAL_TWO_REVIEWER_APPROVED
SENT-3744,52bebecfb2a435d0e7ff2efea557c5799674ded6,最初に新しいアダプターを既存インデックスで評価し、その後のインデックス更新を別実験にします。,,"AND(ATOM(evaluation=true), ATOM(empirical_result=true))",AND,empirical_or_research_claim,UNCLASSIFIED,9.10.4 (docs/9.失敗パターンに応じて高度化する/9.10.Retrieval-aware training・RA-LLM.md:89); authoritative docs commit 52bebecfb2a435d0e7ff2efea557c5799674ded6,,,DEFINITION_OR_SPEC,,,,APPROPRIATE_NORMATIVE,最初に新しいアダプターを既存インデックスで評価し、その後のインデックス更新を別実験にするという採否判断は、比較対象と合格条件を実行結果で識別するために置きます。本文に列挙した対象・条件・指標を個別fieldへ保存し、同一runの実装結果または評価結果と一致することを確認する。 さらに、判定に必要なgold evidenceがないslice、標本不足のslice、負荷条件が異なるrunは合否集計から分離し、他sliceの平均結果を外挿しない。 この扱いを例外として記録します。 同じ条件での比較と採用しない条件を両方記録できるため、APPROPRIATE_NORMATIVEです。,最初に新しいアダプターを既存インデックスで評価し、その後のインデックス更新を別実験にすることを定める評価・採否規則について、本文に列挙した対象・条件・指標を個別fieldへ保存し、同一runの実装結果または評価結果と一致することを確認する。,最初に新しいアダプターを既存インデックスで評価し、その後のインデックス更新を別実験にすることを定める評価・採否規則の例外として、判定に必要なgold evidenceがないslice、標本不足のslice、負荷条件が異なるrunは合否集計から分離し、他sliceの平均結果を外挿しない。,NOT_APPLICABLE,9.10.4 (docs/9.失敗パターンに応じて高度化する/9.10.Retrieval-aware training・RA-LLM.md:89); authoritative docs commit 52bebecfb2a435d0e7ff2efea557c5799674ded6 の本文を維持し、normative_criteriaとexceptionsを設計台帳へ固定する。,rag-guide-maintainers,,,,INCONCLUSIVE,NOT_APPLICABLE_UNPROVED,codex-primary-wave4,2026-08-15,codex-independent-wave4,2026-08-15,FINAL_TWO_REVIEWER_APPROVED
SENT-3772,52bebecfb2a435d0e7ff2efea557c5799674ded6,導入前にfailureを固定datasetとtraceで再現し、期待改善、guardrail metric、最大latency、cost budget、security条件を決めます。,,"AND(AND(AND(AND(ATOM(latency=true), ATOM(cost=true)), ATOM(security=true)), ATOM(guardrails=true)), ATOM(empirical_result=true))",AND,empirical_or_research_claim,UNCLASSIFIED,9.11.2 (docs/9.失敗パターンに応じて高度化する/9.11.高度化の導入判断表.md:23); authoritative docs commit 52bebecfb2a435d0e7ff2efea557c5799674ded6,,,DEFINITION_OR_SPEC,,,,APPROPRIATE_NORMATIVE,導入前にfailureを固定datasetとtraceで再現し、期待改善、guardrail metric、最大latency、cost budget、security条件を決めるという採否判断は、比較対象と合格条件を実行結果で識別するために置きます。この規則で列挙した記録項目を同じrun IDへ保存し、各項目が欠損せず、変更前後の差分をquestionまたはdocument単位で逆引きできることを確認する。 さらに、この比較で品質やcostが改善しても、安全性またはauthorizationの必須条件を悪化させるcandidateは採用しない。 この扱いを例外として記録します。 同じ条件での比較と採用しない条件を両方記録できるため、APPROPRIATE_NORMATIVEです。,導入前にfailureを固定datasetとtraceで再現し、期待改善、guardrail metric、最大latency、cost budget、security条件を決めることを定める評価・採否規則について、この規則で列挙した記録項目を同じrun IDへ保存し、各項目が欠損せず、変更前後の差分をquestionまたはdocument単位で逆引きできることを確認する。,導入前にfailureを固定datasetとtraceで再現し、期待改善、guardrail metric、最大latency、cost budget、security条件を決めることを定める評価・採否規則の例外として、この比較で品質やcostが改善しても、安全性またはauthorizationの必須条件を悪化させるcandidateは採用しない。,NOT_APPLICABLE,9.11.2 (docs/9.失敗パターンに応じて高度化する/9.11.高度化の導入判断表.md:23); authoritative docs commit 52bebecfb2a435d0e7ff2efea557c5799674ded6 の本文を維持し、normative_criteriaとexceptionsを設計台帳へ固定する。,rag-guide-maintainers,,,,INCONCLUSIVE,NOT_APPLICABLE_UNPROVED,codex-primary-wave4,2026-08-15,codex-independent-wave4,2026-08-15,FINAL_TWO_REVIEWER_APPROVED
SENT-3774,52bebecfb2a435d0e7ff2efea557c5799674ded6,高度化後も改善が再現しない、別sliceを悪化させる、運用負荷やsecurity riskが許容範囲を超える場合は採用を止めます。,,"NOT(AND(AND(ATOM(security=true), ATOM(risk=true)), ATOM(empirical_result=true)))",NOT,empirical_or_research_claim,UNCLASSIFIED,9.11.2 (docs/9.失敗パターンに応じて高度化する/9.11.高度化の導入判断表.md:25); authoritative docs commit 52bebecfb2a435d0e7ff2efea557c5799674ded6,,,DEFINITION_OR_SPEC,,,,APPROPRIATE_NORMATIVE,高度化後も改善が再現しない、別sliceを悪化させる、運用負荷やsecurity riskが許容範囲を超える場合は採用を止めるという採否判断は、比較対象と合格条件を実行結果で識別するために置きます。高度化candidateは対象failureの再現改善、他sliceの非回帰、運用工数、security riskの全gateを満たす場合だけ採用し、一項目でも許容範囲外ならfeature flagを無効にする。 適用境界では、重大な安全性改善のため一時的な運用負荷増を承認する場合は期限と軽減計画を付け、品質回帰は別途明示する。 同じ条件での比較と採用しない条件を両方記録できるため、APPROPRIATE_NORMATIVEです。,高度化candidateは対象failureの再現改善、他sliceの非回帰、運用工数、security riskの全gateを満たす場合だけ採用し、一項目でも許容範囲外ならfeature flagを無効にする。,重大な安全性改善のため一時的な運用負荷増を承認する場合は期限と軽減計画を付け、品質回帰は別途明示する。,NOT_APPLICABLE,9.11.2 (docs/9.失敗パターンに応じて高度化する/9.11.高度化の導入判断表.md:25); authoritative docs commit 52bebecfb2a435d0e7ff2efea557c5799674ded6 の本文を維持し、normative_criteriaとexceptionsを設計台帳へ固定する。,rag-guide-maintainers,,,,INCONCLUSIVE,NOT_APPLICABLE_UNPROVED,codex-primary-wave4,2026-08-15,codex-independent-wave4,2026-08-15,FINAL_TWO_REVIEWER_APPROVED
SENT-3783,52bebecfb2a435d0e7ff2efea557c5799674ded6,QReCCは、会話中の質問を単独で読める形へ書き換えるデータを含む会話型質問応答データセットです。,,NL_PROPOSITION(QReCCは、会話中の質問を単独で読める形へ書き換えるデータを含む会話型質問応答データセットです。),UNFORMALIZED,externally_cited_claim,UNCLASSIFIED,9.2.1 (docs/9.失敗パターンに応じて高度化する/9.2.Conversational RAG.md:18); authoritative docs commit 52bebecfb2a435d0e7ff2efea557c5799674ded6,SRC-144,"https://arxiv.org/pdf/2010.04898, Introduction, PDF pp. 1–2, lines 63–75 (self-contained versions of contextually dependent questions; each pair annotated with a rewrite)",DEFINITION_OR_SPEC,open_domain_qa=true;query_rewrite=true;benchmark=true,,,APPROPRIATE_SUPPORTED,AbstractはQReCCのquestion rewriting annotationsを支持するが、『単独で読める形』は本文Introductionのself-contained questionsの記述が直接locatorであるため、locatorを本文へ補強する。,NOT_APPLICABLE_NON_NORMATIVE,NOT_APPLICABLE_NON_NORMATIVE,SOURCE_ASSERTED,9.2.1 (docs/9.失敗パターンに応じて高度化する/9.2.Conversational RAG.md:18); authoritative docs commit 52bebecfb2a435d0e7ff2efea557c5799674ded6 の本文を維持し、確定した一次資料locator・主張役割・外的真偽境界を台帳へ固定する。,rag-guide-maintainers,,,,INCONCLUSIVE,NOT_APPLICABLE_UNPROVED,codex-primary-wave4,2026-08-15,codex-independent-wave4,2026-08-15,FINAL_TWO_REVIEWER_APPROVED
SENT-3790,52bebecfb2a435d0e7ff2efea557c5799674ded6,Query Resolutionのように、現在の質問を解決するために必要な履歴を選びます。,,NL_PROPOSITION(Query Resolutionのように、現在の質問を解決するために必要な履歴を選びます。),UNFORMALIZED,externally_cited_claim,必要,9.2.1 (docs/9.失敗パターンに応じて高度化する/9.2.Conversational RAG.md:28); authoritative docs commit 52bebecfb2a435d0e7ff2efea557c5799674ded6,,,DEFINITION_OR_SPEC,,,,APPROPRIATE_NORMATIVE,Query Resolutionのように、現在の質問を解決するために必要な履歴を選ぶという運用要件は、実行時の判断を担当者ごとにぶらさないためのローカル規則です。conversation retrievalでは現在questionの解決に必要とannotationされたhistory turnだけを選択し、全履歴投入baselineとanswer correctness、token数、privacy leakageを比較する。 適用境界では、利用者が全文履歴の要約を明示要求した場合は広い範囲を選べるが、別sessionまたは許可外turnを含めない。 実装結果と例外発生時の扱いを個別に検査できるため、APPROPRIATE_NORMATIVEです。,conversation retrievalでは現在questionの解決に必要とannotationされたhistory turnだけを選択し、全履歴投入baselineとanswer correctness、token数、privacy leakageを比較する。,利用者が全文履歴の要約を明示要求した場合は広い範囲を選べるが、別sessionまたは許可外turnを含めない。,NOT_APPLICABLE,9.2.1 (docs/9.失敗パターンに応じて高度化する/9.2.Conversational RAG.md:28); authoritative docs commit 52bebecfb2a435d0e7ff2efea557c5799674ded6 の本文を維持し、normative_criteriaとexceptionsを設計台帳へ固定する。,rag-guide-maintainers,,,,INCONCLUSIVE,NOT_APPLICABLE_UNPROVED,codex-primary-wave4,2026-08-15,codex-independent-wave4,2026-08-15,FINAL_TWO_REVIEWER_APPROVED
SENT-3802,52bebecfb2a435d0e7ff2efea557c5799674ded6,まず汎用検索器と質問書き換えを試し、それでは再現可能な失敗が残る場合に専用符号化器を検討します。,,NL_PROPOSITION(まず汎用検索器と質問書き換えを試し、それでは再現可能な失敗が残る場合に専用符号化器を検討します。),UNFORMALIZED,general_technical_claim,可能,9.2.2 (docs/9.失敗パターンに応じて高度化する/9.2.Conversational RAG.md:48); authoritative docs commit 52bebecfb2a435d0e7ff2efea557c5799674ded6,,,DEFINITION_OR_SPEC,,,,APPROPRIATE_NORMATIVE,まず汎用検索器と質問書き換えを試し、それでは再現可能な失敗が残る場合に専用符号化器を検討するという検索経路は、候補の収集・統合・選択を再現可能にするガイド内の決定です。この規則で指定した検索経路と分岐条件をtraceへ記録し、条件を満たすfixtureと満たさないfixtureで、選択retriever、candidate集合、fallback先が期待値に一致することを確認する。 適用境界では、この規則より単純な経路が同じ品質・安全性・latency・costのgateを満たす場合は代替できるが、分岐、fallback、artifact provenanceを失う省略は行わない。 検索結果の合格条件と別経路へ切り替える条件が検査できるため、APPROPRIATE_NORMATIVEです。,まず汎用検索器と質問書き換えを試し、それでは再現可能な失敗が残る場合に専用符号化器を検討することを定める検索・経路選択規則について、この規則で指定した検索経路と分岐条件をtraceへ記録し、条件を満たすfixtureと満たさないfixtureで、選択retriever、candidate集合、fallback先が期待値に一致することを確認する。,まず汎用検索器と質問書き換えを試し、それでは再現可能な失敗が残る場合に専用符号化器を検討することを定める検索・経路選択規則の例外として、この規則より単純な経路が同じ品質・安全性・latency・costのgateを満たす場合は代替できるが、分岐、fallback、artifact provenanceを失う省略は行わない。,NOT_APPLICABLE,9.2.2 (docs/9.失敗パターンに応じて高度化する/9.2.Conversational RAG.md:48); authoritative docs commit 52bebecfb2a435d0e7ff2efea557c5799674ded6 の本文を維持し、normative_criteriaとexceptionsを設計台帳へ固定する。,rag-guide-maintainers,,,,INCONCLUSIVE,NOT_APPLICABLE_UNPROVED,codex-primary-wave4,2026-08-15,codex-independent-wave4,2026-08-15,FINAL_TWO_REVIEWER_APPROVED
SENT-3829,52bebecfb2a435d0e7ff2efea557c5799674ded6,本節は「知識源またはretrieverを質問ごとに選び、結果を統合する」という方式群の効果と課題が複数研究で報告されていることを根拠にし、特定のrouterや構成がすべての業務で優れるとはみなしません。,知識源またはretrieverを質問ごとに選択して結果を統合する方式を候補としますが、採否は対象業務データで固定構成と比較して決めます。,"NOT(AND(AND(ATOM(retrieval=true), ATOM(evidence_support=true)), ATOM(empirical_result=true)))",NOT,empirical_or_research_claim,UNCLASSIFIED,FILE-INTRO (docs/9.失敗パターンに応じて高度化する/9.3.Federated・Routed RAG.md:8); authoritative docs commit 52bebecfb2a435d0e7ff2efea557c5799674ded6,,,HYPOTHESIS,,evidence_support=true,NOT,REWRITE_REQUIRED,Gold標本の二者校正で確定。独立案はローカル規範として扱ったが、原文前半の『複数研究で報告』は外部事実であり未確認。外部研究への包括的な訴求を除き、router採否を対象業務で比較する規則へ書き換える。,NOT_APPLICABLE_NON_NORMATIVE,NOT_APPLICABLE_NON_NORMATIVE,NOT_APPLICABLE,FILE-INTRO (docs/9.失敗パターンに応じて高度化する/9.3.Federated・Routed RAG.md:8); authoritative docs commit 52bebecfb2a435d0e7ff2efea557c5799674ded6 の現文を次の文へ置換する: 知識源またはretrieverを質問ごとに選択して結果を統合する方式を候補としますが、採否は対象業務データで固定構成と比較して決めます。 再抽出した文面と分類を照合する。,rag-guide-maintainers,,,,INCONCLUSIVE,NOT_APPLICABLE_UNPROVED,codex-primary-wave4,2026-08-15,codex-independent-wave4,2026-08-15,FINAL_TWO_REVIEWER_APPROVED
SENT-3834,52bebecfb2a435d0e7ff2efea557c5799674ded6,効果の主な根拠には、前述の査読付き研究を使います。,,ATOM(evidence_support=true),ATOM,empirical_or_research_claim,UNCLASSIFIED,9.3.1 (docs/9.失敗パターンに応じて高度化する/9.3.Federated・Routed RAG.md:16); authoritative docs commit 52bebecfb2a435d0e7ff2efea557c5799674ded6,,,DEFINITION_OR_SPEC,,,,APPROPRIATE_NORMATIVE,効果の主な根拠には、前述の査読付き研究を使うという運用要件は、実行時の判断を担当者ごとにぶらさないためのローカル規則です。方式の主要効果を述べる各段落に、前節で確認したpeer-reviewed primary studyの具体locatorを少なくとも一件結び、候補URLだけの段落を主要根拠として扱わない。 さらに、公式仕様にしか存在しない製品機能の説明はofficial documentationを主要根拠にできるが、algorithm有効性の主張へ置き換えない。 この扱いを例外として記録します。 実装結果と例外発生時の扱いを個別に検査できるため、APPROPRIATE_NORMATIVEです。,方式の主要効果を述べる各段落に、前節で確認したpeer-reviewed primary studyの具体locatorを少なくとも一件結び、候補URLだけの段落を主要根拠として扱わない。,公式仕様にしか存在しない製品機能の説明はofficial documentationを主要根拠にできるが、algorithm有効性の主張へ置き換えない。,NOT_APPLICABLE,9.3.1 (docs/9.失敗パターンに応じて高度化する/9.3.Federated・Routed RAG.md:16); authoritative docs commit 52bebecfb2a435d0e7ff2efea557c5799674ded6 の本文を維持し、normative_criteriaとexceptionsを設計台帳へ固定する。,rag-guide-maintainers,,,,INCONCLUSIVE,NOT_APPLICABLE_UNPROVED,codex-primary-wave4,2026-08-15,codex-independent-wave4,2026-08-15,FINAL_TWO_REVIEWER_APPROVED
SENT-3843,52bebecfb2a435d0e7ff2efea557c5799674ded6,経路制御には、明示的なルール、分類モデル、埋め込みの類似度、確率モデル、LLMを使えます。,routing方式は明示rule、classifier、embedding similarity、probabilistic model、LLMを別候補とし、accuracy、latency、cost、fallback率で選びます。,NL_PROPOSITION(経路制御には、明示的なルール、分類モデル、埋め込みの類似度、確率モデル、LLMを使えます。),UNFORMALIZED,general_technical_claim,UNCLASSIFIED,9.3.2 (docs/9.失敗パターンに応じて高度化する/9.3.Federated・Routed RAG.md:32); authoritative docs commit 52bebecfb2a435d0e7ff2efea557c5799674ded6,,,DEFINITION_OR_SPEC,,UNFORMALIZED_NATURAL_LANGUAGE_CLAIM,NOT_APPLICABLE,REWRITE_REQUIRED,「routing方式は明示rule」の検討では、未確定の関係を実装時に判定できるよう、対象と操作を明示した文へ直しています。routing方式は明示rule、classifier、embedding similarity、probabilistic model、LLMを別候補とし、accuracy、latency、cost、fallback率で選びます。 修正文が具体化する対象は「routing方式は明示rule」です。「routing方式は明示rule」の証拠境界として、直接locatorがないため、UNFORMALIZED_NATURAL_LANGUAGE_CLAIMに関する未確定の関係を外部事実として採用しません。「routing方式は明示rule」の採否について、UNFORMALIZED_NATURAL_LANGUAGE_CLAIMが一般則と誤読されない修正文を要するため、REWRITE_REQUIREDです。,NOT_APPLICABLE_NON_NORMATIVE,NOT_APPLICABLE_NON_NORMATIVE,NOT_APPLICABLE,9.3.2 (docs/9.失敗パターンに応じて高度化する/9.3.Federated・Routed RAG.md:32); authoritative docs commit 52bebecfb2a435d0e7ff2efea557c5799674ded6 の現文を次の文へ置換する: routing方式は明示rule、classifier、embedding similarity、probabilistic model、LLMを別候補とし、accuracy、latency、cost、fallback率で選びます。 再抽出した文面と分類を照合する。,rag-guide-maintainers,,,,INCONCLUSIVE,NOT_APPLICABLE_UNPROVED,codex-primary-wave4,2026-08-15,codex-independent-wave4,2026-08-15,FINAL_TWO_REVIEWER_APPROVED
SENT-3850,52bebecfb2a435d0e7ff2efea557c5799674ded6,規程文書には疎検索と密検索、売上データにはSQL、関係データにはグラフ探索、現在状態にはAPIを使います。,,"AND(AND(AND(ATOM(sparse=true), ATOM(dense=true)), ATOM(graph_index=true)), ATOM(retrieval=true))",AND,general_technical_claim,UNCLASSIFIED,9.3.2 (docs/9.失敗パターンに応じて高度化する/9.3.Federated・Routed RAG.md:42); authoritative docs commit 52bebecfb2a435d0e7ff2efea557c5799674ded6,,,DEFINITION_OR_SPEC,,,,APPROPRIATE_NORMATIVE,規程文書には疎検索と密検索、売上データにはSQL、関係データにはグラフ探索、現在状態にはAPIを使うという検索経路は、候補の収集・統合・選択を再現可能にするガイド内の決定です。規程文書、売上table、関係data、current stateのfixtureを用意し、routerがそれぞれhybrid retrieval、read-only SQL、graph traversal、authorized APIを選択することを確認する。 適用境界では、一つの質問が複数data typeを要求する場合は複数経路を実行できるが、各結果のsource typeと統合順をtraceへ残す。 検索結果の合格条件と別経路へ切り替える条件が検査できるため、APPROPRIATE_NORMATIVEです。,規程文書、売上table、関係data、current stateのfixtureを用意し、routerがそれぞれhybrid retrieval、read-only SQL、graph traversal、authorized APIを選択することを確認する。,一つの質問が複数data typeを要求する場合は複数経路を実行できるが、各結果のsource typeと統合順をtraceへ残す。,NOT_APPLICABLE,9.3.2 (docs/9.失敗パターンに応じて高度化する/9.3.Federated・Routed RAG.md:42); authoritative docs commit 52bebecfb2a435d0e7ff2efea557c5799674ded6 の本文を維持し、normative_criteriaとexceptionsを設計台帳へ固定する。,rag-guide-maintainers,,,,INCONCLUSIVE,NOT_APPLICABLE_UNPROVED,codex-primary-wave4,2026-08-15,codex-independent-wave4,2026-08-15,FINAL_TWO_REVIEWER_APPROVED
SENT-3856,52bebecfb2a435d0e7ff2efea557c5799674ded6,異なる検索器の生スコアを、そのまま足し合わせません。,retriever間では生scoreを加算せず、rank fusionまたは検証済みcalibrationを通したscoreだけを統合します。,NOT(ATOM(retrieval=true)),NOT,general_technical_claim,UNCLASSIFIED,9.3.3 (docs/9.失敗パターンに応じて高度化する/9.3.Federated・Routed RAG.md:53); authoritative docs commit 52bebecfb2a435d0e7ff2efea557c5799674ded6,,,DEFINITION_OR_SPEC,,retrieval=true,NOT,REWRITE_REQUIRED,「retriever間では生scoreを加算せず」の検討では、retrieval=trueを外部で常に成立する命題にはせず、このガイドの実装境界として記述します。「retriever間では生scoreを加算せず」の証拠境界として、retrieval=trueをめぐる否定関係には確定locatorがなく、本文の主語と適用先を局所化しました。retriever間では生scoreを加算せず、rank fusionまたは検証済みcalibrationを通したscoreだけを統合します。 修正文が具体化する対象は「retriever間では生scoreを加算せず」です。「retriever間では生scoreを加算せず」の採否について、retrieval=trueを外的真偽の主張にしない完成文へ更新するのが妥当です。,NOT_APPLICABLE_NON_NORMATIVE,NOT_APPLICABLE_NON_NORMATIVE,NOT_APPLICABLE,9.3.3 (docs/9.失敗パターンに応じて高度化する/9.3.Federated・Routed RAG.md:53); authoritative docs commit 52bebecfb2a435d0e7ff2efea557c5799674ded6 の現文を次の文へ置換する: retriever間では生scoreを加算せず、rank fusionまたは検証済みcalibrationを通したscoreだけを統合します。 再抽出した文面と分類を照合する。,rag-guide-maintainers,,,,INCONCLUSIVE,NOT_APPLICABLE_UNPROVED,codex-primary-wave4,2026-08-15,codex-independent-wave4,2026-08-15,FINAL_TWO_REVIEWER_APPROVED
SENT-3858,52bebecfb2a435d0e7ff2efea557c5799674ded6,相互順位統合は、各検索結果の順位に基づいて候補を統合します。,RRFによる相互順位統合では、各retrieverの生scoreではなくrank list内の順位を使って候補ごとの統合値を計算します。,"AND(AND(ATOM(ranks_only=true), ATOM(retrieval=true)), ATOM(empirical_result=true))",AND,externally_cited_claim,UNCLASSIFIED,9.3.3 (docs/9.失敗パターンに応じて高度化する/9.3.Federated・Routed RAG.md:55); authoritative docs commit 52bebecfb2a435d0e7ff2efea557c5799674ded6,SRC-064,SRC-064 https://dl.acm.org/doi/10.1145/1571941.1572114 — primary_page inspected 2026-08-15; 現主張への直接locatorは未確定,AUTHOR_CLAIM,NONE_DIRECTLY_VERIFIED,retrieval=true,NOT_APPLICABLE,REWRITE_REQUIRED,dl.acm.orgの一次資料ページへの参照は台帳にありますが、retrievalについて各要素と結論との直接の対応まで同時に再特定できる直接箇所が確定していません。資料の帰属範囲をRRFによる相互順位統合では、各retrieverの生scoreではなくrank list内の順位を使って候補ごとの統合値を計算するという限定まで狭め、候補URLの存在だけで機序や結果を補わない文へ変更します。 修正文にある主体と操作対象は保ちつつ、直接根拠を越える各要素と結論との直接の対応を落とす差分なので、REWRITE_REQUIREDと判定します。,NOT_APPLICABLE_NON_NORMATIVE,NOT_APPLICABLE_NON_NORMATIVE,UNVERIFIED,9.3.3 (docs/9.失敗パターンに応じて高度化する/9.3.Federated・Routed RAG.md:55); authoritative docs commit 52bebecfb2a435d0e7ff2efea557c5799674ded6 の現文を次の文へ置換する: RRFによる相互順位統合では、各retrieverの生scoreではなくrank list内の順位を使って候補ごとの統合値を計算します。 再抽出した文面と分類を照合する。,rag-guide-maintainers,,,,INCONCLUSIVE,NOT_APPLICABLE_UNPROVED,codex-primary-wave4,2026-08-15,codex-independent-wave4,2026-08-15,FINAL_TWO_REVIEWER_APPROVED
SENT-3882,52bebecfb2a435d0e7ff2efea557c5799674ded6,最新値や集計を文書チャンクから推測せず、正本へ安全に問い合わせ、その結果を根拠として説明します。,,"NOT(AND(AND(ATOM(evidence_support=true), ATOM(temporal_freshness=true)), ATOM(empirical_result=true)))",NOT,general_technical_claim,UNCLASSIFIED,FILE-INTRO (docs/9.失敗パターンに応じて高度化する/9.4.Structured Data RAG.md:4); authoritative docs commit 52bebecfb2a435d0e7ff2efea557c5799674ded6,,,DEFINITION_OR_SPEC,,,,APPROPRIATE_NORMATIVE,最新値や集計を文書チャンクから推測せず、正本へ安全に問い合わせ、その結果を根拠として説明するという採否判断は、比較対象と合格条件を実行結果で識別するために置きます。最新値または集計値を含む質問はauthorized source-of-record queryへ送り、response timestampとrecord keyをevidenceとして回答へ結び、document chunkから推定した値で代用しない。 さらに、正本が停止中なら承認済みcacheのas-of時刻を明示して使うか回答保留とし、古い値を最新値として表示しない。 この扱いを例外として記録します。 同じ条件での比較と採用しない条件を両方記録できるため、APPROPRIATE_NORMATIVEです。,最新値または集計値を含む質問はauthorized source-of-record queryへ送り、response timestampとrecord keyをevidenceとして回答へ結び、document chunkから推定した値で代用しない。,正本が停止中なら承認済みcacheのas-of時刻を明示して使うか回答保留とし、古い値を最新値として表示しない。,NOT_APPLICABLE,FILE-INTRO (docs/9.失敗パターンに応じて高度化する/9.4.Structured Data RAG.md:4); authoritative docs commit 52bebecfb2a435d0e7ff2efea557c5799674ded6 の本文を維持し、normative_criteriaとexceptionsを設計台帳へ固定する。,rag-guide-maintainers,,,,INCONCLUSIVE,NOT_APPLICABLE_UNPROVED,codex-primary-wave4,2026-08-15,codex-independent-wave4,2026-08-15,FINAL_TWO_REVIEWER_APPROVED
SENT-3898,52bebecfb2a435d0e7ff2efea557c5799674ded6,RAT-SQLは、質問中の語とスキーマ要素の対応、表同士の関係を使ってSQLを生成します。,RAT-SQLは、同論文のtext-to-SQL taskで、question tokenとschema elementのlink、およびtable間relationをencoderへ組み込んでSQLを生成します。,ATOM(generation=true),ATOM,externally_cited_claim,UNCLASSIFIED,9.4.2 (docs/9.失敗パターンに応じて高度化する/9.4.Structured Data RAG.md:32); authoritative docs commit 52bebecfb2a435d0e7ff2efea557c5799674ded6,SRC-150,SRC-150 https://arxiv.org/abs/1911.04942 — primary_page inspected 2026-08-15; 現主張への直接locatorは未確定,AUTHOR_CLAIM,NONE_DIRECTLY_VERIFIED,generation=true,NOT_APPLICABLE,REWRITE_REQUIRED,arxiv.orgの一次資料ページへの参照は台帳にありますが、generationについて各要素と結論との直接の対応まで同時に再特定できる直接箇所が確定していません。資料の帰属範囲をRAT-SQLは、同論文のtext-to-SQL taskで、question tokenとschema elementのlink、およびtable間relationをencoderへ組み込んでSQLを生成するという限定まで狭め、候補URLの存在だけで機序や結果を補わない文へ変更します。 修正文にある主体と操作対象は保ちつつ、直接根拠を越える各要素と結論との直接の対応を落とす差分なので、REWRITE_REQUIREDと判定します。,NOT_APPLICABLE_NON_NORMATIVE,NOT_APPLICABLE_NON_NORMATIVE,UNVERIFIED,9.4.2 (docs/9.失敗パターンに応じて高度化する/9.4.Structured Data RAG.md:32); authoritative docs commit 52bebecfb2a435d0e7ff2efea557c5799674ded6 の現文を次の文へ置換する: RAT-SQLは、同論文のtext-to-SQL taskで、question tokenとschema elementのlink、およびtable間relationをencoderへ組み込んでSQLを生成します。 再抽出した文面と分類を照合する。,rag-guide-maintainers,,,,INCONCLUSIVE,NOT_APPLICABLE_UNPROVED,codex-primary-wave4,2026-08-15,codex-independent-wave4,2026-08-15,FINAL_TWO_REVIEWER_APPROVED
SENT-3904,52bebecfb2a435d0e7ff2efea557c5799674ded6,DIN-SQLは、複雑な質問を部分問題へ分け、スキーマ対応と自己修正を組み合わせます。,,NL_PROPOSITION(DIN-SQLは、複雑な質問を部分問題へ分け、スキーマ対応と自己修正を組み合わせます。),UNFORMALIZED,externally_cited_claim,UNCLASSIFIED,9.4.3 (docs/9.失敗パターンに応じて高度化する/9.4.Structured Data RAG.md:43); authoritative docs commit 52bebecfb2a435d0e7ff2efea557c5799674ded6,SRC-151,"https://arxiv.org/html/2304.11015, §4 Methodology, lines 102–109 (four modules: schema linking, classification/decomposition, SQL generation, self-correction); §4.4, lines 137–140",AUTHOR_CLAIM,text_to_sql=true;generation=true;evaluation=true,,,APPROPRIATE_SUPPORTED,Abstractは分解のみを直接支持し、schema linkingとself-correctionは本文の方式構成にある。主張は維持し、直接locatorを§4と§4.4へ差し替える。,NOT_APPLICABLE_NON_NORMATIVE,NOT_APPLICABLE_NON_NORMATIVE,SOURCE_ASSERTED,9.4.3 (docs/9.失敗パターンに応じて高度化する/9.4.Structured Data RAG.md:43); authoritative docs commit 52bebecfb2a435d0e7ff2efea557c5799674ded6 の本文を維持し、確定した一次資料locator・主張役割・外的真偽境界を台帳へ固定する。,rag-guide-maintainers,,,,INCONCLUSIVE,NOT_APPLICABLE_UNPROVED,codex-primary-wave4,2026-08-15,codex-independent-wave4,2026-08-15,FINAL_TWO_REVIEWER_APPROVED
SENT-3919,52bebecfb2a435d0e7ff2efea557c5799674ded6,PubTables-1Mは、表の検出、構造認識、機能分析を支える大規模データセットです。,PubTables-1Mは、同datasetで表領域検出、表構造認識、cellのfunctional analysisを評価できるannotationを提供しています。,ATOM(scalability=true),ATOM,externally_cited_claim,UNCLASSIFIED,9.4.4 (docs/9.失敗パターンに応じて高度化する/9.4.Structured Data RAG.md:66); authoritative docs commit 52bebecfb2a435d0e7ff2efea557c5799674ded6,SRC-029,SRC-029 https://arxiv.org/abs/2110.00061 — abstract inspected 2026-08-15; 現主張への直接locatorは未確定,EMPIRICAL_RESULT,NONE_DIRECTLY_VERIFIED,scalability=true,NOT_APPLICABLE,REWRITE_REQUIRED,arxiv.orgのAbstractへの参照は台帳にありますが、scalabilityについて各要素と結論との直接の対応まで同時に再特定できる直接箇所が確定していません。資料の帰属範囲をPubTables-1Mは、同datasetで表領域検出、表構造認識、cellのfunctional analysisを評価できるannotationを提供しているという限定まで狭め、候補URLの存在だけで機序や結果を補わない文へ変更します。 修正文にある主体と操作対象は保ちつつ、直接根拠を越える各要素と結論との直接の対応を落とす差分なので、REWRITE_REQUIREDと判定します。,NOT_APPLICABLE_NON_NORMATIVE,NOT_APPLICABLE_NON_NORMATIVE,UNVERIFIED,9.4.4 (docs/9.失敗パターンに応じて高度化する/9.4.Structured Data RAG.md:66); authoritative docs commit 52bebecfb2a435d0e7ff2efea557c5799674ded6 の現文を次の文へ置換する: PubTables-1Mは、同datasetで表領域検出、表構造認識、cellのfunctional analysisを評価できるannotationを提供しています。 再抽出した文面と分類を照合する。,rag-guide-maintainers,,,,INCONCLUSIVE,NOT_APPLICABLE_UNPROVED,codex-primary-wave4,2026-08-15,codex-independent-wave4,2026-08-15,FINAL_TWO_REVIEWER_APPROVED
SENT-3944,52bebecfb2a435d0e7ff2efea557c5799674ded6,選択基準はモデルの最大トークン数だけではありません。,long-context modelは最大token数だけで選ばず、対象長さsliceの正答率、根拠利用率、p95 latency、費用で比較します。,NL_PROPOSITION(選択基準はモデルの最大トークン数だけではありません。),UNFORMALIZED,general_technical_claim,UNCLASSIFIED,9.5.1 (docs/9.失敗パターンに応じて高度化する/9.5.Long-context RAG.md:17); authoritative docs commit 52bebecfb2a435d0e7ff2efea557c5799674ded6,,,DEFINITION_OR_SPEC,,UNFORMALIZED_NATURAL_LANGUAGE_CLAIM,UNFORMALIZED,REWRITE_REQUIRED,「long-context modelは最大token数だけで選ばず」の証拠境界として、未形式化の関係として表現されたUNFORMALIZED_NATURAL_LANGUAGE_CLAIMは未検証なので、本文では局所挙動だけを扱います。long-context modelは最大token数だけで選ばず、対象長さsliceの正答率、根拠利用率、p95 latency、費用で比較します。 修正文が具体化する対象は「long-context modelは最大token数だけで選ばず」です。「long-context modelは最大token数だけで選ばず」の検討では、UNFORMALIZED_NATURAL_LANGUAGE_CLAIMを一般的な効果として説明せず、ガイド内で実行する処理へ焦点を移しました。「long-context modelは最大token数だけで選ばず」の採否について、UNFORMALIZED_NATURAL_LANGUAGE_CLAIMに関する具体的な処理は有用ですが、原文のままでは境界を越えるため書換えを選びます。,NOT_APPLICABLE_NON_NORMATIVE,NOT_APPLICABLE_NON_NORMATIVE,NOT_APPLICABLE,9.5.1 (docs/9.失敗パターンに応じて高度化する/9.5.Long-context RAG.md:17); authoritative docs commit 52bebecfb2a435d0e7ff2efea557c5799674ded6 の現文を次の文へ置換する: long-context modelは最大token数だけで選ばず、対象長さsliceの正答率、根拠利用率、p95 latency、費用で比較します。 再抽出した文面と分類を照合する。,rag-guide-maintainers,,,,INCONCLUSIVE,NOT_APPLICABLE_UNPROVED,codex-primary-wave4,2026-08-15,codex-independent-wave4,2026-08-15,FINAL_TWO_REVIEWER_APPROVED
SENT-3947,52bebecfb2a435d0e7ff2efea557c5799674ded6,RAGと長文入力を比較した研究は、十分な資源がある条件では長文入力が高品質な場合がある一方、RAGが大幅に安価な場合を報告しています。,,NL_PROPOSITION(RAGと長文入力を比較した研究は、十分な資源がある条件では長文入力が高品質な場合がある一方、RAGが大幅に安価な場合を報告しています。),UNFORMALIZED,externally_cited_claim,場合がある,9.5.1 (docs/9.失敗パターンに応じて高度化する/9.5.Long-context RAG.md:21); authoritative docs commit 52bebecfb2a435d0e7ff2efea557c5799674ded6,SRC-059,"https://arxiv.org/abs/2407.16833, Abstract",EMPIRICAL_RESULT,rag=true;long_context=true;cost=true;empirical_result=true,,,APPROPRIATE_SUPPORTED,比較研究Abstractが、十分な資源下でLCが平均性能でRAGを上回る一方、RAGは大幅に低コストと報告しており、原文の条件付き比較を支持する。,NOT_APPLICABLE_NON_NORMATIVE,NOT_APPLICABLE_NON_NORMATIVE,SOURCE_ASSERTED,9.5.1 (docs/9.失敗パターンに応じて高度化する/9.5.Long-context RAG.md:21); authoritative docs commit 52bebecfb2a435d0e7ff2efea557c5799674ded6 の本文を維持し、確定した一次資料locator・主張役割・外的真偽境界を台帳へ固定する。,rag-guide-maintainers,,,,INCONCLUSIVE,NOT_APPLICABLE_UNPROVED,codex-primary-wave4,2026-08-15,codex-independent-wave4,2026-08-15,FINAL_TWO_REVIEWER_APPROVED
SENT-3951,52bebecfb2a435d0e7ff2efea557c5799674ded6,小さなチャンクで一致箇所を見つけ、その親節をモデルへ渡すと、検索精度と読解文脈を分担できます。,parent-child retrievalでは、小さいchild chunkで一致箇所を検索し、対応するparent sectionをgeneration contextへ展開します。,"AND(ATOM(retrieval=true), ATOM(recall_metric=true))",AND,general_technical_claim,できます,9.5.2 (docs/9.失敗パターンに応じて高度化する/9.5.Long-context RAG.md:29); authoritative docs commit 52bebecfb2a435d0e7ff2efea557c5799674ded6,SRC-031;SRC-107,SRC-031 https://arxiv.org/abs/2312.06648 — abstract inspected 2026-08-15; 現主張への直接locatorは未確定; SRC-107 https://arxiv.org/abs/2403.09040 — abstract inspected 2026-08-15; 現主張への直接locatorは未確定,EMPIRICAL_RESULT,NONE_DIRECTLY_VERIFIED,recall_metric=true,NOT_APPLICABLE,REWRITE_REQUIRED,arxiv.orgのAbstractへの参照は台帳にありますが、recall_metricについて各要素と結論との直接の対応まで同時に再特定できる直接箇所が確定していません。本文に残すのは、parent-child retrievalでは、小さいchild chunkで一致箇所を検索し、対応するparent sectionをgeneration contextへ展開するという対象範囲です。recall_metricについて未確認の因果までは導きません。 修正文にある主体と操作対象は保ちつつ、直接根拠を越える各要素と結論との直接の対応を落とす差分なので、REWRITE_REQUIREDと判定します。,NOT_APPLICABLE_NON_NORMATIVE,NOT_APPLICABLE_NON_NORMATIVE,UNVERIFIED,9.5.2 (docs/9.失敗パターンに応じて高度化する/9.5.Long-context RAG.md:29); authoritative docs commit 52bebecfb2a435d0e7ff2efea557c5799674ded6 の現文を次の文へ置換する: parent-child retrievalでは、小さいchild chunkで一致箇所を検索し、対応するparent sectionをgeneration contextへ展開します。 再抽出した文面と分類を照合する。,rag-guide-maintainers,,,,INCONCLUSIVE,NOT_APPLICABLE_UNPROVED,codex-primary-wave4,2026-08-15,codex-independent-wave4,2026-08-15,FINAL_TWO_REVIEWER_APPROVED
SENT-3955,52bebecfb2a435d0e7ff2efea557c5799674ded6,全文を渡したというだけで改善と判断せず、根拠利用率、完全性、引用精度を測ります。,,"NOT(AND(AND(ATOM(citation=true), ATOM(evidence_support=true)), ATOM(empirical_result=true)))",NOT,empirical_or_research_claim,UNCLASSIFIED,9.5.2 (docs/9.失敗パターンに応じて高度化する/9.5.Long-context RAG.md:35); authoritative docs commit 52bebecfb2a435d0e7ff2efea557c5799674ded6,,,DEFINITION_OR_SPEC,,,,APPROPRIATE_NORMATIVE,全文を渡したというだけで改善と判断せず、根拠利用率、完全性、引用精度を測るという採否判断は、比較対象と合格条件を実行結果で識別するために置きます。long-context candidateは入力token量に加え、gold evidence利用率、required point completeness、citation precisionを同じquestion setで測り、全文投入だけを改善として数えない。 適用境界では、原文全文の提示自体が利用者要求である場合はevidence利用率を合否から外せるが、citation locatorと完全性の検査は維持する。 同じ条件での比較と採用しない条件を両方記録できるため、APPROPRIATE_NORMATIVEです。,long-context candidateは入力token量に加え、gold evidence利用率、required point completeness、citation precisionを同じquestion setで測り、全文投入だけを改善として数えない。,原文全文の提示自体が利用者要求である場合はevidence利用率を合否から外せるが、citation locatorと完全性の検査は維持する。,NOT_APPLICABLE,9.5.2 (docs/9.失敗パターンに応じて高度化する/9.5.Long-context RAG.md:35); authoritative docs commit 52bebecfb2a435d0e7ff2efea557c5799674ded6 の本文を維持し、normative_criteriaとexceptionsを設計台帳へ固定する。,rag-guide-maintainers,,,,INCONCLUSIVE,NOT_APPLICABLE_UNPROVED,codex-primary-wave4,2026-08-15,codex-independent-wave4,2026-08-15,FINAL_TWO_REVIEWER_APPROVED
SENT-3957,52bebecfb2a435d0e7ff2efea557c5799674ded6,重複除去、多様性を考慮した選択、再順位付け、親子展開、矛盾の整理を行います。,long-context入力の前処理として、duplicate除去、diversity選択、rerank、parent展開、conflict整理を独立に切り替えて評価します。,"AND(AND(ATOM(rerank=true), ATOM(diversity=true)), ATOM(dedup=true))",AND,general_technical_claim,UNCLASSIFIED,9.5.2 (docs/9.失敗パターンに応じて高度化する/9.5.Long-context RAG.md:38); authoritative docs commit 52bebecfb2a435d0e7ff2efea557c5799674ded6,,,DEFINITION_OR_SPEC,,dedup=true;diversity=true,NOT_APPLICABLE,REWRITE_REQUIRED,「long-context入力の前処理として」の検討では、dedup=true、diversity=trueについては技術一般の性質を断定せず、構成上の扱いだけを定めます。long-context入力の前処理として、duplicate除去、diversity選択、rerank、parent展開、conflict整理を独立に切り替えて評価します。 修正文が具体化する対象は「long-context入力の前処理として」です。「long-context入力の前処理として」の証拠境界として、dedup=true、diversity=trueに対応する一次資料locatorが空である以上、未確定の関係を技術一般の説明には使いません。「long-context入力の前処理として」の採否について、dedup=true、diversity=trueの対象条件を狭めた修正文への置換が適切です。,NOT_APPLICABLE_NON_NORMATIVE,NOT_APPLICABLE_NON_NORMATIVE,NOT_APPLICABLE,9.5.2 (docs/9.失敗パターンに応じて高度化する/9.5.Long-context RAG.md:38); authoritative docs commit 52bebecfb2a435d0e7ff2efea557c5799674ded6 の現文を次の文へ置換する: long-context入力の前処理として、duplicate除去、diversity選択、rerank、parent展開、conflict整理を独立に切り替えて評価します。 再抽出した文面と分類を照合する。,rag-guide-maintainers,,,,INCONCLUSIVE,NOT_APPLICABLE_UNPROVED,codex-primary-wave4,2026-08-15,codex-independent-wave4,2026-08-15,FINAL_TWO_REVIEWER_APPROVED
SENT-3959,52bebecfb2a435d0e7ff2efea557c5799674ded6,RAGGEDは、取得候補を増やしたときの生成モデルのノイズへの強さによって回答品質が変わることを示しています。,RAGGEDの評価では、retrieved candidate数を増やしたときのanswer品質の変化がgeneratorのnoise robustnessによって異なると報告されています。,"IMP(ATOM(retrieval=true), ATOM(generation=true))",IMPLIES,externally_cited_claim,UNCLASSIFIED,9.5.2 (docs/9.失敗パターンに応じて高度化する/9.5.Long-context RAG.md:41); authoritative docs commit 52bebecfb2a435d0e7ff2efea557c5799674ded6,SRC-107,SRC-107 https://arxiv.org/abs/2403.09040 — abstract inspected 2026-08-15; 現主張への直接locatorは未確定,EMPIRICAL_RESULT,NONE_DIRECTLY_VERIFIED,generation=true;retrieval=true,IMPLIES,REWRITE_REQUIRED,arxiv.orgのAbstractへの参照は台帳にありますが、generation、retrievalについて前件から後件への含意まで同時に再特定できる直接箇所が確定していません。資料の帰属範囲をRAGGEDの評価では、retrieved candidate数を増やしたときのanswer品質の変化がgeneratorのnoise robustnessによって異なると報告されているという限定まで狭め、候補URLの存在だけで機序や結果を補わない文へ変更します。 修正文にある主体と操作対象は保ちつつ、直接根拠を越える前件から後件への含意を落とす差分なので、REWRITE_REQUIREDと判定します。,NOT_APPLICABLE_NON_NORMATIVE,NOT_APPLICABLE_NON_NORMATIVE,UNVERIFIED,9.5.2 (docs/9.失敗パターンに応じて高度化する/9.5.Long-context RAG.md:41); authoritative docs commit 52bebecfb2a435d0e7ff2efea557c5799674ded6 の現文を次の文へ置換する: RAGGEDの評価では、retrieved candidate数を増やしたときのanswer品質の変化がgeneratorのnoise robustnessによって異なると報告されています。 再抽出した文面と分類を照合する。,rag-guide-maintainers,,,,INCONCLUSIVE,NOT_APPLICABLE_UNPROVED,codex-primary-wave4,2026-08-15,codex-independent-wave4,2026-08-15,FINAL_TWO_REVIEWER_APPROVED
SENT-3969,52bebecfb2a435d0e7ff2efea557c5799674ded6,Lost in the Middleは、先頭や末尾と比べて中央の情報を利用しにくい傾向を報告しています。,,"AND(ATOM(long_context=true), ATOM(empirical_result=true))",AND,externally_cited_claim,UNCLASSIFIED,9.5.3 (docs/9.失敗パターンに応じて高度化する/9.5.Long-context RAG.md:58); authoritative docs commit 52bebecfb2a435d0e7ff2efea557c5799674ded6,SRC-035,"https://aclanthology.org/2024.tacl-1.9/, Abstract, lines 58–61",EMPIRICAL_RESULT,long_context=true;evaluation=true,,,APPROPRIATE_SUPPORTED,Lost in the Middle Abstractが先頭・末尾で高く中央で低下する位置効果を直接報告する。,NOT_APPLICABLE_NON_NORMATIVE,NOT_APPLICABLE_NON_NORMATIVE,SOURCE_ASSERTED,9.5.3 (docs/9.失敗パターンに応じて高度化する/9.5.Long-context RAG.md:58); authoritative docs commit 52bebecfb2a435d0e7ff2efea557c5799674ded6 の本文を維持し、確定した一次資料locator・主張役割・外的真偽境界を台帳へ固定する。,rag-guide-maintainers,,,,INCONCLUSIVE,NOT_APPLICABLE_UNPROVED,codex-primary-wave4,2026-08-15,codex-independent-wave4,2026-08-15,FINAL_TWO_REVIEWER_APPROVED
SENT-3971,52bebecfb2a435d0e7ff2efea557c5799674ded6,LongBenchも、単一文書、複数文書、要約、コードなど21のデータセットを使い、公称の入力上限と長い文脈を実際に使える能力が同じではないことを示しています。,LongBenchは、単一文書・複数文書・要約・コードなど21のデータセットで長文理解を評価し、GPT-3.5-Turbo-16kも長い文脈では苦戦する結果を報告しました。,NL_PROPOSITION(LongBenchも、単一文書、複数文書、要約、コードなど21のデータセットを使い、公称の入力上限と長い文脈を実際に使える能力が同じではないことを示しています。),UNFORMALIZED,externally_cited_claim,UNCLASSIFIED,9.5.3 (docs/9.失敗パターンに応じて高度化する/9.5.Long-context RAG.md:60); authoritative docs commit 52bebecfb2a435d0e7ff2efea557c5799674ded6,SRC-153,"https://aclanthology.org/2024.acl-long.172/, Abstract, lines 59–62",EMPIRICAL_RESULT,long_context=true;evaluation=true;benchmark=true,,,APPROPRIATE_AFTER_QUALIFICATION,LongBench Abstractは21 datasets/6 task categoriesとGPT-3.5-Turbo-16kが長い文脈で苦戦する結果を示すが、『公称上限と実効能力は同じではない』という一般命題までは直接述べない。評価対象と観測結果へ限定する。,NOT_APPLICABLE_NON_NORMATIVE,NOT_APPLICABLE_NON_NORMATIVE,SOURCE_ASSERTED,9.5.3 (docs/9.失敗パターンに応じて高度化する/9.5.Long-context RAG.md:60); authoritative docs commit 52bebecfb2a435d0e7ff2efea557c5799674ded6 の現文を次の文へ置換する: LongBenchは、単一文書・複数文書・要約・コードなど21のデータセットで長文理解を評価し、GPT-3.5-Turbo-16kも長い文脈では苦戦する結果を報告しました。 再抽出した文面と分類を照合する。,rag-guide-maintainers,,,,INCONCLUSIVE,NOT_APPLICABLE_UNPROVED,codex-primary-wave4,2026-08-15,codex-independent-wave4,2026-08-15,FINAL_TWO_REVIEWER_APPROVED
SENT-3972,52bebecfb2a435d0e7ff2efea557c5799674ded6,ただし、LongBenchの結果は英語、中国語、当時の8モデルを対象としたものであり、自組織の日本語文書や最新モデルの性能を保証するものではありません。,LongBenchが評価した英語・中国語のタスクと当時の8モデルに結果を限定し、自組織の日本語文書や最新モデルについては同じ性能を前提にせず再評価します。,"NOT(AND(ATOM(temporal_freshness=true), ATOM(empirical_result=true)))",NOT,empirical_or_research_claim,UNCLASSIFIED,9.5.3 (docs/9.失敗パターンに応じて高度化する/9.5.Long-context RAG.md:61); authoritative docs commit 52bebecfb2a435d0e7ff2efea557c5799674ded6,SRC-035;SRC-152;SRC-153,SRC-035 https://arxiv.org/abs/2307.03172 — abstract inspected 2026-08-15; 現主張への直接locatorは未確定; SRC-152 https://arxiv.org/abs/2404.06654 — abstract inspected 2026-08-15; 現主張への直接locatorは未確定; SRC-153 https://aclanthology.org/2024.acl-long.172/ — primary_page inspected 2026-08-15; 現主張への直接locatorは未確定,AUTHOR_CLAIM,NONE_DIRECTLY_VERIFIED,temporal_freshness=true,NOT,REWRITE_REQUIRED,arxiv.org・aclanthology.orgのAbstractへの参照は台帳にありますが、temporal_freshnessについて否定関係まで同時に再特定できる直接箇所が確定していません。LongBenchが評価した英語・中国語のタスクと当時の8モデルに結果を限定し、自組織の日本語文書や最新モデルについては同じ性能を前提にせず再評価するという範囲まで対象と条件を絞り、未確認の効果や一般化を実験結果のように読ませない文面にします。 修正文にある主体と操作対象は保ちつつ、直接根拠を越える否定関係を落とす差分なので、REWRITE_REQUIREDと判定します。,NOT_APPLICABLE_NON_NORMATIVE,NOT_APPLICABLE_NON_NORMATIVE,UNVERIFIED,9.5.3 (docs/9.失敗パターンに応じて高度化する/9.5.Long-context RAG.md:61); authoritative docs commit 52bebecfb2a435d0e7ff2efea557c5799674ded6 の現文を次の文へ置換する: LongBenchが評価した英語・中国語のタスクと当時の8モデルに結果を限定し、自組織の日本語文書や最新モデルについては同じ性能を前提にせず再評価します。 再抽出した文面と分類を照合する。,rag-guide-maintainers,,,,INCONCLUSIVE,NOT_APPLICABLE_UNPROVED,codex-primary-wave4,2026-08-15,codex-independent-wave4,2026-08-15,FINAL_TWO_REVIEWER_APPROVED
SENT-3984,52bebecfb2a435d0e7ff2efea557c5799674ded6,信頼度の低い情報源やプロンプトインジェクションを含むページを、一括して入力へ入れません。,,NOT(ATOM(prompt_injection=true)),NOT,general_technical_claim,UNCLASSIFIED,9.5.5 (docs/9.失敗パターンに応じて高度化する/9.5.Long-context RAG.md:83); authoritative docs commit 52bebecfb2a435d0e7ff2efea557c5799674ded6,,,DEFINITION_OR_SPEC,,,,APPROPRIATE_NORMATIVE,信頼度の低い情報源やプロンプトインジェクションを含むページを、一括して入力へ入れないという運用要件は、実行時の判断を担当者ごとにぶらさないためのローカル規則です。この規則の対象resourceとattributeをauthorization fixtureへ登録し、許可主体では取得・利用でき、非許可主体ではcandidate、context、answerの全段階でゼロ件になることを確認する。 適用境界では、この規則より法令、契約、組織policyが厳しい場合は厳しい統制を優先し、性能、可用性、費用を理由に対象resourceのauthorizationまたは隔離を省略しない。 実装結果と例外発生時の扱いを個別に検査できるため、APPROPRIATE_NORMATIVEです。,信頼度の低い情報源やプロンプトインジェクションを含むページを、一括して入力へ入れないことを定めるローカル設計規則について、この規則の対象resourceとattributeをauthorization fixtureへ登録し、許可主体では取得・利用でき、非許可主体ではcandidate、context、answerの全段階でゼロ件になることを確認する。,信頼度の低い情報源やプロンプトインジェクションを含むページを、一括して入力へ入れないことを定めるローカル設計規則の例外として、この規則より法令、契約、組織policyが厳しい場合は厳しい統制を優先し、性能、可用性、費用を理由に対象resourceのauthorizationまたは隔離を省略しない。,NOT_APPLICABLE,9.5.5 (docs/9.失敗パターンに応じて高度化する/9.5.Long-context RAG.md:83); authoritative docs commit 52bebecfb2a435d0e7ff2efea557c5799674ded6 の本文を維持し、normative_criteriaとexceptionsを設計台帳へ固定する。,rag-guide-maintainers,,,,INCONCLUSIVE,NOT_APPLICABLE_UNPROVED,codex-primary-wave4,2026-08-15,codex-independent-wave4,2026-08-15,FINAL_TWO_REVIEWER_APPROVED
SENT-3987,52bebecfb2a435d0e7ff2efea557c5799674ded6,外部提供者へ送るトークン量、処理地域、保存設定を確認し、入力枠の余裕をデータ最小化の放棄理由にしません。,,NL_PROPOSITION(外部提供者へ送るトークン量、処理地域、保存設定を確認し、入力枠の余裕をデータ最小化の放棄理由にしません。),UNFORMALIZED,general_technical_claim,UNCLASSIFIED,9.5.5 (docs/9.失敗パターンに応じて高度化する/9.5.Long-context RAG.md:87); authoritative docs commit 52bebecfb2a435d0e7ff2efea557c5799674ded6,,,DEFINITION_OR_SPEC,,,,APPROPRIATE_NORMATIVE,外部提供者へ送るトークン量、処理地域、保存設定を確認し、入力枠の余裕をデータ最小化の放棄理由にしないという安全境界は、本ガイドが強制する制御として設けます。external providerごとに送信token数、processing region、retention settingを記録し、question解決に不要なpersonal/confidential spanがrequest payloadへ入らないことをsample traceで確認する。 さらに、法令または契約上必要な原文送信は承認済みregion・retention条件で実行できるが、context windowに余裕があることだけを送信理由にしない。 この扱いを例外として記録します。 負試験で境界を確かめ、統制を緩めない例外を明示できるので、APPROPRIATE_NORMATIVEです。,external providerごとに送信token数、processing region、retention settingを記録し、question解決に不要なpersonal/confidential spanがrequest payloadへ入らないことをsample traceで確認する。,法令または契約上必要な原文送信は承認済みregion・retention条件で実行できるが、context windowに余裕があることだけを送信理由にしない。,NOT_APPLICABLE,9.5.5 (docs/9.失敗パターンに応じて高度化する/9.5.Long-context RAG.md:87); authoritative docs commit 52bebecfb2a435d0e7ff2efea557c5799674ded6 の本文を維持し、normative_criteriaとexceptionsを設計台帳へ固定する。,rag-guide-maintainers,,,,INCONCLUSIVE,NOT_APPLICABLE_UNPROVED,codex-primary-wave4,2026-08-15,codex-independent-wave4,2026-08-15,FINAL_TWO_REVIEWER_APPROVED
SENT-3992,52bebecfb2a435d0e7ff2efea557c5799674ded6,FAQや一文で答えられる事実が中心なら、平坦なチャンク検索で十分な場合があります。,FAQや単一文で答えられるfactが中心のquery sliceでは、hierarchical retrievalを追加せずflat chunk retrievalで受入条件を満たせる場合があります。,NL_PROPOSITION(FAQや一文で答えられる事実が中心なら、平坦なチャンク検索で十分な場合があります。),UNFORMALIZED,general_technical_claim,UNCLASSIFIED,9.6.1 (docs/9.失敗パターンに応じて高度化する/9.6.Hierarchical RAG・RAPTOR.md:11); authoritative docs commit 52bebecfb2a435d0e7ff2efea557c5799674ded6,SRC-154,SRC-154 https://proceedings.iclr.cc/paper_files/paper/2024/hash/8a2acd174940dbca361a6398a4f9df91-Abstract-Conference.html — primary_page inspected 2026-08-15; 現主張への直接locatorは未確定,AUTHOR_CLAIM,NONE_DIRECTLY_VERIFIED,UNFORMALIZED_NATURAL_LANGUAGE_CLAIM,UNFORMALIZED,REWRITE_REQUIRED,proceedings.iclr.ccのAbstractへの参照は台帳にありますが、原文の未形式化主張について未形式化の関係まで同時に再特定できる直接箇所が確定していません。本文に残すのは、FAQや単一文で答えられるfactが中心のquery sliceでは、hierarchical retrievalを追加せずflat chunk retrievalで受入条件を満たせる場合があるという対象範囲です。原文の未形式化主張について未確認の因果までは導きません。 修正文にある主体と操作対象は保ちつつ、直接根拠を越える未形式化の関係を落とす差分なので、REWRITE_REQUIREDと判定します。,NOT_APPLICABLE_NON_NORMATIVE,NOT_APPLICABLE_NON_NORMATIVE,UNVERIFIED,9.6.1 (docs/9.失敗パターンに応じて高度化する/9.6.Hierarchical RAG・RAPTOR.md:11); authoritative docs commit 52bebecfb2a435d0e7ff2efea557c5799674ded6 の現文を次の文へ置換する: FAQや単一文で答えられるfactが中心のquery sliceでは、hierarchical retrievalを追加せずflat chunk retrievalで受入条件を満たせる場合があります。 再抽出した文面と分類を照合する。,rag-guide-maintainers,,,,INCONCLUSIVE,NOT_APPLICABLE_UNPROVED,codex-primary-wave4,2026-08-15,codex-independent-wave4,2026-08-15,FINAL_TWO_REVIEWER_APPROVED
SENT-3994,52bebecfb2a435d0e7ff2efea557c5799674ded6,階層型検索という方式群については、RAPTORとは独立した査読付き研究として、TreeRAGが長文を木構造へ分割して双方向に探索する方式を、ZoomRAGが複数粒度の関係グラフを粗い層から細かい層へ探索する方式を評価しています。,TreeRAGは長文を木構造へ分割して双方向に探索する方式を、ZoomRAGは複数粒度の関係グラフを粗い層から細かい層へ探索する方式を、それぞれ評価しています。両者の結果は各研究の評価条件に限定し、RAPTORとの同一条件比較とはみなしません。,"AND(AND(AND(AND(AND(AND(ATOM(graph_index=true), ATOM(hierarchical=true)), ATOM(tree_search=true)), ATOM(coarse_to_fine=true)), ATOM(graph=true)), ATOM(retrieval=true)), ATOM(evaluation=true))",AND,externally_cited_claim,UNCLASSIFIED,9.6.1 (docs/9.失敗パターンに応じて高度化する/9.6.Hierarchical RAG・RAPTOR.md:14); authoritative docs commit 52bebecfb2a435d0e7ff2efea557c5799674ded6,SRC-155;SRC-156;SRC-154;SRC-033,SRC-155 https://aclanthology.org/2025.findings-acl.20/ — abstract inspected 2026-08-15; 現主張への直接locatorは未確定; SRC-156 https://aclanthology.org/2026.findings-acl.1643/ — primary_page inspected 2026-08-15; 現主張への直接locatorは未確定; SRC-154 https://proceedings.iclr.cc/paper_files/paper/2024/hash/8a2acd174940dbca361a6398a4f9df91-Abstract-Conference.html — primary_page inspected 2026-08-15; 現主張への直接locatorは未確定,EMPIRICAL_RESULT,NONE_DIRECTLY_VERIFIED,graph_index=true,NOT_APPLICABLE,REWRITE_REQUIRED,aclanthology.org・proceedings.iclr.ccのAbstractへの参照は台帳にありますが、graph_indexについて各要素と結論との直接の対応まで同時に再特定できる直接箇所が確定していません。資料の帰属範囲をTreeRAGは長文を木構造へ分割して双方向に探索する方式を、ZoomRAGは複数粒度の関係グラフを粗い層から細かい層へ探索する方式を、それぞれ評価しています。両者の結果は各研究の評価条件に限定し、RAPTORとの同一条件比較とはみなさないという限定まで狭め、候補URLの存在だけで機序や結果を補わない文へ変更します。 修正文にある主体と操作対象は保ちつつ、直接根拠を越える各要素と結論との直接の対応を落とす差分なので、REWRITE_REQUIREDと判定します。,NOT_APPLICABLE_NON_NORMATIVE,NOT_APPLICABLE_NON_NORMATIVE,UNVERIFIED,9.6.1 (docs/9.失敗パターンに応じて高度化する/9.6.Hierarchical RAG・RAPTOR.md:14); authoritative docs commit 52bebecfb2a435d0e7ff2efea557c5799674ded6 の現文を次の文へ置換する: TreeRAGは長文を木構造へ分割して双方向に探索する方式を、ZoomRAGは複数粒度の関係グラフを粗い層から細かい層へ探索する方式を、それぞれ評価しています。両者の結果は各研究の評価条件に限定し、RAPTORとの同一条件比較とはみなしません。 再抽出した文面と分類を照合する。,rag-guide-maintainers,,,,INCONCLUSIVE,NOT_APPLICABLE_UNPROVED,codex-primary-wave4,2026-08-15,codex-independent-wave4,2026-08-15,FINAL_TWO_REVIEWER_APPROVED
SENT-3996,52bebecfb2a435d0e7ff2efea557c5799674ded6,複数研究が階層を使う検索の効果を個別条件で報告していることは導入候補とする根拠になりますが、RAPTORまたは階層型RAGが平坦な検索へ常に勝ることは示しません。,hierarchical retrievalはflat retrievalをbaselineにし、同じcorpus、query、candidate数でRecall、回答品質、build費用を比較して採否を決めます。,"NOT(AND(AND(ATOM(retrieval=true), ATOM(evidence_support=true)), ATOM(empirical_result=true)))",NOT,concrete_technology_claim,常に,9.6.1 (docs/9.失敗パターンに応じて高度化する/9.6.Hierarchical RAG・RAPTOR.md:15); authoritative docs commit 52bebecfb2a435d0e7ff2efea557c5799674ded6,,,DEFINITION_OR_SPEC,,evidence_support=true,NOT,REWRITE_REQUIRED,「hierarchical retrievalはflat retrievalをbaselineにし」の検討では、否定関係を実装時に判定できるよう、対象と操作を明示した文へ直しています。「hierarchical retrievalはflat retrievalをbaselineにし」の証拠境界として、根拠台帳にはevidence_support=trueを支えるlocatorがなく、元の否定関係を一般化しない判断です。hierarchical retrievalはflat retrievalをbaselineにし、同じcorpus、query、candidate数でRecall、回答品質、build費用を比較して採否を決めます。 修正文が具体化する対象は「hierarchical retrievalはflat retrievalをbaselineにし」です。「hierarchical retrievalはflat retrievalをbaselineにし」の採否について、否定関係を維持できない一方で教材上の操作は残るため、REWRITE_REQUIREDとします。,NOT_APPLICABLE_NON_NORMATIVE,NOT_APPLICABLE_NON_NORMATIVE,NOT_APPLICABLE,9.6.1 (docs/9.失敗パターンに応じて高度化する/9.6.Hierarchical RAG・RAPTOR.md:15); authoritative docs commit 52bebecfb2a435d0e7ff2efea557c5799674ded6 の現文を次の文へ置換する: hierarchical retrievalはflat retrievalをbaselineにし、同じcorpus、query、candidate数でRecall、回答品質、build費用を比較して採否を決めます。 再抽出した文面と分類を照合する。,rag-guide-maintainers,,,,INCONCLUSIVE,NOT_APPLICABLE_UNPROVED,codex-primary-wave4,2026-08-15,codex-independent-wave4,2026-08-15,FINAL_TWO_REVIEWER_APPROVED
SENT-3999,52bebecfb2a435d0e7ff2efea557c5799674ded6,階層には、原文チャンク、命題、節要約、文書要約、似た文書群の要約を置けます。,階層indexのnode typeを原文chunk、proposition、section summary、document summary、cluster summaryに限定し、各nodeから原文へ戻れるlinkを持たせます。,NL_PROPOSITION(階層には、原文チャンク、命題、節要約、文書要約、似た文書群の要約を置けます。),UNFORMALIZED,general_technical_claim,UNCLASSIFIED,9.6.1 (docs/9.失敗パターンに応じて高度化する/9.6.Hierarchical RAG・RAPTOR.md:20); authoritative docs commit 52bebecfb2a435d0e7ff2efea557c5799674ded6,,,DEFINITION_OR_SPEC,,UNFORMALIZED_NATURAL_LANGUAGE_CLAIM,NOT_APPLICABLE,REWRITE_REQUIRED,「階層indexのnode typeを原文chunk」の検討では、UNFORMALIZED_NATURAL_LANGUAGE_CLAIMに関して本文へ残す内容を、実行または記録で確認できる範囲まで絞りました。階層indexのnode typeを原文chunk、proposition、section summary、document summary、cluster summaryに限定し、各nodeから原文へ戻れるlinkを持たせます。 修正文が具体化する対象は「階層indexのnode typeを原文chunk」です。「階層indexのnode typeを原文chunk」の証拠境界として、候補資料だけではUNFORMALIZED_NATURAL_LANGUAGE_CLAIMの未確定の関係まで支持できず、直接観測する対象へ限定しました。「階層indexのnode typeを原文chunk」の採否について、未確定の関係に対するこの限定なら主体と対象を保てるので、削除ではなくREWRITE_REQUIREDです。,NOT_APPLICABLE_NON_NORMATIVE,NOT_APPLICABLE_NON_NORMATIVE,NOT_APPLICABLE,9.6.1 (docs/9.失敗パターンに応じて高度化する/9.6.Hierarchical RAG・RAPTOR.md:20); authoritative docs commit 52bebecfb2a435d0e7ff2efea557c5799674ded6 の現文を次の文へ置換する: 階層indexのnode typeを原文chunk、proposition、section summary、document summary、cluster summaryに限定し、各nodeから原文へ戻れるlinkを持たせます。 再抽出した文面と分類を照合する。,rag-guide-maintainers,,,,INCONCLUSIVE,NOT_APPLICABLE_UNPROVED,codex-primary-wave4,2026-08-15,codex-independent-wave4,2026-08-15,FINAL_TWO_REVIEWER_APPROVED
SENT-4005,52bebecfb2a435d0e7ff2efea557c5799674ded6,オフラインの構築は、文書解析、最下位チャンクの生成、埋め込み、クラスタリング、要約生成、親子関係の作成という順で行います。,offline treeはdocument解析、leaf chunk生成、embedding、clustering、summary生成、parent-child link作成の順に構築し、各段階の成果物を版管理します。,"AND(AND(ATOM(generated_summaries=true), ATOM(generation=true)), ATOM(parsing=true))",AND,general_technical_claim,UNCLASSIFIED,9.6.2 (docs/9.失敗パターンに応じて高度化する/9.6.Hierarchical RAG・RAPTOR.md:31); authoritative docs commit 52bebecfb2a435d0e7ff2efea557c5799674ded6,,,DEFINITION_OR_SPEC,,parsing=true,NOT_APPLICABLE,REWRITE_REQUIRED,「offline treeはdocument解析」の検討では、parsing=trueの趣旨は保ちつつ、検査できる実装条件へ範囲を狭めています。offline treeはdocument解析、leaf chunk生成、embedding、clustering、summary生成、parent-child link作成の順に構築し、各段階の成果物を版管理します。 修正文が具体化する対象は「offline treeはdocument解析」です。「offline treeはdocument解析」の証拠境界として、直接locatorがないため、parsing=trueに関する未確定の関係を外部事実として採用しません。「offline treeはdocument解析」の採否について、未確定の関係を局所条件として読める文面にし、教材価値と証拠整合を両立させます。,NOT_APPLICABLE_NON_NORMATIVE,NOT_APPLICABLE_NON_NORMATIVE,NOT_APPLICABLE,9.6.2 (docs/9.失敗パターンに応じて高度化する/9.6.Hierarchical RAG・RAPTOR.md:31); authoritative docs commit 52bebecfb2a435d0e7ff2efea557c5799674ded6 の現文を次の文へ置換する: offline treeはdocument解析、leaf chunk生成、embedding、clustering、summary生成、parent-child link作成の順に構築し、各段階の成果物を版管理します。 再抽出した文面と分類を照合する。,rag-guide-maintainers,,,,INCONCLUSIVE,NOT_APPLICABLE_UNPROVED,codex-primary-wave4,2026-08-15,codex-independent-wave4,2026-08-15,FINAL_TWO_REVIEWER_APPROVED
SENT-4006,52bebecfb2a435d0e7ff2efea557c5799674ded6,RAPTORは、意味の近い要素を再帰的にまとめ、各集団の抽象的な要約を作ります。,RAPTOR型候補では意味近傍を再帰的にcluster化し、cluster summaryと子要素を同じtree versionへ結びます。,NL_PROPOSITION(RAPTORは、意味の近い要素を再帰的にまとめ、各集団の抽象的な要約を作ります。),UNFORMALIZED,concrete_technology_claim,UNCLASSIFIED,9.6.2 (docs/9.失敗パターンに応じて高度化する/9.6.Hierarchical RAG・RAPTOR.md:32); authoritative docs commit 52bebecfb2a435d0e7ff2efea557c5799674ded6,,,DEFINITION_OR_SPEC,,UNFORMALIZED_NATURAL_LANGUAGE_CLAIM,NOT_APPLICABLE,REWRITE_REQUIRED,「RAPTOR型候補では意味近傍を再帰的にcluster化し」の証拠境界として、元命題にある未確定の関係はUNFORMALIZED_NATURAL_LANGUAGE_CLAIMの裏付けを欠くため、実装規則とは分離します。RAPTOR型候補では意味近傍を再帰的にcluster化し、cluster summaryと子要素を同じtree versionへ結びます。 修正文が具体化する対象は「RAPTOR型候補では意味近傍を再帰的にcluster化し」です。「RAPTOR型候補では意味近傍を再帰的にcluster化し」の検討では、UNFORMALIZED_NATURAL_LANGUAGE_CLAIMを一般的な効果として説明せず、ガイド内で実行する処理へ焦点を移しました。「RAPTOR型候補では意味近傍を再帰的にcluster化し」の採否について、本文を未確定の関係から局所操作へ切り替える差分として採用します。,NOT_APPLICABLE_NON_NORMATIVE,NOT_APPLICABLE_NON_NORMATIVE,NOT_APPLICABLE,9.6.2 (docs/9.失敗パターンに応じて高度化する/9.6.Hierarchical RAG・RAPTOR.md:32); authoritative docs commit 52bebecfb2a435d0e7ff2efea557c5799674ded6 の現文を次の文へ置換する: RAPTOR型候補では意味近傍を再帰的にcluster化し、cluster summaryと子要素を同じtree versionへ結びます。 再抽出した文面と分類を照合する。,rag-guide-maintainers,,,,INCONCLUSIVE,NOT_APPLICABLE_UNPROVED,codex-primary-wave4,2026-08-15,codex-independent-wave4,2026-08-15,FINAL_TWO_REVIEWER_APPROVED
SENT-4019,52bebecfb2a435d0e7ff2efea557c5799674ded6,生成情報を索引へ追加する方式は、研究ごとに生成対象と評価条件が異なり、一般的な有効性は確立していません。,RAPTORを含む生成情報をindexへ追加する研究は、生成する要約・質問・階層と評価taskが方式ごとに異なるため、その結果を生成情報索引全般の有効性へ一般化しません。,"NOT(AND(ATOM(generation=true), ATOM(evaluation=true)))",NOT,empirical_or_research_claim,有効,9.6.3 (docs/9.失敗パターンに応じて高度化する/9.6.Hierarchical RAG・RAPTOR.md:54); authoritative docs commit 52bebecfb2a435d0e7ff2efea557c5799674ded6,SRC-033;SRC-154;SRC-155,SRC-033 https://arxiv.org/abs/2401.18059 — abstract inspected 2026-08-15; 現主張への直接locatorは未確定; SRC-154 https://proceedings.iclr.cc/paper_files/paper/2024/hash/8a2acd174940dbca361a6398a4f9df91-Abstract-Conference.html — primary_page inspected 2026-08-15; 現主張への直接locatorは未確定; SRC-155 https://aclanthology.org/2025.findings-acl.20/ — abstract inspected 2026-08-15; 現主張への直接locatorは未確定,LIMITATION,NONE_DIRECTLY_VERIFIED,evaluation=true;generation=true,NOT,REWRITE_REQUIRED,arxiv.org・proceedings.iclr.ccのAbstractへの参照は台帳にありますが、evaluation、generationについて否定関係まで同時に再特定できる直接箇所が確定していません。RAPTORを含む生成情報をindexへ追加する研究は、生成する要約・質問・階層と評価taskが方式ごとに異なるため、その結果を生成情報索引全般の有効性へ一般化しないという範囲まで対象と条件を絞り、未確認の効果や一般化を実験結果のように読ませない文面にします。 修正文にある主体と操作対象は保ちつつ、直接根拠を越える否定関係を落とす差分なので、REWRITE_REQUIREDと判定します。,NOT_APPLICABLE_NON_NORMATIVE,NOT_APPLICABLE_NON_NORMATIVE,UNVERIFIED,9.6.3 (docs/9.失敗パターンに応じて高度化する/9.6.Hierarchical RAG・RAPTOR.md:54); authoritative docs commit 52bebecfb2a435d0e7ff2efea557c5799674ded6 の現文を次の文へ置換する: RAPTORを含む生成情報をindexへ追加する研究は、生成する要約・質問・階層と評価taskが方式ごとに異なるため、その結果を生成情報索引全般の有効性へ一般化しません。 再抽出した文面と分類を照合する。,rag-guide-maintainers,,,,INCONCLUSIVE,NOT_APPLICABLE_UNPROVED,codex-primary-wave4,2026-08-15,codex-independent-wave4,2026-08-15,FINAL_TWO_REVIEWER_APPROVED
SENT-4042,52bebecfb2a435d0e7ff2efea557c5799674ded6,From Local to Globalは、文書から固有表現と関係のグラフを作り、関係の密な集団を要約して、資料群全体に関する質問へ答えるプレプリントです。,From Local to Globalは、documentからentityとrelationのgraphを構築し、community summaryを使ってcorpus全体に関するqueryへ答える方法を提案したpreprintです。,ATOM(dense=true),ATOM,externally_cited_claim,UNCLASSIFIED,9.7.1 (docs/9.失敗パターンに応じて高度化する/9.7.GraphRAG.md:17); authoritative docs commit 52bebecfb2a435d0e7ff2efea557c5799674ded6,SRC-157,SRC-157 https://arxiv.org/abs/2404.16130 — abstract inspected 2026-08-15; 現主張への直接locatorは未確定,AUTHOR_CLAIM,NONE_DIRECTLY_VERIFIED,dense=true,NOT_APPLICABLE,REWRITE_REQUIRED,arxiv.orgのAbstractへの参照は台帳にありますが、denseについて各要素と結論との直接の対応まで同時に再特定できる直接箇所が確定していません。資料の帰属範囲をFrom Local to Globalは、documentからentityとrelationのgraphを構築し、community summaryを使ってcorpus全体に関するqueryへ答える方法を提案したpreprintであるという限定まで狭め、候補URLの存在だけで機序や結果を補わない文へ変更します。 修正文にある主体と操作対象は保ちつつ、直接根拠を越える各要素と結論との直接の対応を落とす差分なので、REWRITE_REQUIREDと判定します。,NOT_APPLICABLE_NON_NORMATIVE,NOT_APPLICABLE_NON_NORMATIVE,UNVERIFIED,9.7.1 (docs/9.失敗パターンに応じて高度化する/9.7.GraphRAG.md:17); authoritative docs commit 52bebecfb2a435d0e7ff2efea557c5799674ded6 の現文を次の文へ置換する: From Local to Globalは、documentからentityとrelationのgraphを構築し、community summaryを使ってcorpus全体に関するqueryへ答える方法を提案したpreprintです。 再抽出した文面と分類を照合する。,rag-guide-maintainers,,,,INCONCLUSIVE,NOT_APPLICABLE_UNPROVED,codex-primary-wave4,2026-08-15,codex-independent-wave4,2026-08-15,FINAL_TWO_REVIEWER_APPROVED
SENT-4049,52bebecfb2a435d0e7ff2efea557c5799674ded6,既存の知識グラフ、文書間リンク、引用グラフ、固有表現とチャンクの二部グラフ、文書群の階層など、目的の異なるグラフがあります。,graph retrievalの候補をknowledge graph、document link、citation graph、entity-chunk bipartite graph、document hierarchyへ分け、用途とedge semanticsを登録します。,"AND(ATOM(graph=true), ATOM(citation=true))",AND,general_technical_claim,UNCLASSIFIED,9.7.1 (docs/9.失敗パターンに応じて高度化する/9.7.GraphRAG.md:27); authoritative docs commit 52bebecfb2a435d0e7ff2efea557c5799674ded6,,,DEFINITION_OR_SPEC,,citation=true,NOT_APPLICABLE,REWRITE_REQUIRED,「graph retrievalの候補をknowledge graph」の検討では、根拠未確認のcitation=trueを、観測可能な処理規則へ置き換えました。「graph retrievalの候補をknowledge graph」の証拠境界として、citation=trueの外的真偽を確定できず、未確定の関係に依存しない記述へ変更します。graph retrievalの候補をknowledge graph、document link、citation graph、entity-chunk bipartite graph、document hierarchyへ分け、用途とedge semanticsを登録します。 修正文が具体化する対象は「graph retrievalの候補をknowledge graph」です。「graph retrievalの候補をknowledge graph」の採否について、citation=trueから未支持部分を除いて実装可能性を保つには書換えが必要です。,NOT_APPLICABLE_NON_NORMATIVE,NOT_APPLICABLE_NON_NORMATIVE,NOT_APPLICABLE,9.7.1 (docs/9.失敗パターンに応じて高度化する/9.7.GraphRAG.md:27); authoritative docs commit 52bebecfb2a435d0e7ff2efea557c5799674ded6 の現文を次の文へ置換する: graph retrievalの候補をknowledge graph、document link、citation graph、entity-chunk bipartite graph、document hierarchyへ分け、用途とedge semanticsを登録します。 再抽出した文面と分類を照合する。,rag-guide-maintainers,,,,INCONCLUSIVE,NOT_APPLICABLE_UNPROVED,codex-primary-wave4,2026-08-15,codex-independent-wave4,2026-08-15,FINAL_TWO_REVIEWER_APPROVED
SENT-4055,52bebecfb2a435d0e7ff2efea557c5799674ded6,構築は、固有表現と関係の抽出、同じ対象の統合、元チャンクとの対応、関係の密な集団の検出、集団要約の生成という順で進めます。,,"AND(ATOM(dense=true), ATOM(generation=true))",AND,general_technical_claim,UNCLASSIFIED,9.7.2 (docs/9.失敗パターンに応じて高度化する/9.7.GraphRAG.md:38); authoritative docs commit 52bebecfb2a435d0e7ff2efea557c5799674ded6,,,DEFINITION_OR_SPEC,,,,APPROPRIATE_NORMATIVE,構築は、固有表現と関係の抽出、同じ対象の統合、元チャンクとの対応、関係の密な集団の検出、集団要約の生成という順で進めるという運用要件は、実行時の判断を担当者ごとにぶらさないためのローカル規則です。graph構築runごとに、entity・relation抽出、entity resolution、source chunk対応、community detection、community summary生成を別stageとして記録し、各stageのinput/output IDが次stageへ欠損なく渡り、全summaryから元chunkへ逆引きできることを確認する。 適用境界では、既存knowledge graphを入力にする場合はentity・relation抽出stageをimport verificationへ置換できるが、entity resolution、source chunk provenance、community membership、summary-to-source対応は省略しない。 実装結果と例外発生時の扱いを個別に検査できるため、APPROPRIATE_NORMATIVEです。,graph構築runごとに、entity・relation抽出、entity resolution、source chunk対応、community detection、community summary生成を別stageとして記録し、各stageのinput/output IDが次stageへ欠損なく渡り、全summaryから元chunkへ逆引きできることを確認する。,既存knowledge graphを入力にする場合はentity・relation抽出stageをimport verificationへ置換できるが、entity resolution、source chunk provenance、community membership、summary-to-source対応は省略しない。,NOT_APPLICABLE,9.7.2 (docs/9.失敗パターンに応じて高度化する/9.7.GraphRAG.md:38); authoritative docs commit 52bebecfb2a435d0e7ff2efea557c5799674ded6 の本文を維持し、normative_criteriaとexceptionsを設計台帳へ固定する。,rag-guide-maintainers,,,,INCONCLUSIVE,NOT_APPLICABLE_UNPROVED,codex-primary-wave4,2026-08-15,codex-independent-wave4,2026-08-15,FINAL_TWO_REVIEWER_APPROVED
SENT-4063,52bebecfb2a435d0e7ff2efea557c5799674ded6,分類の確信度が低い場合は、ベクトル検索で開始点を探し、グラフ探索を組み合わせます。,,NL_PROPOSITION(分類の確信度が低い場合は、ベクトル検索で開始点を探し、グラフ探索を組み合わせます。),UNFORMALIZED,general_technical_claim,UNCLASSIFIED,9.7.3 (docs/9.失敗パターンに応じて高度化する/9.7.GraphRAG.md:52); authoritative docs commit 52bebecfb2a435d0e7ff2efea557c5799674ded6,,,DEFINITION_OR_SPEC,,,,APPROPRIATE_NORMATIVE,分類の確信度が低い場合は、ベクトル検索で開始点を探し、グラフ探索を組み合わせるという運用要件は、実行時の判断を担当者ごとにぶらさないためのローカル規則です。query classifier confidenceが閾値未満の場合にvector searchでstart entity候補を得てgraph traversalへ渡し、既知entity質問と曖昧質問のfixtureで開始点と最終関係を確認する。 適用境界では、vector searchで十分なconfidenceのstart entityを得られない場合は無制限にgraph探索せず、clarificationまたは回答保留へ切り替える。 実装結果と例外発生時の扱いを個別に検査できるため、APPROPRIATE_NORMATIVEです。,query classifier confidenceが閾値未満の場合にvector searchでstart entity候補を得てgraph traversalへ渡し、既知entity質問と曖昧質問のfixtureで開始点と最終関係を確認する。,vector searchで十分なconfidenceのstart entityを得られない場合は無制限にgraph探索せず、clarificationまたは回答保留へ切り替える。,NOT_APPLICABLE,9.7.3 (docs/9.失敗パターンに応じて高度化する/9.7.GraphRAG.md:52); authoritative docs commit 52bebecfb2a435d0e7ff2efea557c5799674ded6 の本文を維持し、normative_criteriaとexceptionsを設計台帳へ固定する。,rag-guide-maintainers,,,,INCONCLUSIVE,NOT_APPLICABLE_UNPROVED,codex-primary-wave4,2026-08-15,codex-independent-wave4,2026-08-15,FINAL_TWO_REVIEWER_APPROVED
SENT-4071,52bebecfb2a435d0e7ff2efea557c5799674ded6,各経路の関係を元チャンクへ結び付けます。,,NL_PROPOSITION(各経路の関係を元チャンクへ結び付けます。),UNFORMALIZED,general_technical_claim,UNCLASSIFIED,9.7.3 (docs/9.失敗パターンに応じて高度化する/9.7.GraphRAG.md:64); authoritative docs commit 52bebecfb2a435d0e7ff2efea557c5799674ded6,,,DEFINITION_OR_SPEC,,,,APPROPRIATE_NORMATIVE,各経路の関係を元チャンクへ結び付けるという検索経路は、候補の収集・統合・選択を再現可能にするガイド内の決定です。routing edgeごとにsource chunk_idとsource spanを保存し、graph上の任意の関係から根拠本文へ逆引きできることを確認します。 さらに、元chunkへ対応付けられない推定関係は回答根拠へ昇格させず、未検証edgeとして隔離します。 この扱いを例外として記録します。 検索結果の合格条件と別経路へ切り替える条件が検査できるため、APPROPRIATE_NORMATIVEです。,各経路の関係を元チャンクへ結び付けます。 routing edgeごとにsource chunk_idとsource spanを保存し、graph上の任意の関係から根拠本文へ逆引きできることを確認します。,各経路の関係を元チャンクへ結び付けます。 元chunkへ対応付けられない推定関係は回答根拠へ昇格させず、未検証edgeとして隔離します。,NOT_APPLICABLE,9.7.3 (docs/9.失敗パターンに応じて高度化する/9.7.GraphRAG.md:64); authoritative docs commit 52bebecfb2a435d0e7ff2efea557c5799674ded6 の本文を維持し、normative_criteriaとexceptionsを設計台帳へ固定する。,rag-guide-maintainers,,,,INCONCLUSIVE,NOT_APPLICABLE_UNPROVED,codex-primary-wave4,2026-08-15,codex-independent-wave4,2026-08-15,FINAL_TWO_REVIEWER_APPROVED
SENT-4082,52bebecfb2a435d0e7ff2efea557c5799674ded6,順位統合または経路間で比較できるよう調整したスコアを使い、同じチャンクを重複してコンテキストへ入れないようにします。,経路間統合はrankまたは校正済みscoreで行い、同じchunk_idはcontext投入前に一件へdeduplicateします。,NL_PROPOSITION(順位統合または経路間で比較できるよう調整したスコアを使い、同じチャンクを重複してコンテキストへ入れないようにします。),UNFORMALIZED,general_technical_claim,できる,9.7.4 (docs/9.失敗パターンに応じて高度化する/9.7.GraphRAG.md:82); authoritative docs commit 52bebecfb2a435d0e7ff2efea557c5799674ded6,,,DEFINITION_OR_SPEC,,UNFORMALIZED_NATURAL_LANGUAGE_CLAIM,UNFORMALIZED,REWRITE_REQUIRED,「経路間統合はrankまたは校正済みscoreで行い」の検討では、未形式化の関係を含む元文から採用するのは、再現可能な局所手順に限ります。経路間統合はrankまたは校正済みscoreで行い、同じchunk_idはcontext投入前に一件へdeduplicateします。 修正文が具体化する対象は「経路間統合はrankまたは校正済みscoreで行い」です。「経路間統合はrankまたは校正済みscoreで行い」の証拠境界として、UNFORMALIZED_NATURAL_LANGUAGE_CLAIMを外部主張として残す証拠がなく、未形式化の関係を具体的な構成判断へ縮約しています。「経路間統合はrankまたは校正済みscoreで行い」の採否について、本文を未形式化の関係から局所操作へ切り替える差分として採用します。,NOT_APPLICABLE_NON_NORMATIVE,NOT_APPLICABLE_NON_NORMATIVE,NOT_APPLICABLE,9.7.4 (docs/9.失敗パターンに応じて高度化する/9.7.GraphRAG.md:82); authoritative docs commit 52bebecfb2a435d0e7ff2efea557c5799674ded6 の現文を次の文へ置換する: 経路間統合はrankまたは校正済みscoreで行い、同じchunk_idはcontext投入前に一件へdeduplicateします。 再抽出した文面と分類を照合する。,rag-guide-maintainers,,,,INCONCLUSIVE,NOT_APPLICABLE_UNPROVED,codex-primary-wave4,2026-08-15,codex-independent-wave4,2026-08-15,FINAL_TWO_REVIEWER_APPROVED
SENT-4086,52bebecfb2a435d0e7ff2efea557c5799674ded6,文書を削除するときは、チャンクだけでなく、その文書から作った関係と要約も再計算します。,,NL_PROPOSITION(文書を削除するときは、チャンクだけでなく、その文書から作った関係と要約も再計算します。),UNFORMALIZED,general_technical_claim,UNCLASSIFIED,9.7.5 (docs/9.失敗パターンに応じて高度化する/9.7.GraphRAG.md:90); authoritative docs commit 52bebecfb2a435d0e7ff2efea557c5799674ded6,,,DEFINITION_OR_SPEC,,,,APPROPRIATE_NORMATIVE,文書を削除するときは、チャンクだけでなく、その文書から作った関係と要約も再計算するという運用要件は、実行時の判断を担当者ごとにぶらさないためのローカル規則です。document削除eventから派生chunk、relation edge、entity summaryを逆引きして再計算または削除し、削除内容がgraph resultとsummary answerへ残らないことを確認する。 さらに、他documentにも根拠を持つrelation/summaryは残せるが、provenanceから削除documentを外して再生成する。 この扱いを例外として記録します。 実装結果と例外発生時の扱いを個別に検査できるため、APPROPRIATE_NORMATIVEです。,document削除eventから派生chunk、relation edge、entity summaryを逆引きして再計算または削除し、削除内容がgraph resultとsummary answerへ残らないことを確認する。,他documentにも根拠を持つrelation/summaryは残せるが、provenanceから削除documentを外して再生成する。,NOT_APPLICABLE,9.7.5 (docs/9.失敗パターンに応じて高度化する/9.7.GraphRAG.md:90); authoritative docs commit 52bebecfb2a435d0e7ff2efea557c5799674ded6 の本文を維持し、normative_criteriaとexceptionsを設計台帳へ固定する。,rag-guide-maintainers,,,,INCONCLUSIVE,NOT_APPLICABLE_UNPROVED,codex-primary-wave4,2026-08-15,codex-independent-wave4,2026-08-15,FINAL_TWO_REVIEWER_APPROVED
SENT-4100,52bebecfb2a435d0e7ff2efea557c5799674ded6,ColPaliは、文書ページの画像を複数ベクトルで表現し、OCRテキストだけに依存しない文書検索を提案しています。,ColPali論文は、document page imageを複数vectorで表現し、同論文のdocument retrieval taskでOCR textだけに依存しない検索方法を評価しています。,"NOT(AND(AND(ATOM(multi_vector=true), ATOM(multimodal=true)), ATOM(retrieval=true)))",NOT,externally_cited_claim,UNCLASSIFIED,9.8.1 (docs/9.失敗パターンに応じて高度化する/9.8.Multimodal RAG.md:20); authoritative docs commit 52bebecfb2a435d0e7ff2efea557c5799674ded6,SRC-161,SRC-161 https://proceedings.iclr.cc/paper_files/paper/2025/file/99e9e141aafc314f76b0ca3dd66898b3-Paper-Conference.pdf — primary_page inspected 2026-08-15; 現主張への直接locatorは未確定,EMPIRICAL_RESULT,NONE_DIRECTLY_VERIFIED,multi_vector=true;multimodal=true;retrieval=true,NOT,REWRITE_REQUIRED,proceedings.iclr.ccの一次資料ページへの参照は台帳にありますが、multi_vector、multimodal、retrievalについて否定関係まで同時に再特定できる直接箇所が確定していません。資料の帰属範囲をColPali論文は、document page imageを複数vectorで表現し、同論文のdocument retrieval taskでOCR textだけに依存しない検索方法を評価しているという限定まで狭め、候補URLの存在だけで機序や結果を補わない文へ変更します。 修正文にある主体と操作対象は保ちつつ、直接根拠を越える否定関係を落とす差分なので、REWRITE_REQUIREDと判定します。,NOT_APPLICABLE_NON_NORMATIVE,NOT_APPLICABLE_NON_NORMATIVE,UNVERIFIED,9.8.1 (docs/9.失敗パターンに応じて高度化する/9.8.Multimodal RAG.md:20); authoritative docs commit 52bebecfb2a435d0e7ff2efea557c5799674ded6 の現文を次の文へ置換する: ColPali論文は、document page imageを複数vectorで表現し、同論文のdocument retrieval taskでOCR textだけに依存しない検索方法を評価しています。 再抽出した文面と分類を照合する。,rag-guide-maintainers,,,,INCONCLUSIVE,NOT_APPLICABLE_UNPROVED,codex-primary-wave4,2026-08-15,codex-independent-wave4,2026-08-15,FINAL_TWO_REVIEWER_APPROVED
SENT-4106,52bebecfb2a435d0e7ff2efea557c5799674ded6,LayoutLMv3はテキスト、画像、レイアウトを統合した文書理解を扱い、PubTables-1Mは表の検出と構造認識を支えます。,LayoutLMv3はテキスト、画像、レイアウトを統合した文書理解を扱い、PubTables-1Mは表の検出と構造認識を支えるデータセットを提供します。各記述は、それぞれの原論文が扱った対象と評価条件に限定します。,ATOM(layout=true),ATOM,externally_cited_claim,UNCLASSIFIED,9.8.1 (docs/9.失敗パターンに応じて高度化する/9.8.Multimodal RAG.md:29); authoritative docs commit 52bebecfb2a435d0e7ff2efea557c5799674ded6,SRC-024;SRC-029,SRC-024 https://arxiv.org/abs/2204.08387 — primary_page inspected 2026-08-15; 現主張への直接locatorは未確定; SRC-029 https://arxiv.org/abs/2110.00061 — abstract inspected 2026-08-15; 現主張への直接locatorは未確定,AUTHOR_CLAIM,NONE_DIRECTLY_VERIFIED,layout=true,NOT_APPLICABLE,REWRITE_REQUIRED,arxiv.orgのAbstractへの参照は台帳にありますが、layoutについて各要素と結論との直接の対応まで同時に再特定できる直接箇所が確定していません。資料の帰属範囲をLayoutLMv3はテキスト、画像、レイアウトを統合した文書理解を扱い、PubTables-1Mは表の検出と構造認識を支えるデータセットを提供します。各記述は、それぞれの原論文が扱った対象と評価条件に限定するという限定まで狭め、候補URLの存在だけで機序や結果を補わない文へ変更します。 修正文にある主体と操作対象は保ちつつ、直接根拠を越える各要素と結論との直接の対応を落とす差分なので、REWRITE_REQUIREDと判定します。,NOT_APPLICABLE_NON_NORMATIVE,NOT_APPLICABLE_NON_NORMATIVE,UNVERIFIED,9.8.1 (docs/9.失敗パターンに応じて高度化する/9.8.Multimodal RAG.md:29); authoritative docs commit 52bebecfb2a435d0e7ff2efea557c5799674ded6 の現文を次の文へ置換する: LayoutLMv3はテキスト、画像、レイアウトを統合した文書理解を扱い、PubTables-1Mは表の検出と構造認識を支えるデータセットを提供します。各記述は、それぞれの原論文が扱った対象と評価条件に限定します。 再抽出した文面と分類を照合する。,rag-guide-maintainers,,,,INCONCLUSIVE,NOT_APPLICABLE_UNPROVED,codex-primary-wave4,2026-08-15,codex-independent-wave4,2026-08-15,FINAL_TWO_REVIEWER_APPROVED
SENT-4115,52bebecfb2a435d0e7ff2efea557c5799674ded6,テキスト、表、画像またはページ、動画区間を別のインデックスへ分ける方法と、共通の埋め込み空間へ置く方法があります。,multimodal indexはmodality別index方式とshared embedding方式を別候補とし、text、table、image/page、video segmentのRecallを個別に測ります。,NL_PROPOSITION(テキスト、表、画像またはページ、動画区間を別のインデックスへ分ける方法と、共通の埋め込み空間へ置く方法があります。),UNFORMALIZED,general_technical_claim,UNCLASSIFIED,9.8.3 (docs/9.失敗パターンに応じて高度化する/9.8.Multimodal RAG.md:47); authoritative docs commit 52bebecfb2a435d0e7ff2efea557c5799674ded6,,,DEFINITION_OR_SPEC,,UNFORMALIZED_NATURAL_LANGUAGE_CLAIM,NOT_APPLICABLE,REWRITE_REQUIRED,「multimodal indexはmodality別index方式とshared embedding方式を別候補とし」の検討では、UNFORMALIZED_NATURAL_LANGUAGE_CLAIMに関して本文へ残す内容を、実行または記録で確認できる範囲まで絞りました。multimodal indexはmodality別index方式とshared embedding方式を別候補とし、text、table、image/page、video segmentのRecallを個別に測ります。 修正文が具体化する対象は「multimodal indexはmodality別index方式とshared embedding方式を別候補とし」です。「multimodal indexはmodality別index方式とshared embedding方式を別候補とし」の証拠境界として、UNFORMALIZED_NATURAL_LANGUAGE_CLAIMに対応する一次資料locatorが空である以上、未確定の関係を技術一般の説明には使いません。「multimodal indexはmodality別index方式とshared embedding方式を別候補とし」の採否について、UNFORMALIZED_NATURAL_LANGUAGE_CLAIMから未支持部分を除いて実装可能性を保つには書換えが必要です。,NOT_APPLICABLE_NON_NORMATIVE,NOT_APPLICABLE_NON_NORMATIVE,NOT_APPLICABLE,9.8.3 (docs/9.失敗パターンに応じて高度化する/9.8.Multimodal RAG.md:47); authoritative docs commit 52bebecfb2a435d0e7ff2efea557c5799674ded6 の現文を次の文へ置換する: multimodal indexはmodality別index方式とshared embedding方式を別候補とし、text、table、image/page、video segmentのRecallを個別に測ります。 再抽出した文面と分類を照合する。,rag-guide-maintainers,,,,INCONCLUSIVE,NOT_APPLICABLE_UNPROVED,codex-primary-wave4,2026-08-15,codex-independent-wave4,2026-08-15,FINAL_TWO_REVIEWER_APPROVED
SENT-4129,52bebecfb2a435d0e7ff2efea557c5799674ded6,まず媒体内で順位を作り、その後に順位統合、質問経路、証拠間の関係を使ってまとめます。,,NL_PROPOSITION(まず媒体内で順位を作り、その後に順位統合、質問経路、証拠間の関係を使ってまとめます。),UNFORMALIZED,general_technical_claim,UNCLASSIFIED,9.8.4 (docs/9.失敗パターンに応じて高度化する/9.8.Multimodal RAG.md:70); authoritative docs commit 52bebecfb2a435d0e7ff2efea557c5799674ded6,,,DEFINITION_OR_SPEC,,,,APPROPRIATE_NORMATIVE,まず媒体内で順位を作り、その後に順位統合、質問経路、証拠間の関係を使ってまとめるという検索経路は、候補の収集・統合・選択を再現可能にするガイド内の決定です。この規則の統合規則をversion管理し、複数retrieverが返す既知rank listから期待するcandidate順序を再現し、生scoreの無条件加算や重複candidateが発生しないことを確認する。 さらに、この規則と異なる統合方式はcalibration済みscoreまたは別rerankerとしてversion管理できるが、未調整の異尺度scoreを黙って直接加算しない。 この扱いを例外として記録します。 検索結果の合格条件と別経路へ切り替える条件が検査できるため、APPROPRIATE_NORMATIVEです。,まず媒体内で順位を作り、その後に順位統合、質問経路、証拠間の関係を使ってまとめることを定める検索・経路選択規則について、この規則の統合規則をversion管理し、複数retrieverが返す既知rank listから期待するcandidate順序を再現し、生scoreの無条件加算や重複candidateが発生しないことを確認する。,まず媒体内で順位を作り、その後に順位統合、質問経路、証拠間の関係を使ってまとめることを定める検索・経路選択規則の例外として、この規則と異なる統合方式はcalibration済みscoreまたは別rerankerとしてversion管理できるが、未調整の異尺度scoreを黙って直接加算しない。,NOT_APPLICABLE,9.8.4 (docs/9.失敗パターンに応じて高度化する/9.8.Multimodal RAG.md:70); authoritative docs commit 52bebecfb2a435d0e7ff2efea557c5799674ded6 の本文を維持し、normative_criteriaとexceptionsを設計台帳へ固定する。,rag-guide-maintainers,,,,INCONCLUSIVE,NOT_APPLICABLE_UNPROVED,codex-primary-wave4,2026-08-15,codex-independent-wave4,2026-08-15,FINAL_TWO_REVIEWER_APPROVED
SENT-4130,52bebecfb2a435d0e7ff2efea557c5799674ded6,異なる符号化器のコサイン類似度を、そのまま足しません。,,NOT(ATOM(cosine_compatible=true)),NOT,general_technical_claim,UNCLASSIFIED,9.8.4 (docs/9.失敗パターンに応じて高度化する/9.8.Multimodal RAG.md:71); authoritative docs commit 52bebecfb2a435d0e7ff2efea557c5799674ded6,,,DEFINITION_OR_SPEC,,,,APPROPRIATE_NORMATIVE,異なる符号化器のコサイン類似度を、そのまま足しないという運用要件は、実行時の判断を担当者ごとにぶらさないためのローカル規則です。異なるencoderから得たcosine scoreを直接加算せず、候補rankへ変換してRRFで統合するか、同一rerankerで再得点することをintegration testで確認する。 さらに、共通calibration setでscore scaleの同等性を検証したencoder pairは重み付き統合を使えるが、calibration versionと誤差を記録する。 この扱いを例外として記録します。 実装結果と例外発生時の扱いを個別に検査できるため、APPROPRIATE_NORMATIVEです。,異なるencoderから得たcosine scoreを直接加算せず、候補rankへ変換してRRFで統合するか、同一rerankerで再得点することをintegration testで確認する。,共通calibration setでscore scaleの同等性を検証したencoder pairは重み付き統合を使えるが、calibration versionと誤差を記録する。,NOT_APPLICABLE,9.8.4 (docs/9.失敗パターンに応じて高度化する/9.8.Multimodal RAG.md:71); authoritative docs commit 52bebecfb2a435d0e7ff2efea557c5799674ded6 の本文を維持し、normative_criteriaとexceptionsを設計台帳へ固定する。,rag-guide-maintainers,,,,INCONCLUSIVE,NOT_APPLICABLE_UNPROVED,codex-primary-wave4,2026-08-15,codex-independent-wave4,2026-08-15,FINAL_TWO_REVIEWER_APPROVED
SENT-4133,52bebecfb2a435d0e7ff2efea557c5799674ded6,媒体横断のグラフを生成して検索する方式も提案されていますが、発表から日が浅く、独立した追試が十分ではありません。,媒体横断graphを生成して検索する方式は新規提案として扱い、対象媒体・taskでの独立追試を確認できるまでは一般的な有効性を前提にしません。,"NOT(AND(ATOM(retrieval=true), ATOM(generation=true)))",NOT,empirical_or_research_claim,UNCLASSIFIED,9.8.4 (docs/9.失敗パターンに応じて高度化する/9.8.Multimodal RAG.md:76); authoritative docs commit 52bebecfb2a435d0e7ff2efea557c5799674ded6,SRC-161;SRC-029,SRC-161 https://proceedings.iclr.cc/paper_files/paper/2025/file/99e9e141aafc314f76b0ca3dd66898b3-Paper-Conference.pdf — primary_page inspected 2026-08-15; 現主張への直接locatorは未確定; SRC-029 https://arxiv.org/abs/2110.00061 — abstract inspected 2026-08-15; 現主張への直接locatorは未確定,LIMITATION,NONE_DIRECTLY_VERIFIED,generation=true;retrieval=true,NOT,REWRITE_REQUIRED,proceedings.iclr.cc・arxiv.orgのAbstractへの参照は台帳にありますが、generation、retrievalについて否定関係まで同時に再特定できる直接箇所が確定していません。媒体横断graphを生成して検索する方式は新規提案として扱い、対象媒体・taskでの独立追試を確認できるまでは一般的な有効性を前提にしないという範囲まで対象と条件を絞り、未確認の効果や一般化を実験結果のように読ませない文面にします。 修正文にある主体と操作対象は保ちつつ、直接根拠を越える否定関係を落とす差分なので、REWRITE_REQUIREDと判定します。,NOT_APPLICABLE_NON_NORMATIVE,NOT_APPLICABLE_NON_NORMATIVE,UNVERIFIED,9.8.4 (docs/9.失敗パターンに応じて高度化する/9.8.Multimodal RAG.md:76); authoritative docs commit 52bebecfb2a435d0e7ff2efea557c5799674ded6 の現文を次の文へ置換する: 媒体横断graphを生成して検索する方式は新規提案として扱い、対象媒体・taskでの独立追試を確認できるまでは一般的な有効性を前提にしません。 再抽出した文面と分類を照合する。,rag-guide-maintainers,,,,INCONCLUSIVE,NOT_APPLICABLE_UNPROVED,codex-primary-wave4,2026-08-15,codex-independent-wave4,2026-08-15,FINAL_TWO_REVIEWER_APPROVED
SENT-4134,52bebecfb2a435d0e7ff2efea557c5799674ded6,本書では、査読付き研究が複数ある文書画像検索、レイアウト解析、表構造認識を中心に扱います。,,"AND(AND(AND(ATOM(multimodal=true), ATOM(retrieval=true)), ATOM(layout=true)), ATOM(parsing=true))",AND,empirical_or_research_claim,UNCLASSIFIED,9.8.4 (docs/9.失敗パターンに応じて高度化する/9.8.Multimodal RAG.md:77); authoritative docs commit 52bebecfb2a435d0e7ff2efea557c5799674ded6,,,DEFINITION_OR_SPEC,,,,APPROPRIATE_NORMATIVE,本書では、査読付き研究が複数ある文書画像検索、レイアウト解析、表構造認識を中心に扱うという運用要件は、実行時の判断を担当者ごとにぶらさないためのローカル規則です。文書画像検索、layout解析、table structure recognitionの各節で、扱う方式に対応するpeer-reviewed primary studyを二件以上、section/table/figure locator付きで示す。 さらに、査読研究が二件未満の方式は中心方式として一般化せず、探索的候補として証拠不足と適用範囲を明記する。 この扱いを例外として記録します。 実装結果と例外発生時の扱いを個別に検査できるため、APPROPRIATE_NORMATIVEです。,文書画像検索、layout解析、table structure recognitionの各節で、扱う方式に対応するpeer-reviewed primary studyを二件以上、section/table/figure locator付きで示す。,査読研究が二件未満の方式は中心方式として一般化せず、探索的候補として証拠不足と適用範囲を明記する。,NOT_APPLICABLE,9.8.4 (docs/9.失敗パターンに応じて高度化する/9.8.Multimodal RAG.md:77); authoritative docs commit 52bebecfb2a435d0e7ff2efea557c5799674ded6 の本文を維持し、normative_criteriaとexceptionsを設計台帳へ固定する。,rag-guide-maintainers,,,,INCONCLUSIVE,NOT_APPLICABLE_UNPROVED,codex-primary-wave4,2026-08-15,codex-independent-wave4,2026-08-15,FINAL_TWO_REVIEWER_APPROVED
SENT-4150,52bebecfb2a435d0e7ff2efea557c5799674ded6,顔、個人情報、画面上の認証情報、画像内のプロンプトインジェクションを安全試験へ含めます。,,"AND(ATOM(prompt_injection=true), ATOM(privacy=true))",AND,general_technical_claim,UNCLASSIFIED,9.8.5 (docs/9.失敗パターンに応じて高度化する/9.8.Multimodal RAG.md:103); authoritative docs commit 52bebecfb2a435d0e7ff2efea557c5799674ded6,,,DEFINITION_OR_SPEC,,,,APPROPRIATE_NORMATIVE,Gold標本の二者校正で確定。両案とも安全試験のローカル要求として妥当と判断した。対象画像に該当要素が存在しない場合を除き、各カテゴリの検出・マスキング・命令無視を試験する。,顔、個人情報、画面上の認証情報、画像内のプロンプトインジェクションを安全試験へ含めることを定める安全性・アクセス制御規則について、この規則の対象resourceとattributeをauthorization fixtureへ登録し、許可主体では取得・利用でき、非許可主体ではcandidate、context、answerの全段階でゼロ件になることを確認する。,顔、個人情報、画面上の認証情報、画像内のプロンプトインジェクションを安全試験へ含めることを定める安全性・アクセス制御規則の例外として、この規則より法令、契約、組織policyが厳しい場合は厳しい統制を優先し、性能、可用性、費用を理由に対象resourceのauthorizationまたは隔離を省略しない。,NOT_APPLICABLE,9.8.5 (docs/9.失敗パターンに応じて高度化する/9.8.Multimodal RAG.md:103); authoritative docs commit 52bebecfb2a435d0e7ff2efea557c5799674ded6 の本文を維持し、normative_criteriaとexceptionsを設計台帳へ固定する。,rag-guide-maintainers,,,,INCONCLUSIVE,NOT_APPLICABLE_UNPROVED,codex-primary-wave4,2026-08-15,codex-independent-wave4,2026-08-15,FINAL_TWO_REVIEWER_APPROVED
SENT-4167,52bebecfb2a435d0e7ff2efea557c5799674ded6,本番では自由な無限ループを許さず、最大手順数、終了期限、トークンと金額の上限、代替経路を状態遷移へ組み込みます。,,NL_PROPOSITION(本番では自由な無限ループを許さず、最大手順数、終了期限、トークンと金額の上限、代替経路を状態遷移へ組み込みます。),UNFORMALIZED,general_technical_claim,UNCLASSIFIED,9.9.1 (docs/9.失敗パターンに応じて高度化する/9.9.Agentic RAG.md:28); authoritative docs commit 52bebecfb2a435d0e7ff2efea557c5799674ded6,,,DEFINITION_OR_SPEC,,,,APPROPRIATE_NORMATIVE,本番では自由な無限ループを許さず、最大手順数、終了期限、トークンと金額の上限、代替経路を状態遷移へ組み込むという検索経路は、候補の収集・統合・選択を再現可能にするガイド内の決定です。agent state machineへmax step、deadline、token budget、currency budget、fallback stateを設定し、各上限を超えるfixtureで追加tool callが停止して指定fallbackへ遷移することを確認する。 適用境界では、incident responseで上限を一時変更する場合はrequest class、承認者、有効期限を記録し、unbounded loopは許可しない。 検索結果の合格条件と別経路へ切り替える条件が検査できるため、APPROPRIATE_NORMATIVEです。,agent state machineへmax step、deadline、token budget、currency budget、fallback stateを設定し、各上限を超えるfixtureで追加tool callが停止して指定fallbackへ遷移することを確認する。,incident responseで上限を一時変更する場合はrequest class、承認者、有効期限を記録し、unbounded loopは許可しない。,NOT_APPLICABLE,9.9.1 (docs/9.失敗パターンに応じて高度化する/9.9.Agentic RAG.md:28); authoritative docs commit 52bebecfb2a435d0e7ff2efea557c5799674ded6 の本文を維持し、normative_criteriaとexceptionsを設計台帳へ固定する。,rag-guide-maintainers,,,,INCONCLUSIVE,NOT_APPLICABLE_UNPROVED,codex-primary-wave4,2026-08-15,codex-independent-wave4,2026-08-15,FINAL_TWO_REVIEWER_APPROVED
SENT-4172,52bebecfb2a435d0e7ff2efea557c5799674ded6,Self-RAGは検索、生成、自己批評を制御する方法を、Corrective RAGは検索結果を評価して補正する方法を提案しています。,Self-RAGは検索、生成、自己批評を制御する方法を提案し、Corrective RAGは検索結果を評価して補正する方法を提案しています。各方式の効果は、それぞれの原論文の実験条件に限定します。,"AND(AND(AND(AND(ATOM(retrieval=true), ATOM(generation=true)), ATOM(evaluation=true)), ATOM(self_reflection=true)), ATOM(empirical_result=true))",AND,externally_cited_claim,UNCLASSIFIED,9.9.2 (docs/9.失敗パターンに応じて高度化する/9.9.Agentic RAG.md:38); authoritative docs commit 52bebecfb2a435d0e7ff2efea557c5799674ded6,SRC-162;SRC-097,SRC-162 https://arxiv.org/abs/2310.11511 — primary_page inspected 2026-08-15; 現主張への直接locatorは未確定; SRC-097 https://arxiv.org/abs/2401.15884 — abstract inspected 2026-08-15; 現主張への直接locatorは未確定,EMPIRICAL_RESULT,NONE_DIRECTLY_VERIFIED,evaluation=true,NOT_APPLICABLE,REWRITE_REQUIRED,arxiv.orgのAbstractへの参照は台帳にありますが、evaluationについて各要素と結論との直接の対応まで同時に再特定できる直接箇所が確定していません。資料の帰属範囲をSelf-RAGは検索、生成、自己批評を制御する方法を提案し、Corrective RAGは検索結果を評価して補正する方法を提案しています。各方式の効果は、それぞれの原論文の実験条件に限定するという限定まで狭め、候補URLの存在だけで機序や結果を補わない文へ変更します。 修正文にある主体と操作対象は保ちつつ、直接根拠を越える各要素と結論との直接の対応を落とす差分なので、REWRITE_REQUIREDと判定します。,NOT_APPLICABLE_NON_NORMATIVE,NOT_APPLICABLE_NON_NORMATIVE,UNVERIFIED,9.9.2 (docs/9.失敗パターンに応じて高度化する/9.9.Agentic RAG.md:38); authoritative docs commit 52bebecfb2a435d0e7ff2efea557c5799674ded6 の現文を次の文へ置換する: Self-RAGは検索、生成、自己批評を制御する方法を提案し、Corrective RAGは検索結果を評価して補正する方法を提案しています。各方式の効果は、それぞれの原論文の実験条件に限定します。 再抽出した文面と分類を照合する。,rag-guide-maintainers,,,,INCONCLUSIVE,NOT_APPLICABLE_UNPROVED,codex-primary-wave4,2026-08-15,codex-independent-wave4,2026-08-15,FINAL_TWO_REVIEWER_APPROVED
SENT-4184,52bebecfb2a435d0e7ff2efea557c5799674ded6,Toolformerは、言語モデルがAPI呼び出しを学習できる可能性を示しますが、業務ツールの品質と認可を保証するものではありません。,Toolformer論文はAPI callを自己教師ありで学習する可能性を評価していますが、その実験結果は個別業務toolの出力品質、authorization、side effectの安全性を保証しません。,"NOT(AND(AND(ATOM(generation=true), ATOM(authorization=true)), ATOM(tool_use=true)))",NOT,externally_cited_claim,できる;可能,9.9.3 (docs/9.失敗パターンに応じて高度化する/9.9.Agentic RAG.md:58); authoritative docs commit 52bebecfb2a435d0e7ff2efea557c5799674ded6,SRC-163,SRC-163 https://arxiv.org/abs/2302.04761 — abstract inspected 2026-08-15; 現主張への直接locatorは未確定,EMPIRICAL_RESULT,NONE_DIRECTLY_VERIFIED,authorization=true,NOT,REWRITE_REQUIRED,arxiv.orgのAbstractへの参照は台帳にありますが、authorizationについて否定関係まで同時に再特定できる直接箇所が確定していません。資料の帰属範囲をToolformer論文はAPI callを自己教師ありで学習する可能性を評価していますが、その実験結果は個別業務toolの出力品質、authorization、side effectの安全性を保証しないという限定まで狭め、候補URLの存在だけで機序や結果を補わない文へ変更します。 修正文にある主体と操作対象は保ちつつ、直接根拠を越える否定関係を落とす差分なので、REWRITE_REQUIREDと判定します。,NOT_APPLICABLE_NON_NORMATIVE,NOT_APPLICABLE_NON_NORMATIVE,UNVERIFIED,9.9.3 (docs/9.失敗パターンに応じて高度化する/9.9.Agentic RAG.md:58); authoritative docs commit 52bebecfb2a435d0e7ff2efea557c5799674ded6 の現文を次の文へ置換する: Toolformer論文はAPI callを自己教師ありで学習する可能性を評価していますが、その実験結果は個別業務toolの出力品質、authorization、side effectの安全性を保証しません。 再抽出した文面と分類を照合する。,rag-guide-maintainers,,,,INCONCLUSIVE,NOT_APPLICABLE_UNPROVED,codex-primary-wave4,2026-08-15,codex-independent-wave4,2026-08-15,FINAL_TWO_REVIEWER_APPROVED
SENT-4187,52bebecfb2a435d0e7ff2efea557c5799674ded6,図9-7は、生成モデルの提案を左からツール台帳、引数検証、サーバー側認可、必要な場合の人の承認、実行へ通す順に読みます。,図9-7は、生成モデルの提案を、ツール台帳、引数検証、サーバー側認可、必要な場合の人の承認、実行の順に通す設計として読みます。,NL_PROPOSITION(図9-7は、生成モデルの提案を左からツール台帳、引数検証、サーバー側認可、必要な場合の人の承認、実行へ通す順に読みます。),UNFORMALIZED,empirical_or_research_claim,必要,9.9.3 (docs/9.失敗パターンに応じて高度化する/9.9.Agentic RAG.md:63); authoritative docs commit 52bebecfb2a435d0e7ff2efea557c5799674ded6,,,DEFINITION_OR_SPEC,,,,APPROPRIATE_NORMATIVE,図9-7は、生成モデルの提案を、ツール台帳、引数検証、サーバー側認可、必要な場合の人の承認、実行の順に通す設計として読むという安全境界は、本ガイドが強制する制御として設けます。tool execution fixtureをmodel proposal、tool registry照合、argument validation、server-side authorization、required human approval、executionの順に通し、各段階を飛ばしたrequestが実行されないことを確認する。 さらに、read-onlyで組織policy上approval不要のtoolはhuman approvalをnot-requiredにできるが、registry、argument validation、server-side authorizationは省略しない。 この扱いを例外として記録します。 負試験で境界を確かめ、統制を緩めない例外を明示できるので、APPROPRIATE_NORMATIVEです。,tool execution fixtureをmodel proposal、tool registry照合、argument validation、server-side authorization、required human approval、executionの順に通し、各段階を飛ばしたrequestが実行されないことを確認する。,read-onlyで組織policy上approval不要のtoolはhuman approvalをnot-requiredにできるが、registry、argument validation、server-side authorizationは省略しない。,NOT_APPLICABLE,9.9.3 (docs/9.失敗パターンに応じて高度化する/9.9.Agentic RAG.md:63); authoritative docs commit 52bebecfb2a435d0e7ff2efea557c5799674ded6 の現文を次の文へ置換する: 図9-7は、生成モデルの提案を、ツール台帳、引数検証、サーバー側認可、必要な場合の人の承認、実行の順に通す設計として読みます。 再抽出した文面と分類を照合する。,rag-guide-maintainers,,,,INCONCLUSIVE,NOT_APPLICABLE_UNPROVED,codex-primary-wave4,2026-08-15,codex-independent-wave4,2026-08-15,FINAL_TWO_REVIEWER_APPROVED
SENT-4203,52bebecfb2a435d0e7ff2efea557c5799674ded6,エージェントが読む文書、メール、Webページ、ツール結果は、すべて信頼していない観察結果です。,エージェントが読む文書、メール、Webページ、ツール結果は未信頼入力として扱い、その中の命令を上位指示や認可判断として実行しません。,"NOT(AND(ATOM(tool_use=true), ATOM(empirical_result=true)))",NOT,empirical_or_research_claim,UNCLASSIFIED,9.9.5 (docs/9.失敗パターンに応じて高度化する/9.9.Agentic RAG.md:94); authoritative docs commit 52bebecfb2a435d0e7ff2efea557c5799674ded6,,,DEFINITION_OR_SPEC,,,,APPROPRIATE_NORMATIVE,エージェントが読む文書、メール、Webページ、ツール結果は未信頼入力として扱い、その中の命令を上位指示や認可判断として実行しないという安全境界は、本ガイドが強制する制御として設けます。観察結果内の命令をsystem/developer指示へ昇格させず、tool権限をserver側で検証し、prompt injectionの負試験を通す。 さらに、認証済み正本はデータ信頼度を上げられるが、文書本文に実行命令の権限を与えない。 この扱いを例外として記録します。 負試験で境界を確かめ、統制を緩めない例外を明示できるので、APPROPRIATE_NORMATIVEです。,観察結果内の命令をsystem/developer指示へ昇格させず、tool権限をserver側で検証し、prompt injectionの負試験を通す。,認証済み正本はデータ信頼度を上げられるが、文書本文に実行命令の権限を与えない。,NOT_APPLICABLE,9.9.5 (docs/9.失敗パターンに応じて高度化する/9.9.Agentic RAG.md:94); authoritative docs commit 52bebecfb2a435d0e7ff2efea557c5799674ded6 の現文を次の文へ置換する: エージェントが読む文書、メール、Webページ、ツール結果は未信頼入力として扱い、その中の命令を上位指示や認可判断として実行しません。 再抽出した文面と分類を照合する。,rag-guide-maintainers,,,,INCONCLUSIVE,NOT_APPLICABLE_UNPROVED,codex-primary-wave4,2026-08-15,codex-independent-wave4,2026-08-15,FINAL_TWO_REVIEWER_APPROVED
SENT-4205,52bebecfb2a435d0e7ff2efea557c5799674ded6,間接プロンプトインジェクションの研究は、外部データの命令が情報窃取やツール誤用へつながる経路を示しています。,,"AND(ATOM(prompt_injection=true), ATOM(tool_use=true))",AND,externally_cited_claim,UNCLASSIFIED,9.9.5 (docs/9.失敗パターンに応じて高度化する/9.9.Agentic RAG.md:97); authoritative docs commit 52bebecfb2a435d0e7ff2efea557c5799674ded6,SRC-096,"https://arxiv.org/abs/2302.12173, Abstract（external/retrieved dataに埋め込まれたpromptによる操作・リスク）",AUTHOR_CLAIM,tool_use=true,,,APPROPRIATE_SUPPORTED,Indirect Prompt Injection原著Abstractが、取得外部データ中の命令からdata theftおよびAPI call manipulationへ至る経路を直接記述する。,NOT_APPLICABLE_NON_NORMATIVE,NOT_APPLICABLE_NON_NORMATIVE,SOURCE_ASSERTED,9.9.5 (docs/9.失敗パターンに応じて高度化する/9.9.Agentic RAG.md:97); authoritative docs commit 52bebecfb2a435d0e7ff2efea557c5799674ded6 の本文を維持し、確定した一次資料locator・主張役割・外的真偽境界を台帳へ固定する。,rag-guide-maintainers,,,,INCONCLUSIVE,NOT_APPLICABLE_UNPROVED,codex-primary-wave4,2026-08-15,codex-independent-wave4,2026-08-15,FINAL_TWO_REVIEWER_APPROVED
SENT-4217,52bebecfb2a435d0e7ff2efea557c5799674ded6,通常RAGまたは固定手順を基準とし、対象失敗の改善が追加の遅延、費用、手順のばらつきに見合うかを比較します。,,"AND(ATOM(cost=true), ATOM(empirical_result=true))",AND,empirical_or_research_claim,UNCLASSIFIED,9.9.6 (docs/9.失敗パターンに応じて高度化する/9.9.Agentic RAG.md:117); authoritative docs commit 52bebecfb2a435d0e7ff2efea557c5799674ded6,,,DEFINITION_OR_SPEC,,,,APPROPRIATE_NORMATIVE,通常RAGまたは固定手順を基準とし、対象失敗の改善が追加の遅延、費用、手順のばらつきに見合うかを比較するという採否判断は、比較対象と合格条件を実行結果で識別するために置きます。本文に列挙した対象・条件・指標を個別fieldへ保存し、同一runの実装結果または評価結果と一致することを確認する。 さらに、判定に必要なgold evidenceがないslice、標本不足のslice、負荷条件が異なるrunは合否集計から分離し、他sliceの平均結果を外挿しない。 この扱いを例外として記録します。 同じ条件での比較と採用しない条件を両方記録できるため、APPROPRIATE_NORMATIVEです。,通常RAGまたは固定手順を基準とし、対象失敗の改善が追加の遅延、費用、手順のばらつきに見合うかを比較することを定める評価・採否規則について、本文に列挙した対象・条件・指標を個別fieldへ保存し、同一runの実装結果または評価結果と一致することを確認する。,通常RAGまたは固定手順を基準とし、対象失敗の改善が追加の遅延、費用、手順のばらつきに見合うかを比較することを定める評価・採否規則の例外として、判定に必要なgold evidenceがないslice、標本不足のslice、負荷条件が異なるrunは合否集計から分離し、他sliceの平均結果を外挿しない。,NOT_APPLICABLE,9.9.6 (docs/9.失敗パターンに応じて高度化する/9.9.Agentic RAG.md:117); authoritative docs commit 52bebecfb2a435d0e7ff2efea557c5799674ded6 の本文を維持し、normative_criteriaとexceptionsを設計台帳へ固定する。,rag-guide-maintainers,,,,INCONCLUSIVE,NOT_APPLICABLE_UNPROVED,codex-primary-wave4,2026-08-15,codex-independent-wave4,2026-08-15,FINAL_TWO_REVIEWER_APPROVED
SENT-4218,52bebecfb2a435d0e7ff2efea557c5799674ded6,ツール障害、矛盾する結果、プロンプトインジェクション、予算切れ、権限変更をストレス試験へ含めます。,,"AND(AND(AND(AND(ATOM(fault_tolerance=true), ATOM(authorization=true)), ATOM(prompt_injection=true)), ATOM(tool_use=true)), ATOM(empirical_result=true))",AND,general_technical_claim,UNCLASSIFIED,9.9.6 (docs/9.失敗パターンに応じて高度化する/9.9.Agentic RAG.md:118); authoritative docs commit 52bebecfb2a435d0e7ff2efea557c5799674ded6,,,DEFINITION_OR_SPEC,,,,APPROPRIATE_NORMATIVE,ツール障害、矛盾する結果、プロンプトインジェクション、予算切れ、権限変更をストレス試験へ含めるという安全境界は、本ガイドが強制する制御として設けます。tool failure、conflicting result、prompt injection、budget exhaustion、authorization changeの五fixtureをstress testへ登録し、それぞれで停止、fallback、再確認、denialの期待状態を検査する。 さらに、対象構成に存在しないtool failure typeだけは対象外にできるが、prompt injection、budget、authorization changeの試験は省略しない。 この扱いを例外として記録します。 負試験で境界を確かめ、統制を緩めない例外を明示できるので、APPROPRIATE_NORMATIVEです。,tool failure、conflicting result、prompt injection、budget exhaustion、authorization changeの五fixtureをstress testへ登録し、それぞれで停止、fallback、再確認、denialの期待状態を検査する。,対象構成に存在しないtool failure typeだけは対象外にできるが、prompt injection、budget、authorization changeの試験は省略しない。,NOT_APPLICABLE,9.9.6 (docs/9.失敗パターンに応じて高度化する/9.9.Agentic RAG.md:118); authoritative docs commit 52bebecfb2a435d0e7ff2efea557c5799674ded6 の本文を維持し、normative_criteriaとexceptionsを設計台帳へ固定する。,rag-guide-maintainers,,,,INCONCLUSIVE,NOT_APPLICABLE_UNPROVED,codex-primary-wave4,2026-08-15,codex-independent-wave4,2026-08-15,FINAL_TWO_REVIEWER_APPROVED
SENT-4221,52bebecfb2a435d0e7ff2efea557c5799674ded6,複数エージェントによるRAGは、構成、役割、評価条件が研究ごとに異なり、一般化できる効果が十分に確立していません。,複数エージェント構成の効果は一般化せず、採用する役割分担、通信経路、停止条件を固定して単一エージェント構成と比較します。,NOT(ATOM(evaluation=true)),NOT,empirical_or_research_claim,できる,9.9.7 (docs/9.失敗パターンに応じて高度化する/9.9.Agentic RAG.md:125); authoritative docs commit 52bebecfb2a435d0e7ff2efea557c5799674ded6,SRC-116,SRC-116 https://arxiv.org/abs/2210.03629 — abstract inspected 2026-08-15; 現主張への直接locatorは未確定,LIMITATION,NONE_DIRECTLY_VERIFIED,evaluation=true,NOT,REWRITE_REQUIRED,arxiv.orgのAbstractへの参照は台帳にありますが、evaluationについて否定関係まで同時に再特定できる直接箇所が確定していません。複数エージェント構成の効果は一般化せず、採用する役割分担、通信経路、停止条件を固定して単一エージェント構成と比較するという範囲まで対象と条件を絞り、未確認の効果や一般化を実験結果のように読ませない文面にします。 修正文にある主体と操作対象は保ちつつ、直接根拠を越える否定関係を落とす差分なので、REWRITE_REQUIREDと判定します。,NOT_APPLICABLE_NON_NORMATIVE,NOT_APPLICABLE_NON_NORMATIVE,UNVERIFIED,9.9.7 (docs/9.失敗パターンに応じて高度化する/9.9.Agentic RAG.md:125); authoritative docs commit 52bebecfb2a435d0e7ff2efea557c5799674ded6 の現文を次の文へ置換する: 複数エージェント構成の効果は一般化せず、採用する役割分担、通信経路、停止条件を固定して単一エージェント構成と比較します。 再抽出した文面と分類を照合する。,rag-guide-maintainers,,,,INCONCLUSIVE,NOT_APPLICABLE_UNPROVED,codex-primary-wave4,2026-08-15,codex-independent-wave4,2026-08-15,FINAL_TWO_REVIEWER_APPROVED
SENT-4223,52bebecfb2a435d0e7ff2efea557c5799674ded6,複数エージェント化は、個別の検証計画を用意できる場合の実験対象とします。,,"IMP(ATOM(verification=true), ATOM(empirical_result=true))",IMPLIES,empirical_or_research_claim,できる,9.9.7 (docs/9.失敗パターンに応じて高度化する/9.9.Agentic RAG.md:127); authoritative docs commit 52bebecfb2a435d0e7ff2efea557c5799674ded6,,,DEFINITION_OR_SPEC,,,,APPROPRIATE_NORMATIVE,複数エージェント化は、個別の検証計画を用意できる場合の実験対象とするという運用要件は、実行時の判断を担当者ごとにぶらさないためのローカル規則です。multi-agent candidateはagent roleごとにinput、allowed tool、output schema、failure test、停止条件を定義し、単一agent baselineより対象failureを改善する場合だけ実験を開始する。 さらに、観測専用agentは副作用toolの試験をnot-applicableにできるが、出力schemaと停止条件の試験は省略しない。 この扱いを例外として記録します。 実装結果と例外発生時の扱いを個別に検査できるため、APPROPRIATE_NORMATIVEです。,multi-agent candidateはagent roleごとにinput、allowed tool、output schema、failure test、停止条件を定義し、単一agent baselineより対象failureを改善する場合だけ実験を開始する。,観測専用agentは副作用toolの試験をnot-applicableにできるが、出力schemaと停止条件の試験は省略しない。,NOT_APPLICABLE,9.9.7 (docs/9.失敗パターンに応じて高度化する/9.9.Agentic RAG.md:127); authoritative docs commit 52bebecfb2a435d0e7ff2efea557c5799674ded6 の本文を維持し、normative_criteriaとexceptionsを設計台帳へ固定する。,rag-guide-maintainers,,,,INCONCLUSIVE,NOT_APPLICABLE_UNPROVED,codex-primary-wave4,2026-08-15,codex-independent-wave4,2026-08-15,FINAL_TWO_REVIEWER_APPROVED
SENT-4224,52bebecfb2a435d0e7ff2efea557c5799674ded6,基本的なRAGで評価した後にも、会話文脈、複数source、構造化データ、長文、関係探索、図表、業務操作などに固有の失敗が残る場合があります。,基本RAGの評価後も、会話文脈、複数source、構造化データ、長文、関係探索、図表、業務操作の各sliceで失敗が残るかを個別に確認します。,NL_PROPOSITION(基本的なRAGで評価した後にも、会話文脈、複数source、構造化データ、長文、関係探索、図表、業務操作などに固有の失敗が残る場合があります。),UNFORMALIZED,empirical_or_research_claim,UNCLASSIFIED,INTRO-9 (docs/9.失敗パターンに応じて高度化する/序文.md:3); authoritative docs commit 52bebecfb2a435d0e7ff2efea557c5799674ded6,,,DEFINITION_OR_SPEC,,,,APPROPRIATE_NORMATIVE,基本RAGの評価後も、会話文脈、複数source、構造化データ、長文、関係探索、図表、業務操作の各sliceで失敗が残るかを個別に確認するという採否判断は、比較対象と合格条件を実行結果で識別するために置きます。基本構成を固定baselineとし、各failure sliceにgold data、metric、guardrail、費用上限を定め、追加方式を一つずつ比較する。 さらに、対象業務に存在しないsliceは省略できる。重大な安全性sliceは基本構成の完了前でも先行して試験する。 この扱いを例外として記録します。 同じ条件での比較と採用しない条件を両方記録できるため、APPROPRIATE_NORMATIVEです。,基本構成を固定baselineとし、各failure sliceにgold data、metric、guardrail、費用上限を定め、追加方式を一つずつ比較する。,対象業務に存在しないsliceは省略できる。重大な安全性sliceは基本構成の完了前でも先行して試験する。,NOT_APPLICABLE,INTRO-9 (docs/9.失敗パターンに応じて高度化する/序文.md:3); authoritative docs commit 52bebecfb2a435d0e7ff2efea557c5799674ded6 の現文を次の文へ置換する: 基本RAGの評価後も、会話文脈、複数source、構造化データ、長文、関係探索、図表、業務操作の各sliceで失敗が残るかを個別に確認します。 再抽出した文面と分類を照合する。,rag-guide-maintainers,,,,INCONCLUSIVE,NOT_APPLICABLE_UNPROVED,codex-primary-wave4,2026-08-15,codex-independent-wave4,2026-08-15,FINAL_TWO_REVIEWER_APPROVED
SENT-4227,52bebecfb2a435d0e7ff2efea557c5799674ded6,本章では、代表研究が一定数引用され、複数の査読付き研究で効果が確認できる方式だけを扱います。,,ATOM(citation=true),ATOM,empirical_or_research_claim,できる,INTRO-9 (docs/9.失敗パターンに応じて高度化する/序文.md:7); authoritative docs commit 52bebecfb2a435d0e7ff2efea557c5799674ded6,,,DEFINITION_OR_SPEC,,,,APPROPRIATE_NORMATIVE,本章では、代表研究が一定数引用され、複数の査読付き研究で効果が確認できる方式だけを扱うという運用要件は、実行時の判断を担当者ごとにぶらさないためのローカル規則です。第9章で効果を扱う各方式について、同じ効果方向を報告する独立したpeer-reviewed studyを二件以上、具体locator付きで記載する。 さらに、独立したpeer-reviewed studyが二件未満の方式は確立方式として扱わず、探索的手法として不確実性と再評価条件を記載する。 この扱いを例外として記録します。 実装結果と例外発生時の扱いを個別に検査できるため、APPROPRIATE_NORMATIVEです。,第9章で効果を扱う各方式について、同じ効果方向を報告する独立したpeer-reviewed studyを二件以上、具体locator付きで記載する。,独立したpeer-reviewed studyが二件未満の方式は確立方式として扱わず、探索的手法として不確実性と再評価条件を記載する。,NOT_APPLICABLE,INTRO-9 (docs/9.失敗パターンに応じて高度化する/序文.md:7); authoritative docs commit 52bebecfb2a435d0e7ff2efea557c5799674ded6 の本文を維持し、normative_criteriaとexceptionsを設計台帳へ固定する。,rag-guide-maintainers,,,,INCONCLUSIVE,NOT_APPLICABLE_UNPROVED,codex-primary-wave4,2026-08-15,codex-independent-wave4,2026-08-15,FINAL_TWO_REVIEWER_APPROVED
SENT-4229,52bebecfb2a435d0e7ff2efea557c5799674ded6,件数を再調査するときは、取得元、検索式、論文のcanonical ID、取得時刻、保存した生応答への相対パスとSHA-256を evidence/chapter-9-citation-counts/ に残します。,,NL_PROPOSITION(件数を再調査するときは、取得元、検索式、論文のcanonical ID、取得時刻、保存した生応答への相対パスとSHA-256を evidence/chapter-9-citation-counts/ に残します。),UNFORMALIZED,empirical_or_research_claim,UNCLASSIFIED,INTRO-9 (docs/9.失敗パターンに応じて高度化する/序文.md:8); authoritative docs commit 52bebecfb2a435d0e7ff2efea557c5799674ded6,,,DEFINITION_OR_SPEC,,,,APPROPRIATE_NORMATIVE,件数を再調査するときは、取得元、検索式、論文のcanonical ID、取得時刻、保存した生応答への相対パスとSHA-256を evidence/chapter-9-citation-counts/ に残すという追跡要件は、後続工程から入力と版へ戻るための局所契約です。citation件数の再調査runごとに取得元、検索式、canonical paper ID、取得時刻、raw responseの相対pathとSHA-256をevidence/chapter-9-citation-counts/へ保存し、記録したhashを再計算して一致を確認します。 適用境界では、取得元がraw responseの保存を禁止する場合は利用条件、取得時刻、request条件、immutable response identifierを代替証跡として残し、再現証跡なしの件数を確定値として掲載しません。 逆引き可能性と保存上の例外を台帳で確かめられるため、APPROPRIATE_NORMATIVEです。,citation件数の再調査runごとに取得元、検索式、canonical paper ID、取得時刻、raw responseの相対pathとSHA-256をevidence/chapter-9-citation-counts/へ保存し、記録したhashを再計算して一致を確認します。,取得元がraw responseの保存を禁止する場合は利用条件、取得時刻、request条件、immutable response identifierを代替証跡として残し、再現証跡なしの件数を確定値として掲載しません。,NOT_APPLICABLE,INTRO-9 (docs/9.失敗パターンに応じて高度化する/序文.md:8); authoritative docs commit 52bebecfb2a435d0e7ff2efea557c5799674ded6 の本文を維持し、normative_criteriaとexceptionsを設計台帳へ固定する。,rag-guide-maintainers,,,,INCONCLUSIVE,NOT_APPLICABLE_UNPROVED,codex-primary-wave4,2026-08-15,codex-independent-wave4,2026-08-15,FINAL_TWO_REVIEWER_APPROVED
SENT-4230,52bebecfb2a435d0e7ff2efea557c5799674ded6,掲載判断では、引用件数だけでなく、独立研究、対象タスク、比較条件、査読状況を確認します。,,ATOM(citation=true),ATOM,empirical_or_research_claim,UNCLASSIFIED,INTRO-9 (docs/9.失敗パターンに応じて高度化する/序文.md:8); authoritative docs commit 52bebecfb2a435d0e7ff2efea557c5799674ded6,,,DEFINITION_OR_SPEC,,,,APPROPRIATE_NORMATIVE,掲載判断では、引用件数だけでなく、独立研究、対象タスク、比較条件、査読状況を確認するという採否判断は、比較対象と合格条件を実行結果で識別するために置きます。掲載候補ごとにcitation count、研究groupの独立性、対象task、comparison condition、peer-review statusを記録し、引用件数だけでなく残る四項目を確認して掲載理由を決定します。 さらに、新規研究やpreprintはemerging evidenceとして掲載できますが、査読前であることと比較条件の不足を明記し、高い引用件数だけで確立済み知見と扱いません。 この扱いを例外として記録します。 同じ条件での比較と採用しない条件を両方記録できるため、APPROPRIATE_NORMATIVEです。,掲載候補ごとにcitation count、研究groupの独立性、対象task、comparison condition、peer-review statusを記録し、引用件数だけでなく残る四項目を確認して掲載理由を決定します。,新規研究やpreprintはemerging evidenceとして掲載できますが、査読前であることと比較条件の不足を明記し、高い引用件数だけで確立済み知見と扱いません。,NOT_APPLICABLE,INTRO-9 (docs/9.失敗パターンに応じて高度化する/序文.md:8); authoritative docs commit 52bebecfb2a435d0e7ff2efea557c5799674ded6 の本文を維持し、normative_criteriaとexceptionsを設計台帳へ固定する。,rag-guide-maintainers,,,,INCONCLUSIVE,NOT_APPLICABLE_UNPROVED,codex-primary-wave4,2026-08-15,codex-independent-wave4,2026-08-15,FINAL_TWO_REVIEWER_APPROVED
SENT-4232,52bebecfb2a435d0e7ff2efea557c5799674ded6,Conversational RAGは、ConvGQRとIterCQRを根拠に、会話中の省略を解決する検索書き換えを扱います。,本章では、ConvGQRとIterCQRを会話中の省略を解決する検索書き換えの候補として扱い、同じ会話データと検索指標で比較します。,"AND(ATOM(retrieval=true), ATOM(evidence_support=true))",AND,externally_cited_claim,UNCLASSIFIED,INTRO-9 (docs/9.失敗パターンに応じて高度化する/序文.md:12); authoritative docs commit 52bebecfb2a435d0e7ff2efea557c5799674ded6,SRC-164;SRC-165,SRC-164 https://aclanthology.org/2023.acl-long.274/ — abstract inspected 2026-08-15; 現主張への直接locatorは未確定; SRC-165 https://aclanthology.org/2024.naacl-long.449/ — primary_page inspected 2026-08-15; 現主張への直接locatorは未確定,AUTHOR_CLAIM,NONE_DIRECTLY_VERIFIED,evidence_support=true,NOT_APPLICABLE,REWRITE_REQUIRED,aclanthology.orgのAbstractへの参照は台帳にありますが、evidence_supportについて各要素と結論との直接の対応まで同時に再特定できる直接箇所が確定していません。資料の帰属範囲を本章では、ConvGQRとIterCQRを会話中の省略を解決する検索書き換えの候補として扱い、同じ会話データと検索指標で比較するという限定まで狭め、候補URLの存在だけで機序や結果を補わない文へ変更します。 修正文にある主体と操作対象は保ちつつ、直接根拠を越える各要素と結論との直接の対応を落とす差分なので、REWRITE_REQUIREDと判定します。,NOT_APPLICABLE_NON_NORMATIVE,NOT_APPLICABLE_NON_NORMATIVE,UNVERIFIED,INTRO-9 (docs/9.失敗パターンに応じて高度化する/序文.md:12); authoritative docs commit 52bebecfb2a435d0e7ff2efea557c5799674ded6 の現文を次の文へ置換する: 本章では、ConvGQRとIterCQRを会話中の省略を解決する検索書き換えの候補として扱い、同じ会話データと検索指標で比較します。 再抽出した文面と分類を照合する。,rag-guide-maintainers,,,,INCONCLUSIVE,NOT_APPLICABLE_UNPROVED,codex-primary-wave4,2026-08-15,codex-independent-wave4,2026-08-15,FINAL_TWO_REVIEWER_APPROVED
SENT-4233,52bebecfb2a435d0e7ff2efea557c5799674ded6,Federated・Routed RAGは、Adaptive-RAGとWhen and How to Augment Your Inputを根拠に、情報源別のRecallと費用を測るルーティングを扱います。,,"AND(AND(AND(ATOM(evidence_support=true), ATOM(recall_metric=true)), ATOM(cost=true)), ATOM(modular=true))",AND,externally_cited_claim,UNCLASSIFIED,INTRO-9 (docs/9.失敗パターンに応じて高度化する/序文.md:13); authoritative docs commit 52bebecfb2a435d0e7ff2efea557c5799674ded6,,,DEFINITION_OR_SPEC,,,,APPROPRIATE_NORMATIVE,Federated・Routed RAGは、Adaptive-RAGとWhen and How to Augment Your Inputを根拠に、情報源別のRecallと費用を測るルーティングを扱うという採否判断は、比較対象と合格条件を実行結果で識別するために置きます。本文に列挙した対象・条件・指標を個別fieldへ保存し、同一runの実装結果または評価結果と一致することを確認する。 さらに、判定に必要なgold evidenceがないslice、標本不足のslice、負荷条件が異なるrunは合否集計から分離し、他sliceの平均結果を外挿しない。 この扱いを例外として記録します。 同じ条件での比較と採用しない条件を両方記録できるため、APPROPRIATE_NORMATIVEです。,Federated・Routed RAGは、Adaptive-RAGとWhen and How to Augment Your Inputを根拠に、情報源別のRecallと費用を測るルーティングを扱うことを定める評価・採否規則について、本文に列挙した対象・条件・指標を個別fieldへ保存し、同一runの実装結果または評価結果と一致することを確認する。,Federated・Routed RAGは、Adaptive-RAGとWhen and How to Augment Your Inputを根拠に、情報源別のRecallと費用を測るルーティングを扱うことを定める評価・採否規則の例外として、判定に必要なgold evidenceがないslice、標本不足のslice、負荷条件が異なるrunは合否集計から分離し、他sliceの平均結果を外挿しない。,NOT_APPLICABLE,INTRO-9 (docs/9.失敗パターンに応じて高度化する/序文.md:13); authoritative docs commit 52bebecfb2a435d0e7ff2efea557c5799674ded6 の本文を維持し、normative_criteriaとexceptionsを設計台帳へ固定する。,rag-guide-maintainers,,,,INCONCLUSIVE,NOT_APPLICABLE_UNPROVED,codex-primary-wave4,2026-08-15,codex-independent-wave4,2026-08-15,FINAL_TWO_REVIEWER_APPROVED
SENT-4234,52bebecfb2a435d0e7ff2efea557c5799674ded6,Structured Data RAGは、SpiderとRAT-SQLを根拠に、読み取り専用、許可スキーマ、実行検証を備えた構成を扱います。,本章では、Spiderをtext-to-SQLの評価データ、RAT-SQLをschema linkingを用いるSQL生成方式として参照し、読み取り専用、許可schema、実行検証は本ガイドの安全要件として別に定めます。,"AND(ATOM(verification=true), ATOM(evidence_support=true))",AND,externally_cited_claim,UNCLASSIFIED,INTRO-9 (docs/9.失敗パターンに応じて高度化する/序文.md:14); authoritative docs commit 52bebecfb2a435d0e7ff2efea557c5799674ded6,SRC-168;SRC-169,SRC-168 https://aclanthology.org/D18-1425/ — primary_page inspected 2026-08-15; 現主張への直接locatorは未確定; SRC-169 https://aclanthology.org/2020.acl-main.677/ — abstract inspected 2026-08-15; 現主張への直接locatorは未確定,AUTHOR_CLAIM,NONE_DIRECTLY_VERIFIED,evidence_support=true,NOT_APPLICABLE,REWRITE_REQUIRED,aclanthology.orgのAbstractへの参照は台帳にありますが、evidence_supportについて各要素と結論との直接の対応まで同時に再特定できる直接箇所が確定していません。資料の帰属範囲を本章では、Spiderをtext-to-SQLの評価データ、RAT-SQLをschema linkingを用いるSQL生成方式として参照し、読み取り専用、許可schema、実行検証は本ガイドの安全要件として別に定めるという限定まで狭め、候補URLの存在だけで機序や結果を補わない文へ変更します。 修正文にある主体と操作対象は保ちつつ、直接根拠を越える各要素と結論との直接の対応を落とす差分なので、REWRITE_REQUIREDと判定します。,NOT_APPLICABLE_NON_NORMATIVE,NOT_APPLICABLE_NON_NORMATIVE,UNVERIFIED,INTRO-9 (docs/9.失敗パターンに応じて高度化する/序文.md:14); authoritative docs commit 52bebecfb2a435d0e7ff2efea557c5799674ded6 の現文を次の文へ置換する: 本章では、Spiderをtext-to-SQLの評価データ、RAT-SQLをschema linkingを用いるSQL生成方式として参照し、読み取り専用、許可schema、実行検証は本ガイドの安全要件として別に定めます。 再抽出した文面と分類を照合する。,rag-guide-maintainers,,,,INCONCLUSIVE,NOT_APPLICABLE_UNPROVED,codex-primary-wave4,2026-08-15,codex-independent-wave4,2026-08-15,FINAL_TWO_REVIEWER_APPROVED
SENT-4236,52bebecfb2a435d0e7ff2efea557c5799674ded6,id=xw5nxFWMlo)とLost in the Middleを根拠に、長文直接入力、検索、併用を比較します。,Long-context RAGは、Lost in the Middleを根拠に、長文入力では重要情報の位置による性能差を評価し、検索との比較には別の直接根拠を割り当てます。,"AND(AND(ATOM(retrieval=true), ATOM(evidence_support=true)), ATOM(long_context=true))",AND,externally_cited_claim,UNCLASSIFIED,INTRO-9 (docs/9.失敗パターンに応じて高度化する/序文.md:15); authoritative docs commit 52bebecfb2a435d0e7ff2efea557c5799674ded6,SRC-171,SRC-171 https://aclanthology.org/2024.tacl-1.9/ — abstract inspected 2026-08-15; 現主張への直接locatorは未確定,AUTHOR_CLAIM,NONE_DIRECTLY_VERIFIED,evidence_support=true,NOT_APPLICABLE,REWRITE_REQUIRED,aclanthology.orgのAbstractへの参照は台帳にありますが、evidence_supportについて各要素と結論との直接の対応まで同時に再特定できる直接箇所が確定していません。資料の帰属範囲をLong-context RAGは、Lost in the Middleを根拠に、長文入力では重要情報の位置による性能差を評価し、検索との比較には別の直接根拠を割り当てるという限定まで狭め、候補URLの存在だけで機序や結果を補わない文へ変更します。 修正文にある主体と操作対象は保ちつつ、直接根拠を越える各要素と結論との直接の対応を落とす差分なので、REWRITE_REQUIREDと判定します。,NOT_APPLICABLE_NON_NORMATIVE,NOT_APPLICABLE_NON_NORMATIVE,UNVERIFIED,INTRO-9 (docs/9.失敗パターンに応じて高度化する/序文.md:15); authoritative docs commit 52bebecfb2a435d0e7ff2efea557c5799674ded6 の現文を次の文へ置換する: Long-context RAGは、Lost in the Middleを根拠に、長文入力では重要情報の位置による性能差を評価し、検索との比較には別の直接根拠を割り当てます。 再抽出した文面と分類を照合する。,rag-guide-maintainers,,,,INCONCLUSIVE,NOT_APPLICABLE_UNPROVED,codex-primary-wave4,2026-08-15,codex-independent-wave4,2026-08-15,FINAL_TWO_REVIEWER_APPROVED
SENT-4237,52bebecfb2a435d0e7ff2efea557c5799674ded6,Hierarchical RAGは、RAPTORとDynamic Tree Memoryを根拠に、概要質問と要約誤りの評価を扱います。,本章では、RAPTORとDynamic Tree Memoryを階層型検索の候補として扱い、概要質問の品質、要約誤り、検索費用を同じ評価データで比較します。,"AND(ATOM(evidence_support=true), ATOM(evaluation=true))",AND,externally_cited_claim,UNCLASSIFIED,INTRO-9 (docs/9.失敗パターンに応じて高度化する/序文.md:16); authoritative docs commit 52bebecfb2a435d0e7ff2efea557c5799674ded6,SRC-154;SRC-172;SRC-033,SRC-154 https://proceedings.iclr.cc/paper_files/paper/2024/hash/8a2acd174940dbca361a6398a4f9df91-Abstract-Conference.html — primary_page inspected 2026-08-15; 現主張への直接locatorは未確定; SRC-172 https://proceedings.iclr.cc/paper_files/paper/2025/file/0382cb76309820f71c6eacd47b36ce71-Paper-Conference.pdf — primary_page inspected 2026-08-15; 現主張への直接locatorは未確定; SRC-033 https://arxiv.org/abs/2401.18059 — abstract inspected 2026-08-15; 現主張への直接locatorは未確定,AUTHOR_CLAIM,NONE_DIRECTLY_VERIFIED,evidence_support=true,NOT_APPLICABLE,REWRITE_REQUIRED,proceedings.iclr.cc・arxiv.orgのAbstractへの参照は台帳にありますが、evidence_supportについて各要素と結論との直接の対応まで同時に再特定できる直接箇所が確定していません。資料の帰属範囲を本章では、RAPTORとDynamic Tree Memoryを階層型検索の候補として扱い、概要質問の品質、要約誤り、検索費用を同じ評価データで比較するという限定まで狭め、候補URLの存在だけで機序や結果を補わない文へ変更します。 修正文にある主体と操作対象は保ちつつ、直接根拠を越える各要素と結論との直接の対応を落とす差分なので、REWRITE_REQUIREDと判定します。,NOT_APPLICABLE_NON_NORMATIVE,NOT_APPLICABLE_NON_NORMATIVE,UNVERIFIED,INTRO-9 (docs/9.失敗パターンに応じて高度化する/序文.md:16); authoritative docs commit 52bebecfb2a435d0e7ff2efea557c5799674ded6 の現文を次の文へ置換する: 本章では、RAPTORとDynamic Tree Memoryを階層型検索の候補として扱い、概要質問の品質、要約誤り、検索費用を同じ評価データで比較します。 再抽出した文面と分類を照合する。,rag-guide-maintainers,,,,INCONCLUSIVE,NOT_APPLICABLE_UNPROVED,codex-primary-wave4,2026-08-15,codex-independent-wave4,2026-08-15,FINAL_TWO_REVIEWER_APPROVED
SENT-4238,52bebecfb2a435d0e7ff2efea557c5799674ded6,GraphRAGは、G-Retriever、HippoRAG、KnowGPTを根拠に、関係検索として扱います。,本章では、G-Retriever、HippoRAG、KnowGPTを関係検索の異なる候補として扱い、対象graph、検索方式、評価条件を分けて比較します。,"AND(ATOM(retrieval=true), ATOM(evidence_support=true))",AND,externally_cited_claim,UNCLASSIFIED,INTRO-9 (docs/9.失敗パターンに応じて高度化する/序文.md:17); authoritative docs commit 52bebecfb2a435d0e7ff2efea557c5799674ded6,SRC-158;SRC-159;SRC-160,SRC-158 https://proceedings.neurips.cc/paper_files/paper/2024/file/efaf1c9726648c8ba363a5c927440529-Paper-Conference.pdf — primary_page inspected 2026-08-15; 現主張への直接locatorは未確定; SRC-159 https://proceedings.neurips.cc/paper_files/paper/2024/hash/6ddc001d07ca4f319af96a3024f6dbd1-Abstract-Conference.html — primary_page inspected 2026-08-15; 現主張への直接locatorは未確定; SRC-160 https://proceedings.neurips.cc/paper_files/paper/2024/hash/0b8705a611ed1ce19cdb759031078705-Abstract-Conference.html — primary_page inspected 2026-08-15; 現主張への直接locatorは未確定,AUTHOR_CLAIM,NONE_DIRECTLY_VERIFIED,evidence_support=true,NOT_APPLICABLE,REWRITE_REQUIRED,proceedings.neurips.ccのAbstractへの参照は台帳にありますが、evidence_supportについて各要素と結論との直接の対応まで同時に再特定できる直接箇所が確定していません。資料の帰属範囲を本章では、G-Retriever、HippoRAG、KnowGPTを関係検索の異なる候補として扱い、対象graph、検索方式、評価条件を分けて比較するという限定まで狭め、候補URLの存在だけで機序や結果を補わない文へ変更します。 修正文にある主体と操作対象は保ちつつ、直接根拠を越える各要素と結論との直接の対応を落とす差分なので、REWRITE_REQUIREDと判定します。,NOT_APPLICABLE_NON_NORMATIVE,NOT_APPLICABLE_NON_NORMATIVE,UNVERIFIED,INTRO-9 (docs/9.失敗パターンに応じて高度化する/序文.md:17); authoritative docs commit 52bebecfb2a435d0e7ff2efea557c5799674ded6 の現文を次の文へ置換する: 本章では、G-Retriever、HippoRAG、KnowGPTを関係検索の異なる候補として扱い、対象graph、検索方式、評価条件を分けて比較します。 再抽出した文面と分類を照合する。,rag-guide-maintainers,,,,INCONCLUSIVE,NOT_APPLICABLE_UNPROVED,codex-primary-wave4,2026-08-15,codex-independent-wave4,2026-08-15,FINAL_TWO_REVIEWER_APPROVED
SENT-4240,52bebecfb2a435d0e7ff2efea557c5799674ded6,Multimodal RAGは、ColPaliとDocument Screenshot Embeddingを根拠に、文書画像、レイアウト、表の検索を扱います。,本章では、ColPaliとDocument Screenshot Embeddingを文書画像検索の候補として扱い、レイアウトと表を含む同じ評価データでRecall、遅延、保存量を比較します。,"AND(AND(AND(ATOM(multimodal=true), ATOM(retrieval=true)), ATOM(evidence_support=true)), ATOM(layout=true))",AND,externally_cited_claim,UNCLASSIFIED,INTRO-9 (docs/9.失敗パターンに応じて高度化する/序文.md:18); authoritative docs commit 52bebecfb2a435d0e7ff2efea557c5799674ded6,SRC-161;SRC-173,SRC-161 https://proceedings.iclr.cc/paper_files/paper/2025/file/99e9e141aafc314f76b0ca3dd66898b3-Paper-Conference.pdf — primary_page inspected 2026-08-15; 現主張への直接locatorは未確定; SRC-173 https://aclanthology.org/2024.emnlp-main.373/ — primary_page inspected 2026-08-15; 現主張への直接locatorは未確定,AUTHOR_CLAIM,NONE_DIRECTLY_VERIFIED,evidence_support=true,NOT_APPLICABLE,REWRITE_REQUIRED,proceedings.iclr.cc・aclanthology.orgの一次資料ページへの参照は台帳にありますが、evidence_supportについて各要素と結論との直接の対応まで同時に再特定できる直接箇所が確定していません。資料の帰属範囲を本章では、ColPaliとDocument Screenshot Embeddingを文書画像検索の候補として扱い、レイアウトと表を含む同じ評価データでRecall、遅延、保存量を比較するという限定まで狭め、候補URLの存在だけで機序や結果を補わない文へ変更します。 修正文にある主体と操作対象は保ちつつ、直接根拠を越える各要素と結論との直接の対応を落とす差分なので、REWRITE_REQUIREDと判定します。,NOT_APPLICABLE_NON_NORMATIVE,NOT_APPLICABLE_NON_NORMATIVE,UNVERIFIED,INTRO-9 (docs/9.失敗パターンに応じて高度化する/序文.md:18); authoritative docs commit 52bebecfb2a435d0e7ff2efea557c5799674ded6 の現文を次の文へ置換する: 本章では、ColPaliとDocument Screenshot Embeddingを文書画像検索の候補として扱い、レイアウトと表を含む同じ評価データでRecall、遅延、保存量を比較します。 再抽出した文面と分類を照合する。,rag-guide-maintainers,,,,INCONCLUSIVE,NOT_APPLICABLE_UNPROVED,codex-primary-wave4,2026-08-15,codex-independent-wave4,2026-08-15,FINAL_TWO_REVIEWER_APPROVED
SENT-4242,52bebecfb2a435d0e7ff2efea557c5799674ded6,id=WEvluYUL-X)とIRCoTを根拠に、一つのエージェントによる検索反復を扱います。,Agentic RAGは、IRCoTを根拠に、一つのエージェントが推論途中で検索を反復する方式を扱います。,"AND(ATOM(retrieval=true), ATOM(evidence_support=true))",AND,externally_cited_claim,UNCLASSIFIED,INTRO-9 (docs/9.失敗パターンに応じて高度化する/序文.md:19); authoritative docs commit 52bebecfb2a435d0e7ff2efea557c5799674ded6,SRC-175;SRC-060,SRC-175 https://aclanthology.org/2023.acl-long.557/ — abstract inspected 2026-08-15; 現主張への直接locatorは未確定; SRC-060 https://arxiv.org/abs/2212.10509 — abstract inspected 2026-08-15; 現主張への直接locatorは未確定,AUTHOR_CLAIM,NONE_DIRECTLY_VERIFIED,evidence_support=true,NOT_APPLICABLE,REWRITE_REQUIRED,aclanthology.org・arxiv.orgのAbstractへの参照は台帳にありますが、evidence_supportについて各要素と結論との直接の対応まで同時に再特定できる直接箇所が確定していません。資料の帰属範囲をAgentic RAGは、IRCoTを根拠に、一つのエージェントが推論途中で検索を反復する方式を扱うという限定まで狭め、候補URLの存在だけで機序や結果を補わない文へ変更します。 修正文にある主体と操作対象は保ちつつ、直接根拠を越える各要素と結論との直接の対応を落とす差分なので、REWRITE_REQUIREDと判定します。,NOT_APPLICABLE_NON_NORMATIVE,NOT_APPLICABLE_NON_NORMATIVE,UNVERIFIED,INTRO-9 (docs/9.失敗パターンに応じて高度化する/序文.md:19); authoritative docs commit 52bebecfb2a435d0e7ff2efea557c5799674ded6 の現文を次の文へ置換する: Agentic RAGは、IRCoTを根拠に、一つのエージェントが推論途中で検索を反復する方式を扱います。 再抽出した文面と分類を照合する。,rag-guide-maintainers,,,,INCONCLUSIVE,NOT_APPLICABLE_UNPROVED,codex-primary-wave4,2026-08-15,codex-independent-wave4,2026-08-15,FINAL_TWO_REVIEWER_APPROVED
SENT-4243,52bebecfb2a435d0e7ff2efea557c5799674ded6,Retrieval-aware trainingは、REALMとRETROを根拠に、検索を結合する位置と費用を比較します。,本章では、REALMの事前学習時検索とRETROのchunk-level検索を検索結合位置の異なる候補として扱い、corpus更新、学習費用、推論費用を各研究の条件を分けて比較します。,"AND(AND(ATOM(retrieval=true), ATOM(evidence_support=true)), ATOM(cost=true))",AND,externally_cited_claim,UNCLASSIFIED,INTRO-9 (docs/9.失敗パターンに応じて高度化する/序文.md:20); authoritative docs commit 52bebecfb2a435d0e7ff2efea557c5799674ded6,SRC-176;SRC-177,SRC-176 https://proceedings.mlr.press/v119/guu20a.html — primary_page inspected 2026-08-15; 現主張への直接locatorは未確定; SRC-177 https://proceedings.mlr.press/v162/borgeaud22a.html — primary_page inspected 2026-08-15; 現主張への直接locatorは未確定,AUTHOR_CLAIM,NONE_DIRECTLY_VERIFIED,cost=true;evidence_support=true,NOT_APPLICABLE,REWRITE_REQUIRED,proceedings.mlr.pressの一次資料ページへの参照は台帳にありますが、cost、evidence_supportについて各要素と結論との直接の対応まで同時に再特定できる直接箇所が確定していません。資料の帰属範囲を本章では、REALMの事前学習時検索とRETROのchunk-level検索を検索結合位置の異なる候補として扱い、corpus更新、学習費用、推論費用を各研究の条件を分けて比較するという限定まで狭め、候補URLの存在だけで機序や結果を補わない文へ変更します。 修正文にある主体と操作対象は保ちつつ、直接根拠を越える各要素と結論との直接の対応を落とす差分なので、REWRITE_REQUIREDと判定します。,NOT_APPLICABLE_NON_NORMATIVE,NOT_APPLICABLE_NON_NORMATIVE,UNVERIFIED,INTRO-9 (docs/9.失敗パターンに応じて高度化する/序文.md:20); authoritative docs commit 52bebecfb2a435d0e7ff2efea557c5799674ded6 の現文を次の文へ置換する: 本章では、REALMの事前学習時検索とRETROのchunk-level検索を検索結合位置の異なる候補として扱い、corpus更新、学習費用、推論費用を各研究の条件を分けて比較します。 再抽出した文面と分類を照合する。,rag-guide-maintainers,,,,INCONCLUSIVE,NOT_APPLICABLE_UNPROVED,codex-primary-wave4,2026-08-15,codex-independent-wave4,2026-08-15,FINAL_TWO_REVIEWER_APPROVED
SENT-4246,52bebecfb2a435d0e7ff2efea557c5799674ded6,各方式は、対象となる失敗、仕組み、研究上の根拠、評価方法、停止条件の順に確認します。,,"AND(ATOM(evidence_support=true), ATOM(evaluation=true))",AND,empirical_or_research_claim,UNCLASSIFIED,INTRO-9 (docs/9.失敗パターンに応じて高度化する/序文.md:24); authoritative docs commit 52bebecfb2a435d0e7ff2efea557c5799674ded6,,,DEFINITION_OR_SPEC,,,,APPROPRIATE_NORMATIVE,各方式は、対象となる失敗、仕組み、研究上の根拠、評価方法、停止条件の順に確認するという採否判断は、比較対象と合格条件を実行結果で識別するために置きます。各方式の解説にtarget failure、mechanism、research evidence、evaluation method、stop conditionの五欄をこの順で設け、欠欄が0件で停止条件が観測可能であることを章レビューで確認します。 さらに、research evidenceが未確認の方式は仮説またはlocal designとして表示し、根拠欄を削除したり経験的に確立した方式として掲載したりしません。 この扱いを例外として記録します。 同じ条件での比較と採用しない条件を両方記録できるため、APPROPRIATE_NORMATIVEです。,各方式の解説にtarget failure、mechanism、research evidence、evaluation method、stop conditionの五欄をこの順で設け、欠欄が0件で停止条件が観測可能であることを章レビューで確認します。,research evidenceが未確認の方式は仮説またはlocal designとして表示し、根拠欄を削除したり経験的に確立した方式として掲載したりしません。,NOT_APPLICABLE,INTRO-9 (docs/9.失敗パターンに応じて高度化する/序文.md:24); authoritative docs commit 52bebecfb2a435d0e7ff2efea557c5799674ded6 の本文を維持し、normative_criteriaとexceptionsを設計台帳へ固定する。,rag-guide-maintainers,,,,INCONCLUSIVE,NOT_APPLICABLE_UNPROVED,codex-primary-wave4,2026-08-15,codex-independent-wave4,2026-08-15,FINAL_TWO_REVIEWER_APPROVED
SENT-4247,52bebecfb2a435d0e7ff2efea557c5799674ded6,単一の指標や一つのデータセットだけで一般化せず、基本構成との差を同じ評価データで測ります。,,NOT(ATOM(evaluation=true)),NOT,empirical_or_research_claim,UNCLASSIFIED,INTRO-9 (docs/9.失敗パターンに応じて高度化する/序文.md:24); authoritative docs commit 52bebecfb2a435d0e7ff2efea557c5799674ded6,,,DEFINITION_OR_SPEC,,,,APPROPRIATE_NORMATIVE,単一の指標や一つのデータセットだけで一般化せず、基本構成との差を同じ評価データで測るという採否判断は、比較対象と合格条件を実行結果で識別するために置きます。本文に列挙した対象・条件・指標を個別fieldへ保存し、同一runの実装結果または評価結果と一致することを確認する。 さらに、判定に必要なgold evidenceがないslice、標本不足のslice、負荷条件が異なるrunは合否集計から分離し、他sliceの平均結果を外挿しない。 この扱いを例外として記録します。 同じ条件での比較と採用しない条件を両方記録できるため、APPROPRIATE_NORMATIVEです。,単一の指標や一つのデータセットだけで一般化せず、基本構成との差を同じ評価データで測ることを定める評価・採否規則について、本文に列挙した対象・条件・指標を個別fieldへ保存し、同一runの実装結果または評価結果と一致することを確認する。,単一の指標や一つのデータセットだけで一般化せず、基本構成との差を同じ評価データで測ることを定める評価・採否規則の例外として、判定に必要なgold evidenceがないslice、標本不足のslice、負荷条件が異なるrunは合否集計から分離し、他sliceの平均結果を外挿しない。,NOT_APPLICABLE,INTRO-9 (docs/9.失敗パターンに応じて高度化する/序文.md:24); authoritative docs commit 52bebecfb2a435d0e7ff2efea557c5799674ded6 の本文を維持し、normative_criteriaとexceptionsを設計台帳へ固定する。,rag-guide-maintainers,,,,INCONCLUSIVE,NOT_APPLICABLE_UNPROVED,codex-primary-wave4,2026-08-15,codex-independent-wave4,2026-08-15,FINAL_TWO_REVIEWER_APPROVED
SENT-4252,52bebecfb2a435d0e7ff2efea557c5799674ded6,アルゴリズムの有効性を述べる場合は、原則として査読付き論文を根拠にします。,,NL_PROPOSITION(アルゴリズムの有効性を述べる場合は、原則として査読付き論文を根拠にします。),UNFORMALIZED,empirical_or_research_claim,有効,FILE-INTRO (docs/章構成.md:10); authoritative docs commit 52bebecfb2a435d0e7ff2efea557c5799674ded6,,,DEFINITION_OR_SPEC,,,,APPROPRIATE_NORMATIVE,アルゴリズムの有効性を述べる場合は、原則として査読付き論文を根拠にするという運用要件は、実行時の判断を担当者ごとにぶらさないためのローカル規則です。algorithmの有効性を述べる文にはpeer-reviewed primary paperのsection/table/figure locatorを紐付け、abstractまたは候補URLだけではSUPPORTEDにしない。 適用境界では、査読前の新規手法を紹介する場合は仮説または探索候補と明記できるが、確立した有効性として記述しない。 実装結果と例外発生時の扱いを個別に検査できるため、APPROPRIATE_NORMATIVEです。,algorithmの有効性を述べる文にはpeer-reviewed primary paperのsection/table/figure locatorを紐付け、abstractまたは候補URLだけではSUPPORTEDにしない。,査読前の新規手法を紹介する場合は仮説または探索候補と明記できるが、確立した有効性として記述しない。,NOT_APPLICABLE,FILE-INTRO (docs/章構成.md:10); authoritative docs commit 52bebecfb2a435d0e7ff2efea557c5799674ded6 の本文を維持し、normative_criteriaとexceptionsを設計台帳へ固定する。,rag-guide-maintainers,,,,INCONCLUSIVE,NOT_APPLICABLE_UNPROVED,codex-primary-wave4,2026-08-15,codex-independent-wave4,2026-08-15,FINAL_TWO_REVIEWER_APPROVED
SENT-4253,52bebecfb2a435d0e7ff2efea557c5799674ded6,セキュリティ、運用、ガバナンスは、査読付き研究に加えて、標準、政府機関、公式製品文書を根拠にし、「必ず有効」と断定せず、推奨する統制と残余リスクを示します。,,"NOT(AND(AND(ATOM(evidence_support=true), ATOM(security=true)), ATOM(risk=true)))",NOT,empirical_or_research_claim,必ず;有効;推奨,FILE-INTRO (docs/章構成.md:11); authoritative docs commit 52bebecfb2a435d0e7ff2efea557c5799674ded6,,,DEFINITION_OR_SPEC,,,,APPROPRIATE_NORMATIVE,セキュリティ、運用、ガバナンスは、査読付き研究に加えて、標準、政府機関、公式製品文書を根拠にし、「必ず有効」と断定せず、推奨する統制と残余リスクを示すという運用要件は、実行時の判断を担当者ごとにぶらさないためのローカル規則です。security・operation・governanceの統制ごとにstandard、government guidance、official product documentationの具体locatorとresidual riskを記録し、『必ず有効』という無条件表現を使用しない。 さらに、査読研究を補助根拠に追加できるが、法的義務や製品挙動の根拠を研究論文だけで代替しない。 この扱いを例外として記録します。 実装結果と例外発生時の扱いを個別に検査できるため、APPROPRIATE_NORMATIVEです。,security・operation・governanceの統制ごとにstandard、government guidance、official product documentationの具体locatorとresidual riskを記録し、『必ず有効』という無条件表現を使用しない。,査読研究を補助根拠に追加できるが、法的義務や製品挙動の根拠を研究論文だけで代替しない。,NOT_APPLICABLE,FILE-INTRO (docs/章構成.md:11); authoritative docs commit 52bebecfb2a435d0e7ff2efea557c5799674ded6 の本文を維持し、normative_criteriaとexceptionsを設計台帳へ固定する。,rag-guide-maintainers,,,,INCONCLUSIVE,NOT_APPLICABLE_UNPROVED,codex-primary-wave4,2026-08-15,codex-independent-wave4,2026-08-15,FINAL_TWO_REVIEWER_APPROVED
SENT-4254,52bebecfb2a435d0e7ff2efea557c5799674ded6,第9章では、代表研究が一定数引用され、複数の査読付き研究で効果が確認できる方式を扱います。,,ATOM(citation=true),ATOM,empirical_or_research_claim,できる,FILE-INTRO (docs/章構成.md:13); authoritative docs commit 52bebecfb2a435d0e7ff2efea557c5799674ded6,,,DEFINITION_OR_SPEC,,,,APPROPRIATE_NORMATIVE,第9章では、代表研究が一定数引用され、複数の査読付き研究で効果が確認できる方式を扱うという運用要件は、実行時の判断を担当者ごとにぶらさないためのローカル規則です。第9章で方式の効果を扱う各節に、同じ効果方向を報告する独立したpeer-reviewed studyを二件以上、section/table/figure locator付きで記載する。 さらに、peer-reviewed studyが一件しかない新規方式は第9章の確立方式として扱わず、探索的手法として証拠不足と適用範囲を明記する。 この扱いを例外として記録します。 実装結果と例外発生時の扱いを個別に検査できるため、APPROPRIATE_NORMATIVEです。,第9章で方式の効果を扱う各節に、同じ効果方向を報告する独立したpeer-reviewed studyを二件以上、section/table/figure locator付きで記載する。,peer-reviewed studyが一件しかない新規方式は第9章の確立方式として扱わず、探索的手法として証拠不足と適用範囲を明記する。,NOT_APPLICABLE,FILE-INTRO (docs/章構成.md:13); authoritative docs commit 52bebecfb2a435d0e7ff2efea557c5799674ded6 の本文を維持し、normative_criteriaとexceptionsを設計台帳へ固定する。,rag-guide-maintainers,,,,INCONCLUSIVE,NOT_APPLICABLE_UNPROVED,codex-primary-wave4,2026-08-15,codex-independent-wave4,2026-08-15,FINAL_TWO_REVIEWER_APPROVED
SENT-4256,52bebecfb2a435d0e7ff2efea557c5799674ded6,引用件数のように変動する値を記録する場合は、確認日だけでなく、取得元、検索式、論文のcanonical ID、取得時刻、保存した生応答への相対パスとSHA-256を証跡へ残し、本文の採否を件数だけで決めません。,,"NOT(AND(ATOM(retrieval=true), ATOM(citation=true)))",NOT,empirical_or_research_claim,UNCLASSIFIED,FILE-INTRO (docs/章構成.md:15); authoritative docs commit 52bebecfb2a435d0e7ff2efea557c5799674ded6,,,DEFINITION_OR_SPEC,,,,APPROPRIATE_NORMATIVE,引用件数のように変動する値を記録する場合は、確認日だけでなく、取得元、検索式、論文のcanonical ID、取得時刻、保存した生応答への相対パスとSHA-256を証跡へ残し、本文の採否を件数だけで決めないという採否判断は、比較対象と合格条件を実行結果で識別するために置きます。変動するcitation countごとにas-of date、取得元、search query、canonical paper ID、retrieval timestamp、raw response相対path、SHA-256を保存し、同じ証跡から件数を再計算できることを確認する。 適用境界では、取得元がraw response保存を禁止する場合はresponse hashと再取得手順を保存できるが、取得元・query・時刻・canonical IDを省略しない。 同じ条件での比較と採用しない条件を両方記録できるため、APPROPRIATE_NORMATIVEです。,変動するcitation countごとにas-of date、取得元、search query、canonical paper ID、retrieval timestamp、raw response相対path、SHA-256を保存し、同じ証跡から件数を再計算できることを確認する。,取得元がraw response保存を禁止する場合はresponse hashと再取得手順を保存できるが、取得元・query・時刻・canonical IDを省略しない。,NOT_APPLICABLE,FILE-INTRO (docs/章構成.md:15); authoritative docs commit 52bebecfb2a435d0e7ff2efea557c5799674ded6 の本文を維持し、normative_criteriaとexceptionsを設計台帳へ固定する。,rag-guide-maintainers,,,,INCONCLUSIVE,NOT_APPLICABLE_UNPROVED,codex-primary-wave4,2026-08-15,codex-independent-wave4,2026-08-15,FINAL_TWO_REVIEWER_APPROVED
SENT-4265,52bebecfb2a435d0e7ff2efea557c5799674ded6,1.7. RAGを支える研究,1.7. RAGを支える研究,NL_PROPOSITION(1.7. RAGを支える研究),UNFORMALIZED,empirical_or_research_claim,UNCLASSIFIED,FILE-INTRO (docs/章構成.md:28); authoritative docs commit 52bebecfb2a435d0e7ff2efea557c5799674ded6,SRC-033;SRC-154,SRC-033 https://arxiv.org/abs/2401.18059 — abstract inspected 2026-08-15; 現主張への直接locatorは未確定; SRC-154 https://proceedings.iclr.cc/paper_files/paper/2024/hash/8a2acd174940dbca361a6398a4f9df91-Abstract-Conference.html — primary_page inspected 2026-08-15; 現主張への直接locatorは未確定,DEFINITION_OR_SPEC,NONE_DIRECTLY_VERIFIED,NOT_A_NORMATIVE_CLAIM,NOT_APPLICABLE,REMOVE_OR_REPLACE,1.7. RAGを支える研究 この行は FILE-INTRO (docs/章構成.md:28); authoritative docs commit 52bebecfb2a435d0e7ff2efea557c5799674ded6 にあるMarkdown表示単位で、単独の技術命題として検証できる主語・述語を備えていません。表示は維持しつつ NOT_A_NORMATIVE_CLAIM を証拠要求の命題集合から除外するため、REMOVE_OR_REPLACEの分類overrideを適用します。,NOT_APPLICABLE_NON_NORMATIVE,NOT_APPLICABLE_NON_NORMATIVE,NOT_APPLICABLE,FILE-INTRO (docs/章構成.md:28); authoritative docs commit 52bebecfb2a435d0e7ff2efea557c5799674ded6 のMarkdown表示は維持し、Wave 4分類overrideで技術的事実の命題集合から除外する。,rag-guide-maintainers,,,,INCONCLUSIVE,NOT_APPLICABLE_UNPROVED,codex-primary-wave4,2026-08-15,codex-independent-wave4,2026-08-15,FINAL_TWO_REVIEWER_APPROVED
SENT-4302,52bebecfb2a435d0e7ff2efea557c5799674ded6,5.4. Context compression,5.4. Context compression,ATOM(context_compression=true),ATOM,general_technical_claim,UNCLASSIFIED,FILE-INTRO (docs/章構成.md:77); authoritative docs commit 52bebecfb2a435d0e7ff2efea557c5799674ded6,SRC-033;SRC-154,SRC-033 https://arxiv.org/abs/2401.18059 — abstract inspected 2026-08-15; 現主張への直接locatorは未確定; SRC-154 https://proceedings.iclr.cc/paper_files/paper/2024/hash/8a2acd174940dbca361a6398a4f9df91-Abstract-Conference.html — primary_page inspected 2026-08-15; 現主張への直接locatorは未確定,DEFINITION_OR_SPEC,NONE_DIRECTLY_VERIFIED,NOT_A_NORMATIVE_CLAIM,NOT_APPLICABLE,REMOVE_OR_REPLACE,5.4. Context compression この行は FILE-INTRO (docs/章構成.md:77); authoritative docs commit 52bebecfb2a435d0e7ff2efea557c5799674ded6 にあるMarkdown表示単位で、単独の技術命題として検証できる主語・述語を備えていません。表示は維持しつつ NOT_A_NORMATIVE_CLAIM を証拠要求の命題集合から除外するため、REMOVE_OR_REPLACEの分類overrideを適用します。,NOT_APPLICABLE_NON_NORMATIVE,NOT_APPLICABLE_NON_NORMATIVE,NOT_APPLICABLE,FILE-INTRO (docs/章構成.md:77); authoritative docs commit 52bebecfb2a435d0e7ff2efea557c5799674ded6 のMarkdown表示は維持し、Wave 4分類overrideで技術的事実の命題集合から除外する。,rag-guide-maintainers,,,,INCONCLUSIVE,NOT_APPLICABLE_UNPROVED,codex-primary-wave4,2026-08-15,codex-independent-wave4,2026-08-15,FINAL_TWO_REVIEWER_APPROVED
SENT-4314,52bebecfb2a435d0e7ff2efea557c5799674ded6,6.4. Citation設計,6.4. Citation設計,ATOM(citation=true),ATOM,general_technical_claim,UNCLASSIFIED,FILE-INTRO (docs/章構成.md:92); authoritative docs commit 52bebecfb2a435d0e7ff2efea557c5799674ded6,SRC-033;SRC-154,SRC-033 https://arxiv.org/abs/2401.18059 — abstract inspected 2026-08-15; 現主張への直接locatorは未確定; SRC-154 https://proceedings.iclr.cc/paper_files/paper/2024/hash/8a2acd174940dbca361a6398a4f9df91-Abstract-Conference.html — primary_page inspected 2026-08-15; 現主張への直接locatorは未確定,DEFINITION_OR_SPEC,NONE_DIRECTLY_VERIFIED,NOT_A_NORMATIVE_CLAIM,NOT_APPLICABLE,REMOVE_OR_REPLACE,6.4. Citation設計 この行は FILE-INTRO (docs/章構成.md:92); authoritative docs commit 52bebecfb2a435d0e7ff2efea557c5799674ded6 にあるMarkdown表示単位で、単独の技術命題として検証できる主語・述語を備えていません。表示は維持しつつ NOT_A_NORMATIVE_CLAIM を証拠要求の命題集合から除外するため、REMOVE_OR_REPLACEの分類overrideを適用します。,NOT_APPLICABLE_NON_NORMATIVE,NOT_APPLICABLE_NON_NORMATIVE,NOT_APPLICABLE,FILE-INTRO (docs/章構成.md:92); authoritative docs commit 52bebecfb2a435d0e7ff2efea557c5799674ded6 のMarkdown表示は維持し、Wave 4分類overrideで技術的事実の命題集合から除外する。,rag-guide-maintainers,,,,INCONCLUSIVE,NOT_APPLICABLE_UNPROVED,codex-primary-wave4,2026-08-15,codex-independent-wave4,2026-08-15,FINAL_TWO_REVIEWER_APPROVED
SENT-4372,52bebecfb2a435d0e7ff2efea557c5799674ded6,埋め込み（Embedding）：[Embedding設計](3.回答に使う資料を準備する/3.6.Embedding設計.md),埋め込み（Embedding）：[Embedding設計](3.回答に使う資料を準備する/3.6.Embedding設計.md),ATOM(generation=true),ATOM,general_technical_claim,UNCLASSIFIED,FILE-INTRO (docs/索引.md:6); authoritative docs commit 52bebecfb2a435d0e7ff2efea557c5799674ded6,SRC-047;SRC-064;SRC-067;SRC-082,SRC-047 https://arxiv.org/abs/1603.09320 — abstract inspected 2026-08-15; 現主張への直接locatorは未確定; SRC-064 https://dl.acm.org/doi/10.1145/1571941.1572114 — primary_page inspected 2026-08-15; 現主張への直接locatorは未確定; SRC-067 https://doi.org/10.1016/0306-4573%2888%2990021-0 — primary_page inspected 2026-08-15; 現主張への直接locatorは未確定,DEFINITION_OR_SPEC,NONE_DIRECTLY_VERIFIED,NOT_A_NORMATIVE_CLAIM,NOT_APPLICABLE,REMOVE_OR_REPLACE,埋め込み（Embedding）：[Embedding設計](3.回答に使う資料を準備する/3.6.Embedding設計.md) この行は FILE-INTRO (docs/索引.md:6); authoritative docs commit 52bebecfb2a435d0e7ff2efea557c5799674ded6 にあるMarkdown表示単位で、単独の技術命題として検証できる主語・述語を備えていません。表示は維持しつつ NOT_A_NORMATIVE_CLAIM を証拠要求の命題集合から除外するため、REMOVE_OR_REPLACEの分類overrideを適用します。,NOT_APPLICABLE_NON_NORMATIVE,NOT_APPLICABLE_NON_NORMATIVE,NOT_APPLICABLE,FILE-INTRO (docs/索引.md:6); authoritative docs commit 52bebecfb2a435d0e7ff2efea557c5799674ded6 のMarkdown表示は維持し、Wave 4分類overrideで技術的事実の命題集合から除外する。,rag-guide-maintainers,,,,INCONCLUSIVE,NOT_APPLICABLE_UNPROVED,codex-primary-wave4,2026-08-15,codex-independent-wave4,2026-08-15,FINAL_TWO_REVIEWER_APPROVED
SENT-4385,52bebecfb2a435d0e7ff2efea557c5799674ded6,再順位付け（Reranking）：[Reranking](5.根拠を選別・整形する/5.3.Reranking.md),再順位付け（Reranking）：[Reranking](5.根拠を選別・整形する/5.3.Reranking.md),"AND(ATOM(rerank=true), ATOM(evidence_support=true))",AND,general_technical_claim,UNCLASSIFIED,FILE-INTRO (docs/索引.md:23); authoritative docs commit 52bebecfb2a435d0e7ff2efea557c5799674ded6,SRC-082,SRC-082 https://dl.acm.org/doi/10.1145/290941.291025 — primary_page inspected 2026-08-15; 現主張への直接locatorは未確定,DEFINITION_OR_SPEC,NONE_DIRECTLY_VERIFIED,NOT_A_NORMATIVE_CLAIM,NOT_APPLICABLE,REMOVE_OR_REPLACE,再順位付け（Reranking）：[Reranking](5.根拠を選別・整形する/5.3.Reranking.md) この行は FILE-INTRO (docs/索引.md:23); authoritative docs commit 52bebecfb2a435d0e7ff2efea557c5799674ded6 にあるMarkdown表示単位で、単独の技術命題として検証できる主語・述語を備えていません。表示は維持しつつ NOT_A_NORMATIVE_CLAIM を証拠要求の命題集合から除外するため、REMOVE_OR_REPLACEの分類overrideを適用します。,NOT_APPLICABLE_NON_NORMATIVE,NOT_APPLICABLE_NON_NORMATIVE,NOT_APPLICABLE,FILE-INTRO (docs/索引.md:23); authoritative docs commit 52bebecfb2a435d0e7ff2efea557c5799674ded6 のMarkdown表示は維持し、Wave 4分類overrideで技術的事実の命題集合から除外する。,rag-guide-maintainers,,,,INCONCLUSIVE,NOT_APPLICABLE_UNPROVED,codex-primary-wave4,2026-08-15,codex-independent-wave4,2026-08-15,FINAL_TWO_REVIEWER_APPROVED
SENT-4387,52bebecfb2a435d0e7ff2efea557c5799674ded6,疎検索（Sparse retrieval）：[Sparse retrieval](4.質問に合う根拠を探す/4.3.Sparse retrieval.md),疎検索（Sparse retrieval）：[Sparse retrieval](4.質問に合う根拠を探す/4.3.Sparse retrieval.md),"AND(AND(AND(ATOM(sparse=true), ATOM(retrieval=true)), ATOM(evidence_support=true)), ATOM(parsing=true))",AND,general_technical_claim,UNCLASSIFIED,FILE-INTRO (docs/索引.md:25); authoritative docs commit 52bebecfb2a435d0e7ff2efea557c5799674ded6,SRC-067;SRC-047,SRC-067 https://doi.org/10.1016/0306-4573%2888%2990021-0 — primary_page inspected 2026-08-15; 現主張への直接locatorは未確定; SRC-047 https://arxiv.org/abs/1603.09320 — abstract inspected 2026-08-15; 現主張への直接locatorは未確定,DEFINITION_OR_SPEC,NONE_DIRECTLY_VERIFIED,NOT_A_NORMATIVE_CLAIM,NOT_APPLICABLE,REMOVE_OR_REPLACE,疎検索（Sparse retrieval）：[Sparse retrieval](4.質問に合う根拠を探す/4.3.Sparse retrieval.md) この行は FILE-INTRO (docs/索引.md:25); authoritative docs commit 52bebecfb2a435d0e7ff2efea557c5799674ded6 にあるMarkdown表示単位で、単独の技術命題として検証できる主語・述語を備えていません。表示は維持しつつ NOT_A_NORMATIVE_CLAIM を証拠要求の命題集合から除外するため、REMOVE_OR_REPLACEの分類overrideを適用します。,NOT_APPLICABLE_NON_NORMATIVE,NOT_APPLICABLE_NON_NORMATIVE,NOT_APPLICABLE,FILE-INTRO (docs/索引.md:25); authoritative docs commit 52bebecfb2a435d0e7ff2efea557c5799674ded6 のMarkdown表示は維持し、Wave 4分類overrideで技術的事実の命題集合から除外する。,rag-guide-maintainers,,,,INCONCLUSIVE,NOT_APPLICABLE_UNPROVED,codex-primary-wave4,2026-08-15,codex-independent-wave4,2026-08-15,FINAL_TWO_REVIEWER_APPROVED
SENT-4389,52bebecfb2a435d0e7ff2efea557c5799674ded6,チャンク分割（Chunking）：[Chunking設計](3.回答に使う資料を準備する/3.4.Chunking設計.md),チャンク分割（Chunking）：[Chunking設計](3.回答に使う資料を準備する/3.4.Chunking設計.md),"AND(ATOM(chunking=true), ATOM(generation=true))",AND,general_technical_claim,UNCLASSIFIED,FILE-INTRO (docs/索引.md:29); authoritative docs commit 52bebecfb2a435d0e7ff2efea557c5799674ded6,SRC-047;SRC-064;SRC-067;SRC-082,SRC-047 https://arxiv.org/abs/1603.09320 — abstract inspected 2026-08-15; 現主張への直接locatorは未確定; SRC-064 https://dl.acm.org/doi/10.1145/1571941.1572114 — primary_page inspected 2026-08-15; 現主張への直接locatorは未確定; SRC-067 https://doi.org/10.1016/0306-4573%2888%2990021-0 — primary_page inspected 2026-08-15; 現主張への直接locatorは未確定,DEFINITION_OR_SPEC,NONE_DIRECTLY_VERIFIED,NOT_A_NORMATIVE_CLAIM,NOT_APPLICABLE,REMOVE_OR_REPLACE,チャンク分割（Chunking）：[Chunking設計](3.回答に使う資料を準備する/3.4.Chunking設計.md) この行は FILE-INTRO (docs/索引.md:29); authoritative docs commit 52bebecfb2a435d0e7ff2efea557c5799674ded6 にあるMarkdown表示単位で、単独の技術命題として検証できる主語・述語を備えていません。表示は維持しつつ NOT_A_NORMATIVE_CLAIM を証拠要求の命題集合から除外するため、REMOVE_OR_REPLACEの分類overrideを適用します。,NOT_APPLICABLE_NON_NORMATIVE,NOT_APPLICABLE_NON_NORMATIVE,NOT_APPLICABLE,FILE-INTRO (docs/索引.md:29); authoritative docs commit 52bebecfb2a435d0e7ff2efea557c5799674ded6 のMarkdown表示は維持し、Wave 4分類overrideで技術的事実の命題集合から除外する。,rag-guide-maintainers,,,,INCONCLUSIVE,NOT_APPLICABLE_UNPROVED,codex-primary-wave4,2026-08-15,codex-independent-wave4,2026-08-15,FINAL_TWO_REVIEWER_APPROVED
SENT-4394,52bebecfb2a435d0e7ff2efea557c5799674ded6,ハイブリッド検索（Hybrid retrieval）：[Hybrid retrieval](4.質問に合う根拠を探す/4.5.Hybrid retrieval.md),ハイブリッド検索（Hybrid retrieval）：[Hybrid retrieval](4.質問に合う根拠を探す/4.5.Hybrid retrieval.md),"AND(ATOM(retrieval=true), ATOM(evidence_support=true))",AND,general_technical_claim,UNCLASSIFIED,FILE-INTRO (docs/索引.md:38); authoritative docs commit 52bebecfb2a435d0e7ff2efea557c5799674ded6,SRC-047;SRC-067,SRC-047 https://arxiv.org/abs/1603.09320 — abstract inspected 2026-08-15; 現主張への直接locatorは未確定; SRC-067 https://doi.org/10.1016/0306-4573%2888%2990021-0 — primary_page inspected 2026-08-15; 現主張への直接locatorは未確定,DEFINITION_OR_SPEC,NONE_DIRECTLY_VERIFIED,NOT_A_NORMATIVE_CLAIM,NOT_APPLICABLE,REMOVE_OR_REPLACE,ハイブリッド検索（Hybrid retrieval）：[Hybrid retrieval](4.質問に合う根拠を探す/4.5.Hybrid retrieval.md) この行は FILE-INTRO (docs/索引.md:38); authoritative docs commit 52bebecfb2a435d0e7ff2efea557c5799674ded6 にあるMarkdown表示単位で、単独の技術命題として検証できる主語・述語を備えていません。表示は維持しつつ NOT_A_NORMATIVE_CLAIM を証拠要求の命題集合から除外するため、REMOVE_OR_REPLACEの分類overrideを適用します。,NOT_APPLICABLE_NON_NORMATIVE,NOT_APPLICABLE_NON_NORMATIVE,NOT_APPLICABLE,FILE-INTRO (docs/索引.md:38); authoritative docs commit 52bebecfb2a435d0e7ff2efea557c5799674ded6 のMarkdown表示は維持し、Wave 4分類overrideで技術的事実の命題集合から除外する。,rag-guide-maintainers,,,,INCONCLUSIVE,NOT_APPLICABLE_UNPROVED,codex-primary-wave4,2026-08-15,codex-independent-wave4,2026-08-15,FINAL_TWO_REVIEWER_APPROVED
SENT-4398,52bebecfb2a435d0e7ff2efea557c5799674ded6,密検索（Dense retrieval）：[Dense retrieval](4.質問に合う根拠を探す/4.4.Dense retrieval.md),密検索（Dense retrieval）：[Dense retrieval](4.質問に合う根拠を探す/4.4.Dense retrieval.md),"AND(AND(ATOM(dense=true), ATOM(retrieval=true)), ATOM(evidence_support=true))",AND,general_technical_claim,UNCLASSIFIED,FILE-INTRO (docs/索引.md:44); authoritative docs commit 52bebecfb2a435d0e7ff2efea557c5799674ded6,SRC-047;SRC-067,SRC-047 https://arxiv.org/abs/1603.09320 — abstract inspected 2026-08-15; 現主張への直接locatorは未確定; SRC-067 https://doi.org/10.1016/0306-4573%2888%2990021-0 — primary_page inspected 2026-08-15; 現主張への直接locatorは未確定,DEFINITION_OR_SPEC,NONE_DIRECTLY_VERIFIED,NOT_A_NORMATIVE_CLAIM,NOT_APPLICABLE,REMOVE_OR_REPLACE,密検索（Dense retrieval）：[Dense retrieval](4.質問に合う根拠を探す/4.4.Dense retrieval.md) この行は FILE-INTRO (docs/索引.md:44); authoritative docs commit 52bebecfb2a435d0e7ff2efea557c5799674ded6 にあるMarkdown表示単位で、単独の技術命題として検証できる主語・述語を備えていません。表示は維持しつつ NOT_A_NORMATIVE_CLAIM を証拠要求の命題集合から除外するため、REMOVE_OR_REPLACEの分類overrideを適用します。,NOT_APPLICABLE_NON_NORMATIVE,NOT_APPLICABLE_NON_NORMATIVE,NOT_APPLICABLE,FILE-INTRO (docs/索引.md:44); authoritative docs commit 52bebecfb2a435d0e7ff2efea557c5799674ded6 のMarkdown表示は維持し、Wave 4分類overrideで技術的事実の命題集合から除外する。,rag-guide-maintainers,,,,INCONCLUSIVE,NOT_APPLICABLE_UNPROVED,codex-primary-wave4,2026-08-15,codex-independent-wave4,2026-08-15,FINAL_TWO_REVIEWER_APPROVED
SENT-4407,52bebecfb2a435d0e7ff2efea557c5799674ded6,ANN（Approximate Nearest Neighbor、近似最近傍探索）：[Index構築とライフサイクル](3.回答に使う資料を準備する/3.7.Index構築とライフサイクル.md),ANN（Approximate Nearest Neighbor、近似最近傍探索）：[Index構築とライフサイクル](3.回答に使う資料を準備する/3.7.Index構築とライフサイクル.md),"AND(ATOM(ann=true), ATOM(generation=true))",AND,general_technical_claim,UNCLASSIFIED,FILE-INTRO (docs/索引.md:59); authoritative docs commit 52bebecfb2a435d0e7ff2efea557c5799674ded6,SRC-047,SRC-047 https://arxiv.org/abs/1603.09320 — abstract inspected 2026-08-15; 現主張への直接locatorは未確定,DEFINITION_OR_SPEC,NONE_DIRECTLY_VERIFIED,NOT_A_NORMATIVE_CLAIM,NOT_APPLICABLE,REMOVE_OR_REPLACE,ANN（Approximate Nearest Neighbor、近似最近傍探索）：[Index構築とライフサイクル](3.回答に使う資料を準備する/3.7.Index構築とライフサイクル.md) この行は FILE-INTRO (docs/索引.md:59); authoritative docs commit 52bebecfb2a435d0e7ff2efea557c5799674ded6 にあるMarkdown表示単位で、単独の技術命題として検証できる主語・述語を備えていません。表示は維持しつつ NOT_A_NORMATIVE_CLAIM を証拠要求の命題集合から除外するため、REMOVE_OR_REPLACEの分類overrideを適用します。,NOT_APPLICABLE_NON_NORMATIVE,NOT_APPLICABLE_NON_NORMATIVE,NOT_APPLICABLE,FILE-INTRO (docs/索引.md:59); authoritative docs commit 52bebecfb2a435d0e7ff2efea557c5799674ded6 のMarkdown表示は維持し、Wave 4分類overrideで技術的事実の命題集合から除外する。,rag-guide-maintainers,,,,INCONCLUSIVE,NOT_APPLICABLE_UNPROVED,codex-primary-wave4,2026-08-15,codex-independent-wave4,2026-08-15,FINAL_TWO_REVIEWER_APPROVED
SENT-4410,52bebecfb2a435d0e7ff2efea557c5799674ded6,HNSW（Hierarchical Navigable Small World）：[Index構築とライフサイクル](3.回答に使う資料を準備する/3.7.Index構築とライフサイクル.md),HNSW（Hierarchical Navigable Small World）：[Index構築とライフサイクル](3.回答に使う資料を準備する/3.7.Index構築とライフサイクル.md),ATOM(generation=true),ATOM,concrete_technology_claim,UNCLASSIFIED,FILE-INTRO (docs/索引.md:62); authoritative docs commit 52bebecfb2a435d0e7ff2efea557c5799674ded6,SRC-047,SRC-047 https://arxiv.org/abs/1603.09320 — abstract inspected 2026-08-15; 現主張への直接locatorは未確定,DEFINITION_OR_SPEC,NONE_DIRECTLY_VERIFIED,NOT_A_NORMATIVE_CLAIM,NOT_APPLICABLE,REMOVE_OR_REPLACE,HNSW（Hierarchical Navigable Small World）：[Index構築とライフサイクル](3.回答に使う資料を準備する/3.7.Index構築とライフサイクル.md) この行は FILE-INTRO (docs/索引.md:62); authoritative docs commit 52bebecfb2a435d0e7ff2efea557c5799674ded6 にあるMarkdown表示単位で、単独の技術命題として検証できる主語・述語を備えていません。表示は維持しつつ NOT_A_NORMATIVE_CLAIM を証拠要求の命題集合から除外するため、REMOVE_OR_REPLACEの分類overrideを適用します。,NOT_APPLICABLE_NON_NORMATIVE,NOT_APPLICABLE_NON_NORMATIVE,NOT_APPLICABLE,FILE-INTRO (docs/索引.md:62); authoritative docs commit 52bebecfb2a435d0e7ff2efea557c5799674ded6 のMarkdown表示は維持し、Wave 4分類overrideで技術的事実の命題集合から除外する。,rag-guide-maintainers,,,,INCONCLUSIVE,NOT_APPLICABLE_UNPROVED,codex-primary-wave4,2026-08-15,codex-independent-wave4,2026-08-15,FINAL_TWO_REVIEWER_APPROVED
SENT-4413,52bebecfb2a435d0e7ff2efea557c5799674ded6,MMR（Maximal Marginal Relevance、最大周辺関連性）：[重複排除とDiversity](5.根拠を選別・整形する/5.2.重複排除とDiversity.md),MMR（Maximal Marginal Relevance、最大周辺関連性）：[重複排除とDiversity](5.根拠を選別・整形する/5.2.重複排除とDiversity.md),"AND(ATOM(dedup=true), ATOM(evidence_support=true))",AND,concrete_technology_claim,UNCLASSIFIED,FILE-INTRO (docs/索引.md:65); authoritative docs commit 52bebecfb2a435d0e7ff2efea557c5799674ded6,SRC-082,SRC-082 https://dl.acm.org/doi/10.1145/290941.291025 — primary_page inspected 2026-08-15; 現主張への直接locatorは未確定,DEFINITION_OR_SPEC,NONE_DIRECTLY_VERIFIED,NOT_A_NORMATIVE_CLAIM,NOT_APPLICABLE,REMOVE_OR_REPLACE,MMR（Maximal Marginal Relevance、最大周辺関連性）：[重複排除とDiversity](5.根拠を選別・整形する/5.2.重複排除とDiversity.md) この行は FILE-INTRO (docs/索引.md:65); authoritative docs commit 52bebecfb2a435d0e7ff2efea557c5799674ded6 にあるMarkdown表示単位で、単独の技術命題として検証できる主語・述語を備えていません。表示は維持しつつ NOT_A_NORMATIVE_CLAIM を証拠要求の命題集合から除外するため、REMOVE_OR_REPLACEの分類overrideを適用します。,NOT_APPLICABLE_NON_NORMATIVE,NOT_APPLICABLE_NON_NORMATIVE,NOT_APPLICABLE,FILE-INTRO (docs/索引.md:65); authoritative docs commit 52bebecfb2a435d0e7ff2efea557c5799674ded6 のMarkdown表示は維持し、Wave 4分類overrideで技術的事実の命題集合から除外する。,rag-guide-maintainers,,,,INCONCLUSIVE,NOT_APPLICABLE_UNPROVED,codex-primary-wave4,2026-08-15,codex-independent-wave4,2026-08-15,FINAL_TWO_REVIEWER_APPROVED
SENT-4415,52bebecfb2a435d0e7ff2efea557c5799674ded6,RRF（Reciprocal Rank Fusion、相互順位統合）：[Query変換](4.質問に合う根拠を探す/4.2.Query変換.md),RRF（Reciprocal Rank Fusion、相互順位統合）：[Query変換](4.質問に合う根拠を探す/4.2.Query変換.md),ATOM(evidence_support=true),ATOM,concrete_technology_claim,UNCLASSIFIED,FILE-INTRO (docs/索引.md:67); authoritative docs commit 52bebecfb2a435d0e7ff2efea557c5799674ded6,SRC-064,SRC-064 https://dl.acm.org/doi/10.1145/1571941.1572114 — primary_page inspected 2026-08-15; 現主張への直接locatorは未確定,DEFINITION_OR_SPEC,NONE_DIRECTLY_VERIFIED,NOT_A_NORMATIVE_CLAIM,NOT_APPLICABLE,REMOVE_OR_REPLACE,RRF（Reciprocal Rank Fusion、相互順位統合）：[Query変換](4.質問に合う根拠を探す/4.2.Query変換.md) この行は FILE-INTRO (docs/索引.md:67); authoritative docs commit 52bebecfb2a435d0e7ff2efea557c5799674ded6 にあるMarkdown表示単位で、単独の技術命題として検証できる主語・述語を備えていません。表示は維持しつつ NOT_A_NORMATIVE_CLAIM を証拠要求の命題集合から除外するため、REMOVE_OR_REPLACEの分類overrideを適用します。,NOT_APPLICABLE_NON_NORMATIVE,NOT_APPLICABLE_NON_NORMATIVE,NOT_APPLICABLE,FILE-INTRO (docs/索引.md:67); authoritative docs commit 52bebecfb2a435d0e7ff2efea557c5799674ded6 のMarkdown表示は維持し、Wave 4分類overrideで技術的事実の命題集合から除外する。,rag-guide-maintainers,,,,INCONCLUSIVE,NOT_APPLICABLE_UNPROVED,codex-primary-wave4,2026-08-15,codex-independent-wave4,2026-08-15,FINAL_TWO_REVIEWER_APPROVED
SENT-4417,52bebecfb2a435d0e7ff2efea557c5799674ded6,SLO（Service Level Objective、サービス水準目標）：[Regression・A-B・Canary](7.品質を評価し改善する/7.8.Regression・A-B・Canary.md),SLO（Service Level Objective、サービス水準目標）：[Regression・A-B・Canary](7.品質を評価し改善する/7.8.Regression・A-B・Canary.md),"AND(AND(ATOM(evaluation=true), ATOM(ab_testing=true)), ATOM(empirical_result=true))",AND,empirical_or_research_claim,UNCLASSIFIED,FILE-INTRO (docs/索引.md:69); authoritative docs commit 52bebecfb2a435d0e7ff2efea557c5799674ded6,SRC-047;SRC-064,SRC-047 https://arxiv.org/abs/1603.09320 — abstract inspected 2026-08-15; 現主張への直接locatorは未確定; SRC-064 https://dl.acm.org/doi/10.1145/1571941.1572114 — primary_page inspected 2026-08-15; 現主張への直接locatorは未確定,DEFINITION_OR_SPEC,NONE_DIRECTLY_VERIFIED,NOT_A_NORMATIVE_CLAIM,NOT_APPLICABLE,REMOVE_OR_REPLACE,SLO（Service Level Objective、サービス水準目標）：[Regression・A-B・Canary](7.品質を評価し改善する/7.8.Regression・A-B・Canary.md) この行は FILE-INTRO (docs/索引.md:69); authoritative docs commit 52bebecfb2a435d0e7ff2efea557c5799674ded6 にあるMarkdown表示単位で、単独の技術命題として検証できる主語・述語を備えていません。表示は維持しつつ NOT_A_NORMATIVE_CLAIM を証拠要求の命題集合から除外するため、REMOVE_OR_REPLACEの分類overrideを適用します。,NOT_APPLICABLE_NON_NORMATIVE,NOT_APPLICABLE_NON_NORMATIVE,NOT_APPLICABLE,FILE-INTRO (docs/索引.md:69); authoritative docs commit 52bebecfb2a435d0e7ff2efea557c5799674ded6 のMarkdown表示は維持し、Wave 4分類overrideで技術的事実の命題集合から除外する。,rag-guide-maintainers,,,,INCONCLUSIVE,NOT_APPLICABLE_UNPROVED,codex-primary-wave4,2026-08-15,codex-independent-wave4,2026-08-15,FINAL_TWO_REVIEWER_APPROVED
SENT-4418,52bebecfb2a435d0e7ff2efea557c5799674ded6,TF-IDF（Term Frequency-Inverse Document Frequency、単語頻度・逆文書頻度）：[Sparse retrieval](4.質問に合う根拠を探す/4.3.Sparse retrieval.md),TF-IDF（Term Frequency-Inverse Document Frequency、単語頻度・逆文書頻度）：[Sparse retrieval](4.質問に合う根拠を探す/4.3.Sparse retrieval.md),"AND(AND(AND(AND(AND(ATOM(lexical=true), ATOM(sparse=true)), ATOM(document_statistics=true)), ATOM(retrieval=true)), ATOM(evidence_support=true)), ATOM(parsing=true))",AND,concrete_technology_claim,UNCLASSIFIED,FILE-INTRO (docs/索引.md:70); authoritative docs commit 52bebecfb2a435d0e7ff2efea557c5799674ded6,SRC-067,SRC-067 https://doi.org/10.1016/0306-4573%2888%2990021-0 — primary_page inspected 2026-08-15; 現主張への直接locatorは未確定,DEFINITION_OR_SPEC,NONE_DIRECTLY_VERIFIED,NOT_A_NORMATIVE_CLAIM,NOT_APPLICABLE,REMOVE_OR_REPLACE,TF-IDF（Term Frequency-Inverse Document Frequency、単語頻度・逆文書頻度）：[Sparse retrieval](4.質問に合う根拠を探す/4.3.Sparse retrieval.md) この行は FILE-INTRO (docs/索引.md:70); authoritative docs commit 52bebecfb2a435d0e7ff2efea557c5799674ded6 にあるMarkdown表示単位で、単独の技術命題として検証できる主語・述語を備えていません。表示は維持しつつ NOT_A_NORMATIVE_CLAIM を証拠要求の命題集合から除外するため、REMOVE_OR_REPLACEの分類overrideを適用します。,NOT_APPLICABLE_NON_NORMATIVE,NOT_APPLICABLE_NON_NORMATIVE,NOT_APPLICABLE,FILE-INTRO (docs/索引.md:70); authoritative docs commit 52bebecfb2a435d0e7ff2efea557c5799674ded6 のMarkdown表示は維持し、Wave 4分類overrideで技術的事実の命題集合から除外する。,rag-guide-maintainers,,,,INCONCLUSIVE,NOT_APPLICABLE_UNPROVED,codex-primary-wave4,2026-08-15,codex-independent-wave4,2026-08-15,FINAL_TWO_REVIEWER_APPROVED
