sentence_id,docs_commit,original_sentence,revised_sentence,semantic_proposition,logical_operator,claim_type,modality,scope,primary_source_ids,source_locator,source_claim_role,supported_atoms,unsupported_atoms,unsupported_relation,appropriateness_verdict,verdict_reason,normative_criteria,exceptions,external_truth_level,action,owner,due_date,unblock_condition,lean_theorem,lean_assurance,axiom_audit,primary_reviewer,primary_review_date,independent_reviewer,independent_review_date,review_status,axis_authority,axis_directness,axis_completeness,axis_claim_polarity,axis_scope,axis_modality,axis_pedagogical_validity,axis_formalization_validity
SENT-0014,52bebecfb2a435d0e7ff2efea557c5799674ded6,工程ごとの成果物を評価すると、古い資料、検索の取りこぼし、根拠の誤読を区別して改善できます。,工程ごとの成果物を評価すると、古い資料、検索の取りこぼし、根拠の誤読を区別して改善できるかを、対象データと固定した比較条件で検証します。,"AND(AND(AND(AND(ATOM(retrieval=true), ATOM(evidence_support=true)), ATOM(temporal_freshness=true)), ATOM(evaluation=true)), ATOM(empirical_result=true))",AND,empirical_or_research_claim,できます,1.1.3 (docs/1.RAGとは何か/1.1.RAGとは.md:27),SRC-001,UNVERIFIED_CANDIDATE_URL_ONLY,EMPIRICAL_RESULT,empirical_result=true;evaluation=true;retrieval=true,evidence_support=true;temporal_freshness=true,,REWRITE_REQUIRED,権威性=候補一次資料のみ; 直接性=locator未確認; 網羅性=未支持atom=evidence_support=true;temporal_freshness=true; 主張極性=EMPIRICAL_RESULTとして再分類; スコープ=PASS_AFTER_TEST_SCOPE_QUALIFICATION; モダリティ=PASS_AFTER_HYPOTHESIS_QUALIFIER; 教材妥当性=PASS_AS_EXPLICIT_TESTABLE_HYPOTHESIS; 形式化妥当性=FAIL_UNSUPPORTED_ATOMS:evidence_support=true;temporal_freshness=true。「工程ごとの成果物を評価すると、古い資料、検索の取りこぼし、根拠の誤読を区別して改善できます。」は候補資料(SRC-001)に直接locatorがなく、一般的事実としてはFAIL_UNSUPPORTED_ATOMS:evidence_support=true;temporal_freshness=trueが残る。原文の対象と作用を維持したまま、本ガイドの構成または対象データでの検証へスコープを限定すれば教材上の検討事項を保持できる。,,,UNVERIFIED,原文をrevised_sentenceへ置換し、対象データ、比較条件、観測指標、合否閾値を同じ節に追記する。検証後に限り事実表現へ戻し、意味を保存して再形式化する。,,,,,INCONCLUSIVE,NOT_APPLICABLE_UNPROVED,,,codex-independent-wave4,2026-08-15,INDEPENDENT_REVIEW_COMPLETE,PARTIAL_CANDIDATE_SOURCE_ONLY,FAIL_NO_DIRECT_LOCATOR,FAIL_UNSUPPORTED_ATOMS:evidence_support=true;temporal_freshness=true,EMPIRICAL_RESULT,PASS_AFTER_TEST_SCOPE_QUALIFICATION,PASS_AFTER_HYPOTHESIS_QUALIFIER,PASS_AS_EXPLICIT_TESTABLE_HYPOTHESIS,FAIL_UNSUPPORTED_ATOMS:evidence_support=true;temporal_freshness=true
SENT-0023,52bebecfb2a435d0e7ff2efea557c5799674ded6,RAGは、このような検索器の結果を言語モデルへ渡します。,本ガイドの基本構成では、RAGは、このような検索器の結果を言語モデルへ渡します。,"AND(AND(ATOM(retrieval=true), ATOM(generation=true)), ATOM(empirical_result=true))",AND,general_technical_claim,UNCLASSIFIED,1.2.1 (docs/1.RAGとは何か/1.2.LLM単体・検索システム・RAGの違い.md:12),SRC-002,UNVERIFIED_CANDIDATE_URL_ONLY,EMPIRICAL_RESULT,empirical_result=true;retrieval=true,generation=true,,REWRITE_REQUIRED,権威性=候補一次資料のみ; 直接性=locator未確認; 網羅性=未支持atom=generation=true; 主張極性=EMPIRICAL_RESULTとして再分類; スコープ=PASS_AFTER_TEST_SCOPE_QUALIFICATION; モダリティ=PASS_AFTER_HYPOTHESIS_QUALIFIER; 教材妥当性=PASS_AS_EXPLICIT_TESTABLE_HYPOTHESIS; 形式化妥当性=FAIL_UNSUPPORTED_ATOMS:generation=true。「RAGは、このような検索器の結果を言語モデルへ渡します。」は候補資料(SRC-002)に直接locatorがなく、一般的事実としてはFAIL_UNSUPPORTED_ATOMS:generation=trueが残る。原文の対象と作用を維持したまま、本ガイドの構成または対象データでの検証へスコープを限定すれば教材上の検討事項を保持できる。,,,UNVERIFIED,原文をrevised_sentenceへ置換し、対象データ、比較条件、観測指標、合否閾値を同じ節に追記する。検証後に限り事実表現へ戻し、意味を保存して再形式化する。,,,,,INCONCLUSIVE,NOT_APPLICABLE_UNPROVED,,,codex-independent-wave4,2026-08-15,INDEPENDENT_REVIEW_COMPLETE,PARTIAL_CANDIDATE_SOURCE_ONLY,FAIL_NO_DIRECT_LOCATOR,FAIL_UNSUPPORTED_ATOMS:generation=true,EMPIRICAL_RESULT,PASS_AFTER_TEST_SCOPE_QUALIFICATION,PASS_AFTER_HYPOTHESIS_QUALIFIER,PASS_AS_EXPLICIT_TESTABLE_HYPOTHESIS,FAIL_UNSUPPORTED_ATOMS:generation=true
SENT-0037,52bebecfb2a435d0e7ff2efea557c5799674ded6,ALCEは、引用の正しさと、引用が必要な主張を覆う網羅性を分けて評価しています。,,"AND(ATOM(citation=true), ATOM(evaluation=true))",AND,externally_cited_claim,必要,1.3.3 (docs/1.RAGとは何か/1.3.RAGが解決する問題.md:19),SRC-003,"Gao et al. (2023), PDF §3.3 Citation Quality, pp.6468-6469; citation recall/precision definitions and Figure 3",DEFINITION_OR_SPEC,citation=true;evaluation=true,,,APPROPRIATE_SUPPORTED,権威性=PASS_PEER_REVIEWED_PRIMARY; 直接性=PASS_DIRECT_SECTION_OR_ABSTRACT_LOCATOR; 網羅性=原文の主体・対象・関係を当該箇所が支持; 主張極性=DEFINITION_OR_SPEC; スコープ=当該benchmark/datasetに限定; モダリティ=資料より強くない; 教材妥当性=研究一覧または評価定義として有用; 形式化妥当性=再生成でprojectionを更新可能。査読付き原論文PDFの§3.3は、citation recallを出力が引用箇所で完全に支持されるか、citation precisionを無関係な引用がないかとして別々に定義している。原文の『網羅性』と『正しさ』はこの二軸に対応し、対象をALCEの引用品質評価に限定している。,,,SOURCE_ASSERTED,本文は維持する。source_locatorとDEFINITION_OR_SPECの極性を台帳へ反映し、当該文の意味命題と関係根拠をsentence projectionへ反映してLean台帳を再生成する。,,,,,INCONCLUSIVE,NOT_APPLICABLE_UNPROVED,,,codex-independent-wave4,2026-08-15,INDEPENDENT_REVIEW_COMPLETE,PASS_PEER_REVIEWED_PRIMARY,PASS_DIRECT_SECTION_OR_ABSTRACT_LOCATOR,PASS_ALL_CLAIM_COMPONENTS,DEFINITION_OR_SPEC,PASS_BENCHMARK_OR_DATASET_SCOPE,PASS_SOURCE_ALIGNED,PASS_PRIMARY_SOURCE_DIRECTLY_CHECKED,PASS_AFTER_PROJECTION_REGENERATION
SENT-0081,52bebecfb2a435d0e7ff2efea557c5799674ded6,FEVERによる根拠支持・反証・情報不足の評価,,"AND(ATOM(evidence_support=true), ATOM(evaluation=true))",AND,externally_cited_claim,UNCLASSIFIED,1.7.1 (docs/1.RAGとは何か/1.7.RAG研究の流れ.md:12),SRC-007,"Thorne et al. (2018), ACL Anthology N18-1074, Abstract, first paragraph; Supported/Refuted/NotEnoughInfo labels",DEFINITION_OR_SPEC,evidence_support=true;evaluation=true,,,APPROPRIATE_SUPPORTED,権威性=PASS_PEER_REVIEWED_PRIMARY; 直接性=PASS_DIRECT_SECTION_OR_ABSTRACT_LOCATOR; 網羅性=原文の主体・対象・関係を当該箇所が支持; 主張極性=DEFINITION_OR_SPEC; スコープ=当該benchmark/datasetに限定; モダリティ=資料より強くない; 教材妥当性=研究一覧または評価定義として有用; 形式化妥当性=再生成でprojectionを更新可能。査読付き原論文のAbstractは、FEVERのclaimをSupported、Refuted、NotEnoughInfoに分類すると明記している。原文は研究一覧の短い項目であり、三分類の極性と範囲を過剰に一般化していない。,,,SOURCE_ASSERTED,本文は維持する。source_locatorとDEFINITION_OR_SPECの極性を台帳へ反映し、当該文の意味命題と関係根拠をsentence projectionへ反映してLean台帳を再生成する。,,,,,INCONCLUSIVE,NOT_APPLICABLE_UNPROVED,,,codex-independent-wave4,2026-08-15,INDEPENDENT_REVIEW_COMPLETE,PASS_PEER_REVIEWED_PRIMARY,PASS_DIRECT_SECTION_OR_ABSTRACT_LOCATOR,PASS_ALL_CLAIM_COMPONENTS,DEFINITION_OR_SPEC,PASS_BENCHMARK_OR_DATASET_SCOPE,PASS_SOURCE_ALIGNED,PASS_PRIMARY_SOURCE_DIRECTLY_CHECKED,PASS_AFTER_PROJECTION_REGENERATION
SENT-0082,52bebecfb2a435d0e7ff2efea557c5799674ded6,ALCEによる引用評価,,"AND(ATOM(citation=true), ATOM(evaluation=true))",AND,externally_cited_claim,UNCLASSIFIED,1.7.1 (docs/1.RAGとは何か/1.7.RAG研究の流れ.md:13),SRC-003,"Gao et al. (2023), ACL Anthology 2023.emnlp-main.398, Abstract, first paragraph; ALCE benchmark definition",DEFINITION_OR_SPEC,citation=true;evaluation=true,,,APPROPRIATE_SUPPORTED,権威性=PASS_PEER_REVIEWED_PRIMARY; 直接性=PASS_DIRECT_SECTION_OR_ABSTRACT_LOCATOR; 網羅性=原文の主体・対象・関係を当該箇所が支持; 主張極性=DEFINITION_OR_SPEC; スコープ=当該benchmark/datasetに限定; モダリティ=資料より強くない; 教材妥当性=研究一覧または評価定義として有用; 形式化妥当性=再生成でprojectionを更新可能。査読付き原論文のAbstractはALCEをAutomatic LLMs' Citation Evaluationのbenchmarkとして提案している。原文は研究一覧での引用評価という役割だけを述べ、実験効果や一般性能を追加していない。,,,SOURCE_ASSERTED,本文は維持する。source_locatorとDEFINITION_OR_SPECの極性を台帳へ反映し、当該文の意味命題と関係根拠をsentence projectionへ反映してLean台帳を再生成する。,,,,,INCONCLUSIVE,NOT_APPLICABLE_UNPROVED,,,codex-independent-wave4,2026-08-15,INDEPENDENT_REVIEW_COMPLETE,PASS_PEER_REVIEWED_PRIMARY,PASS_DIRECT_SECTION_OR_ABSTRACT_LOCATOR,PASS_ALL_CLAIM_COMPONENTS,DEFINITION_OR_SPEC,PASS_BENCHMARK_OR_DATASET_SCOPE,PASS_SOURCE_ALIGNED,PASS_PRIMARY_SOURCE_DIRECTLY_CHECKED,PASS_AFTER_PROJECTION_REGENERATION
SENT-0083,52bebecfb2a435d0e7ff2efea557c5799674ded6,これらの研究も、すべてのデータや業務で同じ効果を保証しているわけではありません。,これらの研究も、すべてのデータや業務で同じ効果を保証しない前提で、対象データごとに効果を再評価します。,UNFORMALIZED,UNFORMALIZED,empirical_or_research_claim,すべて;ません,1.7.1 (docs/1.RAGとは何か/1.7.RAG研究の流れ.md:15),SRC-001;SRC-002;SRC-003;SRC-004;SRC-005,UNVERIFIED_CANDIDATE_URL_ONLY,LIMITATION,,,,REWRITE_REQUIRED,権威性=候補一次資料のみ; 直接性=locator未確認; 網羅性=未支持atom=none-explicit; 主張極性=LIMITATIONとして再分類; スコープ=PASS_AFTER_TEST_SCOPE_QUALIFICATION; モダリティ=PASS_AFTER_HYPOTHESIS_QUALIFIER; 教材妥当性=PASS_AS_EXPLICIT_TESTABLE_HYPOTHESIS; 形式化妥当性=FAIL_UNFORMALIZED。「これらの研究も、すべてのデータや業務で同じ効果を保証しているわけではありません。」は候補資料(SRC-001;SRC-002;SRC-003;SRC-004;SRC-005)に直接locatorがなく、一般的事実としてはFAIL_UNFORMALIZEDが残る。原文の対象と作用を維持したまま、本ガイドの構成または対象データでの検証へスコープを限定すれば教材上の検討事項を保持できる。,,,UNVERIFIED,原文をrevised_sentenceへ置換し、対象データ、比較条件、観測指標、合否閾値を同じ節に追記する。検証後に限り事実表現へ戻し、意味を保存して再形式化する。,,,,,INCONCLUSIVE,NOT_APPLICABLE_UNPROVED,,,codex-independent-wave4,2026-08-15,INDEPENDENT_REVIEW_COMPLETE,PARTIAL_CANDIDATE_SOURCE_ONLY,FAIL_NO_DIRECT_LOCATOR,FAIL_UNFORMALIZED,LIMITATION,PASS_AFTER_TEST_SCOPE_QUALIFICATION,PASS_AFTER_HYPOTHESIS_QUALIFIER,PASS_AS_EXPLICIT_TESTABLE_HYPOTHESIS,FAIL_UNFORMALIZED
SENT-0089,52bebecfb2a435d0e7ff2efea557c5799674ded6,再現できる失敗に対して比較実験を行い、品質、応答時間、費用、安全性の総合結果で採否を決めます。,再現できる失敗に対して比較実験を行い、品質、応答時間、費用、安全性の総合結果で採否を決めます。,"AND(AND(AND(AND(ATOM(temporal_freshness=true), ATOM(ab_testing=true)), ATOM(latency=true)), ATOM(cost=true)), ATOM(empirical_result=true))",AND,empirical_or_research_claim,できる,1.7.2 (docs/1.RAGとは何か/1.7.RAG研究の流れ.md:25),SRC-001;SRC-002;SRC-043,NOT_APPLICABLE_LOCAL_NORM,HYPOTHESIS,empirical_result=true,ab_testing=true;cost=true;latency=true;temporal_freshness=true,,APPROPRIATE_NORMATIVE,権威性=候補一次資料のみ; 直接性=locator未確認; 網羅性=未支持atom=ab_testing=true;cost=true;latency=true;temporal_freshness=true; 主張極性=HYPOTHESISとして再分類; スコープ=PASS_LOCAL_DESIGN_POLICY; モダリティ=PASS_AS_DISCLOSED_NORMATIVE_RULE; 教材妥当性=PASS_AFTER_EXPLICIT_CRITERIA_AND_EXCEPTION; 形式化妥当性=FAIL_UNSUPPORTED_ATOMS:ab_testing=true;cost=true;latency=true;temporal_freshness=true。「再現できる失敗に対して比較実験を行い、品質、応答時間、費用、安全性の総合結果で採否を決めます。」は外的真偽の断定ではなく、対象・処理・判断を特定した設計・運用上の選択規則として読める。ただし候補資料(SRC-001;SRC-002;SRC-043)はURL単位で、直接locatorは未確認。規範の判断基準と例外を明示すれば教材として採用できる。形式面ではFAIL_UNSUPPORTED_ATOMS:ab_testing=true;cost=true;latency=true;temporal_freshness=trueを別途解消する必要がある。,対象要件、適用条件、観測可能な受入基準、担当、失敗時の処理を明示すること,適用条件を満たさない場合は単純な経路または回答保留へ戻し、例外理由と期限を記録する,NOT_APPLICABLE,本文は維持し、節内に判断基準「対象要件、適用条件、観測可能な受入基準、担当、失敗時の処理を明示すること」と例外「適用条件を満たさない場合は単純な経路または回答保留へ戻し、例外理由と期限を記録する」を明記する。経験的な効果保証とは分離し、意味を保存して再形式化する。,,,,,INCONCLUSIVE,NOT_APPLICABLE_UNPROVED,,,codex-independent-wave4,2026-08-15,INDEPENDENT_REVIEW_COMPLETE,PARTIAL_CANDIDATE_SOURCE_ONLY,FAIL_NO_DIRECT_LOCATOR,FAIL_UNSUPPORTED_ATOMS:ab_testing=true;cost=true;latency=true;temporal_freshness=true,HYPOTHESIS,PASS_LOCAL_DESIGN_POLICY,PASS_AS_DISCLOSED_NORMATIVE_RULE,PASS_AFTER_EXPLICIT_CRITERIA_AND_EXCEPTION,FAIL_UNSUPPORTED_ATOMS:ab_testing=true;cost=true;latency=true;temporal_freshness=true
SENT-0105,52bebecfb2a435d0e7ff2efea557c5799674ded6,| Managed Knowledge Base | RetrieveまたはAgenticRetrieveStream | RetrieveまたはAgenticRetrieveStreamの結果をConverseへ渡します | RetrieveAndGenerateは利用しません |,「Managed Knowledge Base」では「RetrieveまたはAgenticRetrieveStream」を対象とし、確認項目は「RetrieveまたはAgenticRetrieveStreamの結果をConverseへ渡します」「RetrieveAndGenerateは利用しません」です。,"NOT(AND(AND(AND(AND(AND(ATOM(retrieval=true), ATOM(generation=true)), ATOM(external_knowledge=true)), ATOM(bedrock_kb=true)), ATOM(retrieve_and_generate=true)), ATOM(empirical_result=true)))",NOT,official_product_contract,ません,10.1.1 (docs/10.AWSで設計・実装する/10.1.構成方式を選ぶ.md:14),SRC-178,UNVERIFIED_CANDIDATE_URL_ONLY,DEFINITION_OR_SPEC,bedrock_kb=true;generation=true;retrieval=true;retrieve_and_generate=true,empirical_result=true;external_knowledge=true,NOT,REWRITE_REQUIRED,権威性=候補一次資料のみ; 直接性=locator未確認; 網羅性=関係NOT自体の根拠未確認; 主張極性=DEFINITION_OR_SPECとして再分類; スコープ=FAIL_NOT_A_PROPOSITION; モダリティ=NOT_APPLICABLE_FRAGMENT; 教材妥当性=PASS_AS_STRUCTURE_NOT_AS_CLAIM; 形式化妥当性=FAIL_RELATION_NOT。見出し・表セル・用語リンクの断片であり、独立した外部主張として判定できない。証拠必須文として扱う分類が教材構造と一致せず、形式化の主語・述語も欠ける。,,,NOT_APPLICABLE,原文をrevised_sentenceの完全な説明文へ置換し、sentence evidence分類をexpository_or_structural/evidence_required=noへ修正して未証明文キューから除外する。,,,,,INCONCLUSIVE,NOT_APPLICABLE_UNPROVED,,,codex-independent-wave4,2026-08-15,INDEPENDENT_REVIEW_COMPLETE,PARTIAL_CANDIDATE_SOURCE_ONLY,FAIL_NO_DIRECT_LOCATOR,FAIL_RELATION_NOT,DEFINITION_OR_SPEC,FAIL_NOT_A_PROPOSITION,NOT_APPLICABLE_FRAGMENT,PASS_AS_STRUCTURE_NOT_AS_CLAIM,FAIL_RELATION_NOT
SENT-0109,52bebecfb2a435d0e7ff2efea557c5799674ded6,重複排除、独自reranking、矛盾処理、Evidence Set、claim単位の検査を入れる場合は、Retrieve → Lambdaなどの検索後処理 → Converseへ分けます。,利用時点の対象リージョンで各サービス間の契約を確認し、構成経路を「重複排除、独自reranking、矛盾処理、Evidence Set、claim単位の検査を入れる場合は、Retrieve → Lambdaなどの検索後処理 → Converseへ分けます」とします。,"IMP(AND(AND(ATOM(rerank=true), ATOM(dedup=true)), ATOM(evidence_support=true)), ATOM(retrieval=true))",IMPLIES,official_product_contract,UNCLASSIFIED,10.1.1 (docs/10.AWSで設計・実装する/10.1.構成方式を選ぶ.md:18),SRC-178,UNVERIFIED_CANDIDATE_URL_ONLY,DEFINITION_OR_SPEC,retrieval=true,dedup=true;evidence_support=true;rerank=true,IMPLIES,REWRITE_REQUIRED,権威性=候補一次資料のみ; 直接性=locator未確認; 網羅性=関係IMPLIES自体の根拠未確認; 主張極性=DEFINITION_OR_SPECとして再分類; スコープ=PASS_AFTER_CONCRETE_VERSION_OR_EXPERIMENT_SCOPE; モダリティ=PASS_AFTER_CONDITIONAL_OR_REPRODUCTION_WORDING; 教材妥当性=PASS_AFTER_CONCRETE_VERSION_OR_EXPERIMENT_QUALIFIER; 形式化妥当性=FAIL_RELATION_IMPLIES。「重複排除、独自reranking、矛盾処理、Evidence Set、claim単位の検査を入れる場合は、Retrieve → Lambdaなどの検索後処理 →」の候補資料(SRC-178)はURL単位で、節・ページ・表・API見出しを独立に確認できていない。現文のFAIL_RELATION_IMPLIES、版・実験条件、資料内極性を断定せず、具体的な製品前提・ローカル定義・再現試験へ限定すれば教材内容を保持できる。,,,UNVERIFIED,原文をrevised_sentenceの具体文へ置換する。製品文は利用時点のregion/versionを受入条件へ追加し、研究文は同じ指標・比較条件で再現確認する。事実表現へ戻す場合は直接locatorを再監査する。,,,,,INCONCLUSIVE,NOT_APPLICABLE_UNPROVED,,,codex-independent-wave4,2026-08-15,INDEPENDENT_REVIEW_COMPLETE,PARTIAL_CANDIDATE_SOURCE_ONLY,FAIL_NO_DIRECT_LOCATOR,FAIL_RELATION_IMPLIES,DEFINITION_OR_SPEC,PASS_AFTER_CONCRETE_VERSION_OR_EXPERIMENT_SCOPE,PASS_AFTER_CONDITIONAL_OR_REPRODUCTION_WORDING,PASS_AFTER_CONCRETE_VERSION_OR_EXPERIMENT_QUALIFIER,FAIL_RELATION_IMPLIES
SENT-0110,52bebecfb2a435d0e7ff2efea557c5799674ded6,分離する判断は[根拠整形](../5.根拠を選別・整形する/序文.md)で必要な処理が、Knowledge Basesの検索設定だけで表現できるかによって行います。,利用時点の対象リージョンの公式仕様で前提機能と制限を確認したうえで、分離する判断は[根拠整形](../5.根拠を選別・整形する/序文.md)で必要な処理が、Knowledge Basesの検索設定だけで表現できるかによって行います。,"AND(AND(AND(ATOM(retrieval=true), ATOM(external_knowledge=true)), ATOM(evidence_support=true)), ATOM(bedrock_kb=true))",AND,official_product_contract,必要;できる,10.1.1 (docs/10.AWSで設計・実装する/10.1.構成方式を選ぶ.md:18),SRC-178,UNVERIFIED_CANDIDATE_URL_ONLY,DEFINITION_OR_SPEC,bedrock_kb=true;retrieval=true,evidence_support=true;external_knowledge=true,,REWRITE_REQUIRED,権威性=候補一次資料のみ; 直接性=locator未確認; 網羅性=未支持atom=evidence_support=true;external_knowledge=true; 主張極性=DEFINITION_OR_SPECとして再分類; スコープ=PASS_AFTER_CONCRETE_VERSION_OR_EXPERIMENT_SCOPE; モダリティ=PASS_AFTER_CONDITIONAL_OR_REPRODUCTION_WORDING; 教材妥当性=PASS_AFTER_CONCRETE_VERSION_OR_EXPERIMENT_QUALIFIER; 形式化妥当性=FAIL_UNSUPPORTED_ATOMS:evidence_support=true;external_knowledge=true。「分離する判断は[根拠整形](../5.根拠を選別・整形する/序文.md)で必要な処理が、Knowledge Basesの検索設定だけで表現できるかによって行いま」の候補資料(SRC-178)はURL単位で、節・ページ・表・API見出しを独立に確認できていない。現文のFAIL_UNSUPPORTED_ATOMS:evidence_support=true;external_knowledge=true、版・実験条件、資料内極性を断定せず、具体的な製品前提・ローカル定義・再現試験へ限定すれば教材内容を保持できる。,,,UNVERIFIED,原文をrevised_sentenceの具体文へ置換する。製品文は利用時点のregion/versionを受入条件へ追加し、研究文は同じ指標・比較条件で再現確認する。事実表現へ戻す場合は直接locatorを再監査する。,,,,,INCONCLUSIVE,NOT_APPLICABLE_UNPROVED,,,codex-independent-wave4,2026-08-15,INDEPENDENT_REVIEW_COMPLETE,PARTIAL_CANDIDATE_SOURCE_ONLY,FAIL_NO_DIRECT_LOCATOR,FAIL_UNSUPPORTED_ATOMS:evidence_support=true;external_knowledge=true,DEFINITION_OR_SPEC,PASS_AFTER_CONCRETE_VERSION_OR_EXPERIMENT_SCOPE,PASS_AFTER_CONDITIONAL_OR_REPRODUCTION_WORDING,PASS_AFTER_CONCRETE_VERSION_OR_EXPERIMENT_QUALIFIER,FAIL_UNSUPPORTED_ATOMS:evidence_support=true;external_knowledge=true
SENT-0113,52bebecfb2a435d0e7ff2efea557c5799674ded6,疎検索が必要な構成では、別の検索器と結果統合を組み合わせます。,本ガイドの基本構成では、疎検索が必要な構成では、別の検索器と結果統合を組み合わせます。,"AND(AND(ATOM(sparse=true), ATOM(retrieval=true)), ATOM(empirical_result=true))",AND,general_technical_claim,必要,10.1.2 (docs/10.AWSで設計・実装する/10.1.構成方式を選ぶ.md:24),SRC-179,UNVERIFIED_CANDIDATE_URL_ONLY,EMPIRICAL_RESULT,retrieval=true,empirical_result=true;sparse=true,,REWRITE_REQUIRED,権威性=候補一次資料のみ; 直接性=locator未確認; 網羅性=未支持atom=empirical_result=true;sparse=true; 主張極性=EMPIRICAL_RESULTとして再分類; スコープ=PASS_AFTER_TEST_SCOPE_QUALIFICATION; モダリティ=PASS_AFTER_HYPOTHESIS_QUALIFIER; 教材妥当性=PASS_AS_EXPLICIT_TESTABLE_HYPOTHESIS; 形式化妥当性=FAIL_UNSUPPORTED_ATOMS:empirical_result=true;sparse=true。「疎検索が必要な構成では、別の検索器と結果統合を組み合わせます。」は候補資料(SRC-179)に直接locatorがなく、一般的事実としてはFAIL_UNSUPPORTED_ATOMS:empirical_result=true;sparse=trueが残る。原文の対象と作用を維持したまま、本ガイドの構成または対象データでの検証へスコープを限定すれば教材上の検討事項を保持できる。,,,UNVERIFIED,原文をrevised_sentenceへ置換し、対象データ、比較条件、観測指標、合否閾値を同じ節に追記する。検証後に限り事実表現へ戻し、意味を保存して再形式化する。,,,,,INCONCLUSIVE,NOT_APPLICABLE_UNPROVED,,,codex-independent-wave4,2026-08-15,INDEPENDENT_REVIEW_COMPLETE,PARTIAL_CANDIDATE_SOURCE_ONLY,FAIL_NO_DIRECT_LOCATOR,FAIL_UNSUPPORTED_ATOMS:empirical_result=true;sparse=true,EMPIRICAL_RESULT,PASS_AFTER_TEST_SCOPE_QUALIFICATION,PASS_AFTER_HYPOTHESIS_QUALIFIER,PASS_AS_EXPLICIT_TESTABLE_HYPOTHESIS,FAIL_UNSUPPORTED_ATOMS:empirical_result=true;sparse=true
SENT-0114,52bebecfb2a435d0e7ff2efea557c5799674ded6,Amazon OpenSearch Serverlessは、密検索、疎検索、ハイブリッド検索を提供します。,利用時点の対象リージョンの公式仕様で、Amazon OpenSearch Serverlessが密検索、疎検索、ハイブリッド検索に対応することを確認できた場合に限り、その機能を採用します。,"AND(AND(AND(ATOM(sparse=true), ATOM(dense=true)), ATOM(retrieval=true)), ATOM(opensearch=true))",AND,official_product_contract,UNCLASSIFIED,10.1.2 (docs/10.AWSで設計・実装する/10.1.構成方式を選ぶ.md:25),SRC-179,UNVERIFIED_CANDIDATE_URL_ONLY,DEFINITION_OR_SPEC,dense=true;retrieval=true,opensearch=true;sparse=true,,REWRITE_REQUIRED,権威性=候補一次資料のみ; 直接性=locator未確認; 網羅性=未支持atom=opensearch=true;sparse=true; 主張極性=DEFINITION_OR_SPECとして再分類; スコープ=PASS_AFTER_CONCRETE_VERSION_OR_EXPERIMENT_SCOPE; モダリティ=PASS_AFTER_CONDITIONAL_OR_REPRODUCTION_WORDING; 教材妥当性=PASS_AFTER_CONCRETE_VERSION_OR_EXPERIMENT_QUALIFIER; 形式化妥当性=FAIL_UNSUPPORTED_ATOMS:opensearch=true;sparse=true。「Amazon OpenSearch Serverlessは、密検索、疎検索、ハイブリッド検索を提供します。」の候補資料(SRC-179)はURL単位で、節・ページ・表・API見出しを独立に確認できていない。現文のFAIL_UNSUPPORTED_ATOMS:opensearch=true;sparse=true、版・実験条件、資料内極性を断定せず、具体的な製品前提・ローカル定義・再現試験へ限定すれば教材内容を保持できる。,,,UNVERIFIED,原文をrevised_sentenceの具体文へ置換する。製品文は利用時点のregion/versionを受入条件へ追加し、研究文は同じ指標・比較条件で再現確認する。事実表現へ戻す場合は直接locatorを再監査する。,,,,,INCONCLUSIVE,NOT_APPLICABLE_UNPROVED,,,codex-independent-wave4,2026-08-15,INDEPENDENT_REVIEW_COMPLETE,PARTIAL_CANDIDATE_SOURCE_ONLY,FAIL_NO_DIRECT_LOCATOR,FAIL_UNSUPPORTED_ATOMS:opensearch=true;sparse=true,DEFINITION_OR_SPEC,PASS_AFTER_CONCRETE_VERSION_OR_EXPERIMENT_SCOPE,PASS_AFTER_CONDITIONAL_OR_REPRODUCTION_WORDING,PASS_AFTER_CONCRETE_VERSION_OR_EXPERIMENT_QUALIFIER,FAIL_UNSUPPORTED_ATOMS:opensearch=true;sparse=true
SENT-0116,52bebecfb2a435d0e7ff2efea557c5799674ded6,Amazon Aurora PostgreSQLは、密検索とrelational dataを近い境界で管理できます。,Amazon Aurora PostgreSQLは、密検索とrelational dataを近い境界で管理できるかを、対象データと固定した比較条件で検証します。,"AND(AND(ATOM(dense=true), ATOM(retrieval=true)), ATOM(aurora_pg=true))",AND,general_technical_claim,できます,10.1.2 (docs/10.AWSで設計・実装する/10.1.構成方式を選ぶ.md:26),SRC-179,UNVERIFIED_CANDIDATE_URL_ONLY,BACKGROUND_CITATION,dense=true;retrieval=true,aurora_pg=true,,REWRITE_REQUIRED,権威性=候補一次資料のみ; 直接性=locator未確認; 網羅性=未支持atom=aurora_pg=true; 主張極性=BACKGROUND_CITATIONとして再分類; スコープ=PASS_AFTER_TEST_SCOPE_QUALIFICATION; モダリティ=PASS_AFTER_HYPOTHESIS_QUALIFIER; 教材妥当性=PASS_AS_EXPLICIT_TESTABLE_HYPOTHESIS; 形式化妥当性=FAIL_UNSUPPORTED_ATOMS:aurora_pg=true。「Amazon Aurora PostgreSQLは、密検索とrelational dataを近い境界で管理できます。」は候補資料(SRC-179)に直接locatorがなく、一般的事実としてはFAIL_UNSUPPORTED_ATOMS:aurora_pg=trueが残る。原文の対象と作用を維持したまま、本ガイドの構成または対象データでの検証へスコープを限定すれば教材上の検討事項を保持できる。,,,UNVERIFIED,原文をrevised_sentenceへ置換し、対象データ、比較条件、観測指標、合否閾値を同じ節に追記する。検証後に限り事実表現へ戻し、意味を保存して再形式化する。,,,,,INCONCLUSIVE,NOT_APPLICABLE_UNPROVED,,,codex-independent-wave4,2026-08-15,INDEPENDENT_REVIEW_COMPLETE,PARTIAL_CANDIDATE_SOURCE_ONLY,FAIL_NO_DIRECT_LOCATOR,FAIL_UNSUPPORTED_ATOMS:aurora_pg=true,BACKGROUND_CITATION,PASS_AFTER_TEST_SCOPE_QUALIFICATION,PASS_AFTER_HYPOTHESIS_QUALIFIER,PASS_AS_EXPLICIT_TESTABLE_HYPOTHESIS,FAIL_UNSUPPORTED_ATOMS:aurora_pg=true
SENT-0117,52bebecfb2a435d0e7ff2efea557c5799674ded6,Knowledge Basesのhybrid searchは、filterableなtext fieldを構成し、対象リージョンと接続方式が対応している場合に利用します。,利用時点の対象リージョンの公式仕様で前提機能と制限を確認したうえで、Knowledge Basesのhybrid searchは、filterableなtext fieldを構成し、対象リージョンと接続方式が対応している場合に利用します。,UNFORMALIZED,UNFORMALIZED,official_product_contract,UNCLASSIFIED,10.1.2 (docs/10.AWSで設計・実装する/10.1.構成方式を選ぶ.md:26),SRC-005;SRC-052;SRC-064;SRC-178;SRC-179,UNVERIFIED_CANDIDATE_URL_ONLY,DEFINITION_OR_SPEC,,,,REWRITE_REQUIRED,権威性=候補一次資料のみ; 直接性=locator未確認; 網羅性=未支持atom=none-explicit; 主張極性=DEFINITION_OR_SPECとして再分類; スコープ=PASS_AFTER_CONCRETE_VERSION_OR_EXPERIMENT_SCOPE; モダリティ=PASS_AFTER_CONDITIONAL_OR_REPRODUCTION_WORDING; 教材妥当性=PASS_AFTER_CONCRETE_VERSION_OR_EXPERIMENT_QUALIFIER; 形式化妥当性=FAIL_UNFORMALIZED。「Knowledge Basesのhybrid searchは、filterableなtext fieldを構成し、対象リージョンと接続方式が対応している場合に利」の候補資料(SRC-005;SRC-052;SRC-064;SRC-178;SRC-179)はURL単位で、節・ページ・表・API見出しを独立に確認できていない。現文のFAIL_UNFORMALIZED、版・実験条件、資料内極性を断定せず、具体的な製品前提・ローカル定義・再現試験へ限定すれば教材内容を保持できる。,,,UNVERIFIED,原文をrevised_sentenceの具体文へ置換する。製品文は利用時点のregion/versionを受入条件へ追加し、研究文は同じ指標・比較条件で再現確認する。事実表現へ戻す場合は直接locatorを再監査する。,,,,,INCONCLUSIVE,NOT_APPLICABLE_UNPROVED,,,codex-independent-wave4,2026-08-15,INDEPENDENT_REVIEW_COMPLETE,PARTIAL_CANDIDATE_SOURCE_ONLY,FAIL_NO_DIRECT_LOCATOR,FAIL_UNFORMALIZED,DEFINITION_OR_SPEC,PASS_AFTER_CONCRETE_VERSION_OR_EXPERIMENT_SCOPE,PASS_AFTER_CONDITIONAL_OR_REPRODUCTION_WORDING,PASS_AFTER_CONCRETE_VERSION_OR_EXPERIMENT_QUALIFIER,FAIL_UNFORMALIZED
SENT-0118,52bebecfb2a435d0e7ff2efea557c5799674ded6,MongoDB Atlasも、Knowledge Basesの対応構成ではsemantic searchとhybrid searchの候補になります。,利用時点の対象リージョンの公式仕様で前提機能と制限を確認したうえで、MongoDB Atlasも、Knowledge Basesの対応構成ではsemantic searchとhybrid searchの候補になります。,"AND(AND(ATOM(external_knowledge=true), ATOM(bedrock_kb=true)), ATOM(mongodb_atlas=true))",AND,official_product_contract,UNCLASSIFIED,10.1.2 (docs/10.AWSで設計・実装する/10.1.構成方式を選ぶ.md:27),SRC-179,UNVERIFIED_CANDIDATE_URL_ONLY,DEFINITION_OR_SPEC,bedrock_kb=true;external_knowledge=true,mongodb_atlas=true,,REWRITE_REQUIRED,権威性=候補一次資料のみ; 直接性=locator未確認; 網羅性=未支持atom=mongodb_atlas=true; 主張極性=DEFINITION_OR_SPECとして再分類; スコープ=PASS_AFTER_CONCRETE_VERSION_OR_EXPERIMENT_SCOPE; モダリティ=PASS_AFTER_CONDITIONAL_OR_REPRODUCTION_WORDING; 教材妥当性=PASS_AFTER_CONCRETE_VERSION_OR_EXPERIMENT_QUALIFIER; 形式化妥当性=FAIL_UNSUPPORTED_ATOMS:mongodb_atlas=true。「MongoDB Atlasも、Knowledge Basesの対応構成ではsemantic searchとhybrid searchの候補になります。」の候補資料(SRC-179)はURL単位で、節・ページ・表・API見出しを独立に確認できていない。現文のFAIL_UNSUPPORTED_ATOMS:mongodb_atlas=true、版・実験条件、資料内極性を断定せず、具体的な製品前提・ローカル定義・再現試験へ限定すれば教材内容を保持できる。,,,UNVERIFIED,原文をrevised_sentenceの具体文へ置換する。製品文は利用時点のregion/versionを受入条件へ追加し、研究文は同じ指標・比較条件で再現確認する。事実表現へ戻す場合は直接locatorを再監査する。,,,,,INCONCLUSIVE,NOT_APPLICABLE_UNPROVED,,,codex-independent-wave4,2026-08-15,INDEPENDENT_REVIEW_COMPLETE,PARTIAL_CANDIDATE_SOURCE_ONLY,FAIL_NO_DIRECT_LOCATOR,FAIL_UNSUPPORTED_ATOMS:mongodb_atlas=true,DEFINITION_OR_SPEC,PASS_AFTER_CONCRETE_VERSION_OR_EXPERIMENT_SCOPE,PASS_AFTER_CONDITIONAL_OR_REPRODUCTION_WORDING,PASS_AFTER_CONCRETE_VERSION_OR_EXPERIMENT_QUALIFIER,FAIL_UNSUPPORTED_ATOMS:mongodb_atlas=true
SENT-0123,52bebecfb2a435d0e7ff2efea557c5799674ded6,語彙一致にはOpenSearch Serverlessを選ぶか、S3 Vectorsの密検索とOpenSearchのBM25を別々に実行し、[Hybrid retrieval](../4.質問に合う根拠を探す/4.5.Hybrid retrieval.md)のRRFまたはrerankerで統合します。,利用時点の対象リージョンの公式仕様で前提機能と制限を確認したうえで、語彙一致にはOpenSearch Serverlessを選ぶか、S3 Vectorsの密検索とOpenSearchのBM25を別々に実行し、[Hybrid retrieval](../4.質問に合う根拠を探す/4.5.Hybrid retrieval.md)のRRFまたはrerankerで統合します。,"OR(AND(AND(AND(AND(AND(ATOM(lexical=true), ATOM(dense=true)), ATOM(retrieval=true)), ATOM(evidence_support=true)), ATOM(s3_vectors=true)), ATOM(opensearch=true)), ATOM(rerank=true))",OR,concrete_technology_claim,UNCLASSIFIED,10.1.2 (docs/10.AWSで設計・実装する/10.1.構成方式を選ぶ.md:30),SRC-005;SRC-064,UNVERIFIED_CANDIDATE_URL_ONLY,DEFINITION_OR_SPEC,evidence_support=true;lexical=true;retrieval=true,dense=true;opensearch=true;rerank=true;s3_vectors=true,,REWRITE_REQUIRED,権威性=候補一次資料のみ; 直接性=locator未確認; 網羅性=未支持atom=dense=true;opensearch=true;rerank=true;s3_vectors=true; 主張極性=DEFINITION_OR_SPECとして再分類; スコープ=PASS_AFTER_CONCRETE_VERSION_OR_EXPERIMENT_SCOPE; モダリティ=PASS_AFTER_CONDITIONAL_OR_REPRODUCTION_WORDING; 教材妥当性=PASS_AFTER_CONCRETE_VERSION_OR_EXPERIMENT_QUALIFIER; 形式化妥当性=FAIL_UNSUPPORTED_ATOMS:dense=true;opensearch=true;rerank=true;s3_vectors=true。「語彙一致にはOpenSearch Serverlessを選ぶか、S3 Vectorsの密検索とOpenSearchのBM25を別々に実行し、[Hybrid re」の候補資料(SRC-005;SRC-064)はURL単位で、節・ページ・表・API見出しを独立に確認できていない。現文のFAIL_UNSUPPORTED_ATOMS:dense=true;opensearch=true;rerank=true;s3_vectors=true、版・実験条件、資料内極性を断定せず、具体的な製品前提・ローカル定義・再現試験へ限定すれば教材内容を保持できる。,,,UNVERIFIED,原文をrevised_sentenceの具体文へ置換する。製品文は利用時点のregion/versionを受入条件へ追加し、研究文は同じ指標・比較条件で再現確認する。事実表現へ戻す場合は直接locatorを再監査する。,,,,,INCONCLUSIVE,NOT_APPLICABLE_UNPROVED,,,codex-independent-wave4,2026-08-15,INDEPENDENT_REVIEW_COMPLETE,PARTIAL_CANDIDATE_SOURCE_ONLY,FAIL_NO_DIRECT_LOCATOR,FAIL_UNSUPPORTED_ATOMS:dense=true;opensearch=true;rerank=true;s3_vectors=true,DEFINITION_OR_SPEC,PASS_AFTER_CONCRETE_VERSION_OR_EXPERIMENT_SCOPE,PASS_AFTER_CONDITIONAL_OR_REPRODUCTION_WORDING,PASS_AFTER_CONCRETE_VERSION_OR_EXPERIMENT_QUALIFIER,FAIL_UNSUPPORTED_ATOMS:dense=true;opensearch=true;rerank=true;s3_vectors=true
SENT-0124,52bebecfb2a435d0e7ff2efea557c5799674ded6,Knowledge Basesのhybrid searchについては、AWSのユーザーガイドと一部のAPI Referenceで対応storeの記述が一致しない場合があります。,Knowledge Basesのhybrid searchについては、AWSのユーザーガイドと一部のAPI Referenceで対応storeの記述が一致しない差異を想定し、実装時は採用するAPIの公式仕様と実行結果を一致させます。,"NOT(AND(ATOM(external_knowledge=true), ATOM(bedrock_kb=true)))",NOT,official_product_contract,ない;場合があります,10.1.2 (docs/10.AWSで設計・実装する/10.1.構成方式を選ぶ.md:32),SRC-179,UNVERIFIED_CANDIDATE_URL_ONLY,DEFINITION_OR_SPEC,bedrock_kb=true;external_knowledge=true,,NOT,REWRITE_REQUIRED,権威性=候補一次資料のみ; 直接性=locator未確認; 網羅性=関係NOT自体の根拠未確認; 主張極性=DEFINITION_OR_SPECとして再分類; スコープ=PASS_AFTER_CONCRETE_VERSION_OR_EXPERIMENT_SCOPE; モダリティ=PASS_AFTER_CONDITIONAL_OR_REPRODUCTION_WORDING; 教材妥当性=PASS_AFTER_CONCRETE_VERSION_OR_EXPERIMENT_QUALIFIER; 形式化妥当性=FAIL_RELATION_NOT。「Knowledge Basesのhybrid searchについては、AWSのユーザーガイドと一部のAPI Referenceで対応storeの記述が一致しない」の候補資料(SRC-179)はURL単位で、節・ページ・表・API見出しを独立に確認できていない。現文のFAIL_RELATION_NOT、版・実験条件、資料内極性を断定せず、具体的な製品前提・ローカル定義・再現試験へ限定すれば教材内容を保持できる。,,,UNVERIFIED,原文をrevised_sentenceの具体文へ置換する。製品文は利用時点のregion/versionを受入条件へ追加し、研究文は同じ指標・比較条件で再現確認する。事実表現へ戻す場合は直接locatorを再監査する。,,,,,INCONCLUSIVE,NOT_APPLICABLE_UNPROVED,,,codex-independent-wave4,2026-08-15,INDEPENDENT_REVIEW_COMPLETE,PARTIAL_CANDIDATE_SOURCE_ONLY,FAIL_NO_DIRECT_LOCATOR,FAIL_RELATION_NOT,DEFINITION_OR_SPEC,PASS_AFTER_CONCRETE_VERSION_OR_EXPERIMENT_SCOPE,PASS_AFTER_CONDITIONAL_OR_REPRODUCTION_WORDING,PASS_AFTER_CONCRETE_VERSION_OR_EXPERIMENT_QUALIFIER,FAIL_RELATION_NOT
SENT-0131,52bebecfb2a435d0e7ff2efea557c5799674ded6,固有名詞、製品コード、条文番号などで語彙一致の取りこぼしが再現した場合に、対応storeのHYBRID、複数検索器、またはManaged Knowledge Baseへ進みます。,本ガイドの基本構成では、固有名詞、製品コード、条文番号などで語彙一致の取りこぼしが再現した場合に、対応storeのHYBRID、複数検索器、またはManaged Knowledge Baseへ進みます。,"IMP(ATOM(lexical=true), AND(AND(ATOM(retrieval=true), ATOM(external_knowledge=true)), ATOM(bedrock_kb=true)))",IMPLIES,general_technical_claim,UNCLASSIFIED,10.1.3 (docs/10.AWSで設計・実装する/10.1.構成方式を選ぶ.md:38),SRC-179;SRC-005;SRC-178,UNVERIFIED_CANDIDATE_URL_ONLY,BACKGROUND_CITATION,bedrock_kb=true;external_knowledge=true;lexical=true;retrieval=true,,IMPLIES,REWRITE_REQUIRED,権威性=候補一次資料のみ; 直接性=locator未確認; 網羅性=関係IMPLIES自体の根拠未確認; 主張極性=BACKGROUND_CITATIONとして再分類; スコープ=PASS_AFTER_TEST_SCOPE_QUALIFICATION; モダリティ=PASS_AFTER_HYPOTHESIS_QUALIFIER; 教材妥当性=PASS_AS_EXPLICIT_TESTABLE_HYPOTHESIS; 形式化妥当性=FAIL_RELATION_IMPLIES。「固有名詞、製品コード、条文番号などで語彙一致の取りこぼしが再現した場合に、対応storeのHYBRID、複数検索器、またはManaged Knowledge B」は候補資料(SRC-179;SRC-005;SRC-178)に直接locatorがなく、一般的事実としてはFAIL_RELATION_IMPLIESが残る。原文の対象と作用を維持したまま、本ガイドの構成または対象データでの検証へスコープを限定すれば教材上の検討事項を保持できる。,,,UNVERIFIED,原文をrevised_sentenceへ置換し、対象データ、比較条件、観測指標、合否閾値を同じ節に追記する。検証後に限り事実表現へ戻し、意味を保存して再形式化する。,,,,,INCONCLUSIVE,NOT_APPLICABLE_UNPROVED,,,codex-independent-wave4,2026-08-15,INDEPENDENT_REVIEW_COMPLETE,PARTIAL_CANDIDATE_SOURCE_ONLY,FAIL_NO_DIRECT_LOCATOR,FAIL_RELATION_IMPLIES,BACKGROUND_CITATION,PASS_AFTER_TEST_SCOPE_QUALIFICATION,PASS_AFTER_HYPOTHESIS_QUALIFIER,PASS_AS_EXPLICIT_TESTABLE_HYPOTHESIS,FAIL_RELATION_IMPLIES
SENT-0136,52bebecfb2a435d0e7ff2efea557c5799674ded6,Knowledge Basesで選べるmodelとリージョンは対応embedding modelで確認します。,利用時点の対象リージョンの公式仕様で前提機能と制限を確認したうえで、Knowledge Basesで選べるmodelとリージョンは対応embedding modelで確認します。,"AND(AND(ATOM(external_knowledge=true), ATOM(bedrock_kb=true)), ATOM(embedding_model=true))",AND,externally_cited_claim,UNCLASSIFIED,10.2.1 (docs/10.AWSで設計・実装する/10.2.Embeddingとvector indexを設定する.md:7),SRC-180,UNVERIFIED_CANDIDATE_URL_ONLY,AUTHOR_CLAIM,bedrock_kb=true;embedding_model=true,external_knowledge=true,,REWRITE_REQUIRED,権威性=候補一次資料のみ; 直接性=locator未確認; 網羅性=未支持atom=external_knowledge=true; 主張極性=AUTHOR_CLAIMとして再分類; スコープ=PASS_AFTER_CONCRETE_VERSION_OR_EXPERIMENT_SCOPE; モダリティ=PASS_AFTER_CONDITIONAL_OR_REPRODUCTION_WORDING; 教材妥当性=PASS_AFTER_CONCRETE_VERSION_OR_EXPERIMENT_QUALIFIER; 形式化妥当性=FAIL_UNSUPPORTED_ATOMS:external_knowledge=true。「Knowledge Basesで選べるmodelとリージョンは対応embedding modelで確認します。」の候補資料(SRC-180)はURL単位で、節・ページ・表・API見出しを独立に確認できていない。現文のFAIL_UNSUPPORTED_ATOMS:external_knowledge=true、版・実験条件、資料内極性を断定せず、具体的な製品前提・ローカル定義・再現試験へ限定すれば教材内容を保持できる。,,,UNVERIFIED,原文をrevised_sentenceの具体文へ置換する。製品文は利用時点のregion/versionを受入条件へ追加し、研究文は同じ指標・比較条件で再現確認する。事実表現へ戻す場合は直接locatorを再監査する。,,,,,INCONCLUSIVE,NOT_APPLICABLE_UNPROVED,,,codex-independent-wave4,2026-08-15,INDEPENDENT_REVIEW_COMPLETE,PARTIAL_CANDIDATE_SOURCE_ONLY,FAIL_NO_DIRECT_LOCATOR,FAIL_UNSUPPORTED_ATOMS:external_knowledge=true,AUTHOR_CLAIM,PASS_AFTER_CONCRETE_VERSION_OR_EXPERIMENT_SCOPE,PASS_AFTER_CONDITIONAL_OR_REPRODUCTION_WORDING,PASS_AFTER_CONCRETE_VERSION_OR_EXPERIMENT_QUALIFIER,FAIL_UNSUPPORTED_ATOMS:external_knowledge=true
SENT-0137,52bebecfb2a435d0e7ff2efea557c5799674ded6,日本語を含む場合は、Cohere Embed Multilingual v3を比較対象に含めます。,利用時点の対象リージョンの公式仕様で前提機能と制限を確認したうえで、日本語を含む場合は、Cohere Embed Multilingual v3を比較対象に含めます。,UNFORMALIZED,UNFORMALIZED,official_product_contract,UNCLASSIFIED,10.2.1 (docs/10.AWSで設計・実装する/10.2.Embeddingとvector indexを設定する.md:7),SRC-180,UNVERIFIED_CANDIDATE_URL_ONLY,DEFINITION_OR_SPEC,,,,REWRITE_REQUIRED,権威性=候補一次資料のみ; 直接性=locator未確認; 網羅性=未支持atom=none-explicit; 主張極性=DEFINITION_OR_SPECとして再分類; スコープ=PASS_AFTER_CONCRETE_VERSION_OR_EXPERIMENT_SCOPE; モダリティ=PASS_AFTER_CONDITIONAL_OR_REPRODUCTION_WORDING; 教材妥当性=PASS_AFTER_CONCRETE_VERSION_OR_EXPERIMENT_QUALIFIER; 形式化妥当性=FAIL_UNFORMALIZED。「日本語を含む場合は、Cohere Embed Multilingual v3を比較対象に含めます。」の候補資料(SRC-180)はURL単位で、節・ページ・表・API見出しを独立に確認できていない。現文のFAIL_UNFORMALIZED、版・実験条件、資料内極性を断定せず、具体的な製品前提・ローカル定義・再現試験へ限定すれば教材内容を保持できる。,,,UNVERIFIED,原文をrevised_sentenceの具体文へ置換する。製品文は利用時点のregion/versionを受入条件へ追加し、研究文は同じ指標・比較条件で再現確認する。事実表現へ戻す場合は直接locatorを再監査する。,,,,,INCONCLUSIVE,NOT_APPLICABLE_UNPROVED,,,codex-independent-wave4,2026-08-15,INDEPENDENT_REVIEW_COMPLETE,PARTIAL_CANDIDATE_SOURCE_ONLY,FAIL_NO_DIRECT_LOCATOR,FAIL_UNFORMALIZED,DEFINITION_OR_SPEC,PASS_AFTER_CONCRETE_VERSION_OR_EXPERIMENT_SCOPE,PASS_AFTER_CONDITIONAL_OR_REPRODUCTION_WORDING,PASS_AFTER_CONCRETE_VERSION_OR_EXPERIMENT_QUALIFIER,FAIL_UNFORMALIZED
SENT-0138,52bebecfb2a435d0e7ff2efea557c5799674ded6,Titan Text Embeddings V2も候補にし、日本語のgold queryでRecall@kを直接比較します。,利用時点の対象リージョンの公式仕様で前提機能と制限を確認したうえで、Titan Text Embeddings V2も候補にし、日本語のgold queryでRecall@kを直接比較します。,"AND(ATOM(recall_metric=true), ATOM(embedding_model=true))",AND,official_product_contract,UNCLASSIFIED,10.2.1 (docs/10.AWSで設計・実装する/10.2.Embeddingとvector indexを設定する.md:7),SRC-180,UNVERIFIED_CANDIDATE_URL_ONLY,DEFINITION_OR_SPEC,embedding_model=true,recall_metric=true,,REWRITE_REQUIRED,権威性=候補一次資料のみ; 直接性=locator未確認; 網羅性=未支持atom=recall_metric=true; 主張極性=DEFINITION_OR_SPECとして再分類; スコープ=PASS_AFTER_CONCRETE_VERSION_OR_EXPERIMENT_SCOPE; モダリティ=PASS_AFTER_CONDITIONAL_OR_REPRODUCTION_WORDING; 教材妥当性=PASS_AFTER_CONCRETE_VERSION_OR_EXPERIMENT_QUALIFIER; 形式化妥当性=FAIL_UNSUPPORTED_ATOMS:recall_metric=true。「Titan Text Embeddings V2も候補にし、日本語のgold queryでRecall@kを直接比較します。」の候補資料(SRC-180)はURL単位で、節・ページ・表・API見出しを独立に確認できていない。現文のFAIL_UNSUPPORTED_ATOMS:recall_metric=true、版・実験条件、資料内極性を断定せず、具体的な製品前提・ローカル定義・再現試験へ限定すれば教材内容を保持できる。,,,UNVERIFIED,原文をrevised_sentenceの具体文へ置換する。製品文は利用時点のregion/versionを受入条件へ追加し、研究文は同じ指標・比較条件で再現確認する。事実表現へ戻す場合は直接locatorを再監査する。,,,,,INCONCLUSIVE,NOT_APPLICABLE_UNPROVED,,,codex-independent-wave4,2026-08-15,INDEPENDENT_REVIEW_COMPLETE,PARTIAL_CANDIDATE_SOURCE_ONLY,FAIL_NO_DIRECT_LOCATOR,FAIL_UNSUPPORTED_ATOMS:recall_metric=true,DEFINITION_OR_SPEC,PASS_AFTER_CONCRETE_VERSION_OR_EXPERIMENT_SCOPE,PASS_AFTER_CONDITIONAL_OR_REPRODUCTION_WORDING,PASS_AFTER_CONCRETE_VERSION_OR_EXPERIMENT_QUALIFIER,FAIL_UNSUPPORTED_ATOMS:recall_metric=true
SENT-0141,52bebecfb2a435d0e7ff2efea557c5799674ded6,Amazon Titan Text Embeddings V2は、Knowledge Basesで1024、512、256次元を選べます。,利用時点の対象リージョンの公式仕様で、Amazon Titan Text Embeddings V2がKnowledge Basesで1024、512、256次元に対応することを確認できた場合に限り、その機能を採用します。,"AND(AND(AND(ATOM(external_knowledge=true), ATOM(bedrock_kb=true)), ATOM(embedding_model=true)), ATOM(dimension_contract=true))",AND,official_product_contract,UNCLASSIFIED,10.2.2 (docs/10.AWSで設計・実装する/10.2.Embeddingとvector indexを設定する.md:11),SRC-181;SRC-182,UNVERIFIED_CANDIDATE_URL_ONLY,DEFINITION_OR_SPEC,bedrock_kb=true;dimension_contract=true;embedding_model=true,external_knowledge=true,,REWRITE_REQUIRED,権威性=候補一次資料のみ; 直接性=locator未確認; 網羅性=未支持atom=external_knowledge=true; 主張極性=DEFINITION_OR_SPECとして再分類; スコープ=PASS_AFTER_CONCRETE_VERSION_OR_EXPERIMENT_SCOPE; モダリティ=PASS_AFTER_CONDITIONAL_OR_REPRODUCTION_WORDING; 教材妥当性=PASS_AFTER_CONCRETE_VERSION_OR_EXPERIMENT_QUALIFIER; 形式化妥当性=FAIL_UNSUPPORTED_ATOMS:external_knowledge=true。「Amazon Titan Text Embeddings V2は、Knowledge Basesで1024、512、256次元を選べます。」の候補資料(SRC-181;SRC-182)はURL単位で、節・ページ・表・API見出しを独立に確認できていない。現文のFAIL_UNSUPPORTED_ATOMS:external_knowledge=true、版・実験条件、資料内極性を断定せず、具体的な製品前提・ローカル定義・再現試験へ限定すれば教材内容を保持できる。,,,UNVERIFIED,原文をrevised_sentenceの具体文へ置換する。製品文は利用時点のregion/versionを受入条件へ追加し、研究文は同じ指標・比較条件で再現確認する。事実表現へ戻す場合は直接locatorを再監査する。,,,,,INCONCLUSIVE,NOT_APPLICABLE_UNPROVED,,,codex-independent-wave4,2026-08-15,INDEPENDENT_REVIEW_COMPLETE,PARTIAL_CANDIDATE_SOURCE_ONLY,FAIL_NO_DIRECT_LOCATOR,FAIL_UNSUPPORTED_ATOMS:external_knowledge=true,DEFINITION_OR_SPEC,PASS_AFTER_CONCRETE_VERSION_OR_EXPERIMENT_SCOPE,PASS_AFTER_CONDITIONAL_OR_REPRODUCTION_WORDING,PASS_AFTER_CONCRETE_VERSION_OR_EXPERIMENT_QUALIFIER,FAIL_UNSUPPORTED_ATOMS:external_knowledge=true
SENT-0150,52bebecfb2a435d0e7ff2efea557c5799674ded6,Titan Text Embeddings V2の1024次元、正規化済みfloat vectorを使う、S3 Vector index単体の初期例は次のとおりです。,利用時点の対象リージョンの公式仕様で前提機能と制限を確認したうえで、Titan Text Embeddings V2の1024次元、正規化済みfloat vectorを使う、S3 Vector index単体の初期例は次のとおりです。,"AND(AND(ATOM(s3_vectors=true), ATOM(embedding_model=true)), ATOM(dimension_contract=true))",AND,official_product_contract,UNCLASSIFIED,10.2.3 (docs/10.AWSで設計・実装する/10.2.Embeddingとvector indexを設定する.md:23),SRC-183,UNVERIFIED_CANDIDATE_URL_ONLY,DEFINITION_OR_SPEC,dimension_contract=true;s3_vectors=true,embedding_model=true,,REWRITE_REQUIRED,権威性=候補一次資料のみ; 直接性=locator未確認; 網羅性=未支持atom=embedding_model=true; 主張極性=DEFINITION_OR_SPECとして再分類; スコープ=PASS_AFTER_CONCRETE_VERSION_OR_EXPERIMENT_SCOPE; モダリティ=PASS_AFTER_CONDITIONAL_OR_REPRODUCTION_WORDING; 教材妥当性=PASS_AFTER_CONCRETE_VERSION_OR_EXPERIMENT_QUALIFIER; 形式化妥当性=FAIL_UNSUPPORTED_ATOMS:embedding_model=true。「Titan Text Embeddings V2の1024次元、正規化済みfloat vectorを使う、S3 Vector index単体の初期例は次のとおり」の候補資料(SRC-183)はURL単位で、節・ページ・表・API見出しを独立に確認できていない。現文のFAIL_UNSUPPORTED_ATOMS:embedding_model=true、版・実験条件、資料内極性を断定せず、具体的な製品前提・ローカル定義・再現試験へ限定すれば教材内容を保持できる。,,,UNVERIFIED,原文をrevised_sentenceの具体文へ置換する。製品文は利用時点のregion/versionを受入条件へ追加し、研究文は同じ指標・比較条件で再現確認する。事実表現へ戻す場合は直接locatorを再監査する。,,,,,INCONCLUSIVE,NOT_APPLICABLE_UNPROVED,,,codex-independent-wave4,2026-08-15,INDEPENDENT_REVIEW_COMPLETE,PARTIAL_CANDIDATE_SOURCE_ONLY,FAIL_NO_DIRECT_LOCATOR,FAIL_UNSUPPORTED_ATOMS:embedding_model=true,DEFINITION_OR_SPEC,PASS_AFTER_CONCRETE_VERSION_OR_EXPERIMENT_SCOPE,PASS_AFTER_CONDITIONAL_OR_REPRODUCTION_WORDING,PASS_AFTER_CONCRETE_VERSION_OR_EXPERIMENT_QUALIFIER,FAIL_UNSUPPORTED_ATOMS:embedding_model=true
SENT-0152,52bebecfb2a435d0e7ff2efea557c5799674ded6,S3 Vector indexの設定に従い、正規化vectorにはcosineを初期値とし、magnitudeも意味を持つmodelではeuclideanを比較します。,本ガイドの基本構成では、S3 Vector indexの設定に従い、正規化vectorにはcosineを初期値とし、magnitudeも意味を持つmodelではeuclideanを比較します。,"AND(ATOM(cosine_compatible=true), ATOM(s3_vectors=true))",AND,externally_cited_claim,UNCLASSIFIED,10.2.3 (docs/10.AWSで設計・実装する/10.2.Embeddingとvector indexを設定する.md:36),SRC-183,UNVERIFIED_CANDIDATE_URL_ONLY,AUTHOR_CLAIM,s3_vectors=true,cosine_compatible=true,,REWRITE_REQUIRED,権威性=候補一次資料のみ; 直接性=locator未確認; 網羅性=未支持atom=cosine_compatible=true; 主張極性=AUTHOR_CLAIMとして再分類; スコープ=PASS_AFTER_CONCRETE_VERSION_OR_EXPERIMENT_SCOPE; モダリティ=PASS_AFTER_CONDITIONAL_OR_REPRODUCTION_WORDING; 教材妥当性=PASS_AFTER_CONCRETE_VERSION_OR_EXPERIMENT_QUALIFIER; 形式化妥当性=FAIL_UNSUPPORTED_ATOMS:cosine_compatible=true。「S3 Vector indexの設定に従い、正規化vectorにはcosineを初期値とし、magnitudeも意味を持つmodelではeuclideanを比較」の候補資料(SRC-183)はURL単位で、節・ページ・表・API見出しを独立に確認できていない。現文のFAIL_UNSUPPORTED_ATOMS:cosine_compatible=true、版・実験条件、資料内極性を断定せず、具体的な製品前提・ローカル定義・再現試験へ限定すれば教材内容を保持できる。,,,UNVERIFIED,原文をrevised_sentenceの具体文へ置換する。製品文は利用時点のregion/versionを受入条件へ追加し、研究文は同じ指標・比較条件で再現確認する。事実表現へ戻す場合は直接locatorを再監査する。,,,,,INCONCLUSIVE,NOT_APPLICABLE_UNPROVED,,,codex-independent-wave4,2026-08-15,INDEPENDENT_REVIEW_COMPLETE,PARTIAL_CANDIDATE_SOURCE_ONLY,FAIL_NO_DIRECT_LOCATOR,FAIL_UNSUPPORTED_ATOMS:cosine_compatible=true,AUTHOR_CLAIM,PASS_AFTER_CONCRETE_VERSION_OR_EXPERIMENT_SCOPE,PASS_AFTER_CONDITIONAL_OR_REPRODUCTION_WORDING,PASS_AFTER_CONCRETE_VERSION_OR_EXPERIMENT_QUALIFIER,FAIL_UNSUPPORTED_ATOMS:cosine_compatible=true
SENT-0153,52bebecfb2a435d0e7ff2efea557c5799674ded6,Knowledge BasesとS3 Vectorsを組み合わせる場合、custom metadataはvector当たり1 KB、35 keyまでです。,利用時点の対象リージョンの公式仕様で前提機能と制限を確認したうえで、Knowledge BasesとS3 Vectorsを組み合わせる場合、custom metadataはvector当たり1 KB、35 keyまでです。,UNFORMALIZED,UNFORMALIZED,official_product_contract,UNCLASSIFIED,10.2.3 (docs/10.AWSで設計・実装する/10.2.Embeddingとvector indexを設定する.md:36),SRC-183,UNVERIFIED_CANDIDATE_URL_ONLY,DEFINITION_OR_SPEC,,,,REWRITE_REQUIRED,権威性=候補一次資料のみ; 直接性=locator未確認; 網羅性=未支持atom=none-explicit; 主張極性=DEFINITION_OR_SPECとして再分類; スコープ=PASS_AFTER_CONCRETE_VERSION_OR_EXPERIMENT_SCOPE; モダリティ=PASS_AFTER_CONDITIONAL_OR_REPRODUCTION_WORDING; 教材妥当性=PASS_AFTER_CONCRETE_VERSION_OR_EXPERIMENT_QUALIFIER; 形式化妥当性=FAIL_UNFORMALIZED。「Knowledge BasesとS3 Vectorsを組み合わせる場合、custom metadataはvector当たり1 KB、35 keyまでです。」の候補資料(SRC-183)はURL単位で、節・ページ・表・API見出しを独立に確認できていない。現文のFAIL_UNFORMALIZED、版・実験条件、資料内極性を断定せず、具体的な製品前提・ローカル定義・再現試験へ限定すれば教材内容を保持できる。,,,UNVERIFIED,原文をrevised_sentenceの具体文へ置換する。製品文は利用時点のregion/versionを受入条件へ追加し、研究文は同じ指標・比較条件で再現確認する。事実表現へ戻す場合は直接locatorを再監査する。,,,,,INCONCLUSIVE,NOT_APPLICABLE_UNPROVED,,,codex-independent-wave4,2026-08-15,INDEPENDENT_REVIEW_COMPLETE,PARTIAL_CANDIDATE_SOURCE_ONLY,FAIL_NO_DIRECT_LOCATOR,FAIL_UNFORMALIZED,DEFINITION_OR_SPEC,PASS_AFTER_CONCRETE_VERSION_OR_EXPERIMENT_SCOPE,PASS_AFTER_CONDITIONAL_OR_REPRODUCTION_WORDING,PASS_AFTER_CONCRETE_VERSION_OR_EXPERIMENT_QUALIFIER,FAIL_UNFORMALIZED
SENT-0155,52bebecfb2a435d0e7ff2efea557c5799674ded6,Knowledge Basesへ既存indexを接続するときは、embeddingのdimensionとindexのdimensionが一致することを確認します。,利用時点の対象リージョンの公式仕様で前提機能と制限を確認したうえで、Knowledge Basesへ既存indexを接続するときは、embeddingのdimensionとindexのdimensionが一致することを確認します。,"IMP(AND(ATOM(external_knowledge=true), ATOM(bedrock_kb=true)), ATOM(dimension_contract=true))",IMPLIES,official_product_contract,UNCLASSIFIED,10.2.3 (docs/10.AWSで設計・実装する/10.2.Embeddingとvector indexを設定する.md:38),SRC-183,UNVERIFIED_CANDIDATE_URL_ONLY,DEFINITION_OR_SPEC,dimension_contract=true,bedrock_kb=true;external_knowledge=true,IMPLIES,REWRITE_REQUIRED,権威性=候補一次資料のみ; 直接性=locator未確認; 網羅性=関係IMPLIES自体の根拠未確認; 主張極性=DEFINITION_OR_SPECとして再分類; スコープ=PASS_AFTER_CONCRETE_VERSION_OR_EXPERIMENT_SCOPE; モダリティ=PASS_AFTER_CONDITIONAL_OR_REPRODUCTION_WORDING; 教材妥当性=PASS_AFTER_CONCRETE_VERSION_OR_EXPERIMENT_QUALIFIER; 形式化妥当性=FAIL_RELATION_IMPLIES。「Knowledge Basesへ既存indexを接続するときは、embeddingのdimensionとindexのdimensionが一致することを確認します」の候補資料(SRC-183)はURL単位で、節・ページ・表・API見出しを独立に確認できていない。現文のFAIL_RELATION_IMPLIES、版・実験条件、資料内極性を断定せず、具体的な製品前提・ローカル定義・再現試験へ限定すれば教材内容を保持できる。,,,UNVERIFIED,原文をrevised_sentenceの具体文へ置換する。製品文は利用時点のregion/versionを受入条件へ追加し、研究文は同じ指標・比較条件で再現確認する。事実表現へ戻す場合は直接locatorを再監査する。,,,,,INCONCLUSIVE,NOT_APPLICABLE_UNPROVED,,,codex-independent-wave4,2026-08-15,INDEPENDENT_REVIEW_COMPLETE,PARTIAL_CANDIDATE_SOURCE_ONLY,FAIL_NO_DIRECT_LOCATOR,FAIL_RELATION_IMPLIES,DEFINITION_OR_SPEC,PASS_AFTER_CONCRETE_VERSION_OR_EXPERIMENT_SCOPE,PASS_AFTER_CONDITIONAL_OR_REPRODUCTION_WORDING,PASS_AFTER_CONCRETE_VERSION_OR_EXPERIMENT_QUALIFIER,FAIL_RELATION_IMPLIES
SENT-0156,52bebecfb2a435d0e7ff2efea557c5799674ded6,OpenSearch Serverlessを接続する場合は、vector field、filterableなtext field、filter対象のmetadata field、Bedrockが管理するmetadata fieldの名前も接続設定と同じmanifestへ記録します。,利用時点の対象リージョンの公式仕様で前提機能と制限を確認したうえで、OpenSearch Serverlessを接続する場合は、vector field、filterableなtext field、filter対象のmetadata field、Bedrockが管理するmetadata fieldの名前も接続設定と同じmanifestへ記録します。,"IMP(ATOM(opensearch=true), ATOM(bedrock_kb=true))",IMPLIES,official_product_contract,UNCLASSIFIED,10.2.3 (docs/10.AWSで設計・実装する/10.2.Embeddingとvector indexを設定する.md:38),SRC-180;SRC-181;SRC-182,UNVERIFIED_CANDIDATE_URL_ONLY,DEFINITION_OR_SPEC,bedrock_kb=true,opensearch=true,IMPLIES,REWRITE_REQUIRED,権威性=候補一次資料のみ; 直接性=locator未確認; 網羅性=関係IMPLIES自体の根拠未確認; 主張極性=DEFINITION_OR_SPECとして再分類; スコープ=PASS_AFTER_CONCRETE_VERSION_OR_EXPERIMENT_SCOPE; モダリティ=PASS_AFTER_CONDITIONAL_OR_REPRODUCTION_WORDING; 教材妥当性=PASS_AFTER_CONCRETE_VERSION_OR_EXPERIMENT_QUALIFIER; 形式化妥当性=FAIL_RELATION_IMPLIES。「OpenSearch Serverlessを接続する場合は、vector field、filterableなtext field、filter対象のmetada」の候補資料(SRC-180;SRC-181;SRC-182)はURL単位で、節・ページ・表・API見出しを独立に確認できていない。現文のFAIL_RELATION_IMPLIES、版・実験条件、資料内極性を断定せず、具体的な製品前提・ローカル定義・再現試験へ限定すれば教材内容を保持できる。,,,UNVERIFIED,原文をrevised_sentenceの具体文へ置換する。製品文は利用時点のregion/versionを受入条件へ追加し、研究文は同じ指標・比較条件で再現確認する。事実表現へ戻す場合は直接locatorを再監査する。,,,,,INCONCLUSIVE,NOT_APPLICABLE_UNPROVED,,,codex-independent-wave4,2026-08-15,INDEPENDENT_REVIEW_COMPLETE,PARTIAL_CANDIDATE_SOURCE_ONLY,FAIL_NO_DIRECT_LOCATOR,FAIL_RELATION_IMPLIES,DEFINITION_OR_SPEC,PASS_AFTER_CONCRETE_VERSION_OR_EXPERIMENT_SCOPE,PASS_AFTER_CONDITIONAL_OR_REPRODUCTION_WORDING,PASS_AFTER_CONCRETE_VERSION_OR_EXPERIMENT_QUALIFIER,FAIL_RELATION_IMPLIES
SENT-0158,52bebecfb2a435d0e7ff2efea557c5799674ded6,標準経路は、S3 → Knowledge Bases data source sync → parser → chunking → embedding → vector storeです。,利用時点の対象リージョンで各サービス間の契約を確認し、構成経路を「標準経路は、S3 → Knowledge Bases data source sync → parser → chunking → embedding → vector storeです」とします。,"AND(AND(AND(ATOM(chunking=true), ATOM(external_knowledge=true)), ATOM(bedrock_kb=true)), ATOM(parsing=true))",AND,official_product_contract,UNCLASSIFIED,10.3.1 (docs/10.AWSで設計・実装する/10.3.取り込み経路を構成する.md:5),SRC-184,UNVERIFIED_CANDIDATE_URL_ONLY,DEFINITION_OR_SPEC,bedrock_kb=true;parsing=true,chunking=true;external_knowledge=true,,REWRITE_REQUIRED,権威性=候補一次資料のみ; 直接性=locator未確認; 網羅性=未支持atom=chunking=true;external_knowledge=true; 主張極性=DEFINITION_OR_SPECとして再分類; スコープ=PASS_AFTER_CONCRETE_VERSION_OR_EXPERIMENT_SCOPE; モダリティ=PASS_AFTER_CONDITIONAL_OR_REPRODUCTION_WORDING; 教材妥当性=PASS_AFTER_CONCRETE_VERSION_OR_EXPERIMENT_QUALIFIER; 形式化妥当性=FAIL_UNSUPPORTED_ATOMS:chunking=true;external_knowledge=true。「標準経路は、S3 → Knowledge Bases data source sync → parser → chunking → embedding → ve」の候補資料(SRC-184)はURL単位で、節・ページ・表・API見出しを独立に確認できていない。現文のFAIL_UNSUPPORTED_ATOMS:chunking=true;external_knowledge=true、版・実験条件、資料内極性を断定せず、具体的な製品前提・ローカル定義・再現試験へ限定すれば教材内容を保持できる。,,,UNVERIFIED,原文をrevised_sentenceの具体文へ置換する。製品文は利用時点のregion/versionを受入条件へ追加し、研究文は同じ指標・比較条件で再現確認する。事実表現へ戻す場合は直接locatorを再監査する。,,,,,INCONCLUSIVE,NOT_APPLICABLE_UNPROVED,,,codex-independent-wave4,2026-08-15,INDEPENDENT_REVIEW_COMPLETE,PARTIAL_CANDIDATE_SOURCE_ONLY,FAIL_NO_DIRECT_LOCATOR,FAIL_UNSUPPORTED_ATOMS:chunking=true;external_knowledge=true,DEFINITION_OR_SPEC,PASS_AFTER_CONCRETE_VERSION_OR_EXPERIMENT_SCOPE,PASS_AFTER_CONDITIONAL_OR_REPRODUCTION_WORDING,PASS_AFTER_CONCRETE_VERSION_OR_EXPERIMENT_QUALIFIER,FAIL_UNSUPPORTED_ATOMS:chunking=true;external_knowledge=true
SENT-0160,52bebecfb2a435d0e7ff2efea557c5799674ded6,表、図、複雑なlayoutを検索対象にする場合は、高度な文書解析のBedrock Data Automationまたはfoundation model parserを比較します。,利用時点の対象リージョンの公式仕様で前提機能と制限を確認したうえで、表、図、複雑なlayoutを検索対象にする場合は、高度な文書解析のBedrock Data Automationまたはfoundation model parserを比較します。,"IMP(ATOM(retrieval=true), AND(ATOM(bedrock_kb=true), ATOM(parsing=true)))",IMPLIES,externally_cited_claim,UNCLASSIFIED,10.3.1 (docs/10.AWSで設計・実装する/10.3.取り込み経路を構成する.md:5),SRC-184,UNVERIFIED_CANDIDATE_URL_ONLY,AUTHOR_CLAIM,bedrock_kb=true;parsing=true,retrieval=true,IMPLIES,REWRITE_REQUIRED,権威性=候補一次資料のみ; 直接性=locator未確認; 網羅性=関係IMPLIES自体の根拠未確認; 主張極性=AUTHOR_CLAIMとして再分類; スコープ=PASS_AFTER_CONCRETE_VERSION_OR_EXPERIMENT_SCOPE; モダリティ=PASS_AFTER_CONDITIONAL_OR_REPRODUCTION_WORDING; 教材妥当性=PASS_AFTER_CONCRETE_VERSION_OR_EXPERIMENT_QUALIFIER; 形式化妥当性=FAIL_RELATION_IMPLIES。「表、図、複雑なlayoutを検索対象にする場合は、高度な文書解析のBedrock Data Automationまたはfoundation model pars」の候補資料(SRC-184)はURL単位で、節・ページ・表・API見出しを独立に確認できていない。現文のFAIL_RELATION_IMPLIES、版・実験条件、資料内極性を断定せず、具体的な製品前提・ローカル定義・再現試験へ限定すれば教材内容を保持できる。,,,UNVERIFIED,原文をrevised_sentenceの具体文へ置換する。製品文は利用時点のregion/versionを受入条件へ追加し、研究文は同じ指標・比較条件で再現確認する。事実表現へ戻す場合は直接locatorを再監査する。,,,,,INCONCLUSIVE,NOT_APPLICABLE_UNPROVED,,,codex-independent-wave4,2026-08-15,INDEPENDENT_REVIEW_COMPLETE,PARTIAL_CANDIDATE_SOURCE_ONLY,FAIL_NO_DIRECT_LOCATOR,FAIL_RELATION_IMPLIES,AUTHOR_CLAIM,PASS_AFTER_CONCRETE_VERSION_OR_EXPERIMENT_SCOPE,PASS_AFTER_CONDITIONAL_OR_REPRODUCTION_WORDING,PASS_AFTER_CONCRETE_VERSION_OR_EXPERIMENT_QUALIFIER,FAIL_RELATION_IMPLIES
SENT-0163,52bebecfb2a435d0e7ff2efea557c5799674ded6,標準処理で出典位置や業務上の検索単位を保てない場合は、custom transformation Lambdaでchunkとmetadataを返します。,本ガイドでは、custom transformation Lambdaでchunkとmetadataを返します。,NOT(ATOM(retrieval=true)),NOT,externally_cited_claim,ない,10.3.1 (docs/10.AWSで設計・実装する/10.3.取り込み経路を構成する.md:7),SRC-185,UNVERIFIED_CANDIDATE_URL_ONLY,AUTHOR_CLAIM,,retrieval=true,NOT,REWRITE_REQUIRED,権威性=候補一次資料のみ; 直接性=locator未確認; 網羅性=関係NOT自体の根拠未確認; 主張極性=AUTHOR_CLAIMとして再分類; スコープ=PASS_AFTER_CONCRETE_VERSION_OR_EXPERIMENT_SCOPE; モダリティ=PASS_AFTER_CONDITIONAL_OR_REPRODUCTION_WORDING; 教材妥当性=PASS_AFTER_CONCRETE_VERSION_OR_EXPERIMENT_QUALIFIER; 形式化妥当性=FAIL_RELATION_NOT。「標準処理で出典位置や業務上の検索単位を保てない場合は、custom transformation Lambdaでchunkとmetadataを返します。」の候補資料(SRC-185)はURL単位で、節・ページ・表・API見出しを独立に確認できていない。現文のFAIL_RELATION_NOT、版・実験条件、資料内極性を断定せず、具体的な製品前提・ローカル定義・再現試験へ限定すれば教材内容を保持できる。,,,UNVERIFIED,原文をrevised_sentenceの具体文へ置換する。製品文は利用時点のregion/versionを受入条件へ追加し、研究文は同じ指標・比較条件で再現確認する。事実表現へ戻す場合は直接locatorを再監査する。,,,,,INCONCLUSIVE,NOT_APPLICABLE_UNPROVED,,,codex-independent-wave4,2026-08-15,INDEPENDENT_REVIEW_COMPLETE,PARTIAL_CANDIDATE_SOURCE_ONLY,FAIL_NO_DIRECT_LOCATOR,FAIL_RELATION_NOT,AUTHOR_CLAIM,PASS_AFTER_CONCRETE_VERSION_OR_EXPERIMENT_SCOPE,PASS_AFTER_CONDITIONAL_OR_REPRODUCTION_WORDING,PASS_AFTER_CONCRETE_VERSION_OR_EXPERIMENT_QUALIFIER,FAIL_RELATION_NOT
SENT-0164,52bebecfb2a435d0e7ff2efea557c5799674ded6,Knowledge Basesのchunkingでは、default、fixed-size、hierarchical、semantic、no chunkingを選べます。,利用時点の対象リージョンの公式仕様で、Knowledge Basesのchunkingがdefault、fixed-size、hierarchical、semantic、no chunkingに対応することを確認できた場合に限り、その機能を採用します。,"AND(AND(AND(ATOM(chunking=true), ATOM(external_knowledge=true)), ATOM(fault_tolerance=true)), ATOM(bedrock_kb=true))",AND,externally_cited_claim,UNCLASSIFIED,10.3.2 (docs/10.AWSで設計・実装する/10.3.取り込み経路を構成する.md:11),SRC-186,UNVERIFIED_CANDIDATE_URL_ONLY,AUTHOR_CLAIM,bedrock_kb=true;chunking=true,external_knowledge=true;fault_tolerance=true,,REWRITE_REQUIRED,権威性=候補一次資料のみ; 直接性=locator未確認; 網羅性=未支持atom=external_knowledge=true;fault_tolerance=true; 主張極性=AUTHOR_CLAIMとして再分類; スコープ=PASS_AFTER_CONCRETE_VERSION_OR_EXPERIMENT_SCOPE; モダリティ=PASS_AFTER_CONDITIONAL_OR_REPRODUCTION_WORDING; 教材妥当性=PASS_AFTER_CONCRETE_VERSION_OR_EXPERIMENT_QUALIFIER; 形式化妥当性=FAIL_UNSUPPORTED_ATOMS:external_knowledge=true;fault_tolerance=true。「Knowledge Basesのchunkingでは、default、fixed-size、hierarchical、semantic、no chunkingを」の候補資料(SRC-186)はURL単位で、節・ページ・表・API見出しを独立に確認できていない。現文のFAIL_UNSUPPORTED_ATOMS:external_knowledge=true;fault_tolerance=true、版・実験条件、資料内極性を断定せず、具体的な製品前提・ローカル定義・再現試験へ限定すれば教材内容を保持できる。,,,UNVERIFIED,原文をrevised_sentenceの具体文へ置換する。製品文は利用時点のregion/versionを受入条件へ追加し、研究文は同じ指標・比較条件で再現確認する。事実表現へ戻す場合は直接locatorを再監査する。,,,,,INCONCLUSIVE,NOT_APPLICABLE_UNPROVED,,,codex-independent-wave4,2026-08-15,INDEPENDENT_REVIEW_COMPLETE,PARTIAL_CANDIDATE_SOURCE_ONLY,FAIL_NO_DIRECT_LOCATOR,FAIL_UNSUPPORTED_ATOMS:external_knowledge=true;fault_tolerance=true,AUTHOR_CLAIM,PASS_AFTER_CONCRETE_VERSION_OR_EXPERIMENT_SCOPE,PASS_AFTER_CONDITIONAL_OR_REPRODUCTION_WORDING,PASS_AFTER_CONCRETE_VERSION_OR_EXPERIMENT_QUALIFIER,FAIL_UNSUPPORTED_ATOMS:external_knowledge=true;fault_tolerance=true
SENT-0166,52bebecfb2a435d0e7ff2efea557c5799674ded6,overlapは0%と10%程度を比較し、境界をまたぐ正解根拠のRecallと重複率で選びます。,overlapは0%と10%程度を比較し、境界をまたぐ正解根拠のRecallと重複率で選びます。,"AND(ATOM(evidence_support=true), ATOM(recall_metric=true))",AND,empirical_or_research_claim,UNCLASSIFIED,10.3.2 (docs/10.AWSで設計・実装する/10.3.取り込み経路を構成する.md:11),SRC-186,NOT_APPLICABLE_LOCAL_NORM,HYPOTHESIS,,evidence_support=true;recall_metric=true,,APPROPRIATE_NORMATIVE,権威性=候補一次資料のみ; 直接性=locator未確認; 網羅性=未支持atom=evidence_support=true;recall_metric=true; 主張極性=HYPOTHESISとして再分類; スコープ=PASS_LOCAL_DESIGN_POLICY; モダリティ=PASS_AS_DISCLOSED_NORMATIVE_RULE; 教材妥当性=PASS_AFTER_EXPLICIT_CRITERIA_AND_EXCEPTION; 形式化妥当性=FAIL_UNSUPPORTED_ATOMS:evidence_support=true;recall_metric=true。「overlapは0%と10%程度を比較し、境界をまたぐ正解根拠のRecallと重複率で選びます。」は外的真偽の断定ではなく、対象・処理・判断を特定した設計・運用上の選択規則として読める。ただし候補資料(SRC-186)はURL単位で、直接locatorは未確認。規範の判断基準と例外を明示すれば教材として採用できる。形式面ではFAIL_UNSUPPORTED_ATOMS:evidence_support=true;recall_metric=trueを別途解消する必要がある。,対象データ・負荷・モデルで比較し、品質指標、p95遅延、費用の受入閾値を事前に定義すること,数値は初期候補とし、データ量、モデル、リージョン、負荷が異なる場合は再測定して変更する,NOT_APPLICABLE,本文は維持し、節内に判断基準「対象データ・負荷・モデルで比較し、品質指標、p95遅延、費用の受入閾値を事前に定義すること」と例外「数値は初期候補とし、データ量、モデル、リージョン、負荷が異なる場合は再測定して変更する」を明記する。経験的な効果保証とは分離し、意味を保存して再形式化する。,,,,,INCONCLUSIVE,NOT_APPLICABLE_UNPROVED,,,codex-independent-wave4,2026-08-15,INDEPENDENT_REVIEW_COMPLETE,PARTIAL_CANDIDATE_SOURCE_ONLY,FAIL_NO_DIRECT_LOCATOR,FAIL_UNSUPPORTED_ATOMS:evidence_support=true;recall_metric=true,HYPOTHESIS,PASS_LOCAL_DESIGN_POLICY,PASS_AS_DISCLOSED_NORMATIVE_RULE,PASS_AFTER_EXPLICIT_CRITERIA_AND_EXCEPTION,FAIL_UNSUPPORTED_ATOMS:evidence_support=true;recall_metric=true
SENT-0171,52bebecfb2a435d0e7ff2efea557c5799674ded6,親子関係はmetadataを増やすため、S3 Vectorsでは1 KBのcustom metadata上限を超えないことを先に確認します。,利用時点の対象リージョンの公式仕様で前提機能と制限を確認したうえで、親子関係はmetadataを増やすため、S3 Vectorsでは1 KBのcustom metadata上限を超えないことを先に確認します。,NOT(ATOM(s3_vectors=true)),NOT,official_product_contract,ない,10.3.2 (docs/10.AWSで設計・実装する/10.3.取り込み経路を構成する.md:15),SRC-179;SRC-183;SRC-189,UNVERIFIED_CANDIDATE_URL_ONLY,DEFINITION_OR_SPEC,s3_vectors=true,,NOT,REWRITE_REQUIRED,権威性=候補一次資料のみ; 直接性=locator未確認; 網羅性=関係NOT自体の根拠未確認; 主張極性=DEFINITION_OR_SPECとして再分類; スコープ=PASS_AFTER_CONCRETE_VERSION_OR_EXPERIMENT_SCOPE; モダリティ=PASS_AFTER_CONDITIONAL_OR_REPRODUCTION_WORDING; 教材妥当性=PASS_AFTER_CONCRETE_VERSION_OR_EXPERIMENT_QUALIFIER; 形式化妥当性=FAIL_RELATION_NOT。「親子関係はmetadataを増やすため、S3 Vectorsでは1 KBのcustom metadata上限を超えないことを先に確認します。」の候補資料(SRC-179;SRC-183;SRC-189)はURL単位で、節・ページ・表・API見出しを独立に確認できていない。現文のFAIL_RELATION_NOT、版・実験条件、資料内極性を断定せず、具体的な製品前提・ローカル定義・再現試験へ限定すれば教材内容を保持できる。,,,UNVERIFIED,原文をrevised_sentenceの具体文へ置換する。製品文は利用時点のregion/versionを受入条件へ追加し、研究文は同じ指標・比較条件で再現確認する。事実表現へ戻す場合は直接locatorを再監査する。,,,,,INCONCLUSIVE,NOT_APPLICABLE_UNPROVED,,,codex-independent-wave4,2026-08-15,INDEPENDENT_REVIEW_COMPLETE,PARTIAL_CANDIDATE_SOURCE_ONLY,FAIL_NO_DIRECT_LOCATOR,FAIL_RELATION_NOT,DEFINITION_OR_SPEC,PASS_AFTER_CONCRETE_VERSION_OR_EXPERIMENT_SCOPE,PASS_AFTER_CONDITIONAL_OR_REPRODUCTION_WORDING,PASS_AFTER_CONCRETE_VERSION_OR_EXPERIMENT_QUALIFIER,FAIL_RELATION_NOT
SENT-0177,52bebecfb2a435d0e7ff2efea557c5799674ded6,対象document数、生成chunk数、parse失敗、metadata欠損、削除反映、固定queryのRecallを記録し、[Publish前ゲート](../3.回答に使う資料を準備する/3.8.Publish前ゲート.md)と[Pre-retrieval・Batch評価](../7.品質を評価し改善する/7.3.Pre-retrieval・Batch評価.md)の基準を満たしたindexだけを検索先にします。,対象document数、生成chunk数、parse失敗、metadata欠損、削除反映、固定queryのRecallを記録し、[Publish前ゲート](../3.回答に使う資料を準備する/3.8.Publish前ゲート.md)と[Pre-retrieval・Batch評価](../7.品質を評価し改善する/7.3.Pre-retrieval・Batch評価.md)の基準を満たしたindexだけを検索先にします。,"AND(AND(AND(AND(AND(ATOM(retrieval=true), ATOM(generation=true)), ATOM(evaluation=true)), ATOM(recall_metric=true)), ATOM(parsing=true)), ATOM(empirical_result=true))",AND,empirical_or_research_claim,UNCLASSIFIED,10.3.3 (docs/10.AWSで設計・実装する/10.3.取り込み経路を構成する.md:21),SRC-184;SRC-185,NOT_APPLICABLE_LOCAL_NORM,HYPOTHESIS,parsing=true,empirical_result=true;evaluation=true;generation=true;recall_metric=true;retrieval=true,,APPROPRIATE_NORMATIVE,権威性=候補一次資料のみ; 直接性=locator未確認; 網羅性=未支持atom=empirical_result=true;evaluation=true;generation=true;recall_metric=true;retrieval=true; 主張極性=HYPOTHESISとして再分類; スコープ=PASS_LOCAL_DESIGN_POLICY; モダリティ=PASS_AS_DISCLOSED_NORMATIVE_RULE; 教材妥当性=PASS_AFTER_EXPLICIT_CRITERIA_AND_EXCEPTION; 形式化妥当性=FAIL_UNSUPPORTED_ATOMS:empirical_result=true;evaluation=true;generation=true;recall_metric=true;retrieval=true。「対象document数、生成chunk数、parse失敗、metadata欠損、削除反映、固定queryのRecallを記録し、[Publish前ゲート](..」は外的真偽の断定ではなく、対象・処理・判断を特定した設計・運用上の選択規則として読める。ただし候補資料(SRC-184;SRC-185)はURL単位で、直接locatorは未確認。規範の判断基準と例外を明示すれば教材として採用できる。形式面ではFAIL_UNSUPPORTED_ATOMS:empirical_result=true;evaluation=true;generation=true;recall_metric=true;retrieval=trueを別途解消する必要がある。,最小権限を維持し、認可前後の候補、拒否理由、漏えい試験を観測可能にすること,法令・契約・組織方針がより厳しい場合はその基準を優先し、緊急例外も期限と事後監査を必須とする,NOT_APPLICABLE,本文は維持し、節内に判断基準「最小権限を維持し、認可前後の候補、拒否理由、漏えい試験を観測可能にすること」と例外「法令・契約・組織方針がより厳しい場合はその基準を優先し、緊急例外も期限と事後監査を必須とする」を明記する。経験的な効果保証とは分離し、意味を保存して再形式化する。,,,,,INCONCLUSIVE,NOT_APPLICABLE_UNPROVED,,,codex-independent-wave4,2026-08-15,INDEPENDENT_REVIEW_COMPLETE,PARTIAL_CANDIDATE_SOURCE_ONLY,FAIL_NO_DIRECT_LOCATOR,FAIL_UNSUPPORTED_ATOMS:empirical_result=true;evaluation=true;generation=true;recall_metric=true;retrieval=true,HYPOTHESIS,PASS_LOCAL_DESIGN_POLICY,PASS_AS_DISCLOSED_NORMATIVE_RULE,PASS_AFTER_EXPLICIT_CRITERIA_AND_EXCEPTION,FAIL_UNSUPPORTED_ATOMS:empirical_result=true;evaluation=true;generation=true;recall_metric=true;retrieval=true
SENT-0185,52bebecfb2a435d0e7ff2efea557c5799674ded6,AWSのユーザーガイドでは、filterableなtext fieldを持つ対応構成としてAmazon OpenSearch Serverless、Amazon Aurora PostgreSQL、MongoDB Atlasが案内されています。,利用時点の対象リージョンの公式仕様で前提機能と制限を確認したうえで、AWSのユーザーガイドでは、filterableなtext fieldを持つ対応構成としてAmazon OpenSearch Serverless、Amazon Aurora PostgreSQL、MongoDB Atlasが案内されています。,"AND(AND(ATOM(opensearch=true), ATOM(aurora_pg=true)), ATOM(mongodb_atlas=true))",AND,official_product_contract,UNCLASSIFIED,10.4.1 (docs/10.AWSで設計・実装する/10.4.検索経路を構成する.md:9),SRC-187,UNVERIFIED_CANDIDATE_URL_ONLY,DEFINITION_OR_SPEC,,aurora_pg=true;mongodb_atlas=true;opensearch=true,,REWRITE_REQUIRED,権威性=候補一次資料のみ; 直接性=locator未確認; 網羅性=未支持atom=aurora_pg=true;mongodb_atlas=true;opensearch=true; 主張極性=DEFINITION_OR_SPECとして再分類; スコープ=PASS_AFTER_CONCRETE_VERSION_OR_EXPERIMENT_SCOPE; モダリティ=PASS_AFTER_CONDITIONAL_OR_REPRODUCTION_WORDING; 教材妥当性=PASS_AFTER_CONCRETE_VERSION_OR_EXPERIMENT_QUALIFIER; 形式化妥当性=FAIL_UNSUPPORTED_ATOMS:aurora_pg=true;mongodb_atlas=true;opensearch=true。「AWSのユーザーガイドでは、filterableなtext fieldを持つ対応構成としてAmazon OpenSearch Serverless、Amazon」の候補資料(SRC-187)はURL単位で、節・ページ・表・API見出しを独立に確認できていない。現文のFAIL_UNSUPPORTED_ATOMS:aurora_pg=true;mongodb_atlas=true;opensearch=true、版・実験条件、資料内極性を断定せず、具体的な製品前提・ローカル定義・再現試験へ限定すれば教材内容を保持できる。,,,UNVERIFIED,原文をrevised_sentenceの具体文へ置換する。製品文は利用時点のregion/versionを受入条件へ追加し、研究文は同じ指標・比較条件で再現確認する。事実表現へ戻す場合は直接locatorを再監査する。,,,,,INCONCLUSIVE,NOT_APPLICABLE_UNPROVED,,,codex-independent-wave4,2026-08-15,INDEPENDENT_REVIEW_COMPLETE,PARTIAL_CANDIDATE_SOURCE_ONLY,FAIL_NO_DIRECT_LOCATOR,FAIL_UNSUPPORTED_ATOMS:aurora_pg=true;mongodb_atlas=true;opensearch=true,DEFINITION_OR_SPEC,PASS_AFTER_CONCRETE_VERSION_OR_EXPERIMENT_SCOPE,PASS_AFTER_CONDITIONAL_OR_REPRODUCTION_WORDING,PASS_AFTER_CONCRETE_VERSION_OR_EXPERIMENT_QUALIFIER,FAIL_UNSUPPORTED_ATOMS:aurora_pg=true;mongodb_atlas=true;opensearch=true
SENT-0186,52bebecfb2a435d0e7ff2efea557c5799674ded6,一方、KnowledgeBaseVectorSearchConfiguration APIにはOpenSearch Serverlessだけを挙げる記述が残る場合があります。,一方、KnowledgeBaseVectorSearchConfiguration APIにはOpenSearch Serverlessだけを挙げる記述が残る差異を想定し、実装時は採用するAPIの公式仕様と実行結果を一致させます。,UNFORMALIZED,UNFORMALIZED,externally_cited_claim,場合があります,10.4.1 (docs/10.AWSで設計・実装する/10.4.検索経路を構成する.md:9),SRC-187,UNVERIFIED_CANDIDATE_URL_ONLY,AUTHOR_CLAIM,,,,REWRITE_REQUIRED,権威性=候補一次資料のみ; 直接性=locator未確認; 網羅性=未支持atom=none-explicit; 主張極性=AUTHOR_CLAIMとして再分類; スコープ=PASS_AFTER_CONCRETE_VERSION_OR_EXPERIMENT_SCOPE; モダリティ=PASS_AFTER_CONDITIONAL_OR_REPRODUCTION_WORDING; 教材妥当性=PASS_AFTER_CONCRETE_VERSION_OR_EXPERIMENT_QUALIFIER; 形式化妥当性=FAIL_UNFORMALIZED。「一方、KnowledgeBaseVectorSearchConfiguration APIにはOpenSearch Serverlessだけを挙げる記述が残る場」の候補資料(SRC-187)はURL単位で、節・ページ・表・API見出しを独立に確認できていない。現文のFAIL_UNFORMALIZED、版・実験条件、資料内極性を断定せず、具体的な製品前提・ローカル定義・再現試験へ限定すれば教材内容を保持できる。,,,UNVERIFIED,原文をrevised_sentenceの具体文へ置換する。製品文は利用時点のregion/versionを受入条件へ追加し、研究文は同じ指標・比較条件で再現確認する。事実表現へ戻す場合は直接locatorを再監査する。,,,,,INCONCLUSIVE,NOT_APPLICABLE_UNPROVED,,,codex-independent-wave4,2026-08-15,INDEPENDENT_REVIEW_COMPLETE,PARTIAL_CANDIDATE_SOURCE_ONLY,FAIL_NO_DIRECT_LOCATOR,FAIL_UNFORMALIZED,AUTHOR_CLAIM,PASS_AFTER_CONCRETE_VERSION_OR_EXPERIMENT_SCOPE,PASS_AFTER_CONDITIONAL_OR_REPRODUCTION_WORDING,PASS_AFTER_CONCRETE_VERSION_OR_EXPERIMENT_QUALIFIER,FAIL_UNFORMALIZED
SENT-0189,52bebecfb2a435d0e7ff2efea557c5799674ded6,S3 Vectorsなど疎検索を提供しないstoreではSEMANTICを使います。,利用時点の対象リージョンの公式仕様で前提機能と制限を確認したうえで、S3 Vectorsなど疎検索を提供しないstoreではSEMANTICを使います。,"NOT(AND(AND(ATOM(sparse=true), ATOM(retrieval=true)), ATOM(s3_vectors=true)))",NOT,official_product_contract,ない,10.4.1 (docs/10.AWSで設計・実装する/10.4.検索経路を構成する.md:9),SRC-187,UNVERIFIED_CANDIDATE_URL_ONLY,DEFINITION_OR_SPEC,retrieval=true,s3_vectors=true;sparse=true,NOT,REWRITE_REQUIRED,権威性=候補一次資料のみ; 直接性=locator未確認; 網羅性=関係NOT自体の根拠未確認; 主張極性=DEFINITION_OR_SPECとして再分類; スコープ=PASS_AFTER_CONCRETE_VERSION_OR_EXPERIMENT_SCOPE; モダリティ=PASS_AFTER_CONDITIONAL_OR_REPRODUCTION_WORDING; 教材妥当性=PASS_AFTER_CONCRETE_VERSION_OR_EXPERIMENT_QUALIFIER; 形式化妥当性=FAIL_RELATION_NOT。「S3 Vectorsなど疎検索を提供しないstoreではSEMANTICを使います。」の候補資料(SRC-187)はURL単位で、節・ページ・表・API見出しを独立に確認できていない。現文のFAIL_RELATION_NOT、版・実験条件、資料内極性を断定せず、具体的な製品前提・ローカル定義・再現試験へ限定すれば教材内容を保持できる。,,,UNVERIFIED,原文をrevised_sentenceの具体文へ置換する。製品文は利用時点のregion/versionを受入条件へ追加し、研究文は同じ指標・比較条件で再現確認する。事実表現へ戻す場合は直接locatorを再監査する。,,,,,INCONCLUSIVE,NOT_APPLICABLE_UNPROVED,,,codex-independent-wave4,2026-08-15,INDEPENDENT_REVIEW_COMPLETE,PARTIAL_CANDIDATE_SOURCE_ONLY,FAIL_NO_DIRECT_LOCATOR,FAIL_RELATION_NOT,DEFINITION_OR_SPEC,PASS_AFTER_CONCRETE_VERSION_OR_EXPERIMENT_SCOPE,PASS_AFTER_CONDITIONAL_OR_REPRODUCTION_WORDING,PASS_AFTER_CONCRETE_VERSION_OR_EXPERIMENT_QUALIFIER,FAIL_RELATION_NOT
SENT-0190,52bebecfb2a435d0e7ff2efea557c5799674ded6,OpenSearch ServerlessでHYBRIDを使うindexは、vector engineをfaissとし、embedding modelと同じdimensionのvector field、元のchunkを格納するfilterableなtext field、filter対象のmetadata field、Bedrockが管理するmetadata fieldを作成します。,利用時点の対象リージョンの公式仕様で前提機能と制限を確認したうえで、OpenSearch ServerlessでHYBRIDを使うindexは、vector engineをfaissとし、embedding modelと同じdimensionのvector field、元のchunkを格納するfilterableなtext field、filter対象のmetadata field、Bedrockが管理するmetadata fieldを作成します。,"AND(AND(AND(ATOM(bedrock_kb=true), ATOM(opensearch=true)), ATOM(embedding_model=true)), ATOM(dimension_contract=true))",AND,concrete_technology_claim,UNCLASSIFIED,10.4.1 (docs/10.AWSで設計・実装する/10.4.検索経路を構成する.md:11),SRC-052,UNVERIFIED_CANDIDATE_URL_ONLY,DEFINITION_OR_SPEC,dimension_contract=true,bedrock_kb=true;embedding_model=true;opensearch=true,,REWRITE_REQUIRED,権威性=候補一次資料のみ; 直接性=locator未確認; 網羅性=未支持atom=bedrock_kb=true;embedding_model=true;opensearch=true; 主張極性=DEFINITION_OR_SPECとして再分類; スコープ=PASS_AFTER_CONCRETE_VERSION_OR_EXPERIMENT_SCOPE; モダリティ=PASS_AFTER_CONDITIONAL_OR_REPRODUCTION_WORDING; 教材妥当性=PASS_AFTER_CONCRETE_VERSION_OR_EXPERIMENT_QUALIFIER; 形式化妥当性=FAIL_UNSUPPORTED_ATOMS:bedrock_kb=true;embedding_model=true;opensearch=true。「OpenSearch ServerlessでHYBRIDを使うindexは、vector engineをfaissとし、embedding modelと同じdi」の候補資料(SRC-052)はURL単位で、節・ページ・表・API見出しを独立に確認できていない。現文のFAIL_UNSUPPORTED_ATOMS:bedrock_kb=true;embedding_model=true;opensearch=true、版・実験条件、資料内極性を断定せず、具体的な製品前提・ローカル定義・再現試験へ限定すれば教材内容を保持できる。,,,UNVERIFIED,原文をrevised_sentenceの具体文へ置換する。製品文は利用時点のregion/versionを受入条件へ追加し、研究文は同じ指標・比較条件で再現確認する。事実表現へ戻す場合は直接locatorを再監査する。,,,,,INCONCLUSIVE,NOT_APPLICABLE_UNPROVED,,,codex-independent-wave4,2026-08-15,INDEPENDENT_REVIEW_COMPLETE,PARTIAL_CANDIDATE_SOURCE_ONLY,FAIL_NO_DIRECT_LOCATOR,FAIL_UNSUPPORTED_ATOMS:bedrock_kb=true;embedding_model=true;opensearch=true,DEFINITION_OR_SPEC,PASS_AFTER_CONCRETE_VERSION_OR_EXPERIMENT_SCOPE,PASS_AFTER_CONDITIONAL_OR_REPRODUCTION_WORDING,PASS_AFTER_CONCRETE_VERSION_OR_EXPERIMENT_QUALIFIER,FAIL_UNSUPPORTED_ATOMS:bedrock_kb=true;embedding_model=true;opensearch=true
SENT-0197,52bebecfb2a435d0e7ff2efea557c5799674ded6,S3 Vectorsはdense vectorによるsemantic searchとmetadata filterを提供し、BM25などのsparse searchは提供しません。,,"NOT(AND(AND(AND(AND(ATOM(sparse=true), ATOM(dense=true)), ATOM(s3_vectors=true)), ATOM(metadata_filter=true)), ATOM(parsing=true)))",NOT,concrete_technology_claim,ません,10.4.2 (docs/10.AWSで設計・実装する/10.4.検索経路を構成する.md:38),SRC-005,"AWS S3 User Guide, 'Querying vectors' and 'Metadata filtering'; QueryVectors similarity-query contract and metadata-filter operators; 'Working with S3 Vectors' / OpenSearch integration",DEFINITION_OR_SPEC,dense=true;metadata_filter=true;s3_vectors=true;sparse=false,,,APPROPRIATE_SUPPORTED,権威性=PASS_OFFICIAL_PRODUCT_SPEC; 直接性=PASS_OFFICIAL_API_AND_GUIDE_HEADINGS; 網羅性=原文の主体・対象・関係を当該箇所が支持; 主張極性=DEFINITION_OR_SPEC; スコープ=当該benchmark/datasetに限定; モダリティ=資料より強くない; 教材妥当性=研究一覧または評価定義として有用; 形式化妥当性=再生成でprojectionを更新可能。AWS公式仕様はS3 VectorsのQueryVectorsをquery vectorによる類似検索として定義し、metadata filterを同じquery契約で説明する。同じ公式ガイドはhybrid search等の高度な検索をOpenSearch連携の用途として分けており、S3 Vectors単体の契約にBM25/sparse queryはない。,,,OFFICIAL_SPEC,本文は維持する。source_locatorとDEFINITION_OR_SPECの極性を台帳へ反映し、当該文の意味命題と関係根拠をsentence projectionへ反映してLean台帳を再生成する。,,,,,INCONCLUSIVE,NOT_APPLICABLE_UNPROVED,,,codex-independent-wave4,2026-08-15,INDEPENDENT_REVIEW_COMPLETE,PASS_OFFICIAL_PRODUCT_SPEC,PASS_OFFICIAL_API_AND_GUIDE_HEADINGS,PASS_ALL_CLAIM_COMPONENTS,DEFINITION_OR_SPEC,PASS_BENCHMARK_OR_DATASET_SCOPE,PASS_SOURCE_ALIGNED,PASS_PRIMARY_SOURCE_DIRECTLY_CHECKED,PASS_AFTER_PROJECTION_REGENERATION
SENT-0198,52bebecfb2a435d0e7ff2efea557c5799674ded6,固有名詞や識別子の取りこぼしがある場合は、S3 VectorsへHYBRID指定を送るのではなく、次のいずれかを選びます。,利用時点の対象リージョンの公式仕様で前提機能と制限を確認したうえで、固有名詞や識別子の取りこぼしがある場合は、S3 VectorsへHYBRID指定を送るのではなく、次のいずれかを選びます。,UNFORMALIZED,UNFORMALIZED,official_product_contract,UNCLASSIFIED,10.4.2 (docs/10.AWSで設計・実装する/10.4.検索経路を構成する.md:38),SRC-005;SRC-052;SRC-064;SRC-178;SRC-179,UNVERIFIED_CANDIDATE_URL_ONLY,DEFINITION_OR_SPEC,,,,REWRITE_REQUIRED,権威性=候補一次資料のみ; 直接性=locator未確認; 網羅性=未支持atom=none-explicit; 主張極性=DEFINITION_OR_SPECとして再分類; スコープ=PASS_AFTER_CONCRETE_VERSION_OR_EXPERIMENT_SCOPE; モダリティ=PASS_AFTER_CONDITIONAL_OR_REPRODUCTION_WORDING; 教材妥当性=PASS_AFTER_CONCRETE_VERSION_OR_EXPERIMENT_QUALIFIER; 形式化妥当性=FAIL_UNFORMALIZED。「固有名詞や識別子の取りこぼしがある場合は、S3 VectorsへHYBRID指定を送るのではなく、次のいずれかを選びます。」の候補資料(SRC-005;SRC-052;SRC-064;SRC-178;SRC-179)はURL単位で、節・ページ・表・API見出しを独立に確認できていない。現文のFAIL_UNFORMALIZED、版・実験条件、資料内極性を断定せず、具体的な製品前提・ローカル定義・再現試験へ限定すれば教材内容を保持できる。,,,UNVERIFIED,原文をrevised_sentenceの具体文へ置換する。製品文は利用時点のregion/versionを受入条件へ追加し、研究文は同じ指標・比較条件で再現確認する。事実表現へ戻す場合は直接locatorを再監査する。,,,,,INCONCLUSIVE,NOT_APPLICABLE_UNPROVED,,,codex-independent-wave4,2026-08-15,INDEPENDENT_REVIEW_COMPLETE,PARTIAL_CANDIDATE_SOURCE_ONLY,FAIL_NO_DIRECT_LOCATOR,FAIL_UNFORMALIZED,DEFINITION_OR_SPEC,PASS_AFTER_CONCRETE_VERSION_OR_EXPERIMENT_SCOPE,PASS_AFTER_CONDITIONAL_OR_REPRODUCTION_WORDING,PASS_AFTER_CONCRETE_VERSION_OR_EXPERIMENT_QUALIFIER,FAIL_UNFORMALIZED
SENT-0199,52bebecfb2a435d0e7ff2efea557c5799674ded6,vector storeをOpenSearch Serverlessなど、Knowledge BasesのHYBRIDへ対応するstoreへ変更します。,利用時点の対象リージョンの公式仕様で前提機能と制限を確認したうえで、vector storeをOpenSearch Serverlessなど、Knowledge BasesのHYBRIDへ対応するstoreへ変更します。,"AND(AND(ATOM(external_knowledge=true), ATOM(bedrock_kb=true)), ATOM(opensearch=true))",AND,official_product_contract,UNCLASSIFIED,10.4.2 (docs/10.AWSで設計・実装する/10.4.検索経路を構成する.md:40),SRC-187;SRC-188;SRC-190,UNVERIFIED_CANDIDATE_URL_ONLY,DEFINITION_OR_SPEC,bedrock_kb=true,external_knowledge=true;opensearch=true,,REWRITE_REQUIRED,権威性=候補一次資料のみ; 直接性=locator未確認; 網羅性=未支持atom=external_knowledge=true;opensearch=true; 主張極性=DEFINITION_OR_SPECとして再分類; スコープ=PASS_AFTER_CONCRETE_VERSION_OR_EXPERIMENT_SCOPE; モダリティ=PASS_AFTER_CONDITIONAL_OR_REPRODUCTION_WORDING; 教材妥当性=PASS_AFTER_CONCRETE_VERSION_OR_EXPERIMENT_QUALIFIER; 形式化妥当性=FAIL_UNSUPPORTED_ATOMS:external_knowledge=true;opensearch=true。「vector storeをOpenSearch Serverlessなど、Knowledge BasesのHYBRIDへ対応するstoreへ変更します。」の候補資料(SRC-187;SRC-188;SRC-190)はURL単位で、節・ページ・表・API見出しを独立に確認できていない。現文のFAIL_UNSUPPORTED_ATOMS:external_knowledge=true;opensearch=true、版・実験条件、資料内極性を断定せず、具体的な製品前提・ローカル定義・再現試験へ限定すれば教材内容を保持できる。,,,UNVERIFIED,原文をrevised_sentenceの具体文へ置換する。製品文は利用時点のregion/versionを受入条件へ追加し、研究文は同じ指標・比較条件で再現確認する。事実表現へ戻す場合は直接locatorを再監査する。,,,,,INCONCLUSIVE,NOT_APPLICABLE_UNPROVED,,,codex-independent-wave4,2026-08-15,INDEPENDENT_REVIEW_COMPLETE,PARTIAL_CANDIDATE_SOURCE_ONLY,FAIL_NO_DIRECT_LOCATOR,FAIL_UNSUPPORTED_ATOMS:external_knowledge=true;opensearch=true,DEFINITION_OR_SPEC,PASS_AFTER_CONCRETE_VERSION_OR_EXPERIMENT_SCOPE,PASS_AFTER_CONDITIONAL_OR_REPRODUCTION_WORDING,PASS_AFTER_CONCRETE_VERSION_OR_EXPERIMENT_QUALIFIER,FAIL_UNSUPPORTED_ATOMS:external_knowledge=true;opensearch=true
SENT-0200,52bebecfb2a435d0e7ff2efea557c5799674ded6,S3 Vectorsのsemantic結果とOpenSearchのBM25結果を別々に取得し、LambdaでRRFを適用します。,利用時点の対象リージョンの公式仕様で前提機能と制限を確認したうえで、S3 Vectorsのsemantic結果とOpenSearchのBM25結果を別々に取得し、LambdaでRRFを適用します。,"AND(AND(AND(ATOM(retrieval=true), ATOM(s3_vectors=true)), ATOM(opensearch=true)), ATOM(empirical_result=true))",AND,concrete_technology_claim,UNCLASSIFIED,10.4.2 (docs/10.AWSで設計・実装する/10.4.検索経路を構成する.md:41),SRC-005;SRC-064,UNVERIFIED_CANDIDATE_URL_ONLY,DEFINITION_OR_SPEC,empirical_result=true;retrieval=true,opensearch=true;s3_vectors=true,,REWRITE_REQUIRED,権威性=候補一次資料のみ; 直接性=locator未確認; 網羅性=未支持atom=opensearch=true;s3_vectors=true; 主張極性=DEFINITION_OR_SPECとして再分類; スコープ=PASS_AFTER_CONCRETE_VERSION_OR_EXPERIMENT_SCOPE; モダリティ=PASS_AFTER_CONDITIONAL_OR_REPRODUCTION_WORDING; 教材妥当性=PASS_AFTER_CONCRETE_VERSION_OR_EXPERIMENT_QUALIFIER; 形式化妥当性=FAIL_UNSUPPORTED_ATOMS:opensearch=true;s3_vectors=true。「S3 Vectorsのsemantic結果とOpenSearchのBM25結果を別々に取得し、LambdaでRRFを適用します。」の候補資料(SRC-005;SRC-064)はURL単位で、節・ページ・表・API見出しを独立に確認できていない。現文のFAIL_UNSUPPORTED_ATOMS:opensearch=true;s3_vectors=true、版・実験条件、資料内極性を断定せず、具体的な製品前提・ローカル定義・再現試験へ限定すれば教材内容を保持できる。,,,UNVERIFIED,原文をrevised_sentenceの具体文へ置換する。製品文は利用時点のregion/versionを受入条件へ追加し、研究文は同じ指標・比較条件で再現確認する。事実表現へ戻す場合は直接locatorを再監査する。,,,,,INCONCLUSIVE,NOT_APPLICABLE_UNPROVED,,,codex-independent-wave4,2026-08-15,INDEPENDENT_REVIEW_COMPLETE,PARTIAL_CANDIDATE_SOURCE_ONLY,FAIL_NO_DIRECT_LOCATOR,FAIL_UNSUPPORTED_ATOMS:opensearch=true;s3_vectors=true,DEFINITION_OR_SPEC,PASS_AFTER_CONCRETE_VERSION_OR_EXPERIMENT_SCOPE,PASS_AFTER_CONDITIONAL_OR_REPRODUCTION_WORDING,PASS_AFTER_CONCRETE_VERSION_OR_EXPERIMENT_QUALIFIER,FAIL_UNSUPPORTED_ATOMS:opensearch=true;s3_vectors=true
SENT-0201,52bebecfb2a435d0e7ff2efea557c5799674ded6,sparse結果とdense結果をまとめてBedrock rerankerへ渡します。,利用時点の対象リージョンの公式仕様で前提機能と制限を確認したうえで、sparse結果とdense結果をまとめてBedrock rerankerへ渡します。,"AND(AND(AND(AND(AND(ATOM(sparse=true), ATOM(dense=true)), ATOM(rerank=true)), ATOM(bedrock_kb=true)), ATOM(parsing=true)), ATOM(empirical_result=true))",AND,official_product_contract,UNCLASSIFIED,10.4.2 (docs/10.AWSで設計・実装する/10.4.検索経路を構成する.md:42),SRC-187;SRC-190;SRC-005;SRC-052;SRC-064,UNVERIFIED_CANDIDATE_URL_ONLY,DEFINITION_OR_SPEC,bedrock_kb=true;empirical_result=true;rerank=true;sparse=true,dense=true;parsing=true,,REWRITE_REQUIRED,権威性=候補一次資料のみ; 直接性=locator未確認; 網羅性=未支持atom=dense=true;parsing=true; 主張極性=DEFINITION_OR_SPECとして再分類; スコープ=PASS_AFTER_CONCRETE_VERSION_OR_EXPERIMENT_SCOPE; モダリティ=PASS_AFTER_CONDITIONAL_OR_REPRODUCTION_WORDING; 教材妥当性=PASS_AFTER_CONCRETE_VERSION_OR_EXPERIMENT_QUALIFIER; 形式化妥当性=FAIL_UNSUPPORTED_ATOMS:dense=true;parsing=true。「sparse結果とdense結果をまとめてBedrock rerankerへ渡します。」の候補資料(SRC-187;SRC-190;SRC-005;SRC-052;SRC-064)はURL単位で、節・ページ・表・API見出しを独立に確認できていない。現文のFAIL_UNSUPPORTED_ATOMS:dense=true;parsing=true、版・実験条件、資料内極性を断定せず、具体的な製品前提・ローカル定義・再現試験へ限定すれば教材内容を保持できる。,,,UNVERIFIED,原文をrevised_sentenceの具体文へ置換する。製品文は利用時点のregion/versionを受入条件へ追加し、研究文は同じ指標・比較条件で再現確認する。事実表現へ戻す場合は直接locatorを再監査する。,,,,,INCONCLUSIVE,NOT_APPLICABLE_UNPROVED,,,codex-independent-wave4,2026-08-15,INDEPENDENT_REVIEW_COMPLETE,PARTIAL_CANDIDATE_SOURCE_ONLY,FAIL_NO_DIRECT_LOCATOR,FAIL_UNSUPPORTED_ATOMS:dense=true;parsing=true,DEFINITION_OR_SPEC,PASS_AFTER_CONCRETE_VERSION_OR_EXPERIMENT_SCOPE,PASS_AFTER_CONDITIONAL_OR_REPRODUCTION_WORDING,PASS_AFTER_CONCRETE_VERSION_OR_EXPERIMENT_QUALIFIER,FAIL_UNSUPPORTED_ATOMS:dense=true;parsing=true
SENT-0203,52bebecfb2a435d0e7ff2efea557c5799674ded6,複数検索器のscoreは尺度が異なるため直接加算しません。,複数検索器のscoreは尺度が異なるため直接加算しません。,NOT(ATOM(retrieval=true)),NOT,general_technical_claim,ません,10.4.2 (docs/10.AWSで設計・実装する/10.4.検索経路を構成する.md:45),SRC-005;SRC-052;SRC-187,NOT_APPLICABLE_LOCAL_NORM,HYPOTHESIS,retrieval=true,,NOT,APPROPRIATE_NORMATIVE,権威性=候補一次資料のみ; 直接性=locator未確認; 網羅性=関係NOT自体の根拠未確認; 主張極性=HYPOTHESISとして再分類; スコープ=PASS_LOCAL_DESIGN_POLICY; モダリティ=PASS_AS_DISCLOSED_NORMATIVE_RULE; 教材妥当性=PASS_AFTER_EXPLICIT_CRITERIA_AND_EXCEPTION; 形式化妥当性=FAIL_RELATION_NOT。「複数検索器のscoreは尺度が異なるため直接加算しません。」は外的真偽の断定ではなく、対象・処理・判断を特定した設計・運用上の選択規則として読める。ただし候補資料(SRC-005;SRC-052;SRC-187)はURL単位で、直接locatorは未確認。規範の判断基準と例外を明示すれば教材として採用できる。形式面ではFAIL_RELATION_NOTを別途解消する必要がある。,禁止対象、禁止理由、代替経路を明示し、安全性・再現性・追跡性のいずれを守る規則か検査できること,禁止理由を満たす別の統制が同等以上の証拠で確認できる場合のみ例外とし、理由と期限を記録する,NOT_APPLICABLE,本文は維持し、節内に判断基準「禁止対象、禁止理由、代替経路を明示し、安全性・再現性・追跡性のいずれを守る規則か検査できること」と例外「禁止理由を満たす別の統制が同等以上の証拠で確認できる場合のみ例外とし、理由と期限を記録する」を明記する。経験的な効果保証とは分離し、意味を保存して再形式化する。,,,,,INCONCLUSIVE,NOT_APPLICABLE_UNPROVED,,,codex-independent-wave4,2026-08-15,INDEPENDENT_REVIEW_COMPLETE,PARTIAL_CANDIDATE_SOURCE_ONLY,FAIL_NO_DIRECT_LOCATOR,FAIL_RELATION_NOT,HYPOTHESIS,PASS_LOCAL_DESIGN_POLICY,PASS_AS_DISCLOSED_NORMATIVE_RULE,PASS_AFTER_EXPLICIT_CRITERIA_AND_EXCEPTION,FAIL_RELATION_NOT
SENT-0204,52bebecfb2a435d0e7ff2efea557c5799674ded6,RRFでは各検索器の順位を使い、rerankerでは統合後のcandidate本文を再評価します。,本ガイドの基本構成では、RRFでは各検索器の順位を使い、rerankerでは統合後のcandidate本文を再評価します。,"AND(AND(AND(ATOM(ranks_only=true), ATOM(rerank=true)), ATOM(retrieval=true)), ATOM(evaluation=true))",AND,concrete_technology_claim,UNCLASSIFIED,10.4.2 (docs/10.AWSで設計・実装する/10.4.検索経路を構成する.md:45),SRC-064,UNVERIFIED_CANDIDATE_URL_ONLY,DEFINITION_OR_SPEC,ranks_only=true,evaluation=true;rerank=true;retrieval=true,,REWRITE_REQUIRED,権威性=候補一次資料のみ; 直接性=locator未確認; 網羅性=未支持atom=evaluation=true;rerank=true;retrieval=true; 主張極性=DEFINITION_OR_SPECとして再分類; スコープ=PASS_AFTER_CONCRETE_VERSION_OR_EXPERIMENT_SCOPE; モダリティ=PASS_AFTER_CONDITIONAL_OR_REPRODUCTION_WORDING; 教材妥当性=PASS_AFTER_CONCRETE_VERSION_OR_EXPERIMENT_QUALIFIER; 形式化妥当性=FAIL_UNSUPPORTED_ATOMS:evaluation=true;rerank=true;retrieval=true。「RRFでは各検索器の順位を使い、rerankerでは統合後のcandidate本文を再評価します。」の候補資料(SRC-064)はURL単位で、節・ページ・表・API見出しを独立に確認できていない。現文のFAIL_UNSUPPORTED_ATOMS:evaluation=true;rerank=true;retrieval=true、版・実験条件、資料内極性を断定せず、具体的な製品前提・ローカル定義・再現試験へ限定すれば教材内容を保持できる。,,,UNVERIFIED,原文をrevised_sentenceの具体文へ置換する。製品文は利用時点のregion/versionを受入条件へ追加し、研究文は同じ指標・比較条件で再現確認する。事実表現へ戻す場合は直接locatorを再監査する。,,,,,INCONCLUSIVE,NOT_APPLICABLE_UNPROVED,,,codex-independent-wave4,2026-08-15,INDEPENDENT_REVIEW_COMPLETE,PARTIAL_CANDIDATE_SOURCE_ONLY,FAIL_NO_DIRECT_LOCATOR,FAIL_UNSUPPORTED_ATOMS:evaluation=true;rerank=true;retrieval=true,DEFINITION_OR_SPEC,PASS_AFTER_CONCRETE_VERSION_OR_EXPERIMENT_SCOPE,PASS_AFTER_CONDITIONAL_OR_REPRODUCTION_WORDING,PASS_AFTER_CONCRETE_VERSION_OR_EXPERIMENT_QUALIFIER,FAIL_UNSUPPORTED_ATOMS:evaluation=true;rerank=true;retrieval=true
SENT-0206,52bebecfb2a435d0e7ff2efea557c5799674ded6,二つの検索器には同じ安定したchunkidを登録し、本文、version、filter metadata、アクセス制御属性を対応付けます。,二つの検索器には同じ安定したchunkidを登録し、本文、version、filter metadata、アクセス制御属性を対応付けます。,"AND(ATOM(retrieval=true), ATOM(authorization=true))",AND,general_technical_claim,UNCLASSIFIED,10.4.2 (docs/10.AWSで設計・実装する/10.4.検索経路を構成する.md:47),SRC-005;SRC-052;SRC-187,NOT_APPLICABLE_LOCAL_NORM,HYPOTHESIS,retrieval=true,authorization=true,,APPROPRIATE_NORMATIVE,権威性=候補一次資料のみ; 直接性=locator未確認; 網羅性=未支持atom=authorization=true; 主張極性=HYPOTHESISとして再分類; スコープ=PASS_LOCAL_DESIGN_POLICY; モダリティ=PASS_AS_DISCLOSED_NORMATIVE_RULE; 教材妥当性=PASS_AFTER_EXPLICIT_CRITERIA_AND_EXCEPTION; 形式化妥当性=FAIL_UNSUPPORTED_ATOMS:authorization=true。「二つの検索器には同じ安定したchunkidを登録し、本文、version、filter metadata、アクセス制御属性を対応付けます。」は外的真偽の断定ではなく、対象・処理・判断を特定した設計・運用上の選択規則として読める。ただし候補資料(SRC-005;SRC-052;SRC-187)はURL単位で、直接locatorは未確認。規範の判断基準と例外を明示すれば教材として採用できる。形式面ではFAIL_UNSUPPORTED_ATOMS:authorization=trueを別途解消する必要がある。,最小権限を維持し、認可前後の候補、拒否理由、漏えい試験を観測可能にすること,法令・契約・組織方針がより厳しい場合はその基準を優先し、緊急例外も期限と事後監査を必須とする,NOT_APPLICABLE,本文は維持し、節内に判断基準「最小権限を維持し、認可前後の候補、拒否理由、漏えい試験を観測可能にすること」と例外「法令・契約・組織方針がより厳しい場合はその基準を優先し、緊急例外も期限と事後監査を必須とする」を明記する。経験的な効果保証とは分離し、意味を保存して再形式化する。,,,,,INCONCLUSIVE,NOT_APPLICABLE_UNPROVED,,,codex-independent-wave4,2026-08-15,INDEPENDENT_REVIEW_COMPLETE,PARTIAL_CANDIDATE_SOURCE_ONLY,FAIL_NO_DIRECT_LOCATOR,FAIL_UNSUPPORTED_ATOMS:authorization=true,HYPOTHESIS,PASS_LOCAL_DESIGN_POLICY,PASS_AS_DISCLOSED_NORMATIVE_RULE,PASS_AFTER_EXPLICIT_CRITERIA_AND_EXCEPTION,FAIL_UNSUPPORTED_ATOMS:authorization=true
SENT-0208,52bebecfb2a435d0e7ff2efea557c5799674ded6,初期比較ではdenseとBM25を各20件、統合後を20件、rerank後を5件とし、各retrieverのcandidate数、timeout、zero-result、失敗時の扱いを独立に記録します。,本ガイドの基本構成では、初期比較ではdenseとBM25を各20件、統合後を20件、rerank後を5件とし、各retrieverのcandidate数、timeout、zero-result、失敗時の扱いを独立に記録します。,"AND(AND(ATOM(dense=true), ATOM(rerank=true)), ATOM(retrieval=true))",AND,concrete_technology_claim,UNCLASSIFIED,10.4.2 (docs/10.AWSで設計・実装する/10.4.検索経路を構成する.md:47),SRC-005,UNVERIFIED_CANDIDATE_URL_ONLY,DEFINITION_OR_SPEC,retrieval=true,dense=true;rerank=true,,REWRITE_REQUIRED,権威性=候補一次資料のみ; 直接性=locator未確認; 網羅性=未支持atom=dense=true;rerank=true; 主張極性=DEFINITION_OR_SPECとして再分類; スコープ=PASS_AFTER_CONCRETE_VERSION_OR_EXPERIMENT_SCOPE; モダリティ=PASS_AFTER_CONDITIONAL_OR_REPRODUCTION_WORDING; 教材妥当性=PASS_AFTER_CONCRETE_VERSION_OR_EXPERIMENT_QUALIFIER; 形式化妥当性=FAIL_UNSUPPORTED_ATOMS:dense=true;rerank=true。「初期比較ではdenseとBM25を各20件、統合後を20件、rerank後を5件とし、各retrieverのcandidate数、timeout、zero-re」の候補資料(SRC-005)はURL単位で、節・ページ・表・API見出しを独立に確認できていない。現文のFAIL_UNSUPPORTED_ATOMS:dense=true;rerank=true、版・実験条件、資料内極性を断定せず、具体的な製品前提・ローカル定義・再現試験へ限定すれば教材内容を保持できる。,,,UNVERIFIED,原文をrevised_sentenceの具体文へ置換する。製品文は利用時点のregion/versionを受入条件へ追加し、研究文は同じ指標・比較条件で再現確認する。事実表現へ戻す場合は直接locatorを再監査する。,,,,,INCONCLUSIVE,NOT_APPLICABLE_UNPROVED,,,codex-independent-wave4,2026-08-15,INDEPENDENT_REVIEW_COMPLETE,PARTIAL_CANDIDATE_SOURCE_ONLY,FAIL_NO_DIRECT_LOCATOR,FAIL_UNSUPPORTED_ATOMS:dense=true;rerank=true,DEFINITION_OR_SPEC,PASS_AFTER_CONCRETE_VERSION_OR_EXPERIMENT_SCOPE,PASS_AFTER_CONDITIONAL_OR_REPRODUCTION_WORDING,PASS_AFTER_CONCRETE_VERSION_OR_EXPERIMENT_QUALIFIER,FAIL_UNSUPPORTED_ATOMS:dense=true;rerank=true
SENT-0212,52bebecfb2a435d0e7ff2efea557c5799674ded6,equals、in、greaterThan、listContainsなどの候補はRetrievalFilter APIで確認します。,本ガイドの基本構成では、equals、in、greaterThan、listContainsなどの候補はRetrievalFilter APIで確認します。,"AND(ATOM(retrieval=true), ATOM(metadata_filter=true))",AND,externally_cited_claim,UNCLASSIFIED,10.4.3 (docs/10.AWSで設計・実装する/10.4.検索経路を構成する.md:62),SRC-188,UNVERIFIED_CANDIDATE_URL_ONLY,AUTHOR_CLAIM,metadata_filter=true,retrieval=true,,REWRITE_REQUIRED,権威性=候補一次資料のみ; 直接性=locator未確認; 網羅性=未支持atom=retrieval=true; 主張極性=AUTHOR_CLAIMとして再分類; スコープ=PASS_AFTER_CONCRETE_VERSION_OR_EXPERIMENT_SCOPE; モダリティ=PASS_AFTER_CONDITIONAL_OR_REPRODUCTION_WORDING; 教材妥当性=PASS_AFTER_CONCRETE_VERSION_OR_EXPERIMENT_QUALIFIER; 形式化妥当性=FAIL_UNSUPPORTED_ATOMS:retrieval=true。「equals、in、greaterThan、listContainsなどの候補はRetrievalFilter APIで確認します。」の候補資料(SRC-188)はURL単位で、節・ページ・表・API見出しを独立に確認できていない。現文のFAIL_UNSUPPORTED_ATOMS:retrieval=true、版・実験条件、資料内極性を断定せず、具体的な製品前提・ローカル定義・再現試験へ限定すれば教材内容を保持できる。,,,UNVERIFIED,原文をrevised_sentenceの具体文へ置換する。製品文は利用時点のregion/versionを受入条件へ追加し、研究文は同じ指標・比較条件で再現確認する。事実表現へ戻す場合は直接locatorを再監査する。,,,,,INCONCLUSIVE,NOT_APPLICABLE_UNPROVED,,,codex-independent-wave4,2026-08-15,INDEPENDENT_REVIEW_COMPLETE,PARTIAL_CANDIDATE_SOURCE_ONLY,FAIL_NO_DIRECT_LOCATOR,FAIL_UNSUPPORTED_ATOMS:retrieval=true,AUTHOR_CLAIM,PASS_AFTER_CONCRETE_VERSION_OR_EXPERIMENT_SCOPE,PASS_AFTER_CONDITIONAL_OR_REPRODUCTION_WORDING,PASS_AFTER_CONCRETE_VERSION_OR_EXPERIMENT_QUALIFIER,FAIL_UNSUPPORTED_ATOMS:retrieval=true
SENT-0213,52bebecfb2a435d0e7ff2efea557c5799674ded6,startsWithはOpenSearch Serverlessだけに対応します。,利用時点の対象リージョンの公式仕様で前提機能と制限を確認したうえで、startsWithはOpenSearch Serverlessだけに対応します。,ATOM(opensearch=true),ATOM,official_product_contract,UNCLASSIFIED,10.4.3 (docs/10.AWSで設計・実装する/10.4.検索経路を構成する.md:62),SRC-188;SRC-189,UNVERIFIED_CANDIDATE_URL_ONLY,DEFINITION_OR_SPEC,,opensearch=true,,REWRITE_REQUIRED,権威性=候補一次資料のみ; 直接性=locator未確認; 網羅性=未支持atom=opensearch=true; 主張極性=DEFINITION_OR_SPECとして再分類; スコープ=PASS_AFTER_CONCRETE_VERSION_OR_EXPERIMENT_SCOPE; モダリティ=PASS_AFTER_CONDITIONAL_OR_REPRODUCTION_WORDING; 教材妥当性=PASS_AFTER_CONCRETE_VERSION_OR_EXPERIMENT_QUALIFIER; 形式化妥当性=FAIL_UNSUPPORTED_ATOMS:opensearch=true。「startsWithはOpenSearch Serverlessだけに対応します。」の候補資料(SRC-188;SRC-189)はURL単位で、節・ページ・表・API見出しを独立に確認できていない。現文のFAIL_UNSUPPORTED_ATOMS:opensearch=true、版・実験条件、資料内極性を断定せず、具体的な製品前提・ローカル定義・再現試験へ限定すれば教材内容を保持できる。,,,UNVERIFIED,原文をrevised_sentenceの具体文へ置換する。製品文は利用時点のregion/versionを受入条件へ追加し、研究文は同じ指標・比較条件で再現確認する。事実表現へ戻す場合は直接locatorを再監査する。,,,,,INCONCLUSIVE,NOT_APPLICABLE_UNPROVED,,,codex-independent-wave4,2026-08-15,INDEPENDENT_REVIEW_COMPLETE,PARTIAL_CANDIDATE_SOURCE_ONLY,FAIL_NO_DIRECT_LOCATOR,FAIL_UNSUPPORTED_ATOMS:opensearch=true,DEFINITION_OR_SPEC,PASS_AFTER_CONCRETE_VERSION_OR_EXPERIMENT_SCOPE,PASS_AFTER_CONDITIONAL_OR_REPRODUCTION_WORDING,PASS_AFTER_CONCRETE_VERSION_OR_EXPERIMENT_QUALIFIER,FAIL_UNSUPPORTED_ATOMS:opensearch=true
SENT-0215,52bebecfb2a435d0e7ff2efea557c5799674ded6,S3 Vectorsを直接queryする場合は、S3 Vectorsのmetadata filterに記載されたoperatorだけを使います。,利用時点の対象リージョンの公式仕様で前提機能と制限を確認したうえで、S3 Vectorsを直接queryする場合は、S3 Vectorsのmetadata filterに記載されたoperatorだけを使います。,"IMP(ATOM(s3_vectors=true), AND(ATOM(s3_vectors=true), ATOM(metadata_filter=true)))",IMPLIES,externally_cited_claim,UNCLASSIFIED,10.4.3 (docs/10.AWSで設計・実装する/10.4.検索経路を構成する.md:62),SRC-189,UNVERIFIED_CANDIDATE_URL_ONLY,AUTHOR_CLAIM,metadata_filter=true;s3_vectors=true,,IMPLIES,REWRITE_REQUIRED,権威性=候補一次資料のみ; 直接性=locator未確認; 網羅性=関係IMPLIES自体の根拠未確認; 主張極性=AUTHOR_CLAIMとして再分類; スコープ=PASS_AFTER_CONCRETE_VERSION_OR_EXPERIMENT_SCOPE; モダリティ=PASS_AFTER_CONDITIONAL_OR_REPRODUCTION_WORDING; 教材妥当性=PASS_AFTER_CONCRETE_VERSION_OR_EXPERIMENT_QUALIFIER; 形式化妥当性=FAIL_RELATION_IMPLIES。「S3 Vectorsを直接queryする場合は、S3 Vectorsのmetadata filterに記載されたoperatorだけを使います。」の候補資料(SRC-189)はURL単位で、節・ページ・表・API見出しを独立に確認できていない。現文のFAIL_RELATION_IMPLIES、版・実験条件、資料内極性を断定せず、具体的な製品前提・ローカル定義・再現試験へ限定すれば教材内容を保持できる。,,,UNVERIFIED,原文をrevised_sentenceの具体文へ置換する。製品文は利用時点のregion/versionを受入条件へ追加し、研究文は同じ指標・比較条件で再現確認する。事実表現へ戻す場合は直接locatorを再監査する。,,,,,INCONCLUSIVE,NOT_APPLICABLE_UNPROVED,,,codex-independent-wave4,2026-08-15,INDEPENDENT_REVIEW_COMPLETE,PARTIAL_CANDIDATE_SOURCE_ONLY,FAIL_NO_DIRECT_LOCATOR,FAIL_RELATION_IMPLIES,AUTHOR_CLAIM,PASS_AFTER_CONCRETE_VERSION_OR_EXPERIMENT_SCOPE,PASS_AFTER_CONDITIONAL_OR_REPRODUCTION_WORDING,PASS_AFTER_CONCRETE_VERSION_OR_EXPERIMENT_QUALIFIER,FAIL_RELATION_IMPLIES
SENT-0224,52bebecfb2a435d0e7ff2efea557c5799674ded6,ここでいう一体型のRetrieveAndGenerateは、カスタマーマネージド型のKnowledge Baseでだけ使用します。,利用時点の対象リージョンの公式仕様で前提機能と制限を確認したうえで、ここでいう一体型のRetrieveAndGenerateは、カスタマーマネージド型のKnowledge Baseでだけ使用します。,"AND(AND(AND(AND(ATOM(retrieval=true), ATOM(generation=true)), ATOM(external_knowledge=true)), ATOM(bedrock_kb=true)), ATOM(retrieve_and_generate=true))",AND,official_product_contract,UNCLASSIFIED,10.5.1 (docs/10.AWSで設計・実装する/10.5.根拠整形と生成を接続する.md:5),SRC-178,UNVERIFIED_CANDIDATE_URL_ONLY,DEFINITION_OR_SPEC,bedrock_kb=true;generation=true;retrieval=true;retrieve_and_generate=true,external_knowledge=true,,REWRITE_REQUIRED,権威性=候補一次資料のみ; 直接性=locator未確認; 網羅性=未支持atom=external_knowledge=true; 主張極性=DEFINITION_OR_SPECとして再分類; スコープ=PASS_AFTER_CONCRETE_VERSION_OR_EXPERIMENT_SCOPE; モダリティ=PASS_AFTER_CONDITIONAL_OR_REPRODUCTION_WORDING; 教材妥当性=PASS_AFTER_CONCRETE_VERSION_OR_EXPERIMENT_QUALIFIER; 形式化妥当性=FAIL_UNSUPPORTED_ATOMS:external_knowledge=true。「ここでいう一体型のRetrieveAndGenerateは、カスタマーマネージド型のKnowledge Baseでだけ使用します。」の候補資料(SRC-178)はURL単位で、節・ページ・表・API見出しを独立に確認できていない。現文のFAIL_UNSUPPORTED_ATOMS:external_knowledge=true、版・実験条件、資料内極性を断定せず、具体的な製品前提・ローカル定義・再現試験へ限定すれば教材内容を保持できる。,,,UNVERIFIED,原文をrevised_sentenceの具体文へ置換する。製品文は利用時点のregion/versionを受入条件へ追加し、研究文は同じ指標・比較条件で再現確認する。事実表現へ戻す場合は直接locatorを再監査する。,,,,,INCONCLUSIVE,NOT_APPLICABLE_UNPROVED,,,codex-independent-wave4,2026-08-15,INDEPENDENT_REVIEW_COMPLETE,PARTIAL_CANDIDATE_SOURCE_ONLY,FAIL_NO_DIRECT_LOCATOR,FAIL_UNSUPPORTED_ATOMS:external_knowledge=true,DEFINITION_OR_SPEC,PASS_AFTER_CONCRETE_VERSION_OR_EXPERIMENT_SCOPE,PASS_AFTER_CONDITIONAL_OR_REPRODUCTION_WORDING,PASS_AFTER_CONCRETE_VERSION_OR_EXPERIMENT_QUALIFIER,FAIL_UNSUPPORTED_ATOMS:external_knowledge=true
SENT-0225,52bebecfb2a435d0e7ff2efea557c5799674ded6,AWSのRetrieveAndGenerate API Referenceに示されるとおり、Managed Knowledge Baseでは使用できません。,利用時点の対象リージョンの公式仕様で前提機能と制限を確認したうえで、AWSのRetrieveAndGenerate API Referenceに示されるとおり、Managed Knowledge Baseでは使用できません。,"NOT(AND(AND(AND(AND(ATOM(retrieval=true), ATOM(generation=true)), ATOM(external_knowledge=true)), ATOM(bedrock_kb=true)), ATOM(retrieve_and_generate=true)))",NOT,externally_cited_claim,ません,10.5.1 (docs/10.AWSで設計・実装する/10.5.根拠整形と生成を接続する.md:5),SRC-178,UNVERIFIED_CANDIDATE_URL_ONLY,AUTHOR_CLAIM,bedrock_kb=true;generation=true;retrieval=true;retrieve_and_generate=true,external_knowledge=true,NOT,REWRITE_REQUIRED,権威性=候補一次資料のみ; 直接性=locator未確認; 網羅性=関係NOT自体の根拠未確認; 主張極性=AUTHOR_CLAIMとして再分類; スコープ=PASS_AFTER_CONCRETE_VERSION_OR_EXPERIMENT_SCOPE; モダリティ=PASS_AFTER_CONDITIONAL_OR_REPRODUCTION_WORDING; 教材妥当性=PASS_AFTER_CONCRETE_VERSION_OR_EXPERIMENT_QUALIFIER; 形式化妥当性=FAIL_RELATION_NOT。「AWSのRetrieveAndGenerate API Referenceに示されるとおり、Managed Knowledge Baseでは使用できません。」の候補資料(SRC-178)はURL単位で、節・ページ・表・API見出しを独立に確認できていない。現文のFAIL_RELATION_NOT、版・実験条件、資料内極性を断定せず、具体的な製品前提・ローカル定義・再現試験へ限定すれば教材内容を保持できる。,,,UNVERIFIED,原文をrevised_sentenceの具体文へ置換する。製品文は利用時点のregion/versionを受入条件へ追加し、研究文は同じ指標・比較条件で再現確認する。事実表現へ戻す場合は直接locatorを再監査する。,,,,,INCONCLUSIVE,NOT_APPLICABLE_UNPROVED,,,codex-independent-wave4,2026-08-15,INDEPENDENT_REVIEW_COMPLETE,PARTIAL_CANDIDATE_SOURCE_ONLY,FAIL_NO_DIRECT_LOCATOR,FAIL_RELATION_NOT,AUTHOR_CLAIM,PASS_AFTER_CONCRETE_VERSION_OR_EXPERIMENT_SCOPE,PASS_AFTER_CONDITIONAL_OR_REPRODUCTION_WORDING,PASS_AFTER_CONCRETE_VERSION_OR_EXPERIMENT_QUALIFIER,FAIL_RELATION_NOT
SENT-0226,52bebecfb2a435d0e7ff2efea557c5799674ded6,Managed Knowledge BaseではRetrieveまたはAgenticRetrieveStreamで根拠を取得し、生成が必要な場合は結果をConverseへ渡します。,利用時点の対象リージョンの公式仕様で前提機能と制限を確認したうえで、Managed Knowledge BaseではRetrieveまたはAgenticRetrieveStreamで根拠を取得し、生成が必要な場合は結果をConverseへ渡します。,"IMP(AND(AND(AND(AND(ATOM(retrieval=true), ATOM(generation=true)), ATOM(external_knowledge=true)), ATOM(evidence_support=true)), ATOM(bedrock_kb=true)), ATOM(empirical_result=true))",IMPLIES,official_product_contract,必要,10.5.1 (docs/10.AWSで設計・実装する/10.5.根拠整形と生成を接続する.md:5),SRC-178,UNVERIFIED_CANDIDATE_URL_ONLY,DEFINITION_OR_SPEC,bedrock_kb=true;generation=true;retrieval=true,empirical_result=true;evidence_support=true;external_knowledge=true,IMPLIES,REWRITE_REQUIRED,権威性=候補一次資料のみ; 直接性=locator未確認; 網羅性=関係IMPLIES自体の根拠未確認; 主張極性=DEFINITION_OR_SPECとして再分類; スコープ=PASS_AFTER_CONCRETE_VERSION_OR_EXPERIMENT_SCOPE; モダリティ=PASS_AFTER_CONDITIONAL_OR_REPRODUCTION_WORDING; 教材妥当性=PASS_AFTER_CONCRETE_VERSION_OR_EXPERIMENT_QUALIFIER; 形式化妥当性=FAIL_RELATION_IMPLIES。「Managed Knowledge BaseではRetrieveまたはAgenticRetrieveStreamで根拠を取得し、生成が必要な場合は結果をConv」の候補資料(SRC-178)はURL単位で、節・ページ・表・API見出しを独立に確認できていない。現文のFAIL_RELATION_IMPLIES、版・実験条件、資料内極性を断定せず、具体的な製品前提・ローカル定義・再現試験へ限定すれば教材内容を保持できる。,,,UNVERIFIED,原文をrevised_sentenceの具体文へ置換する。製品文は利用時点のregion/versionを受入条件へ追加し、研究文は同じ指標・比較条件で再現確認する。事実表現へ戻す場合は直接locatorを再監査する。,,,,,INCONCLUSIVE,NOT_APPLICABLE_UNPROVED,,,codex-independent-wave4,2026-08-15,INDEPENDENT_REVIEW_COMPLETE,PARTIAL_CANDIDATE_SOURCE_ONLY,FAIL_NO_DIRECT_LOCATOR,FAIL_RELATION_IMPLIES,DEFINITION_OR_SPEC,PASS_AFTER_CONCRETE_VERSION_OR_EXPERIMENT_SCOPE,PASS_AFTER_CONDITIONAL_OR_REPRODUCTION_WORDING,PASS_AFTER_CONCRETE_VERSION_OR_EXPERIMENT_QUALIFIER,FAIL_RELATION_IMPLIES
SENT-0227,52bebecfb2a435d0e7ff2efea557c5799674ded6,カスタマーマネージド型でKnowledge Basesの標準引用と生成が要件を満たす場合はRetrieveAndGenerateを使います。,利用時点の対象リージョンの公式仕様で前提機能と制限を確認したうえで、カスタマーマネージド型でKnowledge Basesの標準引用と生成が要件を満たす場合はRetrieveAndGenerateを使います。,"IMP(AND(AND(AND(ATOM(generation=true), ATOM(external_knowledge=true)), ATOM(citation=true)), ATOM(bedrock_kb=true)), AND(AND(ATOM(retrieval=true), ATOM(generation=true)), ATOM(retrieve_and_generate=true)))",IMPLIES,official_product_contract,UNCLASSIFIED,10.5.1 (docs/10.AWSで設計・実装する/10.5.根拠整形と生成を接続する.md:7),SRC-178,UNVERIFIED_CANDIDATE_URL_ONLY,DEFINITION_OR_SPEC,bedrock_kb=true;citation=true;generation=true;retrieval=true;retrieve_and_generate=true,external_knowledge=true,IMPLIES,REWRITE_REQUIRED,権威性=候補一次資料のみ; 直接性=locator未確認; 網羅性=関係IMPLIES自体の根拠未確認; 主張極性=DEFINITION_OR_SPECとして再分類; スコープ=PASS_AFTER_CONCRETE_VERSION_OR_EXPERIMENT_SCOPE; モダリティ=PASS_AFTER_CONDITIONAL_OR_REPRODUCTION_WORDING; 教材妥当性=PASS_AFTER_CONCRETE_VERSION_OR_EXPERIMENT_QUALIFIER; 形式化妥当性=FAIL_RELATION_IMPLIES。「カスタマーマネージド型でKnowledge Basesの標準引用と生成が要件を満たす場合はRetrieveAndGenerateを使います。」の候補資料(SRC-178)はURL単位で、節・ページ・表・API見出しを独立に確認できていない。現文のFAIL_RELATION_IMPLIES、版・実験条件、資料内極性を断定せず、具体的な製品前提・ローカル定義・再現試験へ限定すれば教材内容を保持できる。,,,UNVERIFIED,原文をrevised_sentenceの具体文へ置換する。製品文は利用時点のregion/versionを受入条件へ追加し、研究文は同じ指標・比較条件で再現確認する。事実表現へ戻す場合は直接locatorを再監査する。,,,,,INCONCLUSIVE,NOT_APPLICABLE_UNPROVED,,,codex-independent-wave4,2026-08-15,INDEPENDENT_REVIEW_COMPLETE,PARTIAL_CANDIDATE_SOURCE_ONLY,FAIL_NO_DIRECT_LOCATOR,FAIL_RELATION_IMPLIES,DEFINITION_OR_SPEC,PASS_AFTER_CONCRETE_VERSION_OR_EXPERIMENT_SCOPE,PASS_AFTER_CONDITIONAL_OR_REPRODUCTION_WORDING,PASS_AFTER_CONCRETE_VERSION_OR_EXPERIMENT_QUALIFIER,FAIL_RELATION_IMPLIES
SENT-0228,52bebecfb2a435d0e7ff2efea557c5799674ded6,検索結果の重複、版、矛盾、根拠不足を独自に検査する場合は、Retrieve → LambdaでEvidence Set作成 → Converseへ分けます。,利用時点の対象リージョンで各サービス間の契約を確認し、構成経路を「検索結果の重複、版、矛盾、根拠不足を独自に検査する場合は、Retrieve → LambdaでEvidence Set作成 → Converseへ分けます」とします。,"IMP(AND(AND(ATOM(retrieval=true), ATOM(evidence_support=true)), ATOM(empirical_result=true)), AND(ATOM(retrieval=true), ATOM(evidence_support=true)))",IMPLIES,official_product_contract,UNCLASSIFIED,10.5.1 (docs/10.AWSで設計・実装する/10.5.根拠整形と生成を接続する.md:7),SRC-178,UNVERIFIED_CANDIDATE_URL_ONLY,DEFINITION_OR_SPEC,retrieval=true,empirical_result=true;evidence_support=true,IMPLIES,REWRITE_REQUIRED,権威性=候補一次資料のみ; 直接性=locator未確認; 網羅性=関係IMPLIES自体の根拠未確認; 主張極性=DEFINITION_OR_SPECとして再分類; スコープ=PASS_AFTER_CONCRETE_VERSION_OR_EXPERIMENT_SCOPE; モダリティ=PASS_AFTER_CONDITIONAL_OR_REPRODUCTION_WORDING; 教材妥当性=PASS_AFTER_CONCRETE_VERSION_OR_EXPERIMENT_QUALIFIER; 形式化妥当性=FAIL_RELATION_IMPLIES。「検索結果の重複、版、矛盾、根拠不足を独自に検査する場合は、Retrieve → LambdaでEvidence Set作成 → Converseへ分けます。」の候補資料(SRC-178)はURL単位で、節・ページ・表・API見出しを独立に確認できていない。現文のFAIL_RELATION_IMPLIES、版・実験条件、資料内極性を断定せず、具体的な製品前提・ローカル定義・再現試験へ限定すれば教材内容を保持できる。,,,UNVERIFIED,原文をrevised_sentenceの具体文へ置換する。製品文は利用時点のregion/versionを受入条件へ追加し、研究文は同じ指標・比較条件で再現確認する。事実表現へ戻す場合は直接locatorを再監査する。,,,,,INCONCLUSIVE,NOT_APPLICABLE_UNPROVED,,,codex-independent-wave4,2026-08-15,INDEPENDENT_REVIEW_COMPLETE,PARTIAL_CANDIDATE_SOURCE_ONLY,FAIL_NO_DIRECT_LOCATOR,FAIL_RELATION_IMPLIES,DEFINITION_OR_SPEC,PASS_AFTER_CONCRETE_VERSION_OR_EXPERIMENT_SCOPE,PASS_AFTER_CONDITIONAL_OR_REPRODUCTION_WORDING,PASS_AFTER_CONCRETE_VERSION_OR_EXPERIMENT_QUALIFIER,FAIL_RELATION_IMPLIES
SENT-0232,52bebecfb2a435d0e7ff2efea557c5799674ded6,分離型では、Retrieveの結果からtext、location、metadata、scoreを受け取り、citationid、chunkid、documentid、version、sourceuri、retrievalrank、textへ正規化します。,本ガイドの基本構成では、分離型では、Retrieveの結果からtext、location、metadata、scoreを受け取り、citationid、chunkid、documentid、version、sourceuri、retrievalrank、textへ正規化します。,"AND(AND(ATOM(retrieval=true), ATOM(citation=true)), ATOM(empirical_result=true))",AND,general_technical_claim,UNCLASSIFIED,10.5.1 (docs/10.AWSで設計・実装する/10.5.根拠整形と生成を接続する.md:14),SRC-178,UNVERIFIED_CANDIDATE_URL_ONLY,EMPIRICAL_RESULT,citation=true;retrieval=true,empirical_result=true,,REWRITE_REQUIRED,権威性=候補一次資料のみ; 直接性=locator未確認; 網羅性=未支持atom=empirical_result=true; 主張極性=EMPIRICAL_RESULTとして再分類; スコープ=PASS_AFTER_TEST_SCOPE_QUALIFICATION; モダリティ=PASS_AFTER_HYPOTHESIS_QUALIFIER; 教材妥当性=PASS_AS_EXPLICIT_TESTABLE_HYPOTHESIS; 形式化妥当性=FAIL_UNSUPPORTED_ATOMS:empirical_result=true。「分離型では、Retrieveの結果からtext、location、metadata、scoreを受け取り、citationid、chunkid、document」は候補資料(SRC-178)に直接locatorがなく、一般的事実としてはFAIL_UNSUPPORTED_ATOMS:empirical_result=trueが残る。原文の対象と作用を維持したまま、本ガイドの構成または対象データでの検証へスコープを限定すれば教材上の検討事項を保持できる。,,,UNVERIFIED,原文をrevised_sentenceへ置換し、対象データ、比較条件、観測指標、合否閾値を同じ節に追記する。検証後に限り事実表現へ戻し、意味を保存して再形式化する。,,,,,INCONCLUSIVE,NOT_APPLICABLE_UNPROVED,,,codex-independent-wave4,2026-08-15,INDEPENDENT_REVIEW_COMPLETE,PARTIAL_CANDIDATE_SOURCE_ONLY,FAIL_NO_DIRECT_LOCATOR,FAIL_UNSUPPORTED_ATOMS:empirical_result=true,EMPIRICAL_RESULT,PASS_AFTER_TEST_SCOPE_QUALIFICATION,PASS_AFTER_HYPOTHESIS_QUALIFIER,PASS_AS_EXPLICIT_TESTABLE_HYPOTHESIS,FAIL_UNSUPPORTED_ATOMS:empirical_result=true
SENT-0235,52bebecfb2a435d0e7ff2efea557c5799674ded6,各根拠を ... のように識別し、回答の各主張へE01形式のcitation IDを付けるようにします。,本ガイドの基本構成では、各根拠を ... のように識別し、回答の各主張へE01形式のcitation IDを付けるようにします。,"AND(AND(ATOM(generation=true), ATOM(citation=true)), ATOM(evidence_support=true))",AND,general_technical_claim,UNCLASSIFIED,10.5.2 (docs/10.AWSで設計・実装する/10.5.根拠整形と生成を接続する.md:18),SRC-178,UNVERIFIED_CANDIDATE_URL_ONLY,BACKGROUND_CITATION,citation=true;generation=true,evidence_support=true,,REWRITE_REQUIRED,権威性=候補一次資料のみ; 直接性=locator未確認; 網羅性=未支持atom=evidence_support=true; 主張極性=BACKGROUND_CITATIONとして再分類; スコープ=PASS_AFTER_TEST_SCOPE_QUALIFICATION; モダリティ=PASS_AFTER_HYPOTHESIS_QUALIFIER; 教材妥当性=PASS_AS_EXPLICIT_TESTABLE_HYPOTHESIS; 形式化妥当性=FAIL_UNSUPPORTED_ATOMS:evidence_support=true。「各根拠を ... のように識別し、回答の各主張へE01形式のcitation IDを付けるようにします。」は候補資料(SRC-178)に直接locatorがなく、一般的事実としてはFAIL_UNSUPPORTED_ATOMS:evidence_support=trueが残る。原文の対象と作用を維持したまま、本ガイドの構成または対象データでの検証へスコープを限定すれば教材上の検討事項を保持できる。,,,UNVERIFIED,原文をrevised_sentenceへ置換し、対象データ、比較条件、観測指標、合否閾値を同じ節に追記する。検証後に限り事実表現へ戻し、意味を保存して再形式化する。,,,,,INCONCLUSIVE,NOT_APPLICABLE_UNPROVED,,,codex-independent-wave4,2026-08-15,INDEPENDENT_REVIEW_COMPLETE,PARTIAL_CANDIDATE_SOURCE_ONLY,FAIL_NO_DIRECT_LOCATOR,FAIL_UNSUPPORTED_ATOMS:evidence_support=true,BACKGROUND_CITATION,PASS_AFTER_TEST_SCOPE_QUALIFICATION,PASS_AFTER_HYPOTHESIS_QUALIFIER,PASS_AS_EXPLICIT_TESTABLE_HYPOTHESIS,FAIL_UNSUPPORTED_ATOMS:evidence_support=true
SENT-0240,52bebecfb2a435d0e7ff2efea557c5799674ded6,JSON Schemaで出力を制約できるmodelとregionは利用時点の対応状況を確認し、非対応の場合もアプリケーション側で同じschemaを検証します。,本ガイドの基本構成では、JSON Schemaで出力を制約できるmodelとregionは利用時点の対応状況を確認し、非対応の場合もアプリケーション側で同じschemaを検証します。,"IMP(ATOM(temporal_freshness=true), ATOM(verification=true))",IMPLIES,externally_cited_claim,できる,10.5.3 (docs/10.AWSで設計・実装する/10.5.根拠整形と生成を接続する.md:24),SRC-191,UNVERIFIED_CANDIDATE_URL_ONLY,AUTHOR_CLAIM,,temporal_freshness=true;verification=true,IMPLIES,REWRITE_REQUIRED,権威性=候補一次資料のみ; 直接性=locator未確認; 網羅性=関係IMPLIES自体の根拠未確認; 主張極性=AUTHOR_CLAIMとして再分類; スコープ=PASS_AFTER_CONCRETE_VERSION_OR_EXPERIMENT_SCOPE; モダリティ=PASS_AFTER_CONDITIONAL_OR_REPRODUCTION_WORDING; 教材妥当性=PASS_AFTER_CONCRETE_VERSION_OR_EXPERIMENT_QUALIFIER; 形式化妥当性=FAIL_RELATION_IMPLIES。「JSON Schemaで出力を制約できるmodelとregionは利用時点の対応状況を確認し、非対応の場合もアプリケーション側で同じschemaを検証します。」の候補資料(SRC-191)はURL単位で、節・ページ・表・API見出しを独立に確認できていない。現文のFAIL_RELATION_IMPLIES、版・実験条件、資料内極性を断定せず、具体的な製品前提・ローカル定義・再現試験へ限定すれば教材内容を保持できる。,,,UNVERIFIED,原文をrevised_sentenceの具体文へ置換する。製品文は利用時点のregion/versionを受入条件へ追加し、研究文は同じ指標・比較条件で再現確認する。事実表現へ戻す場合は直接locatorを再監査する。,,,,,INCONCLUSIVE,NOT_APPLICABLE_UNPROVED,,,codex-independent-wave4,2026-08-15,INDEPENDENT_REVIEW_COMPLETE,PARTIAL_CANDIDATE_SOURCE_ONLY,FAIL_NO_DIRECT_LOCATOR,FAIL_RELATION_IMPLIES,AUTHOR_CLAIM,PASS_AFTER_CONCRETE_VERSION_OR_EXPERIMENT_SCOPE,PASS_AFTER_CONDITIONAL_OR_REPRODUCTION_WORDING,PASS_AFTER_CONCRETE_VERSION_OR_EXPERIMENT_QUALIFIER,FAIL_RELATION_IMPLIES
SENT-0242,52bebecfb2a435d0e7ff2efea557c5799674ded6,生成後は、未知のcitation ID、citationのない検証可能な主張、取得本文に支持されない主張を検出します。,本ガイドの基本構成では、生成後は、未知のcitation ID、citationのない検証可能な主張、取得本文に支持されない主張を検出します。,"NOT(AND(AND(AND(AND(ATOM(retrieval=true), ATOM(generation=true)), ATOM(citation=true)), ATOM(verification=true)), ATOM(evidence_support=true)))",NOT,general_technical_claim,可能;ない,10.5.3 (docs/10.AWSで設計・実装する/10.5.根拠整形と生成を接続する.md:26),SRC-178,UNVERIFIED_CANDIDATE_URL_ONLY,BACKGROUND_CITATION,citation=true;generation=true;retrieval=true,evidence_support=true;verification=true,NOT,REWRITE_REQUIRED,権威性=候補一次資料のみ; 直接性=locator未確認; 網羅性=関係NOT自体の根拠未確認; 主張極性=BACKGROUND_CITATIONとして再分類; スコープ=PASS_AFTER_TEST_SCOPE_QUALIFICATION; モダリティ=PASS_AFTER_HYPOTHESIS_QUALIFIER; 教材妥当性=PASS_AS_EXPLICIT_TESTABLE_HYPOTHESIS; 形式化妥当性=FAIL_RELATION_NOT。「生成後は、未知のcitation ID、citationのない検証可能な主張、取得本文に支持されない主張を検出します。」は候補資料(SRC-178)に直接locatorがなく、一般的事実としてはFAIL_RELATION_NOTが残る。原文の対象と作用を維持したまま、本ガイドの構成または対象データでの検証へスコープを限定すれば教材上の検討事項を保持できる。,,,UNVERIFIED,原文をrevised_sentenceへ置換し、対象データ、比較条件、観測指標、合否閾値を同じ節に追記する。検証後に限り事実表現へ戻し、意味を保存して再形式化する。,,,,,INCONCLUSIVE,NOT_APPLICABLE_UNPROVED,,,codex-independent-wave4,2026-08-15,INDEPENDENT_REVIEW_COMPLETE,PARTIAL_CANDIDATE_SOURCE_ONLY,FAIL_NO_DIRECT_LOCATOR,FAIL_RELATION_NOT,BACKGROUND_CITATION,PASS_AFTER_TEST_SCOPE_QUALIFICATION,PASS_AFTER_HYPOTHESIS_QUALIFIER,PASS_AS_EXPLICIT_TESTABLE_HYPOTHESIS,FAIL_RELATION_NOT
SENT-0244,52bebecfb2a435d0e7ff2efea557c5799674ded6,Amazon Bedrock Guardrailsは有害内容や機密情報の検査へ使えますが、根拠の正しさや文書アクセス条件を検証する機能ではありません。,利用時点の対象リージョンの公式仕様で前提機能と制限を確認したうえで、Amazon Bedrock Guardrailsは有害内容や機密情報の検査へ使えますが、根拠の正しさや文書アクセス条件を検証する機能ではありません。,"NOT(AND(AND(AND(ATOM(verification=true), ATOM(evidence_support=true)), ATOM(bedrock_kb=true)), ATOM(guardrails=true)))",NOT,official_product_contract,ません,10.5.3 (docs/10.AWSで設計・実装する/10.5.根拠整形と生成を接続する.md:28),SRC-191,UNVERIFIED_CANDIDATE_URL_ONLY,DEFINITION_OR_SPEC,bedrock_kb=true,evidence_support=true;guardrails=true;verification=true,NOT,REWRITE_REQUIRED,権威性=候補一次資料のみ; 直接性=locator未確認; 網羅性=関係NOT自体の根拠未確認; 主張極性=DEFINITION_OR_SPECとして再分類; スコープ=PASS_AFTER_CONCRETE_VERSION_OR_EXPERIMENT_SCOPE; モダリティ=PASS_AFTER_CONDITIONAL_OR_REPRODUCTION_WORDING; 教材妥当性=PASS_AFTER_CONCRETE_VERSION_OR_EXPERIMENT_QUALIFIER; 形式化妥当性=FAIL_RELATION_NOT。「Amazon Bedrock Guardrailsは有害内容や機密情報の検査へ使えますが、根拠の正しさや文書アクセス条件を検証する機能ではありません。」の候補資料(SRC-191)はURL単位で、節・ページ・表・API見出しを独立に確認できていない。現文のFAIL_RELATION_NOT、版・実験条件、資料内極性を断定せず、具体的な製品前提・ローカル定義・再現試験へ限定すれば教材内容を保持できる。,,,UNVERIFIED,原文をrevised_sentenceの具体文へ置換する。製品文は利用時点のregion/versionを受入条件へ追加し、研究文は同じ指標・比較条件で再現確認する。事実表現へ戻す場合は直接locatorを再監査する。,,,,,INCONCLUSIVE,NOT_APPLICABLE_UNPROVED,,,codex-independent-wave4,2026-08-15,INDEPENDENT_REVIEW_COMPLETE,PARTIAL_CANDIDATE_SOURCE_ONLY,FAIL_NO_DIRECT_LOCATOR,FAIL_RELATION_NOT,DEFINITION_OR_SPEC,PASS_AFTER_CONCRETE_VERSION_OR_EXPERIMENT_SCOPE,PASS_AFTER_CONDITIONAL_OR_REPRODUCTION_WORDING,PASS_AFTER_CONCRETE_VERSION_OR_EXPERIMENT_QUALIFIER,FAIL_RELATION_NOT
SENT-0245,52bebecfb2a435d0e7ff2efea557c5799674ded6,RAG固有のcitation検査、claim support、answerabilityは[根拠に基づく回答](../6.根拠に基づいて回答する/序文.md)の基準で別に実装します。,RAG固有のcitation検査、claim support、answerabilityは[根拠に基づく回答](../6.根拠に基づいて回答する/序文.md)の基準で別に実装します。,"AND(AND(AND(ATOM(generation=true), ATOM(citation=true)), ATOM(answerability=true)), ATOM(evidence_support=true))",AND,general_technical_claim,UNCLASSIFIED,10.5.3 (docs/10.AWSで設計・実装する/10.5.根拠整形と生成を接続する.md:28),SRC-178,NOT_APPLICABLE_LOCAL_NORM,HYPOTHESIS,citation=true;generation=true,answerability=true;evidence_support=true,,APPROPRIATE_NORMATIVE,権威性=候補一次資料のみ; 直接性=locator未確認; 網羅性=未支持atom=answerability=true;evidence_support=true; 主張極性=HYPOTHESISとして再分類; スコープ=PASS_LOCAL_DESIGN_POLICY; モダリティ=PASS_AS_DISCLOSED_NORMATIVE_RULE; 教材妥当性=PASS_AFTER_EXPLICIT_CRITERIA_AND_EXCEPTION; 形式化妥当性=FAIL_UNSUPPORTED_ATOMS:answerability=true;evidence_support=true。「RAG固有のcitation検査、claim support、answerabilityは[根拠に基づく回答](../6.根拠に基づいて回答する/序文.md)の」は外的真偽の断定ではなく、対象・処理・判断を特定した設計・運用上の選択規則として読める。ただし候補資料(SRC-178)はURL単位で、直接locatorは未確認。規範の判断基準と例外を明示すれば教材として採用できる。形式面ではFAIL_UNSUPPORTED_ATOMS:answerability=true;evidence_support=trueを別途解消する必要がある。,対象データ・負荷・モデルで比較し、品質指標、p95遅延、費用の受入閾値を事前に定義すること,数値は初期候補とし、データ量、モデル、リージョン、負荷が異なる場合は再測定して変更する,NOT_APPLICABLE,本文は維持し、節内に判断基準「対象データ・負荷・モデルで比較し、品質指標、p95遅延、費用の受入閾値を事前に定義すること」と例外「数値は初期候補とし、データ量、モデル、リージョン、負荷が異なる場合は再測定して変更する」を明記する。経験的な効果保証とは分離し、意味を保存して再形式化する。,,,,,INCONCLUSIVE,NOT_APPLICABLE_UNPROVED,,,codex-independent-wave4,2026-08-15,INDEPENDENT_REVIEW_COMPLETE,PARTIAL_CANDIDATE_SOURCE_ONLY,FAIL_NO_DIRECT_LOCATOR,FAIL_UNSUPPORTED_ATOMS:answerability=true;evidence_support=true,HYPOTHESIS,PASS_LOCAL_DESIGN_POLICY,PASS_AS_DISCLOSED_NORMATIVE_RULE,PASS_AFTER_EXPLICIT_CRITERIA_AND_EXCEPTION,FAIL_UNSUPPORTED_ATOMS:answerability=true;evidence_support=true
SENT-0246,52bebecfb2a435d0e7ff2efea557c5799674ded6,評価データをS3へ置き、Knowledge BaseのRAG評価で検索だけの評価と、検索から生成までの評価を分けます。,本ガイドの基本構成では、評価データをS3へ置き、Knowledge BaseのRAG評価で検索だけの評価と、検索から生成までの評価を分けます。,"AND(AND(AND(AND(ATOM(retrieval=true), ATOM(generation=true)), ATOM(external_knowledge=true)), ATOM(evaluation=true)), ATOM(bedrock_kb=true))",AND,externally_cited_claim,UNCLASSIFIED,10.6.1 (docs/10.AWSで設計・実装する/10.6.評価と運用を接続する.md:5),SRC-192,UNVERIFIED_CANDIDATE_URL_ONLY,EMPIRICAL_RESULT,bedrock_kb=true;evaluation=true,external_knowledge=true;generation=true;retrieval=true,,REWRITE_REQUIRED,権威性=候補一次資料のみ; 直接性=locator未確認; 網羅性=未支持atom=external_knowledge=true;generation=true;retrieval=true; 主張極性=EMPIRICAL_RESULTとして再分類; スコープ=PASS_AFTER_CONCRETE_VERSION_OR_EXPERIMENT_SCOPE; モダリティ=PASS_AFTER_CONDITIONAL_OR_REPRODUCTION_WORDING; 教材妥当性=PASS_AFTER_CONCRETE_VERSION_OR_EXPERIMENT_QUALIFIER; 形式化妥当性=FAIL_UNSUPPORTED_ATOMS:external_knowledge=true;generation=true;retrieval=true。「評価データをS3へ置き、Knowledge BaseのRAG評価で検索だけの評価と、検索から生成までの評価を分けます。」の候補資料(SRC-192)はURL単位で、節・ページ・表・API見出しを独立に確認できていない。現文のFAIL_UNSUPPORTED_ATOMS:external_knowledge=true;generation=true;retrieval=true、版・実験条件、資料内極性を断定せず、具体的な製品前提・ローカル定義・再現試験へ限定すれば教材内容を保持できる。,,,UNVERIFIED,原文をrevised_sentenceの具体文へ置換する。製品文は利用時点のregion/versionを受入条件へ追加し、研究文は同じ指標・比較条件で再現確認する。事実表現へ戻す場合は直接locatorを再監査する。,,,,,INCONCLUSIVE,NOT_APPLICABLE_UNPROVED,,,codex-independent-wave4,2026-08-15,INDEPENDENT_REVIEW_COMPLETE,PARTIAL_CANDIDATE_SOURCE_ONLY,FAIL_NO_DIRECT_LOCATOR,FAIL_UNSUPPORTED_ATOMS:external_knowledge=true;generation=true;retrieval=true,EMPIRICAL_RESULT,PASS_AFTER_CONCRETE_VERSION_OR_EXPERIMENT_SCOPE,PASS_AFTER_CONDITIONAL_OR_REPRODUCTION_WORDING,PASS_AFTER_CONCRETE_VERSION_OR_EXPERIMENT_QUALIFIER,FAIL_UNSUPPORTED_ATOMS:external_knowledge=true;generation=true;retrieval=true
SENT-0247,52bebecfb2a435d0e7ff2efea557c5799674ded6,Bedrock Evaluationsの結果に加え、[品質評価](../7.品質を評価し改善する/序文.md)で定義したgold evidence、回答保留、citation correctnessを同じdataset IDへ結び付けます。,Bedrock Evaluationsの結果に加え、[品質評価](../7.品質を評価し改善する/序文.md)で定義したgold evidence、回答保留、citation correctnessを同じdataset IDへ結び付けます。,"AND(AND(AND(AND(AND(ATOM(generation=true), ATOM(citation=true)), ATOM(evidence_support=true)), ATOM(evaluation=true)), ATOM(bedrock_kb=true)), ATOM(empirical_result=true))",AND,empirical_or_research_claim,UNCLASSIFIED,10.6.1 (docs/10.AWSで設計・実装する/10.6.評価と運用を接続する.md:5),SRC-192,NOT_APPLICABLE_LOCAL_NORM,HYPOTHESIS,bedrock_kb=true;evaluation=true,citation=true;empirical_result=true;evidence_support=true;generation=true,,APPROPRIATE_NORMATIVE,権威性=候補一次資料のみ; 直接性=locator未確認; 網羅性=未支持atom=citation=true;empirical_result=true;evidence_support=true;generation=true; 主張極性=HYPOTHESISとして再分類; スコープ=PASS_LOCAL_DESIGN_POLICY; モダリティ=PASS_AS_DISCLOSED_NORMATIVE_RULE; 教材妥当性=PASS_AFTER_EXPLICIT_CRITERIA_AND_EXCEPTION; 形式化妥当性=FAIL_UNSUPPORTED_ATOMS:citation=true;empirical_result=true;evidence_support=true;generation=true。「Bedrock Evaluationsの結果に加え、[品質評価](../7.品質を評価し改善する/序文.md)で定義したgold evidence、回答保留、c」は外的真偽の断定ではなく、対象・処理・判断を特定した設計・運用上の選択規則として読める。ただし候補資料(SRC-192)はURL単位で、直接locatorは未確認。規範の判断基準と例外を明示すれば教材として採用できる。形式面ではFAIL_UNSUPPORTED_ATOMS:citation=true;empirical_result=true;evidence_support=true;generation=trueを別途解消する必要がある。,対象データ・負荷・モデルで比較し、品質指標、p95遅延、費用の受入閾値を事前に定義すること,数値は初期候補とし、データ量、モデル、リージョン、負荷が異なる場合は再測定して変更する,NOT_APPLICABLE,本文は維持し、節内に判断基準「対象データ・負荷・モデルで比較し、品質指標、p95遅延、費用の受入閾値を事前に定義すること」と例外「数値は初期候補とし、データ量、モデル、リージョン、負荷が異なる場合は再測定して変更する」を明記する。経験的な効果保証とは分離し、意味を保存して再形式化する。,,,,,INCONCLUSIVE,NOT_APPLICABLE_UNPROVED,,,codex-independent-wave4,2026-08-15,INDEPENDENT_REVIEW_COMPLETE,PARTIAL_CANDIDATE_SOURCE_ONLY,FAIL_NO_DIRECT_LOCATOR,FAIL_UNSUPPORTED_ATOMS:citation=true;empirical_result=true;evidence_support=true;generation=true,HYPOTHESIS,PASS_LOCAL_DESIGN_POLICY,PASS_AS_DISCLOSED_NORMATIVE_RULE,PASS_AFTER_EXPLICIT_CRITERIA_AND_EXCEPTION,FAIL_UNSUPPORTED_ATOMS:citation=true;empirical_result=true;evidence_support=true;generation=true
SENT-0257,52bebecfb2a435d0e7ff2efea557c5799674ded6,初期の公開基準例は、gold evidenceに対するRecall@20、rerank後の上位5件のcoverage、citation correctness、answerable判定、p95 latency、質問当たり費用です。,本ガイドの基本構成では、初期の公開基準例は、gold evidenceに対するRecall@20、rerank後の上位5件のcoverage、citation correctness、answerable判定、p95 latency、質問当たり費用です。,"AND(AND(AND(AND(AND(AND(AND(ATOM(recall_latency_tradeoff=true), ATOM(rerank=true)), ATOM(citation=true)), ATOM(answerability=true)), ATOM(evidence_support=true)), ATOM(recall_metric=true)), ATOM(latency=true)), ATOM(cost=true))",AND,general_technical_claim,UNCLASSIFIED,10.6.3 (docs/10.AWSで設計・実装する/10.6.評価と運用を接続する.md:22),SRC-005;SRC-178;SRC-187;SRC-190,UNVERIFIED_CANDIDATE_URL_ONLY,BACKGROUND_CITATION,citation=true;evidence_support=true;rerank=true,answerability=true;cost=true;latency=true;recall_latency_tradeoff=true;recall_metric=true,,REWRITE_REQUIRED,権威性=候補一次資料のみ; 直接性=locator未確認; 網羅性=未支持atom=answerability=true;cost=true;latency=true;recall_latency_tradeoff=true;recall_metric=true; 主張極性=BACKGROUND_CITATIONとして再分類; スコープ=PASS_AFTER_TEST_SCOPE_QUALIFICATION; モダリティ=PASS_AFTER_HYPOTHESIS_QUALIFIER; 教材妥当性=PASS_AS_EXPLICIT_TESTABLE_HYPOTHESIS; 形式化妥当性=FAIL_UNSUPPORTED_ATOMS:answerability=true;cost=true;latency=true;recall_latency_tradeoff=true;recall_metric=true。「初期の公開基準例は、gold evidenceに対するRecall@20、rerank後の上位5件のcoverage、citation correctness、」は候補資料(SRC-005;SRC-178;SRC-187;SRC-190)に直接locatorがなく、一般的事実としてはFAIL_UNSUPPORTED_ATOMS:answerability=true;cost=true;latency=true;recall_latency_tradeoff=true;recall_metric=trueが残る。原文の対象と作用を維持したまま、本ガイドの構成または対象データでの検証へスコープを限定すれば教材上の検討事項を保持できる。,,,UNVERIFIED,原文をrevised_sentenceへ置換し、対象データ、比較条件、観測指標、合否閾値を同じ節に追記する。検証後に限り事実表現へ戻し、意味を保存して再形式化する。,,,,,INCONCLUSIVE,NOT_APPLICABLE_UNPROVED,,,codex-independent-wave4,2026-08-15,INDEPENDENT_REVIEW_COMPLETE,PARTIAL_CANDIDATE_SOURCE_ONLY,FAIL_NO_DIRECT_LOCATOR,FAIL_UNSUPPORTED_ATOMS:answerability=true;cost=true;latency=true;recall_latency_tradeoff=true;recall_metric=true,BACKGROUND_CITATION,PASS_AFTER_TEST_SCOPE_QUALIFICATION,PASS_AFTER_HYPOTHESIS_QUALIFIER,PASS_AS_EXPLICIT_TESTABLE_HYPOTHESIS,FAIL_UNSUPPORTED_ATOMS:answerability=true;cost=true;latency=true;recall_latency_tradeoff=true;recall_metric=true
SENT-0265,52bebecfb2a435d0e7ff2efea557c5799674ded6,S3 → Knowledge Bases → S3 Vectors → Retrieve → Converse,利用時点の対象リージョンで各サービス間の契約を確認し、構成経路を「S3 → Knowledge Bases → S3 Vectors → Retrieve → Converse」とします。,"AND(AND(AND(ATOM(retrieval=true), ATOM(external_knowledge=true)), ATOM(bedrock_kb=true)), ATOM(s3_vectors=true))",AND,official_product_contract,UNCLASSIFIED,10.7.1 (docs/10.AWSで設計・実装する/10.7.構成パターン.md:7),SRC-193;SRC-005;SRC-052,UNVERIFIED_CANDIDATE_URL_ONLY,DEFINITION_OR_SPEC,bedrock_kb=true;retrieval=true,external_knowledge=true;s3_vectors=true,,REWRITE_REQUIRED,権威性=候補一次資料のみ; 直接性=locator未確認; 網羅性=未支持atom=external_knowledge=true;s3_vectors=true; 主張極性=DEFINITION_OR_SPECとして再分類; スコープ=PASS_AFTER_CONCRETE_VERSION_OR_EXPERIMENT_SCOPE; モダリティ=PASS_AFTER_CONDITIONAL_OR_REPRODUCTION_WORDING; 教材妥当性=PASS_AFTER_CONCRETE_VERSION_OR_EXPERIMENT_QUALIFIER; 形式化妥当性=FAIL_UNSUPPORTED_ATOMS:external_knowledge=true;s3_vectors=true。「S3 → Knowledge Bases → S3 Vectors → Retrieve → Converse」の候補資料(SRC-193;SRC-005;SRC-052)はURL単位で、節・ページ・表・API見出しを独立に確認できていない。現文のFAIL_UNSUPPORTED_ATOMS:external_knowledge=true;s3_vectors=true、版・実験条件、資料内極性を断定せず、具体的な製品前提・ローカル定義・再現試験へ限定すれば教材内容を保持できる。,,,UNVERIFIED,原文をrevised_sentenceの具体文へ置換する。製品文は利用時点のregion/versionを受入条件へ追加し、研究文は同じ指標・比較条件で再現確認する。事実表現へ戻す場合は直接locatorを再監査する。,,,,,INCONCLUSIVE,NOT_APPLICABLE_UNPROVED,,,codex-independent-wave4,2026-08-15,INDEPENDENT_REVIEW_COMPLETE,PARTIAL_CANDIDATE_SOURCE_ONLY,FAIL_NO_DIRECT_LOCATOR,FAIL_UNSUPPORTED_ATOMS:external_knowledge=true;s3_vectors=true,DEFINITION_OR_SPEC,PASS_AFTER_CONCRETE_VERSION_OR_EXPERIMENT_SCOPE,PASS_AFTER_CONDITIONAL_OR_REPRODUCTION_WORDING,PASS_AFTER_CONCRETE_VERSION_OR_EXPERIMENT_QUALIFIER,FAIL_UNSUPPORTED_ATOMS:external_knowledge=true;s3_vectors=true
SENT-0266,52bebecfb2a435d0e7ff2efea557c5799674ded6,Titan Text Embeddings V2の1024次元、float32、正規化、cosineを基準にし、default chunking約300 token、Retrieve 20件、rerank後5件から評価を始めます。,利用時点の対象リージョンの公式仕様で前提機能と制限を確認したうえで、Titan Text Embeddings V2の1024次元、float32、正規化、cosineを基準にし、default chunking約300 token、Retrieve 20件、rerank後5件から評価を始めます。,"AND(AND(AND(AND(AND(AND(AND(ATOM(cosine_compatible=true), ATOM(rerank=true)), ATOM(chunking=true)), ATOM(retrieval=true)), ATOM(evaluation=true)), ATOM(fault_tolerance=true)), ATOM(embedding_model=true)), ATOM(dimension_contract=true))",AND,official_product_contract,UNCLASSIFIED,10.7.1 (docs/10.AWSで設計・実装する/10.7.構成パターン.md:9),SRC-052;SRC-005;SRC-193,UNVERIFIED_CANDIDATE_URL_ONLY,DEFINITION_OR_SPEC,dimension_contract=true;retrieval=true,chunking=true;cosine_compatible=true;embedding_model=true;evaluation=true;fault_tolerance=true;rerank=true,,REWRITE_REQUIRED,権威性=候補一次資料のみ; 直接性=locator未確認; 網羅性=未支持atom=chunking=true;cosine_compatible=true;embedding_model=true;evaluation=true;fault_tolerance=true;rerank=true; 主張極性=DEFINITION_OR_SPECとして再分類; スコープ=PASS_AFTER_CONCRETE_VERSION_OR_EXPERIMENT_SCOPE; モダリティ=PASS_AFTER_CONDITIONAL_OR_REPRODUCTION_WORDING; 教材妥当性=PASS_AFTER_CONCRETE_VERSION_OR_EXPERIMENT_QUALIFIER; 形式化妥当性=FAIL_UNSUPPORTED_ATOMS:chunking=true;cosine_compatible=true;embedding_model=true;evaluation=true;fault_tolerance=true;rerank=true。「Titan Text Embeddings V2の1024次元、float32、正規化、cosineを基準にし、default chunking約300 tok」の候補資料(SRC-052;SRC-005;SRC-193)はURL単位で、節・ページ・表・API見出しを独立に確認できていない。現文のFAIL_UNSUPPORTED_ATOMS:chunking=true;cosine_compatible=true;embedding_model=true;evaluation=true;fault_tolerance=true;rerank=true、版・実験条件、資料内極性を断定せず、具体的な製品前提・ローカル定義・再現試験へ限定すれば教材内容を保持できる。,,,UNVERIFIED,原文をrevised_sentenceの具体文へ置換する。製品文は利用時点のregion/versionを受入条件へ追加し、研究文は同じ指標・比較条件で再現確認する。事実表現へ戻す場合は直接locatorを再監査する。,,,,,INCONCLUSIVE,NOT_APPLICABLE_UNPROVED,,,codex-independent-wave4,2026-08-15,INDEPENDENT_REVIEW_COMPLETE,PARTIAL_CANDIDATE_SOURCE_ONLY,FAIL_NO_DIRECT_LOCATOR,FAIL_UNSUPPORTED_ATOMS:chunking=true;cosine_compatible=true;embedding_model=true;evaluation=true;fault_tolerance=true;rerank=true,DEFINITION_OR_SPEC,PASS_AFTER_CONCRETE_VERSION_OR_EXPERIMENT_SCOPE,PASS_AFTER_CONDITIONAL_OR_REPRODUCTION_WORDING,PASS_AFTER_CONCRETE_VERSION_OR_EXPERIMENT_QUALIFIER,FAIL_UNSUPPORTED_ATOMS:chunking=true;cosine_compatible=true;embedding_model=true;evaluation=true;fault_tolerance=true;rerank=true
SENT-0268,52bebecfb2a435d0e7ff2efea557c5799674ded6,S3 → Knowledge Bases → hybrid対応vector store → Retrieve(HYBRID) → reranker → Converse,利用時点の対象リージョンで各サービス間の契約を確認し、構成経路を「S3 → Knowledge Bases → hybrid対応vector store → Retrieve(HYBRID) → reranker → Converse」とします。,"AND(AND(AND(ATOM(rerank=true), ATOM(retrieval=true)), ATOM(external_knowledge=true)), ATOM(bedrock_kb=true))",AND,official_product_contract,UNCLASSIFIED,10.7.2 (docs/10.AWSで設計・実装する/10.7.構成パターン.md:13),SRC-193;SRC-005;SRC-052,UNVERIFIED_CANDIDATE_URL_ONLY,DEFINITION_OR_SPEC,bedrock_kb=true;retrieval=true,external_knowledge=true;rerank=true,,REWRITE_REQUIRED,権威性=候補一次資料のみ; 直接性=locator未確認; 網羅性=未支持atom=external_knowledge=true;rerank=true; 主張極性=DEFINITION_OR_SPECとして再分類; スコープ=PASS_AFTER_CONCRETE_VERSION_OR_EXPERIMENT_SCOPE; モダリティ=PASS_AFTER_CONDITIONAL_OR_REPRODUCTION_WORDING; 教材妥当性=PASS_AFTER_CONCRETE_VERSION_OR_EXPERIMENT_QUALIFIER; 形式化妥当性=FAIL_UNSUPPORTED_ATOMS:external_knowledge=true;rerank=true。「S3 → Knowledge Bases → hybrid対応vector store → Retrieve(HYBRID) → reranker → Conv」の候補資料(SRC-193;SRC-005;SRC-052)はURL単位で、節・ページ・表・API見出しを独立に確認できていない。現文のFAIL_UNSUPPORTED_ATOMS:external_knowledge=true;rerank=true、版・実験条件、資料内極性を断定せず、具体的な製品前提・ローカル定義・再現試験へ限定すれば教材内容を保持できる。,,,UNVERIFIED,原文をrevised_sentenceの具体文へ置換する。製品文は利用時点のregion/versionを受入条件へ追加し、研究文は同じ指標・比較条件で再現確認する。事実表現へ戻す場合は直接locatorを再監査する。,,,,,INCONCLUSIVE,NOT_APPLICABLE_UNPROVED,,,codex-independent-wave4,2026-08-15,INDEPENDENT_REVIEW_COMPLETE,PARTIAL_CANDIDATE_SOURCE_ONLY,FAIL_NO_DIRECT_LOCATOR,FAIL_UNSUPPORTED_ATOMS:external_knowledge=true;rerank=true,DEFINITION_OR_SPEC,PASS_AFTER_CONCRETE_VERSION_OR_EXPERIMENT_SCOPE,PASS_AFTER_CONDITIONAL_OR_REPRODUCTION_WORDING,PASS_AFTER_CONCRETE_VERSION_OR_EXPERIMENT_QUALIFIER,FAIL_UNSUPPORTED_ATOMS:external_knowledge=true;rerank=true
SENT-0269,52bebecfb2a435d0e7ff2efea557c5799674ded6,Amazon OpenSearch Serverlessを使う場合、indexはfaiss engineで作成し、embedding modelと同じdimensionのvector field、raw chunkを保存するfilterableなtext field、filter対象metadata、Bedrock metadata fieldを定義します。,利用時点の対象リージョンの公式仕様で前提機能と制限を確認したうえで、Amazon OpenSearch Serverlessを使う場合、indexはfaiss engineで作成し、embedding modelと同じdimensionのvector field、raw chunkを保存するfilterableなtext field、filter対象metadata、Bedrock metadata fieldを定義します。,"IMP(ATOM(opensearch=true), AND(AND(ATOM(bedrock_kb=true), ATOM(embedding_model=true)), ATOM(dimension_contract=true)))",IMPLIES,concrete_technology_claim,UNCLASSIFIED,10.7.2 (docs/10.AWSで設計・実装する/10.7.構成パターン.md:15),SRC-052,UNVERIFIED_CANDIDATE_URL_ONLY,DEFINITION_OR_SPEC,dimension_contract=true,bedrock_kb=true;embedding_model=true;opensearch=true,IMPLIES,REWRITE_REQUIRED,権威性=候補一次資料のみ; 直接性=locator未確認; 網羅性=関係IMPLIES自体の根拠未確認; 主張極性=DEFINITION_OR_SPECとして再分類; スコープ=PASS_AFTER_CONCRETE_VERSION_OR_EXPERIMENT_SCOPE; モダリティ=PASS_AFTER_CONDITIONAL_OR_REPRODUCTION_WORDING; 教材妥当性=PASS_AFTER_CONCRETE_VERSION_OR_EXPERIMENT_QUALIFIER; 形式化妥当性=FAIL_RELATION_IMPLIES。「Amazon OpenSearch Serverlessを使う場合、indexはfaiss engineで作成し、embedding modelと同じdimen」の候補資料(SRC-052)はURL単位で、節・ページ・表・API見出しを独立に確認できていない。現文のFAIL_RELATION_IMPLIES、版・実験条件、資料内極性を断定せず、具体的な製品前提・ローカル定義・再現試験へ限定すれば教材内容を保持できる。,,,UNVERIFIED,原文をrevised_sentenceの具体文へ置換する。製品文は利用時点のregion/versionを受入条件へ追加し、研究文は同じ指標・比較条件で再現確認する。事実表現へ戻す場合は直接locatorを再監査する。,,,,,INCONCLUSIVE,NOT_APPLICABLE_UNPROVED,,,codex-independent-wave4,2026-08-15,INDEPENDENT_REVIEW_COMPLETE,PARTIAL_CANDIDATE_SOURCE_ONLY,FAIL_NO_DIRECT_LOCATOR,FAIL_RELATION_IMPLIES,DEFINITION_OR_SPEC,PASS_AFTER_CONCRETE_VERSION_OR_EXPERIMENT_SCOPE,PASS_AFTER_CONDITIONAL_OR_REPRODUCTION_WORDING,PASS_AFTER_CONCRETE_VERSION_OR_EXPERIMENT_QUALIFIER,FAIL_RELATION_IMPLIES
SENT-0274,52bebecfb2a435d0e7ff2efea557c5799674ded6,固有名詞、識別子、表記揺れを含むqueryでRecallが改善するかを同じcandidate数で確認します。,固有名詞、識別子、表記揺れを含むqueryでRecallが改善するかを同じcandidate数で確認します。,"AND(ATOM(recall_metric=true), ATOM(empirical_result=true))",AND,empirical_or_research_claim,UNCLASSIFIED,10.7.2 (docs/10.AWSで設計・実装する/10.7.構成パターン.md:17),SRC-052;SRC-064,NOT_APPLICABLE_LOCAL_NORM,HYPOTHESIS,empirical_result=true,recall_metric=true,,APPROPRIATE_NORMATIVE,権威性=候補一次資料のみ; 直接性=locator未確認; 網羅性=未支持atom=recall_metric=true; 主張極性=HYPOTHESISとして再分類; スコープ=PASS_LOCAL_DESIGN_POLICY; モダリティ=PASS_AS_DISCLOSED_NORMATIVE_RULE; 教材妥当性=PASS_AFTER_EXPLICIT_CRITERIA_AND_EXCEPTION; 形式化妥当性=FAIL_UNSUPPORTED_ATOMS:recall_metric=true。「固有名詞、識別子、表記揺れを含むqueryでRecallが改善するかを同じcandidate数で確認します。」は外的真偽の断定ではなく、対象・処理・判断を特定した設計・運用上の選択規則として読める。ただし候補資料(SRC-052;SRC-064)はURL単位で、直接locatorは未確認。規範の判断基準と例外を明示すれば教材として採用できる。形式面ではFAIL_UNSUPPORTED_ATOMS:recall_metric=trueを別途解消する必要がある。,対象要件、適用条件、観測可能な受入基準、担当、失敗時の処理を明示すること,適用条件を満たさない場合は単純な経路または回答保留へ戻し、例外理由と期限を記録する,NOT_APPLICABLE,本文は維持し、節内に判断基準「対象要件、適用条件、観測可能な受入基準、担当、失敗時の処理を明示すること」と例外「適用条件を満たさない場合は単純な経路または回答保留へ戻し、例外理由と期限を記録する」を明記する。経験的な効果保証とは分離し、意味を保存して再形式化する。,,,,,INCONCLUSIVE,NOT_APPLICABLE_UNPROVED,,,codex-independent-wave4,2026-08-15,INDEPENDENT_REVIEW_COMPLETE,PARTIAL_CANDIDATE_SOURCE_ONLY,FAIL_NO_DIRECT_LOCATOR,FAIL_UNSUPPORTED_ATOMS:recall_metric=true,HYPOTHESIS,PASS_LOCAL_DESIGN_POLICY,PASS_AS_DISCLOSED_NORMATIVE_RULE,PASS_AFTER_EXPLICIT_CRITERIA_AND_EXCEPTION,FAIL_UNSUPPORTED_ATOMS:recall_metric=true
SENT-0275,52bebecfb2a435d0e7ff2efea557c5799674ded6,Lambda → S3 Vectorsのdense検索 + OpenSearchのBM25 → RRF → reranker → Evidence Set → Converse,利用時点の対象リージョンで各サービス間の契約を確認し、構成経路を「Lambda → S3 Vectorsのdense検索 + OpenSearchのBM25 → RRF → reranker → Evidence Set → Converse」とします。,"AND(AND(AND(AND(AND(ATOM(dense=true), ATOM(rerank=true)), ATOM(retrieval=true)), ATOM(evidence_support=true)), ATOM(s3_vectors=true)), ATOM(opensearch=true))",AND,concrete_technology_claim,UNCLASSIFIED,10.7.3 (docs/10.AWSで設計・実装する/10.7.構成パターン.md:21),SRC-005;SRC-064,UNVERIFIED_CANDIDATE_URL_ONLY,DEFINITION_OR_SPEC,evidence_support=true;retrieval=true,dense=true;opensearch=true;rerank=true;s3_vectors=true,,REWRITE_REQUIRED,権威性=候補一次資料のみ; 直接性=locator未確認; 網羅性=未支持atom=dense=true;opensearch=true;rerank=true;s3_vectors=true; 主張極性=DEFINITION_OR_SPECとして再分類; スコープ=PASS_AFTER_CONCRETE_VERSION_OR_EXPERIMENT_SCOPE; モダリティ=PASS_AFTER_CONDITIONAL_OR_REPRODUCTION_WORDING; 教材妥当性=PASS_AFTER_CONCRETE_VERSION_OR_EXPERIMENT_QUALIFIER; 形式化妥当性=FAIL_UNSUPPORTED_ATOMS:dense=true;opensearch=true;rerank=true;s3_vectors=true。「Lambda → S3 Vectorsのdense検索 + OpenSearchのBM25 → RRF → reranker → Evidence Set → 」の候補資料(SRC-005;SRC-064)はURL単位で、節・ページ・表・API見出しを独立に確認できていない。現文のFAIL_UNSUPPORTED_ATOMS:dense=true;opensearch=true;rerank=true;s3_vectors=true、版・実験条件、資料内極性を断定せず、具体的な製品前提・ローカル定義・再現試験へ限定すれば教材内容を保持できる。,,,UNVERIFIED,原文をrevised_sentenceの具体文へ置換する。製品文は利用時点のregion/versionを受入条件へ追加し、研究文は同じ指標・比較条件で再現確認する。事実表現へ戻す場合は直接locatorを再監査する。,,,,,INCONCLUSIVE,NOT_APPLICABLE_UNPROVED,,,codex-independent-wave4,2026-08-15,INDEPENDENT_REVIEW_COMPLETE,PARTIAL_CANDIDATE_SOURCE_ONLY,FAIL_NO_DIRECT_LOCATOR,FAIL_UNSUPPORTED_ATOMS:dense=true;opensearch=true;rerank=true;s3_vectors=true,DEFINITION_OR_SPEC,PASS_AFTER_CONCRETE_VERSION_OR_EXPERIMENT_SCOPE,PASS_AFTER_CONDITIONAL_OR_REPRODUCTION_WORDING,PASS_AFTER_CONCRETE_VERSION_OR_EXPERIMENT_QUALIFIER,FAIL_UNSUPPORTED_ATOMS:dense=true;opensearch=true;rerank=true;s3_vectors=true
SENT-0276,52bebecfb2a435d0e7ff2efea557c5799674ded6,vector保存量をS3 Vectorsへ置きつつ、語彙一致を別検索器で補う構成です。,利用時点の対象リージョンの公式仕様で前提機能と制限を確認したうえで、vector保存量をS3 Vectorsへ置きつつ、語彙一致を別検索器で補う構成です。,"AND(AND(ATOM(lexical=true), ATOM(retrieval=true)), ATOM(s3_vectors=true))",AND,official_product_contract,UNCLASSIFIED,10.7.3 (docs/10.AWSで設計・実装する/10.7.構成パターン.md:23),SRC-005;SRC-052;SRC-193,UNVERIFIED_CANDIDATE_URL_ONLY,DEFINITION_OR_SPEC,lexical=true;retrieval=true,s3_vectors=true,,REWRITE_REQUIRED,権威性=候補一次資料のみ; 直接性=locator未確認; 網羅性=未支持atom=s3_vectors=true; 主張極性=DEFINITION_OR_SPECとして再分類; スコープ=PASS_AFTER_CONCRETE_VERSION_OR_EXPERIMENT_SCOPE; モダリティ=PASS_AFTER_CONDITIONAL_OR_REPRODUCTION_WORDING; 教材妥当性=PASS_AFTER_CONCRETE_VERSION_OR_EXPERIMENT_QUALIFIER; 形式化妥当性=FAIL_UNSUPPORTED_ATOMS:s3_vectors=true。「vector保存量をS3 Vectorsへ置きつつ、語彙一致を別検索器で補う構成です。」の候補資料(SRC-005;SRC-052;SRC-193)はURL単位で、節・ページ・表・API見出しを独立に確認できていない。現文のFAIL_UNSUPPORTED_ATOMS:s3_vectors=true、版・実験条件、資料内極性を断定せず、具体的な製品前提・ローカル定義・再現試験へ限定すれば教材内容を保持できる。,,,UNVERIFIED,原文をrevised_sentenceの具体文へ置換する。製品文は利用時点のregion/versionを受入条件へ追加し、研究文は同じ指標・比較条件で再現確認する。事実表現へ戻す場合は直接locatorを再監査する。,,,,,INCONCLUSIVE,NOT_APPLICABLE_UNPROVED,,,codex-independent-wave4,2026-08-15,INDEPENDENT_REVIEW_COMPLETE,PARTIAL_CANDIDATE_SOURCE_ONLY,FAIL_NO_DIRECT_LOCATOR,FAIL_UNSUPPORTED_ATOMS:s3_vectors=true,DEFINITION_OR_SPEC,PASS_AFTER_CONCRETE_VERSION_OR_EXPERIMENT_SCOPE,PASS_AFTER_CONDITIONAL_OR_REPRODUCTION_WORDING,PASS_AFTER_CONCRETE_VERSION_OR_EXPERIMENT_QUALIFIER,FAIL_UNSUPPORTED_ATOMS:s3_vectors=true
SENT-0277,52bebecfb2a435d0e7ff2efea557c5799674ded6,各検索器には同じchunkid、version、filter metadata、アクセス制御属性を登録し、取り込み、更新、削除を両方へ伝播させます。,本ガイドの基本構成では、各検索器には同じchunkid、version、filter metadata、アクセス制御属性を登録し、取り込み、更新、削除を両方へ伝播させます。,"AND(ATOM(retrieval=true), ATOM(authorization=true))",AND,general_technical_claim,UNCLASSIFIED,10.7.3 (docs/10.AWSで設計・実装する/10.7.構成パターン.md:23),SRC-005;SRC-052;SRC-193,UNVERIFIED_CANDIDATE_URL_ONLY,BACKGROUND_CITATION,retrieval=true,authorization=true,,REWRITE_REQUIRED,権威性=候補一次資料のみ; 直接性=locator未確認; 網羅性=未支持atom=authorization=true; 主張極性=BACKGROUND_CITATIONとして再分類; スコープ=PASS_AFTER_TEST_SCOPE_QUALIFICATION; モダリティ=PASS_AFTER_HYPOTHESIS_QUALIFIER; 教材妥当性=PASS_AS_EXPLICIT_TESTABLE_HYPOTHESIS; 形式化妥当性=FAIL_UNSUPPORTED_ATOMS:authorization=true。「各検索器には同じchunkid、version、filter metadata、アクセス制御属性を登録し、取り込み、更新、削除を両方へ伝播させます。」は候補資料(SRC-005;SRC-052;SRC-193)に直接locatorがなく、一般的事実としてはFAIL_UNSUPPORTED_ATOMS:authorization=trueが残る。原文の対象と作用を維持したまま、本ガイドの構成または対象データでの検証へスコープを限定すれば教材上の検討事項を保持できる。,,,UNVERIFIED,原文をrevised_sentenceへ置換し、対象データ、比較条件、観測指標、合否閾値を同じ節に追記する。検証後に限り事実表現へ戻し、意味を保存して再形式化する。,,,,,INCONCLUSIVE,NOT_APPLICABLE_UNPROVED,,,codex-independent-wave4,2026-08-15,INDEPENDENT_REVIEW_COMPLETE,PARTIAL_CANDIDATE_SOURCE_ONLY,FAIL_NO_DIRECT_LOCATOR,FAIL_UNSUPPORTED_ATOMS:authorization=true,BACKGROUND_CITATION,PASS_AFTER_TEST_SCOPE_QUALIFICATION,PASS_AFTER_HYPOTHESIS_QUALIFIER,PASS_AS_EXPLICIT_TESTABLE_HYPOTHESIS,FAIL_UNSUPPORTED_ATOMS:authorization=true
SENT-0278,52bebecfb2a435d0e7ff2efea557c5799674ded6,初期値として各20件を取得し、RRFで20件へ統合してから5件へrerankします。,本ガイドの基本構成では、初期値として各20件を取得し、RRFで20件へ統合してから5件へrerankします。,"AND(ATOM(rerank=true), ATOM(retrieval=true))",AND,concrete_technology_claim,UNCLASSIFIED,10.7.3 (docs/10.AWSで設計・実装する/10.7.構成パターン.md:23),SRC-064,UNVERIFIED_CANDIDATE_URL_ONLY,DEFINITION_OR_SPEC,,rerank=true;retrieval=true,,REWRITE_REQUIRED,権威性=候補一次資料のみ; 直接性=locator未確認; 網羅性=未支持atom=rerank=true;retrieval=true; 主張極性=DEFINITION_OR_SPECとして再分類; スコープ=PASS_AFTER_CONCRETE_VERSION_OR_EXPERIMENT_SCOPE; モダリティ=PASS_AFTER_CONDITIONAL_OR_REPRODUCTION_WORDING; 教材妥当性=PASS_AFTER_CONCRETE_VERSION_OR_EXPERIMENT_QUALIFIER; 形式化妥当性=FAIL_UNSUPPORTED_ATOMS:rerank=true;retrieval=true。「初期値として各20件を取得し、RRFで20件へ統合してから5件へrerankします。」の候補資料(SRC-064)はURL単位で、節・ページ・表・API見出しを独立に確認できていない。現文のFAIL_UNSUPPORTED_ATOMS:rerank=true;retrieval=true、版・実験条件、資料内極性を断定せず、具体的な製品前提・ローカル定義・再現試験へ限定すれば教材内容を保持できる。,,,UNVERIFIED,原文をrevised_sentenceの具体文へ置換する。製品文は利用時点のregion/versionを受入条件へ追加し、研究文は同じ指標・比較条件で再現確認する。事実表現へ戻す場合は直接locatorを再監査する。,,,,,INCONCLUSIVE,NOT_APPLICABLE_UNPROVED,,,codex-independent-wave4,2026-08-15,INDEPENDENT_REVIEW_COMPLETE,PARTIAL_CANDIDATE_SOURCE_ONLY,FAIL_NO_DIRECT_LOCATOR,FAIL_UNSUPPORTED_ATOMS:rerank=true;retrieval=true,DEFINITION_OR_SPEC,PASS_AFTER_CONCRETE_VERSION_OR_EXPERIMENT_SCOPE,PASS_AFTER_CONDITIONAL_OR_REPRODUCTION_WORDING,PASS_AFTER_CONCRETE_VERSION_OR_EXPERIMENT_QUALIFIER,FAIL_UNSUPPORTED_ATOMS:rerank=true;retrieval=true
SENT-0279,52bebecfb2a435d0e7ff2efea557c5799674ded6,denseのみ、BM25のみ、統合後を別々に記録し、各retrieverのtimeoutと部分失敗も評価します。,本ガイドの基本構成では、denseのみ、BM25のみ、統合後を別々に記録し、各retrieverのtimeoutと部分失敗も評価します。,"AND(AND(ATOM(dense=true), ATOM(retrieval=true)), ATOM(evaluation=true))",AND,concrete_technology_claim,のみ,10.7.3 (docs/10.AWSで設計・実装する/10.7.構成パターン.md:23),SRC-005,UNVERIFIED_CANDIDATE_URL_ONLY,DEFINITION_OR_SPEC,retrieval=true,dense=true;evaluation=true,,REWRITE_REQUIRED,権威性=候補一次資料のみ; 直接性=locator未確認; 網羅性=未支持atom=dense=true;evaluation=true; 主張極性=DEFINITION_OR_SPECとして再分類; スコープ=PASS_AFTER_CONCRETE_VERSION_OR_EXPERIMENT_SCOPE; モダリティ=PASS_AFTER_CONDITIONAL_OR_REPRODUCTION_WORDING; 教材妥当性=PASS_AFTER_CONCRETE_VERSION_OR_EXPERIMENT_QUALIFIER; 形式化妥当性=FAIL_UNSUPPORTED_ATOMS:dense=true;evaluation=true。「denseのみ、BM25のみ、統合後を別々に記録し、各retrieverのtimeoutと部分失敗も評価します。」の候補資料(SRC-005)はURL単位で、節・ページ・表・API見出しを独立に確認できていない。現文のFAIL_UNSUPPORTED_ATOMS:dense=true;evaluation=true、版・実験条件、資料内極性を断定せず、具体的な製品前提・ローカル定義・再現試験へ限定すれば教材内容を保持できる。,,,UNVERIFIED,原文をrevised_sentenceの具体文へ置換する。製品文は利用時点のregion/versionを受入条件へ追加し、研究文は同じ指標・比較条件で再現確認する。事実表現へ戻す場合は直接locatorを再監査する。,,,,,INCONCLUSIVE,NOT_APPLICABLE_UNPROVED,,,codex-independent-wave4,2026-08-15,INDEPENDENT_REVIEW_COMPLETE,PARTIAL_CANDIDATE_SOURCE_ONLY,FAIL_NO_DIRECT_LOCATOR,FAIL_UNSUPPORTED_ATOMS:dense=true;evaluation=true,DEFINITION_OR_SPEC,PASS_AFTER_CONCRETE_VERSION_OR_EXPERIMENT_SCOPE,PASS_AFTER_CONDITIONAL_OR_REPRODUCTION_WORDING,PASS_AFTER_CONCRETE_VERSION_OR_EXPERIMENT_QUALIFIER,FAIL_UNSUPPORTED_ATOMS:dense=true;evaluation=true
SENT-0280,52bebecfb2a435d0e7ff2efea557c5799674ded6,LambdaまたはStep Functions → Knowledge Bases + Athena/Aurora/Redshift + Neptune Analytics → Evidence Set → Converse,利用時点の対象リージョンで各サービス間の契約を確認し、構成経路を「LambdaまたはStep Functions → Knowledge Bases + Athena/Aurora/Redshift + Neptune Analytics → Evidence Set → Converse」とします。,"AND(AND(ATOM(external_knowledge=true), ATOM(evidence_support=true)), ATOM(bedrock_kb=true))",AND,official_product_contract,UNCLASSIFIED,10.7.4 (docs/10.AWSで設計・実装する/10.7.構成パターン.md:27),SRC-005;SRC-193,UNVERIFIED_CANDIDATE_URL_ONLY,DEFINITION_OR_SPEC,bedrock_kb=true;evidence_support=true,external_knowledge=true,,REWRITE_REQUIRED,権威性=候補一次資料のみ; 直接性=locator未確認; 網羅性=未支持atom=external_knowledge=true; 主張極性=DEFINITION_OR_SPECとして再分類; スコープ=PASS_AFTER_CONCRETE_VERSION_OR_EXPERIMENT_SCOPE; モダリティ=PASS_AFTER_CONDITIONAL_OR_REPRODUCTION_WORDING; 教材妥当性=PASS_AFTER_CONCRETE_VERSION_OR_EXPERIMENT_QUALIFIER; 形式化妥当性=FAIL_UNSUPPORTED_ATOMS:external_knowledge=true。「LambdaまたはStep Functions → Knowledge Bases + Athena/Aurora/Redshift + Neptune Ana」の候補資料(SRC-005;SRC-193)はURL単位で、節・ページ・表・API見出しを独立に確認できていない。現文のFAIL_UNSUPPORTED_ATOMS:external_knowledge=true、版・実験条件、資料内極性を断定せず、具体的な製品前提・ローカル定義・再現試験へ限定すれば教材内容を保持できる。,,,UNVERIFIED,原文をrevised_sentenceの具体文へ置換する。製品文は利用時点のregion/versionを受入条件へ追加し、研究文は同じ指標・比較条件で再現確認する。事実表現へ戻す場合は直接locatorを再監査する。,,,,,INCONCLUSIVE,NOT_APPLICABLE_UNPROVED,,,codex-independent-wave4,2026-08-15,INDEPENDENT_REVIEW_COMPLETE,PARTIAL_CANDIDATE_SOURCE_ONLY,FAIL_NO_DIRECT_LOCATOR,FAIL_UNSUPPORTED_ATOMS:external_knowledge=true,DEFINITION_OR_SPEC,PASS_AFTER_CONCRETE_VERSION_OR_EXPERIMENT_SCOPE,PASS_AFTER_CONDITIONAL_OR_REPRODUCTION_WORDING,PASS_AFTER_CONCRETE_VERSION_OR_EXPERIMENT_QUALIFIER,FAIL_UNSUPPORTED_ATOMS:external_knowledge=true
SENT-0282,52bebecfb2a435d0e7ff2efea557c5799674ded6,結果はsource scoreを直接加算せず、役割とprovenanceを持つEvidence Setへ変換します。,本ガイドの基本構成では、結果はsource scoreを直接加算せず、役割とprovenanceを持つEvidence Setへ変換します。,"NOT(AND(ATOM(evidence_support=true), ATOM(empirical_result=true)))",NOT,empirical_or_research_claim,UNCLASSIFIED,10.7.4 (docs/10.AWSで設計・実装する/10.7.構成パターン.md:29),SRC-005;SRC-052;SRC-064,UNVERIFIED_CANDIDATE_URL_ONLY,EMPIRICAL_RESULT,empirical_result=true;evidence_support=true,,NOT,REWRITE_REQUIRED,権威性=候補一次資料のみ; 直接性=locator未確認; 網羅性=関係NOT自体の根拠未確認; 主張極性=EMPIRICAL_RESULTとして再分類; スコープ=PASS_AFTER_TEST_SCOPE_QUALIFICATION; モダリティ=PASS_AFTER_HYPOTHESIS_QUALIFIER; 教材妥当性=PASS_AS_EXPLICIT_TESTABLE_HYPOTHESIS; 形式化妥当性=FAIL_RELATION_NOT。「結果はsource scoreを直接加算せず、役割とprovenanceを持つEvidence Setへ変換します。」は候補資料(SRC-005;SRC-052;SRC-064)に直接locatorがなく、一般的事実としてはFAIL_RELATION_NOTが残る。原文の対象と作用を維持したまま、本ガイドの構成または対象データでの検証へスコープを限定すれば教材上の検討事項を保持できる。,,,UNVERIFIED,原文をrevised_sentenceへ置換し、対象データ、比較条件、観測指標、合否閾値を同じ節に追記する。検証後に限り事実表現へ戻し、意味を保存して再形式化する。,,,,,INCONCLUSIVE,NOT_APPLICABLE_UNPROVED,,,codex-independent-wave4,2026-08-15,INDEPENDENT_REVIEW_COMPLETE,PARTIAL_CANDIDATE_SOURCE_ONLY,FAIL_NO_DIRECT_LOCATOR,FAIL_RELATION_NOT,EMPIRICAL_RESULT,PASS_AFTER_TEST_SCOPE_QUALIFICATION,PASS_AFTER_HYPOTHESIS_QUALIFIER,PASS_AS_EXPLICIT_TESTABLE_HYPOTHESIS,FAIL_RELATION_NOT
SENT-0289,52bebecfb2a435d0e7ff2efea557c5799674ded6,表の値を答えるquery、図を探すquery、ページ全体の意味を問うqueryで評価し、text-onlyの基準を上回る処理だけを残します。,表の値を答えるquery、図を探すquery、ページ全体の意味を問うqueryで評価し、text-onlyの基準を上回る処理だけを残します。,"AND(ATOM(evaluation=true), ATOM(empirical_result=true))",AND,empirical_or_research_claim,UNCLASSIFIED,10.7.5 (docs/10.AWSで設計・実装する/10.7.構成パターン.md:37),SRC-193,NOT_APPLICABLE_LOCAL_NORM,HYPOTHESIS,,empirical_result=true;evaluation=true,,APPROPRIATE_NORMATIVE,権威性=候補一次資料のみ; 直接性=locator未確認; 網羅性=未支持atom=empirical_result=true;evaluation=true; 主張極性=HYPOTHESISとして再分類; スコープ=PASS_LOCAL_DESIGN_POLICY; モダリティ=PASS_AS_DISCLOSED_NORMATIVE_RULE; 教材妥当性=PASS_AFTER_EXPLICIT_CRITERIA_AND_EXCEPTION; 形式化妥当性=FAIL_UNSUPPORTED_ATOMS:empirical_result=true;evaluation=true。「表の値を答えるquery、図を探すquery、ページ全体の意味を問うqueryで評価し、text-onlyの基準を上回る処理だけを残します。」は外的真偽の断定ではなく、対象・処理・判断を特定した設計・運用上の選択規則として読める。ただし候補資料(SRC-193)はURL単位で、直接locatorは未確認。規範の判断基準と例外を明示すれば教材として採用できる。形式面ではFAIL_UNSUPPORTED_ATOMS:empirical_result=true;evaluation=trueを別途解消する必要がある。,対象データ・負荷・モデルで比較し、品質指標、p95遅延、費用の受入閾値を事前に定義すること,数値は初期候補とし、データ量、モデル、リージョン、負荷が異なる場合は再測定して変更する,NOT_APPLICABLE,本文は維持し、節内に判断基準「対象データ・負荷・モデルで比較し、品質指標、p95遅延、費用の受入閾値を事前に定義すること」と例外「数値は初期候補とし、データ量、モデル、リージョン、負荷が異なる場合は再測定して変更する」を明記する。経験的な効果保証とは分離し、意味を保存して再形式化する。,,,,,INCONCLUSIVE,NOT_APPLICABLE_UNPROVED,,,codex-independent-wave4,2026-08-15,INDEPENDENT_REVIEW_COMPLETE,PARTIAL_CANDIDATE_SOURCE_ONLY,FAIL_NO_DIRECT_LOCATOR,FAIL_UNSUPPORTED_ATOMS:empirical_result=true;evaluation=true,HYPOTHESIS,PASS_LOCAL_DESIGN_POLICY,PASS_AS_DISCLOSED_NORMATIVE_RULE,PASS_AFTER_EXPLICIT_CRITERIA_AND_EXCEPTION,FAIL_UNSUPPORTED_ATOMS:empirical_result=true;evaluation=true
SENT-0290,52bebecfb2a435d0e7ff2efea557c5799674ded6,Multimodal Knowledge Baseの対応parser、model、image保存先を実装時に確認します。,本ガイドの基本構成では、Multimodal Knowledge Baseの対応parser、model、image保存先を実装時に確認します。,"AND(AND(AND(ATOM(multimodal=true), ATOM(external_knowledge=true)), ATOM(bedrock_kb=true)), ATOM(parsing=true))",AND,externally_cited_claim,UNCLASSIFIED,10.7.5 (docs/10.AWSで設計・実装する/10.7.構成パターン.md:37),SRC-193,UNVERIFIED_CANDIDATE_URL_ONLY,AUTHOR_CLAIM,bedrock_kb=true;multimodal=true,external_knowledge=true;parsing=true,,REWRITE_REQUIRED,権威性=候補一次資料のみ; 直接性=locator未確認; 網羅性=未支持atom=external_knowledge=true;parsing=true; 主張極性=AUTHOR_CLAIMとして再分類; スコープ=PASS_AFTER_CONCRETE_VERSION_OR_EXPERIMENT_SCOPE; モダリティ=PASS_AFTER_CONDITIONAL_OR_REPRODUCTION_WORDING; 教材妥当性=PASS_AFTER_CONCRETE_VERSION_OR_EXPERIMENT_QUALIFIER; 形式化妥当性=FAIL_UNSUPPORTED_ATOMS:external_knowledge=true;parsing=true。「Multimodal Knowledge Baseの対応parser、model、image保存先を実装時に確認します。」の候補資料(SRC-193)はURL単位で、節・ページ・表・API見出しを独立に確認できていない。現文のFAIL_UNSUPPORTED_ATOMS:external_knowledge=true;parsing=true、版・実験条件、資料内極性を断定せず、具体的な製品前提・ローカル定義・再現試験へ限定すれば教材内容を保持できる。,,,UNVERIFIED,原文をrevised_sentenceの具体文へ置換する。製品文は利用時点のregion/versionを受入条件へ追加し、研究文は同じ指標・比較条件で再現確認する。事実表現へ戻す場合は直接locatorを再監査する。,,,,,INCONCLUSIVE,NOT_APPLICABLE_UNPROVED,,,codex-independent-wave4,2026-08-15,INDEPENDENT_REVIEW_COMPLETE,PARTIAL_CANDIDATE_SOURCE_ONLY,FAIL_NO_DIRECT_LOCATOR,FAIL_UNSUPPORTED_ATOMS:external_knowledge=true;parsing=true,AUTHOR_CLAIM,PASS_AFTER_CONCRETE_VERSION_OR_EXPERIMENT_SCOPE,PASS_AFTER_CONDITIONAL_OR_REPRODUCTION_WORDING,PASS_AFTER_CONCRETE_VERSION_OR_EXPERIMENT_QUALIFIER,FAIL_UNSUPPORTED_ATOMS:external_knowledge=true;parsing=true
SENT-0293,52bebecfb2a435d0e7ff2efea557c5799674ded6,Managed Knowledge BaseではRetrieveAndGenerateを使用せず、検索にRetrieveまたはAgenticRetrieveStreamを使います。,利用時点の対象リージョンの公式仕様で前提機能と制限を確認したうえで、Managed Knowledge BaseではRetrieveAndGenerateを使用せず、検索にRetrieveまたはAgenticRetrieveStreamを使います。,"NOT(AND(AND(AND(AND(ATOM(retrieval=true), ATOM(generation=true)), ATOM(external_knowledge=true)), ATOM(bedrock_kb=true)), ATOM(retrieve_and_generate=true)))",NOT,official_product_contract,UNCLASSIFIED,10.7.6 (docs/10.AWSで設計・実装する/10.7.構成パターン.md:44),SRC-193;SRC-005;SRC-052,UNVERIFIED_CANDIDATE_URL_ONLY,DEFINITION_OR_SPEC,bedrock_kb=true;generation=true;retrieval=true,external_knowledge=true;retrieve_and_generate=true,NOT,REWRITE_REQUIRED,権威性=候補一次資料のみ; 直接性=locator未確認; 網羅性=関係NOT自体の根拠未確認; 主張極性=DEFINITION_OR_SPECとして再分類; スコープ=PASS_AFTER_CONCRETE_VERSION_OR_EXPERIMENT_SCOPE; モダリティ=PASS_AFTER_CONDITIONAL_OR_REPRODUCTION_WORDING; 教材妥当性=PASS_AFTER_CONCRETE_VERSION_OR_EXPERIMENT_QUALIFIER; 形式化妥当性=FAIL_RELATION_NOT。「Managed Knowledge BaseではRetrieveAndGenerateを使用せず、検索にRetrieveまたはAgenticRetrieveSt」の候補資料(SRC-193;SRC-005;SRC-052)はURL単位で、節・ページ・表・API見出しを独立に確認できていない。現文のFAIL_RELATION_NOT、版・実験条件、資料内極性を断定せず、具体的な製品前提・ローカル定義・再現試験へ限定すれば教材内容を保持できる。,,,UNVERIFIED,原文をrevised_sentenceの具体文へ置換する。製品文は利用時点のregion/versionを受入条件へ追加し、研究文は同じ指標・比較条件で再現確認する。事実表現へ戻す場合は直接locatorを再監査する。,,,,,INCONCLUSIVE,NOT_APPLICABLE_UNPROVED,,,codex-independent-wave4,2026-08-15,INDEPENDENT_REVIEW_COMPLETE,PARTIAL_CANDIDATE_SOURCE_ONLY,FAIL_NO_DIRECT_LOCATOR,FAIL_RELATION_NOT,DEFINITION_OR_SPEC,PASS_AFTER_CONCRETE_VERSION_OR_EXPERIMENT_SCOPE,PASS_AFTER_CONDITIONAL_OR_REPRODUCTION_WORDING,PASS_AFTER_CONCRETE_VERSION_OR_EXPERIMENT_QUALIFIER,FAIL_RELATION_NOT
SENT-0299,52bebecfb2a435d0e7ff2efea557c5799674ded6,Amazon Bedrock Knowledge Basesを中心に、取り込み、検索、根拠整形、生成、評価をどこまでマネージド機能へ任せ、どこから独自処理へ分けるかを扱います。,利用時点の対象リージョンの公式仕様で前提機能と制限を確認したうえで、Amazon Bedrock Knowledge Basesを中心に、取り込み、検索、根拠整形、生成、評価をどこまでマネージド機能へ任せ、どこから独自処理へ分けるかを扱います。,"AND(AND(AND(AND(AND(ATOM(retrieval=true), ATOM(generation=true)), ATOM(external_knowledge=true)), ATOM(evidence_support=true)), ATOM(evaluation=true)), ATOM(bedrock_kb=true))",AND,official_product_contract,UNCLASSIFIED,INTRO-10 (docs/10.AWSで設計・実装する/序文.md:3),SRC-178;SRC-179;SRC-193;SRC-005;SRC-187,UNVERIFIED_CANDIDATE_URL_ONLY,DEFINITION_OR_SPEC,bedrock_kb=true;evidence_support=true;external_knowledge=true;generation=true;retrieval=true,evaluation=true,,REWRITE_REQUIRED,権威性=候補一次資料のみ; 直接性=locator未確認; 網羅性=未支持atom=evaluation=true; 主張極性=DEFINITION_OR_SPECとして再分類; スコープ=PASS_AFTER_CONCRETE_VERSION_OR_EXPERIMENT_SCOPE; モダリティ=PASS_AFTER_CONDITIONAL_OR_REPRODUCTION_WORDING; 教材妥当性=PASS_AFTER_CONCRETE_VERSION_OR_EXPERIMENT_QUALIFIER; 形式化妥当性=FAIL_UNSUPPORTED_ATOMS:evaluation=true。「Amazon Bedrock Knowledge Basesを中心に、取り込み、検索、根拠整形、生成、評価をどこまでマネージド機能へ任せ、どこから独自処理へ分け」の候補資料(SRC-178;SRC-179;SRC-193;SRC-005;SRC-187)はURL単位で、節・ページ・表・API見出しを独立に確認できていない。現文のFAIL_UNSUPPORTED_ATOMS:evaluation=true、版・実験条件、資料内極性を断定せず、具体的な製品前提・ローカル定義・再現試験へ限定すれば教材内容を保持できる。,,,UNVERIFIED,原文をrevised_sentenceの具体文へ置換する。製品文は利用時点のregion/versionを受入条件へ追加し、研究文は同じ指標・比較条件で再現確認する。事実表現へ戻す場合は直接locatorを再監査する。,,,,,INCONCLUSIVE,NOT_APPLICABLE_UNPROVED,,,codex-independent-wave4,2026-08-15,INDEPENDENT_REVIEW_COMPLETE,PARTIAL_CANDIDATE_SOURCE_ONLY,FAIL_NO_DIRECT_LOCATOR,FAIL_UNSUPPORTED_ATOMS:evaluation=true,DEFINITION_OR_SPEC,PASS_AFTER_CONCRETE_VERSION_OR_EXPERIMENT_SCOPE,PASS_AFTER_CONDITIONAL_OR_REPRODUCTION_WORDING,PASS_AFTER_CONCRETE_VERSION_OR_EXPERIMENT_QUALIFIER,FAIL_UNSUPPORTED_ATOMS:evaluation=true
SENT-0304,52bebecfb2a435d0e7ff2efea557c5799674ded6,embedding modelと次元、chunking、vector store、検索方式、候補数、metadata filter、reranking、Evidence Set、生成、評価を対象とします。,embedding modelと次元、chunking、vector store、検索方式、候補数、metadata filter、reranking、Evidence Set、生成、評価を対象とします。,"AND(AND(AND(AND(AND(AND(AND(AND(ATOM(rerank=true), ATOM(chunking=true)), ATOM(retrieval=true)), ATOM(generation=true)), ATOM(evidence_support=true)), ATOM(evaluation=true)), ATOM(metadata_filter=true)), ATOM(embedding_model=true)), ATOM(dimension_contract=true))",AND,general_technical_claim,UNCLASSIFIED,INTRO-10 (docs/10.AWSで設計・実装する/序文.md:7),SRC-005;SRC-052;SRC-178;SRC-179;SRC-180,NOT_APPLICABLE_LOCAL_NORM,HYPOTHESIS,dimension_contract=true;embedding_model=true;evidence_support=true;generation=true;metadata_filter=true;retrieval=true,chunking=true;evaluation=true;rerank=true,,APPROPRIATE_NORMATIVE,権威性=候補一次資料のみ; 直接性=locator未確認; 網羅性=未支持atom=chunking=true;evaluation=true;rerank=true; 主張極性=HYPOTHESISとして再分類; スコープ=PASS_LOCAL_DESIGN_POLICY; モダリティ=PASS_AS_DISCLOSED_NORMATIVE_RULE; 教材妥当性=PASS_AFTER_EXPLICIT_CRITERIA_AND_EXCEPTION; 形式化妥当性=FAIL_UNSUPPORTED_ATOMS:chunking=true;evaluation=true;rerank=true。「embedding modelと次元、chunking、vector store、検索方式、候補数、metadata filter、reranking、Evid」は外的真偽の断定ではなく、対象・処理・判断を特定した設計・運用上の選択規則として読める。ただし候補資料(SRC-005;SRC-052;SRC-178;SRC-179;SRC-180)はURL単位で、直接locatorは未確認。規範の判断基準と例外を明示すれば教材として採用できる。形式面ではFAIL_UNSUPPORTED_ATOMS:chunking=true;evaluation=true;rerank=trueを別途解消する必要がある。,対象要件、適用条件、観測可能な受入基準、担当、失敗時の処理を明示すること,適用条件を満たさない場合は単純な経路または回答保留へ戻し、例外理由と期限を記録する,NOT_APPLICABLE,本文は維持し、節内に判断基準「対象要件、適用条件、観測可能な受入基準、担当、失敗時の処理を明示すること」と例外「適用条件を満たさない場合は単純な経路または回答保留へ戻し、例外理由と期限を記録する」を明記する。経験的な効果保証とは分離し、意味を保存して再形式化する。,,,,,INCONCLUSIVE,NOT_APPLICABLE_UNPROVED,,,codex-independent-wave4,2026-08-15,INDEPENDENT_REVIEW_COMPLETE,PARTIAL_CANDIDATE_SOURCE_ONLY,FAIL_NO_DIRECT_LOCATOR,FAIL_UNSUPPORTED_ATOMS:chunking=true;evaluation=true;rerank=true,HYPOTHESIS,PASS_LOCAL_DESIGN_POLICY,PASS_AS_DISCLOSED_NORMATIVE_RULE,PASS_AFTER_EXPLICIT_CRITERIA_AND_EXCEPTION,FAIL_UNSUPPORTED_ATOMS:chunking=true;evaluation=true;rerank=true
SENT-0310,52bebecfb2a435d0e7ff2efea557c5799674ded6,Huangらのサーベイは、単一回の検索だけでなく、反復検索や複数段階の検索も、検索前処理、検索、検索後処理、生成の四段階で整理しています。,本ガイドでは、単一回の検索だけでなく、反復検索や複数段階の検索も、検索前処理、検索、検索後処理、生成の四段階で整理します。,"AND(AND(ATOM(multi_hop=true), ATOM(retrieval=true)), ATOM(generation=true))",AND,externally_cited_claim,UNCLASSIFIED,2.1.1 (docs/2.アーキテクチャ/2.1.RAGパイプライン全体像.md:6),SRC-008,UNVERIFIED_CANDIDATE_URL_ONLY,AUTHOR_CLAIM,generation=true;retrieval=true,multi_hop=true,,REWRITE_REQUIRED,権威性=候補一次資料のみ; 直接性=locator未確認; 網羅性=未支持atom=multi_hop=true; 主張極性=AUTHOR_CLAIMとして再分類; スコープ=PASS_AFTER_CONCRETE_VERSION_OR_EXPERIMENT_SCOPE; モダリティ=PASS_AFTER_CONDITIONAL_OR_REPRODUCTION_WORDING; 教材妥当性=PASS_AFTER_CONCRETE_VERSION_OR_EXPERIMENT_QUALIFIER; 形式化妥当性=FAIL_UNSUPPORTED_ATOMS:multi_hop=true。「Huangらのサーベイは、単一回の検索だけでなく、反復検索や複数段階の検索も、検索前処理、検索、検索後処理、生成の四段階で整理しています。」の候補資料(SRC-008)はURL単位で、節・ページ・表・API見出しを独立に確認できていない。現文のFAIL_UNSUPPORTED_ATOMS:multi_hop=true、版・実験条件、資料内極性を断定せず、具体的な製品前提・ローカル定義・再現試験へ限定すれば教材内容を保持できる。,,,UNVERIFIED,原文をrevised_sentenceの具体文へ置換する。製品文は利用時点のregion/versionを受入条件へ追加し、研究文は同じ指標・比較条件で再現確認する。事実表現へ戻す場合は直接locatorを再監査する。,,,,,INCONCLUSIVE,NOT_APPLICABLE_UNPROVED,,,codex-independent-wave4,2026-08-15,INDEPENDENT_REVIEW_COMPLETE,PARTIAL_CANDIDATE_SOURCE_ONLY,FAIL_NO_DIRECT_LOCATOR,FAIL_UNSUPPORTED_ATOMS:multi_hop=true,AUTHOR_CLAIM,PASS_AFTER_CONCRETE_VERSION_OR_EXPERIMENT_SCOPE,PASS_AFTER_CONDITIONAL_OR_REPRODUCTION_WORDING,PASS_AFTER_CONCRETE_VERSION_OR_EXPERIMENT_QUALIFIER,FAIL_UNSUPPORTED_ATOMS:multi_hop=true
SENT-0327,52bebecfb2a435d0e7ff2efea557c5799674ded6,検索前処理のうち、文書解析、分割、埋め込み、索引作成はBatch Layerで動き、質問理解と質問変換はReal-time Layerで動きます。,本ガイドの基本構成では、検索前処理のうち、文書解析、分割、埋め込み、索引作成はBatch Layerで動き、質問理解と質問変換はReal-time Layerで動きます。,"AND(ATOM(retrieval=true), ATOM(parsing=true))",AND,general_technical_claim,UNCLASSIFIED,2.1.2 (docs/2.アーキテクチャ/2.1.RAGパイプライン全体像.md:26),SRC-008,UNVERIFIED_CANDIDATE_URL_ONLY,BACKGROUND_CITATION,retrieval=true,parsing=true,,REWRITE_REQUIRED,権威性=候補一次資料のみ; 直接性=locator未確認; 網羅性=未支持atom=parsing=true; 主張極性=BACKGROUND_CITATIONとして再分類; スコープ=PASS_AFTER_TEST_SCOPE_QUALIFICATION; モダリティ=PASS_AFTER_HYPOTHESIS_QUALIFIER; 教材妥当性=PASS_AS_EXPLICIT_TESTABLE_HYPOTHESIS; 形式化妥当性=FAIL_UNSUPPORTED_ATOMS:parsing=true。「検索前処理のうち、文書解析、分割、埋め込み、索引作成はBatch Layerで動き、質問理解と質問変換はReal-time Layerで動きます。」は候補資料(SRC-008)に直接locatorがなく、一般的事実としてはFAIL_UNSUPPORTED_ATOMS:parsing=trueが残る。原文の対象と作用を維持したまま、本ガイドの構成または対象データでの検証へスコープを限定すれば教材上の検討事項を保持できる。,,,UNVERIFIED,原文をrevised_sentenceへ置換し、対象データ、比較条件、観測指標、合否閾値を同じ節に追記する。検証後に限り事実表現へ戻し、意味を保存して再形式化する。,,,,,INCONCLUSIVE,NOT_APPLICABLE_UNPROVED,,,codex-independent-wave4,2026-08-15,INDEPENDENT_REVIEW_COMPLETE,PARTIAL_CANDIDATE_SOURCE_ONLY,FAIL_NO_DIRECT_LOCATOR,FAIL_UNSUPPORTED_ATOMS:parsing=true,BACKGROUND_CITATION,PASS_AFTER_TEST_SCOPE_QUALIFICATION,PASS_AFTER_HYPOTHESIS_QUALIFIER,PASS_AS_EXPLICIT_TESTABLE_HYPOTHESIS,FAIL_UNSUPPORTED_ATOMS:parsing=true
SENT-0351,52bebecfb2a435d0e7ff2efea557c5799674ded6,| 検索後処理 | Context compression | [第5章 5.4.](../5.根拠を選別・整形する/5.4.Context compression.md) |,「検索後処理」では「Context compression」を対象とし、確認項目は「[第5章 5.4.](../5.根拠を選別・整形する/5.4.Context compression.md)」です。,"AND(AND(ATOM(retrieval=true), ATOM(evidence_support=true)), ATOM(context_compression=true))",AND,general_technical_claim,UNCLASSIFIED,2.1.3 (docs/2.アーキテクチャ/2.1.RAGパイプライン全体像.md:59),SRC-008,UNVERIFIED_CANDIDATE_URL_ONLY,BACKGROUND_CITATION,retrieval=true,context_compression=true;evidence_support=true,,REWRITE_REQUIRED,権威性=候補一次資料のみ; 直接性=locator未確認; 網羅性=未支持atom=context_compression=true;evidence_support=true; 主張極性=BACKGROUND_CITATIONとして再分類; スコープ=FAIL_NOT_A_PROPOSITION; モダリティ=NOT_APPLICABLE_FRAGMENT; 教材妥当性=PASS_AS_STRUCTURE_NOT_AS_CLAIM; 形式化妥当性=FAIL_UNSUPPORTED_ATOMS:context_compression=true;evidence_support=true。見出し・表セル・用語リンクの断片であり、独立した外部主張として判定できない。証拠必須文として扱う分類が教材構造と一致せず、形式化の主語・述語も欠ける。,,,NOT_APPLICABLE,原文をrevised_sentenceの完全な説明文へ置換し、sentence evidence分類をexpository_or_structural/evidence_required=noへ修正して未証明文キューから除外する。,,,,,INCONCLUSIVE,NOT_APPLICABLE_UNPROVED,,,codex-independent-wave4,2026-08-15,INDEPENDENT_REVIEW_COMPLETE,PARTIAL_CANDIDATE_SOURCE_ONLY,FAIL_NO_DIRECT_LOCATOR,FAIL_UNSUPPORTED_ATOMS:context_compression=true;evidence_support=true,BACKGROUND_CITATION,FAIL_NOT_A_PROPOSITION,NOT_APPLICABLE_FRAGMENT,PASS_AS_STRUCTURE_NOT_AS_CLAIM,FAIL_UNSUPPORTED_ATOMS:context_compression=true;evidence_support=true
SENT-0360,52bebecfb2a435d0e7ff2efea557c5799674ded6,| 生成 | Citation | [第6章 6.4.](../6.根拠に基づいて回答する/6.4.Citation設計.md) |,「生成」では「Citation」を対象とし、確認項目は「[第6章 6.4.](../6.根拠に基づいて回答する/6.4.Citation設計.md)」です。,"AND(AND(ATOM(generation=true), ATOM(citation=true)), ATOM(evidence_support=true))",AND,general_technical_claim,UNCLASSIFIED,2.1.3 (docs/2.アーキテクチャ/2.1.RAGパイプライン全体像.md:70),SRC-008,UNVERIFIED_CANDIDATE_URL_ONLY,BACKGROUND_CITATION,generation=true,citation=true;evidence_support=true,,REWRITE_REQUIRED,権威性=候補一次資料のみ; 直接性=locator未確認; 網羅性=未支持atom=citation=true;evidence_support=true; 主張極性=BACKGROUND_CITATIONとして再分類; スコープ=FAIL_NOT_A_PROPOSITION; モダリティ=NOT_APPLICABLE_FRAGMENT; 教材妥当性=PASS_AS_STRUCTURE_NOT_AS_CLAIM; 形式化妥当性=FAIL_UNSUPPORTED_ATOMS:citation=true;evidence_support=true。見出し・表セル・用語リンクの断片であり、独立した外部主張として判定できない。証拠必須文として扱う分類が教材構造と一致せず、形式化の主語・述語も欠ける。,,,NOT_APPLICABLE,原文をrevised_sentenceの完全な説明文へ置換し、sentence evidence分類をexpository_or_structural/evidence_required=noへ修正して未証明文キューから除外する。,,,,,INCONCLUSIVE,NOT_APPLICABLE_UNPROVED,,,codex-independent-wave4,2026-08-15,INDEPENDENT_REVIEW_COMPLETE,PARTIAL_CANDIDATE_SOURCE_ONLY,FAIL_NO_DIRECT_LOCATOR,FAIL_UNSUPPORTED_ATOMS:citation=true;evidence_support=true,BACKGROUND_CITATION,FAIL_NOT_A_PROPOSITION,NOT_APPLICABLE_FRAGMENT,PASS_AS_STRUCTURE_NOT_AS_CLAIM,FAIL_UNSUPPORTED_ATOMS:citation=true;evidence_support=true
SENT-0365,52bebecfb2a435d0e7ff2efea557c5799674ded6,四工程を横断する評価は[第7章](../7.品質を評価し改善する/序文.md)、RAG固有の非機能と運用は[第8章](../8.安全に運用する/序文.md)で確認します。,四工程を横断する評価は[第7章](../7.品質を評価し改善する/序文.md)、RAG固有の非機能と運用は[第8章](../8.安全に運用する/序文.md)で確認します。,"AND(ATOM(evaluation=true), ATOM(empirical_result=true))",AND,empirical_or_research_claim,UNCLASSIFIED,2.1.3 (docs/2.アーキテクチャ/2.1.RAGパイプライン全体像.md:76),SRC-008,NOT_APPLICABLE_LOCAL_NORM,HYPOTHESIS,,empirical_result=true;evaluation=true,,APPROPRIATE_NORMATIVE,権威性=候補一次資料のみ; 直接性=locator未確認; 網羅性=未支持atom=empirical_result=true;evaluation=true; 主張極性=HYPOTHESISとして再分類; スコープ=PASS_LOCAL_DESIGN_POLICY; モダリティ=PASS_AS_DISCLOSED_NORMATIVE_RULE; 教材妥当性=PASS_AFTER_EXPLICIT_CRITERIA_AND_EXCEPTION; 形式化妥当性=FAIL_UNSUPPORTED_ATOMS:empirical_result=true;evaluation=true。「四工程を横断する評価は[第7章](../7.品質を評価し改善する/序文.md)、RAG固有の非機能と運用は[第8章](../8.安全に運用する/序文.md)で確」は外的真偽の断定ではなく、対象・処理・判断を特定した設計・運用上の選択規則として読める。ただし候補資料(SRC-008)はURL単位で、直接locatorは未確認。規範の判断基準と例外を明示すれば教材として採用できる。形式面ではFAIL_UNSUPPORTED_ATOMS:empirical_result=true;evaluation=trueを別途解消する必要がある。,対象データ・負荷・モデルで比較し、品質指標、p95遅延、費用の受入閾値を事前に定義すること,数値は初期候補とし、データ量、モデル、リージョン、負荷が異なる場合は再測定して変更する,NOT_APPLICABLE,本文は維持し、節内に判断基準「対象データ・負荷・モデルで比較し、品質指標、p95遅延、費用の受入閾値を事前に定義すること」と例外「数値は初期候補とし、データ量、モデル、リージョン、負荷が異なる場合は再測定して変更する」を明記する。経験的な効果保証とは分離し、意味を保存して再形式化する。,,,,,INCONCLUSIVE,NOT_APPLICABLE_UNPROVED,,,codex-independent-wave4,2026-08-15,INDEPENDENT_REVIEW_COMPLETE,PARTIAL_CANDIDATE_SOURCE_ONLY,FAIL_NO_DIRECT_LOCATOR,FAIL_UNSUPPORTED_ATOMS:empirical_result=true;evaluation=true,HYPOTHESIS,PASS_LOCAL_DESIGN_POLICY,PASS_AS_DISCLOSED_NORMATIVE_RULE,PASS_AFTER_EXPLICIT_CRITERIA_AND_EXCEPTION,FAIL_UNSUPPORTED_ATOMS:empirical_result=true;evaluation=true
SENT-0372,52bebecfb2a435d0e7ff2efea557c5799674ded6,各文書とチャンクには、出典、版、時点、分類、来歴、アクセス制御属性を付けます。,各文書とチャンクには、出典、版、時点、分類、来歴、アクセス制御属性を付けます。,"AND(ATOM(temporal_freshness=true), ATOM(authorization=true))",AND,general_technical_claim,UNCLASSIFIED,2.2.1 (docs/2.アーキテクチャ/2.2.検索前処理の概要.md:11),SRC-008,NOT_APPLICABLE_LOCAL_NORM,HYPOTHESIS,,authorization=true;temporal_freshness=true,,APPROPRIATE_NORMATIVE,権威性=候補一次資料のみ; 直接性=locator未確認; 網羅性=未支持atom=authorization=true;temporal_freshness=true; 主張極性=HYPOTHESISとして再分類; スコープ=PASS_LOCAL_DESIGN_POLICY; モダリティ=PASS_AS_DISCLOSED_NORMATIVE_RULE; 教材妥当性=PASS_AFTER_EXPLICIT_CRITERIA_AND_EXCEPTION; 形式化妥当性=FAIL_UNSUPPORTED_ATOMS:authorization=true;temporal_freshness=true。「各文書とチャンクには、出典、版、時点、分類、来歴、アクセス制御属性を付けます。」は外的真偽の断定ではなく、対象・処理・判断を特定した設計・運用上の選択規則として読める。ただし候補資料(SRC-008)はURL単位で、直接locatorは未確認。規範の判断基準と例外を明示すれば教材として採用できる。形式面ではFAIL_UNSUPPORTED_ATOMS:authorization=true;temporal_freshness=trueを別途解消する必要がある。,最小権限を維持し、認可前後の候補、拒否理由、漏えい試験を観測可能にすること,法令・契約・組織方針がより厳しい場合はその基準を優先し、緊急例外も期限と事後監査を必須とする,NOT_APPLICABLE,本文は維持し、節内に判断基準「最小権限を維持し、認可前後の候補、拒否理由、漏えい試験を観測可能にすること」と例外「法令・契約・組織方針がより厳しい場合はその基準を優先し、緊急例外も期限と事後監査を必須とする」を明記する。経験的な効果保証とは分離し、意味を保存して再形式化する。,,,,,INCONCLUSIVE,NOT_APPLICABLE_UNPROVED,,,codex-independent-wave4,2026-08-15,INDEPENDENT_REVIEW_COMPLETE,PARTIAL_CANDIDATE_SOURCE_ONLY,FAIL_NO_DIRECT_LOCATOR,FAIL_UNSUPPORTED_ATOMS:authorization=true;temporal_freshness=true,HYPOTHESIS,PASS_LOCAL_DESIGN_POLICY,PASS_AS_DISCLOSED_NORMATIVE_RULE,PASS_AFTER_EXPLICIT_CRITERIA_AND_EXCEPTION,FAIL_UNSUPPORTED_ATOMS:authorization=true;temporal_freshness=true
SENT-0373,52bebecfb2a435d0e7ff2efea557c5799674ded6,文書の表現は、語彙一致に使う疎な索引と、意味の近さに使う埋め込み・ベクトル索引へ登録できます。,文書の表現は、語彙一致に使う疎な索引と、意味の近さに使う埋め込み・ベクトル索引へ登録できるかを、対象データと固定した比較条件で検証します。,"AND(ATOM(lexical=true), ATOM(sparse=true))",AND,general_technical_claim,できます,2.2.1 (docs/2.アーキテクチャ/2.2.検索前処理の概要.md:13),SRC-008,UNVERIFIED_CANDIDATE_URL_ONLY,BACKGROUND_CITATION,,lexical=true;sparse=true,,REWRITE_REQUIRED,権威性=候補一次資料のみ; 直接性=locator未確認; 網羅性=未支持atom=lexical=true;sparse=true; 主張極性=BACKGROUND_CITATIONとして再分類; スコープ=PASS_AFTER_TEST_SCOPE_QUALIFICATION; モダリティ=PASS_AFTER_HYPOTHESIS_QUALIFIER; 教材妥当性=PASS_AS_EXPLICIT_TESTABLE_HYPOTHESIS; 形式化妥当性=FAIL_UNSUPPORTED_ATOMS:lexical=true;sparse=true。「文書の表現は、語彙一致に使う疎な索引と、意味の近さに使う埋め込み・ベクトル索引へ登録できます。」は候補資料(SRC-008)に直接locatorがなく、一般的事実としてはFAIL_UNSUPPORTED_ATOMS:lexical=true;sparse=trueが残る。原文の対象と作用を維持したまま、本ガイドの構成または対象データでの検証へスコープを限定すれば教材上の検討事項を保持できる。,,,UNVERIFIED,原文をrevised_sentenceへ置換し、対象データ、比較条件、観測指標、合否閾値を同じ節に追記する。検証後に限り事実表現へ戻し、意味を保存して再形式化する。,,,,,INCONCLUSIVE,NOT_APPLICABLE_UNPROVED,,,codex-independent-wave4,2026-08-15,INDEPENDENT_REVIEW_COMPLETE,PARTIAL_CANDIDATE_SOURCE_ONLY,FAIL_NO_DIRECT_LOCATOR,FAIL_UNSUPPORTED_ATOMS:lexical=true;sparse=true,BACKGROUND_CITATION,PASS_AFTER_TEST_SCOPE_QUALIFICATION,PASS_AFTER_HYPOTHESIS_QUALIFIER,PASS_AS_EXPLICIT_TESTABLE_HYPOTHESIS,FAIL_UNSUPPORTED_ATOMS:lexical=true;sparse=true
SENT-0382,52bebecfb2a435d0e7ff2efea557c5799674ded6,疎検索は、製品コード、条文番号、専門用語などの語彙一致を捉えます。,本ガイドの基本構成では、疎検索は、製品コード、条文番号、専門用語などの語彙一致を捉えます。,"AND(AND(ATOM(lexical=true), ATOM(sparse=true)), ATOM(retrieval=true))",AND,general_technical_claim,UNCLASSIFIED,2.3.1 (docs/2.アーキテクチャ/2.3.検索の概要.md:8),SRC-008,UNVERIFIED_CANDIDATE_URL_ONLY,BACKGROUND_CITATION,retrieval=true,lexical=true;sparse=true,,REWRITE_REQUIRED,権威性=候補一次資料のみ; 直接性=locator未確認; 網羅性=未支持atom=lexical=true;sparse=true; 主張極性=BACKGROUND_CITATIONとして再分類; スコープ=PASS_AFTER_TEST_SCOPE_QUALIFICATION; モダリティ=PASS_AFTER_HYPOTHESIS_QUALIFIER; 教材妥当性=PASS_AS_EXPLICIT_TESTABLE_HYPOTHESIS; 形式化妥当性=FAIL_UNSUPPORTED_ATOMS:lexical=true;sparse=true。「疎検索は、製品コード、条文番号、専門用語などの語彙一致を捉えます。」は候補資料(SRC-008)に直接locatorがなく、一般的事実としてはFAIL_UNSUPPORTED_ATOMS:lexical=true;sparse=trueが残る。原文の対象と作用を維持したまま、本ガイドの構成または対象データでの検証へスコープを限定すれば教材上の検討事項を保持できる。,,,UNVERIFIED,原文をrevised_sentenceへ置換し、対象データ、比較条件、観測指標、合否閾値を同じ節に追記する。検証後に限り事実表現へ戻し、意味を保存して再形式化する。,,,,,INCONCLUSIVE,NOT_APPLICABLE_UNPROVED,,,codex-independent-wave4,2026-08-15,INDEPENDENT_REVIEW_COMPLETE,PARTIAL_CANDIDATE_SOURCE_ONLY,FAIL_NO_DIRECT_LOCATOR,FAIL_UNSUPPORTED_ATOMS:lexical=true;sparse=true,BACKGROUND_CITATION,PASS_AFTER_TEST_SCOPE_QUALIFICATION,PASS_AFTER_HYPOTHESIS_QUALIFIER,PASS_AS_EXPLICIT_TESTABLE_HYPOTHESIS,FAIL_UNSUPPORTED_ATOMS:lexical=true;sparse=true
SENT-0383,52bebecfb2a435d0e7ff2efea557c5799674ded6,密検索は、質問と文書の言い換えや意味の近さを捉えます。,本ガイドの基本構成では、密検索は、質問と文書の言い換えや意味の近さを捉えます。,"AND(ATOM(dense=true), ATOM(retrieval=true))",AND,general_technical_claim,UNCLASSIFIED,2.3.1 (docs/2.アーキテクチャ/2.3.検索の概要.md:9),SRC-008,UNVERIFIED_CANDIDATE_URL_ONLY,BACKGROUND_CITATION,retrieval=true,dense=true,,REWRITE_REQUIRED,権威性=候補一次資料のみ; 直接性=locator未確認; 網羅性=未支持atom=dense=true; 主張極性=BACKGROUND_CITATIONとして再分類; スコープ=PASS_AFTER_TEST_SCOPE_QUALIFICATION; モダリティ=PASS_AFTER_HYPOTHESIS_QUALIFIER; 教材妥当性=PASS_AS_EXPLICIT_TESTABLE_HYPOTHESIS; 形式化妥当性=FAIL_UNSUPPORTED_ATOMS:dense=true。「密検索は、質問と文書の言い換えや意味の近さを捉えます。」は候補資料(SRC-008)に直接locatorがなく、一般的事実としてはFAIL_UNSUPPORTED_ATOMS:dense=trueが残る。原文の対象と作用を維持したまま、本ガイドの構成または対象データでの検証へスコープを限定すれば教材上の検討事項を保持できる。,,,UNVERIFIED,原文をrevised_sentenceへ置換し、対象データ、比較条件、観測指標、合否閾値を同じ節に追記する。検証後に限り事実表現へ戻し、意味を保存して再形式化する。,,,,,INCONCLUSIVE,NOT_APPLICABLE_UNPROVED,,,codex-independent-wave4,2026-08-15,INDEPENDENT_REVIEW_COMPLETE,PARTIAL_CANDIDATE_SOURCE_ONLY,FAIL_NO_DIRECT_LOCATOR,FAIL_UNSUPPORTED_ATOMS:dense=true,BACKGROUND_CITATION,PASS_AFTER_TEST_SCOPE_QUALIFICATION,PASS_AFTER_HYPOTHESIS_QUALIFIER,PASS_AS_EXPLICIT_TESTABLE_HYPOTHESIS,FAIL_UNSUPPORTED_ATOMS:dense=true
SENT-0389,52bebecfb2a435d0e7ff2efea557c5799674ded6,Recall@kは、検索結果の上位k件までに、質問へ答えるための正解根拠をどの程度回収できたかを表す指標です。,本ガイドでは、Recall@kを「検索結果の上位k件までに、質問へ答えるための正解根拠をどの程度回収できたか」として用います。,"AND(AND(AND(ATOM(retrieval=true), ATOM(evidence_support=true)), ATOM(recall_metric=true)), ATOM(empirical_result=true))",AND,general_technical_claim,UNCLASSIFIED,2.3.2 (docs/2.アーキテクチャ/2.3.検索の概要.md:20),SRC-008,NOT_APPLICABLE_LOCAL_NORM,DEFINITION_OR_SPEC,retrieval=true,empirical_result=true;evidence_support=true;recall_metric=true,,APPROPRIATE_NORMATIVE,権威性=候補一次資料のみ; 直接性=locator未確認; 網羅性=未支持atom=empirical_result=true;evidence_support=true;recall_metric=true; 主張極性=DEFINITION_OR_SPECとして再分類; スコープ=PASS_AFTER_LOCAL_GUIDE_SCOPE; モダリティ=PASS_AFTER_DEFINITION_QUALIFIER; 教材妥当性=PASS_AFTER_LOCAL_DEFINITION_QUALIFIER; 形式化妥当性=FAIL_UNSUPPORTED_ATOMS:empirical_result=true;evidence_support=true;recall_metric=true。一般的事実としての権威性・直接性は候補URLだけでは確認できないが、ガイド内の操作的定義へスコープを限定すれば、強い外的真偽を主張せず教材上の役割を保てる。形式面ではFAIL_UNSUPPORTED_ATOMS:empirical_result=true;evidence_support=true;recall_metric=trueが残る。,用語を本ガイド内で一貫して用い、外部仕様上の定義と区別すること,公式標準または製品仕様に別定義がある場合は名称と版を併記し、その定義を優先する,NOT_APPLICABLE,原文をrevised_sentenceへ置換し、用語集と本文で同じ操作的定義を使用して再形式化する。,,,,,INCONCLUSIVE,NOT_APPLICABLE_UNPROVED,,,codex-independent-wave4,2026-08-15,INDEPENDENT_REVIEW_COMPLETE,PARTIAL_CANDIDATE_SOURCE_ONLY,FAIL_NO_DIRECT_LOCATOR,FAIL_UNSUPPORTED_ATOMS:empirical_result=true;evidence_support=true;recall_metric=true,DEFINITION_OR_SPEC,PASS_AFTER_LOCAL_GUIDE_SCOPE,PASS_AFTER_DEFINITION_QUALIFIER,PASS_AFTER_LOCAL_DEFINITION_QUALIFIER,FAIL_UNSUPPORTED_ATOMS:empirical_result=true;evidence_support=true;recall_metric=true
SENT-0390,52bebecfb2a435d0e7ff2efea557c5799674ded6,指標の計算方法と、正解根拠が複数ある場合の扱いは[Retrieval評価](../7.品質を評価し改善する/7.4.Retrieval評価.md)で説明します。,指標の計算方法と、正解根拠が複数ある場合の扱いは[Retrieval評価](../7.品質を評価し改善する/7.4.Retrieval評価.md)で説明します。,"IMP(ATOM(evidence_support=true), AND(AND(ATOM(retrieval=true), ATOM(evaluation=true)), ATOM(empirical_result=true)))",IMPLIES,empirical_or_research_claim,UNCLASSIFIED,2.3.2 (docs/2.アーキテクチャ/2.3.検索の概要.md:21),SRC-008,NOT_APPLICABLE_LOCAL_NORM,HYPOTHESIS,retrieval=true,empirical_result=true;evaluation=true;evidence_support=true,IMPLIES,APPROPRIATE_NORMATIVE,権威性=候補一次資料のみ; 直接性=locator未確認; 網羅性=関係IMPLIES自体の根拠未確認; 主張極性=HYPOTHESISとして再分類; スコープ=PASS_LOCAL_DESIGN_POLICY; モダリティ=PASS_AS_DISCLOSED_NORMATIVE_RULE; 教材妥当性=PASS_AFTER_EXPLICIT_CRITERIA_AND_EXCEPTION; 形式化妥当性=FAIL_RELATION_IMPLIES。「指標の計算方法と、正解根拠が複数ある場合の扱いは[Retrieval評価](../7.品質を評価し改善する/7.4.Retrieval評価.md)で説明します。」は外的真偽の断定ではなく、対象・処理・判断を特定した設計・運用上の選択規則として読める。ただし候補資料(SRC-008)はURL単位で、直接locatorは未確認。規範の判断基準と例外を明示すれば教材として採用できる。形式面ではFAIL_RELATION_IMPLIESを別途解消する必要がある。,対象データ・負荷・モデルで比較し、品質指標、p95遅延、費用の受入閾値を事前に定義すること,数値は初期候補とし、データ量、モデル、リージョン、負荷が異なる場合は再測定して変更する,NOT_APPLICABLE,本文は維持し、節内に判断基準「対象データ・負荷・モデルで比較し、品質指標、p95遅延、費用の受入閾値を事前に定義すること」と例外「数値は初期候補とし、データ量、モデル、リージョン、負荷が異なる場合は再測定して変更する」を明記する。経験的な効果保証とは分離し、意味を保存して再形式化する。,,,,,INCONCLUSIVE,NOT_APPLICABLE_UNPROVED,,,codex-independent-wave4,2026-08-15,INDEPENDENT_REVIEW_COMPLETE,PARTIAL_CANDIDATE_SOURCE_ONLY,FAIL_NO_DIRECT_LOCATOR,FAIL_RELATION_IMPLIES,HYPOTHESIS,PASS_LOCAL_DESIGN_POLICY,PASS_AS_DISCLOSED_NORMATIVE_RULE,PASS_AFTER_EXPLICIT_CRITERIA_AND_EXCEPTION,FAIL_RELATION_IMPLIES
SENT-0396,52bebecfb2a435d0e7ff2efea557c5799674ded6,候補数が多い場合は再順位付けで質問への適合度を比較し、必要な文だけを抽出する場合は出典位置を保ったまま圧縮します。,候補数が多い場合は再順位付けで質問への適合度を比較し、必要な文だけを抽出する場合は出典位置を保ったまま圧縮します。,UNFORMALIZED,UNFORMALIZED,general_technical_claim,必要,2.4.1 (docs/2.アーキテクチャ/2.4.検索後処理の概要.md:9),SRC-008,NOT_APPLICABLE_LOCAL_NORM,HYPOTHESIS,,,,APPROPRIATE_NORMATIVE,権威性=候補一次資料のみ; 直接性=locator未確認; 網羅性=未支持atom=none-explicit; 主張極性=HYPOTHESISとして再分類; スコープ=PASS_LOCAL_DESIGN_POLICY; モダリティ=PASS_AS_DISCLOSED_NORMATIVE_RULE; 教材妥当性=PASS_AFTER_EXPLICIT_CRITERIA_AND_EXCEPTION; 形式化妥当性=FAIL_UNFORMALIZED。「候補数が多い場合は再順位付けで質問への適合度を比較し、必要な文だけを抽出する場合は出典位置を保ったまま圧縮します。」は外的真偽の断定ではなく、対象・処理・判断を特定した設計・運用上の選択規則として読める。ただし候補資料(SRC-008)はURL単位で、直接locatorは未確認。規範の判断基準と例外を明示すれば教材として採用できる。形式面ではFAIL_UNFORMALIZEDを別途解消する必要がある。,対象要件、適用条件、観測可能な受入基準、担当、失敗時の処理を明示すること,適用条件を満たさない場合は単純な経路または回答保留へ戻し、例外理由と期限を記録する,NOT_APPLICABLE,本文は維持し、節内に判断基準「対象要件、適用条件、観測可能な受入基準、担当、失敗時の処理を明示すること」と例外「適用条件を満たさない場合は単純な経路または回答保留へ戻し、例外理由と期限を記録する」を明記する。経験的な効果保証とは分離し、意味を保存して再形式化する。,,,,,INCONCLUSIVE,NOT_APPLICABLE_UNPROVED,,,codex-independent-wave4,2026-08-15,INDEPENDENT_REVIEW_COMPLETE,PARTIAL_CANDIDATE_SOURCE_ONLY,FAIL_NO_DIRECT_LOCATOR,FAIL_UNFORMALIZED,HYPOTHESIS,PASS_LOCAL_DESIGN_POLICY,PASS_AS_DISCLOSED_NORMATIVE_RULE,PASS_AFTER_EXPLICIT_CRITERIA_AND_EXCEPTION,FAIL_UNFORMALIZED
SENT-0398,52bebecfb2a435d0e7ff2efea557c5799674ded6,再順位付け前後の順位、除外理由、圧縮前後の根拠範囲を記録すると、検索と検索後処理の影響を分けて評価できます。,再順位付け前後の順位、除外理由、圧縮前後の根拠範囲を記録すると、検索と検索後処理の影響を分けて評価できるかを、対象データと固定した比較条件で検証します。,"AND(AND(AND(AND(AND(ATOM(evidence_trace=true), ATOM(rerank=true)), ATOM(compression=true)), ATOM(retrieval=true)), ATOM(evidence_support=true)), ATOM(evaluation=true))",AND,general_technical_claim,できます,2.4.1 (docs/2.アーキテクチャ/2.4.検索後処理の概要.md:12),SRC-008,UNVERIFIED_CANDIDATE_URL_ONLY,EMPIRICAL_RESULT,retrieval=true,compression=true;evaluation=true;evidence_support=true;evidence_trace=true;rerank=true,,REWRITE_REQUIRED,権威性=候補一次資料のみ; 直接性=locator未確認; 網羅性=未支持atom=compression=true;evaluation=true;evidence_support=true;evidence_trace=true;rerank=true; 主張極性=EMPIRICAL_RESULTとして再分類; スコープ=PASS_AFTER_TEST_SCOPE_QUALIFICATION; モダリティ=PASS_AFTER_HYPOTHESIS_QUALIFIER; 教材妥当性=PASS_AS_EXPLICIT_TESTABLE_HYPOTHESIS; 形式化妥当性=FAIL_UNSUPPORTED_ATOMS:compression=true;evaluation=true;evidence_support=true;evidence_trace=true;rerank=true。「再順位付け前後の順位、除外理由、圧縮前後の根拠範囲を記録すると、検索と検索後処理の影響を分けて評価できます。」は候補資料(SRC-008)に直接locatorがなく、一般的事実としてはFAIL_UNSUPPORTED_ATOMS:compression=true;evaluation=true;evidence_support=true;evidence_trace=true;rerank=trueが残る。原文の対象と作用を維持したまま、本ガイドの構成または対象データでの検証へスコープを限定すれば教材上の検討事項を保持できる。,,,UNVERIFIED,原文をrevised_sentenceへ置換し、対象データ、比較条件、観測指標、合否閾値を同じ節に追記する。検証後に限り事実表現へ戻し、意味を保存して再形式化する。,,,,,INCONCLUSIVE,NOT_APPLICABLE_UNPROVED,,,codex-independent-wave4,2026-08-15,INDEPENDENT_REVIEW_COMPLETE,PARTIAL_CANDIDATE_SOURCE_ONLY,FAIL_NO_DIRECT_LOCATOR,FAIL_UNSUPPORTED_ATOMS:compression=true;evaluation=true;evidence_support=true;evidence_trace=true;rerank=true,EMPIRICAL_RESULT,PASS_AFTER_TEST_SCOPE_QUALIFICATION,PASS_AFTER_HYPOTHESIS_QUALIFIER,PASS_AS_EXPLICIT_TESTABLE_HYPOTHESIS,FAIL_UNSUPPORTED_ATOMS:compression=true;evaluation=true;evidence_support=true;evidence_trace=true;rerank=true
SENT-0412,52bebecfb2a435d0e7ff2efea557c5799674ded6,評価は、四工程の成果物と最終回答を同じ質問単位で測り、改善箇所を特定する活動です。,本ガイドの基本構成では、評価は、四工程の成果物と最終回答を同じ質問単位で測り、改善箇所を特定する活動です。,"AND(AND(ATOM(generation=true), ATOM(evaluation=true)), ATOM(empirical_result=true))",AND,empirical_or_research_claim,UNCLASSIFIED,FILE-INTRO (docs/2.アーキテクチャ/2.6.評価の概要.md:3),SRC-008,UNVERIFIED_CANDIDATE_URL_ONLY,DEFINITION_OR_SPEC,generation=true,empirical_result=true;evaluation=true,,REWRITE_REQUIRED,権威性=候補一次資料のみ; 直接性=locator未確認; 網羅性=未支持atom=empirical_result=true;evaluation=true; 主張極性=DEFINITION_OR_SPECとして再分類; スコープ=PASS_AFTER_TEST_SCOPE_QUALIFICATION; モダリティ=PASS_AFTER_HYPOTHESIS_QUALIFIER; 教材妥当性=PASS_AS_EXPLICIT_TESTABLE_HYPOTHESIS; 形式化妥当性=FAIL_UNSUPPORTED_ATOMS:empirical_result=true;evaluation=true。「評価は、四工程の成果物と最終回答を同じ質問単位で測り、改善箇所を特定する活動です。」は候補資料(SRC-008)に直接locatorがなく、一般的事実としてはFAIL_UNSUPPORTED_ATOMS:empirical_result=true;evaluation=trueが残る。原文の対象と作用を維持したまま、本ガイドの構成または対象データでの検証へスコープを限定すれば教材上の検討事項を保持できる。,,,UNVERIFIED,原文をrevised_sentenceへ置換し、対象データ、比較条件、観測指標、合否閾値を同じ節に追記する。検証後に限り事実表現へ戻し、意味を保存して再形式化する。,,,,,INCONCLUSIVE,NOT_APPLICABLE_UNPROVED,,,codex-independent-wave4,2026-08-15,INDEPENDENT_REVIEW_COMPLETE,PARTIAL_CANDIDATE_SOURCE_ONLY,FAIL_NO_DIRECT_LOCATOR,FAIL_UNSUPPORTED_ATOMS:empirical_result=true;evaluation=true,DEFINITION_OR_SPEC,PASS_AFTER_TEST_SCOPE_QUALIFICATION,PASS_AFTER_HYPOTHESIS_QUALIFIER,PASS_AS_EXPLICIT_TESTABLE_HYPOTHESIS,FAIL_UNSUPPORTED_ATOMS:empirical_result=true;evaluation=true
SENT-0419,52bebecfb2a435d0e7ff2efea557c5799674ded6,| Recall@k | 検索結果の上位k件までに、必要な正解根拠をどの程度回収できたか | [7.4. Retrieval評価](../7.品質を評価し改善する/7.4.Retrieval評価.md) |,「Recall@k」では「検索結果の上位k件までに、必要な正解根拠をどの程度回収できたか」を対象とし、確認項目は「[7.4. Retrieval評価](../7.品質を評価し改善する/7.4.Retrieval評価.md)」です。,"AND(AND(AND(AND(ATOM(retrieval=true), ATOM(evidence_support=true)), ATOM(evaluation=true)), ATOM(recall_metric=true)), ATOM(empirical_result=true))",AND,empirical_or_research_claim,必要,2.6.1 (docs/2.アーキテクチャ/2.6.評価の概要.md:16),SRC-008,UNVERIFIED_CANDIDATE_URL_ONLY,EMPIRICAL_RESULT,retrieval=true,empirical_result=true;evaluation=true;evidence_support=true;recall_metric=true,,REWRITE_REQUIRED,権威性=候補一次資料のみ; 直接性=locator未確認; 網羅性=未支持atom=empirical_result=true;evaluation=true;evidence_support=true;recall_metric=true; 主張極性=EMPIRICAL_RESULTとして再分類; スコープ=FAIL_NOT_A_PROPOSITION; モダリティ=NOT_APPLICABLE_FRAGMENT; 教材妥当性=PASS_AS_STRUCTURE_NOT_AS_CLAIM; 形式化妥当性=FAIL_UNSUPPORTED_ATOMS:empirical_result=true;evaluation=true;evidence_support=true;recall_metric=true。見出し・表セル・用語リンクの断片であり、独立した外部主張として判定できない。証拠必須文として扱う分類が教材構造と一致せず、形式化の主語・述語も欠ける。,,,NOT_APPLICABLE,原文をrevised_sentenceの完全な説明文へ置換し、sentence evidence分類をexpository_or_structural/evidence_required=noへ修正して未証明文キューから除外する。,,,,,INCONCLUSIVE,NOT_APPLICABLE_UNPROVED,,,codex-independent-wave4,2026-08-15,INDEPENDENT_REVIEW_COMPLETE,PARTIAL_CANDIDATE_SOURCE_ONLY,FAIL_NO_DIRECT_LOCATOR,FAIL_UNSUPPORTED_ATOMS:empirical_result=true;evaluation=true;evidence_support=true;recall_metric=true,EMPIRICAL_RESULT,FAIL_NOT_A_PROPOSITION,NOT_APPLICABLE_FRAGMENT,PASS_AS_STRUCTURE_NOT_AS_CLAIM,FAIL_UNSUPPORTED_ATOMS:empirical_result=true;evaluation=true;evidence_support=true;recall_metric=true
SENT-0420,52bebecfb2a435d0e7ff2efea557c5799674ded6,| Evidence sufficiency | 選んだ根拠の集合だけで、質問へ答えるための情報が足りるか | [7.5. Post-retrieval・Evidence評価](../7.品質を評価し改善する/7.5.Post-retrieval・Evidence評価.md) |,「Evidence sufficiency」では「選んだ根拠の集合だけで、質問へ答えるための情報が足りるか」を対象とし、確認項目は「[7.5. Post-retrieval・Evidence評価](../7.品質を評価し改善する/7.5.Post-retrieval・Evidence評価.md)」です。,"AND(AND(AND(ATOM(retrieval=true), ATOM(evidence_support=true)), ATOM(evaluation=true)), ATOM(empirical_result=true))",AND,empirical_or_research_claim,UNCLASSIFIED,2.6.1 (docs/2.アーキテクチャ/2.6.評価の概要.md:17),SRC-008,UNVERIFIED_CANDIDATE_URL_ONLY,EMPIRICAL_RESULT,retrieval=true,empirical_result=true;evaluation=true;evidence_support=true,,REWRITE_REQUIRED,権威性=候補一次資料のみ; 直接性=locator未確認; 網羅性=未支持atom=empirical_result=true;evaluation=true;evidence_support=true; 主張極性=EMPIRICAL_RESULTとして再分類; スコープ=FAIL_NOT_A_PROPOSITION; モダリティ=NOT_APPLICABLE_FRAGMENT; 教材妥当性=PASS_AS_STRUCTURE_NOT_AS_CLAIM; 形式化妥当性=FAIL_UNSUPPORTED_ATOMS:empirical_result=true;evaluation=true;evidence_support=true。見出し・表セル・用語リンクの断片であり、独立した外部主張として判定できない。証拠必須文として扱う分類が教材構造と一致せず、形式化の主語・述語も欠ける。,,,NOT_APPLICABLE,原文をrevised_sentenceの完全な説明文へ置換し、sentence evidence分類をexpository_or_structural/evidence_required=noへ修正して未証明文キューから除外する。,,,,,INCONCLUSIVE,NOT_APPLICABLE_UNPROVED,,,codex-independent-wave4,2026-08-15,INDEPENDENT_REVIEW_COMPLETE,PARTIAL_CANDIDATE_SOURCE_ONLY,FAIL_NO_DIRECT_LOCATOR,FAIL_UNSUPPORTED_ATOMS:empirical_result=true;evaluation=true;evidence_support=true,EMPIRICAL_RESULT,FAIL_NOT_A_PROPOSITION,NOT_APPLICABLE_FRAGMENT,PASS_AS_STRUCTURE_NOT_AS_CLAIM,FAIL_UNSUPPORTED_ATOMS:empirical_result=true;evaluation=true;evidence_support=true
SENT-0421,52bebecfb2a435d0e7ff2efea557c5799674ded6,| Faithfulness | 回答中の検証可能な主張が、提示した根拠に支持されているか | [7.6. Generation評価](../7.品質を評価し改善する/7.6.Generation評価.md) |,「Faithfulness」では「回答中の検証可能な主張が、提示した根拠に支持されているか」を対象とし、確認項目は「[7.6. Generation評価](../7.品質を評価し改善する/7.6.Generation評価.md)」です。,"AND(AND(AND(AND(ATOM(generation=true), ATOM(verification=true)), ATOM(evidence_support=true)), ATOM(evaluation=true)), ATOM(empirical_result=true))",AND,empirical_or_research_claim,可能,2.6.1 (docs/2.アーキテクチャ/2.6.評価の概要.md:18),SRC-008,UNVERIFIED_CANDIDATE_URL_ONLY,EMPIRICAL_RESULT,generation=true,empirical_result=true;evaluation=true;evidence_support=true;verification=true,,REWRITE_REQUIRED,権威性=候補一次資料のみ; 直接性=locator未確認; 網羅性=未支持atom=empirical_result=true;evaluation=true;evidence_support=true;verification=true; 主張極性=EMPIRICAL_RESULTとして再分類; スコープ=FAIL_NOT_A_PROPOSITION; モダリティ=NOT_APPLICABLE_FRAGMENT; 教材妥当性=PASS_AS_STRUCTURE_NOT_AS_CLAIM; 形式化妥当性=FAIL_UNSUPPORTED_ATOMS:empirical_result=true;evaluation=true;evidence_support=true;verification=true。見出し・表セル・用語リンクの断片であり、独立した外部主張として判定できない。証拠必須文として扱う分類が教材構造と一致せず、形式化の主語・述語も欠ける。,,,NOT_APPLICABLE,原文をrevised_sentenceの完全な説明文へ置換し、sentence evidence分類をexpository_or_structural/evidence_required=noへ修正して未証明文キューから除外する。,,,,,INCONCLUSIVE,NOT_APPLICABLE_UNPROVED,,,codex-independent-wave4,2026-08-15,INDEPENDENT_REVIEW_COMPLETE,PARTIAL_CANDIDATE_SOURCE_ONLY,FAIL_NO_DIRECT_LOCATOR,FAIL_UNSUPPORTED_ATOMS:empirical_result=true;evaluation=true;evidence_support=true;verification=true,EMPIRICAL_RESULT,FAIL_NOT_A_PROPOSITION,NOT_APPLICABLE_FRAGMENT,PASS_AS_STRUCTURE_NOT_AS_CLAIM,FAIL_UNSUPPORTED_ATOMS:empirical_result=true;evaluation=true;evidence_support=true;verification=true
SENT-0422,52bebecfb2a435d0e7ff2efea557c5799674ded6,| Citation correctness | 各引用が、対応する主張を実際に裏付けているか | [7.6. Generation評価](../7.品質を評価し改善する/7.6.Generation評価.md) |,「Citation correctness」では「各引用が、対応する主張を実際に裏付けているか」を対象とし、確認項目は「[7.6. Generation評価](../7.品質を評価し改善する/7.6.Generation評価.md)」です。,"IMP(ATOM(citation=true), AND(ATOM(evaluation=true), ATOM(empirical_result=true)))",IMPLIES,empirical_or_research_claim,UNCLASSIFIED,2.6.1 (docs/2.アーキテクチャ/2.6.評価の概要.md:19),SRC-008,UNVERIFIED_CANDIDATE_URL_ONLY,EMPIRICAL_RESULT,,citation=true;empirical_result=true;evaluation=true,IMPLIES,REWRITE_REQUIRED,権威性=候補一次資料のみ; 直接性=locator未確認; 網羅性=関係IMPLIES自体の根拠未確認; 主張極性=EMPIRICAL_RESULTとして再分類; スコープ=FAIL_NOT_A_PROPOSITION; モダリティ=NOT_APPLICABLE_FRAGMENT; 教材妥当性=PASS_AS_STRUCTURE_NOT_AS_CLAIM; 形式化妥当性=FAIL_RELATION_IMPLIES。見出し・表セル・用語リンクの断片であり、独立した外部主張として判定できない。証拠必須文として扱う分類が教材構造と一致せず、形式化の主語・述語も欠ける。,,,NOT_APPLICABLE,原文をrevised_sentenceの完全な説明文へ置換し、sentence evidence分類をexpository_or_structural/evidence_required=noへ修正して未証明文キューから除外する。,,,,,INCONCLUSIVE,NOT_APPLICABLE_UNPROVED,,,codex-independent-wave4,2026-08-15,INDEPENDENT_REVIEW_COMPLETE,PARTIAL_CANDIDATE_SOURCE_ONLY,FAIL_NO_DIRECT_LOCATOR,FAIL_RELATION_IMPLIES,EMPIRICAL_RESULT,FAIL_NOT_A_PROPOSITION,NOT_APPLICABLE_FRAGMENT,PASS_AS_STRUCTURE_NOT_AS_CLAIM,FAIL_RELATION_IMPLIES
SENT-0424,52bebecfb2a435d0e7ff2efea557c5799674ded6,指標の定義と評価データの作り方は[品質を評価し改善する](../7.品質を評価し改善する/序文.md)で扱います。,指標の定義と評価データの作り方は[品質を評価し改善する](../7.品質を評価し改善する/序文.md)で扱います。,"AND(ATOM(evaluation=true), ATOM(empirical_result=true))",AND,empirical_or_research_claim,UNCLASSIFIED,2.6.1 (docs/2.アーキテクチャ/2.6.評価の概要.md:22),SRC-008,NOT_APPLICABLE_LOCAL_NORM,HYPOTHESIS,,empirical_result=true;evaluation=true,,APPROPRIATE_NORMATIVE,権威性=候補一次資料のみ; 直接性=locator未確認; 網羅性=未支持atom=empirical_result=true;evaluation=true; 主張極性=HYPOTHESISとして再分類; スコープ=PASS_LOCAL_DESIGN_POLICY; モダリティ=PASS_AS_DISCLOSED_NORMATIVE_RULE; 教材妥当性=PASS_AFTER_EXPLICIT_CRITERIA_AND_EXCEPTION; 形式化妥当性=FAIL_UNSUPPORTED_ATOMS:empirical_result=true;evaluation=true。「指標の定義と評価データの作り方は[品質を評価し改善する](../7.品質を評価し改善する/序文.md)で扱います。」は外的真偽の断定ではなく、対象・処理・判断を特定した設計・運用上の選択規則として読める。ただし候補資料(SRC-008)はURL単位で、直接locatorは未確認。規範の判断基準と例外を明示すれば教材として採用できる。形式面ではFAIL_UNSUPPORTED_ATOMS:empirical_result=true;evaluation=trueを別途解消する必要がある。,対象データ・負荷・モデルで比較し、品質指標、p95遅延、費用の受入閾値を事前に定義すること,数値は初期候補とし、データ量、モデル、リージョン、負荷が異なる場合は再測定して変更する,NOT_APPLICABLE,本文は維持し、節内に判断基準「対象データ・負荷・モデルで比較し、品質指標、p95遅延、費用の受入閾値を事前に定義すること」と例外「数値は初期候補とし、データ量、モデル、リージョン、負荷が異なる場合は再測定して変更する」を明記する。経験的な効果保証とは分離し、意味を保存して再形式化する。,,,,,INCONCLUSIVE,NOT_APPLICABLE_UNPROVED,,,codex-independent-wave4,2026-08-15,INDEPENDENT_REVIEW_COMPLETE,PARTIAL_CANDIDATE_SOURCE_ONLY,FAIL_NO_DIRECT_LOCATOR,FAIL_UNSUPPORTED_ATOMS:empirical_result=true;evaluation=true,HYPOTHESIS,PASS_LOCAL_DESIGN_POLICY,PASS_AS_DISCLOSED_NORMATIVE_RULE,PASS_AFTER_EXPLICIT_CRITERIA_AND_EXCEPTION,FAIL_UNSUPPORTED_ATOMS:empirical_result=true;evaluation=true
SENT-0426,52bebecfb2a435d0e7ff2efea557c5799674ded6,品質、応答時間、費用、安全性を同時に確認すると、局所的な改善とシステム全体の回帰を区別できます。,品質、応答時間、費用、安全性を同時に確認すると、局所的な改善とシステム全体の回帰を区別できるかを、対象データと固定した比較条件で検証します。,"AND(AND(AND(ATOM(temporal_freshness=true), ATOM(latency=true)), ATOM(cost=true)), ATOM(empirical_result=true))",AND,empirical_or_research_claim,できます,2.6.2 (docs/2.アーキテクチャ/2.6.評価の概要.md:27),SRC-008,UNVERIFIED_CANDIDATE_URL_ONLY,EMPIRICAL_RESULT,,cost=true;empirical_result=true;latency=true;temporal_freshness=true,,REWRITE_REQUIRED,権威性=候補一次資料のみ; 直接性=locator未確認; 網羅性=未支持atom=cost=true;empirical_result=true;latency=true;temporal_freshness=true; 主張極性=EMPIRICAL_RESULTとして再分類; スコープ=PASS_AFTER_TEST_SCOPE_QUALIFICATION; モダリティ=PASS_AFTER_HYPOTHESIS_QUALIFIER; 教材妥当性=PASS_AS_EXPLICIT_TESTABLE_HYPOTHESIS; 形式化妥当性=FAIL_UNSUPPORTED_ATOMS:cost=true;empirical_result=true;latency=true;temporal_freshness=true。「品質、応答時間、費用、安全性を同時に確認すると、局所的な改善とシステム全体の回帰を区別できます。」は候補資料(SRC-008)に直接locatorがなく、一般的事実としてはFAIL_UNSUPPORTED_ATOMS:cost=true;empirical_result=true;latency=true;temporal_freshness=trueが残る。原文の対象と作用を維持したまま、本ガイドの構成または対象データでの検証へスコープを限定すれば教材上の検討事項を保持できる。,,,UNVERIFIED,原文をrevised_sentenceへ置換し、対象データ、比較条件、観測指標、合否閾値を同じ節に追記する。検証後に限り事実表現へ戻し、意味を保存して再形式化する。,,,,,INCONCLUSIVE,NOT_APPLICABLE_UNPROVED,,,codex-independent-wave4,2026-08-15,INDEPENDENT_REVIEW_COMPLETE,PARTIAL_CANDIDATE_SOURCE_ONLY,FAIL_NO_DIRECT_LOCATOR,FAIL_UNSUPPORTED_ATOMS:cost=true;empirical_result=true;latency=true;temporal_freshness=true,EMPIRICAL_RESULT,PASS_AFTER_TEST_SCOPE_QUALIFICATION,PASS_AFTER_HYPOTHESIS_QUALIFIER,PASS_AS_EXPLICIT_TESTABLE_HYPOTHESIS,FAIL_UNSUPPORTED_ATOMS:cost=true;empirical_result=true;latency=true;temporal_freshness=true
SENT-0428,52bebecfb2a435d0e7ff2efea557c5799674ded6,この対応により、公開判断、限定公開、切り戻し、次の改善対象を同じ証拠から決められます。,この対応により、公開判断、限定公開、切り戻し、次の改善対象を同じ証拠から決められます。,ATOM(empirical_result=true),ATOM,empirical_or_research_claim,UNCLASSIFIED,2.6.2 (docs/2.アーキテクチャ/2.6.評価の概要.md:30),SRC-008,NOT_APPLICABLE_LOCAL_NORM,HYPOTHESIS,,empirical_result=true,,APPROPRIATE_NORMATIVE,権威性=候補一次資料のみ; 直接性=locator未確認; 網羅性=未支持atom=empirical_result=true; 主張極性=HYPOTHESISとして再分類; スコープ=PASS_LOCAL_DESIGN_POLICY; モダリティ=PASS_AS_DISCLOSED_NORMATIVE_RULE; 教材妥当性=PASS_AFTER_EXPLICIT_CRITERIA_AND_EXCEPTION; 形式化妥当性=FAIL_UNSUPPORTED_ATOMS:empirical_result=true。「この対応により、公開判断、限定公開、切り戻し、次の改善対象を同じ証拠から決められます。」は外的真偽の断定ではなく、対象・処理・判断を特定した設計・運用上の選択規則として読める。ただし候補資料(SRC-008)はURL単位で、直接locatorは未確認。規範の判断基準と例外を明示すれば教材として採用できる。形式面ではFAIL_UNSUPPORTED_ATOMS:empirical_result=trueを別途解消する必要がある。,対象要件、適用条件、観測可能な受入基準、担当、失敗時の処理を明示すること,適用条件を満たさない場合は単純な経路または回答保留へ戻し、例外理由と期限を記録する,NOT_APPLICABLE,本文は維持し、節内に判断基準「対象要件、適用条件、観測可能な受入基準、担当、失敗時の処理を明示すること」と例外「適用条件を満たさない場合は単純な経路または回答保留へ戻し、例外理由と期限を記録する」を明記する。経験的な効果保証とは分離し、意味を保存して再形式化する。,,,,,INCONCLUSIVE,NOT_APPLICABLE_UNPROVED,,,codex-independent-wave4,2026-08-15,INDEPENDENT_REVIEW_COMPLETE,PARTIAL_CANDIDATE_SOURCE_ONLY,FAIL_NO_DIRECT_LOCATOR,FAIL_UNSUPPORTED_ATOMS:empirical_result=true,HYPOTHESIS,PASS_LOCAL_DESIGN_POLICY,PASS_AS_DISCLOSED_NORMATIVE_RULE,PASS_AFTER_EXPLICIT_CRITERIA_AND_EXCEPTION,FAIL_UNSUPPORTED_ATOMS:empirical_result=true
SENT-0431,52bebecfb2a435d0e7ff2efea557c5799674ded6,本節で再掲するRecall@k、Evidence sufficiency、faithfulness、citation correctnessの平易な意味は、直前の[評価の概要](2.6.評価の概要.md)で先に説明しています。,本ガイドの基本構成では、本節で再掲するRecall@k、Evidence sufficiency、faithfulness、citation correctnessの平易な意味は、直前の[評価の概要](2.6.評価の概要.md)で先に説明しています。,"AND(AND(AND(ATOM(citation=true), ATOM(evidence_support=true)), ATOM(evaluation=true)), ATOM(recall_metric=true))",AND,general_technical_claim,UNCLASSIFIED,FILE-INTRO (docs/2.アーキテクチャ/2.7.非機能と運用の概要.md:5),SRC-008,UNVERIFIED_CANDIDATE_URL_ONLY,EMPIRICAL_RESULT,,citation=true;evaluation=true;evidence_support=true;recall_metric=true,,REWRITE_REQUIRED,権威性=候補一次資料のみ; 直接性=locator未確認; 網羅性=未支持atom=citation=true;evaluation=true;evidence_support=true;recall_metric=true; 主張極性=EMPIRICAL_RESULTとして再分類; スコープ=PASS_AFTER_TEST_SCOPE_QUALIFICATION; モダリティ=PASS_AFTER_HYPOTHESIS_QUALIFIER; 教材妥当性=PASS_AS_EXPLICIT_TESTABLE_HYPOTHESIS; 形式化妥当性=FAIL_UNSUPPORTED_ATOMS:citation=true;evaluation=true;evidence_support=true;recall_metric=true。「本節で再掲するRecall@k、Evidence sufficiency、faithfulness、citation correctnessの平易な意味は、直前」は候補資料(SRC-008)に直接locatorがなく、一般的事実としてはFAIL_UNSUPPORTED_ATOMS:citation=true;evaluation=true;evidence_support=true;recall_metric=trueが残る。原文の対象と作用を維持したまま、本ガイドの構成または対象データでの検証へスコープを限定すれば教材上の検討事項を保持できる。,,,UNVERIFIED,原文をrevised_sentenceへ置換し、対象データ、比較条件、観測指標、合否閾値を同じ節に追記する。検証後に限り事実表現へ戻し、意味を保存して再形式化する。,,,,,INCONCLUSIVE,NOT_APPLICABLE_UNPROVED,,,codex-independent-wave4,2026-08-15,INDEPENDENT_REVIEW_COMPLETE,PARTIAL_CANDIDATE_SOURCE_ONLY,FAIL_NO_DIRECT_LOCATOR,FAIL_UNSUPPORTED_ATOMS:citation=true;evaluation=true;evidence_support=true;recall_metric=true,EMPIRICAL_RESULT,PASS_AFTER_TEST_SCOPE_QUALIFICATION,PASS_AFTER_HYPOTHESIS_QUALIFIER,PASS_AS_EXPLICIT_TESTABLE_HYPOTHESIS,FAIL_UNSUPPORTED_ATOMS:citation=true;evaluation=true;evidence_support=true;recall_metric=true
SENT-0432,52bebecfb2a435d0e7ff2efea557c5799674ded6,Prompt injection（プロンプトインジェクション）は、検索された文書内の命令を生成モデルが実行すべき指示として解釈する問題です。,本ガイドでは、Prompt injection（プロンプトインジェクション）を「検索された文書内の命令を生成モデルが実行すべき指示として解釈する問題」として用います。,"AND(AND(ATOM(retrieval=true), ATOM(generation=true)), ATOM(prompt_injection=true))",AND,general_technical_claim,UNCLASSIFIED,2.7.1 (docs/2.アーキテクチャ/2.7.非機能と運用の概要.md:9),SRC-008,NOT_APPLICABLE_LOCAL_NORM,DEFINITION_OR_SPEC,generation=true;retrieval=true,prompt_injection=true,,APPROPRIATE_NORMATIVE,権威性=候補一次資料のみ; 直接性=locator未確認; 網羅性=未支持atom=prompt_injection=true; 主張極性=DEFINITION_OR_SPECとして再分類; スコープ=PASS_AFTER_LOCAL_GUIDE_SCOPE; モダリティ=PASS_AFTER_DEFINITION_QUALIFIER; 教材妥当性=PASS_AFTER_LOCAL_DEFINITION_QUALIFIER; 形式化妥当性=FAIL_UNSUPPORTED_ATOMS:prompt_injection=true。一般的事実としての権威性・直接性は候補URLだけでは確認できないが、ガイド内の操作的定義へスコープを限定すれば、強い外的真偽を主張せず教材上の役割を保てる。形式面ではFAIL_UNSUPPORTED_ATOMS:prompt_injection=trueが残る。,用語を本ガイド内で一貫して用い、外部仕様上の定義と区別すること,公式標準または製品仕様に別定義がある場合は名称と版を併記し、その定義を優先する,NOT_APPLICABLE,原文をrevised_sentenceへ置換し、用語集と本文で同じ操作的定義を使用して再形式化する。,,,,,INCONCLUSIVE,NOT_APPLICABLE_UNPROVED,,,codex-independent-wave4,2026-08-15,INDEPENDENT_REVIEW_COMPLETE,PARTIAL_CANDIDATE_SOURCE_ONLY,FAIL_NO_DIRECT_LOCATOR,FAIL_UNSUPPORTED_ATOMS:prompt_injection=true,DEFINITION_OR_SPEC,PASS_AFTER_LOCAL_GUIDE_SCOPE,PASS_AFTER_DEFINITION_QUALIFIER,PASS_AFTER_LOCAL_DEFINITION_QUALIFIER,FAIL_UNSUPPORTED_ATOMS:prompt_injection=true
SENT-0434,52bebecfb2a435d0e7ff2efea557c5799674ded6,取り込み時の検査、情報源の信頼区分、命令らしい記述の隔離、生成前のEvidence Set検査、生成後の主張とcitationの照合を組み合わせます。,本ガイドの基本構成では、取り込み時の検査、情報源の信頼区分、命令らしい記述の隔離、生成前のEvidence Set検査、生成後の主張とcitationの照合を組み合わせます。,"AND(AND(AND(ATOM(generation=true), ATOM(citation=true)), ATOM(verification=true)), ATOM(evidence_support=true))",AND,general_technical_claim,UNCLASSIFIED,2.7.1 (docs/2.アーキテクチャ/2.7.非機能と運用の概要.md:11),SRC-008,UNVERIFIED_CANDIDATE_URL_ONLY,BACKGROUND_CITATION,generation=true,citation=true;evidence_support=true;verification=true,,REWRITE_REQUIRED,権威性=候補一次資料のみ; 直接性=locator未確認; 網羅性=未支持atom=citation=true;evidence_support=true;verification=true; 主張極性=BACKGROUND_CITATIONとして再分類; スコープ=PASS_AFTER_TEST_SCOPE_QUALIFICATION; モダリティ=PASS_AFTER_HYPOTHESIS_QUALIFIER; 教材妥当性=PASS_AS_EXPLICIT_TESTABLE_HYPOTHESIS; 形式化妥当性=FAIL_UNSUPPORTED_ATOMS:citation=true;evidence_support=true;verification=true。「取り込み時の検査、情報源の信頼区分、命令らしい記述の隔離、生成前のEvidence Set検査、生成後の主張とcitationの照合を組み合わせます。」は候補資料(SRC-008)に直接locatorがなく、一般的事実としてはFAIL_UNSUPPORTED_ATOMS:citation=true;evidence_support=true;verification=trueが残る。原文の対象と作用を維持したまま、本ガイドの構成または対象データでの検証へスコープを限定すれば教材上の検討事項を保持できる。,,,UNVERIFIED,原文をrevised_sentenceへ置換し、対象データ、比較条件、観測指標、合否閾値を同じ節に追記する。検証後に限り事実表現へ戻し、意味を保存して再形式化する。,,,,,INCONCLUSIVE,NOT_APPLICABLE_UNPROVED,,,codex-independent-wave4,2026-08-15,INDEPENDENT_REVIEW_COMPLETE,PARTIAL_CANDIDATE_SOURCE_ONLY,FAIL_NO_DIRECT_LOCATOR,FAIL_UNSUPPORTED_ATOMS:citation=true;evidence_support=true;verification=true,BACKGROUND_CITATION,PASS_AFTER_TEST_SCOPE_QUALIFICATION,PASS_AFTER_HYPOTHESIS_QUALIFIER,PASS_AS_EXPLICIT_TESTABLE_HYPOTHESIS,FAIL_UNSUPPORTED_ATOMS:citation=true;evidence_support=true;verification=true
SENT-0441,52bebecfb2a435d0e7ff2efea557c5799674ded6,権限を適用した検索を実行できること、質問を支持するEvidence Setを作れること、主張に対応するcitationを返せること、根拠不足時に回答を保留できることを含めて判定します。,本ガイドの基本構成では、権限を適用した検索を実行できること、質問を支持するEvidence Setを作れること、主張に対応するcitationを返せること、根拠不足時に回答を保留できることを含めて判定します。,"AND(AND(AND(AND(ATOM(retrieval=true), ATOM(generation=true)), ATOM(citation=true)), ATOM(evidence_support=true)), ATOM(authorization=true))",AND,general_technical_claim,できる,2.7.2 (docs/2.アーキテクチャ/2.7.非機能と運用の概要.md:23),SRC-008,UNVERIFIED_CANDIDATE_URL_ONLY,BACKGROUND_CITATION,generation=true;retrieval=true,authorization=true;citation=true;evidence_support=true,,REWRITE_REQUIRED,権威性=候補一次資料のみ; 直接性=locator未確認; 網羅性=未支持atom=authorization=true;citation=true;evidence_support=true; 主張極性=BACKGROUND_CITATIONとして再分類; スコープ=PASS_AFTER_TEST_SCOPE_QUALIFICATION; モダリティ=PASS_AFTER_HYPOTHESIS_QUALIFIER; 教材妥当性=PASS_AS_EXPLICIT_TESTABLE_HYPOTHESIS; 形式化妥当性=FAIL_UNSUPPORTED_ATOMS:authorization=true;citation=true;evidence_support=true。「権限を適用した検索を実行できること、質問を支持するEvidence Setを作れること、主張に対応するcitationを返せること、根拠不足時に回答を保留できる」は候補資料(SRC-008)に直接locatorがなく、一般的事実としてはFAIL_UNSUPPORTED_ATOMS:authorization=true;citation=true;evidence_support=trueが残る。原文の対象と作用を維持したまま、本ガイドの構成または対象データでの検証へスコープを限定すれば教材上の検討事項を保持できる。,,,UNVERIFIED,原文をrevised_sentenceへ置換し、対象データ、比較条件、観測指標、合否閾値を同じ節に追記する。検証後に限り事実表現へ戻し、意味を保存して再形式化する。,,,,,INCONCLUSIVE,NOT_APPLICABLE_UNPROVED,,,codex-independent-wave4,2026-08-15,INDEPENDENT_REVIEW_COMPLETE,PARTIAL_CANDIDATE_SOURCE_ONLY,FAIL_NO_DIRECT_LOCATOR,FAIL_UNSUPPORTED_ATOMS:authorization=true;citation=true;evidence_support=true,BACKGROUND_CITATION,PASS_AFTER_TEST_SCOPE_QUALIFICATION,PASS_AFTER_HYPOTHESIS_QUALIFIER,PASS_AS_EXPLICIT_TESTABLE_HYPOTHESIS,FAIL_UNSUPPORTED_ATOMS:authorization=true;citation=true;evidence_support=true
SENT-0444,52bebecfb2a435d0e7ff2efea557c5799674ded6,運用指標には、zero-result率、権限filter前後の候補数、Recall、Evidence sufficiency、faithfulness、citation correctness、回答保留率を含めます。,運用指標には、zero-result率、権限filter前後の候補数、Recall、Evidence sufficiency、faithfulness、citation correctness、回答保留率を含めます。,"AND(AND(AND(AND(ATOM(generation=true), ATOM(citation=true)), ATOM(evidence_support=true)), ATOM(recall_metric=true)), ATOM(authorization=true))",AND,general_technical_claim,UNCLASSIFIED,2.7.2 (docs/2.アーキテクチャ/2.7.非機能と運用の概要.md:28),SRC-008,NOT_APPLICABLE_LOCAL_NORM,HYPOTHESIS,generation=true,authorization=true;citation=true;evidence_support=true;recall_metric=true,,APPROPRIATE_NORMATIVE,権威性=候補一次資料のみ; 直接性=locator未確認; 網羅性=未支持atom=authorization=true;citation=true;evidence_support=true;recall_metric=true; 主張極性=HYPOTHESISとして再分類; スコープ=PASS_LOCAL_DESIGN_POLICY; モダリティ=PASS_AS_DISCLOSED_NORMATIVE_RULE; 教材妥当性=PASS_AFTER_EXPLICIT_CRITERIA_AND_EXCEPTION; 形式化妥当性=FAIL_UNSUPPORTED_ATOMS:authorization=true;citation=true;evidence_support=true;recall_metric=true。「運用指標には、zero-result率、権限filter前後の候補数、Recall、Evidence sufficiency、faithfulness、cita」は外的真偽の断定ではなく、対象・処理・判断を特定した設計・運用上の選択規則として読める。ただし候補資料(SRC-008)はURL単位で、直接locatorは未確認。規範の判断基準と例外を明示すれば教材として採用できる。形式面ではFAIL_UNSUPPORTED_ATOMS:authorization=true;citation=true;evidence_support=true;recall_metric=trueを別途解消する必要がある。,最小権限を維持し、認可前後の候補、拒否理由、漏えい試験を観測可能にすること,法令・契約・組織方針がより厳しい場合はその基準を優先し、緊急例外も期限と事後監査を必須とする,NOT_APPLICABLE,本文は維持し、節内に判断基準「最小権限を維持し、認可前後の候補、拒否理由、漏えい試験を観測可能にすること」と例外「法令・契約・組織方針がより厳しい場合はその基準を優先し、緊急例外も期限と事後監査を必須とする」を明記する。経験的な効果保証とは分離し、意味を保存して再形式化する。,,,,,INCONCLUSIVE,NOT_APPLICABLE_UNPROVED,,,codex-independent-wave4,2026-08-15,INDEPENDENT_REVIEW_COMPLETE,PARTIAL_CANDIDATE_SOURCE_ONLY,FAIL_NO_DIRECT_LOCATOR,FAIL_UNSUPPORTED_ATOMS:authorization=true;citation=true;evidence_support=true;recall_metric=true,HYPOTHESIS,PASS_LOCAL_DESIGN_POLICY,PASS_AS_DISCLOSED_NORMATIVE_RULE,PASS_AFTER_EXPLICIT_CRITERIA_AND_EXCEPTION,FAIL_UNSUPPORTED_ATOMS:authorization=true;citation=true;evidence_support=true;recall_metric=true
SENT-0448,52bebecfb2a435d0e7ff2efea557c5799674ded6,候補数、reranking件数、context量を減らすと、遅延と費用だけでなくRecall、Evidence sufficiency、citation correctnessも変わります。,本ガイドの基本構成では、候補数、reranking件数、context量を減らすと、遅延と費用だけでなくRecall、Evidence sufficiency、citation correctnessも変わります。,"AND(AND(AND(AND(ATOM(rerank=true), ATOM(citation=true)), ATOM(evidence_support=true)), ATOM(recall_metric=true)), ATOM(cost=true))",AND,general_technical_claim,UNCLASSIFIED,2.7.3 (docs/2.アーキテクチャ/2.7.非機能と運用の概要.md:36),SRC-008,UNVERIFIED_CANDIDATE_URL_ONLY,BACKGROUND_CITATION,,citation=true;cost=true;evidence_support=true;recall_metric=true;rerank=true,,REWRITE_REQUIRED,権威性=候補一次資料のみ; 直接性=locator未確認; 網羅性=未支持atom=citation=true;cost=true;evidence_support=true;recall_metric=true;rerank=true; 主張極性=BACKGROUND_CITATIONとして再分類; スコープ=PASS_AFTER_TEST_SCOPE_QUALIFICATION; モダリティ=PASS_AFTER_HYPOTHESIS_QUALIFIER; 教材妥当性=PASS_AS_EXPLICIT_TESTABLE_HYPOTHESIS; 形式化妥当性=FAIL_UNSUPPORTED_ATOMS:citation=true;cost=true;evidence_support=true;recall_metric=true;rerank=true。「候補数、reranking件数、context量を減らすと、遅延と費用だけでなくRecall、Evidence sufficiency、citation cor」は候補資料(SRC-008)に直接locatorがなく、一般的事実としてはFAIL_UNSUPPORTED_ATOMS:citation=true;cost=true;evidence_support=true;recall_metric=true;rerank=trueが残る。原文の対象と作用を維持したまま、本ガイドの構成または対象データでの検証へスコープを限定すれば教材上の検討事項を保持できる。,,,UNVERIFIED,原文をrevised_sentenceへ置換し、対象データ、比較条件、観測指標、合否閾値を同じ節に追記する。検証後に限り事実表現へ戻し、意味を保存して再形式化する。,,,,,INCONCLUSIVE,NOT_APPLICABLE_UNPROVED,,,codex-independent-wave4,2026-08-15,INDEPENDENT_REVIEW_COMPLETE,PARTIAL_CANDIDATE_SOURCE_ONLY,FAIL_NO_DIRECT_LOCATOR,FAIL_UNSUPPORTED_ATOMS:citation=true;cost=true;evidence_support=true;recall_metric=true;rerank=true,BACKGROUND_CITATION,PASS_AFTER_TEST_SCOPE_QUALIFICATION,PASS_AFTER_HYPOTHESIS_QUALIFIER,PASS_AS_EXPLICIT_TESTABLE_HYPOTHESIS,FAIL_UNSUPPORTED_ATOMS:citation=true;cost=true;evidence_support=true;recall_metric=true;rerank=true
SENT-0452,52bebecfb2a435d0e7ff2efea557c5799674ded6,文書snapshot、chunking設定、embedding model、index版、検索設定、reranker、prompt、生成model、評価datasetを一つのRAG構成版として記録すると、回答とcitationを再現し、変更前の構成へ切り戻せます。,文書snapshot、chunking設定、embedding model、index版、検索設定、reranker、prompt、生成model、評価datasetを一つのRAG構成版として記録すると、回答とcitationを再現し、変更前の構成へ切り戻せます。,"AND(AND(AND(AND(AND(AND(ATOM(rerank=true), ATOM(chunking=true)), ATOM(retrieval=true)), ATOM(generation=true)), ATOM(citation=true)), ATOM(evaluation=true)), ATOM(embedding_model=true))",AND,general_technical_claim,UNCLASSIFIED,2.7.4 (docs/2.アーキテクチャ/2.7.非機能と運用の概要.md:43),SRC-008,NOT_APPLICABLE_LOCAL_NORM,HYPOTHESIS,generation=true;retrieval=true,chunking=true;citation=true;embedding_model=true;evaluation=true;rerank=true,,APPROPRIATE_NORMATIVE,権威性=候補一次資料のみ; 直接性=locator未確認; 網羅性=未支持atom=chunking=true;citation=true;embedding_model=true;evaluation=true;rerank=true; 主張極性=HYPOTHESISとして再分類; スコープ=PASS_LOCAL_DESIGN_POLICY; モダリティ=PASS_AS_DISCLOSED_NORMATIVE_RULE; 教材妥当性=PASS_AFTER_EXPLICIT_CRITERIA_AND_EXCEPTION; 形式化妥当性=FAIL_UNSUPPORTED_ATOMS:chunking=true;citation=true;embedding_model=true;evaluation=true;rerank=true。「文書snapshot、chunking設定、embedding model、index版、検索設定、reranker、prompt、生成model、評価data」は外的真偽の断定ではなく、対象・処理・判断を特定した設計・運用上の選択規則として読める。ただし候補資料(SRC-008)はURL単位で、直接locatorは未確認。規範の判断基準と例外を明示すれば教材として採用できる。形式面ではFAIL_UNSUPPORTED_ATOMS:chunking=true;citation=true;embedding_model=true;evaluation=true;rerank=trueを別途解消する必要がある。,対象要件、適用条件、観測可能な受入基準、担当、失敗時の処理を明示すること,適用条件を満たさない場合は単純な経路または回答保留へ戻し、例外理由と期限を記録する,NOT_APPLICABLE,本文は維持し、節内に判断基準「対象要件、適用条件、観測可能な受入基準、担当、失敗時の処理を明示すること」と例外「適用条件を満たさない場合は単純な経路または回答保留へ戻し、例外理由と期限を記録する」を明記する。経験的な効果保証とは分離し、意味を保存して再形式化する。,,,,,INCONCLUSIVE,NOT_APPLICABLE_UNPROVED,,,codex-independent-wave4,2026-08-15,INDEPENDENT_REVIEW_COMPLETE,PARTIAL_CANDIDATE_SOURCE_ONLY,FAIL_NO_DIRECT_LOCATOR,FAIL_UNSUPPORTED_ATOMS:chunking=true;citation=true;embedding_model=true;evaluation=true;rerank=true,HYPOTHESIS,PASS_LOCAL_DESIGN_POLICY,PASS_AS_DISCLOSED_NORMATIVE_RULE,PASS_AFTER_EXPLICIT_CRITERIA_AND_EXCEPTION,FAIL_UNSUPPORTED_ATOMS:chunking=true;citation=true;embedding_model=true;evaluation=true;rerank=true
SENT-0453,52bebecfb2a435d0e7ff2efea557c5799674ded6,新しい構成は、Prompt injection、data poisoning、権限漏えい、検索Recall、Evidence sufficiency、faithfulness、citation correctness、応答時間、費用の回帰試験を通過してから公開します。,新しい構成は、Prompt injection、data poisoning、権限漏えい、検索Recall、Evidence sufficiency、faithfulness、citation correctness、応答時間、費用の回帰試験を通過してから公開します。,"AND(AND(AND(AND(AND(AND(AND(AND(AND(ATOM(recall_latency_tradeoff=true), ATOM(retrieval=true)), ATOM(citation=true)), ATOM(evidence_support=true)), ATOM(temporal_freshness=true)), ATOM(recall_metric=true)), ATOM(latency=true)), ATOM(cost=true)), ATOM(authorization=true)), ATOM(prompt_injection=true))",AND,general_technical_claim,UNCLASSIFIED,2.7.4 (docs/2.アーキテクチャ/2.7.非機能と運用の概要.md:45),SRC-008,NOT_APPLICABLE_LOCAL_NORM,HYPOTHESIS,retrieval=true,authorization=true;citation=true;cost=true;evidence_support=true;latency=true;prompt_injection=true;recall_latency_tradeoff=true;recall_metric=true;temporal_freshness=true,,APPROPRIATE_NORMATIVE,権威性=候補一次資料のみ; 直接性=locator未確認; 網羅性=未支持atom=authorization=true;citation=true;cost=true;evidence_support=true;latency=true;prompt_injection=true;recall_latency_tradeoff=true;recall_metric=true;temporal_freshness=true; 主張極性=HYPOTHESISとして再分類; スコープ=PASS_LOCAL_DESIGN_POLICY; モダリティ=PASS_AS_DISCLOSED_NORMATIVE_RULE; 教材妥当性=PASS_AFTER_EXPLICIT_CRITERIA_AND_EXCEPTION; 形式化妥当性=FAIL_UNSUPPORTED_ATOMS:authorization=true;citation=true;cost=true;evidence_support=true;latency=true;prompt_injection=true;recall_latency_tradeoff=true;recall_metric=true;temporal_freshness=true。「新しい構成は、Prompt injection、data poisoning、権限漏えい、検索Recall、Evidence sufficiency、faith」は外的真偽の断定ではなく、対象・処理・判断を特定した設計・運用上の選択規則として読める。ただし候補資料(SRC-008)はURL単位で、直接locatorは未確認。規範の判断基準と例外を明示すれば教材として採用できる。形式面ではFAIL_UNSUPPORTED_ATOMS:authorization=true;citation=true;cost=true;evidence_support=true;latency=true;prompt_injection=true;recall_latency_tradeoff=true;recall_metric=true;temporal_freshness=trueを別途解消する必要がある。,最小権限を維持し、認可前後の候補、拒否理由、漏えい試験を観測可能にすること,法令・契約・組織方針がより厳しい場合はその基準を優先し、緊急例外も期限と事後監査を必須とする,NOT_APPLICABLE,本文は維持し、節内に判断基準「最小権限を維持し、認可前後の候補、拒否理由、漏えい試験を観測可能にすること」と例外「法令・契約・組織方針がより厳しい場合はその基準を優先し、緊急例外も期限と事後監査を必須とする」を明記する。経験的な効果保証とは分離し、意味を保存して再形式化する。,,,,,INCONCLUSIVE,NOT_APPLICABLE_UNPROVED,,,codex-independent-wave4,2026-08-15,INDEPENDENT_REVIEW_COMPLETE,PARTIAL_CANDIDATE_SOURCE_ONLY,FAIL_NO_DIRECT_LOCATOR,FAIL_UNSUPPORTED_ATOMS:authorization=true;citation=true;cost=true;evidence_support=true;latency=true;prompt_injection=true;recall_latency_tradeoff=true;recall_metric=true;temporal_freshness=true,HYPOTHESIS,PASS_LOCAL_DESIGN_POLICY,PASS_AS_DISCLOSED_NORMATIVE_RULE,PASS_AFTER_EXPLICIT_CRITERIA_AND_EXCEPTION,FAIL_UNSUPPORTED_ATOMS:authorization=true;citation=true;cost=true;evidence_support=true;latency=true;prompt_injection=true;recall_latency_tradeoff=true;recall_metric=true;temporal_freshness=true
SENT-0454,52bebecfb2a435d0e7ff2efea557c5799674ded6,本番traceでは、質問、適用した権限、取得chunk、順位変化、採用したEvidence、回答、citation、RAG構成版を対応付けます。,本番traceでは、質問、適用した権限、取得chunk、順位変化、採用したEvidence、回答、citation、RAG構成版を対応付けます。,"AND(AND(AND(AND(ATOM(retrieval=true), ATOM(generation=true)), ATOM(citation=true)), ATOM(evidence_support=true)), ATOM(authorization=true))",AND,general_technical_claim,UNCLASSIFIED,2.7.4 (docs/2.アーキテクチャ/2.7.非機能と運用の概要.md:46),SRC-008,NOT_APPLICABLE_LOCAL_NORM,HYPOTHESIS,generation=true;retrieval=true,authorization=true;citation=true;evidence_support=true,,APPROPRIATE_NORMATIVE,権威性=候補一次資料のみ; 直接性=locator未確認; 網羅性=未支持atom=authorization=true;citation=true;evidence_support=true; 主張極性=HYPOTHESISとして再分類; スコープ=PASS_LOCAL_DESIGN_POLICY; モダリティ=PASS_AS_DISCLOSED_NORMATIVE_RULE; 教材妥当性=PASS_AFTER_EXPLICIT_CRITERIA_AND_EXCEPTION; 形式化妥当性=FAIL_UNSUPPORTED_ATOMS:authorization=true;citation=true;evidence_support=true。「本番traceでは、質問、適用した権限、取得chunk、順位変化、採用したEvidence、回答、citation、RAG構成版を対応付けます。」は外的真偽の断定ではなく、対象・処理・判断を特定した設計・運用上の選択規則として読める。ただし候補資料(SRC-008)はURL単位で、直接locatorは未確認。規範の判断基準と例外を明示すれば教材として採用できる。形式面ではFAIL_UNSUPPORTED_ATOMS:authorization=true;citation=true;evidence_support=trueを別途解消する必要がある。,最小権限を維持し、認可前後の候補、拒否理由、漏えい試験を観測可能にすること,法令・契約・組織方針がより厳しい場合はその基準を優先し、緊急例外も期限と事後監査を必須とする,NOT_APPLICABLE,本文は維持し、節内に判断基準「最小権限を維持し、認可前後の候補、拒否理由、漏えい試験を観測可能にすること」と例外「法令・契約・組織方針がより厳しい場合はその基準を優先し、緊急例外も期限と事後監査を必須とする」を明記する。経験的な効果保証とは分離し、意味を保存して再形式化する。,,,,,INCONCLUSIVE,NOT_APPLICABLE_UNPROVED,,,codex-independent-wave4,2026-08-15,INDEPENDENT_REVIEW_COMPLETE,PARTIAL_CANDIDATE_SOURCE_ONLY,FAIL_NO_DIRECT_LOCATOR,FAIL_UNSUPPORTED_ATOMS:authorization=true;citation=true;evidence_support=true,HYPOTHESIS,PASS_LOCAL_DESIGN_POLICY,PASS_AS_DISCLOSED_NORMATIVE_RULE,PASS_AFTER_EXPLICIT_CRITERIA_AND_EXCEPTION,FAIL_UNSUPPORTED_ATOMS:authorization=true;citation=true;evidence_support=true
SENT-0458,52bebecfb2a435d0e7ff2efea557c5799674ded6,Batch Layerは、範囲を定めた正本、再現可能な取り込み、構造を保つ解析と分割、出典・版・アクセス制御属性、疎検索と密検索の索引、公開前ゲートで構成します。,Batch Layerは、範囲を定めた正本、再現可能な取り込み、構造を保つ解析と分割、出典・版・アクセス制御属性、疎検索と密検索の索引、公開前ゲートで構成します。,"AND(AND(AND(AND(ATOM(sparse=true), ATOM(dense=true)), ATOM(retrieval=true)), ATOM(authorization=true)), ATOM(parsing=true))",AND,general_technical_claim,可能,2.8.1 (docs/2.アーキテクチャ/2.8.最初に作るAdvanced-RAG.md:8),SRC-008,NOT_APPLICABLE_LOCAL_NORM,HYPOTHESIS,retrieval=true,authorization=true;dense=true;parsing=true;sparse=true,,APPROPRIATE_NORMATIVE,権威性=候補一次資料のみ; 直接性=locator未確認; 網羅性=未支持atom=authorization=true;dense=true;parsing=true;sparse=true; 主張極性=HYPOTHESISとして再分類; スコープ=PASS_LOCAL_DESIGN_POLICY; モダリティ=PASS_AS_DISCLOSED_NORMATIVE_RULE; 教材妥当性=PASS_AFTER_EXPLICIT_CRITERIA_AND_EXCEPTION; 形式化妥当性=FAIL_UNSUPPORTED_ATOMS:authorization=true;dense=true;parsing=true;sparse=true。「Batch Layerは、範囲を定めた正本、再現可能な取り込み、構造を保つ解析と分割、出典・版・アクセス制御属性、疎検索と密検索の索引、公開前ゲートで構成します」は外的真偽の断定ではなく、対象・処理・判断を特定した設計・運用上の選択規則として読める。ただし候補資料(SRC-008)はURL単位で、直接locatorは未確認。規範の判断基準と例外を明示すれば教材として採用できる。形式面ではFAIL_UNSUPPORTED_ATOMS:authorization=true;dense=true;parsing=true;sparse=trueを別途解消する必要がある。,最小権限を維持し、認可前後の候補、拒否理由、漏えい試験を観測可能にすること,法令・契約・組織方針がより厳しい場合はその基準を優先し、緊急例外も期限と事後監査を必須とする,NOT_APPLICABLE,本文は維持し、節内に判断基準「最小権限を維持し、認可前後の候補、拒否理由、漏えい試験を観測可能にすること」と例外「法令・契約・組織方針がより厳しい場合はその基準を優先し、緊急例外も期限と事後監査を必須とする」を明記する。経験的な効果保証とは分離し、意味を保存して再形式化する。,,,,,INCONCLUSIVE,NOT_APPLICABLE_UNPROVED,,,codex-independent-wave4,2026-08-15,INDEPENDENT_REVIEW_COMPLETE,PARTIAL_CANDIDATE_SOURCE_ONLY,FAIL_NO_DIRECT_LOCATOR,FAIL_UNSUPPORTED_ATOMS:authorization=true;dense=true;parsing=true;sparse=true,HYPOTHESIS,PASS_LOCAL_DESIGN_POLICY,PASS_AS_DISCLOSED_NORMATIVE_RULE,PASS_AFTER_EXPLICIT_CRITERIA_AND_EXCEPTION,FAIL_UNSUPPORTED_ATOMS:authorization=true;dense=true;parsing=true;sparse=true
SENT-0459,52bebecfb2a435d0e7ff2efea557c5799674ded6,Real-time Layerは、質問理解、検索時のアクセス制御、疎検索と密検索の統合、再順位付け、Evidence Set、根拠に基づく回答、引用、回答保留、実行記録で構成します。,本ガイドの基本構成では、Real-time Layerは、質問理解、検索時のアクセス制御、疎検索と密検索の統合、再順位付け、Evidence Set、根拠に基づく回答、引用、回答保留、実行記録で構成します。,"AND(AND(AND(AND(AND(AND(AND(AND(ATOM(sparse=true), ATOM(dense=true)), ATOM(evidence_trace=true)), ATOM(rerank=true)), ATOM(retrieval=true)), ATOM(generation=true)), ATOM(citation=true)), ATOM(evidence_support=true)), ATOM(authorization=true))",AND,general_technical_claim,UNCLASSIFIED,2.8.1 (docs/2.アーキテクチャ/2.8.最初に作るAdvanced-RAG.md:9),SRC-008,UNVERIFIED_CANDIDATE_URL_ONLY,BACKGROUND_CITATION,generation=true;retrieval=true,authorization=true;citation=true;dense=true;evidence_support=true;evidence_trace=true;rerank=true;sparse=true,,REWRITE_REQUIRED,権威性=候補一次資料のみ; 直接性=locator未確認; 網羅性=未支持atom=authorization=true;citation=true;dense=true;evidence_support=true;evidence_trace=true;rerank=true;sparse=true; 主張極性=BACKGROUND_CITATIONとして再分類; スコープ=PASS_AFTER_TEST_SCOPE_QUALIFICATION; モダリティ=PASS_AFTER_HYPOTHESIS_QUALIFIER; 教材妥当性=PASS_AS_EXPLICIT_TESTABLE_HYPOTHESIS; 形式化妥当性=FAIL_UNSUPPORTED_ATOMS:authorization=true;citation=true;dense=true;evidence_support=true;evidence_trace=true;rerank=true;sparse=true。「Real-time Layerは、質問理解、検索時のアクセス制御、疎検索と密検索の統合、再順位付け、Evidence Set、根拠に基づく回答、引用、回答保留、」は候補資料(SRC-008)に直接locatorがなく、一般的事実としてはFAIL_UNSUPPORTED_ATOMS:authorization=true;citation=true;dense=true;evidence_support=true;evidence_trace=true;rerank=true;sparse=trueが残る。原文の対象と作用を維持したまま、本ガイドの構成または対象データでの検証へスコープを限定すれば教材上の検討事項を保持できる。,,,UNVERIFIED,原文をrevised_sentenceへ置換し、対象データ、比較条件、観測指標、合否閾値を同じ節に追記する。検証後に限り事実表現へ戻し、意味を保存して再形式化する。,,,,,INCONCLUSIVE,NOT_APPLICABLE_UNPROVED,,,codex-independent-wave4,2026-08-15,INDEPENDENT_REVIEW_COMPLETE,PARTIAL_CANDIDATE_SOURCE_ONLY,FAIL_NO_DIRECT_LOCATOR,FAIL_UNSUPPORTED_ATOMS:authorization=true;citation=true;dense=true;evidence_support=true;evidence_trace=true;rerank=true;sparse=true,BACKGROUND_CITATION,PASS_AFTER_TEST_SCOPE_QUALIFICATION,PASS_AFTER_HYPOTHESIS_QUALIFIER,PASS_AS_EXPLICIT_TESTABLE_HYPOTHESIS,FAIL_UNSUPPORTED_ATOMS:authorization=true;citation=true;dense=true;evidence_support=true;evidence_trace=true;rerank=true;sparse=true
SENT-0481,52bebecfb2a435d0e7ff2efea557c5799674ded6,高性能な検索モデルでも、資料の正本性や現在の有効性を、文章の類似度だけから判断できません。,本ガイドの基本構成では、高性能な検索モデルでも、資料の正本性や現在の有効性を、文章の類似度だけから判断できません。,NOT(ATOM(retrieval=true)),NOT,general_technical_claim,ません,3.1.1 (docs/3.回答に使う資料を準備する/3.1.データソース棚卸し.md:10),SRC-010,UNVERIFIED_CANDIDATE_URL_ONLY,BACKGROUND_CITATION,retrieval=true,,NOT,REWRITE_REQUIRED,権威性=候補一次資料のみ; 直接性=locator未確認; 網羅性=関係NOT自体の根拠未確認; 主張極性=BACKGROUND_CITATIONとして再分類; スコープ=PASS_AFTER_TEST_SCOPE_QUALIFICATION; モダリティ=PASS_AFTER_HYPOTHESIS_QUALIFIER; 教材妥当性=PASS_AS_EXPLICIT_TESTABLE_HYPOTHESIS; 形式化妥当性=FAIL_RELATION_NOT。「高性能な検索モデルでも、資料の正本性や現在の有効性を、文章の類似度だけから判断できません。」は候補資料(SRC-010)に直接locatorがなく、一般的事実としてはFAIL_RELATION_NOTが残る。原文の対象と作用を維持したまま、本ガイドの構成または対象データでの検証へスコープを限定すれば教材上の検討事項を保持できる。,,,UNVERIFIED,原文をrevised_sentenceへ置換し、対象データ、比較条件、観測指標、合否閾値を同じ節に追記する。検証後に限り事実表現へ戻し、意味を保存して再形式化する。,,,,,INCONCLUSIVE,NOT_APPLICABLE_UNPROVED,,,codex-independent-wave4,2026-08-15,INDEPENDENT_REVIEW_COMPLETE,PARTIAL_CANDIDATE_SOURCE_ONLY,FAIL_NO_DIRECT_LOCATOR,FAIL_RELATION_NOT,BACKGROUND_CITATION,PASS_AFTER_TEST_SCOPE_QUALIFICATION,PASS_AFTER_HYPOTHESIS_QUALIFIER,PASS_AS_EXPLICIT_TESTABLE_HYPOTHESIS,FAIL_RELATION_NOT
SENT-0482,52bebecfb2a435d0e7ff2efea557c5799674ded6,Data Cascadesは、高リスクなAIシステムで、データの収集・管理上の問題が下流へ連鎖する事例を調査しました。,高リスクなAIシステムで、データの収集・管理上の問題が下流へ連鎖する事例を対象業務でも同じ観点で調査します。,ATOM(risk=true),ATOM,externally_cited_claim,UNCLASSIFIED,3.1.1 (docs/3.回答に使う資料を準備する/3.1.データソース棚卸し.md:12),SRC-009,UNVERIFIED_CANDIDATE_URL_ONLY,AUTHOR_CLAIM,,risk=true,,REWRITE_REQUIRED,権威性=候補一次資料のみ; 直接性=locator未確認; 網羅性=未支持atom=risk=true; 主張極性=AUTHOR_CLAIMとして再分類; スコープ=PASS_AFTER_CONCRETE_VERSION_OR_EXPERIMENT_SCOPE; モダリティ=PASS_AFTER_CONDITIONAL_OR_REPRODUCTION_WORDING; 教材妥当性=PASS_AFTER_CONCRETE_VERSION_OR_EXPERIMENT_QUALIFIER; 形式化妥当性=FAIL_UNSUPPORTED_ATOMS:risk=true。「Data Cascadesは、高リスクなAIシステムで、データの収集・管理上の問題が下流へ連鎖する事例を調査しました。」の候補資料(SRC-009)はURL単位で、節・ページ・表・API見出しを独立に確認できていない。現文のFAIL_UNSUPPORTED_ATOMS:risk=true、版・実験条件、資料内極性を断定せず、具体的な製品前提・ローカル定義・再現試験へ限定すれば教材内容を保持できる。,,,UNVERIFIED,原文をrevised_sentenceの具体文へ置換する。製品文は利用時点のregion/versionを受入条件へ追加し、研究文は同じ指標・比較条件で再現確認する。事実表現へ戻す場合は直接locatorを再監査する。,,,,,INCONCLUSIVE,NOT_APPLICABLE_UNPROVED,,,codex-independent-wave4,2026-08-15,INDEPENDENT_REVIEW_COMPLETE,PARTIAL_CANDIDATE_SOURCE_ONLY,FAIL_NO_DIRECT_LOCATOR,FAIL_UNSUPPORTED_ATOMS:risk=true,AUTHOR_CLAIM,PASS_AFTER_CONCRETE_VERSION_OR_EXPERIMENT_SCOPE,PASS_AFTER_CONDITIONAL_OR_REPRODUCTION_WORDING,PASS_AFTER_CONCRETE_VERSION_OR_EXPERIMENT_QUALIFIER,FAIL_UNSUPPORTED_ATOMS:risk=true
SENT-0530,52bebecfb2a435d0e7ff2efea557c5799674ded6,障害情報は数分、規程は施行日前、研究資料は版更新後など、情報源ごとに許容遅延を定めます。,障害情報は数分、規程は施行日前、研究資料は版更新後など、情報源ごとに許容遅延を定めます。,ATOM(fault_tolerance=true),ATOM,empirical_or_research_claim,UNCLASSIFIED,3.1.3 (docs/3.回答に使う資料を準備する/3.1.データソース棚卸し.md:82),SRC-013,NOT_APPLICABLE_LOCAL_NORM,HYPOTHESIS,,fault_tolerance=true,,APPROPRIATE_NORMATIVE,権威性=候補一次資料のみ; 直接性=locator未確認; 網羅性=未支持atom=fault_tolerance=true; 主張極性=HYPOTHESISとして再分類; スコープ=PASS_LOCAL_DESIGN_POLICY; モダリティ=PASS_AS_DISCLOSED_NORMATIVE_RULE; 教材妥当性=PASS_AFTER_EXPLICIT_CRITERIA_AND_EXCEPTION; 形式化妥当性=FAIL_UNSUPPORTED_ATOMS:fault_tolerance=true。「障害情報は数分、規程は施行日前、研究資料は版更新後など、情報源ごとに許容遅延を定めます。」は外的真偽の断定ではなく、対象・処理・判断を特定した設計・運用上の選択規則として読める。ただし候補資料(SRC-013)はURL単位で、直接locatorは未確認。規範の判断基準と例外を明示すれば教材として採用できる。形式面ではFAIL_UNSUPPORTED_ATOMS:fault_tolerance=trueを別途解消する必要がある。,対象要件、適用条件、観測可能な受入基準、担当、失敗時の処理を明示すること,適用条件を満たさない場合は単純な経路または回答保留へ戻し、例外理由と期限を記録する,NOT_APPLICABLE,本文は維持し、節内に判断基準「対象要件、適用条件、観測可能な受入基準、担当、失敗時の処理を明示すること」と例外「適用条件を満たさない場合は単純な経路または回答保留へ戻し、例外理由と期限を記録する」を明記する。経験的な効果保証とは分離し、意味を保存して再形式化する。,,,,,INCONCLUSIVE,NOT_APPLICABLE_UNPROVED,,,codex-independent-wave4,2026-08-15,INDEPENDENT_REVIEW_COMPLETE,PARTIAL_CANDIDATE_SOURCE_ONLY,FAIL_NO_DIRECT_LOCATOR,FAIL_UNSUPPORTED_ATOMS:fault_tolerance=true,HYPOTHESIS,PASS_LOCAL_DESIGN_POLICY,PASS_AS_DISCLOSED_NORMATIVE_RULE,PASS_AFTER_EXPLICIT_CRITERIA_AND_EXCEPTION,FAIL_UNSUPPORTED_ATOMS:fault_tolerance=true
SENT-0554,52bebecfb2a435d0e7ff2efea557c5799674ded6,内部アルゴリズム監査の枠組みは、システムの企画から廃止までの全期間を通じた説明責任を扱いました。,システムの企画から廃止までの全期間を通じた説明責任を本ガイドの評価対象に含めます。,UNFORMALIZED,UNFORMALIZED,externally_cited_claim,UNCLASSIFIED,3.1.5 (docs/3.回答に使う資料を準備する/3.1.データソース棚卸し.md:120),SRC-016,UNVERIFIED_CANDIDATE_URL_ONLY,AUTHOR_CLAIM,,,,REWRITE_REQUIRED,権威性=候補一次資料のみ; 直接性=locator未確認; 網羅性=未支持atom=none-explicit; 主張極性=AUTHOR_CLAIMとして再分類; スコープ=PASS_AFTER_CONCRETE_VERSION_OR_EXPERIMENT_SCOPE; モダリティ=PASS_AFTER_CONDITIONAL_OR_REPRODUCTION_WORDING; 教材妥当性=PASS_AFTER_CONCRETE_VERSION_OR_EXPERIMENT_QUALIFIER; 形式化妥当性=FAIL_UNFORMALIZED。「内部アルゴリズム監査の枠組みは、システムの企画から廃止までの全期間を通じた説明責任を扱いました。」の候補資料(SRC-016)はURL単位で、節・ページ・表・API見出しを独立に確認できていない。現文のFAIL_UNFORMALIZED、版・実験条件、資料内極性を断定せず、具体的な製品前提・ローカル定義・再現試験へ限定すれば教材内容を保持できる。,,,UNVERIFIED,原文をrevised_sentenceの具体文へ置換する。製品文は利用時点のregion/versionを受入条件へ追加し、研究文は同じ指標・比較条件で再現確認する。事実表現へ戻す場合は直接locatorを再監査する。,,,,,INCONCLUSIVE,NOT_APPLICABLE_UNPROVED,,,codex-independent-wave4,2026-08-15,INDEPENDENT_REVIEW_COMPLETE,PARTIAL_CANDIDATE_SOURCE_ONLY,FAIL_NO_DIRECT_LOCATOR,FAIL_UNFORMALIZED,AUTHOR_CLAIM,PASS_AFTER_CONCRETE_VERSION_OR_EXPERIMENT_SCOPE,PASS_AFTER_CONDITIONAL_OR_REPRODUCTION_WORDING,PASS_AFTER_CONCRETE_VERSION_OR_EXPERIMENT_QUALIFIER,FAIL_UNFORMALIZED
SENT-0568,52bebecfb2a435d0e7ff2efea557c5799674ded6,ML Test Scoreは、学習済みモデルだけでなく、データとパイプラインを含む本番準備を評価する観点を示しました。,学習済みモデルだけでなく、データとパイプラインを含む本番準備を評価する観点が対象データでも成り立つかを、同じ条件と指標で検証します。,"AND(ATOM(evaluation=true), ATOM(dataflow=true))",AND,externally_cited_claim,UNCLASSIFIED,3.1.6 (docs/3.回答に使う資料を準備する/3.1.データソース棚卸し.md:142),SRC-017,UNVERIFIED_CANDIDATE_URL_ONLY,EMPIRICAL_RESULT,evaluation=true,dataflow=true,,REWRITE_REQUIRED,権威性=候補一次資料のみ; 直接性=locator未確認; 網羅性=未支持atom=dataflow=true; 主張極性=EMPIRICAL_RESULTとして再分類; スコープ=PASS_AFTER_CONCRETE_VERSION_OR_EXPERIMENT_SCOPE; モダリティ=PASS_AFTER_CONDITIONAL_OR_REPRODUCTION_WORDING; 教材妥当性=PASS_AFTER_CONCRETE_VERSION_OR_EXPERIMENT_QUALIFIER; 形式化妥当性=FAIL_UNSUPPORTED_ATOMS:dataflow=true。「ML Test Scoreは、学習済みモデルだけでなく、データとパイプラインを含む本番準備を評価する観点を示しました。」の候補資料(SRC-017)はURL単位で、節・ページ・表・API見出しを独立に確認できていない。現文のFAIL_UNSUPPORTED_ATOMS:dataflow=true、版・実験条件、資料内極性を断定せず、具体的な製品前提・ローカル定義・再現試験へ限定すれば教材内容を保持できる。,,,UNVERIFIED,原文をrevised_sentenceの具体文へ置換する。製品文は利用時点のregion/versionを受入条件へ追加し、研究文は同じ指標・比較条件で再現確認する。事実表現へ戻す場合は直接locatorを再監査する。,,,,,INCONCLUSIVE,NOT_APPLICABLE_UNPROVED,,,codex-independent-wave4,2026-08-15,INDEPENDENT_REVIEW_COMPLETE,PARTIAL_CANDIDATE_SOURCE_ONLY,FAIL_NO_DIRECT_LOCATOR,FAIL_UNSUPPORTED_ATOMS:dataflow=true,EMPIRICAL_RESULT,PASS_AFTER_CONCRETE_VERSION_OR_EXPERIMENT_SCOPE,PASS_AFTER_CONDITIONAL_OR_REPRODUCTION_WORDING,PASS_AFTER_CONCRETE_VERSION_OR_EXPERIMENT_QUALIFIER,FAIL_UNSUPPORTED_ATOMS:dataflow=true
SENT-0572,52bebecfb2a435d0e7ff2efea557c5799674ded6,取り込み（ingestion）は、情報源から資料を取得し、検査、解析、分割、埋め込み、登録を経て、検索可能なインデックスとして公開する処理です。,本ガイドでは、取り込み（ingestion）を「情報源から資料を取得し、検査、解析、分割、埋め込み、登録を経て、検索可能なインデックスとして公開する処理」として用います。,"AND(ATOM(retrieval=true), ATOM(parsing=true))",AND,general_technical_claim,可能,FILE-INTRO (docs/3.回答に使う資料を準備する/3.2.Ingestion設計.md:3),SRC-018;SRC-019;SRC-021,NOT_APPLICABLE_LOCAL_NORM,DEFINITION_OR_SPEC,retrieval=true,parsing=true,,APPROPRIATE_NORMATIVE,権威性=候補一次資料のみ; 直接性=locator未確認; 網羅性=未支持atom=parsing=true; 主張極性=DEFINITION_OR_SPECとして再分類; スコープ=PASS_AFTER_LOCAL_GUIDE_SCOPE; モダリティ=PASS_AFTER_DEFINITION_QUALIFIER; 教材妥当性=PASS_AFTER_LOCAL_DEFINITION_QUALIFIER; 形式化妥当性=FAIL_UNSUPPORTED_ATOMS:parsing=true。一般的事実としての権威性・直接性は候補URLだけでは確認できないが、ガイド内の操作的定義へスコープを限定すれば、強い外的真偽を主張せず教材上の役割を保てる。形式面ではFAIL_UNSUPPORTED_ATOMS:parsing=trueが残る。,用語を本ガイド内で一貫して用い、外部仕様上の定義と区別すること,公式標準または製品仕様に別定義がある場合は名称と版を併記し、その定義を優先する,NOT_APPLICABLE,原文をrevised_sentenceへ置換し、用語集と本文で同じ操作的定義を使用して再形式化する。,,,,,INCONCLUSIVE,NOT_APPLICABLE_UNPROVED,,,codex-independent-wave4,2026-08-15,INDEPENDENT_REVIEW_COMPLETE,PARTIAL_CANDIDATE_SOURCE_ONLY,FAIL_NO_DIRECT_LOCATOR,FAIL_UNSUPPORTED_ATOMS:parsing=true,DEFINITION_OR_SPEC,PASS_AFTER_LOCAL_GUIDE_SCOPE,PASS_AFTER_DEFINITION_QUALIFIER,PASS_AFTER_LOCAL_DEFINITION_QUALIFIER,FAIL_UNSUPPORTED_ATOMS:parsing=true
SENT-0575,52bebecfb2a435d0e7ff2efea557c5799674ded6,発見 → 取得 → 検査 → 解析 → 正規化 → 分割 → 埋め込み → 登録 → 検証 → 公開,本ガイドの基本構成では、発見 → 取得 → 検査 → 解析 → 正規化 → 分割 → 埋め込み → 登録 → 検証 → 公開。,"AND(AND(ATOM(retrieval=true), ATOM(verification=true)), ATOM(parsing=true))",AND,general_technical_claim,UNCLASSIFIED,3.2.1 (docs/3.回答に使う資料を準備する/3.2.Ingestion設計.md:10),SRC-018;SRC-019,UNVERIFIED_CANDIDATE_URL_ONLY,BACKGROUND_CITATION,retrieval=true,parsing=true;verification=true,,REWRITE_REQUIRED,権威性=候補一次資料のみ; 直接性=locator未確認; 網羅性=未支持atom=parsing=true;verification=true; 主張極性=BACKGROUND_CITATIONとして再分類; スコープ=PASS_AFTER_TEST_SCOPE_QUALIFICATION; モダリティ=PASS_AFTER_HYPOTHESIS_QUALIFIER; 教材妥当性=PASS_AS_EXPLICIT_TESTABLE_HYPOTHESIS; 形式化妥当性=FAIL_UNSUPPORTED_ATOMS:parsing=true;verification=true。「発見 → 取得 → 検査 → 解析 → 正規化 → 分割 → 埋め込み → 登録 → 検証 → 公開」は候補資料(SRC-018;SRC-019)に直接locatorがなく、一般的事実としてはFAIL_UNSUPPORTED_ATOMS:parsing=true;verification=trueが残る。原文の対象と作用を維持したまま、本ガイドの構成または対象データでの検証へスコープを限定すれば教材上の検討事項を保持できる。,,,UNVERIFIED,原文をrevised_sentenceへ置換し、対象データ、比較条件、観測指標、合否閾値を同じ節に追記する。検証後に限り事実表現へ戻し、意味を保存して再形式化する。,,,,,INCONCLUSIVE,NOT_APPLICABLE_UNPROVED,,,codex-independent-wave4,2026-08-15,INDEPENDENT_REVIEW_COMPLETE,PARTIAL_CANDIDATE_SOURCE_ONLY,FAIL_NO_DIRECT_LOCATOR,FAIL_UNSUPPORTED_ATOMS:parsing=true;verification=true,BACKGROUND_CITATION,PASS_AFTER_TEST_SCOPE_QUALIFICATION,PASS_AFTER_HYPOTHESIS_QUALIFIER,PASS_AS_EXPLICIT_TESTABLE_HYPOTHESIS,FAIL_UNSUPPORTED_ATOMS:parsing=true;verification=true
SENT-0577,52bebecfb2a435d0e7ff2efea557c5799674ded6,FlumeJavaは、並列データ処理を再利用可能な変換段階として構成する考え方を示しました。,並列データ処理を再利用可能な変換段階として構成する考え方が対象データでも成り立つかを、同じ条件と指標で検証します。,UNFORMALIZED,UNFORMALIZED,externally_cited_claim,可能,3.2.1 (docs/3.回答に使う資料を準備する/3.2.Ingestion設計.md:13),SRC-018,UNVERIFIED_CANDIDATE_URL_ONLY,AUTHOR_CLAIM,,,,REWRITE_REQUIRED,権威性=候補一次資料のみ; 直接性=locator未確認; 網羅性=未支持atom=none-explicit; 主張極性=AUTHOR_CLAIMとして再分類; スコープ=PASS_AFTER_CONCRETE_VERSION_OR_EXPERIMENT_SCOPE; モダリティ=PASS_AFTER_CONDITIONAL_OR_REPRODUCTION_WORDING; 教材妥当性=PASS_AFTER_CONCRETE_VERSION_OR_EXPERIMENT_QUALIFIER; 形式化妥当性=FAIL_UNFORMALIZED。「FlumeJavaは、並列データ処理を再利用可能な変換段階として構成する考え方を示しました。」の候補資料(SRC-018)はURL単位で、節・ページ・表・API見出しを独立に確認できていない。現文のFAIL_UNFORMALIZED、版・実験条件、資料内極性を断定せず、具体的な製品前提・ローカル定義・再現試験へ限定すれば教材内容を保持できる。,,,UNVERIFIED,原文をrevised_sentenceの具体文へ置換する。製品文は利用時点のregion/versionを受入条件へ追加し、研究文は同じ指標・比較条件で再現確認する。事実表現へ戻す場合は直接locatorを再監査する。,,,,,INCONCLUSIVE,NOT_APPLICABLE_UNPROVED,,,codex-independent-wave4,2026-08-15,INDEPENDENT_REVIEW_COMPLETE,PARTIAL_CANDIDATE_SOURCE_ONLY,FAIL_NO_DIRECT_LOCATOR,FAIL_UNFORMALIZED,AUTHOR_CLAIM,PASS_AFTER_CONCRETE_VERSION_OR_EXPERIMENT_SCOPE,PASS_AFTER_CONDITIONAL_OR_REPRODUCTION_WORDING,PASS_AFTER_CONCRETE_VERSION_OR_EXPERIMENT_QUALIFIER,FAIL_UNFORMALIZED
SENT-0594,52bebecfb2a435d0e7ff2efea557c5799674ded6,Data Validation for Machine Learningがデータの異常とスキーマ変化を検出する枠組みを扱ったように、取得要求が成功したという通信結果だけで正常と判断しません。,本ガイドの基本構成では、Data Validation for Machine Learningがデータの異常とスキーマ変化を検出する枠組みを扱ったように、取得要求が成功したという通信結果だけで正常と判断しません。,"NOT(AND(AND(ATOM(retrieval=true), ATOM(data_quality=true)), ATOM(empirical_result=true)))",NOT,externally_cited_claim,ません,3.2.1 (docs/3.回答に使う資料を準備する/3.2.Ingestion設計.md:35),SRC-019,UNVERIFIED_CANDIDATE_URL_ONLY,EMPIRICAL_RESULT,data_quality=true;retrieval=true,empirical_result=true,NOT,REWRITE_REQUIRED,権威性=候補一次資料のみ; 直接性=locator未確認; 網羅性=関係NOT自体の根拠未確認; 主張極性=EMPIRICAL_RESULTとして再分類; スコープ=PASS_AFTER_CONCRETE_VERSION_OR_EXPERIMENT_SCOPE; モダリティ=PASS_AFTER_CONDITIONAL_OR_REPRODUCTION_WORDING; 教材妥当性=PASS_AFTER_CONCRETE_VERSION_OR_EXPERIMENT_QUALIFIER; 形式化妥当性=FAIL_RELATION_NOT。「Data Validation for Machine Learningがデータの異常とスキーマ変化を検出する枠組みを扱ったように、取得要求が成功したという通信」の候補資料(SRC-019)はURL単位で、節・ページ・表・API見出しを独立に確認できていない。現文のFAIL_RELATION_NOT、版・実験条件、資料内極性を断定せず、具体的な製品前提・ローカル定義・再現試験へ限定すれば教材内容を保持できる。,,,UNVERIFIED,原文をrevised_sentenceの具体文へ置換する。製品文は利用時点のregion/versionを受入条件へ追加し、研究文は同じ指標・比較条件で再現確認する。事実表現へ戻す場合は直接locatorを再監査する。,,,,,INCONCLUSIVE,NOT_APPLICABLE_UNPROVED,,,codex-independent-wave4,2026-08-15,INDEPENDENT_REVIEW_COMPLETE,PARTIAL_CANDIDATE_SOURCE_ONLY,FAIL_NO_DIRECT_LOCATOR,FAIL_RELATION_NOT,EMPIRICAL_RESULT,PASS_AFTER_CONCRETE_VERSION_OR_EXPERIMENT_SCOPE,PASS_AFTER_CONDITIONAL_OR_REPRODUCTION_WORDING,PASS_AFTER_CONCRETE_VERSION_OR_EXPERIMENT_QUALIFIER,FAIL_RELATION_NOT
SENT-0602,52bebecfb2a435d0e7ff2efea557c5799674ded6,Dataflow Modelは、一括処理と継続処理を単純な優劣ではなく、正しさ、結果が利用可能になるまでの時間、費用から扱いました。,本ガイドでは、一括処理と継続処理を単純な優劣ではなく、正しさ、結果が利用可能になるまでの時間、費用から扱います。,"AND(AND(AND(ATOM(temporal_freshness=true), ATOM(cost=true)), ATOM(dataflow=true)), ATOM(empirical_result=true))",AND,externally_cited_claim,可能,3.2.2 (docs/3.回答に使う資料を準備する/3.2.Ingestion設計.md:49),SRC-020,UNVERIFIED_CANDIDATE_URL_ONLY,EMPIRICAL_RESULT,dataflow=true,cost=true;empirical_result=true;temporal_freshness=true,,REWRITE_REQUIRED,権威性=候補一次資料のみ; 直接性=locator未確認; 網羅性=未支持atom=cost=true;empirical_result=true;temporal_freshness=true; 主張極性=EMPIRICAL_RESULTとして再分類; スコープ=PASS_AFTER_CONCRETE_VERSION_OR_EXPERIMENT_SCOPE; モダリティ=PASS_AFTER_CONDITIONAL_OR_REPRODUCTION_WORDING; 教材妥当性=PASS_AFTER_CONCRETE_VERSION_OR_EXPERIMENT_QUALIFIER; 形式化妥当性=FAIL_UNSUPPORTED_ATOMS:cost=true;empirical_result=true;temporal_freshness=true。「Dataflow Modelは、一括処理と継続処理を単純な優劣ではなく、正しさ、結果が利用可能になるまでの時間、費用から扱いました。」の候補資料(SRC-020)はURL単位で、節・ページ・表・API見出しを独立に確認できていない。現文のFAIL_UNSUPPORTED_ATOMS:cost=true;empirical_result=true;temporal_freshness=true、版・実験条件、資料内極性を断定せず、具体的な製品前提・ローカル定義・再現試験へ限定すれば教材内容を保持できる。,,,UNVERIFIED,原文をrevised_sentenceの具体文へ置換する。製品文は利用時点のregion/versionを受入条件へ追加し、研究文は同じ指標・比較条件で再現確認する。事実表現へ戻す場合は直接locatorを再監査する。,,,,,INCONCLUSIVE,NOT_APPLICABLE_UNPROVED,,,codex-independent-wave4,2026-08-15,INDEPENDENT_REVIEW_COMPLETE,PARTIAL_CANDIDATE_SOURCE_ONLY,FAIL_NO_DIRECT_LOCATOR,FAIL_UNSUPPORTED_ATOMS:cost=true;empirical_result=true;temporal_freshness=true,EMPIRICAL_RESULT,PASS_AFTER_CONCRETE_VERSION_OR_EXPERIMENT_SCOPE,PASS_AFTER_CONDITIONAL_OR_REPRODUCTION_WORDING,PASS_AFTER_CONCRETE_VERSION_OR_EXPERIMENT_QUALIFIER,FAIL_UNSUPPORTED_ATOMS:cost=true;empirical_result=true;temporal_freshness=true
SENT-0608,52bebecfb2a435d0e7ff2efea557c5799674ded6,解析器や埋め込みモデルを比較するときは、同じスナップショットを入力し、出力差の原因を処理変更に結び付けられるようにします。,解析器や埋め込みモデルを比較するときは、同じスナップショットを入力し、出力差の原因を処理変更に結び付けられるようにします。,UNFORMALIZED,UNFORMALIZED,general_technical_claim,UNCLASSIFIED,3.2.2 (docs/3.回答に使う資料を準備する/3.2.Ingestion設計.md:57),SRC-002;SRC-005;SRC-009;SRC-010;SRC-011,NOT_APPLICABLE_LOCAL_NORM,HYPOTHESIS,,,,APPROPRIATE_NORMATIVE,権威性=候補一次資料のみ; 直接性=locator未確認; 網羅性=未支持atom=none-explicit; 主張極性=HYPOTHESISとして再分類; スコープ=PASS_LOCAL_DESIGN_POLICY; モダリティ=PASS_AS_DISCLOSED_NORMATIVE_RULE; 教材妥当性=PASS_AFTER_EXPLICIT_CRITERIA_AND_EXCEPTION; 形式化妥当性=FAIL_UNFORMALIZED。「解析器や埋め込みモデルを比較するときは、同じスナップショットを入力し、出力差の原因を処理変更に結び付けられるようにします。」は外的真偽の断定ではなく、対象・処理・判断を特定した設計・運用上の選択規則として読める。ただし候補資料(SRC-002;SRC-005;SRC-009;SRC-010;SRC-011)はURL単位で、直接locatorは未確認。規範の判断基準と例外を明示すれば教材として採用できる。形式面ではFAIL_UNFORMALIZEDを別途解消する必要がある。,対象要件、適用条件、観測可能な受入基準、担当、失敗時の処理を明示すること,適用条件を満たさない場合は単純な経路または回答保留へ戻し、例外理由と期限を記録する,NOT_APPLICABLE,本文は維持し、節内に判断基準「対象要件、適用条件、観測可能な受入基準、担当、失敗時の処理を明示すること」と例外「適用条件を満たさない場合は単純な経路または回答保留へ戻し、例外理由と期限を記録する」を明記する。経験的な効果保証とは分離し、意味を保存して再形式化する。,,,,,INCONCLUSIVE,NOT_APPLICABLE_UNPROVED,,,codex-independent-wave4,2026-08-15,INDEPENDENT_REVIEW_COMPLETE,PARTIAL_CANDIDATE_SOURCE_ONLY,FAIL_NO_DIRECT_LOCATOR,FAIL_UNFORMALIZED,HYPOTHESIS,PASS_LOCAL_DESIGN_POLICY,PASS_AS_DISCLOSED_NORMATIVE_RULE,PASS_AFTER_EXPLICIT_CRITERIA_AND_EXCEPTION,FAIL_UNFORMALIZED
SENT-0615,52bebecfb2a435d0e7ff2efea557c5799674ded6,同じキーを再処理しても、チャンクやベクトルを二重登録しないようにします。,同じキーを再処理しても、チャンクやベクトルを二重登録しないようにします。,UNFORMALIZED,UNFORMALIZED,general_technical_claim,ない,3.2.3 (docs/3.回答に使う資料を準備する/3.2.Ingestion設計.md:69),SRC-002;SRC-005;SRC-009;SRC-010;SRC-011,NOT_APPLICABLE_LOCAL_NORM,HYPOTHESIS,,,,APPROPRIATE_NORMATIVE,権威性=候補一次資料のみ; 直接性=locator未確認; 網羅性=未支持atom=none-explicit; 主張極性=HYPOTHESISとして再分類; スコープ=PASS_LOCAL_DESIGN_POLICY; モダリティ=PASS_AS_DISCLOSED_NORMATIVE_RULE; 教材妥当性=PASS_AFTER_EXPLICIT_CRITERIA_AND_EXCEPTION; 形式化妥当性=FAIL_UNFORMALIZED。「同じキーを再処理しても、チャンクやベクトルを二重登録しないようにします。」は外的真偽の断定ではなく、対象・処理・判断を特定した設計・運用上の選択規則として読める。ただし候補資料(SRC-002;SRC-005;SRC-009;SRC-010;SRC-011)はURL単位で、直接locatorは未確認。規範の判断基準と例外を明示すれば教材として採用できる。形式面ではFAIL_UNFORMALIZEDを別途解消する必要がある。,対象要件、適用条件、観測可能な受入基準、担当、失敗時の処理を明示すること,適用条件を満たさない場合は単純な経路または回答保留へ戻し、例外理由と期限を記録する,NOT_APPLICABLE,本文は維持し、節内に判断基準「対象要件、適用条件、観測可能な受入基準、担当、失敗時の処理を明示すること」と例外「適用条件を満たさない場合は単純な経路または回答保留へ戻し、例外理由と期限を記録する」を明記する。経験的な効果保証とは分離し、意味を保存して再形式化する。,,,,,INCONCLUSIVE,NOT_APPLICABLE_UNPROVED,,,codex-independent-wave4,2026-08-15,INDEPENDENT_REVIEW_COMPLETE,PARTIAL_CANDIDATE_SOURCE_ONLY,FAIL_NO_DIRECT_LOCATOR,FAIL_UNFORMALIZED,HYPOTHESIS,PASS_LOCAL_DESIGN_POLICY,PASS_AS_DISCLOSED_NORMATIVE_RULE,PASS_AFTER_EXPLICIT_CRITERIA_AND_EXCEPTION,FAIL_UNFORMALIZED
SENT-0629,52bebecfb2a435d0e7ff2efea557c5799674ded6,| 解析器 | 解析、分割、埋め込み、インデックス |,本ガイドでは、「解析器」を「解析、分割、埋め込み、インデックス」に関連する項目として扱います。,ATOM(parsing=true),ATOM,general_technical_claim,UNCLASSIFIED,3.2.3 (docs/3.回答に使う資料を準備する/3.2.Ingestion設計.md:89),SRC-002;SRC-005;SRC-009;SRC-010;SRC-011,UNVERIFIED_CANDIDATE_URL_ONLY,BACKGROUND_CITATION,,parsing=true,,REWRITE_REQUIRED,権威性=候補一次資料のみ; 直接性=locator未確認; 網羅性=未支持atom=parsing=true; 主張極性=BACKGROUND_CITATIONとして再分類; スコープ=FAIL_NOT_A_PROPOSITION; モダリティ=NOT_APPLICABLE_FRAGMENT; 教材妥当性=PASS_AS_STRUCTURE_NOT_AS_CLAIM; 形式化妥当性=FAIL_UNSUPPORTED_ATOMS:parsing=true。見出し・表セル・用語リンクの断片であり、独立した外部主張として判定できない。証拠必須文として扱う分類が教材構造と一致せず、形式化の主語・述語も欠ける。,,,NOT_APPLICABLE,原文をrevised_sentenceの完全な説明文へ置換し、sentence evidence分類をexpository_or_structural/evidence_required=noへ修正して未証明文キューから除外する。,,,,,INCONCLUSIVE,NOT_APPLICABLE_UNPROVED,,,codex-independent-wave4,2026-08-15,INDEPENDENT_REVIEW_COMPLETE,PARTIAL_CANDIDATE_SOURCE_ONLY,FAIL_NO_DIRECT_LOCATOR,FAIL_UNSUPPORTED_ATOMS:parsing=true,BACKGROUND_CITATION,FAIL_NOT_A_PROPOSITION,NOT_APPLICABLE_FRAGMENT,PASS_AS_STRUCTURE_NOT_AS_CLAIM,FAIL_UNSUPPORTED_ATOMS:parsing=true
SENT-0630,52bebecfb2a435d0e7ff2efea557c5799674ded6,| 分割方法 | チャンクID、埋め込み、インデックス |,本ガイドでは、「分割方法」を「チャンクID、埋め込み、インデックス」に関連する項目として扱います。,UNFORMALIZED,UNFORMALIZED,general_technical_claim,UNCLASSIFIED,3.2.3 (docs/3.回答に使う資料を準備する/3.2.Ingestion設計.md:90),SRC-002;SRC-005;SRC-009;SRC-010;SRC-011,UNVERIFIED_CANDIDATE_URL_ONLY,BACKGROUND_CITATION,,,,REWRITE_REQUIRED,権威性=候補一次資料のみ; 直接性=locator未確認; 網羅性=未支持atom=none-explicit; 主張極性=BACKGROUND_CITATIONとして再分類; スコープ=FAIL_NOT_A_PROPOSITION; モダリティ=NOT_APPLICABLE_FRAGMENT; 教材妥当性=PASS_AS_STRUCTURE_NOT_AS_CLAIM; 形式化妥当性=FAIL_UNFORMALIZED。見出し・表セル・用語リンクの断片であり、独立した外部主張として判定できない。証拠必須文として扱う分類が教材構造と一致せず、形式化の主語・述語も欠ける。,,,NOT_APPLICABLE,原文をrevised_sentenceの完全な説明文へ置換し、sentence evidence分類をexpository_or_structural/evidence_required=noへ修正して未証明文キューから除外する。,,,,,INCONCLUSIVE,NOT_APPLICABLE_UNPROVED,,,codex-independent-wave4,2026-08-15,INDEPENDENT_REVIEW_COMPLETE,PARTIAL_CANDIDATE_SOURCE_ONLY,FAIL_NO_DIRECT_LOCATOR,FAIL_UNFORMALIZED,BACKGROUND_CITATION,FAIL_NOT_A_PROPOSITION,NOT_APPLICABLE_FRAGMENT,PASS_AS_STRUCTURE_NOT_AS_CLAIM,FAIL_UNFORMALIZED
SENT-0631,52bebecfb2a435d0e7ff2efea557c5799674ded6,| 埋め込みモデル | ベクトル生成とベクトルインデックス |,本ガイドでは、「埋め込みモデル」を「ベクトル生成とベクトルインデックス」に関連する項目として扱います。,"AND(ATOM(generation=true), ATOM(embedding_model=true))",AND,general_technical_claim,UNCLASSIFIED,3.2.3 (docs/3.回答に使う資料を準備する/3.2.Ingestion設計.md:91),SRC-022,UNVERIFIED_CANDIDATE_URL_ONLY,BACKGROUND_CITATION,generation=true,embedding_model=true,,REWRITE_REQUIRED,権威性=候補一次資料のみ; 直接性=locator未確認; 網羅性=未支持atom=embedding_model=true; 主張極性=BACKGROUND_CITATIONとして再分類; スコープ=FAIL_NOT_A_PROPOSITION; モダリティ=NOT_APPLICABLE_FRAGMENT; 教材妥当性=PASS_AS_STRUCTURE_NOT_AS_CLAIM; 形式化妥当性=FAIL_UNSUPPORTED_ATOMS:embedding_model=true。見出し・表セル・用語リンクの断片であり、独立した外部主張として判定できない。証拠必須文として扱う分類が教材構造と一致せず、形式化の主語・述語も欠ける。,,,NOT_APPLICABLE,原文をrevised_sentenceの完全な説明文へ置換し、sentence evidence分類をexpository_or_structural/evidence_required=noへ修正して未証明文キューから除外する。,,,,,INCONCLUSIVE,NOT_APPLICABLE_UNPROVED,,,codex-independent-wave4,2026-08-15,INDEPENDENT_REVIEW_COMPLETE,PARTIAL_CANDIDATE_SOURCE_ONLY,FAIL_NO_DIRECT_LOCATOR,FAIL_UNSUPPORTED_ATOMS:embedding_model=true,BACKGROUND_CITATION,FAIL_NOT_A_PROPOSITION,NOT_APPLICABLE_FRAGMENT,PASS_AS_STRUCTURE_NOT_AS_CLAIM,FAIL_UNSUPPORTED_ATOMS:embedding_model=true
SENT-0633,52bebecfb2a435d0e7ff2efea557c5799674ded6,変更していないチャンクは、内容ハッシュと処理版が一致する場合に再利用できます。,変更していないチャンクは、内容ハッシュと処理版が一致する場合に再利用できるかを、対象データと固定した比較条件で検証します。,UNFORMALIZED,UNFORMALIZED,general_technical_claim,できます;ない,3.2.3 (docs/3.回答に使う資料を準備する/3.2.Ingestion設計.md:94),SRC-002;SRC-005;SRC-009;SRC-010;SRC-011,UNVERIFIED_CANDIDATE_URL_ONLY,BACKGROUND_CITATION,,,,REWRITE_REQUIRED,権威性=候補一次資料のみ; 直接性=locator未確認; 網羅性=未支持atom=none-explicit; 主張極性=BACKGROUND_CITATIONとして再分類; スコープ=PASS_AFTER_TEST_SCOPE_QUALIFICATION; モダリティ=PASS_AFTER_HYPOTHESIS_QUALIFIER; 教材妥当性=PASS_AS_EXPLICIT_TESTABLE_HYPOTHESIS; 形式化妥当性=FAIL_UNFORMALIZED。「変更していないチャンクは、内容ハッシュと処理版が一致する場合に再利用できます。」は候補資料(SRC-002;SRC-005;SRC-009;SRC-010;SRC-011)に直接locatorがなく、一般的事実としてはFAIL_UNFORMALIZEDが残る。原文の対象と作用を維持したまま、本ガイドの構成または対象データでの検証へスコープを限定すれば教材上の検討事項を保持できる。,,,UNVERIFIED,原文をrevised_sentenceへ置換し、対象データ、比較条件、観測指標、合否閾値を同じ節に追記する。検証後に限り事実表現へ戻し、意味を保存して再形式化する。,,,,,INCONCLUSIVE,NOT_APPLICABLE_UNPROVED,,,codex-independent-wave4,2026-08-15,INDEPENDENT_REVIEW_COMPLETE,PARTIAL_CANDIDATE_SOURCE_ONLY,FAIL_NO_DIRECT_LOCATOR,FAIL_UNFORMALIZED,BACKGROUND_CITATION,PASS_AFTER_TEST_SCOPE_QUALIFICATION,PASS_AFTER_HYPOTHESIS_QUALIFIER,PASS_AS_EXPLICIT_TESTABLE_HYPOTHESIS,FAIL_UNFORMALIZED
SENT-0660,52bebecfb2a435d0e7ff2efea557c5799674ded6,文書には、発見済み、取得済み、解析済み、分割済み、埋め込み済み、登録済み、公開済み、失敗、隔離などの状態を持たせます。,本ガイドの基本構成では、文書には、発見済み、取得済み、解析済み、分割済み、埋め込み済み、登録済み、公開済み、失敗、隔離などの状態を持たせます。,"AND(ATOM(retrieval=true), ATOM(parsing=true))",AND,general_technical_claim,UNCLASSIFIED,3.2.6 (docs/3.回答に使う資料を準備する/3.2.Ingestion設計.md:137),SRC-018;SRC-019;SRC-021,UNVERIFIED_CANDIDATE_URL_ONLY,BACKGROUND_CITATION,retrieval=true,parsing=true,,REWRITE_REQUIRED,権威性=候補一次資料のみ; 直接性=locator未確認; 網羅性=未支持atom=parsing=true; 主張極性=BACKGROUND_CITATIONとして再分類; スコープ=PASS_AFTER_TEST_SCOPE_QUALIFICATION; モダリティ=PASS_AFTER_HYPOTHESIS_QUALIFIER; 教材妥当性=PASS_AS_EXPLICIT_TESTABLE_HYPOTHESIS; 形式化妥当性=FAIL_UNSUPPORTED_ATOMS:parsing=true。「文書には、発見済み、取得済み、解析済み、分割済み、埋め込み済み、登録済み、公開済み、失敗、隔離などの状態を持たせます。」は候補資料(SRC-018;SRC-019;SRC-021)に直接locatorがなく、一般的事実としてはFAIL_UNSUPPORTED_ATOMS:parsing=trueが残る。原文の対象と作用を維持したまま、本ガイドの構成または対象データでの検証へスコープを限定すれば教材上の検討事項を保持できる。,,,UNVERIFIED,原文をrevised_sentenceへ置換し、対象データ、比較条件、観測指標、合否閾値を同じ節に追記する。検証後に限り事実表現へ戻し、意味を保存して再形式化する。,,,,,INCONCLUSIVE,NOT_APPLICABLE_UNPROVED,,,codex-independent-wave4,2026-08-15,INDEPENDENT_REVIEW_COMPLETE,PARTIAL_CANDIDATE_SOURCE_ONLY,FAIL_NO_DIRECT_LOCATOR,FAIL_UNSUPPORTED_ATOMS:parsing=true,BACKGROUND_CITATION,PASS_AFTER_TEST_SCOPE_QUALIFICATION,PASS_AFTER_HYPOTHESIS_QUALIFIER,PASS_AS_EXPLICIT_TESTABLE_HYPOTHESIS,FAIL_UNSUPPORTED_ATOMS:parsing=true
SENT-0674,52bebecfb2a435d0e7ff2efea557c5799674ded6,解析、分割、埋め込みの変更による品質差を、利用者へ影響を与える前に確認し、安全に戻すための仕組みです。,解析、分割、埋め込みの変更による品質差を、利用者へ影響を与える前に確認し、安全に戻すための仕組みです。,ATOM(parsing=true),ATOM,general_technical_claim,UNCLASSIFIED,3.2.6 (docs/3.回答に使う資料を準備する/3.2.Ingestion設計.md:156),SRC-002;SRC-005;SRC-009;SRC-010;SRC-011,NOT_APPLICABLE_LOCAL_NORM,HYPOTHESIS,,parsing=true,,APPROPRIATE_NORMATIVE,権威性=候補一次資料のみ; 直接性=locator未確認; 網羅性=未支持atom=parsing=true; 主張極性=HYPOTHESISとして再分類; スコープ=PASS_LOCAL_DESIGN_POLICY; モダリティ=PASS_AS_DISCLOSED_NORMATIVE_RULE; 教材妥当性=PASS_AFTER_EXPLICIT_CRITERIA_AND_EXCEPTION; 形式化妥当性=FAIL_UNSUPPORTED_ATOMS:parsing=true。「解析、分割、埋め込みの変更による品質差を、利用者へ影響を与える前に確認し、安全に戻すための仕組みです。」は外的真偽の断定ではなく、対象・処理・判断を特定した設計・運用上の選択規則として読める。ただし候補資料(SRC-002;SRC-005;SRC-009;SRC-010;SRC-011)はURL単位で、直接locatorは未確認。規範の判断基準と例外を明示すれば教材として採用できる。形式面ではFAIL_UNSUPPORTED_ATOMS:parsing=trueを別途解消する必要がある。,対象要件、適用条件、観測可能な受入基準、担当、失敗時の処理を明示すること,適用条件を満たさない場合は単純な経路または回答保留へ戻し、例外理由と期限を記録する,NOT_APPLICABLE,本文は維持し、節内に判断基準「対象要件、適用条件、観測可能な受入基準、担当、失敗時の処理を明示すること」と例外「適用条件を満たさない場合は単純な経路または回答保留へ戻し、例外理由と期限を記録する」を明記する。経験的な効果保証とは分離し、意味を保存して再形式化する。,,,,,INCONCLUSIVE,NOT_APPLICABLE_UNPROVED,,,codex-independent-wave4,2026-08-15,INDEPENDENT_REVIEW_COMPLETE,PARTIAL_CANDIDATE_SOURCE_ONLY,FAIL_NO_DIRECT_LOCATOR,FAIL_UNSUPPORTED_ATOMS:parsing=true,HYPOTHESIS,PASS_LOCAL_DESIGN_POLICY,PASS_AS_DISCLOSED_NORMATIVE_RULE,PASS_AFTER_EXPLICIT_CRITERIA_AND_EXCEPTION,FAIL_UNSUPPORTED_ATOMS:parsing=true
SENT-0680,52bebecfb2a435d0e7ff2efea557c5799674ded6,Hidden Technical Debt in Machine Learning Systemsは、機械学習（ML）システムで監視されない依存関係や設定が負債となることを論じました。,本ガイドでは、機械学習（ML）システムで監視されない依存関係や設定が負債となることを設計・運用上のリスク項目として検証します。,NOT(ATOM(technical_debt=true)),NOT,externally_cited_claim,ない,3.2.7 (docs/3.回答に使う資料を準備する/3.2.Ingestion設計.md:167),SRC-023,UNVERIFIED_CANDIDATE_URL_ONLY,AUTHOR_CLAIM,technical_debt=true,,NOT,REWRITE_REQUIRED,権威性=候補一次資料のみ; 直接性=locator未確認; 網羅性=関係NOT自体の根拠未確認; 主張極性=AUTHOR_CLAIMとして再分類; スコープ=PASS_AFTER_CONCRETE_VERSION_OR_EXPERIMENT_SCOPE; モダリティ=PASS_AFTER_CONDITIONAL_OR_REPRODUCTION_WORDING; 教材妥当性=PASS_AFTER_CONCRETE_VERSION_OR_EXPERIMENT_QUALIFIER; 形式化妥当性=FAIL_RELATION_NOT。「Hidden Technical Debt in Machine Learning Systemsは、機械学習（ML）システムで監視されない依存関係や設定が負債」の候補資料(SRC-023)はURL単位で、節・ページ・表・API見出しを独立に確認できていない。現文のFAIL_RELATION_NOT、版・実験条件、資料内極性を断定せず、具体的な製品前提・ローカル定義・再現試験へ限定すれば教材内容を保持できる。,,,UNVERIFIED,原文をrevised_sentenceの具体文へ置換する。製品文は利用時点のregion/versionを受入条件へ追加し、研究文は同じ指標・比較条件で再現確認する。事実表現へ戻す場合は直接locatorを再監査する。,,,,,INCONCLUSIVE,NOT_APPLICABLE_UNPROVED,,,codex-independent-wave4,2026-08-15,INDEPENDENT_REVIEW_COMPLETE,PARTIAL_CANDIDATE_SOURCE_ONLY,FAIL_NO_DIRECT_LOCATOR,FAIL_RELATION_NOT,AUTHOR_CLAIM,PASS_AFTER_CONCRETE_VERSION_OR_EXPERIMENT_SCOPE,PASS_AFTER_CONDITIONAL_OR_REPRODUCTION_WORDING,PASS_AFTER_CONCRETE_VERSION_OR_EXPERIMENT_QUALIFIER,FAIL_RELATION_NOT
SENT-0688,52bebecfb2a435d0e7ff2efea557c5799674ded6,LayoutLMv3は、テキストと画像領域を統合して事前学習し、複数の文書理解タスクで評価されました。,テキストと画像領域を統合して事前学習し、複数の文書理解タスクを対象データでも同じ指標で評価します。,ATOM(evaluation=true),ATOM,externally_cited_claim,UNCLASSIFIED,3.3.1 (docs/3.回答に使う資料を準備する/3.3.文書解析と正規化.md:12),SRC-024,UNVERIFIED_CANDIDATE_URL_ONLY,EMPIRICAL_RESULT,,evaluation=true,,REWRITE_REQUIRED,権威性=候補一次資料のみ; 直接性=locator未確認; 網羅性=未支持atom=evaluation=true; 主張極性=EMPIRICAL_RESULTとして再分類; スコープ=PASS_AFTER_CONCRETE_VERSION_OR_EXPERIMENT_SCOPE; モダリティ=PASS_AFTER_CONDITIONAL_OR_REPRODUCTION_WORDING; 教材妥当性=PASS_AFTER_CONCRETE_VERSION_OR_EXPERIMENT_QUALIFIER; 形式化妥当性=FAIL_UNSUPPORTED_ATOMS:evaluation=true。「LayoutLMv3は、テキストと画像領域を統合して事前学習し、複数の文書理解タスクで評価されました。」の候補資料(SRC-024)はURL単位で、節・ページ・表・API見出しを独立に確認できていない。現文のFAIL_UNSUPPORTED_ATOMS:evaluation=true、版・実験条件、資料内極性を断定せず、具体的な製品前提・ローカル定義・再現試験へ限定すれば教材内容を保持できる。,,,UNVERIFIED,原文をrevised_sentenceの具体文へ置換する。製品文は利用時点のregion/versionを受入条件へ追加し、研究文は同じ指標・比較条件で再現確認する。事実表現へ戻す場合は直接locatorを再監査する。,,,,,INCONCLUSIVE,NOT_APPLICABLE_UNPROVED,,,codex-independent-wave4,2026-08-15,INDEPENDENT_REVIEW_COMPLETE,PARTIAL_CANDIDATE_SOURCE_ONLY,FAIL_NO_DIRECT_LOCATOR,FAIL_UNSUPPORTED_ATOMS:evaluation=true,EMPIRICAL_RESULT,PASS_AFTER_CONCRETE_VERSION_OR_EXPERIMENT_SCOPE,PASS_AFTER_CONDITIONAL_OR_REPRODUCTION_WORDING,PASS_AFTER_CONCRETE_VERSION_OR_EXPERIMENT_QUALIFIER,FAIL_UNSUPPORTED_ATOMS:evaluation=true
SENT-0689,52bebecfb2a435d0e7ff2efea557c5799674ded6,PubLayNetは、文書画像中の本文、見出し、表、図などを検出する大規模データセットを提供しました。,本ガイドでは、PubLayNetの文書画像中の本文、見出し、表、図などを検出する大規模データセットを評価用資料として扱います。,ATOM(scalability=true),ATOM,externally_cited_claim,UNCLASSIFIED,3.3.1 (docs/3.回答に使う資料を準備する/3.3.文書解析と正規化.md:13),SRC-025,UNVERIFIED_CANDIDATE_URL_ONLY,AUTHOR_CLAIM,,scalability=true,,REWRITE_REQUIRED,権威性=候補一次資料のみ; 直接性=locator未確認; 網羅性=未支持atom=scalability=true; 主張極性=AUTHOR_CLAIMとして再分類; スコープ=PASS_AFTER_CONCRETE_VERSION_OR_EXPERIMENT_SCOPE; モダリティ=PASS_AFTER_CONDITIONAL_OR_REPRODUCTION_WORDING; 教材妥当性=PASS_AFTER_CONCRETE_VERSION_OR_EXPERIMENT_QUALIFIER; 形式化妥当性=FAIL_UNSUPPORTED_ATOMS:scalability=true。「PubLayNetは、文書画像中の本文、見出し、表、図などを検出する大規模データセットを提供しました。」の候補資料(SRC-025)はURL単位で、節・ページ・表・API見出しを独立に確認できていない。現文のFAIL_UNSUPPORTED_ATOMS:scalability=true、版・実験条件、資料内極性を断定せず、具体的な製品前提・ローカル定義・再現試験へ限定すれば教材内容を保持できる。,,,UNVERIFIED,原文をrevised_sentenceの具体文へ置換する。製品文は利用時点のregion/versionを受入条件へ追加し、研究文は同じ指標・比較条件で再現確認する。事実表現へ戻す場合は直接locatorを再監査する。,,,,,INCONCLUSIVE,NOT_APPLICABLE_UNPROVED,,,codex-independent-wave4,2026-08-15,INDEPENDENT_REVIEW_COMPLETE,PARTIAL_CANDIDATE_SOURCE_ONLY,FAIL_NO_DIRECT_LOCATOR,FAIL_UNSUPPORTED_ATOMS:scalability=true,AUTHOR_CLAIM,PASS_AFTER_CONCRETE_VERSION_OR_EXPERIMENT_SCOPE,PASS_AFTER_CONDITIONAL_OR_REPRODUCTION_WORDING,PASS_AFTER_CONCRETE_VERSION_OR_EXPERIMENT_QUALIFIER,FAIL_UNSUPPORTED_ATOMS:scalability=true
SENT-0691,52bebecfb2a435d0e7ff2efea557c5799674ded6,解析誤りは、後続の分割、埋め込み、検索、引用へ連鎖します。,本ガイドの基本構成では、解析誤りは、後続の分割、埋め込み、検索、引用へ連鎖します。,"AND(AND(ATOM(retrieval=true), ATOM(citation=true)), ATOM(parsing=true))",AND,general_technical_claim,UNCLASSIFIED,3.3.1 (docs/3.回答に使う資料を準備する/3.3.文書解析と正規化.md:16),SRC-025;SRC-026;SRC-027,UNVERIFIED_CANDIDATE_URL_ONLY,BACKGROUND_CITATION,retrieval=true,citation=true;parsing=true,,REWRITE_REQUIRED,権威性=候補一次資料のみ; 直接性=locator未確認; 網羅性=未支持atom=citation=true;parsing=true; 主張極性=BACKGROUND_CITATIONとして再分類; スコープ=PASS_AFTER_TEST_SCOPE_QUALIFICATION; モダリティ=PASS_AFTER_HYPOTHESIS_QUALIFIER; 教材妥当性=PASS_AS_EXPLICIT_TESTABLE_HYPOTHESIS; 形式化妥当性=FAIL_UNSUPPORTED_ATOMS:citation=true;parsing=true。「解析誤りは、後続の分割、埋め込み、検索、引用へ連鎖します。」は候補資料(SRC-025;SRC-026;SRC-027)に直接locatorがなく、一般的事実としてはFAIL_UNSUPPORTED_ATOMS:citation=true;parsing=trueが残る。原文の対象と作用を維持したまま、本ガイドの構成または対象データでの検証へスコープを限定すれば教材上の検討事項を保持できる。,,,UNVERIFIED,原文をrevised_sentenceへ置換し、対象データ、比較条件、観測指標、合否閾値を同じ節に追記する。検証後に限り事実表現へ戻し、意味を保存して再形式化する。,,,,,INCONCLUSIVE,NOT_APPLICABLE_UNPROVED,,,codex-independent-wave4,2026-08-15,INDEPENDENT_REVIEW_COMPLETE,PARTIAL_CANDIDATE_SOURCE_ONLY,FAIL_NO_DIRECT_LOCATOR,FAIL_UNSUPPORTED_ATOMS:citation=true;parsing=true,BACKGROUND_CITATION,PASS_AFTER_TEST_SCOPE_QUALIFICATION,PASS_AFTER_HYPOTHESIS_QUALIFIER,PASS_AS_EXPLICIT_TESTABLE_HYPOTHESIS,FAIL_UNSUPPORTED_ATOMS:citation=true;parsing=true
SENT-0700,52bebecfb2a435d0e7ff2efea557c5799674ded6,学術論文だけで評価した解析器が、帳票や規程でも同じ性能を持つとは限りません。,学術論文だけで評価した解析器が、帳票や規程でも同じ性能を持つとは限りません。,"NOT(AND(ATOM(evaluation=true), ATOM(parsing=true)))",NOT,empirical_or_research_claim,ません,3.3.1 (docs/3.回答に使う資料を準備する/3.3.文書解析と正規化.md:28),SRC-026,NOT_APPLICABLE_LOCAL_NORM,HYPOTHESIS,,evaluation=true;parsing=true,NOT,APPROPRIATE_NORMATIVE,権威性=候補一次資料のみ; 直接性=locator未確認; 網羅性=関係NOT自体の根拠未確認; 主張極性=HYPOTHESISとして再分類; スコープ=PASS_LOCAL_DESIGN_POLICY; モダリティ=PASS_AS_DISCLOSED_NORMATIVE_RULE; 教材妥当性=PASS_AFTER_EXPLICIT_CRITERIA_AND_EXCEPTION; 形式化妥当性=FAIL_RELATION_NOT。「学術論文だけで評価した解析器が、帳票や規程でも同じ性能を持つとは限りません。」は外的真偽の断定ではなく、対象・処理・判断を特定した設計・運用上の選択規則として読める。ただし候補資料(SRC-026)はURL単位で、直接locatorは未確認。規範の判断基準と例外を明示すれば教材として採用できる。形式面ではFAIL_RELATION_NOTを別途解消する必要がある。,対象データ・負荷・モデルで比較し、品質指標、p95遅延、費用の受入閾値を事前に定義すること,数値は初期候補とし、データ量、モデル、リージョン、負荷が異なる場合は再測定して変更する,NOT_APPLICABLE,本文は維持し、節内に判断基準「対象データ・負荷・モデルで比較し、品質指標、p95遅延、費用の受入閾値を事前に定義すること」と例外「数値は初期候補とし、データ量、モデル、リージョン、負荷が異なる場合は再測定して変更する」を明記する。経験的な効果保証とは分離し、意味を保存して再形式化する。,,,,,INCONCLUSIVE,NOT_APPLICABLE_UNPROVED,,,codex-independent-wave4,2026-08-15,INDEPENDENT_REVIEW_COMPLETE,PARTIAL_CANDIDATE_SOURCE_ONLY,FAIL_NO_DIRECT_LOCATOR,FAIL_RELATION_NOT,HYPOTHESIS,PASS_LOCAL_DESIGN_POLICY,PASS_AS_DISCLOSED_NORMATIVE_RULE,PASS_AFTER_EXPLICIT_CRITERIA_AND_EXCEPTION,FAIL_RELATION_NOT
SENT-0707,52bebecfb2a435d0e7ff2efea557c5799674ded6,LayoutLMは、文字とページ上の二次元座標を組み合わせ、帳票理解などを評価しました。,文字とページ上の二次元座標を組み合わせ、帳票理解などを対象データでも同じ指標で評価します。,"AND(ATOM(evaluation=true), ATOM(dimension_contract=true))",AND,externally_cited_claim,UNCLASSIFIED,3.3.1 (docs/3.回答に使う資料を準備する/3.3.文書解析と正規化.md:38),SRC-027,UNVERIFIED_CANDIDATE_URL_ONLY,EMPIRICAL_RESULT,,dimension_contract=true;evaluation=true,,REWRITE_REQUIRED,権威性=候補一次資料のみ; 直接性=locator未確認; 網羅性=未支持atom=dimension_contract=true;evaluation=true; 主張極性=EMPIRICAL_RESULTとして再分類; スコープ=PASS_AFTER_CONCRETE_VERSION_OR_EXPERIMENT_SCOPE; モダリティ=PASS_AFTER_CONDITIONAL_OR_REPRODUCTION_WORDING; 教材妥当性=PASS_AFTER_CONCRETE_VERSION_OR_EXPERIMENT_QUALIFIER; 形式化妥当性=FAIL_UNSUPPORTED_ATOMS:dimension_contract=true;evaluation=true。「LayoutLMは、文字とページ上の二次元座標を組み合わせ、帳票理解などを評価しました。」の候補資料(SRC-027)はURL単位で、節・ページ・表・API見出しを独立に確認できていない。現文のFAIL_UNSUPPORTED_ATOMS:dimension_contract=true;evaluation=true、版・実験条件、資料内極性を断定せず、具体的な製品前提・ローカル定義・再現試験へ限定すれば教材内容を保持できる。,,,UNVERIFIED,原文をrevised_sentenceの具体文へ置換する。製品文は利用時点のregion/versionを受入条件へ追加し、研究文は同じ指標・比較条件で再現確認する。事実表現へ戻す場合は直接locatorを再監査する。,,,,,INCONCLUSIVE,NOT_APPLICABLE_UNPROVED,,,codex-independent-wave4,2026-08-15,INDEPENDENT_REVIEW_COMPLETE,PARTIAL_CANDIDATE_SOURCE_ONLY,FAIL_NO_DIRECT_LOCATOR,FAIL_UNSUPPORTED_ATOMS:dimension_contract=true;evaluation=true,EMPIRICAL_RESULT,PASS_AFTER_CONCRETE_VERSION_OR_EXPERIMENT_SCOPE,PASS_AFTER_CONDITIONAL_OR_REPRODUCTION_WORDING,PASS_AFTER_CONCRETE_VERSION_OR_EXPERIMENT_QUALIFIER,FAIL_UNSUPPORTED_ATOMS:dimension_contract=true;evaluation=true
SENT-0728,52bebecfb2a435d0e7ff2efea557c5799674ded6,Donutは、OCR結果を中間入力とせず、文書画像から構造化された文字列を生成する方法を提案しました。,OCR結果を中間入力とせず、文書画像から構造化された文字列を生成する方法を候補手法として実装し、基本構成と同じ評価データで比較します。,"NOT(AND(ATOM(generation=true), ATOM(empirical_result=true)))",NOT,externally_cited_claim,UNCLASSIFIED,3.3.2 (docs/3.回答に使う資料を準備する/3.3.文書解析と正規化.md:68),SRC-028,UNVERIFIED_CANDIDATE_URL_ONLY,EMPIRICAL_RESULT,empirical_result=true,generation=true,NOT,REWRITE_REQUIRED,権威性=候補一次資料のみ; 直接性=locator未確認; 網羅性=関係NOT自体の根拠未確認; 主張極性=EMPIRICAL_RESULTとして再分類; スコープ=PASS_AFTER_CONCRETE_VERSION_OR_EXPERIMENT_SCOPE; モダリティ=PASS_AFTER_CONDITIONAL_OR_REPRODUCTION_WORDING; 教材妥当性=PASS_AFTER_CONCRETE_VERSION_OR_EXPERIMENT_QUALIFIER; 形式化妥当性=FAIL_RELATION_NOT。「Donutは、OCR結果を中間入力とせず、文書画像から構造化された文字列を生成する方法を提案しました。」の候補資料(SRC-028)はURL単位で、節・ページ・表・API見出しを独立に確認できていない。現文のFAIL_RELATION_NOT、版・実験条件、資料内極性を断定せず、具体的な製品前提・ローカル定義・再現試験へ限定すれば教材内容を保持できる。,,,UNVERIFIED,原文をrevised_sentenceの具体文へ置換する。製品文は利用時点のregion/versionを受入条件へ追加し、研究文は同じ指標・比較条件で再現確認する。事実表現へ戻す場合は直接locatorを再監査する。,,,,,INCONCLUSIVE,NOT_APPLICABLE_UNPROVED,,,codex-independent-wave4,2026-08-15,INDEPENDENT_REVIEW_COMPLETE,PARTIAL_CANDIDATE_SOURCE_ONLY,FAIL_NO_DIRECT_LOCATOR,FAIL_RELATION_NOT,EMPIRICAL_RESULT,PASS_AFTER_CONCRETE_VERSION_OR_EXPERIMENT_SCOPE,PASS_AFTER_CONDITIONAL_OR_REPRODUCTION_WORDING,PASS_AFTER_CONCRETE_VERSION_OR_EXPERIMENT_QUALIFIER,FAIL_RELATION_NOT
SENT-0735,52bebecfb2a435d0e7ff2efea557c5799674ded6,PubTables-1Mは、表領域の検出、表構造の認識、セルの対応を一続きの課題として扱いました。,本ガイドでは、表領域の検出、表構造の認識、セルの対応を一続きの課題として扱います。,UNFORMALIZED,UNFORMALIZED,externally_cited_claim,UNCLASSIFIED,3.3.3 (docs/3.回答に使う資料を準備する/3.3.文書解析と正規化.md:80),SRC-029,UNVERIFIED_CANDIDATE_URL_ONLY,AUTHOR_CLAIM,,,,REWRITE_REQUIRED,権威性=候補一次資料のみ; 直接性=locator未確認; 網羅性=未支持atom=none-explicit; 主張極性=AUTHOR_CLAIMとして再分類; スコープ=PASS_AFTER_CONCRETE_VERSION_OR_EXPERIMENT_SCOPE; モダリティ=PASS_AFTER_CONDITIONAL_OR_REPRODUCTION_WORDING; 教材妥当性=PASS_AFTER_CONCRETE_VERSION_OR_EXPERIMENT_QUALIFIER; 形式化妥当性=FAIL_UNFORMALIZED。「PubTables-1Mは、表領域の検出、表構造の認識、セルの対応を一続きの課題として扱いました。」の候補資料(SRC-029)はURL単位で、節・ページ・表・API見出しを独立に確認できていない。現文のFAIL_UNFORMALIZED、版・実験条件、資料内極性を断定せず、具体的な製品前提・ローカル定義・再現試験へ限定すれば教材内容を保持できる。,,,UNVERIFIED,原文をrevised_sentenceの具体文へ置換する。製品文は利用時点のregion/versionを受入条件へ追加し、研究文は同じ指標・比較条件で再現確認する。事実表現へ戻す場合は直接locatorを再監査する。,,,,,INCONCLUSIVE,NOT_APPLICABLE_UNPROVED,,,codex-independent-wave4,2026-08-15,INDEPENDENT_REVIEW_COMPLETE,PARTIAL_CANDIDATE_SOURCE_ONLY,FAIL_NO_DIRECT_LOCATOR,FAIL_UNFORMALIZED,AUTHOR_CLAIM,PASS_AFTER_CONCRETE_VERSION_OR_EXPERIMENT_SCOPE,PASS_AFTER_CONDITIONAL_OR_REPRODUCTION_WORDING,PASS_AFTER_CONCRETE_VERSION_OR_EXPERIMENT_QUALIFIER,FAIL_UNFORMALIZED
SENT-0741,52bebecfb2a435d0e7ff2efea557c5799674ded6,Nougatは、学術文書画像を、見出しや数式などの構造を記号で表すマークアップ形式へ変換し、数式を含む文書解析を扱いました。,学術文書画像を、見出しや数式などの構造を記号で表すマークアップ形式へ変換し、数式を含む文書解析を本ガイドの評価対象に含めます。,ATOM(parsing=true),ATOM,externally_cited_claim,UNCLASSIFIED,3.3.3 (docs/3.回答に使う資料を準備する/3.3.文書解析と正規化.md:88),SRC-030,UNVERIFIED_CANDIDATE_URL_ONLY,AUTHOR_CLAIM,,parsing=true,,REWRITE_REQUIRED,権威性=候補一次資料のみ; 直接性=locator未確認; 網羅性=未支持atom=parsing=true; 主張極性=AUTHOR_CLAIMとして再分類; スコープ=PASS_AFTER_CONCRETE_VERSION_OR_EXPERIMENT_SCOPE; モダリティ=PASS_AFTER_CONDITIONAL_OR_REPRODUCTION_WORDING; 教材妥当性=PASS_AFTER_CONCRETE_VERSION_OR_EXPERIMENT_QUALIFIER; 形式化妥当性=FAIL_UNSUPPORTED_ATOMS:parsing=true。「Nougatは、学術文書画像を、見出しや数式などの構造を記号で表すマークアップ形式へ変換し、数式を含む文書解析を扱いました。」の候補資料(SRC-030)はURL単位で、節・ページ・表・API見出しを独立に確認できていない。現文のFAIL_UNSUPPORTED_ATOMS:parsing=true、版・実験条件、資料内極性を断定せず、具体的な製品前提・ローカル定義・再現試験へ限定すれば教材内容を保持できる。,,,UNVERIFIED,原文をrevised_sentenceの具体文へ置換する。製品文は利用時点のregion/versionを受入条件へ追加し、研究文は同じ指標・比較条件で再現確認する。事実表現へ戻す場合は直接locatorを再監査する。,,,,,INCONCLUSIVE,NOT_APPLICABLE_UNPROVED,,,codex-independent-wave4,2026-08-15,INDEPENDENT_REVIEW_COMPLETE,PARTIAL_CANDIDATE_SOURCE_ONLY,FAIL_NO_DIRECT_LOCATOR,FAIL_UNSUPPORTED_ATOMS:parsing=true,AUTHOR_CLAIM,PASS_AFTER_CONCRETE_VERSION_OR_EXPERIMENT_SCOPE,PASS_AFTER_CONDITIONAL_OR_REPRODUCTION_WORDING,PASS_AFTER_CONCRETE_VERSION_OR_EXPERIMENT_QUALIFIER,FAIL_UNSUPPORTED_ATOMS:parsing=true
SENT-0772,52bebecfb2a435d0e7ff2efea557c5799674ded6,解析器の更新ごとに差分を保存し、改善した文書と悪化した文書を確認します。,解析器の更新ごとに差分を保存し、改善した文書と悪化した文書を確認します。,"AND(ATOM(parsing=true), ATOM(empirical_result=true))",AND,empirical_or_research_claim,UNCLASSIFIED,3.3.6 (docs/3.回答に使う資料を準備する/3.3.文書解析と正規化.md:137),SRC-025;SRC-026;SRC-027;SRC-028;SRC-029,NOT_APPLICABLE_LOCAL_NORM,HYPOTHESIS,empirical_result=true,parsing=true,,APPROPRIATE_NORMATIVE,権威性=候補一次資料のみ; 直接性=locator未確認; 網羅性=未支持atom=parsing=true; 主張極性=HYPOTHESISとして再分類; スコープ=PASS_LOCAL_DESIGN_POLICY; モダリティ=PASS_AS_DISCLOSED_NORMATIVE_RULE; 教材妥当性=PASS_AFTER_EXPLICIT_CRITERIA_AND_EXCEPTION; 形式化妥当性=FAIL_UNSUPPORTED_ATOMS:parsing=true。「解析器の更新ごとに差分を保存し、改善した文書と悪化した文書を確認します。」は外的真偽の断定ではなく、対象・処理・判断を特定した設計・運用上の選択規則として読める。ただし候補資料(SRC-025;SRC-026;SRC-027;SRC-028;SRC-029)はURL単位で、直接locatorは未確認。規範の判断基準と例外を明示すれば教材として採用できる。形式面ではFAIL_UNSUPPORTED_ATOMS:parsing=trueを別途解消する必要がある。,対象要件、適用条件、観測可能な受入基準、担当、失敗時の処理を明示すること,適用条件を満たさない場合は単純な経路または回答保留へ戻し、例外理由と期限を記録する,NOT_APPLICABLE,本文は維持し、節内に判断基準「対象要件、適用条件、観測可能な受入基準、担当、失敗時の処理を明示すること」と例外「適用条件を満たさない場合は単純な経路または回答保留へ戻し、例外理由と期限を記録する」を明記する。経験的な効果保証とは分離し、意味を保存して再形式化する。,,,,,INCONCLUSIVE,NOT_APPLICABLE_UNPROVED,,,codex-independent-wave4,2026-08-15,INDEPENDENT_REVIEW_COMPLETE,PARTIAL_CANDIDATE_SOURCE_ONLY,FAIL_NO_DIRECT_LOCATOR,FAIL_UNSUPPORTED_ATOMS:parsing=true,HYPOTHESIS,PASS_LOCAL_DESIGN_POLICY,PASS_AS_DISCLOSED_NORMATIVE_RULE,PASS_AFTER_EXPLICIT_CRITERIA_AND_EXCEPTION,FAIL_UNSUPPORTED_ATOMS:parsing=true
SENT-0777,52bebecfb2a435d0e7ff2efea557c5799674ded6,再解析でブロックが変わった場合に、影響するチャンク、埋め込み、引用を特定できる依存関係を持ちます。,本ガイドの基本構成では、再解析でブロックが変わった場合に、影響するチャンク、埋め込み、引用を特定できる依存関係を持ちます。,"IMP(ATOM(parsing=true), ATOM(citation=true))",IMPLIES,general_technical_claim,できる,3.3.6 (docs/3.回答に使う資料を準備する/3.3.文書解析と正規化.md:144),SRC-022;SRC-037,UNVERIFIED_CANDIDATE_URL_ONLY,BACKGROUND_CITATION,citation=true,parsing=true,IMPLIES,REWRITE_REQUIRED,権威性=候補一次資料のみ; 直接性=locator未確認; 網羅性=関係IMPLIES自体の根拠未確認; 主張極性=BACKGROUND_CITATIONとして再分類; スコープ=PASS_AFTER_TEST_SCOPE_QUALIFICATION; モダリティ=PASS_AFTER_HYPOTHESIS_QUALIFIER; 教材妥当性=PASS_AS_EXPLICIT_TESTABLE_HYPOTHESIS; 形式化妥当性=FAIL_RELATION_IMPLIES。「再解析でブロックが変わった場合に、影響するチャンク、埋め込み、引用を特定できる依存関係を持ちます。」は候補資料(SRC-022;SRC-037)に直接locatorがなく、一般的事実としてはFAIL_RELATION_IMPLIESが残る。原文の対象と作用を維持したまま、本ガイドの構成または対象データでの検証へスコープを限定すれば教材上の検討事項を保持できる。,,,UNVERIFIED,原文をrevised_sentenceへ置換し、対象データ、比較条件、観測指標、合否閾値を同じ節に追記する。検証後に限り事実表現へ戻し、意味を保存して再形式化する。,,,,,INCONCLUSIVE,NOT_APPLICABLE_UNPROVED,,,codex-independent-wave4,2026-08-15,INDEPENDENT_REVIEW_COMPLETE,PARTIAL_CANDIDATE_SOURCE_ONLY,FAIL_NO_DIRECT_LOCATOR,FAIL_RELATION_IMPLIES,BACKGROUND_CITATION,PASS_AFTER_TEST_SCOPE_QUALIFICATION,PASS_AFTER_HYPOTHESIS_QUALIFIER,PASS_AS_EXPLICIT_TESTABLE_HYPOTHESIS,FAIL_RELATION_IMPLIES
SENT-0779,52bebecfb2a435d0e7ff2efea557c5799674ded6,チャンクから原ページへ戻れない場合は、インデックス公開前に止めます。,チャンクから原ページへ戻れない場合は、インデックス公開前に止めます。,UNFORMALIZED,UNFORMALIZED,general_technical_claim,ない,3.3.6 (docs/3.回答に使う資料を準備する/3.3.文書解析と正規化.md:147),SRC-002;SRC-005;SRC-009;SRC-010;SRC-011,NOT_APPLICABLE_LOCAL_NORM,HYPOTHESIS,,,,APPROPRIATE_NORMATIVE,権威性=候補一次資料のみ; 直接性=locator未確認; 網羅性=未支持atom=none-explicit; 主張極性=HYPOTHESISとして再分類; スコープ=PASS_LOCAL_DESIGN_POLICY; モダリティ=PASS_AS_DISCLOSED_NORMATIVE_RULE; 教材妥当性=PASS_AFTER_EXPLICIT_CRITERIA_AND_EXCEPTION; 形式化妥当性=FAIL_UNFORMALIZED。「チャンクから原ページへ戻れない場合は、インデックス公開前に止めます。」は外的真偽の断定ではなく、対象・処理・判断を特定した設計・運用上の選択規則として読める。ただし候補資料(SRC-002;SRC-005;SRC-009;SRC-010;SRC-011)はURL単位で、直接locatorは未確認。規範の判断基準と例外を明示すれば教材として採用できる。形式面ではFAIL_UNFORMALIZEDを別途解消する必要がある。,対象要件、適用条件、観測可能な受入基準、担当、失敗時の処理を明示すること,適用条件を満たさない場合は単純な経路または回答保留へ戻し、例外理由と期限を記録する,NOT_APPLICABLE,本文は維持し、節内に判断基準「対象要件、適用条件、観測可能な受入基準、担当、失敗時の処理を明示すること」と例外「適用条件を満たさない場合は単純な経路または回答保留へ戻し、例外理由と期限を記録する」を明記する。経験的な効果保証とは分離し、意味を保存して再形式化する。,,,,,INCONCLUSIVE,NOT_APPLICABLE_UNPROVED,,,codex-independent-wave4,2026-08-15,INDEPENDENT_REVIEW_COMPLETE,PARTIAL_CANDIDATE_SOURCE_ONLY,FAIL_NO_DIRECT_LOCATOR,FAIL_UNFORMALIZED,HYPOTHESIS,PASS_LOCAL_DESIGN_POLICY,PASS_AS_DISCLOSED_NORMATIVE_RULE,PASS_AFTER_EXPLICIT_CRITERIA_AND_EXCEPTION,FAIL_UNFORMALIZED
SENT-0780,52bebecfb2a435d0e7ff2efea557c5799674ded6,チャンキングは、検索器が比較する知識の単位、LLMへ渡す文脈、利用者へ示す引用範囲を設計する処理です。,本ガイドでは、チャンキングを「検索器が比較する知識の単位、LLMへ渡す文脈、利用者へ示す引用範囲を設計する処理」として用います。,"AND(ATOM(retrieval=true), ATOM(citation=true))",AND,general_technical_claim,UNCLASSIFIED,FILE-INTRO (docs/3.回答に使う資料を準備する/3.4.Chunking設計.md:3),SRC-031;SRC-033;SRC-034;SRC-035;SRC-154,NOT_APPLICABLE_LOCAL_NORM,DEFINITION_OR_SPEC,retrieval=true,citation=true,,APPROPRIATE_NORMATIVE,権威性=候補一次資料のみ; 直接性=locator未確認; 網羅性=未支持atom=citation=true; 主張極性=DEFINITION_OR_SPECとして再分類; スコープ=PASS_AFTER_LOCAL_GUIDE_SCOPE; モダリティ=PASS_AFTER_DEFINITION_QUALIFIER; 教材妥当性=PASS_AFTER_LOCAL_DEFINITION_QUALIFIER; 形式化妥当性=FAIL_UNSUPPORTED_ATOMS:citation=true。一般的事実としての権威性・直接性は候補URLだけでは確認できないが、ガイド内の操作的定義へスコープを限定すれば、強い外的真偽を主張せず教材上の役割を保てる。形式面ではFAIL_UNSUPPORTED_ATOMS:citation=trueが残る。,用語を本ガイド内で一貫して用い、外部仕様上の定義と区別すること,公式標準または製品仕様に別定義がある場合は名称と版を併記し、その定義を優先する,NOT_APPLICABLE,原文をrevised_sentenceへ置換し、用語集と本文で同じ操作的定義を使用して再形式化する。,,,,,INCONCLUSIVE,NOT_APPLICABLE_UNPROVED,,,codex-independent-wave4,2026-08-15,INDEPENDENT_REVIEW_COMPLETE,PARTIAL_CANDIDATE_SOURCE_ONLY,FAIL_NO_DIRECT_LOCATOR,FAIL_UNSUPPORTED_ATOMS:citation=true,DEFINITION_OR_SPEC,PASS_AFTER_LOCAL_GUIDE_SCOPE,PASS_AFTER_DEFINITION_QUALIFIER,PASS_AFTER_LOCAL_DEFINITION_QUALIFIER,FAIL_UNSUPPORTED_ATOMS:citation=true
SENT-0782,52bebecfb2a435d0e7ff2efea557c5799674ded6,一つのチャンクを、検索、生成、引用のすべてへそのまま使う必要はありません。,本ガイドの基本構成では、一つのチャンクを、検索、生成、引用のすべてへそのまま使う必要はありません。,"NOT(AND(AND(ATOM(retrieval=true), ATOM(generation=true)), ATOM(citation=true)))",NOT,general_technical_claim,必要;すべて;ません,3.4.1 (docs/3.回答に使う資料を準備する/3.4.Chunking設計.md:8),SRC-031,UNVERIFIED_CANDIDATE_URL_ONLY,BACKGROUND_CITATION,generation=true;retrieval=true,citation=true,NOT,REWRITE_REQUIRED,権威性=候補一次資料のみ; 直接性=locator未確認; 網羅性=関係NOT自体の根拠未確認; 主張極性=BACKGROUND_CITATIONとして再分類; スコープ=PASS_AFTER_TEST_SCOPE_QUALIFICATION; モダリティ=PASS_AFTER_HYPOTHESIS_QUALIFIER; 教材妥当性=PASS_AS_EXPLICIT_TESTABLE_HYPOTHESIS; 形式化妥当性=FAIL_RELATION_NOT。「一つのチャンクを、検索、生成、引用のすべてへそのまま使う必要はありません。」は候補資料(SRC-031)に直接locatorがなく、一般的事実としてはFAIL_RELATION_NOTが残る。原文の対象と作用を維持したまま、本ガイドの構成または対象データでの検証へスコープを限定すれば教材上の検討事項を保持できる。,,,UNVERIFIED,原文をrevised_sentenceへ置換し、対象データ、比較条件、観測指標、合否閾値を同じ節に追記する。検証後に限り事実表現へ戻し、意味を保存して再形式化する。,,,,,INCONCLUSIVE,NOT_APPLICABLE_UNPROVED,,,codex-independent-wave4,2026-08-15,INDEPENDENT_REVIEW_COMPLETE,PARTIAL_CANDIDATE_SOURCE_ONLY,FAIL_NO_DIRECT_LOCATOR,FAIL_RELATION_NOT,BACKGROUND_CITATION,PASS_AFTER_TEST_SCOPE_QUALIFICATION,PASS_AFTER_HYPOTHESIS_QUALIFIER,PASS_AS_EXPLICIT_TESTABLE_HYPOTHESIS,FAIL_RELATION_NOT
SENT-0786,52bebecfb2a435d0e7ff2efea557c5799674ded6,Dense X Retrievalは、文書、段落、文、命題という検索粒度が、検索と質問応答の性能へ影響することを評価しました。,文書、段落、文、命題という検索粒度が、検索と質問応答の性能へ影響することを対象データでも同じ指標で評価します。,"AND(AND(ATOM(dense=true), ATOM(retrieval=true)), ATOM(evaluation=true))",AND,externally_cited_claim,UNCLASSIFIED,3.4.1 (docs/3.回答に使う資料を準備する/3.4.Chunking設計.md:14),SRC-031,UNVERIFIED_CANDIDATE_URL_ONLY,EMPIRICAL_RESULT,dense=true;retrieval=true,evaluation=true,,REWRITE_REQUIRED,権威性=候補一次資料のみ; 直接性=locator未確認; 網羅性=未支持atom=evaluation=true; 主張極性=EMPIRICAL_RESULTとして再分類; スコープ=PASS_AFTER_CONCRETE_VERSION_OR_EXPERIMENT_SCOPE; モダリティ=PASS_AFTER_CONDITIONAL_OR_REPRODUCTION_WORDING; 教材妥当性=PASS_AFTER_CONCRETE_VERSION_OR_EXPERIMENT_QUALIFIER; 形式化妥当性=FAIL_UNSUPPORTED_ATOMS:evaluation=true。「Dense X Retrievalは、文書、段落、文、命題という検索粒度が、検索と質問応答の性能へ影響することを評価しました。」の候補資料(SRC-031)はURL単位で、節・ページ・表・API見出しを独立に確認できていない。現文のFAIL_UNSUPPORTED_ATOMS:evaluation=true、版・実験条件、資料内極性を断定せず、具体的な製品前提・ローカル定義・再現試験へ限定すれば教材内容を保持できる。,,,UNVERIFIED,原文をrevised_sentenceの具体文へ置換する。製品文は利用時点のregion/versionを受入条件へ追加し、研究文は同じ指標・比較条件で再現確認する。事実表現へ戻す場合は直接locatorを再監査する。,,,,,INCONCLUSIVE,NOT_APPLICABLE_UNPROVED,,,codex-independent-wave4,2026-08-15,INDEPENDENT_REVIEW_COMPLETE,PARTIAL_CANDIDATE_SOURCE_ONLY,FAIL_NO_DIRECT_LOCATOR,FAIL_UNSUPPORTED_ATOMS:evaluation=true,EMPIRICAL_RESULT,PASS_AFTER_CONCRETE_VERSION_OR_EXPERIMENT_SCOPE,PASS_AFTER_CONDITIONAL_OR_REPRODUCTION_WORDING,PASS_AFTER_CONCRETE_VERSION_OR_EXPERIMENT_QUALIFIER,FAIL_UNSUPPORTED_ATOMS:evaluation=true
SENT-0788,52bebecfb2a435d0e7ff2efea557c5799674ded6,大きい単位は文脈を保持できますが、一つのベクトルへ複数の話題が混ざります。,本ガイドの基本構成では、大きい単位は文脈を保持できますが、一つのベクトルへ複数の話題が混ざります。,UNFORMALIZED,UNFORMALIZED,general_technical_claim,できます,3.4.1 (docs/3.回答に使う資料を準備する/3.4.Chunking設計.md:16),SRC-031,UNVERIFIED_CANDIDATE_URL_ONLY,BACKGROUND_CITATION,,,,REWRITE_REQUIRED,権威性=候補一次資料のみ; 直接性=locator未確認; 網羅性=未支持atom=none-explicit; 主張極性=BACKGROUND_CITATIONとして再分類; スコープ=PASS_AFTER_TEST_SCOPE_QUALIFICATION; モダリティ=PASS_AFTER_HYPOTHESIS_QUALIFIER; 教材妥当性=PASS_AS_EXPLICIT_TESTABLE_HYPOTHESIS; 形式化妥当性=FAIL_UNFORMALIZED。「大きい単位は文脈を保持できますが、一つのベクトルへ複数の話題が混ざります。」は候補資料(SRC-031)に直接locatorがなく、一般的事実としてはFAIL_UNFORMALIZEDが残る。原文の対象と作用を維持したまま、本ガイドの構成または対象データでの検証へスコープを限定すれば教材上の検討事項を保持できる。,,,UNVERIFIED,原文をrevised_sentenceへ置換し、対象データ、比較条件、観測指標、合否閾値を同じ節に追記する。検証後に限り事実表現へ戻し、意味を保存して再形式化する。,,,,,INCONCLUSIVE,NOT_APPLICABLE_UNPROVED,,,codex-independent-wave4,2026-08-15,INDEPENDENT_REVIEW_COMPLETE,PARTIAL_CANDIDATE_SOURCE_ONLY,FAIL_NO_DIRECT_LOCATOR,FAIL_UNFORMALIZED,BACKGROUND_CITATION,PASS_AFTER_TEST_SCOPE_QUALIFICATION,PASS_AFTER_HYPOTHESIS_QUALIFIER,PASS_AS_EXPLICIT_TESTABLE_HYPOTHESIS,FAIL_UNFORMALIZED
SENT-0791,52bebecfb2a435d0e7ff2efea557c5799674ded6,最初の比較基準として、一定のトークン数で分割し、隣接チャンクへ重なりを持たせる方法があります。,本ガイドの基本構成では、最初の比較基準として、一定のトークン数で分割し、隣接チャンクへ重なりを持たせる方法があります。,UNFORMALIZED,UNFORMALIZED,general_technical_claim,UNCLASSIFIED,3.4.1 (docs/3.回答に使う資料を準備する/3.4.Chunking設計.md:21),SRC-002;SRC-005;SRC-009;SRC-010;SRC-011,UNVERIFIED_CANDIDATE_URL_ONLY,BACKGROUND_CITATION,,,,REWRITE_REQUIRED,権威性=候補一次資料のみ; 直接性=locator未確認; 網羅性=未支持atom=none-explicit; 主張極性=BACKGROUND_CITATIONとして再分類; スコープ=PASS_AFTER_TEST_SCOPE_QUALIFICATION; モダリティ=PASS_AFTER_HYPOTHESIS_QUALIFIER; 教材妥当性=PASS_AS_EXPLICIT_TESTABLE_HYPOTHESIS; 形式化妥当性=FAIL_UNFORMALIZED。「最初の比較基準として、一定のトークン数で分割し、隣接チャンクへ重なりを持たせる方法があります。」は候補資料(SRC-002;SRC-005;SRC-009;SRC-010;SRC-011)に直接locatorがなく、一般的事実としてはFAIL_UNFORMALIZEDが残る。原文の対象と作用を維持したまま、本ガイドの構成または対象データでの検証へスコープを限定すれば教材上の検討事項を保持できる。,,,UNVERIFIED,原文をrevised_sentenceへ置換し、対象データ、比較条件、観測指標、合否閾値を同じ節に追記する。検証後に限り事実表現へ戻し、意味を保存して再形式化する。,,,,,INCONCLUSIVE,NOT_APPLICABLE_UNPROVED,,,codex-independent-wave4,2026-08-15,INDEPENDENT_REVIEW_COMPLETE,PARTIAL_CANDIDATE_SOURCE_ONLY,FAIL_NO_DIRECT_LOCATOR,FAIL_UNFORMALIZED,BACKGROUND_CITATION,PASS_AFTER_TEST_SCOPE_QUALIFICATION,PASS_AFTER_HYPOTHESIS_QUALIFIER,PASS_AS_EXPLICIT_TESTABLE_HYPOTHESIS,FAIL_UNFORMALIZED
SENT-0793,52bebecfb2a435d0e7ff2efea557c5799674ded6,300〜800トークン、10〜20パーセントの重なりといった値は、対象データに対する答えではありません。,本ガイドの基本構成では、300〜800トークン、10〜20パーセントの重なりといった値は、対象データに対する答えではありません。,UNFORMALIZED,UNFORMALIZED,general_technical_claim,ません,3.4.1 (docs/3.回答に使う資料を準備する/3.4.Chunking設計.md:24),SRC-002;SRC-005;SRC-009;SRC-010;SRC-011,UNVERIFIED_CANDIDATE_URL_ONLY,BACKGROUND_CITATION,,,,REWRITE_REQUIRED,権威性=候補一次資料のみ; 直接性=locator未確認; 網羅性=未支持atom=none-explicit; 主張極性=BACKGROUND_CITATIONとして再分類; スコープ=PASS_AFTER_TEST_SCOPE_QUALIFICATION; モダリティ=PASS_AFTER_HYPOTHESIS_QUALIFIER; 教材妥当性=PASS_AS_EXPLICIT_TESTABLE_HYPOTHESIS; 形式化妥当性=FAIL_UNFORMALIZED。「300〜800トークン、10〜20パーセントの重なりといった値は、対象データに対する答えではありません。」は候補資料(SRC-002;SRC-005;SRC-009;SRC-010;SRC-011)に直接locatorがなく、一般的事実としてはFAIL_UNFORMALIZEDが残る。原文の対象と作用を維持したまま、本ガイドの構成または対象データでの検証へスコープを限定すれば教材上の検討事項を保持できる。,,,UNVERIFIED,原文をrevised_sentenceへ置換し、対象データ、比較条件、観測指標、合否閾値を同じ節に追記する。検証後に限り事実表現へ戻し、意味を保存して再形式化する。,,,,,INCONCLUSIVE,NOT_APPLICABLE_UNPROVED,,,codex-independent-wave4,2026-08-15,INDEPENDENT_REVIEW_COMPLETE,PARTIAL_CANDIDATE_SOURCE_ONLY,FAIL_NO_DIRECT_LOCATOR,FAIL_UNFORMALIZED,BACKGROUND_CITATION,PASS_AFTER_TEST_SCOPE_QUALIFICATION,PASS_AFTER_HYPOTHESIS_QUALIFIER,PASS_AS_EXPLICIT_TESTABLE_HYPOTHESIS,FAIL_UNFORMALIZED
SENT-0796,52bebecfb2a435d0e7ff2efea557c5799674ded6,短すぎるチャンクでは、条件節、否定、例外、主語が別のチャンクへ分かれます。,本ガイドの基本構成では、短すぎるチャンクでは、条件節、否定、例外、主語が別のチャンクへ分かれます。,UNFORMALIZED,UNFORMALIZED,general_technical_claim,UNCLASSIFIED,3.4.1 (docs/3.回答に使う資料を準備する/3.4.Chunking設計.md:28),SRC-002;SRC-005;SRC-009;SRC-010;SRC-011,UNVERIFIED_CANDIDATE_URL_ONLY,BACKGROUND_CITATION,,,,REWRITE_REQUIRED,権威性=候補一次資料のみ; 直接性=locator未確認; 網羅性=未支持atom=none-explicit; 主張極性=BACKGROUND_CITATIONとして再分類; スコープ=PASS_AFTER_TEST_SCOPE_QUALIFICATION; モダリティ=PASS_AFTER_HYPOTHESIS_QUALIFIER; 教材妥当性=PASS_AS_EXPLICIT_TESTABLE_HYPOTHESIS; 形式化妥当性=FAIL_UNFORMALIZED。「短すぎるチャンクでは、条件節、否定、例外、主語が別のチャンクへ分かれます。」は候補資料(SRC-002;SRC-005;SRC-009;SRC-010;SRC-011)に直接locatorがなく、一般的事実としてはFAIL_UNFORMALIZEDが残る。原文の対象と作用を維持したまま、本ガイドの構成または対象データでの検証へスコープを限定すれば教材上の検討事項を保持できる。,,,UNVERIFIED,原文をrevised_sentenceへ置換し、対象データ、比較条件、観測指標、合否閾値を同じ節に追記する。検証後に限り事実表現へ戻し、意味を保存して再形式化する。,,,,,INCONCLUSIVE,NOT_APPLICABLE_UNPROVED,,,codex-independent-wave4,2026-08-15,INDEPENDENT_REVIEW_COMPLETE,PARTIAL_CANDIDATE_SOURCE_ONLY,FAIL_NO_DIRECT_LOCATOR,FAIL_UNFORMALIZED,BACKGROUND_CITATION,PASS_AFTER_TEST_SCOPE_QUALIFICATION,PASS_AFTER_HYPOTHESIS_QUALIFIER,PASS_AS_EXPLICIT_TESTABLE_HYPOTHESIS,FAIL_UNFORMALIZED
SENT-0797,52bebecfb2a435d0e7ff2efea557c5799674ded6,長すぎるチャンクでは、複数の話題が一つの埋め込みに混ざり、検索結果中の根拠密度が下がります。,本ガイドの基本構成では、長すぎるチャンクでは、複数の話題が一つの埋め込みに混ざり、検索結果中の根拠密度が下がります。,"AND(AND(ATOM(retrieval=true), ATOM(evidence_support=true)), ATOM(empirical_result=true))",AND,general_technical_claim,UNCLASSIFIED,3.4.1 (docs/3.回答に使う資料を準備する/3.4.Chunking設計.md:29),SRC-031,UNVERIFIED_CANDIDATE_URL_ONLY,EMPIRICAL_RESULT,empirical_result=true;retrieval=true,evidence_support=true,,REWRITE_REQUIRED,権威性=候補一次資料のみ; 直接性=locator未確認; 網羅性=未支持atom=evidence_support=true; 主張極性=EMPIRICAL_RESULTとして再分類; スコープ=PASS_AFTER_TEST_SCOPE_QUALIFICATION; モダリティ=PASS_AFTER_HYPOTHESIS_QUALIFIER; 教材妥当性=PASS_AS_EXPLICIT_TESTABLE_HYPOTHESIS; 形式化妥当性=FAIL_UNSUPPORTED_ATOMS:evidence_support=true。「長すぎるチャンクでは、複数の話題が一つの埋め込みに混ざり、検索結果中の根拠密度が下がります。」は候補資料(SRC-031)に直接locatorがなく、一般的事実としてはFAIL_UNSUPPORTED_ATOMS:evidence_support=trueが残る。原文の対象と作用を維持したまま、本ガイドの構成または対象データでの検証へスコープを限定すれば教材上の検討事項を保持できる。,,,UNVERIFIED,原文をrevised_sentenceへ置換し、対象データ、比較条件、観測指標、合否閾値を同じ節に追記する。検証後に限り事実表現へ戻し、意味を保存して再形式化する。,,,,,INCONCLUSIVE,NOT_APPLICABLE_UNPROVED,,,codex-independent-wave4,2026-08-15,INDEPENDENT_REVIEW_COMPLETE,PARTIAL_CANDIDATE_SOURCE_ONLY,FAIL_NO_DIRECT_LOCATOR,FAIL_UNSUPPORTED_ATOMS:evidence_support=true,EMPIRICAL_RESULT,PASS_AFTER_TEST_SCOPE_QUALIFICATION,PASS_AFTER_HYPOTHESIS_QUALIFIER,PASS_AS_EXPLICIT_TESTABLE_HYPOTHESIS,FAIL_UNSUPPORTED_ATOMS:evidence_support=true
SENT-0802,52bebecfb2a435d0e7ff2efea557c5799674ded6,節が長い場合は、節見出しを各子チャンクの本文またはメタデータへ継承します。,節が長い場合は、節見出しを各子チャンクの本文またはメタデータへ継承します。,UNFORMALIZED,UNFORMALIZED,general_technical_claim,UNCLASSIFIED,3.4.2 (docs/3.回答に使う資料を準備する/3.4.Chunking設計.md:39),SRC-002;SRC-005;SRC-009;SRC-010;SRC-011,NOT_APPLICABLE_LOCAL_NORM,HYPOTHESIS,,,,APPROPRIATE_NORMATIVE,権威性=候補一次資料のみ; 直接性=locator未確認; 網羅性=未支持atom=none-explicit; 主張極性=HYPOTHESISとして再分類; スコープ=PASS_LOCAL_DESIGN_POLICY; モダリティ=PASS_AS_DISCLOSED_NORMATIVE_RULE; 教材妥当性=PASS_AFTER_EXPLICIT_CRITERIA_AND_EXCEPTION; 形式化妥当性=FAIL_UNFORMALIZED。「節が長い場合は、節見出しを各子チャンクの本文またはメタデータへ継承します。」は外的真偽の断定ではなく、対象・処理・判断を特定した設計・運用上の選択規則として読める。ただし候補資料(SRC-002;SRC-005;SRC-009;SRC-010;SRC-011)はURL単位で、直接locatorは未確認。規範の判断基準と例外を明示すれば教材として採用できる。形式面ではFAIL_UNFORMALIZEDを別途解消する必要がある。,対象要件、適用条件、観測可能な受入基準、担当、失敗時の処理を明示すること,適用条件を満たさない場合は単純な経路または回答保留へ戻し、例外理由と期限を記録する,NOT_APPLICABLE,本文は維持し、節内に判断基準「対象要件、適用条件、観測可能な受入基準、担当、失敗時の処理を明示すること」と例外「適用条件を満たさない場合は単純な経路または回答保留へ戻し、例外理由と期限を記録する」を明記する。経験的な効果保証とは分離し、意味を保存して再形式化する。,,,,,INCONCLUSIVE,NOT_APPLICABLE_UNPROVED,,,codex-independent-wave4,2026-08-15,INDEPENDENT_REVIEW_COMPLETE,PARTIAL_CANDIDATE_SOURCE_ONLY,FAIL_NO_DIRECT_LOCATOR,FAIL_UNFORMALIZED,HYPOTHESIS,PASS_LOCAL_DESIGN_POLICY,PASS_AS_DISCLOSED_NORMATIVE_RULE,PASS_AFTER_EXPLICIT_CRITERIA_AND_EXCEPTION,FAIL_UNFORMALIZED
SENT-0807,52bebecfb2a435d0e7ff2efea557c5799674ded6,検索改善を評価するときは、解析品質と分割品質を区別します。,検索改善を評価するときは、解析品質と分割品質を区別します。,"IMP(AND(AND(ATOM(retrieval=true), ATOM(evaluation=true)), ATOM(empirical_result=true)), ATOM(parsing=true))",IMPLIES,empirical_or_research_claim,UNCLASSIFIED,3.4.2 (docs/3.回答に使う資料を準備する/3.4.Chunking設計.md:45),SRC-033;SRC-154;SRC-031;SRC-035;SRC-034,NOT_APPLICABLE_LOCAL_NORM,HYPOTHESIS,empirical_result=true;evaluation=true;retrieval=true,parsing=true,IMPLIES,APPROPRIATE_NORMATIVE,権威性=候補一次資料のみ; 直接性=locator未確認; 網羅性=関係IMPLIES自体の根拠未確認; 主張極性=HYPOTHESISとして再分類; スコープ=PASS_LOCAL_DESIGN_POLICY; モダリティ=PASS_AS_DISCLOSED_NORMATIVE_RULE; 教材妥当性=PASS_AFTER_EXPLICIT_CRITERIA_AND_EXCEPTION; 形式化妥当性=FAIL_RELATION_IMPLIES。「検索改善を評価するときは、解析品質と分割品質を区別します。」は外的真偽の断定ではなく、対象・処理・判断を特定した設計・運用上の選択規則として読める。ただし候補資料(SRC-033;SRC-154;SRC-031;SRC-035;SRC-034)はURL単位で、直接locatorは未確認。規範の判断基準と例外を明示すれば教材として採用できる。形式面ではFAIL_RELATION_IMPLIESを別途解消する必要がある。,前件を観測可能な条件として定義し、後件の選択理由、代替経路、終了条件を記録すること,前件が成立しない場合、または単純な経路が受入基準を満たす場合は後件を強制しない,NOT_APPLICABLE,本文は維持し、節内に判断基準「前件を観測可能な条件として定義し、後件の選択理由、代替経路、終了条件を記録すること」と例外「前件が成立しない場合、または単純な経路が受入基準を満たす場合は後件を強制しない」を明記する。経験的な効果保証とは分離し、意味を保存して再形式化する。,,,,,INCONCLUSIVE,NOT_APPLICABLE_UNPROVED,,,codex-independent-wave4,2026-08-15,INDEPENDENT_REVIEW_COMPLETE,PARTIAL_CANDIDATE_SOURCE_ONLY,FAIL_NO_DIRECT_LOCATOR,FAIL_RELATION_IMPLIES,HYPOTHESIS,PASS_LOCAL_DESIGN_POLICY,PASS_AS_DISCLOSED_NORMATIVE_RULE,PASS_AFTER_EXPLICIT_CRITERIA_AND_EXCEPTION,FAIL_RELATION_IMPLIES
SENT-0808,52bebecfb2a435d0e7ff2efea557c5799674ded6,見出しがなく、長い段落の途中で話題が変わる文書では、語彙や埋め込みの変化から境界を推定できます。,見出しがなく、長い段落の途中で話題が変わる文書では、語彙や埋め込みの変化から境界を推定できるかを、対象データと固定した比較条件で検証します。,UNFORMALIZED,UNFORMALIZED,general_technical_claim,できます,3.4.2 (docs/3.回答に使う資料を準備する/3.4.Chunking設計.md:47),SRC-032,UNVERIFIED_CANDIDATE_URL_ONLY,BACKGROUND_CITATION,,,,REWRITE_REQUIRED,権威性=候補一次資料のみ; 直接性=locator未確認; 網羅性=未支持atom=none-explicit; 主張極性=BACKGROUND_CITATIONとして再分類; スコープ=PASS_AFTER_TEST_SCOPE_QUALIFICATION; モダリティ=PASS_AFTER_HYPOTHESIS_QUALIFIER; 教材妥当性=PASS_AS_EXPLICIT_TESTABLE_HYPOTHESIS; 形式化妥当性=FAIL_UNFORMALIZED。「見出しがなく、長い段落の途中で話題が変わる文書では、語彙や埋め込みの変化から境界を推定できます。」は候補資料(SRC-032)に直接locatorがなく、一般的事実としてはFAIL_UNFORMALIZEDが残る。原文の対象と作用を維持したまま、本ガイドの構成または対象データでの検証へスコープを限定すれば教材上の検討事項を保持できる。,,,UNVERIFIED,原文をrevised_sentenceへ置換し、対象データ、比較条件、観測指標、合否閾値を同じ節に追記する。検証後に限り事実表現へ戻し、意味を保存して再形式化する。,,,,,INCONCLUSIVE,NOT_APPLICABLE_UNPROVED,,,codex-independent-wave4,2026-08-15,INDEPENDENT_REVIEW_COMPLETE,PARTIAL_CANDIDATE_SOURCE_ONLY,FAIL_NO_DIRECT_LOCATOR,FAIL_UNFORMALIZED,BACKGROUND_CITATION,PASS_AFTER_TEST_SCOPE_QUALIFICATION,PASS_AFTER_HYPOTHESIS_QUALIFIER,PASS_AS_EXPLICIT_TESTABLE_HYPOTHESIS,FAIL_UNFORMALIZED
SENT-0817,52bebecfb2a435d0e7ff2efea557c5799674ded6,左列で文書形式を選び、中央の要素が同じチャンクまたは親子関係に残っているかを確認し、右列の失敗を試験します。,左列で文書形式を選び、中央の要素が同じチャンクまたは親子関係に残っているかを確認し、右列の失敗を試験します。,UNFORMALIZED,UNFORMALIZED,general_technical_claim,UNCLASSIFIED,3.4.2 (docs/3.回答に使う資料を準備する/3.4.Chunking設計.md:60),SRC-002;SRC-005;SRC-009;SRC-010;SRC-011,NOT_APPLICABLE_LOCAL_NORM,HYPOTHESIS,,,,APPROPRIATE_NORMATIVE,権威性=候補一次資料のみ; 直接性=locator未確認; 網羅性=未支持atom=none-explicit; 主張極性=HYPOTHESISとして再分類; スコープ=PASS_LOCAL_DESIGN_POLICY; モダリティ=PASS_AS_DISCLOSED_NORMATIVE_RULE; 教材妥当性=PASS_AFTER_EXPLICIT_CRITERIA_AND_EXCEPTION; 形式化妥当性=FAIL_UNFORMALIZED。「左列で文書形式を選び、中央の要素が同じチャンクまたは親子関係に残っているかを確認し、右列の失敗を試験します。」は外的真偽の断定ではなく、対象・処理・判断を特定した設計・運用上の選択規則として読める。ただし候補資料(SRC-002;SRC-005;SRC-009;SRC-010;SRC-011)はURL単位で、直接locatorは未確認。規範の判断基準と例外を明示すれば教材として採用できる。形式面ではFAIL_UNFORMALIZEDを別途解消する必要がある。,対象要件、適用条件、観測可能な受入基準、担当、失敗時の処理を明示すること,適用条件を満たさない場合は単純な経路または回答保留へ戻し、例外理由と期限を記録する,NOT_APPLICABLE,本文は維持し、節内に判断基準「対象要件、適用条件、観測可能な受入基準、担当、失敗時の処理を明示すること」と例外「適用条件を満たさない場合は単純な経路または回答保留へ戻し、例外理由と期限を記録する」を明記する。経験的な効果保証とは分離し、意味を保存して再形式化する。,,,,,INCONCLUSIVE,NOT_APPLICABLE_UNPROVED,,,codex-independent-wave4,2026-08-15,INDEPENDENT_REVIEW_COMPLETE,PARTIAL_CANDIDATE_SOURCE_ONLY,FAIL_NO_DIRECT_LOCATOR,FAIL_UNFORMALIZED,HYPOTHESIS,PASS_LOCAL_DESIGN_POLICY,PASS_AS_DISCLOSED_NORMATIVE_RULE,PASS_AFTER_EXPLICIT_CRITERIA_AND_EXCEPTION,FAIL_UNFORMALIZED
SENT-0825,52bebecfb2a435d0e7ff2efea557c5799674ded6,| チケット | 件名、本文、解決策、状態 | 未解決の提案を解決策と誤認します |,「チケット」では「件名、本文、解決策、状態」を対象とし、確認項目は「未解決の提案を解決策と誤認します」です。,UNFORMALIZED,UNFORMALIZED,empirical_or_research_claim,UNCLASSIFIED,3.4.2 (docs/3.回答に使う資料を準備する/3.4.Chunking設計.md:71),SRC-002;SRC-005;SRC-009;SRC-010;SRC-011,UNVERIFIED_CANDIDATE_URL_ONLY,EMPIRICAL_RESULT,,,,REWRITE_REQUIRED,権威性=候補一次資料のみ; 直接性=locator未確認; 網羅性=未支持atom=none-explicit; 主張極性=EMPIRICAL_RESULTとして再分類; スコープ=FAIL_NOT_A_PROPOSITION; モダリティ=NOT_APPLICABLE_FRAGMENT; 教材妥当性=PASS_AS_STRUCTURE_NOT_AS_CLAIM; 形式化妥当性=FAIL_UNFORMALIZED。見出し・表セル・用語リンクの断片であり、独立した外部主張として判定できない。証拠必須文として扱う分類が教材構造と一致せず、形式化の主語・述語も欠ける。,,,NOT_APPLICABLE,原文をrevised_sentenceの完全な説明文へ置換し、sentence evidence分類をexpository_or_structural/evidence_required=noへ修正して未証明文キューから除外する。,,,,,INCONCLUSIVE,NOT_APPLICABLE_UNPROVED,,,codex-independent-wave4,2026-08-15,INDEPENDENT_REVIEW_COMPLETE,PARTIAL_CANDIDATE_SOURCE_ONLY,FAIL_NO_DIRECT_LOCATOR,FAIL_UNFORMALIZED,EMPIRICAL_RESULT,FAIL_NOT_A_PROPOSITION,NOT_APPLICABLE_FRAGMENT,PASS_AS_STRUCTURE_NOT_AS_CLAIM,FAIL_UNFORMALIZED
SENT-0830,52bebecfb2a435d0e7ff2efea557c5799674ded6,Dense X Retrievalは、評価した条件で、命題単位のインデックスが段落単位より有効な結果を報告しました。,評価した条件で、命題単位のインデックスが段落単位より有効な結果が対象データでも再現するかを、同じ比較条件と指標で確認します。,"AND(AND(AND(ATOM(dense=true), ATOM(retrieval=true)), ATOM(evaluation=true)), ATOM(empirical_result=true))",AND,externally_cited_claim,UNCLASSIFIED,3.4.3 (docs/3.回答に使う資料を準備する/3.4.Chunking設計.md:80),SRC-031,UNVERIFIED_CANDIDATE_URL_ONLY,EMPIRICAL_RESULT,dense=true;empirical_result=true;retrieval=true,evaluation=true,,REWRITE_REQUIRED,権威性=候補一次資料のみ; 直接性=locator未確認; 網羅性=未支持atom=evaluation=true; 主張極性=EMPIRICAL_RESULTとして再分類; スコープ=PASS_AFTER_CONCRETE_VERSION_OR_EXPERIMENT_SCOPE; モダリティ=PASS_AFTER_CONDITIONAL_OR_REPRODUCTION_WORDING; 教材妥当性=PASS_AFTER_CONCRETE_VERSION_OR_EXPERIMENT_QUALIFIER; 形式化妥当性=FAIL_UNSUPPORTED_ATOMS:evaluation=true。「Dense X Retrievalは、評価した条件で、命題単位のインデックスが段落単位より有効な結果を報告しました。」の候補資料(SRC-031)はURL単位で、節・ページ・表・API見出しを独立に確認できていない。現文のFAIL_UNSUPPORTED_ATOMS:evaluation=true、版・実験条件、資料内極性を断定せず、具体的な製品前提・ローカル定義・再現試験へ限定すれば教材内容を保持できる。,,,UNVERIFIED,原文をrevised_sentenceの具体文へ置換する。製品文は利用時点のregion/versionを受入条件へ追加し、研究文は同じ指標・比較条件で再現確認する。事実表現へ戻す場合は直接locatorを再監査する。,,,,,INCONCLUSIVE,NOT_APPLICABLE_UNPROVED,,,codex-independent-wave4,2026-08-15,INDEPENDENT_REVIEW_COMPLETE,PARTIAL_CANDIDATE_SOURCE_ONLY,FAIL_NO_DIRECT_LOCATOR,FAIL_UNSUPPORTED_ATOMS:evaluation=true,EMPIRICAL_RESULT,PASS_AFTER_CONCRETE_VERSION_OR_EXPERIMENT_SCOPE,PASS_AFTER_CONDITIONAL_OR_REPRODUCTION_WORDING,PASS_AFTER_CONCRETE_VERSION_OR_EXPERIMENT_QUALIFIER,FAIL_UNSUPPORTED_ATOMS:evaluation=true
SENT-0834,52bebecfb2a435d0e7ff2efea557c5799674ded6,生成した命題は原文の代替にせず、元の文と親チャンクへ必ず結び付けます。,生成した命題は原文の代替にせず、元の文と親チャンクへ必ず結び付けます。,NOT(ATOM(generation=true)),NOT,general_technical_claim,必ず,3.4.3 (docs/3.回答に使う資料を準備する/3.4.Chunking設計.md:86),SRC-031,NOT_APPLICABLE_LOCAL_NORM,HYPOTHESIS,generation=true,,NOT,APPROPRIATE_NORMATIVE,権威性=候補一次資料のみ; 直接性=locator未確認; 網羅性=関係NOT自体の根拠未確認; 主張極性=HYPOTHESISとして再分類; スコープ=PASS_LOCAL_DESIGN_POLICY; モダリティ=PASS_AS_DISCLOSED_NORMATIVE_RULE; 教材妥当性=PASS_AFTER_EXPLICIT_CRITERIA_AND_EXCEPTION; 形式化妥当性=FAIL_RELATION_NOT。「生成した命題は原文の代替にせず、元の文と親チャンクへ必ず結び付けます。」は外的真偽の断定ではなく、対象・処理・判断を特定した設計・運用上の選択規則として読める。ただし候補資料(SRC-031)はURL単位で、直接locatorは未確認。規範の判断基準と例外を明示すれば教材として採用できる。形式面ではFAIL_RELATION_NOTを別途解消する必要がある。,禁止対象、禁止理由、代替経路を明示し、安全性・再現性・追跡性のいずれを守る規則か検査できること,禁止理由を満たす別の統制が同等以上の証拠で確認できる場合のみ例外とし、理由と期限を記録する,NOT_APPLICABLE,本文は維持し、節内に判断基準「禁止対象、禁止理由、代替経路を明示し、安全性・再現性・追跡性のいずれを守る規則か検査できること」と例外「禁止理由を満たす別の統制が同等以上の証拠で確認できる場合のみ例外とし、理由と期限を記録する」を明記する。経験的な効果保証とは分離し、意味を保存して再形式化する。,,,,,INCONCLUSIVE,NOT_APPLICABLE_UNPROVED,,,codex-independent-wave4,2026-08-15,INDEPENDENT_REVIEW_COMPLETE,PARTIAL_CANDIDATE_SOURCE_ONLY,FAIL_NO_DIRECT_LOCATOR,FAIL_RELATION_NOT,HYPOTHESIS,PASS_LOCAL_DESIGN_POLICY,PASS_AS_DISCLOSED_NORMATIVE_RULE,PASS_AFTER_EXPLICIT_CRITERIA_AND_EXCEPTION,FAIL_RELATION_NOT
SENT-0838,52bebecfb2a435d0e7ff2efea557c5799674ded6,"例えば、200〜400トークンの子と、1,000〜2,000トークンの親を初期候補として比較できます。","例えば、200〜400トークンの子と、1,000〜2,000トークンの親を初期候補として比較できるかを、対象データと固定した比較条件で検証します。",UNFORMALIZED,UNFORMALIZED,general_technical_claim,できます,3.4.4 (docs/3.回答に使う資料を準備する/3.4.Chunking設計.md:94),SRC-002;SRC-005;SRC-009;SRC-010;SRC-011,UNVERIFIED_CANDIDATE_URL_ONLY,BACKGROUND_CITATION,,,,REWRITE_REQUIRED,"権威性=候補一次資料のみ; 直接性=locator未確認; 網羅性=未支持atom=none-explicit; 主張極性=BACKGROUND_CITATIONとして再分類; スコープ=PASS_AFTER_TEST_SCOPE_QUALIFICATION; モダリティ=PASS_AFTER_HYPOTHESIS_QUALIFIER; 教材妥当性=PASS_AS_EXPLICIT_TESTABLE_HYPOTHESIS; 形式化妥当性=FAIL_UNFORMALIZED。「例えば、200〜400トークンの子と、1,000〜2,000トークンの親を初期候補として比較できます。」は候補資料(SRC-002;SRC-005;SRC-009;SRC-010;SRC-011)に直接locatorがなく、一般的事実としてはFAIL_UNFORMALIZEDが残る。原文の対象と作用を維持したまま、本ガイドの構成または対象データでの検証へスコープを限定すれば教材上の検討事項を保持できる。",,,UNVERIFIED,原文をrevised_sentenceへ置換し、対象データ、比較条件、観測指標、合否閾値を同じ節に追記する。検証後に限り事実表現へ戻し、意味を保存して再形式化する。,,,,,INCONCLUSIVE,NOT_APPLICABLE_UNPROVED,,,codex-independent-wave4,2026-08-15,INDEPENDENT_REVIEW_COMPLETE,PARTIAL_CANDIDATE_SOURCE_ONLY,FAIL_NO_DIRECT_LOCATOR,FAIL_UNFORMALIZED,BACKGROUND_CITATION,PASS_AFTER_TEST_SCOPE_QUALIFICATION,PASS_AFTER_HYPOTHESIS_QUALIFIER,PASS_AS_EXPLICIT_TESTABLE_HYPOTHESIS,FAIL_UNFORMALIZED
SENT-0840,52bebecfb2a435d0e7ff2efea557c5799674ded6,親を大きくしすぎると、無関係な話題と入力トークンが増え、必要情報が長文に埋もれます。,本ガイドの基本構成では、親を大きくしすぎると、無関係な話題と入力トークンが増え、必要情報が長文に埋もれます。,UNFORMALIZED,UNFORMALIZED,general_technical_claim,必要,3.4.4 (docs/3.回答に使う資料を準備する/3.4.Chunking設計.md:96),SRC-002;SRC-005;SRC-009;SRC-010;SRC-011,UNVERIFIED_CANDIDATE_URL_ONLY,BACKGROUND_CITATION,,,,REWRITE_REQUIRED,権威性=候補一次資料のみ; 直接性=locator未確認; 網羅性=未支持atom=none-explicit; 主張極性=BACKGROUND_CITATIONとして再分類; スコープ=PASS_AFTER_TEST_SCOPE_QUALIFICATION; モダリティ=PASS_AFTER_HYPOTHESIS_QUALIFIER; 教材妥当性=PASS_AS_EXPLICIT_TESTABLE_HYPOTHESIS; 形式化妥当性=FAIL_UNFORMALIZED。「親を大きくしすぎると、無関係な話題と入力トークンが増え、必要情報が長文に埋もれます。」は候補資料(SRC-002;SRC-005;SRC-009;SRC-010;SRC-011)に直接locatorがなく、一般的事実としてはFAIL_UNFORMALIZEDが残る。原文の対象と作用を維持したまま、本ガイドの構成または対象データでの検証へスコープを限定すれば教材上の検討事項を保持できる。,,,UNVERIFIED,原文をrevised_sentenceへ置換し、対象データ、比較条件、観測指標、合否閾値を同じ節に追記する。検証後に限り事実表現へ戻し、意味を保存して再形式化する。,,,,,INCONCLUSIVE,NOT_APPLICABLE_UNPROVED,,,codex-independent-wave4,2026-08-15,INDEPENDENT_REVIEW_COMPLETE,PARTIAL_CANDIDATE_SOURCE_ONLY,FAIL_NO_DIRECT_LOCATOR,FAIL_UNFORMALIZED,BACKGROUND_CITATION,PASS_AFTER_TEST_SCOPE_QUALIFICATION,PASS_AFTER_HYPOTHESIS_QUALIFIER,PASS_AS_EXPLICIT_TESTABLE_HYPOTHESIS,FAIL_UNFORMALIZED
SENT-0850,52bebecfb2a435d0e7ff2efea557c5799674ded6,代名詞、省略された主語、前節で定義した用語は、チャンクだけでは解釈しにくい場合があります。,代名詞、省略された主語、前節で定義した用語は、チャンクだけでは解釈しにくい場合を想定し、その発生条件と影響を対象データで確認します。,UNFORMALIZED,UNFORMALIZED,general_technical_claim,場合があります,3.4.4 (docs/3.回答に使う資料を準備する/3.4.Chunking設計.md:114),SRC-002;SRC-005;SRC-009;SRC-010;SRC-011,UNVERIFIED_CANDIDATE_URL_ONLY,BACKGROUND_CITATION,,,,REWRITE_REQUIRED,権威性=候補一次資料のみ; 直接性=locator未確認; 網羅性=未支持atom=none-explicit; 主張極性=BACKGROUND_CITATIONとして再分類; スコープ=PASS_AFTER_TEST_SCOPE_QUALIFICATION; モダリティ=PASS_AFTER_HYPOTHESIS_QUALIFIER; 教材妥当性=PASS_AS_EXPLICIT_TESTABLE_HYPOTHESIS; 形式化妥当性=FAIL_UNFORMALIZED。「代名詞、省略された主語、前節で定義した用語は、チャンクだけでは解釈しにくい場合があります。」は候補資料(SRC-002;SRC-005;SRC-009;SRC-010;SRC-011)に直接locatorがなく、一般的事実としてはFAIL_UNFORMALIZEDが残る。原文の対象と作用を維持したまま、本ガイドの構成または対象データでの検証へスコープを限定すれば教材上の検討事項を保持できる。,,,UNVERIFIED,原文をrevised_sentenceへ置換し、対象データ、比較条件、観測指標、合否閾値を同じ節に追記する。検証後に限り事実表現へ戻し、意味を保存して再形式化する。,,,,,INCONCLUSIVE,NOT_APPLICABLE_UNPROVED,,,codex-independent-wave4,2026-08-15,INDEPENDENT_REVIEW_COMPLETE,PARTIAL_CANDIDATE_SOURCE_ONLY,FAIL_NO_DIRECT_LOCATOR,FAIL_UNFORMALIZED,BACKGROUND_CITATION,PASS_AFTER_TEST_SCOPE_QUALIFICATION,PASS_AFTER_HYPOTHESIS_QUALIFIER,PASS_AS_EXPLICIT_TESTABLE_HYPOTHESIS,FAIL_UNFORMALIZED
SENT-0852,52bebecfb2a435d0e7ff2efea557c5799674ded6,チャンク本文を書き換えず、埋め込み表現へ周囲の文脈を反映することを狙います。,本ガイドの基本構成では、チャンク本文を書き換えず、埋め込み表現へ周囲の文脈を反映することを狙います。,UNFORMALIZED,UNFORMALIZED,general_technical_claim,UNCLASSIFIED,3.4.4 (docs/3.回答に使う資料を準備する/3.4.Chunking設計.md:117),SRC-034,UNVERIFIED_CANDIDATE_URL_ONLY,BACKGROUND_CITATION,,,,REWRITE_REQUIRED,権威性=候補一次資料のみ; 直接性=locator未確認; 網羅性=未支持atom=none-explicit; 主張極性=BACKGROUND_CITATIONとして再分類; スコープ=PASS_AFTER_TEST_SCOPE_QUALIFICATION; モダリティ=PASS_AFTER_HYPOTHESIS_QUALIFIER; 教材妥当性=PASS_AS_EXPLICIT_TESTABLE_HYPOTHESIS; 形式化妥当性=FAIL_UNFORMALIZED。「チャンク本文を書き換えず、埋め込み表現へ周囲の文脈を反映することを狙います。」は候補資料(SRC-034)に直接locatorがなく、一般的事実としてはFAIL_UNFORMALIZEDが残る。原文の対象と作用を維持したまま、本ガイドの構成または対象データでの検証へスコープを限定すれば教材上の検討事項を保持できる。,,,UNVERIFIED,原文をrevised_sentenceへ置換し、対象データ、比較条件、観測指標、合否閾値を同じ節に追記する。検証後に限り事実表現へ戻し、意味を保存して再形式化する。,,,,,INCONCLUSIVE,NOT_APPLICABLE_UNPROVED,,,codex-independent-wave4,2026-08-15,INDEPENDENT_REVIEW_COMPLETE,PARTIAL_CANDIDATE_SOURCE_ONLY,FAIL_NO_DIRECT_LOCATOR,FAIL_UNFORMALIZED,BACKGROUND_CITATION,PASS_AFTER_TEST_SCOPE_QUALIFICATION,PASS_AFTER_HYPOTHESIS_QUALIFIER,PASS_AS_EXPLICIT_TESTABLE_HYPOTHESIS,FAIL_UNFORMALIZED
SENT-0855,52bebecfb2a435d0e7ff2efea557c5799674ded6,代名詞や節間参照を含む質問群で、通常のチャンク埋め込みと比較してから導入します。,代名詞や節間参照を含む質問群で、通常のチャンク埋め込みと比較してから導入します。,UNFORMALIZED,UNFORMALIZED,general_technical_claim,UNCLASSIFIED,3.4.4 (docs/3.回答に使う資料を準備する/3.4.Chunking設計.md:121),SRC-002;SRC-005;SRC-009;SRC-010;SRC-011,NOT_APPLICABLE_LOCAL_NORM,HYPOTHESIS,,,,APPROPRIATE_NORMATIVE,権威性=候補一次資料のみ; 直接性=locator未確認; 網羅性=未支持atom=none-explicit; 主張極性=HYPOTHESISとして再分類; スコープ=PASS_LOCAL_DESIGN_POLICY; モダリティ=PASS_AS_DISCLOSED_NORMATIVE_RULE; 教材妥当性=PASS_AFTER_EXPLICIT_CRITERIA_AND_EXCEPTION; 形式化妥当性=FAIL_UNFORMALIZED。「代名詞や節間参照を含む質問群で、通常のチャンク埋め込みと比較してから導入します。」は外的真偽の断定ではなく、対象・処理・判断を特定した設計・運用上の選択規則として読める。ただし候補資料(SRC-002;SRC-005;SRC-009;SRC-010;SRC-011)はURL単位で、直接locatorは未確認。規範の判断基準と例外を明示すれば教材として採用できる。形式面ではFAIL_UNFORMALIZEDを別途解消する必要がある。,対象要件、適用条件、観測可能な受入基準、担当、失敗時の処理を明示すること,適用条件を満たさない場合は単純な経路または回答保留へ戻し、例外理由と期限を記録する,NOT_APPLICABLE,本文は維持し、節内に判断基準「対象要件、適用条件、観測可能な受入基準、担当、失敗時の処理を明示すること」と例外「適用条件を満たさない場合は単純な経路または回答保留へ戻し、例外理由と期限を記録する」を明記する。経験的な効果保証とは分離し、意味を保存して再形式化する。,,,,,INCONCLUSIVE,NOT_APPLICABLE_UNPROVED,,,codex-independent-wave4,2026-08-15,INDEPENDENT_REVIEW_COMPLETE,PARTIAL_CANDIDATE_SOURCE_ONLY,FAIL_NO_DIRECT_LOCATOR,FAIL_UNFORMALIZED,HYPOTHESIS,PASS_LOCAL_DESIGN_POLICY,PASS_AS_DISCLOSED_NORMATIVE_RULE,PASS_AFTER_EXPLICIT_CRITERIA_AND_EXCEPTION,FAIL_UNFORMALIZED
SENT-0856,52bebecfb2a435d0e7ff2efea557c5799674ded6,チャンクには、再構築後も由来を追跡できるIDが必要です。,本ガイドでは、チャンクにを「再構築後も由来を追跡できるIDが必要」として用います。,UNFORMALIZED,UNFORMALIZED,general_technical_claim,必要;できる,3.4.5 (docs/3.回答に使う資料を準備する/3.4.Chunking設計.md:125),SRC-002;SRC-005;SRC-009;SRC-010;SRC-011,NOT_APPLICABLE_LOCAL_NORM,DEFINITION_OR_SPEC,,,,APPROPRIATE_NORMATIVE,権威性=候補一次資料のみ; 直接性=locator未確認; 網羅性=未支持atom=none-explicit; 主張極性=DEFINITION_OR_SPECとして再分類; スコープ=PASS_AFTER_LOCAL_GUIDE_SCOPE; モダリティ=PASS_AFTER_DEFINITION_QUALIFIER; 教材妥当性=PASS_AFTER_LOCAL_DEFINITION_QUALIFIER; 形式化妥当性=FAIL_UNFORMALIZED。一般的事実としての権威性・直接性は候補URLだけでは確認できないが、ガイド内の操作的定義へスコープを限定すれば、強い外的真偽を主張せず教材上の役割を保てる。形式面ではFAIL_UNFORMALIZEDが残る。,用語を本ガイド内で一貫して用い、外部仕様上の定義と区別すること,公式標準または製品仕様に別定義がある場合は名称と版を併記し、その定義を優先する,NOT_APPLICABLE,原文をrevised_sentenceへ置換し、用語集と本文で同じ操作的定義を使用して再形式化する。,,,,,INCONCLUSIVE,NOT_APPLICABLE_UNPROVED,,,codex-independent-wave4,2026-08-15,INDEPENDENT_REVIEW_COMPLETE,PARTIAL_CANDIDATE_SOURCE_ONLY,FAIL_NO_DIRECT_LOCATOR,FAIL_UNFORMALIZED,DEFINITION_OR_SPEC,PASS_AFTER_LOCAL_GUIDE_SCOPE,PASS_AFTER_DEFINITION_QUALIFIER,PASS_AFTER_LOCAL_DEFINITION_QUALIFIER,FAIL_UNFORMALIZED
SENT-0873,52bebecfb2a435d0e7ff2efea557c5799674ded6,このため、検索だけを改善しても、LLMへ渡す単位が大きすぎれば最終回答が改善するとは限りません。,このため、検索だけを改善しても、LLMへ渡す単位が大きすぎれば最終回答が改善するとは限りません。,"NOT(AND(AND(ATOM(retrieval=true), ATOM(generation=true)), ATOM(empirical_result=true)))",NOT,empirical_or_research_claim,ません,3.4.6 (docs/3.回答に使う資料を準備する/3.4.Chunking設計.md:150),SRC-031;SRC-035,NOT_APPLICABLE_LOCAL_NORM,HYPOTHESIS,empirical_result=true;generation=true;retrieval=true,,NOT,APPROPRIATE_NORMATIVE,権威性=候補一次資料のみ; 直接性=locator未確認; 網羅性=関係NOT自体の根拠未確認; 主張極性=HYPOTHESISとして再分類; スコープ=PASS_LOCAL_DESIGN_POLICY; モダリティ=PASS_AS_DISCLOSED_NORMATIVE_RULE; 教材妥当性=PASS_AFTER_EXPLICIT_CRITERIA_AND_EXCEPTION; 形式化妥当性=FAIL_RELATION_NOT。「このため、検索だけを改善しても、LLMへ渡す単位が大きすぎれば最終回答が改善するとは限りません。」は外的真偽の断定ではなく、対象・処理・判断を特定した設計・運用上の選択規則として読める。ただし候補資料(SRC-031;SRC-035)はURL単位で、直接locatorは未確認。規範の判断基準と例外を明示すれば教材として採用できる。形式面ではFAIL_RELATION_NOTを別途解消する必要がある。,禁止対象、禁止理由、代替経路を明示し、安全性・再現性・追跡性のいずれを守る規則か検査できること,禁止理由を満たす別の統制が同等以上の証拠で確認できる場合のみ例外とし、理由と期限を記録する,NOT_APPLICABLE,本文は維持し、節内に判断基準「禁止対象、禁止理由、代替経路を明示し、安全性・再現性・追跡性のいずれを守る規則か検査できること」と例外「禁止理由を満たす別の統制が同等以上の証拠で確認できる場合のみ例外とし、理由と期限を記録する」を明記する。経験的な効果保証とは分離し、意味を保存して再形式化する。,,,,,INCONCLUSIVE,NOT_APPLICABLE_UNPROVED,,,codex-independent-wave4,2026-08-15,INDEPENDENT_REVIEW_COMPLETE,PARTIAL_CANDIDATE_SOURCE_ONLY,FAIL_NO_DIRECT_LOCATOR,FAIL_RELATION_NOT,HYPOTHESIS,PASS_LOCAL_DESIGN_POLICY,PASS_AS_DISCLOSED_NORMATIVE_RULE,PASS_AFTER_EXPLICIT_CRITERIA_AND_EXCEPTION,FAIL_RELATION_NOT
SENT-0877,52bebecfb2a435d0e7ff2efea557c5799674ded6,平均チャンク長だけでは、分割の失敗を診断できません。,本ガイドの基本構成では、平均チャンク長だけでは、分割の失敗を診断できません。,NOT(ATOM(evaluation=true)),NOT,general_technical_claim,ません,3.4.6 (docs/3.回答に使う資料を準備する/3.4.Chunking設計.md:156),SRC-035,UNVERIFIED_CANDIDATE_URL_ONLY,BACKGROUND_CITATION,evaluation=true,,NOT,REWRITE_REQUIRED,権威性=候補一次資料のみ; 直接性=locator未確認; 網羅性=関係NOT自体の根拠未確認; 主張極性=BACKGROUND_CITATIONとして再分類; スコープ=PASS_AFTER_TEST_SCOPE_QUALIFICATION; モダリティ=PASS_AFTER_HYPOTHESIS_QUALIFIER; 教材妥当性=PASS_AS_EXPLICIT_TESTABLE_HYPOTHESIS; 形式化妥当性=FAIL_RELATION_NOT。「平均チャンク長だけでは、分割の失敗を診断できません。」は候補資料(SRC-035)に直接locatorがなく、一般的事実としてはFAIL_RELATION_NOTが残る。原文の対象と作用を維持したまま、本ガイドの構成または対象データでの検証へスコープを限定すれば教材上の検討事項を保持できる。,,,UNVERIFIED,原文をrevised_sentenceへ置換し、対象データ、比較条件、観測指標、合否閾値を同じ節に追記する。検証後に限り事実表現へ戻し、意味を保存して再形式化する。,,,,,INCONCLUSIVE,NOT_APPLICABLE_UNPROVED,,,codex-independent-wave4,2026-08-15,INDEPENDENT_REVIEW_COMPLETE,PARTIAL_CANDIDATE_SOURCE_ONLY,FAIL_NO_DIRECT_LOCATOR,FAIL_RELATION_NOT,BACKGROUND_CITATION,PASS_AFTER_TEST_SCOPE_QUALIFICATION,PASS_AFTER_HYPOTHESIS_QUALIFIER,PASS_AS_EXPLICIT_TESTABLE_HYPOTHESIS,FAIL_RELATION_NOT
SENT-0884,52bebecfb2a435d0e7ff2efea557c5799674ded6,チャンクから元ページと引用範囲へ戻れません。,本ガイドの基本構成では、チャンクから元ページと引用範囲へ戻れません。,NOT(ATOM(citation=true)),NOT,general_technical_claim,ません,3.4.6 (docs/3.回答に使う資料を準備する/3.4.Chunking設計.md:164),SRC-022;SRC-037,UNVERIFIED_CANDIDATE_URL_ONLY,BACKGROUND_CITATION,citation=true,,NOT,REWRITE_REQUIRED,権威性=候補一次資料のみ; 直接性=locator未確認; 網羅性=関係NOT自体の根拠未確認; 主張極性=BACKGROUND_CITATIONとして再分類; スコープ=PASS_AFTER_TEST_SCOPE_QUALIFICATION; モダリティ=PASS_AFTER_HYPOTHESIS_QUALIFIER; 教材妥当性=PASS_AS_EXPLICIT_TESTABLE_HYPOTHESIS; 形式化妥当性=FAIL_RELATION_NOT。「チャンクから元ページと引用範囲へ戻れません。」は候補資料(SRC-022;SRC-037)に直接locatorがなく、一般的事実としてはFAIL_RELATION_NOTが残る。原文の対象と作用を維持したまま、本ガイドの構成または対象データでの検証へスコープを限定すれば教材上の検討事項を保持できる。,,,UNVERIFIED,原文をrevised_sentenceへ置換し、対象データ、比較条件、観測指標、合否閾値を同じ節に追記する。検証後に限り事実表現へ戻し、意味を保存して再形式化する。,,,,,INCONCLUSIVE,NOT_APPLICABLE_UNPROVED,,,codex-independent-wave4,2026-08-15,INDEPENDENT_REVIEW_COMPLETE,PARTIAL_CANDIDATE_SOURCE_ONLY,FAIL_NO_DIRECT_LOCATOR,FAIL_RELATION_NOT,BACKGROUND_CITATION,PASS_AFTER_TEST_SCOPE_QUALIFICATION,PASS_AFTER_HYPOTHESIS_QUALIFIER,PASS_AS_EXPLICIT_TESTABLE_HYPOTHESIS,FAIL_RELATION_NOT
SENT-0898,52bebecfb2a435d0e7ff2efea557c5799674ded6,埋め込みの類似度では、版、有効期間、権威性、権限を判断できません。,本ガイドの基本構成では、埋め込みの類似度では、版、有効期間、権威性、権限を判断できません。,NOT(ATOM(authorization=true)),NOT,general_technical_claim,ません,FILE-INTRO (docs/3.回答に使う資料を準備する/3.5.Metadata・Provenance・ACL設計.md:5),SRC-040;SRC-041,UNVERIFIED_CANDIDATE_URL_ONLY,BACKGROUND_CITATION,authorization=true,,NOT,REWRITE_REQUIRED,権威性=候補一次資料のみ; 直接性=locator未確認; 網羅性=関係NOT自体の根拠未確認; 主張極性=BACKGROUND_CITATIONとして再分類; スコープ=PASS_AFTER_TEST_SCOPE_QUALIFICATION; モダリティ=PASS_AFTER_HYPOTHESIS_QUALIFIER; 教材妥当性=PASS_AS_EXPLICIT_TESTABLE_HYPOTHESIS; 形式化妥当性=FAIL_RELATION_NOT。「埋め込みの類似度では、版、有効期間、権威性、権限を判断できません。」は候補資料(SRC-040;SRC-041)に直接locatorがなく、一般的事実としてはFAIL_RELATION_NOTが残る。原文の対象と作用を維持したまま、本ガイドの構成または対象データでの検証へスコープを限定すれば教材上の検討事項を保持できる。,,,UNVERIFIED,原文をrevised_sentenceへ置換し、対象データ、比較条件、観測指標、合否閾値を同じ節に追記する。検証後に限り事実表現へ戻し、意味を保存して再形式化する。,,,,,INCONCLUSIVE,NOT_APPLICABLE_UNPROVED,,,codex-independent-wave4,2026-08-15,INDEPENDENT_REVIEW_COMPLETE,PARTIAL_CANDIDATE_SOURCE_ONLY,FAIL_NO_DIRECT_LOCATOR,FAIL_RELATION_NOT,BACKGROUND_CITATION,PASS_AFTER_TEST_SCOPE_QUALIFICATION,PASS_AFTER_HYPOTHESIS_QUALIFIER,PASS_AS_EXPLICIT_TESTABLE_HYPOTHESIS,FAIL_RELATION_NOT
SENT-0908,52bebecfb2a435d0e7ff2efea557c5799674ded6,一つの値だけを主キーにせず、情報源、文書、文書版、チャンクを別々に識別します。,一つの値だけを主キーにせず、情報源、文書、文書版、チャンクを別々に識別します。,UNFORMALIZED,UNFORMALIZED,general_technical_claim,UNCLASSIFIED,3.5.1 (docs/3.回答に使う資料を準備する/3.5.Metadata・Provenance・ACL設計.md:21),SRC-002;SRC-005;SRC-009;SRC-010;SRC-011,NOT_APPLICABLE_LOCAL_NORM,HYPOTHESIS,,,,APPROPRIATE_NORMATIVE,権威性=候補一次資料のみ; 直接性=locator未確認; 網羅性=未支持atom=none-explicit; 主張極性=HYPOTHESISとして再分類; スコープ=PASS_LOCAL_DESIGN_POLICY; モダリティ=PASS_AS_DISCLOSED_NORMATIVE_RULE; 教材妥当性=PASS_AFTER_EXPLICIT_CRITERIA_AND_EXCEPTION; 形式化妥当性=FAIL_UNFORMALIZED。「一つの値だけを主キーにせず、情報源、文書、文書版、チャンクを別々に識別します。」は外的真偽の断定ではなく、対象・処理・判断を特定した設計・運用上の選択規則として読める。ただし候補資料(SRC-002;SRC-005;SRC-009;SRC-010;SRC-011)はURL単位で、直接locatorは未確認。規範の判断基準と例外を明示すれば教材として採用できる。形式面ではFAIL_UNFORMALIZEDを別途解消する必要がある。,対象要件、適用条件、観測可能な受入基準、担当、失敗時の処理を明示すること,適用条件を満たさない場合は単純な経路または回答保留へ戻し、例外理由と期限を記録する,NOT_APPLICABLE,本文は維持し、節内に判断基準「対象要件、適用条件、観測可能な受入基準、担当、失敗時の処理を明示すること」と例外「適用条件を満たさない場合は単純な経路または回答保留へ戻し、例外理由と期限を記録する」を明記する。経験的な効果保証とは分離し、意味を保存して再形式化する。,,,,,INCONCLUSIVE,NOT_APPLICABLE_UNPROVED,,,codex-independent-wave4,2026-08-15,INDEPENDENT_REVIEW_COMPLETE,PARTIAL_CANDIDATE_SOURCE_ONLY,FAIL_NO_DIRECT_LOCATOR,FAIL_UNFORMALIZED,HYPOTHESIS,PASS_LOCAL_DESIGN_POLICY,PASS_AS_DISCLOSED_NORMATIVE_RULE,PASS_AFTER_EXPLICIT_CRITERIA_AND_EXCEPTION,FAIL_UNFORMALIZED
SENT-0965,52bebecfb2a435d0e7ff2efea557c5799674ded6,ただし、添付ファイル、コメント、埋め込みオブジェクト、外部リンクは、親文書と別の権限を持つ場合があります。,ただし、添付ファイル、コメント、埋め込みオブジェクト、外部リンクは、親文書と別の権限を持つ場合を想定し、その発生条件と影響を対象データで確認します。,UNFORMALIZED,UNFORMALIZED,general_technical_claim,場合があります,3.5.4 (docs/3.回答に使う資料を準備する/3.5.Metadata・Provenance・ACL設計.md:106),SRC-002;SRC-005;SRC-009;SRC-010;SRC-011,UNVERIFIED_CANDIDATE_URL_ONLY,BACKGROUND_CITATION,,,,REWRITE_REQUIRED,権威性=候補一次資料のみ; 直接性=locator未確認; 網羅性=未支持atom=none-explicit; 主張極性=BACKGROUND_CITATIONとして再分類; スコープ=PASS_AFTER_TEST_SCOPE_QUALIFICATION; モダリティ=PASS_AFTER_HYPOTHESIS_QUALIFIER; 教材妥当性=PASS_AS_EXPLICIT_TESTABLE_HYPOTHESIS; 形式化妥当性=FAIL_UNFORMALIZED。「ただし、添付ファイル、コメント、埋め込みオブジェクト、外部リンクは、親文書と別の権限を持つ場合があります。」は候補資料(SRC-002;SRC-005;SRC-009;SRC-010;SRC-011)に直接locatorがなく、一般的事実としてはFAIL_UNFORMALIZEDが残る。原文の対象と作用を維持したまま、本ガイドの構成または対象データでの検証へスコープを限定すれば教材上の検討事項を保持できる。,,,UNVERIFIED,原文をrevised_sentenceへ置換し、対象データ、比較条件、観測指標、合否閾値を同じ節に追記する。検証後に限り事実表現へ戻し、意味を保存して再形式化する。,,,,,INCONCLUSIVE,NOT_APPLICABLE_UNPROVED,,,codex-independent-wave4,2026-08-15,INDEPENDENT_REVIEW_COMPLETE,PARTIAL_CANDIDATE_SOURCE_ONLY,FAIL_NO_DIRECT_LOCATOR,FAIL_UNFORMALIZED,BACKGROUND_CITATION,PASS_AFTER_TEST_SCOPE_QUALIFICATION,PASS_AFTER_HYPOTHESIS_QUALIFIER,PASS_AS_EXPLICIT_TESTABLE_HYPOTHESIS,FAIL_UNFORMALIZED
SENT-0971,52bebecfb2a435d0e7ff2efea557c5799674ded6,文書から生成したチャンク件数とACL件数を照合します。,文書から生成したチャンク件数とACL件数を照合します。,"AND(AND(ATOM(generation=true), ATOM(verification=true)), ATOM(authorization=true))",AND,general_technical_claim,UNCLASSIFIED,3.5.4 (docs/3.回答に使う資料を準備する/3.5.Metadata・Provenance・ACL設計.md:114),SRC-040;SRC-041,NOT_APPLICABLE_LOCAL_NORM,HYPOTHESIS,authorization=true,generation=true;verification=true,,APPROPRIATE_NORMATIVE,権威性=候補一次資料のみ; 直接性=locator未確認; 網羅性=未支持atom=generation=true;verification=true; 主張極性=HYPOTHESISとして再分類; スコープ=PASS_LOCAL_DESIGN_POLICY; モダリティ=PASS_AS_DISCLOSED_NORMATIVE_RULE; 教材妥当性=PASS_AFTER_EXPLICIT_CRITERIA_AND_EXCEPTION; 形式化妥当性=FAIL_UNSUPPORTED_ATOMS:generation=true;verification=true。「文書から生成したチャンク件数とACL件数を照合します。」は外的真偽の断定ではなく、対象・処理・判断を特定した設計・運用上の選択規則として読める。ただし候補資料(SRC-040;SRC-041)はURL単位で、直接locatorは未確認。規範の判断基準と例外を明示すれば教材として採用できる。形式面ではFAIL_UNSUPPORTED_ATOMS:generation=true;verification=trueを別途解消する必要がある。,最小権限を維持し、認可前後の候補、拒否理由、漏えい試験を観測可能にすること,法令・契約・組織方針がより厳しい場合はその基準を優先し、緊急例外も期限と事後監査を必須とする,NOT_APPLICABLE,本文は維持し、節内に判断基準「最小権限を維持し、認可前後の候補、拒否理由、漏えい試験を観測可能にすること」と例外「法令・契約・組織方針がより厳しい場合はその基準を優先し、緊急例外も期限と事後監査を必須とする」を明記する。経験的な効果保証とは分離し、意味を保存して再形式化する。,,,,,INCONCLUSIVE,NOT_APPLICABLE_UNPROVED,,,codex-independent-wave4,2026-08-15,INDEPENDENT_REVIEW_COMPLETE,PARTIAL_CANDIDATE_SOURCE_ONLY,FAIL_NO_DIRECT_LOCATOR,FAIL_UNSUPPORTED_ATOMS:generation=true;verification=true,HYPOTHESIS,PASS_LOCAL_DESIGN_POLICY,PASS_AS_DISCLOSED_NORMATIVE_RULE,PASS_AFTER_EXPLICIT_CRITERIA_AND_EXCEPTION,FAIL_UNSUPPORTED_ATOMS:generation=true;verification=true
SENT-0981,52bebecfb2a435d0e7ff2efea557c5799674ded6,フィルターによってANN再現率が低下してもACLを緩めず、候補数の拡大、条件対応の検索、テナント別分割など、検索側で対処します。,本ガイドの基本構成では、フィルターによってANN再現率が低下してもACLを緩めず、候補数の拡大、条件対応の検索、テナント別分割など、検索側で対処します。,"AND(AND(AND(ATOM(retrieval=true), ATOM(recall_metric=true)), ATOM(authorization=true)), ATOM(multi_tenant=true))",AND,general_technical_claim,UNCLASSIFIED,3.5.4 (docs/3.回答に使う資料を準備する/3.5.Metadata・Provenance・ACL設計.md:127),SRC-041;SRC-040,UNVERIFIED_CANDIDATE_URL_ONLY,BACKGROUND_CITATION,authorization=true;retrieval=true,multi_tenant=true;recall_metric=true,,REWRITE_REQUIRED,権威性=候補一次資料のみ; 直接性=locator未確認; 網羅性=未支持atom=multi_tenant=true;recall_metric=true; 主張極性=BACKGROUND_CITATIONとして再分類; スコープ=PASS_AFTER_TEST_SCOPE_QUALIFICATION; モダリティ=PASS_AFTER_HYPOTHESIS_QUALIFIER; 教材妥当性=PASS_AS_EXPLICIT_TESTABLE_HYPOTHESIS; 形式化妥当性=FAIL_UNSUPPORTED_ATOMS:multi_tenant=true;recall_metric=true。「フィルターによってANN再現率が低下してもACLを緩めず、候補数の拡大、条件対応の検索、テナント別分割など、検索側で対処します。」は候補資料(SRC-041;SRC-040)に直接locatorがなく、一般的事実としてはFAIL_UNSUPPORTED_ATOMS:multi_tenant=true;recall_metric=trueが残る。原文の対象と作用を維持したまま、本ガイドの構成または対象データでの検証へスコープを限定すれば教材上の検討事項を保持できる。,,,UNVERIFIED,原文をrevised_sentenceへ置換し、対象データ、比較条件、観測指標、合否閾値を同じ節に追記する。検証後に限り事実表現へ戻し、意味を保存して再形式化する。,,,,,INCONCLUSIVE,NOT_APPLICABLE_UNPROVED,,,codex-independent-wave4,2026-08-15,INDEPENDENT_REVIEW_COMPLETE,PARTIAL_CANDIDATE_SOURCE_ONLY,FAIL_NO_DIRECT_LOCATOR,FAIL_UNSUPPORTED_ATOMS:multi_tenant=true;recall_metric=true,BACKGROUND_CITATION,PASS_AFTER_TEST_SCOPE_QUALIFICATION,PASS_AFTER_HYPOTHESIS_QUALIFIER,PASS_AS_EXPLICIT_TESTABLE_HYPOTHESIS,FAIL_UNSUPPORTED_ATOMS:multi_tenant=true;recall_metric=true
SENT-0989,52bebecfb2a435d0e7ff2efea557c5799674ded6,ベクトルストアごとに、メタデータのキー数、値の大きさ、型、配列、フィルター演算子の制約があります。,本ガイドの基本構成では、ベクトルストアごとに、メタデータのキー数、値の大きさ、型、配列、フィルター演算子の制約があります。,UNFORMALIZED,UNFORMALIZED,general_technical_claim,UNCLASSIFIED,3.5.5 (docs/3.回答に使う資料を準備する/3.5.Metadata・Provenance・ACL設計.md:141),SRC-002;SRC-005;SRC-009;SRC-010;SRC-011,UNVERIFIED_CANDIDATE_URL_ONLY,BACKGROUND_CITATION,,,,REWRITE_REQUIRED,権威性=候補一次資料のみ; 直接性=locator未確認; 網羅性=未支持atom=none-explicit; 主張極性=BACKGROUND_CITATIONとして再分類; スコープ=PASS_AFTER_TEST_SCOPE_QUALIFICATION; モダリティ=PASS_AFTER_HYPOTHESIS_QUALIFIER; 教材妥当性=PASS_AS_EXPLICIT_TESTABLE_HYPOTHESIS; 形式化妥当性=FAIL_UNFORMALIZED。「ベクトルストアごとに、メタデータのキー数、値の大きさ、型、配列、フィルター演算子の制約があります。」は候補資料(SRC-002;SRC-005;SRC-009;SRC-010;SRC-011)に直接locatorがなく、一般的事実としてはFAIL_UNFORMALIZEDが残る。原文の対象と作用を維持したまま、本ガイドの構成または対象データでの検証へスコープを限定すれば教材上の検討事項を保持できる。,,,UNVERIFIED,原文をrevised_sentenceへ置換し、対象データ、比較条件、観測指標、合否閾値を同じ節に追記する。検証後に限り事実表現へ戻し、意味を保存して再形式化する。,,,,,INCONCLUSIVE,NOT_APPLICABLE_UNPROVED,,,codex-independent-wave4,2026-08-15,INDEPENDENT_REVIEW_COMPLETE,PARTIAL_CANDIDATE_SOURCE_ONLY,FAIL_NO_DIRECT_LOCATOR,FAIL_UNFORMALIZED,BACKGROUND_CITATION,PASS_AFTER_TEST_SCOPE_QUALIFICATION,PASS_AFTER_HYPOTHESIS_QUALIFIER,PASS_AS_EXPLICIT_TESTABLE_HYPOTHESIS,FAIL_UNFORMALIZED
SENT-0990,52bebecfb2a435d0e7ff2efea557c5799674ded6,メタデータスキーマへ版を付け、旧チャンクの移行方法を定めます。,メタデータスキーマへ版を付け、旧チャンクの移行方法を定めます。,UNFORMALIZED,UNFORMALIZED,general_technical_claim,UNCLASSIFIED,3.5.5 (docs/3.回答に使う資料を準備する/3.5.Metadata・Provenance・ACL設計.md:142),SRC-002;SRC-005;SRC-009;SRC-010;SRC-011,NOT_APPLICABLE_LOCAL_NORM,HYPOTHESIS,,,,APPROPRIATE_NORMATIVE,権威性=候補一次資料のみ; 直接性=locator未確認; 網羅性=未支持atom=none-explicit; 主張極性=HYPOTHESISとして再分類; スコープ=PASS_LOCAL_DESIGN_POLICY; モダリティ=PASS_AS_DISCLOSED_NORMATIVE_RULE; 教材妥当性=PASS_AFTER_EXPLICIT_CRITERIA_AND_EXCEPTION; 形式化妥当性=FAIL_UNFORMALIZED。「メタデータスキーマへ版を付け、旧チャンクの移行方法を定めます。」は外的真偽の断定ではなく、対象・処理・判断を特定した設計・運用上の選択規則として読める。ただし候補資料(SRC-002;SRC-005;SRC-009;SRC-010;SRC-011)はURL単位で、直接locatorは未確認。規範の判断基準と例外を明示すれば教材として採用できる。形式面ではFAIL_UNFORMALIZEDを別途解消する必要がある。,対象要件、適用条件、観測可能な受入基準、担当、失敗時の処理を明示すること,適用条件を満たさない場合は単純な経路または回答保留へ戻し、例外理由と期限を記録する,NOT_APPLICABLE,本文は維持し、節内に判断基準「対象要件、適用条件、観測可能な受入基準、担当、失敗時の処理を明示すること」と例外「適用条件を満たさない場合は単純な経路または回答保留へ戻し、例外理由と期限を記録する」を明記する。経験的な効果保証とは分離し、意味を保存して再形式化する。,,,,,INCONCLUSIVE,NOT_APPLICABLE_UNPROVED,,,codex-independent-wave4,2026-08-15,INDEPENDENT_REVIEW_COMPLETE,PARTIAL_CANDIDATE_SOURCE_ONLY,FAIL_NO_DIRECT_LOCATOR,FAIL_UNFORMALIZED,HYPOTHESIS,PASS_LOCAL_DESIGN_POLICY,PASS_AS_DISCLOSED_NORMATIVE_RULE,PASS_AFTER_EXPLICIT_CRITERIA_AND_EXCEPTION,FAIL_UNFORMALIZED
SENT-1020,52bebecfb2a435d0e7ff2efea557c5799674ded6,埋め込み（embedding）は、テキストを固定長の数値ベクトルへ写す処理です。,本ガイドでは、埋め込み（embedding）を「テキストを固定長の数値ベクトルへ写す処理」として用います。,UNFORMALIZED,UNFORMALIZED,general_technical_claim,UNCLASSIFIED,3.6.1 (docs/3.回答に使う資料を準備する/3.6.Embedding設計.md:8),SRC-002;SRC-005;SRC-009;SRC-010;SRC-011,NOT_APPLICABLE_LOCAL_NORM,DEFINITION_OR_SPEC,,,,APPROPRIATE_NORMATIVE,権威性=候補一次資料のみ; 直接性=locator未確認; 網羅性=未支持atom=none-explicit; 主張極性=DEFINITION_OR_SPECとして再分類; スコープ=PASS_AFTER_LOCAL_GUIDE_SCOPE; モダリティ=PASS_AFTER_DEFINITION_QUALIFIER; 教材妥当性=PASS_AFTER_LOCAL_DEFINITION_QUALIFIER; 形式化妥当性=FAIL_UNFORMALIZED。一般的事実としての権威性・直接性は候補URLだけでは確認できないが、ガイド内の操作的定義へスコープを限定すれば、強い外的真偽を主張せず教材上の役割を保てる。形式面ではFAIL_UNFORMALIZEDが残る。,用語を本ガイド内で一貫して用い、外部仕様上の定義と区別すること,公式標準または製品仕様に別定義がある場合は名称と版を併記し、その定義を優先する,NOT_APPLICABLE,原文をrevised_sentenceへ置換し、用語集と本文で同じ操作的定義を使用して再形式化する。,,,,,INCONCLUSIVE,NOT_APPLICABLE_UNPROVED,,,codex-independent-wave4,2026-08-15,INDEPENDENT_REVIEW_COMPLETE,PARTIAL_CANDIDATE_SOURCE_ONLY,FAIL_NO_DIRECT_LOCATOR,FAIL_UNFORMALIZED,DEFINITION_OR_SPEC,PASS_AFTER_LOCAL_GUIDE_SCOPE,PASS_AFTER_DEFINITION_QUALIFIER,PASS_AFTER_LOCAL_DEFINITION_QUALIFIER,FAIL_UNFORMALIZED
SENT-1021,52bebecfb2a435d0e7ff2efea557c5799674ded6,意味や用法が近いテキストは、学習されたベクトル空間でも近くなることが期待されます。,本ガイドの基本構成では、意味や用法が近いテキストは、学習されたベクトル空間でも近くなることが期待されます。,UNFORMALIZED,UNFORMALIZED,general_technical_claim,UNCLASSIFIED,3.6.1 (docs/3.回答に使う資料を準備する/3.6.Embedding設計.md:9),SRC-002;SRC-005;SRC-009;SRC-010;SRC-011,UNVERIFIED_CANDIDATE_URL_ONLY,BACKGROUND_CITATION,,,,REWRITE_REQUIRED,権威性=候補一次資料のみ; 直接性=locator未確認; 網羅性=未支持atom=none-explicit; 主張極性=BACKGROUND_CITATIONとして再分類; スコープ=PASS_AFTER_TEST_SCOPE_QUALIFICATION; モダリティ=PASS_AFTER_HYPOTHESIS_QUALIFIER; 教材妥当性=PASS_AS_EXPLICIT_TESTABLE_HYPOTHESIS; 形式化妥当性=FAIL_UNFORMALIZED。「意味や用法が近いテキストは、学習されたベクトル空間でも近くなることが期待されます。」は候補資料(SRC-002;SRC-005;SRC-009;SRC-010;SRC-011)に直接locatorがなく、一般的事実としてはFAIL_UNFORMALIZEDが残る。原文の対象と作用を維持したまま、本ガイドの構成または対象データでの検証へスコープを限定すれば教材上の検討事項を保持できる。,,,UNVERIFIED,原文をrevised_sentenceへ置換し、対象データ、比較条件、観測指標、合否閾値を同じ節に追記する。検証後に限り事実表現へ戻し、意味を保存して再形式化する。,,,,,INCONCLUSIVE,NOT_APPLICABLE_UNPROVED,,,codex-independent-wave4,2026-08-15,INDEPENDENT_REVIEW_COMPLETE,PARTIAL_CANDIDATE_SOURCE_ONLY,FAIL_NO_DIRECT_LOCATOR,FAIL_UNFORMALIZED,BACKGROUND_CITATION,PASS_AFTER_TEST_SCOPE_QUALIFICATION,PASS_AFTER_HYPOTHESIS_QUALIFIER,PASS_AS_EXPLICIT_TESTABLE_HYPOTHESIS,FAIL_UNFORMALIZED
SENT-1025,52bebecfb2a435d0e7ff2efea557c5799674ded6,ベクトルの近さは、学習された表現上の類似度です。,本ガイドでは、ベクトルの近さを「学習された表現上の類似度」として用います。,UNFORMALIZED,UNFORMALIZED,general_technical_claim,UNCLASSIFIED,3.6.1 (docs/3.回答に使う資料を準備する/3.6.Embedding設計.md:15),SRC-002;SRC-005;SRC-009;SRC-010;SRC-011,NOT_APPLICABLE_LOCAL_NORM,DEFINITION_OR_SPEC,,,,APPROPRIATE_NORMATIVE,権威性=候補一次資料のみ; 直接性=locator未確認; 網羅性=未支持atom=none-explicit; 主張極性=DEFINITION_OR_SPECとして再分類; スコープ=PASS_AFTER_LOCAL_GUIDE_SCOPE; モダリティ=PASS_AFTER_DEFINITION_QUALIFIER; 教材妥当性=PASS_AFTER_LOCAL_DEFINITION_QUALIFIER; 形式化妥当性=FAIL_UNFORMALIZED。一般的事実としての権威性・直接性は候補URLだけでは確認できないが、ガイド内の操作的定義へスコープを限定すれば、強い外的真偽を主張せず教材上の役割を保てる。形式面ではFAIL_UNFORMALIZEDが残る。,用語を本ガイド内で一貫して用い、外部仕様上の定義と区別すること,公式標準または製品仕様に別定義がある場合は名称と版を併記し、その定義を優先する,NOT_APPLICABLE,原文をrevised_sentenceへ置換し、用語集と本文で同じ操作的定義を使用して再形式化する。,,,,,INCONCLUSIVE,NOT_APPLICABLE_UNPROVED,,,codex-independent-wave4,2026-08-15,INDEPENDENT_REVIEW_COMPLETE,PARTIAL_CANDIDATE_SOURCE_ONLY,FAIL_NO_DIRECT_LOCATOR,FAIL_UNFORMALIZED,DEFINITION_OR_SPEC,PASS_AFTER_LOCAL_GUIDE_SCOPE,PASS_AFTER_DEFINITION_QUALIFIER,PASS_AFTER_LOCAL_DEFINITION_QUALIFIER,FAIL_UNFORMALIZED
SENT-1028,52bebecfb2a435d0e7ff2efea557c5799674ded6,図3-3は、左側で文章をベクトルへ変換し、右側で質問に近い文書を候補として選ぶ流れを示します。,本ガイドの基本構成では、図3-3は、左側で文章をベクトルへ変換し、右側で質問に近い文書を候補として選ぶ流れを示します。,UNFORMALIZED,UNFORMALIZED,general_technical_claim,UNCLASSIFIED,3.6.1 (docs/3.回答に使う資料を準備する/3.6.Embedding設計.md:19),SRC-002;SRC-005;SRC-009;SRC-010;SRC-011,UNVERIFIED_CANDIDATE_URL_ONLY,BACKGROUND_CITATION,,,,REWRITE_REQUIRED,権威性=候補一次資料のみ; 直接性=locator未確認; 網羅性=未支持atom=none-explicit; 主張極性=BACKGROUND_CITATIONとして再分類; スコープ=PASS_AFTER_TEST_SCOPE_QUALIFICATION; モダリティ=PASS_AFTER_HYPOTHESIS_QUALIFIER; 教材妥当性=PASS_AS_EXPLICIT_TESTABLE_HYPOTHESIS; 形式化妥当性=FAIL_UNFORMALIZED。「図3-3は、左側で文章をベクトルへ変換し、右側で質問に近い文書を候補として選ぶ流れを示します。」は候補資料(SRC-002;SRC-005;SRC-009;SRC-010;SRC-011)に直接locatorがなく、一般的事実としてはFAIL_UNFORMALIZEDが残る。原文の対象と作用を維持したまま、本ガイドの構成または対象データでの検証へスコープを限定すれば教材上の検討事項を保持できる。,,,UNVERIFIED,原文をrevised_sentenceへ置換し、対象データ、比較条件、観測指標、合否閾値を同じ節に追記する。検証後に限り事実表現へ戻し、意味を保存して再形式化する。,,,,,INCONCLUSIVE,NOT_APPLICABLE_UNPROVED,,,codex-independent-wave4,2026-08-15,INDEPENDENT_REVIEW_COMPLETE,PARTIAL_CANDIDATE_SOURCE_ONLY,FAIL_NO_DIRECT_LOCATOR,FAIL_UNFORMALIZED,BACKGROUND_CITATION,PASS_AFTER_TEST_SCOPE_QUALIFICATION,PASS_AFTER_HYPOTHESIS_QUALIFIER,PASS_AS_EXPLICIT_TESTABLE_HYPOTHESIS,FAIL_UNFORMALIZED
SENT-1031,52bebecfb2a435d0e7ff2efea557c5799674ded6,埋め込みは文章をベクトル空間へ写し、ベクトル間の距離を近さの指標として使います。,本ガイドの基本構成では、埋め込みは文章をベクトル空間へ写し、ベクトル間の距離を近さの指標として使います。,UNFORMALIZED,UNFORMALIZED,general_technical_claim,UNCLASSIFIED,3.6.1 (docs/3.回答に使う資料を準備する/3.6.Embedding設計.md:22),SRC-002;SRC-005;SRC-009;SRC-010;SRC-011,UNVERIFIED_CANDIDATE_URL_ONLY,BACKGROUND_CITATION,,,,REWRITE_REQUIRED,権威性=候補一次資料のみ; 直接性=locator未確認; 網羅性=未支持atom=none-explicit; 主張極性=BACKGROUND_CITATIONとして再分類; スコープ=PASS_AFTER_TEST_SCOPE_QUALIFICATION; モダリティ=PASS_AFTER_HYPOTHESIS_QUALIFIER; 教材妥当性=PASS_AS_EXPLICIT_TESTABLE_HYPOTHESIS; 形式化妥当性=FAIL_UNFORMALIZED。「埋め込みは文章をベクトル空間へ写し、ベクトル間の距離を近さの指標として使います。」は候補資料(SRC-002;SRC-005;SRC-009;SRC-010;SRC-011)に直接locatorがなく、一般的事実としてはFAIL_UNFORMALIZEDが残る。原文の対象と作用を維持したまま、本ガイドの構成または対象データでの検証へスコープを限定すれば教材上の検討事項を保持できる。,,,UNVERIFIED,原文をrevised_sentenceへ置換し、対象データ、比較条件、観測指標、合否閾値を同じ節に追記する。検証後に限り事実表現へ戻し、意味を保存して再形式化する。,,,,,INCONCLUSIVE,NOT_APPLICABLE_UNPROVED,,,codex-independent-wave4,2026-08-15,INDEPENDENT_REVIEW_COMPLETE,PARTIAL_CANDIDATE_SOURCE_ONLY,FAIL_NO_DIRECT_LOCATOR,FAIL_UNFORMALIZED,BACKGROUND_CITATION,PASS_AFTER_TEST_SCOPE_QUALIFICATION,PASS_AFTER_HYPOTHESIS_QUALIFIER,PASS_AS_EXPLICIT_TESTABLE_HYPOTHESIS,FAIL_UNFORMALIZED
SENT-1035,52bebecfb2a435d0e7ff2efea557c5799674ded6,Sentence-BERTは同種のエンコーダーを共有する構成を扱い、DPRは質問と文書用のエンコーダーを質問応答向けに学習しました。,本ガイドの基本構成では、Sentence-BERTは同種のエンコーダーを共有する構成を扱い、DPRは質問と文書用のエンコーダーを質問応答向けに学習しました。,UNFORMALIZED,UNFORMALIZED,concrete_technology_claim,UNCLASSIFIED,3.6.1 (docs/3.回答に使う資料を準備する/3.6.Embedding設計.md:32),SRC-002;SRC-043;SRC-042,UNVERIFIED_CANDIDATE_URL_ONLY,DEFINITION_OR_SPEC,,,,REWRITE_REQUIRED,権威性=候補一次資料のみ; 直接性=locator未確認; 網羅性=未支持atom=none-explicit; 主張極性=DEFINITION_OR_SPECとして再分類; スコープ=PASS_AFTER_CONCRETE_VERSION_OR_EXPERIMENT_SCOPE; モダリティ=PASS_AFTER_CONDITIONAL_OR_REPRODUCTION_WORDING; 教材妥当性=PASS_AFTER_CONCRETE_VERSION_OR_EXPERIMENT_QUALIFIER; 形式化妥当性=FAIL_UNFORMALIZED。「Sentence-BERTは同種のエンコーダーを共有する構成を扱い、DPRは質問と文書用のエンコーダーを質問応答向けに学習しました。」の候補資料(SRC-002;SRC-043;SRC-042)はURL単位で、節・ページ・表・API見出しを独立に確認できていない。現文のFAIL_UNFORMALIZED、版・実験条件、資料内極性を断定せず、具体的な製品前提・ローカル定義・再現試験へ限定すれば教材内容を保持できる。,,,UNVERIFIED,原文をrevised_sentenceの具体文へ置換する。製品文は利用時点のregion/versionを受入条件へ追加し、研究文は同じ指標・比較条件で再現確認する。事実表現へ戻す場合は直接locatorを再監査する。,,,,,INCONCLUSIVE,NOT_APPLICABLE_UNPROVED,,,codex-independent-wave4,2026-08-15,INDEPENDENT_REVIEW_COMPLETE,PARTIAL_CANDIDATE_SOURCE_ONLY,FAIL_NO_DIRECT_LOCATOR,FAIL_UNFORMALIZED,DEFINITION_OR_SPEC,PASS_AFTER_CONCRETE_VERSION_OR_EXPERIMENT_SCOPE,PASS_AFTER_CONDITIONAL_OR_REPRODUCTION_WORDING,PASS_AFTER_CONCRETE_VERSION_OR_EXPERIMENT_QUALIFIER,FAIL_UNFORMALIZED
SENT-1036,52bebecfb2a435d0e7ff2efea557c5799674ded6,DPRでは、同じ一括処理内の別文書を負例にし、BM25が上位にした誤文書を難しい負例として利用しました。,,UNFORMALIZED,UNFORMALIZED,concrete_technology_claim,UNCLASSIFIED,3.6.1 (docs/3.回答に使う資料を準備する/3.6.Embedding設計.md:33),SRC-005;SRC-002;SRC-043,"Karpukhin et al. (2020), PDF §3.2 Positive and negative passages / In-batch negatives, pp.6771-6772; §5.2, p.6775",DEFINITION_OR_SPEC,in_batch_negative=true;bm25_hard_negative=true,,,APPROPRIATE_SUPPORTED,権威性=PASS_PEER_REVIEWED_PRIMARY; 直接性=PASS_DIRECT_SECTION_OR_ABSTRACT_LOCATOR; 網羅性=原文の主体・対象・関係を当該箇所が支持; 主張極性=DEFINITION_OR_SPEC; スコープ=当該benchmark/datasetに限定; モダリティ=資料より強くない; 教材妥当性=研究一覧または評価定義として有用; 形式化妥当性=再生成でprojectionを更新可能。DPR原論文§3.2は、同一mini-batchの別質問に対応するgold passageを負例として再利用し、BM25上位で答え文字列を含まないpassageを負例にする方式を定義している。原文は機構の要約で、実験効果を一般化していない。,,,SOURCE_ASSERTED,本文は維持する。source_locatorとDEFINITION_OR_SPECの極性を台帳へ反映し、当該文の意味命題と関係根拠をsentence projectionへ反映してLean台帳を再生成する。,,,,,INCONCLUSIVE,NOT_APPLICABLE_UNPROVED,,,codex-independent-wave4,2026-08-15,INDEPENDENT_REVIEW_COMPLETE,PASS_PEER_REVIEWED_PRIMARY,PASS_DIRECT_SECTION_OR_ABSTRACT_LOCATOR,PASS_ALL_CLAIM_COMPONENTS,DEFINITION_OR_SPEC,PASS_BENCHMARK_OR_DATASET_SCOPE,PASS_SOURCE_ALIGNED,PASS_PRIMARY_SOURCE_DIRECTLY_CHECKED,PASS_AFTER_PROJECTION_REGENERATION
SENT-1039,52bebecfb2a435d0e7ff2efea557c5799674ded6,その代わり、文書ベクトルを事前計算して大規模検索へ利用できます。,その代わり、文書ベクトルを事前計算して大規模検索へ利用できるかを、対象データと固定した比較条件で検証します。,"AND(ATOM(retrieval=true), ATOM(scalability=true))",AND,general_technical_claim,できます,3.6.1 (docs/3.回答に使う資料を準備する/3.6.Embedding設計.md:37),SRC-042;SRC-043,UNVERIFIED_CANDIDATE_URL_ONLY,BACKGROUND_CITATION,retrieval=true,scalability=true,,REWRITE_REQUIRED,権威性=候補一次資料のみ; 直接性=locator未確認; 網羅性=未支持atom=scalability=true; 主張極性=BACKGROUND_CITATIONとして再分類; スコープ=PASS_AFTER_TEST_SCOPE_QUALIFICATION; モダリティ=PASS_AFTER_HYPOTHESIS_QUALIFIER; 教材妥当性=PASS_AS_EXPLICIT_TESTABLE_HYPOTHESIS; 形式化妥当性=FAIL_UNSUPPORTED_ATOMS:scalability=true。「その代わり、文書ベクトルを事前計算して大規模検索へ利用できます。」は候補資料(SRC-042;SRC-043)に直接locatorがなく、一般的事実としてはFAIL_UNSUPPORTED_ATOMS:scalability=trueが残る。原文の対象と作用を維持したまま、本ガイドの構成または対象データでの検証へスコープを限定すれば教材上の検討事項を保持できる。,,,UNVERIFIED,原文をrevised_sentenceへ置換し、対象データ、比較条件、観測指標、合否閾値を同じ節に追記する。検証後に限り事実表現へ戻し、意味を保存して再形式化する。,,,,,INCONCLUSIVE,NOT_APPLICABLE_UNPROVED,,,codex-independent-wave4,2026-08-15,INDEPENDENT_REVIEW_COMPLETE,PARTIAL_CANDIDATE_SOURCE_ONLY,FAIL_NO_DIRECT_LOCATOR,FAIL_UNSUPPORTED_ATOMS:scalability=true,BACKGROUND_CITATION,PASS_AFTER_TEST_SCOPE_QUALIFICATION,PASS_AFTER_HYPOTHESIS_QUALIFIER,PASS_AS_EXPLICIT_TESTABLE_HYPOTHESIS,FAIL_UNSUPPORTED_ATOMS:scalability=true
SENT-1040,52bebecfb2a435d0e7ff2efea557c5799674ded6,二塔型を第一段階の候補収集へ使い、クロスエンコーダーを少数候補の再順位付けへ使う役割分担が可能です。,本ガイドの基本構成では、二塔型を第一段階の候補収集へ使い、クロスエンコーダーを少数候補の再順位付けへ使う役割分担が可能です。,"AND(ATOM(dual_encoder=true), ATOM(rerank=true))",AND,general_technical_claim,可能,3.6.1 (docs/3.回答に使う資料を準備する/3.6.Embedding設計.md:38),SRC-043,UNVERIFIED_CANDIDATE_URL_ONLY,BACKGROUND_CITATION,dual_encoder=true,rerank=true,,REWRITE_REQUIRED,権威性=候補一次資料のみ; 直接性=locator未確認; 網羅性=未支持atom=rerank=true; 主張極性=BACKGROUND_CITATIONとして再分類; スコープ=PASS_AFTER_TEST_SCOPE_QUALIFICATION; モダリティ=PASS_AFTER_HYPOTHESIS_QUALIFIER; 教材妥当性=PASS_AS_EXPLICIT_TESTABLE_HYPOTHESIS; 形式化妥当性=FAIL_UNSUPPORTED_ATOMS:rerank=true。「二塔型を第一段階の候補収集へ使い、クロスエンコーダーを少数候補の再順位付けへ使う役割分担が可能です。」は候補資料(SRC-043)に直接locatorがなく、一般的事実としてはFAIL_UNSUPPORTED_ATOMS:rerank=trueが残る。原文の対象と作用を維持したまま、本ガイドの構成または対象データでの検証へスコープを限定すれば教材上の検討事項を保持できる。,,,UNVERIFIED,原文をrevised_sentenceへ置換し、対象データ、比較条件、観測指標、合否閾値を同じ節に追記する。検証後に限り事実表現へ戻し、意味を保存して再形式化する。,,,,,INCONCLUSIVE,NOT_APPLICABLE_UNPROVED,,,codex-independent-wave4,2026-08-15,INDEPENDENT_REVIEW_COMPLETE,PARTIAL_CANDIDATE_SOURCE_ONLY,FAIL_NO_DIRECT_LOCATOR,FAIL_UNSUPPORTED_ATOMS:rerank=true,BACKGROUND_CITATION,PASS_AFTER_TEST_SCOPE_QUALIFICATION,PASS_AFTER_HYPOTHESIS_QUALIFIER,PASS_AS_EXPLICIT_TESTABLE_HYPOTHESIS,FAIL_UNSUPPORTED_ATOMS:rerank=true
SENT-1042,52bebecfb2a435d0e7ff2efea557c5799674ded6,同じ「類似度スコア」という名前でも、値の範囲、大小の意味、埋め込みモデルの学習条件が異なります。,本ガイドの基本構成では、同じ「類似度スコア」という名前でも、値の範囲、大小の意味、埋め込みモデルの学習条件が異なります。,NOT(ATOM(embedding_model=true)),NOT,general_technical_claim,UNCLASSIFIED,3.6.2 (docs/3.回答に使う資料を準備する/3.6.Embedding設計.md:43),SRC-034,UNVERIFIED_CANDIDATE_URL_ONLY,BACKGROUND_CITATION,embedding_model=true,,NOT,REWRITE_REQUIRED,権威性=候補一次資料のみ; 直接性=locator未確認; 網羅性=関係NOT自体の根拠未確認; 主張極性=BACKGROUND_CITATIONとして再分類; スコープ=PASS_AFTER_TEST_SCOPE_QUALIFICATION; モダリティ=PASS_AFTER_HYPOTHESIS_QUALIFIER; 教材妥当性=PASS_AS_EXPLICIT_TESTABLE_HYPOTHESIS; 形式化妥当性=FAIL_RELATION_NOT。「同じ「類似度スコア」という名前でも、値の範囲、大小の意味、埋め込みモデルの学習条件が異なります。」は候補資料(SRC-034)に直接locatorがなく、一般的事実としてはFAIL_RELATION_NOTが残る。原文の対象と作用を維持したまま、本ガイドの構成または対象データでの検証へスコープを限定すれば教材上の検討事項を保持できる。,,,UNVERIFIED,原文をrevised_sentenceへ置換し、対象データ、比較条件、観測指標、合否閾値を同じ節に追記する。検証後に限り事実表現へ戻し、意味を保存して再形式化する。,,,,,INCONCLUSIVE,NOT_APPLICABLE_UNPROVED,,,codex-independent-wave4,2026-08-15,INDEPENDENT_REVIEW_COMPLETE,PARTIAL_CANDIDATE_SOURCE_ONLY,FAIL_NO_DIRECT_LOCATOR,FAIL_RELATION_NOT,BACKGROUND_CITATION,PASS_AFTER_TEST_SCOPE_QUALIFICATION,PASS_AFTER_HYPOTHESIS_QUALIFIER,PASS_AS_EXPLICIT_TESTABLE_HYPOTHESIS,FAIL_RELATION_NOT
SENT-1044,52bebecfb2a435d0e7ff2efea557c5799674ded6,ベクトルの長さを1に揃えるL2正規化を行った場合、コサイン類似度と内積の順位が同じになる条件があります。,本ガイドの基本構成では、ベクトルの長さを1に揃えるL2正規化を行った場合、コサイン類似度と内積の順位が同じになる条件があります。,UNFORMALIZED,UNFORMALIZED,general_technical_claim,UNCLASSIFIED,3.6.2 (docs/3.回答に使う資料を準備する/3.6.Embedding設計.md:46),SRC-002;SRC-005;SRC-009;SRC-010;SRC-011,UNVERIFIED_CANDIDATE_URL_ONLY,BACKGROUND_CITATION,,,,REWRITE_REQUIRED,権威性=候補一次資料のみ; 直接性=locator未確認; 網羅性=未支持atom=none-explicit; 主張極性=BACKGROUND_CITATIONとして再分類; スコープ=PASS_AFTER_TEST_SCOPE_QUALIFICATION; モダリティ=PASS_AFTER_HYPOTHESIS_QUALIFIER; 教材妥当性=PASS_AS_EXPLICIT_TESTABLE_HYPOTHESIS; 形式化妥当性=FAIL_UNFORMALIZED。「ベクトルの長さを1に揃えるL2正規化を行った場合、コサイン類似度と内積の順位が同じになる条件があります。」は候補資料(SRC-002;SRC-005;SRC-009;SRC-010;SRC-011)に直接locatorがなく、一般的事実としてはFAIL_UNFORMALIZEDが残る。原文の対象と作用を維持したまま、本ガイドの構成または対象データでの検証へスコープを限定すれば教材上の検討事項を保持できる。,,,UNVERIFIED,原文をrevised_sentenceへ置換し、対象データ、比較条件、観測指標、合否閾値を同じ節に追記する。検証後に限り事実表現へ戻し、意味を保存して再形式化する。,,,,,INCONCLUSIVE,NOT_APPLICABLE_UNPROVED,,,codex-independent-wave4,2026-08-15,INDEPENDENT_REVIEW_COMPLETE,PARTIAL_CANDIDATE_SOURCE_ONLY,FAIL_NO_DIRECT_LOCATOR,FAIL_UNFORMALIZED,BACKGROUND_CITATION,PASS_AFTER_TEST_SCOPE_QUALIFICATION,PASS_AFTER_HYPOTHESIS_QUALIFIER,PASS_AS_EXPLICIT_TESTABLE_HYPOTHESIS,FAIL_UNFORMALIZED
SENT-1057,52bebecfb2a435d0e7ff2efea557c5799674ded6,MTEB（Massive Text Embedding Benchmark、大規模テキスト埋め込みベンチマーク）は、多様なタスクと言語で埋め込みモデルの性能が一様ではないことを示します。,本ガイドでは、多様なタスクと言語で埋め込みモデルの性能が一様ではないことを示します。,"NOT(AND(AND(AND(ATOM(evaluation=true), ATOM(benchmark=true)), ATOM(scalability=true)), ATOM(embedding_model=true)))",NOT,externally_cited_claim,ない,3.6.3 (docs/3.回答に使う資料を準備する/3.6.Embedding設計.md:67),SRC-044,UNVERIFIED_CANDIDATE_URL_ONLY,AUTHOR_CLAIM,benchmark=true;evaluation=true,embedding_model=true;scalability=true,NOT,REWRITE_REQUIRED,権威性=候補一次資料のみ; 直接性=locator未確認; 網羅性=関係NOT自体の根拠未確認; 主張極性=AUTHOR_CLAIMとして再分類; スコープ=PASS_AFTER_CONCRETE_VERSION_OR_EXPERIMENT_SCOPE; モダリティ=PASS_AFTER_CONDITIONAL_OR_REPRODUCTION_WORDING; 教材妥当性=PASS_AFTER_CONCRETE_VERSION_OR_EXPERIMENT_QUALIFIER; 形式化妥当性=FAIL_RELATION_NOT。「MTEB（Massive Text Embedding Benchmark、大規模テキスト埋め込みベンチマーク）は、多様なタスクと言語で埋め込みモデルの性能が一」の候補資料(SRC-044)はURL単位で、節・ページ・表・API見出しを独立に確認できていない。現文のFAIL_RELATION_NOT、版・実験条件、資料内極性を断定せず、具体的な製品前提・ローカル定義・再現試験へ限定すれば教材内容を保持できる。,,,UNVERIFIED,原文をrevised_sentenceの具体文へ置換する。製品文は利用時点のregion/versionを受入条件へ追加し、研究文は同じ指標・比較条件で再現確認する。事実表現へ戻す場合は直接locatorを再監査する。,,,,,INCONCLUSIVE,NOT_APPLICABLE_UNPROVED,,,codex-independent-wave4,2026-08-15,INDEPENDENT_REVIEW_COMPLETE,PARTIAL_CANDIDATE_SOURCE_ONLY,FAIL_NO_DIRECT_LOCATOR,FAIL_RELATION_NOT,AUTHOR_CLAIM,PASS_AFTER_CONCRETE_VERSION_OR_EXPERIMENT_SCOPE,PASS_AFTER_CONDITIONAL_OR_REPRODUCTION_WORDING,PASS_AFTER_CONCRETE_VERSION_OR_EXPERIMENT_QUALIFIER,FAIL_RELATION_NOT
SENT-1062,52bebecfb2a435d0e7ff2efea557c5799674ded6,共通の条件で比較する公開評価（ベンチマーク）で上位のモデルが、社内略語、法令、コード、日英混在文書でも最良とは限りません。,共通の条件で比較する公開評価（ベンチマーク）で上位のモデルが、社内略語、法令、コード、日英混在文書でも最良とは限らない前提で、反例を含む対象データを評価します。,"NOT(AND(ATOM(evaluation=true), ATOM(benchmark=true)))",NOT,empirical_or_research_claim,ません,3.6.3 (docs/3.回答に使う資料を準備する/3.6.Embedding設計.md:74),SRC-044,UNVERIFIED_CANDIDATE_URL_ONLY,EMPIRICAL_RESULT,benchmark=true;evaluation=true,,NOT,REWRITE_REQUIRED,権威性=候補一次資料のみ; 直接性=locator未確認; 網羅性=関係NOT自体の根拠未確認; 主張極性=EMPIRICAL_RESULTとして再分類; スコープ=PASS_AFTER_TEST_SCOPE_QUALIFICATION; モダリティ=PASS_AFTER_HYPOTHESIS_QUALIFIER; 教材妥当性=PASS_AS_EXPLICIT_TESTABLE_HYPOTHESIS; 形式化妥当性=FAIL_RELATION_NOT。「共通の条件で比較する公開評価（ベンチマーク）で上位のモデルが、社内略語、法令、コード、日英混在文書でも最良とは限りません。」は候補資料(SRC-044)に直接locatorがなく、一般的事実としてはFAIL_RELATION_NOTが残る。原文の対象と作用を維持したまま、本ガイドの構成または対象データでの検証へスコープを限定すれば教材上の検討事項を保持できる。,,,UNVERIFIED,原文をrevised_sentenceへ置換し、対象データ、比較条件、観測指標、合否閾値を同じ節に追記する。検証後に限り事実表現へ戻し、意味を保存して再形式化する。,,,,,INCONCLUSIVE,NOT_APPLICABLE_UNPROVED,,,codex-independent-wave4,2026-08-15,INDEPENDENT_REVIEW_COMPLETE,PARTIAL_CANDIDATE_SOURCE_ONLY,FAIL_NO_DIRECT_LOCATOR,FAIL_RELATION_NOT,EMPIRICAL_RESULT,PASS_AFTER_TEST_SCOPE_QUALIFICATION,PASS_AFTER_HYPOTHESIS_QUALIFIER,PASS_AS_EXPLICIT_TESTABLE_HYPOTHESIS,FAIL_RELATION_NOT
SENT-1063,52bebecfb2a435d0e7ff2efea557c5799674ded6,MTEBは、検索、分類、意味類似など多様なタスクと言語で埋め込みモデルを評価する枠組みです。,本ガイドでは、MTEBを「検索、分類、意味類似など多様なタスクと言語で埋め込みモデルを評価する枠組み」として扱います。,"AND(AND(ATOM(retrieval=true), ATOM(evaluation=true)), ATOM(embedding_model=true))",AND,externally_cited_claim,UNCLASSIFIED,3.6.3 (docs/3.回答に使う資料を準備する/3.6.Embedding設計.md:75),SRC-044,UNVERIFIED_CANDIDATE_URL_ONLY,DEFINITION_OR_SPEC,evaluation=true;retrieval=true,embedding_model=true,,REWRITE_REQUIRED,権威性=候補一次資料のみ; 直接性=locator未確認; 網羅性=未支持atom=embedding_model=true; 主張極性=DEFINITION_OR_SPECとして再分類; スコープ=PASS_AFTER_CONCRETE_VERSION_OR_EXPERIMENT_SCOPE; モダリティ=PASS_AFTER_CONDITIONAL_OR_REPRODUCTION_WORDING; 教材妥当性=PASS_AFTER_CONCRETE_VERSION_OR_EXPERIMENT_QUALIFIER; 形式化妥当性=FAIL_UNSUPPORTED_ATOMS:embedding_model=true。「MTEBは、検索、分類、意味類似など多様なタスクと言語で埋め込みモデルを評価する枠組みです。」の候補資料(SRC-044)はURL単位で、節・ページ・表・API見出しを独立に確認できていない。現文のFAIL_UNSUPPORTED_ATOMS:embedding_model=true、版・実験条件、資料内極性を断定せず、具体的な製品前提・ローカル定義・再現試験へ限定すれば教材内容を保持できる。,,,UNVERIFIED,原文をrevised_sentenceの具体文へ置換する。製品文は利用時点のregion/versionを受入条件へ追加し、研究文は同じ指標・比較条件で再現確認する。事実表現へ戻す場合は直接locatorを再監査する。,,,,,INCONCLUSIVE,NOT_APPLICABLE_UNPROVED,,,codex-independent-wave4,2026-08-15,INDEPENDENT_REVIEW_COMPLETE,PARTIAL_CANDIDATE_SOURCE_ONLY,FAIL_NO_DIRECT_LOCATOR,FAIL_UNSUPPORTED_ATOMS:embedding_model=true,DEFINITION_OR_SPEC,PASS_AFTER_CONCRETE_VERSION_OR_EXPERIMENT_SCOPE,PASS_AFTER_CONDITIONAL_OR_REPRODUCTION_WORDING,PASS_AFTER_CONCRETE_VERSION_OR_EXPERIMENT_QUALIFIER,FAIL_UNSUPPORTED_ATOMS:embedding_model=true
SENT-1064,52bebecfb2a435d0e7ff2efea557c5799674ded6,タスクによってモデルの順位が変わるため、一般ベンチマークは候補を絞るために利用します。,本ガイドの基本構成では、タスクによってモデルの順位が変わるため、一般ベンチマークは候補を絞るために利用します。,"AND(AND(ATOM(output_subset=true), ATOM(evaluation=true)), ATOM(benchmark=true))",AND,empirical_or_research_claim,UNCLASSIFIED,3.6.3 (docs/3.回答に使う資料を準備する/3.6.Embedding設計.md:76),SRC-044,UNVERIFIED_CANDIDATE_URL_ONLY,EMPIRICAL_RESULT,benchmark=true;evaluation=true,output_subset=true,,REWRITE_REQUIRED,権威性=候補一次資料のみ; 直接性=locator未確認; 網羅性=未支持atom=output_subset=true; 主張極性=EMPIRICAL_RESULTとして再分類; スコープ=PASS_AFTER_TEST_SCOPE_QUALIFICATION; モダリティ=PASS_AFTER_HYPOTHESIS_QUALIFIER; 教材妥当性=PASS_AS_EXPLICIT_TESTABLE_HYPOTHESIS; 形式化妥当性=FAIL_UNSUPPORTED_ATOMS:output_subset=true。「タスクによってモデルの順位が変わるため、一般ベンチマークは候補を絞るために利用します。」は候補資料(SRC-044)に直接locatorがなく、一般的事実としてはFAIL_UNSUPPORTED_ATOMS:output_subset=trueが残る。原文の対象と作用を維持したまま、本ガイドの構成または対象データでの検証へスコープを限定すれば教材上の検討事項を保持できる。,,,UNVERIFIED,原文をrevised_sentenceへ置換し、対象データ、比較条件、観測指標、合否閾値を同じ節に追記する。検証後に限り事実表現へ戻し、意味を保存して再形式化する。,,,,,INCONCLUSIVE,NOT_APPLICABLE_UNPROVED,,,codex-independent-wave4,2026-08-15,INDEPENDENT_REVIEW_COMPLETE,PARTIAL_CANDIDATE_SOURCE_ONLY,FAIL_NO_DIRECT_LOCATOR,FAIL_UNSUPPORTED_ATOMS:output_subset=true,EMPIRICAL_RESULT,PASS_AFTER_TEST_SCOPE_QUALIFICATION,PASS_AFTER_HYPOTHESIS_QUALIFIER,PASS_AS_EXPLICIT_TESTABLE_HYPOTHESIS,FAIL_UNSUPPORTED_ATOMS:output_subset=true
SENT-1073,52bebecfb2a435d0e7ff2efea557c5799674ded6,「利用できます」と「利用できません」のような否定差も、単一ベクトルでは近くなる可能性があります。,本ガイドの基本構成では、「利用できます」と「利用できません」のような否定差も、単一ベクトルでは近くなる可能性があります。,NOT(ATOM(dense=true)),NOT,general_technical_claim,できます;可能;ません,3.6.4 (docs/3.回答に使う資料を準備する/3.6.Embedding設計.md:90),SRC-045,UNVERIFIED_CANDIDATE_URL_ONLY,BACKGROUND_CITATION,dense=true,,NOT,REWRITE_REQUIRED,権威性=候補一次資料のみ; 直接性=locator未確認; 網羅性=関係NOT自体の根拠未確認; 主張極性=BACKGROUND_CITATIONとして再分類; スコープ=PASS_AFTER_TEST_SCOPE_QUALIFICATION; モダリティ=PASS_AFTER_HYPOTHESIS_QUALIFIER; 教材妥当性=PASS_AS_EXPLICIT_TESTABLE_HYPOTHESIS; 形式化妥当性=FAIL_RELATION_NOT。「「利用できます」と「利用できません」のような否定差も、単一ベクトルでは近くなる可能性があります。」は候補資料(SRC-045)に直接locatorがなく、一般的事実としてはFAIL_RELATION_NOTが残る。原文の対象と作用を維持したまま、本ガイドの構成または対象データでの検証へスコープを限定すれば教材上の検討事項を保持できる。,,,UNVERIFIED,原文をrevised_sentenceへ置換し、対象データ、比較条件、観測指標、合否閾値を同じ節に追記する。検証後に限り事実表現へ戻し、意味を保存して再形式化する。,,,,,INCONCLUSIVE,NOT_APPLICABLE_UNPROVED,,,codex-independent-wave4,2026-08-15,INDEPENDENT_REVIEW_COMPLETE,PARTIAL_CANDIDATE_SOURCE_ONLY,FAIL_NO_DIRECT_LOCATOR,FAIL_RELATION_NOT,BACKGROUND_CITATION,PASS_AFTER_TEST_SCOPE_QUALIFICATION,PASS_AFTER_HYPOTHESIS_QUALIFIER,PASS_AS_EXPLICIT_TESTABLE_HYPOTHESIS,FAIL_RELATION_NOT
SENT-1075,52bebecfb2a435d0e7ff2efea557c5799674ded6,密検索だけがすべての質問で優位ではありません。,本ガイドの基本構成では、密検索だけがすべての質問で優位ではありません。,"NOT(AND(ATOM(dense=true), ATOM(retrieval=true)))",NOT,general_technical_claim,すべて;ません,3.6.4 (docs/3.回答に使う資料を準備する/3.6.Embedding設計.md:93),SRC-045;SRC-034,UNVERIFIED_CANDIDATE_URL_ONLY,BACKGROUND_CITATION,dense=true;retrieval=true,,NOT,REWRITE_REQUIRED,権威性=候補一次資料のみ; 直接性=locator未確認; 網羅性=関係NOT自体の根拠未確認; 主張極性=BACKGROUND_CITATIONとして再分類; スコープ=PASS_AFTER_TEST_SCOPE_QUALIFICATION; モダリティ=PASS_AFTER_HYPOTHESIS_QUALIFIER; 教材妥当性=PASS_AS_EXPLICIT_TESTABLE_HYPOTHESIS; 形式化妥当性=FAIL_RELATION_NOT。「密検索だけがすべての質問で優位ではありません。」は候補資料(SRC-045;SRC-034)に直接locatorがなく、一般的事実としてはFAIL_RELATION_NOTが残る。原文の対象と作用を維持したまま、本ガイドの構成または対象データでの検証へスコープを限定すれば教材上の検討事項を保持できる。,,,UNVERIFIED,原文をrevised_sentenceへ置換し、対象データ、比較条件、観測指標、合否閾値を同じ節に追記する。検証後に限り事実表現へ戻し、意味を保存して再形式化する。,,,,,INCONCLUSIVE,NOT_APPLICABLE_UNPROVED,,,codex-independent-wave4,2026-08-15,INDEPENDENT_REVIEW_COMPLETE,PARTIAL_CANDIDATE_SOURCE_ONLY,FAIL_NO_DIRECT_LOCATOR,FAIL_RELATION_NOT,BACKGROUND_CITATION,PASS_AFTER_TEST_SCOPE_QUALIFICATION,PASS_AFTER_HYPOTHESIS_QUALIFIER,PASS_AS_EXPLICIT_TESTABLE_HYPOTHESIS,FAIL_RELATION_NOT
SENT-1077,52bebecfb2a435d0e7ff2efea557c5799674ded6,長いチャンクを一つのベクトルへまとめると、複数の話題や表の細かな値が圧縮されます。,本ガイドの基本構成では、長いチャンクを一つのベクトルへまとめると、複数の話題や表の細かな値が圧縮されます。,"AND(ATOM(compressed_vectors=true), ATOM(compression=true))",AND,general_technical_claim,UNCLASSIFIED,3.6.4 (docs/3.回答に使う資料を準備する/3.6.Embedding設計.md:96),SRC-045,UNVERIFIED_CANDIDATE_URL_ONLY,BACKGROUND_CITATION,,compressed_vectors=true;compression=true,,REWRITE_REQUIRED,権威性=候補一次資料のみ; 直接性=locator未確認; 網羅性=未支持atom=compressed_vectors=true;compression=true; 主張極性=BACKGROUND_CITATIONとして再分類; スコープ=PASS_AFTER_TEST_SCOPE_QUALIFICATION; モダリティ=PASS_AFTER_HYPOTHESIS_QUALIFIER; 教材妥当性=PASS_AS_EXPLICIT_TESTABLE_HYPOTHESIS; 形式化妥当性=FAIL_UNSUPPORTED_ATOMS:compressed_vectors=true;compression=true。「長いチャンクを一つのベクトルへまとめると、複数の話題や表の細かな値が圧縮されます。」は候補資料(SRC-045)に直接locatorがなく、一般的事実としてはFAIL_UNSUPPORTED_ATOMS:compressed_vectors=true;compression=trueが残る。原文の対象と作用を維持したまま、本ガイドの構成または対象データでの検証へスコープを限定すれば教材上の検討事項を保持できる。,,,UNVERIFIED,原文をrevised_sentenceへ置換し、対象データ、比較条件、観測指標、合否閾値を同じ節に追記する。検証後に限り事実表現へ戻し、意味を保存して再形式化する。,,,,,INCONCLUSIVE,NOT_APPLICABLE_UNPROVED,,,codex-independent-wave4,2026-08-15,INDEPENDENT_REVIEW_COMPLETE,PARTIAL_CANDIDATE_SOURCE_ONLY,FAIL_NO_DIRECT_LOCATOR,FAIL_UNSUPPORTED_ATOMS:compressed_vectors=true;compression=true,BACKGROUND_CITATION,PASS_AFTER_TEST_SCOPE_QUALIFICATION,PASS_AFTER_HYPOTHESIS_QUALIFIER,PASS_AS_EXPLICIT_TESTABLE_HYPOTHESIS,FAIL_UNSUPPORTED_ATOMS:compressed_vectors=true;compression=true
SENT-1079,52bebecfb2a435d0e7ff2efea557c5799674ded6,単一ベクトルと多ベクトルには、検索品質、保存量、応答時間の違いがあります。,本ガイドの基本構成では、単一ベクトルと多ベクトルには、検索品質、保存量、応答時間の違いがあります。,"AND(AND(AND(AND(ATOM(dense=true), ATOM(recall_latency_tradeoff=true)), ATOM(retrieval=true)), ATOM(temporal_freshness=true)), ATOM(latency=true))",AND,general_technical_claim,UNCLASSIFIED,3.6.4 (docs/3.回答に使う資料を準備する/3.6.Embedding設計.md:98),SRC-045,UNVERIFIED_CANDIDATE_URL_ONLY,BACKGROUND_CITATION,dense=true;retrieval=true,latency=true;recall_latency_tradeoff=true;temporal_freshness=true,,REWRITE_REQUIRED,権威性=候補一次資料のみ; 直接性=locator未確認; 網羅性=未支持atom=latency=true;recall_latency_tradeoff=true;temporal_freshness=true; 主張極性=BACKGROUND_CITATIONとして再分類; スコープ=PASS_AFTER_TEST_SCOPE_QUALIFICATION; モダリティ=PASS_AFTER_HYPOTHESIS_QUALIFIER; 教材妥当性=PASS_AS_EXPLICIT_TESTABLE_HYPOTHESIS; 形式化妥当性=FAIL_UNSUPPORTED_ATOMS:latency=true;recall_latency_tradeoff=true;temporal_freshness=true。「単一ベクトルと多ベクトルには、検索品質、保存量、応答時間の違いがあります。」は候補資料(SRC-045)に直接locatorがなく、一般的事実としてはFAIL_UNSUPPORTED_ATOMS:latency=true;recall_latency_tradeoff=true;temporal_freshness=trueが残る。原文の対象と作用を維持したまま、本ガイドの構成または対象データでの検証へスコープを限定すれば教材上の検討事項を保持できる。,,,UNVERIFIED,原文をrevised_sentenceへ置換し、対象データ、比較条件、観測指標、合否閾値を同じ節に追記する。検証後に限り事実表現へ戻し、意味を保存して再形式化する。,,,,,INCONCLUSIVE,NOT_APPLICABLE_UNPROVED,,,codex-independent-wave4,2026-08-15,INDEPENDENT_REVIEW_COMPLETE,PARTIAL_CANDIDATE_SOURCE_ONLY,FAIL_NO_DIRECT_LOCATOR,FAIL_UNSUPPORTED_ATOMS:latency=true;recall_latency_tradeoff=true;temporal_freshness=true,BACKGROUND_CITATION,PASS_AFTER_TEST_SCOPE_QUALIFICATION,PASS_AFTER_HYPOTHESIS_QUALIFIER,PASS_AS_EXPLICIT_TESTABLE_HYPOTHESIS,FAIL_UNSUPPORTED_ATOMS:latency=true;recall_latency_tradeoff=true;temporal_freshness=true
SENT-1081,52bebecfb2a435d0e7ff2efea557c5799674ded6,チャンクが長いほど、一つのベクトルへ複数の意味が混ざります。,本ガイドの基本構成では、チャンクが長いほど、一つのベクトルへ複数の意味が混ざります。,UNFORMALIZED,UNFORMALIZED,general_technical_claim,UNCLASSIFIED,3.6.4 (docs/3.回答に使う資料を準備する/3.6.Embedding設計.md:102),SRC-002;SRC-005;SRC-009;SRC-010;SRC-011,UNVERIFIED_CANDIDATE_URL_ONLY,BACKGROUND_CITATION,,,,REWRITE_REQUIRED,権威性=候補一次資料のみ; 直接性=locator未確認; 網羅性=未支持atom=none-explicit; 主張極性=BACKGROUND_CITATIONとして再分類; スコープ=PASS_AFTER_TEST_SCOPE_QUALIFICATION; モダリティ=PASS_AFTER_HYPOTHESIS_QUALIFIER; 教材妥当性=PASS_AS_EXPLICIT_TESTABLE_HYPOTHESIS; 形式化妥当性=FAIL_UNFORMALIZED。「チャンクが長いほど、一つのベクトルへ複数の意味が混ざります。」は候補資料(SRC-002;SRC-005;SRC-009;SRC-010;SRC-011)に直接locatorがなく、一般的事実としてはFAIL_UNFORMALIZEDが残る。原文の対象と作用を維持したまま、本ガイドの構成または対象データでの検証へスコープを限定すれば教材上の検討事項を保持できる。,,,UNVERIFIED,原文をrevised_sentenceへ置換し、対象データ、比較条件、観測指標、合否閾値を同じ節に追記する。検証後に限り事実表現へ戻し、意味を保存して再形式化する。,,,,,INCONCLUSIVE,NOT_APPLICABLE_UNPROVED,,,codex-independent-wave4,2026-08-15,INDEPENDENT_REVIEW_COMPLETE,PARTIAL_CANDIDATE_SOURCE_ONLY,FAIL_NO_DIRECT_LOCATOR,FAIL_UNFORMALIZED,BACKGROUND_CITATION,PASS_AFTER_TEST_SCOPE_QUALIFICATION,PASS_AFTER_HYPOTHESIS_QUALIFIER,PASS_AS_EXPLICIT_TESTABLE_HYPOTHESIS,FAIL_UNFORMALIZED
SENT-1082,52bebecfb2a435d0e7ff2efea557c5799674ded6,チャンクが短いほど、前後で定義された用語、代名詞、条件を失います。,本ガイドの基本構成では、チャンクが短いほど、前後で定義された用語、代名詞、条件を失います。,UNFORMALIZED,UNFORMALIZED,general_technical_claim,UNCLASSIFIED,3.6.4 (docs/3.回答に使う資料を準備する/3.6.Embedding設計.md:103),SRC-002;SRC-005;SRC-009;SRC-010;SRC-011,UNVERIFIED_CANDIDATE_URL_ONLY,BACKGROUND_CITATION,,,,REWRITE_REQUIRED,権威性=候補一次資料のみ; 直接性=locator未確認; 網羅性=未支持atom=none-explicit; 主張極性=BACKGROUND_CITATIONとして再分類; スコープ=PASS_AFTER_TEST_SCOPE_QUALIFICATION; モダリティ=PASS_AFTER_HYPOTHESIS_QUALIFIER; 教材妥当性=PASS_AS_EXPLICIT_TESTABLE_HYPOTHESIS; 形式化妥当性=FAIL_UNFORMALIZED。「チャンクが短いほど、前後で定義された用語、代名詞、条件を失います。」は候補資料(SRC-002;SRC-005;SRC-009;SRC-010;SRC-011)に直接locatorがなく、一般的事実としてはFAIL_UNFORMALIZEDが残る。原文の対象と作用を維持したまま、本ガイドの構成または対象データでの検証へスコープを限定すれば教材上の検討事項を保持できる。,,,UNVERIFIED,原文をrevised_sentenceへ置換し、対象データ、比較条件、観測指標、合否閾値を同じ節に追記する。検証後に限り事実表現へ戻し、意味を保存して再形式化する。,,,,,INCONCLUSIVE,NOT_APPLICABLE_UNPROVED,,,codex-independent-wave4,2026-08-15,INDEPENDENT_REVIEW_COMPLETE,PARTIAL_CANDIDATE_SOURCE_ONLY,FAIL_NO_DIRECT_LOCATOR,FAIL_UNFORMALIZED,BACKGROUND_CITATION,PASS_AFTER_TEST_SCOPE_QUALIFICATION,PASS_AFTER_HYPOTHESIS_QUALIFIER,PASS_AS_EXPLICIT_TESTABLE_HYPOTHESIS,FAIL_UNFORMALIZED
SENT-1088,52bebecfb2a435d0e7ff2efea557c5799674ded6,チャンキングと埋め込みモデルを同時に変えると、改善原因を特定できません。,本ガイドの基本構成では、チャンキングと埋め込みモデルを同時に変えると、改善原因を特定できません。,"NOT(AND(ATOM(embedding_model=true), ATOM(empirical_result=true)))",NOT,empirical_or_research_claim,ません,3.6.4 (docs/3.回答に使う資料を準備する/3.6.Embedding設計.md:112),SRC-034;SRC-045,UNVERIFIED_CANDIDATE_URL_ONLY,EMPIRICAL_RESULT,embedding_model=true;empirical_result=true,,NOT,REWRITE_REQUIRED,権威性=候補一次資料のみ; 直接性=locator未確認; 網羅性=関係NOT自体の根拠未確認; 主張極性=EMPIRICAL_RESULTとして再分類; スコープ=PASS_AFTER_TEST_SCOPE_QUALIFICATION; モダリティ=PASS_AFTER_HYPOTHESIS_QUALIFIER; 教材妥当性=PASS_AS_EXPLICIT_TESTABLE_HYPOTHESIS; 形式化妥当性=FAIL_RELATION_NOT。「チャンキングと埋め込みモデルを同時に変えると、改善原因を特定できません。」は候補資料(SRC-034;SRC-045)に直接locatorがなく、一般的事実としてはFAIL_RELATION_NOTが残る。原文の対象と作用を維持したまま、本ガイドの構成または対象データでの検証へスコープを限定すれば教材上の検討事項を保持できる。,,,UNVERIFIED,原文をrevised_sentenceへ置換し、対象データ、比較条件、観測指標、合否閾値を同じ節に追記する。検証後に限り事実表現へ戻し、意味を保存して再形式化する。,,,,,INCONCLUSIVE,NOT_APPLICABLE_UNPROVED,,,codex-independent-wave4,2026-08-15,INDEPENDENT_REVIEW_COMPLETE,PARTIAL_CANDIDATE_SOURCE_ONLY,FAIL_NO_DIRECT_LOCATOR,FAIL_RELATION_NOT,EMPIRICAL_RESULT,PASS_AFTER_TEST_SCOPE_QUALIFICATION,PASS_AFTER_HYPOTHESIS_QUALIFIER,PASS_AS_EXPLICIT_TESTABLE_HYPOTHESIS,FAIL_RELATION_NOT
SENT-1090,52bebecfb2a435d0e7ff2efea557c5799674ded6,埋め込みの次元数は、検索品質だけでなく、保存容量、メモリ、ネットワーク転送、ANNの応答時間へ影響します。,本ガイドの基本構成では、埋め込みの次元数は、検索品質だけでなく、保存容量、メモリ、ネットワーク転送、ANNの応答時間へ影響します。,"AND(AND(AND(AND(ATOM(recall_latency_tradeoff=true), ATOM(retrieval=true)), ATOM(temporal_freshness=true)), ATOM(latency=true)), ATOM(dimension_contract=true))",AND,general_technical_claim,UNCLASSIFIED,3.6.5 (docs/3.回答に使う資料を準備する/3.6.Embedding設計.md:117),SRC-046,UNVERIFIED_CANDIDATE_URL_ONLY,BACKGROUND_CITATION,dimension_contract=true;retrieval=true,latency=true;recall_latency_tradeoff=true;temporal_freshness=true,,REWRITE_REQUIRED,権威性=候補一次資料のみ; 直接性=locator未確認; 網羅性=未支持atom=latency=true;recall_latency_tradeoff=true;temporal_freshness=true; 主張極性=BACKGROUND_CITATIONとして再分類; スコープ=PASS_AFTER_TEST_SCOPE_QUALIFICATION; モダリティ=PASS_AFTER_HYPOTHESIS_QUALIFIER; 教材妥当性=PASS_AS_EXPLICIT_TESTABLE_HYPOTHESIS; 形式化妥当性=FAIL_UNSUPPORTED_ATOMS:latency=true;recall_latency_tradeoff=true;temporal_freshness=true。「埋め込みの次元数は、検索品質だけでなく、保存容量、メモリ、ネットワーク転送、ANNの応答時間へ影響します。」は候補資料(SRC-046)に直接locatorがなく、一般的事実としてはFAIL_UNSUPPORTED_ATOMS:latency=true;recall_latency_tradeoff=true;temporal_freshness=trueが残る。原文の対象と作用を維持したまま、本ガイドの構成または対象データでの検証へスコープを限定すれば教材上の検討事項を保持できる。,,,UNVERIFIED,原文をrevised_sentenceへ置換し、対象データ、比較条件、観測指標、合否閾値を同じ節に追記する。検証後に限り事実表現へ戻し、意味を保存して再形式化する。,,,,,INCONCLUSIVE,NOT_APPLICABLE_UNPROVED,,,codex-independent-wave4,2026-08-15,INDEPENDENT_REVIEW_COMPLETE,PARTIAL_CANDIDATE_SOURCE_ONLY,FAIL_NO_DIRECT_LOCATOR,FAIL_UNSUPPORTED_ATOMS:latency=true;recall_latency_tradeoff=true;temporal_freshness=true,BACKGROUND_CITATION,PASS_AFTER_TEST_SCOPE_QUALIFICATION,PASS_AFTER_HYPOTHESIS_QUALIFIER,PASS_AS_EXPLICIT_TESTABLE_HYPOTHESIS,FAIL_UNSUPPORTED_ATOMS:latency=true;recall_latency_tradeoff=true;temporal_freshness=true
SENT-1094,52bebecfb2a435d0e7ff2efea557c5799674ded6,この性質を持たない任意のベクトルを単純に切り詰めても、同じ効果は得られません。,本ガイドの基本構成では、この性質を持たない任意のベクトルを単純に切り詰めても、同じ効果は得られません。,UNFORMALIZED,UNFORMALIZED,general_technical_claim,ません;ない,3.6.5 (docs/3.回答に使う資料を準備する/3.6.Embedding設計.md:122),SRC-046,UNVERIFIED_CANDIDATE_URL_ONLY,BACKGROUND_CITATION,,,,REWRITE_REQUIRED,権威性=候補一次資料のみ; 直接性=locator未確認; 網羅性=未支持atom=none-explicit; 主張極性=BACKGROUND_CITATIONとして再分類; スコープ=PASS_AFTER_TEST_SCOPE_QUALIFICATION; モダリティ=PASS_AFTER_HYPOTHESIS_QUALIFIER; 教材妥当性=PASS_AS_EXPLICIT_TESTABLE_HYPOTHESIS; 形式化妥当性=FAIL_UNFORMALIZED。「この性質を持たない任意のベクトルを単純に切り詰めても、同じ効果は得られません。」は候補資料(SRC-046)に直接locatorがなく、一般的事実としてはFAIL_UNFORMALIZEDが残る。原文の対象と作用を維持したまま、本ガイドの構成または対象データでの検証へスコープを限定すれば教材上の検討事項を保持できる。,,,UNVERIFIED,原文をrevised_sentenceへ置換し、対象データ、比較条件、観測指標、合否閾値を同じ節に追記する。検証後に限り事実表現へ戻し、意味を保存して再形式化する。,,,,,INCONCLUSIVE,NOT_APPLICABLE_UNPROVED,,,codex-independent-wave4,2026-08-15,INDEPENDENT_REVIEW_COMPLETE,PARTIAL_CANDIDATE_SOURCE_ONLY,FAIL_NO_DIRECT_LOCATOR,FAIL_UNFORMALIZED,BACKGROUND_CITATION,PASS_AFTER_TEST_SCOPE_QUALIFICATION,PASS_AFTER_HYPOTHESIS_QUALIFIER,PASS_AS_EXPLICIT_TESTABLE_HYPOTHESIS,FAIL_UNFORMALIZED
SENT-1101,52bebecfb2a435d0e7ff2efea557c5799674ded6,内容ハッシュと埋め込みモデル版をキャッシュキーにすると、変更していないチャンクの再計算を避けられます。,内容ハッシュと埋め込みモデル版をキャッシュキーにすると、変更していないチャンクの再計算を避けられます。,NOT(ATOM(embedding_model=true)),NOT,general_technical_claim,ない,3.6.5 (docs/3.回答に使う資料を準備する/3.6.Embedding設計.md:132),SRC-034,NOT_APPLICABLE_LOCAL_NORM,HYPOTHESIS,embedding_model=true,,NOT,APPROPRIATE_NORMATIVE,権威性=候補一次資料のみ; 直接性=locator未確認; 網羅性=関係NOT自体の根拠未確認; 主張極性=HYPOTHESISとして再分類; スコープ=PASS_LOCAL_DESIGN_POLICY; モダリティ=PASS_AS_DISCLOSED_NORMATIVE_RULE; 教材妥当性=PASS_AFTER_EXPLICIT_CRITERIA_AND_EXCEPTION; 形式化妥当性=FAIL_RELATION_NOT。「内容ハッシュと埋め込みモデル版をキャッシュキーにすると、変更していないチャンクの再計算を避けられます。」は外的真偽の断定ではなく、対象・処理・判断を特定した設計・運用上の選択規則として読める。ただし候補資料(SRC-034)はURL単位で、直接locatorは未確認。規範の判断基準と例外を明示すれば教材として採用できる。形式面ではFAIL_RELATION_NOTを別途解消する必要がある。,禁止対象、禁止理由、代替経路を明示し、安全性・再現性・追跡性のいずれを守る規則か検査できること,禁止理由を満たす別の統制が同等以上の証拠で確認できる場合のみ例外とし、理由と期限を記録する,NOT_APPLICABLE,本文は維持し、節内に判断基準「禁止対象、禁止理由、代替経路を明示し、安全性・再現性・追跡性のいずれを守る規則か検査できること」と例外「禁止理由を満たす別の統制が同等以上の証拠で確認できる場合のみ例外とし、理由と期限を記録する」を明記する。経験的な効果保証とは分離し、意味を保存して再形式化する。,,,,,INCONCLUSIVE,NOT_APPLICABLE_UNPROVED,,,codex-independent-wave4,2026-08-15,INDEPENDENT_REVIEW_COMPLETE,PARTIAL_CANDIDATE_SOURCE_ONLY,FAIL_NO_DIRECT_LOCATOR,FAIL_RELATION_NOT,HYPOTHESIS,PASS_LOCAL_DESIGN_POLICY,PASS_AS_DISCLOSED_NORMATIVE_RULE,PASS_AFTER_EXPLICIT_CRITERIA_AND_EXCEPTION,FAIL_RELATION_NOT
SENT-1102,52bebecfb2a435d0e7ff2efea557c5799674ded6,チャンク本文が同じでも、モデル、前処理、質問・文書接頭辞、正規化が変わればキャッシュを再利用しません。,チャンク本文が同じでも、モデル、前処理、質問・文書接頭辞、正規化が変わればキャッシュを再利用しません。,NOT(ATOM(prefix_contract=true)),NOT,general_technical_claim,ません,3.6.5 (docs/3.回答に使う資料を準備する/3.6.Embedding設計.md:133),SRC-002;SRC-005;SRC-009;SRC-010;SRC-011,NOT_APPLICABLE_LOCAL_NORM,HYPOTHESIS,,prefix_contract=true,NOT,APPROPRIATE_NORMATIVE,権威性=候補一次資料のみ; 直接性=locator未確認; 網羅性=関係NOT自体の根拠未確認; 主張極性=HYPOTHESISとして再分類; スコープ=PASS_LOCAL_DESIGN_POLICY; モダリティ=PASS_AS_DISCLOSED_NORMATIVE_RULE; 教材妥当性=PASS_AFTER_EXPLICIT_CRITERIA_AND_EXCEPTION; 形式化妥当性=FAIL_RELATION_NOT。「チャンク本文が同じでも、モデル、前処理、質問・文書接頭辞、正規化が変わればキャッシュを再利用しません。」は外的真偽の断定ではなく、対象・処理・判断を特定した設計・運用上の選択規則として読める。ただし候補資料(SRC-002;SRC-005;SRC-009;SRC-010;SRC-011)はURL単位で、直接locatorは未確認。規範の判断基準と例外を明示すれば教材として採用できる。形式面ではFAIL_RELATION_NOTを別途解消する必要がある。,禁止対象、禁止理由、代替経路を明示し、安全性・再現性・追跡性のいずれを守る規則か検査できること,禁止理由を満たす別の統制が同等以上の証拠で確認できる場合のみ例外とし、理由と期限を記録する,NOT_APPLICABLE,本文は維持し、節内に判断基準「禁止対象、禁止理由、代替経路を明示し、安全性・再現性・追跡性のいずれを守る規則か検査できること」と例外「禁止理由を満たす別の統制が同等以上の証拠で確認できる場合のみ例外とし、理由と期限を記録する」を明記する。経験的な効果保証とは分離し、意味を保存して再形式化する。,,,,,INCONCLUSIVE,NOT_APPLICABLE_UNPROVED,,,codex-independent-wave4,2026-08-15,INDEPENDENT_REVIEW_COMPLETE,PARTIAL_CANDIDATE_SOURCE_ONLY,FAIL_NO_DIRECT_LOCATOR,FAIL_RELATION_NOT,HYPOTHESIS,PASS_LOCAL_DESIGN_POLICY,PASS_AS_DISCLOSED_NORMATIVE_RULE,PASS_AFTER_EXPLICIT_CRITERIA_AND_EXCEPTION,FAIL_RELATION_NOT
SENT-1105,52bebecfb2a435d0e7ff2efea557c5799674ded6,埋め込みサービスのレート制限に合わせてキューと再試行を制御し、オンライン検索の容量を使い切らないようにします。,埋め込みサービスのレート制限に合わせてキューと再試行を制御し、オンライン検索の容量を使い切らないようにします。,"NOT(AND(ATOM(retrieval=true), ATOM(fault_tolerance=true)))",NOT,general_technical_claim,ない,3.6.5 (docs/3.回答に使う資料を準備する/3.6.Embedding設計.md:137),SRC-046,NOT_APPLICABLE_LOCAL_NORM,HYPOTHESIS,retrieval=true,fault_tolerance=true,NOT,APPROPRIATE_NORMATIVE,権威性=候補一次資料のみ; 直接性=locator未確認; 網羅性=関係NOT自体の根拠未確認; 主張極性=HYPOTHESISとして再分類; スコープ=PASS_LOCAL_DESIGN_POLICY; モダリティ=PASS_AS_DISCLOSED_NORMATIVE_RULE; 教材妥当性=PASS_AFTER_EXPLICIT_CRITERIA_AND_EXCEPTION; 形式化妥当性=FAIL_RELATION_NOT。「埋め込みサービスのレート制限に合わせてキューと再試行を制御し、オンライン検索の容量を使い切らないようにします。」は外的真偽の断定ではなく、対象・処理・判断を特定した設計・運用上の選択規則として読める。ただし候補資料(SRC-046)はURL単位で、直接locatorは未確認。規範の判断基準と例外を明示すれば教材として採用できる。形式面ではFAIL_RELATION_NOTを別途解消する必要がある。,禁止対象、禁止理由、代替経路を明示し、安全性・再現性・追跡性のいずれを守る規則か検査できること,禁止理由を満たす別の統制が同等以上の証拠で確認できる場合のみ例外とし、理由と期限を記録する,NOT_APPLICABLE,本文は維持し、節内に判断基準「禁止対象、禁止理由、代替経路を明示し、安全性・再現性・追跡性のいずれを守る規則か検査できること」と例外「禁止理由を満たす別の統制が同等以上の証拠で確認できる場合のみ例外とし、理由と期限を記録する」を明記する。経験的な効果保証とは分離し、意味を保存して再形式化する。,,,,,INCONCLUSIVE,NOT_APPLICABLE_UNPROVED,,,codex-independent-wave4,2026-08-15,INDEPENDENT_REVIEW_COMPLETE,PARTIAL_CANDIDATE_SOURCE_ONLY,FAIL_NO_DIRECT_LOCATOR,FAIL_RELATION_NOT,HYPOTHESIS,PASS_LOCAL_DESIGN_POLICY,PASS_AS_DISCLOSED_NORMATIVE_RULE,PASS_AFTER_EXPLICIT_CRITERIA_AND_EXCEPTION,FAIL_RELATION_NOT
SENT-1107,52bebecfb2a435d0e7ff2efea557c5799674ded6,埋め込みの版には、モデルID、改訂番号（リビジョン）、次元数、正規化、距離尺度、質問・文書用の接頭辞、トークナイザーを含めます。,埋め込みの版には、モデルID、改訂番号（リビジョン）、次元数、正規化、距離尺度、質問・文書用の接頭辞、トークナイザーを含めます。,"AND(ATOM(prefix_contract=true), ATOM(dimension_contract=true))",AND,general_technical_claim,UNCLASSIFIED,3.6.6 (docs/3.回答に使う資料を準備する/3.6.Embedding設計.md:142),SRC-046,NOT_APPLICABLE_LOCAL_NORM,HYPOTHESIS,dimension_contract=true,prefix_contract=true,,APPROPRIATE_NORMATIVE,権威性=候補一次資料のみ; 直接性=locator未確認; 網羅性=未支持atom=prefix_contract=true; 主張極性=HYPOTHESISとして再分類; スコープ=PASS_LOCAL_DESIGN_POLICY; モダリティ=PASS_AS_DISCLOSED_NORMATIVE_RULE; 教材妥当性=PASS_AFTER_EXPLICIT_CRITERIA_AND_EXCEPTION; 形式化妥当性=FAIL_UNSUPPORTED_ATOMS:prefix_contract=true。「埋め込みの版には、モデルID、改訂番号（リビジョン）、次元数、正規化、距離尺度、質問・文書用の接頭辞、トークナイザーを含めます。」は外的真偽の断定ではなく、対象・処理・判断を特定した設計・運用上の選択規則として読める。ただし候補資料(SRC-046)はURL単位で、直接locatorは未確認。規範の判断基準と例外を明示すれば教材として採用できる。形式面ではFAIL_UNSUPPORTED_ATOMS:prefix_contract=trueを別途解消する必要がある。,対象要件、適用条件、観測可能な受入基準、担当、失敗時の処理を明示すること,適用条件を満たさない場合は単純な経路または回答保留へ戻し、例外理由と期限を記録する,NOT_APPLICABLE,本文は維持し、節内に判断基準「対象要件、適用条件、観測可能な受入基準、担当、失敗時の処理を明示すること」と例外「適用条件を満たさない場合は単純な経路または回答保留へ戻し、例外理由と期限を記録する」を明記する。経験的な効果保証とは分離し、意味を保存して再形式化する。,,,,,INCONCLUSIVE,NOT_APPLICABLE_UNPROVED,,,codex-independent-wave4,2026-08-15,INDEPENDENT_REVIEW_COMPLETE,PARTIAL_CANDIDATE_SOURCE_ONLY,FAIL_NO_DIRECT_LOCATOR,FAIL_UNSUPPORTED_ATOMS:prefix_contract=true,HYPOTHESIS,PASS_LOCAL_DESIGN_POLICY,PASS_AS_DISCLOSED_NORMATIVE_RULE,PASS_AFTER_EXPLICIT_CRITERIA_AND_EXCEPTION,FAIL_UNSUPPORTED_ATOMS:prefix_contract=true
SENT-1109,52bebecfb2a435d0e7ff2efea557c5799674ded6,異なるモデルのベクトルを、同じ空間へ混在させません。,本ガイドの基本構成では、異なるモデルのベクトルを、同じ空間へ混在させません。,UNFORMALIZED,UNFORMALIZED,general_technical_claim,ません,3.6.6 (docs/3.回答に使う資料を準備する/3.6.Embedding設計.md:145),SRC-002;SRC-005;SRC-009;SRC-010;SRC-011,UNVERIFIED_CANDIDATE_URL_ONLY,BACKGROUND_CITATION,,,,REWRITE_REQUIRED,権威性=候補一次資料のみ; 直接性=locator未確認; 網羅性=未支持atom=none-explicit; 主張極性=BACKGROUND_CITATIONとして再分類; スコープ=PASS_AFTER_TEST_SCOPE_QUALIFICATION; モダリティ=PASS_AFTER_HYPOTHESIS_QUALIFIER; 教材妥当性=PASS_AS_EXPLICIT_TESTABLE_HYPOTHESIS; 形式化妥当性=FAIL_UNFORMALIZED。「異なるモデルのベクトルを、同じ空間へ混在させません。」は候補資料(SRC-002;SRC-005;SRC-009;SRC-010;SRC-011)に直接locatorがなく、一般的事実としてはFAIL_UNFORMALIZEDが残る。原文の対象と作用を維持したまま、本ガイドの構成または対象データでの検証へスコープを限定すれば教材上の検討事項を保持できる。,,,UNVERIFIED,原文をrevised_sentenceへ置換し、対象データ、比較条件、観測指標、合否閾値を同じ節に追記する。検証後に限り事実表現へ戻し、意味を保存して再形式化する。,,,,,INCONCLUSIVE,NOT_APPLICABLE_UNPROVED,,,codex-independent-wave4,2026-08-15,INDEPENDENT_REVIEW_COMPLETE,PARTIAL_CANDIDATE_SOURCE_ONLY,FAIL_NO_DIRECT_LOCATOR,FAIL_UNFORMALIZED,BACKGROUND_CITATION,PASS_AFTER_TEST_SCOPE_QUALIFICATION,PASS_AFTER_HYPOTHESIS_QUALIFIER,PASS_AS_EXPLICIT_TESTABLE_HYPOTHESIS,FAIL_UNFORMALIZED
SENT-1111,52bebecfb2a435d0e7ff2efea557c5799674ded6,旧ベクトルと新質問を比較しても、距離の意味は保証されません。,旧ベクトルと新質問を比較しても、距離の意味は保証されません。,UNFORMALIZED,UNFORMALIZED,general_technical_claim,ません,3.6.6 (docs/3.回答に使う資料を準備する/3.6.Embedding設計.md:147),SRC-002;SRC-005;SRC-009;SRC-010;SRC-011,NOT_APPLICABLE_LOCAL_NORM,HYPOTHESIS,,,,APPROPRIATE_NORMATIVE,権威性=候補一次資料のみ; 直接性=locator未確認; 網羅性=未支持atom=none-explicit; 主張極性=HYPOTHESISとして再分類; スコープ=PASS_LOCAL_DESIGN_POLICY; モダリティ=PASS_AS_DISCLOSED_NORMATIVE_RULE; 教材妥当性=PASS_AFTER_EXPLICIT_CRITERIA_AND_EXCEPTION; 形式化妥当性=FAIL_UNFORMALIZED。「旧ベクトルと新質問を比較しても、距離の意味は保証されません。」は外的真偽の断定ではなく、対象・処理・判断を特定した設計・運用上の選択規則として読める。ただし候補資料(SRC-002;SRC-005;SRC-009;SRC-010;SRC-011)はURL単位で、直接locatorは未確認。規範の判断基準と例外を明示すれば教材として採用できる。形式面ではFAIL_UNFORMALIZEDを別途解消する必要がある。,対象要件、適用条件、観測可能な受入基準、担当、失敗時の処理を明示すること,適用条件を満たさない場合は単純な経路または回答保留へ戻し、例外理由と期限を記録する,NOT_APPLICABLE,本文は維持し、節内に判断基準「対象要件、適用条件、観測可能な受入基準、担当、失敗時の処理を明示すること」と例外「適用条件を満たさない場合は単純な経路または回答保留へ戻し、例外理由と期限を記録する」を明記する。経験的な効果保証とは分離し、意味を保存して再形式化する。,,,,,INCONCLUSIVE,NOT_APPLICABLE_UNPROVED,,,codex-independent-wave4,2026-08-15,INDEPENDENT_REVIEW_COMPLETE,PARTIAL_CANDIDATE_SOURCE_ONLY,FAIL_NO_DIRECT_LOCATOR,FAIL_UNFORMALIZED,HYPOTHESIS,PASS_LOCAL_DESIGN_POLICY,PASS_AS_DISCLOSED_NORMATIVE_RULE,PASS_AFTER_EXPLICIT_CRITERIA_AND_EXCEPTION,FAIL_UNFORMALIZED
SENT-1141,52bebecfb2a435d0e7ff2efea557c5799674ded6,LuceneのHNSWをAnseriniへ統合した研究は、LuceneとFaissについて、検索品質、構築時間、処理量、インデックス容量を比較しました。,本ガイドでは、LuceneとFaissについて、検索品質、構築時間、処理量、インデックス容量を比較します。,"AND(AND(ATOM(recall_latency_tradeoff=true), ATOM(retrieval=true)), ATOM(temporal_freshness=true))",AND,externally_cited_claim,UNCLASSIFIED,3.7.2 (docs/3.回答に使う資料を準備する/3.7.Index構築とライフサイクル.md:39),SRC-048;SRC-047;SRC-052,UNVERIFIED_CANDIDATE_URL_ONLY,AUTHOR_CLAIM,recall_latency_tradeoff=true;retrieval=true,temporal_freshness=true,,REWRITE_REQUIRED,権威性=候補一次資料のみ; 直接性=locator未確認; 網羅性=未支持atom=temporal_freshness=true; 主張極性=AUTHOR_CLAIMとして再分類; スコープ=PASS_AFTER_CONCRETE_VERSION_OR_EXPERIMENT_SCOPE; モダリティ=PASS_AFTER_CONDITIONAL_OR_REPRODUCTION_WORDING; 教材妥当性=PASS_AFTER_CONCRETE_VERSION_OR_EXPERIMENT_QUALIFIER; 形式化妥当性=FAIL_UNSUPPORTED_ATOMS:temporal_freshness=true。「LuceneのHNSWをAnseriniへ統合した研究は、LuceneとFaissについて、検索品質、構築時間、処理量、インデックス容量を比較しました。」の候補資料(SRC-048;SRC-047;SRC-052)はURL単位で、節・ページ・表・API見出しを独立に確認できていない。現文のFAIL_UNSUPPORTED_ATOMS:temporal_freshness=true、版・実験条件、資料内極性を断定せず、具体的な製品前提・ローカル定義・再現試験へ限定すれば教材内容を保持できる。,,,UNVERIFIED,原文をrevised_sentenceの具体文へ置換する。製品文は利用時点のregion/versionを受入条件へ追加し、研究文は同じ指標・比較条件で再現確認する。事実表現へ戻す場合は直接locatorを再監査する。,,,,,INCONCLUSIVE,NOT_APPLICABLE_UNPROVED,,,codex-independent-wave4,2026-08-15,INDEPENDENT_REVIEW_COMPLETE,PARTIAL_CANDIDATE_SOURCE_ONLY,FAIL_NO_DIRECT_LOCATOR,FAIL_UNSUPPORTED_ATOMS:temporal_freshness=true,AUTHOR_CLAIM,PASS_AFTER_CONCRETE_VERSION_OR_EXPERIMENT_SCOPE,PASS_AFTER_CONDITIONAL_OR_REPRODUCTION_WORDING,PASS_AFTER_CONCRETE_VERSION_OR_EXPERIMENT_QUALIFIER,FAIL_UNSUPPORTED_ATOMS:temporal_freshness=true
SENT-1148,52bebecfb2a435d0e7ff2efea557c5799674ded6,IVF（Inverted File Index、転置ファイル索引）は、ベクトルを粗い中心へ割り当て、質問時に近い領域だけを探索します。,IVF（Inverted File Index、転置ファイル索引）は、ベクトルを粗い中心へ割り当て、質問時に近い領域だけを探索します。,UNFORMALIZED,UNFORMALIZED,general_technical_claim,UNCLASSIFIED,3.7.3 (docs/3.回答に使う資料を準備する/3.7.Index構築とライフサイクル.md:50),SRC-002;SRC-005;SRC-009;SRC-010;SRC-011,NOT_APPLICABLE_LOCAL_NORM,HYPOTHESIS,,,,APPROPRIATE_NORMATIVE,権威性=候補一次資料のみ; 直接性=locator未確認; 網羅性=未支持atom=none-explicit; 主張極性=HYPOTHESISとして再分類; スコープ=PASS_LOCAL_DESIGN_POLICY; モダリティ=PASS_AS_DISCLOSED_NORMATIVE_RULE; 教材妥当性=PASS_AFTER_EXPLICIT_CRITERIA_AND_EXCEPTION; 形式化妥当性=FAIL_UNFORMALIZED。「IVF（Inverted File Index、転置ファイル索引）は、ベクトルを粗い中心へ割り当て、質問時に近い領域だけを探索します。」は外的真偽の断定ではなく、対象・処理・判断を特定した設計・運用上の選択規則として読める。ただし候補資料(SRC-002;SRC-005;SRC-009;SRC-010;SRC-011)はURL単位で、直接locatorは未確認。規範の判断基準と例外を明示すれば教材として採用できる。形式面ではFAIL_UNFORMALIZEDを別途解消する必要がある。,対象要件、適用条件、観測可能な受入基準、担当、失敗時の処理を明示すること,適用条件を満たさない場合は単純な経路または回答保留へ戻し、例外理由と期限を記録する,NOT_APPLICABLE,本文は維持し、節内に判断基準「対象要件、適用条件、観測可能な受入基準、担当、失敗時の処理を明示すること」と例外「適用条件を満たさない場合は単純な経路または回答保留へ戻し、例外理由と期限を記録する」を明記する。経験的な効果保証とは分離し、意味を保存して再形式化する。,,,,,INCONCLUSIVE,NOT_APPLICABLE_UNPROVED,,,codex-independent-wave4,2026-08-15,INDEPENDENT_REVIEW_COMPLETE,PARTIAL_CANDIDATE_SOURCE_ONLY,FAIL_NO_DIRECT_LOCATOR,FAIL_UNFORMALIZED,HYPOTHESIS,PASS_LOCAL_DESIGN_POLICY,PASS_AS_DISCLOSED_NORMATIVE_RULE,PASS_AFTER_EXPLICIT_CRITERIA_AND_EXCEPTION,FAIL_UNFORMALIZED
SENT-1151,52bebecfb2a435d0e7ff2efea557c5799674ded6,Product Quantizationは、大規模な近傍探索のための圧縮方法を提案しました。,大規模な近傍探索のための圧縮方法を候補手法として実装し、基本構成と同じ評価データで比較します。,"AND(AND(ATOM(ann_support=true), ATOM(compression=true)), ATOM(scalability=true))",AND,externally_cited_claim,UNCLASSIFIED,3.7.3 (docs/3.回答に使う資料を準備する/3.7.Index構築とライフサイクル.md:54),SRC-051,UNVERIFIED_CANDIDATE_URL_ONLY,AUTHOR_CLAIM,ann_support=true;compression=true,scalability=true,,REWRITE_REQUIRED,権威性=候補一次資料のみ; 直接性=locator未確認; 網羅性=未支持atom=scalability=true; 主張極性=AUTHOR_CLAIMとして再分類; スコープ=PASS_AFTER_CONCRETE_VERSION_OR_EXPERIMENT_SCOPE; モダリティ=PASS_AFTER_CONDITIONAL_OR_REPRODUCTION_WORDING; 教材妥当性=PASS_AFTER_CONCRETE_VERSION_OR_EXPERIMENT_QUALIFIER; 形式化妥当性=FAIL_UNSUPPORTED_ATOMS:scalability=true。「Product Quantizationは、大規模な近傍探索のための圧縮方法を提案しました。」の候補資料(SRC-051)はURL単位で、節・ページ・表・API見出しを独立に確認できていない。現文のFAIL_UNSUPPORTED_ATOMS:scalability=true、版・実験条件、資料内極性を断定せず、具体的な製品前提・ローカル定義・再現試験へ限定すれば教材内容を保持できる。,,,UNVERIFIED,原文をrevised_sentenceの具体文へ置換する。製品文は利用時点のregion/versionを受入条件へ追加し、研究文は同じ指標・比較条件で再現確認する。事実表現へ戻す場合は直接locatorを再監査する。,,,,,INCONCLUSIVE,NOT_APPLICABLE_UNPROVED,,,codex-independent-wave4,2026-08-15,INDEPENDENT_REVIEW_COMPLETE,PARTIAL_CANDIDATE_SOURCE_ONLY,FAIL_NO_DIRECT_LOCATOR,FAIL_UNSUPPORTED_ATOMS:scalability=true,AUTHOR_CLAIM,PASS_AFTER_CONCRETE_VERSION_OR_EXPERIMENT_SCOPE,PASS_AFTER_CONDITIONAL_OR_REPRODUCTION_WORDING,PASS_AFTER_CONCRETE_VERSION_OR_EXPERIMENT_QUALIFIER,FAIL_UNSUPPORTED_ATOMS:scalability=true
SENT-1154,52bebecfb2a435d0e7ff2efea557c5799674ded6,圧縮ベクトルで候補を取得し、元ベクトルで再順位付けする構成もあります。,本ガイドの基本構成では、圧縮ベクトルで候補を取得し、元ベクトルで再順位付けする構成もあります。,"AND(AND(ATOM(rerank=true), ATOM(compression=true)), ATOM(retrieval=true))",AND,general_technical_claim,UNCLASSIFIED,3.7.3 (docs/3.回答に使う資料を準備する/3.7.Index構築とライフサイクル.md:58),SRC-051;SRC-052;SRC-053,UNVERIFIED_CANDIDATE_URL_ONLY,BACKGROUND_CITATION,compression=true;retrieval=true,rerank=true,,REWRITE_REQUIRED,権威性=候補一次資料のみ; 直接性=locator未確認; 網羅性=未支持atom=rerank=true; 主張極性=BACKGROUND_CITATIONとして再分類; スコープ=PASS_AFTER_TEST_SCOPE_QUALIFICATION; モダリティ=PASS_AFTER_HYPOTHESIS_QUALIFIER; 教材妥当性=PASS_AS_EXPLICIT_TESTABLE_HYPOTHESIS; 形式化妥当性=FAIL_UNSUPPORTED_ATOMS:rerank=true。「圧縮ベクトルで候補を取得し、元ベクトルで再順位付けする構成もあります。」は候補資料(SRC-051;SRC-052;SRC-053)に直接locatorがなく、一般的事実としてはFAIL_UNSUPPORTED_ATOMS:rerank=trueが残る。原文の対象と作用を維持したまま、本ガイドの構成または対象データでの検証へスコープを限定すれば教材上の検討事項を保持できる。,,,UNVERIFIED,原文をrevised_sentenceへ置換し、対象データ、比較条件、観測指標、合否閾値を同じ節に追記する。検証後に限り事実表現へ戻し、意味を保存して再形式化する。,,,,,INCONCLUSIVE,NOT_APPLICABLE_UNPROVED,,,codex-independent-wave4,2026-08-15,INDEPENDENT_REVIEW_COMPLETE,PARTIAL_CANDIDATE_SOURCE_ONLY,FAIL_NO_DIRECT_LOCATOR,FAIL_UNSUPPORTED_ATOMS:rerank=true,BACKGROUND_CITATION,PASS_AFTER_TEST_SCOPE_QUALIFICATION,PASS_AFTER_HYPOTHESIS_QUALIFIER,PASS_AS_EXPLICIT_TESTABLE_HYPOTHESIS,FAIL_UNSUPPORTED_ATOMS:rerank=true
SENT-1157,52bebecfb2a435d0e7ff2efea557c5799674ded6,GPUは大量のベクトル距離計算を並列化でき、インデックス構築や検索を高速化できる場合があります。,GPUは大量のベクトル距離計算を並列化でき、インデックス構築や検索を高速化できる場合を想定し、その発生条件と影響を対象データで確認します。,UNFORMALIZED,UNFORMALIZED,general_technical_claim,できる;場合があります,3.7.3 (docs/3.回答に使う資料を準備する/3.7.Index構築とライフサイクル.md:62),SRC-052,UNVERIFIED_CANDIDATE_URL_ONLY,BACKGROUND_CITATION,,,,REWRITE_REQUIRED,権威性=候補一次資料のみ; 直接性=locator未確認; 網羅性=未支持atom=none-explicit; 主張極性=BACKGROUND_CITATIONとして再分類; スコープ=PASS_AFTER_TEST_SCOPE_QUALIFICATION; モダリティ=PASS_AFTER_HYPOTHESIS_QUALIFIER; 教材妥当性=PASS_AS_EXPLICIT_TESTABLE_HYPOTHESIS; 形式化妥当性=FAIL_UNFORMALIZED。「GPUは大量のベクトル距離計算を並列化でき、インデックス構築や検索を高速化できる場合があります。」は候補資料(SRC-052)に直接locatorがなく、一般的事実としてはFAIL_UNFORMALIZEDが残る。原文の対象と作用を維持したまま、本ガイドの構成または対象データでの検証へスコープを限定すれば教材上の検討事項を保持できる。,,,UNVERIFIED,原文をrevised_sentenceへ置換し、対象データ、比較条件、観測指標、合否閾値を同じ節に追記する。検証後に限り事実表現へ戻し、意味を保存して再形式化する。,,,,,INCONCLUSIVE,NOT_APPLICABLE_UNPROVED,,,codex-independent-wave4,2026-08-15,INDEPENDENT_REVIEW_COMPLETE,PARTIAL_CANDIDATE_SOURCE_ONLY,FAIL_NO_DIRECT_LOCATOR,FAIL_UNFORMALIZED,BACKGROUND_CITATION,PASS_AFTER_TEST_SCOPE_QUALIFICATION,PASS_AFTER_HYPOTHESIS_QUALIFIER,PASS_AS_EXPLICIT_TESTABLE_HYPOTHESIS,FAIL_UNFORMALIZED
SENT-1162,52bebecfb2a435d0e7ff2efea557c5799674ded6,DiskANNは、SSDとメモリを組み合わせた大規模ANNを扱います。,SSDとメモリを組み合わせた大規模ANNを本ガイドの評価対象に含めます。,"AND(ATOM(disk_backed=true), ATOM(scalability=true))",AND,externally_cited_claim,UNCLASSIFIED,3.7.3 (docs/3.回答に使う資料を準備する/3.7.Index構築とライフサイクル.md:68),SRC-053,UNVERIFIED_CANDIDATE_URL_ONLY,AUTHOR_CLAIM,disk_backed=true,scalability=true,,REWRITE_REQUIRED,権威性=候補一次資料のみ; 直接性=locator未確認; 網羅性=未支持atom=scalability=true; 主張極性=AUTHOR_CLAIMとして再分類; スコープ=PASS_AFTER_CONCRETE_VERSION_OR_EXPERIMENT_SCOPE; モダリティ=PASS_AFTER_CONDITIONAL_OR_REPRODUCTION_WORDING; 教材妥当性=PASS_AFTER_CONCRETE_VERSION_OR_EXPERIMENT_QUALIFIER; 形式化妥当性=FAIL_UNSUPPORTED_ATOMS:scalability=true。「DiskANNは、SSDとメモリを組み合わせた大規模ANNを扱います。」の候補資料(SRC-053)はURL単位で、節・ページ・表・API見出しを独立に確認できていない。現文のFAIL_UNSUPPORTED_ATOMS:scalability=true、版・実験条件、資料内極性を断定せず、具体的な製品前提・ローカル定義・再現試験へ限定すれば教材内容を保持できる。,,,UNVERIFIED,原文をrevised_sentenceの具体文へ置換する。製品文は利用時点のregion/versionを受入条件へ追加し、研究文は同じ指標・比較条件で再現確認する。事実表現へ戻す場合は直接locatorを再監査する。,,,,,INCONCLUSIVE,NOT_APPLICABLE_UNPROVED,,,codex-independent-wave4,2026-08-15,INDEPENDENT_REVIEW_COMPLETE,PARTIAL_CANDIDATE_SOURCE_ONLY,FAIL_NO_DIRECT_LOCATOR,FAIL_UNSUPPORTED_ATOMS:scalability=true,AUTHOR_CLAIM,PASS_AFTER_CONCRETE_VERSION_OR_EXPERIMENT_SCOPE,PASS_AFTER_CONDITIONAL_OR_REPRODUCTION_WORDING,PASS_AFTER_CONCRETE_VERSION_OR_EXPERIMENT_QUALIFIER,FAIL_UNSUPPORTED_ATOMS:scalability=true
SENT-1163,52bebecfb2a435d0e7ff2efea557c5799674ded6,頻度は低いが規模が大きい検索では、すべてのベクトルを高価なメモリへ置かない方式が候補です。,本ガイドでは、頻度は低いが規模が大きい検索でを「すべてのベクトルを高価なメモリへ置かない方式が候補」として用います。,NOT(ATOM(retrieval=true)),NOT,general_technical_claim,すべて;ない,3.7.3 (docs/3.回答に使う資料を準備する/3.7.Index構築とライフサイクル.md:69),SRC-053,NOT_APPLICABLE_LOCAL_NORM,DEFINITION_OR_SPEC,retrieval=true,,NOT,APPROPRIATE_NORMATIVE,権威性=候補一次資料のみ; 直接性=locator未確認; 網羅性=関係NOT自体の根拠未確認; 主張極性=DEFINITION_OR_SPECとして再分類; スコープ=PASS_AFTER_LOCAL_GUIDE_SCOPE; モダリティ=PASS_AFTER_DEFINITION_QUALIFIER; 教材妥当性=PASS_AFTER_LOCAL_DEFINITION_QUALIFIER; 形式化妥当性=FAIL_RELATION_NOT。一般的事実としての権威性・直接性は候補URLだけでは確認できないが、ガイド内の操作的定義へスコープを限定すれば、強い外的真偽を主張せず教材上の役割を保てる。形式面ではFAIL_RELATION_NOTが残る。,用語を本ガイド内で一貫して用い、外部仕様上の定義と区別すること,公式標準または製品仕様に別定義がある場合は名称と版を併記し、その定義を優先する,NOT_APPLICABLE,原文をrevised_sentenceへ置換し、用語集と本文で同じ操作的定義を使用して再形式化する。,,,,,INCONCLUSIVE,NOT_APPLICABLE_UNPROVED,,,codex-independent-wave4,2026-08-15,INDEPENDENT_REVIEW_COMPLETE,PARTIAL_CANDIDATE_SOURCE_ONLY,FAIL_NO_DIRECT_LOCATOR,FAIL_RELATION_NOT,DEFINITION_OR_SPEC,PASS_AFTER_LOCAL_GUIDE_SCOPE,PASS_AFTER_DEFINITION_QUALIFIER,PASS_AFTER_LOCAL_DEFINITION_QUALIFIER,FAIL_RELATION_NOT
SENT-1164,52bebecfb2a435d0e7ff2efea557c5799674ded6,公開ベンチマークの値だけで方式を選びません。,本ガイドの基本構成では、公開ベンチマークの値だけで方式を選びません。,"NOT(AND(ATOM(evaluation=true), ATOM(benchmark=true)))",NOT,empirical_or_research_claim,ません,3.7.3 (docs/3.回答に使う資料を準備する/3.7.Index構築とライフサイクル.md:71),SRC-049;SRC-047;SRC-050,UNVERIFIED_CANDIDATE_URL_ONLY,EMPIRICAL_RESULT,benchmark=true;evaluation=true,,NOT,REWRITE_REQUIRED,権威性=候補一次資料のみ; 直接性=locator未確認; 網羅性=関係NOT自体の根拠未確認; 主張極性=EMPIRICAL_RESULTとして再分類; スコープ=PASS_AFTER_TEST_SCOPE_QUALIFICATION; モダリティ=PASS_AFTER_HYPOTHESIS_QUALIFIER; 教材妥当性=PASS_AS_EXPLICIT_TESTABLE_HYPOTHESIS; 形式化妥当性=FAIL_RELATION_NOT。「公開ベンチマークの値だけで方式を選びません。」は候補資料(SRC-049;SRC-047;SRC-050)に直接locatorがなく、一般的事実としてはFAIL_RELATION_NOTが残る。原文の対象と作用を維持したまま、本ガイドの構成または対象データでの検証へスコープを限定すれば教材上の検討事項を保持できる。,,,UNVERIFIED,原文をrevised_sentenceへ置換し、対象データ、比較条件、観測指標、合否閾値を同じ節に追記する。検証後に限り事実表現へ戻し、意味を保存して再形式化する。,,,,,INCONCLUSIVE,NOT_APPLICABLE_UNPROVED,,,codex-independent-wave4,2026-08-15,INDEPENDENT_REVIEW_COMPLETE,PARTIAL_CANDIDATE_SOURCE_ONLY,FAIL_NO_DIRECT_LOCATOR,FAIL_RELATION_NOT,EMPIRICAL_RESULT,PASS_AFTER_TEST_SCOPE_QUALIFICATION,PASS_AFTER_HYPOTHESIS_QUALIFIER,PASS_AS_EXPLICIT_TESTABLE_HYPOTHESIS,FAIL_RELATION_NOT
SENT-1167,52bebecfb2a435d0e7ff2efea557c5799674ded6,インデックススキーマには、ベクトル次元数、距離尺度、正規化、本文項目、見出し、ACL、絞り込みに使えるメタデータを定義します。,本ガイドの基本構成では、インデックススキーマには、ベクトル次元数、距離尺度、正規化、本文項目、見出し、ACL、絞り込みに使えるメタデータを定義します。,"AND(ATOM(authorization=true), ATOM(dimension_contract=true))",AND,general_technical_claim,UNCLASSIFIED,3.7.4 (docs/3.回答に使う資料を準備する/3.7.Index構築とライフサイクル.md:77),SRC-052;SRC-055,UNVERIFIED_CANDIDATE_URL_ONLY,BACKGROUND_CITATION,dimension_contract=true,authorization=true,,REWRITE_REQUIRED,権威性=候補一次資料のみ; 直接性=locator未確認; 網羅性=未支持atom=authorization=true; 主張極性=BACKGROUND_CITATIONとして再分類; スコープ=PASS_AFTER_TEST_SCOPE_QUALIFICATION; モダリティ=PASS_AFTER_HYPOTHESIS_QUALIFIER; 教材妥当性=PASS_AS_EXPLICIT_TESTABLE_HYPOTHESIS; 形式化妥当性=FAIL_UNSUPPORTED_ATOMS:authorization=true。「インデックススキーマには、ベクトル次元数、距離尺度、正規化、本文項目、見出し、ACL、絞り込みに使えるメタデータを定義します。」は候補資料(SRC-052;SRC-055)に直接locatorがなく、一般的事実としてはFAIL_UNSUPPORTED_ATOMS:authorization=trueが残る。原文の対象と作用を維持したまま、本ガイドの構成または対象データでの検証へスコープを限定すれば教材上の検討事項を保持できる。,,,UNVERIFIED,原文をrevised_sentenceへ置換し、対象データ、比較条件、観測指標、合否閾値を同じ節に追記する。検証後に限り事実表現へ戻し、意味を保存して再形式化する。,,,,,INCONCLUSIVE,NOT_APPLICABLE_UNPROVED,,,codex-independent-wave4,2026-08-15,INDEPENDENT_REVIEW_COMPLETE,PARTIAL_CANDIDATE_SOURCE_ONLY,FAIL_NO_DIRECT_LOCATOR,FAIL_UNSUPPORTED_ATOMS:authorization=true,BACKGROUND_CITATION,PASS_AFTER_TEST_SCOPE_QUALIFICATION,PASS_AFTER_HYPOTHESIS_QUALIFIER,PASS_AS_EXPLICIT_TESTABLE_HYPOTHESIS,FAIL_UNSUPPORTED_ATOMS:authorization=true
SENT-1179,52bebecfb2a435d0e7ff2efea557c5799674ded6,解析器、分割器、埋め込みモデルの版,本ガイドの基本構成では、解析器、分割器、埋め込みモデルの版。,"AND(ATOM(embedding_model=true), ATOM(parsing=true))",AND,general_technical_claim,UNCLASSIFIED,3.7.4 (docs/3.回答に使う資料を準備する/3.7.Index構築とライフサイクル.md:94),SRC-056,UNVERIFIED_CANDIDATE_URL_ONLY,BACKGROUND_CITATION,embedding_model=true,parsing=true,,REWRITE_REQUIRED,権威性=候補一次資料のみ; 直接性=locator未確認; 網羅性=未支持atom=parsing=true; 主張極性=BACKGROUND_CITATIONとして再分類; スコープ=PASS_AFTER_TEST_SCOPE_QUALIFICATION; モダリティ=PASS_AFTER_HYPOTHESIS_QUALIFIER; 教材妥当性=PASS_AS_EXPLICIT_TESTABLE_HYPOTHESIS; 形式化妥当性=FAIL_UNSUPPORTED_ATOMS:parsing=true。「解析器、分割器、埋め込みモデルの版」は候補資料(SRC-056)に直接locatorがなく、一般的事実としてはFAIL_UNSUPPORTED_ATOMS:parsing=trueが残る。原文の対象と作用を維持したまま、本ガイドの構成または対象データでの検証へスコープを限定すれば教材上の検討事項を保持できる。,,,UNVERIFIED,原文をrevised_sentenceへ置換し、対象データ、比較条件、観測指標、合否閾値を同じ節に追記する。検証後に限り事実表現へ戻し、意味を保存して再形式化する。,,,,,INCONCLUSIVE,NOT_APPLICABLE_UNPROVED,,,codex-independent-wave4,2026-08-15,INDEPENDENT_REVIEW_COMPLETE,PARTIAL_CANDIDATE_SOURCE_ONLY,FAIL_NO_DIRECT_LOCATOR,FAIL_UNSUPPORTED_ATOMS:parsing=true,BACKGROUND_CITATION,PASS_AFTER_TEST_SCOPE_QUALIFICATION,PASS_AFTER_HYPOTHESIS_QUALIFIER,PASS_AS_EXPLICIT_TESTABLE_HYPOTHESIS,FAIL_UNSUPPORTED_ATOMS:parsing=true
SENT-1182,52bebecfb2a435d0e7ff2efea557c5799674ded6,文書、チャンク、ベクトル、登録済み件数,本ガイドの基本構成では、文書、チャンク、ベクトル、登録済み件数。,UNFORMALIZED,UNFORMALIZED,general_technical_claim,UNCLASSIFIED,3.7.4 (docs/3.回答に使う資料を準備する/3.7.Index構築とライフサイクル.md:97),SRC-002;SRC-005;SRC-009;SRC-010;SRC-011,UNVERIFIED_CANDIDATE_URL_ONLY,BACKGROUND_CITATION,,,,REWRITE_REQUIRED,権威性=候補一次資料のみ; 直接性=locator未確認; 網羅性=未支持atom=none-explicit; 主張極性=BACKGROUND_CITATIONとして再分類; スコープ=PASS_AFTER_TEST_SCOPE_QUALIFICATION; モダリティ=PASS_AFTER_HYPOTHESIS_QUALIFIER; 教材妥当性=PASS_AS_EXPLICIT_TESTABLE_HYPOTHESIS; 形式化妥当性=FAIL_UNFORMALIZED。「文書、チャンク、ベクトル、登録済み件数」は候補資料(SRC-002;SRC-005;SRC-009;SRC-010;SRC-011)に直接locatorがなく、一般的事実としてはFAIL_UNFORMALIZEDが残る。原文の対象と作用を維持したまま、本ガイドの構成または対象データでの検証へスコープを限定すれば教材上の検討事項を保持できる。,,,UNVERIFIED,原文をrevised_sentenceへ置換し、対象データ、比較条件、観測指標、合否閾値を同じ節に追記する。検証後に限り事実表現へ戻し、意味を保存して再形式化する。,,,,,INCONCLUSIVE,NOT_APPLICABLE_UNPROVED,,,codex-independent-wave4,2026-08-15,INDEPENDENT_REVIEW_COMPLETE,PARTIAL_CANDIDATE_SOURCE_ONLY,FAIL_NO_DIRECT_LOCATOR,FAIL_UNFORMALIZED,BACKGROUND_CITATION,PASS_AFTER_TEST_SCOPE_QUALIFICATION,PASS_AFTER_HYPOTHESIS_QUALIFIER,PASS_AS_EXPLICIT_TESTABLE_HYPOTHESIS,FAIL_UNFORMALIZED
SENT-1184,52bebecfb2a435d0e7ff2efea557c5799674ded6,文書、チャンク、ベクトル、インデックス登録件数の差を説明できる必要があります。,文書、チャンク、ベクトル、インデックス登録件数の差を説明できる必要があります。,UNFORMALIZED,UNFORMALIZED,general_technical_claim,必要;できる,3.7.4 (docs/3.回答に使う資料を準備する/3.7.Index構築とライフサイクル.md:100),SRC-002;SRC-005;SRC-009;SRC-010;SRC-011,NOT_APPLICABLE_LOCAL_NORM,HYPOTHESIS,,,,APPROPRIATE_NORMATIVE,権威性=候補一次資料のみ; 直接性=locator未確認; 網羅性=未支持atom=none-explicit; 主張極性=HYPOTHESISとして再分類; スコープ=PASS_LOCAL_DESIGN_POLICY; モダリティ=PASS_AS_DISCLOSED_NORMATIVE_RULE; 教材妥当性=PASS_AFTER_EXPLICIT_CRITERIA_AND_EXCEPTION; 形式化妥当性=FAIL_UNFORMALIZED。「文書、チャンク、ベクトル、インデックス登録件数の差を説明できる必要があります。」は外的真偽の断定ではなく、対象・処理・判断を特定した設計・運用上の選択規則として読める。ただし候補資料(SRC-002;SRC-005;SRC-009;SRC-010;SRC-011)はURL単位で、直接locatorは未確認。規範の判断基準と例外を明示すれば教材として採用できる。形式面ではFAIL_UNFORMALIZEDを別途解消する必要がある。,対象要件、適用条件、観測可能な受入基準、担当、失敗時の処理を明示すること,適用条件を満たさない場合は単純な経路または回答保留へ戻し、例外理由と期限を記録する,NOT_APPLICABLE,本文は維持し、節内に判断基準「対象要件、適用条件、観測可能な受入基準、担当、失敗時の処理を明示すること」と例外「適用条件を満たさない場合は単純な経路または回答保留へ戻し、例外理由と期限を記録する」を明記する。経験的な効果保証とは分離し、意味を保存して再形式化する。,,,,,INCONCLUSIVE,NOT_APPLICABLE_UNPROVED,,,codex-independent-wave4,2026-08-15,INDEPENDENT_REVIEW_COMPLETE,PARTIAL_CANDIDATE_SOURCE_ONLY,FAIL_NO_DIRECT_LOCATOR,FAIL_UNFORMALIZED,HYPOTHESIS,PASS_LOCAL_DESIGN_POLICY,PASS_AS_DISCLOSED_NORMATIVE_RULE,PASS_AFTER_EXPLICIT_CRITERIA_AND_EXCEPTION,FAIL_UNFORMALIZED
SENT-1185,52bebecfb2a435d0e7ff2efea557c5799674ded6,例えば、埋め込みに失敗したチャンクは隔離一覧と一致させます。,本ガイドの基本構成では、例えば、埋め込みに失敗したチャンクは隔離一覧と一致させます。,UNFORMALIZED,UNFORMALIZED,general_technical_claim,UNCLASSIFIED,3.7.4 (docs/3.回答に使う資料を準備する/3.7.Index構築とライフサイクル.md:101),SRC-002;SRC-005;SRC-009;SRC-010;SRC-011,UNVERIFIED_CANDIDATE_URL_ONLY,BACKGROUND_CITATION,,,,REWRITE_REQUIRED,権威性=候補一次資料のみ; 直接性=locator未確認; 網羅性=未支持atom=none-explicit; 主張極性=BACKGROUND_CITATIONとして再分類; スコープ=PASS_AFTER_TEST_SCOPE_QUALIFICATION; モダリティ=PASS_AFTER_HYPOTHESIS_QUALIFIER; 教材妥当性=PASS_AS_EXPLICIT_TESTABLE_HYPOTHESIS; 形式化妥当性=FAIL_UNFORMALIZED。「例えば、埋め込みに失敗したチャンクは隔離一覧と一致させます。」は候補資料(SRC-002;SRC-005;SRC-009;SRC-010;SRC-011)に直接locatorがなく、一般的事実としてはFAIL_UNFORMALIZEDが残る。原文の対象と作用を維持したまま、本ガイドの構成または対象データでの検証へスコープを限定すれば教材上の検討事項を保持できる。,,,UNVERIFIED,原文をrevised_sentenceへ置換し、対象データ、比較条件、観測指標、合否閾値を同じ節に追記する。検証後に限り事実表現へ戻し、意味を保存して再形式化する。,,,,,INCONCLUSIVE,NOT_APPLICABLE_UNPROVED,,,codex-independent-wave4,2026-08-15,INDEPENDENT_REVIEW_COMPLETE,PARTIAL_CANDIDATE_SOURCE_ONLY,FAIL_NO_DIRECT_LOCATOR,FAIL_UNFORMALIZED,BACKGROUND_CITATION,PASS_AFTER_TEST_SCOPE_QUALIFICATION,PASS_AFTER_HYPOTHESIS_QUALIFIER,PASS_AS_EXPLICIT_TESTABLE_HYPOTHESIS,FAIL_UNFORMALIZED
SENT-1197,52bebecfb2a435d0e7ff2efea557c5799674ded6,グラフ型ANNへ追加と削除を繰り返すと、検索品質と性能が初回構築時から変化する場合があります。,グラフ型ANNへ追加と削除を繰り返すと、検索品質と性能が初回構築時から変化する場合を想定し、その発生条件と影響を対象データで確認します。,UNFORMALIZED,UNFORMALIZED,general_technical_claim,場合があります,3.7.5 (docs/3.回答に使う資料を準備する/3.7.Index構築とライフサイクル.md:121),SRC-054;SRC-055,UNVERIFIED_CANDIDATE_URL_ONLY,BACKGROUND_CITATION,,,,REWRITE_REQUIRED,権威性=候補一次資料のみ; 直接性=locator未確認; 網羅性=未支持atom=none-explicit; 主張極性=BACKGROUND_CITATIONとして再分類; スコープ=PASS_AFTER_TEST_SCOPE_QUALIFICATION; モダリティ=PASS_AFTER_HYPOTHESIS_QUALIFIER; 教材妥当性=PASS_AS_EXPLICIT_TESTABLE_HYPOTHESIS; 形式化妥当性=FAIL_UNFORMALIZED。「グラフ型ANNへ追加と削除を繰り返すと、検索品質と性能が初回構築時から変化する場合があります。」は候補資料(SRC-054;SRC-055)に直接locatorがなく、一般的事実としてはFAIL_UNFORMALIZEDが残る。原文の対象と作用を維持したまま、本ガイドの構成または対象データでの検証へスコープを限定すれば教材上の検討事項を保持できる。,,,UNVERIFIED,原文をrevised_sentenceへ置換し、対象データ、比較条件、観測指標、合否閾値を同じ節に追記する。検証後に限り事実表現へ戻し、意味を保存して再形式化する。,,,,,INCONCLUSIVE,NOT_APPLICABLE_UNPROVED,,,codex-independent-wave4,2026-08-15,INDEPENDENT_REVIEW_COMPLETE,PARTIAL_CANDIDATE_SOURCE_ONLY,FAIL_NO_DIRECT_LOCATOR,FAIL_UNFORMALIZED,BACKGROUND_CITATION,PASS_AFTER_TEST_SCOPE_QUALIFICATION,PASS_AFTER_HYPOTHESIS_QUALIFIER,PASS_AS_EXPLICIT_TESTABLE_HYPOTHESIS,FAIL_UNFORMALIZED
SENT-1211,52bebecfb2a435d0e7ff2efea557c5799674ded6,異なる埋め込み空間やスキーマの候補を、同じ順位一覧へ無計画に混在させません。,本ガイドの基本構成では、異なる埋め込み空間やスキーマの候補を、同じ順位一覧へ無計画に混在させません。,UNFORMALIZED,UNFORMALIZED,general_technical_claim,ません,3.7.6 (docs/3.回答に使う資料を準備する/3.7.Index構築とライフサイクル.md:143),SRC-002;SRC-005;SRC-009;SRC-010;SRC-011,UNVERIFIED_CANDIDATE_URL_ONLY,BACKGROUND_CITATION,,,,REWRITE_REQUIRED,権威性=候補一次資料のみ; 直接性=locator未確認; 網羅性=未支持atom=none-explicit; 主張極性=BACKGROUND_CITATIONとして再分類; スコープ=PASS_AFTER_TEST_SCOPE_QUALIFICATION; モダリティ=PASS_AFTER_HYPOTHESIS_QUALIFIER; 教材妥当性=PASS_AS_EXPLICIT_TESTABLE_HYPOTHESIS; 形式化妥当性=FAIL_UNFORMALIZED。「異なる埋め込み空間やスキーマの候補を、同じ順位一覧へ無計画に混在させません。」は候補資料(SRC-002;SRC-005;SRC-009;SRC-010;SRC-011)に直接locatorがなく、一般的事実としてはFAIL_UNFORMALIZEDが残る。原文の対象と作用を維持したまま、本ガイドの構成または対象データでの検証へスコープを限定すれば教材上の検討事項を保持できる。,,,UNVERIFIED,原文をrevised_sentenceへ置換し、対象データ、比較条件、観測指標、合否閾値を同じ節に追記する。検証後に限り事実表現へ戻し、意味を保存して再形式化する。,,,,,INCONCLUSIVE,NOT_APPLICABLE_UNPROVED,,,codex-independent-wave4,2026-08-15,INDEPENDENT_REVIEW_COMPLETE,PARTIAL_CANDIDATE_SOURCE_ONLY,FAIL_NO_DIRECT_LOCATOR,FAIL_UNFORMALIZED,BACKGROUND_CITATION,PASS_AFTER_TEST_SCOPE_QUALIFICATION,PASS_AFTER_HYPOTHESIS_QUALIFIER,PASS_AS_EXPLICIT_TESTABLE_HYPOTHESIS,FAIL_UNFORMALIZED
SENT-1212,52bebecfb2a435d0e7ff2efea557c5799674ded6,候補を統合する必要がある場合は、対応する検索器と統合規則を版管理します。,候補を統合する必要がある場合は、対応する検索器と統合規則を版管理します。,UNFORMALIZED,UNFORMALIZED,general_technical_claim,必要,3.7.6 (docs/3.回答に使う資料を準備する/3.7.Index構築とライフサイクル.md:144),SRC-002;SRC-005;SRC-009;SRC-010;SRC-011,NOT_APPLICABLE_LOCAL_NORM,HYPOTHESIS,,,,APPROPRIATE_NORMATIVE,権威性=候補一次資料のみ; 直接性=locator未確認; 網羅性=未支持atom=none-explicit; 主張極性=HYPOTHESISとして再分類; スコープ=PASS_LOCAL_DESIGN_POLICY; モダリティ=PASS_AS_DISCLOSED_NORMATIVE_RULE; 教材妥当性=PASS_AFTER_EXPLICIT_CRITERIA_AND_EXCEPTION; 形式化妥当性=FAIL_UNFORMALIZED。「候補を統合する必要がある場合は、対応する検索器と統合規則を版管理します。」は外的真偽の断定ではなく、対象・処理・判断を特定した設計・運用上の選択規則として読める。ただし候補資料(SRC-002;SRC-005;SRC-009;SRC-010;SRC-011)はURL単位で、直接locatorは未確認。規範の判断基準と例外を明示すれば教材として採用できる。形式面ではFAIL_UNFORMALIZEDを別途解消する必要がある。,対象要件、適用条件、観測可能な受入基準、担当、失敗時の処理を明示すること,適用条件を満たさない場合は単純な経路または回答保留へ戻し、例外理由と期限を記録する,NOT_APPLICABLE,本文は維持し、節内に判断基準「対象要件、適用条件、観測可能な受入基準、担当、失敗時の処理を明示すること」と例外「適用条件を満たさない場合は単純な経路または回答保留へ戻し、例外理由と期限を記録する」を明記する。経験的な効果保証とは分離し、意味を保存して再形式化する。,,,,,INCONCLUSIVE,NOT_APPLICABLE_UNPROVED,,,codex-independent-wave4,2026-08-15,INDEPENDENT_REVIEW_COMPLETE,PARTIAL_CANDIDATE_SOURCE_ONLY,FAIL_NO_DIRECT_LOCATOR,FAIL_UNFORMALIZED,HYPOTHESIS,PASS_LOCAL_DESIGN_POLICY,PASS_AS_DISCLOSED_NORMATIVE_RULE,PASS_AFTER_EXPLICIT_CRITERIA_AND_EXCEPTION,FAIL_UNFORMALIZED
SENT-1215,52bebecfb2a435d0e7ff2efea557c5799674ded6,複数の計算資源へデータを分散するベクトルデータベースは、ANNアルゴリズムだけでなく、書き込み経路、ログ、データ区画、スナップショット、複製、圧縮を含みます。,本ガイドの基本構成では、複数の計算資源へデータを分散するベクトルデータベースは、ANNアルゴリズムだけでなく、書き込み経路、ログ、データ区画、スナップショット、複製、圧縮を含みます。,"AND(ATOM(compressed_vectors=true), ATOM(compression=true))",AND,general_technical_claim,UNCLASSIFIED,3.7.7 (docs/3.回答に使う資料を準備する/3.7.Index構築とライフサイクル.md:151),SRC-056,UNVERIFIED_CANDIDATE_URL_ONLY,BACKGROUND_CITATION,,compressed_vectors=true;compression=true,,REWRITE_REQUIRED,権威性=候補一次資料のみ; 直接性=locator未確認; 網羅性=未支持atom=compressed_vectors=true;compression=true; 主張極性=BACKGROUND_CITATIONとして再分類; スコープ=PASS_AFTER_TEST_SCOPE_QUALIFICATION; モダリティ=PASS_AFTER_HYPOTHESIS_QUALIFIER; 教材妥当性=PASS_AS_EXPLICIT_TESTABLE_HYPOTHESIS; 形式化妥当性=FAIL_UNSUPPORTED_ATOMS:compressed_vectors=true;compression=true。「複数の計算資源へデータを分散するベクトルデータベースは、ANNアルゴリズムだけでなく、書き込み経路、ログ、データ区画、スナップショット、複製、圧縮を含みます。」は候補資料(SRC-056)に直接locatorがなく、一般的事実としてはFAIL_UNSUPPORTED_ATOMS:compressed_vectors=true;compression=trueが残る。原文の対象と作用を維持したまま、本ガイドの構成または対象データでの検証へスコープを限定すれば教材上の検討事項を保持できる。,,,UNVERIFIED,原文をrevised_sentenceへ置換し、対象データ、比較条件、観測指標、合否閾値を同じ節に追記する。検証後に限り事実表現へ戻し、意味を保存して再形式化する。,,,,,INCONCLUSIVE,NOT_APPLICABLE_UNPROVED,,,codex-independent-wave4,2026-08-15,INDEPENDENT_REVIEW_COMPLETE,PARTIAL_CANDIDATE_SOURCE_ONLY,FAIL_NO_DIRECT_LOCATOR,FAIL_UNSUPPORTED_ATOMS:compressed_vectors=true;compression=true,BACKGROUND_CITATION,PASS_AFTER_TEST_SCOPE_QUALIFICATION,PASS_AFTER_HYPOTHESIS_QUALIFIER,PASS_AS_EXPLICIT_TESTABLE_HYPOTHESIS,FAIL_UNSUPPORTED_ATOMS:compressed_vectors=true;compression=true
SENT-1216,52bebecfb2a435d0e7ff2efea557c5799674ded6,Manuは、継続的な更新とベクトル検索を扱う分散型システムを示しました。,継続的な更新とベクトル検索を扱う分散型システムが対象データでも成り立つかを、同じ条件と指標で検証します。,"AND(ATOM(incremental_updates=true), ATOM(retrieval=true))",AND,externally_cited_claim,UNCLASSIFIED,3.7.7 (docs/3.回答に使う資料を準備する/3.7.Index構築とライフサイクル.md:152),SRC-056,UNVERIFIED_CANDIDATE_URL_ONLY,AUTHOR_CLAIM,retrieval=true,incremental_updates=true,,REWRITE_REQUIRED,権威性=候補一次資料のみ; 直接性=locator未確認; 網羅性=未支持atom=incremental_updates=true; 主張極性=AUTHOR_CLAIMとして再分類; スコープ=PASS_AFTER_CONCRETE_VERSION_OR_EXPERIMENT_SCOPE; モダリティ=PASS_AFTER_CONDITIONAL_OR_REPRODUCTION_WORDING; 教材妥当性=PASS_AFTER_CONCRETE_VERSION_OR_EXPERIMENT_QUALIFIER; 形式化妥当性=FAIL_UNSUPPORTED_ATOMS:incremental_updates=true。「Manuは、継続的な更新とベクトル検索を扱う分散型システムを示しました。」の候補資料(SRC-056)はURL単位で、節・ページ・表・API見出しを独立に確認できていない。現文のFAIL_UNSUPPORTED_ATOMS:incremental_updates=true、版・実験条件、資料内極性を断定せず、具体的な製品前提・ローカル定義・再現試験へ限定すれば教材内容を保持できる。,,,UNVERIFIED,原文をrevised_sentenceの具体文へ置換する。製品文は利用時点のregion/versionを受入条件へ追加し、研究文は同じ指標・比較条件で再現確認する。事実表現へ戻す場合は直接locatorを再監査する。,,,,,INCONCLUSIVE,NOT_APPLICABLE_UNPROVED,,,codex-independent-wave4,2026-08-15,INDEPENDENT_REVIEW_COMPLETE,PARTIAL_CANDIDATE_SOURCE_ONLY,FAIL_NO_DIRECT_LOCATOR,FAIL_UNSUPPORTED_ATOMS:incremental_updates=true,AUTHOR_CLAIM,PASS_AFTER_CONCRETE_VERSION_OR_EXPERIMENT_SCOPE,PASS_AFTER_CONDITIONAL_OR_REPRODUCTION_WORDING,PASS_AFTER_CONCRETE_VERSION_OR_EXPERIMENT_QUALIFIER,FAIL_UNSUPPORTED_ATOMS:incremental_updates=true
SENT-1223,52bebecfb2a435d0e7ff2efea557c5799674ded6,ベクトル本体の概算容量は N × d × b で求められます。,本ガイドの基本構成では、ベクトル本体の概算容量は N × d × b で求められます。,UNFORMALIZED,UNFORMALIZED,general_technical_claim,UNCLASSIFIED,3.7.7 (docs/3.回答に使う資料を準備する/3.7.Index構築とライフサイクル.md:162),SRC-002;SRC-005;SRC-009;SRC-010;SRC-011,UNVERIFIED_CANDIDATE_URL_ONLY,BACKGROUND_CITATION,,,,REWRITE_REQUIRED,権威性=候補一次資料のみ; 直接性=locator未確認; 網羅性=未支持atom=none-explicit; 主張極性=BACKGROUND_CITATIONとして再分類; スコープ=PASS_AFTER_TEST_SCOPE_QUALIFICATION; モダリティ=PASS_AFTER_HYPOTHESIS_QUALIFIER; 教材妥当性=PASS_AS_EXPLICIT_TESTABLE_HYPOTHESIS; 形式化妥当性=FAIL_UNFORMALIZED。「ベクトル本体の概算容量は N × d × b で求められます。」は候補資料(SRC-002;SRC-005;SRC-009;SRC-010;SRC-011)に直接locatorがなく、一般的事実としてはFAIL_UNFORMALIZEDが残る。原文の対象と作用を維持したまま、本ガイドの構成または対象データでの検証へスコープを限定すれば教材上の検討事項を保持できる。,,,UNVERIFIED,原文をrevised_sentenceへ置換し、対象データ、比較条件、観測指標、合否閾値を同じ節に追記する。検証後に限り事実表現へ戻し、意味を保存して再形式化する。,,,,,INCONCLUSIVE,NOT_APPLICABLE_UNPROVED,,,codex-independent-wave4,2026-08-15,INDEPENDENT_REVIEW_COMPLETE,PARTIAL_CANDIDATE_SOURCE_ONLY,FAIL_NO_DIRECT_LOCATOR,FAIL_UNFORMALIZED,BACKGROUND_CITATION,PASS_AFTER_TEST_SCOPE_QUALIFICATION,PASS_AFTER_HYPOTHESIS_QUALIFIER,PASS_AS_EXPLICIT_TESTABLE_HYPOTHESIS,FAIL_UNFORMALIZED
SENT-1232,52bebecfb2a435d0e7ff2efea557c5799674ded6,公開値をそのまま採用せず、対象の計算機、ベクトル、絞り込み条件で再測定します。,公開値をそのまま採用せず、対象の計算機、ベクトル、絞り込み条件で再測定します。,NOT(ATOM(evaluation=true)),NOT,general_technical_claim,UNCLASSIFIED,3.7.7 (docs/3.回答に使う資料を準備する/3.7.Index構築とライフサイクル.md:174),SRC-052;SRC-053,NOT_APPLICABLE_LOCAL_NORM,HYPOTHESIS,,evaluation=true,NOT,APPROPRIATE_NORMATIVE,権威性=候補一次資料のみ; 直接性=locator未確認; 網羅性=関係NOT自体の根拠未確認; 主張極性=HYPOTHESISとして再分類; スコープ=PASS_LOCAL_DESIGN_POLICY; モダリティ=PASS_AS_DISCLOSED_NORMATIVE_RULE; 教材妥当性=PASS_AFTER_EXPLICIT_CRITERIA_AND_EXCEPTION; 形式化妥当性=FAIL_RELATION_NOT。「公開値をそのまま採用せず、対象の計算機、ベクトル、絞り込み条件で再測定します。」は外的真偽の断定ではなく、対象・処理・判断を特定した設計・運用上の選択規則として読める。ただし候補資料(SRC-052;SRC-053)はURL単位で、直接locatorは未確認。規範の判断基準と例外を明示すれば教材として採用できる。形式面ではFAIL_RELATION_NOTを別途解消する必要がある。,禁止対象、禁止理由、代替経路を明示し、安全性・再現性・追跡性のいずれを守る規則か検査できること,禁止理由を満たす別の統制が同等以上の証拠で確認できる場合のみ例外とし、理由と期限を記録する,NOT_APPLICABLE,本文は維持し、節内に判断基準「禁止対象、禁止理由、代替経路を明示し、安全性・再現性・追跡性のいずれを守る規則か検査できること」と例外「禁止理由を満たす別の統制が同等以上の証拠で確認できる場合のみ例外とし、理由と期限を記録する」を明記する。経験的な効果保証とは分離し、意味を保存して再形式化する。,,,,,INCONCLUSIVE,NOT_APPLICABLE_UNPROVED,,,codex-independent-wave4,2026-08-15,INDEPENDENT_REVIEW_COMPLETE,PARTIAL_CANDIDATE_SOURCE_ONLY,FAIL_NO_DIRECT_LOCATOR,FAIL_RELATION_NOT,HYPOTHESIS,PASS_LOCAL_DESIGN_POLICY,PASS_AS_DISCLOSED_NORMATIVE_RULE,PASS_AFTER_EXPLICIT_CRITERIA_AND_EXCEPTION,FAIL_RELATION_NOT
SENT-1242,52bebecfb2a435d0e7ff2efea557c5799674ded6,異常を検知したときに、情報源、解析、埋め込み、ANN、フィルターのどこで変化したかを分けられる指標を持ちます。,本ガイドの基本構成では、異常を検知したときに、情報源、解析、埋め込み、ANN、フィルターのどこで変化したかを分けられる指標を持ちます。,UNFORMALIZED,UNFORMALIZED,general_technical_claim,UNCLASSIFIED,3.7.7 (docs/3.回答に使う資料を準備する/3.7.Index構築とライフサイクル.md:188),SRC-002;SRC-005;SRC-009;SRC-010;SRC-011,UNVERIFIED_CANDIDATE_URL_ONLY,BACKGROUND_CITATION,,,,REWRITE_REQUIRED,権威性=候補一次資料のみ; 直接性=locator未確認; 網羅性=未支持atom=none-explicit; 主張極性=BACKGROUND_CITATIONとして再分類; スコープ=PASS_AFTER_TEST_SCOPE_QUALIFICATION; モダリティ=PASS_AFTER_HYPOTHESIS_QUALIFIER; 教材妥当性=PASS_AS_EXPLICIT_TESTABLE_HYPOTHESIS; 形式化妥当性=FAIL_UNFORMALIZED。「異常を検知したときに、情報源、解析、埋め込み、ANN、フィルターのどこで変化したかを分けられる指標を持ちます。」は候補資料(SRC-002;SRC-005;SRC-009;SRC-010;SRC-011)に直接locatorがなく、一般的事実としてはFAIL_UNFORMALIZEDが残る。原文の対象と作用を維持したまま、本ガイドの構成または対象データでの検証へスコープを限定すれば教材上の検討事項を保持できる。,,,UNVERIFIED,原文をrevised_sentenceへ置換し、対象データ、比較条件、観測指標、合否閾値を同じ節に追記する。検証後に限り事実表現へ戻し、意味を保存して再形式化する。,,,,,INCONCLUSIVE,NOT_APPLICABLE_UNPROVED,,,codex-independent-wave4,2026-08-15,INDEPENDENT_REVIEW_COMPLETE,PARTIAL_CANDIDATE_SOURCE_ONLY,FAIL_NO_DIRECT_LOCATOR,FAIL_UNFORMALIZED,BACKGROUND_CITATION,PASS_AFTER_TEST_SCOPE_QUALIFICATION,PASS_AFTER_HYPOTHESIS_QUALIFIER,PASS_AS_EXPLICIT_TESTABLE_HYPOTHESIS,FAIL_UNFORMALIZED
SENT-1274,52bebecfb2a435d0e7ff2efea557c5799674ded6,Query Resolution for Conversational Searchは、会話中の質問へ必要な情報を補う方法を扱いました。,会話中の質問へ必要な情報を補う方法を本ガイドの評価対象に含めます。,UNFORMALIZED,UNFORMALIZED,externally_cited_claim,必要,4.1.1 (docs/4.質問に合う根拠を探す/4.1.Query理解と検索計画.md:12),SRC-057,UNVERIFIED_CANDIDATE_URL_ONLY,AUTHOR_CLAIM,,,,REWRITE_REQUIRED,権威性=候補一次資料のみ; 直接性=locator未確認; 網羅性=未支持atom=none-explicit; 主張極性=AUTHOR_CLAIMとして再分類; スコープ=PASS_AFTER_CONCRETE_VERSION_OR_EXPERIMENT_SCOPE; モダリティ=PASS_AFTER_CONDITIONAL_OR_REPRODUCTION_WORDING; 教材妥当性=PASS_AFTER_CONCRETE_VERSION_OR_EXPERIMENT_QUALIFIER; 形式化妥当性=FAIL_UNFORMALIZED。「Query Resolution for Conversational Searchは、会話中の質問へ必要な情報を補う方法を扱いました。」の候補資料(SRC-057)はURL単位で、節・ページ・表・API見出しを独立に確認できていない。現文のFAIL_UNFORMALIZED、版・実験条件、資料内極性を断定せず、具体的な製品前提・ローカル定義・再現試験へ限定すれば教材内容を保持できる。,,,UNVERIFIED,原文をrevised_sentenceの具体文へ置換する。製品文は利用時点のregion/versionを受入条件へ追加し、研究文は同じ指標・比較条件で再現確認する。事実表現へ戻す場合は直接locatorを再監査する。,,,,,INCONCLUSIVE,NOT_APPLICABLE_UNPROVED,,,codex-independent-wave4,2026-08-15,INDEPENDENT_REVIEW_COMPLETE,PARTIAL_CANDIDATE_SOURCE_ONLY,FAIL_NO_DIRECT_LOCATOR,FAIL_UNFORMALIZED,AUTHOR_CLAIM,PASS_AFTER_CONCRETE_VERSION_OR_EXPERIMENT_SCOPE,PASS_AFTER_CONDITIONAL_OR_REPRODUCTION_WORDING,PASS_AFTER_CONCRETE_VERSION_OR_EXPERIMENT_QUALIFIER,FAIL_UNFORMALIZED
SENT-1276,52bebecfb2a435d0e7ff2efea557c5799674ded6,会話の参照先を解決できても、検索器、検索件数、反復回数は自動的に決まりません。,本ガイドの基本構成では、会話の参照先を解決できても、検索器、検索件数、反復回数は自動的に決まりません。,NOT(ATOM(retrieval=true)),NOT,general_technical_claim,ません,4.1.1 (docs/4.質問に合う根拠を探す/4.1.Query理解と検索計画.md:14),SRC-057;SRC-058,UNVERIFIED_CANDIDATE_URL_ONLY,BACKGROUND_CITATION,retrieval=true,,NOT,REWRITE_REQUIRED,権威性=候補一次資料のみ; 直接性=locator未確認; 網羅性=関係NOT自体の根拠未確認; 主張極性=BACKGROUND_CITATIONとして再分類; スコープ=PASS_AFTER_TEST_SCOPE_QUALIFICATION; モダリティ=PASS_AFTER_HYPOTHESIS_QUALIFIER; 教材妥当性=PASS_AS_EXPLICIT_TESTABLE_HYPOTHESIS; 形式化妥当性=FAIL_RELATION_NOT。「会話の参照先を解決できても、検索器、検索件数、反復回数は自動的に決まりません。」は候補資料(SRC-057;SRC-058)に直接locatorがなく、一般的事実としてはFAIL_RELATION_NOTが残る。原文の対象と作用を維持したまま、本ガイドの構成または対象データでの検証へスコープを限定すれば教材上の検討事項を保持できる。,,,UNVERIFIED,原文をrevised_sentenceへ置換し、対象データ、比較条件、観測指標、合否閾値を同じ節に追記する。検証後に限り事実表現へ戻し、意味を保存して再形式化する。,,,,,INCONCLUSIVE,NOT_APPLICABLE_UNPROVED,,,codex-independent-wave4,2026-08-15,INDEPENDENT_REVIEW_COMPLETE,PARTIAL_CANDIDATE_SOURCE_ONLY,FAIL_NO_DIRECT_LOCATOR,FAIL_RELATION_NOT,BACKGROUND_CITATION,PASS_AFTER_TEST_SCOPE_QUALIFICATION,PASS_AFTER_HYPOTHESIS_QUALIFIER,PASS_AS_EXPLICIT_TESTABLE_HYPOTHESIS,FAIL_RELATION_NOT
SENT-1301,52bebecfb2a435d0e7ff2efea557c5799674ded6,検索器は、ＡＢＣ‐100 と ABC-100 を別の語として扱う場合があります。,検索器は、ＡＢＣ‐100 と ABC-100 を別の語として扱う場合を想定し、その発生条件と影響を対象データで確認します。,UNFORMALIZED,UNFORMALIZED,general_technical_claim,場合があります,4.1.2 (docs/4.質問に合う根拠を探す/4.1.Query理解と検索計画.md:50),SRC-002;SRC-005;SRC-042;SRC-043;SRC-044,UNVERIFIED_CANDIDATE_URL_ONLY,BACKGROUND_CITATION,,,,REWRITE_REQUIRED,権威性=候補一次資料のみ; 直接性=locator未確認; 網羅性=未支持atom=none-explicit; 主張極性=BACKGROUND_CITATIONとして再分類; スコープ=PASS_AFTER_TEST_SCOPE_QUALIFICATION; モダリティ=PASS_AFTER_HYPOTHESIS_QUALIFIER; 教材妥当性=PASS_AS_EXPLICIT_TESTABLE_HYPOTHESIS; 形式化妥当性=FAIL_UNFORMALIZED。「検索器は、ＡＢＣ‐100 と ABC-100 を別の語として扱う場合があります。」は候補資料(SRC-002;SRC-005;SRC-042;SRC-043;SRC-044)に直接locatorがなく、一般的事実としてはFAIL_UNFORMALIZEDが残る。原文の対象と作用を維持したまま、本ガイドの構成または対象データでの検証へスコープを限定すれば教材上の検討事項を保持できる。,,,UNVERIFIED,原文をrevised_sentenceへ置換し、対象データ、比較条件、観測指標、合否閾値を同じ節に追記する。検証後に限り事実表現へ戻し、意味を保存して再形式化する。,,,,,INCONCLUSIVE,NOT_APPLICABLE_UNPROVED,,,codex-independent-wave4,2026-08-15,INDEPENDENT_REVIEW_COMPLETE,PARTIAL_CANDIDATE_SOURCE_ONLY,FAIL_NO_DIRECT_LOCATOR,FAIL_UNFORMALIZED,BACKGROUND_CITATION,PASS_AFTER_TEST_SCOPE_QUALIFICATION,PASS_AFTER_HYPOTHESIS_QUALIFIER,PASS_AS_EXPLICIT_TESTABLE_HYPOTHESIS,FAIL_UNFORMALIZED
SENT-1317,52bebecfb2a435d0e7ff2efea557c5799674ded6,| 識別子 | 「ERR-504の原因」 | 完全一致、疎検索 |,「識別子」では「「ERR-504の原因」」を対象とし、確認項目は「完全一致、疎検索」です。,"AND(ATOM(sparse=true), ATOM(retrieval=true))",AND,general_technical_claim,UNCLASSIFIED,4.1.3 (docs/4.質問に合う根拠を探す/4.1.Query理解と検索計画.md:80),SRC-057;SRC-058;SRC-059;SRC-060,UNVERIFIED_CANDIDATE_URL_ONLY,BACKGROUND_CITATION,retrieval=true,sparse=true,,REWRITE_REQUIRED,権威性=候補一次資料のみ; 直接性=locator未確認; 網羅性=未支持atom=sparse=true; 主張極性=BACKGROUND_CITATIONとして再分類; スコープ=FAIL_NOT_A_PROPOSITION; モダリティ=NOT_APPLICABLE_FRAGMENT; 教材妥当性=PASS_AS_STRUCTURE_NOT_AS_CLAIM; 形式化妥当性=FAIL_UNSUPPORTED_ATOMS:sparse=true。見出し・表セル・用語リンクの断片であり、独立した外部主張として判定できない。証拠必須文として扱う分類が教材構造と一致せず、形式化の主語・述語も欠ける。,,,NOT_APPLICABLE,原文をrevised_sentenceの完全な説明文へ置換し、sentence evidence分類をexpository_or_structural/evidence_required=noへ修正して未証明文キューから除外する。,,,,,INCONCLUSIVE,NOT_APPLICABLE_UNPROVED,,,codex-independent-wave4,2026-08-15,INDEPENDENT_REVIEW_COMPLETE,PARTIAL_CANDIDATE_SOURCE_ONLY,FAIL_NO_DIRECT_LOCATOR,FAIL_UNSUPPORTED_ATOMS:sparse=true,BACKGROUND_CITATION,FAIL_NOT_A_PROPOSITION,NOT_APPLICABLE_FRAGMENT,PASS_AS_STRUCTURE_NOT_AS_CLAIM,FAIL_UNSUPPORTED_ATOMS:sparse=true
SENT-1318,52bebecfb2a435d0e7ff2efea557c5799674ded6,| 意味・説明 | 「起動できないときの対処」 | 密検索、ハイブリッド検索 |,「意味・説明」では「「起動できないときの対処」」を対象とし、確認項目は「密検索、ハイブリッド検索」です。,"NOT(AND(ATOM(dense=true), ATOM(retrieval=true)))",NOT,general_technical_claim,ない,4.1.3 (docs/4.質問に合う根拠を探す/4.1.Query理解と検索計画.md:81),SRC-057;SRC-058;SRC-059;SRC-060,UNVERIFIED_CANDIDATE_URL_ONLY,BACKGROUND_CITATION,retrieval=true,dense=true,NOT,REWRITE_REQUIRED,権威性=候補一次資料のみ; 直接性=locator未確認; 網羅性=関係NOT自体の根拠未確認; 主張極性=BACKGROUND_CITATIONとして再分類; スコープ=FAIL_NOT_A_PROPOSITION; モダリティ=NOT_APPLICABLE_FRAGMENT; 教材妥当性=PASS_AS_STRUCTURE_NOT_AS_CLAIM; 形式化妥当性=FAIL_RELATION_NOT。見出し・表セル・用語リンクの断片であり、独立した外部主張として判定できない。証拠必須文として扱う分類が教材構造と一致せず、形式化の主語・述語も欠ける。,,,NOT_APPLICABLE,原文をrevised_sentenceの完全な説明文へ置換し、sentence evidence分類をexpository_or_structural/evidence_required=noへ修正して未証明文キューから除外する。,,,,,INCONCLUSIVE,NOT_APPLICABLE_UNPROVED,,,codex-independent-wave4,2026-08-15,INDEPENDENT_REVIEW_COMPLETE,PARTIAL_CANDIDATE_SOURCE_ONLY,FAIL_NO_DIRECT_LOCATOR,FAIL_RELATION_NOT,BACKGROUND_CITATION,FAIL_NOT_A_PROPOSITION,NOT_APPLICABLE_FRAGMENT,PASS_AS_STRUCTURE_NOT_AS_CLAIM,FAIL_RELATION_NOT
SENT-1330,52bebecfb2a435d0e7ff2efea557c5799674ded6,利用者が明示した条件と、モデルが推定した条件を分けます。,利用者が明示した条件と、モデルが推定した条件を分けます。,UNFORMALIZED,UNFORMALIZED,empirical_or_research_claim,UNCLASSIFIED,4.1.3 (docs/4.質問に合う根拠を探す/4.1.Query理解と検索計画.md:96),SRC-002;SRC-005;SRC-042;SRC-043;SRC-044,NOT_APPLICABLE_LOCAL_NORM,HYPOTHESIS,,,,APPROPRIATE_NORMATIVE,権威性=候補一次資料のみ; 直接性=locator未確認; 網羅性=未支持atom=none-explicit; 主張極性=HYPOTHESISとして再分類; スコープ=PASS_LOCAL_DESIGN_POLICY; モダリティ=PASS_AS_DISCLOSED_NORMATIVE_RULE; 教材妥当性=PASS_AFTER_EXPLICIT_CRITERIA_AND_EXCEPTION; 形式化妥当性=FAIL_UNFORMALIZED。「利用者が明示した条件と、モデルが推定した条件を分けます。」は外的真偽の断定ではなく、対象・処理・判断を特定した設計・運用上の選択規則として読める。ただし候補資料(SRC-002;SRC-005;SRC-042;SRC-043;SRC-044)はURL単位で、直接locatorは未確認。規範の判断基準と例外を明示すれば教材として採用できる。形式面ではFAIL_UNFORMALIZEDを別途解消する必要がある。,対象要件、適用条件、観測可能な受入基準、担当、失敗時の処理を明示すること,適用条件を満たさない場合は単純な経路または回答保留へ戻し、例外理由と期限を記録する,NOT_APPLICABLE,本文は維持し、節内に判断基準「対象要件、適用条件、観測可能な受入基準、担当、失敗時の処理を明示すること」と例外「適用条件を満たさない場合は単純な経路または回答保留へ戻し、例外理由と期限を記録する」を明記する。経験的な効果保証とは分離し、意味を保存して再形式化する。,,,,,INCONCLUSIVE,NOT_APPLICABLE_UNPROVED,,,codex-independent-wave4,2026-08-15,INDEPENDENT_REVIEW_COMPLETE,PARTIAL_CANDIDATE_SOURCE_ONLY,FAIL_NO_DIRECT_LOCATOR,FAIL_UNFORMALIZED,HYPOTHESIS,PASS_LOCAL_DESIGN_POLICY,PASS_AS_DISCLOSED_NORMATIVE_RULE,PASS_AFTER_EXPLICIT_CRITERIA_AND_EXCEPTION,FAIL_UNFORMALIZED
SENT-1342,52bebecfb2a435d0e7ff2efea557c5799674ded6,識別子は疎検索、言い換えは密検索、両方が混在する質問はハイブリッド検索、集計はSQL（Structured Query Language、構造化問い合わせ言語）によるデータベース問い合わせ、関係探索は知識グラフが候補です。,本ガイドの基本構成では、識別子は疎検索、言い換えは密検索、両方が混在する質問はハイブリッド検索、集計はSQL（Structured Query Language、構造化問い合わせ言語）によるデータベース問い合わせ、関係探索は知識グラフが候補です。,"AND(AND(AND(ATOM(sparse=true), ATOM(dense=true)), ATOM(graph=true)), ATOM(retrieval=true))",AND,general_technical_claim,UNCLASSIFIED,4.1.5 (docs/4.質問に合う根拠を探す/4.1.Query理解と検索計画.md:117),SRC-059,UNVERIFIED_CANDIDATE_URL_ONLY,BACKGROUND_CITATION,retrieval=true,dense=true;graph=true;sparse=true,,REWRITE_REQUIRED,権威性=候補一次資料のみ; 直接性=locator未確認; 網羅性=未支持atom=dense=true;graph=true;sparse=true; 主張極性=BACKGROUND_CITATIONとして再分類; スコープ=PASS_AFTER_TEST_SCOPE_QUALIFICATION; モダリティ=PASS_AFTER_HYPOTHESIS_QUALIFIER; 教材妥当性=PASS_AS_EXPLICIT_TESTABLE_HYPOTHESIS; 形式化妥当性=FAIL_UNSUPPORTED_ATOMS:dense=true;graph=true;sparse=true。「識別子は疎検索、言い換えは密検索、両方が混在する質問はハイブリッド検索、集計はSQL（Structured Query Language、構造化問い合わせ言語）」は候補資料(SRC-059)に直接locatorがなく、一般的事実としてはFAIL_UNSUPPORTED_ATOMS:dense=true;graph=true;sparse=trueが残る。原文の対象と作用を維持したまま、本ガイドの構成または対象データでの検証へスコープを限定すれば教材上の検討事項を保持できる。,,,UNVERIFIED,原文をrevised_sentenceへ置換し、対象データ、比較条件、観測指標、合否閾値を同じ節に追記する。検証後に限り事実表現へ戻し、意味を保存して再形式化する。,,,,,INCONCLUSIVE,NOT_APPLICABLE_UNPROVED,,,codex-independent-wave4,2026-08-15,INDEPENDENT_REVIEW_COMPLETE,PARTIAL_CANDIDATE_SOURCE_ONLY,FAIL_NO_DIRECT_LOCATOR,FAIL_UNSUPPORTED_ATOMS:dense=true;graph=true;sparse=true,BACKGROUND_CITATION,PASS_AFTER_TEST_SCOPE_QUALIFICATION,PASS_AFTER_HYPOTHESIS_QUALIFIER,PASS_AS_EXPLICIT_TESTABLE_HYPOTHESIS,FAIL_UNSUPPORTED_ATOMS:dense=true;graph=true;sparse=true
SENT-1349,52bebecfb2a435d0e7ff2efea557c5799674ded6,検索計画には、どの検索文をどの検索器へ送り、何件取得し、何件再順位付けし、いつ終了するかを記述します。,本ガイドの基本構成では、検索計画には、どの検索文をどの検索器へ送り、何件取得し、何件再順位付けし、いつ終了するかを記述します。,"AND(ATOM(rerank=true), ATOM(retrieval=true))",AND,general_technical_claim,UNCLASSIFIED,4.1.5 (docs/4.質問に合う根拠を探す/4.1.Query理解と検索計画.md:127),SRC-059,UNVERIFIED_CANDIDATE_URL_ONLY,BACKGROUND_CITATION,retrieval=true,rerank=true,,REWRITE_REQUIRED,権威性=候補一次資料のみ; 直接性=locator未確認; 網羅性=未支持atom=rerank=true; 主張極性=BACKGROUND_CITATIONとして再分類; スコープ=PASS_AFTER_TEST_SCOPE_QUALIFICATION; モダリティ=PASS_AFTER_HYPOTHESIS_QUALIFIER; 教材妥当性=PASS_AS_EXPLICIT_TESTABLE_HYPOTHESIS; 形式化妥当性=FAIL_UNSUPPORTED_ATOMS:rerank=true。「検索計画には、どの検索文をどの検索器へ送り、何件取得し、何件再順位付けし、いつ終了するかを記述します。」は候補資料(SRC-059)に直接locatorがなく、一般的事実としてはFAIL_UNSUPPORTED_ATOMS:rerank=trueが残る。原文の対象と作用を維持したまま、本ガイドの構成または対象データでの検証へスコープを限定すれば教材上の検討事項を保持できる。,,,UNVERIFIED,原文をrevised_sentenceへ置換し、対象データ、比較条件、観測指標、合否閾値を同じ節に追記する。検証後に限り事実表現へ戻し、意味を保存して再形式化する。,,,,,INCONCLUSIVE,NOT_APPLICABLE_UNPROVED,,,codex-independent-wave4,2026-08-15,INDEPENDENT_REVIEW_COMPLETE,PARTIAL_CANDIDATE_SOURCE_ONLY,FAIL_NO_DIRECT_LOCATOR,FAIL_UNSUPPORTED_ATOMS:rerank=true,BACKGROUND_CITATION,PASS_AFTER_TEST_SCOPE_QUALIFICATION,PASS_AFTER_HYPOTHESIS_QUALIFIER,PASS_AS_EXPLICIT_TESTABLE_HYPOTHESIS,FAIL_UNSUPPORTED_ATOMS:rerank=true
SENT-1382,52bebecfb2a435d0e7ff2efea557c5799674ded6,改善が確認できない質問種類には変換を適用しません。,改善が確認できない質問種類には変換を適用しません。,NOT(ATOM(empirical_result=true)),NOT,empirical_or_research_claim,ません;ない,4.2.1 (docs/4.質問に合う根拠を探す/4.2.Query変換.md:16),SRC-061,NOT_APPLICABLE_LOCAL_NORM,HYPOTHESIS,empirical_result=true,,NOT,APPROPRIATE_NORMATIVE,権威性=候補一次資料のみ; 直接性=locator未確認; 網羅性=関係NOT自体の根拠未確認; 主張極性=HYPOTHESISとして再分類; スコープ=PASS_LOCAL_DESIGN_POLICY; モダリティ=PASS_AS_DISCLOSED_NORMATIVE_RULE; 教材妥当性=PASS_AFTER_EXPLICIT_CRITERIA_AND_EXCEPTION; 形式化妥当性=FAIL_RELATION_NOT。「改善が確認できない質問種類には変換を適用しません。」は外的真偽の断定ではなく、対象・処理・判断を特定した設計・運用上の選択規則として読める。ただし候補資料(SRC-061)はURL単位で、直接locatorは未確認。規範の判断基準と例外を明示すれば教材として採用できる。形式面ではFAIL_RELATION_NOTを別途解消する必要がある。,禁止対象、禁止理由、代替経路を明示し、安全性・再現性・追跡性のいずれを守る規則か検査できること,禁止理由を満たす別の統制が同等以上の証拠で確認できる場合のみ例外とし、理由と期限を記録する,NOT_APPLICABLE,本文は維持し、節内に判断基準「禁止対象、禁止理由、代替経路を明示し、安全性・再現性・追跡性のいずれを守る規則か検査できること」と例外「禁止理由を満たす別の統制が同等以上の証拠で確認できる場合のみ例外とし、理由と期限を記録する」を明記する。経験的な効果保証とは分離し、意味を保存して再形式化する。,,,,,INCONCLUSIVE,NOT_APPLICABLE_UNPROVED,,,codex-independent-wave4,2026-08-15,INDEPENDENT_REVIEW_COMPLETE,PARTIAL_CANDIDATE_SOURCE_ONLY,FAIL_NO_DIRECT_LOCATOR,FAIL_RELATION_NOT,HYPOTHESIS,PASS_LOCAL_DESIGN_POLICY,PASS_AS_DISCLOSED_NORMATIVE_RULE,PASS_AFTER_EXPLICIT_CRITERIA_AND_EXCEPTION,FAIL_RELATION_NOT
SENT-1404,52bebecfb2a435d0e7ff2efea557c5799674ded6,最初は生成する検索文を2〜5件程度にするなど、明示した上限から評価します。,最初は生成する検索文を2〜5件程度にするなど、明示した上限から評価します。,"AND(AND(ATOM(retrieval=true), ATOM(generation=true)), ATOM(evaluation=true))",AND,empirical_or_research_claim,UNCLASSIFIED,4.2.2 (docs/4.質問に合う根拠を探す/4.2.Query変換.md:50),SRC-063;SRC-062,NOT_APPLICABLE_LOCAL_NORM,HYPOTHESIS,generation=true;retrieval=true,evaluation=true,,APPROPRIATE_NORMATIVE,権威性=候補一次資料のみ; 直接性=locator未確認; 網羅性=未支持atom=evaluation=true; 主張極性=HYPOTHESISとして再分類; スコープ=PASS_LOCAL_DESIGN_POLICY; モダリティ=PASS_AS_DISCLOSED_NORMATIVE_RULE; 教材妥当性=PASS_AFTER_EXPLICIT_CRITERIA_AND_EXCEPTION; 形式化妥当性=FAIL_UNSUPPORTED_ATOMS:evaluation=true。「最初は生成する検索文を2〜5件程度にするなど、明示した上限から評価します。」は外的真偽の断定ではなく、対象・処理・判断を特定した設計・運用上の選択規則として読める。ただし候補資料(SRC-063;SRC-062)はURL単位で、直接locatorは未確認。規範の判断基準と例外を明示すれば教材として採用できる。形式面ではFAIL_UNSUPPORTED_ATOMS:evaluation=trueを別途解消する必要がある。,対象データ・負荷・モデルで比較し、品質指標、p95遅延、費用の受入閾値を事前に定義すること,数値は初期候補とし、データ量、モデル、リージョン、負荷が異なる場合は再測定して変更する,NOT_APPLICABLE,本文は維持し、節内に判断基準「対象データ・負荷・モデルで比較し、品質指標、p95遅延、費用の受入閾値を事前に定義すること」と例外「数値は初期候補とし、データ量、モデル、リージョン、負荷が異なる場合は再測定して変更する」を明記する。経験的な効果保証とは分離し、意味を保存して再形式化する。,,,,,INCONCLUSIVE,NOT_APPLICABLE_UNPROVED,,,codex-independent-wave4,2026-08-15,INDEPENDENT_REVIEW_COMPLETE,PARTIAL_CANDIDATE_SOURCE_ONLY,FAIL_NO_DIRECT_LOCATOR,FAIL_UNSUPPORTED_ATOMS:evaluation=true,HYPOTHESIS,PASS_LOCAL_DESIGN_POLICY,PASS_AS_DISCLOSED_NORMATIVE_RULE,PASS_AFTER_EXPLICIT_CRITERIA_AND_EXCEPTION,FAIL_UNSUPPORTED_ATOMS:evaluation=true
SENT-1411,52bebecfb2a435d0e7ff2efea557c5799674ded6,各検索文を疎検索と密検索へ送る場合、検索文数、検索器数、候補数の積で処理量が増えます。,各検索文を疎検索と密検索へ送る場合、検索文数、検索器数、候補数の積で処理量が増える条件と影響量を、対象データで測定します。,"IMP(AND(AND(ATOM(sparse=true), ATOM(dense=true)), ATOM(retrieval=true)), ATOM(retrieval=true))",IMPLIES,general_technical_claim,UNCLASSIFIED,4.2.2 (docs/4.質問に合う根拠を探す/4.2.Query変換.md:60),SRC-063;SRC-062,UNVERIFIED_CANDIDATE_URL_ONLY,BACKGROUND_CITATION,dense=true;retrieval=true,sparse=true,IMPLIES,REWRITE_REQUIRED,権威性=候補一次資料のみ; 直接性=locator未確認; 網羅性=関係IMPLIES自体の根拠未確認; 主張極性=BACKGROUND_CITATIONとして再分類; スコープ=PASS_AFTER_TEST_SCOPE_QUALIFICATION; モダリティ=PASS_AFTER_HYPOTHESIS_QUALIFIER; 教材妥当性=PASS_AS_EXPLICIT_TESTABLE_HYPOTHESIS; 形式化妥当性=FAIL_RELATION_IMPLIES。「各検索文を疎検索と密検索へ送る場合、検索文数、検索器数、候補数の積で処理量が増えます。」は候補資料(SRC-063;SRC-062)に直接locatorがなく、一般的事実としてはFAIL_RELATION_IMPLIESが残る。原文の対象と作用を維持したまま、本ガイドの構成または対象データでの検証へスコープを限定すれば教材上の検討事項を保持できる。,,,UNVERIFIED,原文をrevised_sentenceへ置換し、対象データ、比較条件、観測指標、合否閾値を同じ節に追記する。検証後に限り事実表現へ戻し、意味を保存して再形式化する。,,,,,INCONCLUSIVE,NOT_APPLICABLE_UNPROVED,,,codex-independent-wave4,2026-08-15,INDEPENDENT_REVIEW_COMPLETE,PARTIAL_CANDIDATE_SOURCE_ONLY,FAIL_NO_DIRECT_LOCATOR,FAIL_RELATION_IMPLIES,BACKGROUND_CITATION,PASS_AFTER_TEST_SCOPE_QUALIFICATION,PASS_AFTER_HYPOTHESIS_QUALIFIER,PASS_AS_EXPLICIT_TESTABLE_HYPOTHESIS,FAIL_RELATION_IMPLIES
SENT-1413,52bebecfb2a435d0e7ff2efea557c5799674ded6,RRF（Reciprocal Rank Fusion、相互順位統合）は、各一覧の順位を使うため、検索文や検索器ごとにスコア尺度が異なる場合にも利用できます。,本ガイドでは、各一覧の順位を使うため、検索文や検索器ごとにスコア尺度が異なる場合にも利用できるかを、対象データで検証します。,UNFORMALIZED,UNFORMALIZED,externally_cited_claim,できます,4.2.2 (docs/4.質問に合う根拠を探す/4.2.Query変換.md:63),SRC-064,UNVERIFIED_CANDIDATE_URL_ONLY,AUTHOR_CLAIM,,,,REWRITE_REQUIRED,権威性=候補一次資料のみ; 直接性=locator未確認; 網羅性=未支持atom=none-explicit; 主張極性=AUTHOR_CLAIMとして再分類; スコープ=PASS_AFTER_CONCRETE_VERSION_OR_EXPERIMENT_SCOPE; モダリティ=PASS_AFTER_CONDITIONAL_OR_REPRODUCTION_WORDING; 教材妥当性=PASS_AFTER_CONCRETE_VERSION_OR_EXPERIMENT_QUALIFIER; 形式化妥当性=FAIL_UNFORMALIZED。「RRF（Reciprocal Rank Fusion、相互順位統合）は、各一覧の順位を使うため、検索文や検索器ごとにスコア尺度が異なる場合にも利用できます。」の候補資料(SRC-064)はURL単位で、節・ページ・表・API見出しを独立に確認できていない。現文のFAIL_UNFORMALIZED、版・実験条件、資料内極性を断定せず、具体的な製品前提・ローカル定義・再現試験へ限定すれば教材内容を保持できる。,,,UNVERIFIED,原文をrevised_sentenceの具体文へ置換する。製品文は利用時点のregion/versionを受入条件へ追加し、研究文は同じ指標・比較条件で再現確認する。事実表現へ戻す場合は直接locatorを再監査する。,,,,,INCONCLUSIVE,NOT_APPLICABLE_UNPROVED,,,codex-independent-wave4,2026-08-15,INDEPENDENT_REVIEW_COMPLETE,PARTIAL_CANDIDATE_SOURCE_ONLY,FAIL_NO_DIRECT_LOCATOR,FAIL_UNFORMALIZED,AUTHOR_CLAIM,PASS_AFTER_CONCRETE_VERSION_OR_EXPERIMENT_SCOPE,PASS_AFTER_CONDITIONAL_OR_REPRODUCTION_WORDING,PASS_AFTER_CONCRETE_VERSION_OR_EXPERIMENT_QUALIFIER,FAIL_UNFORMALIZED
SENT-1414,52bebecfb2a435d0e7ff2efea557c5799674ded6,同じ文書・チャンクを安定IDでまとめ、どの検索文が候補へ寄与したかを保持します。,同じ文書・チャンクを安定IDでまとめ、どの検索文が候補へ寄与したかを保持します。,ATOM(retrieval=true),ATOM,general_technical_claim,UNCLASSIFIED,4.2.2 (docs/4.質問に合う根拠を探す/4.2.Query変換.md:64),SRC-064,NOT_APPLICABLE_LOCAL_NORM,HYPOTHESIS,,retrieval=true,,APPROPRIATE_NORMATIVE,権威性=候補一次資料のみ; 直接性=locator未確認; 網羅性=未支持atom=retrieval=true; 主張極性=HYPOTHESISとして再分類; スコープ=PASS_LOCAL_DESIGN_POLICY; モダリティ=PASS_AS_DISCLOSED_NORMATIVE_RULE; 教材妥当性=PASS_AFTER_EXPLICIT_CRITERIA_AND_EXCEPTION; 形式化妥当性=FAIL_UNSUPPORTED_ATOMS:retrieval=true。「同じ文書・チャンクを安定IDでまとめ、どの検索文が候補へ寄与したかを保持します。」は外的真偽の断定ではなく、対象・処理・判断を特定した設計・運用上の選択規則として読める。ただし候補資料(SRC-064)はURL単位で、直接locatorは未確認。規範の判断基準と例外を明示すれば教材として採用できる。形式面ではFAIL_UNSUPPORTED_ATOMS:retrieval=trueを別途解消する必要がある。,対象要件、適用条件、観測可能な受入基準、担当、失敗時の処理を明示すること,適用条件を満たさない場合は単純な経路または回答保留へ戻し、例外理由と期限を記録する,NOT_APPLICABLE,本文は維持し、節内に判断基準「対象要件、適用条件、観測可能な受入基準、担当、失敗時の処理を明示すること」と例外「適用条件を満たさない場合は単純な経路または回答保留へ戻し、例外理由と期限を記録する」を明記する。経験的な効果保証とは分離し、意味を保存して再形式化する。,,,,,INCONCLUSIVE,NOT_APPLICABLE_UNPROVED,,,codex-independent-wave4,2026-08-15,INDEPENDENT_REVIEW_COMPLETE,PARTIAL_CANDIDATE_SOURCE_ONLY,FAIL_NO_DIRECT_LOCATOR,FAIL_UNSUPPORTED_ATOMS:retrieval=true,HYPOTHESIS,PASS_LOCAL_DESIGN_POLICY,PASS_AS_DISCLOSED_NORMATIVE_RULE,PASS_AFTER_EXPLICIT_CRITERIA_AND_EXCEPTION,FAIL_UNSUPPORTED_ATOMS:retrieval=true
SENT-1419,52bebecfb2a435d0e7ff2efea557c5799674ded6,疎検索では擬似文書中の語を検索語へ利用でき、密検索では文書に近い長さ・表現の埋め込みを作れます。,本ガイドの基本構成では、疎検索では擬似文書中の語を検索語へ利用でき、密検索では文書に近い長さ・表現の埋め込みを作れます。,"AND(AND(AND(ATOM(sparse=true), ATOM(dense=true)), ATOM(generated_query_representation=true)), ATOM(retrieval=true))",AND,general_technical_claim,UNCLASSIFIED,4.2.3 (docs/4.質問に合う根拠を探す/4.2.Query変換.md:74),SRC-063,UNVERIFIED_CANDIDATE_URL_ONLY,BACKGROUND_CITATION,dense=true;generated_query_representation=true;retrieval=true,sparse=true,,REWRITE_REQUIRED,権威性=候補一次資料のみ; 直接性=locator未確認; 網羅性=未支持atom=sparse=true; 主張極性=BACKGROUND_CITATIONとして再分類; スコープ=PASS_AFTER_TEST_SCOPE_QUALIFICATION; モダリティ=PASS_AFTER_HYPOTHESIS_QUALIFIER; 教材妥当性=PASS_AS_EXPLICIT_TESTABLE_HYPOTHESIS; 形式化妥当性=FAIL_UNSUPPORTED_ATOMS:sparse=true。「疎検索では擬似文書中の語を検索語へ利用でき、密検索では文書に近い長さ・表現の埋め込みを作れます。」は候補資料(SRC-063)に直接locatorがなく、一般的事実としてはFAIL_UNSUPPORTED_ATOMS:sparse=trueが残る。原文の対象と作用を維持したまま、本ガイドの構成または対象データでの検証へスコープを限定すれば教材上の検討事項を保持できる。,,,UNVERIFIED,原文をrevised_sentenceへ置換し、対象データ、比較条件、観測指標、合否閾値を同じ節に追記する。検証後に限り事実表現へ戻し、意味を保存して再形式化する。,,,,,INCONCLUSIVE,NOT_APPLICABLE_UNPROVED,,,codex-independent-wave4,2026-08-15,INDEPENDENT_REVIEW_COMPLETE,PARTIAL_CANDIDATE_SOURCE_ONLY,FAIL_NO_DIRECT_LOCATOR,FAIL_UNSUPPORTED_ATOMS:sparse=true,BACKGROUND_CITATION,PASS_AFTER_TEST_SCOPE_QUALIFICATION,PASS_AFTER_HYPOTHESIS_QUALIFIER,PASS_AS_EXPLICIT_TESTABLE_HYPOTHESIS,FAIL_UNSUPPORTED_ATOMS:sparse=true
SENT-1420,52bebecfb2a435d0e7ff2efea557c5799674ded6,Query2docの論文は、評価した複数の検索器と評価用データで改善を報告しました。,評価した複数の検索器と評価用データで改善が対象データでも再現するかを、同じ比較条件と指標で確認します。,"AND(AND(ATOM(retrieval=true), ATOM(evaluation=true)), ATOM(empirical_result=true))",AND,externally_cited_claim,UNCLASSIFIED,4.2.3 (docs/4.質問に合う根拠を探す/4.2.Query変換.md:75),SRC-063,UNVERIFIED_CANDIDATE_URL_ONLY,EMPIRICAL_RESULT,empirical_result=true;retrieval=true,evaluation=true,,REWRITE_REQUIRED,権威性=候補一次資料のみ; 直接性=locator未確認; 網羅性=未支持atom=evaluation=true; 主張極性=EMPIRICAL_RESULTとして再分類; スコープ=PASS_AFTER_CONCRETE_VERSION_OR_EXPERIMENT_SCOPE; モダリティ=PASS_AFTER_CONDITIONAL_OR_REPRODUCTION_WORDING; 教材妥当性=PASS_AFTER_CONCRETE_VERSION_OR_EXPERIMENT_QUALIFIER; 形式化妥当性=FAIL_UNSUPPORTED_ATOMS:evaluation=true。「Query2docの論文は、評価した複数の検索器と評価用データで改善を報告しました。」の候補資料(SRC-063)はURL単位で、節・ページ・表・API見出しを独立に確認できていない。現文のFAIL_UNSUPPORTED_ATOMS:evaluation=true、版・実験条件、資料内極性を断定せず、具体的な製品前提・ローカル定義・再現試験へ限定すれば教材内容を保持できる。,,,UNVERIFIED,原文をrevised_sentenceの具体文へ置換する。製品文は利用時点のregion/versionを受入条件へ追加し、研究文は同じ指標・比較条件で再現確認する。事実表現へ戻す場合は直接locatorを再監査する。,,,,,INCONCLUSIVE,NOT_APPLICABLE_UNPROVED,,,codex-independent-wave4,2026-08-15,INDEPENDENT_REVIEW_COMPLETE,PARTIAL_CANDIDATE_SOURCE_ONLY,FAIL_NO_DIRECT_LOCATOR,FAIL_UNSUPPORTED_ATOMS:evaluation=true,EMPIRICAL_RESULT,PASS_AFTER_CONCRETE_VERSION_OR_EXPERIMENT_SCOPE,PASS_AFTER_CONDITIONAL_OR_REPRODUCTION_WORDING,PASS_AFTER_CONCRETE_VERSION_OR_EXPERIMENT_QUALIFIER,FAIL_UNSUPPORTED_ATOMS:evaluation=true
SENT-1421,52bebecfb2a435d0e7ff2efea557c5799674ded6,結果はモデル、生成設定、データセットに依存するため、対象業務で再評価します。,結果はモデル、生成設定、データセットに依存するため、対象業務で再評価します。,"AND(AND(ATOM(generation=true), ATOM(evaluation=true)), ATOM(empirical_result=true))",AND,empirical_or_research_claim,UNCLASSIFIED,4.2.3 (docs/4.質問に合う根拠を探す/4.2.Query変換.md:76),SRC-063,NOT_APPLICABLE_LOCAL_NORM,HYPOTHESIS,empirical_result=true;generation=true,evaluation=true,,APPROPRIATE_NORMATIVE,権威性=候補一次資料のみ; 直接性=locator未確認; 網羅性=未支持atom=evaluation=true; 主張極性=HYPOTHESISとして再分類; スコープ=PASS_LOCAL_DESIGN_POLICY; モダリティ=PASS_AS_DISCLOSED_NORMATIVE_RULE; 教材妥当性=PASS_AFTER_EXPLICIT_CRITERIA_AND_EXCEPTION; 形式化妥当性=FAIL_UNSUPPORTED_ATOMS:evaluation=true。「結果はモデル、生成設定、データセットに依存するため、対象業務で再評価します。」は外的真偽の断定ではなく、対象・処理・判断を特定した設計・運用上の選択規則として読める。ただし候補資料(SRC-063)はURL単位で、直接locatorは未確認。規範の判断基準と例外を明示すれば教材として採用できる。形式面ではFAIL_UNSUPPORTED_ATOMS:evaluation=trueを別途解消する必要がある。,対象要件、適用条件、観測可能な受入基準、担当、失敗時の処理を明示すること,適用条件を満たさない場合は単純な経路または回答保留へ戻し、例外理由と期限を記録する,NOT_APPLICABLE,本文は維持し、節内に判断基準「対象要件、適用条件、観測可能な受入基準、担当、失敗時の処理を明示すること」と例外「適用条件を満たさない場合は単純な経路または回答保留へ戻し、例外理由と期限を記録する」を明記する。経験的な効果保証とは分離し、意味を保存して再形式化する。,,,,,INCONCLUSIVE,NOT_APPLICABLE_UNPROVED,,,codex-independent-wave4,2026-08-15,INDEPENDENT_REVIEW_COMPLETE,PARTIAL_CANDIDATE_SOURCE_ONLY,FAIL_NO_DIRECT_LOCATOR,FAIL_UNSUPPORTED_ATOMS:evaluation=true,HYPOTHESIS,PASS_LOCAL_DESIGN_POLICY,PASS_AS_DISCLOSED_NORMATIVE_RULE,PASS_AFTER_EXPLICIT_CRITERIA_AND_EXCEPTION,FAIL_UNSUPPORTED_ATOMS:evaluation=true
SENT-1431,52bebecfb2a435d0e7ff2efea557c5799674ded6,元質問のベクトルによる検索を残し、HyDEの結果と和集合または順位統合します。,本ガイドの基本構成では、元質問のベクトルによる検索を残し、HyDEの結果と和集合または順位統合します。,"AND(AND(ATOM(original_query_retained=true), ATOM(retrieval=true)), ATOM(empirical_result=true))",AND,concrete_technology_claim,UNCLASSIFIED,4.2.3 (docs/4.質問に合う根拠を探す/4.2.Query変換.md:91),SRC-065,UNVERIFIED_CANDIDATE_URL_ONLY,DEFINITION_OR_SPEC,empirical_result=true;retrieval=true,original_query_retained=true,,REWRITE_REQUIRED,権威性=候補一次資料のみ; 直接性=locator未確認; 網羅性=未支持atom=original_query_retained=true; 主張極性=DEFINITION_OR_SPECとして再分類; スコープ=PASS_AFTER_CONCRETE_VERSION_OR_EXPERIMENT_SCOPE; モダリティ=PASS_AFTER_CONDITIONAL_OR_REPRODUCTION_WORDING; 教材妥当性=PASS_AFTER_CONCRETE_VERSION_OR_EXPERIMENT_QUALIFIER; 形式化妥当性=FAIL_UNSUPPORTED_ATOMS:original_query_retained=true。「元質問のベクトルによる検索を残し、HyDEの結果と和集合または順位統合します。」の候補資料(SRC-065)はURL単位で、節・ページ・表・API見出しを独立に確認できていない。現文のFAIL_UNSUPPORTED_ATOMS:original_query_retained=true、版・実験条件、資料内極性を断定せず、具体的な製品前提・ローカル定義・再現試験へ限定すれば教材内容を保持できる。,,,UNVERIFIED,原文をrevised_sentenceの具体文へ置換する。製品文は利用時点のregion/versionを受入条件へ追加し、研究文は同じ指標・比較条件で再現確認する。事実表現へ戻す場合は直接locatorを再監査する。,,,,,INCONCLUSIVE,NOT_APPLICABLE_UNPROVED,,,codex-independent-wave4,2026-08-15,INDEPENDENT_REVIEW_COMPLETE,PARTIAL_CANDIDATE_SOURCE_ONLY,FAIL_NO_DIRECT_LOCATOR,FAIL_UNSUPPORTED_ATOMS:original_query_retained=true,DEFINITION_OR_SPEC,PASS_AFTER_CONCRETE_VERSION_OR_EXPERIMENT_SCOPE,PASS_AFTER_CONDITIONAL_OR_REPRODUCTION_WORDING,PASS_AFTER_CONCRETE_VERSION_OR_EXPERIMENT_QUALIFIER,FAIL_UNSUPPORTED_ATOMS:original_query_retained=true
SENT-1432,52bebecfb2a435d0e7ff2efea557c5799674ded6,型番、条文番号、否定条件は疎検索とメタデータフィルターで保持します。,型番、条文番号、否定条件は疎検索とメタデータフィルターで保持します。,"AND(AND(ATOM(sparse=true), ATOM(hard_constraints_preserved=true)), ATOM(retrieval=true))",AND,general_technical_claim,UNCLASSIFIED,4.2.3 (docs/4.質問に合う根拠を探す/4.2.Query変換.md:92),SRC-065;SRC-063,NOT_APPLICABLE_LOCAL_NORM,HYPOTHESIS,hard_constraints_preserved=true;retrieval=true,sparse=true,,APPROPRIATE_NORMATIVE,権威性=候補一次資料のみ; 直接性=locator未確認; 網羅性=未支持atom=sparse=true; 主張極性=HYPOTHESISとして再分類; スコープ=PASS_LOCAL_DESIGN_POLICY; モダリティ=PASS_AS_DISCLOSED_NORMATIVE_RULE; 教材妥当性=PASS_AFTER_EXPLICIT_CRITERIA_AND_EXCEPTION; 形式化妥当性=FAIL_UNSUPPORTED_ATOMS:sparse=true。「型番、条文番号、否定条件は疎検索とメタデータフィルターで保持します。」は外的真偽の断定ではなく、対象・処理・判断を特定した設計・運用上の選択規則として読める。ただし候補資料(SRC-065;SRC-063)はURL単位で、直接locatorは未確認。規範の判断基準と例外を明示すれば教材として採用できる。形式面ではFAIL_UNSUPPORTED_ATOMS:sparse=trueを別途解消する必要がある。,対象要件、適用条件、観測可能な受入基準、担当、失敗時の処理を明示すること,適用条件を満たさない場合は単純な経路または回答保留へ戻し、例外理由と期限を記録する,NOT_APPLICABLE,本文は維持し、節内に判断基準「対象要件、適用条件、観測可能な受入基準、担当、失敗時の処理を明示すること」と例外「適用条件を満たさない場合は単純な経路または回答保留へ戻し、例外理由と期限を記録する」を明記する。経験的な効果保証とは分離し、意味を保存して再形式化する。,,,,,INCONCLUSIVE,NOT_APPLICABLE_UNPROVED,,,codex-independent-wave4,2026-08-15,INDEPENDENT_REVIEW_COMPLETE,PARTIAL_CANDIDATE_SOURCE_ONLY,FAIL_NO_DIRECT_LOCATOR,FAIL_UNSUPPORTED_ATOMS:sparse=true,HYPOTHESIS,PASS_LOCAL_DESIGN_POLICY,PASS_AS_DISCLOSED_NORMATIVE_RULE,PASS_AFTER_EXPLICIT_CRITERIA_AND_EXCEPTION,FAIL_UNSUPPORTED_ATOMS:sparse=true
SENT-1438,52bebecfb2a435d0e7ff2efea557c5799674ded6,IRCoTが扱った複数段階の質問では、途中で得た根拠が次の検索文へ影響します。,本ガイドでは、途中で得た根拠が次の検索文へ影響します。,"AND(AND(ATOM(multi_hop=true), ATOM(retrieval=true)), ATOM(evidence_support=true))",AND,externally_cited_claim,UNCLASSIFIED,4.2.4 (docs/4.質問に合う根拠を探す/4.2.Query変換.md:103),SRC-060,UNVERIFIED_CANDIDATE_URL_ONLY,AUTHOR_CLAIM,multi_hop=true;retrieval=true,evidence_support=true,,REWRITE_REQUIRED,権威性=候補一次資料のみ; 直接性=locator未確認; 網羅性=未支持atom=evidence_support=true; 主張極性=AUTHOR_CLAIMとして再分類; スコープ=PASS_AFTER_CONCRETE_VERSION_OR_EXPERIMENT_SCOPE; モダリティ=PASS_AFTER_CONDITIONAL_OR_REPRODUCTION_WORDING; 教材妥当性=PASS_AFTER_CONCRETE_VERSION_OR_EXPERIMENT_QUALIFIER; 形式化妥当性=FAIL_UNSUPPORTED_ATOMS:evidence_support=true。「IRCoTが扱った複数段階の質問では、途中で得た根拠が次の検索文へ影響します。」の候補資料(SRC-060)はURL単位で、節・ページ・表・API見出しを独立に確認できていない。現文のFAIL_UNSUPPORTED_ATOMS:evidence_support=true、版・実験条件、資料内極性を断定せず、具体的な製品前提・ローカル定義・再現試験へ限定すれば教材内容を保持できる。,,,UNVERIFIED,原文をrevised_sentenceの具体文へ置換する。製品文は利用時点のregion/versionを受入条件へ追加し、研究文は同じ指標・比較条件で再現確認する。事実表現へ戻す場合は直接locatorを再監査する。,,,,,INCONCLUSIVE,NOT_APPLICABLE_UNPROVED,,,codex-independent-wave4,2026-08-15,INDEPENDENT_REVIEW_COMPLETE,PARTIAL_CANDIDATE_SOURCE_ONLY,FAIL_NO_DIRECT_LOCATOR,FAIL_UNSUPPORTED_ATOMS:evidence_support=true,AUTHOR_CLAIM,PASS_AFTER_CONCRETE_VERSION_OR_EXPERIMENT_SCOPE,PASS_AFTER_CONDITIONAL_OR_REPRODUCTION_WORDING,PASS_AFTER_CONCRETE_VERSION_OR_EXPERIMENT_QUALIFIER,FAIL_UNSUPPORTED_ATOMS:evidence_support=true
SENT-1449,52bebecfb2a435d0e7ff2efea557c5799674ded6,単純な一回検索で答えられる質問をこの経路へ送らず、追加段階による改善と費用を測ります。,本ガイドの基本構成では、単純な一回検索で答えられる質問をこの経路へ送らず、追加段階による改善と費用を測ります。,"AND(AND(ATOM(retrieval=true), ATOM(cost=true)), ATOM(empirical_result=true))",AND,empirical_or_research_claim,UNCLASSIFIED,4.2.4 (docs/4.質問に合う根拠を探す/4.2.Query変換.md:118),SRC-060,UNVERIFIED_CANDIDATE_URL_ONLY,EMPIRICAL_RESULT,empirical_result=true;retrieval=true,cost=true,,REWRITE_REQUIRED,権威性=候補一次資料のみ; 直接性=locator未確認; 網羅性=未支持atom=cost=true; 主張極性=EMPIRICAL_RESULTとして再分類; スコープ=PASS_AFTER_TEST_SCOPE_QUALIFICATION; モダリティ=PASS_AFTER_HYPOTHESIS_QUALIFIER; 教材妥当性=PASS_AS_EXPLICIT_TESTABLE_HYPOTHESIS; 形式化妥当性=FAIL_UNSUPPORTED_ATOMS:cost=true。「単純な一回検索で答えられる質問をこの経路へ送らず、追加段階による改善と費用を測ります。」は候補資料(SRC-060)に直接locatorがなく、一般的事実としてはFAIL_UNSUPPORTED_ATOMS:cost=trueが残る。原文の対象と作用を維持したまま、本ガイドの構成または対象データでの検証へスコープを限定すれば教材上の検討事項を保持できる。,,,UNVERIFIED,原文をrevised_sentenceへ置換し、対象データ、比較条件、観測指標、合否閾値を同じ節に追記する。検証後に限り事実表現へ戻し、意味を保存して再形式化する。,,,,,INCONCLUSIVE,NOT_APPLICABLE_UNPROVED,,,codex-independent-wave4,2026-08-15,INDEPENDENT_REVIEW_COMPLETE,PARTIAL_CANDIDATE_SOURCE_ONLY,FAIL_NO_DIRECT_LOCATOR,FAIL_UNSUPPORTED_ATOMS:cost=true,EMPIRICAL_RESULT,PASS_AFTER_TEST_SCOPE_QUALIFICATION,PASS_AFTER_HYPOTHESIS_QUALIFIER,PASS_AS_EXPLICIT_TESTABLE_HYPOTHESIS,FAIL_UNSUPPORTED_ATOMS:cost=true
SENT-1460,52bebecfb2a435d0e7ff2efea557c5799674ded6,必要根拠の回収率の改善は、利用者の意図や権限の逸脱を正当化しません。,必要根拠の回収率の改善は、利用者の意図や権限の逸脱を正当化しません。,"NOT(AND(AND(ATOM(evidence_support=true), ATOM(authorization=true)), ATOM(empirical_result=true)))",NOT,empirical_or_research_claim,必要;ません,4.2.5 (docs/4.質問に合う根拠を探す/4.2.Query変換.md:139),SRC-060;SRC-061;SRC-062;SRC-063;SRC-064,NOT_APPLICABLE_LOCAL_NORM,HYPOTHESIS,empirical_result=true,authorization=true;evidence_support=true,NOT,APPROPRIATE_NORMATIVE,権威性=候補一次資料のみ; 直接性=locator未確認; 網羅性=関係NOT自体の根拠未確認; 主張極性=HYPOTHESISとして再分類; スコープ=PASS_LOCAL_DESIGN_POLICY; モダリティ=PASS_AS_DISCLOSED_NORMATIVE_RULE; 教材妥当性=PASS_AFTER_EXPLICIT_CRITERIA_AND_EXCEPTION; 形式化妥当性=FAIL_RELATION_NOT。「必要根拠の回収率の改善は、利用者の意図や権限の逸脱を正当化しません。」は外的真偽の断定ではなく、対象・処理・判断を特定した設計・運用上の選択規則として読める。ただし候補資料(SRC-060;SRC-061;SRC-062;SRC-063;SRC-064)はURL単位で、直接locatorは未確認。規範の判断基準と例外を明示すれば教材として採用できる。形式面ではFAIL_RELATION_NOTを別途解消する必要がある。,最小権限を維持し、認可前後の候補、拒否理由、漏えい試験を観測可能にすること,法令・契約・組織方針がより厳しい場合はその基準を優先し、緊急例外も期限と事後監査を必須とする,NOT_APPLICABLE,本文は維持し、節内に判断基準「最小権限を維持し、認可前後の候補、拒否理由、漏えい試験を観測可能にすること」と例外「法令・契約・組織方針がより厳しい場合はその基準を優先し、緊急例外も期限と事後監査を必須とする」を明記する。経験的な効果保証とは分離し、意味を保存して再形式化する。,,,,,INCONCLUSIVE,NOT_APPLICABLE_UNPROVED,,,codex-independent-wave4,2026-08-15,INDEPENDENT_REVIEW_COMPLETE,PARTIAL_CANDIDATE_SOURCE_ONLY,FAIL_NO_DIRECT_LOCATOR,FAIL_RELATION_NOT,HYPOTHESIS,PASS_LOCAL_DESIGN_POLICY,PASS_AS_DISCLOSED_NORMATIVE_RULE,PASS_AFTER_EXPLICIT_CRITERIA_AND_EXCEPTION,FAIL_RELATION_NOT
SENT-1465,52bebecfb2a435d0e7ff2efea557c5799674ded6,疎検索（Sparse retrieval）は、検索文と資料に現れる語や文字列の一致を主な手掛かりにします。,本ガイドの基本構成では、疎検索（Sparse retrieval）は、検索文と資料に現れる語や文字列の一致を主な手掛かりにします。,"AND(AND(ATOM(sparse=true), ATOM(retrieval=true)), ATOM(parsing=true))",AND,general_technical_claim,UNCLASSIFIED,FILE-INTRO (docs/4.質問に合う根拠を探す/4.3.Sparse retrieval.md:3),SRC-005;SRC-067;SRC-068;SRC-069;SRC-070,UNVERIFIED_CANDIDATE_URL_ONLY,BACKGROUND_CITATION,retrieval=true;sparse=true,parsing=true,,REWRITE_REQUIRED,権威性=候補一次資料のみ; 直接性=locator未確認; 網羅性=未支持atom=parsing=true; 主張極性=BACKGROUND_CITATIONとして再分類; スコープ=PASS_AFTER_TEST_SCOPE_QUALIFICATION; モダリティ=PASS_AFTER_HYPOTHESIS_QUALIFIER; 教材妥当性=PASS_AS_EXPLICIT_TESTABLE_HYPOTHESIS; 形式化妥当性=FAIL_UNSUPPORTED_ATOMS:parsing=true。「疎検索（Sparse retrieval）は、検索文と資料に現れる語や文字列の一致を主な手掛かりにします。」は候補資料(SRC-005;SRC-067;SRC-068;SRC-069;SRC-070)に直接locatorがなく、一般的事実としてはFAIL_UNSUPPORTED_ATOMS:parsing=trueが残る。原文の対象と作用を維持したまま、本ガイドの構成または対象データでの検証へスコープを限定すれば教材上の検討事項を保持できる。,,,UNVERIFIED,原文をrevised_sentenceへ置換し、対象データ、比較条件、観測指標、合否閾値を同じ節に追記する。検証後に限り事実表現へ戻し、意味を保存して再形式化する。,,,,,INCONCLUSIVE,NOT_APPLICABLE_UNPROVED,,,codex-independent-wave4,2026-08-15,INDEPENDENT_REVIEW_COMPLETE,PARTIAL_CANDIDATE_SOURCE_ONLY,FAIL_NO_DIRECT_LOCATOR,FAIL_UNSUPPORTED_ATOMS:parsing=true,BACKGROUND_CITATION,PASS_AFTER_TEST_SCOPE_QUALIFICATION,PASS_AFTER_HYPOTHESIS_QUALIFIER,PASS_AS_EXPLICIT_TESTABLE_HYPOTHESIS,FAIL_UNSUPPORTED_ATOMS:parsing=true
SENT-1467,52bebecfb2a435d0e7ff2efea557c5799674ded6,疎検索を、密検索より古いという理由だけで置き換えてはいけません。,本ガイドの基本構成では、疎検索を、密検索より古いという理由だけで置き換えてはいけません。,"NOT(AND(AND(ATOM(sparse=true), ATOM(dense=true)), ATOM(retrieval=true)))",NOT,general_technical_claim,ません,4.3.1 (docs/4.質問に合う根拠を探す/4.3.Sparse retrieval.md:8),SRC-066,UNVERIFIED_CANDIDATE_URL_ONLY,BACKGROUND_CITATION,retrieval=true,dense=true;sparse=true,NOT,REWRITE_REQUIRED,権威性=候補一次資料のみ; 直接性=locator未確認; 網羅性=関係NOT自体の根拠未確認; 主張極性=BACKGROUND_CITATIONとして再分類; スコープ=PASS_AFTER_TEST_SCOPE_QUALIFICATION; モダリティ=PASS_AFTER_HYPOTHESIS_QUALIFIER; 教材妥当性=PASS_AS_EXPLICIT_TESTABLE_HYPOTHESIS; 形式化妥当性=FAIL_RELATION_NOT。「疎検索を、密検索より古いという理由だけで置き換えてはいけません。」は候補資料(SRC-066)に直接locatorがなく、一般的事実としてはFAIL_RELATION_NOTが残る。原文の対象と作用を維持したまま、本ガイドの構成または対象データでの検証へスコープを限定すれば教材上の検討事項を保持できる。,,,UNVERIFIED,原文をrevised_sentenceへ置換し、対象データ、比較条件、観測指標、合否閾値を同じ節に追記する。検証後に限り事実表現へ戻し、意味を保存して再形式化する。,,,,,INCONCLUSIVE,NOT_APPLICABLE_UNPROVED,,,codex-independent-wave4,2026-08-15,INDEPENDENT_REVIEW_COMPLETE,PARTIAL_CANDIDATE_SOURCE_ONLY,FAIL_NO_DIRECT_LOCATOR,FAIL_RELATION_NOT,BACKGROUND_CITATION,PASS_AFTER_TEST_SCOPE_QUALIFICATION,PASS_AFTER_HYPOTHESIS_QUALIFIER,PASS_AS_EXPLICIT_TESTABLE_HYPOTHESIS,FAIL_RELATION_NOT
SENT-1470,52bebecfb2a435d0e7ff2efea557c5799674ded6,BEIRは、多様な検索課題で疎検索と密検索を比較し、方式の優劣がデータセットによって変わることを示しました。,多様な検索課題で疎検索と密検索を比較し、方式の優劣がデータセットによって変わることが対象データでも成り立つかを、同じ条件と指標で検証します。,"AND(AND(ATOM(sparse=true), ATOM(dense=true)), ATOM(retrieval=true))",AND,externally_cited_claim,UNCLASSIFIED,4.3.1 (docs/4.質問に合う根拠を探す/4.3.Sparse retrieval.md:12),SRC-066,UNVERIFIED_CANDIDATE_URL_ONLY,AUTHOR_CLAIM,retrieval=true,dense=true;sparse=true,,REWRITE_REQUIRED,権威性=候補一次資料のみ; 直接性=locator未確認; 網羅性=未支持atom=dense=true;sparse=true; 主張極性=AUTHOR_CLAIMとして再分類; スコープ=PASS_AFTER_CONCRETE_VERSION_OR_EXPERIMENT_SCOPE; モダリティ=PASS_AFTER_CONDITIONAL_OR_REPRODUCTION_WORDING; 教材妥当性=PASS_AFTER_CONCRETE_VERSION_OR_EXPERIMENT_QUALIFIER; 形式化妥当性=FAIL_UNSUPPORTED_ATOMS:dense=true;sparse=true。「BEIRは、多様な検索課題で疎検索と密検索を比較し、方式の優劣がデータセットによって変わることを示しました。」の候補資料(SRC-066)はURL単位で、節・ページ・表・API見出しを独立に確認できていない。現文のFAIL_UNSUPPORTED_ATOMS:dense=true;sparse=true、版・実験条件、資料内極性を断定せず、具体的な製品前提・ローカル定義・再現試験へ限定すれば教材内容を保持できる。,,,UNVERIFIED,原文をrevised_sentenceの具体文へ置換する。製品文は利用時点のregion/versionを受入条件へ追加し、研究文は同じ指標・比較条件で再現確認する。事実表現へ戻す場合は直接locatorを再監査する。,,,,,INCONCLUSIVE,NOT_APPLICABLE_UNPROVED,,,codex-independent-wave4,2026-08-15,INDEPENDENT_REVIEW_COMPLETE,PARTIAL_CANDIDATE_SOURCE_ONLY,FAIL_NO_DIRECT_LOCATOR,FAIL_UNSUPPORTED_ATOMS:dense=true;sparse=true,AUTHOR_CLAIM,PASS_AFTER_CONCRETE_VERSION_OR_EXPERIMENT_SCOPE,PASS_AFTER_CONDITIONAL_OR_REPRODUCTION_WORDING,PASS_AFTER_CONCRETE_VERSION_OR_EXPERIMENT_QUALIFIER,FAIL_UNSUPPORTED_ATOMS:dense=true;sparse=true
SENT-1471,52bebecfb2a435d0e7ff2efea557c5799674ded6,最初にBM25を再現可能な基準として固定し、密検索やハイブリッド検索による増分を質問の種類別に測ります。,本ガイドの基本構成では、最初にBM25を再現可能な基準として固定し、密検索やハイブリッド検索による増分を質問の種類別に測ります。,"AND(ATOM(dense=true), ATOM(retrieval=true))",AND,concrete_technology_claim,可能,4.3.1 (docs/4.質問に合う根拠を探す/4.3.Sparse retrieval.md:13),SRC-005,UNVERIFIED_CANDIDATE_URL_ONLY,DEFINITION_OR_SPEC,retrieval=true,dense=true,,REWRITE_REQUIRED,権威性=候補一次資料のみ; 直接性=locator未確認; 網羅性=未支持atom=dense=true; 主張極性=DEFINITION_OR_SPECとして再分類; スコープ=PASS_AFTER_CONCRETE_VERSION_OR_EXPERIMENT_SCOPE; モダリティ=PASS_AFTER_CONDITIONAL_OR_REPRODUCTION_WORDING; 教材妥当性=PASS_AFTER_CONCRETE_VERSION_OR_EXPERIMENT_QUALIFIER; 形式化妥当性=FAIL_UNSUPPORTED_ATOMS:dense=true。「最初にBM25を再現可能な基準として固定し、密検索やハイブリッド検索による増分を質問の種類別に測ります。」の候補資料(SRC-005)はURL単位で、節・ページ・表・API見出しを独立に確認できていない。現文のFAIL_UNSUPPORTED_ATOMS:dense=true、版・実験条件、資料内極性を断定せず、具体的な製品前提・ローカル定義・再現試験へ限定すれば教材内容を保持できる。,,,UNVERIFIED,原文をrevised_sentenceの具体文へ置換する。製品文は利用時点のregion/versionを受入条件へ追加し、研究文は同じ指標・比較条件で再現確認する。事実表現へ戻す場合は直接locatorを再監査する。,,,,,INCONCLUSIVE,NOT_APPLICABLE_UNPROVED,,,codex-independent-wave4,2026-08-15,INDEPENDENT_REVIEW_COMPLETE,PARTIAL_CANDIDATE_SOURCE_ONLY,FAIL_NO_DIRECT_LOCATOR,FAIL_UNSUPPORTED_ATOMS:dense=true,DEFINITION_OR_SPEC,PASS_AFTER_CONCRETE_VERSION_OR_EXPERIMENT_SCOPE,PASS_AFTER_CONDITIONAL_OR_REPRODUCTION_WORDING,PASS_AFTER_CONCRETE_VERSION_OR_EXPERIMENT_QUALIFIER,FAIL_UNSUPPORTED_ATOMS:dense=true
SENT-1476,52bebecfb2a435d0e7ff2efea557c5799674ded6,同じ原文でも解析規則が変われば、転置インデックスの語と出現位置が変わります。,本ガイドの基本構成では、同じ原文でも解析規則が変われば、転置インデックスの語と出現位置が変わります。,"AND(AND(ATOM(sparse=true), ATOM(inverted_index_compatible=true)), ATOM(parsing=true))",AND,general_technical_claim,UNCLASSIFIED,4.3.1 (docs/4.質問に合う根拠を探す/4.3.Sparse retrieval.md:20),SRC-068;SRC-069;SRC-070;SRC-005;SRC-067,UNVERIFIED_CANDIDATE_URL_ONLY,BACKGROUND_CITATION,inverted_index_compatible=true;sparse=true,parsing=true,,REWRITE_REQUIRED,権威性=候補一次資料のみ; 直接性=locator未確認; 網羅性=未支持atom=parsing=true; 主張極性=BACKGROUND_CITATIONとして再分類; スコープ=PASS_AFTER_TEST_SCOPE_QUALIFICATION; モダリティ=PASS_AFTER_HYPOTHESIS_QUALIFIER; 教材妥当性=PASS_AS_EXPLICIT_TESTABLE_HYPOTHESIS; 形式化妥当性=FAIL_UNSUPPORTED_ATOMS:parsing=true。「同じ原文でも解析規則が変われば、転置インデックスの語と出現位置が変わります。」は候補資料(SRC-068;SRC-069;SRC-070;SRC-005;SRC-067)に直接locatorがなく、一般的事実としてはFAIL_UNSUPPORTED_ATOMS:parsing=trueが残る。原文の対象と作用を維持したまま、本ガイドの構成または対象データでの検証へスコープを限定すれば教材上の検討事項を保持できる。,,,UNVERIFIED,原文をrevised_sentenceへ置換し、対象データ、比較条件、観測指標、合否閾値を同じ節に追記する。検証後に限り事実表現へ戻し、意味を保存して再形式化する。,,,,,INCONCLUSIVE,NOT_APPLICABLE_UNPROVED,,,codex-independent-wave4,2026-08-15,INDEPENDENT_REVIEW_COMPLETE,PARTIAL_CANDIDATE_SOURCE_ONLY,FAIL_NO_DIRECT_LOCATOR,FAIL_UNSUPPORTED_ATOMS:parsing=true,BACKGROUND_CITATION,PASS_AFTER_TEST_SCOPE_QUALIFICATION,PASS_AFTER_HYPOTHESIS_QUALIFIER,PASS_AS_EXPLICIT_TESTABLE_HYPOTHESIS,FAIL_UNSUPPORTED_ATOMS:parsing=true
SENT-1478,52bebecfb2a435d0e7ff2efea557c5799674ded6,追加、更新、削除、版切り替えを転置インデックスへ反映します。,本ガイドの基本構成では、追加、更新、削除、版切り替えを転置インデックスへ反映します。,"AND(AND(ATOM(sparse=true), ATOM(inverted_index_compatible=true)), ATOM(incremental_updates=true))",AND,general_technical_claim,UNCLASSIFIED,4.3.1 (docs/4.質問に合う根拠を探す/4.3.Sparse retrieval.md:23),SRC-068;SRC-069;SRC-070;SRC-005;SRC-067,UNVERIFIED_CANDIDATE_URL_ONLY,BACKGROUND_CITATION,inverted_index_compatible=true;sparse=true,incremental_updates=true,,REWRITE_REQUIRED,権威性=候補一次資料のみ; 直接性=locator未確認; 網羅性=未支持atom=incremental_updates=true; 主張極性=BACKGROUND_CITATIONとして再分類; スコープ=PASS_AFTER_TEST_SCOPE_QUALIFICATION; モダリティ=PASS_AFTER_HYPOTHESIS_QUALIFIER; 教材妥当性=PASS_AS_EXPLICIT_TESTABLE_HYPOTHESIS; 形式化妥当性=FAIL_UNSUPPORTED_ATOMS:incremental_updates=true。「追加、更新、削除、版切り替えを転置インデックスへ反映します。」は候補資料(SRC-068;SRC-069;SRC-070;SRC-005;SRC-067)に直接locatorがなく、一般的事実としてはFAIL_UNSUPPORTED_ATOMS:incremental_updates=trueが残る。原文の対象と作用を維持したまま、本ガイドの構成または対象データでの検証へスコープを限定すれば教材上の検討事項を保持できる。,,,UNVERIFIED,原文をrevised_sentenceへ置換し、対象データ、比較条件、観測指標、合否閾値を同じ節に追記する。検証後に限り事実表現へ戻し、意味を保存して再形式化する。,,,,,INCONCLUSIVE,NOT_APPLICABLE_UNPROVED,,,codex-independent-wave4,2026-08-15,INDEPENDENT_REVIEW_COMPLETE,PARTIAL_CANDIDATE_SOURCE_ONLY,FAIL_NO_DIRECT_LOCATOR,FAIL_UNSUPPORTED_ATOMS:incremental_updates=true,BACKGROUND_CITATION,PASS_AFTER_TEST_SCOPE_QUALIFICATION,PASS_AFTER_HYPOTHESIS_QUALIFIER,PASS_AS_EXPLICIT_TESTABLE_HYPOTHESIS,FAIL_UNSUPPORTED_ATOMS:incremental_updates=true
SENT-1492,52bebecfb2a435d0e7ff2efea557c5799674ded6,語の重み付けを比較した研究は、語の出現頻度、希少性、文書長の補正を組み合わせ、複数の文書集合で単純な一致数より良い検索結果を示しました。,語の出現頻度、希少性、文書長の補正を組み合わせ、複数の文書集合で単純な一致数より良い検索結果が対象データでも成り立つかを、同じ条件と指標で検証します。,"AND(AND(AND(ATOM(lexical=true), ATOM(length_normalization=true)), ATOM(retrieval=true)), ATOM(empirical_result=true))",AND,externally_cited_claim,UNCLASSIFIED,4.3.3 (docs/4.質問に合う根拠を探す/4.3.Sparse retrieval.md:47),SRC-067,UNVERIFIED_CANDIDATE_URL_ONLY,EMPIRICAL_RESULT,lexical=true;retrieval=true,empirical_result=true;length_normalization=true,,REWRITE_REQUIRED,権威性=候補一次資料のみ; 直接性=locator未確認; 網羅性=未支持atom=empirical_result=true;length_normalization=true; 主張極性=EMPIRICAL_RESULTとして再分類; スコープ=PASS_AFTER_CONCRETE_VERSION_OR_EXPERIMENT_SCOPE; モダリティ=PASS_AFTER_CONDITIONAL_OR_REPRODUCTION_WORDING; 教材妥当性=PASS_AFTER_CONCRETE_VERSION_OR_EXPERIMENT_QUALIFIER; 形式化妥当性=FAIL_UNSUPPORTED_ATOMS:empirical_result=true;length_normalization=true。「語の重み付けを比較した研究は、語の出現頻度、希少性、文書長の補正を組み合わせ、複数の文書集合で単純な一致数より良い検索結果を示しました。」の候補資料(SRC-067)はURL単位で、節・ページ・表・API見出しを独立に確認できていない。現文のFAIL_UNSUPPORTED_ATOMS:empirical_result=true;length_normalization=true、版・実験条件、資料内極性を断定せず、具体的な製品前提・ローカル定義・再現試験へ限定すれば教材内容を保持できる。,,,UNVERIFIED,原文をrevised_sentenceの具体文へ置換する。製品文は利用時点のregion/versionを受入条件へ追加し、研究文は同じ指標・比較条件で再現確認する。事実表現へ戻す場合は直接locatorを再監査する。,,,,,INCONCLUSIVE,NOT_APPLICABLE_UNPROVED,,,codex-independent-wave4,2026-08-15,INDEPENDENT_REVIEW_COMPLETE,PARTIAL_CANDIDATE_SOURCE_ONLY,FAIL_NO_DIRECT_LOCATOR,FAIL_UNSUPPORTED_ATOMS:empirical_result=true;length_normalization=true,EMPIRICAL_RESULT,PASS_AFTER_CONCRETE_VERSION_OR_EXPERIMENT_SCOPE,PASS_AFTER_CONDITIONAL_OR_REPRODUCTION_WORDING,PASS_AFTER_CONCRETE_VERSION_OR_EXPERIMENT_QUALIFIER,FAIL_UNSUPPORTED_ATOMS:empirical_result=true;length_normalization=true
SENT-1493,52bebecfb2a435d0e7ff2efea557c5799674ded6,評価対象は1980年代の比較的小さな英語文書集合であるため、現在の日本語業務データではBM25などを含む基準を改めて測ります。,本ガイドの基本構成では、評価対象は1980年代の比較的小さな英語文書集合であるため、現在の日本語業務データではBM25などを含む基準を改めて測ります。,ATOM(evaluation=true),ATOM,concrete_technology_claim,UNCLASSIFIED,4.3.3 (docs/4.質問に合う根拠を探す/4.3.Sparse retrieval.md:48),SRC-005,UNVERIFIED_CANDIDATE_URL_ONLY,DEFINITION_OR_SPEC,,evaluation=true,,REWRITE_REQUIRED,権威性=候補一次資料のみ; 直接性=locator未確認; 網羅性=未支持atom=evaluation=true; 主張極性=DEFINITION_OR_SPECとして再分類; スコープ=PASS_AFTER_CONCRETE_VERSION_OR_EXPERIMENT_SCOPE; モダリティ=PASS_AFTER_CONDITIONAL_OR_REPRODUCTION_WORDING; 教材妥当性=PASS_AFTER_CONCRETE_VERSION_OR_EXPERIMENT_QUALIFIER; 形式化妥当性=FAIL_UNSUPPORTED_ATOMS:evaluation=true。「評価対象は1980年代の比較的小さな英語文書集合であるため、現在の日本語業務データではBM25などを含む基準を改めて測ります。」の候補資料(SRC-005)はURL単位で、節・ページ・表・API見出しを独立に確認できていない。現文のFAIL_UNSUPPORTED_ATOMS:evaluation=true、版・実験条件、資料内極性を断定せず、具体的な製品前提・ローカル定義・再現試験へ限定すれば教材内容を保持できる。,,,UNVERIFIED,原文をrevised_sentenceの具体文へ置換する。製品文は利用時点のregion/versionを受入条件へ追加し、研究文は同じ指標・比較条件で再現確認する。事実表現へ戻す場合は直接locatorを再監査する。,,,,,INCONCLUSIVE,NOT_APPLICABLE_UNPROVED,,,codex-independent-wave4,2026-08-15,INDEPENDENT_REVIEW_COMPLETE,PARTIAL_CANDIDATE_SOURCE_ONLY,FAIL_NO_DIRECT_LOCATOR,FAIL_UNSUPPORTED_ATOMS:evaluation=true,DEFINITION_OR_SPEC,PASS_AFTER_CONCRETE_VERSION_OR_EXPERIMENT_SCOPE,PASS_AFTER_CONDITIONAL_OR_REPRODUCTION_WORDING,PASS_AFTER_CONCRETE_VERSION_OR_EXPERIMENT_QUALIFIER,FAIL_UNSUPPORTED_ATOMS:evaluation=true
SENT-1499,52bebecfb2a435d0e7ff2efea557c5799674ded6,TF-IDFは語の意味や語順を直接扱いません。,本ガイドの基本構成では、TF-IDFは語の意味や語順を直接扱いません。,UNFORMALIZED,UNFORMALIZED,concrete_technology_claim,ません,4.3.3 (docs/4.質問に合う根拠を探す/4.3.Sparse retrieval.md:57),SRC-067,UNVERIFIED_CANDIDATE_URL_ONLY,DEFINITION_OR_SPEC,,,,REWRITE_REQUIRED,権威性=候補一次資料のみ; 直接性=locator未確認; 網羅性=未支持atom=none-explicit; 主張極性=DEFINITION_OR_SPECとして再分類; スコープ=PASS_AFTER_CONCRETE_VERSION_OR_EXPERIMENT_SCOPE; モダリティ=PASS_AFTER_CONDITIONAL_OR_REPRODUCTION_WORDING; 教材妥当性=PASS_AFTER_CONCRETE_VERSION_OR_EXPERIMENT_QUALIFIER; 形式化妥当性=FAIL_UNFORMALIZED。「TF-IDFは語の意味や語順を直接扱いません。」の候補資料(SRC-067)はURL単位で、節・ページ・表・API見出しを独立に確認できていない。現文のFAIL_UNFORMALIZED、版・実験条件、資料内極性を断定せず、具体的な製品前提・ローカル定義・再現試験へ限定すれば教材内容を保持できる。,,,UNVERIFIED,原文をrevised_sentenceの具体文へ置換する。製品文は利用時点のregion/versionを受入条件へ追加し、研究文は同じ指標・比較条件で再現確認する。事実表現へ戻す場合は直接locatorを再監査する。,,,,,INCONCLUSIVE,NOT_APPLICABLE_UNPROVED,,,codex-independent-wave4,2026-08-15,INDEPENDENT_REVIEW_COMPLETE,PARTIAL_CANDIDATE_SOURCE_ONLY,FAIL_NO_DIRECT_LOCATOR,FAIL_UNFORMALIZED,DEFINITION_OR_SPEC,PASS_AFTER_CONCRETE_VERSION_OR_EXPERIMENT_SCOPE,PASS_AFTER_CONDITIONAL_OR_REPRODUCTION_WORDING,PASS_AFTER_CONCRETE_VERSION_OR_EXPERIMENT_QUALIFIER,FAIL_UNFORMALIZED
SENT-1500,52bebecfb2a435d0e7ff2efea557c5799674ded6,言い換えへの対応は辞書、文書拡張、学習型疎検索、密検索で補います。,本ガイドの基本構成では、言い換えへの対応は辞書、文書拡張、学習型疎検索、密検索で補います。,"AND(AND(AND(AND(ATOM(sparse=true), ATOM(generated_terms=true)), ATOM(learned=true)), ATOM(dense=true)), ATOM(retrieval=true))",AND,concrete_technology_claim,UNCLASSIFIED,4.3.3 (docs/4.質問に合う根拠を探す/4.3.Sparse retrieval.md:58),SRC-062,UNVERIFIED_CANDIDATE_URL_ONLY,DEFINITION_OR_SPEC,generated_terms=true;retrieval=true,dense=true;learned=true;sparse=true,,REWRITE_REQUIRED,権威性=候補一次資料のみ; 直接性=locator未確認; 網羅性=未支持atom=dense=true;learned=true;sparse=true; 主張極性=DEFINITION_OR_SPECとして再分類; スコープ=PASS_AFTER_CONCRETE_VERSION_OR_EXPERIMENT_SCOPE; モダリティ=PASS_AFTER_CONDITIONAL_OR_REPRODUCTION_WORDING; 教材妥当性=PASS_AFTER_CONCRETE_VERSION_OR_EXPERIMENT_QUALIFIER; 形式化妥当性=FAIL_UNSUPPORTED_ATOMS:dense=true;learned=true;sparse=true。「言い換えへの対応は辞書、文書拡張、学習型疎検索、密検索で補います。」の候補資料(SRC-062)はURL単位で、節・ページ・表・API見出しを独立に確認できていない。現文のFAIL_UNSUPPORTED_ATOMS:dense=true;learned=true;sparse=true、版・実験条件、資料内極性を断定せず、具体的な製品前提・ローカル定義・再現試験へ限定すれば教材内容を保持できる。,,,UNVERIFIED,原文をrevised_sentenceの具体文へ置換する。製品文は利用時点のregion/versionを受入条件へ追加し、研究文は同じ指標・比較条件で再現確認する。事実表現へ戻す場合は直接locatorを再監査する。,,,,,INCONCLUSIVE,NOT_APPLICABLE_UNPROVED,,,codex-independent-wave4,2026-08-15,INDEPENDENT_REVIEW_COMPLETE,PARTIAL_CANDIDATE_SOURCE_ONLY,FAIL_NO_DIRECT_LOCATOR,FAIL_UNSUPPORTED_ATOMS:dense=true;learned=true;sparse=true,DEFINITION_OR_SPEC,PASS_AFTER_CONCRETE_VERSION_OR_EXPERIMENT_SCOPE,PASS_AFTER_CONDITIONAL_OR_REPRODUCTION_WORDING,PASS_AFTER_CONCRETE_VERSION_OR_EXPERIMENT_QUALIFIER,FAIL_UNSUPPORTED_ATOMS:dense=true;learned=true;sparse=true
SENT-1530,52bebecfb2a435d0e7ff2efea557c5799674ded6,Document Expansion by Query Predictionは、文書に対して想定される質問を生成し、文書表現へ追加する方法です。,本ガイドでは、Document Expansion by Query Predictionを「文書に対して想定される質問を生成し、文書表現へ追加する方法」として扱います。,"AND(ATOM(generated_terms=true), ATOM(generation=true))",AND,externally_cited_claim,UNCLASSIFIED,4.3.5 (docs/4.質問に合う根拠を探す/4.3.Sparse retrieval.md:108),SRC-062,UNVERIFIED_CANDIDATE_URL_ONLY,DEFINITION_OR_SPEC,generated_terms=true,generation=true,,REWRITE_REQUIRED,権威性=候補一次資料のみ; 直接性=locator未確認; 網羅性=未支持atom=generation=true; 主張極性=DEFINITION_OR_SPECとして再分類; スコープ=PASS_AFTER_CONCRETE_VERSION_OR_EXPERIMENT_SCOPE; モダリティ=PASS_AFTER_CONDITIONAL_OR_REPRODUCTION_WORDING; 教材妥当性=PASS_AFTER_CONCRETE_VERSION_OR_EXPERIMENT_QUALIFIER; 形式化妥当性=FAIL_UNSUPPORTED_ATOMS:generation=true。「Document Expansion by Query Predictionは、文書に対して想定される質問を生成し、文書表現へ追加する方法です。」の候補資料(SRC-062)はURL単位で、節・ページ・表・API見出しを独立に確認できていない。現文のFAIL_UNSUPPORTED_ATOMS:generation=true、版・実験条件、資料内極性を断定せず、具体的な製品前提・ローカル定義・再現試験へ限定すれば教材内容を保持できる。,,,UNVERIFIED,原文をrevised_sentenceの具体文へ置換する。製品文は利用時点のregion/versionを受入条件へ追加し、研究文は同じ指標・比較条件で再現確認する。事実表現へ戻す場合は直接locatorを再監査する。,,,,,INCONCLUSIVE,NOT_APPLICABLE_UNPROVED,,,codex-independent-wave4,2026-08-15,INDEPENDENT_REVIEW_COMPLETE,PARTIAL_CANDIDATE_SOURCE_ONLY,FAIL_NO_DIRECT_LOCATOR,FAIL_UNSUPPORTED_ATOMS:generation=true,DEFINITION_OR_SPEC,PASS_AFTER_CONCRETE_VERSION_OR_EXPERIMENT_SCOPE,PASS_AFTER_CONDITIONAL_OR_REPRODUCTION_WORDING,PASS_AFTER_CONCRETE_VERSION_OR_EXPERIMENT_QUALIFIER,FAIL_UNSUPPORTED_ATOMS:generation=true
SENT-1534,52bebecfb2a435d0e7ff2efea557c5799674ded6,原文だけのBM25と同じ評価質問で比較し、必要根拠の回収率と不要な候補の差を確認します。,本ガイドの基本構成では、原文だけのBM25と同じ評価質問で比較し、必要根拠の回収率と不要な候補の差を確認します。,"NOT(AND(ATOM(evidence_support=true), ATOM(evaluation=true)))",NOT,concrete_technology_claim,必要,4.3.5 (docs/4.質問に合う根拠を探す/4.3.Sparse retrieval.md:113),SRC-005,UNVERIFIED_CANDIDATE_URL_ONLY,DEFINITION_OR_SPEC,evidence_support=true,evaluation=true,NOT,REWRITE_REQUIRED,権威性=候補一次資料のみ; 直接性=locator未確認; 網羅性=関係NOT自体の根拠未確認; 主張極性=DEFINITION_OR_SPECとして再分類; スコープ=PASS_AFTER_CONCRETE_VERSION_OR_EXPERIMENT_SCOPE; モダリティ=PASS_AFTER_CONDITIONAL_OR_REPRODUCTION_WORDING; 教材妥当性=PASS_AFTER_CONCRETE_VERSION_OR_EXPERIMENT_QUALIFIER; 形式化妥当性=FAIL_RELATION_NOT。「原文だけのBM25と同じ評価質問で比較し、必要根拠の回収率と不要な候補の差を確認します。」の候補資料(SRC-005)はURL単位で、節・ページ・表・API見出しを独立に確認できていない。現文のFAIL_RELATION_NOT、版・実験条件、資料内極性を断定せず、具体的な製品前提・ローカル定義・再現試験へ限定すれば教材内容を保持できる。,,,UNVERIFIED,原文をrevised_sentenceの具体文へ置換する。製品文は利用時点のregion/versionを受入条件へ追加し、研究文は同じ指標・比較条件で再現確認する。事実表現へ戻す場合は直接locatorを再監査する。,,,,,INCONCLUSIVE,NOT_APPLICABLE_UNPROVED,,,codex-independent-wave4,2026-08-15,INDEPENDENT_REVIEW_COMPLETE,PARTIAL_CANDIDATE_SOURCE_ONLY,FAIL_NO_DIRECT_LOCATOR,FAIL_RELATION_NOT,DEFINITION_OR_SPEC,PASS_AFTER_CONCRETE_VERSION_OR_EXPERIMENT_SCOPE,PASS_AFTER_CONDITIONAL_OR_REPRODUCTION_WORDING,PASS_AFTER_CONCRETE_VERSION_OR_EXPERIMENT_QUALIFIER,FAIL_RELATION_NOT
SENT-1536,52bebecfb2a435d0e7ff2efea557c5799674ded6,転置インデックスを利用しながら、原文にない関連語を検索へ取り込めます。,本ガイドの基本構成では、転置インデックスを利用しながら、原文にない関連語を検索へ取り込めます。,"NOT(AND(AND(ATOM(sparse=true), ATOM(inverted_index_compatible=true)), ATOM(retrieval=true)))",NOT,general_technical_claim,ない,4.3.5 (docs/4.質問に合う根拠を探す/4.3.Sparse retrieval.md:116),SRC-068;SRC-069;SRC-070;SRC-071;SRC-062,UNVERIFIED_CANDIDATE_URL_ONLY,BACKGROUND_CITATION,inverted_index_compatible=true;retrieval=true;sparse=true,,NOT,REWRITE_REQUIRED,権威性=候補一次資料のみ; 直接性=locator未確認; 網羅性=関係NOT自体の根拠未確認; 主張極性=BACKGROUND_CITATIONとして再分類; スコープ=PASS_AFTER_TEST_SCOPE_QUALIFICATION; モダリティ=PASS_AFTER_HYPOTHESIS_QUALIFIER; 教材妥当性=PASS_AS_EXPLICIT_TESTABLE_HYPOTHESIS; 形式化妥当性=FAIL_RELATION_NOT。「転置インデックスを利用しながら、原文にない関連語を検索へ取り込めます。」は候補資料(SRC-068;SRC-069;SRC-070;SRC-071;SRC-062)に直接locatorがなく、一般的事実としてはFAIL_RELATION_NOTが残る。原文の対象と作用を維持したまま、本ガイドの構成または対象データでの検証へスコープを限定すれば教材上の検討事項を保持できる。,,,UNVERIFIED,原文をrevised_sentenceへ置換し、対象データ、比較条件、観測指標、合否閾値を同じ節に追記する。検証後に限り事実表現へ戻し、意味を保存して再形式化する。,,,,,INCONCLUSIVE,NOT_APPLICABLE_UNPROVED,,,codex-independent-wave4,2026-08-15,INDEPENDENT_REVIEW_COMPLETE,PARTIAL_CANDIDATE_SOURCE_ONLY,FAIL_NO_DIRECT_LOCATOR,FAIL_RELATION_NOT,BACKGROUND_CITATION,PASS_AFTER_TEST_SCOPE_QUALIFICATION,PASS_AFTER_HYPOTHESIS_QUALIFIER,PASS_AS_EXPLICIT_TESTABLE_HYPOTHESIS,FAIL_RELATION_NOT
SENT-1537,52bebecfb2a435d0e7ff2efea557c5799674ded6,SPLADEは、Transformerという構造の言語モデルから語彙単位の疎な表現を作り、第一段階検索へ利用しました。,本ガイドでは、Transformerという構造の言語モデルから語彙単位の疎な表現を作り、第一段階検索へ利用します。,"AND(AND(AND(ATOM(lexical=true), ATOM(sparse=true)), ATOM(retrieval=true)), ATOM(generation=true))",AND,externally_cited_claim,UNCLASSIFIED,4.3.5 (docs/4.質問に合う根拠を探す/4.3.Sparse retrieval.md:118),SRC-068,UNVERIFIED_CANDIDATE_URL_ONLY,AUTHOR_CLAIM,lexical=true;retrieval=true;sparse=true,generation=true,,REWRITE_REQUIRED,権威性=候補一次資料のみ; 直接性=locator未確認; 網羅性=未支持atom=generation=true; 主張極性=AUTHOR_CLAIMとして再分類; スコープ=PASS_AFTER_CONCRETE_VERSION_OR_EXPERIMENT_SCOPE; モダリティ=PASS_AFTER_CONDITIONAL_OR_REPRODUCTION_WORDING; 教材妥当性=PASS_AFTER_CONCRETE_VERSION_OR_EXPERIMENT_QUALIFIER; 形式化妥当性=FAIL_UNSUPPORTED_ATOMS:generation=true。「SPLADEは、Transformerという構造の言語モデルから語彙単位の疎な表現を作り、第一段階検索へ利用しました。」の候補資料(SRC-068)はURL単位で、節・ページ・表・API見出しを独立に確認できていない。現文のFAIL_UNSUPPORTED_ATOMS:generation=true、版・実験条件、資料内極性を断定せず、具体的な製品前提・ローカル定義・再現試験へ限定すれば教材内容を保持できる。,,,UNVERIFIED,原文をrevised_sentenceの具体文へ置換する。製品文は利用時点のregion/versionを受入条件へ追加し、研究文は同じ指標・比較条件で再現確認する。事実表現へ戻す場合は直接locatorを再監査する。,,,,,INCONCLUSIVE,NOT_APPLICABLE_UNPROVED,,,codex-independent-wave4,2026-08-15,INDEPENDENT_REVIEW_COMPLETE,PARTIAL_CANDIDATE_SOURCE_ONLY,FAIL_NO_DIRECT_LOCATOR,FAIL_UNSUPPORTED_ATOMS:generation=true,AUTHOR_CLAIM,PASS_AFTER_CONCRETE_VERSION_OR_EXPERIMENT_SCOPE,PASS_AFTER_CONDITIONAL_OR_REPRODUCTION_WORDING,PASS_AFTER_CONCRETE_VERSION_OR_EXPERIMENT_QUALIFIER,FAIL_UNSUPPORTED_ATOMS:generation=true
SENT-1540,52bebecfb2a435d0e7ff2efea557c5799674ded6,学習型疎検索の分野適応では、対象分野の語彙追加、追加学習、IDF補正によって、評価した五つの専門データセットでSPLADE系の検索を改善しました。,本ガイドでは、対象分野の語彙追加、追加学習、IDF補正によって、評価した五つの専門データセットでSPLADE系の検索を改善します。,"AND(AND(AND(AND(ATOM(sparse=true), ATOM(learned=true)), ATOM(retrieval=true)), ATOM(evaluation=true)), ATOM(empirical_result=true))",AND,externally_cited_claim,UNCLASSIFIED,4.3.5 (docs/4.質問に合う根拠を探す/4.3.Sparse retrieval.md:122),SRC-071;SRC-068,UNVERIFIED_CANDIDATE_URL_ONLY,EMPIRICAL_RESULT,empirical_result=true;learned=true;retrieval=true;sparse=true,evaluation=true,,REWRITE_REQUIRED,権威性=候補一次資料のみ; 直接性=locator未確認; 網羅性=未支持atom=evaluation=true; 主張極性=EMPIRICAL_RESULTとして再分類; スコープ=PASS_AFTER_CONCRETE_VERSION_OR_EXPERIMENT_SCOPE; モダリティ=PASS_AFTER_CONDITIONAL_OR_REPRODUCTION_WORDING; 教材妥当性=PASS_AFTER_CONCRETE_VERSION_OR_EXPERIMENT_QUALIFIER; 形式化妥当性=FAIL_UNSUPPORTED_ATOMS:evaluation=true。「学習型疎検索の分野適応では、対象分野の語彙追加、追加学習、IDF補正によって、評価した五つの専門データセットでSPLADE系の検索を改善しました。」の候補資料(SRC-071;SRC-068)はURL単位で、節・ページ・表・API見出しを独立に確認できていない。現文のFAIL_UNSUPPORTED_ATOMS:evaluation=true、版・実験条件、資料内極性を断定せず、具体的な製品前提・ローカル定義・再現試験へ限定すれば教材内容を保持できる。,,,UNVERIFIED,原文をrevised_sentenceの具体文へ置換する。製品文は利用時点のregion/versionを受入条件へ追加し、研究文は同じ指標・比較条件で再現確認する。事実表現へ戻す場合は直接locatorを再監査する。,,,,,INCONCLUSIVE,NOT_APPLICABLE_UNPROVED,,,codex-independent-wave4,2026-08-15,INDEPENDENT_REVIEW_COMPLETE,PARTIAL_CANDIDATE_SOURCE_ONLY,FAIL_NO_DIRECT_LOCATOR,FAIL_UNSUPPORTED_ATOMS:evaluation=true,EMPIRICAL_RESULT,PASS_AFTER_CONCRETE_VERSION_OR_EXPERIMENT_SCOPE,PASS_AFTER_CONDITIONAL_OR_REPRODUCTION_WORDING,PASS_AFTER_CONCRETE_VERSION_OR_EXPERIMENT_QUALIFIER,FAIL_UNSUPPORTED_ATOMS:evaluation=true
SENT-1542,52bebecfb2a435d0e7ff2efea557c5799674ded6,専門語の検索漏れが確認された場合に、BM25との併用を残したまま効果と運用費用を比べます。,本ガイドの基本構成では、専門語の検索漏れが確認された場合に、BM25との併用を残したまま効果と運用費用を比べます。,"IMP(ATOM(retrieval=true), ATOM(cost=true))",IMPLIES,concrete_technology_claim,UNCLASSIFIED,4.3.5 (docs/4.質問に合う根拠を探す/4.3.Sparse retrieval.md:124),SRC-005,UNVERIFIED_CANDIDATE_URL_ONLY,DEFINITION_OR_SPEC,retrieval=true,cost=true,IMPLIES,REWRITE_REQUIRED,権威性=候補一次資料のみ; 直接性=locator未確認; 網羅性=関係IMPLIES自体の根拠未確認; 主張極性=DEFINITION_OR_SPECとして再分類; スコープ=PASS_AFTER_CONCRETE_VERSION_OR_EXPERIMENT_SCOPE; モダリティ=PASS_AFTER_CONDITIONAL_OR_REPRODUCTION_WORDING; 教材妥当性=PASS_AFTER_CONCRETE_VERSION_OR_EXPERIMENT_QUALIFIER; 形式化妥当性=FAIL_RELATION_IMPLIES。「専門語の検索漏れが確認された場合に、BM25との併用を残したまま効果と運用費用を比べます。」の候補資料(SRC-005)はURL単位で、節・ページ・表・API見出しを独立に確認できていない。現文のFAIL_RELATION_IMPLIES、版・実験条件、資料内極性を断定せず、具体的な製品前提・ローカル定義・再現試験へ限定すれば教材内容を保持できる。,,,UNVERIFIED,原文をrevised_sentenceの具体文へ置換する。製品文は利用時点のregion/versionを受入条件へ追加し、研究文は同じ指標・比較条件で再現確認する。事実表現へ戻す場合は直接locatorを再監査する。,,,,,INCONCLUSIVE,NOT_APPLICABLE_UNPROVED,,,codex-independent-wave4,2026-08-15,INDEPENDENT_REVIEW_COMPLETE,PARTIAL_CANDIDATE_SOURCE_ONLY,FAIL_NO_DIRECT_LOCATOR,FAIL_RELATION_IMPLIES,DEFINITION_OR_SPEC,PASS_AFTER_CONCRETE_VERSION_OR_EXPERIMENT_SCOPE,PASS_AFTER_CONDITIONAL_OR_REPRODUCTION_WORDING,PASS_AFTER_CONCRETE_VERSION_OR_EXPERIMENT_QUALIFIER,FAIL_RELATION_IMPLIES
SENT-1545,52bebecfb2a435d0e7ff2efea557c5799674ded6,BM25を置き換える前提にせず、追加の検索器として検索表現に含める語の少なさ、検索品質、応答時間、追加学習していない分野での性能を比較します。,本ガイドの基本構成では、BM25を置き換える前提にせず、追加の検索器として検索表現に含める語の少なさ、検索品質、応答時間、追加学習していない分野での性能を比較します。,"NOT(AND(AND(AND(AND(ATOM(learned=true), ATOM(recall_latency_tradeoff=true)), ATOM(retrieval=true)), ATOM(temporal_freshness=true)), ATOM(latency=true)))",NOT,concrete_technology_claim,ない,4.3.5 (docs/4.質問に合う根拠を探す/4.3.Sparse retrieval.md:128),SRC-005,UNVERIFIED_CANDIDATE_URL_ONLY,DEFINITION_OR_SPEC,retrieval=true,latency=true;learned=true;recall_latency_tradeoff=true;temporal_freshness=true,NOT,REWRITE_REQUIRED,権威性=候補一次資料のみ; 直接性=locator未確認; 網羅性=関係NOT自体の根拠未確認; 主張極性=DEFINITION_OR_SPECとして再分類; スコープ=PASS_AFTER_CONCRETE_VERSION_OR_EXPERIMENT_SCOPE; モダリティ=PASS_AFTER_CONDITIONAL_OR_REPRODUCTION_WORDING; 教材妥当性=PASS_AFTER_CONCRETE_VERSION_OR_EXPERIMENT_QUALIFIER; 形式化妥当性=FAIL_RELATION_NOT。「BM25を置き換える前提にせず、追加の検索器として検索表現に含める語の少なさ、検索品質、応答時間、追加学習していない分野での性能を比較します。」の候補資料(SRC-005)はURL単位で、節・ページ・表・API見出しを独立に確認できていない。現文のFAIL_RELATION_NOT、版・実験条件、資料内極性を断定せず、具体的な製品前提・ローカル定義・再現試験へ限定すれば教材内容を保持できる。,,,UNVERIFIED,原文をrevised_sentenceの具体文へ置換する。製品文は利用時点のregion/versionを受入条件へ追加し、研究文は同じ指標・比較条件で再現確認する。事実表現へ戻す場合は直接locatorを再監査する。,,,,,INCONCLUSIVE,NOT_APPLICABLE_UNPROVED,,,codex-independent-wave4,2026-08-15,INDEPENDENT_REVIEW_COMPLETE,PARTIAL_CANDIDATE_SOURCE_ONLY,FAIL_NO_DIRECT_LOCATOR,FAIL_RELATION_NOT,DEFINITION_OR_SPEC,PASS_AFTER_CONCRETE_VERSION_OR_EXPERIMENT_SCOPE,PASS_AFTER_CONDITIONAL_OR_REPRODUCTION_WORDING,PASS_AFTER_CONCRETE_VERSION_OR_EXPERIMENT_QUALIFIER,FAIL_RELATION_NOT
SENT-1549,52bebecfb2a435d0e7ff2efea557c5799674ded6,密検索は、学習済みの意味空間で質問と文書を比較し、語の一致だけでは取得できない候補を探します。,密検索は、学習済みの意味空間で質問と文書を比較し、語の一致だけでは取得できない候補を探します。,"NOT(AND(ATOM(dense=true), ATOM(retrieval=true)))",NOT,general_technical_claim,ない,4.4.1 (docs/4.質問に合う根拠を探す/4.4.Dense retrieval.md:9),SRC-042;SRC-043,NOT_APPLICABLE_LOCAL_NORM,HYPOTHESIS,dense=true;retrieval=true,,NOT,APPROPRIATE_NORMATIVE,権威性=候補一次資料のみ; 直接性=locator未確認; 網羅性=関係NOT自体の根拠未確認; 主張極性=HYPOTHESISとして再分類; スコープ=PASS_LOCAL_DESIGN_POLICY; モダリティ=PASS_AS_DISCLOSED_NORMATIVE_RULE; 教材妥当性=PASS_AFTER_EXPLICIT_CRITERIA_AND_EXCEPTION; 形式化妥当性=FAIL_RELATION_NOT。「密検索は、学習済みの意味空間で質問と文書を比較し、語の一致だけでは取得できない候補を探します。」は外的真偽の断定ではなく、対象・処理・判断を特定した設計・運用上の選択規則として読める。ただし候補資料(SRC-042;SRC-043)はURL単位で、直接locatorは未確認。規範の判断基準と例外を明示すれば教材として採用できる。形式面ではFAIL_RELATION_NOTを別途解消する必要がある。,禁止対象、禁止理由、代替経路を明示し、安全性・再現性・追跡性のいずれを守る規則か検査できること,禁止理由を満たす別の統制が同等以上の証拠で確認できる場合のみ例外とし、理由と期限を記録する,NOT_APPLICABLE,本文は維持し、節内に判断基準「禁止対象、禁止理由、代替経路を明示し、安全性・再現性・追跡性のいずれを守る規則か検査できること」と例外「禁止理由を満たす別の統制が同等以上の証拠で確認できる場合のみ例外とし、理由と期限を記録する」を明記する。経験的な効果保証とは分離し、意味を保存して再形式化する。,,,,,INCONCLUSIVE,NOT_APPLICABLE_UNPROVED,,,codex-independent-wave4,2026-08-15,INDEPENDENT_REVIEW_COMPLETE,PARTIAL_CANDIDATE_SOURCE_ONLY,FAIL_NO_DIRECT_LOCATOR,FAIL_RELATION_NOT,HYPOTHESIS,PASS_LOCAL_DESIGN_POLICY,PASS_AS_DISCLOSED_NORMATIVE_RULE,PASS_AFTER_EXPLICIT_CRITERIA_AND_EXCEPTION,FAIL_RELATION_NOT
SENT-1554,52bebecfb2a435d0e7ff2efea557c5799674ded6,結果は学習データと評価条件に依存し、すべての業務で疎検索を上回ることを意味しません。,結果は学習データと評価条件に依存し、すべての業務で疎検索を上回ることを意味しません。,"NOT(AND(AND(AND(ATOM(sparse=true), ATOM(retrieval=true)), ATOM(evaluation=true)), ATOM(empirical_result=true)))",NOT,empirical_or_research_claim,すべて;ません,4.4.1 (docs/4.質問に合う根拠を探す/4.4.Dense retrieval.md:16),SRC-043,NOT_APPLICABLE_LOCAL_NORM,HYPOTHESIS,empirical_result=true;evaluation=true;retrieval=true,sparse=true,NOT,APPROPRIATE_NORMATIVE,権威性=候補一次資料のみ; 直接性=locator未確認; 網羅性=関係NOT自体の根拠未確認; 主張極性=HYPOTHESISとして再分類; スコープ=PASS_LOCAL_DESIGN_POLICY; モダリティ=PASS_AS_DISCLOSED_NORMATIVE_RULE; 教材妥当性=PASS_AFTER_EXPLICIT_CRITERIA_AND_EXCEPTION; 形式化妥当性=FAIL_RELATION_NOT。「結果は学習データと評価条件に依存し、すべての業務で疎検索を上回ることを意味しません。」は外的真偽の断定ではなく、対象・処理・判断を特定した設計・運用上の選択規則として読める。ただし候補資料(SRC-043)はURL単位で、直接locatorは未確認。規範の判断基準と例外を明示すれば教材として採用できる。形式面ではFAIL_RELATION_NOTを別途解消する必要がある。,対象データ・負荷・モデルで比較し、品質指標、p95遅延、費用の受入閾値を事前に定義すること,数値は初期候補とし、データ量、モデル、リージョン、負荷が異なる場合は再測定して変更する,NOT_APPLICABLE,本文は維持し、節内に判断基準「対象データ・負荷・モデルで比較し、品質指標、p95遅延、費用の受入閾値を事前に定義すること」と例外「数値は初期候補とし、データ量、モデル、リージョン、負荷が異なる場合は再測定して変更する」を明記する。経験的な効果保証とは分離し、意味を保存して再形式化する。,,,,,INCONCLUSIVE,NOT_APPLICABLE_UNPROVED,,,codex-independent-wave4,2026-08-15,INDEPENDENT_REVIEW_COMPLETE,PARTIAL_CANDIDATE_SOURCE_ONLY,FAIL_NO_DIRECT_LOCATOR,FAIL_RELATION_NOT,HYPOTHESIS,PASS_LOCAL_DESIGN_POLICY,PASS_AS_DISCLOSED_NORMATIVE_RULE,PASS_AFTER_EXPLICIT_CRITERIA_AND_EXCEPTION,FAIL_RELATION_NOT
SENT-1555,52bebecfb2a435d0e7ff2efea557c5799674ded6,ベクトルの類似度は、文章の真偽、情報源の信頼度、文書の鮮度、利用者の権限を表しません。,ベクトルの類似度は、文章の真偽、情報源の信頼度、文書の鮮度、利用者の権限を表しません。,"NOT(AND(ATOM(temporal_freshness=true), ATOM(authorization=true)))",NOT,general_technical_claim,ません,4.4.1 (docs/4.質問に合う根拠を探す/4.4.Dense retrieval.md:18),SRC-060,NOT_APPLICABLE_LOCAL_NORM,HYPOTHESIS,temporal_freshness=true,authorization=true,NOT,APPROPRIATE_NORMATIVE,権威性=候補一次資料のみ; 直接性=locator未確認; 網羅性=関係NOT自体の根拠未確認; 主張極性=HYPOTHESISとして再分類; スコープ=PASS_LOCAL_DESIGN_POLICY; モダリティ=PASS_AS_DISCLOSED_NORMATIVE_RULE; 教材妥当性=PASS_AFTER_EXPLICIT_CRITERIA_AND_EXCEPTION; 形式化妥当性=FAIL_RELATION_NOT。「ベクトルの類似度は、文章の真偽、情報源の信頼度、文書の鮮度、利用者の権限を表しません。」は外的真偽の断定ではなく、対象・処理・判断を特定した設計・運用上の選択規則として読める。ただし候補資料(SRC-060)はURL単位で、直接locatorは未確認。規範の判断基準と例外を明示すれば教材として採用できる。形式面ではFAIL_RELATION_NOTを別途解消する必要がある。,最小権限を維持し、認可前後の候補、拒否理由、漏えい試験を観測可能にすること,法令・契約・組織方針がより厳しい場合はその基準を優先し、緊急例外も期限と事後監査を必須とする,NOT_APPLICABLE,本文は維持し、節内に判断基準「最小権限を維持し、認可前後の候補、拒否理由、漏えい試験を観測可能にすること」と例外「法令・契約・組織方針がより厳しい場合はその基準を優先し、緊急例外も期限と事後監査を必須とする」を明記する。経験的な効果保証とは分離し、意味を保存して再形式化する。,,,,,INCONCLUSIVE,NOT_APPLICABLE_UNPROVED,,,codex-independent-wave4,2026-08-15,INDEPENDENT_REVIEW_COMPLETE,PARTIAL_CANDIDATE_SOURCE_ONLY,FAIL_NO_DIRECT_LOCATOR,FAIL_RELATION_NOT,HYPOTHESIS,PASS_LOCAL_DESIGN_POLICY,PASS_AS_DISCLOSED_NORMATIVE_RULE,PASS_AFTER_EXPLICIT_CRITERIA_AND_EXCEPTION,FAIL_RELATION_NOT
SENT-1556,52bebecfb2a435d0e7ff2efea557c5799674ded6,密検索を候補生成の一つの手掛かりとして使い、メタデータフィルターと再順位付けで補います。,本ガイドの基本構成では、密検索を候補生成の一つの手掛かりとして使い、メタデータフィルターと再順位付けで補います。,"AND(AND(AND(ATOM(dense=true), ATOM(rerank=true)), ATOM(retrieval=true)), ATOM(generation=true))",AND,general_technical_claim,UNCLASSIFIED,4.4.1 (docs/4.質問に合う根拠を探す/4.4.Dense retrieval.md:19),SRC-042;SRC-043,UNVERIFIED_CANDIDATE_URL_ONLY,BACKGROUND_CITATION,dense=true;retrieval=true,generation=true;rerank=true,,REWRITE_REQUIRED,権威性=候補一次資料のみ; 直接性=locator未確認; 網羅性=未支持atom=generation=true;rerank=true; 主張極性=BACKGROUND_CITATIONとして再分類; スコープ=PASS_AFTER_TEST_SCOPE_QUALIFICATION; モダリティ=PASS_AFTER_HYPOTHESIS_QUALIFIER; 教材妥当性=PASS_AS_EXPLICIT_TESTABLE_HYPOTHESIS; 形式化妥当性=FAIL_UNSUPPORTED_ATOMS:generation=true;rerank=true。「密検索を候補生成の一つの手掛かりとして使い、メタデータフィルターと再順位付けで補います。」は候補資料(SRC-042;SRC-043)に直接locatorがなく、一般的事実としてはFAIL_UNSUPPORTED_ATOMS:generation=true;rerank=trueが残る。原文の対象と作用を維持したまま、本ガイドの構成または対象データでの検証へスコープを限定すれば教材上の検討事項を保持できる。,,,UNVERIFIED,原文をrevised_sentenceへ置換し、対象データ、比較条件、観測指標、合否閾値を同じ節に追記する。検証後に限り事実表現へ戻し、意味を保存して再形式化する。,,,,,INCONCLUSIVE,NOT_APPLICABLE_UNPROVED,,,codex-independent-wave4,2026-08-15,INDEPENDENT_REVIEW_COMPLETE,PARTIAL_CANDIDATE_SOURCE_ONLY,FAIL_NO_DIRECT_LOCATOR,FAIL_UNSUPPORTED_ATOMS:generation=true;rerank=true,BACKGROUND_CITATION,PASS_AFTER_TEST_SCOPE_QUALIFICATION,PASS_AFTER_HYPOTHESIS_QUALIFIER,PASS_AS_EXPLICIT_TESTABLE_HYPOTHESIS,FAIL_UNSUPPORTED_ATOMS:generation=true;rerank=true
SENT-1561,52bebecfb2a435d0e7ff2efea557c5799674ded6,Sentence-BERTのように、質問と文書で同種の符号化器を共有する構成もあります。,本ガイドの基本構成では、Sentence-BERTのように、質問と文書で同種の符号化器を共有する構成もあります。,UNFORMALIZED,UNFORMALIZED,externally_cited_claim,UNCLASSIFIED,4.4.1 (docs/4.質問に合う根拠を探す/4.4.Dense retrieval.md:26),SRC-042,UNVERIFIED_CANDIDATE_URL_ONLY,AUTHOR_CLAIM,,,,REWRITE_REQUIRED,権威性=候補一次資料のみ; 直接性=locator未確認; 網羅性=未支持atom=none-explicit; 主張極性=AUTHOR_CLAIMとして再分類; スコープ=PASS_AFTER_CONCRETE_VERSION_OR_EXPERIMENT_SCOPE; モダリティ=PASS_AFTER_CONDITIONAL_OR_REPRODUCTION_WORDING; 教材妥当性=PASS_AFTER_CONCRETE_VERSION_OR_EXPERIMENT_QUALIFIER; 形式化妥当性=FAIL_UNFORMALIZED。「Sentence-BERTのように、質問と文書で同種の符号化器を共有する構成もあります。」の候補資料(SRC-042)はURL単位で、節・ページ・表・API見出しを独立に確認できていない。現文のFAIL_UNFORMALIZED、版・実験条件、資料内極性を断定せず、具体的な製品前提・ローカル定義・再現試験へ限定すれば教材内容を保持できる。,,,UNVERIFIED,原文をrevised_sentenceの具体文へ置換する。製品文は利用時点のregion/versionを受入条件へ追加し、研究文は同じ指標・比較条件で再現確認する。事実表現へ戻す場合は直接locatorを再監査する。,,,,,INCONCLUSIVE,NOT_APPLICABLE_UNPROVED,,,codex-independent-wave4,2026-08-15,INDEPENDENT_REVIEW_COMPLETE,PARTIAL_CANDIDATE_SOURCE_ONLY,FAIL_NO_DIRECT_LOCATOR,FAIL_UNFORMALIZED,AUTHOR_CLAIM,PASS_AFTER_CONCRETE_VERSION_OR_EXPERIMENT_SCOPE,PASS_AFTER_CONDITIONAL_OR_REPRODUCTION_WORDING,PASS_AFTER_CONCRETE_VERSION_OR_EXPERIMENT_QUALIFIER,FAIL_UNFORMALIZED
SENT-1563,52bebecfb2a435d0e7ff2efea557c5799674ded6,二塔型符号化器で広く候補を回収し、交差符号化器で少数候補を再順位付けする役割分担ができます。,二塔型符号化器で広く候補を回収し、交差符号化器で少数候補を再順位付けする役割分担ができるかを、対象データと固定した比較条件で検証します。,"AND(ATOM(dual_encoder=true), ATOM(rerank=true))",AND,general_technical_claim,できます,4.4.1 (docs/4.質問に合う根拠を探す/4.4.Dense retrieval.md:29),SRC-043,UNVERIFIED_CANDIDATE_URL_ONLY,BACKGROUND_CITATION,dual_encoder=true,rerank=true,,REWRITE_REQUIRED,権威性=候補一次資料のみ; 直接性=locator未確認; 網羅性=未支持atom=rerank=true; 主張極性=BACKGROUND_CITATIONとして再分類; スコープ=PASS_AFTER_TEST_SCOPE_QUALIFICATION; モダリティ=PASS_AFTER_HYPOTHESIS_QUALIFIER; 教材妥当性=PASS_AS_EXPLICIT_TESTABLE_HYPOTHESIS; 形式化妥当性=FAIL_UNSUPPORTED_ATOMS:rerank=true。「二塔型符号化器で広く候補を回収し、交差符号化器で少数候補を再順位付けする役割分担ができます。」は候補資料(SRC-043)に直接locatorがなく、一般的事実としてはFAIL_UNSUPPORTED_ATOMS:rerank=trueが残る。原文の対象と作用を維持したまま、本ガイドの構成または対象データでの検証へスコープを限定すれば教材上の検討事項を保持できる。,,,UNVERIFIED,原文をrevised_sentenceへ置換し、対象データ、比較条件、観測指標、合否閾値を同じ節に追記する。検証後に限り事実表現へ戻し、意味を保存して再形式化する。,,,,,INCONCLUSIVE,NOT_APPLICABLE_UNPROVED,,,codex-independent-wave4,2026-08-15,INDEPENDENT_REVIEW_COMPLETE,PARTIAL_CANDIDATE_SOURCE_ONLY,FAIL_NO_DIRECT_LOCATOR,FAIL_UNSUPPORTED_ATOMS:rerank=true,BACKGROUND_CITATION,PASS_AFTER_TEST_SCOPE_QUALIFICATION,PASS_AFTER_HYPOTHESIS_QUALIFIER,PASS_AS_EXPLICIT_TESTABLE_HYPOTHESIS,FAIL_UNSUPPORTED_ATOMS:rerank=true
SENT-1564,52bebecfb2a435d0e7ff2efea557c5799674ded6,図4-5は、上段の質問と下段の各文書を別々の符号化器でベクトルへ変換し、中央右の類似度で比べる流れです。,本ガイドでは、図4-5を「上段の質問と下段の各文書を別々の符号化器でベクトルへ変換し、中央右の類似度で比べる流れ」として用います。,UNFORMALIZED,UNFORMALIZED,general_technical_claim,UNCLASSIFIED,4.4.1 (docs/4.質問に合う根拠を探す/4.4.Dense retrieval.md:31),SRC-002;SRC-005;SRC-042;SRC-043;SRC-044,NOT_APPLICABLE_LOCAL_NORM,DEFINITION_OR_SPEC,,,,APPROPRIATE_NORMATIVE,権威性=候補一次資料のみ; 直接性=locator未確認; 網羅性=未支持atom=none-explicit; 主張極性=DEFINITION_OR_SPECとして再分類; スコープ=PASS_AFTER_LOCAL_GUIDE_SCOPE; モダリティ=PASS_AFTER_DEFINITION_QUALIFIER; 教材妥当性=PASS_AFTER_LOCAL_DEFINITION_QUALIFIER; 形式化妥当性=FAIL_UNFORMALIZED。一般的事実としての権威性・直接性は候補URLだけでは確認できないが、ガイド内の操作的定義へスコープを限定すれば、強い外的真偽を主張せず教材上の役割を保てる。形式面ではFAIL_UNFORMALIZEDが残る。,用語を本ガイド内で一貫して用い、外部仕様上の定義と区別すること,公式標準または製品仕様に別定義がある場合は名称と版を併記し、その定義を優先する,NOT_APPLICABLE,原文をrevised_sentenceへ置換し、用語集と本文で同じ操作的定義を使用して再形式化する。,,,,,INCONCLUSIVE,NOT_APPLICABLE_UNPROVED,,,codex-independent-wave4,2026-08-15,INDEPENDENT_REVIEW_COMPLETE,PARTIAL_CANDIDATE_SOURCE_ONLY,FAIL_NO_DIRECT_LOCATOR,FAIL_UNFORMALIZED,DEFINITION_OR_SPEC,PASS_AFTER_LOCAL_GUIDE_SCOPE,PASS_AFTER_DEFINITION_QUALIFIER,PASS_AFTER_LOCAL_DEFINITION_QUALIFIER,FAIL_UNFORMALIZED
SENT-1567,52bebecfb2a435d0e7ff2efea557c5799674ded6,密検索器の品質は、正例だけでなく、どの文書を負例として学習するかに影響されます。,本ガイドの基本構成では、密検索器の品質は、正例だけでなく、どの文書を負例として学習するかに影響されます。,"AND(AND(ATOM(learned=true), ATOM(dense=true)), ATOM(retrieval=true))",AND,general_technical_claim,UNCLASSIFIED,4.4.2 (docs/4.質問に合う根拠を探す/4.4.Dense retrieval.md:41),SRC-072;SRC-073;SRC-074;SRC-044,UNVERIFIED_CANDIDATE_URL_ONLY,BACKGROUND_CITATION,dense=true;retrieval=true,learned=true,,REWRITE_REQUIRED,権威性=候補一次資料のみ; 直接性=locator未確認; 網羅性=未支持atom=learned=true; 主張極性=BACKGROUND_CITATIONとして再分類; スコープ=PASS_AFTER_TEST_SCOPE_QUALIFICATION; モダリティ=PASS_AFTER_HYPOTHESIS_QUALIFIER; 教材妥当性=PASS_AS_EXPLICIT_TESTABLE_HYPOTHESIS; 形式化妥当性=FAIL_UNSUPPORTED_ATOMS:learned=true。「密検索器の品質は、正例だけでなく、どの文書を負例として学習するかに影響されます。」は候補資料(SRC-072;SRC-073;SRC-074;SRC-044)に直接locatorがなく、一般的事実としてはFAIL_UNSUPPORTED_ATOMS:learned=trueが残る。原文の対象と作用を維持したまま、本ガイドの構成または対象データでの検証へスコープを限定すれば教材上の検討事項を保持できる。,,,UNVERIFIED,原文をrevised_sentenceへ置換し、対象データ、比較条件、観測指標、合否閾値を同じ節に追記する。検証後に限り事実表現へ戻し、意味を保存して再形式化する。,,,,,INCONCLUSIVE,NOT_APPLICABLE_UNPROVED,,,codex-independent-wave4,2026-08-15,INDEPENDENT_REVIEW_COMPLETE,PARTIAL_CANDIDATE_SOURCE_ONLY,FAIL_NO_DIRECT_LOCATOR,FAIL_UNSUPPORTED_ATOMS:learned=true,BACKGROUND_CITATION,PASS_AFTER_TEST_SCOPE_QUALIFICATION,PASS_AFTER_HYPOTHESIS_QUALIFIER,PASS_AS_EXPLICIT_TESTABLE_HYPOTHESIS,FAIL_UNSUPPORTED_ATOMS:learned=true
SENT-1569,52bebecfb2a435d0e7ff2efea557c5799674ded6,DPRは、同じ一括処理内の別文書を負例にするバッチ内負例（In-batch negative）と、BM25が上位へ返した誤文書を難しい負例（Hard negative）として利用しました。,本ガイドの基本構成では、DPRは、同じ一括処理内の別文書を負例にするバッチ内負例（In-batch negative）と、BM25が上位へ返した誤文書を難しい負例（Hard negative）として利用しました。,UNFORMALIZED,UNFORMALIZED,concrete_technology_claim,UNCLASSIFIED,4.4.2 (docs/4.質問に合う根拠を探す/4.4.Dense retrieval.md:44),SRC-005;SRC-002;SRC-043,UNVERIFIED_CANDIDATE_URL_ONLY,DEFINITION_OR_SPEC,,,,REWRITE_REQUIRED,権威性=候補一次資料のみ; 直接性=locator未確認; 網羅性=未支持atom=none-explicit; 主張極性=DEFINITION_OR_SPECとして再分類; スコープ=PASS_AFTER_CONCRETE_VERSION_OR_EXPERIMENT_SCOPE; モダリティ=PASS_AFTER_CONDITIONAL_OR_REPRODUCTION_WORDING; 教材妥当性=PASS_AFTER_CONCRETE_VERSION_OR_EXPERIMENT_QUALIFIER; 形式化妥当性=FAIL_UNFORMALIZED。「DPRは、同じ一括処理内の別文書を負例にするバッチ内負例（In-batch negative）と、BM25が上位へ返した誤文書を難しい負例（Hard negat」の候補資料(SRC-005;SRC-002;SRC-043)はURL単位で、節・ページ・表・API見出しを独立に確認できていない。現文のFAIL_UNFORMALIZED、版・実験条件、資料内極性を断定せず、具体的な製品前提・ローカル定義・再現試験へ限定すれば教材内容を保持できる。,,,UNVERIFIED,原文をrevised_sentenceの具体文へ置換する。製品文は利用時点のregion/versionを受入条件へ追加し、研究文は同じ指標・比較条件で再現確認する。事実表現へ戻す場合は直接locatorを再監査する。,,,,,INCONCLUSIVE,NOT_APPLICABLE_UNPROVED,,,codex-independent-wave4,2026-08-15,INDEPENDENT_REVIEW_COMPLETE,PARTIAL_CANDIDATE_SOURCE_ONLY,FAIL_NO_DIRECT_LOCATOR,FAIL_UNFORMALIZED,DEFINITION_OR_SPEC,PASS_AFTER_CONCRETE_VERSION_OR_EXPERIMENT_SCOPE,PASS_AFTER_CONDITIONAL_OR_REPRODUCTION_WORDING,PASS_AFTER_CONCRETE_VERSION_OR_EXPERIMENT_QUALIFIER,FAIL_UNFORMALIZED
SENT-1575,52bebecfb2a435d0e7ff2efea557c5799674ded6,MTEBは、検索、分類、類似度など、多様な課題を同じ枠組みで比べる埋め込みモデルの評価基盤です。,本ガイドでは、MTEBを「検索、分類、類似度など、多様な課題を同じ枠組みで比べる埋め込みモデルの評価基盤」として扱います。,"AND(AND(ATOM(retrieval=true), ATOM(evaluation=true)), ATOM(embedding_model=true))",AND,externally_cited_claim,UNCLASSIFIED,4.4.2 (docs/4.質問に合う根拠を探す/4.4.Dense retrieval.md:52),SRC-044,UNVERIFIED_CANDIDATE_URL_ONLY,DEFINITION_OR_SPEC,evaluation=true;retrieval=true,embedding_model=true,,REWRITE_REQUIRED,権威性=候補一次資料のみ; 直接性=locator未確認; 網羅性=未支持atom=embedding_model=true; 主張極性=DEFINITION_OR_SPECとして再分類; スコープ=PASS_AFTER_CONCRETE_VERSION_OR_EXPERIMENT_SCOPE; モダリティ=PASS_AFTER_CONDITIONAL_OR_REPRODUCTION_WORDING; 教材妥当性=PASS_AFTER_CONCRETE_VERSION_OR_EXPERIMENT_QUALIFIER; 形式化妥当性=FAIL_UNSUPPORTED_ATOMS:embedding_model=true。「MTEBは、検索、分類、類似度など、多様な課題を同じ枠組みで比べる埋め込みモデルの評価基盤です。」の候補資料(SRC-044)はURL単位で、節・ページ・表・API見出しを独立に確認できていない。現文のFAIL_UNSUPPORTED_ATOMS:embedding_model=true、版・実験条件、資料内極性を断定せず、具体的な製品前提・ローカル定義・再現試験へ限定すれば教材内容を保持できる。,,,UNVERIFIED,原文をrevised_sentenceの具体文へ置換する。製品文は利用時点のregion/versionを受入条件へ追加し、研究文は同じ指標・比較条件で再現確認する。事実表現へ戻す場合は直接locatorを再監査する。,,,,,INCONCLUSIVE,NOT_APPLICABLE_UNPROVED,,,codex-independent-wave4,2026-08-15,INDEPENDENT_REVIEW_COMPLETE,PARTIAL_CANDIDATE_SOURCE_ONLY,FAIL_NO_DIRECT_LOCATOR,FAIL_UNSUPPORTED_ATOMS:embedding_model=true,DEFINITION_OR_SPEC,PASS_AFTER_CONCRETE_VERSION_OR_EXPERIMENT_SCOPE,PASS_AFTER_CONDITIONAL_OR_REPRODUCTION_WORDING,PASS_AFTER_CONCRETE_VERSION_OR_EXPERIMENT_QUALIFIER,FAIL_UNSUPPORTED_ATOMS:embedding_model=true
SENT-1582,52bebecfb2a435d0e7ff2efea557c5799674ded6,Contrieverは、人手の関連度ラベルを使わない学習で候補を広く拾う方法を示しました。,人手の関連度ラベルを使わない学習で候補を広く拾う方法が対象データでも成り立つかを、同じ条件と指標で検証します。,UNFORMALIZED,UNFORMALIZED,externally_cited_claim,ない,4.4.2 (docs/4.質問に合う根拠を探す/4.4.Dense retrieval.md:62),SRC-074,UNVERIFIED_CANDIDATE_URL_ONLY,AUTHOR_CLAIM,,,,REWRITE_REQUIRED,権威性=候補一次資料のみ; 直接性=locator未確認; 網羅性=未支持atom=none-explicit; 主張極性=AUTHOR_CLAIMとして再分類; スコープ=PASS_AFTER_CONCRETE_VERSION_OR_EXPERIMENT_SCOPE; モダリティ=PASS_AFTER_CONDITIONAL_OR_REPRODUCTION_WORDING; 教材妥当性=PASS_AFTER_CONCRETE_VERSION_OR_EXPERIMENT_QUALIFIER; 形式化妥当性=FAIL_UNFORMALIZED。「Contrieverは、人手の関連度ラベルを使わない学習で候補を広く拾う方法を示しました。」の候補資料(SRC-074)はURL単位で、節・ページ・表・API見出しを独立に確認できていない。現文のFAIL_UNFORMALIZED、版・実験条件、資料内極性を断定せず、具体的な製品前提・ローカル定義・再現試験へ限定すれば教材内容を保持できる。,,,UNVERIFIED,原文をrevised_sentenceの具体文へ置換する。製品文は利用時点のregion/versionを受入条件へ追加し、研究文は同じ指標・比較条件で再現確認する。事実表現へ戻す場合は直接locatorを再監査する。,,,,,INCONCLUSIVE,NOT_APPLICABLE_UNPROVED,,,codex-independent-wave4,2026-08-15,INDEPENDENT_REVIEW_COMPLETE,PARTIAL_CANDIDATE_SOURCE_ONLY,FAIL_NO_DIRECT_LOCATOR,FAIL_UNFORMALIZED,AUTHOR_CLAIM,PASS_AFTER_CONCRETE_VERSION_OR_EXPERIMENT_SCOPE,PASS_AFTER_CONDITIONAL_OR_REPRODUCTION_WORDING,PASS_AFTER_CONCRETE_VERSION_OR_EXPERIMENT_QUALIFIER,FAIL_UNFORMALIZED
SENT-1583,52bebecfb2a435d0e7ff2efea557c5799674ded6,ただし、BEIRの上位100件への回収では多くのデータセットでBM25を上回った一方、平均値や上位順位を重視する指標ではBM25を下回りました。,本ガイドの基本構成では、ただし、BEIRの上位100件への回収では多くのデータセットでBM25を上回った一方、平均値や上位順位を重視する指標ではBM25を下回りました。,"AND(ATOM(ranking_metric=true), ATOM(empirical_result=true))",AND,concrete_technology_claim,UNCLASSIFIED,4.4.2 (docs/4.質問に合う根拠を探す/4.4.Dense retrieval.md:63),SRC-005,UNVERIFIED_CANDIDATE_URL_ONLY,DEFINITION_OR_SPEC,,empirical_result=true;ranking_metric=true,,REWRITE_REQUIRED,権威性=候補一次資料のみ; 直接性=locator未確認; 網羅性=未支持atom=empirical_result=true;ranking_metric=true; 主張極性=DEFINITION_OR_SPECとして再分類; スコープ=PASS_AFTER_CONCRETE_VERSION_OR_EXPERIMENT_SCOPE; モダリティ=PASS_AFTER_CONDITIONAL_OR_REPRODUCTION_WORDING; 教材妥当性=PASS_AFTER_CONCRETE_VERSION_OR_EXPERIMENT_QUALIFIER; 形式化妥当性=FAIL_UNSUPPORTED_ATOMS:empirical_result=true;ranking_metric=true。「ただし、BEIRの上位100件への回収では多くのデータセットでBM25を上回った一方、平均値や上位順位を重視する指標ではBM25を下回りました。」の候補資料(SRC-005)はURL単位で、節・ページ・表・API見出しを独立に確認できていない。現文のFAIL_UNSUPPORTED_ATOMS:empirical_result=true;ranking_metric=true、版・実験条件、資料内極性を断定せず、具体的な製品前提・ローカル定義・再現試験へ限定すれば教材内容を保持できる。,,,UNVERIFIED,原文をrevised_sentenceの具体文へ置換する。製品文は利用時点のregion/versionを受入条件へ追加し、研究文は同じ指標・比較条件で再現確認する。事実表現へ戻す場合は直接locatorを再監査する。,,,,,INCONCLUSIVE,NOT_APPLICABLE_UNPROVED,,,codex-independent-wave4,2026-08-15,INDEPENDENT_REVIEW_COMPLETE,PARTIAL_CANDIDATE_SOURCE_ONLY,FAIL_NO_DIRECT_LOCATOR,FAIL_UNSUPPORTED_ATOMS:empirical_result=true;ranking_metric=true,DEFINITION_OR_SPEC,PASS_AFTER_CONCRETE_VERSION_OR_EXPERIMENT_SCOPE,PASS_AFTER_CONDITIONAL_OR_REPRODUCTION_WORDING,PASS_AFTER_CONCRETE_VERSION_OR_EXPERIMENT_QUALIFIER,FAIL_UNSUPPORTED_ATOMS:empirical_result=true;ranking_metric=true
SENT-1585,52bebecfb2a435d0e7ff2efea557c5799674ded6,文書ベクトルをモデルAで作り、質問をモデルBで作った場合、次元数が同じでも比較できる保証はありません。,本ガイドの基本構成では、文書ベクトルをモデルAで作り、質問をモデルBで作った場合、次元数が同じでも比較できる保証はありません。,NOT(ATOM(dimension_contract=true)),NOT,general_technical_claim,できる;ません,4.4.3 (docs/4.質問に合う根拠を探す/4.4.Dense retrieval.md:68),SRC-052,UNVERIFIED_CANDIDATE_URL_ONLY,LIMITATION,dimension_contract=true,,NOT,REWRITE_REQUIRED,権威性=候補一次資料のみ; 直接性=locator未確認; 網羅性=関係NOT自体の根拠未確認; 主張極性=LIMITATIONとして再分類; スコープ=PASS_AFTER_TEST_SCOPE_QUALIFICATION; モダリティ=PASS_AFTER_HYPOTHESIS_QUALIFIER; 教材妥当性=PASS_AS_EXPLICIT_TESTABLE_HYPOTHESIS; 形式化妥当性=FAIL_RELATION_NOT。「文書ベクトルをモデルAで作り、質問をモデルBで作った場合、次元数が同じでも比較できる保証はありません。」は候補資料(SRC-052)に直接locatorがなく、一般的事実としてはFAIL_RELATION_NOTが残る。原文の対象と作用を維持したまま、本ガイドの構成または対象データでの検証へスコープを限定すれば教材上の検討事項を保持できる。,,,UNVERIFIED,原文をrevised_sentenceへ置換し、対象データ、比較条件、観測指標、合否閾値を同じ節に追記する。検証後に限り事実表現へ戻し、意味を保存して再形式化する。,,,,,INCONCLUSIVE,NOT_APPLICABLE_UNPROVED,,,codex-independent-wave4,2026-08-15,INDEPENDENT_REVIEW_COMPLETE,PARTIAL_CANDIDATE_SOURCE_ONLY,FAIL_NO_DIRECT_LOCATOR,FAIL_RELATION_NOT,LIMITATION,PASS_AFTER_TEST_SCOPE_QUALIFICATION,PASS_AFTER_HYPOTHESIS_QUALIFIER,PASS_AS_EXPLICIT_TESTABLE_HYPOTHESIS,FAIL_RELATION_NOT
SENT-1588,52bebecfb2a435d0e7ff2efea557c5799674ded6,質問ベクトルを一時保存する際の識別子にも契約版を含めます。,質問ベクトルを一時保存する際の識別子にも契約版を含めます。,UNFORMALIZED,UNFORMALIZED,general_technical_claim,UNCLASSIFIED,4.4.3 (docs/4.質問に合う根拠を探す/4.4.Dense retrieval.md:72),SRC-002;SRC-005;SRC-042;SRC-043;SRC-044,NOT_APPLICABLE_LOCAL_NORM,HYPOTHESIS,,,,APPROPRIATE_NORMATIVE,権威性=候補一次資料のみ; 直接性=locator未確認; 網羅性=未支持atom=none-explicit; 主張極性=HYPOTHESISとして再分類; スコープ=PASS_LOCAL_DESIGN_POLICY; モダリティ=PASS_AS_DISCLOSED_NORMATIVE_RULE; 教材妥当性=PASS_AFTER_EXPLICIT_CRITERIA_AND_EXCEPTION; 形式化妥当性=FAIL_UNFORMALIZED。「質問ベクトルを一時保存する際の識別子にも契約版を含めます。」は外的真偽の断定ではなく、対象・処理・判断を特定した設計・運用上の選択規則として読める。ただし候補資料(SRC-002;SRC-005;SRC-042;SRC-043;SRC-044)はURL単位で、直接locatorは未確認。規範の判断基準と例外を明示すれば教材として採用できる。形式面ではFAIL_UNFORMALIZEDを別途解消する必要がある。,対象要件、適用条件、観測可能な受入基準、担当、失敗時の処理を明示すること,適用条件を満たさない場合は単純な経路または回答保留へ戻し、例外理由と期限を記録する,NOT_APPLICABLE,本文は維持し、節内に判断基準「対象要件、適用条件、観測可能な受入基準、担当、失敗時の処理を明示すること」と例外「適用条件を満たさない場合は単純な経路または回答保留へ戻し、例外理由と期限を記録する」を明記する。経験的な効果保証とは分離し、意味を保存して再形式化する。,,,,,INCONCLUSIVE,NOT_APPLICABLE_UNPROVED,,,codex-independent-wave4,2026-08-15,INDEPENDENT_REVIEW_COMPLETE,PARTIAL_CANDIDATE_SOURCE_ONLY,FAIL_NO_DIRECT_LOCATOR,FAIL_UNFORMALIZED,HYPOTHESIS,PASS_LOCAL_DESIGN_POLICY,PASS_AS_DISCLOSED_NORMATIVE_RULE,PASS_AFTER_EXPLICIT_CRITERIA_AND_EXCEPTION,FAIL_UNFORMALIZED
SENT-1590,52bebecfb2a435d0e7ff2efea557c5799674ded6,長い文書が切り捨てられた場合、末尾の重要情報が埋め込みへ入っていない可能性があります。,本ガイドの基本構成では、長い文書が切り捨てられた場合、末尾の重要情報が埋め込みへ入っていない可能性があります。,UNFORMALIZED,UNFORMALIZED,general_technical_claim,可能;ない,4.4.3 (docs/4.質問に合う根拠を探す/4.4.Dense retrieval.md:75),SRC-002;SRC-005;SRC-042;SRC-043;SRC-044,UNVERIFIED_CANDIDATE_URL_ONLY,BACKGROUND_CITATION,,,,REWRITE_REQUIRED,権威性=候補一次資料のみ; 直接性=locator未確認; 網羅性=未支持atom=none-explicit; 主張極性=BACKGROUND_CITATIONとして再分類; スコープ=PASS_AFTER_TEST_SCOPE_QUALIFICATION; モダリティ=PASS_AFTER_HYPOTHESIS_QUALIFIER; 教材妥当性=PASS_AS_EXPLICIT_TESTABLE_HYPOTHESIS; 形式化妥当性=FAIL_UNFORMALIZED。「長い文書が切り捨てられた場合、末尾の重要情報が埋め込みへ入っていない可能性があります。」は候補資料(SRC-002;SRC-005;SRC-042;SRC-043;SRC-044)に直接locatorがなく、一般的事実としてはFAIL_UNFORMALIZEDが残る。原文の対象と作用を維持したまま、本ガイドの構成または対象データでの検証へスコープを限定すれば教材上の検討事項を保持できる。,,,UNVERIFIED,原文をrevised_sentenceへ置換し、対象データ、比較条件、観測指標、合否閾値を同じ節に追記する。検証後に限り事実表現へ戻し、意味を保存して再形式化する。,,,,,INCONCLUSIVE,NOT_APPLICABLE_UNPROVED,,,codex-independent-wave4,2026-08-15,INDEPENDENT_REVIEW_COMPLETE,PARTIAL_CANDIDATE_SOURCE_ONLY,FAIL_NO_DIRECT_LOCATOR,FAIL_UNFORMALIZED,BACKGROUND_CITATION,PASS_AFTER_TEST_SCOPE_QUALIFICATION,PASS_AFTER_HYPOTHESIS_QUALIFIER,PASS_AS_EXPLICIT_TESTABLE_HYPOTHESIS,FAIL_UNFORMALIZED
SENT-1591,52bebecfb2a435d0e7ff2efea557c5799674ded6,切り捨て件数と影響文書を記録し、チャンク分割または対応する長文モデルを見直します。,切り捨て件数と影響文書を記録し、チャンク分割または対応する長文モデルを見直します。,ATOM(chunking=true),ATOM,general_technical_claim,UNCLASSIFIED,4.4.3 (docs/4.質問に合う根拠を探す/4.4.Dense retrieval.md:76),SRC-002;SRC-005;SRC-042;SRC-043;SRC-044,NOT_APPLICABLE_LOCAL_NORM,HYPOTHESIS,,chunking=true,,APPROPRIATE_NORMATIVE,権威性=候補一次資料のみ; 直接性=locator未確認; 網羅性=未支持atom=chunking=true; 主張極性=HYPOTHESISとして再分類; スコープ=PASS_LOCAL_DESIGN_POLICY; モダリティ=PASS_AS_DISCLOSED_NORMATIVE_RULE; 教材妥当性=PASS_AFTER_EXPLICIT_CRITERIA_AND_EXCEPTION; 形式化妥当性=FAIL_UNSUPPORTED_ATOMS:chunking=true。「切り捨て件数と影響文書を記録し、チャンク分割または対応する長文モデルを見直します。」は外的真偽の断定ではなく、対象・処理・判断を特定した設計・運用上の選択規則として読める。ただし候補資料(SRC-002;SRC-005;SRC-042;SRC-043;SRC-044)はURL単位で、直接locatorは未確認。規範の判断基準と例外を明示すれば教材として採用できる。形式面ではFAIL_UNSUPPORTED_ATOMS:chunking=trueを別途解消する必要がある。,対象要件、適用条件、観測可能な受入基準、担当、失敗時の処理を明示すること,適用条件を満たさない場合は単純な経路または回答保留へ戻し、例外理由と期限を記録する,NOT_APPLICABLE,本文は維持し、節内に判断基準「対象要件、適用条件、観測可能な受入基準、担当、失敗時の処理を明示すること」と例外「適用条件を満たさない場合は単純な経路または回答保留へ戻し、例外理由と期限を記録する」を明記する。経験的な効果保証とは分離し、意味を保存して再形式化する。,,,,,INCONCLUSIVE,NOT_APPLICABLE_UNPROVED,,,codex-independent-wave4,2026-08-15,INDEPENDENT_REVIEW_COMPLETE,PARTIAL_CANDIDATE_SOURCE_ONLY,FAIL_NO_DIRECT_LOCATOR,FAIL_UNSUPPORTED_ATOMS:chunking=true,HYPOTHESIS,PASS_LOCAL_DESIGN_POLICY,PASS_AS_DISCLOSED_NORMATIVE_RULE,PASS_AFTER_EXPLICIT_CRITERIA_AND_EXCEPTION,FAIL_UNSUPPORTED_ATOMS:chunking=true
SENT-1604,52bebecfb2a435d0e7ff2efea557c5799674ded6,LuceneへHNSWを統合した研究は、検索品質だけでなく、インデックス構築時間、保存容量、同時検索の処理量も比較しました。,本ガイドでは、検索品質だけでなく、インデックス構築時間、保存容量、同時検索の処理量も比較します。,"AND(AND(ATOM(recall_latency_tradeoff=true), ATOM(retrieval=true)), ATOM(temporal_freshness=true))",AND,externally_cited_claim,UNCLASSIFIED,4.4.4 (docs/4.質問に合う根拠を探す/4.4.Dense retrieval.md:97),SRC-048;SRC-047,UNVERIFIED_CANDIDATE_URL_ONLY,AUTHOR_CLAIM,recall_latency_tradeoff=true;retrieval=true,temporal_freshness=true,,REWRITE_REQUIRED,権威性=候補一次資料のみ; 直接性=locator未確認; 網羅性=未支持atom=temporal_freshness=true; 主張極性=AUTHOR_CLAIMとして再分類; スコープ=PASS_AFTER_CONCRETE_VERSION_OR_EXPERIMENT_SCOPE; モダリティ=PASS_AFTER_CONDITIONAL_OR_REPRODUCTION_WORDING; 教材妥当性=PASS_AFTER_CONCRETE_VERSION_OR_EXPERIMENT_QUALIFIER; 形式化妥当性=FAIL_UNSUPPORTED_ATOMS:temporal_freshness=true。「LuceneへHNSWを統合した研究は、検索品質だけでなく、インデックス構築時間、保存容量、同時検索の処理量も比較しました。」の候補資料(SRC-048;SRC-047)はURL単位で、節・ページ・表・API見出しを独立に確認できていない。現文のFAIL_UNSUPPORTED_ATOMS:temporal_freshness=true、版・実験条件、資料内極性を断定せず、具体的な製品前提・ローカル定義・再現試験へ限定すれば教材内容を保持できる。,,,UNVERIFIED,原文をrevised_sentenceの具体文へ置換する。製品文は利用時点のregion/versionを受入条件へ追加し、研究文は同じ指標・比較条件で再現確認する。事実表現へ戻す場合は直接locatorを再監査する。,,,,,INCONCLUSIVE,NOT_APPLICABLE_UNPROVED,,,codex-independent-wave4,2026-08-15,INDEPENDENT_REVIEW_COMPLETE,PARTIAL_CANDIDATE_SOURCE_ONLY,FAIL_NO_DIRECT_LOCATOR,FAIL_UNSUPPORTED_ATOMS:temporal_freshness=true,AUTHOR_CLAIM,PASS_AFTER_CONCRETE_VERSION_OR_EXPERIMENT_SCOPE,PASS_AFTER_CONDITIONAL_OR_REPRODUCTION_WORDING,PASS_AFTER_CONCRETE_VERSION_OR_EXPERIMENT_QUALIFIER,FAIL_UNSUPPORTED_ATOMS:temporal_freshness=true
SENT-1605,52bebecfb2a435d0e7ff2efea557c5799674ded6,単一処理と並行処理でLuceneとFaissの優劣が入れ替わり、差の原因も完全には分離されていません。,本ガイドの基本構成では、単一処理と並行処理でLuceneとFaissの優劣が入れ替わり、差の原因も完全には分離されていません。,UNFORMALIZED,UNFORMALIZED,concrete_technology_claim,ません,4.4.4 (docs/4.質問に合う根拠を探す/4.4.Dense retrieval.md:98),SRC-052,UNVERIFIED_CANDIDATE_URL_ONLY,DEFINITION_OR_SPEC,,,,REWRITE_REQUIRED,権威性=候補一次資料のみ; 直接性=locator未確認; 網羅性=未支持atom=none-explicit; 主張極性=DEFINITION_OR_SPECとして再分類; スコープ=PASS_AFTER_CONCRETE_VERSION_OR_EXPERIMENT_SCOPE; モダリティ=PASS_AFTER_CONDITIONAL_OR_REPRODUCTION_WORDING; 教材妥当性=PASS_AFTER_CONCRETE_VERSION_OR_EXPERIMENT_QUALIFIER; 形式化妥当性=FAIL_UNFORMALIZED。「単一処理と並行処理でLuceneとFaissの優劣が入れ替わり、差の原因も完全には分離されていません。」の候補資料(SRC-052)はURL単位で、節・ページ・表・API見出しを独立に確認できていない。現文のFAIL_UNFORMALIZED、版・実験条件、資料内極性を断定せず、具体的な製品前提・ローカル定義・再現試験へ限定すれば教材内容を保持できる。,,,UNVERIFIED,原文をrevised_sentenceの具体文へ置換する。製品文は利用時点のregion/versionを受入条件へ追加し、研究文は同じ指標・比較条件で再現確認する。事実表現へ戻す場合は直接locatorを再監査する。,,,,,INCONCLUSIVE,NOT_APPLICABLE_UNPROVED,,,codex-independent-wave4,2026-08-15,INDEPENDENT_REVIEW_COMPLETE,PARTIAL_CANDIDATE_SOURCE_ONLY,FAIL_NO_DIRECT_LOCATOR,FAIL_UNFORMALIZED,DEFINITION_OR_SPEC,PASS_AFTER_CONCRETE_VERSION_OR_EXPERIMENT_SCOPE,PASS_AFTER_CONDITIONAL_OR_REPRODUCTION_WORDING,PASS_AFTER_CONCRETE_VERSION_OR_EXPERIMENT_QUALIFIER,FAIL_UNFORMALIZED
SENT-1613,52bebecfb2a435d0e7ff2efea557c5799674ded6,全体平均が改善していても、厳しい権限条件、数値・型番、少数の重要質問で必要根拠を落とす場合は合格にしません。,全体平均が改善していても、厳しい権限条件、数値・型番、少数の重要質問で必要根拠を落とす場合は合格にしません。,"NOT(AND(AND(ATOM(evidence_support=true), ATOM(authorization=true)), ATOM(empirical_result=true)))",NOT,empirical_or_research_claim,必要;ません,4.4.4 (docs/4.質問に合う根拠を探す/4.4.Dense retrieval.md:109),SRC-047;SRC-048,NOT_APPLICABLE_LOCAL_NORM,HYPOTHESIS,empirical_result=true,authorization=true;evidence_support=true,NOT,APPROPRIATE_NORMATIVE,権威性=候補一次資料のみ; 直接性=locator未確認; 網羅性=関係NOT自体の根拠未確認; 主張極性=HYPOTHESISとして再分類; スコープ=PASS_LOCAL_DESIGN_POLICY; モダリティ=PASS_AS_DISCLOSED_NORMATIVE_RULE; 教材妥当性=PASS_AFTER_EXPLICIT_CRITERIA_AND_EXCEPTION; 形式化妥当性=FAIL_RELATION_NOT。「全体平均が改善していても、厳しい権限条件、数値・型番、少数の重要質問で必要根拠を落とす場合は合格にしません。」は外的真偽の断定ではなく、対象・処理・判断を特定した設計・運用上の選択規則として読める。ただし候補資料(SRC-047;SRC-048)はURL単位で、直接locatorは未確認。規範の判断基準と例外を明示すれば教材として採用できる。形式面ではFAIL_RELATION_NOTを別途解消する必要がある。,最小権限を維持し、認可前後の候補、拒否理由、漏えい試験を観測可能にすること,法令・契約・組織方針がより厳しい場合はその基準を優先し、緊急例外も期限と事後監査を必須とする,NOT_APPLICABLE,本文は維持し、節内に判断基準「最小権限を維持し、認可前後の候補、拒否理由、漏えい試験を観測可能にすること」と例外「法令・契約・組織方針がより厳しい場合はその基準を優先し、緊急例外も期限と事後監査を必須とする」を明記する。経験的な効果保証とは分離し、意味を保存して再形式化する。,,,,,INCONCLUSIVE,NOT_APPLICABLE_UNPROVED,,,codex-independent-wave4,2026-08-15,INDEPENDENT_REVIEW_COMPLETE,PARTIAL_CANDIDATE_SOURCE_ONLY,FAIL_NO_DIRECT_LOCATOR,FAIL_RELATION_NOT,HYPOTHESIS,PASS_LOCAL_DESIGN_POLICY,PASS_AS_DISCLOSED_NORMATIVE_RULE,PASS_AFTER_EXPLICIT_CRITERIA_AND_EXCEPTION,FAIL_RELATION_NOT
SENT-1615,52bebecfb2a435d0e7ff2efea557c5799674ded6,認可済みの候補集合が小さい場合は完全探索へ切り替え、処理期限を超えた場合は認可済みの疎検索または統合順位へ戻すか、回答を保留します。,認可済みの候補集合が小さい場合は完全探索へ切り替え、処理期限を超えた場合は認可済みの疎検索または統合順位へ戻すか、回答を保留します。,"IMP(ATOM(authorization=true), AND(AND(AND(ATOM(sparse=true), ATOM(retrieval=true)), ATOM(generation=true)), ATOM(authorization=true)))",IMPLIES,general_technical_claim,UNCLASSIFIED,4.4.4 (docs/4.質問に合う根拠を探す/4.4.Dense retrieval.md:112),SRC-048;SRC-047,NOT_APPLICABLE_LOCAL_NORM,HYPOTHESIS,retrieval=true;sparse=true,authorization=true;generation=true,IMPLIES,APPROPRIATE_NORMATIVE,権威性=候補一次資料のみ; 直接性=locator未確認; 網羅性=関係IMPLIES自体の根拠未確認; 主張極性=HYPOTHESISとして再分類; スコープ=PASS_LOCAL_DESIGN_POLICY; モダリティ=PASS_AS_DISCLOSED_NORMATIVE_RULE; 教材妥当性=PASS_AFTER_EXPLICIT_CRITERIA_AND_EXCEPTION; 形式化妥当性=FAIL_RELATION_IMPLIES。「認可済みの候補集合が小さい場合は完全探索へ切り替え、処理期限を超えた場合は認可済みの疎検索または統合順位へ戻すか、回答を保留します。」は外的真偽の断定ではなく、対象・処理・判断を特定した設計・運用上の選択規則として読める。ただし候補資料(SRC-048;SRC-047)はURL単位で、直接locatorは未確認。規範の判断基準と例外を明示すれば教材として採用できる。形式面ではFAIL_RELATION_IMPLIESを別途解消する必要がある。,最小権限を維持し、認可前後の候補、拒否理由、漏えい試験を観測可能にすること,法令・契約・組織方針がより厳しい場合はその基準を優先し、緊急例外も期限と事後監査を必須とする,NOT_APPLICABLE,本文は維持し、節内に判断基準「最小権限を維持し、認可前後の候補、拒否理由、漏えい試験を観測可能にすること」と例外「法令・契約・組織方針がより厳しい場合はその基準を優先し、緊急例外も期限と事後監査を必須とする」を明記する。経験的な効果保証とは分離し、意味を保存して再形式化する。,,,,,INCONCLUSIVE,NOT_APPLICABLE_UNPROVED,,,codex-independent-wave4,2026-08-15,INDEPENDENT_REVIEW_COMPLETE,PARTIAL_CANDIDATE_SOURCE_ONLY,FAIL_NO_DIRECT_LOCATOR,FAIL_RELATION_IMPLIES,HYPOTHESIS,PASS_LOCAL_DESIGN_POLICY,PASS_AS_DISCLOSED_NORMATIVE_RULE,PASS_AFTER_EXPLICIT_CRITERIA_AND_EXCEPTION,FAIL_RELATION_IMPLIES
SENT-1617,52bebecfb2a435d0e7ff2efea557c5799674ded6,インデックス版、埋め込みモデル、HNSWの設定、フィルター選択率、完全探索との差、切替理由を処理記録へ残します。,本ガイドの基本構成では、インデックス版、埋め込みモデル、HNSWの設定、フィルター選択率、完全探索との差、切替理由を処理記録へ残します。,ATOM(embedding_model=true),ATOM,concrete_technology_claim,UNCLASSIFIED,4.4.4 (docs/4.質問に合う根拠を探す/4.4.Dense retrieval.md:115),SRC-047,UNVERIFIED_CANDIDATE_URL_ONLY,DEFINITION_OR_SPEC,,embedding_model=true,,REWRITE_REQUIRED,権威性=候補一次資料のみ; 直接性=locator未確認; 網羅性=未支持atom=embedding_model=true; 主張極性=DEFINITION_OR_SPECとして再分類; スコープ=PASS_AFTER_CONCRETE_VERSION_OR_EXPERIMENT_SCOPE; モダリティ=PASS_AFTER_CONDITIONAL_OR_REPRODUCTION_WORDING; 教材妥当性=PASS_AFTER_CONCRETE_VERSION_OR_EXPERIMENT_QUALIFIER; 形式化妥当性=FAIL_UNSUPPORTED_ATOMS:embedding_model=true。「インデックス版、埋め込みモデル、HNSWの設定、フィルター選択率、完全探索との差、切替理由を処理記録へ残します。」の候補資料(SRC-047)はURL単位で、節・ページ・表・API見出しを独立に確認できていない。現文のFAIL_UNSUPPORTED_ATOMS:embedding_model=true、版・実験条件、資料内極性を断定せず、具体的な製品前提・ローカル定義・再現試験へ限定すれば教材内容を保持できる。,,,UNVERIFIED,原文をrevised_sentenceの具体文へ置換する。製品文は利用時点のregion/versionを受入条件へ追加し、研究文は同じ指標・比較条件で再現確認する。事実表現へ戻す場合は直接locatorを再監査する。,,,,,INCONCLUSIVE,NOT_APPLICABLE_UNPROVED,,,codex-independent-wave4,2026-08-15,INDEPENDENT_REVIEW_COMPLETE,PARTIAL_CANDIDATE_SOURCE_ONLY,FAIL_NO_DIRECT_LOCATOR,FAIL_UNSUPPORTED_ATOMS:embedding_model=true,DEFINITION_OR_SPEC,PASS_AFTER_CONCRETE_VERSION_OR_EXPERIMENT_SCOPE,PASS_AFTER_CONDITIONAL_OR_REPRODUCTION_WORDING,PASS_AFTER_CONCRETE_VERSION_OR_EXPERIMENT_QUALIFIER,FAIL_UNSUPPORTED_ATOMS:embedding_model=true
SENT-1619,52bebecfb2a435d0e7ff2efea557c5799674ded6,単一ベクトル方式は、文書全体の情報を一つのベクトルへ圧縮します。,本ガイドの基本構成では、単一ベクトル方式は、文書全体の情報を一つのベクトルへ圧縮します。,"AND(AND(ATOM(dense=true), ATOM(compressed_vectors=true)), ATOM(compression=true))",AND,general_technical_claim,UNCLASSIFIED,4.4.5 (docs/4.質問に合う根拠を探す/4.4.Dense retrieval.md:120),SRC-045,UNVERIFIED_CANDIDATE_URL_ONLY,BACKGROUND_CITATION,dense=true,compressed_vectors=true;compression=true,,REWRITE_REQUIRED,権威性=候補一次資料のみ; 直接性=locator未確認; 網羅性=未支持atom=compressed_vectors=true;compression=true; 主張極性=BACKGROUND_CITATIONとして再分類; スコープ=PASS_AFTER_TEST_SCOPE_QUALIFICATION; モダリティ=PASS_AFTER_HYPOTHESIS_QUALIFIER; 教材妥当性=PASS_AS_EXPLICIT_TESTABLE_HYPOTHESIS; 形式化妥当性=FAIL_UNSUPPORTED_ATOMS:compressed_vectors=true;compression=true。「単一ベクトル方式は、文書全体の情報を一つのベクトルへ圧縮します。」は候補資料(SRC-045)に直接locatorがなく、一般的事実としてはFAIL_UNSUPPORTED_ATOMS:compressed_vectors=true;compression=trueが残る。原文の対象と作用を維持したまま、本ガイドの構成または対象データでの検証へスコープを限定すれば教材上の検討事項を保持できる。,,,UNVERIFIED,原文をrevised_sentenceへ置換し、対象データ、比較条件、観測指標、合否閾値を同じ節に追記する。検証後に限り事実表現へ戻し、意味を保存して再形式化する。,,,,,INCONCLUSIVE,NOT_APPLICABLE_UNPROVED,,,codex-independent-wave4,2026-08-15,INDEPENDENT_REVIEW_COMPLETE,PARTIAL_CANDIDATE_SOURCE_ONLY,FAIL_NO_DIRECT_LOCATOR,FAIL_UNSUPPORTED_ATOMS:compressed_vectors=true;compression=true,BACKGROUND_CITATION,PASS_AFTER_TEST_SCOPE_QUALIFICATION,PASS_AFTER_HYPOTHESIS_QUALIFIER,PASS_AS_EXPLICIT_TESTABLE_HYPOTHESIS,FAIL_UNSUPPORTED_ATOMS:compressed_vectors=true;compression=true
SENT-1625,52bebecfb2a435d0e7ff2efea557c5799674ded6,長い技術文書、専門語、同じ語の異なる文脈で改善が確認できる場合に限定して導入します。,長い技術文書、専門語、同じ語の異なる文脈で改善が確認できる場合に限定して導入します。,UNFORMALIZED,UNFORMALIZED,empirical_or_research_claim,できる,4.4.5 (docs/4.質問に合う根拠を探す/4.4.Dense retrieval.md:128),SRC-002;SRC-005;SRC-042;SRC-043;SRC-044,NOT_APPLICABLE_LOCAL_NORM,HYPOTHESIS,,,,APPROPRIATE_NORMATIVE,権威性=候補一次資料のみ; 直接性=locator未確認; 網羅性=未支持atom=none-explicit; 主張極性=HYPOTHESISとして再分類; スコープ=PASS_LOCAL_DESIGN_POLICY; モダリティ=PASS_AS_DISCLOSED_NORMATIVE_RULE; 教材妥当性=PASS_AFTER_EXPLICIT_CRITERIA_AND_EXCEPTION; 形式化妥当性=FAIL_UNFORMALIZED。「長い技術文書、専門語、同じ語の異なる文脈で改善が確認できる場合に限定して導入します。」は外的真偽の断定ではなく、対象・処理・判断を特定した設計・運用上の選択規則として読める。ただし候補資料(SRC-002;SRC-005;SRC-042;SRC-043;SRC-044)はURL単位で、直接locatorは未確認。規範の判断基準と例外を明示すれば教材として採用できる。形式面ではFAIL_UNFORMALIZEDを別途解消する必要がある。,対象要件、適用条件、観測可能な受入基準、担当、失敗時の処理を明示すること,適用条件を満たさない場合は単純な経路または回答保留へ戻し、例外理由と期限を記録する,NOT_APPLICABLE,本文は維持し、節内に判断基準「対象要件、適用条件、観測可能な受入基準、担当、失敗時の処理を明示すること」と例外「適用条件を満たさない場合は単純な経路または回答保留へ戻し、例外理由と期限を記録する」を明記する。経験的な効果保証とは分離し、意味を保存して再形式化する。,,,,,INCONCLUSIVE,NOT_APPLICABLE_UNPROVED,,,codex-independent-wave4,2026-08-15,INDEPENDENT_REVIEW_COMPLETE,PARTIAL_CANDIDATE_SOURCE_ONLY,FAIL_NO_DIRECT_LOCATOR,FAIL_UNFORMALIZED,HYPOTHESIS,PASS_LOCAL_DESIGN_POLICY,PASS_AS_DISCLOSED_NORMATIVE_RULE,PASS_AFTER_EXPLICIT_CRITERIA_AND_EXCEPTION,FAIL_UNFORMALIZED
SENT-1626,52bebecfb2a435d0e7ff2efea557c5799674ded6,一つの文書・チャンクへ複数のベクトルを持たせると、見出し、文、表の行、画像領域などを別々に検索できます。,一つの文書・チャンクへ複数のベクトルを持たせると、見出し、文、表の行、画像領域などを別々に検索できるかを、対象データと固定した比較条件で検証します。,"AND(ATOM(multimodal=true), ATOM(retrieval=true))",AND,general_technical_claim,できます,4.4.5 (docs/4.質問に合う根拠を探す/4.4.Dense retrieval.md:130),SRC-045;SRC-075;SRC-076,UNVERIFIED_CANDIDATE_URL_ONLY,BACKGROUND_CITATION,retrieval=true,multimodal=true,,REWRITE_REQUIRED,権威性=候補一次資料のみ; 直接性=locator未確認; 網羅性=未支持atom=multimodal=true; 主張極性=BACKGROUND_CITATIONとして再分類; スコープ=PASS_AFTER_TEST_SCOPE_QUALIFICATION; モダリティ=PASS_AFTER_HYPOTHESIS_QUALIFIER; 教材妥当性=PASS_AS_EXPLICIT_TESTABLE_HYPOTHESIS; 形式化妥当性=FAIL_UNSUPPORTED_ATOMS:multimodal=true。「一つの文書・チャンクへ複数のベクトルを持たせると、見出し、文、表の行、画像領域などを別々に検索できます。」は候補資料(SRC-045;SRC-075;SRC-076)に直接locatorがなく、一般的事実としてはFAIL_UNSUPPORTED_ATOMS:multimodal=trueが残る。原文の対象と作用を維持したまま、本ガイドの構成または対象データでの検証へスコープを限定すれば教材上の検討事項を保持できる。,,,UNVERIFIED,原文をrevised_sentenceへ置換し、対象データ、比較条件、観測指標、合否閾値を同じ節に追記する。検証後に限り事実表現へ戻し、意味を保存して再形式化する。,,,,,INCONCLUSIVE,NOT_APPLICABLE_UNPROVED,,,codex-independent-wave4,2026-08-15,INDEPENDENT_REVIEW_COMPLETE,PARTIAL_CANDIDATE_SOURCE_ONLY,FAIL_NO_DIRECT_LOCATOR,FAIL_UNSUPPORTED_ATOMS:multimodal=true,BACKGROUND_CITATION,PASS_AFTER_TEST_SCOPE_QUALIFICATION,PASS_AFTER_HYPOTHESIS_QUALIFIER,PASS_AS_EXPLICIT_TESTABLE_HYPOTHESIS,FAIL_UNSUPPORTED_ATOMS:multimodal=true
SENT-1627,52bebecfb2a435d0e7ff2efea557c5799674ded6,どの部分が質問へ反応したかを保持でき、単一ベクトルへの情報圧縮を減らします。,本ガイドの基本構成では、どの部分が質問へ反応したかを保持でき、単一ベクトルへの情報圧縮を減らします。,"AND(AND(ATOM(dense=true), ATOM(compressed_vectors=true)), ATOM(compression=true))",AND,general_technical_claim,UNCLASSIFIED,4.4.5 (docs/4.質問に合う根拠を探す/4.4.Dense retrieval.md:131),SRC-075;SRC-045;SRC-076,UNVERIFIED_CANDIDATE_URL_ONLY,BACKGROUND_CITATION,compression=true;dense=true,compressed_vectors=true,,REWRITE_REQUIRED,権威性=候補一次資料のみ; 直接性=locator未確認; 網羅性=未支持atom=compressed_vectors=true; 主張極性=BACKGROUND_CITATIONとして再分類; スコープ=PASS_AFTER_TEST_SCOPE_QUALIFICATION; モダリティ=PASS_AFTER_HYPOTHESIS_QUALIFIER; 教材妥当性=PASS_AS_EXPLICIT_TESTABLE_HYPOTHESIS; 形式化妥当性=FAIL_UNSUPPORTED_ATOMS:compressed_vectors=true。「どの部分が質問へ反応したかを保持でき、単一ベクトルへの情報圧縮を減らします。」は候補資料(SRC-075;SRC-045;SRC-076)に直接locatorがなく、一般的事実としてはFAIL_UNSUPPORTED_ATOMS:compressed_vectors=trueが残る。原文の対象と作用を維持したまま、本ガイドの構成または対象データでの検証へスコープを限定すれば教材上の検討事項を保持できる。,,,UNVERIFIED,原文をrevised_sentenceへ置換し、対象データ、比較条件、観測指標、合否閾値を同じ節に追記する。検証後に限り事実表現へ戻し、意味を保存して再形式化する。,,,,,INCONCLUSIVE,NOT_APPLICABLE_UNPROVED,,,codex-independent-wave4,2026-08-15,INDEPENDENT_REVIEW_COMPLETE,PARTIAL_CANDIDATE_SOURCE_ONLY,FAIL_NO_DIRECT_LOCATOR,FAIL_UNSUPPORTED_ATOMS:compressed_vectors=true,BACKGROUND_CITATION,PASS_AFTER_TEST_SCOPE_QUALIFICATION,PASS_AFTER_HYPOTHESIS_QUALIFIER,PASS_AS_EXPLICIT_TESTABLE_HYPOTHESIS,FAIL_UNSUPPORTED_ATOMS:compressed_vectors=true
SENT-1632,52bebecfb2a435d0e7ff2efea557c5799674ded6,重複候補を安定IDで統合し、最終引用は一致したベクトルではなく、対応する原文範囲へ結び付けます。,重複候補を安定IDで統合し、最終引用は一致したベクトルではなく、対応する原文範囲へ結び付けます。,ATOM(citation=true),ATOM,general_technical_claim,UNCLASSIFIED,4.4.5 (docs/4.質問に合う根拠を探す/4.4.Dense retrieval.md:138),SRC-002;SRC-005;SRC-042;SRC-043;SRC-044,NOT_APPLICABLE_LOCAL_NORM,HYPOTHESIS,,citation=true,,APPROPRIATE_NORMATIVE,権威性=候補一次資料のみ; 直接性=locator未確認; 網羅性=未支持atom=citation=true; 主張極性=HYPOTHESISとして再分類; スコープ=PASS_LOCAL_DESIGN_POLICY; モダリティ=PASS_AS_DISCLOSED_NORMATIVE_RULE; 教材妥当性=PASS_AFTER_EXPLICIT_CRITERIA_AND_EXCEPTION; 形式化妥当性=FAIL_UNSUPPORTED_ATOMS:citation=true。「重複候補を安定IDで統合し、最終引用は一致したベクトルではなく、対応する原文範囲へ結び付けます。」は外的真偽の断定ではなく、対象・処理・判断を特定した設計・運用上の選択規則として読める。ただし候補資料(SRC-002;SRC-005;SRC-042;SRC-043;SRC-044)はURL単位で、直接locatorは未確認。規範の判断基準と例外を明示すれば教材として採用できる。形式面ではFAIL_UNSUPPORTED_ATOMS:citation=trueを別途解消する必要がある。,対象要件、適用条件、観測可能な受入基準、担当、失敗時の処理を明示すること,適用条件を満たさない場合は単純な経路または回答保留へ戻し、例外理由と期限を記録する,NOT_APPLICABLE,本文は維持し、節内に判断基準「対象要件、適用条件、観測可能な受入基準、担当、失敗時の処理を明示すること」と例外「適用条件を満たさない場合は単純な経路または回答保留へ戻し、例外理由と期限を記録する」を明記する。経験的な効果保証とは分離し、意味を保存して再形式化する。,,,,,INCONCLUSIVE,NOT_APPLICABLE_UNPROVED,,,codex-independent-wave4,2026-08-15,INDEPENDENT_REVIEW_COMPLETE,PARTIAL_CANDIDATE_SOURCE_ONLY,FAIL_NO_DIRECT_LOCATOR,FAIL_UNSUPPORTED_ATOMS:citation=true,HYPOTHESIS,PASS_LOCAL_DESIGN_POLICY,PASS_AS_DISCLOSED_NORMATIVE_RULE,PASS_AFTER_EXPLICIT_CRITERIA_AND_EXCEPTION,FAIL_UNSUPPORTED_ATOMS:citation=true
SENT-1640,52bebecfb2a435d0e7ff2efea557c5799674ded6,ハイブリッド検索（Hybrid retrieval）は、疎検索と密検索など、異なる検索方式の候補を統合します。,本ガイドの基本構成では、ハイブリッド検索（Hybrid retrieval）は、疎検索と密検索など、異なる検索方式の候補を統合します。,"AND(AND(ATOM(sparse=true), ATOM(dense=true)), ATOM(retrieval=true))",AND,general_technical_claim,UNCLASSIFIED,FILE-INTRO (docs/4.質問に合う根拠を探す/4.5.Hybrid retrieval.md:3),SRC-005;SRC-066;SRC-077;SRC-078,UNVERIFIED_CANDIDATE_URL_ONLY,BACKGROUND_CITATION,retrieval=true;sparse=true,dense=true,,REWRITE_REQUIRED,権威性=候補一次資料のみ; 直接性=locator未確認; 網羅性=未支持atom=dense=true; 主張極性=BACKGROUND_CITATIONとして再分類; スコープ=PASS_AFTER_TEST_SCOPE_QUALIFICATION; モダリティ=PASS_AFTER_HYPOTHESIS_QUALIFIER; 教材妥当性=PASS_AS_EXPLICIT_TESTABLE_HYPOTHESIS; 形式化妥当性=FAIL_UNSUPPORTED_ATOMS:dense=true。「ハイブリッド検索（Hybrid retrieval）は、疎検索と密検索など、異なる検索方式の候補を統合します。」は候補資料(SRC-005;SRC-066;SRC-077;SRC-078)に直接locatorがなく、一般的事実としてはFAIL_UNSUPPORTED_ATOMS:dense=trueが残る。原文の対象と作用を維持したまま、本ガイドの構成または対象データでの検証へスコープを限定すれば教材上の検討事項を保持できる。,,,UNVERIFIED,原文をrevised_sentenceへ置換し、対象データ、比較条件、観測指標、合否閾値を同じ節に追記する。検証後に限り事実表現へ戻し、意味を保存して再形式化する。,,,,,INCONCLUSIVE,NOT_APPLICABLE_UNPROVED,,,codex-independent-wave4,2026-08-15,INDEPENDENT_REVIEW_COMPLETE,PARTIAL_CANDIDATE_SOURCE_ONLY,FAIL_NO_DIRECT_LOCATOR,FAIL_UNSUPPORTED_ATOMS:dense=true,BACKGROUND_CITATION,PASS_AFTER_TEST_SCOPE_QUALIFICATION,PASS_AFTER_HYPOTHESIS_QUALIFIER,PASS_AS_EXPLICIT_TESTABLE_HYPOTHESIS,FAIL_UNSUPPORTED_ATOMS:dense=true
SENT-1643,52bebecfb2a435d0e7ff2efea557c5799674ded6,疎検索は識別子を正確に取得し、密検索は言い換えられた症状を広く取得できます。,疎検索は識別子を正確に取得し、密検索は言い換えられた症状を広く取得できるかを、対象データと固定した比較条件で検証します。,"AND(AND(ATOM(sparse=true), ATOM(dense=true)), ATOM(retrieval=true))",AND,general_technical_claim,できます,4.5.1 (docs/4.質問に合う根拠を探す/4.5.Hybrid retrieval.md:9),SRC-066;SRC-077,UNVERIFIED_CANDIDATE_URL_ONLY,BACKGROUND_CITATION,retrieval=true,dense=true;sparse=true,,REWRITE_REQUIRED,権威性=候補一次資料のみ; 直接性=locator未確認; 網羅性=未支持atom=dense=true;sparse=true; 主張極性=BACKGROUND_CITATIONとして再分類; スコープ=PASS_AFTER_TEST_SCOPE_QUALIFICATION; モダリティ=PASS_AFTER_HYPOTHESIS_QUALIFIER; 教材妥当性=PASS_AS_EXPLICIT_TESTABLE_HYPOTHESIS; 形式化妥当性=FAIL_UNSUPPORTED_ATOMS:dense=true;sparse=true。「疎検索は識別子を正確に取得し、密検索は言い換えられた症状を広く取得できます。」は候補資料(SRC-066;SRC-077)に直接locatorがなく、一般的事実としてはFAIL_UNSUPPORTED_ATOMS:dense=true;sparse=trueが残る。原文の対象と作用を維持したまま、本ガイドの構成または対象データでの検証へスコープを限定すれば教材上の検討事項を保持できる。,,,UNVERIFIED,原文をrevised_sentenceへ置換し、対象データ、比較条件、観測指標、合否閾値を同じ節に追記する。検証後に限り事実表現へ戻し、意味を保存して再形式化する。,,,,,INCONCLUSIVE,NOT_APPLICABLE_UNPROVED,,,codex-independent-wave4,2026-08-15,INDEPENDENT_REVIEW_COMPLETE,PARTIAL_CANDIDATE_SOURCE_ONLY,FAIL_NO_DIRECT_LOCATOR,FAIL_UNSUPPORTED_ATOMS:dense=true;sparse=true,BACKGROUND_CITATION,PASS_AFTER_TEST_SCOPE_QUALIFICATION,PASS_AFTER_HYPOTHESIS_QUALIFIER,PASS_AS_EXPLICIT_TESTABLE_HYPOTHESIS,FAIL_UNSUPPORTED_ATOMS:dense=true;sparse=true
SENT-1646,52bebecfb2a435d0e7ff2efea557c5799674ded6,語の一致と意味の一致を組み合わせた研究では、BM25と意味検索が別々の関連文書を取得し、評価したニュース記事集合では統合によってBM25単独より再現率が相対約2.8%上がりました。,本ガイドでは、BM25と意味検索が別々の関連文書を取得し、評価したニュース記事集合では統合によってBM25単独より再現率が相対約2.8%上がります。,"AND(AND(ATOM(retrieval=true), ATOM(evaluation=true)), ATOM(recall_metric=true))",AND,externally_cited_claim,UNCLASSIFIED,4.5.1 (docs/4.質問に合う根拠を探す/4.5.Hybrid retrieval.md:14),SRC-077;SRC-005,UNVERIFIED_CANDIDATE_URL_ONLY,EMPIRICAL_RESULT,recall_metric=true;retrieval=true,evaluation=true,,REWRITE_REQUIRED,権威性=候補一次資料のみ; 直接性=locator未確認; 網羅性=未支持atom=evaluation=true; 主張極性=EMPIRICAL_RESULTとして再分類; スコープ=PASS_AFTER_CONCRETE_VERSION_OR_EXPERIMENT_SCOPE; モダリティ=PASS_AFTER_CONDITIONAL_OR_REPRODUCTION_WORDING; 教材妥当性=PASS_AFTER_CONCRETE_VERSION_OR_EXPERIMENT_QUALIFIER; 形式化妥当性=FAIL_UNSUPPORTED_ATOMS:evaluation=true。「語の一致と意味の一致を組み合わせた研究では、BM25と意味検索が別々の関連文書を取得し、評価したニュース記事集合では統合によってBM25単独より再現率が相対約2」の候補資料(SRC-077;SRC-005)はURL単位で、節・ページ・表・API見出しを独立に確認できていない。現文のFAIL_UNSUPPORTED_ATOMS:evaluation=true、版・実験条件、資料内極性を断定せず、具体的な製品前提・ローカル定義・再現試験へ限定すれば教材内容を保持できる。,,,UNVERIFIED,原文をrevised_sentenceの具体文へ置換する。製品文は利用時点のregion/versionを受入条件へ追加し、研究文は同じ指標・比較条件で再現確認する。事実表現へ戻す場合は直接locatorを再監査する。,,,,,INCONCLUSIVE,NOT_APPLICABLE_UNPROVED,,,codex-independent-wave4,2026-08-15,INDEPENDENT_REVIEW_COMPLETE,PARTIAL_CANDIDATE_SOURCE_ONLY,FAIL_NO_DIRECT_LOCATOR,FAIL_UNSUPPORTED_ATOMS:evaluation=true,EMPIRICAL_RESULT,PASS_AFTER_CONCRETE_VERSION_OR_EXPERIMENT_SCOPE,PASS_AFTER_CONDITIONAL_OR_REPRODUCTION_WORDING,PASS_AFTER_CONCRETE_VERSION_OR_EXPERIMENT_QUALIFIER,FAIL_UNSUPPORTED_ATOMS:evaluation=true
SENT-1647,52bebecfb2a435d0e7ff2efea557c5799674ded6,ただし、評価は一つの古い文書集合と121件の質問に限られ、処理時間や保存容量も報告されていません。,本ガイドの基本構成では、ただし、評価は一つの古い文書集合と121件の質問に限られ、処理時間や保存容量も報告されていません。,"NOT(AND(AND(ATOM(temporal_freshness=true), ATOM(evaluation=true)), ATOM(empirical_result=true)))",NOT,empirical_or_research_claim,ません,4.5.1 (docs/4.質問に合う根拠を探す/4.5.Hybrid retrieval.md:15),SRC-077,UNVERIFIED_CANDIDATE_URL_ONLY,EMPIRICAL_RESULT,empirical_result=true,evaluation=true;temporal_freshness=true,NOT,REWRITE_REQUIRED,権威性=候補一次資料のみ; 直接性=locator未確認; 網羅性=関係NOT自体の根拠未確認; 主張極性=EMPIRICAL_RESULTとして再分類; スコープ=PASS_AFTER_TEST_SCOPE_QUALIFICATION; モダリティ=PASS_AFTER_HYPOTHESIS_QUALIFIER; 教材妥当性=PASS_AS_EXPLICIT_TESTABLE_HYPOTHESIS; 形式化妥当性=FAIL_RELATION_NOT。「ただし、評価は一つの古い文書集合と121件の質問に限られ、処理時間や保存容量も報告されていません。」は候補資料(SRC-077)に直接locatorがなく、一般的事実としてはFAIL_RELATION_NOTが残る。原文の対象と作用を維持したまま、本ガイドの構成または対象データでの検証へスコープを限定すれば教材上の検討事項を保持できる。,,,UNVERIFIED,原文をrevised_sentenceへ置換し、対象データ、比較条件、観測指標、合否閾値を同じ節に追記する。検証後に限り事実表現へ戻し、意味を保存して再形式化する。,,,,,INCONCLUSIVE,NOT_APPLICABLE_UNPROVED,,,codex-independent-wave4,2026-08-15,INDEPENDENT_REVIEW_COMPLETE,PARTIAL_CANDIDATE_SOURCE_ONLY,FAIL_NO_DIRECT_LOCATOR,FAIL_RELATION_NOT,EMPIRICAL_RESULT,PASS_AFTER_TEST_SCOPE_QUALIFICATION,PASS_AFTER_HYPOTHESIS_QUALIFIER,PASS_AS_EXPLICIT_TESTABLE_HYPOTHESIS,FAIL_RELATION_NOT
SENT-1649,52bebecfb2a435d0e7ff2efea557c5799674ded6,ハイブリッド検索自体が常に単独方式を上回るわけではありません。,本ガイドの基本構成では、ハイブリッド検索自体が常に単独方式を上回るわけではありません。,"NOT(AND(ATOM(retrieval=true), ATOM(empirical_result=true)))",NOT,empirical_or_research_claim,常に;ません,4.5.1 (docs/4.質問に合う根拠を探す/4.5.Hybrid retrieval.md:18),SRC-066;SRC-077,UNVERIFIED_CANDIDATE_URL_ONLY,EMPIRICAL_RESULT,empirical_result=true;retrieval=true,,NOT,REWRITE_REQUIRED,権威性=候補一次資料のみ; 直接性=locator未確認; 網羅性=関係NOT自体の根拠未確認; 主張極性=EMPIRICAL_RESULTとして再分類; スコープ=PASS_AFTER_TEST_SCOPE_QUALIFICATION; モダリティ=PASS_AFTER_HYPOTHESIS_QUALIFIER; 教材妥当性=PASS_AS_EXPLICIT_TESTABLE_HYPOTHESIS; 形式化妥当性=FAIL_RELATION_NOT。「ハイブリッド検索自体が常に単独方式を上回るわけではありません。」は候補資料(SRC-066;SRC-077)に直接locatorがなく、一般的事実としてはFAIL_RELATION_NOTが残る。原文の対象と作用を維持したまま、本ガイドの構成または対象データでの検証へスコープを限定すれば教材上の検討事項を保持できる。,,,UNVERIFIED,原文をrevised_sentenceへ置換し、対象データ、比較条件、観測指標、合否閾値を同じ節に追記する。検証後に限り事実表現へ戻し、意味を保存して再形式化する。,,,,,INCONCLUSIVE,NOT_APPLICABLE_UNPROVED,,,codex-independent-wave4,2026-08-15,INDEPENDENT_REVIEW_COMPLETE,PARTIAL_CANDIDATE_SOURCE_ONLY,FAIL_NO_DIRECT_LOCATOR,FAIL_RELATION_NOT,EMPIRICAL_RESULT,PASS_AFTER_TEST_SCOPE_QUALIFICATION,PASS_AFTER_HYPOTHESIS_QUALIFIER,PASS_AS_EXPLICIT_TESTABLE_HYPOTHESIS,FAIL_RELATION_NOT
SENT-1650,52bebecfb2a435d0e7ff2efea557c5799674ded6,疎検索、密検索、ハイブリッド検索を同じ正解集合で比較し、改善がない質問群には単純な経路を残します。,疎検索、密検索、ハイブリッド検索を同じ正解集合で比較し、改善がない質問群には単純な経路を残します。,"NOT(AND(AND(AND(ATOM(sparse=true), ATOM(dense=true)), ATOM(retrieval=true)), ATOM(empirical_result=true)))",NOT,empirical_or_research_claim,ない,4.5.1 (docs/4.質問に合う根拠を探す/4.5.Hybrid retrieval.md:19),SRC-066;SRC-077,NOT_APPLICABLE_LOCAL_NORM,HYPOTHESIS,empirical_result=true;retrieval=true,dense=true;sparse=true,NOT,APPROPRIATE_NORMATIVE,権威性=候補一次資料のみ; 直接性=locator未確認; 網羅性=関係NOT自体の根拠未確認; 主張極性=HYPOTHESISとして再分類; スコープ=PASS_LOCAL_DESIGN_POLICY; モダリティ=PASS_AS_DISCLOSED_NORMATIVE_RULE; 教材妥当性=PASS_AFTER_EXPLICIT_CRITERIA_AND_EXCEPTION; 形式化妥当性=FAIL_RELATION_NOT。「疎検索、密検索、ハイブリッド検索を同じ正解集合で比較し、改善がない質問群には単純な経路を残します。」は外的真偽の断定ではなく、対象・処理・判断を特定した設計・運用上の選択規則として読める。ただし候補資料(SRC-066;SRC-077)はURL単位で、直接locatorは未確認。規範の判断基準と例外を明示すれば教材として採用できる。形式面ではFAIL_RELATION_NOTを別途解消する必要がある。,禁止対象、禁止理由、代替経路を明示し、安全性・再現性・追跡性のいずれを守る規則か検査できること,禁止理由を満たす別の統制が同等以上の証拠で確認できる場合のみ例外とし、理由と期限を記録する,NOT_APPLICABLE,本文は維持し、節内に判断基準「禁止対象、禁止理由、代替経路を明示し、安全性・再現性・追跡性のいずれを守る規則か検査できること」と例外「禁止理由を満たす別の統制が同等以上の証拠で確認できる場合のみ例外とし、理由と期限を記録する」を明記する。経験的な効果保証とは分離し、意味を保存して再形式化する。,,,,,INCONCLUSIVE,NOT_APPLICABLE_UNPROVED,,,codex-independent-wave4,2026-08-15,INDEPENDENT_REVIEW_COMPLETE,PARTIAL_CANDIDATE_SOURCE_ONLY,FAIL_NO_DIRECT_LOCATOR,FAIL_RELATION_NOT,HYPOTHESIS,PASS_LOCAL_DESIGN_POLICY,PASS_AS_DISCLOSED_NORMATIVE_RULE,PASS_AFTER_EXPLICIT_CRITERIA_AND_EXCEPTION,FAIL_RELATION_NOT
SENT-1651,52bebecfb2a435d0e7ff2efea557c5799674ded6,ハイブリッド検索は、二つのスコアを最初から足す処理ではありません。,本ガイドの基本構成では、ハイブリッド検索は、二つのスコアを最初から足す処理ではありません。,NOT(ATOM(retrieval=true)),NOT,general_technical_claim,ません,4.5.1 (docs/4.質問に合う根拠を探す/4.5.Hybrid retrieval.md:21),SRC-066;SRC-077,UNVERIFIED_CANDIDATE_URL_ONLY,BACKGROUND_CITATION,retrieval=true,,NOT,REWRITE_REQUIRED,権威性=候補一次資料のみ; 直接性=locator未確認; 網羅性=関係NOT自体の根拠未確認; 主張極性=BACKGROUND_CITATIONとして再分類; スコープ=PASS_AFTER_TEST_SCOPE_QUALIFICATION; モダリティ=PASS_AFTER_HYPOTHESIS_QUALIFIER; 教材妥当性=PASS_AS_EXPLICIT_TESTABLE_HYPOTHESIS; 形式化妥当性=FAIL_RELATION_NOT。「ハイブリッド検索は、二つのスコアを最初から足す処理ではありません。」は候補資料(SRC-066;SRC-077)に直接locatorがなく、一般的事実としてはFAIL_RELATION_NOTが残る。原文の対象と作用を維持したまま、本ガイドの構成または対象データでの検証へスコープを限定すれば教材上の検討事項を保持できる。,,,UNVERIFIED,原文をrevised_sentenceへ置換し、対象データ、比較条件、観測指標、合否閾値を同じ節に追記する。検証後に限り事実表現へ戻し、意味を保存して再形式化する。,,,,,INCONCLUSIVE,NOT_APPLICABLE_UNPROVED,,,codex-independent-wave4,2026-08-15,INDEPENDENT_REVIEW_COMPLETE,PARTIAL_CANDIDATE_SOURCE_ONLY,FAIL_NO_DIRECT_LOCATOR,FAIL_RELATION_NOT,BACKGROUND_CITATION,PASS_AFTER_TEST_SCOPE_QUALIFICATION,PASS_AFTER_HYPOTHESIS_QUALIFIER,PASS_AS_EXPLICIT_TESTABLE_HYPOTHESIS,FAIL_RELATION_NOT
SENT-1655,52bebecfb2a435d0e7ff2efea557c5799674ded6,文書版とチャンクIDで同一候補を統合します。,本ガイドの基本構成では、文書版とチャンクIDで同一候補を統合します。,UNFORMALIZED,UNFORMALIZED,general_technical_claim,UNCLASSIFIED,4.5.1 (docs/4.質問に合う根拠を探す/4.5.Hybrid retrieval.md:26),SRC-002;SRC-005;SRC-042;SRC-043;SRC-044,UNVERIFIED_CANDIDATE_URL_ONLY,BACKGROUND_CITATION,,,,REWRITE_REQUIRED,権威性=候補一次資料のみ; 直接性=locator未確認; 網羅性=未支持atom=none-explicit; 主張極性=BACKGROUND_CITATIONとして再分類; スコープ=PASS_AFTER_TEST_SCOPE_QUALIFICATION; モダリティ=PASS_AFTER_HYPOTHESIS_QUALIFIER; 教材妥当性=PASS_AS_EXPLICIT_TESTABLE_HYPOTHESIS; 形式化妥当性=FAIL_UNFORMALIZED。「文書版とチャンクIDで同一候補を統合します。」は候補資料(SRC-002;SRC-005;SRC-042;SRC-043;SRC-044)に直接locatorがなく、一般的事実としてはFAIL_UNFORMALIZEDが残る。原文の対象と作用を維持したまま、本ガイドの構成または対象データでの検証へスコープを限定すれば教材上の検討事項を保持できる。,,,UNVERIFIED,原文をrevised_sentenceへ置換し、対象データ、比較条件、観測指標、合否閾値を同じ節に追記する。検証後に限り事実表現へ戻し、意味を保存して再形式化する。,,,,,INCONCLUSIVE,NOT_APPLICABLE_UNPROVED,,,codex-independent-wave4,2026-08-15,INDEPENDENT_REVIEW_COMPLETE,PARTIAL_CANDIDATE_SOURCE_ONLY,FAIL_NO_DIRECT_LOCATOR,FAIL_UNFORMALIZED,BACKGROUND_CITATION,PASS_AFTER_TEST_SCOPE_QUALIFICATION,PASS_AFTER_HYPOTHESIS_QUALIFIER,PASS_AS_EXPLICIT_TESTABLE_HYPOTHESIS,FAIL_UNFORMALIZED
SENT-1668,52bebecfb2a435d0e7ff2efea557c5799674ded6,二つの検索器が同じチャンクを返しても、独立した二件の根拠にはなりません。,本ガイドの基本構成では、二つの検索器が同じチャンクを返しても、独立した二件の根拠にはなりません。,"NOT(AND(ATOM(retrieval=true), ATOM(evidence_support=true)))",NOT,general_technical_claim,ません,4.5.3 (docs/4.質問に合う根拠を探す/4.5.Hybrid retrieval.md:48),SRC-005;SRC-066;SRC-077;SRC-078,UNVERIFIED_CANDIDATE_URL_ONLY,BACKGROUND_CITATION,evidence_support=true;retrieval=true,,NOT,REWRITE_REQUIRED,権威性=候補一次資料のみ; 直接性=locator未確認; 網羅性=関係NOT自体の根拠未確認; 主張極性=BACKGROUND_CITATIONとして再分類; スコープ=PASS_AFTER_TEST_SCOPE_QUALIFICATION; モダリティ=PASS_AFTER_HYPOTHESIS_QUALIFIER; 教材妥当性=PASS_AS_EXPLICIT_TESTABLE_HYPOTHESIS; 形式化妥当性=FAIL_RELATION_NOT。「二つの検索器が同じチャンクを返しても、独立した二件の根拠にはなりません。」は候補資料(SRC-005;SRC-066;SRC-077;SRC-078)に直接locatorがなく、一般的事実としてはFAIL_RELATION_NOTが残る。原文の対象と作用を維持したまま、本ガイドの構成または対象データでの検証へスコープを限定すれば教材上の検討事項を保持できる。,,,UNVERIFIED,原文をrevised_sentenceへ置換し、対象データ、比較条件、観測指標、合否閾値を同じ節に追記する。検証後に限り事実表現へ戻し、意味を保存して再形式化する。,,,,,INCONCLUSIVE,NOT_APPLICABLE_UNPROVED,,,codex-independent-wave4,2026-08-15,INDEPENDENT_REVIEW_COMPLETE,PARTIAL_CANDIDATE_SOURCE_ONLY,FAIL_NO_DIRECT_LOCATOR,FAIL_RELATION_NOT,BACKGROUND_CITATION,PASS_AFTER_TEST_SCOPE_QUALIFICATION,PASS_AFTER_HYPOTHESIS_QUALIFIER,PASS_AS_EXPLICIT_TESTABLE_HYPOTHESIS,FAIL_RELATION_NOT
SENT-1669,52bebecfb2a435d0e7ff2efea557c5799674ded6,文書ID、文書版ID、チャンクIDを基本として、同一候補を統合します。,本ガイドの基本構成では、文書ID、文書版ID、チャンクIDを基本として、同一候補を統合します。,UNFORMALIZED,UNFORMALIZED,general_technical_claim,UNCLASSIFIED,4.5.3 (docs/4.質問に合う根拠を探す/4.5.Hybrid retrieval.md:49),SRC-002;SRC-005;SRC-042;SRC-043;SRC-044,UNVERIFIED_CANDIDATE_URL_ONLY,BACKGROUND_CITATION,,,,REWRITE_REQUIRED,権威性=候補一次資料のみ; 直接性=locator未確認; 網羅性=未支持atom=none-explicit; 主張極性=BACKGROUND_CITATIONとして再分類; スコープ=PASS_AFTER_TEST_SCOPE_QUALIFICATION; モダリティ=PASS_AFTER_HYPOTHESIS_QUALIFIER; 教材妥当性=PASS_AS_EXPLICIT_TESTABLE_HYPOTHESIS; 形式化妥当性=FAIL_UNFORMALIZED。「文書ID、文書版ID、チャンクIDを基本として、同一候補を統合します。」は候補資料(SRC-002;SRC-005;SRC-042;SRC-043;SRC-044)に直接locatorがなく、一般的事実としてはFAIL_UNFORMALIZEDが残る。原文の対象と作用を維持したまま、本ガイドの構成または対象データでの検証へスコープを限定すれば教材上の検討事項を保持できる。,,,UNVERIFIED,原文をrevised_sentenceへ置換し、対象データ、比較条件、観測指標、合否閾値を同じ節に追記する。検証後に限り事実表現へ戻し、意味を保存して再形式化する。,,,,,INCONCLUSIVE,NOT_APPLICABLE_UNPROVED,,,codex-independent-wave4,2026-08-15,INDEPENDENT_REVIEW_COMPLETE,PARTIAL_CANDIDATE_SOURCE_ONLY,FAIL_NO_DIRECT_LOCATOR,FAIL_UNFORMALIZED,BACKGROUND_CITATION,PASS_AFTER_TEST_SCOPE_QUALIFICATION,PASS_AFTER_HYPOTHESIS_QUALIFIER,PASS_AS_EXPLICIT_TESTABLE_HYPOTHESIS,FAIL_UNFORMALIZED
SENT-1671,52bebecfb2a435d0e7ff2efea557c5799674ded6,親子チャンク、同内容を載せる別の情報源（ミラー）、言語版、地域版、旧版は関係を持ちます。,本ガイドの基本構成では、親子チャンク、同内容を載せる別の情報源（ミラー）、言語版、地域版、旧版は関係を持ちます。,UNFORMALIZED,UNFORMALIZED,general_technical_claim,UNCLASSIFIED,4.5.3 (docs/4.質問に合う根拠を探す/4.5.Hybrid retrieval.md:52),SRC-002;SRC-005;SRC-042;SRC-043;SRC-044,UNVERIFIED_CANDIDATE_URL_ONLY,BACKGROUND_CITATION,,,,REWRITE_REQUIRED,権威性=候補一次資料のみ; 直接性=locator未確認; 網羅性=未支持atom=none-explicit; 主張極性=BACKGROUND_CITATIONとして再分類; スコープ=PASS_AFTER_TEST_SCOPE_QUALIFICATION; モダリティ=PASS_AFTER_HYPOTHESIS_QUALIFIER; 教材妥当性=PASS_AS_EXPLICIT_TESTABLE_HYPOTHESIS; 形式化妥当性=FAIL_UNFORMALIZED。「親子チャンク、同内容を載せる別の情報源（ミラー）、言語版、地域版、旧版は関係を持ちます。」は候補資料(SRC-002;SRC-005;SRC-042;SRC-043;SRC-044)に直接locatorがなく、一般的事実としてはFAIL_UNFORMALIZEDが残る。原文の対象と作用を維持したまま、本ガイドの構成または対象データでの検証へスコープを限定すれば教材上の検討事項を保持できる。,,,UNVERIFIED,原文をrevised_sentenceへ置換し、対象データ、比較条件、観測指標、合否閾値を同じ節に追記する。検証後に限り事実表現へ戻し、意味を保存して再形式化する。,,,,,INCONCLUSIVE,NOT_APPLICABLE_UNPROVED,,,codex-independent-wave4,2026-08-15,INDEPENDENT_REVIEW_COMPLETE,PARTIAL_CANDIDATE_SOURCE_ONLY,FAIL_NO_DIRECT_LOCATOR,FAIL_UNFORMALIZED,BACKGROUND_CITATION,PASS_AFTER_TEST_SCOPE_QUALIFICATION,PASS_AFTER_HYPOTHESIS_QUALIFIER,PASS_AS_EXPLICIT_TESTABLE_HYPOTHESIS,FAIL_UNFORMALIZED
SENT-1676,52bebecfb2a435d0e7ff2efea557c5799674ded6,相互順位統合（Reciprocal Rank Fusion：RRF）は、各順位一覧での順位から候補の統合スコアを計算します。,本ガイドの基本構成では、相互順位統合（Reciprocal Rank Fusion：RRF）は、各順位一覧での順位から候補の統合スコアを計算します。,UNFORMALIZED,UNFORMALIZED,concrete_technology_claim,UNCLASSIFIED,4.5.4 (docs/4.質問に合う根拠を探す/4.5.Hybrid retrieval.md:61),SRC-064,UNVERIFIED_CANDIDATE_URL_ONLY,DEFINITION_OR_SPEC,,,,REWRITE_REQUIRED,権威性=候補一次資料のみ; 直接性=locator未確認; 網羅性=未支持atom=none-explicit; 主張極性=DEFINITION_OR_SPECとして再分類; スコープ=PASS_AFTER_CONCRETE_VERSION_OR_EXPERIMENT_SCOPE; モダリティ=PASS_AFTER_CONDITIONAL_OR_REPRODUCTION_WORDING; 教材妥当性=PASS_AFTER_CONCRETE_VERSION_OR_EXPERIMENT_QUALIFIER; 形式化妥当性=FAIL_UNFORMALIZED。「相互順位統合（Reciprocal Rank Fusion：RRF）は、各順位一覧での順位から候補の統合スコアを計算します。」の候補資料(SRC-064)はURL単位で、節・ページ・表・API見出しを独立に確認できていない。現文のFAIL_UNFORMALIZED、版・実験条件、資料内極性を断定せず、具体的な製品前提・ローカル定義・再現試験へ限定すれば教材内容を保持できる。,,,UNVERIFIED,原文をrevised_sentenceの具体文へ置換する。製品文は利用時点のregion/versionを受入条件へ追加し、研究文は同じ指標・比較条件で再現確認する。事実表現へ戻す場合は直接locatorを再監査する。,,,,,INCONCLUSIVE,NOT_APPLICABLE_UNPROVED,,,codex-independent-wave4,2026-08-15,INDEPENDENT_REVIEW_COMPLETE,PARTIAL_CANDIDATE_SOURCE_ONLY,FAIL_NO_DIRECT_LOCATOR,FAIL_UNFORMALIZED,DEFINITION_OR_SPEC,PASS_AFTER_CONCRETE_VERSION_OR_EXPERIMENT_SCOPE,PASS_AFTER_CONDITIONAL_OR_REPRODUCTION_WORDING,PASS_AFTER_CONCRETE_VERSION_OR_EXPERIMENT_QUALIFIER,FAIL_UNFORMALIZED
SENT-1678,52bebecfb2a435d0e7ff2efea557c5799674ded6,BM25スコアとコサイン類似度の尺度を直接揃える必要がありません。,本ガイドの基本構成では、BM25スコアとコサイン類似度の尺度を直接揃える必要がありません。,NOT(ATOM(cosine_compatible=true)),NOT,concrete_technology_claim,必要;ません,4.5.4 (docs/4.質問に合う根拠を探す/4.5.Hybrid retrieval.md:63),SRC-005,UNVERIFIED_CANDIDATE_URL_ONLY,DEFINITION_OR_SPEC,,cosine_compatible=true,NOT,REWRITE_REQUIRED,権威性=候補一次資料のみ; 直接性=locator未確認; 網羅性=関係NOT自体の根拠未確認; 主張極性=DEFINITION_OR_SPECとして再分類; スコープ=PASS_AFTER_CONCRETE_VERSION_OR_EXPERIMENT_SCOPE; モダリティ=PASS_AFTER_CONDITIONAL_OR_REPRODUCTION_WORDING; 教材妥当性=PASS_AFTER_CONCRETE_VERSION_OR_EXPERIMENT_QUALIFIER; 形式化妥当性=FAIL_RELATION_NOT。「BM25スコアとコサイン類似度の尺度を直接揃える必要がありません。」の候補資料(SRC-005)はURL単位で、節・ページ・表・API見出しを独立に確認できていない。現文のFAIL_RELATION_NOT、版・実験条件、資料内極性を断定せず、具体的な製品前提・ローカル定義・再現試験へ限定すれば教材内容を保持できる。,,,UNVERIFIED,原文をrevised_sentenceの具体文へ置換する。製品文は利用時点のregion/versionを受入条件へ追加し、研究文は同じ指標・比較条件で再現確認する。事実表現へ戻す場合は直接locatorを再監査する。,,,,,INCONCLUSIVE,NOT_APPLICABLE_UNPROVED,,,codex-independent-wave4,2026-08-15,INDEPENDENT_REVIEW_COMPLETE,PARTIAL_CANDIDATE_SOURCE_ONLY,FAIL_NO_DIRECT_LOCATOR,FAIL_RELATION_NOT,DEFINITION_OR_SPEC,PASS_AFTER_CONCRETE_VERSION_OR_EXPERIMENT_SCOPE,PASS_AFTER_CONDITIONAL_OR_REPRODUCTION_WORDING,PASS_AFTER_CONCRETE_VERSION_OR_EXPERIMENT_QUALIFIER,FAIL_RELATION_NOT
SENT-1679,52bebecfb2a435d0e7ff2efea557c5799674ded6,RRFの原論文は、複数の順位付け結果を単純な式で統合し、評価した条件で個別方式や他の統合法を上回る結果を報告しました。,複数の順位付け結果を単純な式で統合し、評価した条件で個別方式や他の統合法を上回る結果が対象データでも再現するかを、同じ比較条件と指標で確認します。,"AND(ATOM(evaluation=true), ATOM(empirical_result=true))",AND,externally_cited_claim,UNCLASSIFIED,4.5.4 (docs/4.質問に合う根拠を探す/4.5.Hybrid retrieval.md:65),SRC-064,UNVERIFIED_CANDIDATE_URL_ONLY,EMPIRICAL_RESULT,empirical_result=true,evaluation=true,,REWRITE_REQUIRED,権威性=候補一次資料のみ; 直接性=locator未確認; 網羅性=未支持atom=evaluation=true; 主張極性=EMPIRICAL_RESULTとして再分類; スコープ=PASS_AFTER_CONCRETE_VERSION_OR_EXPERIMENT_SCOPE; モダリティ=PASS_AFTER_CONDITIONAL_OR_REPRODUCTION_WORDING; 教材妥当性=PASS_AFTER_CONCRETE_VERSION_OR_EXPERIMENT_QUALIFIER; 形式化妥当性=FAIL_UNSUPPORTED_ATOMS:evaluation=true。「RRFの原論文は、複数の順位付け結果を単純な式で統合し、評価した条件で個別方式や他の統合法を上回る結果を報告しました。」の候補資料(SRC-064)はURL単位で、節・ページ・表・API見出しを独立に確認できていない。現文のFAIL_UNSUPPORTED_ATOMS:evaluation=true、版・実験条件、資料内極性を断定せず、具体的な製品前提・ローカル定義・再現試験へ限定すれば教材内容を保持できる。,,,UNVERIFIED,原文をrevised_sentenceの具体文へ置換する。製品文は利用時点のregion/versionを受入条件へ追加し、研究文は同じ指標・比較条件で再現確認する。事実表現へ戻す場合は直接locatorを再監査する。,,,,,INCONCLUSIVE,NOT_APPLICABLE_UNPROVED,,,codex-independent-wave4,2026-08-15,INDEPENDENT_REVIEW_COMPLETE,PARTIAL_CANDIDATE_SOURCE_ONLY,FAIL_NO_DIRECT_LOCATOR,FAIL_UNSUPPORTED_ATOMS:evaluation=true,EMPIRICAL_RESULT,PASS_AFTER_CONCRETE_VERSION_OR_EXPERIMENT_SCOPE,PASS_AFTER_CONDITIONAL_OR_REPRODUCTION_WORDING,PASS_AFTER_CONCRETE_VERSION_OR_EXPERIMENT_QUALIFIER,FAIL_UNSUPPORTED_ATOMS:evaluation=true
SENT-1680,52bebecfb2a435d0e7ff2efea557c5799674ded6,結果は入力する順位一覧、検索深度、定数 k に依存します。,本ガイドの基本構成では、結果は入力する順位一覧、検索深度、定数 k に依存します。,"AND(ATOM(retrieval=true), ATOM(empirical_result=true))",AND,empirical_or_research_claim,UNCLASSIFIED,4.5.4 (docs/4.質問に合う根拠を探す/4.5.Hybrid retrieval.md:66),SRC-064,UNVERIFIED_CANDIDATE_URL_ONLY,EMPIRICAL_RESULT,empirical_result=true,retrieval=true,,REWRITE_REQUIRED,権威性=候補一次資料のみ; 直接性=locator未確認; 網羅性=未支持atom=retrieval=true; 主張極性=EMPIRICAL_RESULTとして再分類; スコープ=PASS_AFTER_TEST_SCOPE_QUALIFICATION; モダリティ=PASS_AFTER_HYPOTHESIS_QUALIFIER; 教材妥当性=PASS_AS_EXPLICIT_TESTABLE_HYPOTHESIS; 形式化妥当性=FAIL_UNSUPPORTED_ATOMS:retrieval=true。「結果は入力する順位一覧、検索深度、定数 k に依存します。」は候補資料(SRC-064)に直接locatorがなく、一般的事実としてはFAIL_UNSUPPORTED_ATOMS:retrieval=trueが残る。原文の対象と作用を維持したまま、本ガイドの構成または対象データでの検証へスコープを限定すれば教材上の検討事項を保持できる。,,,UNVERIFIED,原文をrevised_sentenceへ置換し、対象データ、比較条件、観測指標、合否閾値を同じ節に追記する。検証後に限り事実表現へ戻し、意味を保存して再形式化する。,,,,,INCONCLUSIVE,NOT_APPLICABLE_UNPROVED,,,codex-independent-wave4,2026-08-15,INDEPENDENT_REVIEW_COMPLETE,PARTIAL_CANDIDATE_SOURCE_ONLY,FAIL_NO_DIRECT_LOCATOR,FAIL_UNSUPPORTED_ATOMS:retrieval=true,EMPIRICAL_RESULT,PASS_AFTER_TEST_SCOPE_QUALIFICATION,PASS_AFTER_HYPOTHESIS_QUALIFIER,PASS_AS_EXPLICIT_TESTABLE_HYPOTHESIS,FAIL_UNSUPPORTED_ATOMS:retrieval=true
SENT-1683,52bebecfb2a435d0e7ff2efea557c5799674ded6,図4-6は、左側の疎検索と密検索が作った二つの順位表を、右へ向かって統合する流れです。,本ガイドでは、図4-6を「左側の疎検索と密検索が作った二つの順位表を、右へ向かって統合する流れ」として用います。,"AND(AND(ATOM(sparse=true), ATOM(dense=true)), ATOM(retrieval=true))",AND,general_technical_claim,UNCLASSIFIED,4.5.4 (docs/4.質問に合う根拠を探す/4.5.Hybrid retrieval.md:71),SRC-078,NOT_APPLICABLE_LOCAL_NORM,DEFINITION_OR_SPEC,retrieval=true,dense=true;sparse=true,,APPROPRIATE_NORMATIVE,権威性=候補一次資料のみ; 直接性=locator未確認; 網羅性=未支持atom=dense=true;sparse=true; 主張極性=DEFINITION_OR_SPECとして再分類; スコープ=PASS_AFTER_LOCAL_GUIDE_SCOPE; モダリティ=PASS_AFTER_DEFINITION_QUALIFIER; 教材妥当性=PASS_AFTER_LOCAL_DEFINITION_QUALIFIER; 形式化妥当性=FAIL_UNSUPPORTED_ATOMS:dense=true;sparse=true。一般的事実としての権威性・直接性は候補URLだけでは確認できないが、ガイド内の操作的定義へスコープを限定すれば、強い外的真偽を主張せず教材上の役割を保てる。形式面ではFAIL_UNSUPPORTED_ATOMS:dense=true;sparse=trueが残る。,用語を本ガイド内で一貫して用い、外部仕様上の定義と区別すること,公式標準または製品仕様に別定義がある場合は名称と版を併記し、その定義を優先する,NOT_APPLICABLE,原文をrevised_sentenceへ置換し、用語集と本文で同じ操作的定義を使用して再形式化する。,,,,,INCONCLUSIVE,NOT_APPLICABLE_UNPROVED,,,codex-independent-wave4,2026-08-15,INDEPENDENT_REVIEW_COMPLETE,PARTIAL_CANDIDATE_SOURCE_ONLY,FAIL_NO_DIRECT_LOCATOR,FAIL_UNSUPPORTED_ATOMS:dense=true;sparse=true,DEFINITION_OR_SPEC,PASS_AFTER_LOCAL_GUIDE_SCOPE,PASS_AFTER_DEFINITION_QUALIFIER,PASS_AFTER_LOCAL_DEFINITION_QUALIFIER,FAIL_UNSUPPORTED_ATOMS:dense=true;sparse=true
SENT-1685,52bebecfb2a435d0e7ff2efea557c5799674ded6,再順位付けはその後に候補本文を読み直す別工程であり、RRFと役割が異なります。,本ガイドの基本構成では、再順位付けはその後に候補本文を読み直す別工程であり、RRFと役割が異なります。,"NOT(AND(ATOM(rerank=true), ATOM(reads_candidate_text=true)))",NOT,concrete_technology_claim,UNCLASSIFIED,4.5.4 (docs/4.質問に合う根拠を探す/4.5.Hybrid retrieval.md:73),SRC-064,UNVERIFIED_CANDIDATE_URL_ONLY,DEFINITION_OR_SPEC,,reads_candidate_text=true;rerank=true,NOT,REWRITE_REQUIRED,権威性=候補一次資料のみ; 直接性=locator未確認; 網羅性=関係NOT自体の根拠未確認; 主張極性=DEFINITION_OR_SPECとして再分類; スコープ=PASS_AFTER_CONCRETE_VERSION_OR_EXPERIMENT_SCOPE; モダリティ=PASS_AFTER_CONDITIONAL_OR_REPRODUCTION_WORDING; 教材妥当性=PASS_AFTER_CONCRETE_VERSION_OR_EXPERIMENT_QUALIFIER; 形式化妥当性=FAIL_RELATION_NOT。「再順位付けはその後に候補本文を読み直す別工程であり、RRFと役割が異なります。」の候補資料(SRC-064)はURL単位で、節・ページ・表・API見出しを独立に確認できていない。現文のFAIL_RELATION_NOT、版・実験条件、資料内極性を断定せず、具体的な製品前提・ローカル定義・再現試験へ限定すれば教材内容を保持できる。,,,UNVERIFIED,原文をrevised_sentenceの具体文へ置換する。製品文は利用時点のregion/versionを受入条件へ追加し、研究文は同じ指標・比較条件で再現確認する。事実表現へ戻す場合は直接locatorを再監査する。,,,,,INCONCLUSIVE,NOT_APPLICABLE_UNPROVED,,,codex-independent-wave4,2026-08-15,INDEPENDENT_REVIEW_COMPLETE,PARTIAL_CANDIDATE_SOURCE_ONLY,FAIL_NO_DIRECT_LOCATOR,FAIL_RELATION_NOT,DEFINITION_OR_SPEC,PASS_AFTER_CONCRETE_VERSION_OR_EXPERIMENT_SCOPE,PASS_AFTER_CONDITIONAL_OR_REPRODUCTION_WORDING,PASS_AFTER_CONCRETE_VERSION_OR_EXPERIMENT_QUALIFIER,FAIL_RELATION_NOT
SENT-1687,52bebecfb2a435d0e7ff2efea557c5799674ded6,元スコアを使う統合では、BM25とコサイン類似度を未調整のまま加算しません。,本ガイドの基本構成では、元スコアを使う統合では、BM25とコサイン類似度を未調整のまま加算しません。,NOT(ATOM(cosine_compatible=true)),NOT,concrete_technology_claim,ません,4.5.4 (docs/4.質問に合う根拠を探す/4.5.Hybrid retrieval.md:80),SRC-005,UNVERIFIED_CANDIDATE_URL_ONLY,DEFINITION_OR_SPEC,,cosine_compatible=true,NOT,REWRITE_REQUIRED,権威性=候補一次資料のみ; 直接性=locator未確認; 網羅性=関係NOT自体の根拠未確認; 主張極性=DEFINITION_OR_SPECとして再分類; スコープ=PASS_AFTER_CONCRETE_VERSION_OR_EXPERIMENT_SCOPE; モダリティ=PASS_AFTER_CONDITIONAL_OR_REPRODUCTION_WORDING; 教材妥当性=PASS_AFTER_CONCRETE_VERSION_OR_EXPERIMENT_QUALIFIER; 形式化妥当性=FAIL_RELATION_NOT。「元スコアを使う統合では、BM25とコサイン類似度を未調整のまま加算しません。」の候補資料(SRC-005)はURL単位で、節・ページ・表・API見出しを独立に確認できていない。現文のFAIL_RELATION_NOT、版・実験条件、資料内極性を断定せず、具体的な製品前提・ローカル定義・再現試験へ限定すれば教材内容を保持できる。,,,UNVERIFIED,原文をrevised_sentenceの具体文へ置換する。製品文は利用時点のregion/versionを受入条件へ追加し、研究文は同じ指標・比較条件で再現確認する。事実表現へ戻す場合は直接locatorを再監査する。,,,,,INCONCLUSIVE,NOT_APPLICABLE_UNPROVED,,,codex-independent-wave4,2026-08-15,INDEPENDENT_REVIEW_COMPLETE,PARTIAL_CANDIDATE_SOURCE_ONLY,FAIL_NO_DIRECT_LOCATOR,FAIL_RELATION_NOT,DEFINITION_OR_SPEC,PASS_AFTER_CONCRETE_VERSION_OR_EXPERIMENT_SCOPE,PASS_AFTER_CONDITIONAL_OR_REPRODUCTION_WORDING,PASS_AFTER_CONCRETE_VERSION_OR_EXPERIMENT_QUALIFIER,FAIL_RELATION_NOT
SENT-1688,52bebecfb2a435d0e7ff2efea557c5799674ded6,BM25は質問と文書集合によって広い値を取り、コサイン類似度は別の範囲と分布を持ちます。,本ガイドの基本構成では、BM25は質問と文書集合によって広い値を取り、コサイン類似度は別の範囲と分布を持ちます。,ATOM(cosine_compatible=true),ATOM,concrete_technology_claim,UNCLASSIFIED,4.5.4 (docs/4.質問に合う根拠を探す/4.5.Hybrid retrieval.md:81),SRC-005,UNVERIFIED_CANDIDATE_URL_ONLY,DEFINITION_OR_SPEC,,cosine_compatible=true,,REWRITE_REQUIRED,権威性=候補一次資料のみ; 直接性=locator未確認; 網羅性=未支持atom=cosine_compatible=true; 主張極性=DEFINITION_OR_SPECとして再分類; スコープ=PASS_AFTER_CONCRETE_VERSION_OR_EXPERIMENT_SCOPE; モダリティ=PASS_AFTER_CONDITIONAL_OR_REPRODUCTION_WORDING; 教材妥当性=PASS_AFTER_CONCRETE_VERSION_OR_EXPERIMENT_QUALIFIER; 形式化妥当性=FAIL_UNSUPPORTED_ATOMS:cosine_compatible=true。「BM25は質問と文書集合によって広い値を取り、コサイン類似度は別の範囲と分布を持ちます。」の候補資料(SRC-005)はURL単位で、節・ページ・表・API見出しを独立に確認できていない。現文のFAIL_UNSUPPORTED_ATOMS:cosine_compatible=true、版・実験条件、資料内極性を断定せず、具体的な製品前提・ローカル定義・再現試験へ限定すれば教材内容を保持できる。,,,UNVERIFIED,原文をrevised_sentenceの具体文へ置換する。製品文は利用時点のregion/versionを受入条件へ追加し、研究文は同じ指標・比較条件で再現確認する。事実表現へ戻す場合は直接locatorを再監査する。,,,,,INCONCLUSIVE,NOT_APPLICABLE_UNPROVED,,,codex-independent-wave4,2026-08-15,INDEPENDENT_REVIEW_COMPLETE,PARTIAL_CANDIDATE_SOURCE_ONLY,FAIL_NO_DIRECT_LOCATOR,FAIL_UNSUPPORTED_ATOMS:cosine_compatible=true,DEFINITION_OR_SPEC,PASS_AFTER_CONCRETE_VERSION_OR_EXPERIMENT_SCOPE,PASS_AFTER_CONDITIONAL_OR_REPRODUCTION_WORDING,PASS_AFTER_CONCRETE_VERSION_OR_EXPERIMENT_QUALIFIER,FAIL_UNSUPPORTED_ATOMS:cosine_compatible=true
SENT-1689,52bebecfb2a435d0e7ff2efea557c5799674ded6,最小・最大、標準得点、順位への変換などの正規化があります。,本ガイドの基本構成では、最小・最大、標準得点、順位への変換などの正規化があります。,UNFORMALIZED,UNFORMALIZED,concrete_technology_claim,UNCLASSIFIED,4.5.4 (docs/4.質問に合う根拠を探す/4.5.Hybrid retrieval.md:83),SRC-078,UNVERIFIED_CANDIDATE_URL_ONLY,DEFINITION_OR_SPEC,,,,REWRITE_REQUIRED,権威性=候補一次資料のみ; 直接性=locator未確認; 網羅性=未支持atom=none-explicit; 主張極性=DEFINITION_OR_SPECとして再分類; スコープ=PASS_AFTER_CONCRETE_VERSION_OR_EXPERIMENT_SCOPE; モダリティ=PASS_AFTER_CONDITIONAL_OR_REPRODUCTION_WORDING; 教材妥当性=PASS_AFTER_CONCRETE_VERSION_OR_EXPERIMENT_QUALIFIER; 形式化妥当性=FAIL_UNFORMALIZED。「最小・最大、標準得点、順位への変換などの正規化があります。」の候補資料(SRC-078)はURL単位で、節・ページ・表・API見出しを独立に確認できていない。現文のFAIL_UNFORMALIZED、版・実験条件、資料内極性を断定せず、具体的な製品前提・ローカル定義・再現試験へ限定すれば教材内容を保持できる。,,,UNVERIFIED,原文をrevised_sentenceの具体文へ置換する。製品文は利用時点のregion/versionを受入条件へ追加し、研究文は同じ指標・比較条件で再現確認する。事実表現へ戻す場合は直接locatorを再監査する。,,,,,INCONCLUSIVE,NOT_APPLICABLE_UNPROVED,,,codex-independent-wave4,2026-08-15,INDEPENDENT_REVIEW_COMPLETE,PARTIAL_CANDIDATE_SOURCE_ONLY,FAIL_NO_DIRECT_LOCATOR,FAIL_UNFORMALIZED,DEFINITION_OR_SPEC,PASS_AFTER_CONCRETE_VERSION_OR_EXPERIMENT_SCOPE,PASS_AFTER_CONDITIONAL_OR_REPRODUCTION_WORDING,PASS_AFTER_CONCRETE_VERSION_OR_EXPERIMENT_QUALIFIER,FAIL_UNFORMALIZED
SENT-1692,52bebecfb2a435d0e7ff2efea557c5799674ded6,一方、最小・最大による方法や標準得点など、正規化方法が変わっても、重みを調整した後の最大性能はおおむね同等でした。,本ガイドの基本構成では、一方、最小・最大による方法や標準得点など、正規化方法が変わっても、重みを調整した後の最大性能はおおむね同等でした。,UNFORMALIZED,UNFORMALIZED,concrete_technology_claim,UNCLASSIFIED,4.5.4 (docs/4.質問に合う根拠を探す/4.5.Hybrid retrieval.md:86),SRC-078,UNVERIFIED_CANDIDATE_URL_ONLY,DEFINITION_OR_SPEC,,,,REWRITE_REQUIRED,権威性=候補一次資料のみ; 直接性=locator未確認; 網羅性=未支持atom=none-explicit; 主張極性=DEFINITION_OR_SPECとして再分類; スコープ=PASS_AFTER_CONCRETE_VERSION_OR_EXPERIMENT_SCOPE; モダリティ=PASS_AFTER_CONDITIONAL_OR_REPRODUCTION_WORDING; 教材妥当性=PASS_AFTER_CONCRETE_VERSION_OR_EXPERIMENT_QUALIFIER; 形式化妥当性=FAIL_UNFORMALIZED。「一方、最小・最大による方法や標準得点など、正規化方法が変わっても、重みを調整した後の最大性能はおおむね同等でした。」の候補資料(SRC-078)はURL単位で、節・ページ・表・API見出しを独立に確認できていない。現文のFAIL_UNFORMALIZED、版・実験条件、資料内極性を断定せず、具体的な製品前提・ローカル定義・再現試験へ限定すれば教材内容を保持できる。,,,UNVERIFIED,原文をrevised_sentenceの具体文へ置換する。製品文は利用時点のregion/versionを受入条件へ追加し、研究文は同じ指標・比較条件で再現確認する。事実表現へ戻す場合は直接locatorを再監査する。,,,,,INCONCLUSIVE,NOT_APPLICABLE_UNPROVED,,,codex-independent-wave4,2026-08-15,INDEPENDENT_REVIEW_COMPLETE,PARTIAL_CANDIDATE_SOURCE_ONLY,FAIL_NO_DIRECT_LOCATOR,FAIL_UNFORMALIZED,DEFINITION_OR_SPEC,PASS_AFTER_CONCRETE_VERSION_OR_EXPERIMENT_SCOPE,PASS_AFTER_CONDITIONAL_OR_REPRODUCTION_WORDING,PASS_AFTER_CONCRETE_VERSION_OR_EXPERIMENT_QUALIFIER,FAIL_UNFORMALIZED
SENT-1693,52bebecfb2a435d0e7ff2efea557c5799674ded6,また、RRFは設定値によって性能が大きく変わりました。,本ガイドの基本構成では、また、RRFは設定値によって性能が大きく変わりました。,UNFORMALIZED,UNFORMALIZED,concrete_technology_claim,UNCLASSIFIED,4.5.4 (docs/4.質問に合う根拠を探す/4.5.Hybrid retrieval.md:87),SRC-064,UNVERIFIED_CANDIDATE_URL_ONLY,DEFINITION_OR_SPEC,,,,REWRITE_REQUIRED,権威性=候補一次資料のみ; 直接性=locator未確認; 網羅性=未支持atom=none-explicit; 主張極性=DEFINITION_OR_SPECとして再分類; スコープ=PASS_AFTER_CONCRETE_VERSION_OR_EXPERIMENT_SCOPE; モダリティ=PASS_AFTER_CONDITIONAL_OR_REPRODUCTION_WORDING; 教材妥当性=PASS_AFTER_CONCRETE_VERSION_OR_EXPERIMENT_QUALIFIER; 形式化妥当性=FAIL_UNFORMALIZED。「また、RRFは設定値によって性能が大きく変わりました。」の候補資料(SRC-064)はURL単位で、節・ページ・表・API見出しを独立に確認できていない。現文のFAIL_UNFORMALIZED、版・実験条件、資料内極性を断定せず、具体的な製品前提・ローカル定義・再現試験へ限定すれば教材内容を保持できる。,,,UNVERIFIED,原文をrevised_sentenceの具体文へ置換する。製品文は利用時点のregion/versionを受入条件へ追加し、研究文は同じ指標・比較条件で再現確認する。事実表現へ戻す場合は直接locatorを再監査する。,,,,,INCONCLUSIVE,NOT_APPLICABLE_UNPROVED,,,codex-independent-wave4,2026-08-15,INDEPENDENT_REVIEW_COMPLETE,PARTIAL_CANDIDATE_SOURCE_ONLY,FAIL_NO_DIRECT_LOCATOR,FAIL_UNFORMALIZED,DEFINITION_OR_SPEC,PASS_AFTER_CONCRETE_VERSION_OR_EXPERIMENT_SCOPE,PASS_AFTER_CONDITIONAL_OR_REPRODUCTION_WORDING,PASS_AFTER_CONCRETE_VERSION_OR_EXPERIMENT_QUALIFIER,FAIL_UNFORMALIZED
SENT-1697,52bebecfb2a435d0e7ff2efea557c5799674ded6,型番・条文番号は疎検索、説明的な自然文は密検索へ比重を置きます。,本ガイドの基本構成では、型番・条文番号は疎検索、説明的な自然文は密検索へ比重を置きます。,"AND(AND(ATOM(sparse=true), ATOM(dense=true)), ATOM(retrieval=true))",AND,general_technical_claim,UNCLASSIFIED,4.5.4 (docs/4.質問に合う根拠を探す/4.5.Hybrid retrieval.md:93),SRC-078,UNVERIFIED_CANDIDATE_URL_ONLY,BACKGROUND_CITATION,retrieval=true,dense=true;sparse=true,,REWRITE_REQUIRED,権威性=候補一次資料のみ; 直接性=locator未確認; 網羅性=未支持atom=dense=true;sparse=true; 主張極性=BACKGROUND_CITATIONとして再分類; スコープ=PASS_AFTER_TEST_SCOPE_QUALIFICATION; モダリティ=PASS_AFTER_HYPOTHESIS_QUALIFIER; 教材妥当性=PASS_AS_EXPLICIT_TESTABLE_HYPOTHESIS; 形式化妥当性=FAIL_UNSUPPORTED_ATOMS:dense=true;sparse=true。「型番・条文番号は疎検索、説明的な自然文は密検索へ比重を置きます。」は候補資料(SRC-078)に直接locatorがなく、一般的事実としてはFAIL_UNSUPPORTED_ATOMS:dense=true;sparse=trueが残る。原文の対象と作用を維持したまま、本ガイドの構成または対象データでの検証へスコープを限定すれば教材上の検討事項を保持できる。,,,UNVERIFIED,原文をrevised_sentenceへ置換し、対象データ、比較条件、観測指標、合否閾値を同じ節に追記する。検証後に限り事実表現へ戻し、意味を保存して再形式化する。,,,,,INCONCLUSIVE,NOT_APPLICABLE_UNPROVED,,,codex-independent-wave4,2026-08-15,INDEPENDENT_REVIEW_COMPLETE,PARTIAL_CANDIDATE_SOURCE_ONLY,FAIL_NO_DIRECT_LOCATOR,FAIL_UNSUPPORTED_ATOMS:dense=true;sparse=true,BACKGROUND_CITATION,PASS_AFTER_TEST_SCOPE_QUALIFICATION,PASS_AFTER_HYPOTHESIS_QUALIFIER,PASS_AS_EXPLICIT_TESTABLE_HYPOTHESIS,FAIL_UNSUPPORTED_ATOMS:dense=true;sparse=true
SENT-1700,52bebecfb2a435d0e7ff2efea557c5799674ded6,確信が低い場合は、方式を一つに絞らず、事前に定めたRRFへ戻すなどの代替経路を使います。,本ガイドの基本構成では、確信が低い場合は、方式を一つに絞らず、事前に定めたRRFへ戻すなどの代替経路を使います。,UNFORMALIZED,UNFORMALIZED,concrete_technology_claim,UNCLASSIFIED,4.5.4 (docs/4.質問に合う根拠を探す/4.5.Hybrid retrieval.md:97),SRC-064,UNVERIFIED_CANDIDATE_URL_ONLY,DEFINITION_OR_SPEC,,,,REWRITE_REQUIRED,権威性=候補一次資料のみ; 直接性=locator未確認; 網羅性=未支持atom=none-explicit; 主張極性=DEFINITION_OR_SPECとして再分類; スコープ=PASS_AFTER_CONCRETE_VERSION_OR_EXPERIMENT_SCOPE; モダリティ=PASS_AFTER_CONDITIONAL_OR_REPRODUCTION_WORDING; 教材妥当性=PASS_AFTER_CONCRETE_VERSION_OR_EXPERIMENT_QUALIFIER; 形式化妥当性=FAIL_UNFORMALIZED。「確信が低い場合は、方式を一つに絞らず、事前に定めたRRFへ戻すなどの代替経路を使います。」の候補資料(SRC-064)はURL単位で、節・ページ・表・API見出しを独立に確認できていない。現文のFAIL_UNFORMALIZED、版・実験条件、資料内極性を断定せず、具体的な製品前提・ローカル定義・再現試験へ限定すれば教材内容を保持できる。,,,UNVERIFIED,原文をrevised_sentenceの具体文へ置換する。製品文は利用時点のregion/versionを受入条件へ追加し、研究文は同じ指標・比較条件で再現確認する。事実表現へ戻す場合は直接locatorを再監査する。,,,,,INCONCLUSIVE,NOT_APPLICABLE_UNPROVED,,,codex-independent-wave4,2026-08-15,INDEPENDENT_REVIEW_COMPLETE,PARTIAL_CANDIDATE_SOURCE_ONLY,FAIL_NO_DIRECT_LOCATOR,FAIL_UNFORMALIZED,DEFINITION_OR_SPEC,PASS_AFTER_CONCRETE_VERSION_OR_EXPERIMENT_SCOPE,PASS_AFTER_CONDITIONAL_OR_REPRODUCTION_WORDING,PASS_AFTER_CONCRETE_VERSION_OR_EXPERIMENT_QUALIFIER,FAIL_UNFORMALIZED
SENT-1705,52bebecfb2a435d0e7ff2efea557c5799674ded6,検索文ごとに疎検索と密検索を統合し、その後に検索文間を候補上限付きで統合するなど、順序を定めます。,検索文ごとに疎検索と密検索を統合し、その後に検索文間を候補上限付きで統合するなど、順序を定めます。,"AND(AND(ATOM(sparse=true), ATOM(dense=true)), ATOM(retrieval=true))",AND,general_technical_claim,UNCLASSIFIED,4.5.5 (docs/4.質問に合う根拠を探す/4.5.Hybrid retrieval.md:107),SRC-005;SRC-066;SRC-077;SRC-078,NOT_APPLICABLE_LOCAL_NORM,HYPOTHESIS,retrieval=true;sparse=true,dense=true,,APPROPRIATE_NORMATIVE,権威性=候補一次資料のみ; 直接性=locator未確認; 網羅性=未支持atom=dense=true; 主張極性=HYPOTHESISとして再分類; スコープ=PASS_LOCAL_DESIGN_POLICY; モダリティ=PASS_AS_DISCLOSED_NORMATIVE_RULE; 教材妥当性=PASS_AFTER_EXPLICIT_CRITERIA_AND_EXCEPTION; 形式化妥当性=FAIL_UNSUPPORTED_ATOMS:dense=true。「検索文ごとに疎検索と密検索を統合し、その後に検索文間を候補上限付きで統合するなど、順序を定めます。」は外的真偽の断定ではなく、対象・処理・判断を特定した設計・運用上の選択規則として読める。ただし候補資料(SRC-005;SRC-066;SRC-077;SRC-078)はURL単位で、直接locatorは未確認。規範の判断基準と例外を明示すれば教材として採用できる。形式面ではFAIL_UNSUPPORTED_ATOMS:dense=trueを別途解消する必要がある。,対象要件、適用条件、観測可能な受入基準、担当、失敗時の処理を明示すること,適用条件を満たさない場合は単純な経路または回答保留へ戻し、例外理由と期限を記録する,NOT_APPLICABLE,本文は維持し、節内に判断基準「対象要件、適用条件、観測可能な受入基準、担当、失敗時の処理を明示すること」と例外「適用条件を満たさない場合は単純な経路または回答保留へ戻し、例外理由と期限を記録する」を明記する。経験的な効果保証とは分離し、意味を保存して再形式化する。,,,,,INCONCLUSIVE,NOT_APPLICABLE_UNPROVED,,,codex-independent-wave4,2026-08-15,INDEPENDENT_REVIEW_COMPLETE,PARTIAL_CANDIDATE_SOURCE_ONLY,FAIL_NO_DIRECT_LOCATOR,FAIL_UNSUPPORTED_ATOMS:dense=true,HYPOTHESIS,PASS_LOCAL_DESIGN_POLICY,PASS_AS_DISCLOSED_NORMATIVE_RULE,PASS_AFTER_EXPLICIT_CRITERIA_AND_EXCEPTION,FAIL_UNSUPPORTED_ATOMS:dense=true
SENT-1708,52bebecfb2a435d0e7ff2efea557c5799674ded6,候補には発見元の検索文と検索器を結び付け、正解根拠を追加しない検索経路を評価で削除します。,候補には発見元の検索文と検索器を結び付け、正解根拠を追加しない検索経路を評価で削除します。,"NOT(AND(AND(AND(ATOM(incremental_updates=true), ATOM(retrieval=true)), ATOM(evidence_support=true)), ATOM(evaluation=true)))",NOT,general_technical_claim,ない,4.5.5 (docs/4.質問に合う根拠を探す/4.5.Hybrid retrieval.md:111),SRC-005;SRC-066;SRC-077;SRC-078,NOT_APPLICABLE_LOCAL_NORM,HYPOTHESIS,evaluation=true;evidence_support=true;retrieval=true,incremental_updates=true,NOT,APPROPRIATE_NORMATIVE,権威性=候補一次資料のみ; 直接性=locator未確認; 網羅性=関係NOT自体の根拠未確認; 主張極性=HYPOTHESISとして再分類; スコープ=PASS_LOCAL_DESIGN_POLICY; モダリティ=PASS_AS_DISCLOSED_NORMATIVE_RULE; 教材妥当性=PASS_AFTER_EXPLICIT_CRITERIA_AND_EXCEPTION; 形式化妥当性=FAIL_RELATION_NOT。「候補には発見元の検索文と検索器を結び付け、正解根拠を追加しない検索経路を評価で削除します。」は外的真偽の断定ではなく、対象・処理・判断を特定した設計・運用上の選択規則として読める。ただし候補資料(SRC-005;SRC-066;SRC-077;SRC-078)はURL単位で、直接locatorは未確認。規範の判断基準と例外を明示すれば教材として採用できる。形式面ではFAIL_RELATION_NOTを別途解消する必要がある。,最小権限を維持し、認可前後の候補、拒否理由、漏えい試験を観測可能にすること,法令・契約・組織方針がより厳しい場合はその基準を優先し、緊急例外も期限と事後監査を必須とする,NOT_APPLICABLE,本文は維持し、節内に判断基準「最小権限を維持し、認可前後の候補、拒否理由、漏えい試験を観測可能にすること」と例外「法令・契約・組織方針がより厳しい場合はその基準を優先し、緊急例外も期限と事後監査を必須とする」を明記する。経験的な効果保証とは分離し、意味を保存して再形式化する。,,,,,INCONCLUSIVE,NOT_APPLICABLE_UNPROVED,,,codex-independent-wave4,2026-08-15,INDEPENDENT_REVIEW_COMPLETE,PARTIAL_CANDIDATE_SOURCE_ONLY,FAIL_NO_DIRECT_LOCATOR,FAIL_RELATION_NOT,HYPOTHESIS,PASS_LOCAL_DESIGN_POLICY,PASS_AS_DISCLOSED_NORMATIVE_RULE,PASS_AFTER_EXPLICIT_CRITERIA_AND_EXCEPTION,FAIL_RELATION_NOT
SENT-1709,52bebecfb2a435d0e7ff2efea557c5799674ded6,順位統合は、複数の順位一覧を一つにまとめます。,本ガイドの基本構成では、順位統合は、複数の順位一覧を一つにまとめます。,UNFORMALIZED,UNFORMALIZED,general_technical_claim,UNCLASSIFIED,4.5.6 (docs/4.質問に合う根拠を探す/4.5.Hybrid retrieval.md:115),SRC-002;SRC-005;SRC-042;SRC-043;SRC-044,UNVERIFIED_CANDIDATE_URL_ONLY,BACKGROUND_CITATION,,,,REWRITE_REQUIRED,権威性=候補一次資料のみ; 直接性=locator未確認; 網羅性=未支持atom=none-explicit; 主張極性=BACKGROUND_CITATIONとして再分類; スコープ=PASS_AFTER_TEST_SCOPE_QUALIFICATION; モダリティ=PASS_AFTER_HYPOTHESIS_QUALIFIER; 教材妥当性=PASS_AS_EXPLICIT_TESTABLE_HYPOTHESIS; 形式化妥当性=FAIL_UNFORMALIZED。「順位統合は、複数の順位一覧を一つにまとめます。」は候補資料(SRC-002;SRC-005;SRC-042;SRC-043;SRC-044)に直接locatorがなく、一般的事実としてはFAIL_UNFORMALIZEDが残る。原文の対象と作用を維持したまま、本ガイドの構成または対象データでの検証へスコープを限定すれば教材上の検討事項を保持できる。,,,UNVERIFIED,原文をrevised_sentenceへ置換し、対象データ、比較条件、観測指標、合否閾値を同じ節に追記する。検証後に限り事実表現へ戻し、意味を保存して再形式化する。,,,,,INCONCLUSIVE,NOT_APPLICABLE_UNPROVED,,,codex-independent-wave4,2026-08-15,INDEPENDENT_REVIEW_COMPLETE,PARTIAL_CANDIDATE_SOURCE_ONLY,FAIL_NO_DIRECT_LOCATOR,FAIL_UNFORMALIZED,BACKGROUND_CITATION,PASS_AFTER_TEST_SCOPE_QUALIFICATION,PASS_AFTER_HYPOTHESIS_QUALIFIER,PASS_AS_EXPLICIT_TESTABLE_HYPOTHESIS,FAIL_UNFORMALIZED
SENT-1712,52bebecfb2a435d0e7ff2efea557c5799674ded6,最初に疎検索と密検索で必要な根拠を拾い、順位統合後の数十件を再順位付けして、LLMへ渡す数件へ絞る構成が候補です。,本ガイドの基本構成では、最初に疎検索と密検索で必要な根拠を拾い、順位統合後の数十件を再順位付けして、LLMへ渡す数件へ絞る構成が候補です。,"AND(AND(AND(AND(ATOM(sparse=true), ATOM(dense=true)), ATOM(rerank=true)), ATOM(retrieval=true)), ATOM(evidence_support=true))",AND,general_technical_claim,必要,4.5.6 (docs/4.質問に合う根拠を探す/4.5.Hybrid retrieval.md:119),SRC-005;SRC-066;SRC-077;SRC-078,UNVERIFIED_CANDIDATE_URL_ONLY,BACKGROUND_CITATION,evidence_support=true;rerank=true;retrieval=true;sparse=true,dense=true,,REWRITE_REQUIRED,権威性=候補一次資料のみ; 直接性=locator未確認; 網羅性=未支持atom=dense=true; 主張極性=BACKGROUND_CITATIONとして再分類; スコープ=PASS_AFTER_TEST_SCOPE_QUALIFICATION; モダリティ=PASS_AFTER_HYPOTHESIS_QUALIFIER; 教材妥当性=PASS_AS_EXPLICIT_TESTABLE_HYPOTHESIS; 形式化妥当性=FAIL_UNSUPPORTED_ATOMS:dense=true。「最初に疎検索と密検索で必要な根拠を拾い、順位統合後の数十件を再順位付けして、LLMへ渡す数件へ絞る構成が候補です。」は候補資料(SRC-005;SRC-066;SRC-077;SRC-078)に直接locatorがなく、一般的事実としてはFAIL_UNSUPPORTED_ATOMS:dense=trueが残る。原文の対象と作用を維持したまま、本ガイドの構成または対象データでの検証へスコープを限定すれば教材上の検討事項を保持できる。,,,UNVERIFIED,原文をrevised_sentenceへ置換し、対象データ、比較条件、観測指標、合否閾値を同じ節に追記する。検証後に限り事実表現へ戻し、意味を保存して再形式化する。,,,,,INCONCLUSIVE,NOT_APPLICABLE_UNPROVED,,,codex-independent-wave4,2026-08-15,INDEPENDENT_REVIEW_COMPLETE,PARTIAL_CANDIDATE_SOURCE_ONLY,FAIL_NO_DIRECT_LOCATOR,FAIL_UNSUPPORTED_ATOMS:dense=true,BACKGROUND_CITATION,PASS_AFTER_TEST_SCOPE_QUALIFICATION,PASS_AFTER_HYPOTHESIS_QUALIFIER,PASS_AS_EXPLICIT_TESTABLE_HYPOTHESIS,FAIL_UNSUPPORTED_ATOMS:dense=true
SENT-1714,52bebecfb2a435d0e7ff2efea557c5799674ded6,アクセス制御リスト（Access Control List：ACL）の判定を再順位付け器のスコアへ委ねません。,アクセス制御リスト（Access Control List：ACL）の判定を再順位付け器のスコアへ委ねません。,"NOT(AND(ATOM(rerank=true), ATOM(authorization=true)))",NOT,general_technical_claim,ません,4.5.6 (docs/4.質問に合う根拠を探す/4.5.Hybrid retrieval.md:122),SRC-066;SRC-077,NOT_APPLICABLE_LOCAL_NORM,HYPOTHESIS,rerank=true,authorization=true,NOT,APPROPRIATE_NORMATIVE,権威性=候補一次資料のみ; 直接性=locator未確認; 網羅性=関係NOT自体の根拠未確認; 主張極性=HYPOTHESISとして再分類; スコープ=PASS_LOCAL_DESIGN_POLICY; モダリティ=PASS_AS_DISCLOSED_NORMATIVE_RULE; 教材妥当性=PASS_AFTER_EXPLICIT_CRITERIA_AND_EXCEPTION; 形式化妥当性=FAIL_RELATION_NOT。「アクセス制御リスト（Access Control List：ACL）の判定を再順位付け器のスコアへ委ねません。」は外的真偽の断定ではなく、対象・処理・判断を特定した設計・運用上の選択規則として読める。ただし候補資料(SRC-066;SRC-077)はURL単位で、直接locatorは未確認。規範の判断基準と例外を明示すれば教材として採用できる。形式面ではFAIL_RELATION_NOTを別途解消する必要がある。,最小権限を維持し、認可前後の候補、拒否理由、漏えい試験を観測可能にすること,法令・契約・組織方針がより厳しい場合はその基準を優先し、緊急例外も期限と事後監査を必須とする,NOT_APPLICABLE,本文は維持し、節内に判断基準「最小権限を維持し、認可前後の候補、拒否理由、漏えい試験を観測可能にすること」と例外「法令・契約・組織方針がより厳しい場合はその基準を優先し、緊急例外も期限と事後監査を必須とする」を明記する。経験的な効果保証とは分離し、意味を保存して再形式化する。,,,,,INCONCLUSIVE,NOT_APPLICABLE_UNPROVED,,,codex-independent-wave4,2026-08-15,INDEPENDENT_REVIEW_COMPLETE,PARTIAL_CANDIDATE_SOURCE_ONLY,FAIL_NO_DIRECT_LOCATOR,FAIL_RELATION_NOT,HYPOTHESIS,PASS_LOCAL_DESIGN_POLICY,PASS_AS_DISCLOSED_NORMATIVE_RULE,PASS_AFTER_EXPLICIT_CRITERIA_AND_EXCEPTION,FAIL_RELATION_NOT
SENT-1715,52bebecfb2a435d0e7ff2efea557c5799674ded6,再順位付け器が時間内に終わらない場合は、認可済みの統合順位へ戻すか、回答を保留します。,再順位付け器が時間内に終わらない場合は、認可済みの統合順位へ戻すか、回答を保留します。,"NOT(AND(AND(AND(ATOM(rerank=true), ATOM(generation=true)), ATOM(temporal_freshness=true)), ATOM(authorization=true)))",NOT,general_technical_claim,ない,4.5.6 (docs/4.質問に合う根拠を探す/4.5.Hybrid retrieval.md:123),SRC-066;SRC-077,NOT_APPLICABLE_LOCAL_NORM,HYPOTHESIS,rerank=true,authorization=true;generation=true;temporal_freshness=true,NOT,APPROPRIATE_NORMATIVE,権威性=候補一次資料のみ; 直接性=locator未確認; 網羅性=関係NOT自体の根拠未確認; 主張極性=HYPOTHESISとして再分類; スコープ=PASS_LOCAL_DESIGN_POLICY; モダリティ=PASS_AS_DISCLOSED_NORMATIVE_RULE; 教材妥当性=PASS_AFTER_EXPLICIT_CRITERIA_AND_EXCEPTION; 形式化妥当性=FAIL_RELATION_NOT。「再順位付け器が時間内に終わらない場合は、認可済みの統合順位へ戻すか、回答を保留します。」は外的真偽の断定ではなく、対象・処理・判断を特定した設計・運用上の選択規則として読める。ただし候補資料(SRC-066;SRC-077)はURL単位で、直接locatorは未確認。規範の判断基準と例外を明示すれば教材として採用できる。形式面ではFAIL_RELATION_NOTを別途解消する必要がある。,最小権限を維持し、認可前後の候補、拒否理由、漏えい試験を観測可能にすること,法令・契約・組織方針がより厳しい場合はその基準を優先し、緊急例外も期限と事後監査を必須とする,NOT_APPLICABLE,本文は維持し、節内に判断基準「最小権限を維持し、認可前後の候補、拒否理由、漏えい試験を観測可能にすること」と例外「法令・契約・組織方針がより厳しい場合はその基準を優先し、緊急例外も期限と事後監査を必須とする」を明記する。経験的な効果保証とは分離し、意味を保存して再形式化する。,,,,,INCONCLUSIVE,NOT_APPLICABLE_UNPROVED,,,codex-independent-wave4,2026-08-15,INDEPENDENT_REVIEW_COMPLETE,PARTIAL_CANDIDATE_SOURCE_ONLY,FAIL_NO_DIRECT_LOCATOR,FAIL_RELATION_NOT,HYPOTHESIS,PASS_LOCAL_DESIGN_POLICY,PASS_AS_DISCLOSED_NORMATIVE_RULE,PASS_AFTER_EXPLICIT_CRITERIA_AND_EXCEPTION,FAIL_RELATION_NOT
SENT-1723,52bebecfb2a435d0e7ff2efea557c5799674ded6,フィルターによって候補集合が小さくなると、近似最近傍（Approximate Nearest Neighbor：ANN）検索で必要な候補を拾いにくくなる場合があります。,フィルターによって候補集合が小さくなると、近似最近傍（Approximate Nearest Neighbor：ANN）検索で必要な候補を拾いにくくなる場合を想定し、その発生条件と影響を対象データで確認します。,UNFORMALIZED,UNFORMALIZED,general_technical_claim,必要;場合があります,4.6.1 (docs/4.質問に合う根拠を探す/4.6.Retrieval-time filtering.md:14),SRC-002;SRC-005;SRC-042;SRC-043;SRC-044,UNVERIFIED_CANDIDATE_URL_ONLY,BACKGROUND_CITATION,,,,REWRITE_REQUIRED,権威性=候補一次資料のみ; 直接性=locator未確認; 網羅性=未支持atom=none-explicit; 主張極性=BACKGROUND_CITATIONとして再分類; スコープ=PASS_AFTER_TEST_SCOPE_QUALIFICATION; モダリティ=PASS_AFTER_HYPOTHESIS_QUALIFIER; 教材妥当性=PASS_AS_EXPLICIT_TESTABLE_HYPOTHESIS; 形式化妥当性=FAIL_UNFORMALIZED。「フィルターによって候補集合が小さくなると、近似最近傍（Approximate Nearest Neighbor：ANN）検索で必要な候補を拾いにくくなる場合があ」は候補資料(SRC-002;SRC-005;SRC-042;SRC-043;SRC-044)に直接locatorがなく、一般的事実としてはFAIL_UNFORMALIZEDが残る。原文の対象と作用を維持したまま、本ガイドの構成または対象データでの検証へスコープを限定すれば教材上の検討事項を保持できる。,,,UNVERIFIED,原文をrevised_sentenceへ置換し、対象データ、比較条件、観測指標、合否閾値を同じ節に追記する。検証後に限り事実表現へ戻し、意味を保存して再形式化する。,,,,,INCONCLUSIVE,NOT_APPLICABLE_UNPROVED,,,codex-independent-wave4,2026-08-15,INDEPENDENT_REVIEW_COMPLETE,PARTIAL_CANDIDATE_SOURCE_ONLY,FAIL_NO_DIRECT_LOCATOR,FAIL_UNFORMALIZED,BACKGROUND_CITATION,PASS_AFTER_TEST_SCOPE_QUALIFICATION,PASS_AFTER_HYPOTHESIS_QUALIFIER,PASS_AS_EXPLICIT_TESTABLE_HYPOTHESIS,FAIL_UNFORMALIZED
SENT-1724,52bebecfb2a435d0e7ff2efea557c5799674ded6,権限を緩めず、検索深度、条件に対応したANN検索、インデックス分割などの性能対策を検討します。,本ガイドの基本構成では、権限を緩めず、検索深度、条件に対応したANN検索、インデックス分割などの性能対策を検討します。,"AND(ATOM(retrieval=true), ATOM(authorization=true))",AND,general_technical_claim,UNCLASSIFIED,4.6.1 (docs/4.質問に合う根拠を探す/4.6.Retrieval-time filtering.md:15),SRC-005;SRC-047;SRC-049;SRC-050,UNVERIFIED_CANDIDATE_URL_ONLY,BACKGROUND_CITATION,retrieval=true,authorization=true,,REWRITE_REQUIRED,権威性=候補一次資料のみ; 直接性=locator未確認; 網羅性=未支持atom=authorization=true; 主張極性=BACKGROUND_CITATIONとして再分類; スコープ=PASS_AFTER_TEST_SCOPE_QUALIFICATION; モダリティ=PASS_AFTER_HYPOTHESIS_QUALIFIER; 教材妥当性=PASS_AS_EXPLICIT_TESTABLE_HYPOTHESIS; 形式化妥当性=FAIL_UNSUPPORTED_ATOMS:authorization=true。「権限を緩めず、検索深度、条件に対応したANN検索、インデックス分割などの性能対策を検討します。」は候補資料(SRC-005;SRC-047;SRC-049;SRC-050)に直接locatorがなく、一般的事実としてはFAIL_UNSUPPORTED_ATOMS:authorization=trueが残る。原文の対象と作用を維持したまま、本ガイドの構成または対象データでの検証へスコープを限定すれば教材上の検討事項を保持できる。,,,UNVERIFIED,原文をrevised_sentenceへ置換し、対象データ、比較条件、観測指標、合否閾値を同じ節に追記する。検証後に限り事実表現へ戻し、意味を保存して再形式化する。,,,,,INCONCLUSIVE,NOT_APPLICABLE_UNPROVED,,,codex-independent-wave4,2026-08-15,INDEPENDENT_REVIEW_COMPLETE,PARTIAL_CANDIDATE_SOURCE_ONLY,FAIL_NO_DIRECT_LOCATOR,FAIL_UNSUPPORTED_ATOMS:authorization=true,BACKGROUND_CITATION,PASS_AFTER_TEST_SCOPE_QUALIFICATION,PASS_AFTER_HYPOTHESIS_QUALIFIER,PASS_AS_EXPLICIT_TESTABLE_HYPOTHESIS,FAIL_UNSUPPORTED_ATOMS:authorization=true
SENT-1728,52bebecfb2a435d0e7ff2efea557c5799674ded6,BM25やベクトル類似度が高くても境界を越えさせません。,本ガイドの基本構成では、BM25やベクトル類似度が高くても境界を越えさせません。,UNFORMALIZED,UNFORMALIZED,concrete_technology_claim,ません,4.6.1 (docs/4.質問に合う根拠を探す/4.6.Retrieval-time filtering.md:20),SRC-005,UNVERIFIED_CANDIDATE_URL_ONLY,DEFINITION_OR_SPEC,,,,REWRITE_REQUIRED,権威性=候補一次資料のみ; 直接性=locator未確認; 網羅性=未支持atom=none-explicit; 主張極性=DEFINITION_OR_SPECとして再分類; スコープ=PASS_AFTER_CONCRETE_VERSION_OR_EXPERIMENT_SCOPE; モダリティ=PASS_AFTER_CONDITIONAL_OR_REPRODUCTION_WORDING; 教材妥当性=PASS_AFTER_CONCRETE_VERSION_OR_EXPERIMENT_QUALIFIER; 形式化妥当性=FAIL_UNFORMALIZED。「BM25やベクトル類似度が高くても境界を越えさせません。」の候補資料(SRC-005)はURL単位で、節・ページ・表・API見出しを独立に確認できていない。現文のFAIL_UNFORMALIZED、版・実験条件、資料内極性を断定せず、具体的な製品前提・ローカル定義・再現試験へ限定すれば教材内容を保持できる。,,,UNVERIFIED,原文をrevised_sentenceの具体文へ置換する。製品文は利用時点のregion/versionを受入条件へ追加し、研究文は同じ指標・比較条件で再現確認する。事実表現へ戻す場合は直接locatorを再監査する。,,,,,INCONCLUSIVE,NOT_APPLICABLE_UNPROVED,,,codex-independent-wave4,2026-08-15,INDEPENDENT_REVIEW_COMPLETE,PARTIAL_CANDIDATE_SOURCE_ONLY,FAIL_NO_DIRECT_LOCATOR,FAIL_UNFORMALIZED,DEFINITION_OR_SPEC,PASS_AFTER_CONCRETE_VERSION_OR_EXPERIMENT_SCOPE,PASS_AFTER_CONDITIONAL_OR_REPRODUCTION_WORDING,PASS_AFTER_CONCRETE_VERSION_OR_EXPERIMENT_QUALIFIER,FAIL_UNFORMALIZED
SENT-1729,52bebecfb2a435d0e7ff2efea557c5799674ded6,条件付き近似最近傍（Approximate Nearest Neighbor：ANN）検索は、認可済み候補を効率的に探索するために利用できますが、認可方針そのものを決めません。,本ガイドの基本構成では、条件付き近似最近傍（Approximate Nearest Neighbor：ANN）検索は、認可済み候補を効率的に探索するために利用できますが、認可方針そのものを決めません。,"NOT(AND(AND(ATOM(ann=true), ATOM(retrieval=true)), ATOM(authorization=true)))",NOT,general_technical_claim,できます;ません,4.6.1 (docs/4.質問に合う根拠を探す/4.6.Retrieval-time filtering.md:22),SRC-047;SRC-049;SRC-050;SRC-005,UNVERIFIED_CANDIDATE_URL_ONLY,BACKGROUND_CITATION,ann=true;retrieval=true,authorization=true,NOT,REWRITE_REQUIRED,権威性=候補一次資料のみ; 直接性=locator未確認; 網羅性=関係NOT自体の根拠未確認; 主張極性=BACKGROUND_CITATIONとして再分類; スコープ=PASS_AFTER_TEST_SCOPE_QUALIFICATION; モダリティ=PASS_AFTER_HYPOTHESIS_QUALIFIER; 教材妥当性=PASS_AS_EXPLICIT_TESTABLE_HYPOTHESIS; 形式化妥当性=FAIL_RELATION_NOT。「条件付き近似最近傍（Approximate Nearest Neighbor：ANN）検索は、認可済み候補を効率的に探索するために利用できますが、認可方針そのも」は候補資料(SRC-047;SRC-049;SRC-050;SRC-005)に直接locatorがなく、一般的事実としてはFAIL_RELATION_NOTが残る。原文の対象と作用を維持したまま、本ガイドの構成または対象データでの検証へスコープを限定すれば教材上の検討事項を保持できる。,,,UNVERIFIED,原文をrevised_sentenceへ置換し、対象データ、比較条件、観測指標、合否閾値を同じ節に追記する。検証後に限り事実表現へ戻し、意味を保存して再形式化する。,,,,,INCONCLUSIVE,NOT_APPLICABLE_UNPROVED,,,codex-independent-wave4,2026-08-15,INDEPENDENT_REVIEW_COMPLETE,PARTIAL_CANDIDATE_SOURCE_ONLY,FAIL_NO_DIRECT_LOCATOR,FAIL_RELATION_NOT,BACKGROUND_CITATION,PASS_AFTER_TEST_SCOPE_QUALIFICATION,PASS_AFTER_HYPOTHESIS_QUALIFIER,PASS_AS_EXPLICIT_TESTABLE_HYPOTHESIS,FAIL_RELATION_NOT
SENT-1730,52bebecfb2a435d0e7ff2efea557c5799674ded6,認可サービスの結果を各検索器へ渡します。,本ガイドの基本構成では、認可サービスの結果を各検索器へ渡します。,"AND(AND(ATOM(retrieval=true), ATOM(authorization=true)), ATOM(empirical_result=true))",AND,general_technical_claim,UNCLASSIFIED,4.6.1 (docs/4.質問に合う根拠を探す/4.6.Retrieval-time filtering.md:23),SRC-047;SRC-049;SRC-050;SRC-005,UNVERIFIED_CANDIDATE_URL_ONLY,EMPIRICAL_RESULT,empirical_result=true;retrieval=true,authorization=true,,REWRITE_REQUIRED,権威性=候補一次資料のみ; 直接性=locator未確認; 網羅性=未支持atom=authorization=true; 主張極性=EMPIRICAL_RESULTとして再分類; スコープ=PASS_AFTER_TEST_SCOPE_QUALIFICATION; モダリティ=PASS_AFTER_HYPOTHESIS_QUALIFIER; 教材妥当性=PASS_AS_EXPLICIT_TESTABLE_HYPOTHESIS; 形式化妥当性=FAIL_UNSUPPORTED_ATOMS:authorization=true。「認可サービスの結果を各検索器へ渡します。」は候補資料(SRC-047;SRC-049;SRC-050;SRC-005)に直接locatorがなく、一般的事実としてはFAIL_UNSUPPORTED_ATOMS:authorization=trueが残る。原文の対象と作用を維持したまま、本ガイドの構成または対象データでの検証へスコープを限定すれば教材上の検討事項を保持できる。,,,UNVERIFIED,原文をrevised_sentenceへ置換し、対象データ、比較条件、観測指標、合否閾値を同じ節に追記する。検証後に限り事実表現へ戻し、意味を保存して再形式化する。,,,,,INCONCLUSIVE,NOT_APPLICABLE_UNPROVED,,,codex-independent-wave4,2026-08-15,INDEPENDENT_REVIEW_COMPLETE,PARTIAL_CANDIDATE_SOURCE_ONLY,FAIL_NO_DIRECT_LOCATOR,FAIL_UNSUPPORTED_ATOMS:authorization=true,EMPIRICAL_RESULT,PASS_AFTER_TEST_SCOPE_QUALIFICATION,PASS_AFTER_HYPOTHESIS_QUALIFIER,PASS_AS_EXPLICIT_TESTABLE_HYPOTHESIS,FAIL_UNSUPPORTED_ATOMS:authorization=true
SENT-1735,52bebecfb2a435d0e7ff2efea557c5799674ded6,製品、地域、文書種別は、利用者が明示した場合は必須フィルター、推定した場合は順位調整条件にできます。,製品、地域、文書種別は、利用者が明示した場合は必須フィルター、推定した場合は順位調整条件にできるかを、対象データと固定した比較条件で検証します。,UNFORMALIZED,UNFORMALIZED,empirical_or_research_claim,できます,4.6.2 (docs/4.質問に合う根拠を探す/4.6.Retrieval-time filtering.md:32),SRC-002;SRC-005;SRC-042;SRC-043;SRC-044,UNVERIFIED_CANDIDATE_URL_ONLY,EMPIRICAL_RESULT,,,,REWRITE_REQUIRED,権威性=候補一次資料のみ; 直接性=locator未確認; 網羅性=未支持atom=none-explicit; 主張極性=EMPIRICAL_RESULTとして再分類; スコープ=PASS_AFTER_TEST_SCOPE_QUALIFICATION; モダリティ=PASS_AFTER_HYPOTHESIS_QUALIFIER; 教材妥当性=PASS_AS_EXPLICIT_TESTABLE_HYPOTHESIS; 形式化妥当性=FAIL_UNFORMALIZED。「製品、地域、文書種別は、利用者が明示した場合は必須フィルター、推定した場合は順位調整条件にできます。」は候補資料(SRC-002;SRC-005;SRC-042;SRC-043;SRC-044)に直接locatorがなく、一般的事実としてはFAIL_UNFORMALIZEDが残る。原文の対象と作用を維持したまま、本ガイドの構成または対象データでの検証へスコープを限定すれば教材上の検討事項を保持できる。,,,UNVERIFIED,原文をrevised_sentenceへ置換し、対象データ、比較条件、観測指標、合否閾値を同じ節に追記する。検証後に限り事実表現へ戻し、意味を保存して再形式化する。,,,,,INCONCLUSIVE,NOT_APPLICABLE_UNPROVED,,,codex-independent-wave4,2026-08-15,INDEPENDENT_REVIEW_COMPLETE,PARTIAL_CANDIDATE_SOURCE_ONLY,FAIL_NO_DIRECT_LOCATOR,FAIL_UNFORMALIZED,EMPIRICAL_RESULT,PASS_AFTER_TEST_SCOPE_QUALIFICATION,PASS_AFTER_HYPOTHESIS_QUALIFIER,PASS_AS_EXPLICIT_TESTABLE_HYPOTHESIS,FAIL_UNFORMALIZED
SENT-1742,52bebecfb2a435d0e7ff2efea557c5799674ded6,事前フィルターは認可済み集合内で検索できますが、集合が小さい場合にANN探索が難しくなることがあります。,本ガイドの基本構成では、事前フィルターは認可済み集合内で検索できますが、集合が小さい場合にANN探索が難しくなることがあります。,UNFORMALIZED,UNFORMALIZED,general_technical_claim,できます,4.6.2 (docs/4.質問に合う根拠を探す/4.6.Retrieval-time filtering.md:42),SRC-002;SRC-005;SRC-042;SRC-043;SRC-044,UNVERIFIED_CANDIDATE_URL_ONLY,BACKGROUND_CITATION,,,,REWRITE_REQUIRED,権威性=候補一次資料のみ; 直接性=locator未確認; 網羅性=未支持atom=none-explicit; 主張極性=BACKGROUND_CITATIONとして再分類; スコープ=PASS_AFTER_TEST_SCOPE_QUALIFICATION; モダリティ=PASS_AFTER_HYPOTHESIS_QUALIFIER; 教材妥当性=PASS_AS_EXPLICIT_TESTABLE_HYPOTHESIS; 形式化妥当性=FAIL_UNFORMALIZED。「事前フィルターは認可済み集合内で検索できますが、集合が小さい場合にANN探索が難しくなることがあります。」は候補資料(SRC-002;SRC-005;SRC-042;SRC-043;SRC-044)に直接locatorがなく、一般的事実としてはFAIL_UNFORMALIZEDが残る。原文の対象と作用を維持したまま、本ガイドの構成または対象データでの検証へスコープを限定すれば教材上の検討事項を保持できる。,,,UNVERIFIED,原文をrevised_sentenceへ置換し、対象データ、比較条件、観測指標、合否閾値を同じ節に追記する。検証後に限り事実表現へ戻し、意味を保存して再形式化する。,,,,,INCONCLUSIVE,NOT_APPLICABLE_UNPROVED,,,codex-independent-wave4,2026-08-15,INDEPENDENT_REVIEW_COMPLETE,PARTIAL_CANDIDATE_SOURCE_ONLY,FAIL_NO_DIRECT_LOCATOR,FAIL_UNFORMALIZED,BACKGROUND_CITATION,PASS_AFTER_TEST_SCOPE_QUALIFICATION,PASS_AFTER_HYPOTHESIS_QUALIFIER,PASS_AS_EXPLICIT_TESTABLE_HYPOTHESIS,FAIL_UNFORMALIZED
SENT-1749,52bebecfb2a435d0e7ff2efea557c5799674ded6,認可済み集合内で探せますが、集合が小さい場合にANNグラフの探索品質が下がることがあります。,本ガイドの基本構成では、認可済み集合内で探せますが、集合が小さい場合にANNグラフの探索品質が下がることがあります。,"IMP(ATOM(authorization=true), ATOM(graph_index=true))",IMPLIES,general_technical_claim,UNCLASSIFIED,4.6.3 (docs/4.質問に合う根拠を探す/4.6.Retrieval-time filtering.md:54),SRC-049,UNVERIFIED_CANDIDATE_URL_ONLY,BACKGROUND_CITATION,graph_index=true,authorization=true,IMPLIES,REWRITE_REQUIRED,権威性=候補一次資料のみ; 直接性=locator未確認; 網羅性=関係IMPLIES自体の根拠未確認; 主張極性=BACKGROUND_CITATIONとして再分類; スコープ=PASS_AFTER_TEST_SCOPE_QUALIFICATION; モダリティ=PASS_AFTER_HYPOTHESIS_QUALIFIER; 教材妥当性=PASS_AS_EXPLICIT_TESTABLE_HYPOTHESIS; 形式化妥当性=FAIL_RELATION_IMPLIES。「認可済み集合内で探せますが、集合が小さい場合にANNグラフの探索品質が下がることがあります。」は候補資料(SRC-049)に直接locatorがなく、一般的事実としてはFAIL_RELATION_IMPLIESが残る。原文の対象と作用を維持したまま、本ガイドの構成または対象データでの検証へスコープを限定すれば教材上の検討事項を保持できる。,,,UNVERIFIED,原文をrevised_sentenceへ置換し、対象データ、比較条件、観測指標、合否閾値を同じ節に追記する。検証後に限り事実表現へ戻し、意味を保存して再形式化する。,,,,,INCONCLUSIVE,NOT_APPLICABLE_UNPROVED,,,codex-independent-wave4,2026-08-15,INDEPENDENT_REVIEW_COMPLETE,PARTIAL_CANDIDATE_SOURCE_ONLY,FAIL_NO_DIRECT_LOCATOR,FAIL_RELATION_IMPLIES,BACKGROUND_CITATION,PASS_AFTER_TEST_SCOPE_QUALIFICATION,PASS_AFTER_HYPOTHESIS_QUALIFIER,PASS_AS_EXPLICIT_TESTABLE_HYPOTHESIS,FAIL_RELATION_IMPLIES
SENT-1753,52bebecfb2a435d0e7ff2efea557c5799674ded6,ACORNは、属性条件を考慮したANN探索を扱いました。,属性条件を考慮したANN探索を本ガイドの評価対象に含めます。,UNFORMALIZED,UNFORMALIZED,externally_cited_claim,UNCLASSIFIED,4.6.3 (docs/4.質問に合う根拠を探す/4.6.Retrieval-time filtering.md:60),SRC-049,UNVERIFIED_CANDIDATE_URL_ONLY,AUTHOR_CLAIM,,,,REWRITE_REQUIRED,権威性=候補一次資料のみ; 直接性=locator未確認; 網羅性=未支持atom=none-explicit; 主張極性=AUTHOR_CLAIMとして再分類; スコープ=PASS_AFTER_CONCRETE_VERSION_OR_EXPERIMENT_SCOPE; モダリティ=PASS_AFTER_CONDITIONAL_OR_REPRODUCTION_WORDING; 教材妥当性=PASS_AFTER_CONCRETE_VERSION_OR_EXPERIMENT_QUALIFIER; 形式化妥当性=FAIL_UNFORMALIZED。「ACORNは、属性条件を考慮したANN探索を扱いました。」の候補資料(SRC-049)はURL単位で、節・ページ・表・API見出しを独立に確認できていない。現文のFAIL_UNFORMALIZED、版・実験条件、資料内極性を断定せず、具体的な製品前提・ローカル定義・再現試験へ限定すれば教材内容を保持できる。,,,UNVERIFIED,原文をrevised_sentenceの具体文へ置換する。製品文は利用時点のregion/versionを受入条件へ追加し、研究文は同じ指標・比較条件で再現確認する。事実表現へ戻す場合は直接locatorを再監査する。,,,,,INCONCLUSIVE,NOT_APPLICABLE_UNPROVED,,,codex-independent-wave4,2026-08-15,INDEPENDENT_REVIEW_COMPLETE,PARTIAL_CANDIDATE_SOURCE_ONLY,FAIL_NO_DIRECT_LOCATOR,FAIL_UNFORMALIZED,AUTHOR_CLAIM,PASS_AFTER_CONCRETE_VERSION_OR_EXPERIMENT_SCOPE,PASS_AFTER_CONDITIONAL_OR_REPRODUCTION_WORDING,PASS_AFTER_CONCRETE_VERSION_OR_EXPERIMENT_QUALIFIER,FAIL_UNFORMALIZED
SENT-1757,52bebecfb2a435d0e7ff2efea557c5799674ded6,単純な範囲条件では専用索引が上回る場合もあり、評価は一つのグラフデータベースが中心です。,本ガイドの基本構成では、単純な範囲条件では専用索引が上回る場合もあり、評価は一つのグラフデータベースが中心です。,"IMP(ATOM(empirical_result=true), ATOM(evaluation=true))",IMPLIES,empirical_or_research_claim,UNCLASSIFIED,4.6.3 (docs/4.質問に合う根拠を探す/4.6.Retrieval-time filtering.md:65),SRC-050,UNVERIFIED_CANDIDATE_URL_ONLY,EMPIRICAL_RESULT,empirical_result=true;evaluation=true,,IMPLIES,REWRITE_REQUIRED,権威性=候補一次資料のみ; 直接性=locator未確認; 網羅性=関係IMPLIES自体の根拠未確認; 主張極性=EMPIRICAL_RESULTとして再分類; スコープ=PASS_AFTER_TEST_SCOPE_QUALIFICATION; モダリティ=PASS_AFTER_HYPOTHESIS_QUALIFIER; 教材妥当性=PASS_AS_EXPLICIT_TESTABLE_HYPOTHESIS; 形式化妥当性=FAIL_RELATION_IMPLIES。「単純な範囲条件では専用索引が上回る場合もあり、評価は一つのグラフデータベースが中心です。」は候補資料(SRC-050)に直接locatorがなく、一般的事実としてはFAIL_RELATION_IMPLIESが残る。原文の対象と作用を維持したまま、本ガイドの構成または対象データでの検証へスコープを限定すれば教材上の検討事項を保持できる。,,,UNVERIFIED,原文をrevised_sentenceへ置換し、対象データ、比較条件、観測指標、合否閾値を同じ節に追記する。検証後に限り事実表現へ戻し、意味を保存して再形式化する。,,,,,INCONCLUSIVE,NOT_APPLICABLE_UNPROVED,,,codex-independent-wave4,2026-08-15,INDEPENDENT_REVIEW_COMPLETE,PARTIAL_CANDIDATE_SOURCE_ONLY,FAIL_NO_DIRECT_LOCATOR,FAIL_RELATION_IMPLIES,EMPIRICAL_RESULT,PASS_AFTER_TEST_SCOPE_QUALIFICATION,PASS_AFTER_HYPOTHESIS_QUALIFIER,PASS_AS_EXPLICIT_TESTABLE_HYPOTHESIS,FAIL_RELATION_IMPLIES
SENT-1760,52bebecfb2a435d0e7ff2efea557c5799674ded6,post-filterで候補が不足する場合に権限条件を緩めるのではなく、filtered ANN、検索深度の調整、別indexへのroutingを検討します。,本ガイドの基本構成では、post-filterで候補が不足する場合に権限条件を緩めるのではなく、filtered ANN、検索深度の調整、別indexへのroutingを検討します。,UNFORMALIZED,UNFORMALIZED,general_technical_claim,UNCLASSIFIED,4.6.3 (docs/4.質問に合う根拠を探す/4.6.Retrieval-time filtering.md:68),SRC-002;SRC-005;SRC-042;SRC-043;SRC-044,UNVERIFIED_CANDIDATE_URL_ONLY,BACKGROUND_CITATION,,,,REWRITE_REQUIRED,権威性=候補一次資料のみ; 直接性=locator未確認; 網羅性=未支持atom=none-explicit; 主張極性=BACKGROUND_CITATIONとして再分類; スコープ=PASS_AFTER_TEST_SCOPE_QUALIFICATION; モダリティ=PASS_AFTER_HYPOTHESIS_QUALIFIER; 教材妥当性=PASS_AS_EXPLICIT_TESTABLE_HYPOTHESIS; 形式化妥当性=FAIL_UNFORMALIZED。「post-filterで候補が不足する場合に権限条件を緩めるのではなく、filtered ANN、検索深度の調整、別indexへのroutingを検討します。」は候補資料(SRC-002;SRC-005;SRC-042;SRC-043;SRC-044)に直接locatorがなく、一般的事実としてはFAIL_UNFORMALIZEDが残る。原文の対象と作用を維持したまま、本ガイドの構成または対象データでの検証へスコープを限定すれば教材上の検討事項を保持できる。,,,UNVERIFIED,原文をrevised_sentenceへ置換し、対象データ、比較条件、観測指標、合否閾値を同じ節に追記する。検証後に限り事実表現へ戻し、意味を保存して再形式化する。,,,,,INCONCLUSIVE,NOT_APPLICABLE_UNPROVED,,,codex-independent-wave4,2026-08-15,INDEPENDENT_REVIEW_COMPLETE,PARTIAL_CANDIDATE_SOURCE_ONLY,FAIL_NO_DIRECT_LOCATOR,FAIL_UNFORMALIZED,BACKGROUND_CITATION,PASS_AFTER_TEST_SCOPE_QUALIFICATION,PASS_AFTER_HYPOTHESIS_QUALIFIER,PASS_AS_EXPLICIT_TESTABLE_HYPOTHESIS,FAIL_UNFORMALIZED
SENT-1766,52bebecfb2a435d0e7ff2efea557c5799674ded6,順位統合方式、設定、質問に応じた重み,本ガイドの基本構成では、順位統合方式、設定、質問に応じた重み。,UNFORMALIZED,UNFORMALIZED,general_technical_claim,UNCLASSIFIED,4.6.4 (docs/4.質問に合う根拠を探す/4.6.Retrieval-time filtering.md:78),SRC-002;SRC-005;SRC-042;SRC-043;SRC-044,UNVERIFIED_CANDIDATE_URL_ONLY,BACKGROUND_CITATION,,,,REWRITE_REQUIRED,権威性=候補一次資料のみ; 直接性=locator未確認; 網羅性=未支持atom=none-explicit; 主張極性=BACKGROUND_CITATIONとして再分類; スコープ=PASS_AFTER_TEST_SCOPE_QUALIFICATION; モダリティ=PASS_AFTER_HYPOTHESIS_QUALIFIER; 教材妥当性=PASS_AS_EXPLICIT_TESTABLE_HYPOTHESIS; 形式化妥当性=FAIL_UNFORMALIZED。「順位統合方式、設定、質問に応じた重み」は候補資料(SRC-002;SRC-005;SRC-042;SRC-043;SRC-044)に直接locatorがなく、一般的事実としてはFAIL_UNFORMALIZEDが残る。原文の対象と作用を維持したまま、本ガイドの構成または対象データでの検証へスコープを限定すれば教材上の検討事項を保持できる。,,,UNVERIFIED,原文をrevised_sentenceへ置換し、対象データ、比較条件、観測指標、合否閾値を同じ節に追記する。検証後に限り事実表現へ戻し、意味を保存して再形式化する。,,,,,INCONCLUSIVE,NOT_APPLICABLE_UNPROVED,,,codex-independent-wave4,2026-08-15,INDEPENDENT_REVIEW_COMPLETE,PARTIAL_CANDIDATE_SOURCE_ONLY,FAIL_NO_DIRECT_LOCATOR,FAIL_UNFORMALIZED,BACKGROUND_CITATION,PASS_AFTER_TEST_SCOPE_QUALIFICATION,PASS_AFTER_HYPOTHESIS_QUALIFIER,PASS_AS_EXPLICIT_TESTABLE_HYPOTHESIS,FAIL_UNFORMALIZED
SENT-1771,52bebecfb2a435d0e7ff2efea557c5799674ded6,正解根拠が「取得されなかった」「フィルターで除かれた」「順位統合で下がった」「再順位付けで落ちた」を区別します。,正解根拠が「取得されなかった」「フィルターで除かれた」「順位統合で下がった」「再順位付けで落ちた」を区別します。,"AND(AND(ATOM(rerank=true), ATOM(retrieval=true)), ATOM(evidence_support=true))",AND,general_technical_claim,UNCLASSIFIED,4.6.4 (docs/4.質問に合う根拠を探す/4.6.Retrieval-time filtering.md:84),SRC-005;SRC-047;SRC-049;SRC-050,NOT_APPLICABLE_LOCAL_NORM,HYPOTHESIS,evidence_support=true;retrieval=true,rerank=true,,APPROPRIATE_NORMATIVE,権威性=候補一次資料のみ; 直接性=locator未確認; 網羅性=未支持atom=rerank=true; 主張極性=HYPOTHESISとして再分類; スコープ=PASS_LOCAL_DESIGN_POLICY; モダリティ=PASS_AS_DISCLOSED_NORMATIVE_RULE; 教材妥当性=PASS_AFTER_EXPLICIT_CRITERIA_AND_EXCEPTION; 形式化妥当性=FAIL_UNSUPPORTED_ATOMS:rerank=true。「正解根拠が「取得されなかった」「フィルターで除かれた」「順位統合で下がった」「再順位付けで落ちた」を区別します。」は外的真偽の断定ではなく、対象・処理・判断を特定した設計・運用上の選択規則として読める。ただし候補資料(SRC-005;SRC-047;SRC-049;SRC-050)はURL単位で、直接locatorは未確認。規範の判断基準と例外を明示すれば教材として採用できる。形式面ではFAIL_UNSUPPORTED_ATOMS:rerank=trueを別途解消する必要がある。,対象要件、適用条件、観測可能な受入基準、担当、失敗時の処理を明示すること,適用条件を満たさない場合は単純な経路または回答保留へ戻し、例外理由と期限を記録する,NOT_APPLICABLE,本文は維持し、節内に判断基準「対象要件、適用条件、観測可能な受入基準、担当、失敗時の処理を明示すること」と例外「適用条件を満たさない場合は単純な経路または回答保留へ戻し、例外理由と期限を記録する」を明記する。経験的な効果保証とは分離し、意味を保存して再形式化する。,,,,,INCONCLUSIVE,NOT_APPLICABLE_UNPROVED,,,codex-independent-wave4,2026-08-15,INDEPENDENT_REVIEW_COMPLETE,PARTIAL_CANDIDATE_SOURCE_ONLY,FAIL_NO_DIRECT_LOCATOR,FAIL_UNSUPPORTED_ATOMS:rerank=true,HYPOTHESIS,PASS_LOCAL_DESIGN_POLICY,PASS_AS_DISCLOSED_NORMATIVE_RULE,PASS_AFTER_EXPLICIT_CRITERIA_AND_EXCEPTION,FAIL_UNSUPPORTED_ATOMS:rerank=true
SENT-1775,52bebecfb2a435d0e7ff2efea557c5799674ded6,retrievalの改善は、候補が足りないという現象を一つの原因で説明しないことから始まります。,本ガイドの基本構成では、retrievalの改善は、候補が足りないという現象を一つの原因で説明しないことから始まります。,"NOT(AND(ATOM(retrieval=true), ATOM(empirical_result=true)))",NOT,empirical_or_research_claim,ない,FILE-INTRO (docs/4.質問に合う根拠を探す/4.7.Retrieval失敗診断.md:3),SRC-002;SRC-042;SRC-043;SRC-044;SRC-045,UNVERIFIED_CANDIDATE_URL_ONLY,EMPIRICAL_RESULT,empirical_result=true;retrieval=true,,NOT,REWRITE_REQUIRED,権威性=候補一次資料のみ; 直接性=locator未確認; 網羅性=関係NOT自体の根拠未確認; 主張極性=EMPIRICAL_RESULTとして再分類; スコープ=PASS_AFTER_TEST_SCOPE_QUALIFICATION; モダリティ=PASS_AFTER_HYPOTHESIS_QUALIFIER; 教材妥当性=PASS_AS_EXPLICIT_TESTABLE_HYPOTHESIS; 形式化妥当性=FAIL_RELATION_NOT。「retrievalの改善は、候補が足りないという現象を一つの原因で説明しないことから始まります。」は候補資料(SRC-002;SRC-042;SRC-043;SRC-044;SRC-045)に直接locatorがなく、一般的事実としてはFAIL_RELATION_NOTが残る。原文の対象と作用を維持したまま、本ガイドの構成または対象データでの検証へスコープを限定すれば教材上の検討事項を保持できる。,,,UNVERIFIED,原文をrevised_sentenceへ置換し、対象データ、比較条件、観測指標、合否閾値を同じ節に追記する。検証後に限り事実表現へ戻し、意味を保存して再形式化する。,,,,,INCONCLUSIVE,NOT_APPLICABLE_UNPROVED,,,codex-independent-wave4,2026-08-15,INDEPENDENT_REVIEW_COMPLETE,PARTIAL_CANDIDATE_SOURCE_ONLY,FAIL_NO_DIRECT_LOCATOR,FAIL_RELATION_NOT,EMPIRICAL_RESULT,PASS_AFTER_TEST_SCOPE_QUALIFICATION,PASS_AFTER_HYPOTHESIS_QUALIFIER,PASS_AS_EXPLICIT_TESTABLE_HYPOTHESIS,FAIL_RELATION_NOT
SENT-1799,52bebecfb2a435d0e7ff2efea557c5799674ded6,query normalization、検索器の設定、fusion、filter、chunk、indexの修正で再現失敗を解消できるなら、第4章までのbaselineを改善します。,query normalization、検索器の設定、fusion、filter、chunk、indexの修正で再現失敗を解消できるなら、第4章までのbaselineを改善するかを、対象データと固定した比較条件で検証します。,"IMP(ATOM(retrieval=true), ATOM(empirical_result=true))",IMPLIES,empirical_or_research_claim,できる,4.7.4 (docs/4.質問に合う根拠を探す/4.7.Retrieval失敗診断.md:36),SRC-002;SRC-042;SRC-043;SRC-044;SRC-045,UNVERIFIED_CANDIDATE_URL_ONLY,EMPIRICAL_RESULT,empirical_result=true;retrieval=true,,IMPLIES,REWRITE_REQUIRED,権威性=候補一次資料のみ; 直接性=locator未確認; 網羅性=関係IMPLIES自体の根拠未確認; 主張極性=EMPIRICAL_RESULTとして再分類; スコープ=PASS_AFTER_TEST_SCOPE_QUALIFICATION; モダリティ=PASS_AFTER_HYPOTHESIS_QUALIFIER; 教材妥当性=PASS_AS_EXPLICIT_TESTABLE_HYPOTHESIS; 形式化妥当性=FAIL_RELATION_IMPLIES。「query normalization、検索器の設定、fusion、filter、chunk、indexの修正で再現失敗を解消できるなら、第4章までのbasel」は候補資料(SRC-002;SRC-042;SRC-043;SRC-044;SRC-045)に直接locatorがなく、一般的事実としてはFAIL_RELATION_IMPLIESが残る。原文の対象と作用を維持したまま、本ガイドの構成または対象データでの検証へスコープを限定すれば教材上の検討事項を保持できる。,,,UNVERIFIED,原文をrevised_sentenceへ置換し、対象データ、比較条件、観測指標、合否閾値を同じ節に追記する。検証後に限り事実表現へ戻し、意味を保存して再形式化する。,,,,,INCONCLUSIVE,NOT_APPLICABLE_UNPROVED,,,codex-independent-wave4,2026-08-15,INDEPENDENT_REVIEW_COMPLETE,PARTIAL_CANDIDATE_SOURCE_ONLY,FAIL_NO_DIRECT_LOCATOR,FAIL_RELATION_IMPLIES,EMPIRICAL_RESULT,PASS_AFTER_TEST_SCOPE_QUALIFICATION,PASS_AFTER_HYPOTHESIS_QUALIFIER,PASS_AS_EXPLICIT_TESTABLE_HYPOTHESIS,FAIL_RELATION_IMPLIES
SENT-1819,52bebecfb2a435d0e7ff2efea557c5799674ded6,「製品Aだけ」と利用者が明示した場合は必須フィルターにでき、モデルが製品Aだと推定しただけなら順位の引き上げまたは別検索にします。,「製品Aだけ」と利用者が明示した場合は必須フィルターにでき、モデルが製品Aだと推定しただけなら順位の引き上げまたは別検索にします。,UNFORMALIZED,UNFORMALIZED,empirical_or_research_claim,UNCLASSIFIED,5.1.1 (docs/5.根拠を選別・整形する/5.1.Candidate正規化と絞り込み.md:16),SRC-005;SRC-007;SRC-014;SRC-035;SRC-037,NOT_APPLICABLE_LOCAL_NORM,HYPOTHESIS,,,,APPROPRIATE_NORMATIVE,権威性=候補一次資料のみ; 直接性=locator未確認; 網羅性=未支持atom=none-explicit; 主張極性=HYPOTHESISとして再分類; スコープ=PASS_LOCAL_DESIGN_POLICY; モダリティ=PASS_AS_DISCLOSED_NORMATIVE_RULE; 教材妥当性=PASS_AFTER_EXPLICIT_CRITERIA_AND_EXCEPTION; 形式化妥当性=FAIL_UNFORMALIZED。「「製品Aだけ」と利用者が明示した場合は必須フィルターにでき、モデルが製品Aだと推定しただけなら順位の引き上げまたは別検索にします。」は外的真偽の断定ではなく、対象・処理・判断を特定した設計・運用上の選択規則として読める。ただし候補資料(SRC-005;SRC-007;SRC-014;SRC-035;SRC-037)はURL単位で、直接locatorは未確認。規範の判断基準と例外を明示すれば教材として採用できる。形式面ではFAIL_UNFORMALIZEDを別途解消する必要がある。,対象要件、適用条件、観測可能な受入基準、担当、失敗時の処理を明示すること,適用条件を満たさない場合は単純な経路または回答保留へ戻し、例外理由と期限を記録する,NOT_APPLICABLE,本文は維持し、節内に判断基準「対象要件、適用条件、観測可能な受入基準、担当、失敗時の処理を明示すること」と例外「適用条件を満たさない場合は単純な経路または回答保留へ戻し、例外理由と期限を記録する」を明記する。経験的な効果保証とは分離し、意味を保存して再形式化する。,,,,,INCONCLUSIVE,NOT_APPLICABLE_UNPROVED,,,codex-independent-wave4,2026-08-15,INDEPENDENT_REVIEW_COMPLETE,PARTIAL_CANDIDATE_SOURCE_ONLY,FAIL_NO_DIRECT_LOCATOR,FAIL_UNFORMALIZED,HYPOTHESIS,PASS_LOCAL_DESIGN_POLICY,PASS_AS_DISCLOSED_NORMATIVE_RULE,PASS_AFTER_EXPLICIT_CRITERIA_AND_EXCEPTION,FAIL_UNFORMALIZED
SENT-1822,52bebecfb2a435d0e7ff2efea557c5799674ded6,文書・チャンクID、テナント、許可主体、機密区分、状態、版、有効期間、情報源種別、信頼度、言語を定義します。,本ガイドの基本構成では、文書・チャンクID、テナント、許可主体、機密区分、状態、版、有効期間、情報源種別、信頼度、言語を定義します。,ATOM(multi_tenant=true),ATOM,general_technical_claim,UNCLASSIFIED,5.1.1 (docs/5.根拠を選別・整形する/5.1.Candidate正規化と絞り込み.md:20),SRC-005;SRC-007;SRC-014;SRC-035;SRC-037,UNVERIFIED_CANDIDATE_URL_ONLY,BACKGROUND_CITATION,,multi_tenant=true,,REWRITE_REQUIRED,権威性=候補一次資料のみ; 直接性=locator未確認; 網羅性=未支持atom=multi_tenant=true; 主張極性=BACKGROUND_CITATIONとして再分類; スコープ=PASS_AFTER_TEST_SCOPE_QUALIFICATION; モダリティ=PASS_AFTER_HYPOTHESIS_QUALIFIER; 教材妥当性=PASS_AS_EXPLICIT_TESTABLE_HYPOTHESIS; 形式化妥当性=FAIL_UNSUPPORTED_ATOMS:multi_tenant=true。「文書・チャンクID、テナント、許可主体、機密区分、状態、版、有効期間、情報源種別、信頼度、言語を定義します。」は候補資料(SRC-005;SRC-007;SRC-014;SRC-035;SRC-037)に直接locatorがなく、一般的事実としてはFAIL_UNSUPPORTED_ATOMS:multi_tenant=trueが残る。原文の対象と作用を維持したまま、本ガイドの構成または対象データでの検証へスコープを限定すれば教材上の検討事項を保持できる。,,,UNVERIFIED,原文をrevised_sentenceへ置換し、対象データ、比較条件、観測指標、合否閾値を同じ節に追記する。検証後に限り事実表現へ戻し、意味を保存して再形式化する。,,,,,INCONCLUSIVE,NOT_APPLICABLE_UNPROVED,,,codex-independent-wave4,2026-08-15,INDEPENDENT_REVIEW_COMPLETE,PARTIAL_CANDIDATE_SOURCE_ONLY,FAIL_NO_DIRECT_LOCATOR,FAIL_UNSUPPORTED_ATOMS:multi_tenant=true,BACKGROUND_CITATION,PASS_AFTER_TEST_SCOPE_QUALIFICATION,PASS_AFTER_HYPOTHESIS_QUALIFIER,PASS_AS_EXPLICIT_TESTABLE_HYPOTHESIS,FAIL_UNSUPPORTED_ATOMS:multi_tenant=true
SENT-1827,52bebecfb2a435d0e7ff2efea557c5799674ded6,添付、コメント、埋め込み資料が親文書と異なるACLを持つ場合は、例外関係として明示します。,添付、コメント、埋め込み資料が親文書と異なるACLを持つ場合は、例外関係として明示します。,UNFORMALIZED,UNFORMALIZED,general_technical_claim,UNCLASSIFIED,5.1.1 (docs/5.根拠を選別・整形する/5.1.Candidate正規化と絞り込み.md:27),SRC-005;SRC-007;SRC-014;SRC-035;SRC-037,NOT_APPLICABLE_LOCAL_NORM,HYPOTHESIS,,,,APPROPRIATE_NORMATIVE,権威性=候補一次資料のみ; 直接性=locator未確認; 網羅性=未支持atom=none-explicit; 主張極性=HYPOTHESISとして再分類; スコープ=PASS_LOCAL_DESIGN_POLICY; モダリティ=PASS_AS_DISCLOSED_NORMATIVE_RULE; 教材妥当性=PASS_AFTER_EXPLICIT_CRITERIA_AND_EXCEPTION; 形式化妥当性=FAIL_UNFORMALIZED。「添付、コメント、埋め込み資料が親文書と異なるACLを持つ場合は、例外関係として明示します。」は外的真偽の断定ではなく、対象・処理・判断を特定した設計・運用上の選択規則として読める。ただし候補資料(SRC-005;SRC-007;SRC-014;SRC-035;SRC-037)はURL単位で、直接locatorは未確認。規範の判断基準と例外を明示すれば教材として採用できる。形式面ではFAIL_UNFORMALIZEDを別途解消する必要がある。,対象要件、適用条件、観測可能な受入基準、担当、失敗時の処理を明示すること,適用条件を満たさない場合は単純な経路または回答保留へ戻し、例外理由と期限を記録する,NOT_APPLICABLE,本文は維持し、節内に判断基準「対象要件、適用条件、観測可能な受入基準、担当、失敗時の処理を明示すること」と例外「適用条件を満たさない場合は単純な経路または回答保留へ戻し、例外理由と期限を記録する」を明記する。経験的な効果保証とは分離し、意味を保存して再形式化する。,,,,,INCONCLUSIVE,NOT_APPLICABLE_UNPROVED,,,codex-independent-wave4,2026-08-15,INDEPENDENT_REVIEW_COMPLETE,PARTIAL_CANDIDATE_SOURCE_ONLY,FAIL_NO_DIRECT_LOCATOR,FAIL_UNFORMALIZED,HYPOTHESIS,PASS_LOCAL_DESIGN_POLICY,PASS_AS_DISCLOSED_NORMATIVE_RULE,PASS_AFTER_EXPLICIT_CRITERIA_AND_EXCEPTION,FAIL_UNFORMALIZED
SENT-1845,52bebecfb2a435d0e7ff2efea557c5799674ded6,対象が全体の1パーセントの場合、通常の近似最近傍（Approximate Nearest Neighbor：ANN）グラフは条件外の近傍を多くたどり、必要件数を取得できないことがあります。,本ガイドの基本構成では、対象が全体の1パーセントの場合、通常の近似最近傍（Approximate Nearest Neighbor：ANN）グラフは条件外の近傍を多くたどり、必要件数を取得できないことがあります。,"NOT(AND(ATOM(ann=true), ATOM(retrieval=true)))",NOT,general_technical_claim,必要;ない,5.1.2 (docs/5.根拠を選別・整形する/5.1.Candidate正規化と絞り込み.md:54),SRC-049;SRC-079,UNVERIFIED_CANDIDATE_URL_ONLY,BACKGROUND_CITATION,ann=true;retrieval=true,,NOT,REWRITE_REQUIRED,権威性=候補一次資料のみ; 直接性=locator未確認; 網羅性=関係NOT自体の根拠未確認; 主張極性=BACKGROUND_CITATIONとして再分類; スコープ=PASS_AFTER_TEST_SCOPE_QUALIFICATION; モダリティ=PASS_AFTER_HYPOTHESIS_QUALIFIER; 教材妥当性=PASS_AS_EXPLICIT_TESTABLE_HYPOTHESIS; 形式化妥当性=FAIL_RELATION_NOT。「対象が全体の1パーセントの場合、通常の近似最近傍（Approximate Nearest Neighbor：ANN）グラフは条件外の近傍を多くたどり、必要件数を」は候補資料(SRC-049;SRC-079)に直接locatorがなく、一般的事実としてはFAIL_RELATION_NOTが残る。原文の対象と作用を維持したまま、本ガイドの構成または対象データでの検証へスコープを限定すれば教材上の検討事項を保持できる。,,,UNVERIFIED,原文をrevised_sentenceへ置換し、対象データ、比較条件、観測指標、合否閾値を同じ節に追記する。検証後に限り事実表現へ戻し、意味を保存して再形式化する。,,,,,INCONCLUSIVE,NOT_APPLICABLE_UNPROVED,,,codex-independent-wave4,2026-08-15,INDEPENDENT_REVIEW_COMPLETE,PARTIAL_CANDIDATE_SOURCE_ONLY,FAIL_NO_DIRECT_LOCATOR,FAIL_RELATION_NOT,BACKGROUND_CITATION,PASS_AFTER_TEST_SCOPE_QUALIFICATION,PASS_AFTER_HYPOTHESIS_QUALIFIER,PASS_AS_EXPLICIT_TESTABLE_HYPOTHESIS,FAIL_RELATION_NOT
SENT-1851,52bebecfb2a435d0e7ff2efea557c5799674ded6,[フィルターを考慮した距離を学習するワークショップ公開論文](https://openreview.net/forum?,本ガイドの基本構成では、[フィルターを考慮した距離を学習するワークショップ公開論文](https://openreview.net/forum?。,ATOM(learned=true),ATOM,empirical_or_research_claim,UNCLASSIFIED,5.1.2 (docs/5.根拠を選別・整形する/5.1.Candidate正規化と絞り込み.md:63),SRC-079,UNVERIFIED_CANDIDATE_URL_ONLY,EMPIRICAL_RESULT,,learned=true,,REWRITE_REQUIRED,権威性=候補一次資料のみ; 直接性=locator未確認; 網羅性=未支持atom=learned=true; 主張極性=EMPIRICAL_RESULTとして再分類; スコープ=PASS_AFTER_TEST_SCOPE_QUALIFICATION; モダリティ=PASS_AFTER_HYPOTHESIS_QUALIFIER; 教材妥当性=PASS_AS_EXPLICIT_TESTABLE_HYPOTHESIS; 形式化妥当性=FAIL_UNSUPPORTED_ATOMS:learned=true。「[フィルターを考慮した距離を学習するワークショップ公開論文](https://openreview.net/forum?」は候補資料(SRC-079)に直接locatorがなく、一般的事実としてはFAIL_UNSUPPORTED_ATOMS:learned=trueが残る。原文の対象と作用を維持したまま、本ガイドの構成または対象データでの検証へスコープを限定すれば教材上の検討事項を保持できる。,,,UNVERIFIED,原文をrevised_sentenceへ置換し、対象データ、比較条件、観測指標、合否閾値を同じ節に追記する。検証後に限り事実表現へ戻し、意味を保存して再形式化する。,,,,,INCONCLUSIVE,NOT_APPLICABLE_UNPROVED,,,codex-independent-wave4,2026-08-15,INDEPENDENT_REVIEW_COMPLETE,PARTIAL_CANDIDATE_SOURCE_ONLY,FAIL_NO_DIRECT_LOCATOR,FAIL_UNSUPPORTED_ATOMS:learned=true,EMPIRICAL_RESULT,PASS_AFTER_TEST_SCOPE_QUALIFICATION,PASS_AFTER_HYPOTHESIS_QUALIFIER,PASS_AS_EXPLICIT_TESTABLE_HYPOTHESIS,FAIL_UNSUPPORTED_ATOMS:learned=true
SENT-1854,52bebecfb2a435d0e7ff2efea557c5799674ded6,研究結果だけで方式を固定せず、フィルターの選択率ごとに完全探索との一致と処理時間を測ります。,本ガイドの基本構成では、研究結果だけで方式を固定せず、フィルターの選択率ごとに完全探索との一致と処理時間を測ります。,"NOT(AND(ATOM(temporal_freshness=true), ATOM(empirical_result=true)))",NOT,empirical_or_research_claim,UNCLASSIFIED,5.1.2 (docs/5.根拠を選別・整形する/5.1.Candidate正規化と絞り込み.md:65),SRC-079,UNVERIFIED_CANDIDATE_URL_ONLY,EMPIRICAL_RESULT,,empirical_result=true;temporal_freshness=true,NOT,REWRITE_REQUIRED,権威性=候補一次資料のみ; 直接性=locator未確認; 網羅性=関係NOT自体の根拠未確認; 主張極性=EMPIRICAL_RESULTとして再分類; スコープ=PASS_AFTER_TEST_SCOPE_QUALIFICATION; モダリティ=PASS_AFTER_HYPOTHESIS_QUALIFIER; 教材妥当性=PASS_AS_EXPLICIT_TESTABLE_HYPOTHESIS; 形式化妥当性=FAIL_RELATION_NOT。「研究結果だけで方式を固定せず、フィルターの選択率ごとに完全探索との一致と処理時間を測ります。」は候補資料(SRC-079)に直接locatorがなく、一般的事実としてはFAIL_RELATION_NOTが残る。原文の対象と作用を維持したまま、本ガイドの構成または対象データでの検証へスコープを限定すれば教材上の検討事項を保持できる。,,,UNVERIFIED,原文をrevised_sentenceへ置換し、対象データ、比較条件、観測指標、合否閾値を同じ節に追記する。検証後に限り事実表現へ戻し、意味を保存して再形式化する。,,,,,INCONCLUSIVE,NOT_APPLICABLE_UNPROVED,,,codex-independent-wave4,2026-08-15,INDEPENDENT_REVIEW_COMPLETE,PARTIAL_CANDIDATE_SOURCE_ONLY,FAIL_NO_DIRECT_LOCATOR,FAIL_RELATION_NOT,EMPIRICAL_RESULT,PASS_AFTER_TEST_SCOPE_QUALIFICATION,PASS_AFTER_HYPOTHESIS_QUALIFIER,PASS_AS_EXPLICIT_TESTABLE_HYPOTHESIS,FAIL_RELATION_NOT
SENT-1877,52bebecfb2a435d0e7ff2efea557c5799674ded6,主体、テナント、方針の版、評価した条件、フィルター前後の候補数、除外理由を記録します。,主体、テナント、方針の版、評価した条件、フィルター前後の候補数、除外理由を記録します。,"AND(ATOM(evaluation=true), ATOM(multi_tenant=true))",AND,empirical_or_research_claim,UNCLASSIFIED,5.1.5 (docs/5.根拠を選別・整形する/5.1.Candidate正規化と絞り込み.md:104),SRC-039;SRC-049,NOT_APPLICABLE_LOCAL_NORM,HYPOTHESIS,evaluation=true,multi_tenant=true,,APPROPRIATE_NORMATIVE,権威性=候補一次資料のみ; 直接性=locator未確認; 網羅性=未支持atom=multi_tenant=true; 主張極性=HYPOTHESISとして再分類; スコープ=PASS_LOCAL_DESIGN_POLICY; モダリティ=PASS_AS_DISCLOSED_NORMATIVE_RULE; 教材妥当性=PASS_AFTER_EXPLICIT_CRITERIA_AND_EXCEPTION; 形式化妥当性=FAIL_UNSUPPORTED_ATOMS:multi_tenant=true。「主体、テナント、方針の版、評価した条件、フィルター前後の候補数、除外理由を記録します。」は外的真偽の断定ではなく、対象・処理・判断を特定した設計・運用上の選択規則として読める。ただし候補資料(SRC-039;SRC-049)はURL単位で、直接locatorは未確認。規範の判断基準と例外を明示すれば教材として採用できる。形式面ではFAIL_UNSUPPORTED_ATOMS:multi_tenant=trueを別途解消する必要がある。,最小権限を維持し、認可前後の候補、拒否理由、漏えい試験を観測可能にすること,法令・契約・組織方針がより厳しい場合はその基準を優先し、緊急例外も期限と事後監査を必須とする,NOT_APPLICABLE,本文は維持し、節内に判断基準「最小権限を維持し、認可前後の候補、拒否理由、漏えい試験を観測可能にすること」と例外「法令・契約・組織方針がより厳しい場合はその基準を優先し、緊急例外も期限と事後監査を必須とする」を明記する。経験的な効果保証とは分離し、意味を保存して再形式化する。,,,,,INCONCLUSIVE,NOT_APPLICABLE_UNPROVED,,,codex-independent-wave4,2026-08-15,INDEPENDENT_REVIEW_COMPLETE,PARTIAL_CANDIDATE_SOURCE_ONLY,FAIL_NO_DIRECT_LOCATOR,FAIL_UNSUPPORTED_ATOMS:multi_tenant=true,HYPOTHESIS,PASS_LOCAL_DESIGN_POLICY,PASS_AS_DISCLOSED_NORMATIVE_RULE,PASS_AFTER_EXPLICIT_CRITERIA_AND_EXCEPTION,FAIL_UNSUPPORTED_ATOMS:multi_tenant=true
SENT-1887,52bebecfb2a435d0e7ff2efea557c5799674ded6,分割時の重なりは、重なりを持たせて分割した隣接チャンクの共通部分です。,本ガイドでは、分割時の重なりを「重なりを持たせて分割した隣接チャンクの共通部分」として用います。,UNFORMALIZED,UNFORMALIZED,general_technical_claim,UNCLASSIFIED,5.2.1 (docs/5.根拠を選別・整形する/5.2.重複排除とDiversity.md:12),SRC-005;SRC-007;SRC-014;SRC-035;SRC-037,NOT_APPLICABLE_LOCAL_NORM,DEFINITION_OR_SPEC,,,,APPROPRIATE_NORMATIVE,権威性=候補一次資料のみ; 直接性=locator未確認; 網羅性=未支持atom=none-explicit; 主張極性=DEFINITION_OR_SPECとして再分類; スコープ=PASS_AFTER_LOCAL_GUIDE_SCOPE; モダリティ=PASS_AFTER_DEFINITION_QUALIFIER; 教材妥当性=PASS_AFTER_LOCAL_DEFINITION_QUALIFIER; 形式化妥当性=FAIL_UNFORMALIZED。一般的事実としての権威性・直接性は候補URLだけでは確認できないが、ガイド内の操作的定義へスコープを限定すれば、強い外的真偽を主張せず教材上の役割を保てる。形式面ではFAIL_UNFORMALIZEDが残る。,用語を本ガイド内で一貫して用い、外部仕様上の定義と区別すること,公式標準または製品仕様に別定義がある場合は名称と版を併記し、その定義を優先する,NOT_APPLICABLE,原文をrevised_sentenceへ置換し、用語集と本文で同じ操作的定義を使用して再形式化する。,,,,,INCONCLUSIVE,NOT_APPLICABLE_UNPROVED,,,codex-independent-wave4,2026-08-15,INDEPENDENT_REVIEW_COMPLETE,PARTIAL_CANDIDATE_SOURCE_ONLY,FAIL_NO_DIRECT_LOCATOR,FAIL_UNFORMALIZED,DEFINITION_OR_SPEC,PASS_AFTER_LOCAL_GUIDE_SCOPE,PASS_AFTER_DEFINITION_QUALIFIER,PASS_AFTER_LOCAL_DEFINITION_QUALIFIER,FAIL_UNFORMALIZED
SENT-1891,52bebecfb2a435d0e7ff2efea557c5799674ded6,Broderの研究は、文書の類似性と包含関係を測る基礎的な方法を示しました。,文書の類似性と包含関係を測る基礎的な方法が対象データでも成り立つかを、同じ条件と指標で検証します。,UNFORMALIZED,UNFORMALIZED,externally_cited_claim,UNCLASSIFIED,5.2.1 (docs/5.根拠を選別・整形する/5.2.重複排除とDiversity.md:17),SRC-014,UNVERIFIED_CANDIDATE_URL_ONLY,AUTHOR_CLAIM,,,,REWRITE_REQUIRED,権威性=候補一次資料のみ; 直接性=locator未確認; 網羅性=未支持atom=none-explicit; 主張極性=AUTHOR_CLAIMとして再分類; スコープ=PASS_AFTER_CONCRETE_VERSION_OR_EXPERIMENT_SCOPE; モダリティ=PASS_AFTER_CONDITIONAL_OR_REPRODUCTION_WORDING; 教材妥当性=PASS_AFTER_CONCRETE_VERSION_OR_EXPERIMENT_QUALIFIER; 形式化妥当性=FAIL_UNFORMALIZED。「Broderの研究は、文書の類似性と包含関係を測る基礎的な方法を示しました。」の候補資料(SRC-014)はURL単位で、節・ページ・表・API見出しを独立に確認できていない。現文のFAIL_UNFORMALIZED、版・実験条件、資料内極性を断定せず、具体的な製品前提・ローカル定義・再現試験へ限定すれば教材内容を保持できる。,,,UNVERIFIED,原文をrevised_sentenceの具体文へ置換する。製品文は利用時点のregion/versionを受入条件へ追加し、研究文は同じ指標・比較条件で再現確認する。事実表現へ戻す場合は直接locatorを再監査する。,,,,,INCONCLUSIVE,NOT_APPLICABLE_UNPROVED,,,codex-independent-wave4,2026-08-15,INDEPENDENT_REVIEW_COMPLETE,PARTIAL_CANDIDATE_SOURCE_ONLY,FAIL_NO_DIRECT_LOCATOR,FAIL_UNFORMALIZED,AUTHOR_CLAIM,PASS_AFTER_CONCRETE_VERSION_OR_EXPERIMENT_SCOPE,PASS_AFTER_CONDITIONAL_OR_REPRODUCTION_WORDING,PASS_AFTER_CONCRETE_VERSION_OR_EXPERIMENT_QUALIFIER,FAIL_UNFORMALIZED
SENT-1908,52bebecfb2a435d0e7ff2efea557c5799674ded6,埋め込みベクトルのコサイン類似度を単独で重複判定へ使うと、同じ意味を独立に説明した別文書まで重複と判断する可能性があります。,本ガイドの基本構成では、埋め込みベクトルのコサイン類似度を単独で重複判定へ使うと、同じ意味を独立に説明した別文書まで重複と判断する可能性があります。,ATOM(cosine_compatible=true),ATOM,general_technical_claim,可能,5.2.2 (docs/5.根拠を選別・整形する/5.2.重複排除とDiversity.md:42),SRC-005;SRC-007;SRC-014;SRC-035;SRC-037,UNVERIFIED_CANDIDATE_URL_ONLY,BACKGROUND_CITATION,,cosine_compatible=true,,REWRITE_REQUIRED,権威性=候補一次資料のみ; 直接性=locator未確認; 網羅性=未支持atom=cosine_compatible=true; 主張極性=BACKGROUND_CITATIONとして再分類; スコープ=PASS_AFTER_TEST_SCOPE_QUALIFICATION; モダリティ=PASS_AFTER_HYPOTHESIS_QUALIFIER; 教材妥当性=PASS_AS_EXPLICIT_TESTABLE_HYPOTHESIS; 形式化妥当性=FAIL_UNSUPPORTED_ATOMS:cosine_compatible=true。「埋め込みベクトルのコサイン類似度を単独で重複判定へ使うと、同じ意味を独立に説明した別文書まで重複と判断する可能性があります。」は候補資料(SRC-005;SRC-007;SRC-014;SRC-035;SRC-037)に直接locatorがなく、一般的事実としてはFAIL_UNSUPPORTED_ATOMS:cosine_compatible=trueが残る。原文の対象と作用を維持したまま、本ガイドの構成または対象データでの検証へスコープを限定すれば教材上の検討事項を保持できる。,,,UNVERIFIED,原文をrevised_sentenceへ置換し、対象データ、比較条件、観測指標、合否閾値を同じ節に追記する。検証後に限り事実表現へ戻し、意味を保存して再形式化する。,,,,,INCONCLUSIVE,NOT_APPLICABLE_UNPROVED,,,codex-independent-wave4,2026-08-15,INDEPENDENT_REVIEW_COMPLETE,PARTIAL_CANDIDATE_SOURCE_ONLY,FAIL_NO_DIRECT_LOCATOR,FAIL_UNSUPPORTED_ATOMS:cosine_compatible=true,BACKGROUND_CITATION,PASS_AFTER_TEST_SCOPE_QUALIFICATION,PASS_AFTER_HYPOTHESIS_QUALIFIER,PASS_AS_EXPLICIT_TESTABLE_HYPOTHESIS,FAIL_UNSUPPORTED_ATOMS:cosine_compatible=true
SENT-1912,52bebecfb2a435d0e7ff2efea557c5799674ded6,隣接チャンクは、同じ段落を重なり付きで分割した結果かもしれません。,本ガイドの基本構成では、隣接チャンクは、同じ段落を重なり付きで分割した結果かもしれません。,NOT(ATOM(empirical_result=true)),NOT,general_technical_claim,ません,5.2.2 (docs/5.根拠を選別・整形する/5.2.重複排除とDiversity.md:48),SRC-083,UNVERIFIED_CANDIDATE_URL_ONLY,EMPIRICAL_RESULT,empirical_result=true,,NOT,REWRITE_REQUIRED,権威性=候補一次資料のみ; 直接性=locator未確認; 網羅性=関係NOT自体の根拠未確認; 主張極性=EMPIRICAL_RESULTとして再分類; スコープ=PASS_AFTER_TEST_SCOPE_QUALIFICATION; モダリティ=PASS_AFTER_HYPOTHESIS_QUALIFIER; 教材妥当性=PASS_AS_EXPLICIT_TESTABLE_HYPOTHESIS; 形式化妥当性=FAIL_RELATION_NOT。「隣接チャンクは、同じ段落を重なり付きで分割した結果かもしれません。」は候補資料(SRC-083)に直接locatorがなく、一般的事実としてはFAIL_RELATION_NOTが残る。原文の対象と作用を維持したまま、本ガイドの構成または対象データでの検証へスコープを限定すれば教材上の検討事項を保持できる。,,,UNVERIFIED,原文をrevised_sentenceへ置換し、対象データ、比較条件、観測指標、合否閾値を同じ節に追記する。検証後に限り事実表現へ戻し、意味を保存して再形式化する。,,,,,INCONCLUSIVE,NOT_APPLICABLE_UNPROVED,,,codex-independent-wave4,2026-08-15,INDEPENDENT_REVIEW_COMPLETE,PARTIAL_CANDIDATE_SOURCE_ONLY,FAIL_NO_DIRECT_LOCATOR,FAIL_RELATION_NOT,EMPIRICAL_RESULT,PASS_AFTER_TEST_SCOPE_QUALIFICATION,PASS_AFTER_HYPOTHESIS_QUALIFIER,PASS_AS_EXPLICIT_TESTABLE_HYPOTHESIS,FAIL_RELATION_NOT
SENT-1914,52bebecfb2a435d0e7ff2efea557c5799674ded6,結合後も、元チャンクと原文範囲の対応を保持します。,結合後も、元チャンクと原文範囲の対応を保持します。,ATOM(original_text_preserved=true),ATOM,general_technical_claim,UNCLASSIFIED,5.2.2 (docs/5.根拠を選別・整形する/5.2.重複排除とDiversity.md:51),SRC-005;SRC-007;SRC-014;SRC-035;SRC-037,NOT_APPLICABLE_LOCAL_NORM,HYPOTHESIS,,original_text_preserved=true,,APPROPRIATE_NORMATIVE,権威性=候補一次資料のみ; 直接性=locator未確認; 網羅性=未支持atom=original_text_preserved=true; 主張極性=HYPOTHESISとして再分類; スコープ=PASS_LOCAL_DESIGN_POLICY; モダリティ=PASS_AS_DISCLOSED_NORMATIVE_RULE; 教材妥当性=PASS_AFTER_EXPLICIT_CRITERIA_AND_EXCEPTION; 形式化妥当性=FAIL_UNSUPPORTED_ATOMS:original_text_preserved=true。「結合後も、元チャンクと原文範囲の対応を保持します。」は外的真偽の断定ではなく、対象・処理・判断を特定した設計・運用上の選択規則として読める。ただし候補資料(SRC-005;SRC-007;SRC-014;SRC-035;SRC-037)はURL単位で、直接locatorは未確認。規範の判断基準と例外を明示すれば教材として採用できる。形式面ではFAIL_UNSUPPORTED_ATOMS:original_text_preserved=trueを別途解消する必要がある。,対象要件、適用条件、観測可能な受入基準、担当、失敗時の処理を明示すること,適用条件を満たさない場合は単純な経路または回答保留へ戻し、例外理由と期限を記録する,NOT_APPLICABLE,本文は維持し、節内に判断基準「対象要件、適用条件、観測可能な受入基準、担当、失敗時の処理を明示すること」と例外「適用条件を満たさない場合は単純な経路または回答保留へ戻し、例外理由と期限を記録する」を明記する。経験的な効果保証とは分離し、意味を保存して再形式化する。,,,,,INCONCLUSIVE,NOT_APPLICABLE_UNPROVED,,,codex-independent-wave4,2026-08-15,INDEPENDENT_REVIEW_COMPLETE,PARTIAL_CANDIDATE_SOURCE_ONLY,FAIL_NO_DIRECT_LOCATOR,FAIL_UNSUPPORTED_ATOMS:original_text_preserved=true,HYPOTHESIS,PASS_LOCAL_DESIGN_POLICY,PASS_AS_DISCLOSED_NORMATIVE_RULE,PASS_AFTER_EXPLICIT_CRITERIA_AND_EXCEPTION,FAIL_UNSUPPORTED_ATOMS:original_text_preserved=true
SENT-1917,52bebecfb2a435d0e7ff2efea557c5799674ded6,親子検索では、複数の子チャンクが同じ親へ展開された時点で、親を一件にまとめます。,本ガイドの基本構成では、親子検索では、複数の子チャンクが同じ親へ展開された時点で、親を一件にまとめます。,"AND(ATOM(retrieval=true), ATOM(temporal_freshness=true))",AND,general_technical_claim,UNCLASSIFIED,5.2.2 (docs/5.根拠を選別・整形する/5.2.重複排除とDiversity.md:55),SRC-080;SRC-083,UNVERIFIED_CANDIDATE_URL_ONLY,BACKGROUND_CITATION,retrieval=true,temporal_freshness=true,,REWRITE_REQUIRED,権威性=候補一次資料のみ; 直接性=locator未確認; 網羅性=未支持atom=temporal_freshness=true; 主張極性=BACKGROUND_CITATIONとして再分類; スコープ=PASS_AFTER_TEST_SCOPE_QUALIFICATION; モダリティ=PASS_AFTER_HYPOTHESIS_QUALIFIER; 教材妥当性=PASS_AS_EXPLICIT_TESTABLE_HYPOTHESIS; 形式化妥当性=FAIL_UNSUPPORTED_ATOMS:temporal_freshness=true。「親子検索では、複数の子チャンクが同じ親へ展開された時点で、親を一件にまとめます。」は候補資料(SRC-080;SRC-083)に直接locatorがなく、一般的事実としてはFAIL_UNSUPPORTED_ATOMS:temporal_freshness=trueが残る。原文の対象と作用を維持したまま、本ガイドの構成または対象データでの検証へスコープを限定すれば教材上の検討事項を保持できる。,,,UNVERIFIED,原文をrevised_sentenceへ置換し、対象データ、比較条件、観測指標、合否閾値を同じ節に追記する。検証後に限り事実表現へ戻し、意味を保存して再形式化する。,,,,,INCONCLUSIVE,NOT_APPLICABLE_UNPROVED,,,codex-independent-wave4,2026-08-15,INDEPENDENT_REVIEW_COMPLETE,PARTIAL_CANDIDATE_SOURCE_ONLY,FAIL_NO_DIRECT_LOCATOR,FAIL_UNSUPPORTED_ATOMS:temporal_freshness=true,BACKGROUND_CITATION,PASS_AFTER_TEST_SCOPE_QUALIFICATION,PASS_AFTER_HYPOTHESIS_QUALIFIER,PASS_AS_EXPLICIT_TESTABLE_HYPOTHESIS,FAIL_UNSUPPORTED_ATOMS:temporal_freshness=true
SENT-1927,52bebecfb2a435d0e7ff2efea557c5799674ded6,MMRの研究は、検索結果と要約の多様化へ利用しました。,本ガイドでは、検索結果と要約の多様化へ利用します。,"AND(ATOM(retrieval=true), ATOM(empirical_result=true))",AND,externally_cited_claim,UNCLASSIFIED,5.2.3 (docs/5.根拠を選別・整形する/5.2.重複排除とDiversity.md:71),SRC-082,UNVERIFIED_CANDIDATE_URL_ONLY,EMPIRICAL_RESULT,,empirical_result=true;retrieval=true,,REWRITE_REQUIRED,権威性=候補一次資料のみ; 直接性=locator未確認; 網羅性=未支持atom=empirical_result=true;retrieval=true; 主張極性=EMPIRICAL_RESULTとして再分類; スコープ=PASS_AFTER_CONCRETE_VERSION_OR_EXPERIMENT_SCOPE; モダリティ=PASS_AFTER_CONDITIONAL_OR_REPRODUCTION_WORDING; 教材妥当性=PASS_AFTER_CONCRETE_VERSION_OR_EXPERIMENT_QUALIFIER; 形式化妥当性=FAIL_UNSUPPORTED_ATOMS:empirical_result=true;retrieval=true。「MMRの研究は、検索結果と要約の多様化へ利用しました。」の候補資料(SRC-082)はURL単位で、節・ページ・表・API見出しを独立に確認できていない。現文のFAIL_UNSUPPORTED_ATOMS:empirical_result=true;retrieval=true、版・実験条件、資料内極性を断定せず、具体的な製品前提・ローカル定義・再現試験へ限定すれば教材内容を保持できる。,,,UNVERIFIED,原文をrevised_sentenceの具体文へ置換する。製品文は利用時点のregion/versionを受入条件へ追加し、研究文は同じ指標・比較条件で再現確認する。事実表現へ戻す場合は直接locatorを再監査する。,,,,,INCONCLUSIVE,NOT_APPLICABLE_UNPROVED,,,codex-independent-wave4,2026-08-15,INDEPENDENT_REVIEW_COMPLETE,PARTIAL_CANDIDATE_SOURCE_ONLY,FAIL_NO_DIRECT_LOCATOR,FAIL_UNSUPPORTED_ATOMS:empirical_result=true;retrieval=true,EMPIRICAL_RESULT,PASS_AFTER_CONCRETE_VERSION_OR_EXPERIMENT_SCOPE,PASS_AFTER_CONDITIONAL_OR_REPRODUCTION_WORDING,PASS_AFTER_CONCRETE_VERSION_OR_EXPERIMENT_QUALIFIER,FAIL_UNSUPPORTED_ATOMS:empirical_result=true;retrieval=true
SENT-1937,52bebecfb2a435d0e7ff2efea557c5799674ded6,内容ハッシュで分かる完全重複は再順位付け前に除き、同じ候補へ高価なモデルを繰り返し適用しません。,内容ハッシュで分かる完全重複は再順位付け前に除き、同じ候補へ高価なモデルを繰り返し適用しません。,NOT(ATOM(rerank=true)),NOT,general_technical_claim,ません,5.2.4 (docs/5.根拠を選別・整形する/5.2.重複排除とDiversity.md:87),SRC-082;SRC-083,NOT_APPLICABLE_LOCAL_NORM,HYPOTHESIS,rerank=true,,NOT,APPROPRIATE_NORMATIVE,権威性=候補一次資料のみ; 直接性=locator未確認; 網羅性=関係NOT自体の根拠未確認; 主張極性=HYPOTHESISとして再分類; スコープ=PASS_LOCAL_DESIGN_POLICY; モダリティ=PASS_AS_DISCLOSED_NORMATIVE_RULE; 教材妥当性=PASS_AFTER_EXPLICIT_CRITERIA_AND_EXCEPTION; 形式化妥当性=FAIL_RELATION_NOT。「内容ハッシュで分かる完全重複は再順位付け前に除き、同じ候補へ高価なモデルを繰り返し適用しません。」は外的真偽の断定ではなく、対象・処理・判断を特定した設計・運用上の選択規則として読める。ただし候補資料(SRC-082;SRC-083)はURL単位で、直接locatorは未確認。規範の判断基準と例外を明示すれば教材として採用できる。形式面ではFAIL_RELATION_NOTを別途解消する必要がある。,禁止対象、禁止理由、代替経路を明示し、安全性・再現性・追跡性のいずれを守る規則か検査できること,禁止理由を満たす別の統制が同等以上の証拠で確認できる場合のみ例外とし、理由と期限を記録する,NOT_APPLICABLE,本文は維持し、節内に判断基準「禁止対象、禁止理由、代替経路を明示し、安全性・再現性・追跡性のいずれを守る規則か検査できること」と例外「禁止理由を満たす別の統制が同等以上の証拠で確認できる場合のみ例外とし、理由と期限を記録する」を明記する。経験的な効果保証とは分離し、意味を保存して再形式化する。,,,,,INCONCLUSIVE,NOT_APPLICABLE_UNPROVED,,,codex-independent-wave4,2026-08-15,INDEPENDENT_REVIEW_COMPLETE,PARTIAL_CANDIDATE_SOURCE_ONLY,FAIL_NO_DIRECT_LOCATOR,FAIL_RELATION_NOT,HYPOTHESIS,PASS_LOCAL_DESIGN_POLICY,PASS_AS_DISCLOSED_NORMATIVE_RULE,PASS_AFTER_EXPLICIT_CRITERIA_AND_EXCEPTION,FAIL_RELATION_NOT
SENT-1938,52bebecfb2a435d0e7ff2efea557c5799674ded6,意味的な近似重複と多様性は、再順位付け後の関連度を使って判断した方が、主要根拠を保ちやすい場合があります。,意味的な近似重複と多様性は、再順位付け後の関連度を使って判断した方が、主要根拠を保ちやすい場合を想定し、その発生条件と影響を対象データで確認します。,UNFORMALIZED,UNFORMALIZED,general_technical_claim,場合があります,5.2.4 (docs/5.根拠を選別・整形する/5.2.重複排除とDiversity.md:89),SRC-005;SRC-007;SRC-014;SRC-035;SRC-037,UNVERIFIED_CANDIDATE_URL_ONLY,BACKGROUND_CITATION,,,,REWRITE_REQUIRED,権威性=候補一次資料のみ; 直接性=locator未確認; 網羅性=未支持atom=none-explicit; 主張極性=BACKGROUND_CITATIONとして再分類; スコープ=PASS_AFTER_TEST_SCOPE_QUALIFICATION; モダリティ=PASS_AFTER_HYPOTHESIS_QUALIFIER; 教材妥当性=PASS_AS_EXPLICIT_TESTABLE_HYPOTHESIS; 形式化妥当性=FAIL_UNFORMALIZED。「意味的な近似重複と多様性は、再順位付け後の関連度を使って判断した方が、主要根拠を保ちやすい場合があります。」は候補資料(SRC-005;SRC-007;SRC-014;SRC-035;SRC-037)に直接locatorがなく、一般的事実としてはFAIL_UNFORMALIZEDが残る。原文の対象と作用を維持したまま、本ガイドの構成または対象データでの検証へスコープを限定すれば教材上の検討事項を保持できる。,,,UNVERIFIED,原文をrevised_sentenceへ置換し、対象データ、比較条件、観測指標、合否閾値を同じ節に追記する。検証後に限り事実表現へ戻し、意味を保存して再形式化する。,,,,,INCONCLUSIVE,NOT_APPLICABLE_UNPROVED,,,codex-independent-wave4,2026-08-15,INDEPENDENT_REVIEW_COMPLETE,PARTIAL_CANDIDATE_SOURCE_ONLY,FAIL_NO_DIRECT_LOCATOR,FAIL_UNFORMALIZED,BACKGROUND_CITATION,PASS_AFTER_TEST_SCOPE_QUALIFICATION,PASS_AFTER_HYPOTHESIS_QUALIFIER,PASS_AS_EXPLICIT_TESTABLE_HYPOTHESIS,FAIL_UNFORMALIZED
SENT-1939,52bebecfb2a435d0e7ff2efea557c5799674ded6,隣接チャンクを結合する場合は、最大、平均、最上位の順位保持など、スコア統合規則を定めます。,隣接チャンクを結合する場合は、最大、平均、最上位の順位保持など、スコア統合規則を定めます。,UNFORMALIZED,UNFORMALIZED,general_technical_claim,UNCLASSIFIED,5.2.4 (docs/5.根拠を選別・整形する/5.2.重複排除とDiversity.md:90),SRC-005;SRC-007;SRC-014;SRC-035;SRC-037,NOT_APPLICABLE_LOCAL_NORM,HYPOTHESIS,,,,APPROPRIATE_NORMATIVE,権威性=候補一次資料のみ; 直接性=locator未確認; 網羅性=未支持atom=none-explicit; 主張極性=HYPOTHESISとして再分類; スコープ=PASS_LOCAL_DESIGN_POLICY; モダリティ=PASS_AS_DISCLOSED_NORMATIVE_RULE; 教材妥当性=PASS_AFTER_EXPLICIT_CRITERIA_AND_EXCEPTION; 形式化妥当性=FAIL_UNFORMALIZED。「隣接チャンクを結合する場合は、最大、平均、最上位の順位保持など、スコア統合規則を定めます。」は外的真偽の断定ではなく、対象・処理・判断を特定した設計・運用上の選択規則として読める。ただし候補資料(SRC-005;SRC-007;SRC-014;SRC-035;SRC-037)はURL単位で、直接locatorは未確認。規範の判断基準と例外を明示すれば教材として採用できる。形式面ではFAIL_UNFORMALIZEDを別途解消する必要がある。,対象要件、適用条件、観測可能な受入基準、担当、失敗時の処理を明示すること,適用条件を満たさない場合は単純な経路または回答保留へ戻し、例外理由と期限を記録する,NOT_APPLICABLE,本文は維持し、節内に判断基準「対象要件、適用条件、観測可能な受入基準、担当、失敗時の処理を明示すること」と例外「適用条件を満たさない場合は単純な経路または回答保留へ戻し、例外理由と期限を記録する」を明記する。経験的な効果保証とは分離し、意味を保存して再形式化する。,,,,,INCONCLUSIVE,NOT_APPLICABLE_UNPROVED,,,codex-independent-wave4,2026-08-15,INDEPENDENT_REVIEW_COMPLETE,PARTIAL_CANDIDATE_SOURCE_ONLY,FAIL_NO_DIRECT_LOCATOR,FAIL_UNFORMALIZED,HYPOTHESIS,PASS_LOCAL_DESIGN_POLICY,PASS_AS_DISCLOSED_NORMATIVE_RULE,PASS_AFTER_EXPLICIT_CRITERIA_AND_EXCEPTION,FAIL_UNFORMALIZED
SENT-1942,52bebecfb2a435d0e7ff2efea557c5799674ded6,代表チャンク一件へ統合しても、根拠の出所を一件へ縮めてはいけません。,本ガイドの基本構成では、代表チャンク一件へ統合しても、根拠の出所を一件へ縮めてはいけません。,NOT(ATOM(evidence_support=true)),NOT,general_technical_claim,ません,5.2.5 (docs/5.根拠を選別・整形する/5.2.重複排除とDiversity.md:97),SRC-005;SRC-007;SRC-037,UNVERIFIED_CANDIDATE_URL_ONLY,BACKGROUND_CITATION,evidence_support=true,,NOT,REWRITE_REQUIRED,権威性=候補一次資料のみ; 直接性=locator未確認; 網羅性=関係NOT自体の根拠未確認; 主張極性=BACKGROUND_CITATIONとして再分類; スコープ=PASS_AFTER_TEST_SCOPE_QUALIFICATION; モダリティ=PASS_AFTER_HYPOTHESIS_QUALIFIER; 教材妥当性=PASS_AS_EXPLICIT_TESTABLE_HYPOTHESIS; 形式化妥当性=FAIL_RELATION_NOT。「代表チャンク一件へ統合しても、根拠の出所を一件へ縮めてはいけません。」は候補資料(SRC-005;SRC-007;SRC-037)に直接locatorがなく、一般的事実としてはFAIL_RELATION_NOTが残る。原文の対象と作用を維持したまま、本ガイドの構成または対象データでの検証へスコープを限定すれば教材上の検討事項を保持できる。,,,UNVERIFIED,原文をrevised_sentenceへ置換し、対象データ、比較条件、観測指標、合否閾値を同じ節に追記する。検証後に限り事実表現へ戻し、意味を保存して再形式化する。,,,,,INCONCLUSIVE,NOT_APPLICABLE_UNPROVED,,,codex-independent-wave4,2026-08-15,INDEPENDENT_REVIEW_COMPLETE,PARTIAL_CANDIDATE_SOURCE_ONLY,FAIL_NO_DIRECT_LOCATOR,FAIL_RELATION_NOT,BACKGROUND_CITATION,PASS_AFTER_TEST_SCOPE_QUALIFICATION,PASS_AFTER_HYPOTHESIS_QUALIFIER,PASS_AS_EXPLICIT_TESTABLE_HYPOTHESIS,FAIL_RELATION_NOT
SENT-1954,52bebecfb2a435d0e7ff2efea557c5799674ded6,相互順位統合（Reciprocal Rank Fusion：RRF）は、BM25と密検索のスコア尺度を揃えずに順位を統合できます。,相互順位統合（Reciprocal Rank Fusion：RRF）は、BM25と密検索のスコア尺度を揃えずに順位を統合できるかを、対象データと固定した比較条件で検証します。,"AND(ATOM(dense=true), ATOM(retrieval=true))",AND,concrete_technology_claim,できます,5.3.1 (docs/5.根拠を選別・整形する/5.3.Reranking.md:11),SRC-005;SRC-064,UNVERIFIED_CANDIDATE_URL_ONLY,DEFINITION_OR_SPEC,retrieval=true,dense=true,,REWRITE_REQUIRED,権威性=候補一次資料のみ; 直接性=locator未確認; 網羅性=未支持atom=dense=true; 主張極性=DEFINITION_OR_SPECとして再分類; スコープ=PASS_AFTER_CONCRETE_VERSION_OR_EXPERIMENT_SCOPE; モダリティ=PASS_AFTER_CONDITIONAL_OR_REPRODUCTION_WORDING; 教材妥当性=PASS_AFTER_CONCRETE_VERSION_OR_EXPERIMENT_QUALIFIER; 形式化妥当性=FAIL_UNSUPPORTED_ATOMS:dense=true。「相互順位統合（Reciprocal Rank Fusion：RRF）は、BM25と密検索のスコア尺度を揃えずに順位を統合できます。」の候補資料(SRC-005;SRC-064)はURL単位で、節・ページ・表・API見出しを独立に確認できていない。現文のFAIL_UNSUPPORTED_ATOMS:dense=true、版・実験条件、資料内極性を断定せず、具体的な製品前提・ローカル定義・再現試験へ限定すれば教材内容を保持できる。,,,UNVERIFIED,原文をrevised_sentenceの具体文へ置換する。製品文は利用時点のregion/versionを受入条件へ追加し、研究文は同じ指標・比較条件で再現確認する。事実表現へ戻す場合は直接locatorを再監査する。,,,,,INCONCLUSIVE,NOT_APPLICABLE_UNPROVED,,,codex-independent-wave4,2026-08-15,INDEPENDENT_REVIEW_COMPLETE,PARTIAL_CANDIDATE_SOURCE_ONLY,FAIL_NO_DIRECT_LOCATOR,FAIL_UNSUPPORTED_ATOMS:dense=true,DEFINITION_OR_SPEC,PASS_AFTER_CONCRETE_VERSION_OR_EXPERIMENT_SCOPE,PASS_AFTER_CONDITIONAL_OR_REPRODUCTION_WORDING,PASS_AFTER_CONCRETE_VERSION_OR_EXPERIMENT_QUALIFIER,FAIL_UNSUPPORTED_ATOMS:dense=true
SENT-1958,52bebecfb2a435d0e7ff2efea557c5799674ded6,正解が候補にない場合は候補生成を、候補にはあるが順位が低い場合は順位統合または再順位付けを調べます。,正解が候補にない場合は候補生成を、候補にはあるが順位が低い場合は順位統合または再順位付けを調べます。,"NOT(AND(ATOM(rerank=true), ATOM(generation=true)))",NOT,general_technical_claim,ない,5.3.1 (docs/5.根拠を選別・整形する/5.3.Reranking.md:16),SRC-084,NOT_APPLICABLE_LOCAL_NORM,HYPOTHESIS,generation=true;rerank=true,,NOT,APPROPRIATE_NORMATIVE,権威性=候補一次資料のみ; 直接性=locator未確認; 網羅性=関係NOT自体の根拠未確認; 主張極性=HYPOTHESISとして再分類; スコープ=PASS_LOCAL_DESIGN_POLICY; モダリティ=PASS_AS_DISCLOSED_NORMATIVE_RULE; 教材妥当性=PASS_AFTER_EXPLICIT_CRITERIA_AND_EXCEPTION; 形式化妥当性=FAIL_RELATION_NOT。「正解が候補にない場合は候補生成を、候補にはあるが順位が低い場合は順位統合または再順位付けを調べます。」は外的真偽の断定ではなく、対象・処理・判断を特定した設計・運用上の選択規則として読める。ただし候補資料(SRC-084)はURL単位で、直接locatorは未確認。規範の判断基準と例外を明示すれば教材として採用できる。形式面ではFAIL_RELATION_NOTを別途解消する必要がある。,禁止対象、禁止理由、代替経路を明示し、安全性・再現性・追跡性のいずれを守る規則か検査できること,禁止理由を満たす別の統制が同等以上の証拠で確認できる場合のみ例外とし、理由と期限を記録する,NOT_APPLICABLE,本文は維持し、節内に判断基準「禁止対象、禁止理由、代替経路を明示し、安全性・再現性・追跡性のいずれを守る規則か検査できること」と例外「禁止理由を満たす別の統制が同等以上の証拠で確認できる場合のみ例外とし、理由と期限を記録する」を明記する。経験的な効果保証とは分離し、意味を保存して再形式化する。,,,,,INCONCLUSIVE,NOT_APPLICABLE_UNPROVED,,,codex-independent-wave4,2026-08-15,INDEPENDENT_REVIEW_COMPLETE,PARTIAL_CANDIDATE_SOURCE_ONLY,FAIL_NO_DIRECT_LOCATOR,FAIL_RELATION_NOT,HYPOTHESIS,PASS_LOCAL_DESIGN_POLICY,PASS_AS_DISCLOSED_NORMATIVE_RULE,PASS_AFTER_EXPLICIT_CRITERIA_AND_EXCEPTION,FAIL_RELATION_NOT
SENT-1973,52bebecfb2a435d0e7ff2efea557c5799674ded6,LLMによる追加学習なしの一覧比較は、候補IDの並びを生成させ、文書順位付け用の教師データを使わない再順位付けを評価しました。,候補IDの並びを生成させ、文書順位付け用の教師データを使わない再順位付けを対象データでも同じ指標で評価します。,"NOT(AND(AND(AND(AND(ATOM(learned=true), ATOM(rerank=true)), ATOM(listwise=true)), ATOM(generation=true)), ATOM(evaluation=true)))",NOT,externally_cited_claim,ない,5.3.2 (docs/5.根拠を選別・整形する/5.3.Reranking.md:40),SRC-085;SRC-088,UNVERIFIED_CANDIDATE_URL_ONLY,EMPIRICAL_RESULT,evaluation=true;generation=true;listwise=true;rerank=true,learned=true,NOT,REWRITE_REQUIRED,権威性=候補一次資料のみ; 直接性=locator未確認; 網羅性=関係NOT自体の根拠未確認; 主張極性=EMPIRICAL_RESULTとして再分類; スコープ=PASS_AFTER_CONCRETE_VERSION_OR_EXPERIMENT_SCOPE; モダリティ=PASS_AFTER_CONDITIONAL_OR_REPRODUCTION_WORDING; 教材妥当性=PASS_AFTER_CONCRETE_VERSION_OR_EXPERIMENT_QUALIFIER; 形式化妥当性=FAIL_RELATION_NOT。「LLMによる追加学習なしの一覧比較は、候補IDの並びを生成させ、文書順位付け用の教師データを使わない再順位付けを評価しました。」の候補資料(SRC-085;SRC-088)はURL単位で、節・ページ・表・API見出しを独立に確認できていない。現文のFAIL_RELATION_NOT、版・実験条件、資料内極性を断定せず、具体的な製品前提・ローカル定義・再現試験へ限定すれば教材内容を保持できる。,,,UNVERIFIED,原文をrevised_sentenceの具体文へ置換する。製品文は利用時点のregion/versionを受入条件へ追加し、研究文は同じ指標・比較条件で再現確認する。事実表現へ戻す場合は直接locatorを再監査する。,,,,,INCONCLUSIVE,NOT_APPLICABLE_UNPROVED,,,codex-independent-wave4,2026-08-15,INDEPENDENT_REVIEW_COMPLETE,PARTIAL_CANDIDATE_SOURCE_ONLY,FAIL_NO_DIRECT_LOCATOR,FAIL_RELATION_NOT,EMPIRICAL_RESULT,PASS_AFTER_CONCRETE_VERSION_OR_EXPERIMENT_SCOPE,PASS_AFTER_CONDITIONAL_OR_REPRODUCTION_WORDING,PASS_AFTER_CONCRETE_VERSION_OR_EXPERIMENT_QUALIFIER,FAIL_RELATION_NOT
SENT-1975,52bebecfb2a435d0e7ff2efea557c5799674ded6,monoT5は、質問と文書を系列変換モデルへ入力し、「関連」「非関連」に対応する処理単位（トークン）のスコアを順位付けへ利用します。,本ガイドでは、質問と文書を系列変換モデルへ入力し、「関連」「非関連」に対応する処理単位（トークン）のスコアを順位付けへ利用します。,UNFORMALIZED,UNFORMALIZED,externally_cited_claim,UNCLASSIFIED,5.3.2 (docs/5.根拠を選別・整形する/5.3.Reranking.md:43),SRC-086,UNVERIFIED_CANDIDATE_URL_ONLY,AUTHOR_CLAIM,,,,REWRITE_REQUIRED,権威性=候補一次資料のみ; 直接性=locator未確認; 網羅性=未支持atom=none-explicit; 主張極性=AUTHOR_CLAIMとして再分類; スコープ=PASS_AFTER_CONCRETE_VERSION_OR_EXPERIMENT_SCOPE; モダリティ=PASS_AFTER_CONDITIONAL_OR_REPRODUCTION_WORDING; 教材妥当性=PASS_AFTER_CONCRETE_VERSION_OR_EXPERIMENT_QUALIFIER; 形式化妥当性=FAIL_UNFORMALIZED。「monoT5は、質問と文書を系列変換モデルへ入力し、「関連」「非関連」に対応する処理単位（トークン）のスコアを順位付けへ利用します。」の候補資料(SRC-086)はURL単位で、節・ページ・表・API見出しを独立に確認できていない。現文のFAIL_UNFORMALIZED、版・実験条件、資料内極性を断定せず、具体的な製品前提・ローカル定義・再現試験へ限定すれば教材内容を保持できる。,,,UNVERIFIED,原文をrevised_sentenceの具体文へ置換する。製品文は利用時点のregion/versionを受入条件へ追加し、研究文は同じ指標・比較条件で再現確認する。事実表現へ戻す場合は直接locatorを再監査する。,,,,,INCONCLUSIVE,NOT_APPLICABLE_UNPROVED,,,codex-independent-wave4,2026-08-15,INDEPENDENT_REVIEW_COMPLETE,PARTIAL_CANDIDATE_SOURCE_ONLY,FAIL_NO_DIRECT_LOCATOR,FAIL_UNFORMALIZED,AUTHOR_CLAIM,PASS_AFTER_CONCRETE_VERSION_OR_EXPERIMENT_SCOPE,PASS_AFTER_CONDITIONAL_OR_REPRODUCTION_WORDING,PASS_AFTER_CONCRETE_VERSION_OR_EXPERIMENT_QUALIFIER,FAIL_UNFORMALIZED
SENT-1982,52bebecfb2a435d0e7ff2efea557c5799674ded6,LLMを使う再順位付け器は、複数条件、比較、複数段階の関連性を自然言語の指示で評価できます。,LLMを使う再順位付け器は、複数条件、比較、複数段階の関連性を自然言語の指示で評価できるかを、対象データと固定した比較条件で検証します。,"AND(AND(ATOM(rerank=true), ATOM(multi_hop=true)), ATOM(evaluation=true))",AND,general_technical_claim,できます,5.3.2 (docs/5.根拠を選別・整形する/5.3.Reranking.md:53),SRC-088;SRC-085;SRC-086,UNVERIFIED_CANDIDATE_URL_ONLY,EMPIRICAL_RESULT,evaluation=true;rerank=true,multi_hop=true,,REWRITE_REQUIRED,権威性=候補一次資料のみ; 直接性=locator未確認; 網羅性=未支持atom=multi_hop=true; 主張極性=EMPIRICAL_RESULTとして再分類; スコープ=PASS_AFTER_TEST_SCOPE_QUALIFICATION; モダリティ=PASS_AFTER_HYPOTHESIS_QUALIFIER; 教材妥当性=PASS_AS_EXPLICIT_TESTABLE_HYPOTHESIS; 形式化妥当性=FAIL_UNSUPPORTED_ATOMS:multi_hop=true。「LLMを使う再順位付け器は、複数条件、比較、複数段階の関連性を自然言語の指示で評価できます。」は候補資料(SRC-088;SRC-085;SRC-086)に直接locatorがなく、一般的事実としてはFAIL_UNSUPPORTED_ATOMS:multi_hop=trueが残る。原文の対象と作用を維持したまま、本ガイドの構成または対象データでの検証へスコープを限定すれば教材上の検討事項を保持できる。,,,UNVERIFIED,原文をrevised_sentenceへ置換し、対象データ、比較条件、観測指標、合否閾値を同じ節に追記する。検証後に限り事実表現へ戻し、意味を保存して再形式化する。,,,,,INCONCLUSIVE,NOT_APPLICABLE_UNPROVED,,,codex-independent-wave4,2026-08-15,INDEPENDENT_REVIEW_COMPLETE,PARTIAL_CANDIDATE_SOURCE_ONLY,FAIL_NO_DIRECT_LOCATOR,FAIL_UNSUPPORTED_ATOMS:multi_hop=true,EMPIRICAL_RESULT,PASS_AFTER_TEST_SCOPE_QUALIFICATION,PASS_AFTER_HYPOTHESIS_QUALIFIER,PASS_AS_EXPLICIT_TESTABLE_HYPOTHESIS,FAIL_UNSUPPORTED_ATOMS:multi_hop=true
SENT-1990,52bebecfb2a435d0e7ff2efea557c5799674ded6,一方、最初のBM25順位を無作為化すると性能が大きく下がり、すべてのLLMや言語で一様に強いわけではありませんでした。,本ガイドの基本構成では、一方、最初のBM25順位を無作為化すると性能が大きく下がり、すべてのLLMや言語で一様に強いわけではありませんでした。,UNFORMALIZED,UNFORMALIZED,concrete_technology_claim,すべて;ません,5.3.2 (docs/5.根拠を選別・整形する/5.3.Reranking.md:64),SRC-005,UNVERIFIED_CANDIDATE_URL_ONLY,DEFINITION_OR_SPEC,,,,REWRITE_REQUIRED,権威性=候補一次資料のみ; 直接性=locator未確認; 網羅性=未支持atom=none-explicit; 主張極性=DEFINITION_OR_SPECとして再分類; スコープ=PASS_AFTER_CONCRETE_VERSION_OR_EXPERIMENT_SCOPE; モダリティ=PASS_AFTER_CONDITIONAL_OR_REPRODUCTION_WORDING; 教材妥当性=PASS_AFTER_CONCRETE_VERSION_OR_EXPERIMENT_QUALIFIER; 形式化妥当性=FAIL_UNFORMALIZED。「一方、最初のBM25順位を無作為化すると性能が大きく下がり、すべてのLLMや言語で一様に強いわけではありませんでした。」の候補資料(SRC-005)はURL単位で、節・ページ・表・API見出しを独立に確認できていない。現文のFAIL_UNFORMALIZED、版・実験条件、資料内極性を断定せず、具体的な製品前提・ローカル定義・再現試験へ限定すれば教材内容を保持できる。,,,UNVERIFIED,原文をrevised_sentenceの具体文へ置換する。製品文は利用時点のregion/versionを受入条件へ追加し、研究文は同じ指標・比較条件で再現確認する。事実表現へ戻す場合は直接locatorを再監査する。,,,,,INCONCLUSIVE,NOT_APPLICABLE_UNPROVED,,,codex-independent-wave4,2026-08-15,INDEPENDENT_REVIEW_COMPLETE,PARTIAL_CANDIDATE_SOURCE_ONLY,FAIL_NO_DIRECT_LOCATOR,FAIL_UNFORMALIZED,DEFINITION_OR_SPEC,PASS_AFTER_CONCRETE_VERSION_OR_EXPERIMENT_SCOPE,PASS_AFTER_CONDITIONAL_OR_REPRODUCTION_WORDING,PASS_AFTER_CONCRETE_VERSION_OR_EXPERIMENT_QUALIFIER,FAIL_UNFORMALIZED
SENT-1993,52bebecfb2a435d0e7ff2efea557c5799674ded6,失敗時は認可済みで検証済みの交差符号化型再順位付け器または統合順位へ戻します。,本ガイドの基本構成では、失敗時は認可済みで検証済みの交差符号化型再順位付け器または統合順位へ戻します。,"AND(AND(ATOM(rerank=true), ATOM(verification=true)), ATOM(authorization=true))",AND,concrete_technology_claim,UNCLASSIFIED,5.3.2 (docs/5.根拠を選別・整形する/5.3.Reranking.md:68),SRC-084,UNVERIFIED_CANDIDATE_URL_ONLY,DEFINITION_OR_SPEC,rerank=true,authorization=true;verification=true,,REWRITE_REQUIRED,権威性=候補一次資料のみ; 直接性=locator未確認; 網羅性=未支持atom=authorization=true;verification=true; 主張極性=DEFINITION_OR_SPECとして再分類; スコープ=PASS_AFTER_CONCRETE_VERSION_OR_EXPERIMENT_SCOPE; モダリティ=PASS_AFTER_CONDITIONAL_OR_REPRODUCTION_WORDING; 教材妥当性=PASS_AFTER_CONCRETE_VERSION_OR_EXPERIMENT_QUALIFIER; 形式化妥当性=FAIL_UNSUPPORTED_ATOMS:authorization=true;verification=true。「失敗時は認可済みで検証済みの交差符号化型再順位付け器または統合順位へ戻します。」の候補資料(SRC-084)はURL単位で、節・ページ・表・API見出しを独立に確認できていない。現文のFAIL_UNSUPPORTED_ATOMS:authorization=true;verification=true、版・実験条件、資料内極性を断定せず、具体的な製品前提・ローカル定義・再現試験へ限定すれば教材内容を保持できる。,,,UNVERIFIED,原文をrevised_sentenceの具体文へ置換する。製品文は利用時点のregion/versionを受入条件へ追加し、研究文は同じ指標・比較条件で再現確認する。事実表現へ戻す場合は直接locatorを再監査する。,,,,,INCONCLUSIVE,NOT_APPLICABLE_UNPROVED,,,codex-independent-wave4,2026-08-15,INDEPENDENT_REVIEW_COMPLETE,PARTIAL_CANDIDATE_SOURCE_ONLY,FAIL_NO_DIRECT_LOCATOR,FAIL_UNSUPPORTED_ATOMS:authorization=true;verification=true,DEFINITION_OR_SPEC,PASS_AFTER_CONCRETE_VERSION_OR_EXPERIMENT_SCOPE,PASS_AFTER_CONDITIONAL_OR_REPRODUCTION_WORDING,PASS_AFTER_CONCRETE_VERSION_OR_EXPERIMENT_QUALIFIER,FAIL_UNSUPPORTED_ATOMS:authorization=true;verification=true
SENT-1997,52bebecfb2a435d0e7ff2efea557c5799674ded6,Nを増やすと正解根拠が候補へ入りやすくなる一方、再順位付け器の呼び出し回数、応答時間、費用が増えます。,Nを増やすと正解根拠が候補へ入りやすくなる一方、再順位付け器の呼び出し回数、応答時間、費用が増える条件と影響量を、対象データで測定します。,"AND(AND(AND(AND(ATOM(rerank=true), ATOM(evidence_support=true)), ATOM(temporal_freshness=true)), ATOM(latency=true)), ATOM(cost=true))",AND,general_technical_claim,UNCLASSIFIED,5.3.3 (docs/5.根拠を選別・整形する/5.3.Reranking.md:77),SRC-005;SRC-084;SRC-085;SRC-086;SRC-088,UNVERIFIED_CANDIDATE_URL_ONLY,BACKGROUND_CITATION,evidence_support=true;rerank=true,cost=true;latency=true;temporal_freshness=true,,REWRITE_REQUIRED,権威性=候補一次資料のみ; 直接性=locator未確認; 網羅性=未支持atom=cost=true;latency=true;temporal_freshness=true; 主張極性=BACKGROUND_CITATIONとして再分類; スコープ=PASS_AFTER_TEST_SCOPE_QUALIFICATION; モダリティ=PASS_AFTER_HYPOTHESIS_QUALIFIER; 教材妥当性=PASS_AS_EXPLICIT_TESTABLE_HYPOTHESIS; 形式化妥当性=FAIL_UNSUPPORTED_ATOMS:cost=true;latency=true;temporal_freshness=true。「Nを増やすと正解根拠が候補へ入りやすくなる一方、再順位付け器の呼び出し回数、応答時間、費用が増えます。」は候補資料(SRC-005;SRC-084;SRC-085;SRC-086;SRC-088)に直接locatorがなく、一般的事実としてはFAIL_UNSUPPORTED_ATOMS:cost=true;latency=true;temporal_freshness=trueが残る。原文の対象と作用を維持したまま、本ガイドの構成または対象データでの検証へスコープを限定すれば教材上の検討事項を保持できる。,,,UNVERIFIED,原文をrevised_sentenceへ置換し、対象データ、比較条件、観測指標、合否閾値を同じ節に追記する。検証後に限り事実表現へ戻し、意味を保存して再形式化する。,,,,,INCONCLUSIVE,NOT_APPLICABLE_UNPROVED,,,codex-independent-wave4,2026-08-15,INDEPENDENT_REVIEW_COMPLETE,PARTIAL_CANDIDATE_SOURCE_ONLY,FAIL_NO_DIRECT_LOCATOR,FAIL_UNSUPPORTED_ATOMS:cost=true;latency=true;temporal_freshness=true,BACKGROUND_CITATION,PASS_AFTER_TEST_SCOPE_QUALIFICATION,PASS_AFTER_HYPOTHESIS_QUALIFIER,PASS_AS_EXPLICIT_TESTABLE_HYPOTHESIS,FAIL_UNSUPPORTED_ATOMS:cost=true;latency=true;temporal_freshness=true
SENT-2003,52bebecfb2a435d0e7ff2efea557c5799674ded6,再順位付け器が利用できない場合は、認可済みの第一段階・統合順位へ戻せます。,再順位付け器が利用できない場合は、認可済みの第一段階・統合順位へ戻せます。,"NOT(AND(ATOM(rerank=true), ATOM(authorization=true)))",NOT,general_technical_claim,ない,5.3.3 (docs/5.根拠を選別・整形する/5.3.Reranking.md:85),SRC-084;SRC-085;SRC-086;SRC-088,NOT_APPLICABLE_LOCAL_NORM,HYPOTHESIS,rerank=true,authorization=true,NOT,APPROPRIATE_NORMATIVE,権威性=候補一次資料のみ; 直接性=locator未確認; 網羅性=関係NOT自体の根拠未確認; 主張極性=HYPOTHESISとして再分類; スコープ=PASS_LOCAL_DESIGN_POLICY; モダリティ=PASS_AS_DISCLOSED_NORMATIVE_RULE; 教材妥当性=PASS_AFTER_EXPLICIT_CRITERIA_AND_EXCEPTION; 形式化妥当性=FAIL_RELATION_NOT。「再順位付け器が利用できない場合は、認可済みの第一段階・統合順位へ戻せます。」は外的真偽の断定ではなく、対象・処理・判断を特定した設計・運用上の選択規則として読める。ただし候補資料(SRC-084;SRC-085;SRC-086;SRC-088)はURL単位で、直接locatorは未確認。規範の判断基準と例外を明示すれば教材として採用できる。形式面ではFAIL_RELATION_NOTを別途解消する必要がある。,最小権限を維持し、認可前後の候補、拒否理由、漏えい試験を観測可能にすること,法令・契約・組織方針がより厳しい場合はその基準を優先し、緊急例外も期限と事後監査を必須とする,NOT_APPLICABLE,本文は維持し、節内に判断基準「最小権限を維持し、認可前後の候補、拒否理由、漏えい試験を観測可能にすること」と例外「法令・契約・組織方針がより厳しい場合はその基準を優先し、緊急例外も期限と事後監査を必須とする」を明記する。経験的な効果保証とは分離し、意味を保存して再形式化する。,,,,,INCONCLUSIVE,NOT_APPLICABLE_UNPROVED,,,codex-independent-wave4,2026-08-15,INDEPENDENT_REVIEW_COMPLETE,PARTIAL_CANDIDATE_SOURCE_ONLY,FAIL_NO_DIRECT_LOCATOR,FAIL_RELATION_NOT,HYPOTHESIS,PASS_LOCAL_DESIGN_POLICY,PASS_AS_DISCLOSED_NORMATIVE_RULE,PASS_AFTER_EXPLICIT_CRITERIA_AND_EXCEPTION,FAIL_RELATION_NOT
SENT-2008,52bebecfb2a435d0e7ff2efea557c5799674ded6,全体平均が改善しても、重要質問で必要根拠を落とす、未知の候補IDを出す、処理期限や費用上限を超える場合は採用しません。,全体平均が改善しても、重要質問で必要根拠を落とす、未知の候補IDを出す、処理期限や費用上限を超える場合は採用しません。,"NOT(AND(AND(ATOM(evidence_support=true), ATOM(cost=true)), ATOM(empirical_result=true)))",NOT,empirical_or_research_claim,必要;ません,5.3.4 (docs/5.根拠を選別・整形する/5.3.Reranking.md:94),SRC-005;SRC-064;SRC-084;SRC-085;SRC-086,NOT_APPLICABLE_LOCAL_NORM,HYPOTHESIS,empirical_result=true;evidence_support=true,cost=true,NOT,APPROPRIATE_NORMATIVE,権威性=候補一次資料のみ; 直接性=locator未確認; 網羅性=関係NOT自体の根拠未確認; 主張極性=HYPOTHESISとして再分類; スコープ=PASS_LOCAL_DESIGN_POLICY; モダリティ=PASS_AS_DISCLOSED_NORMATIVE_RULE; 教材妥当性=PASS_AFTER_EXPLICIT_CRITERIA_AND_EXCEPTION; 形式化妥当性=FAIL_RELATION_NOT。「全体平均が改善しても、重要質問で必要根拠を落とす、未知の候補IDを出す、処理期限や費用上限を超える場合は採用しません。」は外的真偽の断定ではなく、対象・処理・判断を特定した設計・運用上の選択規則として読める。ただし候補資料(SRC-005;SRC-064;SRC-084;SRC-085;SRC-086)はURL単位で、直接locatorは未確認。規範の判断基準と例外を明示すれば教材として採用できる。形式面ではFAIL_RELATION_NOTを別途解消する必要がある。,禁止対象、禁止理由、代替経路を明示し、安全性・再現性・追跡性のいずれを守る規則か検査できること,禁止理由を満たす別の統制が同等以上の証拠で確認できる場合のみ例外とし、理由と期限を記録する,NOT_APPLICABLE,本文は維持し、節内に判断基準「禁止対象、禁止理由、代替経路を明示し、安全性・再現性・追跡性のいずれを守る規則か検査できること」と例外「禁止理由を満たす別の統制が同等以上の証拠で確認できる場合のみ例外とし、理由と期限を記録する」を明記する。経験的な効果保証とは分離し、意味を保存して再形式化する。,,,,,INCONCLUSIVE,NOT_APPLICABLE_UNPROVED,,,codex-independent-wave4,2026-08-15,INDEPENDENT_REVIEW_COMPLETE,PARTIAL_CANDIDATE_SOURCE_ONLY,FAIL_NO_DIRECT_LOCATOR,FAIL_RELATION_NOT,HYPOTHESIS,PASS_LOCAL_DESIGN_POLICY,PASS_AS_DISCLOSED_NORMATIVE_RULE,PASS_AFTER_EXPLICIT_CRITERIA_AND_EXCEPTION,FAIL_RELATION_NOT
SENT-2014,52bebecfb2a435d0e7ff2efea557c5799674ded6,関連度ラベルがない初期段階では、RRFと汎用の交差符号化器を基準にできます。,関連度ラベルがない初期段階では、RRFと汎用の交差符号化器を基準にできるかを、対象データと固定した比較条件で検証します。,UNFORMALIZED,UNFORMALIZED,concrete_technology_claim,できます;ない,5.3.4 (docs/5.根拠を選別・整形する/5.3.Reranking.md:103),SRC-064,UNVERIFIED_CANDIDATE_URL_ONLY,DEFINITION_OR_SPEC,,,,REWRITE_REQUIRED,権威性=候補一次資料のみ; 直接性=locator未確認; 網羅性=未支持atom=none-explicit; 主張極性=DEFINITION_OR_SPECとして再分類; スコープ=PASS_AFTER_CONCRETE_VERSION_OR_EXPERIMENT_SCOPE; モダリティ=PASS_AFTER_CONDITIONAL_OR_REPRODUCTION_WORDING; 教材妥当性=PASS_AFTER_CONCRETE_VERSION_OR_EXPERIMENT_QUALIFIER; 形式化妥当性=FAIL_UNFORMALIZED。「関連度ラベルがない初期段階では、RRFと汎用の交差符号化器を基準にできます。」の候補資料(SRC-064)はURL単位で、節・ページ・表・API見出しを独立に確認できていない。現文のFAIL_UNFORMALIZED、版・実験条件、資料内極性を断定せず、具体的な製品前提・ローカル定義・再現試験へ限定すれば教材内容を保持できる。,,,UNVERIFIED,原文をrevised_sentenceの具体文へ置換する。製品文は利用時点のregion/versionを受入条件へ追加し、研究文は同じ指標・比較条件で再現確認する。事実表現へ戻す場合は直接locatorを再監査する。,,,,,INCONCLUSIVE,NOT_APPLICABLE_UNPROVED,,,codex-independent-wave4,2026-08-15,INDEPENDENT_REVIEW_COMPLETE,PARTIAL_CANDIDATE_SOURCE_ONLY,FAIL_NO_DIRECT_LOCATOR,FAIL_UNFORMALIZED,DEFINITION_OR_SPEC,PASS_AFTER_CONCRETE_VERSION_OR_EXPERIMENT_SCOPE,PASS_AFTER_CONDITIONAL_OR_REPRODUCTION_WORDING,PASS_AFTER_CONCRETE_VERSION_OR_EXPERIMENT_QUALIFIER,FAIL_UNFORMALIZED
SENT-2015,52bebecfb2a435d0e7ff2efea557c5799674ded6,十分な人手判定が蓄積した後に、分野向け追加学習、monoT5、RankT5を比較します。,本ガイドの基本構成では、十分な人手判定が蓄積した後に、分野向け追加学習、monoT5、RankT5を比較します。,ATOM(learned=true),ATOM,concrete_technology_claim,UNCLASSIFIED,5.3.4 (docs/5.根拠を選別・整形する/5.3.Reranking.md:104),SRC-086;SRC-087,UNVERIFIED_CANDIDATE_URL_ONLY,DEFINITION_OR_SPEC,,learned=true,,REWRITE_REQUIRED,権威性=候補一次資料のみ; 直接性=locator未確認; 網羅性=未支持atom=learned=true; 主張極性=DEFINITION_OR_SPECとして再分類; スコープ=PASS_AFTER_CONCRETE_VERSION_OR_EXPERIMENT_SCOPE; モダリティ=PASS_AFTER_CONDITIONAL_OR_REPRODUCTION_WORDING; 教材妥当性=PASS_AFTER_CONCRETE_VERSION_OR_EXPERIMENT_QUALIFIER; 形式化妥当性=FAIL_UNSUPPORTED_ATOMS:learned=true。「十分な人手判定が蓄積した後に、分野向け追加学習、monoT5、RankT5を比較します。」の候補資料(SRC-086;SRC-087)はURL単位で、節・ページ・表・API見出しを独立に確認できていない。現文のFAIL_UNSUPPORTED_ATOMS:learned=true、版・実験条件、資料内極性を断定せず、具体的な製品前提・ローカル定義・再現試験へ限定すれば教材内容を保持できる。,,,UNVERIFIED,原文をrevised_sentenceの具体文へ置換する。製品文は利用時点のregion/versionを受入条件へ追加し、研究文は同じ指標・比較条件で再現確認する。事実表現へ戻す場合は直接locatorを再監査する。,,,,,INCONCLUSIVE,NOT_APPLICABLE_UNPROVED,,,codex-independent-wave4,2026-08-15,INDEPENDENT_REVIEW_COMPLETE,PARTIAL_CANDIDATE_SOURCE_ONLY,FAIL_NO_DIRECT_LOCATOR,FAIL_UNSUPPORTED_ATOMS:learned=true,DEFINITION_OR_SPEC,PASS_AFTER_CONCRETE_VERSION_OR_EXPERIMENT_SCOPE,PASS_AFTER_CONDITIONAL_OR_REPRODUCTION_WORDING,PASS_AFTER_CONCRETE_VERSION_OR_EXPERIMENT_QUALIFIER,FAIL_UNSUPPORTED_ATOMS:learned=true
SENT-2025,52bebecfb2a435d0e7ff2efea557c5799674ded6,正解根拠が候補にない問題は、再順位付けでは解決できません。,本ガイドの基本構成では、正解根拠が候補にない問題は、再順位付けでは解決できません。,"NOT(AND(ATOM(rerank=true), ATOM(evidence_support=true)))",NOT,general_technical_claim,ません;ない,5.3.4 (docs/5.根拠を選別・整形する/5.3.Reranking.md:117),SRC-005;SRC-084;SRC-085;SRC-086;SRC-088,UNVERIFIED_CANDIDATE_URL_ONLY,BACKGROUND_CITATION,evidence_support=true;rerank=true,,NOT,REWRITE_REQUIRED,権威性=候補一次資料のみ; 直接性=locator未確認; 網羅性=関係NOT自体の根拠未確認; 主張極性=BACKGROUND_CITATIONとして再分類; スコープ=PASS_AFTER_TEST_SCOPE_QUALIFICATION; モダリティ=PASS_AFTER_HYPOTHESIS_QUALIFIER; 教材妥当性=PASS_AS_EXPLICIT_TESTABLE_HYPOTHESIS; 形式化妥当性=FAIL_RELATION_NOT。「正解根拠が候補にない問題は、再順位付けでは解決できません。」は候補資料(SRC-005;SRC-084;SRC-085;SRC-086;SRC-088)に直接locatorがなく、一般的事実としてはFAIL_RELATION_NOTが残る。原文の対象と作用を維持したまま、本ガイドの構成または対象データでの検証へスコープを限定すれば教材上の検討事項を保持できる。,,,UNVERIFIED,原文をrevised_sentenceへ置換し、対象データ、比較条件、観測指標、合否閾値を同じ節に追記する。検証後に限り事実表現へ戻し、意味を保存して再形式化する。,,,,,INCONCLUSIVE,NOT_APPLICABLE_UNPROVED,,,codex-independent-wave4,2026-08-15,INDEPENDENT_REVIEW_COMPLETE,PARTIAL_CANDIDATE_SOURCE_ONLY,FAIL_NO_DIRECT_LOCATOR,FAIL_RELATION_NOT,BACKGROUND_CITATION,PASS_AFTER_TEST_SCOPE_QUALIFICATION,PASS_AFTER_HYPOTHESIS_QUALIFIER,PASS_AS_EXPLICIT_TESTABLE_HYPOTHESIS,FAIL_RELATION_NOT
SENT-2028,52bebecfb2a435d0e7ff2efea557c5799674ded6,チャンク分割はインデックス作成時の検索単位を決め、再順位付けは候補の順序を変え、重複排除は同じ内容をまとめます。,本ガイドの基本構成では、チャンク分割はインデックス作成時の検索単位を決め、再順位付けは候補の順序を変え、重複排除は同じ内容をまとめます。,"AND(AND(AND(ATOM(rerank=true), ATOM(dedup=true)), ATOM(chunking=true)), ATOM(retrieval=true))",AND,general_technical_claim,UNCLASSIFIED,5.4.1 (docs/5.根拠を選別・整形する/5.4.Context compression.md:8),SRC-089,UNVERIFIED_CANDIDATE_URL_ONLY,BACKGROUND_CITATION,retrieval=true,chunking=true;dedup=true;rerank=true,,REWRITE_REQUIRED,権威性=候補一次資料のみ; 直接性=locator未確認; 網羅性=未支持atom=chunking=true;dedup=true;rerank=true; 主張極性=BACKGROUND_CITATIONとして再分類; スコープ=PASS_AFTER_TEST_SCOPE_QUALIFICATION; モダリティ=PASS_AFTER_HYPOTHESIS_QUALIFIER; 教材妥当性=PASS_AS_EXPLICIT_TESTABLE_HYPOTHESIS; 形式化妥当性=FAIL_UNSUPPORTED_ATOMS:chunking=true;dedup=true;rerank=true。「チャンク分割はインデックス作成時の検索単位を決め、再順位付けは候補の順序を変え、重複排除は同じ内容をまとめます。」は候補資料(SRC-089)に直接locatorがなく、一般的事実としてはFAIL_UNSUPPORTED_ATOMS:chunking=true;dedup=true;rerank=trueが残る。原文の対象と作用を維持したまま、本ガイドの構成または対象データでの検証へスコープを限定すれば教材上の検討事項を保持できる。,,,UNVERIFIED,原文をrevised_sentenceへ置換し、対象データ、比較条件、観測指標、合否閾値を同じ節に追記する。検証後に限り事実表現へ戻し、意味を保存して再形式化する。,,,,,INCONCLUSIVE,NOT_APPLICABLE_UNPROVED,,,codex-independent-wave4,2026-08-15,INDEPENDENT_REVIEW_COMPLETE,PARTIAL_CANDIDATE_SOURCE_ONLY,FAIL_NO_DIRECT_LOCATOR,FAIL_UNSUPPORTED_ATOMS:chunking=true;dedup=true;rerank=true,BACKGROUND_CITATION,PASS_AFTER_TEST_SCOPE_QUALIFICATION,PASS_AFTER_HYPOTHESIS_QUALIFIER,PASS_AS_EXPLICIT_TESTABLE_HYPOTHESIS,FAIL_UNSUPPORTED_ATOMS:chunking=true;dedup=true;rerank=true
SENT-2030,52bebecfb2a435d0e7ff2efea557c5799674ded6,RECOMPは、抽出型と要約型の圧縮、および追加コンテキストを使わない選択を扱いました。,抽出型と要約型の圧縮、および追加コンテキストを使わない選択を本ガイドの評価対象に含めます。,NOT(ATOM(compression=true)),NOT,externally_cited_claim,ない,5.4.1 (docs/5.根拠を選別・整形する/5.4.Context compression.md:11),SRC-089,UNVERIFIED_CANDIDATE_URL_ONLY,AUTHOR_CLAIM,compression=true,,NOT,REWRITE_REQUIRED,権威性=候補一次資料のみ; 直接性=locator未確認; 網羅性=関係NOT自体の根拠未確認; 主張極性=AUTHOR_CLAIMとして再分類; スコープ=PASS_AFTER_CONCRETE_VERSION_OR_EXPERIMENT_SCOPE; モダリティ=PASS_AFTER_CONDITIONAL_OR_REPRODUCTION_WORDING; 教材妥当性=PASS_AFTER_CONCRETE_VERSION_OR_EXPERIMENT_QUALIFIER; 形式化妥当性=FAIL_RELATION_NOT。「RECOMPは、抽出型と要約型の圧縮、および追加コンテキストを使わない選択を扱いました。」の候補資料(SRC-089)はURL単位で、節・ページ・表・API見出しを独立に確認できていない。現文のFAIL_RELATION_NOT、版・実験条件、資料内極性を断定せず、具体的な製品前提・ローカル定義・再現試験へ限定すれば教材内容を保持できる。,,,UNVERIFIED,原文をrevised_sentenceの具体文へ置換する。製品文は利用時点のregion/versionを受入条件へ追加し、研究文は同じ指標・比較条件で再現確認する。事実表現へ戻す場合は直接locatorを再監査する。,,,,,INCONCLUSIVE,NOT_APPLICABLE_UNPROVED,,,codex-independent-wave4,2026-08-15,INDEPENDENT_REVIEW_COMPLETE,PARTIAL_CANDIDATE_SOURCE_ONLY,FAIL_NO_DIRECT_LOCATOR,FAIL_RELATION_NOT,AUTHOR_CLAIM,PASS_AFTER_CONCRETE_VERSION_OR_EXPERIMENT_SCOPE,PASS_AFTER_CONDITIONAL_OR_REPRODUCTION_WORDING,PASS_AFTER_CONCRETE_VERSION_OR_EXPERIMENT_QUALIFIER,FAIL_RELATION_NOT
SENT-2045,52bebecfb2a435d0e7ff2efea557c5799674ded6,RAGTruthは、取得コンテキストに対する生成内容の支持・矛盾を細かく分類するデータを提供しました。,本ガイドでは、RAGTruthの取得コンテキストに対する生成内容の支持・矛盾を細かく分類するデータを評価用資料として扱います。,"AND(AND(ATOM(retrieval=true), ATOM(generation=true)), ATOM(evidence_support=true))",AND,externally_cited_claim,UNCLASSIFIED,5.4.2 (docs/5.根拠を選別・整形する/5.4.Context compression.md:34),SRC-090,UNVERIFIED_CANDIDATE_URL_ONLY,AUTHOR_CLAIM,generation=true;retrieval=true,evidence_support=true,,REWRITE_REQUIRED,権威性=候補一次資料のみ; 直接性=locator未確認; 網羅性=未支持atom=evidence_support=true; 主張極性=AUTHOR_CLAIMとして再分類; スコープ=PASS_AFTER_CONCRETE_VERSION_OR_EXPERIMENT_SCOPE; モダリティ=PASS_AFTER_CONDITIONAL_OR_REPRODUCTION_WORDING; 教材妥当性=PASS_AFTER_CONCRETE_VERSION_OR_EXPERIMENT_QUALIFIER; 形式化妥当性=FAIL_UNSUPPORTED_ATOMS:evidence_support=true。「RAGTruthは、取得コンテキストに対する生成内容の支持・矛盾を細かく分類するデータを提供しました。」の候補資料(SRC-090)はURL単位で、節・ページ・表・API見出しを独立に確認できていない。現文のFAIL_UNSUPPORTED_ATOMS:evidence_support=true、版・実験条件、資料内極性を断定せず、具体的な製品前提・ローカル定義・再現試験へ限定すれば教材内容を保持できる。,,,UNVERIFIED,原文をrevised_sentenceの具体文へ置換する。製品文は利用時点のregion/versionを受入条件へ追加し、研究文は同じ指標・比較条件で再現確認する。事実表現へ戻す場合は直接locatorを再監査する。,,,,,INCONCLUSIVE,NOT_APPLICABLE_UNPROVED,,,codex-independent-wave4,2026-08-15,INDEPENDENT_REVIEW_COMPLETE,PARTIAL_CANDIDATE_SOURCE_ONLY,FAIL_NO_DIRECT_LOCATOR,FAIL_UNSUPPORTED_ATOMS:evidence_support=true,AUTHOR_CLAIM,PASS_AFTER_CONCRETE_VERSION_OR_EXPERIMENT_SCOPE,PASS_AFTER_CONDITIONAL_OR_REPRODUCTION_WORDING,PASS_AFTER_CONCRETE_VERSION_OR_EXPERIMENT_QUALIFIER,FAIL_UNSUPPORTED_ATOMS:evidence_support=true
SENT-2050,52bebecfb2a435d0e7ff2efea557c5799674ded6,削除禁止のトークン・ブロックを定義します。,削除禁止のトークン・ブロックを定義します。,UNFORMALIZED,UNFORMALIZED,general_technical_claim,UNCLASSIFIED,5.4.2 (docs/5.根拠を選別・整形する/5.4.Context compression.md:41),SRC-005;SRC-007;SRC-014;SRC-035;SRC-037,NOT_APPLICABLE_LOCAL_NORM,HYPOTHESIS,,,,APPROPRIATE_NORMATIVE,権威性=候補一次資料のみ; 直接性=locator未確認; 網羅性=未支持atom=none-explicit; 主張極性=HYPOTHESISとして再分類; スコープ=PASS_LOCAL_DESIGN_POLICY; モダリティ=PASS_AS_DISCLOSED_NORMATIVE_RULE; 教材妥当性=PASS_AFTER_EXPLICIT_CRITERIA_AND_EXCEPTION; 形式化妥当性=FAIL_UNFORMALIZED。「削除禁止のトークン・ブロックを定義します。」は外的真偽の断定ではなく、対象・処理・判断を特定した設計・運用上の選択規則として読める。ただし候補資料(SRC-005;SRC-007;SRC-014;SRC-035;SRC-037)はURL単位で、直接locatorは未確認。規範の判断基準と例外を明示すれば教材として採用できる。形式面ではFAIL_UNFORMALIZEDを別途解消する必要がある。,最小権限を維持し、認可前後の候補、拒否理由、漏えい試験を観測可能にすること,法令・契約・組織方針がより厳しい場合はその基準を優先し、緊急例外も期限と事後監査を必須とする,NOT_APPLICABLE,本文は維持し、節内に判断基準「最小権限を維持し、認可前後の候補、拒否理由、漏えい試験を観測可能にすること」と例外「法令・契約・組織方針がより厳しい場合はその基準を優先し、緊急例外も期限と事後監査を必須とする」を明記する。経験的な効果保証とは分離し、意味を保存して再形式化する。,,,,,INCONCLUSIVE,NOT_APPLICABLE_UNPROVED,,,codex-independent-wave4,2026-08-15,INDEPENDENT_REVIEW_COMPLETE,PARTIAL_CANDIDATE_SOURCE_ONLY,FAIL_NO_DIRECT_LOCATOR,FAIL_UNFORMALIZED,HYPOTHESIS,PASS_LOCAL_DESIGN_POLICY,PASS_AS_DISCLOSED_NORMATIVE_RULE,PASS_AFTER_EXPLICIT_CRITERIA_AND_EXCEPTION,FAIL_UNFORMALIZED
SENT-2061,52bebecfb2a435d0e7ff2efea557c5799674ded6,Selective Contextは、小さい言語モデルが予測しやすい語句を削る、質問に依存しない圧縮方法を提案しました。,小さい言語モデルが予測しやすい語句を削る、質問に依存しない圧縮方法を候補手法として実装し、基本構成と同じ評価データで比較します。,"NOT(AND(ATOM(compression=true), ATOM(generation=true)))",NOT,externally_cited_claim,ない,5.4.2 (docs/5.根拠を選別・整形する/5.4.Context compression.md:57),SRC-093,UNVERIFIED_CANDIDATE_URL_ONLY,AUTHOR_CLAIM,compression=true;generation=true,,NOT,REWRITE_REQUIRED,権威性=候補一次資料のみ; 直接性=locator未確認; 網羅性=関係NOT自体の根拠未確認; 主張極性=AUTHOR_CLAIMとして再分類; スコープ=PASS_AFTER_CONCRETE_VERSION_OR_EXPERIMENT_SCOPE; モダリティ=PASS_AFTER_CONDITIONAL_OR_REPRODUCTION_WORDING; 教材妥当性=PASS_AFTER_CONCRETE_VERSION_OR_EXPERIMENT_QUALIFIER; 形式化妥当性=FAIL_RELATION_NOT。「Selective Contextは、小さい言語モデルが予測しやすい語句を削る、質問に依存しない圧縮方法を提案しました。」の候補資料(SRC-093)はURL単位で、節・ページ・表・API見出しを独立に確認できていない。現文のFAIL_RELATION_NOT、版・実験条件、資料内極性を断定せず、具体的な製品前提・ローカル定義・再現試験へ限定すれば教材内容を保持できる。,,,UNVERIFIED,原文をrevised_sentenceの具体文へ置換する。製品文は利用時点のregion/versionを受入条件へ追加し、研究文は同じ指標・比較条件で再現確認する。事実表現へ戻す場合は直接locatorを再監査する。,,,,,INCONCLUSIVE,NOT_APPLICABLE_UNPROVED,,,codex-independent-wave4,2026-08-15,INDEPENDENT_REVIEW_COMPLETE,PARTIAL_CANDIDATE_SOURCE_ONLY,FAIL_NO_DIRECT_LOCATOR,FAIL_RELATION_NOT,AUTHOR_CLAIM,PASS_AFTER_CONCRETE_VERSION_OR_EXPERIMENT_SCOPE,PASS_AFTER_CONDITIONAL_OR_REPRODUCTION_WORDING,PASS_AFTER_CONCRETE_VERSION_OR_EXPERIMENT_QUALIFIER,FAIL_RELATION_NOT
SENT-2062,52bebecfb2a435d0e7ff2efea557c5799674ded6,評価した条件では入力を短くしても元のモデル出力との近さを比較的保ちましたが、回答の正しさを保つことまでは証明していません。,評価した条件では入力を短くしても元のモデル出力との近さを比較的保ちましたが、回答の正しさを保つことまでは証明していません。,"NOT(AND(ATOM(generation=true), ATOM(evaluation=true)))",NOT,empirical_or_research_claim,ません,5.4.2 (docs/5.根拠を選別・整形する/5.4.Context compression.md:58),SRC-093,NOT_APPLICABLE_LOCAL_NORM,HYPOTHESIS,generation=true,evaluation=true,NOT,APPROPRIATE_NORMATIVE,権威性=候補一次資料のみ; 直接性=locator未確認; 網羅性=関係NOT自体の根拠未確認; 主張極性=HYPOTHESISとして再分類; スコープ=PASS_LOCAL_DESIGN_POLICY; モダリティ=PASS_AS_DISCLOSED_NORMATIVE_RULE; 教材妥当性=PASS_AFTER_EXPLICIT_CRITERIA_AND_EXCEPTION; 形式化妥当性=FAIL_RELATION_NOT。「評価した条件では入力を短くしても元のモデル出力との近さを比較的保ちましたが、回答の正しさを保つことまでは証明していません。」は外的真偽の断定ではなく、対象・処理・判断を特定した設計・運用上の選択規則として読める。ただし候補資料(SRC-093)はURL単位で、直接locatorは未確認。規範の判断基準と例外を明示すれば教材として採用できる。形式面ではFAIL_RELATION_NOTを別途解消する必要がある。,禁止対象、禁止理由、代替経路を明示し、安全性・再現性・追跡性のいずれを守る規則か検査できること,禁止理由を満たす別の統制が同等以上の証拠で確認できる場合のみ例外とし、理由と期限を記録する,NOT_APPLICABLE,本文は維持し、節内に判断基準「禁止対象、禁止理由、代替経路を明示し、安全性・再現性・追跡性のいずれを守る規則か検査できること」と例外「禁止理由を満たす別の統制が同等以上の証拠で確認できる場合のみ例外とし、理由と期限を記録する」を明記する。経験的な効果保証とは分離し、意味を保存して再形式化する。,,,,,INCONCLUSIVE,NOT_APPLICABLE_UNPROVED,,,codex-independent-wave4,2026-08-15,INDEPENDENT_REVIEW_COMPLETE,PARTIAL_CANDIDATE_SOURCE_ONLY,FAIL_NO_DIRECT_LOCATOR,FAIL_RELATION_NOT,HYPOTHESIS,PASS_LOCAL_DESIGN_POLICY,PASS_AS_DISCLOSED_NORMATIVE_RULE,PASS_AFTER_EXPLICIT_CRITERIA_AND_EXCEPTION,FAIL_RELATION_NOT
SENT-2078,52bebecfb2a435d0e7ff2efea557c5799674ded6,根拠がトークン予算を超える、候補が長い、質問に関係する情報密度が低い場合に起動します。,本ガイドの基本構成では、根拠がトークン予算を超える、候補が長い、質問に関係する情報密度が低い場合に起動します。,UNFORMALIZED,UNFORMALIZED,general_technical_claim,UNCLASSIFIED,5.4.4 (docs/5.根拠を選別・整形する/5.4.Context compression.md:84),SRC-005;SRC-007;SRC-014;SRC-035;SRC-037,UNVERIFIED_CANDIDATE_URL_ONLY,BACKGROUND_CITATION,,,,REWRITE_REQUIRED,権威性=候補一次資料のみ; 直接性=locator未確認; 網羅性=未支持atom=none-explicit; 主張極性=BACKGROUND_CITATIONとして再分類; スコープ=PASS_AFTER_TEST_SCOPE_QUALIFICATION; モダリティ=PASS_AFTER_HYPOTHESIS_QUALIFIER; 教材妥当性=PASS_AS_EXPLICIT_TESTABLE_HYPOTHESIS; 形式化妥当性=FAIL_UNFORMALIZED。「根拠がトークン予算を超える、候補が長い、質問に関係する情報密度が低い場合に起動します。」は候補資料(SRC-005;SRC-007;SRC-014;SRC-035;SRC-037)に直接locatorがなく、一般的事実としてはFAIL_UNFORMALIZEDが残る。原文の対象と作用を維持したまま、本ガイドの構成または対象データでの検証へスコープを限定すれば教材上の検討事項を保持できる。,,,UNVERIFIED,原文をrevised_sentenceへ置換し、対象データ、比較条件、観測指標、合否閾値を同じ節に追記する。検証後に限り事実表現へ戻し、意味を保存して再形式化する。,,,,,INCONCLUSIVE,NOT_APPLICABLE_UNPROVED,,,codex-independent-wave4,2026-08-15,INDEPENDENT_REVIEW_COMPLETE,PARTIAL_CANDIDATE_SOURCE_ONLY,FAIL_NO_DIRECT_LOCATOR,FAIL_UNFORMALIZED,BACKGROUND_CITATION,PASS_AFTER_TEST_SCOPE_QUALIFICATION,PASS_AFTER_HYPOTHESIS_QUALIFIER,PASS_AS_EXPLICIT_TESTABLE_HYPOTHESIS,FAIL_UNFORMALIZED
SENT-2083,52bebecfb2a435d0e7ff2efea557c5799674ded6,トークン削減と応答時間だけでなく、必要根拠の保持率、引用の正しさ、原文への忠実性を採用基準にします。,トークン削減と応答時間だけでなく、必要根拠の保持率、引用の正しさ、原文への忠実性を採用基準にします。,"AND(AND(AND(ATOM(citation=true), ATOM(evidence_support=true)), ATOM(temporal_freshness=true)), ATOM(latency=true))",AND,general_technical_claim,必要,5.4.4 (docs/5.根拠を選別・整形する/5.4.Context compression.md:91),SRC-092;SRC-093,NOT_APPLICABLE_LOCAL_NORM,HYPOTHESIS,latency=true,citation=true;evidence_support=true;temporal_freshness=true,,APPROPRIATE_NORMATIVE,権威性=候補一次資料のみ; 直接性=locator未確認; 網羅性=未支持atom=citation=true;evidence_support=true;temporal_freshness=true; 主張極性=HYPOTHESISとして再分類; スコープ=PASS_LOCAL_DESIGN_POLICY; モダリティ=PASS_AS_DISCLOSED_NORMATIVE_RULE; 教材妥当性=PASS_AFTER_EXPLICIT_CRITERIA_AND_EXCEPTION; 形式化妥当性=FAIL_UNSUPPORTED_ATOMS:citation=true;evidence_support=true;temporal_freshness=true。「トークン削減と応答時間だけでなく、必要根拠の保持率、引用の正しさ、原文への忠実性を採用基準にします。」は外的真偽の断定ではなく、対象・処理・判断を特定した設計・運用上の選択規則として読める。ただし候補資料(SRC-092;SRC-093)はURL単位で、直接locatorは未確認。規範の判断基準と例外を明示すれば教材として採用できる。形式面ではFAIL_UNSUPPORTED_ATOMS:citation=true;evidence_support=true;temporal_freshness=trueを別途解消する必要がある。,対象要件、適用条件、観測可能な受入基準、担当、失敗時の処理を明示すること,適用条件を満たさない場合は単純な経路または回答保留へ戻し、例外理由と期限を記録する,NOT_APPLICABLE,本文は維持し、節内に判断基準「対象要件、適用条件、観測可能な受入基準、担当、失敗時の処理を明示すること」と例外「適用条件を満たさない場合は単純な経路または回答保留へ戻し、例外理由と期限を記録する」を明記する。経験的な効果保証とは分離し、意味を保存して再形式化する。,,,,,INCONCLUSIVE,NOT_APPLICABLE_UNPROVED,,,codex-independent-wave4,2026-08-15,INDEPENDENT_REVIEW_COMPLETE,PARTIAL_CANDIDATE_SOURCE_ONLY,FAIL_NO_DIRECT_LOCATOR,FAIL_UNSUPPORTED_ATOMS:citation=true;evidence_support=true;temporal_freshness=true,HYPOTHESIS,PASS_LOCAL_DESIGN_POLICY,PASS_AS_DISCLOSED_NORMATIVE_RULE,PASS_AFTER_EXPLICIT_CRITERIA_AND_EXCEPTION,FAIL_UNSUPPORTED_ATOMS:citation=true;evidence_support=true;temporal_freshness=true
SENT-2093,52bebecfb2a435d0e7ff2efea557c5799674ded6,FActScoreは、長文回答をこれ以上分けにくい小さな事実へ分け、知識源による支持を評価します。,本ガイドでは、長文回答をこれ以上分けにくい小さな事実へ分け、知識源による支持を評価します。,"AND(AND(ATOM(generation=true), ATOM(evidence_support=true)), ATOM(evaluation=true))",AND,externally_cited_claim,UNCLASSIFIED,5.5.1 (docs/5.根拠を選別・整形する/5.5.Evidence Set設計.md:13),SRC-094,UNVERIFIED_CANDIDATE_URL_ONLY,EMPIRICAL_RESULT,evaluation=true;generation=true,evidence_support=true,,REWRITE_REQUIRED,権威性=候補一次資料のみ; 直接性=locator未確認; 網羅性=未支持atom=evidence_support=true; 主張極性=EMPIRICAL_RESULTとして再分類; スコープ=PASS_AFTER_CONCRETE_VERSION_OR_EXPERIMENT_SCOPE; モダリティ=PASS_AFTER_CONDITIONAL_OR_REPRODUCTION_WORDING; 教材妥当性=PASS_AFTER_CONCRETE_VERSION_OR_EXPERIMENT_QUALIFIER; 形式化妥当性=FAIL_UNSUPPORTED_ATOMS:evidence_support=true。「FActScoreは、長文回答をこれ以上分けにくい小さな事実へ分け、知識源による支持を評価します。」の候補資料(SRC-094)はURL単位で、節・ページ・表・API見出しを独立に確認できていない。現文のFAIL_UNSUPPORTED_ATOMS:evidence_support=true、版・実験条件、資料内極性を断定せず、具体的な製品前提・ローカル定義・再現試験へ限定すれば教材内容を保持できる。,,,UNVERIFIED,原文をrevised_sentenceの具体文へ置換する。製品文は利用時点のregion/versionを受入条件へ追加し、研究文は同じ指標・比較条件で再現確認する。事実表現へ戻す場合は直接locatorを再監査する。,,,,,INCONCLUSIVE,NOT_APPLICABLE_UNPROVED,,,codex-independent-wave4,2026-08-15,INDEPENDENT_REVIEW_COMPLETE,PARTIAL_CANDIDATE_SOURCE_ONLY,FAIL_NO_DIRECT_LOCATOR,FAIL_UNSUPPORTED_ATOMS:evidence_support=true,EMPIRICAL_RESULT,PASS_AFTER_CONCRETE_VERSION_OR_EXPERIMENT_SCOPE,PASS_AFTER_CONDITIONAL_OR_REPRODUCTION_WORDING,PASS_AFTER_CONCRETE_VERSION_OR_EXPERIMENT_QUALIFIER,FAIL_UNSUPPORTED_ATOMS:evidence_support=true
SENT-2098,52bebecfb2a435d0e7ff2efea557c5799674ded6,常に検索チャンクと同じではありません。,本ガイドの基本構成では、常に検索チャンクと同じではありません。,NOT(ATOM(retrieval=true)),NOT,general_technical_claim,常に;ません,5.5.1 (docs/5.根拠を選別・整形する/5.5.Evidence Set設計.md:19),SRC-094,UNVERIFIED_CANDIDATE_URL_ONLY,BACKGROUND_CITATION,retrieval=true,,NOT,REWRITE_REQUIRED,権威性=候補一次資料のみ; 直接性=locator未確認; 網羅性=関係NOT自体の根拠未確認; 主張極性=BACKGROUND_CITATIONとして再分類; スコープ=PASS_AFTER_TEST_SCOPE_QUALIFICATION; モダリティ=PASS_AFTER_HYPOTHESIS_QUALIFIER; 教材妥当性=PASS_AS_EXPLICIT_TESTABLE_HYPOTHESIS; 形式化妥当性=FAIL_RELATION_NOT。「常に検索チャンクと同じではありません。」は候補資料(SRC-094)に直接locatorがなく、一般的事実としてはFAIL_RELATION_NOTが残る。原文の対象と作用を維持したまま、本ガイドの構成または対象データでの検証へスコープを限定すれば教材上の検討事項を保持できる。,,,UNVERIFIED,原文をrevised_sentenceへ置換し、対象データ、比較条件、観測指標、合否閾値を同じ節に追記する。検証後に限り事実表現へ戻し、意味を保存して再形式化する。,,,,,INCONCLUSIVE,NOT_APPLICABLE_UNPROVED,,,codex-independent-wave4,2026-08-15,INDEPENDENT_REVIEW_COMPLETE,PARTIAL_CANDIDATE_SOURCE_ONLY,FAIL_NO_DIRECT_LOCATOR,FAIL_RELATION_NOT,BACKGROUND_CITATION,PASS_AFTER_TEST_SCOPE_QUALIFICATION,PASS_AFTER_HYPOTHESIS_QUALIFIER,PASS_AS_EXPLICIT_TESTABLE_HYPOTHESIS,FAIL_RELATION_NOT
SENT-2139,52bebecfb2a435d0e7ff2efea557c5799674ded6,隣接チャンクは重複範囲だけを除いて結合し、異なる情報源の境界は保持します。,隣接チャンクは重複範囲だけを除いて結合し、異なる情報源の境界は保持します。,UNFORMALIZED,UNFORMALIZED,general_technical_claim,UNCLASSIFIED,5.6.1 (docs/5.根拠を選別・整形する/5.6.Context packing.md:19),SRC-005;SRC-007;SRC-014;SRC-035;SRC-037,NOT_APPLICABLE_LOCAL_NORM,HYPOTHESIS,,,,APPROPRIATE_NORMATIVE,権威性=候補一次資料のみ; 直接性=locator未確認; 網羅性=未支持atom=none-explicit; 主張極性=HYPOTHESISとして再分類; スコープ=PASS_LOCAL_DESIGN_POLICY; モダリティ=PASS_AS_DISCLOSED_NORMATIVE_RULE; 教材妥当性=PASS_AFTER_EXPLICIT_CRITERIA_AND_EXCEPTION; 形式化妥当性=FAIL_UNFORMALIZED。「隣接チャンクは重複範囲だけを除いて結合し、異なる情報源の境界は保持します。」は外的真偽の断定ではなく、対象・処理・判断を特定した設計・運用上の選択規則として読める。ただし候補資料(SRC-005;SRC-007;SRC-014;SRC-035;SRC-037)はURL単位で、直接locatorは未確認。規範の判断基準と例外を明示すれば教材として採用できる。形式面ではFAIL_UNFORMALIZEDを別途解消する必要がある。,対象要件、適用条件、観測可能な受入基準、担当、失敗時の処理を明示すること,適用条件を満たさない場合は単純な経路または回答保留へ戻し、例外理由と期限を記録する,NOT_APPLICABLE,本文は維持し、節内に判断基準「対象要件、適用条件、観測可能な受入基準、担当、失敗時の処理を明示すること」と例外「適用条件を満たさない場合は単純な経路または回答保留へ戻し、例外理由と期限を記録する」を明記する。経験的な効果保証とは分離し、意味を保存して再形式化する。,,,,,INCONCLUSIVE,NOT_APPLICABLE_UNPROVED,,,codex-independent-wave4,2026-08-15,INDEPENDENT_REVIEW_COMPLETE,PARTIAL_CANDIDATE_SOURCE_ONLY,FAIL_NO_DIRECT_LOCATOR,FAIL_UNFORMALIZED,HYPOTHESIS,PASS_LOCAL_DESIGN_POLICY,PASS_AS_DISCLOSED_NORMATIVE_RULE,PASS_AFTER_EXPLICIT_CRITERIA_AND_EXCEPTION,FAIL_UNFORMALIZED
SENT-2151,52bebecfb2a435d0e7ff2efea557c5799674ded6,Lost in the Middleは、評価したモデルと課題で、重要情報が入力の中央にあると先頭や末尾より利用されにくい傾向を報告しました。,評価したモデルと課題で、重要情報が入力の中央にあると先頭や末尾より利用されにくい傾向が対象データでも再現するかを、同じ比較条件と指標で確認します。,"AND(AND(ATOM(long_context=true), ATOM(evaluation=true)), ATOM(empirical_result=true))",AND,externally_cited_claim,UNCLASSIFIED,5.6.2 (docs/5.根拠を選別・整形する/5.6.Context packing.md:39),SRC-035,UNVERIFIED_CANDIDATE_URL_ONLY,EMPIRICAL_RESULT,evaluation=true;long_context=true,empirical_result=true,,REWRITE_REQUIRED,権威性=候補一次資料のみ; 直接性=locator未確認; 網羅性=未支持atom=empirical_result=true; 主張極性=EMPIRICAL_RESULTとして再分類; スコープ=PASS_AFTER_CONCRETE_VERSION_OR_EXPERIMENT_SCOPE; モダリティ=PASS_AFTER_CONDITIONAL_OR_REPRODUCTION_WORDING; 教材妥当性=PASS_AFTER_CONCRETE_VERSION_OR_EXPERIMENT_QUALIFIER; 形式化妥当性=FAIL_UNSUPPORTED_ATOMS:empirical_result=true。「Lost in the Middleは、評価したモデルと課題で、重要情報が入力の中央にあると先頭や末尾より利用されにくい傾向を報告しました。」の候補資料(SRC-035)はURL単位で、節・ページ・表・API見出しを独立に確認できていない。現文のFAIL_UNSUPPORTED_ATOMS:empirical_result=true、版・実験条件、資料内極性を断定せず、具体的な製品前提・ローカル定義・再現試験へ限定すれば教材内容を保持できる。,,,UNVERIFIED,原文をrevised_sentenceの具体文へ置換する。製品文は利用時点のregion/versionを受入条件へ追加し、研究文は同じ指標・比較条件で再現確認する。事実表現へ戻す場合は直接locatorを再監査する。,,,,,INCONCLUSIVE,NOT_APPLICABLE_UNPROVED,,,codex-independent-wave4,2026-08-15,INDEPENDENT_REVIEW_COMPLETE,PARTIAL_CANDIDATE_SOURCE_ONLY,FAIL_NO_DIRECT_LOCATOR,FAIL_UNSUPPORTED_ATOMS:empirical_result=true,EMPIRICAL_RESULT,PASS_AFTER_CONCRETE_VERSION_OR_EXPERIMENT_SCOPE,PASS_AFTER_CONDITIONAL_OR_REPRODUCTION_WORDING,PASS_AFTER_CONCRETE_VERSION_OR_EXPERIMENT_QUALIFIER,FAIL_UNSUPPORTED_ATOMS:empirical_result=true
SENT-2154,52bebecfb2a435d0e7ff2efea557c5799674ded6,図は同じ根拠を三つの位置で比較した実験結果ではありません。,図は同じ根拠を三つの位置で比較した実験結果ではありません。,"NOT(AND(ATOM(evidence_support=true), ATOM(empirical_result=true)))",NOT,empirical_or_research_claim,ません,5.6.2 (docs/5.根拠を選別・整形する/5.6.Context packing.md:42),SRC-035,NOT_APPLICABLE_LOCAL_NORM,HYPOTHESIS,,empirical_result=true;evidence_support=true,NOT,APPROPRIATE_NORMATIVE,権威性=候補一次資料のみ; 直接性=locator未確認; 網羅性=関係NOT自体の根拠未確認; 主張極性=HYPOTHESISとして再分類; スコープ=PASS_LOCAL_DESIGN_POLICY; モダリティ=PASS_AS_DISCLOSED_NORMATIVE_RULE; 教材妥当性=PASS_AFTER_EXPLICIT_CRITERIA_AND_EXCEPTION; 形式化妥当性=FAIL_RELATION_NOT。「図は同じ根拠を三つの位置で比較した実験結果ではありません。」は外的真偽の断定ではなく、対象・処理・判断を特定した設計・運用上の選択規則として読める。ただし候補資料(SRC-035)はURL単位で、直接locatorは未確認。規範の判断基準と例外を明示すれば教材として採用できる。形式面ではFAIL_RELATION_NOTを別途解消する必要がある。,禁止対象、禁止理由、代替経路を明示し、安全性・再現性・追跡性のいずれを守る規則か検査できること,禁止理由を満たす別の統制が同等以上の証拠で確認できる場合のみ例外とし、理由と期限を記録する,NOT_APPLICABLE,本文は維持し、節内に判断基準「禁止対象、禁止理由、代替経路を明示し、安全性・再現性・追跡性のいずれを守る規則か検査できること」と例外「禁止理由を満たす別の統制が同等以上の証拠で確認できる場合のみ例外とし、理由と期限を記録する」を明記する。経験的な効果保証とは分離し、意味を保存して再形式化する。,,,,,INCONCLUSIVE,NOT_APPLICABLE_UNPROVED,,,codex-independent-wave4,2026-08-15,INDEPENDENT_REVIEW_COMPLETE,PARTIAL_CANDIDATE_SOURCE_ONLY,FAIL_NO_DIRECT_LOCATOR,FAIL_RELATION_NOT,HYPOTHESIS,PASS_LOCAL_DESIGN_POLICY,PASS_AS_DISCLOSED_NORMATIVE_RULE,PASS_AFTER_EXPLICIT_CRITERIA_AND_EXCEPTION,FAIL_RELATION_NOT
SENT-2155,52bebecfb2a435d0e7ff2efea557c5799674ded6,位置だけで利用しやすさが決まるわけではなく、モデル、質問、入力長によって結果は変わります。,本ガイドの基本構成では、位置だけで利用しやすさが決まるわけではなく、モデル、質問、入力長によって結果は変わります。,ATOM(empirical_result=true),ATOM,empirical_or_research_claim,UNCLASSIFIED,5.6.2 (docs/5.根拠を選別・整形する/5.6.Context packing.md:43),SRC-035,UNVERIFIED_CANDIDATE_URL_ONLY,EMPIRICAL_RESULT,,empirical_result=true,,REWRITE_REQUIRED,権威性=候補一次資料のみ; 直接性=locator未確認; 網羅性=未支持atom=empirical_result=true; 主張極性=EMPIRICAL_RESULTとして再分類; スコープ=PASS_AFTER_TEST_SCOPE_QUALIFICATION; モダリティ=PASS_AFTER_HYPOTHESIS_QUALIFIER; 教材妥当性=PASS_AS_EXPLICIT_TESTABLE_HYPOTHESIS; 形式化妥当性=FAIL_UNSUPPORTED_ATOMS:empirical_result=true。「位置だけで利用しやすさが決まるわけではなく、モデル、質問、入力長によって結果は変わります。」は候補資料(SRC-035)に直接locatorがなく、一般的事実としてはFAIL_UNSUPPORTED_ATOMS:empirical_result=trueが残る。原文の対象と作用を維持したまま、本ガイドの構成または対象データでの検証へスコープを限定すれば教材上の検討事項を保持できる。,,,UNVERIFIED,原文をrevised_sentenceへ置換し、対象データ、比較条件、観測指標、合否閾値を同じ節に追記する。検証後に限り事実表現へ戻し、意味を保存して再形式化する。,,,,,INCONCLUSIVE,NOT_APPLICABLE_UNPROVED,,,codex-independent-wave4,2026-08-15,INDEPENDENT_REVIEW_COMPLETE,PARTIAL_CANDIDATE_SOURCE_ONLY,FAIL_NO_DIRECT_LOCATOR,FAIL_UNSUPPORTED_ATOMS:empirical_result=true,EMPIRICAL_RESULT,PASS_AFTER_TEST_SCOPE_QUALIFICATION,PASS_AFTER_HYPOTHESIS_QUALIFIER,PASS_AS_EXPLICIT_TESTABLE_HYPOTHESIS,FAIL_UNSUPPORTED_ATOMS:empirical_result=true
SENT-2156,52bebecfb2a435d0e7ff2efea557c5799674ded6,Attention Sortingは、モデルの注意の強さを使って関連文書を末尾側へ並べ直す方法を、合成した単一段階の質問応答で評価しました。,本ガイドでは、モデルの注意の強さを使って関連文書を末尾側へ並べ直す方法を、合成した単一段階の質問応答で評価します。,ATOM(evaluation=true),ATOM,externally_cited_claim,UNCLASSIFIED,5.6.2 (docs/5.根拠を選別・整形する/5.6.Context packing.md:49),SRC-095,UNVERIFIED_CANDIDATE_URL_ONLY,EMPIRICAL_RESULT,,evaluation=true,,REWRITE_REQUIRED,権威性=候補一次資料のみ; 直接性=locator未確認; 網羅性=未支持atom=evaluation=true; 主張極性=EMPIRICAL_RESULTとして再分類; スコープ=PASS_AFTER_CONCRETE_VERSION_OR_EXPERIMENT_SCOPE; モダリティ=PASS_AFTER_CONDITIONAL_OR_REPRODUCTION_WORDING; 教材妥当性=PASS_AFTER_CONCRETE_VERSION_OR_EXPERIMENT_QUALIFIER; 形式化妥当性=FAIL_UNSUPPORTED_ATOMS:evaluation=true。「Attention Sortingは、モデルの注意の強さを使って関連文書を末尾側へ並べ直す方法を、合成した単一段階の質問応答で評価しました。」の候補資料(SRC-095)はURL単位で、節・ページ・表・API見出しを独立に確認できていない。現文のFAIL_UNSUPPORTED_ATOMS:evaluation=true、版・実験条件、資料内極性を断定せず、具体的な製品前提・ローカル定義・再現試験へ限定すれば教材内容を保持できる。,,,UNVERIFIED,原文をrevised_sentenceの具体文へ置換する。製品文は利用時点のregion/versionを受入条件へ追加し、研究文は同じ指標・比較条件で再現確認する。事実表現へ戻す場合は直接locatorを再監査する。,,,,,INCONCLUSIVE,NOT_APPLICABLE_UNPROVED,,,codex-independent-wave4,2026-08-15,INDEPENDENT_REVIEW_COMPLETE,PARTIAL_CANDIDATE_SOURCE_ONLY,FAIL_NO_DIRECT_LOCATOR,FAIL_UNSUPPORTED_ATOMS:evaluation=true,EMPIRICAL_RESULT,PASS_AFTER_CONCRETE_VERSION_OR_EXPERIMENT_SCOPE,PASS_AFTER_CONDITIONAL_OR_REPRODUCTION_WORDING,PASS_AFTER_CONCRETE_VERSION_OR_EXPERIMENT_QUALIFIER,FAIL_UNSUPPORTED_ATOMS:evaluation=true
SENT-2157,52bebecfb2a435d0e7ff2efea557c5799674ded6,実際の業務文書、誤情報、複数段階の質問、追加計算の費用は十分に評価されておらず、査読済み論文としての採録も確認されていません。,本ガイドの基本構成では、実際の業務文書、誤情報、複数段階の質問、追加計算の費用は十分に評価されておらず、査読済み論文としての採録も確認されていません。,"NOT(AND(AND(ATOM(multi_hop=true), ATOM(evaluation=true)), ATOM(cost=true)))",NOT,empirical_or_research_claim,ません,5.6.2 (docs/5.根拠を選別・整形する/5.6.Context packing.md:50),SRC-095,UNVERIFIED_CANDIDATE_URL_ONLY,EMPIRICAL_RESULT,,cost=true;evaluation=true;multi_hop=true,NOT,REWRITE_REQUIRED,権威性=候補一次資料のみ; 直接性=locator未確認; 網羅性=関係NOT自体の根拠未確認; 主張極性=EMPIRICAL_RESULTとして再分類; スコープ=PASS_AFTER_TEST_SCOPE_QUALIFICATION; モダリティ=PASS_AFTER_HYPOTHESIS_QUALIFIER; 教材妥当性=PASS_AS_EXPLICIT_TESTABLE_HYPOTHESIS; 形式化妥当性=FAIL_RELATION_NOT。「実際の業務文書、誤情報、複数段階の質問、追加計算の費用は十分に評価されておらず、査読済み論文としての採録も確認されていません。」は候補資料(SRC-095)に直接locatorがなく、一般的事実としてはFAIL_RELATION_NOTが残る。原文の対象と作用を維持したまま、本ガイドの構成または対象データでの検証へスコープを限定すれば教材上の検討事項を保持できる。,,,UNVERIFIED,原文をrevised_sentenceへ置換し、対象データ、比較条件、観測指標、合否閾値を同じ節に追記する。検証後に限り事実表現へ戻し、意味を保存して再形式化する。,,,,,INCONCLUSIVE,NOT_APPLICABLE_UNPROVED,,,codex-independent-wave4,2026-08-15,INDEPENDENT_REVIEW_COMPLETE,PARTIAL_CANDIDATE_SOURCE_ONLY,FAIL_NO_DIRECT_LOCATOR,FAIL_RELATION_NOT,EMPIRICAL_RESULT,PASS_AFTER_TEST_SCOPE_QUALIFICATION,PASS_AFTER_HYPOTHESIS_QUALIFIER,PASS_AS_EXPLICIT_TESTABLE_HYPOTHESIS,FAIL_RELATION_NOT
SENT-2158,52bebecfb2a435d0e7ff2efea557c5799674ded6,並べ替えを使う場合は、質問群ごとの改善と費用を測り、位置だけを根拠の正しさの代わりにしません。,並べ替えを使う場合は、質問群ごとの改善と費用を測り、位置だけを根拠の正しさの代わりにしません。,"NOT(AND(AND(ATOM(evidence_support=true), ATOM(cost=true)), ATOM(empirical_result=true)))",NOT,empirical_or_research_claim,ません,5.6.2 (docs/5.根拠を選別・整形する/5.6.Context packing.md:51),SRC-095,NOT_APPLICABLE_LOCAL_NORM,HYPOTHESIS,empirical_result=true,cost=true;evidence_support=true,NOT,APPROPRIATE_NORMATIVE,権威性=候補一次資料のみ; 直接性=locator未確認; 網羅性=関係NOT自体の根拠未確認; 主張極性=HYPOTHESISとして再分類; スコープ=PASS_LOCAL_DESIGN_POLICY; モダリティ=PASS_AS_DISCLOSED_NORMATIVE_RULE; 教材妥当性=PASS_AFTER_EXPLICIT_CRITERIA_AND_EXCEPTION; 形式化妥当性=FAIL_RELATION_NOT。「並べ替えを使う場合は、質問群ごとの改善と費用を測り、位置だけを根拠の正しさの代わりにしません。」は外的真偽の断定ではなく、対象・処理・判断を特定した設計・運用上の選択規則として読める。ただし候補資料(SRC-095)はURL単位で、直接locatorは未確認。規範の判断基準と例外を明示すれば教材として採用できる。形式面ではFAIL_RELATION_NOTを別途解消する必要がある。,禁止対象、禁止理由、代替経路を明示し、安全性・再現性・追跡性のいずれを守る規則か検査できること,禁止理由を満たす別の統制が同等以上の証拠で確認できる場合のみ例外とし、理由と期限を記録する,NOT_APPLICABLE,本文は維持し、節内に判断基準「禁止対象、禁止理由、代替経路を明示し、安全性・再現性・追跡性のいずれを守る規則か検査できること」と例外「禁止理由を満たす別の統制が同等以上の証拠で確認できる場合のみ例外とし、理由と期限を記録する」を明記する。経験的な効果保証とは分離し、意味を保存して再形式化する。,,,,,INCONCLUSIVE,NOT_APPLICABLE_UNPROVED,,,codex-independent-wave4,2026-08-15,INDEPENDENT_REVIEW_COMPLETE,PARTIAL_CANDIDATE_SOURCE_ONLY,FAIL_NO_DIRECT_LOCATOR,FAIL_RELATION_NOT,HYPOTHESIS,PASS_LOCAL_DESIGN_POLICY,PASS_AS_DISCLOSED_NORMATIVE_RULE,PASS_AFTER_EXPLICIT_CRITERIA_AND_EXCEPTION,FAIL_RELATION_NOT
SENT-2170,52bebecfb2a435d0e7ff2efea557c5799674ded6,間接プロンプトインジェクションの研究は、ウェブや文書中の指示がLLM統合アプリを操作する危険を示しました。,ウェブや文書中の指示がLLM統合アプリを操作する危険が対象データでも成り立つかを、同じ条件と指標で検証します。,"AND(ATOM(prompt_injection=true), ATOM(risk=true))",AND,externally_cited_claim,UNCLASSIFIED,5.6.3 (docs/5.根拠を選別・整形する/5.6.Context packing.md:71),SRC-096,UNVERIFIED_CANDIDATE_URL_ONLY,AUTHOR_CLAIM,prompt_injection=true,risk=true,,REWRITE_REQUIRED,権威性=候補一次資料のみ; 直接性=locator未確認; 網羅性=未支持atom=risk=true; 主張極性=AUTHOR_CLAIMとして再分類; スコープ=PASS_AFTER_CONCRETE_VERSION_OR_EXPERIMENT_SCOPE; モダリティ=PASS_AFTER_CONDITIONAL_OR_REPRODUCTION_WORDING; 教材妥当性=PASS_AFTER_CONCRETE_VERSION_OR_EXPERIMENT_QUALIFIER; 形式化妥当性=FAIL_UNSUPPORTED_ATOMS:risk=true。「間接プロンプトインジェクションの研究は、ウェブや文書中の指示がLLM統合アプリを操作する危険を示しました。」の候補資料(SRC-096)はURL単位で、節・ページ・表・API見出しを独立に確認できていない。現文のFAIL_UNSUPPORTED_ATOMS:risk=true、版・実験条件、資料内極性を断定せず、具体的な製品前提・ローカル定義・再現試験へ限定すれば教材内容を保持できる。,,,UNVERIFIED,原文をrevised_sentenceの具体文へ置換する。製品文は利用時点のregion/versionを受入条件へ追加し、研究文は同じ指標・比較条件で再現確認する。事実表現へ戻す場合は直接locatorを再監査する。,,,,,INCONCLUSIVE,NOT_APPLICABLE_UNPROVED,,,codex-independent-wave4,2026-08-15,INDEPENDENT_REVIEW_COMPLETE,PARTIAL_CANDIDATE_SOURCE_ONLY,FAIL_NO_DIRECT_LOCATOR,FAIL_UNSUPPORTED_ATOMS:risk=true,AUTHOR_CLAIM,PASS_AFTER_CONCRETE_VERSION_OR_EXPERIMENT_SCOPE,PASS_AFTER_CONDITIONAL_OR_REPRODUCTION_WORDING,PASS_AFTER_CONCRETE_VERSION_OR_EXPERIMENT_QUALIFIER,FAIL_UNSUPPORTED_ATOMS:risk=true
SENT-2172,52bebecfb2a435d0e7ff2efea557c5799674ded6,トークン上限を超えたときに文字列の末尾を切ると、文、表、コード、引用IDの途中が失われます。,本ガイドの基本構成では、トークン上限を超えたときに文字列の末尾を切ると、文、表、コード、引用IDの途中が失われます。,UNFORMALIZED,UNFORMALIZED,general_technical_claim,UNCLASSIFIED,5.6.4 (docs/5.根拠を選別・整形する/5.6.Context packing.md:76),SRC-005;SRC-007;SRC-014;SRC-035;SRC-037,UNVERIFIED_CANDIDATE_URL_ONLY,BACKGROUND_CITATION,,,,REWRITE_REQUIRED,権威性=候補一次資料のみ; 直接性=locator未確認; 網羅性=未支持atom=none-explicit; 主張極性=BACKGROUND_CITATIONとして再分類; スコープ=PASS_AFTER_TEST_SCOPE_QUALIFICATION; モダリティ=PASS_AFTER_HYPOTHESIS_QUALIFIER; 教材妥当性=PASS_AS_EXPLICIT_TESTABLE_HYPOTHESIS; 形式化妥当性=FAIL_UNFORMALIZED。「トークン上限を超えたときに文字列の末尾を切ると、文、表、コード、引用IDの途中が失われます。」は候補資料(SRC-005;SRC-007;SRC-014;SRC-035;SRC-037)に直接locatorがなく、一般的事実としてはFAIL_UNFORMALIZEDが残る。原文の対象と作用を維持したまま、本ガイドの構成または対象データでの検証へスコープを限定すれば教材上の検討事項を保持できる。,,,UNVERIFIED,原文をrevised_sentenceへ置換し、対象データ、比較条件、観測指標、合否閾値を同じ節に追記する。検証後に限り事実表現へ戻し、意味を保存して再形式化する。,,,,,INCONCLUSIVE,NOT_APPLICABLE_UNPROVED,,,codex-independent-wave4,2026-08-15,INDEPENDENT_REVIEW_COMPLETE,PARTIAL_CANDIDATE_SOURCE_ONLY,FAIL_NO_DIRECT_LOCATOR,FAIL_UNFORMALIZED,BACKGROUND_CITATION,PASS_AFTER_TEST_SCOPE_QUALIFICATION,PASS_AFTER_HYPOTHESIS_QUALIFIER,PASS_AS_EXPLICIT_TESTABLE_HYPOTHESIS,FAIL_UNFORMALIZED
SENT-2228,52bebecfb2a435d0e7ff2efea557c5799674ded6,RAGTruthは、取得した入力文脈に対して支持されない生成と矛盾する生成の例を収集しました。,本ガイドでは、取得した入力文脈に対して支持されない生成と矛盾する生成の例を収集します。,"NOT(AND(AND(ATOM(retrieval=true), ATOM(generation=true)), ATOM(evidence_support=true)))",NOT,externally_cited_claim,ない,5.7.2 (docs/5.根拠を選別・整形する/5.7.矛盾・古い根拠の扱い.md:64),SRC-090,UNVERIFIED_CANDIDATE_URL_ONLY,AUTHOR_CLAIM,generation=true;retrieval=true,evidence_support=true,NOT,REWRITE_REQUIRED,権威性=候補一次資料のみ; 直接性=locator未確認; 網羅性=関係NOT自体の根拠未確認; 主張極性=AUTHOR_CLAIMとして再分類; スコープ=PASS_AFTER_CONCRETE_VERSION_OR_EXPERIMENT_SCOPE; モダリティ=PASS_AFTER_CONDITIONAL_OR_REPRODUCTION_WORDING; 教材妥当性=PASS_AFTER_CONCRETE_VERSION_OR_EXPERIMENT_QUALIFIER; 形式化妥当性=FAIL_RELATION_NOT。「RAGTruthは、取得した入力文脈に対して支持されない生成と矛盾する生成の例を収集しました。」の候補資料(SRC-090)はURL単位で、節・ページ・表・API見出しを独立に確認できていない。現文のFAIL_RELATION_NOT、版・実験条件、資料内極性を断定せず、具体的な製品前提・ローカル定義・再現試験へ限定すれば教材内容を保持できる。,,,UNVERIFIED,原文をrevised_sentenceの具体文へ置換する。製品文は利用時点のregion/versionを受入条件へ追加し、研究文は同じ指標・比較条件で再現確認する。事実表現へ戻す場合は直接locatorを再監査する。,,,,,INCONCLUSIVE,NOT_APPLICABLE_UNPROVED,,,codex-independent-wave4,2026-08-15,INDEPENDENT_REVIEW_COMPLETE,PARTIAL_CANDIDATE_SOURCE_ONLY,FAIL_NO_DIRECT_LOCATOR,FAIL_RELATION_NOT,AUTHOR_CLAIM,PASS_AFTER_CONCRETE_VERSION_OR_EXPERIMENT_SCOPE,PASS_AFTER_CONDITIONAL_OR_REPRODUCTION_WORDING,PASS_AFTER_CONCRETE_VERSION_OR_EXPERIMENT_QUALIFIER,FAIL_RELATION_NOT
SENT-2242,52bebecfb2a435d0e7ff2efea557c5799674ded6,Corrective RAGは、取得文書を評価し、必要に応じて検索結果を補正する経路を提案しました。,取得文書を評価し、必要に応じて検索結果を補正する経路を候補手法として実装し、基本構成と同じ評価データで比較します。,"AND(AND(ATOM(retrieval=true), ATOM(evaluation=true)), ATOM(empirical_result=true))",AND,externally_cited_claim,必要,5.7.3 (docs/5.根拠を選別・整形する/5.7.矛盾・古い根拠の扱い.md:86),SRC-097,UNVERIFIED_CANDIDATE_URL_ONLY,EMPIRICAL_RESULT,empirical_result=true;retrieval=true,evaluation=true,,REWRITE_REQUIRED,権威性=候補一次資料のみ; 直接性=locator未確認; 網羅性=未支持atom=evaluation=true; 主張極性=EMPIRICAL_RESULTとして再分類; スコープ=PASS_AFTER_CONCRETE_VERSION_OR_EXPERIMENT_SCOPE; モダリティ=PASS_AFTER_CONDITIONAL_OR_REPRODUCTION_WORDING; 教材妥当性=PASS_AFTER_CONCRETE_VERSION_OR_EXPERIMENT_QUALIFIER; 形式化妥当性=FAIL_UNSUPPORTED_ATOMS:evaluation=true。「Corrective RAGは、取得文書を評価し、必要に応じて検索結果を補正する経路を提案しました。」の候補資料(SRC-097)はURL単位で、節・ページ・表・API見出しを独立に確認できていない。現文のFAIL_UNSUPPORTED_ATOMS:evaluation=true、版・実験条件、資料内極性を断定せず、具体的な製品前提・ローカル定義・再現試験へ限定すれば教材内容を保持できる。,,,UNVERIFIED,原文をrevised_sentenceの具体文へ置換する。製品文は利用時点のregion/versionを受入条件へ追加し、研究文は同じ指標・比較条件で再現確認する。事実表現へ戻す場合は直接locatorを再監査する。,,,,,INCONCLUSIVE,NOT_APPLICABLE_UNPROVED,,,codex-independent-wave4,2026-08-15,INDEPENDENT_REVIEW_COMPLETE,PARTIAL_CANDIDATE_SOURCE_ONLY,FAIL_NO_DIRECT_LOCATOR,FAIL_UNSUPPORTED_ATOMS:evaluation=true,EMPIRICAL_RESULT,PASS_AFTER_CONCRETE_VERSION_OR_EXPERIMENT_SCOPE,PASS_AFTER_CONDITIONAL_OR_REPRODUCTION_WORDING,PASS_AFTER_CONCRETE_VERSION_OR_EXPERIMENT_QUALIFIER,FAIL_UNSUPPORTED_ATOMS:evaluation=true
SENT-2253,52bebecfb2a435d0e7ff2efea557c5799674ded6,RefCheckerは、参照に基づき、根拠に支えられない生成（ハルシネーション）を細かく検査する方法を扱いました。,参照に基づき、根拠に支えられない生成（ハルシネーション）を細かく検査する方法を本ガイドの評価対象に含めます。,"NOT(AND(AND(ATOM(generation=true), ATOM(hallucination=true)), ATOM(evidence_support=true)))",NOT,externally_cited_claim,ない,5.7.4 (docs/5.根拠を選別・整形する/5.7.矛盾・古い根拠の扱い.md:104),SRC-098,UNVERIFIED_CANDIDATE_URL_ONLY,AUTHOR_CLAIM,generation=true;hallucination=true,evidence_support=true,NOT,REWRITE_REQUIRED,権威性=候補一次資料のみ; 直接性=locator未確認; 網羅性=関係NOT自体の根拠未確認; 主張極性=AUTHOR_CLAIMとして再分類; スコープ=PASS_AFTER_CONCRETE_VERSION_OR_EXPERIMENT_SCOPE; モダリティ=PASS_AFTER_CONDITIONAL_OR_REPRODUCTION_WORDING; 教材妥当性=PASS_AFTER_CONCRETE_VERSION_OR_EXPERIMENT_QUALIFIER; 形式化妥当性=FAIL_RELATION_NOT。「RefCheckerは、参照に基づき、根拠に支えられない生成（ハルシネーション）を細かく検査する方法を扱いました。」の候補資料(SRC-098)はURL単位で、節・ページ・表・API見出しを独立に確認できていない。現文のFAIL_RELATION_NOT、版・実験条件、資料内極性を断定せず、具体的な製品前提・ローカル定義・再現試験へ限定すれば教材内容を保持できる。,,,UNVERIFIED,原文をrevised_sentenceの具体文へ置換する。製品文は利用時点のregion/versionを受入条件へ追加し、研究文は同じ指標・比較条件で再現確認する。事実表現へ戻す場合は直接locatorを再監査する。,,,,,INCONCLUSIVE,NOT_APPLICABLE_UNPROVED,,,codex-independent-wave4,2026-08-15,INDEPENDENT_REVIEW_COMPLETE,PARTIAL_CANDIDATE_SOURCE_ONLY,FAIL_NO_DIRECT_LOCATOR,FAIL_RELATION_NOT,AUTHOR_CLAIM,PASS_AFTER_CONCRETE_VERSION_OR_EXPERIMENT_SCOPE,PASS_AFTER_CONDITIONAL_OR_REPRODUCTION_WORDING,PASS_AFTER_CONCRETE_VERSION_OR_EXPERIMENT_QUALIFIER,FAIL_RELATION_NOT
SENT-2261,52bebecfb2a435d0e7ff2efea557c5799674ded6,source trust、version、有効期間、ACL、citation payloadが欠損したunitは、scoreが高くても回答根拠として採用しません。,source trust、version、有効期間、ACL、citation payloadが欠損したunitは、scoreが高くても回答根拠として採用しません。,"NOT(AND(AND(AND(ATOM(generation=true), ATOM(citation=true)), ATOM(evidence_support=true)), ATOM(authorization=true)))",NOT,general_technical_claim,ません,5.8.1 (docs/5.根拠を選別・整形する/5.8.Evidence validationとfallback.md:7),SRC-037;SRC-007;SRC-005;SRC-035;SRC-038,NOT_APPLICABLE_LOCAL_NORM,HYPOTHESIS,citation=true;evidence_support=true;generation=true,authorization=true,NOT,APPROPRIATE_NORMATIVE,権威性=候補一次資料のみ; 直接性=locator未確認; 網羅性=関係NOT自体の根拠未確認; 主張極性=HYPOTHESISとして再分類; スコープ=PASS_LOCAL_DESIGN_POLICY; モダリティ=PASS_AS_DISCLOSED_NORMATIVE_RULE; 教材妥当性=PASS_AFTER_EXPLICIT_CRITERIA_AND_EXCEPTION; 形式化妥当性=FAIL_RELATION_NOT。「source trust、version、有効期間、ACL、citation payloadが欠損したunitは、scoreが高くても回答根拠として採用しません」は外的真偽の断定ではなく、対象・処理・判断を特定した設計・運用上の選択規則として読める。ただし候補資料(SRC-037;SRC-007;SRC-005;SRC-035;SRC-038)はURL単位で、直接locatorは未確認。規範の判断基準と例外を明示すれば教材として採用できる。形式面ではFAIL_RELATION_NOTを別途解消する必要がある。,最小権限を維持し、認可前後の候補、拒否理由、漏えい試験を観測可能にすること,法令・契約・組織方針がより厳しい場合はその基準を優先し、緊急例外も期限と事後監査を必須とする,NOT_APPLICABLE,本文は維持し、節内に判断基準「最小権限を維持し、認可前後の候補、拒否理由、漏えい試験を観測可能にすること」と例外「法令・契約・組織方針がより厳しい場合はその基準を優先し、緊急例外も期限と事後監査を必須とする」を明記する。経験的な効果保証とは分離し、意味を保存して再形式化する。,,,,,INCONCLUSIVE,NOT_APPLICABLE_UNPROVED,,,codex-independent-wave4,2026-08-15,INDEPENDENT_REVIEW_COMPLETE,PARTIAL_CANDIDATE_SOURCE_ONLY,FAIL_NO_DIRECT_LOCATOR,FAIL_RELATION_NOT,HYPOTHESIS,PASS_LOCAL_DESIGN_POLICY,PASS_AS_DISCLOSED_NORMATIVE_RULE,PASS_AFTER_EXPLICIT_CRITERIA_AND_EXCEPTION,FAIL_RELATION_NOT
SENT-2287,52bebecfb2a435d0e7ff2efea557c5799674ded6,生成器の責任を要約、統合、引用、回答保留へ定め、検索・選別の問題は該当する上流工程で改善します。,生成器の責任を要約、統合、引用、回答保留へ定め、検索・選別の問題は該当する上流工程で改善するかを、対象データと固定した比較条件で検証します。,"AND(AND(AND(AND(ATOM(generated_summaries=true), ATOM(retrieval=true)), ATOM(generation=true)), ATOM(citation=true)), ATOM(empirical_result=true))",AND,empirical_or_research_claim,UNCLASSIFIED,FILE-INTRO (docs/6.根拠に基づいて回答する/6.1.Grounded prompt.md:4),SRC-037;SRC-099;SRC-096,UNVERIFIED_CANDIDATE_URL_ONLY,EMPIRICAL_RESULT,citation=true;empirical_result=true;generation=true;retrieval=true,generated_summaries=true,,REWRITE_REQUIRED,権威性=候補一次資料のみ; 直接性=locator未確認; 網羅性=未支持atom=generated_summaries=true; 主張極性=EMPIRICAL_RESULTとして再分類; スコープ=PASS_AFTER_TEST_SCOPE_QUALIFICATION; モダリティ=PASS_AFTER_HYPOTHESIS_QUALIFIER; 教材妥当性=PASS_AS_EXPLICIT_TESTABLE_HYPOTHESIS; 形式化妥当性=FAIL_UNSUPPORTED_ATOMS:generated_summaries=true。「生成器の責任を要約、統合、引用、回答保留へ定め、検索・選別の問題は該当する上流工程で改善します。」は候補資料(SRC-037;SRC-099;SRC-096)に直接locatorがなく、一般的事実としてはFAIL_UNSUPPORTED_ATOMS:generated_summaries=trueが残る。原文の対象と作用を維持したまま、本ガイドの構成または対象データでの検証へスコープを限定すれば教材上の検討事項を保持できる。,,,UNVERIFIED,原文をrevised_sentenceへ置換し、対象データ、比較条件、観測指標、合否閾値を同じ節に追記する。検証後に限り事実表現へ戻し、意味を保存して再形式化する。,,,,,INCONCLUSIVE,NOT_APPLICABLE_UNPROVED,,,codex-independent-wave4,2026-08-15,INDEPENDENT_REVIEW_COMPLETE,PARTIAL_CANDIDATE_SOURCE_ONLY,FAIL_NO_DIRECT_LOCATOR,FAIL_UNSUPPORTED_ATOMS:generated_summaries=true,EMPIRICAL_RESULT,PASS_AFTER_TEST_SCOPE_QUALIFICATION,PASS_AFTER_HYPOTHESIS_QUALIFIER,PASS_AS_EXPLICIT_TESTABLE_HYPOTHESIS,FAIL_UNSUPPORTED_ATOMS:generated_summaries=true
SENT-2347,52bebecfb2a435d0e7ff2efea557c5799674ded6,回答状態を二値だけにせず、完全回答、部分回答、確認質問、根拠不足、矛盾、権限上回答不可、対象範囲外へ分けます。,回答状態を二値だけにせず、完全回答、部分回答、確認質問、根拠不足、矛盾、権限上回答不可、対象範囲外へ分けます。,"NOT(AND(AND(AND(ATOM(generation=true), ATOM(evidence_support=true)), ATOM(authorization=true)), ATOM(empirical_result=true)))",NOT,empirical_or_research_claim,UNCLASSIFIED,6.3.1 (docs/6.根拠に基づいて回答する/6.3.Answerability・Refusal.md:9),SRC-100;SRC-101,NOT_APPLICABLE_LOCAL_NORM,HYPOTHESIS,empirical_result=true;evidence_support=true;generation=true,authorization=true,NOT,APPROPRIATE_NORMATIVE,権威性=候補一次資料のみ; 直接性=locator未確認; 網羅性=関係NOT自体の根拠未確認; 主張極性=HYPOTHESISとして再分類; スコープ=PASS_LOCAL_DESIGN_POLICY; モダリティ=PASS_AS_DISCLOSED_NORMATIVE_RULE; 教材妥当性=PASS_AFTER_EXPLICIT_CRITERIA_AND_EXCEPTION; 形式化妥当性=FAIL_RELATION_NOT。「回答状態を二値だけにせず、完全回答、部分回答、確認質問、根拠不足、矛盾、権限上回答不可、対象範囲外へ分けます。」は外的真偽の断定ではなく、対象・処理・判断を特定した設計・運用上の選択規則として読める。ただし候補資料(SRC-100;SRC-101)はURL単位で、直接locatorは未確認。規範の判断基準と例外を明示すれば教材として採用できる。形式面ではFAIL_RELATION_NOTを別途解消する必要がある。,最小権限を維持し、認可前後の候補、拒否理由、漏えい試験を観測可能にすること,法令・契約・組織方針がより厳しい場合はその基準を優先し、緊急例外も期限と事後監査を必須とする,NOT_APPLICABLE,本文は維持し、節内に判断基準「最小権限を維持し、認可前後の候補、拒否理由、漏えい試験を観測可能にすること」と例外「法令・契約・組織方針がより厳しい場合はその基準を優先し、緊急例外も期限と事後監査を必須とする」を明記する。経験的な効果保証とは分離し、意味を保存して再形式化する。,,,,,INCONCLUSIVE,NOT_APPLICABLE_UNPROVED,,,codex-independent-wave4,2026-08-15,INDEPENDENT_REVIEW_COMPLETE,PARTIAL_CANDIDATE_SOURCE_ONLY,FAIL_NO_DIRECT_LOCATOR,FAIL_RELATION_NOT,HYPOTHESIS,PASS_LOCAL_DESIGN_POLICY,PASS_AS_DISCLOSED_NORMATIVE_RULE,PASS_AFTER_EXPLICIT_CRITERIA_AND_EXCEPTION,FAIL_RELATION_NOT
SENT-2349,52bebecfb2a435d0e7ff2efea557c5799674ded6,GopherCiteは、引用付き回答と回答しない選択を組み合わせました。,本ガイドでは、引用付き回答と回答しない選択を組み合わせます。,"NOT(AND(ATOM(generation=true), ATOM(citation=true)))",NOT,externally_cited_claim,ない,6.3.1 (docs/6.根拠に基づいて回答する/6.3.Answerability・Refusal.md:12),SRC-100,UNVERIFIED_CANDIDATE_URL_ONLY,AUTHOR_CLAIM,citation=true;generation=true,,NOT,REWRITE_REQUIRED,権威性=候補一次資料のみ; 直接性=locator未確認; 網羅性=関係NOT自体の根拠未確認; 主張極性=AUTHOR_CLAIMとして再分類; スコープ=PASS_AFTER_CONCRETE_VERSION_OR_EXPERIMENT_SCOPE; モダリティ=PASS_AFTER_CONDITIONAL_OR_REPRODUCTION_WORDING; 教材妥当性=PASS_AFTER_CONCRETE_VERSION_OR_EXPERIMENT_QUALIFIER; 形式化妥当性=FAIL_RELATION_NOT。「GopherCiteは、引用付き回答と回答しない選択を組み合わせました。」の候補資料(SRC-100)はURL単位で、節・ページ・表・API見出しを独立に確認できていない。現文のFAIL_RELATION_NOT、版・実験条件、資料内極性を断定せず、具体的な製品前提・ローカル定義・再現試験へ限定すれば教材内容を保持できる。,,,UNVERIFIED,原文をrevised_sentenceの具体文へ置換する。製品文は利用時点のregion/versionを受入条件へ追加し、研究文は同じ指標・比較条件で再現確認する。事実表現へ戻す場合は直接locatorを再監査する。,,,,,INCONCLUSIVE,NOT_APPLICABLE_UNPROVED,,,codex-independent-wave4,2026-08-15,INDEPENDENT_REVIEW_COMPLETE,PARTIAL_CANDIDATE_SOURCE_ONLY,FAIL_NO_DIRECT_LOCATOR,FAIL_RELATION_NOT,AUTHOR_CLAIM,PASS_AFTER_CONCRETE_VERSION_OR_EXPERIMENT_SCOPE,PASS_AFTER_CONDITIONAL_OR_REPRODUCTION_WORDING,PASS_AFTER_CONCRETE_VERSION_OR_EXPERIMENT_QUALIFIER,FAIL_RELATION_NOT
SENT-2350,52bebecfb2a435d0e7ff2efea557c5799674ded6,SQuAD 2.0は、与えられた文章中に答えがない質問を評価へ導入しました。,本ガイドでは、与えられた文章中に答えがない質問を評価へ導入します。,NOT(ATOM(evaluation=true)),NOT,externally_cited_claim,ない,6.3.1 (docs/6.根拠に基づいて回答する/6.3.Answerability・Refusal.md:13),SRC-101,UNVERIFIED_CANDIDATE_URL_ONLY,EMPIRICAL_RESULT,,evaluation=true,NOT,REWRITE_REQUIRED,権威性=候補一次資料のみ; 直接性=locator未確認; 網羅性=関係NOT自体の根拠未確認; 主張極性=EMPIRICAL_RESULTとして再分類; スコープ=PASS_AFTER_CONCRETE_VERSION_OR_EXPERIMENT_SCOPE; モダリティ=PASS_AFTER_CONDITIONAL_OR_REPRODUCTION_WORDING; 教材妥当性=PASS_AFTER_CONCRETE_VERSION_OR_EXPERIMENT_QUALIFIER; 形式化妥当性=FAIL_RELATION_NOT。「SQuAD 2.0は、与えられた文章中に答えがない質問を評価へ導入しました。」の候補資料(SRC-101)はURL単位で、節・ページ・表・API見出しを独立に確認できていない。現文のFAIL_RELATION_NOT、版・実験条件、資料内極性を断定せず、具体的な製品前提・ローカル定義・再現試験へ限定すれば教材内容を保持できる。,,,UNVERIFIED,原文をrevised_sentenceの具体文へ置換する。製品文は利用時点のregion/versionを受入条件へ追加し、研究文は同じ指標・比較条件で再現確認する。事実表現へ戻す場合は直接locatorを再監査する。,,,,,INCONCLUSIVE,NOT_APPLICABLE_UNPROVED,,,codex-independent-wave4,2026-08-15,INDEPENDENT_REVIEW_COMPLETE,PARTIAL_CANDIDATE_SOURCE_ONLY,FAIL_NO_DIRECT_LOCATOR,FAIL_RELATION_NOT,EMPIRICAL_RESULT,PASS_AFTER_CONCRETE_VERSION_OR_EXPERIMENT_SCOPE,PASS_AFTER_CONDITIONAL_OR_REPRODUCTION_WORDING,PASS_AFTER_CONCRETE_VERSION_OR_EXPERIMENT_QUALIFIER,FAIL_RELATION_NOT
SENT-2382,52bebecfb2a435d0e7ff2efea557c5799674ded6,内部では、文書、チャンク、ページ、節、URL、原文範囲へたどれる必要があります。,内部では、文書、チャンク、ページ、節、URL、原文範囲へたどれる必要があります。,UNFORMALIZED,UNFORMALIZED,general_technical_claim,必要,6.4.1 (docs/6.根拠に基づいて回答する/6.4.Citation設計.md:11),SRC-007;SRC-013;SRC-036;SRC-037;SRC-094,NOT_APPLICABLE_LOCAL_NORM,HYPOTHESIS,,,,APPROPRIATE_NORMATIVE,権威性=候補一次資料のみ; 直接性=locator未確認; 網羅性=未支持atom=none-explicit; 主張極性=HYPOTHESISとして再分類; スコープ=PASS_LOCAL_DESIGN_POLICY; モダリティ=PASS_AS_DISCLOSED_NORMATIVE_RULE; 教材妥当性=PASS_AFTER_EXPLICIT_CRITERIA_AND_EXCEPTION; 形式化妥当性=FAIL_UNFORMALIZED。「内部では、文書、チャンク、ページ、節、URL、原文範囲へたどれる必要があります。」は外的真偽の断定ではなく、対象・処理・判断を特定した設計・運用上の選択規則として読める。ただし候補資料(SRC-007;SRC-013;SRC-036;SRC-037;SRC-094)はURL単位で、直接locatorは未確認。規範の判断基準と例外を明示すれば教材として採用できる。形式面ではFAIL_UNFORMALIZEDを別途解消する必要がある。,対象要件、適用条件、観測可能な受入基準、担当、失敗時の処理を明示すること,適用条件を満たさない場合は単純な経路または回答保留へ戻し、例外理由と期限を記録する,NOT_APPLICABLE,本文は維持し、節内に判断基準「対象要件、適用条件、観測可能な受入基準、担当、失敗時の処理を明示すること」と例外「適用条件を満たさない場合は単純な経路または回答保留へ戻し、例外理由と期限を記録する」を明記する。経験的な効果保証とは分離し、意味を保存して再形式化する。,,,,,INCONCLUSIVE,NOT_APPLICABLE_UNPROVED,,,codex-independent-wave4,2026-08-15,INDEPENDENT_REVIEW_COMPLETE,PARTIAL_CANDIDATE_SOURCE_ONLY,FAIL_NO_DIRECT_LOCATOR,FAIL_UNFORMALIZED,HYPOTHESIS,PASS_LOCAL_DESIGN_POLICY,PASS_AS_DISCLOSED_NORMATIVE_RULE,PASS_AFTER_EXPLICIT_CRITERIA_AND_EXCEPTION,FAIL_UNFORMALIZED
SENT-2449,52bebecfb2a435d0e7ff2efea557c5799674ded6,FActScoreは、長文をこれ以上分けにくい小さな事実へ分解し、それぞれの知識源による支持を測りました。,本ガイドでは、長文をこれ以上分けにくい小さな事実へ分解し、それぞれの知識源による支持を測ります。,ATOM(evidence_support=true),ATOM,externally_cited_claim,UNCLASSIFIED,6.6.1 (docs/6.根拠に基づいて回答する/6.6.Claim-level verification.md:12),SRC-094,UNVERIFIED_CANDIDATE_URL_ONLY,AUTHOR_CLAIM,,evidence_support=true,,REWRITE_REQUIRED,権威性=候補一次資料のみ; 直接性=locator未確認; 網羅性=未支持atom=evidence_support=true; 主張極性=AUTHOR_CLAIMとして再分類; スコープ=PASS_AFTER_CONCRETE_VERSION_OR_EXPERIMENT_SCOPE; モダリティ=PASS_AFTER_CONDITIONAL_OR_REPRODUCTION_WORDING; 教材妥当性=PASS_AFTER_CONCRETE_VERSION_OR_EXPERIMENT_QUALIFIER; 形式化妥当性=FAIL_UNSUPPORTED_ATOMS:evidence_support=true。「FActScoreは、長文をこれ以上分けにくい小さな事実へ分解し、それぞれの知識源による支持を測りました。」の候補資料(SRC-094)はURL単位で、節・ページ・表・API見出しを独立に確認できていない。現文のFAIL_UNSUPPORTED_ATOMS:evidence_support=true、版・実験条件、資料内極性を断定せず、具体的な製品前提・ローカル定義・再現試験へ限定すれば教材内容を保持できる。,,,UNVERIFIED,原文をrevised_sentenceの具体文へ置換する。製品文は利用時点のregion/versionを受入条件へ追加し、研究文は同じ指標・比較条件で再現確認する。事実表現へ戻す場合は直接locatorを再監査する。,,,,,INCONCLUSIVE,NOT_APPLICABLE_UNPROVED,,,codex-independent-wave4,2026-08-15,INDEPENDENT_REVIEW_COMPLETE,PARTIAL_CANDIDATE_SOURCE_ONLY,FAIL_NO_DIRECT_LOCATOR,FAIL_UNSUPPORTED_ATOMS:evidence_support=true,AUTHOR_CLAIM,PASS_AFTER_CONCRETE_VERSION_OR_EXPERIMENT_SCOPE,PASS_AFTER_CONDITIONAL_OR_REPRODUCTION_WORDING,PASS_AFTER_CONCRETE_VERSION_OR_EXPERIMENT_QUALIFIER,FAIL_UNSUPPORTED_ATOMS:evidence_support=true
SENT-2528,52bebecfb2a435d0e7ff2efea557c5799674ded6,回答がaction候補を提案する場合も、実行要求、parameter、承認状態、結果を別のtyped contractで扱います。,本ガイドの基本構成では、回答がaction候補を提案する場合も、実行要求、parameter、承認状態、結果を別のtyped contractで扱います。,"IMP(ATOM(generation=true), ATOM(empirical_result=true))",IMPLIES,empirical_or_research_claim,UNCLASSIFIED,FILE-INTRO (docs/6.根拠に基づいて回答する/6.8.回答と業務実行の境界.md:9),SRC-116;SRC-163,UNVERIFIED_CANDIDATE_URL_ONLY,EMPIRICAL_RESULT,empirical_result=true;generation=true,,IMPLIES,REWRITE_REQUIRED,権威性=候補一次資料のみ; 直接性=locator未確認; 網羅性=関係IMPLIES自体の根拠未確認; 主張極性=EMPIRICAL_RESULTとして再分類; スコープ=PASS_AFTER_TEST_SCOPE_QUALIFICATION; モダリティ=PASS_AFTER_HYPOTHESIS_QUALIFIER; 教材妥当性=PASS_AS_EXPLICIT_TESTABLE_HYPOTHESIS; 形式化妥当性=FAIL_RELATION_IMPLIES。「回答がaction候補を提案する場合も、実行要求、parameter、承認状態、結果を別のtyped contractで扱います。」は候補資料(SRC-116;SRC-163)に直接locatorがなく、一般的事実としてはFAIL_RELATION_IMPLIESが残る。原文の対象と作用を維持したまま、本ガイドの構成または対象データでの検証へスコープを限定すれば教材上の検討事項を保持できる。,,,UNVERIFIED,原文をrevised_sentenceへ置換し、対象データ、比較条件、観測指標、合否閾値を同じ節に追記する。検証後に限り事実表現へ戻し、意味を保存して再形式化する。,,,,,INCONCLUSIVE,NOT_APPLICABLE_UNPROVED,,,codex-independent-wave4,2026-08-15,INDEPENDENT_REVIEW_COMPLETE,PARTIAL_CANDIDATE_SOURCE_ONLY,FAIL_NO_DIRECT_LOCATOR,FAIL_RELATION_IMPLIES,EMPIRICAL_RESULT,PASS_AFTER_TEST_SCOPE_QUALIFICATION,PASS_AFTER_HYPOTHESIS_QUALIFIER,PASS_AS_EXPLICIT_TESTABLE_HYPOTHESIS,FAIL_RELATION_IMPLIES
SENT-2537,52bebecfb2a435d0e7ff2efea557c5799674ded6,Toolformerは、言語モデルがAPI呼び出しを学習する方法を扱い、ReActは推論と行動を交互に進めました。,本ガイドでは、言語モデルがAPI呼び出しを学習する方法を扱い、ReActは推論と行動を交互に進めます。,"AND(AND(ATOM(learned=true), ATOM(generation=true)), ATOM(tool_use=true))",AND,externally_cited_claim,UNCLASSIFIED,FILE-INTRO (docs/6.根拠に基づいて回答する/6.8.回答と業務実行の境界.md:20),SRC-163;SRC-116,UNVERIFIED_CANDIDATE_URL_ONLY,AUTHOR_CLAIM,generation=true;tool_use=true,learned=true,,REWRITE_REQUIRED,権威性=候補一次資料のみ; 直接性=locator未確認; 網羅性=未支持atom=learned=true; 主張極性=AUTHOR_CLAIMとして再分類; スコープ=PASS_AFTER_CONCRETE_VERSION_OR_EXPERIMENT_SCOPE; モダリティ=PASS_AFTER_CONDITIONAL_OR_REPRODUCTION_WORDING; 教材妥当性=PASS_AFTER_CONCRETE_VERSION_OR_EXPERIMENT_QUALIFIER; 形式化妥当性=FAIL_UNSUPPORTED_ATOMS:learned=true。「Toolformerは、言語モデルがAPI呼び出しを学習する方法を扱い、ReActは推論と行動を交互に進めました。」の候補資料(SRC-163;SRC-116)はURL単位で、節・ページ・表・API見出しを独立に確認できていない。現文のFAIL_UNSUPPORTED_ATOMS:learned=true、版・実験条件、資料内極性を断定せず、具体的な製品前提・ローカル定義・再現試験へ限定すれば教材内容を保持できる。,,,UNVERIFIED,原文をrevised_sentenceの具体文へ置換する。製品文は利用時点のregion/versionを受入条件へ追加し、研究文は同じ指標・比較条件で再現確認する。事実表現へ戻す場合は直接locatorを再監査する。,,,,,INCONCLUSIVE,NOT_APPLICABLE_UNPROVED,,,codex-independent-wave4,2026-08-15,INDEPENDENT_REVIEW_COMPLETE,PARTIAL_CANDIDATE_SOURCE_ONLY,FAIL_NO_DIRECT_LOCATOR,FAIL_UNSUPPORTED_ATOMS:learned=true,AUTHOR_CLAIM,PASS_AFTER_CONCRETE_VERSION_OR_EXPERIMENT_SCOPE,PASS_AFTER_CONDITIONAL_OR_REPRODUCTION_WORDING,PASS_AFTER_CONCRETE_VERSION_OR_EXPERIMENT_QUALIFIER,FAIL_UNSUPPORTED_ATOMS:learned=true
SENT-2538,52bebecfb2a435d0e7ff2efea557c5799674ded6,これらの研究は、個別業務での実行権限をLLMへ与える根拠ではありません。,本ガイドの基本構成では、これらの研究は、個別業務での実行権限をLLMへ与える根拠ではありません。,"NOT(AND(ATOM(evidence_support=true), ATOM(authorization=true)))",NOT,empirical_or_research_claim,ません,FILE-INTRO (docs/6.根拠に基づいて回答する/6.8.回答と業務実行の境界.md:21),SRC-163;SRC-116,UNVERIFIED_CANDIDATE_URL_ONLY,EMPIRICAL_RESULT,,authorization=true;evidence_support=true,NOT,REWRITE_REQUIRED,権威性=候補一次資料のみ; 直接性=locator未確認; 網羅性=関係NOT自体の根拠未確認; 主張極性=EMPIRICAL_RESULTとして再分類; スコープ=PASS_AFTER_TEST_SCOPE_QUALIFICATION; モダリティ=PASS_AFTER_HYPOTHESIS_QUALIFIER; 教材妥当性=PASS_AS_EXPLICIT_TESTABLE_HYPOTHESIS; 形式化妥当性=FAIL_RELATION_NOT。「これらの研究は、個別業務での実行権限をLLMへ与える根拠ではありません。」は候補資料(SRC-163;SRC-116)に直接locatorがなく、一般的事実としてはFAIL_RELATION_NOTが残る。原文の対象と作用を維持したまま、本ガイドの構成または対象データでの検証へスコープを限定すれば教材上の検討事項を保持できる。,,,UNVERIFIED,原文をrevised_sentenceへ置換し、対象データ、比較条件、観測指標、合否閾値を同じ節に追記する。検証後に限り事実表現へ戻し、意味を保存して再形式化する。,,,,,INCONCLUSIVE,NOT_APPLICABLE_UNPROVED,,,codex-independent-wave4,2026-08-15,INDEPENDENT_REVIEW_COMPLETE,PARTIAL_CANDIDATE_SOURCE_ONLY,FAIL_NO_DIRECT_LOCATOR,FAIL_RELATION_NOT,EMPIRICAL_RESULT,PASS_AFTER_TEST_SCOPE_QUALIFICATION,PASS_AFTER_HYPOTHESIS_QUALIFIER,PASS_AS_EXPLICIT_TESTABLE_HYPOTHESIS,FAIL_RELATION_NOT
SENT-2548,52bebecfb2a435d0e7ff2efea557c5799674ded6,回答中の主張をcitation IDへ対応付け、根拠が支えない断定を検出できる形で返します。,本ガイドの基本構成では、回答中の主張をcitation IDへ対応付け、根拠が支えない断定を検出できる形で返します。,"NOT(AND(AND(ATOM(generation=true), ATOM(citation=true)), ATOM(evidence_support=true)))",NOT,general_technical_claim,できる;ない,INTRO-6 (docs/6.根拠に基づいて回答する/序文.md:7),SRC-037;SRC-100;SRC-007;SRC-013;SRC-036,UNVERIFIED_CANDIDATE_URL_ONLY,BACKGROUND_CITATION,citation=true;evidence_support=true;generation=true,,NOT,REWRITE_REQUIRED,権威性=候補一次資料のみ; 直接性=locator未確認; 網羅性=関係NOT自体の根拠未確認; 主張極性=BACKGROUND_CITATIONとして再分類; スコープ=PASS_AFTER_TEST_SCOPE_QUALIFICATION; モダリティ=PASS_AFTER_HYPOTHESIS_QUALIFIER; 教材妥当性=PASS_AS_EXPLICIT_TESTABLE_HYPOTHESIS; 形式化妥当性=FAIL_RELATION_NOT。「回答中の主張をcitation IDへ対応付け、根拠が支えない断定を検出できる形で返します。」は候補資料(SRC-037;SRC-100;SRC-007;SRC-013;SRC-036)に直接locatorがなく、一般的事実としてはFAIL_RELATION_NOTが残る。原文の対象と作用を維持したまま、本ガイドの構成または対象データでの検証へスコープを限定すれば教材上の検討事項を保持できる。,,,UNVERIFIED,原文をrevised_sentenceへ置換し、対象データ、比較条件、観測指標、合否閾値を同じ節に追記する。検証後に限り事実表現へ戻し、意味を保存して再形式化する。,,,,,INCONCLUSIVE,NOT_APPLICABLE_UNPROVED,,,codex-independent-wave4,2026-08-15,INDEPENDENT_REVIEW_COMPLETE,PARTIAL_CANDIDATE_SOURCE_ONLY,FAIL_NO_DIRECT_LOCATOR,FAIL_RELATION_NOT,BACKGROUND_CITATION,PASS_AFTER_TEST_SCOPE_QUALIFICATION,PASS_AFTER_HYPOTHESIS_QUALIFIER,PASS_AS_EXPLICIT_TESTABLE_HYPOTHESIS,FAIL_RELATION_NOT
SENT-2580,52bebecfb2a435d0e7ff2efea557c5799674ded6,Data Validation for Machine Learningが機械学習パイプラインの入口でスキーマや分布の異常を検出するように、RAGでも公開前に知識成果物を検査します。,本ガイドの基本構成では、Data Validation for Machine Learningが機械学習パイプラインの入口でスキーマや分布の異常を検出するように、RAGでも公開前に知識成果物を検査します。,"AND(ATOM(data_quality=true), ATOM(dataflow=true))",AND,externally_cited_claim,UNCLASSIFIED,7.1.2 (docs/7.品質を評価し改善する/7.1.評価設計の全体像.md:46),SRC-019,UNVERIFIED_CANDIDATE_URL_ONLY,AUTHOR_CLAIM,data_quality=true,dataflow=true,,REWRITE_REQUIRED,権威性=候補一次資料のみ; 直接性=locator未確認; 網羅性=未支持atom=dataflow=true; 主張極性=AUTHOR_CLAIMとして再分類; スコープ=PASS_AFTER_CONCRETE_VERSION_OR_EXPERIMENT_SCOPE; モダリティ=PASS_AFTER_CONDITIONAL_OR_REPRODUCTION_WORDING; 教材妥当性=PASS_AFTER_CONCRETE_VERSION_OR_EXPERIMENT_QUALIFIER; 形式化妥当性=FAIL_UNSUPPORTED_ATOMS:dataflow=true。「Data Validation for Machine Learningが機械学習パイプラインの入口でスキーマや分布の異常を検出するように、RAGでも公開前に知」の候補資料(SRC-019)はURL単位で、節・ページ・表・API見出しを独立に確認できていない。現文のFAIL_UNSUPPORTED_ATOMS:dataflow=true、版・実験条件、資料内極性を断定せず、具体的な製品前提・ローカル定義・再現試験へ限定すれば教材内容を保持できる。,,,UNVERIFIED,原文をrevised_sentenceの具体文へ置換する。製品文は利用時点のregion/versionを受入条件へ追加し、研究文は同じ指標・比較条件で再現確認する。事実表現へ戻す場合は直接locatorを再監査する。,,,,,INCONCLUSIVE,NOT_APPLICABLE_UNPROVED,,,codex-independent-wave4,2026-08-15,INDEPENDENT_REVIEW_COMPLETE,PARTIAL_CANDIDATE_SOURCE_ONLY,FAIL_NO_DIRECT_LOCATOR,FAIL_UNSUPPORTED_ATOMS:dataflow=true,AUTHOR_CLAIM,PASS_AFTER_CONCRETE_VERSION_OR_EXPERIMENT_SCOPE,PASS_AFTER_CONDITIONAL_OR_REPRODUCTION_WORDING,PASS_AFTER_CONCRETE_VERSION_OR_EXPERIMENT_QUALIFIER,FAIL_UNSUPPORTED_ATOMS:dataflow=true
SENT-2590,52bebecfb2a435d0e7ff2efea557c5799674ded6,| Precision@k | 上位k件のうち正解である割合 | 候補のノイズ確認 |,「Precision@k」では「上位k件のうち正解である割合」を対象とし、確認項目は「候補のノイズ確認」です。,UNFORMALIZED,UNFORMALIZED,general_technical_claim,UNCLASSIFIED,7.1.2 (docs/7.品質を評価し改善する/7.1.評価設計の全体像.md:61),SRC-002;SRC-005;SRC-010;SRC-013;SRC-017,UNVERIFIED_CANDIDATE_URL_ONLY,BACKGROUND_CITATION,,,,REWRITE_REQUIRED,権威性=候補一次資料のみ; 直接性=locator未確認; 網羅性=未支持atom=none-explicit; 主張極性=BACKGROUND_CITATIONとして再分類; スコープ=FAIL_NOT_A_PROPOSITION; モダリティ=NOT_APPLICABLE_FRAGMENT; 教材妥当性=PASS_AS_STRUCTURE_NOT_AS_CLAIM; 形式化妥当性=FAIL_UNFORMALIZED。見出し・表セル・用語リンクの断片であり、独立した外部主張として判定できない。証拠必須文として扱う分類が教材構造と一致せず、形式化の主語・述語も欠ける。,,,NOT_APPLICABLE,原文をrevised_sentenceの完全な説明文へ置換し、sentence evidence分類をexpository_or_structural/evidence_required=noへ修正して未証明文キューから除外する。,,,,,INCONCLUSIVE,NOT_APPLICABLE_UNPROVED,,,codex-independent-wave4,2026-08-15,INDEPENDENT_REVIEW_COMPLETE,PARTIAL_CANDIDATE_SOURCE_ONLY,FAIL_NO_DIRECT_LOCATOR,FAIL_UNFORMALIZED,BACKGROUND_CITATION,FAIL_NOT_A_PROPOSITION,NOT_APPLICABLE_FRAGMENT,PASS_AS_STRUCTURE_NOT_AS_CLAIM,FAIL_UNFORMALIZED
SENT-2592,52bebecfb2a435d0e7ff2efea557c5799674ded6,| nDCG@k | 関連度と順位を反映した利得 | 複数段階の関連度がある検索 |,「nDCG@k」では「関連度と順位を反映した利得」を対象とし、確認項目は「複数段階の関連度がある検索」です。,"AND(AND(ATOM(multi_hop=true), ATOM(retrieval=true)), ATOM(ranking_metric=true))",AND,general_technical_claim,UNCLASSIFIED,7.1.2 (docs/7.品質を評価し改善する/7.1.評価設計の全体像.md:63),SRC-019;SRC-043;SRC-089,UNVERIFIED_CANDIDATE_URL_ONLY,BACKGROUND_CITATION,retrieval=true,multi_hop=true;ranking_metric=true,,REWRITE_REQUIRED,権威性=候補一次資料のみ; 直接性=locator未確認; 網羅性=未支持atom=multi_hop=true;ranking_metric=true; 主張極性=BACKGROUND_CITATIONとして再分類; スコープ=FAIL_NOT_A_PROPOSITION; モダリティ=NOT_APPLICABLE_FRAGMENT; 教材妥当性=PASS_AS_STRUCTURE_NOT_AS_CLAIM; 形式化妥当性=FAIL_UNSUPPORTED_ATOMS:multi_hop=true;ranking_metric=true。見出し・表セル・用語リンクの断片であり、独立した外部主張として判定できない。証拠必須文として扱う分類が教材構造と一致せず、形式化の主語・述語も欠ける。,,,NOT_APPLICABLE,原文をrevised_sentenceの完全な説明文へ置換し、sentence evidence分類をexpository_or_structural/evidence_required=noへ修正して未証明文キューから除外する。,,,,,INCONCLUSIVE,NOT_APPLICABLE_UNPROVED,,,codex-independent-wave4,2026-08-15,INDEPENDENT_REVIEW_COMPLETE,PARTIAL_CANDIDATE_SOURCE_ONLY,FAIL_NO_DIRECT_LOCATOR,FAIL_UNSUPPORTED_ATOMS:multi_hop=true;ranking_metric=true,BACKGROUND_CITATION,FAIL_NOT_A_PROPOSITION,NOT_APPLICABLE_FRAGMENT,PASS_AS_STRUCTURE_NOT_AS_CLAIM,FAIL_UNSUPPORTED_ATOMS:multi_hop=true;ranking_metric=true
SENT-2600,52bebecfb2a435d0e7ff2efea557c5799674ded6,主な指標には、再順位付け前後のMRRとnDCG、正解根拠保持率、重複率、文書多様性、圧縮率、正解スパン保持率があります。,本ガイドの基本構成では、主な指標には、再順位付け前後のMRRとnDCG、正解根拠保持率、重複率、文書多様性、圧縮率、正解スパン保持率があります。,"AND(AND(AND(AND(ATOM(rerank=true), ATOM(diversity=true)), ATOM(compression=true)), ATOM(evidence_support=true)), ATOM(ranking_metric=true))",AND,general_technical_claim,UNCLASSIFIED,7.1.2 (docs/7.品質を評価し改善する/7.1.評価設計の全体像.md:75),SRC-019;SRC-089,UNVERIFIED_CANDIDATE_URL_ONLY,BACKGROUND_CITATION,compression=true;evidence_support=true,diversity=true;ranking_metric=true;rerank=true,,REWRITE_REQUIRED,権威性=候補一次資料のみ; 直接性=locator未確認; 網羅性=未支持atom=diversity=true;ranking_metric=true;rerank=true; 主張極性=BACKGROUND_CITATIONとして再分類; スコープ=PASS_AFTER_TEST_SCOPE_QUALIFICATION; モダリティ=PASS_AFTER_HYPOTHESIS_QUALIFIER; 教材妥当性=PASS_AS_EXPLICIT_TESTABLE_HYPOTHESIS; 形式化妥当性=FAIL_UNSUPPORTED_ATOMS:diversity=true;ranking_metric=true;rerank=true。「主な指標には、再順位付け前後のMRRとnDCG、正解根拠保持率、重複率、文書多様性、圧縮率、正解スパン保持率があります。」は候補資料(SRC-019;SRC-089)に直接locatorがなく、一般的事実としてはFAIL_UNSUPPORTED_ATOMS:diversity=true;ranking_metric=true;rerank=trueが残る。原文の対象と作用を維持したまま、本ガイドの構成または対象データでの検証へスコープを限定すれば教材上の検討事項を保持できる。,,,UNVERIFIED,原文をrevised_sentenceへ置換し、対象データ、比較条件、観測指標、合否閾値を同じ節に追記する。検証後に限り事実表現へ戻し、意味を保存して再形式化する。,,,,,INCONCLUSIVE,NOT_APPLICABLE_UNPROVED,,,codex-independent-wave4,2026-08-15,INDEPENDENT_REVIEW_COMPLETE,PARTIAL_CANDIDATE_SOURCE_ONLY,FAIL_NO_DIRECT_LOCATOR,FAIL_UNSUPPORTED_ATOMS:diversity=true;ranking_metric=true;rerank=true,BACKGROUND_CITATION,PASS_AFTER_TEST_SCOPE_QUALIFICATION,PASS_AFTER_HYPOTHESIS_QUALIFIER,PASS_AS_EXPLICIT_TESTABLE_HYPOTHESIS,FAIL_UNSUPPORTED_ATOMS:diversity=true;ranking_metric=true;rerank=true
SENT-2615,52bebecfb2a435d0e7ff2efea557c5799674ded6,ALCEは長文回答について引用の正しさと網羅性を評価し、FActScoreは長文を検証可能な原子的事実へ分解します。,本ガイドの基本構成では、ALCEは長文回答について引用の正しさと網羅性を評価し、FActScoreは長文を検証可能な原子的事実へ分解します。,"AND(AND(AND(ATOM(generation=true), ATOM(citation=true)), ATOM(verification=true)), ATOM(evaluation=true))",AND,externally_cited_claim,可能,7.1.3 (docs/7.品質を評価し改善する/7.1.評価設計の全体像.md:97),SRC-037;SRC-094,UNVERIFIED_CANDIDATE_URL_ONLY,EMPIRICAL_RESULT,citation=true;evaluation=true;generation=true,verification=true,,REWRITE_REQUIRED,権威性=候補一次資料のみ; 直接性=locator未確認; 網羅性=未支持atom=verification=true; 主張極性=EMPIRICAL_RESULTとして再分類; スコープ=PASS_AFTER_CONCRETE_VERSION_OR_EXPERIMENT_SCOPE; モダリティ=PASS_AFTER_CONDITIONAL_OR_REPRODUCTION_WORDING; 教材妥当性=PASS_AFTER_CONCRETE_VERSION_OR_EXPERIMENT_QUALIFIER; 形式化妥当性=FAIL_UNSUPPORTED_ATOMS:verification=true。「ALCEは長文回答について引用の正しさと網羅性を評価し、FActScoreは長文を検証可能な原子的事実へ分解します。」の候補資料(SRC-037;SRC-094)はURL単位で、節・ページ・表・API見出しを独立に確認できていない。現文のFAIL_UNSUPPORTED_ATOMS:verification=true、版・実験条件、資料内極性を断定せず、具体的な製品前提・ローカル定義・再現試験へ限定すれば教材内容を保持できる。,,,UNVERIFIED,原文をrevised_sentenceの具体文へ置換する。製品文は利用時点のregion/versionを受入条件へ追加し、研究文は同じ指標・比較条件で再現確認する。事実表現へ戻す場合は直接locatorを再監査する。,,,,,INCONCLUSIVE,NOT_APPLICABLE_UNPROVED,,,codex-independent-wave4,2026-08-15,INDEPENDENT_REVIEW_COMPLETE,PARTIAL_CANDIDATE_SOURCE_ONLY,FAIL_NO_DIRECT_LOCATOR,FAIL_UNSUPPORTED_ATOMS:verification=true,EMPIRICAL_RESULT,PASS_AFTER_CONCRETE_VERSION_OR_EXPERIMENT_SCOPE,PASS_AFTER_CONDITIONAL_OR_REPRODUCTION_WORDING,PASS_AFTER_CONCRETE_VERSION_OR_EXPERIMENT_QUALIFIER,FAIL_UNSUPPORTED_ATOMS:verification=true
SENT-2622,52bebecfb2a435d0e7ff2efea557c5799674ded6,システム特性については、最初のトークンまでの時間、95パーセンタイル遅延、タイムアウト率、一質問当たりの費用を併記します。,本ガイドの基本構成では、システム特性については、最初のトークンまでの時間、95パーセンタイル遅延、タイムアウト率、一質問当たりの費用を併記します。,"AND(ATOM(temporal_freshness=true), ATOM(cost=true))",AND,general_technical_claim,UNCLASSIFIED,7.1.3 (docs/7.品質を評価し改善する/7.1.評価設計の全体像.md:107),SRC-094,UNVERIFIED_CANDIDATE_URL_ONLY,BACKGROUND_CITATION,cost=true,temporal_freshness=true,,REWRITE_REQUIRED,権威性=候補一次資料のみ; 直接性=locator未確認; 網羅性=未支持atom=temporal_freshness=true; 主張極性=BACKGROUND_CITATIONとして再分類; スコープ=PASS_AFTER_TEST_SCOPE_QUALIFICATION; モダリティ=PASS_AFTER_HYPOTHESIS_QUALIFIER; 教材妥当性=PASS_AS_EXPLICIT_TESTABLE_HYPOTHESIS; 形式化妥当性=FAIL_UNSUPPORTED_ATOMS:temporal_freshness=true。「システム特性については、最初のトークンまでの時間、95パーセンタイル遅延、タイムアウト率、一質問当たりの費用を併記します。」は候補資料(SRC-094)に直接locatorがなく、一般的事実としてはFAIL_UNSUPPORTED_ATOMS:temporal_freshness=trueが残る。原文の対象と作用を維持したまま、本ガイドの構成または対象データでの検証へスコープを限定すれば教材上の検討事項を保持できる。,,,UNVERIFIED,原文をrevised_sentenceへ置換し、対象データ、比較条件、観測指標、合否閾値を同じ節に追記する。検証後に限り事実表現へ戻し、意味を保存して再形式化する。,,,,,INCONCLUSIVE,NOT_APPLICABLE_UNPROVED,,,codex-independent-wave4,2026-08-15,INDEPENDENT_REVIEW_COMPLETE,PARTIAL_CANDIDATE_SOURCE_ONLY,FAIL_NO_DIRECT_LOCATOR,FAIL_UNSUPPORTED_ATOMS:temporal_freshness=true,BACKGROUND_CITATION,PASS_AFTER_TEST_SCOPE_QUALIFICATION,PASS_AFTER_HYPOTHESIS_QUALIFIER,PASS_AS_EXPLICIT_TESTABLE_HYPOTHESIS,FAIL_UNSUPPORTED_ATOMS:temporal_freshness=true
SENT-2623,52bebecfb2a435d0e7ff2efea557c5799674ded6,95パーセンタイル遅延は、処理時間が短い順に並べたときに95%の要求が収まる値です。,本ガイドの基本構成では、95パーセンタイル遅延は、処理時間が短い順に並べたときに95%の要求が収まる値です。,UNFORMALIZED,UNFORMALIZED,empirical_or_research_claim,UNCLASSIFIED,7.1.3 (docs/7.品質を評価し改善する/7.1.評価設計の全体像.md:108),SRC-002;SRC-005;SRC-010;SRC-013;SRC-017,UNVERIFIED_CANDIDATE_URL_ONLY,DEFINITION_OR_SPEC,,,,REWRITE_REQUIRED,権威性=候補一次資料のみ; 直接性=locator未確認; 網羅性=未支持atom=none-explicit; 主張極性=DEFINITION_OR_SPECとして再分類; スコープ=PASS_AFTER_TEST_SCOPE_QUALIFICATION; モダリティ=PASS_AFTER_HYPOTHESIS_QUALIFIER; 教材妥当性=PASS_AS_EXPLICIT_TESTABLE_HYPOTHESIS; 形式化妥当性=FAIL_UNFORMALIZED。「95パーセンタイル遅延は、処理時間が短い順に並べたときに95%の要求が収まる値です。」は候補資料(SRC-002;SRC-005;SRC-010;SRC-013;SRC-017)に直接locatorがなく、一般的事実としてはFAIL_UNFORMALIZEDが残る。原文の対象と作用を維持したまま、本ガイドの構成または対象データでの検証へスコープを限定すれば教材上の検討事項を保持できる。,,,UNVERIFIED,原文をrevised_sentenceへ置換し、対象データ、比較条件、観測指標、合否閾値を同じ節に追記する。検証後に限り事実表現へ戻し、意味を保存して再形式化する。,,,,,INCONCLUSIVE,NOT_APPLICABLE_UNPROVED,,,codex-independent-wave4,2026-08-15,INDEPENDENT_REVIEW_COMPLETE,PARTIAL_CANDIDATE_SOURCE_ONLY,FAIL_NO_DIRECT_LOCATOR,FAIL_UNFORMALIZED,DEFINITION_OR_SPEC,PASS_AFTER_TEST_SCOPE_QUALIFICATION,PASS_AFTER_HYPOTHESIS_QUALIFIER,PASS_AS_EXPLICIT_TESTABLE_HYPOTHESIS,FAIL_UNFORMALIZED
SENT-2630,52bebecfb2a435d0e7ff2efea557c5799674ded6,BEIRが異なる検索領域を横断して評価した結果からも、あるデータセットで優れた検索器が別の領域でも同じように優れるとは限らないことが分かります。,本ガイドの基本構成では、BEIRが異なる検索領域を横断して評価した結果からも、あるデータセットで優れた検索器が別の領域でも同じように優れるとは限らないことが分かります。,"NOT(AND(AND(ATOM(retrieval=true), ATOM(evaluation=true)), ATOM(empirical_result=true)))",NOT,externally_cited_claim,ない,7.1.4 (docs/7.品質を評価し改善する/7.1.評価設計の全体像.md:120),SRC-066,UNVERIFIED_CANDIDATE_URL_ONLY,EMPIRICAL_RESULT,empirical_result=true;evaluation=true;retrieval=true,,NOT,REWRITE_REQUIRED,権威性=候補一次資料のみ; 直接性=locator未確認; 網羅性=関係NOT自体の根拠未確認; 主張極性=EMPIRICAL_RESULTとして再分類; スコープ=PASS_AFTER_CONCRETE_VERSION_OR_EXPERIMENT_SCOPE; モダリティ=PASS_AFTER_CONDITIONAL_OR_REPRODUCTION_WORDING; 教材妥当性=PASS_AFTER_CONCRETE_VERSION_OR_EXPERIMENT_QUALIFIER; 形式化妥当性=FAIL_RELATION_NOT。「BEIRが異なる検索領域を横断して評価した結果からも、あるデータセットで優れた検索器が別の領域でも同じように優れるとは限らないことが分かります。」の候補資料(SRC-066)はURL単位で、節・ページ・表・API見出しを独立に確認できていない。現文のFAIL_RELATION_NOT、版・実験条件、資料内極性を断定せず、具体的な製品前提・ローカル定義・再現試験へ限定すれば教材内容を保持できる。,,,UNVERIFIED,原文をrevised_sentenceの具体文へ置換する。製品文は利用時点のregion/versionを受入条件へ追加し、研究文は同じ指標・比較条件で再現確認する。事実表現へ戻す場合は直接locatorを再監査する。,,,,,INCONCLUSIVE,NOT_APPLICABLE_UNPROVED,,,codex-independent-wave4,2026-08-15,INDEPENDENT_REVIEW_COMPLETE,PARTIAL_CANDIDATE_SOURCE_ONLY,FAIL_NO_DIRECT_LOCATOR,FAIL_RELATION_NOT,EMPIRICAL_RESULT,PASS_AFTER_CONCRETE_VERSION_OR_EXPERIMENT_SCOPE,PASS_AFTER_CONDITIONAL_OR_REPRODUCTION_WORDING,PASS_AFTER_CONCRETE_VERSION_OR_EXPERIMENT_QUALIFIER,FAIL_RELATION_NOT
SENT-2636,52bebecfb2a435d0e7ff2efea557c5799674ded6,回答可能な質問が多いデータセットでは、回答率の平均だけでは不適切な回答拒否を捉えられません。,本ガイドの基本構成では、回答可能な質問が多いデータセットでは、回答率の平均だけでは不適切な回答拒否を捉えられません。,"NOT(AND(ATOM(generation=true), ATOM(answerability=true)))",NOT,empirical_or_research_claim,可能;ません,7.1.4 (docs/7.品質を評価し改善する/7.1.評価設計の全体像.md:129),SRC-106,UNVERIFIED_CANDIDATE_URL_ONLY,EMPIRICAL_RESULT,generation=true,answerability=true,NOT,REWRITE_REQUIRED,権威性=候補一次資料のみ; 直接性=locator未確認; 網羅性=関係NOT自体の根拠未確認; 主張極性=EMPIRICAL_RESULTとして再分類; スコープ=PASS_AFTER_TEST_SCOPE_QUALIFICATION; モダリティ=PASS_AFTER_HYPOTHESIS_QUALIFIER; 教材妥当性=PASS_AS_EXPLICIT_TESTABLE_HYPOTHESIS; 形式化妥当性=FAIL_RELATION_NOT。「回答可能な質問が多いデータセットでは、回答率の平均だけでは不適切な回答拒否を捉えられません。」は候補資料(SRC-106)に直接locatorがなく、一般的事実としてはFAIL_RELATION_NOTが残る。原文の対象と作用を維持したまま、本ガイドの構成または対象データでの検証へスコープを限定すれば教材上の検討事項を保持できる。,,,UNVERIFIED,原文をrevised_sentenceへ置換し、対象データ、比較条件、観測指標、合否閾値を同じ節に追記する。検証後に限り事実表現へ戻し、意味を保存して再形式化する。,,,,,INCONCLUSIVE,NOT_APPLICABLE_UNPROVED,,,codex-independent-wave4,2026-08-15,INDEPENDENT_REVIEW_COMPLETE,PARTIAL_CANDIDATE_SOURCE_ONLY,FAIL_NO_DIRECT_LOCATOR,FAIL_RELATION_NOT,EMPIRICAL_RESULT,PASS_AFTER_TEST_SCOPE_QUALIFICATION,PASS_AFTER_HYPOTHESIS_QUALIFIER,PASS_AS_EXPLICIT_TESTABLE_HYPOTHESIS,FAIL_RELATION_NOT
SENT-2641,52bebecfb2a435d0e7ff2efea557c5799674ded6,結果には評価件数、信頼区間、評価者間一致率を添え、小さな点差を直ちに改善とは判断しません。,結果には評価件数、信頼区間、評価者間一致率を添え、小さな点差を直ちに改善とは判断しません。,"NOT(AND(ATOM(evaluation=true), ATOM(empirical_result=true)))",NOT,empirical_or_research_claim,ません,7.1.4 (docs/7.品質を評価し改善する/7.1.評価設計の全体像.md:136),SRC-066;SRC-106,NOT_APPLICABLE_LOCAL_NORM,HYPOTHESIS,empirical_result=true;evaluation=true,,NOT,APPROPRIATE_NORMATIVE,権威性=候補一次資料のみ; 直接性=locator未確認; 網羅性=関係NOT自体の根拠未確認; 主張極性=HYPOTHESISとして再分類; スコープ=PASS_LOCAL_DESIGN_POLICY; モダリティ=PASS_AS_DISCLOSED_NORMATIVE_RULE; 教材妥当性=PASS_AFTER_EXPLICIT_CRITERIA_AND_EXCEPTION; 形式化妥当性=FAIL_RELATION_NOT。「結果には評価件数、信頼区間、評価者間一致率を添え、小さな点差を直ちに改善とは判断しません。」は外的真偽の断定ではなく、対象・処理・判断を特定した設計・運用上の選択規則として読める。ただし候補資料(SRC-066;SRC-106)はURL単位で、直接locatorは未確認。規範の判断基準と例外を明示すれば教材として採用できる。形式面ではFAIL_RELATION_NOTを別途解消する必要がある。,禁止対象、禁止理由、代替経路を明示し、安全性・再現性・追跡性のいずれを守る規則か検査できること,禁止理由を満たす別の統制が同等以上の証拠で確認できる場合のみ例外とし、理由と期限を記録する,NOT_APPLICABLE,本文は維持し、節内に判断基準「禁止対象、禁止理由、代替経路を明示し、安全性・再現性・追跡性のいずれを守る規則か検査できること」と例外「禁止理由を満たす別の統制が同等以上の証拠で確認できる場合のみ例外とし、理由と期限を記録する」を明記する。経験的な効果保証とは分離し、意味を保存して再形式化する。,,,,,INCONCLUSIVE,NOT_APPLICABLE_UNPROVED,,,codex-independent-wave4,2026-08-15,INDEPENDENT_REVIEW_COMPLETE,PARTIAL_CANDIDATE_SOURCE_ONLY,FAIL_NO_DIRECT_LOCATOR,FAIL_RELATION_NOT,HYPOTHESIS,PASS_LOCAL_DESIGN_POLICY,PASS_AS_DISCLOSED_NORMATIVE_RULE,PASS_AFTER_EXPLICIT_CRITERIA_AND_EXCEPTION,FAIL_RELATION_NOT
SENT-2644,52bebecfb2a435d0e7ff2efea557c5799674ded6,平均差に加えて、改善した件数、変わらない件数、悪化した件数を示します。,本ガイドの基本構成では、平均差に加えて、改善した件数、変わらない件数、悪化した件数を示します。,NOT(ATOM(empirical_result=true)),NOT,empirical_or_research_claim,ない,7.1.4 (docs/7.品質を評価し改善する/7.1.評価設計の全体像.md:141),SRC-066,UNVERIFIED_CANDIDATE_URL_ONLY,EMPIRICAL_RESULT,empirical_result=true,,NOT,REWRITE_REQUIRED,権威性=候補一次資料のみ; 直接性=locator未確認; 網羅性=関係NOT自体の根拠未確認; 主張極性=EMPIRICAL_RESULTとして再分類; スコープ=PASS_AFTER_TEST_SCOPE_QUALIFICATION; モダリティ=PASS_AFTER_HYPOTHESIS_QUALIFIER; 教材妥当性=PASS_AS_EXPLICIT_TESTABLE_HYPOTHESIS; 形式化妥当性=FAIL_RELATION_NOT。「平均差に加えて、改善した件数、変わらない件数、悪化した件数を示します。」は候補資料(SRC-066)に直接locatorがなく、一般的事実としてはFAIL_RELATION_NOTが残る。原文の対象と作用を維持したまま、本ガイドの構成または対象データでの検証へスコープを限定すれば教材上の検討事項を保持できる。,,,UNVERIFIED,原文をrevised_sentenceへ置換し、対象データ、比較条件、観測指標、合否閾値を同じ節に追記する。検証後に限り事実表現へ戻し、意味を保存して再形式化する。,,,,,INCONCLUSIVE,NOT_APPLICABLE_UNPROVED,,,codex-independent-wave4,2026-08-15,INDEPENDENT_REVIEW_COMPLETE,PARTIAL_CANDIDATE_SOURCE_ONLY,FAIL_NO_DIRECT_LOCATOR,FAIL_RELATION_NOT,EMPIRICAL_RESULT,PASS_AFTER_TEST_SCOPE_QUALIFICATION,PASS_AFTER_HYPOTHESIS_QUALIFIER,PASS_AS_EXPLICIT_TESTABLE_HYPOTHESIS,FAIL_RELATION_NOT
SENT-2647,52bebecfb2a435d0e7ff2efea557c5799674ded6,改善対象、非劣化条件、重要スライスの下限、安全条件、遅延上限、費用上限を別々に定め、すべてを満たすことを要求します。,改善対象、非劣化条件、重要スライスの下限、安全条件、遅延上限、費用上限を別々に定め、すべてを満たすことを要求します。,"AND(ATOM(cost=true), ATOM(empirical_result=true))",AND,empirical_or_research_claim,すべて,7.1.5 (docs/7.品質を評価し改善する/7.1.評価設計の全体像.md:147),SRC-017,NOT_APPLICABLE_LOCAL_NORM,HYPOTHESIS,empirical_result=true,cost=true,,APPROPRIATE_NORMATIVE,権威性=候補一次資料のみ; 直接性=locator未確認; 網羅性=未支持atom=cost=true; 主張極性=HYPOTHESISとして再分類; スコープ=PASS_LOCAL_DESIGN_POLICY; モダリティ=PASS_AS_DISCLOSED_NORMATIVE_RULE; 教材妥当性=PASS_AFTER_EXPLICIT_CRITERIA_AND_EXCEPTION; 形式化妥当性=FAIL_UNSUPPORTED_ATOMS:cost=true。「改善対象、非劣化条件、重要スライスの下限、安全条件、遅延上限、費用上限を別々に定め、すべてを満たすことを要求します。」は外的真偽の断定ではなく、対象・処理・判断を特定した設計・運用上の選択規則として読める。ただし候補資料(SRC-017)はURL単位で、直接locatorは未確認。規範の判断基準と例外を明示すれば教材として採用できる。形式面ではFAIL_UNSUPPORTED_ATOMS:cost=trueを別途解消する必要がある。,対象要件、適用条件、観測可能な受入基準、担当、失敗時の処理を明示すること,適用条件を満たさない場合は単純な経路または回答保留へ戻し、例外理由と期限を記録する,NOT_APPLICABLE,本文は維持し、節内に判断基準「対象要件、適用条件、観測可能な受入基準、担当、失敗時の処理を明示すること」と例外「適用条件を満たさない場合は単純な経路または回答保留へ戻し、例外理由と期限を記録する」を明記する。経験的な効果保証とは分離し、意味を保存して再形式化する。,,,,,INCONCLUSIVE,NOT_APPLICABLE_UNPROVED,,,codex-independent-wave4,2026-08-15,INDEPENDENT_REVIEW_COMPLETE,PARTIAL_CANDIDATE_SOURCE_ONLY,FAIL_NO_DIRECT_LOCATOR,FAIL_UNSUPPORTED_ATOMS:cost=true,HYPOTHESIS,PASS_LOCAL_DESIGN_POLICY,PASS_AS_DISCLOSED_NORMATIVE_RULE,PASS_AFTER_EXPLICIT_CRITERIA_AND_EXCEPTION,FAIL_UNSUPPORTED_ATOMS:cost=true
SENT-2649,52bebecfb2a435d0e7ff2efea557c5799674ded6,行ごとに独立した条件を置き、改善目標だけでなく、品質、安全性、性能、費用の全条件を満たしたかを読みます。,本ガイドの基本構成では、行ごとに独立した条件を置き、改善目標だけでなく、品質、安全性、性能、費用の全条件を満たしたかを読みます。,"AND(ATOM(cost=true), ATOM(empirical_result=true))",AND,empirical_or_research_claim,UNCLASSIFIED,7.1.5 (docs/7.品質を評価し改善する/7.1.評価設計の全体像.md:150),SRC-017,UNVERIFIED_CANDIDATE_URL_ONLY,EMPIRICAL_RESULT,empirical_result=true,cost=true,,REWRITE_REQUIRED,権威性=候補一次資料のみ; 直接性=locator未確認; 網羅性=未支持atom=cost=true; 主張極性=EMPIRICAL_RESULTとして再分類; スコープ=PASS_AFTER_TEST_SCOPE_QUALIFICATION; モダリティ=PASS_AFTER_HYPOTHESIS_QUALIFIER; 教材妥当性=PASS_AS_EXPLICIT_TESTABLE_HYPOTHESIS; 形式化妥当性=FAIL_UNSUPPORTED_ATOMS:cost=true。「行ごとに独立した条件を置き、改善目標だけでなく、品質、安全性、性能、費用の全条件を満たしたかを読みます。」は候補資料(SRC-017)に直接locatorがなく、一般的事実としてはFAIL_UNSUPPORTED_ATOMS:cost=trueが残る。原文の対象と作用を維持したまま、本ガイドの構成または対象データでの検証へスコープを限定すれば教材上の検討事項を保持できる。,,,UNVERIFIED,原文をrevised_sentenceへ置換し、対象データ、比較条件、観測指標、合否閾値を同じ節に追記する。検証後に限り事実表現へ戻し、意味を保存して再形式化する。,,,,,INCONCLUSIVE,NOT_APPLICABLE_UNPROVED,,,codex-independent-wave4,2026-08-15,INDEPENDENT_REVIEW_COMPLETE,PARTIAL_CANDIDATE_SOURCE_ONLY,FAIL_NO_DIRECT_LOCATOR,FAIL_UNSUPPORTED_ATOMS:cost=true,EMPIRICAL_RESULT,PASS_AFTER_TEST_SCOPE_QUALIFICATION,PASS_AFTER_HYPOTHESIS_QUALIFIER,PASS_AS_EXPLICIT_TESTABLE_HYPOTHESIS,FAIL_UNSUPPORTED_ATOMS:cost=true
SENT-2652,52bebecfb2a435d0e7ff2efea557c5799674ded6,| 改善目標 | 型番スライスのRecall@10が基準値以上 |,本ガイドでは、「改善目標」を「型番スライスのRecall@10が基準値以上」に関連する項目として扱います。,"AND(ATOM(recall_metric=true), ATOM(empirical_result=true))",AND,empirical_or_research_claim,UNCLASSIFIED,7.1.5 (docs/7.品質を評価し改善する/7.1.評価設計の全体像.md:156),SRC-017,UNVERIFIED_CANDIDATE_URL_ONLY,EMPIRICAL_RESULT,empirical_result=true,recall_metric=true,,REWRITE_REQUIRED,権威性=候補一次資料のみ; 直接性=locator未確認; 網羅性=未支持atom=recall_metric=true; 主張極性=EMPIRICAL_RESULTとして再分類; スコープ=FAIL_NOT_A_PROPOSITION; モダリティ=NOT_APPLICABLE_FRAGMENT; 教材妥当性=PASS_AS_STRUCTURE_NOT_AS_CLAIM; 形式化妥当性=FAIL_UNSUPPORTED_ATOMS:recall_metric=true。見出し・表セル・用語リンクの断片であり、独立した外部主張として判定できない。証拠必須文として扱う分類が教材構造と一致せず、形式化の主語・述語も欠ける。,,,NOT_APPLICABLE,原文をrevised_sentenceの完全な説明文へ置換し、sentence evidence分類をexpository_or_structural/evidence_required=noへ修正して未証明文キューから除外する。,,,,,INCONCLUSIVE,NOT_APPLICABLE_UNPROVED,,,codex-independent-wave4,2026-08-15,INDEPENDENT_REVIEW_COMPLETE,PARTIAL_CANDIDATE_SOURCE_ONLY,FAIL_NO_DIRECT_LOCATOR,FAIL_UNSUPPORTED_ATOMS:recall_metric=true,EMPIRICAL_RESULT,FAIL_NOT_A_PROPOSITION,NOT_APPLICABLE_FRAGMENT,PASS_AS_STRUCTURE_NOT_AS_CLAIM,FAIL_UNSUPPORTED_ATOMS:recall_metric=true
SENT-2658,52bebecfb2a435d0e7ff2efea557c5799674ded6,ML Test Scoreが本番準備度を複数領域へ分けるのと同様に、RAGのリリースも複数条件の論理積で判断します。,本ガイドの基本構成では、ML Test Scoreが本番準備度を複数領域へ分けるのと同様に、RAGのリリースも複数条件の論理積で判断します。,UNFORMALIZED,UNFORMALIZED,externally_cited_claim,UNCLASSIFIED,7.1.5 (docs/7.品質を評価し改善する/7.1.評価設計の全体像.md:163),SRC-017,UNVERIFIED_CANDIDATE_URL_ONLY,AUTHOR_CLAIM,,,,REWRITE_REQUIRED,権威性=候補一次資料のみ; 直接性=locator未確認; 網羅性=未支持atom=none-explicit; 主張極性=AUTHOR_CLAIMとして再分類; スコープ=PASS_AFTER_CONCRETE_VERSION_OR_EXPERIMENT_SCOPE; モダリティ=PASS_AFTER_CONDITIONAL_OR_REPRODUCTION_WORDING; 教材妥当性=PASS_AFTER_CONCRETE_VERSION_OR_EXPERIMENT_QUALIFIER; 形式化妥当性=FAIL_UNFORMALIZED。「ML Test Scoreが本番準備度を複数領域へ分けるのと同様に、RAGのリリースも複数条件の論理積で判断します。」の候補資料(SRC-017)はURL単位で、節・ページ・表・API見出しを独立に確認できていない。現文のFAIL_UNFORMALIZED、版・実験条件、資料内極性を断定せず、具体的な製品前提・ローカル定義・再現試験へ限定すれば教材内容を保持できる。,,,UNVERIFIED,原文をrevised_sentenceの具体文へ置換する。製品文は利用時点のregion/versionを受入条件へ追加し、研究文は同じ指標・比較条件で再現確認する。事実表現へ戻す場合は直接locatorを再監査する。,,,,,INCONCLUSIVE,NOT_APPLICABLE_UNPROVED,,,codex-independent-wave4,2026-08-15,INDEPENDENT_REVIEW_COMPLETE,PARTIAL_CANDIDATE_SOURCE_ONLY,FAIL_NO_DIRECT_LOCATOR,FAIL_UNFORMALIZED,AUTHOR_CLAIM,PASS_AFTER_CONCRETE_VERSION_OR_EXPERIMENT_SCOPE,PASS_AFTER_CONDITIONAL_OR_REPRODUCTION_WORDING,PASS_AFTER_CONCRETE_VERSION_OR_EXPERIMENT_QUALIFIER,FAIL_UNFORMALIZED
SENT-2666,52bebecfb2a435d0e7ff2efea557c5799674ded6,変更対象、期待する改善、悪化してはならないmetricを仮説として記録し、ownerとrelease単位を決め、修正前のtraceを保存します。,変更対象、期待する改善、悪化してはならないmetricを仮説として記録し、ownerとrelease単位を決め、修正前のtraceを保存します。,NOT(ATOM(empirical_result=true)),NOT,empirical_or_research_claim,ない,7.10.1 (docs/7.品質を評価し改善する/7.10.改善ループ.md:7),SRC-107,NOT_APPLICABLE_LOCAL_NORM,HYPOTHESIS,empirical_result=true,,NOT,APPROPRIATE_NORMATIVE,権威性=候補一次資料のみ; 直接性=locator未確認; 網羅性=関係NOT自体の根拠未確認; 主張極性=HYPOTHESISとして再分類; スコープ=PASS_LOCAL_DESIGN_POLICY; モダリティ=PASS_AS_DISCLOSED_NORMATIVE_RULE; 教材妥当性=PASS_AFTER_EXPLICIT_CRITERIA_AND_EXCEPTION; 形式化妥当性=FAIL_RELATION_NOT。「変更対象、期待する改善、悪化してはならないmetricを仮説として記録し、ownerとrelease単位を決め、修正前のtraceを保存します。」は外的真偽の断定ではなく、対象・処理・判断を特定した設計・運用上の選択規則として読める。ただし候補資料(SRC-107)はURL単位で、直接locatorは未確認。規範の判断基準と例外を明示すれば教材として採用できる。形式面ではFAIL_RELATION_NOTを別途解消する必要がある。,禁止対象、禁止理由、代替経路を明示し、安全性・再現性・追跡性のいずれを守る規則か検査できること,禁止理由を満たす別の統制が同等以上の証拠で確認できる場合のみ例外とし、理由と期限を記録する,NOT_APPLICABLE,本文は維持し、節内に判断基準「禁止対象、禁止理由、代替経路を明示し、安全性・再現性・追跡性のいずれを守る規則か検査できること」と例外「禁止理由を満たす別の統制が同等以上の証拠で確認できる場合のみ例外とし、理由と期限を記録する」を明記する。経験的な効果保証とは分離し、意味を保存して再形式化する。,,,,,INCONCLUSIVE,NOT_APPLICABLE_UNPROVED,,,codex-independent-wave4,2026-08-15,INDEPENDENT_REVIEW_COMPLETE,PARTIAL_CANDIDATE_SOURCE_ONLY,FAIL_NO_DIRECT_LOCATOR,FAIL_RELATION_NOT,HYPOTHESIS,PASS_LOCAL_DESIGN_POLICY,PASS_AS_DISCLOSED_NORMATIVE_RULE,PASS_AFTER_EXPLICIT_CRITERIA_AND_EXCEPTION,FAIL_RELATION_NOT
SENT-2668,52bebecfb2a435d0e7ff2efea557c5799674ded6,複数の変更を同時に入れると、どの変更が改善や悪化を生んだか分かりません。,本ガイドの基本構成では、複数の変更を同時に入れると、どの変更が改善や悪化を生んだか分かりません。,NOT(ATOM(empirical_result=true)),NOT,empirical_or_research_claim,ません,7.10.1 (docs/7.品質を評価し改善する/7.10.改善ループ.md:10),SRC-107,UNVERIFIED_CANDIDATE_URL_ONLY,EMPIRICAL_RESULT,empirical_result=true,,NOT,REWRITE_REQUIRED,権威性=候補一次資料のみ; 直接性=locator未確認; 網羅性=関係NOT自体の根拠未確認; 主張極性=EMPIRICAL_RESULTとして再分類; スコープ=PASS_AFTER_TEST_SCOPE_QUALIFICATION; モダリティ=PASS_AFTER_HYPOTHESIS_QUALIFIER; 教材妥当性=PASS_AS_EXPLICIT_TESTABLE_HYPOTHESIS; 形式化妥当性=FAIL_RELATION_NOT。「複数の変更を同時に入れると、どの変更が改善や悪化を生んだか分かりません。」は候補資料(SRC-107)に直接locatorがなく、一般的事実としてはFAIL_RELATION_NOTが残る。原文の対象と作用を維持したまま、本ガイドの構成または対象データでの検証へスコープを限定すれば教材上の検討事項を保持できる。,,,UNVERIFIED,原文をrevised_sentenceへ置換し、対象データ、比較条件、観測指標、合否閾値を同じ節に追記する。検証後に限り事実表現へ戻し、意味を保存して再形式化する。,,,,,INCONCLUSIVE,NOT_APPLICABLE_UNPROVED,,,codex-independent-wave4,2026-08-15,INDEPENDENT_REVIEW_COMPLETE,PARTIAL_CANDIDATE_SOURCE_ONLY,FAIL_NO_DIRECT_LOCATOR,FAIL_RELATION_NOT,EMPIRICAL_RESULT,PASS_AFTER_TEST_SCOPE_QUALIFICATION,PASS_AFTER_HYPOTHESIS_QUALIFIER,PASS_AS_EXPLICIT_TESTABLE_HYPOTHESIS,FAIL_RELATION_NOT
SENT-2669,52bebecfb2a435d0e7ff2efea557c5799674ded6,疎検索、密検索、融合、再順位付け、重複除去、圧縮を順番に有効化または無効化します。,本ガイドの基本構成では、疎検索、密検索、融合、再順位付け、重複除去、圧縮を順番に有効化または無効化します。,"AND(AND(AND(AND(AND(ATOM(sparse=true), ATOM(dense=true)), ATOM(rerank=true)), ATOM(dedup=true)), ATOM(compression=true)), ATOM(retrieval=true))",AND,general_technical_claim,UNCLASSIFIED,7.10.1 (docs/7.品質を評価し改善する/7.10.改善ループ.md:12),SRC-107,UNVERIFIED_CANDIDATE_URL_ONLY,BACKGROUND_CITATION,rerank=true;retrieval=true,compression=true;dedup=true;dense=true;sparse=true,,REWRITE_REQUIRED,権威性=候補一次資料のみ; 直接性=locator未確認; 網羅性=未支持atom=compression=true;dedup=true;dense=true;sparse=true; 主張極性=BACKGROUND_CITATIONとして再分類; スコープ=PASS_AFTER_TEST_SCOPE_QUALIFICATION; モダリティ=PASS_AFTER_HYPOTHESIS_QUALIFIER; 教材妥当性=PASS_AS_EXPLICIT_TESTABLE_HYPOTHESIS; 形式化妥当性=FAIL_UNSUPPORTED_ATOMS:compression=true;dedup=true;dense=true;sparse=true。「疎検索、密検索、融合、再順位付け、重複除去、圧縮を順番に有効化または無効化します。」は候補資料(SRC-107)に直接locatorがなく、一般的事実としてはFAIL_UNSUPPORTED_ATOMS:compression=true;dedup=true;dense=true;sparse=trueが残る。原文の対象と作用を維持したまま、本ガイドの構成または対象データでの検証へスコープを限定すれば教材上の検討事項を保持できる。,,,UNVERIFIED,原文をrevised_sentenceへ置換し、対象データ、比較条件、観測指標、合否閾値を同じ節に追記する。検証後に限り事実表現へ戻し、意味を保存して再形式化する。,,,,,INCONCLUSIVE,NOT_APPLICABLE_UNPROVED,,,codex-independent-wave4,2026-08-15,INDEPENDENT_REVIEW_COMPLETE,PARTIAL_CANDIDATE_SOURCE_ONLY,FAIL_NO_DIRECT_LOCATOR,FAIL_UNSUPPORTED_ATOMS:compression=true;dedup=true;dense=true;sparse=true,BACKGROUND_CITATION,PASS_AFTER_TEST_SCOPE_QUALIFICATION,PASS_AFTER_HYPOTHESIS_QUALIFIER,PASS_AS_EXPLICIT_TESTABLE_HYPOTHESIS,FAIL_UNSUPPORTED_ATOMS:compression=true;dedup=true;dense=true;sparse=true
SENT-2670,52bebecfb2a435d0e7ff2efea557c5799674ded6,解析器、チャンク分割、埋め込みモデル、プロンプト、生成モデルも、可能な限り別の実験にします。,本ガイドの基本構成では、解析器、チャンク分割、埋め込みモデル、プロンプト、生成モデルも、可能な限り別の実験にします。,"AND(AND(AND(AND(ATOM(chunking=true), ATOM(generation=true)), ATOM(embedding_model=true)), ATOM(parsing=true)), ATOM(empirical_result=true))",AND,empirical_or_research_claim,可能,7.10.1 (docs/7.品質を評価し改善する/7.10.改善ループ.md:13),SRC-107,UNVERIFIED_CANDIDATE_URL_ONLY,EMPIRICAL_RESULT,empirical_result=true;generation=true,chunking=true;embedding_model=true;parsing=true,,REWRITE_REQUIRED,権威性=候補一次資料のみ; 直接性=locator未確認; 網羅性=未支持atom=chunking=true;embedding_model=true;parsing=true; 主張極性=EMPIRICAL_RESULTとして再分類; スコープ=PASS_AFTER_TEST_SCOPE_QUALIFICATION; モダリティ=PASS_AFTER_HYPOTHESIS_QUALIFIER; 教材妥当性=PASS_AS_EXPLICIT_TESTABLE_HYPOTHESIS; 形式化妥当性=FAIL_UNSUPPORTED_ATOMS:chunking=true;embedding_model=true;parsing=true。「解析器、チャンク分割、埋め込みモデル、プロンプト、生成モデルも、可能な限り別の実験にします。」は候補資料(SRC-107)に直接locatorがなく、一般的事実としてはFAIL_UNSUPPORTED_ATOMS:chunking=true;embedding_model=true;parsing=trueが残る。原文の対象と作用を維持したまま、本ガイドの構成または対象データでの検証へスコープを限定すれば教材上の検討事項を保持できる。,,,UNVERIFIED,原文をrevised_sentenceへ置換し、対象データ、比較条件、観測指標、合否閾値を同じ節に追記する。検証後に限り事実表現へ戻し、意味を保存して再形式化する。,,,,,INCONCLUSIVE,NOT_APPLICABLE_UNPROVED,,,codex-independent-wave4,2026-08-15,INDEPENDENT_REVIEW_COMPLETE,PARTIAL_CANDIDATE_SOURCE_ONLY,FAIL_NO_DIRECT_LOCATOR,FAIL_UNSUPPORTED_ATOMS:chunking=true;embedding_model=true;parsing=true,EMPIRICAL_RESULT,PASS_AFTER_TEST_SCOPE_QUALIFICATION,PASS_AFTER_HYPOTHESIS_QUALIFIER,PASS_AS_EXPLICIT_TESTABLE_HYPOTHESIS,FAIL_UNSUPPORTED_ATOMS:chunking=true;embedding_model=true;parsing=true
SENT-2677,52bebecfb2a435d0e7ff2efea557c5799674ded6,権限漏えいや重大誤回答は、平均品質の小さな改善より優先します。,権限漏えいや重大誤回答は、平均品質の小さな改善より優先します。,"AND(AND(ATOM(generation=true), ATOM(authorization=true)), ATOM(empirical_result=true))",AND,empirical_or_research_claim,UNCLASSIFIED,7.10.2 (docs/7.品質を評価し改善する/7.10.改善ループ.md:23),SRC-107,NOT_APPLICABLE_LOCAL_NORM,HYPOTHESIS,empirical_result=true;generation=true,authorization=true,,APPROPRIATE_NORMATIVE,権威性=候補一次資料のみ; 直接性=locator未確認; 網羅性=未支持atom=authorization=true; 主張極性=HYPOTHESISとして再分類; スコープ=PASS_LOCAL_DESIGN_POLICY; モダリティ=PASS_AS_DISCLOSED_NORMATIVE_RULE; 教材妥当性=PASS_AFTER_EXPLICIT_CRITERIA_AND_EXCEPTION; 形式化妥当性=FAIL_UNSUPPORTED_ATOMS:authorization=true。「権限漏えいや重大誤回答は、平均品質の小さな改善より優先します。」は外的真偽の断定ではなく、対象・処理・判断を特定した設計・運用上の選択規則として読める。ただし候補資料(SRC-107)はURL単位で、直接locatorは未確認。規範の判断基準と例外を明示すれば教材として採用できる。形式面ではFAIL_UNSUPPORTED_ATOMS:authorization=trueを別途解消する必要がある。,最小権限を維持し、認可前後の候補、拒否理由、漏えい試験を観測可能にすること,法令・契約・組織方針がより厳しい場合はその基準を優先し、緊急例外も期限と事後監査を必須とする,NOT_APPLICABLE,本文は維持し、節内に判断基準「最小権限を維持し、認可前後の候補、拒否理由、漏えい試験を観測可能にすること」と例外「法令・契約・組織方針がより厳しい場合はその基準を優先し、緊急例外も期限と事後監査を必須とする」を明記する。経験的な効果保証とは分離し、意味を保存して再形式化する。,,,,,INCONCLUSIVE,NOT_APPLICABLE_UNPROVED,,,codex-independent-wave4,2026-08-15,INDEPENDENT_REVIEW_COMPLETE,PARTIAL_CANDIDATE_SOURCE_ONLY,FAIL_NO_DIRECT_LOCATOR,FAIL_UNSUPPORTED_ATOMS:authorization=true,HYPOTHESIS,PASS_LOCAL_DESIGN_POLICY,PASS_AS_DISCLOSED_NORMATIVE_RULE,PASS_AFTER_EXPLICIT_CRITERIA_AND_EXCEPTION,FAIL_UNSUPPORTED_ATOMS:authorization=true
SENT-2678,52bebecfb2a435d0e7ff2efea557c5799674ded6,局所metricが改善しても、end-to-end品質、latency、cost、運用複雑性が許容範囲を超える変更は採用しません。,局所metricが改善しても、end-to-end品質、latency、cost、運用複雑性が許容範囲を超える変更は採用しません。,"NOT(AND(AND(AND(ATOM(learned=true), ATOM(latency=true)), ATOM(cost=true)), ATOM(empirical_result=true)))",NOT,empirical_or_research_claim,ません,7.10.2 (docs/7.品質を評価し改善する/7.10.改善ループ.md:23),SRC-107,NOT_APPLICABLE_LOCAL_NORM,HYPOTHESIS,empirical_result=true,cost=true;latency=true;learned=true,NOT,APPROPRIATE_NORMATIVE,権威性=候補一次資料のみ; 直接性=locator未確認; 網羅性=関係NOT自体の根拠未確認; 主張極性=HYPOTHESISとして再分類; スコープ=PASS_LOCAL_DESIGN_POLICY; モダリティ=PASS_AS_DISCLOSED_NORMATIVE_RULE; 教材妥当性=PASS_AFTER_EXPLICIT_CRITERIA_AND_EXCEPTION; 形式化妥当性=FAIL_RELATION_NOT。「局所metricが改善しても、end-to-end品質、latency、cost、運用複雑性が許容範囲を超える変更は採用しません。」は外的真偽の断定ではなく、対象・処理・判断を特定した設計・運用上の選択規則として読める。ただし候補資料(SRC-107)はURL単位で、直接locatorは未確認。規範の判断基準と例外を明示すれば教材として採用できる。形式面ではFAIL_RELATION_NOTを別途解消する必要がある。,禁止対象、禁止理由、代替経路を明示し、安全性・再現性・追跡性のいずれを守る規則か検査できること,禁止理由を満たす別の統制が同等以上の証拠で確認できる場合のみ例外とし、理由と期限を記録する,NOT_APPLICABLE,本文は維持し、節内に判断基準「禁止対象、禁止理由、代替経路を明示し、安全性・再現性・追跡性のいずれを守る規則か検査できること」と例外「禁止理由を満たす別の統制が同等以上の証拠で確認できる場合のみ例外とし、理由と期限を記録する」を明記する。経験的な効果保証とは分離し、意味を保存して再形式化する。,,,,,INCONCLUSIVE,NOT_APPLICABLE_UNPROVED,,,codex-independent-wave4,2026-08-15,INDEPENDENT_REVIEW_COMPLETE,PARTIAL_CANDIDATE_SOURCE_ONLY,FAIL_NO_DIRECT_LOCATOR,FAIL_RELATION_NOT,HYPOTHESIS,PASS_LOCAL_DESIGN_POLICY,PASS_AS_DISCLOSED_NORMATIVE_RULE,PASS_AFTER_EXPLICIT_CRITERIA_AND_EXCEPTION,FAIL_RELATION_NOT
SENT-2687,52bebecfb2a435d0e7ff2efea557c5799674ded6,たとえば、「疎検索と密検索の併用により、型番スライスのRecall@10が上がる」のように、変更、対象、期待する指標を結び付けます。,たとえば、「疎検索と密検索の併用により、型番スライスのRecall@10が上がる」のように、変更、対象、期待する指標を結び付けます。,"AND(AND(AND(ATOM(sparse=true), ATOM(dense=true)), ATOM(retrieval=true)), ATOM(recall_metric=true))",AND,general_technical_claim,UNCLASSIFIED,7.2.1 (docs/7.品質を評価し改善する/7.2.評価データセット.md:10),SRC-036;SRC-101,NOT_APPLICABLE_LOCAL_NORM,HYPOTHESIS,retrieval=true,dense=true;recall_metric=true;sparse=true,,APPROPRIATE_NORMATIVE,権威性=候補一次資料のみ; 直接性=locator未確認; 網羅性=未支持atom=dense=true;recall_metric=true;sparse=true; 主張極性=HYPOTHESISとして再分類; スコープ=PASS_LOCAL_DESIGN_POLICY; モダリティ=PASS_AS_DISCLOSED_NORMATIVE_RULE; 教材妥当性=PASS_AFTER_EXPLICIT_CRITERIA_AND_EXCEPTION; 形式化妥当性=FAIL_UNSUPPORTED_ATOMS:dense=true;recall_metric=true;sparse=true。「たとえば、「疎検索と密検索の併用により、型番スライスのRecall@10が上がる」のように、変更、対象、期待する指標を結び付けます。」は外的真偽の断定ではなく、対象・処理・判断を特定した設計・運用上の選択規則として読める。ただし候補資料(SRC-036;SRC-101)はURL単位で、直接locatorは未確認。規範の判断基準と例外を明示すれば教材として採用できる。形式面ではFAIL_UNSUPPORTED_ATOMS:dense=true;recall_metric=true;sparse=trueを別途解消する必要がある。,対象データ・負荷・モデルで比較し、品質指標、p95遅延、費用の受入閾値を事前に定義すること,数値は初期候補とし、データ量、モデル、リージョン、負荷が異なる場合は再測定して変更する,NOT_APPLICABLE,本文は維持し、節内に判断基準「対象データ・負荷・モデルで比較し、品質指標、p95遅延、費用の受入閾値を事前に定義すること」と例外「数値は初期候補とし、データ量、モデル、リージョン、負荷が異なる場合は再測定して変更する」を明記する。経験的な効果保証とは分離し、意味を保存して再形式化する。,,,,,INCONCLUSIVE,NOT_APPLICABLE_UNPROVED,,,codex-independent-wave4,2026-08-15,INDEPENDENT_REVIEW_COMPLETE,PARTIAL_CANDIDATE_SOURCE_ONLY,FAIL_NO_DIRECT_LOCATOR,FAIL_UNSUPPORTED_ATOMS:dense=true;recall_metric=true;sparse=true,HYPOTHESIS,PASS_LOCAL_DESIGN_POLICY,PASS_AS_DISCLOSED_NORMATIVE_RULE,PASS_AFTER_EXPLICIT_CRITERIA_AND_EXCEPTION,FAIL_UNSUPPORTED_ATOMS:dense=true;recall_metric=true;sparse=true
SENT-2689,52bebecfb2a435d0e7ff2efea557c5799674ded6,開発比較では改善量、リリース判定では最低基準、障害調査では失敗段階の特定を重視します。,本ガイドの基本構成では、開発比較では改善量、リリース判定では最低基準、障害調査では失敗段階の特定を重視します。,"AND(ATOM(fault_tolerance=true), ATOM(empirical_result=true))",AND,empirical_or_research_claim,UNCLASSIFIED,7.2.1 (docs/7.品質を評価し改善する/7.2.評価データセット.md:13),SRC-036,UNVERIFIED_CANDIDATE_URL_ONLY,EMPIRICAL_RESULT,empirical_result=true,fault_tolerance=true,,REWRITE_REQUIRED,権威性=候補一次資料のみ; 直接性=locator未確認; 網羅性=未支持atom=fault_tolerance=true; 主張極性=EMPIRICAL_RESULTとして再分類; スコープ=PASS_AFTER_TEST_SCOPE_QUALIFICATION; モダリティ=PASS_AFTER_HYPOTHESIS_QUALIFIER; 教材妥当性=PASS_AS_EXPLICIT_TESTABLE_HYPOTHESIS; 形式化妥当性=FAIL_UNSUPPORTED_ATOMS:fault_tolerance=true。「開発比較では改善量、リリース判定では最低基準、障害調査では失敗段階の特定を重視します。」は候補資料(SRC-036)に直接locatorがなく、一般的事実としてはFAIL_UNSUPPORTED_ATOMS:fault_tolerance=trueが残る。原文の対象と作用を維持したまま、本ガイドの構成または対象データでの検証へスコープを限定すれば教材上の検討事項を保持できる。,,,UNVERIFIED,原文をrevised_sentenceへ置換し、対象データ、比較条件、観測指標、合否閾値を同じ節に追記する。検証後に限り事実表現へ戻し、意味を保存して再形式化する。,,,,,INCONCLUSIVE,NOT_APPLICABLE_UNPROVED,,,codex-independent-wave4,2026-08-15,INDEPENDENT_REVIEW_COMPLETE,PARTIAL_CANDIDATE_SOURCE_ONLY,FAIL_NO_DIRECT_LOCATOR,FAIL_UNSUPPORTED_ATOMS:fault_tolerance=true,EMPIRICAL_RESULT,PASS_AFTER_TEST_SCOPE_QUALIFICATION,PASS_AFTER_HYPOTHESIS_QUALIFIER,PASS_AS_EXPLICIT_TESTABLE_HYPOTHESIS,FAIL_UNSUPPORTED_ATOMS:fault_tolerance=true
SENT-2690,52bebecfb2a435d0e7ff2efea557c5799674ded6,CheckListが能力ごとの振る舞いを試験するように、RAGでも狙う失敗パターンを明示します。,本ガイドの基本構成では、CheckListが能力ごとの振る舞いを試験するように、RAGでも狙う失敗パターンを明示します。,UNFORMALIZED,UNFORMALIZED,externally_cited_claim,UNCLASSIFIED,7.2.1 (docs/7.品質を評価し改善する/7.2.評価データセット.md:15),SRC-108,UNVERIFIED_CANDIDATE_URL_ONLY,AUTHOR_CLAIM,,,,REWRITE_REQUIRED,権威性=候補一次資料のみ; 直接性=locator未確認; 網羅性=未支持atom=none-explicit; 主張極性=AUTHOR_CLAIMとして再分類; スコープ=PASS_AFTER_CONCRETE_VERSION_OR_EXPERIMENT_SCOPE; モダリティ=PASS_AFTER_CONDITIONAL_OR_REPRODUCTION_WORDING; 教材妥当性=PASS_AFTER_CONCRETE_VERSION_OR_EXPERIMENT_QUALIFIER; 形式化妥当性=FAIL_UNFORMALIZED。「CheckListが能力ごとの振る舞いを試験するように、RAGでも狙う失敗パターンを明示します。」の候補資料(SRC-108)はURL単位で、節・ページ・表・API見出しを独立に確認できていない。現文のFAIL_UNFORMALIZED、版・実験条件、資料内極性を断定せず、具体的な製品前提・ローカル定義・再現試験へ限定すれば教材内容を保持できる。,,,UNVERIFIED,原文をrevised_sentenceの具体文へ置換する。製品文は利用時点のregion/versionを受入条件へ追加し、研究文は同じ指標・比較条件で再現確認する。事実表現へ戻す場合は直接locatorを再監査する。,,,,,INCONCLUSIVE,NOT_APPLICABLE_UNPROVED,,,codex-independent-wave4,2026-08-15,INDEPENDENT_REVIEW_COMPLETE,PARTIAL_CANDIDATE_SOURCE_ONLY,FAIL_NO_DIRECT_LOCATOR,FAIL_UNFORMALIZED,AUTHOR_CLAIM,PASS_AFTER_CONCRETE_VERSION_OR_EXPERIMENT_SCOPE,PASS_AFTER_CONDITIONAL_OR_REPRODUCTION_WORDING,PASS_AFTER_CONCRETE_VERSION_OR_EXPERIMENT_QUALIFIER,FAIL_UNFORMALIZED
SENT-2696,52bebecfb2a435d0e7ff2efea557c5799674ded6,SQuAD 2.0が回答できない質問を含むように、RAGの評価にも回答不能、曖昧、資料間の矛盾、権限不足を含めます。,本ガイドの基本構成では、SQuAD 2.0が回答できない質問を含むように、RAGの評価にも回答不能、曖昧、資料間の矛盾、権限不足を含めます。,"NOT(AND(AND(AND(ATOM(generation=true), ATOM(unanswerable=true)), ATOM(evaluation=true)), ATOM(authorization=true)))",NOT,externally_cited_claim,ない,7.2.1 (docs/7.品質を評価し改善する/7.2.評価データセット.md:24),SRC-101,UNVERIFIED_CANDIDATE_URL_ONLY,EMPIRICAL_RESULT,generation=true;unanswerable=true,authorization=true;evaluation=true,NOT,REWRITE_REQUIRED,権威性=候補一次資料のみ; 直接性=locator未確認; 網羅性=関係NOT自体の根拠未確認; 主張極性=EMPIRICAL_RESULTとして再分類; スコープ=PASS_AFTER_CONCRETE_VERSION_OR_EXPERIMENT_SCOPE; モダリティ=PASS_AFTER_CONDITIONAL_OR_REPRODUCTION_WORDING; 教材妥当性=PASS_AFTER_CONCRETE_VERSION_OR_EXPERIMENT_QUALIFIER; 形式化妥当性=FAIL_RELATION_NOT。「SQuAD 2.0が回答できない質問を含むように、RAGの評価にも回答不能、曖昧、資料間の矛盾、権限不足を含めます。」の候補資料(SRC-101)はURL単位で、節・ページ・表・API見出しを独立に確認できていない。現文のFAIL_RELATION_NOT、版・実験条件、資料内極性を断定せず、具体的な製品前提・ローカル定義・再現試験へ限定すれば教材内容を保持できる。,,,UNVERIFIED,原文をrevised_sentenceの具体文へ置換する。製品文は利用時点のregion/versionを受入条件へ追加し、研究文は同じ指標・比較条件で再現確認する。事実表現へ戻す場合は直接locatorを再監査する。,,,,,INCONCLUSIVE,NOT_APPLICABLE_UNPROVED,,,codex-independent-wave4,2026-08-15,INDEPENDENT_REVIEW_COMPLETE,PARTIAL_CANDIDATE_SOURCE_ONLY,FAIL_NO_DIRECT_LOCATOR,FAIL_RELATION_NOT,EMPIRICAL_RESULT,PASS_AFTER_CONCRETE_VERSION_OR_EXPERIMENT_SCOPE,PASS_AFTER_CONDITIONAL_OR_REPRODUCTION_WORDING,PASS_AFTER_CONCRETE_VERSION_OR_EXPERIMENT_QUALIFIER,FAIL_RELATION_NOT
SENT-2713,52bebecfb2a435d0e7ff2efea557c5799674ded6,RGBは、RAGをノイズ耐性、答えがない場合の回答保留、情報統合、反事実への耐性に分けて評価します。,本ガイドでは、RAGをノイズ耐性、答えがない場合の回答保留、情報統合、反事実への耐性に分けて評価します。,"NOT(AND(ATOM(generation=true), ATOM(evaluation=true)))",NOT,externally_cited_claim,ない,7.2.2 (docs/7.品質を評価し改善する/7.2.評価データセット.md:50),SRC-109,UNVERIFIED_CANDIDATE_URL_ONLY,EMPIRICAL_RESULT,evaluation=true;generation=true,,NOT,REWRITE_REQUIRED,権威性=候補一次資料のみ; 直接性=locator未確認; 網羅性=関係NOT自体の根拠未確認; 主張極性=EMPIRICAL_RESULTとして再分類; スコープ=PASS_AFTER_CONCRETE_VERSION_OR_EXPERIMENT_SCOPE; モダリティ=PASS_AFTER_CONDITIONAL_OR_REPRODUCTION_WORDING; 教材妥当性=PASS_AFTER_CONCRETE_VERSION_OR_EXPERIMENT_QUALIFIER; 形式化妥当性=FAIL_RELATION_NOT。「RGBは、RAGをノイズ耐性、答えがない場合の回答保留、情報統合、反事実への耐性に分けて評価します。」の候補資料(SRC-109)はURL単位で、節・ページ・表・API見出しを独立に確認できていない。現文のFAIL_RELATION_NOT、版・実験条件、資料内極性を断定せず、具体的な製品前提・ローカル定義・再現試験へ限定すれば教材内容を保持できる。,,,UNVERIFIED,原文をrevised_sentenceの具体文へ置換する。製品文は利用時点のregion/versionを受入条件へ追加し、研究文は同じ指標・比較条件で再現確認する。事実表現へ戻す場合は直接locatorを再監査する。,,,,,INCONCLUSIVE,NOT_APPLICABLE_UNPROVED,,,codex-independent-wave4,2026-08-15,INDEPENDENT_REVIEW_COMPLETE,PARTIAL_CANDIDATE_SOURCE_ONLY,FAIL_NO_DIRECT_LOCATOR,FAIL_RELATION_NOT,EMPIRICAL_RESULT,PASS_AFTER_CONCRETE_VERSION_OR_EXPERIMENT_SCOPE,PASS_AFTER_CONDITIONAL_OR_REPRODUCTION_WORDING,PASS_AFTER_CONCRETE_VERSION_OR_EXPERIMENT_QUALIFIER,FAIL_RELATION_NOT
SENT-2715,52bebecfb2a435d0e7ff2efea557c5799674ded6,プロンプトインジェクション、知識汚染、テナントをまたぐ検索、権限のない操作は隔離環境で試します。,本ガイドの基本構成では、プロンプトインジェクション、知識汚染、テナントをまたぐ検索、権限のない操作は隔離環境で試します。,"NOT(AND(AND(AND(ATOM(retrieval=true), ATOM(authorization=true)), ATOM(multi_tenant=true)), ATOM(prompt_injection=true)))",NOT,general_technical_claim,ない,7.2.2 (docs/7.品質を評価し改善する/7.2.評価データセット.md:53),SRC-109,UNVERIFIED_CANDIDATE_URL_ONLY,BACKGROUND_CITATION,retrieval=true,authorization=true;multi_tenant=true;prompt_injection=true,NOT,REWRITE_REQUIRED,権威性=候補一次資料のみ; 直接性=locator未確認; 網羅性=関係NOT自体の根拠未確認; 主張極性=BACKGROUND_CITATIONとして再分類; スコープ=PASS_AFTER_TEST_SCOPE_QUALIFICATION; モダリティ=PASS_AFTER_HYPOTHESIS_QUALIFIER; 教材妥当性=PASS_AS_EXPLICIT_TESTABLE_HYPOTHESIS; 形式化妥当性=FAIL_RELATION_NOT。「プロンプトインジェクション、知識汚染、テナントをまたぐ検索、権限のない操作は隔離環境で試します。」は候補資料(SRC-109)に直接locatorがなく、一般的事実としてはFAIL_RELATION_NOTが残る。原文の対象と作用を維持したまま、本ガイドの構成または対象データでの検証へスコープを限定すれば教材上の検討事項を保持できる。,,,UNVERIFIED,原文をrevised_sentenceへ置換し、対象データ、比較条件、観測指標、合否閾値を同じ節に追記する。検証後に限り事実表現へ戻し、意味を保存して再形式化する。,,,,,INCONCLUSIVE,NOT_APPLICABLE_UNPROVED,,,codex-independent-wave4,2026-08-15,INDEPENDENT_REVIEW_COMPLETE,PARTIAL_CANDIDATE_SOURCE_ONLY,FAIL_NO_DIRECT_LOCATOR,FAIL_RELATION_NOT,BACKGROUND_CITATION,PASS_AFTER_TEST_SCOPE_QUALIFICATION,PASS_AFTER_HYPOTHESIS_QUALIFIER,PASS_AS_EXPLICIT_TESTABLE_HYPOTHESIS,FAIL_RELATION_NOT
SENT-2743,52bebecfb2a435d0e7ff2efea557c5799674ded6,入力文書が比較中に変わると、解析器やチャンク分割の変更による差を判別できません。,本ガイドの基本構成では、入力文書が比較中に変わると、解析器やチャンク分割の変更による差を判別できません。,"NOT(AND(ATOM(chunking=true), ATOM(parsing=true)))",NOT,general_technical_claim,ません,7.3.1 (docs/7.品質を評価し改善する/7.3.Pre-retrieval・Batch評価.md:9),SRC-031,UNVERIFIED_CANDIDATE_URL_ONLY,BACKGROUND_CITATION,chunking=true,parsing=true,NOT,REWRITE_REQUIRED,権威性=候補一次資料のみ; 直接性=locator未確認; 網羅性=関係NOT自体の根拠未確認; 主張極性=BACKGROUND_CITATIONとして再分類; スコープ=PASS_AFTER_TEST_SCOPE_QUALIFICATION; モダリティ=PASS_AFTER_HYPOTHESIS_QUALIFIER; 教材妥当性=PASS_AS_EXPLICIT_TESTABLE_HYPOTHESIS; 形式化妥当性=FAIL_RELATION_NOT。「入力文書が比較中に変わると、解析器やチャンク分割の変更による差を判別できません。」は候補資料(SRC-031)に直接locatorがなく、一般的事実としてはFAIL_RELATION_NOTが残る。原文の対象と作用を維持したまま、本ガイドの構成または対象データでの検証へスコープを限定すれば教材上の検討事項を保持できる。,,,UNVERIFIED,原文をrevised_sentenceへ置換し、対象データ、比較条件、観測指標、合否閾値を同じ節に追記する。検証後に限り事実表現へ戻し、意味を保存して再形式化する。,,,,,INCONCLUSIVE,NOT_APPLICABLE_UNPROVED,,,codex-independent-wave4,2026-08-15,INDEPENDENT_REVIEW_COMPLETE,PARTIAL_CANDIDATE_SOURCE_ONLY,FAIL_NO_DIRECT_LOCATOR,FAIL_RELATION_NOT,BACKGROUND_CITATION,PASS_AFTER_TEST_SCOPE_QUALIFICATION,PASS_AFTER_HYPOTHESIS_QUALIFIER,PASS_AS_EXPLICIT_TESTABLE_HYPOTHESIS,FAIL_RELATION_NOT
SENT-2747,52bebecfb2a435d0e7ff2efea557c5799674ded6,Delta Lakeがスナップショットと過去時点の参照によって再現可能なデータ処理を支えるように、RAGでも入力時点を保存します。,本ガイドの基本構成では、Delta Lakeがスナップショットと過去時点の参照によって再現可能なデータ処理を支えるように、RAGでも入力時点を保存します。,ATOM(temporal_freshness=true),ATOM,externally_cited_claim,可能,7.3.1 (docs/7.品質を評価し改善する/7.3.Pre-retrieval・Batch評価.md:15),SRC-021,UNVERIFIED_CANDIDATE_URL_ONLY,AUTHOR_CLAIM,,temporal_freshness=true,,REWRITE_REQUIRED,権威性=候補一次資料のみ; 直接性=locator未確認; 網羅性=未支持atom=temporal_freshness=true; 主張極性=AUTHOR_CLAIMとして再分類; スコープ=PASS_AFTER_CONCRETE_VERSION_OR_EXPERIMENT_SCOPE; モダリティ=PASS_AFTER_CONDITIONAL_OR_REPRODUCTION_WORDING; 教材妥当性=PASS_AFTER_CONCRETE_VERSION_OR_EXPERIMENT_QUALIFIER; 形式化妥当性=FAIL_UNSUPPORTED_ATOMS:temporal_freshness=true。「Delta Lakeがスナップショットと過去時点の参照によって再現可能なデータ処理を支えるように、RAGでも入力時点を保存します。」の候補資料(SRC-021)はURL単位で、節・ページ・表・API見出しを独立に確認できていない。現文のFAIL_UNSUPPORTED_ATOMS:temporal_freshness=true、版・実験条件、資料内極性を断定せず、具体的な製品前提・ローカル定義・再現試験へ限定すれば教材内容を保持できる。,,,UNVERIFIED,原文をrevised_sentenceの具体文へ置換する。製品文は利用時点のregion/versionを受入条件へ追加し、研究文は同じ指標・比較条件で再現確認する。事実表現へ戻す場合は直接locatorを再監査する。,,,,,INCONCLUSIVE,NOT_APPLICABLE_UNPROVED,,,codex-independent-wave4,2026-08-15,INDEPENDENT_REVIEW_COMPLETE,PARTIAL_CANDIDATE_SOURCE_ONLY,FAIL_NO_DIRECT_LOCATOR,FAIL_UNSUPPORTED_ATOMS:temporal_freshness=true,AUTHOR_CLAIM,PASS_AFTER_CONCRETE_VERSION_OR_EXPERIMENT_SCOPE,PASS_AFTER_CONDITIONAL_OR_REPRODUCTION_WORDING,PASS_AFTER_CONCRETE_VERSION_OR_EXPERIMENT_QUALIFIER,FAIL_UNSUPPORTED_ATOMS:temporal_freshness=true
SENT-2756,52bebecfb2a435d0e7ff2efea557c5799674ded6,一部の文書だけ失敗した状態を全体成功として隠さず、文書ID、失敗工程、再処理の可否を報告します。,本ガイドの基本構成では、一部の文書だけ失敗した状態を全体成功として隠さず、文書ID、失敗工程、再処理の可否を報告します。,ATOM(empirical_result=true),ATOM,empirical_or_research_claim,UNCLASSIFIED,7.3.2 (docs/7.品質を評価し改善する/7.3.Pre-retrieval・Batch評価.md:29),SRC-022,UNVERIFIED_CANDIDATE_URL_ONLY,EMPIRICAL_RESULT,,empirical_result=true,,REWRITE_REQUIRED,権威性=候補一次資料のみ; 直接性=locator未確認; 網羅性=未支持atom=empirical_result=true; 主張極性=EMPIRICAL_RESULTとして再分類; スコープ=PASS_AFTER_TEST_SCOPE_QUALIFICATION; モダリティ=PASS_AFTER_HYPOTHESIS_QUALIFIER; 教材妥当性=PASS_AS_EXPLICIT_TESTABLE_HYPOTHESIS; 形式化妥当性=FAIL_UNSUPPORTED_ATOMS:empirical_result=true。「一部の文書だけ失敗した状態を全体成功として隠さず、文書ID、失敗工程、再処理の可否を報告します。」は候補資料(SRC-022)に直接locatorがなく、一般的事実としてはFAIL_UNSUPPORTED_ATOMS:empirical_result=trueが残る。原文の対象と作用を維持したまま、本ガイドの構成または対象データでの検証へスコープを限定すれば教材上の検討事項を保持できる。,,,UNVERIFIED,原文をrevised_sentenceへ置換し、対象データ、比較条件、観測指標、合否閾値を同じ節に追記する。検証後に限り事実表現へ戻し、意味を保存して再形式化する。,,,,,INCONCLUSIVE,NOT_APPLICABLE_UNPROVED,,,codex-independent-wave4,2026-08-15,INDEPENDENT_REVIEW_COMPLETE,PARTIAL_CANDIDATE_SOURCE_ONLY,FAIL_NO_DIRECT_LOCATOR,FAIL_UNSUPPORTED_ATOMS:empirical_result=true,EMPIRICAL_RESULT,PASS_AFTER_TEST_SCOPE_QUALIFICATION,PASS_AFTER_HYPOTHESIS_QUALIFIER,PASS_AS_EXPLICIT_TESTABLE_HYPOTHESIS,FAIL_UNSUPPORTED_ATOMS:empirical_result=true
SENT-2760,52bebecfb2a435d0e7ff2efea557c5799674ded6,PubLayNetとDocLayNetは、文書画像内の要素を人手で分類したデータセットであり、文書種別によってレイアウトが異なることを示しています。,文書画像内の要素を人手で分類したデータセットであり、文書種別によってレイアウトが異なることが対象データでも成り立つかを、同じ条件と指標で検証します。,"AND(ATOM(dataset_documentation=true), ATOM(layout=true))",AND,externally_cited_claim,UNCLASSIFIED,7.3.3 (docs/7.品質を評価し改善する/7.3.Pre-retrieval・Batch評価.md:37),SRC-025;SRC-026,UNVERIFIED_CANDIDATE_URL_ONLY,AUTHOR_CLAIM,layout=true,dataset_documentation=true,,REWRITE_REQUIRED,権威性=候補一次資料のみ; 直接性=locator未確認; 網羅性=未支持atom=dataset_documentation=true; 主張極性=AUTHOR_CLAIMとして再分類; スコープ=PASS_AFTER_CONCRETE_VERSION_OR_EXPERIMENT_SCOPE; モダリティ=PASS_AFTER_CONDITIONAL_OR_REPRODUCTION_WORDING; 教材妥当性=PASS_AFTER_CONCRETE_VERSION_OR_EXPERIMENT_QUALIFIER; 形式化妥当性=FAIL_UNSUPPORTED_ATOMS:dataset_documentation=true。「PubLayNetとDocLayNetは、文書画像内の要素を人手で分類したデータセットであり、文書種別によってレイアウトが異なることを示しています。」の候補資料(SRC-025;SRC-026)はURL単位で、節・ページ・表・API見出しを独立に確認できていない。現文のFAIL_UNSUPPORTED_ATOMS:dataset_documentation=true、版・実験条件、資料内極性を断定せず、具体的な製品前提・ローカル定義・再現試験へ限定すれば教材内容を保持できる。,,,UNVERIFIED,原文をrevised_sentenceの具体文へ置換する。製品文は利用時点のregion/versionを受入条件へ追加し、研究文は同じ指標・比較条件で再現確認する。事実表現へ戻す場合は直接locatorを再監査する。,,,,,INCONCLUSIVE,NOT_APPLICABLE_UNPROVED,,,codex-independent-wave4,2026-08-15,INDEPENDENT_REVIEW_COMPLETE,PARTIAL_CANDIDATE_SOURCE_ONLY,FAIL_NO_DIRECT_LOCATOR,FAIL_UNSUPPORTED_ATOMS:dataset_documentation=true,AUTHOR_CLAIM,PASS_AFTER_CONCRETE_VERSION_OR_EXPERIMENT_SCOPE,PASS_AFTER_CONDITIONAL_OR_REPRODUCTION_WORDING,PASS_AFTER_CONCRETE_VERSION_OR_EXPERIMENT_QUALIFIER,FAIL_UNSUPPORTED_ATOMS:dataset_documentation=true
SENT-2782,52bebecfb2a435d0e7ff2efea557c5799674ded6,Role-Based Access Control Modelsが扱う役割階層や制約も試験条件へ反映します。,本ガイドの基本構成では、Role-Based Access Control Modelsが扱う役割階層や制約も試験条件へ反映します。,UNFORMALIZED,UNFORMALIZED,externally_cited_claim,UNCLASSIFIED,7.3.4 (docs/7.品質を評価し改善する/7.3.Pre-retrieval・Batch評価.md:71),SRC-040,UNVERIFIED_CANDIDATE_URL_ONLY,AUTHOR_CLAIM,,,,REWRITE_REQUIRED,権威性=候補一次資料のみ; 直接性=locator未確認; 網羅性=未支持atom=none-explicit; 主張極性=AUTHOR_CLAIMとして再分類; スコープ=PASS_AFTER_CONCRETE_VERSION_OR_EXPERIMENT_SCOPE; モダリティ=PASS_AFTER_CONDITIONAL_OR_REPRODUCTION_WORDING; 教材妥当性=PASS_AFTER_CONCRETE_VERSION_OR_EXPERIMENT_QUALIFIER; 形式化妥当性=FAIL_UNFORMALIZED。「Role-Based Access Control Modelsが扱う役割階層や制約も試験条件へ反映します。」の候補資料(SRC-040)はURL単位で、節・ページ・表・API見出しを独立に確認できていない。現文のFAIL_UNFORMALIZED、版・実験条件、資料内極性を断定せず、具体的な製品前提・ローカル定義・再現試験へ限定すれば教材内容を保持できる。,,,UNVERIFIED,原文をrevised_sentenceの具体文へ置換する。製品文は利用時点のregion/versionを受入条件へ追加し、研究文は同じ指標・比較条件で再現確認する。事実表現へ戻す場合は直接locatorを再監査する。,,,,,INCONCLUSIVE,NOT_APPLICABLE_UNPROVED,,,codex-independent-wave4,2026-08-15,INDEPENDENT_REVIEW_COMPLETE,PARTIAL_CANDIDATE_SOURCE_ONLY,FAIL_NO_DIRECT_LOCATOR,FAIL_UNFORMALIZED,AUTHOR_CLAIM,PASS_AFTER_CONCRETE_VERSION_OR_EXPERIMENT_SCOPE,PASS_AFTER_CONDITIONAL_OR_REPRODUCTION_WORDING,PASS_AFTER_CONCRETE_VERSION_OR_EXPERIMENT_QUALIFIER,FAIL_UNFORMALIZED
SENT-2787,52bebecfb2a435d0e7ff2efea557c5799674ded6,MTEBでは、埋め込みモデルの順位がタスクやデータセットによって変わります。,本ガイドでは、埋め込みモデルの順位がタスクやデータセットによって変わるかを対象データで測定します。,ATOM(embedding_model=true),ATOM,externally_cited_claim,UNCLASSIFIED,7.3.5 (docs/7.品質を評価し改善する/7.3.Pre-retrieval・Batch評価.md:80),SRC-044,UNVERIFIED_CANDIDATE_URL_ONLY,AUTHOR_CLAIM,,embedding_model=true,,REWRITE_REQUIRED,権威性=候補一次資料のみ; 直接性=locator未確認; 網羅性=未支持atom=embedding_model=true; 主張極性=AUTHOR_CLAIMとして再分類; スコープ=PASS_AFTER_CONCRETE_VERSION_OR_EXPERIMENT_SCOPE; モダリティ=PASS_AFTER_CONDITIONAL_OR_REPRODUCTION_WORDING; 教材妥当性=PASS_AFTER_CONCRETE_VERSION_OR_EXPERIMENT_QUALIFIER; 形式化妥当性=FAIL_UNSUPPORTED_ATOMS:embedding_model=true。「MTEBでは、埋め込みモデルの順位がタスクやデータセットによって変わります。」の候補資料(SRC-044)はURL単位で、節・ページ・表・API見出しを独立に確認できていない。現文のFAIL_UNSUPPORTED_ATOMS:embedding_model=true、版・実験条件、資料内極性を断定せず、具体的な製品前提・ローカル定義・再現試験へ限定すれば教材内容を保持できる。,,,UNVERIFIED,原文をrevised_sentenceの具体文へ置換する。製品文は利用時点のregion/versionを受入条件へ追加し、研究文は同じ指標・比較条件で再現確認する。事実表現へ戻す場合は直接locatorを再監査する。,,,,,INCONCLUSIVE,NOT_APPLICABLE_UNPROVED,,,codex-independent-wave4,2026-08-15,INDEPENDENT_REVIEW_COMPLETE,PARTIAL_CANDIDATE_SOURCE_ONLY,FAIL_NO_DIRECT_LOCATOR,FAIL_UNSUPPORTED_ATOMS:embedding_model=true,AUTHOR_CLAIM,PASS_AFTER_CONCRETE_VERSION_OR_EXPERIMENT_SCOPE,PASS_AFTER_CONDITIONAL_OR_REPRODUCTION_WORDING,PASS_AFTER_CONCRETE_VERSION_OR_EXPERIMENT_QUALIFIER,FAIL_UNSUPPORTED_ATOMS:embedding_model=true
SENT-2789,52bebecfb2a435d0e7ff2efea557c5799674ded6,一般的なベンチマークは候補選定の入口に使い、最終判断には業務データのRecallとnDCGを使います。,本ガイドの基本構成では、一般的なベンチマークは候補選定の入口に使い、最終判断には業務データのRecallとnDCGを使います。,"AND(AND(AND(ATOM(evaluation=true), ATOM(benchmark=true)), ATOM(recall_metric=true)), ATOM(ranking_metric=true))",AND,empirical_or_research_claim,UNCLASSIFIED,7.3.5 (docs/7.品質を評価し改善する/7.3.Pre-retrieval・Batch評価.md:83),SRC-044;SRC-047,UNVERIFIED_CANDIDATE_URL_ONLY,EMPIRICAL_RESULT,benchmark=true;evaluation=true,ranking_metric=true;recall_metric=true,,REWRITE_REQUIRED,権威性=候補一次資料のみ; 直接性=locator未確認; 網羅性=未支持atom=ranking_metric=true;recall_metric=true; 主張極性=EMPIRICAL_RESULTとして再分類; スコープ=PASS_AFTER_TEST_SCOPE_QUALIFICATION; モダリティ=PASS_AFTER_HYPOTHESIS_QUALIFIER; 教材妥当性=PASS_AS_EXPLICIT_TESTABLE_HYPOTHESIS; 形式化妥当性=FAIL_UNSUPPORTED_ATOMS:ranking_metric=true;recall_metric=true。「一般的なベンチマークは候補選定の入口に使い、最終判断には業務データのRecallとnDCGを使います。」は候補資料(SRC-044;SRC-047)に直接locatorがなく、一般的事実としてはFAIL_UNSUPPORTED_ATOMS:ranking_metric=true;recall_metric=trueが残る。原文の対象と作用を維持したまま、本ガイドの構成または対象データでの検証へスコープを限定すれば教材上の検討事項を保持できる。,,,UNVERIFIED,原文をrevised_sentenceへ置換し、対象データ、比較条件、観測指標、合否閾値を同じ節に追記する。検証後に限り事実表現へ戻し、意味を保存して再形式化する。,,,,,INCONCLUSIVE,NOT_APPLICABLE_UNPROVED,,,codex-independent-wave4,2026-08-15,INDEPENDENT_REVIEW_COMPLETE,PARTIAL_CANDIDATE_SOURCE_ONLY,FAIL_NO_DIRECT_LOCATOR,FAIL_UNSUPPORTED_ATOMS:ranking_metric=true;recall_metric=true,EMPIRICAL_RESULT,PASS_AFTER_TEST_SCOPE_QUALIFICATION,PASS_AFTER_HYPOTHESIS_QUALIFIER,PASS_AS_EXPLICIT_TESTABLE_HYPOTHESIS,FAIL_UNSUPPORTED_ATOMS:ranking_metric=true;recall_metric=true
SENT-2792,52bebecfb2a435d0e7ff2efea557c5799674ded6,モデルや入力形式を変えた場合は、古いベクトルと混在させず全対象を再計算します。,モデルや入力形式を変えた場合は、古いベクトルと混在させず全対象を再計算します。,UNFORMALIZED,UNFORMALIZED,general_technical_claim,UNCLASSIFIED,7.3.5 (docs/7.品質を評価し改善する/7.3.Pre-retrieval・Batch評価.md:87),SRC-002;SRC-005;SRC-010;SRC-013;SRC-017,NOT_APPLICABLE_LOCAL_NORM,HYPOTHESIS,,,,APPROPRIATE_NORMATIVE,権威性=候補一次資料のみ; 直接性=locator未確認; 網羅性=未支持atom=none-explicit; 主張極性=HYPOTHESISとして再分類; スコープ=PASS_LOCAL_DESIGN_POLICY; モダリティ=PASS_AS_DISCLOSED_NORMATIVE_RULE; 教材妥当性=PASS_AFTER_EXPLICIT_CRITERIA_AND_EXCEPTION; 形式化妥当性=FAIL_UNFORMALIZED。「モデルや入力形式を変えた場合は、古いベクトルと混在させず全対象を再計算します。」は外的真偽の断定ではなく、対象・処理・判断を特定した設計・運用上の選択規則として読める。ただし候補資料(SRC-002;SRC-005;SRC-010;SRC-013;SRC-017)はURL単位で、直接locatorは未確認。規範の判断基準と例外を明示すれば教材として採用できる。形式面ではFAIL_UNFORMALIZEDを別途解消する必要がある。,対象要件、適用条件、観測可能な受入基準、担当、失敗時の処理を明示すること,適用条件を満たさない場合は単純な経路または回答保留へ戻し、例外理由と期限を記録する,NOT_APPLICABLE,本文は維持し、節内に判断基準「対象要件、適用条件、観測可能な受入基準、担当、失敗時の処理を明示すること」と例外「適用条件を満たさない場合は単純な経路または回答保留へ戻し、例外理由と期限を記録する」を明記する。経験的な効果保証とは分離し、意味を保存して再形式化する。,,,,,INCONCLUSIVE,NOT_APPLICABLE_UNPROVED,,,codex-independent-wave4,2026-08-15,INDEPENDENT_REVIEW_COMPLETE,PARTIAL_CANDIDATE_SOURCE_ONLY,FAIL_NO_DIRECT_LOCATOR,FAIL_UNFORMALIZED,HYPOTHESIS,PASS_LOCAL_DESIGN_POLICY,PASS_AS_DISCLOSED_NORMATIVE_RULE,PASS_AFTER_EXPLICIT_CRITERIA_AND_EXCEPTION,FAIL_UNFORMALIZED
SENT-2794,52bebecfb2a435d0e7ff2efea557c5799674ded6,古いベクトル、削除済み文書、重複ベクトル、一部だけ読み込まれた状態を検出します。,本ガイドの基本構成では、古いベクトル、削除済み文書、重複ベクトル、一部だけ読み込まれた状態を検出します。,UNFORMALIZED,UNFORMALIZED,general_technical_claim,UNCLASSIFIED,7.3.5 (docs/7.品質を評価し改善する/7.3.Pre-retrieval・Batch評価.md:90),SRC-002;SRC-005;SRC-010;SRC-013;SRC-017,UNVERIFIED_CANDIDATE_URL_ONLY,BACKGROUND_CITATION,,,,REWRITE_REQUIRED,権威性=候補一次資料のみ; 直接性=locator未確認; 網羅性=未支持atom=none-explicit; 主張極性=BACKGROUND_CITATIONとして再分類; スコープ=PASS_AFTER_TEST_SCOPE_QUALIFICATION; モダリティ=PASS_AFTER_HYPOTHESIS_QUALIFIER; 教材妥当性=PASS_AS_EXPLICIT_TESTABLE_HYPOTHESIS; 形式化妥当性=FAIL_UNFORMALIZED。「古いベクトル、削除済み文書、重複ベクトル、一部だけ読み込まれた状態を検出します。」は候補資料(SRC-002;SRC-005;SRC-010;SRC-013;SRC-017)に直接locatorがなく、一般的事実としてはFAIL_UNFORMALIZEDが残る。原文の対象と作用を維持したまま、本ガイドの構成または対象データでの検証へスコープを限定すれば教材上の検討事項を保持できる。,,,UNVERIFIED,原文をrevised_sentenceへ置換し、対象データ、比較条件、観測指標、合否閾値を同じ節に追記する。検証後に限り事実表現へ戻し、意味を保存して再形式化する。,,,,,INCONCLUSIVE,NOT_APPLICABLE_UNPROVED,,,codex-independent-wave4,2026-08-15,INDEPENDENT_REVIEW_COMPLETE,PARTIAL_CANDIDATE_SOURCE_ONLY,FAIL_NO_DIRECT_LOCATOR,FAIL_UNFORMALIZED,BACKGROUND_CITATION,PASS_AFTER_TEST_SCOPE_QUALIFICATION,PASS_AFTER_HYPOTHESIS_QUALIFIER,PASS_AS_EXPLICIT_TESTABLE_HYPOTHESIS,FAIL_UNFORMALIZED
SENT-2795,52bebecfb2a435d0e7ff2efea557c5799674ded6,近似最近傍検索は、高速化の代わりに真の上位候補を取りこぼす場合があります。,近似最近傍検索は、高速化の代わりに真の上位候補を取りこぼす場合を想定し、その発生条件と影響を対象データで確認します。,UNFORMALIZED,UNFORMALIZED,general_technical_claim,場合があります,7.3.5 (docs/7.品質を評価し改善する/7.3.Pre-retrieval・Batch評価.md:92),SRC-002;SRC-005;SRC-010;SRC-013;SRC-017,UNVERIFIED_CANDIDATE_URL_ONLY,BACKGROUND_CITATION,,,,REWRITE_REQUIRED,権威性=候補一次資料のみ; 直接性=locator未確認; 網羅性=未支持atom=none-explicit; 主張極性=BACKGROUND_CITATIONとして再分類; スコープ=PASS_AFTER_TEST_SCOPE_QUALIFICATION; モダリティ=PASS_AFTER_HYPOTHESIS_QUALIFIER; 教材妥当性=PASS_AS_EXPLICIT_TESTABLE_HYPOTHESIS; 形式化妥当性=FAIL_UNFORMALIZED。「近似最近傍検索は、高速化の代わりに真の上位候補を取りこぼす場合があります。」は候補資料(SRC-002;SRC-005;SRC-010;SRC-013;SRC-017)に直接locatorがなく、一般的事実としてはFAIL_UNFORMALIZEDが残る。原文の対象と作用を維持したまま、本ガイドの構成または対象データでの検証へスコープを限定すれば教材上の検討事項を保持できる。,,,UNVERIFIED,原文をrevised_sentenceへ置換し、対象データ、比較条件、観測指標、合否閾値を同じ節に追記する。検証後に限り事実表現へ戻し、意味を保存して再形式化する。,,,,,INCONCLUSIVE,NOT_APPLICABLE_UNPROVED,,,codex-independent-wave4,2026-08-15,INDEPENDENT_REVIEW_COMPLETE,PARTIAL_CANDIDATE_SOURCE_ONLY,FAIL_NO_DIRECT_LOCATOR,FAIL_UNFORMALIZED,BACKGROUND_CITATION,PASS_AFTER_TEST_SCOPE_QUALIFICATION,PASS_AFTER_HYPOTHESIS_QUALIFIER,PASS_AS_EXPLICIT_TESTABLE_HYPOTHESIS,FAIL_UNFORMALIZED
SENT-2797,52bebecfb2a435d0e7ff2efea557c5799674ded6,HNSWでは、グラフの接続数や検索時の探索幅がメモリ、遅延、Recallのバランスを変えます。,本ガイドでは、グラフの接続数や検索時の探索幅がメモリ、遅延、Recallのバランスを変えます。,"AND(AND(ATOM(graph_index=true), ATOM(retrieval=true)), ATOM(recall_metric=true))",AND,externally_cited_claim,UNCLASSIFIED,7.3.5 (docs/7.品質を評価し改善する/7.3.Pre-retrieval・Batch評価.md:95),SRC-047,UNVERIFIED_CANDIDATE_URL_ONLY,AUTHOR_CLAIM,graph_index=true;retrieval=true,recall_metric=true,,REWRITE_REQUIRED,権威性=候補一次資料のみ; 直接性=locator未確認; 網羅性=未支持atom=recall_metric=true; 主張極性=AUTHOR_CLAIMとして再分類; スコープ=PASS_AFTER_CONCRETE_VERSION_OR_EXPERIMENT_SCOPE; モダリティ=PASS_AFTER_CONDITIONAL_OR_REPRODUCTION_WORDING; 教材妥当性=PASS_AFTER_CONCRETE_VERSION_OR_EXPERIMENT_QUALIFIER; 形式化妥当性=FAIL_UNSUPPORTED_ATOMS:recall_metric=true。「HNSWでは、グラフの接続数や検索時の探索幅がメモリ、遅延、Recallのバランスを変えます。」の候補資料(SRC-047)はURL単位で、節・ページ・表・API見出しを独立に確認できていない。現文のFAIL_UNSUPPORTED_ATOMS:recall_metric=true、版・実験条件、資料内極性を断定せず、具体的な製品前提・ローカル定義・再現試験へ限定すれば教材内容を保持できる。,,,UNVERIFIED,原文をrevised_sentenceの具体文へ置換する。製品文は利用時点のregion/versionを受入条件へ追加し、研究文は同じ指標・比較条件で再現確認する。事実表現へ戻す場合は直接locatorを再監査する。,,,,,INCONCLUSIVE,NOT_APPLICABLE_UNPROVED,,,codex-independent-wave4,2026-08-15,INDEPENDENT_REVIEW_COMPLETE,PARTIAL_CANDIDATE_SOURCE_ONLY,FAIL_NO_DIRECT_LOCATOR,FAIL_UNSUPPORTED_ATOMS:recall_metric=true,AUTHOR_CLAIM,PASS_AFTER_CONCRETE_VERSION_OR_EXPERIMENT_SCOPE,PASS_AFTER_CONDITIONAL_OR_REPRODUCTION_WORDING,PASS_AFTER_CONCRETE_VERSION_OR_EXPERIMENT_QUALIFIER,FAIL_UNSUPPORTED_ATOMS:recall_metric=true
SENT-2800,52bebecfb2a435d0e7ff2efea557c5799674ded6,上流の指標が改善しても、最終回答が改善するとは限りません。,上流の指標が改善しても、最終回答が改善するとは限らない前提で、反例を含む対象データを評価します。,"NOT(AND(ATOM(generation=true), ATOM(empirical_result=true)))",NOT,empirical_or_research_claim,ません,7.3.6 (docs/7.品質を評価し改善する/7.3.Pre-retrieval・Batch評価.md:101),SRC-110,UNVERIFIED_CANDIDATE_URL_ONLY,LIMITATION,generation=true,empirical_result=true,NOT,REWRITE_REQUIRED,権威性=候補一次資料のみ; 直接性=locator未確認; 網羅性=関係NOT自体の根拠未確認; 主張極性=LIMITATIONとして再分類; スコープ=PASS_AFTER_TEST_SCOPE_QUALIFICATION; モダリティ=PASS_AFTER_HYPOTHESIS_QUALIFIER; 教材妥当性=PASS_AS_EXPLICIT_TESTABLE_HYPOTHESIS; 形式化妥当性=FAIL_RELATION_NOT。「上流の指標が改善しても、最終回答が改善するとは限りません。」は候補資料(SRC-110)に直接locatorがなく、一般的事実としてはFAIL_RELATION_NOTが残る。原文の対象と作用を維持したまま、本ガイドの構成または対象データでの検証へスコープを限定すれば教材上の検討事項を保持できる。,,,UNVERIFIED,原文をrevised_sentenceへ置換し、対象データ、比較条件、観測指標、合否閾値を同じ節に追記する。検証後に限り事実表現へ戻し、意味を保存して再形式化する。,,,,,INCONCLUSIVE,NOT_APPLICABLE_UNPROVED,,,codex-independent-wave4,2026-08-15,INDEPENDENT_REVIEW_COMPLETE,PARTIAL_CANDIDATE_SOURCE_ONLY,FAIL_NO_DIRECT_LOCATOR,FAIL_RELATION_NOT,LIMITATION,PASS_AFTER_TEST_SCOPE_QUALIFICATION,PASS_AFTER_HYPOTHESIS_QUALIFIER,PASS_AS_EXPLICIT_TESTABLE_HYPOTHESIS,FAIL_RELATION_NOT
SENT-2801,52bebecfb2a435d0e7ff2efea557c5799674ded6,レイアウトを細かく認識した結果チャンクが断片化したり、短い命題を検索した結果例外条件が失われたりするためです。,本ガイドの基本構成では、レイアウトを細かく認識した結果チャンクが断片化したり、短い命題を検索した結果例外条件が失われたりするためです。,"AND(AND(ATOM(retrieval=true), ATOM(layout=true)), ATOM(empirical_result=true))",AND,general_technical_claim,UNCLASSIFIED,7.3.6 (docs/7.品質を評価し改善する/7.3.Pre-retrieval・Batch評価.md:102),SRC-110,UNVERIFIED_CANDIDATE_URL_ONLY,EMPIRICAL_RESULT,retrieval=true,empirical_result=true;layout=true,,REWRITE_REQUIRED,権威性=候補一次資料のみ; 直接性=locator未確認; 網羅性=未支持atom=empirical_result=true;layout=true; 主張極性=EMPIRICAL_RESULTとして再分類; スコープ=PASS_AFTER_TEST_SCOPE_QUALIFICATION; モダリティ=PASS_AFTER_HYPOTHESIS_QUALIFIER; 教材妥当性=PASS_AS_EXPLICIT_TESTABLE_HYPOTHESIS; 形式化妥当性=FAIL_UNSUPPORTED_ATOMS:empirical_result=true;layout=true。「レイアウトを細かく認識した結果チャンクが断片化したり、短い命題を検索した結果例外条件が失われたりするためです。」は候補資料(SRC-110)に直接locatorがなく、一般的事実としてはFAIL_UNSUPPORTED_ATOMS:empirical_result=true;layout=trueが残る。原文の対象と作用を維持したまま、本ガイドの構成または対象データでの検証へスコープを限定すれば教材上の検討事項を保持できる。,,,UNVERIFIED,原文をrevised_sentenceへ置換し、対象データ、比較条件、観測指標、合否閾値を同じ節に追記する。検証後に限り事実表現へ戻し、意味を保存して再形式化する。,,,,,INCONCLUSIVE,NOT_APPLICABLE_UNPROVED,,,codex-independent-wave4,2026-08-15,INDEPENDENT_REVIEW_COMPLETE,PARTIAL_CANDIDATE_SOURCE_ONLY,FAIL_NO_DIRECT_LOCATOR,FAIL_UNSUPPORTED_ATOMS:empirical_result=true;layout=true,EMPIRICAL_RESULT,PASS_AFTER_TEST_SCOPE_QUALIFICATION,PASS_AFTER_HYPOTHESIS_QUALIFIER,PASS_AS_EXPLICIT_TESTABLE_HYPOTHESIS,FAIL_UNSUPPORTED_ATOMS:empirical_result=true;layout=true
SENT-2802,52bebecfb2a435d0e7ff2efea557c5799674ded6,解析器、チャンク分割器、埋め込みモデルを一要素ずつ変更します。,本ガイドの基本構成では、解析器、チャンク分割器、埋め込みモデルを一要素ずつ変更します。,"AND(AND(ATOM(chunking=true), ATOM(embedding_model=true)), ATOM(parsing=true))",AND,general_technical_claim,UNCLASSIFIED,7.3.6 (docs/7.品質を評価し改善する/7.3.Pre-retrieval・Batch評価.md:104),SRC-110,UNVERIFIED_CANDIDATE_URL_ONLY,BACKGROUND_CITATION,,chunking=true;embedding_model=true;parsing=true,,REWRITE_REQUIRED,権威性=候補一次資料のみ; 直接性=locator未確認; 網羅性=未支持atom=chunking=true;embedding_model=true;parsing=true; 主張極性=BACKGROUND_CITATIONとして再分類; スコープ=PASS_AFTER_TEST_SCOPE_QUALIFICATION; モダリティ=PASS_AFTER_HYPOTHESIS_QUALIFIER; 教材妥当性=PASS_AS_EXPLICIT_TESTABLE_HYPOTHESIS; 形式化妥当性=FAIL_UNSUPPORTED_ATOMS:chunking=true;embedding_model=true;parsing=true。「解析器、チャンク分割器、埋め込みモデルを一要素ずつ変更します。」は候補資料(SRC-110)に直接locatorがなく、一般的事実としてはFAIL_UNSUPPORTED_ATOMS:chunking=true;embedding_model=true;parsing=trueが残る。原文の対象と作用を維持したまま、本ガイドの構成または対象データでの検証へスコープを限定すれば教材上の検討事項を保持できる。,,,UNVERIFIED,原文をrevised_sentenceへ置換し、対象データ、比較条件、観測指標、合否閾値を同じ節に追記する。検証後に限り事実表現へ戻し、意味を保存して再形式化する。,,,,,INCONCLUSIVE,NOT_APPLICABLE_UNPROVED,,,codex-independent-wave4,2026-08-15,INDEPENDENT_REVIEW_COMPLETE,PARTIAL_CANDIDATE_SOURCE_ONLY,FAIL_NO_DIRECT_LOCATOR,FAIL_UNSUPPORTED_ATOMS:chunking=true;embedding_model=true;parsing=true,BACKGROUND_CITATION,PASS_AFTER_TEST_SCOPE_QUALIFICATION,PASS_AFTER_HYPOTHESIS_QUALIFIER,PASS_AS_EXPLICIT_TESTABLE_HYPOTHESIS,FAIL_UNSUPPORTED_ATOMS:chunking=true;embedding_model=true;parsing=true
SENT-2804,52bebecfb2a435d0e7ff2efea557c5799674ded6,RAGCheckerのように検索と生成を細分化すると、上流の改善が新しい生成上の失敗を生んでいないか確認できます。,RAGCheckerのように検索と生成を細分化すると、上流の改善が新しい生成上の失敗を生んでいないか確認できるかを、対象データと固定した比較条件で検証します。,"NOT(AND(AND(ATOM(retrieval=true), ATOM(generation=true)), ATOM(empirical_result=true)))",NOT,externally_cited_claim,できます;ない,7.3.6 (docs/7.品質を評価し改善する/7.3.Pre-retrieval・Batch評価.md:106),SRC-110,UNVERIFIED_CANDIDATE_URL_ONLY,AUTHOR_CLAIM,generation=true;retrieval=true,empirical_result=true,NOT,REWRITE_REQUIRED,権威性=候補一次資料のみ; 直接性=locator未確認; 網羅性=関係NOT自体の根拠未確認; 主張極性=AUTHOR_CLAIMとして再分類; スコープ=PASS_AFTER_CONCRETE_VERSION_OR_EXPERIMENT_SCOPE; モダリティ=PASS_AFTER_CONDITIONAL_OR_REPRODUCTION_WORDING; 教材妥当性=PASS_AFTER_CONCRETE_VERSION_OR_EXPERIMENT_QUALIFIER; 形式化妥当性=FAIL_RELATION_NOT。「RAGCheckerのように検索と生成を細分化すると、上流の改善が新しい生成上の失敗を生んでいないか確認できます。」の候補資料(SRC-110)はURL単位で、節・ページ・表・API見出しを独立に確認できていない。現文のFAIL_RELATION_NOT、版・実験条件、資料内極性を断定せず、具体的な製品前提・ローカル定義・再現試験へ限定すれば教材内容を保持できる。,,,UNVERIFIED,原文をrevised_sentenceの具体文へ置換する。製品文は利用時点のregion/versionを受入条件へ追加し、研究文は同じ指標・比較条件で再現確認する。事実表現へ戻す場合は直接locatorを再監査する。,,,,,INCONCLUSIVE,NOT_APPLICABLE_UNPROVED,,,codex-independent-wave4,2026-08-15,INDEPENDENT_REVIEW_COMPLETE,PARTIAL_CANDIDATE_SOURCE_ONLY,FAIL_NO_DIRECT_LOCATOR,FAIL_RELATION_NOT,AUTHOR_CLAIM,PASS_AFTER_CONCRETE_VERSION_OR_EXPERIMENT_SCOPE,PASS_AFTER_CONDITIONAL_OR_REPRODUCTION_WORDING,PASS_AFTER_CONCRETE_VERSION_OR_EXPERIMENT_QUALIFIER,FAIL_RELATION_NOT
SENT-2805,52bebecfb2a435d0e7ff2efea557c5799674ded6,局所指標の改善だけで公開せず、重要な下流指標が許容幅を超えて悪化しないことを合格条件にします。,本ガイドの基本構成では、局所指標の改善だけで公開せず、重要な下流指標が許容幅を超えて悪化しないことを合格条件にします。,NOT(ATOM(empirical_result=true)),NOT,empirical_or_research_claim,ない,7.3.6 (docs/7.品質を評価し改善する/7.3.Pre-retrieval・Batch評価.md:108),SRC-025;SRC-026;SRC-031;SRC-044;SRC-047,UNVERIFIED_CANDIDATE_URL_ONLY,EMPIRICAL_RESULT,empirical_result=true,,NOT,REWRITE_REQUIRED,権威性=候補一次資料のみ; 直接性=locator未確認; 網羅性=関係NOT自体の根拠未確認; 主張極性=EMPIRICAL_RESULTとして再分類; スコープ=PASS_AFTER_TEST_SCOPE_QUALIFICATION; モダリティ=PASS_AFTER_HYPOTHESIS_QUALIFIER; 教材妥当性=PASS_AS_EXPLICIT_TESTABLE_HYPOTHESIS; 形式化妥当性=FAIL_RELATION_NOT。「局所指標の改善だけで公開せず、重要な下流指標が許容幅を超えて悪化しないことを合格条件にします。」は候補資料(SRC-025;SRC-026;SRC-031;SRC-044;SRC-047)に直接locatorがなく、一般的事実としてはFAIL_RELATION_NOTが残る。原文の対象と作用を維持したまま、本ガイドの構成または対象データでの検証へスコープを限定すれば教材上の検討事項を保持できる。,,,UNVERIFIED,原文をrevised_sentenceへ置換し、対象データ、比較条件、観測指標、合否閾値を同じ節に追記する。検証後に限り事実表現へ戻し、意味を保存して再形式化する。,,,,,INCONCLUSIVE,NOT_APPLICABLE_UNPROVED,,,codex-independent-wave4,2026-08-15,INDEPENDENT_REVIEW_COMPLETE,PARTIAL_CANDIDATE_SOURCE_ONLY,FAIL_NO_DIRECT_LOCATOR,FAIL_RELATION_NOT,EMPIRICAL_RESULT,PASS_AFTER_TEST_SCOPE_QUALIFICATION,PASS_AFTER_HYPOTHESIS_QUALIFIER,PASS_AS_EXPLICIT_TESTABLE_HYPOTHESIS,FAIL_RELATION_NOT
SENT-2815,52bebecfb2a435d0e7ff2efea557c5799674ded6,検索器を比較する間に質問変換やコーパスが変わると、順位差の原因を説明できません。,本ガイドの基本構成では、検索器を比較する間に質問変換やコーパスが変わると、順位差の原因を説明できません。,NOT(ATOM(retrieval=true)),NOT,general_technical_claim,ません,7.4.1 (docs/7.品質を評価し改善する/7.4.Retrieval評価.md:8),SRC-066,UNVERIFIED_CANDIDATE_URL_ONLY,BACKGROUND_CITATION,retrieval=true,,NOT,REWRITE_REQUIRED,権威性=候補一次資料のみ; 直接性=locator未確認; 網羅性=関係NOT自体の根拠未確認; 主張極性=BACKGROUND_CITATIONとして再分類; スコープ=PASS_AFTER_TEST_SCOPE_QUALIFICATION; モダリティ=PASS_AFTER_HYPOTHESIS_QUALIFIER; 教材妥当性=PASS_AS_EXPLICIT_TESTABLE_HYPOTHESIS; 形式化妥当性=FAIL_RELATION_NOT。「検索器を比較する間に質問変換やコーパスが変わると、順位差の原因を説明できません。」は候補資料(SRC-066)に直接locatorがなく、一般的事実としてはFAIL_RELATION_NOTが残る。原文の対象と作用を維持したまま、本ガイドの構成または対象データでの検証へスコープを限定すれば教材上の検討事項を保持できる。,,,UNVERIFIED,原文をrevised_sentenceへ置換し、対象データ、比較条件、観測指標、合否閾値を同じ節に追記する。検証後に限り事実表現へ戻し、意味を保存して再形式化する。,,,,,INCONCLUSIVE,NOT_APPLICABLE_UNPROVED,,,codex-independent-wave4,2026-08-15,INDEPENDENT_REVIEW_COMPLETE,PARTIAL_CANDIDATE_SOURCE_ONLY,FAIL_NO_DIRECT_LOCATOR,FAIL_RELATION_NOT,BACKGROUND_CITATION,PASS_AFTER_TEST_SCOPE_QUALIFICATION,PASS_AFTER_HYPOTHESIS_QUALIFIER,PASS_AS_EXPLICIT_TESTABLE_HYPOTHESIS,FAIL_RELATION_NOT
SENT-2821,52bebecfb2a435d0e7ff2efea557c5799674ded6,正解根拠は、答えと同じ文字列を含むチャンクとは限りません。,正解根拠は、答えと同じ文字列を含むチャンクとは限らない前提で、反例を含む対象データを評価します。,NOT(ATOM(evidence_support=true)),NOT,general_technical_claim,ません,7.4.1 (docs/7.品質を評価し改善する/7.4.Retrieval評価.md:17),SRC-005,UNVERIFIED_CANDIDATE_URL_ONLY,LIMITATION,evidence_support=true,,NOT,REWRITE_REQUIRED,権威性=候補一次資料のみ; 直接性=locator未確認; 網羅性=関係NOT自体の根拠未確認; 主張極性=LIMITATIONとして再分類; スコープ=PASS_AFTER_TEST_SCOPE_QUALIFICATION; モダリティ=PASS_AFTER_HYPOTHESIS_QUALIFIER; 教材妥当性=PASS_AS_EXPLICIT_TESTABLE_HYPOTHESIS; 形式化妥当性=FAIL_RELATION_NOT。「正解根拠は、答えと同じ文字列を含むチャンクとは限りません。」は候補資料(SRC-005)に直接locatorがなく、一般的事実としてはFAIL_RELATION_NOTが残る。原文の対象と作用を維持したまま、本ガイドの構成または対象データでの検証へスコープを限定すれば教材上の検討事項を保持できる。,,,UNVERIFIED,原文をrevised_sentenceへ置換し、対象データ、比較条件、観測指標、合否閾値を同じ節に追記する。検証後に限り事実表現へ戻し、意味を保存して再形式化する。,,,,,INCONCLUSIVE,NOT_APPLICABLE_UNPROVED,,,codex-independent-wave4,2026-08-15,INDEPENDENT_REVIEW_COMPLETE,PARTIAL_CANDIDATE_SOURCE_ONLY,FAIL_NO_DIRECT_LOCATOR,FAIL_RELATION_NOT,LIMITATION,PASS_AFTER_TEST_SCOPE_QUALIFICATION,PASS_AFTER_HYPOTHESIS_QUALIFIER,PASS_AS_EXPLICIT_TESTABLE_HYPOTHESIS,FAIL_RELATION_NOT
SENT-2827,52bebecfb2a435d0e7ff2efea557c5799674ded6,チャンク分割を変えた場合は、古いチャンクIDをそのまま使わず、元文書の正解スパンから新しいチャンクへ対応付けます。,チャンク分割を変えた場合は、古いチャンクIDをそのまま使わず、元文書の正解スパンから新しいチャンクへ対応付けます。,UNFORMALIZED,UNFORMALIZED,general_technical_claim,UNCLASSIFIED,7.4.1 (docs/7.品質を評価し改善する/7.4.Retrieval評価.md:25),SRC-002;SRC-005;SRC-010;SRC-013;SRC-017,NOT_APPLICABLE_LOCAL_NORM,HYPOTHESIS,,,,APPROPRIATE_NORMATIVE,権威性=候補一次資料のみ; 直接性=locator未確認; 網羅性=未支持atom=none-explicit; 主張極性=HYPOTHESISとして再分類; スコープ=PASS_LOCAL_DESIGN_POLICY; モダリティ=PASS_AS_DISCLOSED_NORMATIVE_RULE; 教材妥当性=PASS_AFTER_EXPLICIT_CRITERIA_AND_EXCEPTION; 形式化妥当性=FAIL_UNFORMALIZED。「チャンク分割を変えた場合は、古いチャンクIDをそのまま使わず、元文書の正解スパンから新しいチャンクへ対応付けます。」は外的真偽の断定ではなく、対象・処理・判断を特定した設計・運用上の選択規則として読める。ただし候補資料(SRC-002;SRC-005;SRC-010;SRC-013;SRC-017)はURL単位で、直接locatorは未確認。規範の判断基準と例外を明示すれば教材として採用できる。形式面ではFAIL_UNFORMALIZEDを別途解消する必要がある。,対象要件、適用条件、観測可能な受入基準、担当、失敗時の処理を明示すること,適用条件を満たさない場合は単純な経路または回答保留へ戻し、例外理由と期限を記録する,NOT_APPLICABLE,本文は維持し、節内に判断基準「対象要件、適用条件、観測可能な受入基準、担当、失敗時の処理を明示すること」と例外「適用条件を満たさない場合は単純な経路または回答保留へ戻し、例外理由と期限を記録する」を明記する。経験的な効果保証とは分離し、意味を保存して再形式化する。,,,,,INCONCLUSIVE,NOT_APPLICABLE_UNPROVED,,,codex-independent-wave4,2026-08-15,INDEPENDENT_REVIEW_COMPLETE,PARTIAL_CANDIDATE_SOURCE_ONLY,FAIL_NO_DIRECT_LOCATOR,FAIL_UNFORMALIZED,HYPOTHESIS,PASS_LOCAL_DESIGN_POLICY,PASS_AS_DISCLOSED_NORMATIVE_RULE,PASS_AFTER_EXPLICIT_CRITERIA_AND_EXCEPTION,FAIL_UNFORMALIZED
SENT-2840,52bebecfb2a435d0e7ff2efea557c5799674ded6,検索器の弱点は質問の種類ごとに異なります。,本ガイドの基本構成では、検索器の弱点は質問の種類ごとに異なります。,NOT(ATOM(retrieval=true)),NOT,general_technical_claim,UNCLASSIFIED,7.4.3 (docs/7.品質を評価し改善する/7.4.Retrieval評価.md:49),SRC-043;SRC-065;SRC-066;SRC-068,UNVERIFIED_CANDIDATE_URL_ONLY,BACKGROUND_CITATION,retrieval=true,,NOT,REWRITE_REQUIRED,権威性=候補一次資料のみ; 直接性=locator未確認; 網羅性=関係NOT自体の根拠未確認; 主張極性=BACKGROUND_CITATIONとして再分類; スコープ=PASS_AFTER_TEST_SCOPE_QUALIFICATION; モダリティ=PASS_AFTER_HYPOTHESIS_QUALIFIER; 教材妥当性=PASS_AS_EXPLICIT_TESTABLE_HYPOTHESIS; 形式化妥当性=FAIL_RELATION_NOT。「検索器の弱点は質問の種類ごとに異なります。」は候補資料(SRC-043;SRC-065;SRC-066;SRC-068)に直接locatorがなく、一般的事実としてはFAIL_RELATION_NOTが残る。原文の対象と作用を維持したまま、本ガイドの構成または対象データでの検証へスコープを限定すれば教材上の検討事項を保持できる。,,,UNVERIFIED,原文をrevised_sentenceへ置換し、対象データ、比較条件、観測指標、合否閾値を同じ節に追記する。検証後に限り事実表現へ戻し、意味を保存して再形式化する。,,,,,INCONCLUSIVE,NOT_APPLICABLE_UNPROVED,,,codex-independent-wave4,2026-08-15,INDEPENDENT_REVIEW_COMPLETE,PARTIAL_CANDIDATE_SOURCE_ONLY,FAIL_NO_DIRECT_LOCATOR,FAIL_RELATION_NOT,BACKGROUND_CITATION,PASS_AFTER_TEST_SCOPE_QUALIFICATION,PASS_AFTER_HYPOTHESIS_QUALIFIER,PASS_AS_EXPLICIT_TESTABLE_HYPOTHESIS,FAIL_RELATION_NOT
SENT-2842,52bebecfb2a435d0e7ff2efea557c5799674ded6,BEIRでは、BM25と密検索の優劣がデータセットによって変わります。,本ガイドでは、BM25と密検索の優劣がデータセットによって変わるかを対象データで測定します。,"AND(ATOM(dense=true), ATOM(retrieval=true))",AND,externally_cited_claim,UNCLASSIFIED,7.4.3 (docs/7.品質を評価し改善する/7.4.Retrieval評価.md:52),SRC-066;SRC-005,UNVERIFIED_CANDIDATE_URL_ONLY,AUTHOR_CLAIM,retrieval=true,dense=true,,REWRITE_REQUIRED,権威性=候補一次資料のみ; 直接性=locator未確認; 網羅性=未支持atom=dense=true; 主張極性=AUTHOR_CLAIMとして再分類; スコープ=PASS_AFTER_CONCRETE_VERSION_OR_EXPERIMENT_SCOPE; モダリティ=PASS_AFTER_CONDITIONAL_OR_REPRODUCTION_WORDING; 教材妥当性=PASS_AFTER_CONCRETE_VERSION_OR_EXPERIMENT_QUALIFIER; 形式化妥当性=FAIL_UNSUPPORTED_ATOMS:dense=true。「BEIRでは、BM25と密検索の優劣がデータセットによって変わります。」の候補資料(SRC-066;SRC-005)はURL単位で、節・ページ・表・API見出しを独立に確認できていない。現文のFAIL_UNSUPPORTED_ATOMS:dense=true、版・実験条件、資料内極性を断定せず、具体的な製品前提・ローカル定義・再現試験へ限定すれば教材内容を保持できる。,,,UNVERIFIED,原文をrevised_sentenceの具体文へ置換する。製品文は利用時点のregion/versionを受入条件へ追加し、研究文は同じ指標・比較条件で再現確認する。事実表現へ戻す場合は直接locatorを再監査する。,,,,,INCONCLUSIVE,NOT_APPLICABLE_UNPROVED,,,codex-independent-wave4,2026-08-15,INDEPENDENT_REVIEW_COMPLETE,PARTIAL_CANDIDATE_SOURCE_ONLY,FAIL_NO_DIRECT_LOCATOR,FAIL_UNSUPPORTED_ATOMS:dense=true,AUTHOR_CLAIM,PASS_AFTER_CONCRETE_VERSION_OR_EXPERIMENT_SCOPE,PASS_AFTER_CONDITIONAL_OR_REPRODUCTION_WORDING,PASS_AFTER_CONCRETE_VERSION_OR_EXPERIMENT_QUALIFIER,FAIL_UNSUPPORTED_ATOMS:dense=true
SENT-2843,52bebecfb2a435d0e7ff2efea557c5799674ded6,単一のベンチマークや全体平均だけで、業務に対する一般化性能を判断できません。,本ガイドの基本構成では、単一のベンチマークや全体平均だけで、業務に対する一般化性能を判断できません。,"NOT(AND(ATOM(evaluation=true), ATOM(benchmark=true)))",NOT,empirical_or_research_claim,ません,7.4.3 (docs/7.品質を評価し改善する/7.4.Retrieval評価.md:53),SRC-066,UNVERIFIED_CANDIDATE_URL_ONLY,EMPIRICAL_RESULT,benchmark=true;evaluation=true,,NOT,REWRITE_REQUIRED,権威性=候補一次資料のみ; 直接性=locator未確認; 網羅性=関係NOT自体の根拠未確認; 主張極性=EMPIRICAL_RESULTとして再分類; スコープ=PASS_AFTER_TEST_SCOPE_QUALIFICATION; モダリティ=PASS_AFTER_HYPOTHESIS_QUALIFIER; 教材妥当性=PASS_AS_EXPLICIT_TESTABLE_HYPOTHESIS; 形式化妥当性=FAIL_RELATION_NOT。「単一のベンチマークや全体平均だけで、業務に対する一般化性能を判断できません。」は候補資料(SRC-066)に直接locatorがなく、一般的事実としてはFAIL_RELATION_NOTが残る。原文の対象と作用を維持したまま、本ガイドの構成または対象データでの検証へスコープを限定すれば教材上の検討事項を保持できる。,,,UNVERIFIED,原文をrevised_sentenceへ置換し、対象データ、比較条件、観測指標、合否閾値を同じ節に追記する。検証後に限り事実表現へ戻し、意味を保存して再形式化する。,,,,,INCONCLUSIVE,NOT_APPLICABLE_UNPROVED,,,codex-independent-wave4,2026-08-15,INDEPENDENT_REVIEW_COMPLETE,PARTIAL_CANDIDATE_SOURCE_ONLY,FAIL_NO_DIRECT_LOCATOR,FAIL_RELATION_NOT,EMPIRICAL_RESULT,PASS_AFTER_TEST_SCOPE_QUALIFICATION,PASS_AFTER_HYPOTHESIS_QUALIFIER,PASS_AS_EXPLICIT_TESTABLE_HYPOTHESIS,FAIL_RELATION_NOT
SENT-2846,52bebecfb2a435d0e7ff2efea557c5799674ded6,BM25、密検索、学習型疎検索、ハイブリッド検索を、同じ正解集合と候補件数で比較します。,本ガイドの基本構成では、BM25、密検索、学習型疎検索、ハイブリッド検索を、同じ正解集合と候補件数で比較します。,"AND(AND(AND(ATOM(sparse=true), ATOM(learned=true)), ATOM(dense=true)), ATOM(retrieval=true))",AND,concrete_technology_claim,UNCLASSIFIED,7.4.3 (docs/7.品質を評価し改善する/7.4.Retrieval評価.md:58),SRC-005,UNVERIFIED_CANDIDATE_URL_ONLY,DEFINITION_OR_SPEC,retrieval=true;sparse=true,dense=true;learned=true,,REWRITE_REQUIRED,権威性=候補一次資料のみ; 直接性=locator未確認; 網羅性=未支持atom=dense=true;learned=true; 主張極性=DEFINITION_OR_SPECとして再分類; スコープ=PASS_AFTER_CONCRETE_VERSION_OR_EXPERIMENT_SCOPE; モダリティ=PASS_AFTER_CONDITIONAL_OR_REPRODUCTION_WORDING; 教材妥当性=PASS_AFTER_CONCRETE_VERSION_OR_EXPERIMENT_QUALIFIER; 形式化妥当性=FAIL_UNSUPPORTED_ATOMS:dense=true;learned=true。「BM25、密検索、学習型疎検索、ハイブリッド検索を、同じ正解集合と候補件数で比較します。」の候補資料(SRC-005)はURL単位で、節・ページ・表・API見出しを独立に確認できていない。現文のFAIL_UNSUPPORTED_ATOMS:dense=true;learned=true、版・実験条件、資料内極性を断定せず、具体的な製品前提・ローカル定義・再現試験へ限定すれば教材内容を保持できる。,,,UNVERIFIED,原文をrevised_sentenceの具体文へ置換する。製品文は利用時点のregion/versionを受入条件へ追加し、研究文は同じ指標・比較条件で再現確認する。事実表現へ戻す場合は直接locatorを再監査する。,,,,,INCONCLUSIVE,NOT_APPLICABLE_UNPROVED,,,codex-independent-wave4,2026-08-15,INDEPENDENT_REVIEW_COMPLETE,PARTIAL_CANDIDATE_SOURCE_ONLY,FAIL_NO_DIRECT_LOCATOR,FAIL_UNSUPPORTED_ATOMS:dense=true;learned=true,DEFINITION_OR_SPEC,PASS_AFTER_CONCRETE_VERSION_OR_EXPERIMENT_SCOPE,PASS_AFTER_CONDITIONAL_OR_REPRODUCTION_WORDING,PASS_AFTER_CONCRETE_VERSION_OR_EXPERIMENT_QUALIFIER,FAIL_UNSUPPORTED_ATOMS:dense=true;learned=true
SENT-2848,52bebecfb2a435d0e7ff2efea557c5799674ded6,両者は改善する質問の種類が異なります。,本ガイドの基本構成では、両者は改善する質問の種類が異なります。,NOT(ATOM(empirical_result=true)),NOT,empirical_or_research_claim,UNCLASSIFIED,7.4.3 (docs/7.品質を評価し改善する/7.4.Retrieval評価.md:60),SRC-068;SRC-043,UNVERIFIED_CANDIDATE_URL_ONLY,EMPIRICAL_RESULT,empirical_result=true,,NOT,REWRITE_REQUIRED,権威性=候補一次資料のみ; 直接性=locator未確認; 網羅性=関係NOT自体の根拠未確認; 主張極性=EMPIRICAL_RESULTとして再分類; スコープ=PASS_AFTER_TEST_SCOPE_QUALIFICATION; モダリティ=PASS_AFTER_HYPOTHESIS_QUALIFIER; 教材妥当性=PASS_AS_EXPLICIT_TESTABLE_HYPOTHESIS; 形式化妥当性=FAIL_RELATION_NOT。「両者は改善する質問の種類が異なります。」は候補資料(SRC-068;SRC-043)に直接locatorがなく、一般的事実としてはFAIL_RELATION_NOTが残る。原文の対象と作用を維持したまま、本ガイドの構成または対象データでの検証へスコープを限定すれば教材上の検討事項を保持できる。,,,UNVERIFIED,原文をrevised_sentenceへ置換し、対象データ、比較条件、観測指標、合否閾値を同じ節に追記する。検証後に限り事実表現へ戻し、意味を保存して再形式化する。,,,,,INCONCLUSIVE,NOT_APPLICABLE_UNPROVED,,,codex-independent-wave4,2026-08-15,INDEPENDENT_REVIEW_COMPLETE,PARTIAL_CANDIDATE_SOURCE_ONLY,FAIL_NO_DIRECT_LOCATOR,FAIL_RELATION_NOT,EMPIRICAL_RESULT,PASS_AFTER_TEST_SCOPE_QUALIFICATION,PASS_AFTER_HYPOTHESIS_QUALIFIER,PASS_AS_EXPLICIT_TESTABLE_HYPOTHESIS,FAIL_RELATION_NOT
SENT-2850,52bebecfb2a435d0e7ff2efea557c5799674ded6,Reciprocal Rank Fusionは、各順位の逆数に基づいて複数の順位表を統合します。,本ガイドでは、各順位の逆数に基づいて複数の順位表を統合します。,UNFORMALIZED,UNFORMALIZED,externally_cited_claim,UNCLASSIFIED,7.4.3 (docs/7.品質を評価し改善する/7.4.Retrieval評価.md:63),SRC-064,UNVERIFIED_CANDIDATE_URL_ONLY,AUTHOR_CLAIM,,,,REWRITE_REQUIRED,権威性=候補一次資料のみ; 直接性=locator未確認; 網羅性=未支持atom=none-explicit; 主張極性=AUTHOR_CLAIMとして再分類; スコープ=PASS_AFTER_CONCRETE_VERSION_OR_EXPERIMENT_SCOPE; モダリティ=PASS_AFTER_CONDITIONAL_OR_REPRODUCTION_WORDING; 教材妥当性=PASS_AFTER_CONCRETE_VERSION_OR_EXPERIMENT_QUALIFIER; 形式化妥当性=FAIL_UNFORMALIZED。「Reciprocal Rank Fusionは、各順位の逆数に基づいて複数の順位表を統合します。」の候補資料(SRC-064)はURL単位で、節・ページ・表・API見出しを独立に確認できていない。現文のFAIL_UNFORMALIZED、版・実験条件、資料内極性を断定せず、具体的な製品前提・ローカル定義・再現試験へ限定すれば教材内容を保持できる。,,,UNVERIFIED,原文をrevised_sentenceの具体文へ置換する。製品文は利用時点のregion/versionを受入条件へ追加し、研究文は同じ指標・比較条件で再現確認する。事実表現へ戻す場合は直接locatorを再監査する。,,,,,INCONCLUSIVE,NOT_APPLICABLE_UNPROVED,,,codex-independent-wave4,2026-08-15,INDEPENDENT_REVIEW_COMPLETE,PARTIAL_CANDIDATE_SOURCE_ONLY,FAIL_NO_DIRECT_LOCATOR,FAIL_UNFORMALIZED,AUTHOR_CLAIM,PASS_AFTER_CONCRETE_VERSION_OR_EXPERIMENT_SCOPE,PASS_AFTER_CONDITIONAL_OR_REPRODUCTION_WORDING,PASS_AFTER_CONCRETE_VERSION_OR_EXPERIMENT_QUALIFIER,FAIL_UNFORMALIZED
SENT-2853,52bebecfb2a435d0e7ff2efea557c5799674ded6,質問処理を評価するときは検索器を固定し、正規化、書き換え、展開、HyDE、分解を一つずつ有効または無効にします。,本ガイドの基本構成では、質問処理を評価するときは検索器を固定し、正規化、書き換え、展開、HyDE、分解を一つずつ有効または無効にします。,"IMP(ATOM(evaluation=true), ATOM(retrieval=true))",IMPLIES,concrete_technology_claim,UNCLASSIFIED,7.4.3 (docs/7.品質を評価し改善する/7.4.Retrieval評価.md:68),SRC-065,UNVERIFIED_CANDIDATE_URL_ONLY,DEFINITION_OR_SPEC,retrieval=true,evaluation=true,IMPLIES,REWRITE_REQUIRED,権威性=候補一次資料のみ; 直接性=locator未確認; 網羅性=関係IMPLIES自体の根拠未確認; 主張極性=DEFINITION_OR_SPECとして再分類; スコープ=PASS_AFTER_CONCRETE_VERSION_OR_EXPERIMENT_SCOPE; モダリティ=PASS_AFTER_CONDITIONAL_OR_REPRODUCTION_WORDING; 教材妥当性=PASS_AFTER_CONCRETE_VERSION_OR_EXPERIMENT_QUALIFIER; 形式化妥当性=FAIL_RELATION_IMPLIES。「質問処理を評価するときは検索器を固定し、正規化、書き換え、展開、HyDE、分解を一つずつ有効または無効にします。」の候補資料(SRC-065)はURL単位で、節・ページ・表・API見出しを独立に確認できていない。現文のFAIL_RELATION_IMPLIES、版・実験条件、資料内極性を断定せず、具体的な製品前提・ローカル定義・再現試験へ限定すれば教材内容を保持できる。,,,UNVERIFIED,原文をrevised_sentenceの具体文へ置換する。製品文は利用時点のregion/versionを受入条件へ追加し、研究文は同じ指標・比較条件で再現確認する。事実表現へ戻す場合は直接locatorを再監査する。,,,,,INCONCLUSIVE,NOT_APPLICABLE_UNPROVED,,,codex-independent-wave4,2026-08-15,INDEPENDENT_REVIEW_COMPLETE,PARTIAL_CANDIDATE_SOURCE_ONLY,FAIL_NO_DIRECT_LOCATOR,FAIL_RELATION_IMPLIES,DEFINITION_OR_SPEC,PASS_AFTER_CONCRETE_VERSION_OR_EXPERIMENT_SCOPE,PASS_AFTER_CONDITIONAL_OR_REPRODUCTION_WORDING,PASS_AFTER_CONCRETE_VERSION_OR_EXPERIMENT_QUALIFIER,FAIL_RELATION_IMPLIES
SENT-2855,52bebecfb2a435d0e7ff2efea557c5799674ded6,HyDEの研究は教師なしの密検索を改善していますが、型番へ存在しない語を加えるなど、元の意図から外れる可能性もあります。,本ガイドの基本構成では、HyDEの研究は教師なしの密検索を改善していますが、型番へ存在しない語を加えるなど、元の意図から外れる可能性もあります。,"NOT(AND(AND(ATOM(dense=true), ATOM(retrieval=true)), ATOM(empirical_result=true)))",NOT,externally_cited_claim,可能;ない,7.4.3 (docs/7.品質を評価し改善する/7.4.Retrieval評価.md:70),SRC-065,UNVERIFIED_CANDIDATE_URL_ONLY,AUTHOR_CLAIM,dense=true;empirical_result=true;retrieval=true,,NOT,REWRITE_REQUIRED,権威性=候補一次資料のみ; 直接性=locator未確認; 網羅性=関係NOT自体の根拠未確認; 主張極性=AUTHOR_CLAIMとして再分類; スコープ=PASS_AFTER_CONCRETE_VERSION_OR_EXPERIMENT_SCOPE; モダリティ=PASS_AFTER_CONDITIONAL_OR_REPRODUCTION_WORDING; 教材妥当性=PASS_AFTER_CONCRETE_VERSION_OR_EXPERIMENT_QUALIFIER; 形式化妥当性=FAIL_RELATION_NOT。「HyDEの研究は教師なしの密検索を改善していますが、型番へ存在しない語を加えるなど、元の意図から外れる可能性もあります。」の候補資料(SRC-065)はURL単位で、節・ページ・表・API見出しを独立に確認できていない。現文のFAIL_RELATION_NOT、版・実験条件、資料内極性を断定せず、具体的な製品前提・ローカル定義・再現試験へ限定すれば教材内容を保持できる。,,,UNVERIFIED,原文をrevised_sentenceの具体文へ置換する。製品文は利用時点のregion/versionを受入条件へ追加し、研究文は同じ指標・比較条件で再現確認する。事実表現へ戻す場合は直接locatorを再監査する。,,,,,INCONCLUSIVE,NOT_APPLICABLE_UNPROVED,,,codex-independent-wave4,2026-08-15,INDEPENDENT_REVIEW_COMPLETE,PARTIAL_CANDIDATE_SOURCE_ONLY,FAIL_NO_DIRECT_LOCATOR,FAIL_RELATION_NOT,AUTHOR_CLAIM,PASS_AFTER_CONCRETE_VERSION_OR_EXPERIMENT_SCOPE,PASS_AFTER_CONDITIONAL_OR_REPRODUCTION_WORDING,PASS_AFTER_CONCRETE_VERSION_OR_EXPERIMENT_QUALIFIER,FAIL_RELATION_NOT
SENT-2858,52bebecfb2a435d0e7ff2efea557c5799674ded6,書き換えで失敗した事例を、検索器自体の失敗として数えないようにします。,本ガイドの基本構成では、書き換えで失敗した事例を、検索器自体の失敗として数えないようにします。,NOT(ATOM(retrieval=true)),NOT,general_technical_claim,ない,7.4.3 (docs/7.品質を評価し改善する/7.4.Retrieval評価.md:74),SRC-043;SRC-065;SRC-066;SRC-068,UNVERIFIED_CANDIDATE_URL_ONLY,BACKGROUND_CITATION,retrieval=true,,NOT,REWRITE_REQUIRED,権威性=候補一次資料のみ; 直接性=locator未確認; 網羅性=関係NOT自体の根拠未確認; 主張極性=BACKGROUND_CITATIONとして再分類; スコープ=PASS_AFTER_TEST_SCOPE_QUALIFICATION; モダリティ=PASS_AFTER_HYPOTHESIS_QUALIFIER; 教材妥当性=PASS_AS_EXPLICIT_TESTABLE_HYPOTHESIS; 形式化妥当性=FAIL_RELATION_NOT。「書き換えで失敗した事例を、検索器自体の失敗として数えないようにします。」は候補資料(SRC-043;SRC-065;SRC-066;SRC-068)に直接locatorがなく、一般的事実としてはFAIL_RELATION_NOTが残る。原文の対象と作用を維持したまま、本ガイドの構成または対象データでの検証へスコープを限定すれば教材上の検討事項を保持できる。,,,UNVERIFIED,原文をrevised_sentenceへ置換し、対象データ、比較条件、観測指標、合否閾値を同じ節に追記する。検証後に限り事実表現へ戻し、意味を保存して再形式化する。,,,,,INCONCLUSIVE,NOT_APPLICABLE_UNPROVED,,,codex-independent-wave4,2026-08-15,INDEPENDENT_REVIEW_COMPLETE,PARTIAL_CANDIDATE_SOURCE_ONLY,FAIL_NO_DIRECT_LOCATOR,FAIL_RELATION_NOT,BACKGROUND_CITATION,PASS_AFTER_TEST_SCOPE_QUALIFICATION,PASS_AFTER_HYPOTHESIS_QUALIFIER,PASS_AS_EXPLICIT_TESTABLE_HYPOTHESIS,FAIL_RELATION_NOT
SENT-2862,52bebecfb2a435d0e7ff2efea557c5799674ded6,ACORNが構造化条件付きのベクトル検索を扱うように、条件へ一致する文書の割合ごとにRecallと遅延も測ります。,本ガイドの基本構成では、ACORNが構造化条件付きのベクトル検索を扱うように、条件へ一致する文書の割合ごとにRecallと遅延も測ります。,"AND(ATOM(retrieval=true), ATOM(recall_metric=true))",AND,externally_cited_claim,UNCLASSIFIED,7.4.4 (docs/7.品質を評価し改善する/7.4.Retrieval評価.md:82),SRC-049,UNVERIFIED_CANDIDATE_URL_ONLY,AUTHOR_CLAIM,retrieval=true,recall_metric=true,,REWRITE_REQUIRED,権威性=候補一次資料のみ; 直接性=locator未確認; 網羅性=未支持atom=recall_metric=true; 主張極性=AUTHOR_CLAIMとして再分類; スコープ=PASS_AFTER_CONCRETE_VERSION_OR_EXPERIMENT_SCOPE; モダリティ=PASS_AFTER_CONDITIONAL_OR_REPRODUCTION_WORDING; 教材妥当性=PASS_AFTER_CONCRETE_VERSION_OR_EXPERIMENT_QUALIFIER; 形式化妥当性=FAIL_UNSUPPORTED_ATOMS:recall_metric=true。「ACORNが構造化条件付きのベクトル検索を扱うように、条件へ一致する文書の割合ごとにRecallと遅延も測ります。」の候補資料(SRC-049)はURL単位で、節・ページ・表・API見出しを独立に確認できていない。現文のFAIL_UNSUPPORTED_ATOMS:recall_metric=true、版・実験条件、資料内極性を断定せず、具体的な製品前提・ローカル定義・再現試験へ限定すれば教材内容を保持できる。,,,UNVERIFIED,原文をrevised_sentenceの具体文へ置換する。製品文は利用時点のregion/versionを受入条件へ追加し、研究文は同じ指標・比較条件で再現確認する。事実表現へ戻す場合は直接locatorを再監査する。,,,,,INCONCLUSIVE,NOT_APPLICABLE_UNPROVED,,,codex-independent-wave4,2026-08-15,INDEPENDENT_REVIEW_COMPLETE,PARTIAL_CANDIDATE_SOURCE_ONLY,FAIL_NO_DIRECT_LOCATOR,FAIL_UNSUPPORTED_ATOMS:recall_metric=true,AUTHOR_CLAIM,PASS_AFTER_CONCRETE_VERSION_OR_EXPERIMENT_SCOPE,PASS_AFTER_CONDITIONAL_OR_REPRODUCTION_WORDING,PASS_AFTER_CONCRETE_VERSION_OR_EXPERIMENT_QUALIFIER,FAIL_UNSUPPORTED_ATOMS:recall_metric=true
SENT-2867,52bebecfb2a435d0e7ff2efea557c5799674ded6,HNSWを使う場合は検索時探索幅を段階的に変え、品質と遅延の曲線を作ります。,本ガイドの基本構成では、HNSWを使う場合は検索時探索幅を段階的に変え、品質と遅延の曲線を作ります。,UNFORMALIZED,UNFORMALIZED,concrete_technology_claim,UNCLASSIFIED,7.4.5 (docs/7.品質を評価し改善する/7.4.Retrieval評価.md:92),SRC-047,UNVERIFIED_CANDIDATE_URL_ONLY,DEFINITION_OR_SPEC,,,,REWRITE_REQUIRED,権威性=候補一次資料のみ; 直接性=locator未確認; 網羅性=未支持atom=none-explicit; 主張極性=DEFINITION_OR_SPECとして再分類; スコープ=PASS_AFTER_CONCRETE_VERSION_OR_EXPERIMENT_SCOPE; モダリティ=PASS_AFTER_CONDITIONAL_OR_REPRODUCTION_WORDING; 教材妥当性=PASS_AFTER_CONCRETE_VERSION_OR_EXPERIMENT_QUALIFIER; 形式化妥当性=FAIL_UNFORMALIZED。「HNSWを使う場合は検索時探索幅を段階的に変え、品質と遅延の曲線を作ります。」の候補資料(SRC-047)はURL単位で、節・ページ・表・API見出しを独立に確認できていない。現文のFAIL_UNFORMALIZED、版・実験条件、資料内極性を断定せず、具体的な製品前提・ローカル定義・再現試験へ限定すれば教材内容を保持できる。,,,UNVERIFIED,原文をrevised_sentenceの具体文へ置換する。製品文は利用時点のregion/versionを受入条件へ追加し、研究文は同じ指標・比較条件で再現確認する。事実表現へ戻す場合は直接locatorを再監査する。,,,,,INCONCLUSIVE,NOT_APPLICABLE_UNPROVED,,,codex-independent-wave4,2026-08-15,INDEPENDENT_REVIEW_COMPLETE,PARTIAL_CANDIDATE_SOURCE_ONLY,FAIL_NO_DIRECT_LOCATOR,FAIL_UNFORMALIZED,DEFINITION_OR_SPEC,PASS_AFTER_CONCRETE_VERSION_OR_EXPERIMENT_SCOPE,PASS_AFTER_CONDITIONAL_OR_REPRODUCTION_WORDING,PASS_AFTER_CONCRETE_VERSION_OR_EXPERIMENT_QUALIFIER,FAIL_UNFORMALIZED
SENT-2872,52bebecfb2a435d0e7ff2efea557c5799674ded6,平均nDCGの差だけでなく、改善件数、悪化件数、重大事例の変化、ブートストラップ信頼区間を示します。,本ガイドの基本構成では、平均nDCGの差だけでなく、改善件数、悪化件数、重大事例の変化、ブートストラップ信頼区間を示します。,"AND(ATOM(ranking_metric=true), ATOM(empirical_result=true))",AND,empirical_or_research_claim,UNCLASSIFIED,7.4.5 (docs/7.品質を評価し改善する/7.4.Retrieval評価.md:99),SRC-002;SRC-043;SRC-047;SRC-049;SRC-064,UNVERIFIED_CANDIDATE_URL_ONLY,EMPIRICAL_RESULT,empirical_result=true,ranking_metric=true,,REWRITE_REQUIRED,権威性=候補一次資料のみ; 直接性=locator未確認; 網羅性=未支持atom=ranking_metric=true; 主張極性=EMPIRICAL_RESULTとして再分類; スコープ=PASS_AFTER_TEST_SCOPE_QUALIFICATION; モダリティ=PASS_AFTER_HYPOTHESIS_QUALIFIER; 教材妥当性=PASS_AS_EXPLICIT_TESTABLE_HYPOTHESIS; 形式化妥当性=FAIL_UNSUPPORTED_ATOMS:ranking_metric=true。「平均nDCGの差だけでなく、改善件数、悪化件数、重大事例の変化、ブートストラップ信頼区間を示します。」は候補資料(SRC-002;SRC-043;SRC-047;SRC-049;SRC-064)に直接locatorがなく、一般的事実としてはFAIL_UNSUPPORTED_ATOMS:ranking_metric=trueが残る。原文の対象と作用を維持したまま、本ガイドの構成または対象データでの検証へスコープを限定すれば教材上の検討事項を保持できる。,,,UNVERIFIED,原文をrevised_sentenceへ置換し、対象データ、比較条件、観測指標、合否閾値を同じ節に追記する。検証後に限り事実表現へ戻し、意味を保存して再形式化する。,,,,,INCONCLUSIVE,NOT_APPLICABLE_UNPROVED,,,codex-independent-wave4,2026-08-15,INDEPENDENT_REVIEW_COMPLETE,PARTIAL_CANDIDATE_SOURCE_ONLY,FAIL_NO_DIRECT_LOCATOR,FAIL_UNSUPPORTED_ATOMS:ranking_metric=true,EMPIRICAL_RESULT,PASS_AFTER_TEST_SCOPE_QUALIFICATION,PASS_AFTER_HYPOTHESIS_QUALIFIER,PASS_AS_EXPLICIT_TESTABLE_HYPOTHESIS,FAIL_UNSUPPORTED_ATOMS:ranking_metric=true
SENT-2876,52bebecfb2a435d0e7ff2efea557c5799674ded6,統計的な差があっても、費用に見合わない小さな改善は採用しない場合があります。,統計的な差があっても、費用に見合わない小さな改善は採用しない場合を想定し、その発生条件と影響を対象データで確認します。,"NOT(AND(ATOM(cost=true), ATOM(empirical_result=true)))",NOT,empirical_or_research_claim,ない;場合があります,7.4.5 (docs/7.品質を評価し改善する/7.4.Retrieval評価.md:105),SRC-066;SRC-002;SRC-043;SRC-047;SRC-049,UNVERIFIED_CANDIDATE_URL_ONLY,EMPIRICAL_RESULT,cost=true;empirical_result=true,,NOT,REWRITE_REQUIRED,権威性=候補一次資料のみ; 直接性=locator未確認; 網羅性=関係NOT自体の根拠未確認; 主張極性=EMPIRICAL_RESULTとして再分類; スコープ=PASS_AFTER_TEST_SCOPE_QUALIFICATION; モダリティ=PASS_AFTER_HYPOTHESIS_QUALIFIER; 教材妥当性=PASS_AS_EXPLICIT_TESTABLE_HYPOTHESIS; 形式化妥当性=FAIL_RELATION_NOT。「統計的な差があっても、費用に見合わない小さな改善は採用しない場合があります。」は候補資料(SRC-066;SRC-002;SRC-043;SRC-047;SRC-049)に直接locatorがなく、一般的事実としてはFAIL_RELATION_NOTが残る。原文の対象と作用を維持したまま、本ガイドの構成または対象データでの検証へスコープを限定すれば教材上の検討事項を保持できる。,,,UNVERIFIED,原文をrevised_sentenceへ置換し、対象データ、比較条件、観測指標、合否閾値を同じ節に追記する。検証後に限り事実表現へ戻し、意味を保存して再形式化する。,,,,,INCONCLUSIVE,NOT_APPLICABLE_UNPROVED,,,codex-independent-wave4,2026-08-15,INDEPENDENT_REVIEW_COMPLETE,PARTIAL_CANDIDATE_SOURCE_ONLY,FAIL_NO_DIRECT_LOCATOR,FAIL_RELATION_NOT,EMPIRICAL_RESULT,PASS_AFTER_TEST_SCOPE_QUALIFICATION,PASS_AFTER_HYPOTHESIS_QUALIFIER,PASS_AS_EXPLICIT_TESTABLE_HYPOTHESIS,FAIL_RELATION_NOT
SENT-2878,52bebecfb2a435d0e7ff2efea557c5799674ded6,検索失敗は、正解がコーパスにない、インデックスが古い、解析や分割で欠けた、埋め込みが合わない、質問変換が逸脱した、フィルターが過剰だった、順位が低かった、という原因へ分類します。,本ガイドの基本構成では、検索失敗は、正解がコーパスにない、インデックスが古い、解析や分割で欠けた、埋め込みが合わない、質問変換が逸脱した、フィルターが過剰だった、順位が低かった、という原因へ分類します。,"NOT(AND(ATOM(retrieval=true), ATOM(parsing=true)))",NOT,general_technical_claim,ない,7.4.6 (docs/7.品質を評価し改善する/7.4.Retrieval評価.md:110),SRC-110,UNVERIFIED_CANDIDATE_URL_ONLY,BACKGROUND_CITATION,retrieval=true,parsing=true,NOT,REWRITE_REQUIRED,権威性=候補一次資料のみ; 直接性=locator未確認; 網羅性=関係NOT自体の根拠未確認; 主張極性=BACKGROUND_CITATIONとして再分類; スコープ=PASS_AFTER_TEST_SCOPE_QUALIFICATION; モダリティ=PASS_AFTER_HYPOTHESIS_QUALIFIER; 教材妥当性=PASS_AS_EXPLICIT_TESTABLE_HYPOTHESIS; 形式化妥当性=FAIL_RELATION_NOT。「検索失敗は、正解がコーパスにない、インデックスが古い、解析や分割で欠けた、埋め込みが合わない、質問変換が逸脱した、フィルターが過剰だった、順位が低かった、という」は候補資料(SRC-110)に直接locatorがなく、一般的事実としてはFAIL_RELATION_NOTが残る。原文の対象と作用を維持したまま、本ガイドの構成または対象データでの検証へスコープを限定すれば教材上の検討事項を保持できる。,,,UNVERIFIED,原文をrevised_sentenceへ置換し、対象データ、比較条件、観測指標、合否閾値を同じ節に追記する。検証後に限り事実表現へ戻し、意味を保存して再形式化する。,,,,,INCONCLUSIVE,NOT_APPLICABLE_UNPROVED,,,codex-independent-wave4,2026-08-15,INDEPENDENT_REVIEW_COMPLETE,PARTIAL_CANDIDATE_SOURCE_ONLY,FAIL_NO_DIRECT_LOCATOR,FAIL_RELATION_NOT,BACKGROUND_CITATION,PASS_AFTER_TEST_SCOPE_QUALIFICATION,PASS_AFTER_HYPOTHESIS_QUALIFIER,PASS_AS_EXPLICIT_TESTABLE_HYPOTHESIS,FAIL_RELATION_NOT
SENT-2879,52bebecfb2a435d0e7ff2efea557c5799674ded6,正解文書が存在しない事例を検索モデルの再学習へ回しても解決しません。,正解文書が存在しない事例を検索モデルの再学習へ回しても解決しません。,NOT(ATOM(retrieval=true)),NOT,general_technical_claim,ません;ない,7.4.6 (docs/7.品質を評価し改善する/7.4.Retrieval評価.md:111),SRC-110,NOT_APPLICABLE_LOCAL_NORM,HYPOTHESIS,retrieval=true,,NOT,APPROPRIATE_NORMATIVE,権威性=候補一次資料のみ; 直接性=locator未確認; 網羅性=関係NOT自体の根拠未確認; 主張極性=HYPOTHESISとして再分類; スコープ=PASS_LOCAL_DESIGN_POLICY; モダリティ=PASS_AS_DISCLOSED_NORMATIVE_RULE; 教材妥当性=PASS_AFTER_EXPLICIT_CRITERIA_AND_EXCEPTION; 形式化妥当性=FAIL_RELATION_NOT。「正解文書が存在しない事例を検索モデルの再学習へ回しても解決しません。」は外的真偽の断定ではなく、対象・処理・判断を特定した設計・運用上の選択規則として読める。ただし候補資料(SRC-110)はURL単位で、直接locatorは未確認。規範の判断基準と例外を明示すれば教材として採用できる。形式面ではFAIL_RELATION_NOTを別途解消する必要がある。,禁止対象、禁止理由、代替経路を明示し、安全性・再現性・追跡性のいずれを守る規則か検査できること,禁止理由を満たす別の統制が同等以上の証拠で確認できる場合のみ例外とし、理由と期限を記録する,NOT_APPLICABLE,本文は維持し、節内に判断基準「禁止対象、禁止理由、代替経路を明示し、安全性・再現性・追跡性のいずれを守る規則か検査できること」と例外「禁止理由を満たす別の統制が同等以上の証拠で確認できる場合のみ例外とし、理由と期限を記録する」を明記する。経験的な効果保証とは分離し、意味を保存して再形式化する。,,,,,INCONCLUSIVE,NOT_APPLICABLE_UNPROVED,,,codex-independent-wave4,2026-08-15,INDEPENDENT_REVIEW_COMPLETE,PARTIAL_CANDIDATE_SOURCE_ONLY,FAIL_NO_DIRECT_LOCATOR,FAIL_RELATION_NOT,HYPOTHESIS,PASS_LOCAL_DESIGN_POLICY,PASS_AS_DISCLOSED_NORMATIVE_RULE,PASS_AFTER_EXPLICIT_CRITERIA_AND_EXCEPTION,FAIL_RELATION_NOT
SENT-2881,52bebecfb2a435d0e7ff2efea557c5799674ded6,RAGCheckerのように検索と生成を分け、生成結果が誤っていても、まず根拠が候補へ入っていたかを確認します。,本ガイドの基本構成では、RAGCheckerのように検索と生成を分け、生成結果が誤っていても、まず根拠が候補へ入っていたかを確認します。,"AND(AND(AND(ATOM(retrieval=true), ATOM(generation=true)), ATOM(evidence_support=true)), ATOM(empirical_result=true))",AND,externally_cited_claim,UNCLASSIFIED,7.4.6 (docs/7.品質を評価し改善する/7.4.Retrieval評価.md:114),SRC-110,UNVERIFIED_CANDIDATE_URL_ONLY,EMPIRICAL_RESULT,generation=true;retrieval=true,empirical_result=true;evidence_support=true,,REWRITE_REQUIRED,権威性=候補一次資料のみ; 直接性=locator未確認; 網羅性=未支持atom=empirical_result=true;evidence_support=true; 主張極性=EMPIRICAL_RESULTとして再分類; スコープ=PASS_AFTER_CONCRETE_VERSION_OR_EXPERIMENT_SCOPE; モダリティ=PASS_AFTER_CONDITIONAL_OR_REPRODUCTION_WORDING; 教材妥当性=PASS_AFTER_CONCRETE_VERSION_OR_EXPERIMENT_QUALIFIER; 形式化妥当性=FAIL_UNSUPPORTED_ATOMS:empirical_result=true;evidence_support=true。「RAGCheckerのように検索と生成を分け、生成結果が誤っていても、まず根拠が候補へ入っていたかを確認します。」の候補資料(SRC-110)はURL単位で、節・ページ・表・API見出しを独立に確認できていない。現文のFAIL_UNSUPPORTED_ATOMS:empirical_result=true;evidence_support=true、版・実験条件、資料内極性を断定せず、具体的な製品前提・ローカル定義・再現試験へ限定すれば教材内容を保持できる。,,,UNVERIFIED,原文をrevised_sentenceの具体文へ置換する。製品文は利用時点のregion/versionを受入条件へ追加し、研究文は同じ指標・比較条件で再現確認する。事実表現へ戻す場合は直接locatorを再監査する。,,,,,INCONCLUSIVE,NOT_APPLICABLE_UNPROVED,,,codex-independent-wave4,2026-08-15,INDEPENDENT_REVIEW_COMPLETE,PARTIAL_CANDIDATE_SOURCE_ONLY,FAIL_NO_DIRECT_LOCATOR,FAIL_UNSUPPORTED_ATOMS:empirical_result=true;evidence_support=true,EMPIRICAL_RESULT,PASS_AFTER_CONCRETE_VERSION_OR_EXPERIMENT_SCOPE,PASS_AFTER_CONDITIONAL_OR_REPRODUCTION_WORDING,PASS_AFTER_CONCRETE_VERSION_OR_EXPERIMENT_QUALIFIER,FAIL_UNSUPPORTED_ATOMS:empirical_result=true;evidence_support=true
SENT-2884,52bebecfb2a435d0e7ff2efea557c5799674ded6,検索後処理は、検索器が返した候補を並べ替え、絞り込み、重複除去、圧縮、配置して最終コンテキストを作ります。,本ガイドの基本構成では、検索後処理は、検索器が返した候補を並べ替え、絞り込み、重複除去、圧縮、配置して最終コンテキストを作ります。,"AND(AND(AND(ATOM(output_subset=true), ATOM(dedup=true)), ATOM(compression=true)), ATOM(retrieval=true))",AND,general_technical_claim,UNCLASSIFIED,FILE-INTRO (docs/7.品質を評価し改善する/7.5.Post-retrieval・Evidence評価.md:3),SRC-084;SRC-086;SRC-089;SRC-091;SRC-013,UNVERIFIED_CANDIDATE_URL_ONLY,BACKGROUND_CITATION,compression=true;output_subset=true;retrieval=true,dedup=true,,REWRITE_REQUIRED,権威性=候補一次資料のみ; 直接性=locator未確認; 網羅性=未支持atom=dedup=true; 主張極性=BACKGROUND_CITATIONとして再分類; スコープ=PASS_AFTER_TEST_SCOPE_QUALIFICATION; モダリティ=PASS_AFTER_HYPOTHESIS_QUALIFIER; 教材妥当性=PASS_AS_EXPLICIT_TESTABLE_HYPOTHESIS; 形式化妥当性=FAIL_UNSUPPORTED_ATOMS:dedup=true。「検索後処理は、検索器が返した候補を並べ替え、絞り込み、重複除去、圧縮、配置して最終コンテキストを作ります。」は候補資料(SRC-084;SRC-086;SRC-089;SRC-091;SRC-013)に直接locatorがなく、一般的事実としてはFAIL_UNSUPPORTED_ATOMS:dedup=trueが残る。原文の対象と作用を維持したまま、本ガイドの構成または対象データでの検証へスコープを限定すれば教材上の検討事項を保持できる。,,,UNVERIFIED,原文をrevised_sentenceへ置換し、対象データ、比較条件、観測指標、合否閾値を同じ節に追記する。検証後に限り事実表現へ戻し、意味を保存して再形式化する。,,,,,INCONCLUSIVE,NOT_APPLICABLE_UNPROVED,,,codex-independent-wave4,2026-08-15,INDEPENDENT_REVIEW_COMPLETE,PARTIAL_CANDIDATE_SOURCE_ONLY,FAIL_NO_DIRECT_LOCATOR,FAIL_UNSUPPORTED_ATOMS:dedup=true,BACKGROUND_CITATION,PASS_AFTER_TEST_SCOPE_QUALIFICATION,PASS_AFTER_HYPOTHESIS_QUALIFIER,PASS_AS_EXPLICIT_TESTABLE_HYPOTHESIS,FAIL_UNSUPPORTED_ATOMS:dedup=true
SENT-2892,52bebecfb2a435d0e7ff2efea557c5799674ded6,再順位付け器は候補の順序を詳しく付け直しますが、初期検索で拾った希少な正解を下位へ落とす場合があります。,再順位付け器は候補の順序を詳しく付け直しますが、初期検索で拾った希少な正解を下位へ落とす場合を想定し、その発生条件と影響を対象データで確認します。,UNFORMALIZED,UNFORMALIZED,general_technical_claim,場合があります,7.5.2 (docs/7.品質を評価し改善する/7.5.Post-retrieval・Evidence評価.md:19),SRC-002;SRC-005;SRC-010;SRC-013;SRC-017,UNVERIFIED_CANDIDATE_URL_ONLY,BACKGROUND_CITATION,,,,REWRITE_REQUIRED,権威性=候補一次資料のみ; 直接性=locator未確認; 網羅性=未支持atom=none-explicit; 主張極性=BACKGROUND_CITATIONとして再分類; スコープ=PASS_AFTER_TEST_SCOPE_QUALIFICATION; モダリティ=PASS_AFTER_HYPOTHESIS_QUALIFIER; 教材妥当性=PASS_AS_EXPLICIT_TESTABLE_HYPOTHESIS; 形式化妥当性=FAIL_UNFORMALIZED。「再順位付け器は候補の順序を詳しく付け直しますが、初期検索で拾った希少な正解を下位へ落とす場合があります。」は候補資料(SRC-002;SRC-005;SRC-010;SRC-013;SRC-017)に直接locatorがなく、一般的事実としてはFAIL_UNFORMALIZEDが残る。原文の対象と作用を維持したまま、本ガイドの構成または対象データでの検証へスコープを限定すれば教材上の検討事項を保持できる。,,,UNVERIFIED,原文をrevised_sentenceへ置換し、対象データ、比較条件、観測指標、合否閾値を同じ節に追記する。検証後に限り事実表現へ戻し、意味を保存して再形式化する。,,,,,INCONCLUSIVE,NOT_APPLICABLE_UNPROVED,,,codex-independent-wave4,2026-08-15,INDEPENDENT_REVIEW_COMPLETE,PARTIAL_CANDIDATE_SOURCE_ONLY,FAIL_NO_DIRECT_LOCATOR,FAIL_UNFORMALIZED,BACKGROUND_CITATION,PASS_AFTER_TEST_SCOPE_QUALIFICATION,PASS_AFTER_HYPOTHESIS_QUALIFIER,PASS_AS_EXPLICIT_TESTABLE_HYPOTHESIS,FAIL_UNFORMALIZED
SENT-2895,52bebecfb2a435d0e7ff2efea557c5799674ded6,BERTによる文書断片の再順位付けのような交差符号化器、monoT5のような系列変換モデル、LLMによるリスト比較では、計算量と再現性が異なります。,本ガイドでは、計算量と再現性がどの条件で異なるかを対象データで測定します。,NOT(ATOM(rerank=true)),NOT,externally_cited_claim,UNCLASSIFIED,7.5.2 (docs/7.品質を評価し改善する/7.5.Post-retrieval・Evidence評価.md:23),SRC-084;SRC-086,UNVERIFIED_CANDIDATE_URL_ONLY,AUTHOR_CLAIM,rerank=true,,NOT,REWRITE_REQUIRED,権威性=候補一次資料のみ; 直接性=locator未確認; 網羅性=関係NOT自体の根拠未確認; 主張極性=AUTHOR_CLAIMとして再分類; スコープ=PASS_AFTER_CONCRETE_VERSION_OR_EXPERIMENT_SCOPE; モダリティ=PASS_AFTER_CONDITIONAL_OR_REPRODUCTION_WORDING; 教材妥当性=PASS_AFTER_CONCRETE_VERSION_OR_EXPERIMENT_QUALIFIER; 形式化妥当性=FAIL_RELATION_NOT。「BERTによる文書断片の再順位付けのような交差符号化器、monoT5のような系列変換モデル、LLMによるリスト比較では、計算量と再現性が異なります。」の候補資料(SRC-084;SRC-086)はURL単位で、節・ページ・表・API見出しを独立に確認できていない。現文のFAIL_RELATION_NOT、版・実験条件、資料内極性を断定せず、具体的な製品前提・ローカル定義・再現試験へ限定すれば教材内容を保持できる。,,,UNVERIFIED,原文をrevised_sentenceの具体文へ置換する。製品文は利用時点のregion/versionを受入条件へ追加し、研究文は同じ指標・比較条件で再現確認する。事実表現へ戻す場合は直接locatorを再監査する。,,,,,INCONCLUSIVE,NOT_APPLICABLE_UNPROVED,,,codex-independent-wave4,2026-08-15,INDEPENDENT_REVIEW_COMPLETE,PARTIAL_CANDIDATE_SOURCE_ONLY,FAIL_NO_DIRECT_LOCATOR,FAIL_RELATION_NOT,AUTHOR_CLAIM,PASS_AFTER_CONCRETE_VERSION_OR_EXPERIMENT_SCOPE,PASS_AFTER_CONDITIONAL_OR_REPRODUCTION_WORDING,PASS_AFTER_CONCRETE_VERSION_OR_EXPERIMENT_QUALIFIER,FAIL_RELATION_NOT
SENT-2898,52bebecfb2a435d0e7ff2efea557c5799674ded6,全体平均が改善しても、重大な正解を落とす構成は合格にしません。,全体平均が改善しても、重大な正解を落とす構成は合格にしません。,NOT(ATOM(empirical_result=true)),NOT,empirical_or_research_claim,ません,7.5.2 (docs/7.品質を評価し改善する/7.5.Post-retrieval・Evidence評価.md:27),SRC-049;SRC-084;SRC-086,NOT_APPLICABLE_LOCAL_NORM,HYPOTHESIS,empirical_result=true,,NOT,APPROPRIATE_NORMATIVE,権威性=候補一次資料のみ; 直接性=locator未確認; 網羅性=関係NOT自体の根拠未確認; 主張極性=HYPOTHESISとして再分類; スコープ=PASS_LOCAL_DESIGN_POLICY; モダリティ=PASS_AS_DISCLOSED_NORMATIVE_RULE; 教材妥当性=PASS_AFTER_EXPLICIT_CRITERIA_AND_EXCEPTION; 形式化妥当性=FAIL_RELATION_NOT。「全体平均が改善しても、重大な正解を落とす構成は合格にしません。」は外的真偽の断定ではなく、対象・処理・判断を特定した設計・運用上の選択規則として読める。ただし候補資料(SRC-049;SRC-084;SRC-086)はURL単位で、直接locatorは未確認。規範の判断基準と例外を明示すれば教材として採用できる。形式面ではFAIL_RELATION_NOTを別途解消する必要がある。,禁止対象、禁止理由、代替経路を明示し、安全性・再現性・追跡性のいずれを守る規則か検査できること,禁止理由を満たす別の統制が同等以上の証拠で確認できる場合のみ例外とし、理由と期限を記録する,NOT_APPLICABLE,本文は維持し、節内に判断基準「禁止対象、禁止理由、代替経路を明示し、安全性・再現性・追跡性のいずれを守る規則か検査できること」と例外「禁止理由を満たす別の統制が同等以上の証拠で確認できる場合のみ例外とし、理由と期限を記録する」を明記する。経験的な効果保証とは分離し、意味を保存して再形式化する。,,,,,INCONCLUSIVE,NOT_APPLICABLE_UNPROVED,,,codex-independent-wave4,2026-08-15,INDEPENDENT_REVIEW_COMPLETE,PARTIAL_CANDIDATE_SOURCE_ONLY,FAIL_NO_DIRECT_LOCATOR,FAIL_RELATION_NOT,HYPOTHESIS,PASS_LOCAL_DESIGN_POLICY,PASS_AS_DISCLOSED_NORMATIVE_RULE,PASS_AFTER_EXPLICIT_CRITERIA_AND_EXCEPTION,FAIL_RELATION_NOT
SENT-2903,52bebecfb2a435d0e7ff2efea557c5799674ded6,ACORNのようなフィルター付き近似検索を評価するときは、最終候補だけでなく初期検索のRecallも確認します。,本ガイドでは、最終候補だけでなく初期検索のRecallも確認します。,"IMP(AND(ATOM(retrieval=true), ATOM(evaluation=true)), AND(ATOM(retrieval=true), ATOM(recall_metric=true)))",IMPLIES,externally_cited_claim,UNCLASSIFIED,7.5.2 (docs/7.品質を評価し改善する/7.5.Post-retrieval・Evidence評価.md:34),SRC-049,UNVERIFIED_CANDIDATE_URL_ONLY,EMPIRICAL_RESULT,evaluation=true;retrieval=true,recall_metric=true,IMPLIES,REWRITE_REQUIRED,権威性=候補一次資料のみ; 直接性=locator未確認; 網羅性=関係IMPLIES自体の根拠未確認; 主張極性=EMPIRICAL_RESULTとして再分類; スコープ=PASS_AFTER_CONCRETE_VERSION_OR_EXPERIMENT_SCOPE; モダリティ=PASS_AFTER_CONDITIONAL_OR_REPRODUCTION_WORDING; 教材妥当性=PASS_AFTER_CONCRETE_VERSION_OR_EXPERIMENT_QUALIFIER; 形式化妥当性=FAIL_RELATION_IMPLIES。「ACORNのようなフィルター付き近似検索を評価するときは、最終候補だけでなく初期検索のRecallも確認します。」の候補資料(SRC-049)はURL単位で、節・ページ・表・API見出しを独立に確認できていない。現文のFAIL_RELATION_IMPLIES、版・実験条件、資料内極性を断定せず、具体的な製品前提・ローカル定義・再現試験へ限定すれば教材内容を保持できる。,,,UNVERIFIED,原文をrevised_sentenceの具体文へ置換する。製品文は利用時点のregion/versionを受入条件へ追加し、研究文は同じ指標・比較条件で再現確認する。事実表現へ戻す場合は直接locatorを再監査する。,,,,,INCONCLUSIVE,NOT_APPLICABLE_UNPROVED,,,codex-independent-wave4,2026-08-15,INDEPENDENT_REVIEW_COMPLETE,PARTIAL_CANDIDATE_SOURCE_ONLY,FAIL_NO_DIRECT_LOCATOR,FAIL_RELATION_IMPLIES,EMPIRICAL_RESULT,PASS_AFTER_CONCRETE_VERSION_OR_EXPERIMENT_SCOPE,PASS_AFTER_CONDITIONAL_OR_REPRODUCTION_WORDING,PASS_AFTER_CONCRETE_VERSION_OR_EXPERIMENT_QUALIFIER,FAIL_RELATION_IMPLIES
SENT-2906,52bebecfb2a435d0e7ff2efea557c5799674ded6,重複除去の目的は、情報の範囲を保ちながら同じ内容が占めるトークンを減らすことです。,本ガイドでは、重複除去の目的を「情報の範囲を保ちながら同じ内容が占めるトークンを減らすこと」として用います。,ATOM(dedup=true),ATOM,general_technical_claim,UNCLASSIFIED,7.5.3 (docs/7.品質を評価し改善する/7.5.Post-retrieval・Evidence評価.md:41),SRC-002;SRC-005;SRC-010;SRC-013;SRC-017,NOT_APPLICABLE_LOCAL_NORM,DEFINITION_OR_SPEC,,dedup=true,,APPROPRIATE_NORMATIVE,権威性=候補一次資料のみ; 直接性=locator未確認; 網羅性=未支持atom=dedup=true; 主張極性=DEFINITION_OR_SPECとして再分類; スコープ=PASS_AFTER_LOCAL_GUIDE_SCOPE; モダリティ=PASS_AFTER_DEFINITION_QUALIFIER; 教材妥当性=PASS_AFTER_LOCAL_DEFINITION_QUALIFIER; 形式化妥当性=FAIL_UNSUPPORTED_ATOMS:dedup=true。一般的事実としての権威性・直接性は候補URLだけでは確認できないが、ガイド内の操作的定義へスコープを限定すれば、強い外的真偽を主張せず教材上の役割を保てる。形式面ではFAIL_UNSUPPORTED_ATOMS:dedup=trueが残る。,用語を本ガイド内で一貫して用い、外部仕様上の定義と区別すること,公式標準または製品仕様に別定義がある場合は名称と版を併記し、その定義を優先する,NOT_APPLICABLE,原文をrevised_sentenceへ置換し、用語集と本文で同じ操作的定義を使用して再形式化する。,,,,,INCONCLUSIVE,NOT_APPLICABLE_UNPROVED,,,codex-independent-wave4,2026-08-15,INDEPENDENT_REVIEW_COMPLETE,PARTIAL_CANDIDATE_SOURCE_ONLY,FAIL_NO_DIRECT_LOCATOR,FAIL_UNSUPPORTED_ATOMS:dedup=true,DEFINITION_OR_SPEC,PASS_AFTER_LOCAL_GUIDE_SCOPE,PASS_AFTER_DEFINITION_QUALIFIER,PASS_AFTER_LOCAL_DEFINITION_QUALIFIER,FAIL_UNSUPPORTED_ATOMS:dedup=true
SENT-2907,52bebecfb2a435d0e7ff2efea557c5799674ded6,完全一致、ほぼ一致、隣接チャンクの重なり、新旧版の重複を分けて検出します。,本ガイドの基本構成では、完全一致、ほぼ一致、隣接チャンクの重なり、新旧版の重複を分けて検出します。,UNFORMALIZED,UNFORMALIZED,general_technical_claim,UNCLASSIFIED,7.5.3 (docs/7.品質を評価し改善する/7.5.Post-retrieval・Evidence評価.md:42),SRC-002;SRC-005;SRC-010;SRC-013;SRC-017,UNVERIFIED_CANDIDATE_URL_ONLY,BACKGROUND_CITATION,,,,REWRITE_REQUIRED,権威性=候補一次資料のみ; 直接性=locator未確認; 網羅性=未支持atom=none-explicit; 主張極性=BACKGROUND_CITATIONとして再分類; スコープ=PASS_AFTER_TEST_SCOPE_QUALIFICATION; モダリティ=PASS_AFTER_HYPOTHESIS_QUALIFIER; 教材妥当性=PASS_AS_EXPLICIT_TESTABLE_HYPOTHESIS; 形式化妥当性=FAIL_UNFORMALIZED。「完全一致、ほぼ一致、隣接チャンクの重なり、新旧版の重複を分けて検出します。」は候補資料(SRC-002;SRC-005;SRC-010;SRC-013;SRC-017)に直接locatorがなく、一般的事実としてはFAIL_UNFORMALIZEDが残る。原文の対象と作用を維持したまま、本ガイドの構成または対象データでの検証へスコープを限定すれば教材上の検討事項を保持できる。,,,UNVERIFIED,原文をrevised_sentenceへ置換し、対象データ、比較条件、観測指標、合否閾値を同じ節に追記する。検証後に限り事実表現へ戻し、意味を保存して再形式化する。,,,,,INCONCLUSIVE,NOT_APPLICABLE_UNPROVED,,,codex-independent-wave4,2026-08-15,INDEPENDENT_REVIEW_COMPLETE,PARTIAL_CANDIDATE_SOURCE_ONLY,FAIL_NO_DIRECT_LOCATOR,FAIL_UNFORMALIZED,BACKGROUND_CITATION,PASS_AFTER_TEST_SCOPE_QUALIFICATION,PASS_AFTER_HYPOTHESIS_QUALIFIER,PASS_AS_EXPLICIT_TESTABLE_HYPOTHESIS,FAIL_UNFORMALIZED
SENT-2909,52bebecfb2a435d0e7ff2efea557c5799674ded6,MMRは、質問との関連性と、すでに選んだ候補との非類似性を組み合わせて候補を選びます。,本ガイドでは、質問との関連性と、すでに選んだ候補との非類似性を組み合わせて候補を選びます。,UNFORMALIZED,UNFORMALIZED,externally_cited_claim,UNCLASSIFIED,7.5.3 (docs/7.品質を評価し改善する/7.5.Post-retrieval・Evidence評価.md:45),SRC-082,UNVERIFIED_CANDIDATE_URL_ONLY,AUTHOR_CLAIM,,,,REWRITE_REQUIRED,権威性=候補一次資料のみ; 直接性=locator未確認; 網羅性=未支持atom=none-explicit; 主張極性=AUTHOR_CLAIMとして再分類; スコープ=PASS_AFTER_CONCRETE_VERSION_OR_EXPERIMENT_SCOPE; モダリティ=PASS_AFTER_CONDITIONAL_OR_REPRODUCTION_WORDING; 教材妥当性=PASS_AFTER_CONCRETE_VERSION_OR_EXPERIMENT_QUALIFIER; 形式化妥当性=FAIL_UNFORMALIZED。「MMRは、質問との関連性と、すでに選んだ候補との非類似性を組み合わせて候補を選びます。」の候補資料(SRC-082)はURL単位で、節・ページ・表・API見出しを独立に確認できていない。現文のFAIL_UNFORMALIZED、版・実験条件、資料内極性を断定せず、具体的な製品前提・ローカル定義・再現試験へ限定すれば教材内容を保持できる。,,,UNVERIFIED,原文をrevised_sentenceの具体文へ置換する。製品文は利用時点のregion/versionを受入条件へ追加し、研究文は同じ指標・比較条件で再現確認する。事実表現へ戻す場合は直接locatorを再監査する。,,,,,INCONCLUSIVE,NOT_APPLICABLE_UNPROVED,,,codex-independent-wave4,2026-08-15,INDEPENDENT_REVIEW_COMPLETE,PARTIAL_CANDIDATE_SOURCE_ONLY,FAIL_NO_DIRECT_LOCATOR,FAIL_UNFORMALIZED,AUTHOR_CLAIM,PASS_AFTER_CONCRETE_VERSION_OR_EXPERIMENT_SCOPE,PASS_AFTER_CONDITIONAL_OR_REPRODUCTION_WORDING,PASS_AFTER_CONCRETE_VERSION_OR_EXPERIMENT_QUALIFIER,FAIL_UNFORMALIZED
SENT-2911,52bebecfb2a435d0e7ff2efea557c5799674ded6,複数チャンクを代表一件へまとめる場合も、元の文書IDと位置をすべて保持します。,複数チャンクを代表一件へまとめる場合も、元の文書IDと位置をすべて保持します。,UNFORMALIZED,UNFORMALIZED,general_technical_claim,すべて,7.5.3 (docs/7.品質を評価し改善する/7.5.Post-retrieval・Evidence評価.md:48),SRC-002;SRC-005;SRC-010;SRC-013;SRC-017,NOT_APPLICABLE_LOCAL_NORM,HYPOTHESIS,,,,APPROPRIATE_NORMATIVE,権威性=候補一次資料のみ; 直接性=locator未確認; 網羅性=未支持atom=none-explicit; 主張極性=HYPOTHESISとして再分類; スコープ=PASS_LOCAL_DESIGN_POLICY; モダリティ=PASS_AS_DISCLOSED_NORMATIVE_RULE; 教材妥当性=PASS_AFTER_EXPLICIT_CRITERIA_AND_EXCEPTION; 形式化妥当性=FAIL_UNFORMALIZED。「複数チャンクを代表一件へまとめる場合も、元の文書IDと位置をすべて保持します。」は外的真偽の断定ではなく、対象・処理・判断を特定した設計・運用上の選択規則として読める。ただし候補資料(SRC-002;SRC-005;SRC-010;SRC-013;SRC-017)はURL単位で、直接locatorは未確認。規範の判断基準と例外を明示すれば教材として採用できる。形式面ではFAIL_UNFORMALIZEDを別途解消する必要がある。,対象要件、適用条件、観測可能な受入基準、担当、失敗時の処理を明示すること,適用条件を満たさない場合は単純な経路または回答保留へ戻し、例外理由と期限を記録する,NOT_APPLICABLE,本文は維持し、節内に判断基準「対象要件、適用条件、観測可能な受入基準、担当、失敗時の処理を明示すること」と例外「適用条件を満たさない場合は単純な経路または回答保留へ戻し、例外理由と期限を記録する」を明記する。経験的な効果保証とは分離し、意味を保存して再形式化する。,,,,,INCONCLUSIVE,NOT_APPLICABLE_UNPROVED,,,codex-independent-wave4,2026-08-15,INDEPENDENT_REVIEW_COMPLETE,PARTIAL_CANDIDATE_SOURCE_ONLY,FAIL_NO_DIRECT_LOCATOR,FAIL_UNFORMALIZED,HYPOTHESIS,PASS_LOCAL_DESIGN_POLICY,PASS_AS_DISCLOSED_NORMATIVE_RULE,PASS_AFTER_EXPLICIT_CRITERIA_AND_EXCEPTION,FAIL_UNFORMALIZED
SENT-2916,52bebecfb2a435d0e7ff2efea557c5799674ded6,RECOMPとLLMLinguaは、入力を短くしながら下流タスクの性能を保つことを目指します。,本ガイドでは、入力を短くしながら下流タスクの性能を保つことを目指します。,UNFORMALIZED,UNFORMALIZED,externally_cited_claim,UNCLASSIFIED,7.5.4 (docs/7.品質を評価し改善する/7.5.Post-retrieval・Evidence評価.md:57),SRC-089;SRC-091,UNVERIFIED_CANDIDATE_URL_ONLY,AUTHOR_CLAIM,,,,REWRITE_REQUIRED,権威性=候補一次資料のみ; 直接性=locator未確認; 網羅性=未支持atom=none-explicit; 主張極性=AUTHOR_CLAIMとして再分類; スコープ=PASS_AFTER_CONCRETE_VERSION_OR_EXPERIMENT_SCOPE; モダリティ=PASS_AFTER_CONDITIONAL_OR_REPRODUCTION_WORDING; 教材妥当性=PASS_AFTER_CONCRETE_VERSION_OR_EXPERIMENT_QUALIFIER; 形式化妥当性=FAIL_UNFORMALIZED。「RECOMPとLLMLinguaは、入力を短くしながら下流タスクの性能を保つことを目指します。」の候補資料(SRC-089;SRC-091)はURL単位で、節・ページ・表・API見出しを独立に確認できていない。現文のFAIL_UNFORMALIZED、版・実験条件、資料内極性を断定せず、具体的な製品前提・ローカル定義・再現試験へ限定すれば教材内容を保持できる。,,,UNVERIFIED,原文をrevised_sentenceの具体文へ置換する。製品文は利用時点のregion/versionを受入条件へ追加し、研究文は同じ指標・比較条件で再現確認する。事実表現へ戻す場合は直接locatorを再監査する。,,,,,INCONCLUSIVE,NOT_APPLICABLE_UNPROVED,,,codex-independent-wave4,2026-08-15,INDEPENDENT_REVIEW_COMPLETE,PARTIAL_CANDIDATE_SOURCE_ONLY,FAIL_NO_DIRECT_LOCATOR,FAIL_UNFORMALIZED,AUTHOR_CLAIM,PASS_AFTER_CONCRETE_VERSION_OR_EXPERIMENT_SCOPE,PASS_AFTER_CONDITIONAL_OR_REPRODUCTION_WORDING,PASS_AFTER_CONCRETE_VERSION_OR_EXPERIMENT_QUALIFIER,FAIL_UNFORMALIZED
SENT-2920,52bebecfb2a435d0e7ff2efea557c5799674ded6,同じ根拠集合でも、順序とトークン予算の配分によって生成結果は変わります。,本ガイドの基本構成では、同じ根拠集合でも、順序とトークン予算の配分によって生成結果は変わります。,"AND(AND(ATOM(generation=true), ATOM(evidence_support=true)), ATOM(empirical_result=true))",AND,empirical_or_research_claim,UNCLASSIFIED,7.5.4 (docs/7.品質を評価し改善する/7.5.Post-retrieval・Evidence評価.md:63),SRC-089;SRC-091;SRC-035,UNVERIFIED_CANDIDATE_URL_ONLY,EMPIRICAL_RESULT,empirical_result=true;generation=true,evidence_support=true,,REWRITE_REQUIRED,権威性=候補一次資料のみ; 直接性=locator未確認; 網羅性=未支持atom=evidence_support=true; 主張極性=EMPIRICAL_RESULTとして再分類; スコープ=PASS_AFTER_TEST_SCOPE_QUALIFICATION; モダリティ=PASS_AFTER_HYPOTHESIS_QUALIFIER; 教材妥当性=PASS_AS_EXPLICIT_TESTABLE_HYPOTHESIS; 形式化妥当性=FAIL_UNSUPPORTED_ATOMS:evidence_support=true。「同じ根拠集合でも、順序とトークン予算の配分によって生成結果は変わります。」は候補資料(SRC-089;SRC-091;SRC-035)に直接locatorがなく、一般的事実としてはFAIL_UNSUPPORTED_ATOMS:evidence_support=trueが残る。原文の対象と作用を維持したまま、本ガイドの構成または対象データでの検証へスコープを限定すれば教材上の検討事項を保持できる。,,,UNVERIFIED,原文をrevised_sentenceへ置換し、対象データ、比較条件、観測指標、合否閾値を同じ節に追記する。検証後に限り事実表現へ戻し、意味を保存して再形式化する。,,,,,INCONCLUSIVE,NOT_APPLICABLE_UNPROVED,,,codex-independent-wave4,2026-08-15,INDEPENDENT_REVIEW_COMPLETE,PARTIAL_CANDIDATE_SOURCE_ONLY,FAIL_NO_DIRECT_LOCATOR,FAIL_UNSUPPORTED_ATOMS:evidence_support=true,EMPIRICAL_RESULT,PASS_AFTER_TEST_SCOPE_QUALIFICATION,PASS_AFTER_HYPOTHESIS_QUALIFIER,PASS_AS_EXPLICIT_TESTABLE_HYPOTHESIS,FAIL_UNSUPPORTED_ATOMS:evidence_support=true
SENT-2923,52bebecfb2a435d0e7ff2efea557c5799674ded6,Lost in the Middleは、長い入力の中央にある情報を言語モデルが利用しにくい場合を示しています。,,UNFORMALIZED,UNFORMALIZED,externally_cited_claim,UNCLASSIFIED,7.5.4 (docs/7.品質を評価し改善する/7.5.Post-retrieval・Evidence評価.md:67),SRC-035,"Liu et al. (2023), arXiv:2307.03172v3, Abstract; accepted TACL version",EMPIRICAL_RESULT,position_sensitivity=true;middle_position_degradation=true,,,APPROPRIATE_SUPPORTED,権威性=PASS_PEER_REVIEWED_PRIMARY; 直接性=PASS_DIRECT_SECTION_OR_ABSTRACT_LOCATOR; 網羅性=原文の主体・対象・関係を当該箇所が支持; 主張極性=EMPIRICAL_RESULT; スコープ=当該benchmark/datasetに限定; モダリティ=資料より強くない; 教材妥当性=研究一覧または評価定義として有用; 形式化妥当性=再生成でprojectionを更新可能。原論文Abstractはmulti-document QAとkey-value retrievalで、関連情報が長い入力の中央にあると性能が大きく低下する傾向を報告する。原文は『利用しにくい場合』と確率的に述べ、評価対象を超えて常に成立するとは断定していない。,,,SOURCE_ASSERTED,本文は維持する。source_locatorとEMPIRICAL_RESULTの極性を台帳へ反映し、当該文の意味命題と関係根拠をsentence projectionへ反映してLean台帳を再生成する。,,,,,INCONCLUSIVE,NOT_APPLICABLE_UNPROVED,,,codex-independent-wave4,2026-08-15,INDEPENDENT_REVIEW_COMPLETE,PASS_PEER_REVIEWED_PRIMARY,PASS_DIRECT_SECTION_OR_ABSTRACT_LOCATOR,PASS_ALL_CLAIM_COMPONENTS,EMPIRICAL_RESULT,PASS_BENCHMARK_OR_DATASET_SCOPE,PASS_SOURCE_ALIGNED,PASS_PRIMARY_SOURCE_DIRECTLY_CHECKED,PASS_AFTER_PROJECTION_REGENERATION
SENT-2941,52bebecfb2a435d0e7ff2efea557c5799674ded6,再順位付けでnDCGが上がる一方で情報源の多様性が失われたり、圧縮でトークンが減る一方で例外条件が消えたりするためです。,本ガイドの基本構成では、再順位付けでnDCGが上がる一方で情報源の多様性が失われたり、圧縮でトークンが減る一方で例外条件が消えたりするためです。,"AND(AND(AND(ATOM(rerank=true), ATOM(diversity=true)), ATOM(compression=true)), ATOM(ranking_metric=true))",AND,general_technical_claim,UNCLASSIFIED,7.5.6 (docs/7.品質を評価し改善する/7.5.Post-retrieval・Evidence評価.md:97),SRC-107,UNVERIFIED_CANDIDATE_URL_ONLY,BACKGROUND_CITATION,rerank=true,compression=true;diversity=true;ranking_metric=true,,REWRITE_REQUIRED,権威性=候補一次資料のみ; 直接性=locator未確認; 網羅性=未支持atom=compression=true;diversity=true;ranking_metric=true; 主張極性=BACKGROUND_CITATIONとして再分類; スコープ=PASS_AFTER_TEST_SCOPE_QUALIFICATION; モダリティ=PASS_AFTER_HYPOTHESIS_QUALIFIER; 教材妥当性=PASS_AS_EXPLICIT_TESTABLE_HYPOTHESIS; 形式化妥当性=FAIL_UNSUPPORTED_ATOMS:compression=true;diversity=true;ranking_metric=true。「再順位付けでnDCGが上がる一方で情報源の多様性が失われたり、圧縮でトークンが減る一方で例外条件が消えたりするためです。」は候補資料(SRC-107)に直接locatorがなく、一般的事実としてはFAIL_UNSUPPORTED_ATOMS:compression=true;diversity=true;ranking_metric=trueが残る。原文の対象と作用を維持したまま、本ガイドの構成または対象データでの検証へスコープを限定すれば教材上の検討事項を保持できる。,,,UNVERIFIED,原文をrevised_sentenceへ置換し、対象データ、比較条件、観測指標、合否閾値を同じ節に追記する。検証後に限り事実表現へ戻し、意味を保存して再形式化する。,,,,,INCONCLUSIVE,NOT_APPLICABLE_UNPROVED,,,codex-independent-wave4,2026-08-15,INDEPENDENT_REVIEW_COMPLETE,PARTIAL_CANDIDATE_SOURCE_ONLY,FAIL_NO_DIRECT_LOCATOR,FAIL_UNSUPPORTED_ATOMS:compression=true;diversity=true;ranking_metric=true,BACKGROUND_CITATION,PASS_AFTER_TEST_SCOPE_QUALIFICATION,PASS_AFTER_HYPOTHESIS_QUALIFIER,PASS_AS_EXPLICIT_TESTABLE_HYPOTHESIS,FAIL_UNSUPPORTED_ATOMS:compression=true;diversity=true;ranking_metric=true
SENT-2943,52bebecfb2a435d0e7ff2efea557c5799674ded6,RAGGEDが検索件数と生成モデルのノイズへの強さの関係を調べるように、構成要素単独の改善をシステム全体の改善とはみなしません。,本ガイドの基本構成では、RAGGEDが検索件数と生成モデルのノイズへの強さの関係を調べるように、構成要素単独の改善をシステム全体の改善とはみなしません。,"NOT(AND(AND(ATOM(retrieval=true), ATOM(generation=true)), ATOM(empirical_result=true)))",NOT,externally_cited_claim,ません,7.5.6 (docs/7.品質を評価し改善する/7.5.Post-retrieval・Evidence評価.md:100),SRC-107,UNVERIFIED_CANDIDATE_URL_ONLY,AUTHOR_CLAIM,empirical_result=true;generation=true;retrieval=true,,NOT,REWRITE_REQUIRED,権威性=候補一次資料のみ; 直接性=locator未確認; 網羅性=関係NOT自体の根拠未確認; 主張極性=AUTHOR_CLAIMとして再分類; スコープ=PASS_AFTER_CONCRETE_VERSION_OR_EXPERIMENT_SCOPE; モダリティ=PASS_AFTER_CONDITIONAL_OR_REPRODUCTION_WORDING; 教材妥当性=PASS_AFTER_CONCRETE_VERSION_OR_EXPERIMENT_QUALIFIER; 形式化妥当性=FAIL_RELATION_NOT。「RAGGEDが検索件数と生成モデルのノイズへの強さの関係を調べるように、構成要素単独の改善をシステム全体の改善とはみなしません。」の候補資料(SRC-107)はURL単位で、節・ページ・表・API見出しを独立に確認できていない。現文のFAIL_RELATION_NOT、版・実験条件、資料内極性を断定せず、具体的な製品前提・ローカル定義・再現試験へ限定すれば教材内容を保持できる。,,,UNVERIFIED,原文をrevised_sentenceの具体文へ置換する。製品文は利用時点のregion/versionを受入条件へ追加し、研究文は同じ指標・比較条件で再現確認する。事実表現へ戻す場合は直接locatorを再監査する。,,,,,INCONCLUSIVE,NOT_APPLICABLE_UNPROVED,,,codex-independent-wave4,2026-08-15,INDEPENDENT_REVIEW_COMPLETE,PARTIAL_CANDIDATE_SOURCE_ONLY,FAIL_NO_DIRECT_LOCATOR,FAIL_RELATION_NOT,AUTHOR_CLAIM,PASS_AFTER_CONCRETE_VERSION_OR_EXPERIMENT_SCOPE,PASS_AFTER_CONDITIONAL_OR_REPRODUCTION_WORDING,PASS_AFTER_CONCRETE_VERSION_OR_EXPERIMENT_QUALIFIER,FAIL_RELATION_NOT
SENT-2946,52bebecfb2a435d0e7ff2efea557c5799674ded6,再順位付け器、圧縮器、LLMによる判定を加えると、検索後処理が遅延と費用の中心になる場合があります。,再順位付け器、圧縮器、LLMによる判定を加えると、検索後処理が遅延と費用の中心になる場合を想定し、その発生条件と影響を対象データで確認します。,UNFORMALIZED,UNFORMALIZED,general_technical_claim,場合があります,7.5.6 (docs/7.品質を評価し改善する/7.5.Post-retrieval・Evidence評価.md:105),SRC-002;SRC-005;SRC-010;SRC-013;SRC-017,UNVERIFIED_CANDIDATE_URL_ONLY,BACKGROUND_CITATION,,,,REWRITE_REQUIRED,権威性=候補一次資料のみ; 直接性=locator未確認; 網羅性=未支持atom=none-explicit; 主張極性=BACKGROUND_CITATIONとして再分類; スコープ=PASS_AFTER_TEST_SCOPE_QUALIFICATION; モダリティ=PASS_AFTER_HYPOTHESIS_QUALIFIER; 教材妥当性=PASS_AS_EXPLICIT_TESTABLE_HYPOTHESIS; 形式化妥当性=FAIL_UNFORMALIZED。「再順位付け器、圧縮器、LLMによる判定を加えると、検索後処理が遅延と費用の中心になる場合があります。」は候補資料(SRC-002;SRC-005;SRC-010;SRC-013;SRC-017)に直接locatorがなく、一般的事実としてはFAIL_UNFORMALIZEDが残る。原文の対象と作用を維持したまま、本ガイドの構成または対象データでの検証へスコープを限定すれば教材上の検討事項を保持できる。,,,UNVERIFIED,原文をrevised_sentenceへ置換し、対象データ、比較条件、観測指標、合否閾値を同じ節に追記する。検証後に限り事実表現へ戻し、意味を保存して再形式化する。,,,,,INCONCLUSIVE,NOT_APPLICABLE_UNPROVED,,,codex-independent-wave4,2026-08-15,INDEPENDENT_REVIEW_COMPLETE,PARTIAL_CANDIDATE_SOURCE_ONLY,FAIL_NO_DIRECT_LOCATOR,FAIL_UNFORMALIZED,BACKGROUND_CITATION,PASS_AFTER_TEST_SCOPE_QUALIFICATION,PASS_AFTER_HYPOTHESIS_QUALIFIER,PASS_AS_EXPLICIT_TESTABLE_HYPOTHESIS,FAIL_UNFORMALIZED
SENT-2949,52bebecfb2a435d0e7ff2efea557c5799674ded6,圧縮による生成費用の削減が、圧縮モデルの追加費用を上回るかを確認します。,圧縮による生成費用の削減が、圧縮モデルの追加費用を上回るかを確認します。,"AND(AND(AND(ATOM(compression=true), ATOM(generation=true)), ATOM(cost=true)), ATOM(empirical_result=true))",AND,empirical_or_research_claim,UNCLASSIFIED,7.5.6 (docs/7.品質を評価し改善する/7.5.Post-retrieval・Evidence評価.md:109),SRC-107,NOT_APPLICABLE_LOCAL_NORM,HYPOTHESIS,empirical_result=true;generation=true,compression=true;cost=true,,APPROPRIATE_NORMATIVE,権威性=候補一次資料のみ; 直接性=locator未確認; 網羅性=未支持atom=compression=true;cost=true; 主張極性=HYPOTHESISとして再分類; スコープ=PASS_LOCAL_DESIGN_POLICY; モダリティ=PASS_AS_DISCLOSED_NORMATIVE_RULE; 教材妥当性=PASS_AFTER_EXPLICIT_CRITERIA_AND_EXCEPTION; 形式化妥当性=FAIL_UNSUPPORTED_ATOMS:compression=true;cost=true。「圧縮による生成費用の削減が、圧縮モデルの追加費用を上回るかを確認します。」は外的真偽の断定ではなく、対象・処理・判断を特定した設計・運用上の選択規則として読める。ただし候補資料(SRC-107)はURL単位で、直接locatorは未確認。規範の判断基準と例外を明示すれば教材として採用できる。形式面ではFAIL_UNSUPPORTED_ATOMS:compression=true;cost=trueを別途解消する必要がある。,対象データ・負荷・モデルで比較し、品質指標、p95遅延、費用の受入閾値を事前に定義すること,数値は初期候補とし、データ量、モデル、リージョン、負荷が異なる場合は再測定して変更する,NOT_APPLICABLE,本文は維持し、節内に判断基準「対象データ・負荷・モデルで比較し、品質指標、p95遅延、費用の受入閾値を事前に定義すること」と例外「数値は初期候補とし、データ量、モデル、リージョン、負荷が異なる場合は再測定して変更する」を明記する。経験的な効果保証とは分離し、意味を保存して再形式化する。,,,,,INCONCLUSIVE,NOT_APPLICABLE_UNPROVED,,,codex-independent-wave4,2026-08-15,INDEPENDENT_REVIEW_COMPLETE,PARTIAL_CANDIDATE_SOURCE_ONLY,FAIL_NO_DIRECT_LOCATOR,FAIL_UNSUPPORTED_ATOMS:compression=true;cost=true,HYPOTHESIS,PASS_LOCAL_DESIGN_POLICY,PASS_AS_DISCLOSED_NORMATIVE_RULE,PASS_AFTER_EXPLICIT_CRITERIA_AND_EXCEPTION,FAIL_UNSUPPORTED_ATOMS:compression=true;cost=true
SENT-2950,52bebecfb2a435d0e7ff2efea557c5799674ded6,再順位付け候補を増やしたときのRecall改善も、増加した遅延と対にして判断します。,再順位付け候補を増やしたときのRecall改善も、増加した遅延と対にして判断します。,"IMP(ATOM(rerank=true), AND(ATOM(recall_metric=true), ATOM(empirical_result=true)))",IMPLIES,empirical_or_research_claim,UNCLASSIFIED,7.5.6 (docs/7.品質を評価し改善する/7.5.Post-retrieval・Evidence評価.md:110),SRC-107,NOT_APPLICABLE_LOCAL_NORM,HYPOTHESIS,empirical_result=true;rerank=true,recall_metric=true,IMPLIES,APPROPRIATE_NORMATIVE,権威性=候補一次資料のみ; 直接性=locator未確認; 網羅性=関係IMPLIES自体の根拠未確認; 主張極性=HYPOTHESISとして再分類; スコープ=PASS_LOCAL_DESIGN_POLICY; モダリティ=PASS_AS_DISCLOSED_NORMATIVE_RULE; 教材妥当性=PASS_AFTER_EXPLICIT_CRITERIA_AND_EXCEPTION; 形式化妥当性=FAIL_RELATION_IMPLIES。「再順位付け候補を増やしたときのRecall改善も、増加した遅延と対にして判断します。」は外的真偽の断定ではなく、対象・処理・判断を特定した設計・運用上の選択規則として読める。ただし候補資料(SRC-107)はURL単位で、直接locatorは未確認。規範の判断基準と例外を明示すれば教材として採用できる。形式面ではFAIL_RELATION_IMPLIESを別途解消する必要がある。,前件を観測可能な条件として定義し、後件の選択理由、代替経路、終了条件を記録すること,前件が成立しない場合、または単純な経路が受入基準を満たす場合は後件を強制しない,NOT_APPLICABLE,本文は維持し、節内に判断基準「前件を観測可能な条件として定義し、後件の選択理由、代替経路、終了条件を記録すること」と例外「前件が成立しない場合、または単純な経路が受入基準を満たす場合は後件を強制しない」を明記する。経験的な効果保証とは分離し、意味を保存して再形式化する。,,,,,INCONCLUSIVE,NOT_APPLICABLE_UNPROVED,,,codex-independent-wave4,2026-08-15,INDEPENDENT_REVIEW_COMPLETE,PARTIAL_CANDIDATE_SOURCE_ONLY,FAIL_NO_DIRECT_LOCATOR,FAIL_RELATION_IMPLIES,HYPOTHESIS,PASS_LOCAL_DESIGN_POLICY,PASS_AS_DISCLOSED_NORMATIVE_RULE,PASS_AFTER_EXPLICIT_CRITERIA_AND_EXCEPTION,FAIL_RELATION_IMPLIES
SENT-2965,52bebecfb2a435d0e7ff2efea557c5799674ded6,複数回実行する場合は回数と抽出条件をそろえ、平均だけでなく得点の分散と重大な失敗の発生回数を報告します。,複数回実行する場合は回数と抽出条件をそろえ、平均だけでなく得点の分散と重大な失敗の発生回数を報告します。,UNFORMALIZED,UNFORMALIZED,empirical_or_research_claim,UNCLASSIFIED,7.6.1 (docs/7.品質を評価し改善する/7.6.Generation評価.md:15),SRC-002;SRC-005;SRC-010;SRC-013;SRC-017,NOT_APPLICABLE_LOCAL_NORM,HYPOTHESIS,,,,APPROPRIATE_NORMATIVE,権威性=候補一次資料のみ; 直接性=locator未確認; 網羅性=未支持atom=none-explicit; 主張極性=HYPOTHESISとして再分類; スコープ=PASS_LOCAL_DESIGN_POLICY; モダリティ=PASS_AS_DISCLOSED_NORMATIVE_RULE; 教材妥当性=PASS_AFTER_EXPLICIT_CRITERIA_AND_EXCEPTION; 形式化妥当性=FAIL_UNFORMALIZED。「複数回実行する場合は回数と抽出条件をそろえ、平均だけでなく得点の分散と重大な失敗の発生回数を報告します。」は外的真偽の断定ではなく、対象・処理・判断を特定した設計・運用上の選択規則として読める。ただし候補資料(SRC-002;SRC-005;SRC-010;SRC-013;SRC-017)はURL単位で、直接locatorは未確認。規範の判断基準と例外を明示すれば教材として採用できる。形式面ではFAIL_UNFORMALIZEDを別途解消する必要がある。,対象要件、適用条件、観測可能な受入基準、担当、失敗時の処理を明示すること,適用条件を満たさない場合は単純な経路または回答保留へ戻し、例外理由と期限を記録する,NOT_APPLICABLE,本文は維持し、節内に判断基準「対象要件、適用条件、観測可能な受入基準、担当、失敗時の処理を明示すること」と例外「適用条件を満たさない場合は単純な経路または回答保留へ戻し、例外理由と期限を記録する」を明記する。経験的な効果保証とは分離し、意味を保存して再形式化する。,,,,,INCONCLUSIVE,NOT_APPLICABLE_UNPROVED,,,codex-independent-wave4,2026-08-15,INDEPENDENT_REVIEW_COMPLETE,PARTIAL_CANDIDATE_SOURCE_ONLY,FAIL_NO_DIRECT_LOCATOR,FAIL_UNFORMALIZED,HYPOTHESIS,PASS_LOCAL_DESIGN_POLICY,PASS_AS_DISCLOSED_NORMATIVE_RULE,PASS_AFTER_EXPLICIT_CRITERIA_AND_EXCEPTION,FAIL_UNFORMALIZED
SENT-2981,52bebecfb2a435d0e7ff2efea557c5799674ded6,RAGASは根拠忠実性をRAG評価の軸として扱い、RAGTruthは検索拡張回答に含まれる支持なしや矛盾した生成を分類しています。,本ガイドの基本構成では、RAGASは根拠忠実性をRAG評価の軸として扱い、RAGTruthは検索拡張回答に含まれる支持なしや矛盾した生成を分類しています。,"AND(AND(AND(ATOM(retrieval=true), ATOM(generation=true)), ATOM(evidence_support=true)), ATOM(evaluation=true))",AND,externally_cited_claim,UNCLASSIFIED,7.6.2 (docs/7.品質を評価し改善する/7.6.Generation評価.md:41),SRC-112;SRC-090,UNVERIFIED_CANDIDATE_URL_ONLY,EMPIRICAL_RESULT,evaluation=true;generation=true;retrieval=true,evidence_support=true,,REWRITE_REQUIRED,権威性=候補一次資料のみ; 直接性=locator未確認; 網羅性=未支持atom=evidence_support=true; 主張極性=EMPIRICAL_RESULTとして再分類; スコープ=PASS_AFTER_CONCRETE_VERSION_OR_EXPERIMENT_SCOPE; モダリティ=PASS_AFTER_CONDITIONAL_OR_REPRODUCTION_WORDING; 教材妥当性=PASS_AFTER_CONCRETE_VERSION_OR_EXPERIMENT_QUALIFIER; 形式化妥当性=FAIL_UNSUPPORTED_ATOMS:evidence_support=true。「RAGASは根拠忠実性をRAG評価の軸として扱い、RAGTruthは検索拡張回答に含まれる支持なしや矛盾した生成を分類しています。」の候補資料(SRC-112;SRC-090)はURL単位で、節・ページ・表・API見出しを独立に確認できていない。現文のFAIL_UNSUPPORTED_ATOMS:evidence_support=true、版・実験条件、資料内極性を断定せず、具体的な製品前提・ローカル定義・再現試験へ限定すれば教材内容を保持できる。,,,UNVERIFIED,原文をrevised_sentenceの具体文へ置換する。製品文は利用時点のregion/versionを受入条件へ追加し、研究文は同じ指標・比較条件で再現確認する。事実表現へ戻す場合は直接locatorを再監査する。,,,,,INCONCLUSIVE,NOT_APPLICABLE_UNPROVED,,,codex-independent-wave4,2026-08-15,INDEPENDENT_REVIEW_COMPLETE,PARTIAL_CANDIDATE_SOURCE_ONLY,FAIL_NO_DIRECT_LOCATOR,FAIL_UNSUPPORTED_ATOMS:evidence_support=true,EMPIRICAL_RESULT,PASS_AFTER_CONCRETE_VERSION_OR_EXPERIMENT_SCOPE,PASS_AFTER_CONDITIONAL_OR_REPRODUCTION_WORDING,PASS_AFTER_CONCRETE_VERSION_OR_EXPERIMENT_QUALIFIER,FAIL_UNSUPPORTED_ATOMS:evidence_support=true
SENT-2982,52bebecfb2a435d0e7ff2efea557c5799674ded6,モデルの内部知識から見て正しい文でも、提示した根拠で確認できなければ、根拠性の評価では支持なしとします。,モデルの内部知識から見て正しい文でも、提示した根拠で確認できなければ、根拠性の評価では支持なしとします。,"AND(AND(ATOM(parametric_memory=true), ATOM(evidence_support=true)), ATOM(evaluation=true))",AND,empirical_or_research_claim,UNCLASSIFIED,7.6.2 (docs/7.品質を評価し改善する/7.6.Generation評価.md:42),SRC-112;SRC-090,NOT_APPLICABLE_LOCAL_NORM,HYPOTHESIS,evaluation=true,evidence_support=true;parametric_memory=true,,APPROPRIATE_NORMATIVE,権威性=候補一次資料のみ; 直接性=locator未確認; 網羅性=未支持atom=evidence_support=true;parametric_memory=true; 主張極性=HYPOTHESISとして再分類; スコープ=PASS_LOCAL_DESIGN_POLICY; モダリティ=PASS_AS_DISCLOSED_NORMATIVE_RULE; 教材妥当性=PASS_AFTER_EXPLICIT_CRITERIA_AND_EXCEPTION; 形式化妥当性=FAIL_UNSUPPORTED_ATOMS:evidence_support=true;parametric_memory=true。「モデルの内部知識から見て正しい文でも、提示した根拠で確認できなければ、根拠性の評価では支持なしとします。」は外的真偽の断定ではなく、対象・処理・判断を特定した設計・運用上の選択規則として読める。ただし候補資料(SRC-112;SRC-090)はURL単位で、直接locatorは未確認。規範の判断基準と例外を明示すれば教材として採用できる。形式面ではFAIL_UNSUPPORTED_ATOMS:evidence_support=true;parametric_memory=trueを別途解消する必要がある。,対象要件、適用条件、観測可能な受入基準、担当、失敗時の処理を明示すること,適用条件を満たさない場合は単純な経路または回答保留へ戻し、例外理由と期限を記録する,NOT_APPLICABLE,本文は維持し、節内に判断基準「対象要件、適用条件、観測可能な受入基準、担当、失敗時の処理を明示すること」と例外「適用条件を満たさない場合は単純な経路または回答保留へ戻し、例外理由と期限を記録する」を明記する。経験的な効果保証とは分離し、意味を保存して再形式化する。,,,,,INCONCLUSIVE,NOT_APPLICABLE_UNPROVED,,,codex-independent-wave4,2026-08-15,INDEPENDENT_REVIEW_COMPLETE,PARTIAL_CANDIDATE_SOURCE_ONLY,FAIL_NO_DIRECT_LOCATOR,FAIL_UNSUPPORTED_ATOMS:evidence_support=true;parametric_memory=true,HYPOTHESIS,PASS_LOCAL_DESIGN_POLICY,PASS_AS_DISCLOSED_NORMATIVE_RULE,PASS_AFTER_EXPLICIT_CRITERIA_AND_EXCEPTION,FAIL_UNSUPPORTED_ATOMS:evidence_support=true;parametric_memory=true
SENT-2995,52bebecfb2a435d0e7ff2efea557c5799674ded6,ALCEとAttributable to Identified Sourcesの研究が示すように、情報源が存在することと、その情報源が主張を支えることは同じではありません。,本ガイドの基本構成では、ALCEとAttributable to Identified Sourcesの研究が示すように、情報源が存在することと、その情報源が主張を支えることは同じではありません。,UNFORMALIZED,UNFORMALIZED,externally_cited_claim,ません,7.6.3 (docs/7.品質を評価し改善する/7.6.Generation評価.md:64),SRC-037;SRC-102,UNVERIFIED_CANDIDATE_URL_ONLY,AUTHOR_CLAIM,,,,REWRITE_REQUIRED,権威性=候補一次資料のみ; 直接性=locator未確認; 網羅性=未支持atom=none-explicit; 主張極性=AUTHOR_CLAIMとして再分類; スコープ=PASS_AFTER_CONCRETE_VERSION_OR_EXPERIMENT_SCOPE; モダリティ=PASS_AFTER_CONDITIONAL_OR_REPRODUCTION_WORDING; 教材妥当性=PASS_AFTER_CONCRETE_VERSION_OR_EXPERIMENT_QUALIFIER; 形式化妥当性=FAIL_UNFORMALIZED。「ALCEとAttributable to Identified Sourcesの研究が示すように、情報源が存在することと、その情報源が主張を支えることは同じでは」の候補資料(SRC-037;SRC-102)はURL単位で、節・ページ・表・API見出しを独立に確認できていない。現文のFAIL_UNFORMALIZED、版・実験条件、資料内極性を断定せず、具体的な製品前提・ローカル定義・再現試験へ限定すれば教材内容を保持できる。,,,UNVERIFIED,原文をrevised_sentenceの具体文へ置換する。製品文は利用時点のregion/versionを受入条件へ追加し、研究文は同じ指標・比較条件で再現確認する。事実表現へ戻す場合は直接locatorを再監査する。,,,,,INCONCLUSIVE,NOT_APPLICABLE_UNPROVED,,,codex-independent-wave4,2026-08-15,INDEPENDENT_REVIEW_COMPLETE,PARTIAL_CANDIDATE_SOURCE_ONLY,FAIL_NO_DIRECT_LOCATOR,FAIL_UNFORMALIZED,AUTHOR_CLAIM,PASS_AFTER_CONCRETE_VERSION_OR_EXPERIMENT_SCOPE,PASS_AFTER_CONDITIONAL_OR_REPRODUCTION_WORDING,PASS_AFTER_CONCRETE_VERSION_OR_EXPERIMENT_QUALIFIER,FAIL_UNFORMALIZED
SENT-3002,52bebecfb2a435d0e7ff2efea557c5799674ded6,一般的な接続文や明らかに検証不要な案内へ大量の引用を付けることは、網羅性の改善には数えません。,本ガイドの基本構成では、一般的な接続文や明らかに検証不要な案内へ大量の引用を付けることは、網羅性の改善には数えません。,"NOT(AND(AND(ATOM(citation=true), ATOM(verification=true)), ATOM(empirical_result=true)))",NOT,empirical_or_research_claim,ません,7.6.3 (docs/7.品質を評価し改善する/7.6.Generation評価.md:74),SRC-037;SRC-102,UNVERIFIED_CANDIDATE_URL_ONLY,EMPIRICAL_RESULT,citation=true;empirical_result=true,verification=true,NOT,REWRITE_REQUIRED,権威性=候補一次資料のみ; 直接性=locator未確認; 網羅性=関係NOT自体の根拠未確認; 主張極性=EMPIRICAL_RESULTとして再分類; スコープ=PASS_AFTER_TEST_SCOPE_QUALIFICATION; モダリティ=PASS_AFTER_HYPOTHESIS_QUALIFIER; 教材妥当性=PASS_AS_EXPLICIT_TESTABLE_HYPOTHESIS; 形式化妥当性=FAIL_RELATION_NOT。「一般的な接続文や明らかに検証不要な案内へ大量の引用を付けることは、網羅性の改善には数えません。」は候補資料(SRC-037;SRC-102)に直接locatorがなく、一般的事実としてはFAIL_RELATION_NOTが残る。原文の対象と作用を維持したまま、本ガイドの構成または対象データでの検証へスコープを限定すれば教材上の検討事項を保持できる。,,,UNVERIFIED,原文をrevised_sentenceへ置換し、対象データ、比較条件、観測指標、合否閾値を同じ節に追記する。検証後に限り事実表現へ戻し、意味を保存して再形式化する。,,,,,INCONCLUSIVE,NOT_APPLICABLE_UNPROVED,,,codex-independent-wave4,2026-08-15,INDEPENDENT_REVIEW_COMPLETE,PARTIAL_CANDIDATE_SOURCE_ONLY,FAIL_NO_DIRECT_LOCATOR,FAIL_RELATION_NOT,EMPIRICAL_RESULT,PASS_AFTER_TEST_SCOPE_QUALIFICATION,PASS_AFTER_HYPOTHESIS_QUALIFIER,PASS_AS_EXPLICIT_TESTABLE_HYPOTHESIS,FAIL_RELATION_NOT
SENT-3008,52bebecfb2a435d0e7ff2efea557c5799674ded6,G-EvalのようにLLMで採点する場合は、点数ごとの代表例を用意し、人手評価との一致を確認します。,本ガイドでは、点数ごとの代表例を用意し、人手評価との一致を確認します。,UNFORMALIZED,UNFORMALIZED,externally_cited_claim,UNCLASSIFIED,7.6.4 (docs/7.品質を評価し改善する/7.6.Generation評価.md:85),SRC-113,UNVERIFIED_CANDIDATE_URL_ONLY,EMPIRICAL_RESULT,,,,REWRITE_REQUIRED,権威性=候補一次資料のみ; 直接性=locator未確認; 網羅性=未支持atom=none-explicit; 主張極性=EMPIRICAL_RESULTとして再分類; スコープ=PASS_AFTER_CONCRETE_VERSION_OR_EXPERIMENT_SCOPE; モダリティ=PASS_AFTER_CONDITIONAL_OR_REPRODUCTION_WORDING; 教材妥当性=PASS_AFTER_CONCRETE_VERSION_OR_EXPERIMENT_QUALIFIER; 形式化妥当性=FAIL_UNFORMALIZED。「G-EvalのようにLLMで採点する場合は、点数ごとの代表例を用意し、人手評価との一致を確認します。」の候補資料(SRC-113)はURL単位で、節・ページ・表・API見出しを独立に確認できていない。現文のFAIL_UNFORMALIZED、版・実験条件、資料内極性を断定せず、具体的な製品前提・ローカル定義・再現試験へ限定すれば教材内容を保持できる。,,,UNVERIFIED,原文をrevised_sentenceの具体文へ置換する。製品文は利用時点のregion/versionを受入条件へ追加し、研究文は同じ指標・比較条件で再現確認する。事実表現へ戻す場合は直接locatorを再監査する。,,,,,INCONCLUSIVE,NOT_APPLICABLE_UNPROVED,,,codex-independent-wave4,2026-08-15,INDEPENDENT_REVIEW_COMPLETE,PARTIAL_CANDIDATE_SOURCE_ONLY,FAIL_NO_DIRECT_LOCATOR,FAIL_UNFORMALIZED,EMPIRICAL_RESULT,PASS_AFTER_CONCRETE_VERSION_OR_EXPERIMENT_SCOPE,PASS_AFTER_CONDITIONAL_OR_REPRODUCTION_WORDING,PASS_AFTER_CONCRETE_VERSION_OR_EXPERIMENT_QUALIFIER,FAIL_UNFORMALIZED
SENT-3009,52bebecfb2a435d0e7ff2efea557c5799674ded6,含めるべき論点と不要な部分を別々に数え、長文化を完全性の改善と誤認しないようにします。,含めるべき論点と不要な部分を別々に数え、長文化を完全性の改善と誤認しないようにします。,NOT(ATOM(empirical_result=true)),NOT,empirical_or_research_claim,ない,7.6.4 (docs/7.品質を評価し改善する/7.6.Generation評価.md:86),SRC-113,NOT_APPLICABLE_LOCAL_NORM,HYPOTHESIS,empirical_result=true,,NOT,APPROPRIATE_NORMATIVE,権威性=候補一次資料のみ; 直接性=locator未確認; 網羅性=関係NOT自体の根拠未確認; 主張極性=HYPOTHESISとして再分類; スコープ=PASS_LOCAL_DESIGN_POLICY; モダリティ=PASS_AS_DISCLOSED_NORMATIVE_RULE; 教材妥当性=PASS_AFTER_EXPLICIT_CRITERIA_AND_EXCEPTION; 形式化妥当性=FAIL_RELATION_NOT。「含めるべき論点と不要な部分を別々に数え、長文化を完全性の改善と誤認しないようにします。」は外的真偽の断定ではなく、対象・処理・判断を特定した設計・運用上の選択規則として読める。ただし候補資料(SRC-113)はURL単位で、直接locatorは未確認。規範の判断基準と例外を明示すれば教材として採用できる。形式面ではFAIL_RELATION_NOTを別途解消する必要がある。,禁止対象、禁止理由、代替経路を明示し、安全性・再現性・追跡性のいずれを守る規則か検査できること,禁止理由を満たす別の統制が同等以上の証拠で確認できる場合のみ例外とし、理由と期限を記録する,NOT_APPLICABLE,本文は維持し、節内に判断基準「禁止対象、禁止理由、代替経路を明示し、安全性・再現性・追跡性のいずれを守る規則か検査できること」と例外「禁止理由を満たす別の統制が同等以上の証拠で確認できる場合のみ例外とし、理由と期限を記録する」を明記する。経験的な効果保証とは分離し、意味を保存して再形式化する。,,,,,INCONCLUSIVE,NOT_APPLICABLE_UNPROVED,,,codex-independent-wave4,2026-08-15,INDEPENDENT_REVIEW_COMPLETE,PARTIAL_CANDIDATE_SOURCE_ONLY,FAIL_NO_DIRECT_LOCATOR,FAIL_RELATION_NOT,HYPOTHESIS,PASS_LOCAL_DESIGN_POLICY,PASS_AS_DISCLOSED_NORMATIVE_RULE,PASS_AFTER_EXPLICIT_CRITERIA_AND_EXCEPTION,FAIL_RELATION_NOT
SENT-3017,52bebecfb2a435d0e7ff2efea557c5799674ded6,SQuAD 2.0は答えのない質問を追加し、回答できるかどうかの判断も読解課題へ含めました。,本ガイドの基本構成では、SQuAD 2.0は答えのない質問を追加し、回答できるかどうかの判断も読解課題へ含めました。,"NOT(AND(ATOM(generated_terms=true), ATOM(generation=true)))",NOT,externally_cited_claim,できる;ない,7.6.4 (docs/7.品質を評価し改善する/7.6.Generation評価.md:98),SRC-101,UNVERIFIED_CANDIDATE_URL_ONLY,AUTHOR_CLAIM,generation=true,generated_terms=true,NOT,REWRITE_REQUIRED,権威性=候補一次資料のみ; 直接性=locator未確認; 網羅性=関係NOT自体の根拠未確認; 主張極性=AUTHOR_CLAIMとして再分類; スコープ=PASS_AFTER_CONCRETE_VERSION_OR_EXPERIMENT_SCOPE; モダリティ=PASS_AFTER_CONDITIONAL_OR_REPRODUCTION_WORDING; 教材妥当性=PASS_AFTER_CONCRETE_VERSION_OR_EXPERIMENT_QUALIFIER; 形式化妥当性=FAIL_RELATION_NOT。「SQuAD 2.0は答えのない質問を追加し、回答できるかどうかの判断も読解課題へ含めました。」の候補資料(SRC-101)はURL単位で、節・ページ・表・API見出しを独立に確認できていない。現文のFAIL_RELATION_NOT、版・実験条件、資料内極性を断定せず、具体的な製品前提・ローカル定義・再現試験へ限定すれば教材内容を保持できる。,,,UNVERIFIED,原文をrevised_sentenceの具体文へ置換する。製品文は利用時点のregion/versionを受入条件へ追加し、研究文は同じ指標・比較条件で再現確認する。事実表現へ戻す場合は直接locatorを再監査する。,,,,,INCONCLUSIVE,NOT_APPLICABLE_UNPROVED,,,codex-independent-wave4,2026-08-15,INDEPENDENT_REVIEW_COMPLETE,PARTIAL_CANDIDATE_SOURCE_ONLY,FAIL_NO_DIRECT_LOCATOR,FAIL_RELATION_NOT,AUTHOR_CLAIM,PASS_AFTER_CONCRETE_VERSION_OR_EXPERIMENT_SCOPE,PASS_AFTER_CONDITIONAL_OR_REPRODUCTION_WORDING,PASS_AFTER_CONCRETE_VERSION_OR_EXPERIMENT_QUALIFIER,FAIL_RELATION_NOT
SENT-3024,52bebecfb2a435d0e7ff2efea557c5799674ded6,RGBは、ノイズがあっても正しい根拠を選ぶ力、答えがない場合の拒否、複数情報の統合、事実と異なる前提を退ける力を分けて評価します。,本ガイドでは、ノイズがあっても正しい根拠を選ぶ力、答えがない場合の拒否、複数情報の統合、事実と異なる前提を退ける力を分けて評価します。,"NOT(AND(ATOM(evidence_support=true), ATOM(evaluation=true)))",NOT,externally_cited_claim,ない,7.6.5 (docs/7.品質を評価し改善する/7.6.Generation評価.md:111),SRC-109,UNVERIFIED_CANDIDATE_URL_ONLY,EMPIRICAL_RESULT,evaluation=true,evidence_support=true,NOT,REWRITE_REQUIRED,権威性=候補一次資料のみ; 直接性=locator未確認; 網羅性=関係NOT自体の根拠未確認; 主張極性=EMPIRICAL_RESULTとして再分類; スコープ=PASS_AFTER_CONCRETE_VERSION_OR_EXPERIMENT_SCOPE; モダリティ=PASS_AFTER_CONDITIONAL_OR_REPRODUCTION_WORDING; 教材妥当性=PASS_AFTER_CONCRETE_VERSION_OR_EXPERIMENT_QUALIFIER; 形式化妥当性=FAIL_RELATION_NOT。「RGBは、ノイズがあっても正しい根拠を選ぶ力、答えがない場合の拒否、複数情報の統合、事実と異なる前提を退ける力を分けて評価します。」の候補資料(SRC-109)はURL単位で、節・ページ・表・API見出しを独立に確認できていない。現文のFAIL_RELATION_NOT、版・実験条件、資料内極性を断定せず、具体的な製品前提・ローカル定義・再現試験へ限定すれば教材内容を保持できる。,,,UNVERIFIED,原文をrevised_sentenceの具体文へ置換する。製品文は利用時点のregion/versionを受入条件へ追加し、研究文は同じ指標・比較条件で再現確認する。事実表現へ戻す場合は直接locatorを再監査する。,,,,,INCONCLUSIVE,NOT_APPLICABLE_UNPROVED,,,codex-independent-wave4,2026-08-15,INDEPENDENT_REVIEW_COMPLETE,PARTIAL_CANDIDATE_SOURCE_ONLY,FAIL_NO_DIRECT_LOCATOR,FAIL_RELATION_NOT,EMPIRICAL_RESULT,PASS_AFTER_CONCRETE_VERSION_OR_EXPERIMENT_SCOPE,PASS_AFTER_CONDITIONAL_OR_REPRODUCTION_WORDING,PASS_AFTER_CONCRETE_VERSION_OR_EXPERIMENT_QUALIFIER,FAIL_RELATION_NOT
SENT-3033,52bebecfb2a435d0e7ff2efea557c5799674ded6,形式準拠を改善するプロンプト変更が、根拠忠実性や完全性を悪化させていないかも確認します。,形式準拠を改善するプロンプト変更が、根拠忠実性や完全性を悪化させていないかも確認します。,"NOT(AND(ATOM(evidence_support=true), ATOM(empirical_result=true)))",NOT,empirical_or_research_claim,ない,7.6.5 (docs/7.品質を評価し改善する/7.6.Generation評価.md:124),SRC-037;SRC-038;SRC-090;SRC-094;SRC-098,NOT_APPLICABLE_LOCAL_NORM,HYPOTHESIS,empirical_result=true;evidence_support=true,,NOT,APPROPRIATE_NORMATIVE,権威性=候補一次資料のみ; 直接性=locator未確認; 網羅性=関係NOT自体の根拠未確認; 主張極性=HYPOTHESISとして再分類; スコープ=PASS_LOCAL_DESIGN_POLICY; モダリティ=PASS_AS_DISCLOSED_NORMATIVE_RULE; 教材妥当性=PASS_AFTER_EXPLICIT_CRITERIA_AND_EXCEPTION; 形式化妥当性=FAIL_RELATION_NOT。「形式準拠を改善するプロンプト変更が、根拠忠実性や完全性を悪化させていないかも確認します。」は外的真偽の断定ではなく、対象・処理・判断を特定した設計・運用上の選択規則として読める。ただし候補資料(SRC-037;SRC-038;SRC-090;SRC-094;SRC-098)はURL単位で、直接locatorは未確認。規範の判断基準と例外を明示すれば教材として採用できる。形式面ではFAIL_RELATION_NOTを別途解消する必要がある。,禁止対象、禁止理由、代替経路を明示し、安全性・再現性・追跡性のいずれを守る規則か検査できること,禁止理由を満たす別の統制が同等以上の証拠で確認できる場合のみ例外とし、理由と期限を記録する,NOT_APPLICABLE,本文は維持し、節内に判断基準「禁止対象、禁止理由、代替経路を明示し、安全性・再現性・追跡性のいずれを守る規則か検査できること」と例外「禁止理由を満たす別の統制が同等以上の証拠で確認できる場合のみ例外とし、理由と期限を記録する」を明記する。経験的な効果保証とは分離し、意味を保存して再形式化する。,,,,,INCONCLUSIVE,NOT_APPLICABLE_UNPROVED,,,codex-independent-wave4,2026-08-15,INDEPENDENT_REVIEW_COMPLETE,PARTIAL_CANDIDATE_SOURCE_ONLY,FAIL_NO_DIRECT_LOCATOR,FAIL_RELATION_NOT,HYPOTHESIS,PASS_LOCAL_DESIGN_POLICY,PASS_AS_DISCLOSED_NORMATIVE_RULE,PASS_AFTER_EXPLICIT_CRITERIA_AND_EXCEPTION,FAIL_RELATION_NOT
SENT-3046,52bebecfb2a435d0e7ff2efea557c5799674ded6,発生頻度、重大度、業務影響を使って改善順を決め、同種の失敗が再発していないか追跡します。,本ガイドの基本構成では、発生頻度、重大度、業務影響を使って改善順を決め、同種の失敗が再発していないか追跡します。,NOT(ATOM(empirical_result=true)),NOT,empirical_or_research_claim,ない,7.6.6 (docs/7.品質を評価し改善する/7.6.Generation評価.md:145),SRC-037;SRC-038;SRC-090;SRC-094;SRC-098,UNVERIFIED_CANDIDATE_URL_ONLY,EMPIRICAL_RESULT,empirical_result=true,,NOT,REWRITE_REQUIRED,権威性=候補一次資料のみ; 直接性=locator未確認; 網羅性=関係NOT自体の根拠未確認; 主張極性=EMPIRICAL_RESULTとして再分類; スコープ=PASS_AFTER_TEST_SCOPE_QUALIFICATION; モダリティ=PASS_AFTER_HYPOTHESIS_QUALIFIER; 教材妥当性=PASS_AS_EXPLICIT_TESTABLE_HYPOTHESIS; 形式化妥当性=FAIL_RELATION_NOT。「発生頻度、重大度、業務影響を使って改善順を決め、同種の失敗が再発していないか追跡します。」は候補資料(SRC-037;SRC-038;SRC-090;SRC-094;SRC-098)に直接locatorがなく、一般的事実としてはFAIL_RELATION_NOTが残る。原文の対象と作用を維持したまま、本ガイドの構成または対象データでの検証へスコープを限定すれば教材上の検討事項を保持できる。,,,UNVERIFIED,原文をrevised_sentenceへ置換し、対象データ、比較条件、観測指標、合否閾値を同じ節に追記する。検証後に限り事実表現へ戻し、意味を保存して再形式化する。,,,,,INCONCLUSIVE,NOT_APPLICABLE_UNPROVED,,,codex-independent-wave4,2026-08-15,INDEPENDENT_REVIEW_COMPLETE,PARTIAL_CANDIDATE_SOURCE_ONLY,FAIL_NO_DIRECT_LOCATOR,FAIL_RELATION_NOT,EMPIRICAL_RESULT,PASS_AFTER_TEST_SCOPE_QUALIFICATION,PASS_AFTER_HYPOTHESIS_QUALIFIER,PASS_AS_EXPLICIT_TESTABLE_HYPOTHESIS,FAIL_RELATION_NOT
SENT-3054,52bebecfb2a435d0e7ff2efea557c5799674ded6,RAG評価のサーベイが検索と生成を含む複数の評価側面を整理するように、回答、根拠、行動、完了までの時間を同時に見ます。,本ガイドの基本構成では、RAG評価のサーベイが検索と生成を含む複数の評価側面を整理するように、回答、根拠、行動、完了までの時間を同時に見ます。,"AND(AND(AND(AND(ATOM(retrieval=true), ATOM(generation=true)), ATOM(evidence_support=true)), ATOM(temporal_freshness=true)), ATOM(evaluation=true))",AND,externally_cited_claim,UNCLASSIFIED,7.7.1 (docs/7.品質を評価し改善する/7.7.End-to-end評価.md:15),SRC-105,UNVERIFIED_CANDIDATE_URL_ONLY,EMPIRICAL_RESULT,evaluation=true;generation=true;retrieval=true,evidence_support=true;temporal_freshness=true,,REWRITE_REQUIRED,権威性=候補一次資料のみ; 直接性=locator未確認; 網羅性=未支持atom=evidence_support=true;temporal_freshness=true; 主張極性=EMPIRICAL_RESULTとして再分類; スコープ=PASS_AFTER_CONCRETE_VERSION_OR_EXPERIMENT_SCOPE; モダリティ=PASS_AFTER_CONDITIONAL_OR_REPRODUCTION_WORDING; 教材妥当性=PASS_AFTER_CONCRETE_VERSION_OR_EXPERIMENT_QUALIFIER; 形式化妥当性=FAIL_UNSUPPORTED_ATOMS:evidence_support=true;temporal_freshness=true。「RAG評価のサーベイが検索と生成を含む複数の評価側面を整理するように、回答、根拠、行動、完了までの時間を同時に見ます。」の候補資料(SRC-105)はURL単位で、節・ページ・表・API見出しを独立に確認できていない。現文のFAIL_UNSUPPORTED_ATOMS:evidence_support=true;temporal_freshness=true、版・実験条件、資料内極性を断定せず、具体的な製品前提・ローカル定義・再現試験へ限定すれば教材内容を保持できる。,,,UNVERIFIED,原文をrevised_sentenceの具体文へ置換する。製品文は利用時点のregion/versionを受入条件へ追加し、研究文は同じ指標・比較条件で再現確認する。事実表現へ戻す場合は直接locatorを再監査する。,,,,,INCONCLUSIVE,NOT_APPLICABLE_UNPROVED,,,codex-independent-wave4,2026-08-15,INDEPENDENT_REVIEW_COMPLETE,PARTIAL_CANDIDATE_SOURCE_ONLY,FAIL_NO_DIRECT_LOCATOR,FAIL_UNSUPPORTED_ATOMS:evidence_support=true;temporal_freshness=true,EMPIRICAL_RESULT,PASS_AFTER_CONCRETE_VERSION_OR_EXPERIMENT_SCOPE,PASS_AFTER_CONDITIONAL_OR_REPRODUCTION_WORDING,PASS_AFTER_CONCRETE_VERSION_OR_EXPERIMENT_QUALIFIER,FAIL_UNSUPPORTED_ATOMS:evidence_support=true;temporal_freshness=true
SENT-3059,52bebecfb2a435d0e7ff2efea557c5799674ded6,RGBのように、同じ質問でもノイズや答えの有無を変えた対照事例を作ると、特定の能力を切り分けられます。,本ガイドの基本構成では、RGBのように、同じ質問でもノイズや答えの有無を変えた対照事例を作ると、特定の能力を切り分けられます。,UNFORMALIZED,UNFORMALIZED,externally_cited_claim,UNCLASSIFIED,7.7.1 (docs/7.品質を評価し改善する/7.7.End-to-end評価.md:22),SRC-109,UNVERIFIED_CANDIDATE_URL_ONLY,AUTHOR_CLAIM,,,,REWRITE_REQUIRED,権威性=候補一次資料のみ; 直接性=locator未確認; 網羅性=未支持atom=none-explicit; 主張極性=AUTHOR_CLAIMとして再分類; スコープ=PASS_AFTER_CONCRETE_VERSION_OR_EXPERIMENT_SCOPE; モダリティ=PASS_AFTER_CONDITIONAL_OR_REPRODUCTION_WORDING; 教材妥当性=PASS_AFTER_CONCRETE_VERSION_OR_EXPERIMENT_QUALIFIER; 形式化妥当性=FAIL_UNFORMALIZED。「RGBのように、同じ質問でもノイズや答えの有無を変えた対照事例を作ると、特定の能力を切り分けられます。」の候補資料(SRC-109)はURL単位で、節・ページ・表・API見出しを独立に確認できていない。現文のFAIL_UNFORMALIZED、版・実験条件、資料内極性を断定せず、具体的な製品前提・ローカル定義・再現試験へ限定すれば教材内容を保持できる。,,,UNVERIFIED,原文をrevised_sentenceの具体文へ置換する。製品文は利用時点のregion/versionを受入条件へ追加し、研究文は同じ指標・比較条件で再現確認する。事実表現へ戻す場合は直接locatorを再監査する。,,,,,INCONCLUSIVE,NOT_APPLICABLE_UNPROVED,,,codex-independent-wave4,2026-08-15,INDEPENDENT_REVIEW_COMPLETE,PARTIAL_CANDIDATE_SOURCE_ONLY,FAIL_NO_DIRECT_LOCATOR,FAIL_UNFORMALIZED,AUTHOR_CLAIM,PASS_AFTER_CONCRETE_VERSION_OR_EXPERIMENT_SCOPE,PASS_AFTER_CONDITIONAL_OR_REPRODUCTION_WORDING,PASS_AFTER_CONCRETE_VERSION_OR_EXPERIMENT_QUALIFIER,FAIL_UNFORMALIZED
SENT-3069,52bebecfb2a435d0e7ff2efea557c5799674ded6,総合的な印象だけでは、改善先を判断できません。,本ガイドの基本構成では、総合的な印象だけでは、改善先を判断できません。,NOT(ATOM(empirical_result=true)),NOT,empirical_or_research_claim,ません,7.7.2 (docs/7.品質を評価し改善する/7.7.End-to-end評価.md:39),SRC-113,UNVERIFIED_CANDIDATE_URL_ONLY,EMPIRICAL_RESULT,empirical_result=true,,NOT,REWRITE_REQUIRED,権威性=候補一次資料のみ; 直接性=locator未確認; 網羅性=関係NOT自体の根拠未確認; 主張極性=EMPIRICAL_RESULTとして再分類; スコープ=PASS_AFTER_TEST_SCOPE_QUALIFICATION; モダリティ=PASS_AFTER_HYPOTHESIS_QUALIFIER; 教材妥当性=PASS_AS_EXPLICIT_TESTABLE_HYPOTHESIS; 形式化妥当性=FAIL_RELATION_NOT。「総合的な印象だけでは、改善先を判断できません。」は候補資料(SRC-113)に直接locatorがなく、一般的事実としてはFAIL_RELATION_NOTが残る。原文の対象と作用を維持したまま、本ガイドの構成または対象データでの検証へスコープを限定すれば教材上の検討事項を保持できる。,,,UNVERIFIED,原文をrevised_sentenceへ置換し、対象データ、比較条件、観測指標、合否閾値を同じ節に追記する。検証後に限り事実表現へ戻し、意味を保存して再形式化する。,,,,,INCONCLUSIVE,NOT_APPLICABLE_UNPROVED,,,codex-independent-wave4,2026-08-15,INDEPENDENT_REVIEW_COMPLETE,PARTIAL_CANDIDATE_SOURCE_ONLY,FAIL_NO_DIRECT_LOCATOR,FAIL_RELATION_NOT,EMPIRICAL_RESULT,PASS_AFTER_TEST_SCOPE_QUALIFICATION,PASS_AFTER_HYPOTHESIS_QUALIFIER,PASS_AS_EXPLICIT_TESTABLE_HYPOTHESIS,FAIL_RELATION_NOT
SENT-3079,52bebecfb2a435d0e7ff2efea557c5799674ded6,採点者が低い確信を示した事例や、複数採点者が一致しない事例を人へ送ります。,本ガイドの基本構成では、採点者が低い確信を示した事例や、複数採点者が一致しない事例を人へ送ります。,UNFORMALIZED,UNFORMALIZED,empirical_or_research_claim,ない,7.7.2 (docs/7.品質を評価し改善する/7.7.End-to-end評価.md:54),SRC-002;SRC-005;SRC-010;SRC-013;SRC-017,UNVERIFIED_CANDIDATE_URL_ONLY,EMPIRICAL_RESULT,,,,REWRITE_REQUIRED,権威性=候補一次資料のみ; 直接性=locator未確認; 網羅性=未支持atom=none-explicit; 主張極性=EMPIRICAL_RESULTとして再分類; スコープ=PASS_AFTER_TEST_SCOPE_QUALIFICATION; モダリティ=PASS_AFTER_HYPOTHESIS_QUALIFIER; 教材妥当性=PASS_AS_EXPLICIT_TESTABLE_HYPOTHESIS; 形式化妥当性=FAIL_UNFORMALIZED。「採点者が低い確信を示した事例や、複数採点者が一致しない事例を人へ送ります。」は候補資料(SRC-002;SRC-005;SRC-010;SRC-013;SRC-017)に直接locatorがなく、一般的事実としてはFAIL_UNFORMALIZEDが残る。原文の対象と作用を維持したまま、本ガイドの構成または対象データでの検証へスコープを限定すれば教材上の検討事項を保持できる。,,,UNVERIFIED,原文をrevised_sentenceへ置換し、対象データ、比較条件、観測指標、合否閾値を同じ節に追記する。検証後に限り事実表現へ戻し、意味を保存して再形式化する。,,,,,INCONCLUSIVE,NOT_APPLICABLE_UNPROVED,,,codex-independent-wave4,2026-08-15,INDEPENDENT_REVIEW_COMPLETE,PARTIAL_CANDIDATE_SOURCE_ONLY,FAIL_NO_DIRECT_LOCATOR,FAIL_UNFORMALIZED,EMPIRICAL_RESULT,PASS_AFTER_TEST_SCOPE_QUALIFICATION,PASS_AFTER_HYPOTHESIS_QUALIFIER,PASS_AS_EXPLICIT_TESTABLE_HYPOTHESIS,FAIL_UNFORMALIZED
SENT-3099,52bebecfb2a435d0e7ff2efea557c5799674ded6,一方、MT-BenchとChatbot Arenaの研究は、回答位置、長さ、自身と同系統のモデルを好む傾向など、LLM採点の偏りを報告しています。,回答位置、長さ、自身と同系統のモデルを好む傾向など、LLM採点の偏りが対象データでも再現するかを、同じ比較条件と指標で確認します。,"AND(ATOM(generation=true), ATOM(empirical_result=true))",AND,externally_cited_claim,UNCLASSIFIED,7.7.2 (docs/7.品質を評価し改善する/7.7.End-to-end評価.md:83),SRC-114,UNVERIFIED_CANDIDATE_URL_ONLY,EMPIRICAL_RESULT,generation=true,empirical_result=true,,REWRITE_REQUIRED,権威性=候補一次資料のみ; 直接性=locator未確認; 網羅性=未支持atom=empirical_result=true; 主張極性=EMPIRICAL_RESULTとして再分類; スコープ=PASS_AFTER_CONCRETE_VERSION_OR_EXPERIMENT_SCOPE; モダリティ=PASS_AFTER_CONDITIONAL_OR_REPRODUCTION_WORDING; 教材妥当性=PASS_AFTER_CONCRETE_VERSION_OR_EXPERIMENT_QUALIFIER; 形式化妥当性=FAIL_UNSUPPORTED_ATOMS:empirical_result=true。「一方、MT-BenchとChatbot Arenaの研究は、回答位置、長さ、自身と同系統のモデルを好む傾向など、LLM採点の偏りを報告しています。」の候補資料(SRC-114)はURL単位で、節・ページ・表・API見出しを独立に確認できていない。現文のFAIL_UNSUPPORTED_ATOMS:empirical_result=true、版・実験条件、資料内極性を断定せず、具体的な製品前提・ローカル定義・再現試験へ限定すれば教材内容を保持できる。,,,UNVERIFIED,原文をrevised_sentenceの具体文へ置換する。製品文は利用時点のregion/versionを受入条件へ追加し、研究文は同じ指標・比較条件で再現確認する。事実表現へ戻す場合は直接locatorを再監査する。,,,,,INCONCLUSIVE,NOT_APPLICABLE_UNPROVED,,,codex-independent-wave4,2026-08-15,INDEPENDENT_REVIEW_COMPLETE,PARTIAL_CANDIDATE_SOURCE_ONLY,FAIL_NO_DIRECT_LOCATOR,FAIL_UNSUPPORTED_ATOMS:empirical_result=true,EMPIRICAL_RESULT,PASS_AFTER_CONCRETE_VERSION_OR_EXPERIMENT_SCOPE,PASS_AFTER_CONDITIONAL_OR_REPRODUCTION_WORDING,PASS_AFTER_CONCRETE_VERSION_OR_EXPERIMENT_QUALIFIER,FAIL_UNSUPPORTED_ATOMS:empirical_result=true
SENT-3138,52bebecfb2a435d0e7ff2efea557c5799674ded6,解析器やチャンク分割を変えると、正解スパンのチャンクIDが変わることがあります。,本ガイドの基本構成では、解析器やチャンク分割を変えると、正解スパンのチャンクIDが変わることがあります。,"AND(ATOM(chunking=true), ATOM(parsing=true))",AND,general_technical_claim,UNCLASSIFIED,FILE-INTRO (docs/7.品質を評価し改善する/7.8.Regression・A-B・Canary.md:9),SRC-031,UNVERIFIED_CANDIDATE_URL_ONLY,BACKGROUND_CITATION,chunking=true,parsing=true,,REWRITE_REQUIRED,権威性=候補一次資料のみ; 直接性=locator未確認; 網羅性=未支持atom=parsing=true; 主張極性=BACKGROUND_CITATIONとして再分類; スコープ=PASS_AFTER_TEST_SCOPE_QUALIFICATION; モダリティ=PASS_AFTER_HYPOTHESIS_QUALIFIER; 教材妥当性=PASS_AS_EXPLICIT_TESTABLE_HYPOTHESIS; 形式化妥当性=FAIL_UNSUPPORTED_ATOMS:parsing=true。「解析器やチャンク分割を変えると、正解スパンのチャンクIDが変わることがあります。」は候補資料(SRC-031)に直接locatorがなく、一般的事実としてはFAIL_UNSUPPORTED_ATOMS:parsing=trueが残る。原文の対象と作用を維持したまま、本ガイドの構成または対象データでの検証へスコープを限定すれば教材上の検討事項を保持できる。,,,UNVERIFIED,原文をrevised_sentenceへ置換し、対象データ、比較条件、観測指標、合否閾値を同じ節に追記する。検証後に限り事実表現へ戻し、意味を保存して再形式化する。,,,,,INCONCLUSIVE,NOT_APPLICABLE_UNPROVED,,,codex-independent-wave4,2026-08-15,INDEPENDENT_REVIEW_COMPLETE,PARTIAL_CANDIDATE_SOURCE_ONLY,FAIL_NO_DIRECT_LOCATOR,FAIL_UNSUPPORTED_ATOMS:parsing=true,BACKGROUND_CITATION,PASS_AFTER_TEST_SCOPE_QUALIFICATION,PASS_AFTER_HYPOTHESIS_QUALIFIER,PASS_AS_EXPLICIT_TESTABLE_HYPOTHESIS,FAIL_UNSUPPORTED_ATOMS:parsing=true
SENT-3142,52bebecfb2a435d0e7ff2efea557c5799674ded6,変更ごとに直接指標と下流指標を定め、改善した局所指標が最終回答を悪化させていないことを確認します。,変更ごとに直接指標と下流指標を定め、改善した局所指標が最終回答を悪化させていないことを確認します。,"NOT(AND(ATOM(generation=true), ATOM(empirical_result=true)))",NOT,empirical_or_research_claim,ない,7.8.1 (docs/7.品質を評価し改善する/7.8.Regression・A-B・Canary.md:15),SRC-117,NOT_APPLICABLE_LOCAL_NORM,HYPOTHESIS,empirical_result=true,generation=true,NOT,APPROPRIATE_NORMATIVE,権威性=候補一次資料のみ; 直接性=locator未確認; 網羅性=関係NOT自体の根拠未確認; 主張極性=HYPOTHESISとして再分類; スコープ=PASS_LOCAL_DESIGN_POLICY; モダリティ=PASS_AS_DISCLOSED_NORMATIVE_RULE; 教材妥当性=PASS_AFTER_EXPLICIT_CRITERIA_AND_EXCEPTION; 形式化妥当性=FAIL_RELATION_NOT。「変更ごとに直接指標と下流指標を定め、改善した局所指標が最終回答を悪化させていないことを確認します。」は外的真偽の断定ではなく、対象・処理・判断を特定した設計・運用上の選択規則として読める。ただし候補資料(SRC-117)はURL単位で、直接locatorは未確認。規範の判断基準と例外を明示すれば教材として採用できる。形式面ではFAIL_RELATION_NOTを別途解消する必要がある。,禁止対象、禁止理由、代替経路を明示し、安全性・再現性・追跡性のいずれを守る規則か検査できること,禁止理由を満たす別の統制が同等以上の証拠で確認できる場合のみ例外とし、理由と期限を記録する,NOT_APPLICABLE,本文は維持し、節内に判断基準「禁止対象、禁止理由、代替経路を明示し、安全性・再現性・追跡性のいずれを守る規則か検査できること」と例外「禁止理由を満たす別の統制が同等以上の証拠で確認できる場合のみ例外とし、理由と期限を記録する」を明記する。経験的な効果保証とは分離し、意味を保存して再形式化する。,,,,,INCONCLUSIVE,NOT_APPLICABLE_UNPROVED,,,codex-independent-wave4,2026-08-15,INDEPENDENT_REVIEW_COMPLETE,PARTIAL_CANDIDATE_SOURCE_ONLY,FAIL_NO_DIRECT_LOCATOR,FAIL_RELATION_NOT,HYPOTHESIS,PASS_LOCAL_DESIGN_POLICY,PASS_AS_DISCLOSED_NORMATIVE_RULE,PASS_AFTER_EXPLICIT_CRITERIA_AND_EXCEPTION,FAIL_RELATION_NOT
SENT-3159,52bebecfb2a435d0e7ff2efea557c5799674ded6,canary中に重大なsecurity failure、SLO（Service Level Objective、サービス水準目標）違反、想定外の回答不能増加が起きた場合は、自動または明示した手順で旧versionへ戻します。,canary中に重大なsecurity failure、SLO（Service Level Objective、サービス水準目標）違反、想定外の回答不能増加が起きた場合は、自動または明示した手順で旧versionへ戻します。,UNFORMALIZED,UNFORMALIZED,empirical_or_research_claim,UNCLASSIFIED,7.8.3 (docs/7.品質を評価し改善する/7.8.Regression・A-B・Canary.md:42),SRC-002;SRC-005;SRC-010;SRC-013;SRC-017,NOT_APPLICABLE_LOCAL_NORM,HYPOTHESIS,,,,APPROPRIATE_NORMATIVE,権威性=候補一次資料のみ; 直接性=locator未確認; 網羅性=未支持atom=none-explicit; 主張極性=HYPOTHESISとして再分類; スコープ=PASS_LOCAL_DESIGN_POLICY; モダリティ=PASS_AS_DISCLOSED_NORMATIVE_RULE; 教材妥当性=PASS_AFTER_EXPLICIT_CRITERIA_AND_EXCEPTION; 形式化妥当性=FAIL_UNFORMALIZED。「canary中に重大なsecurity failure、SLO（Service Level Objective、サービス水準目標）違反、想定外の回答不能増加が起」は外的真偽の断定ではなく、対象・処理・判断を特定した設計・運用上の選択規則として読める。ただし候補資料(SRC-002;SRC-005;SRC-010;SRC-013;SRC-017)はURL単位で、直接locatorは未確認。規範の判断基準と例外を明示すれば教材として採用できる。形式面ではFAIL_UNFORMALIZEDを別途解消する必要がある。,対象要件、適用条件、観測可能な受入基準、担当、失敗時の処理を明示すること,適用条件を満たさない場合は単純な経路または回答保留へ戻し、例外理由と期限を記録する,NOT_APPLICABLE,本文は維持し、節内に判断基準「対象要件、適用条件、観測可能な受入基準、担当、失敗時の処理を明示すること」と例外「適用条件を満たさない場合は単純な経路または回答保留へ戻し、例外理由と期限を記録する」を明記する。経験的な効果保証とは分離し、意味を保存して再形式化する。,,,,,INCONCLUSIVE,NOT_APPLICABLE_UNPROVED,,,codex-independent-wave4,2026-08-15,INDEPENDENT_REVIEW_COMPLETE,PARTIAL_CANDIDATE_SOURCE_ONLY,FAIL_NO_DIRECT_LOCATOR,FAIL_UNFORMALIZED,HYPOTHESIS,PASS_LOCAL_DESIGN_POLICY,PASS_AS_DISCLOSED_NORMATIVE_RULE,PASS_AFTER_EXPLICIT_CRITERIA_AND_EXCEPTION,FAIL_UNFORMALIZED
SENT-3160,52bebecfb2a435d0e7ff2efea557c5799674ded6,公開の可否は、解析器、チャンク分割、埋め込み、検索器、再順位付け、プロンプト、生成モデルのどれを変えても、同じ原則で判断します。,公開の可否は、解析器、チャンク分割、埋め込み、検索器、再順位付け、プロンプト、生成モデルのどれを変えても、同じ原則で判断します。,"AND(AND(AND(AND(ATOM(rerank=true), ATOM(chunking=true)), ATOM(retrieval=true)), ATOM(generation=true)), ATOM(parsing=true))",AND,general_technical_claim,UNCLASSIFIED,7.8.3 (docs/7.品質を評価し改善する/7.8.Regression・A-B・Canary.md:44),SRC-031;SRC-084;SRC-086;SRC-107;SRC-013,NOT_APPLICABLE_LOCAL_NORM,HYPOTHESIS,chunking=true;generation=true;rerank=true;retrieval=true,parsing=true,,APPROPRIATE_NORMATIVE,権威性=候補一次資料のみ; 直接性=locator未確認; 網羅性=未支持atom=parsing=true; 主張極性=HYPOTHESISとして再分類; スコープ=PASS_LOCAL_DESIGN_POLICY; モダリティ=PASS_AS_DISCLOSED_NORMATIVE_RULE; 教材妥当性=PASS_AFTER_EXPLICIT_CRITERIA_AND_EXCEPTION; 形式化妥当性=FAIL_UNSUPPORTED_ATOMS:parsing=true。「公開の可否は、解析器、チャンク分割、埋め込み、検索器、再順位付け、プロンプト、生成モデルのどれを変えても、同じ原則で判断します。」は外的真偽の断定ではなく、対象・処理・判断を特定した設計・運用上の選択規則として読める。ただし候補資料(SRC-031;SRC-084;SRC-086;SRC-107;SRC-013)はURL単位で、直接locatorは未確認。規範の判断基準と例外を明示すれば教材として採用できる。形式面ではFAIL_UNSUPPORTED_ATOMS:parsing=trueを別途解消する必要がある。,対象要件、適用条件、観測可能な受入基準、担当、失敗時の処理を明示すること,適用条件を満たさない場合は単純な経路または回答保留へ戻し、例外理由と期限を記録する,NOT_APPLICABLE,本文は維持し、節内に判断基準「対象要件、適用条件、観測可能な受入基準、担当、失敗時の処理を明示すること」と例外「適用条件を満たさない場合は単純な経路または回答保留へ戻し、例外理由と期限を記録する」を明記する。経験的な効果保証とは分離し、意味を保存して再形式化する。,,,,,INCONCLUSIVE,NOT_APPLICABLE_UNPROVED,,,codex-independent-wave4,2026-08-15,INDEPENDENT_REVIEW_COMPLETE,PARTIAL_CANDIDATE_SOURCE_ONLY,FAIL_NO_DIRECT_LOCATOR,FAIL_UNSUPPORTED_ATOMS:parsing=true,HYPOTHESIS,PASS_LOCAL_DESIGN_POLICY,PASS_AS_DISCLOSED_NORMATIVE_RULE,PASS_AFTER_EXPLICIT_CRITERIA_AND_EXCEPTION,FAIL_UNSUPPORTED_ATOMS:parsing=true
SENT-3163,52bebecfb2a435d0e7ff2efea557c5799674ded6,候補の成果物、設定マニフェスト、評価報告を同じ版IDで結び付けます。,候補の成果物、設定マニフェスト、評価報告を同じ版IDで結び付けます。,"AND(ATOM(evaluation=true), ATOM(empirical_result=true))",AND,empirical_or_research_claim,UNCLASSIFIED,7.8.3 (docs/7.品質を評価し改善する/7.8.Regression・A-B・Canary.md:48),SRC-117,NOT_APPLICABLE_LOCAL_NORM,HYPOTHESIS,empirical_result=true,evaluation=true,,APPROPRIATE_NORMATIVE,権威性=候補一次資料のみ; 直接性=locator未確認; 網羅性=未支持atom=evaluation=true; 主張極性=HYPOTHESISとして再分類; スコープ=PASS_LOCAL_DESIGN_POLICY; モダリティ=PASS_AS_DISCLOSED_NORMATIVE_RULE; 教材妥当性=PASS_AFTER_EXPLICIT_CRITERIA_AND_EXCEPTION; 形式化妥当性=FAIL_UNSUPPORTED_ATOMS:evaluation=true。「候補の成果物、設定マニフェスト、評価報告を同じ版IDで結び付けます。」は外的真偽の断定ではなく、対象・処理・判断を特定した設計・運用上の選択規則として読める。ただし候補資料(SRC-117)はURL単位で、直接locatorは未確認。規範の判断基準と例外を明示すれば教材として採用できる。形式面ではFAIL_UNSUPPORTED_ATOMS:evaluation=trueを別途解消する必要がある。,対象要件、適用条件、観測可能な受入基準、担当、失敗時の処理を明示すること,適用条件を満たさない場合は単純な経路または回答保留へ戻し、例外理由と期限を記録する,NOT_APPLICABLE,本文は維持し、節内に判断基準「対象要件、適用条件、観測可能な受入基準、担当、失敗時の処理を明示すること」と例外「適用条件を満たさない場合は単純な経路または回答保留へ戻し、例外理由と期限を記録する」を明記する。経験的な効果保証とは分離し、意味を保存して再形式化する。,,,,,INCONCLUSIVE,NOT_APPLICABLE_UNPROVED,,,codex-independent-wave4,2026-08-15,INDEPENDENT_REVIEW_COMPLETE,PARTIAL_CANDIDATE_SOURCE_ONLY,FAIL_NO_DIRECT_LOCATOR,FAIL_UNSUPPORTED_ATOMS:evaluation=true,HYPOTHESIS,PASS_LOCAL_DESIGN_POLICY,PASS_AS_DISCLOSED_NORMATIVE_RULE,PASS_AFTER_EXPLICIT_CRITERIA_AND_EXCEPTION,FAIL_UNSUPPORTED_ATOMS:evaluation=true
SENT-3167,52bebecfb2a435d0e7ff2efea557c5799674ded6,共通のトレースIDで、元の質問、変換後の質問、フィルター、取得候補、再順位付け結果、最終コンテキスト、回答、引用、利用者の反応を結び付けます。,共通のトレースIDで、元の質問、変換後の質問、フィルター、取得候補、再順位付け結果、最終コンテキスト、回答、引用、利用者の反応を結び付けます。,"AND(AND(AND(AND(ATOM(rerank=true), ATOM(retrieval=true)), ATOM(generation=true)), ATOM(citation=true)), ATOM(empirical_result=true))",AND,general_technical_claim,UNCLASSIFIED,FILE-INTRO (docs/7.品質を評価し改善する/7.9.Traceに基づく失敗分析.md:4),SRC-110,NOT_APPLICABLE_LOCAL_NORM,HYPOTHESIS,generation=true;retrieval=true,citation=true;empirical_result=true;rerank=true,,APPROPRIATE_NORMATIVE,権威性=候補一次資料のみ; 直接性=locator未確認; 網羅性=未支持atom=citation=true;empirical_result=true;rerank=true; 主張極性=HYPOTHESISとして再分類; スコープ=PASS_LOCAL_DESIGN_POLICY; モダリティ=PASS_AS_DISCLOSED_NORMATIVE_RULE; 教材妥当性=PASS_AFTER_EXPLICIT_CRITERIA_AND_EXCEPTION; 形式化妥当性=FAIL_UNSUPPORTED_ATOMS:citation=true;empirical_result=true;rerank=true。「共通のトレースIDで、元の質問、変換後の質問、フィルター、取得候補、再順位付け結果、最終コンテキスト、回答、引用、利用者の反応を結び付けます。」は外的真偽の断定ではなく、対象・処理・判断を特定した設計・運用上の選択規則として読める。ただし候補資料(SRC-110)はURL単位で、直接locatorは未確認。規範の判断基準と例外を明示すれば教材として採用できる。形式面ではFAIL_UNSUPPORTED_ATOMS:citation=true;empirical_result=true;rerank=trueを別途解消する必要がある。,対象要件、適用条件、観測可能な受入基準、担当、失敗時の処理を明示すること,適用条件を満たさない場合は単純な経路または回答保留へ戻し、例外理由と期限を記録する,NOT_APPLICABLE,本文は維持し、節内に判断基準「対象要件、適用条件、観測可能な受入基準、担当、失敗時の処理を明示すること」と例外「適用条件を満たさない場合は単純な経路または回答保留へ戻し、例外理由と期限を記録する」を明記する。経験的な効果保証とは分離し、意味を保存して再形式化する。,,,,,INCONCLUSIVE,NOT_APPLICABLE_UNPROVED,,,codex-independent-wave4,2026-08-15,INDEPENDENT_REVIEW_COMPLETE,PARTIAL_CANDIDATE_SOURCE_ONLY,FAIL_NO_DIRECT_LOCATOR,FAIL_UNSUPPORTED_ATOMS:citation=true;empirical_result=true;rerank=true,HYPOTHESIS,PASS_LOCAL_DESIGN_POLICY,PASS_AS_DISCLOSED_NORMATIVE_RULE,PASS_AFTER_EXPLICIT_CRITERIA_AND_EXCEPTION,FAIL_UNSUPPORTED_ATOMS:citation=true;empirical_result=true;rerank=true
SENT-3172,52bebecfb2a435d0e7ff2efea557c5799674ded6,同じ誤答でも、根拠がコーパスにない、検索器が落とした、検索後処理で消した、生成器が無視した、方針が遮断した、システムがタイムアウトした、という異なる原因があります。,本ガイドの基本構成では、同じ誤答でも、根拠がコーパスにない、検索器が落とした、検索後処理で消した、生成器が無視した、方針が遮断した、システムがタイムアウトした、という異なる原因があります。,"NOT(AND(AND(ATOM(retrieval=true), ATOM(generation=true)), ATOM(evidence_support=true)))",NOT,general_technical_claim,ない,7.9.1 (docs/7.品質を評価し改善する/7.9.Traceに基づく失敗分析.md:14),SRC-110,UNVERIFIED_CANDIDATE_URL_ONLY,BACKGROUND_CITATION,generation=true;retrieval=true,evidence_support=true,NOT,REWRITE_REQUIRED,権威性=候補一次資料のみ; 直接性=locator未確認; 網羅性=関係NOT自体の根拠未確認; 主張極性=BACKGROUND_CITATIONとして再分類; スコープ=PASS_AFTER_TEST_SCOPE_QUALIFICATION; モダリティ=PASS_AFTER_HYPOTHESIS_QUALIFIER; 教材妥当性=PASS_AS_EXPLICIT_TESTABLE_HYPOTHESIS; 形式化妥当性=FAIL_RELATION_NOT。「同じ誤答でも、根拠がコーパスにない、検索器が落とした、検索後処理で消した、生成器が無視した、方針が遮断した、システムがタイムアウトした、という異なる原因がありま」は候補資料(SRC-110)に直接locatorがなく、一般的事実としてはFAIL_RELATION_NOTが残る。原文の対象と作用を維持したまま、本ガイドの構成または対象データでの検証へスコープを限定すれば教材上の検討事項を保持できる。,,,UNVERIFIED,原文をrevised_sentenceへ置換し、対象データ、比較条件、観測指標、合否閾値を同じ節に追記する。検証後に限り事実表現へ戻し、意味を保存して再形式化する。,,,,,INCONCLUSIVE,NOT_APPLICABLE_UNPROVED,,,codex-independent-wave4,2026-08-15,INDEPENDENT_REVIEW_COMPLETE,PARTIAL_CANDIDATE_SOURCE_ONLY,FAIL_NO_DIRECT_LOCATOR,FAIL_RELATION_NOT,BACKGROUND_CITATION,PASS_AFTER_TEST_SCOPE_QUALIFICATION,PASS_AFTER_HYPOTHESIS_QUALIFIER,PASS_AS_EXPLICIT_TESTABLE_HYPOTHESIS,FAIL_RELATION_NOT
SENT-3174,52bebecfb2a435d0e7ff2efea557c5799674ded6,RAGCheckerの主張単位の診断を使うと、コンテキストに根拠があったかと、回答がその根拠を使ったかを分けられます。,本ガイドの基本構成では、RAGCheckerの主張単位の診断を使うと、コンテキストに根拠があったかと、回答がその根拠を使ったかを分けられます。,"AND(AND(ATOM(generation=true), ATOM(evidence_support=true)), ATOM(evaluation=true))",AND,externally_cited_claim,UNCLASSIFIED,7.9.1 (docs/7.品質を評価し改善する/7.9.Traceに基づく失敗分析.md:17),SRC-110,UNVERIFIED_CANDIDATE_URL_ONLY,AUTHOR_CLAIM,evaluation=true;generation=true,evidence_support=true,,REWRITE_REQUIRED,権威性=候補一次資料のみ; 直接性=locator未確認; 網羅性=未支持atom=evidence_support=true; 主張極性=AUTHOR_CLAIMとして再分類; スコープ=PASS_AFTER_CONCRETE_VERSION_OR_EXPERIMENT_SCOPE; モダリティ=PASS_AFTER_CONDITIONAL_OR_REPRODUCTION_WORDING; 教材妥当性=PASS_AFTER_CONCRETE_VERSION_OR_EXPERIMENT_QUALIFIER; 形式化妥当性=FAIL_UNSUPPORTED_ATOMS:evidence_support=true。「RAGCheckerの主張単位の診断を使うと、コンテキストに根拠があったかと、回答がその根拠を使ったかを分けられます。」の候補資料(SRC-110)はURL単位で、節・ページ・表・API見出しを独立に確認できていない。現文のFAIL_UNSUPPORTED_ATOMS:evidence_support=true、版・実験条件、資料内極性を断定せず、具体的な製品前提・ローカル定義・再現試験へ限定すれば教材内容を保持できる。,,,UNVERIFIED,原文をrevised_sentenceの具体文へ置換する。製品文は利用時点のregion/versionを受入条件へ追加し、研究文は同じ指標・比較条件で再現確認する。事実表現へ戻す場合は直接locatorを再監査する。,,,,,INCONCLUSIVE,NOT_APPLICABLE_UNPROVED,,,codex-independent-wave4,2026-08-15,INDEPENDENT_REVIEW_COMPLETE,PARTIAL_CANDIDATE_SOURCE_ONLY,FAIL_NO_DIRECT_LOCATOR,FAIL_UNSUPPORTED_ATOMS:evidence_support=true,AUTHOR_CLAIM,PASS_AFTER_CONCRETE_VERSION_OR_EXPERIMENT_SCOPE,PASS_AFTER_CONDITIONAL_OR_REPRODUCTION_WORDING,PASS_AFTER_CONCRETE_VERSION_OR_EXPERIMENT_QUALIFIER,FAIL_UNSUPPORTED_ATOMS:evidence_support=true
SENT-3190,52bebecfb2a435d0e7ff2efea557c5799674ded6,改善後は同じtrace比較で、原因箇所が直り、別layerへ失敗が移っていないことを確認します。,改善後は同じtrace比較で、原因箇所が直り、別layerへ失敗が移っていないことを確認します。,NOT(ATOM(empirical_result=true)),NOT,empirical_or_research_claim,ない,7.9.2 (docs/7.品質を評価し改善する/7.9.Traceに基づく失敗分析.md:39),SRC-002;SRC-013;SRC-017;SRC-025;SRC-026,NOT_APPLICABLE_LOCAL_NORM,HYPOTHESIS,empirical_result=true,,NOT,APPROPRIATE_NORMATIVE,権威性=候補一次資料のみ; 直接性=locator未確認; 網羅性=関係NOT自体の根拠未確認; 主張極性=HYPOTHESISとして再分類; スコープ=PASS_LOCAL_DESIGN_POLICY; モダリティ=PASS_AS_DISCLOSED_NORMATIVE_RULE; 教材妥当性=PASS_AFTER_EXPLICIT_CRITERIA_AND_EXCEPTION; 形式化妥当性=FAIL_RELATION_NOT。「改善後は同じtrace比較で、原因箇所が直り、別layerへ失敗が移っていないことを確認します。」は外的真偽の断定ではなく、対象・処理・判断を特定した設計・運用上の選択規則として読める。ただし候補資料(SRC-002;SRC-013;SRC-017;SRC-025;SRC-026)はURL単位で、直接locatorは未確認。規範の判断基準と例外を明示すれば教材として採用できる。形式面ではFAIL_RELATION_NOTを別途解消する必要がある。,禁止対象、禁止理由、代替経路を明示し、安全性・再現性・追跡性のいずれを守る規則か検査できること,禁止理由を満たす別の統制が同等以上の証拠で確認できる場合のみ例外とし、理由と期限を記録する,NOT_APPLICABLE,本文は維持し、節内に判断基準「禁止対象、禁止理由、代替経路を明示し、安全性・再現性・追跡性のいずれを守る規則か検査できること」と例外「禁止理由を満たす別の統制が同等以上の証拠で確認できる場合のみ例外とし、理由と期限を記録する」を明記する。経験的な効果保証とは分離し、意味を保存して再形式化する。,,,,,INCONCLUSIVE,NOT_APPLICABLE_UNPROVED,,,codex-independent-wave4,2026-08-15,INDEPENDENT_REVIEW_COMPLETE,PARTIAL_CANDIDATE_SOURCE_ONLY,FAIL_NO_DIRECT_LOCATOR,FAIL_RELATION_NOT,HYPOTHESIS,PASS_LOCAL_DESIGN_POLICY,PASS_AS_DISCLOSED_NORMATIVE_RULE,PASS_AFTER_EXPLICIT_CRITERIA_AND_EXCEPTION,FAIL_RELATION_NOT
SENT-3193,52bebecfb2a435d0e7ff2efea557c5799674ded6,本章では、評価データセット、各layerの指標、end-to-end評価、regression、A-B、canary、trace分析を扱います。,本ガイドの基本構成では、本章では、評価データセット、各layerの指標、end-to-end評価、regression、A-B、canary、trace分析を扱います。,"AND(AND(ATOM(learned=true), ATOM(evaluation=true)), ATOM(ab_testing=true))",AND,empirical_or_research_claim,UNCLASSIFIED,INTRO-7 (docs/7.品質を評価し改善する/序文.md:5),SRC-002;SRC-013;SRC-017;SRC-025;SRC-035,UNVERIFIED_CANDIDATE_URL_ONLY,EMPIRICAL_RESULT,evaluation=true,ab_testing=true;learned=true,,REWRITE_REQUIRED,権威性=候補一次資料のみ; 直接性=locator未確認; 網羅性=未支持atom=ab_testing=true;learned=true; 主張極性=EMPIRICAL_RESULTとして再分類; スコープ=PASS_AFTER_TEST_SCOPE_QUALIFICATION; モダリティ=PASS_AFTER_HYPOTHESIS_QUALIFIER; 教材妥当性=PASS_AS_EXPLICIT_TESTABLE_HYPOTHESIS; 形式化妥当性=FAIL_UNSUPPORTED_ATOMS:ab_testing=true;learned=true。「本章では、評価データセット、各layerの指標、end-to-end評価、regression、A-B、canary、trace分析を扱います。」は候補資料(SRC-002;SRC-013;SRC-017;SRC-025;SRC-035)に直接locatorがなく、一般的事実としてはFAIL_UNSUPPORTED_ATOMS:ab_testing=true;learned=trueが残る。原文の対象と作用を維持したまま、本ガイドの構成または対象データでの検証へスコープを限定すれば教材上の検討事項を保持できる。,,,UNVERIFIED,原文をrevised_sentenceへ置換し、対象データ、比較条件、観測指標、合否閾値を同じ節に追記する。検証後に限り事実表現へ戻し、意味を保存して再形式化する。,,,,,INCONCLUSIVE,NOT_APPLICABLE_UNPROVED,,,codex-independent-wave4,2026-08-15,INDEPENDENT_REVIEW_COMPLETE,PARTIAL_CANDIDATE_SOURCE_ONLY,FAIL_NO_DIRECT_LOCATOR,FAIL_UNSUPPORTED_ATOMS:ab_testing=true;learned=true,EMPIRICAL_RESULT,PASS_AFTER_TEST_SCOPE_QUALIFICATION,PASS_AFTER_HYPOTHESIS_QUALIFIER,PASS_AS_EXPLICIT_TESTABLE_HYPOTHESIS,FAIL_UNSUPPORTED_ATOMS:ab_testing=true;learned=true
SENT-3198,52bebecfb2a435d0e7ff2efea557c5799674ded6,品質だけでなく、遅延、費用、安全性、回答保留も測り、改善が別の重要指標を悪化させていないことを確認します。,品質だけでなく、遅延、費用、安全性、回答保留も測り、改善が別の重要指標を悪化させていないことを確認します。,"NOT(AND(AND(ATOM(generation=true), ATOM(cost=true)), ATOM(empirical_result=true)))",NOT,empirical_or_research_claim,ない,INTRO-7 (docs/7.品質を評価し改善する/序文.md:9),SRC-089;SRC-091;SRC-094;SRC-013;SRC-022,NOT_APPLICABLE_LOCAL_NORM,HYPOTHESIS,cost=true;empirical_result=true;generation=true,,NOT,APPROPRIATE_NORMATIVE,権威性=候補一次資料のみ; 直接性=locator未確認; 網羅性=関係NOT自体の根拠未確認; 主張極性=HYPOTHESISとして再分類; スコープ=PASS_LOCAL_DESIGN_POLICY; モダリティ=PASS_AS_DISCLOSED_NORMATIVE_RULE; 教材妥当性=PASS_AFTER_EXPLICIT_CRITERIA_AND_EXCEPTION; 形式化妥当性=FAIL_RELATION_NOT。「品質だけでなく、遅延、費用、安全性、回答保留も測り、改善が別の重要指標を悪化させていないことを確認します。」は外的真偽の断定ではなく、対象・処理・判断を特定した設計・運用上の選択規則として読める。ただし候補資料(SRC-089;SRC-091;SRC-094;SRC-013;SRC-022)はURL単位で、直接locatorは未確認。規範の判断基準と例外を明示すれば教材として採用できる。形式面ではFAIL_RELATION_NOTを別途解消する必要がある。,禁止対象、禁止理由、代替経路を明示し、安全性・再現性・追跡性のいずれを守る規則か検査できること,禁止理由を満たす別の統制が同等以上の証拠で確認できる場合のみ例外とし、理由と期限を記録する,NOT_APPLICABLE,本文は維持し、節内に判断基準「禁止対象、禁止理由、代替経路を明示し、安全性・再現性・追跡性のいずれを守る規則か検査できること」と例外「禁止理由を満たす別の統制が同等以上の証拠で確認できる場合のみ例外とし、理由と期限を記録する」を明記する。経験的な効果保証とは分離し、意味を保存して再形式化する。,,,,,INCONCLUSIVE,NOT_APPLICABLE_UNPROVED,,,codex-independent-wave4,2026-08-15,INDEPENDENT_REVIEW_COMPLETE,PARTIAL_CANDIDATE_SOURCE_ONLY,FAIL_NO_DIRECT_LOCATOR,FAIL_RELATION_NOT,HYPOTHESIS,PASS_LOCAL_DESIGN_POLICY,PASS_AS_DISCLOSED_NORMATIVE_RULE,PASS_AFTER_EXPLICIT_CRITERIA_AND_EXCEPTION,FAIL_RELATION_NOT
SENT-3211,52bebecfb2a435d0e7ff2efea557c5799674ded6,API入口、アプリケーション、検索器、ベクトルストア、生成モデル、ツール実行基盤の間に信頼境界を置きます。,本ガイドの基本構成では、API入口、アプリケーション、検索器、ベクトルストア、生成モデル、ツール実行基盤の間に信頼境界を置きます。,"AND(AND(ATOM(retrieval=true), ATOM(generation=true)), ATOM(tool_use=true))",AND,general_technical_claim,UNCLASSIFIED,8.1.1 (docs/8.安全に運用する/8.1.セキュリティと権限制御.md:22),SRC-096,UNVERIFIED_CANDIDATE_URL_ONLY,BACKGROUND_CITATION,generation=true;retrieval=true,tool_use=true,,REWRITE_REQUIRED,権威性=候補一次資料のみ; 直接性=locator未確認; 網羅性=未支持atom=tool_use=true; 主張極性=BACKGROUND_CITATIONとして再分類; スコープ=PASS_AFTER_TEST_SCOPE_QUALIFICATION; モダリティ=PASS_AFTER_HYPOTHESIS_QUALIFIER; 教材妥当性=PASS_AS_EXPLICIT_TESTABLE_HYPOTHESIS; 形式化妥当性=FAIL_UNSUPPORTED_ATOMS:tool_use=true。「API入口、アプリケーション、検索器、ベクトルストア、生成モデル、ツール実行基盤の間に信頼境界を置きます。」は候補資料(SRC-096)に直接locatorがなく、一般的事実としてはFAIL_UNSUPPORTED_ATOMS:tool_use=trueが残る。原文の対象と作用を維持したまま、本ガイドの構成または対象データでの検証へスコープを限定すれば教材上の検討事項を保持できる。,,,UNVERIFIED,原文をrevised_sentenceへ置換し、対象データ、比較条件、観測指標、合否閾値を同じ節に追記する。検証後に限り事実表現へ戻し、意味を保存して再形式化する。,,,,,INCONCLUSIVE,NOT_APPLICABLE_UNPROVED,,,codex-independent-wave4,2026-08-15,INDEPENDENT_REVIEW_COMPLETE,PARTIAL_CANDIDATE_SOURCE_ONLY,FAIL_NO_DIRECT_LOCATOR,FAIL_UNSUPPORTED_ATOMS:tool_use=true,BACKGROUND_CITATION,PASS_AFTER_TEST_SCOPE_QUALIFICATION,PASS_AFTER_HYPOTHESIS_QUALIFIER,PASS_AS_EXPLICIT_TESTABLE_HYPOTHESIS,FAIL_UNSUPPORTED_ATOMS:tool_use=true
SENT-3218,52bebecfb2a435d0e7ff2efea557c5799674ded6,RBACモデルは役割階層と制約を体系化しています。,本ガイドの基本構成では、RBACモデルは役割階層と制約を体系化しています。,UNFORMALIZED,UNFORMALIZED,externally_cited_claim,UNCLASSIFIED,8.1.2 (docs/8.安全に運用する/8.1.セキュリティと権限制御.md:34),SRC-040,UNVERIFIED_CANDIDATE_URL_ONLY,AUTHOR_CLAIM,,,,REWRITE_REQUIRED,権威性=候補一次資料のみ; 直接性=locator未確認; 網羅性=未支持atom=none-explicit; 主張極性=AUTHOR_CLAIMとして再分類; スコープ=PASS_AFTER_CONCRETE_VERSION_OR_EXPERIMENT_SCOPE; モダリティ=PASS_AFTER_CONDITIONAL_OR_REPRODUCTION_WORDING; 教材妥当性=PASS_AFTER_CONCRETE_VERSION_OR_EXPERIMENT_QUALIFIER; 形式化妥当性=FAIL_UNFORMALIZED。「RBACモデルは役割階層と制約を体系化しています。」の候補資料(SRC-040)はURL単位で、節・ページ・表・API見出しを独立に確認できていない。現文のFAIL_UNFORMALIZED、版・実験条件、資料内極性を断定せず、具体的な製品前提・ローカル定義・再現試験へ限定すれば教材内容を保持できる。,,,UNVERIFIED,原文をrevised_sentenceの具体文へ置換する。製品文は利用時点のregion/versionを受入条件へ追加し、研究文は同じ指標・比較条件で再現確認する。事実表現へ戻す場合は直接locatorを再監査する。,,,,,INCONCLUSIVE,NOT_APPLICABLE_UNPROVED,,,codex-independent-wave4,2026-08-15,INDEPENDENT_REVIEW_COMPLETE,PARTIAL_CANDIDATE_SOURCE_ONLY,FAIL_NO_DIRECT_LOCATOR,FAIL_UNFORMALIZED,AUTHOR_CLAIM,PASS_AFTER_CONCRETE_VERSION_OR_EXPERIMENT_SCOPE,PASS_AFTER_CONDITIONAL_OR_REPRODUCTION_WORDING,PASS_AFTER_CONCRETE_VERSION_OR_EXPERIMENT_QUALIFIER,FAIL_UNFORMALIZED
SENT-3222,52bebecfb2a435d0e7ff2efea557c5799674ded6,権限のないチャンクは、上位候補へ取得してから表示だけを隠すのではなく、検索前または検索中に候補集合から除きます。,権限のないチャンクは、上位候補へ取得してから表示だけを隠すのではなく、検索前または検索中に候補集合から除きます。,"NOT(AND(AND(ATOM(acl_before_exposure=true), ATOM(retrieval=true)), ATOM(authorization=true)))",NOT,general_technical_claim,ない,8.1.2 (docs/8.安全に運用する/8.1.セキュリティと権限制御.md:40),SRC-041;SRC-049;SRC-120;SRC-040;SRC-119,NOT_APPLICABLE_LOCAL_NORM,HYPOTHESIS,acl_before_exposure=true;authorization=true;retrieval=true,,NOT,APPROPRIATE_NORMATIVE,権威性=候補一次資料のみ; 直接性=locator未確認; 網羅性=関係NOT自体の根拠未確認; 主張極性=HYPOTHESISとして再分類; スコープ=PASS_LOCAL_DESIGN_POLICY; モダリティ=PASS_AS_DISCLOSED_NORMATIVE_RULE; 教材妥当性=PASS_AFTER_EXPLICIT_CRITERIA_AND_EXCEPTION; 形式化妥当性=FAIL_RELATION_NOT。「権限のないチャンクは、上位候補へ取得してから表示だけを隠すのではなく、検索前または検索中に候補集合から除きます。」は外的真偽の断定ではなく、対象・処理・判断を特定した設計・運用上の選択規則として読める。ただし候補資料(SRC-041;SRC-049;SRC-120;SRC-040;SRC-119)はURL単位で、直接locatorは未確認。規範の判断基準と例外を明示すれば教材として採用できる。形式面ではFAIL_RELATION_NOTを別途解消する必要がある。,最小権限を維持し、認可前後の候補、拒否理由、漏えい試験を観測可能にすること,法令・契約・組織方針がより厳しい場合はその基準を優先し、緊急例外も期限と事後監査を必須とする,NOT_APPLICABLE,本文は維持し、節内に判断基準「最小権限を維持し、認可前後の候補、拒否理由、漏えい試験を観測可能にすること」と例外「法令・契約・組織方針がより厳しい場合はその基準を優先し、緊急例外も期限と事後監査を必須とする」を明記する。経験的な効果保証とは分離し、意味を保存して再形式化する。,,,,,INCONCLUSIVE,NOT_APPLICABLE_UNPROVED,,,codex-independent-wave4,2026-08-15,INDEPENDENT_REVIEW_COMPLETE,PARTIAL_CANDIDATE_SOURCE_ONLY,FAIL_NO_DIRECT_LOCATOR,FAIL_RELATION_NOT,HYPOTHESIS,PASS_LOCAL_DESIGN_POLICY,PASS_AS_DISCLOSED_NORMATIVE_RULE,PASS_AFTER_EXPLICIT_CRITERIA_AND_EXCEPTION,FAIL_RELATION_NOT
SENT-3227,52bebecfb2a435d0e7ff2efea557c5799674ded6,複数テナント向けRAGの認可を検証した研究でも、関連度による順位付けと閲覧の許可は別の判断であり、検索時の認可が必要だと示されています。,本ガイドの基本構成では、複数テナント向けRAGの認可を検証した研究でも、関連度による順位付けと閲覧の許可は別の判断であり、検索時の認可が必要だと示されています。,"AND(AND(AND(ATOM(retrieval=true), ATOM(verification=true)), ATOM(authorization=true)), ATOM(multi_tenant=true))",AND,externally_cited_claim,必要,8.1.2 (docs/8.安全に運用する/8.1.セキュリティと権限制御.md:47),SRC-120,UNVERIFIED_CANDIDATE_URL_ONLY,AUTHOR_CLAIM,authorization=true;multi_tenant=true;retrieval=true,verification=true,,REWRITE_REQUIRED,権威性=候補一次資料のみ; 直接性=locator未確認; 網羅性=未支持atom=verification=true; 主張極性=AUTHOR_CLAIMとして再分類; スコープ=PASS_AFTER_CONCRETE_VERSION_OR_EXPERIMENT_SCOPE; モダリティ=PASS_AFTER_CONDITIONAL_OR_REPRODUCTION_WORDING; 教材妥当性=PASS_AFTER_CONCRETE_VERSION_OR_EXPERIMENT_QUALIFIER; 形式化妥当性=FAIL_UNSUPPORTED_ATOMS:verification=true。「複数テナント向けRAGの認可を検証した研究でも、関連度による順位付けと閲覧の許可は別の判断であり、検索時の認可が必要だと示されています。」の候補資料(SRC-120)はURL単位で、節・ページ・表・API見出しを独立に確認できていない。現文のFAIL_UNSUPPORTED_ATOMS:verification=true、版・実験条件、資料内極性を断定せず、具体的な製品前提・ローカル定義・再現試験へ限定すれば教材内容を保持できる。,,,UNVERIFIED,原文をrevised_sentenceの具体文へ置換する。製品文は利用時点のregion/versionを受入条件へ追加し、研究文は同じ指標・比較条件で再現確認する。事実表現へ戻す場合は直接locatorを再監査する。,,,,,INCONCLUSIVE,NOT_APPLICABLE_UNPROVED,,,codex-independent-wave4,2026-08-15,INDEPENDENT_REVIEW_COMPLETE,PARTIAL_CANDIDATE_SOURCE_ONLY,FAIL_NO_DIRECT_LOCATOR,FAIL_UNSUPPORTED_ATOMS:verification=true,AUTHOR_CLAIM,PASS_AFTER_CONCRETE_VERSION_OR_EXPERIMENT_SCOPE,PASS_AFTER_CONDITIONAL_OR_REPRODUCTION_WORDING,PASS_AFTER_CONCRETE_VERSION_OR_EXPERIMENT_QUALIFIER,FAIL_UNSUPPORTED_ATOMS:verification=true
SENT-3228,52bebecfb2a435d0e7ff2efea557c5799674ded6,ただし、この研究の主な実験は3テナント、300文書の合成環境です。,本ガイドの基本構成では、ただし、この研究の主な実験は3テナント、300文書の合成環境です。,"AND(ATOM(multi_tenant=true), ATOM(empirical_result=true))",AND,empirical_or_research_claim,UNCLASSIFIED,8.1.2 (docs/8.安全に運用する/8.1.セキュリティと権限制御.md:48),SRC-120,UNVERIFIED_CANDIDATE_URL_ONLY,EMPIRICAL_RESULT,multi_tenant=true,empirical_result=true,,REWRITE_REQUIRED,権威性=候補一次資料のみ; 直接性=locator未確認; 網羅性=未支持atom=empirical_result=true; 主張極性=EMPIRICAL_RESULTとして再分類; スコープ=PASS_AFTER_TEST_SCOPE_QUALIFICATION; モダリティ=PASS_AFTER_HYPOTHESIS_QUALIFIER; 教材妥当性=PASS_AS_EXPLICIT_TESTABLE_HYPOTHESIS; 形式化妥当性=FAIL_UNSUPPORTED_ATOMS:empirical_result=true。「ただし、この研究の主な実験は3テナント、300文書の合成環境です。」は候補資料(SRC-120)に直接locatorがなく、一般的事実としてはFAIL_UNSUPPORTED_ATOMS:empirical_result=trueが残る。原文の対象と作用を維持したまま、本ガイドの構成または対象データでの検証へスコープを限定すれば教材上の検討事項を保持できる。,,,UNVERIFIED,原文をrevised_sentenceへ置換し、対象データ、比較条件、観測指標、合否閾値を同じ節に追記する。検証後に限り事実表現へ戻し、意味を保存して再形式化する。,,,,,INCONCLUSIVE,NOT_APPLICABLE_UNPROVED,,,codex-independent-wave4,2026-08-15,INDEPENDENT_REVIEW_COMPLETE,PARTIAL_CANDIDATE_SOURCE_ONLY,FAIL_NO_DIRECT_LOCATOR,FAIL_UNSUPPORTED_ATOMS:empirical_result=true,EMPIRICAL_RESULT,PASS_AFTER_TEST_SCOPE_QUALIFICATION,PASS_AFTER_HYPOTHESIS_QUALIFIER,PASS_AS_EXPLICIT_TESTABLE_HYPOTHESIS,FAIL_UNSUPPORTED_ATOMS:empirical_result=true
SENT-3260,52bebecfb2a435d0e7ff2efea557c5799674ded6,情報源から、解析、チャンク、埋め込み、インデックス、検索、生成モデル、回答、記憶、ログまでの流れを図にします。,本ガイドの基本構成では、情報源から、解析、チャンク、埋め込み、インデックス、検索、生成モデル、回答、記憶、ログまでの流れを図にします。,"AND(AND(ATOM(retrieval=true), ATOM(generation=true)), ATOM(parsing=true))",AND,general_technical_claim,UNCLASSIFIED,8.2.1 (docs/8.安全に運用する/8.2.プライバシーと機密情報.md:9),SRC-121;SRC-122;SRC-010;SRC-123,UNVERIFIED_CANDIDATE_URL_ONLY,BACKGROUND_CITATION,generation=true;retrieval=true,parsing=true,,REWRITE_REQUIRED,権威性=候補一次資料のみ; 直接性=locator未確認; 網羅性=未支持atom=parsing=true; 主張極性=BACKGROUND_CITATIONとして再分類; スコープ=PASS_AFTER_TEST_SCOPE_QUALIFICATION; モダリティ=PASS_AFTER_HYPOTHESIS_QUALIFIER; 教材妥当性=PASS_AS_EXPLICIT_TESTABLE_HYPOTHESIS; 形式化妥当性=FAIL_UNSUPPORTED_ATOMS:parsing=true。「情報源から、解析、チャンク、埋め込み、インデックス、検索、生成モデル、回答、記憶、ログまでの流れを図にします。」は候補資料(SRC-121;SRC-122;SRC-010;SRC-123)に直接locatorがなく、一般的事実としてはFAIL_UNSUPPORTED_ATOMS:parsing=trueが残る。原文の対象と作用を維持したまま、本ガイドの構成または対象データでの検証へスコープを限定すれば教材上の検討事項を保持できる。,,,UNVERIFIED,原文をrevised_sentenceへ置換し、対象データ、比較条件、観測指標、合否閾値を同じ節に追記する。検証後に限り事実表現へ戻し、意味を保存して再形式化する。,,,,,INCONCLUSIVE,NOT_APPLICABLE_UNPROVED,,,codex-independent-wave4,2026-08-15,INDEPENDENT_REVIEW_COMPLETE,PARTIAL_CANDIDATE_SOURCE_ONLY,FAIL_NO_DIRECT_LOCATOR,FAIL_UNSUPPORTED_ATOMS:parsing=true,BACKGROUND_CITATION,PASS_AFTER_TEST_SCOPE_QUALIFICATION,PASS_AFTER_HYPOTHESIS_QUALIFIER,PASS_AS_EXPLICIT_TESTABLE_HYPOTHESIS,FAIL_UNSUPPORTED_ATOMS:parsing=true
SENT-3263,52bebecfb2a435d0e7ff2efea557c5799674ded6,同じ情報でも、原文の保存、埋め込みへの変換、外部サービスへの送信、画面表示では許可条件が異なります。,本ガイドの基本構成では、同じ情報でも、原文の保存、埋め込みへの変換、外部サービスへの送信、画面表示では許可条件が異なります。,UNFORMALIZED,UNFORMALIZED,general_technical_claim,UNCLASSIFIED,8.2.1 (docs/8.安全に運用する/8.2.プライバシーと機密情報.md:14),SRC-010;SRC-011;SRC-013;SRC-016;SRC-020,UNVERIFIED_CANDIDATE_URL_ONLY,BACKGROUND_CITATION,,,,REWRITE_REQUIRED,権威性=候補一次資料のみ; 直接性=locator未確認; 網羅性=未支持atom=none-explicit; 主張極性=BACKGROUND_CITATIONとして再分類; スコープ=PASS_AFTER_TEST_SCOPE_QUALIFICATION; モダリティ=PASS_AFTER_HYPOTHESIS_QUALIFIER; 教材妥当性=PASS_AS_EXPLICIT_TESTABLE_HYPOTHESIS; 形式化妥当性=FAIL_UNFORMALIZED。「同じ情報でも、原文の保存、埋め込みへの変換、外部サービスへの送信、画面表示では許可条件が異なります。」は候補資料(SRC-010;SRC-011;SRC-013;SRC-016;SRC-020)に直接locatorがなく、一般的事実としてはFAIL_UNFORMALIZEDが残る。原文の対象と作用を維持したまま、本ガイドの構成または対象データでの検証へスコープを限定すれば教材上の検討事項を保持できる。,,,UNVERIFIED,原文をrevised_sentenceへ置換し、対象データ、比較条件、観測指標、合否閾値を同じ節に追記する。検証後に限り事実表現へ戻し、意味を保存して再形式化する。,,,,,INCONCLUSIVE,NOT_APPLICABLE_UNPROVED,,,codex-independent-wave4,2026-08-15,INDEPENDENT_REVIEW_COMPLETE,PARTIAL_CANDIDATE_SOURCE_ONLY,FAIL_NO_DIRECT_LOCATOR,FAIL_UNFORMALIZED,BACKGROUND_CITATION,PASS_AFTER_TEST_SCOPE_QUALIFICATION,PASS_AFTER_HYPOTHESIS_QUALIFIER,PASS_AS_EXPLICIT_TESTABLE_HYPOTHESIS,FAIL_UNFORMALIZED
SENT-3269,52bebecfb2a435d0e7ff2efea557c5799674ded6,言語モデルから学習データを抽出した研究は、検索インデックスとは別に、生成モデルが学習文を記憶して漏らす危険を示しています。,検索インデックスとは別に、生成モデルが学習文を記憶して漏らす危険が対象データでも成り立つかを、同じ条件と指標で検証します。,"AND(AND(AND(ATOM(retrieval=true), ATOM(generation=true)), ATOM(training_data_extraction=true)), ATOM(risk=true))",AND,externally_cited_claim,UNCLASSIFIED,8.2.1 (docs/8.安全に運用する/8.2.プライバシーと機密情報.md:23),SRC-123,UNVERIFIED_CANDIDATE_URL_ONLY,AUTHOR_CLAIM,generation=true;training_data_extraction=true,retrieval=true;risk=true,,REWRITE_REQUIRED,権威性=候補一次資料のみ; 直接性=locator未確認; 網羅性=未支持atom=retrieval=true;risk=true; 主張極性=AUTHOR_CLAIMとして再分類; スコープ=PASS_AFTER_CONCRETE_VERSION_OR_EXPERIMENT_SCOPE; モダリティ=PASS_AFTER_CONDITIONAL_OR_REPRODUCTION_WORDING; 教材妥当性=PASS_AFTER_CONCRETE_VERSION_OR_EXPERIMENT_QUALIFIER; 形式化妥当性=FAIL_UNSUPPORTED_ATOMS:retrieval=true;risk=true。「言語モデルから学習データを抽出した研究は、検索インデックスとは別に、生成モデルが学習文を記憶して漏らす危険を示しています。」の候補資料(SRC-123)はURL単位で、節・ページ・表・API見出しを独立に確認できていない。現文のFAIL_UNSUPPORTED_ATOMS:retrieval=true;risk=true、版・実験条件、資料内極性を断定せず、具体的な製品前提・ローカル定義・再現試験へ限定すれば教材内容を保持できる。,,,UNVERIFIED,原文をrevised_sentenceの具体文へ置換する。製品文は利用時点のregion/versionを受入条件へ追加し、研究文は同じ指標・比較条件で再現確認する。事実表現へ戻す場合は直接locatorを再監査する。,,,,,INCONCLUSIVE,NOT_APPLICABLE_UNPROVED,,,codex-independent-wave4,2026-08-15,INDEPENDENT_REVIEW_COMPLETE,PARTIAL_CANDIDATE_SOURCE_ONLY,FAIL_NO_DIRECT_LOCATOR,FAIL_UNSUPPORTED_ATOMS:retrieval=true;risk=true,AUTHOR_CLAIM,PASS_AFTER_CONCRETE_VERSION_OR_EXPERIMENT_SCOPE,PASS_AFTER_CONDITIONAL_OR_REPRODUCTION_WORDING,PASS_AFTER_CONCRETE_VERSION_OR_EXPERIMENT_QUALIFIER,FAIL_UNSUPPORTED_ATOMS:retrieval=true;risk=true
SENT-3270,52bebecfb2a435d0e7ff2efea557c5799674ded6,この研究はGPT-2を対象とした非標的型の攻撃であり、現在のRAG全般の漏えい率を示すものではありません。,本ガイドの基本構成では、この研究はGPT-2を対象とした非標的型の攻撃であり、現在のRAG全般の漏えい率を示すものではありません。,NOT(ATOM(security=true)),NOT,empirical_or_research_claim,ません,8.2.1 (docs/8.安全に運用する/8.2.プライバシーと機密情報.md:24),SRC-123,UNVERIFIED_CANDIDATE_URL_ONLY,EMPIRICAL_RESULT,security=true,,NOT,REWRITE_REQUIRED,権威性=候補一次資料のみ; 直接性=locator未確認; 網羅性=関係NOT自体の根拠未確認; 主張極性=EMPIRICAL_RESULTとして再分類; スコープ=PASS_AFTER_TEST_SCOPE_QUALIFICATION; モダリティ=PASS_AFTER_HYPOTHESIS_QUALIFIER; 教材妥当性=PASS_AS_EXPLICIT_TESTABLE_HYPOTHESIS; 形式化妥当性=FAIL_RELATION_NOT。「この研究はGPT-2を対象とした非標的型の攻撃であり、現在のRAG全般の漏えい率を示すものではありません。」は候補資料(SRC-123)に直接locatorがなく、一般的事実としてはFAIL_RELATION_NOTが残る。原文の対象と作用を維持したまま、本ガイドの構成または対象データでの検証へスコープを限定すれば教材上の検討事項を保持できる。,,,UNVERIFIED,原文をrevised_sentenceへ置換し、対象データ、比較条件、観測指標、合否閾値を同じ節に追記する。検証後に限り事実表現へ戻し、意味を保存して再形式化する。,,,,,INCONCLUSIVE,NOT_APPLICABLE_UNPROVED,,,codex-independent-wave4,2026-08-15,INDEPENDENT_REVIEW_COMPLETE,PARTIAL_CANDIDATE_SOURCE_ONLY,FAIL_NO_DIRECT_LOCATOR,FAIL_RELATION_NOT,EMPIRICAL_RESULT,PASS_AFTER_TEST_SCOPE_QUALIFICATION,PASS_AFTER_HYPOTHESIS_QUALIFIER,PASS_AS_EXPLICIT_TESTABLE_HYPOTHESIS,FAIL_RELATION_NOT
SENT-3275,52bebecfb2a435d0e7ff2efea557c5799674ded6,RAGの目的に必要な文書、項目、期間だけを取り込み、認証情報や不要な個人情報をチャンクと埋め込みへ含めません。,RAGの目的に必要な文書、項目、期間だけを取り込み、認証情報や不要な個人情報をチャンクと埋め込みへ含めません。,NOT(ATOM(privacy=true)),NOT,general_technical_claim,必要;ません,8.2.2 (docs/8.安全に運用する/8.2.プライバシーと機密情報.md:33),SRC-124,NOT_APPLICABLE_LOCAL_NORM,HYPOTHESIS,privacy=true,,NOT,APPROPRIATE_NORMATIVE,権威性=候補一次資料のみ; 直接性=locator未確認; 網羅性=関係NOT自体の根拠未確認; 主張極性=HYPOTHESISとして再分類; スコープ=PASS_LOCAL_DESIGN_POLICY; モダリティ=PASS_AS_DISCLOSED_NORMATIVE_RULE; 教材妥当性=PASS_AFTER_EXPLICIT_CRITERIA_AND_EXCEPTION; 形式化妥当性=FAIL_RELATION_NOT。「RAGの目的に必要な文書、項目、期間だけを取り込み、認証情報や不要な個人情報をチャンクと埋め込みへ含めません。」は外的真偽の断定ではなく、対象・処理・判断を特定した設計・運用上の選択規則として読める。ただし候補資料(SRC-124)はURL単位で、直接locatorは未確認。規範の判断基準と例外を明示すれば教材として採用できる。形式面ではFAIL_RELATION_NOTを別途解消する必要がある。,最小権限を維持し、認可前後の候補、拒否理由、漏えい試験を観測可能にすること,法令・契約・組織方針がより厳しい場合はその基準を優先し、緊急例外も期限と事後監査を必須とする,NOT_APPLICABLE,本文は維持し、節内に判断基準「最小権限を維持し、認可前後の候補、拒否理由、漏えい試験を観測可能にすること」と例外「法令・契約・組織方針がより厳しい場合はその基準を優先し、緊急例外も期限と事後監査を必須とする」を明記する。経験的な効果保証とは分離し、意味を保存して再形式化する。,,,,,INCONCLUSIVE,NOT_APPLICABLE_UNPROVED,,,codex-independent-wave4,2026-08-15,INDEPENDENT_REVIEW_COMPLETE,PARTIAL_CANDIDATE_SOURCE_ONLY,FAIL_NO_DIRECT_LOCATOR,FAIL_RELATION_NOT,HYPOTHESIS,PASS_LOCAL_DESIGN_POLICY,PASS_AS_DISCLOSED_NORMATIVE_RULE,PASS_AFTER_EXPLICIT_CRITERIA_AND_EXCEPTION,FAIL_RELATION_NOT
SENT-3282,52bebecfb2a435d0e7ff2efea557c5799674ded6,元に戻せない除去は分析用途に向き、対応表を使って復元できるトークン置換は業務照合に使えます。,本ガイドの基本構成では、元に戻せない除去は分析用途に向き、対応表を使って復元できるトークン置換は業務照合に使えます。,NOT(ATOM(verification=true)),NOT,general_technical_claim,できる;ない,8.2.2 (docs/8.安全に運用する/8.2.プライバシーと機密情報.md:44),SRC-011,UNVERIFIED_CANDIDATE_URL_ONLY,BACKGROUND_CITATION,verification=true,,NOT,REWRITE_REQUIRED,権威性=候補一次資料のみ; 直接性=locator未確認; 網羅性=関係NOT自体の根拠未確認; 主張極性=BACKGROUND_CITATIONとして再分類; スコープ=PASS_AFTER_TEST_SCOPE_QUALIFICATION; モダリティ=PASS_AFTER_HYPOTHESIS_QUALIFIER; 教材妥当性=PASS_AS_EXPLICIT_TESTABLE_HYPOTHESIS; 形式化妥当性=FAIL_RELATION_NOT。「元に戻せない除去は分析用途に向き、対応表を使って復元できるトークン置換は業務照合に使えます。」は候補資料(SRC-011)に直接locatorがなく、一般的事実としてはFAIL_RELATION_NOTが残る。原文の対象と作用を維持したまま、本ガイドの構成または対象データでの検証へスコープを限定すれば教材上の検討事項を保持できる。,,,UNVERIFIED,原文をrevised_sentenceへ置換し、対象データ、比較条件、観測指標、合否閾値を同じ節に追記する。検証後に限り事実表現へ戻し、意味を保存して再形式化する。,,,,,INCONCLUSIVE,NOT_APPLICABLE_UNPROVED,,,codex-independent-wave4,2026-08-15,INDEPENDENT_REVIEW_COMPLETE,PARTIAL_CANDIDATE_SOURCE_ONLY,FAIL_NO_DIRECT_LOCATOR,FAIL_RELATION_NOT,BACKGROUND_CITATION,PASS_AFTER_TEST_SCOPE_QUALIFICATION,PASS_AFTER_HYPOTHESIS_QUALIFIER,PASS_AS_EXPLICIT_TESTABLE_HYPOTHESIS,FAIL_RELATION_NOT
SENT-3297,52bebecfb2a435d0e7ff2efea557c5799674ded6,本番ログを正解付き評価データやモデル改善へ転用する場合は、利用目的、法的根拠、除去手順を再確認します。,本番ログを正解付き評価データやモデル改善へ転用する場合は、利用目的、法的根拠、除去手順を再確認します。,"IMP(AND(ATOM(evaluation=true), ATOM(empirical_result=true)), ATOM(evidence_support=true))",IMPLIES,empirical_or_research_claim,UNCLASSIFIED,8.2.4 (docs/8.安全に運用する/8.2.プライバシーと機密情報.md:70),SRC-124;SRC-121;SRC-122;SRC-123;SRC-125,NOT_APPLICABLE_LOCAL_NORM,HYPOTHESIS,empirical_result=true;evaluation=true,evidence_support=true,IMPLIES,APPROPRIATE_NORMATIVE,権威性=候補一次資料のみ; 直接性=locator未確認; 網羅性=関係IMPLIES自体の根拠未確認; 主張極性=HYPOTHESISとして再分類; スコープ=PASS_LOCAL_DESIGN_POLICY; モダリティ=PASS_AS_DISCLOSED_NORMATIVE_RULE; 教材妥当性=PASS_AFTER_EXPLICIT_CRITERIA_AND_EXCEPTION; 形式化妥当性=FAIL_RELATION_IMPLIES。「本番ログを正解付き評価データやモデル改善へ転用する場合は、利用目的、法的根拠、除去手順を再確認します。」は外的真偽の断定ではなく、対象・処理・判断を特定した設計・運用上の選択規則として読める。ただし候補資料(SRC-124;SRC-121;SRC-122;SRC-123;SRC-125)はURL単位で、直接locatorは未確認。規範の判断基準と例外を明示すれば教材として採用できる。形式面ではFAIL_RELATION_IMPLIESを別途解消する必要がある。,前件を観測可能な条件として定義し、後件の選択理由、代替経路、終了条件を記録すること,前件が成立しない場合、または単純な経路が受入基準を満たす場合は後件を強制しない,NOT_APPLICABLE,本文は維持し、節内に判断基準「前件を観測可能な条件として定義し、後件の選択理由、代替経路、終了条件を記録すること」と例外「前件が成立しない場合、または単純な経路が受入基準を満たす場合は後件を強制しない」を明記する。経験的な効果保証とは分離し、意味を保存して再形式化する。,,,,,INCONCLUSIVE,NOT_APPLICABLE_UNPROVED,,,codex-independent-wave4,2026-08-15,INDEPENDENT_REVIEW_COMPLETE,PARTIAL_CANDIDATE_SOURCE_ONLY,FAIL_NO_DIRECT_LOCATOR,FAIL_RELATION_IMPLIES,HYPOTHESIS,PASS_LOCAL_DESIGN_POLICY,PASS_AS_DISCLOSED_NORMATIVE_RULE,PASS_AFTER_EXPLICIT_CRITERIA_AND_EXCEPTION,FAIL_RELATION_IMPLIES
SENT-3299,52bebecfb2a435d0e7ff2efea557c5799674ded6,情報源を削除するときは、元ファイルだけでなく、チャンク、埋め込み、インデックス、キャッシュ、記憶、ログ、バックアップへ変更を伝えます。,情報源を削除するときは、元ファイルだけでなく、チャンク、埋め込み、インデックス、キャッシュ、記憶、ログ、バックアップへ変更を伝えます。,UNFORMALIZED,UNFORMALIZED,general_technical_claim,UNCLASSIFIED,8.2.4 (docs/8.安全に運用する/8.2.プライバシーと機密情報.md:73),SRC-010;SRC-011;SRC-013;SRC-016;SRC-020,NOT_APPLICABLE_LOCAL_NORM,HYPOTHESIS,,,,APPROPRIATE_NORMATIVE,権威性=候補一次資料のみ; 直接性=locator未確認; 網羅性=未支持atom=none-explicit; 主張極性=HYPOTHESISとして再分類; スコープ=PASS_LOCAL_DESIGN_POLICY; モダリティ=PASS_AS_DISCLOSED_NORMATIVE_RULE; 教材妥当性=PASS_AFTER_EXPLICIT_CRITERIA_AND_EXCEPTION; 形式化妥当性=FAIL_UNFORMALIZED。「情報源を削除するときは、元ファイルだけでなく、チャンク、埋め込み、インデックス、キャッシュ、記憶、ログ、バックアップへ変更を伝えます。」は外的真偽の断定ではなく、対象・処理・判断を特定した設計・運用上の選択規則として読める。ただし候補資料(SRC-010;SRC-011;SRC-013;SRC-016;SRC-020)はURL単位で、直接locatorは未確認。規範の判断基準と例外を明示すれば教材として採用できる。形式面ではFAIL_UNFORMALIZEDを別途解消する必要がある。,最小権限を維持し、認可前後の候補、拒否理由、漏えい試験を観測可能にすること,法令・契約・組織方針がより厳しい場合はその基準を優先し、緊急例外も期限と事後監査を必須とする,NOT_APPLICABLE,本文は維持し、節内に判断基準「最小権限を維持し、認可前後の候補、拒否理由、漏えい試験を観測可能にすること」と例外「法令・契約・組織方針がより厳しい場合はその基準を優先し、緊急例外も期限と事後監査を必須とする」を明記する。経験的な効果保証とは分離し、意味を保存して再形式化する。,,,,,INCONCLUSIVE,NOT_APPLICABLE_UNPROVED,,,codex-independent-wave4,2026-08-15,INDEPENDENT_REVIEW_COMPLETE,PARTIAL_CANDIDATE_SOURCE_ONLY,FAIL_NO_DIRECT_LOCATOR,FAIL_UNFORMALIZED,HYPOTHESIS,PASS_LOCAL_DESIGN_POLICY,PASS_AS_DISCLOSED_NORMATIVE_RULE,PASS_AFTER_EXPLICIT_CRITERIA_AND_EXCEPTION,FAIL_UNFORMALIZED
SENT-3307,52bebecfb2a435d0e7ff2efea557c5799674ded6,差分プライバシーを用いた深層学習は形式的なプライバシー保証を提供しますが、RAGの検索から回答までへ単純に適用できるわけではありません。,本ガイドの基本構成では、差分プライバシーを用いた深層学習は形式的なプライバシー保証を提供しますが、RAGの検索から回答までへ単純に適用できるわけではありません。,"NOT(AND(AND(AND(ATOM(retrieval=true), ATOM(generation=true)), ATOM(privacy=true)), ATOM(differential_privacy=true)))",NOT,externally_cited_claim,できる;ません,8.2.5 (docs/8.安全に運用する/8.2.プライバシーと機密情報.md:87),SRC-125,UNVERIFIED_CANDIDATE_URL_ONLY,LIMITATION,differential_privacy=true;privacy=true;retrieval=true,generation=true,NOT,REWRITE_REQUIRED,権威性=候補一次資料のみ; 直接性=locator未確認; 網羅性=関係NOT自体の根拠未確認; 主張極性=LIMITATIONとして再分類; スコープ=PASS_AFTER_CONCRETE_VERSION_OR_EXPERIMENT_SCOPE; モダリティ=PASS_AFTER_CONDITIONAL_OR_REPRODUCTION_WORDING; 教材妥当性=PASS_AFTER_CONCRETE_VERSION_OR_EXPERIMENT_QUALIFIER; 形式化妥当性=FAIL_RELATION_NOT。「差分プライバシーを用いた深層学習は形式的なプライバシー保証を提供しますが、RAGの検索から回答までへ単純に適用できるわけではありません。」の候補資料(SRC-125)はURL単位で、節・ページ・表・API見出しを独立に確認できていない。現文のFAIL_RELATION_NOT、版・実験条件、資料内極性を断定せず、具体的な製品前提・ローカル定義・再現試験へ限定すれば教材内容を保持できる。,,,UNVERIFIED,原文をrevised_sentenceの具体文へ置換する。製品文は利用時点のregion/versionを受入条件へ追加し、研究文は同じ指標・比較条件で再現確認する。事実表現へ戻す場合は直接locatorを再監査する。,,,,,INCONCLUSIVE,NOT_APPLICABLE_UNPROVED,,,codex-independent-wave4,2026-08-15,INDEPENDENT_REVIEW_COMPLETE,PARTIAL_CANDIDATE_SOURCE_ONLY,FAIL_NO_DIRECT_LOCATOR,FAIL_RELATION_NOT,LIMITATION,PASS_AFTER_CONCRETE_VERSION_OR_EXPERIMENT_SCOPE,PASS_AFTER_CONDITIONAL_OR_REPRODUCTION_WORDING,PASS_AFTER_CONCRETE_VERSION_OR_EXPERIMENT_QUALIFIER,FAIL_RELATION_NOT
SENT-3317,52bebecfb2a435d0e7ff2efea557c5799674ded6,取得文書やツール結果に命令を埋める攻撃は、間接プロンプトインジェクションです。,本ガイドでは、取得文書やツール結果に命令を埋める攻撃を「間接プロンプトインジェクション」として用います。,"AND(AND(AND(AND(ATOM(retrieval=true), ATOM(security=true)), ATOM(prompt_injection=true)), ATOM(tool_use=true)), ATOM(empirical_result=true))",AND,general_technical_claim,UNCLASSIFIED,8.3.1 (docs/8.安全に運用する/8.3.Prompt injection・data poisoning対策.md:11),SRC-039;SRC-096;SRC-126,NOT_APPLICABLE_LOCAL_NORM,DEFINITION_OR_SPEC,empirical_result=true;prompt_injection=true;retrieval=true;security=true,tool_use=true,,APPROPRIATE_NORMATIVE,権威性=候補一次資料のみ; 直接性=locator未確認; 網羅性=未支持atom=tool_use=true; 主張極性=DEFINITION_OR_SPECとして再分類; スコープ=PASS_AFTER_LOCAL_GUIDE_SCOPE; モダリティ=PASS_AFTER_DEFINITION_QUALIFIER; 教材妥当性=PASS_AFTER_LOCAL_DEFINITION_QUALIFIER; 形式化妥当性=FAIL_UNSUPPORTED_ATOMS:tool_use=true。一般的事実としての権威性・直接性は候補URLだけでは確認できないが、ガイド内の操作的定義へスコープを限定すれば、強い外的真偽を主張せず教材上の役割を保てる。形式面ではFAIL_UNSUPPORTED_ATOMS:tool_use=trueが残る。,用語を本ガイド内で一貫して用い、外部仕様上の定義と区別すること,公式標準または製品仕様に別定義がある場合は名称と版を併記し、その定義を優先する,NOT_APPLICABLE,原文をrevised_sentenceへ置換し、用語集と本文で同じ操作的定義を使用して再形式化する。,,,,,INCONCLUSIVE,NOT_APPLICABLE_UNPROVED,,,codex-independent-wave4,2026-08-15,INDEPENDENT_REVIEW_COMPLETE,PARTIAL_CANDIDATE_SOURCE_ONLY,FAIL_NO_DIRECT_LOCATOR,FAIL_UNSUPPORTED_ATOMS:tool_use=true,DEFINITION_OR_SPEC,PASS_AFTER_LOCAL_GUIDE_SCOPE,PASS_AFTER_DEFINITION_QUALIFIER,PASS_AFTER_LOCAL_DEFINITION_QUALIFIER,FAIL_UNSUPPORTED_ATOMS:tool_use=true
SENT-3321,52bebecfb2a435d0e7ff2efea557c5799674ded6,間接プロンプトインジェクションの研究とPoisonedRAGの脅威モデルを参考に、攻撃入口、必要権限、影響先を整理します。,本ガイドの基本構成では、間接プロンプトインジェクションの研究とPoisonedRAGの脅威モデルを参考に、攻撃入口、必要権限、影響先を整理します。,"AND(AND(ATOM(authorization=true), ATOM(security=true)), ATOM(prompt_injection=true))",AND,externally_cited_claim,必要,8.3.1 (docs/8.安全に運用する/8.3.Prompt injection・data poisoning対策.md:17),SRC-096;SRC-039,UNVERIFIED_CANDIDATE_URL_ONLY,AUTHOR_CLAIM,prompt_injection=true;security=true,authorization=true,,REWRITE_REQUIRED,権威性=候補一次資料のみ; 直接性=locator未確認; 網羅性=未支持atom=authorization=true; 主張極性=AUTHOR_CLAIMとして再分類; スコープ=PASS_AFTER_CONCRETE_VERSION_OR_EXPERIMENT_SCOPE; モダリティ=PASS_AFTER_CONDITIONAL_OR_REPRODUCTION_WORDING; 教材妥当性=PASS_AFTER_CONCRETE_VERSION_OR_EXPERIMENT_QUALIFIER; 形式化妥当性=FAIL_UNSUPPORTED_ATOMS:authorization=true。「間接プロンプトインジェクションの研究とPoisonedRAGの脅威モデルを参考に、攻撃入口、必要権限、影響先を整理します。」の候補資料(SRC-096;SRC-039)はURL単位で、節・ページ・表・API見出しを独立に確認できていない。現文のFAIL_UNSUPPORTED_ATOMS:authorization=true、版・実験条件、資料内極性を断定せず、具体的な製品前提・ローカル定義・再現試験へ限定すれば教材内容を保持できる。,,,UNVERIFIED,原文をrevised_sentenceの具体文へ置換する。製品文は利用時点のregion/versionを受入条件へ追加し、研究文は同じ指標・比較条件で再現確認する。事実表現へ戻す場合は直接locatorを再監査する。,,,,,INCONCLUSIVE,NOT_APPLICABLE_UNPROVED,,,codex-independent-wave4,2026-08-15,INDEPENDENT_REVIEW_COMPLETE,PARTIAL_CANDIDATE_SOURCE_ONLY,FAIL_NO_DIRECT_LOCATOR,FAIL_UNSUPPORTED_ATOMS:authorization=true,AUTHOR_CLAIM,PASS_AFTER_CONCRETE_VERSION_OR_EXPERIMENT_SCOPE,PASS_AFTER_CONDITIONAL_OR_REPRODUCTION_WORDING,PASS_AFTER_CONCRETE_VERSION_OR_EXPERIMENT_QUALIFIER,FAIL_UNSUPPORTED_ATOMS:authorization=true
SENT-3322,52bebecfb2a435d0e7ff2efea557c5799674ded6,LLM組み込みサービスへの直接攻撃を調べた研究は、対象サービスの文脈に合わせて入力を変える攻撃が、調査した36サービスのうち31サービスで少なくとも一種類成功したと報告しています。,本ガイドでは、対象サービスの文脈に合わせて入力を変える攻撃が、調査した36サービスのうち31サービスで少なくとも一種類成功したと報告します。,"AND(ATOM(security=true), ATOM(empirical_result=true))",AND,externally_cited_claim,UNCLASSIFIED,8.3.1 (docs/8.安全に運用する/8.3.Prompt injection・data poisoning対策.md:18),SRC-126,UNVERIFIED_CANDIDATE_URL_ONLY,EMPIRICAL_RESULT,security=true,empirical_result=true,,REWRITE_REQUIRED,権威性=候補一次資料のみ; 直接性=locator未確認; 網羅性=未支持atom=empirical_result=true; 主張極性=EMPIRICAL_RESULTとして再分類; スコープ=PASS_AFTER_CONCRETE_VERSION_OR_EXPERIMENT_SCOPE; モダリティ=PASS_AFTER_CONDITIONAL_OR_REPRODUCTION_WORDING; 教材妥当性=PASS_AFTER_CONCRETE_VERSION_OR_EXPERIMENT_QUALIFIER; 形式化妥当性=FAIL_UNSUPPORTED_ATOMS:empirical_result=true。「LLM組み込みサービスへの直接攻撃を調べた研究は、対象サービスの文脈に合わせて入力を変える攻撃が、調査した36サービスのうち31サービスで少なくとも一種類成功し」の候補資料(SRC-126)はURL単位で、節・ページ・表・API見出しを独立に確認できていない。現文のFAIL_UNSUPPORTED_ATOMS:empirical_result=true、版・実験条件、資料内極性を断定せず、具体的な製品前提・ローカル定義・再現試験へ限定すれば教材内容を保持できる。,,,UNVERIFIED,原文をrevised_sentenceの具体文へ置換する。製品文は利用時点のregion/versionを受入条件へ追加し、研究文は同じ指標・比較条件で再現確認する。事実表現へ戻す場合は直接locatorを再監査する。,,,,,INCONCLUSIVE,NOT_APPLICABLE_UNPROVED,,,codex-independent-wave4,2026-08-15,INDEPENDENT_REVIEW_COMPLETE,PARTIAL_CANDIDATE_SOURCE_ONLY,FAIL_NO_DIRECT_LOCATOR,FAIL_UNSUPPORTED_ATOMS:empirical_result=true,EMPIRICAL_RESULT,PASS_AFTER_CONCRETE_VERSION_OR_EXPERIMENT_SCOPE,PASS_AFTER_CONDITIONAL_OR_REPRODUCTION_WORDING,PASS_AFTER_CONCRETE_VERSION_OR_EXPERIMENT_QUALIFIER,FAIL_UNSUPPORTED_ATOMS:empirical_result=true
SENT-3325,52bebecfb2a435d0e7ff2efea557c5799674ded6,情報源、接続処理、解析器とOCR、メタデータ、埋め込み、検索器、コンテキスト、会話記憶、ツールを通じて攻撃が連鎖します。,本ガイドの基本構成では、情報源、接続処理、解析器とOCR、メタデータ、埋め込み、検索器、コンテキスト、会話記憶、ツールを通じて攻撃が連鎖します。,"AND(AND(AND(ATOM(retrieval=true), ATOM(security=true)), ATOM(tool_use=true)), ATOM(parsing=true))",AND,general_technical_claim,UNCLASSIFIED,8.3.1 (docs/8.安全に運用する/8.3.Prompt injection・data poisoning対策.md:22),SRC-039;SRC-096;SRC-126,UNVERIFIED_CANDIDATE_URL_ONLY,BACKGROUND_CITATION,retrieval=true;security=true,parsing=true;tool_use=true,,REWRITE_REQUIRED,権威性=候補一次資料のみ; 直接性=locator未確認; 網羅性=未支持atom=parsing=true;tool_use=true; 主張極性=BACKGROUND_CITATIONとして再分類; スコープ=PASS_AFTER_TEST_SCOPE_QUALIFICATION; モダリティ=PASS_AFTER_HYPOTHESIS_QUALIFIER; 教材妥当性=PASS_AS_EXPLICIT_TESTABLE_HYPOTHESIS; 形式化妥当性=FAIL_UNSUPPORTED_ATOMS:parsing=true;tool_use=true。「情報源、接続処理、解析器とOCR、メタデータ、埋め込み、検索器、コンテキスト、会話記憶、ツールを通じて攻撃が連鎖します。」は候補資料(SRC-039;SRC-096;SRC-126)に直接locatorがなく、一般的事実としてはFAIL_UNSUPPORTED_ATOMS:parsing=true;tool_use=trueが残る。原文の対象と作用を維持したまま、本ガイドの構成または対象データでの検証へスコープを限定すれば教材上の検討事項を保持できる。,,,UNVERIFIED,原文をrevised_sentenceへ置換し、対象データ、比較条件、観測指標、合否閾値を同じ節に追記する。検証後に限り事実表現へ戻し、意味を保存して再形式化する。,,,,,INCONCLUSIVE,NOT_APPLICABLE_UNPROVED,,,codex-independent-wave4,2026-08-15,INDEPENDENT_REVIEW_COMPLETE,PARTIAL_CANDIDATE_SOURCE_ONLY,FAIL_NO_DIRECT_LOCATOR,FAIL_UNSUPPORTED_ATOMS:parsing=true;tool_use=true,BACKGROUND_CITATION,PASS_AFTER_TEST_SCOPE_QUALIFICATION,PASS_AFTER_HYPOTHESIS_QUALIFIER,PASS_AS_EXPLICIT_TESTABLE_HYPOTHESIS,FAIL_UNSUPPORTED_ATOMS:parsing=true;tool_use=true
SENT-3350,52bebecfb2a435d0e7ff2efea557c5799674ded6,Instruction Hierarchyは、権限の高い命令を優先するようモデルを訓練します。,本ガイドでは、権限の高い命令を優先するようモデルを訓練します。,ATOM(authorization=true),ATOM,externally_cited_claim,UNCLASSIFIED,8.3.4 (docs/8.安全に運用する/8.3.Prompt injection・data poisoning対策.md:65),SRC-129,UNVERIFIED_CANDIDATE_URL_ONLY,AUTHOR_CLAIM,,authorization=true,,REWRITE_REQUIRED,権威性=候補一次資料のみ; 直接性=locator未確認; 網羅性=未支持atom=authorization=true; 主張極性=AUTHOR_CLAIMとして再分類; スコープ=PASS_AFTER_CONCRETE_VERSION_OR_EXPERIMENT_SCOPE; モダリティ=PASS_AFTER_CONDITIONAL_OR_REPRODUCTION_WORDING; 教材妥当性=PASS_AFTER_CONCRETE_VERSION_OR_EXPERIMENT_QUALIFIER; 形式化妥当性=FAIL_UNSUPPORTED_ATOMS:authorization=true。「Instruction Hierarchyは、権限の高い命令を優先するようモデルを訓練します。」の候補資料(SRC-129)はURL単位で、節・ページ・表・API見出しを独立に確認できていない。現文のFAIL_UNSUPPORTED_ATOMS:authorization=true、版・実験条件、資料内極性を断定せず、具体的な製品前提・ローカル定義・再現試験へ限定すれば教材内容を保持できる。,,,UNVERIFIED,原文をrevised_sentenceの具体文へ置換する。製品文は利用時点のregion/versionを受入条件へ追加し、研究文は同じ指標・比較条件で再現確認する。事実表現へ戻す場合は直接locatorを再監査する。,,,,,INCONCLUSIVE,NOT_APPLICABLE_UNPROVED,,,codex-independent-wave4,2026-08-15,INDEPENDENT_REVIEW_COMPLETE,PARTIAL_CANDIDATE_SOURCE_ONLY,FAIL_NO_DIRECT_LOCATOR,FAIL_UNSUPPORTED_ATOMS:authorization=true,AUTHOR_CLAIM,PASS_AFTER_CONCRETE_VERSION_OR_EXPERIMENT_SCOPE,PASS_AFTER_CONDITIONAL_OR_REPRODUCTION_WORDING,PASS_AFTER_CONCRETE_VERSION_OR_EXPERIMENT_QUALIFIER,FAIL_UNSUPPORTED_ATOMS:authorization=true
SENT-3357,52bebecfb2a435d0e7ff2efea557c5799674ded6,文字の置換、多言語、不可視文字、画像、分割された命令、長い無害文中への埋め込みなど、表現を変えます。,本ガイドの基本構成では、文字の置換、多言語、不可視文字、画像、分割された命令、長い無害文中への埋め込みなど、表現を変えます。,UNFORMALIZED,UNFORMALIZED,general_technical_claim,UNCLASSIFIED,8.3.4 (docs/8.安全に運用する/8.3.Prompt injection・data poisoning対策.md:75),SRC-010;SRC-011;SRC-013;SRC-016;SRC-020,UNVERIFIED_CANDIDATE_URL_ONLY,BACKGROUND_CITATION,,,,REWRITE_REQUIRED,権威性=候補一次資料のみ; 直接性=locator未確認; 網羅性=未支持atom=none-explicit; 主張極性=BACKGROUND_CITATIONとして再分類; スコープ=PASS_AFTER_TEST_SCOPE_QUALIFICATION; モダリティ=PASS_AFTER_HYPOTHESIS_QUALIFIER; 教材妥当性=PASS_AS_EXPLICIT_TESTABLE_HYPOTHESIS; 形式化妥当性=FAIL_UNFORMALIZED。「文字の置換、多言語、不可視文字、画像、分割された命令、長い無害文中への埋め込みなど、表現を変えます。」は候補資料(SRC-010;SRC-011;SRC-013;SRC-016;SRC-020)に直接locatorがなく、一般的事実としてはFAIL_UNFORMALIZEDが残る。原文の対象と作用を維持したまま、本ガイドの構成または対象データでの検証へスコープを限定すれば教材上の検討事項を保持できる。,,,UNVERIFIED,原文をrevised_sentenceへ置換し、対象データ、比較条件、観測指標、合否閾値を同じ節に追記する。検証後に限り事実表現へ戻し、意味を保存して再形式化する。,,,,,INCONCLUSIVE,NOT_APPLICABLE_UNPROVED,,,codex-independent-wave4,2026-08-15,INDEPENDENT_REVIEW_COMPLETE,PARTIAL_CANDIDATE_SOURCE_ONLY,FAIL_NO_DIRECT_LOCATOR,FAIL_UNFORMALIZED,BACKGROUND_CITATION,PASS_AFTER_TEST_SCOPE_QUALIFICATION,PASS_AFTER_HYPOTHESIS_QUALIFIER,PASS_AS_EXPLICIT_TESTABLE_HYPOTHESIS,FAIL_UNFORMALIZED
SENT-3363,52bebecfb2a435d0e7ff2efea557c5799674ded6,疑わしい情報源とチャンクを隔離し、トレースから、それを取得した質問、生成した回答、実行したツールを特定します。,本ガイドの基本構成では、疑わしい情報源とチャンクを隔離し、トレースから、それを取得した質問、生成した回答、実行したツールを特定します。,"AND(AND(ATOM(retrieval=true), ATOM(generation=true)), ATOM(tool_use=true))",AND,general_technical_claim,UNCLASSIFIED,8.3.5 (docs/8.安全に運用する/8.3.Prompt injection・data poisoning対策.md:86),SRC-039;SRC-096;SRC-126;SRC-127;SRC-128,UNVERIFIED_CANDIDATE_URL_ONLY,BACKGROUND_CITATION,generation=true;retrieval=true,tool_use=true,,REWRITE_REQUIRED,権威性=候補一次資料のみ; 直接性=locator未確認; 網羅性=未支持atom=tool_use=true; 主張極性=BACKGROUND_CITATIONとして再分類; スコープ=PASS_AFTER_TEST_SCOPE_QUALIFICATION; モダリティ=PASS_AFTER_HYPOTHESIS_QUALIFIER; 教材妥当性=PASS_AS_EXPLICIT_TESTABLE_HYPOTHESIS; 形式化妥当性=FAIL_UNSUPPORTED_ATOMS:tool_use=true。「疑わしい情報源とチャンクを隔離し、トレースから、それを取得した質問、生成した回答、実行したツールを特定します。」は候補資料(SRC-039;SRC-096;SRC-126;SRC-127;SRC-128)に直接locatorがなく、一般的事実としてはFAIL_UNSUPPORTED_ATOMS:tool_use=trueが残る。原文の対象と作用を維持したまま、本ガイドの構成または対象データでの検証へスコープを限定すれば教材上の検討事項を保持できる。,,,UNVERIFIED,原文をrevised_sentenceへ置換し、対象データ、比較条件、観測指標、合否閾値を同じ節に追記する。検証後に限り事実表現へ戻し、意味を保存して再形式化する。,,,,,INCONCLUSIVE,NOT_APPLICABLE_UNPROVED,,,codex-independent-wave4,2026-08-15,INDEPENDENT_REVIEW_COMPLETE,PARTIAL_CANDIDATE_SOURCE_ONLY,FAIL_NO_DIRECT_LOCATOR,FAIL_UNSUPPORTED_ATOMS:tool_use=true,BACKGROUND_CITATION,PASS_AFTER_TEST_SCOPE_QUALIFICATION,PASS_AFTER_HYPOTHESIS_QUALIFIER,PASS_AS_EXPLICIT_TESTABLE_HYPOTHESIS,FAIL_UNSUPPORTED_ATOMS:tool_use=true
SENT-3365,52bebecfb2a435d0e7ff2efea557c5799674ded6,汚染文書から要約や会話記憶が作られている場合は、元チャンクの削除だけでなく派生成果物も消します。,汚染文書から要約や会話記憶が作られている場合は、元チャンクの削除だけでなく派生成果物も消します。,UNFORMALIZED,UNFORMALIZED,general_technical_claim,UNCLASSIFIED,8.3.5 (docs/8.安全に運用する/8.3.Prompt injection・data poisoning対策.md:89),SRC-010;SRC-011;SRC-013;SRC-016;SRC-020,NOT_APPLICABLE_LOCAL_NORM,HYPOTHESIS,,,,APPROPRIATE_NORMATIVE,権威性=候補一次資料のみ; 直接性=locator未確認; 網羅性=未支持atom=none-explicit; 主張極性=HYPOTHESISとして再分類; スコープ=PASS_LOCAL_DESIGN_POLICY; モダリティ=PASS_AS_DISCLOSED_NORMATIVE_RULE; 教材妥当性=PASS_AFTER_EXPLICIT_CRITERIA_AND_EXCEPTION; 形式化妥当性=FAIL_UNFORMALIZED。「汚染文書から要約や会話記憶が作られている場合は、元チャンクの削除だけでなく派生成果物も消します。」は外的真偽の断定ではなく、対象・処理・判断を特定した設計・運用上の選択規則として読める。ただし候補資料(SRC-010;SRC-011;SRC-013;SRC-016;SRC-020)はURL単位で、直接locatorは未確認。規範の判断基準と例外を明示すれば教材として採用できる。形式面ではFAIL_UNFORMALIZEDを別途解消する必要がある。,最小権限を維持し、認可前後の候補、拒否理由、漏えい試験を観測可能にすること,法令・契約・組織方針がより厳しい場合はその基準を優先し、緊急例外も期限と事後監査を必須とする,NOT_APPLICABLE,本文は維持し、節内に判断基準「最小権限を維持し、認可前後の候補、拒否理由、漏えい試験を観測可能にすること」と例外「法令・契約・組織方針がより厳しい場合はその基準を優先し、緊急例外も期限と事後監査を必須とする」を明記する。経験的な効果保証とは分離し、意味を保存して再形式化する。,,,,,INCONCLUSIVE,NOT_APPLICABLE_UNPROVED,,,codex-independent-wave4,2026-08-15,INDEPENDENT_REVIEW_COMPLETE,PARTIAL_CANDIDATE_SOURCE_ONLY,FAIL_NO_DIRECT_LOCATOR,FAIL_UNFORMALIZED,HYPOTHESIS,PASS_LOCAL_DESIGN_POLICY,PASS_AS_DISCLOSED_NORMATIVE_RULE,PASS_AFTER_EXPLICIT_CRITERIA_AND_EXCEPTION,FAIL_UNFORMALIZED
SENT-3377,52bebecfb2a435d0e7ff2efea557c5799674ded6,一回の要求に一意なトレースIDを付け、認証、質問変換、検索、再順位付け、配置、生成、検証、ツール実行、応答の記録をぶら下げます。,本ガイドの基本構成では、一回の要求に一意なトレースIDを付け、認証、質問変換、検索、再順位付け、配置、生成、検証、ツール実行、応答の記録をぶら下げます。,"AND(AND(AND(AND(ATOM(rerank=true), ATOM(retrieval=true)), ATOM(generation=true)), ATOM(verification=true)), ATOM(tool_use=true))",AND,general_technical_claim,UNCLASSIFIED,8.4.1 (docs/8.安全に運用する/8.4.監査とトレーサビリティ.md:17),SRC-037;SRC-102;SRC-110,UNVERIFIED_CANDIDATE_URL_ONLY,BACKGROUND_CITATION,generation=true;retrieval=true,rerank=true;tool_use=true;verification=true,,REWRITE_REQUIRED,権威性=候補一次資料のみ; 直接性=locator未確認; 網羅性=未支持atom=rerank=true;tool_use=true;verification=true; 主張極性=BACKGROUND_CITATIONとして再分類; スコープ=PASS_AFTER_TEST_SCOPE_QUALIFICATION; モダリティ=PASS_AFTER_HYPOTHESIS_QUALIFIER; 教材妥当性=PASS_AS_EXPLICIT_TESTABLE_HYPOTHESIS; 形式化妥当性=FAIL_UNSUPPORTED_ATOMS:rerank=true;tool_use=true;verification=true。「一回の要求に一意なトレースIDを付け、認証、質問変換、検索、再順位付け、配置、生成、検証、ツール実行、応答の記録をぶら下げます。」は候補資料(SRC-037;SRC-102;SRC-110)に直接locatorがなく、一般的事実としてはFAIL_UNSUPPORTED_ATOMS:rerank=true;tool_use=true;verification=trueが残る。原文の対象と作用を維持したまま、本ガイドの構成または対象データでの検証へスコープを限定すれば教材上の検討事項を保持できる。,,,UNVERIFIED,原文をrevised_sentenceへ置換し、対象データ、比較条件、観測指標、合否閾値を同じ節に追記する。検証後に限り事実表現へ戻し、意味を保存して再形式化する。,,,,,INCONCLUSIVE,NOT_APPLICABLE_UNPROVED,,,codex-independent-wave4,2026-08-15,INDEPENDENT_REVIEW_COMPLETE,PARTIAL_CANDIDATE_SOURCE_ONLY,FAIL_NO_DIRECT_LOCATOR,FAIL_UNSUPPORTED_ATOMS:rerank=true;tool_use=true;verification=true,BACKGROUND_CITATION,PASS_AFTER_TEST_SCOPE_QUALIFICATION,PASS_AFTER_HYPOTHESIS_QUALIFIER,PASS_AS_EXPLICIT_TESTABLE_HYPOTHESIS,FAIL_UNSUPPORTED_ATOMS:rerank=true;tool_use=true;verification=true
SENT-3395,52bebecfb2a435d0e7ff2efea557c5799674ded6,回答を検証可能な主張へ分け、各主張を支持するチャンクと表示上の引用へ結び付けます。,回答を検証可能な主張へ分け、各主張を支持するチャンクと表示上の引用へ結び付けます。,"AND(AND(AND(ATOM(generation=true), ATOM(citation=true)), ATOM(verification=true)), ATOM(evidence_support=true))",AND,general_technical_claim,可能,8.4.2 (docs/8.安全に運用する/8.4.監査とトレーサビリティ.md:48),SRC-036;SRC-104,NOT_APPLICABLE_LOCAL_NORM,HYPOTHESIS,evidence_support=true;generation=true,citation=true;verification=true,,APPROPRIATE_NORMATIVE,権威性=候補一次資料のみ; 直接性=locator未確認; 網羅性=未支持atom=citation=true;verification=true; 主張極性=HYPOTHESISとして再分類; スコープ=PASS_LOCAL_DESIGN_POLICY; モダリティ=PASS_AS_DISCLOSED_NORMATIVE_RULE; 教材妥当性=PASS_AFTER_EXPLICIT_CRITERIA_AND_EXCEPTION; 形式化妥当性=FAIL_UNSUPPORTED_ATOMS:citation=true;verification=true。「回答を検証可能な主張へ分け、各主張を支持するチャンクと表示上の引用へ結び付けます。」は外的真偽の断定ではなく、対象・処理・判断を特定した設計・運用上の選択規則として読める。ただし候補資料(SRC-036;SRC-104)はURL単位で、直接locatorは未確認。規範の判断基準と例外を明示すれば教材として採用できる。形式面ではFAIL_UNSUPPORTED_ATOMS:citation=true;verification=trueを別途解消する必要がある。,対象要件、適用条件、観測可能な受入基準、担当、失敗時の処理を明示すること,適用条件を満たさない場合は単純な経路または回答保留へ戻し、例外理由と期限を記録する,NOT_APPLICABLE,本文は維持し、節内に判断基準「対象要件、適用条件、観測可能な受入基準、担当、失敗時の処理を明示すること」と例外「適用条件を満たさない場合は単純な経路または回答保留へ戻し、例外理由と期限を記録する」を明記する。経験的な効果保証とは分離し、意味を保存して再形式化する。,,,,,INCONCLUSIVE,NOT_APPLICABLE_UNPROVED,,,codex-independent-wave4,2026-08-15,INDEPENDENT_REVIEW_COMPLETE,PARTIAL_CANDIDATE_SOURCE_ONLY,FAIL_NO_DIRECT_LOCATOR,FAIL_UNSUPPORTED_ATOMS:citation=true;verification=true,HYPOTHESIS,PASS_LOCAL_DESIGN_POLICY,PASS_AS_DISCLOSED_NORMATIVE_RULE,PASS_AFTER_EXPLICIT_CRITERIA_AND_EXCEPTION,FAIL_UNSUPPORTED_ATOMS:citation=true;verification=true
SENT-3401,52bebecfb2a435d0e7ff2efea557c5799674ded6,同じ質問でも、モデル、プロンプト、検知器、検索器、再順位付け器、埋め込み、解析器、チャンク分割、インデックス、認可方針が違えば結果は変わります。,本ガイドの基本構成では、同じ質問でも、モデル、プロンプト、検知器、検索器、再順位付け器、埋め込み、解析器、チャンク分割、インデックス、認可方針が違えば結果は変わります。,"AND(AND(AND(AND(AND(ATOM(rerank=true), ATOM(chunking=true)), ATOM(retrieval=true)), ATOM(authorization=true)), ATOM(parsing=true)), ATOM(empirical_result=true))",AND,empirical_or_research_claim,UNCLASSIFIED,8.4.3 (docs/8.安全に運用する/8.4.監査とトレーサビリティ.md:59),SRC-130,UNVERIFIED_CANDIDATE_URL_ONLY,EMPIRICAL_RESULT,retrieval=true,authorization=true;chunking=true;empirical_result=true;parsing=true;rerank=true,,REWRITE_REQUIRED,権威性=候補一次資料のみ; 直接性=locator未確認; 網羅性=未支持atom=authorization=true;chunking=true;empirical_result=true;parsing=true;rerank=true; 主張極性=EMPIRICAL_RESULTとして再分類; スコープ=PASS_AFTER_TEST_SCOPE_QUALIFICATION; モダリティ=PASS_AFTER_HYPOTHESIS_QUALIFIER; 教材妥当性=PASS_AS_EXPLICIT_TESTABLE_HYPOTHESIS; 形式化妥当性=FAIL_UNSUPPORTED_ATOMS:authorization=true;chunking=true;empirical_result=true;parsing=true;rerank=true。「同じ質問でも、モデル、プロンプト、検知器、検索器、再順位付け器、埋め込み、解析器、チャンク分割、インデックス、認可方針が違えば結果は変わります。」は候補資料(SRC-130)に直接locatorがなく、一般的事実としてはFAIL_UNSUPPORTED_ATOMS:authorization=true;chunking=true;empirical_result=true;parsing=true;rerank=trueが残る。原文の対象と作用を維持したまま、本ガイドの構成または対象データでの検証へスコープを限定すれば教材上の検討事項を保持できる。,,,UNVERIFIED,原文をrevised_sentenceへ置換し、対象データ、比較条件、観測指標、合否閾値を同じ節に追記する。検証後に限り事実表現へ戻し、意味を保存して再形式化する。,,,,,INCONCLUSIVE,NOT_APPLICABLE_UNPROVED,,,codex-independent-wave4,2026-08-15,INDEPENDENT_REVIEW_COMPLETE,PARTIAL_CANDIDATE_SOURCE_ONLY,FAIL_NO_DIRECT_LOCATOR,FAIL_UNSUPPORTED_ATOMS:authorization=true;chunking=true;empirical_result=true;parsing=true;rerank=true,EMPIRICAL_RESULT,PASS_AFTER_TEST_SCOPE_QUALIFICATION,PASS_AFTER_HYPOTHESIS_QUALIFIER,PASS_AS_EXPLICIT_TESTABLE_HYPOTHESIS,FAIL_UNSUPPORTED_ATOMS:authorization=true;chunking=true;empirical_result=true;parsing=true;rerank=true
SENT-3403,52bebecfb2a435d0e7ff2efea557c5799674ded6,評価報告、機能フラグ、A/Bテストの割り当て、障害時の代替先も同じIDへ結び付けます。,評価報告、機能フラグ、A/Bテストの割り当て、障害時の代替先も同じIDへ結び付けます。,"AND(AND(AND(ATOM(evaluation=true), ATOM(ab_testing=true)), ATOM(fault_tolerance=true)), ATOM(empirical_result=true))",AND,empirical_or_research_claim,UNCLASSIFIED,8.4.3 (docs/8.安全に運用する/8.4.監査とトレーサビリティ.md:62),SRC-130,NOT_APPLICABLE_LOCAL_NORM,HYPOTHESIS,evaluation=true,ab_testing=true;empirical_result=true;fault_tolerance=true,,APPROPRIATE_NORMATIVE,権威性=候補一次資料のみ; 直接性=locator未確認; 網羅性=未支持atom=ab_testing=true;empirical_result=true;fault_tolerance=true; 主張極性=HYPOTHESISとして再分類; スコープ=PASS_LOCAL_DESIGN_POLICY; モダリティ=PASS_AS_DISCLOSED_NORMATIVE_RULE; 教材妥当性=PASS_AFTER_EXPLICIT_CRITERIA_AND_EXCEPTION; 形式化妥当性=FAIL_UNSUPPORTED_ATOMS:ab_testing=true;empirical_result=true;fault_tolerance=true。「評価報告、機能フラグ、A/Bテストの割り当て、障害時の代替先も同じIDへ結び付けます。」は外的真偽の断定ではなく、対象・処理・判断を特定した設計・運用上の選択規則として読める。ただし候補資料(SRC-130)はURL単位で、直接locatorは未確認。規範の判断基準と例外を明示すれば教材として採用できる。形式面ではFAIL_UNSUPPORTED_ATOMS:ab_testing=true;empirical_result=true;fault_tolerance=trueを別途解消する必要がある。,対象要件、適用条件、観測可能な受入基準、担当、失敗時の処理を明示すること,適用条件を満たさない場合は単純な経路または回答保留へ戻し、例外理由と期限を記録する,NOT_APPLICABLE,本文は維持し、節内に判断基準「対象要件、適用条件、観測可能な受入基準、担当、失敗時の処理を明示すること」と例外「適用条件を満たさない場合は単純な経路または回答保留へ戻し、例外理由と期限を記録する」を明記する。経験的な効果保証とは分離し、意味を保存して再形式化する。,,,,,INCONCLUSIVE,NOT_APPLICABLE_UNPROVED,,,codex-independent-wave4,2026-08-15,INDEPENDENT_REVIEW_COMPLETE,PARTIAL_CANDIDATE_SOURCE_ONLY,FAIL_NO_DIRECT_LOCATOR,FAIL_UNSUPPORTED_ATOMS:ab_testing=true;empirical_result=true;fault_tolerance=true,HYPOTHESIS,PASS_LOCAL_DESIGN_POLICY,PASS_AS_DISCLOSED_NORMATIVE_RULE,PASS_AFTER_EXPLICIT_CRITERIA_AND_EXCEPTION,FAIL_UNSUPPORTED_ATOMS:ab_testing=true;empirical_result=true;fault_tolerance=true
SENT-3410,52bebecfb2a435d0e7ff2efea557c5799674ded6,問い合わせ対応、利用分析、モデル改善への二次利用は別の権限と目的として扱います。,本ガイドの基本構成では、問い合わせ対応、利用分析、モデル改善への二次利用は別の権限と目的として扱います。,"AND(ATOM(authorization=true), ATOM(empirical_result=true))",AND,empirical_or_research_claim,UNCLASSIFIED,8.4.4 (docs/8.安全に運用する/8.4.監査とトレーサビリティ.md:74),SRC-124,UNVERIFIED_CANDIDATE_URL_ONLY,EMPIRICAL_RESULT,empirical_result=true,authorization=true,,REWRITE_REQUIRED,権威性=候補一次資料のみ; 直接性=locator未確認; 網羅性=未支持atom=authorization=true; 主張極性=EMPIRICAL_RESULTとして再分類; スコープ=PASS_AFTER_TEST_SCOPE_QUALIFICATION; モダリティ=PASS_AFTER_HYPOTHESIS_QUALIFIER; 教材妥当性=PASS_AS_EXPLICIT_TESTABLE_HYPOTHESIS; 形式化妥当性=FAIL_UNSUPPORTED_ATOMS:authorization=true。「問い合わせ対応、利用分析、モデル改善への二次利用は別の権限と目的として扱います。」は候補資料(SRC-124)に直接locatorがなく、一般的事実としてはFAIL_UNSUPPORTED_ATOMS:authorization=trueが残る。原文の対象と作用を維持したまま、本ガイドの構成または対象データでの検証へスコープを限定すれば教材上の検討事項を保持できる。,,,UNVERIFIED,原文をrevised_sentenceへ置換し、対象データ、比較条件、観測指標、合否閾値を同じ節に追記する。検証後に限り事実表現へ戻し、意味を保存して再形式化する。,,,,,INCONCLUSIVE,NOT_APPLICABLE_UNPROVED,,,codex-independent-wave4,2026-08-15,INDEPENDENT_REVIEW_COMPLETE,PARTIAL_CANDIDATE_SOURCE_ONLY,FAIL_NO_DIRECT_LOCATOR,FAIL_UNSUPPORTED_ATOMS:authorization=true,EMPIRICAL_RESULT,PASS_AFTER_TEST_SCOPE_QUALIFICATION,PASS_AFTER_HYPOTHESIS_QUALIFIER,PASS_AS_EXPLICIT_TESTABLE_HYPOTHESIS,FAIL_UNSUPPORTED_ATOMS:authorization=true
SENT-3411,52bebecfb2a435d0e7ff2efea557c5799674ded6,個人情報漏えいに関する研究を踏まえ、検索本文だけでなく利用者の質問、拒否理由、ツール引数にも個人情報がある前提で除去します。,本ガイドの基本構成では、個人情報漏えいに関する研究を踏まえ、検索本文だけでなく利用者の質問、拒否理由、ツール引数にも個人情報がある前提で除去します。,"AND(AND(ATOM(retrieval=true), ATOM(privacy=true)), ATOM(tool_use=true))",AND,externally_cited_claim,UNCLASSIFIED,8.4.4 (docs/8.安全に運用する/8.4.監査とトレーサビリティ.md:76),SRC-124,UNVERIFIED_CANDIDATE_URL_ONLY,AUTHOR_CLAIM,privacy=true;retrieval=true,tool_use=true,,REWRITE_REQUIRED,権威性=候補一次資料のみ; 直接性=locator未確認; 網羅性=未支持atom=tool_use=true; 主張極性=AUTHOR_CLAIMとして再分類; スコープ=PASS_AFTER_CONCRETE_VERSION_OR_EXPERIMENT_SCOPE; モダリティ=PASS_AFTER_CONDITIONAL_OR_REPRODUCTION_WORDING; 教材妥当性=PASS_AFTER_CONCRETE_VERSION_OR_EXPERIMENT_QUALIFIER; 形式化妥当性=FAIL_UNSUPPORTED_ATOMS:tool_use=true。「個人情報漏えいに関する研究を踏まえ、検索本文だけでなく利用者の質問、拒否理由、ツール引数にも個人情報がある前提で除去します。」の候補資料(SRC-124)はURL単位で、節・ページ・表・API見出しを独立に確認できていない。現文のFAIL_UNSUPPORTED_ATOMS:tool_use=true、版・実験条件、資料内極性を断定せず、具体的な製品前提・ローカル定義・再現試験へ限定すれば教材内容を保持できる。,,,UNVERIFIED,原文をrevised_sentenceの具体文へ置換する。製品文は利用時点のregion/versionを受入条件へ追加し、研究文は同じ指標・比較条件で再現確認する。事実表現へ戻す場合は直接locatorを再監査する。,,,,,INCONCLUSIVE,NOT_APPLICABLE_UNPROVED,,,codex-independent-wave4,2026-08-15,INDEPENDENT_REVIEW_COMPLETE,PARTIAL_CANDIDATE_SOURCE_ONLY,FAIL_NO_DIRECT_LOCATOR,FAIL_UNSUPPORTED_ATOMS:tool_use=true,AUTHOR_CLAIM,PASS_AFTER_CONCRETE_VERSION_OR_EXPERIMENT_SCOPE,PASS_AFTER_CONDITIONAL_OR_REPRODUCTION_WORDING,PASS_AFTER_CONCRETE_VERSION_OR_EXPERIMENT_QUALIFIER,FAIL_UNSUPPORTED_ATOMS:tool_use=true
SENT-3421,52bebecfb2a435d0e7ff2efea557c5799674ded6,内部アルゴリズム監査の枠組みが設計から運用までを対象とするように、RAGでも設計判断、公開承認、本番記録をつなぎます。,本ガイドの基本構成では、内部アルゴリズム監査の枠組みが設計から運用までを対象とするように、RAGでも設計判断、公開承認、本番記録をつなぎます。,UNFORMALIZED,UNFORMALIZED,externally_cited_claim,UNCLASSIFIED,8.4.5 (docs/8.安全に運用する/8.4.監査とトレーサビリティ.md:93),SRC-016,UNVERIFIED_CANDIDATE_URL_ONLY,AUTHOR_CLAIM,,,,REWRITE_REQUIRED,権威性=候補一次資料のみ; 直接性=locator未確認; 網羅性=未支持atom=none-explicit; 主張極性=AUTHOR_CLAIMとして再分類; スコープ=PASS_AFTER_CONCRETE_VERSION_OR_EXPERIMENT_SCOPE; モダリティ=PASS_AFTER_CONDITIONAL_OR_REPRODUCTION_WORDING; 教材妥当性=PASS_AFTER_CONCRETE_VERSION_OR_EXPERIMENT_QUALIFIER; 形式化妥当性=FAIL_UNFORMALIZED。「内部アルゴリズム監査の枠組みが設計から運用までを対象とするように、RAGでも設計判断、公開承認、本番記録をつなぎます。」の候補資料(SRC-016)はURL単位で、節・ページ・表・API見出しを独立に確認できていない。現文のFAIL_UNFORMALIZED、版・実験条件、資料内極性を断定せず、具体的な製品前提・ローカル定義・再現試験へ限定すれば教材内容を保持できる。,,,UNVERIFIED,原文をrevised_sentenceの具体文へ置換する。製品文は利用時点のregion/versionを受入条件へ追加し、研究文は同じ指標・比較条件で再現確認する。事実表現へ戻す場合は直接locatorを再監査する。,,,,,INCONCLUSIVE,NOT_APPLICABLE_UNPROVED,,,codex-independent-wave4,2026-08-15,INDEPENDENT_REVIEW_COMPLETE,PARTIAL_CANDIDATE_SOURCE_ONLY,FAIL_NO_DIRECT_LOCATOR,FAIL_UNFORMALIZED,AUTHOR_CLAIM,PASS_AFTER_CONCRETE_VERSION_OR_EXPERIMENT_SCOPE,PASS_AFTER_CONDITIONAL_OR_REPRODUCTION_WORDING,PASS_AFTER_CONCRETE_VERSION_OR_EXPERIMENT_QUALIFIER,FAIL_UNFORMALIZED
SENT-3429,52bebecfb2a435d0e7ff2efea557c5799674ded6,最初のトークンまでの時間、最終回答までの時間、検索時間、ツール時間、成功率、可用性をSLIにします。,本ガイドの基本構成では、最初のトークンまでの時間、最終回答までの時間、検索時間、ツール時間、成功率、可用性をSLIにします。,"AND(AND(AND(ATOM(retrieval=true), ATOM(generation=true)), ATOM(temporal_freshness=true)), ATOM(tool_use=true))",AND,general_technical_claim,UNCLASSIFIED,8.5.1 (docs/8.安全に運用する/8.5.性能と可用性.md:11),SRC-131,UNVERIFIED_CANDIDATE_URL_ONLY,BACKGROUND_CITATION,retrieval=true,generation=true;temporal_freshness=true;tool_use=true,,REWRITE_REQUIRED,権威性=候補一次資料のみ; 直接性=locator未確認; 網羅性=未支持atom=generation=true;temporal_freshness=true;tool_use=true; 主張極性=BACKGROUND_CITATIONとして再分類; スコープ=PASS_AFTER_TEST_SCOPE_QUALIFICATION; モダリティ=PASS_AFTER_HYPOTHESIS_QUALIFIER; 教材妥当性=PASS_AS_EXPLICIT_TESTABLE_HYPOTHESIS; 形式化妥当性=FAIL_UNSUPPORTED_ATOMS:generation=true;temporal_freshness=true;tool_use=true。「最初のトークンまでの時間、最終回答までの時間、検索時間、ツール時間、成功率、可用性をSLIにします。」は候補資料(SRC-131)に直接locatorがなく、一般的事実としてはFAIL_UNSUPPORTED_ATOMS:generation=true;temporal_freshness=true;tool_use=trueが残る。原文の対象と作用を維持したまま、本ガイドの構成または対象データでの検証へスコープを限定すれば教材上の検討事項を保持できる。,,,UNVERIFIED,原文をrevised_sentenceへ置換し、対象データ、比較条件、観測指標、合否閾値を同じ節に追記する。検証後に限り事実表現へ戻し、意味を保存して再形式化する。,,,,,INCONCLUSIVE,NOT_APPLICABLE_UNPROVED,,,codex-independent-wave4,2026-08-15,INDEPENDENT_REVIEW_COMPLETE,PARTIAL_CANDIDATE_SOURCE_ONLY,FAIL_NO_DIRECT_LOCATOR,FAIL_UNSUPPORTED_ATOMS:generation=true;temporal_freshness=true;tool_use=true,BACKGROUND_CITATION,PASS_AFTER_TEST_SCOPE_QUALIFICATION,PASS_AFTER_HYPOTHESIS_QUALIFIER,PASS_AS_EXPLICIT_TESTABLE_HYPOTHESIS,FAIL_UNSUPPORTED_ATOMS:generation=true;temporal_freshness=true;tool_use=true
SENT-3431,52bebecfb2a435d0e7ff2efea557c5799674ded6,The Tail at Scaleは、多数の構成要素を組み合わせると、一部の遅い処理が全体の末尾遅延を大きくすることを示しています。,多数の構成要素を組み合わせると、一部の遅い処理が全体の末尾遅延を大きくすることが対象データでも成り立つかを、同じ条件と指標で検証します。,ATOM(scalability=true),ATOM,externally_cited_claim,UNCLASSIFIED,8.5.1 (docs/8.安全に運用する/8.5.性能と可用性.md:14),SRC-131,UNVERIFIED_CANDIDATE_URL_ONLY,AUTHOR_CLAIM,,scalability=true,,REWRITE_REQUIRED,権威性=候補一次資料のみ; 直接性=locator未確認; 網羅性=未支持atom=scalability=true; 主張極性=AUTHOR_CLAIMとして再分類; スコープ=PASS_AFTER_CONCRETE_VERSION_OR_EXPERIMENT_SCOPE; モダリティ=PASS_AFTER_CONDITIONAL_OR_REPRODUCTION_WORDING; 教材妥当性=PASS_AFTER_CONCRETE_VERSION_OR_EXPERIMENT_QUALIFIER; 形式化妥当性=FAIL_UNSUPPORTED_ATOMS:scalability=true。「The Tail at Scaleは、多数の構成要素を組み合わせると、一部の遅い処理が全体の末尾遅延を大きくすることを示しています。」の候補資料(SRC-131)はURL単位で、節・ページ・表・API見出しを独立に確認できていない。現文のFAIL_UNSUPPORTED_ATOMS:scalability=true、版・実験条件、資料内極性を断定せず、具体的な製品前提・ローカル定義・再現試験へ限定すれば教材内容を保持できる。,,,UNVERIFIED,原文をrevised_sentenceの具体文へ置換する。製品文は利用時点のregion/versionを受入条件へ追加し、研究文は同じ指標・比較条件で再現確認する。事実表現へ戻す場合は直接locatorを再監査する。,,,,,INCONCLUSIVE,NOT_APPLICABLE_UNPROVED,,,codex-independent-wave4,2026-08-15,INDEPENDENT_REVIEW_COMPLETE,PARTIAL_CANDIDATE_SOURCE_ONLY,FAIL_NO_DIRECT_LOCATOR,FAIL_UNSUPPORTED_ATOMS:scalability=true,AUTHOR_CLAIM,PASS_AFTER_CONCRETE_VERSION_OR_EXPERIMENT_SCOPE,PASS_AFTER_CONDITIONAL_OR_REPRODUCTION_WORDING,PASS_AFTER_CONCRETE_VERSION_OR_EXPERIMENT_QUALIFIER,FAIL_UNSUPPORTED_ATOMS:scalability=true
SENT-3434,52bebecfb2a435d0e7ff2efea557c5799674ded6,これは改善と公開速度を調整するために使い、認可や機密保護を外す根拠にはしません。,これは改善と公開速度を調整するために使い、認可や機密保護を外す根拠にはしません。,"NOT(AND(AND(ATOM(evidence_support=true), ATOM(authorization=true)), ATOM(empirical_result=true)))",NOT,empirical_or_research_claim,ません,8.5.1 (docs/8.安全に運用する/8.5.性能と可用性.md:18),SRC-131,NOT_APPLICABLE_LOCAL_NORM,HYPOTHESIS,empirical_result=true,authorization=true;evidence_support=true,NOT,APPROPRIATE_NORMATIVE,権威性=候補一次資料のみ; 直接性=locator未確認; 網羅性=関係NOT自体の根拠未確認; 主張極性=HYPOTHESISとして再分類; スコープ=PASS_LOCAL_DESIGN_POLICY; モダリティ=PASS_AS_DISCLOSED_NORMATIVE_RULE; 教材妥当性=PASS_AFTER_EXPLICIT_CRITERIA_AND_EXCEPTION; 形式化妥当性=FAIL_RELATION_NOT。「これは改善と公開速度を調整するために使い、認可や機密保護を外す根拠にはしません。」は外的真偽の断定ではなく、対象・処理・判断を特定した設計・運用上の選択規則として読める。ただし候補資料(SRC-131)はURL単位で、直接locatorは未確認。規範の判断基準と例外を明示すれば教材として採用できる。形式面ではFAIL_RELATION_NOTを別途解消する必要がある。,最小権限を維持し、認可前後の候補、拒否理由、漏えい試験を観測可能にすること,法令・契約・組織方針がより厳しい場合はその基準を優先し、緊急例外も期限と事後監査を必須とする,NOT_APPLICABLE,本文は維持し、節内に判断基準「最小権限を維持し、認可前後の候補、拒否理由、漏えい試験を観測可能にすること」と例外「法令・契約・組織方針がより厳しい場合はその基準を優先し、緊急例外も期限と事後監査を必須とする」を明記する。経験的な効果保証とは分離し、意味を保存して再形式化する。,,,,,INCONCLUSIVE,NOT_APPLICABLE_UNPROVED,,,codex-independent-wave4,2026-08-15,INDEPENDENT_REVIEW_COMPLETE,PARTIAL_CANDIDATE_SOURCE_ONLY,FAIL_NO_DIRECT_LOCATOR,FAIL_RELATION_NOT,HYPOTHESIS,PASS_LOCAL_DESIGN_POLICY,PASS_AS_DISCLOSED_NORMATIVE_RULE,PASS_AFTER_EXPLICIT_CRITERIA_AND_EXCEPTION,FAIL_RELATION_NOT
SENT-3435,52bebecfb2a435d0e7ff2efea557c5799674ded6,最終回答のSLOから、認証、質問変換、検索、再順位付け、配置、生成、検証、ツールへ時間を配分します。,本ガイドの基本構成では、最終回答のSLOから、認証、質問変換、検索、再順位付け、配置、生成、検証、ツールへ時間を配分します。,"AND(AND(AND(AND(AND(ATOM(rerank=true), ATOM(retrieval=true)), ATOM(generation=true)), ATOM(verification=true)), ATOM(temporal_freshness=true)), ATOM(tool_use=true))",AND,general_technical_claim,UNCLASSIFIED,8.5.1 (docs/8.安全に運用する/8.5.性能と可用性.md:20),SRC-131,UNVERIFIED_CANDIDATE_URL_ONLY,BACKGROUND_CITATION,retrieval=true,generation=true;rerank=true;temporal_freshness=true;tool_use=true;verification=true,,REWRITE_REQUIRED,権威性=候補一次資料のみ; 直接性=locator未確認; 網羅性=未支持atom=generation=true;rerank=true;temporal_freshness=true;tool_use=true;verification=true; 主張極性=BACKGROUND_CITATIONとして再分類; スコープ=PASS_AFTER_TEST_SCOPE_QUALIFICATION; モダリティ=PASS_AFTER_HYPOTHESIS_QUALIFIER; 教材妥当性=PASS_AS_EXPLICIT_TESTABLE_HYPOTHESIS; 形式化妥当性=FAIL_UNSUPPORTED_ATOMS:generation=true;rerank=true;temporal_freshness=true;tool_use=true;verification=true。「最終回答のSLOから、認証、質問変換、検索、再順位付け、配置、生成、検証、ツールへ時間を配分します。」は候補資料(SRC-131)に直接locatorがなく、一般的事実としてはFAIL_UNSUPPORTED_ATOMS:generation=true;rerank=true;temporal_freshness=true;tool_use=true;verification=trueが残る。原文の対象と作用を維持したまま、本ガイドの構成または対象データでの検証へスコープを限定すれば教材上の検討事項を保持できる。,,,UNVERIFIED,原文をrevised_sentenceへ置換し、対象データ、比較条件、観測指標、合否閾値を同じ節に追記する。検証後に限り事実表現へ戻し、意味を保存して再形式化する。,,,,,INCONCLUSIVE,NOT_APPLICABLE_UNPROVED,,,codex-independent-wave4,2026-08-15,INDEPENDENT_REVIEW_COMPLETE,PARTIAL_CANDIDATE_SOURCE_ONLY,FAIL_NO_DIRECT_LOCATOR,FAIL_UNSUPPORTED_ATOMS:generation=true;rerank=true;temporal_freshness=true;tool_use=true;verification=true,BACKGROUND_CITATION,PASS_AFTER_TEST_SCOPE_QUALIFICATION,PASS_AFTER_HYPOTHESIS_QUALIFIER,PASS_AS_EXPLICIT_TESTABLE_HYPOTHESIS,FAIL_UNSUPPORTED_ATOMS:generation=true;rerank=true;temporal_freshness=true;tool_use=true;verification=true
SENT-3443,52bebecfb2a435d0e7ff2efea557c5799674ded6,HNSWでは、グラフの接続数、構築時の探索幅、検索時の探索幅を段階的に変え、Recall、遅延、メモリを同時に比較します。,本ガイドの基本構成では、HNSWでは、グラフの接続数、構築時の探索幅、検索時の探索幅を段階的に変え、Recall、遅延、メモリを同時に比較します。,"AND(AND(ATOM(graph_index=true), ATOM(retrieval=true)), ATOM(recall_metric=true))",AND,concrete_technology_claim,UNCLASSIFIED,8.5.2 (docs/8.安全に運用する/8.5.性能と可用性.md:34),SRC-047,UNVERIFIED_CANDIDATE_URL_ONLY,DEFINITION_OR_SPEC,graph_index=true;retrieval=true,recall_metric=true,,REWRITE_REQUIRED,権威性=候補一次資料のみ; 直接性=locator未確認; 網羅性=未支持atom=recall_metric=true; 主張極性=DEFINITION_OR_SPECとして再分類; スコープ=PASS_AFTER_CONCRETE_VERSION_OR_EXPERIMENT_SCOPE; モダリティ=PASS_AFTER_CONDITIONAL_OR_REPRODUCTION_WORDING; 教材妥当性=PASS_AFTER_CONCRETE_VERSION_OR_EXPERIMENT_QUALIFIER; 形式化妥当性=FAIL_UNSUPPORTED_ATOMS:recall_metric=true。「HNSWでは、グラフの接続数、構築時の探索幅、検索時の探索幅を段階的に変え、Recall、遅延、メモリを同時に比較します。」の候補資料(SRC-047)はURL単位で、節・ページ・表・API見出しを独立に確認できていない。現文のFAIL_UNSUPPORTED_ATOMS:recall_metric=true、版・実験条件、資料内極性を断定せず、具体的な製品前提・ローカル定義・再現試験へ限定すれば教材内容を保持できる。,,,UNVERIFIED,原文をrevised_sentenceの具体文へ置換する。製品文は利用時点のregion/versionを受入条件へ追加し、研究文は同じ指標・比較条件で再現確認する。事実表現へ戻す場合は直接locatorを再監査する。,,,,,INCONCLUSIVE,NOT_APPLICABLE_UNPROVED,,,codex-independent-wave4,2026-08-15,INDEPENDENT_REVIEW_COMPLETE,PARTIAL_CANDIDATE_SOURCE_ONLY,FAIL_NO_DIRECT_LOCATOR,FAIL_UNSUPPORTED_ATOMS:recall_metric=true,DEFINITION_OR_SPEC,PASS_AFTER_CONCRETE_VERSION_OR_EXPERIMENT_SCOPE,PASS_AFTER_CONDITIONAL_OR_REPRODUCTION_WORDING,PASS_AFTER_CONCRETE_VERSION_OR_EXPERIMENT_QUALIFIER,FAIL_UNSUPPORTED_ATOMS:recall_metric=true
SENT-3444,52bebecfb2a435d0e7ff2efea557c5799674ded6,HNSWや大規模類似検索の研究の結果は設定候補になりますが、最適値は実際のデータと負荷に依存します。,本ガイドの基本構成では、HNSWや大規模類似検索の研究の結果は設定候補になりますが、最適値は実際のデータと負荷に依存します。,UNFORMALIZED,UNFORMALIZED,externally_cited_claim,UNCLASSIFIED,8.5.2 (docs/8.安全に運用する/8.5.性能と可用性.md:35),SRC-047;SRC-052,UNVERIFIED_CANDIDATE_URL_ONLY,EMPIRICAL_RESULT,,,,REWRITE_REQUIRED,権威性=候補一次資料のみ; 直接性=locator未確認; 網羅性=未支持atom=none-explicit; 主張極性=EMPIRICAL_RESULTとして再分類; スコープ=PASS_AFTER_CONCRETE_VERSION_OR_EXPERIMENT_SCOPE; モダリティ=PASS_AFTER_CONDITIONAL_OR_REPRODUCTION_WORDING; 教材妥当性=PASS_AFTER_CONCRETE_VERSION_OR_EXPERIMENT_QUALIFIER; 形式化妥当性=FAIL_UNFORMALIZED。「HNSWや大規模類似検索の研究の結果は設定候補になりますが、最適値は実際のデータと負荷に依存します。」の候補資料(SRC-047;SRC-052)はURL単位で、節・ページ・表・API見出しを独立に確認できていない。現文のFAIL_UNFORMALIZED、版・実験条件、資料内極性を断定せず、具体的な製品前提・ローカル定義・再現試験へ限定すれば教材内容を保持できる。,,,UNVERIFIED,原文をrevised_sentenceの具体文へ置換する。製品文は利用時点のregion/versionを受入条件へ追加し、研究文は同じ指標・比較条件で再現確認する。事実表現へ戻す場合は直接locatorを再監査する。,,,,,INCONCLUSIVE,NOT_APPLICABLE_UNPROVED,,,codex-independent-wave4,2026-08-15,INDEPENDENT_REVIEW_COMPLETE,PARTIAL_CANDIDATE_SOURCE_ONLY,FAIL_NO_DIRECT_LOCATOR,FAIL_UNFORMALIZED,EMPIRICAL_RESULT,PASS_AFTER_CONCRETE_VERSION_OR_EXPERIMENT_SCOPE,PASS_AFTER_CONDITIONAL_OR_REPRODUCTION_WORDING,PASS_AFTER_CONCRETE_VERSION_OR_EXPERIMENT_QUALIFIER,FAIL_UNFORMALIZED
SENT-3447,52bebecfb2a435d0e7ff2efea557c5799674ded6,再順位付け候補数、コンテキスト長、出力長、モデル規模は、同じ全体予算を使います。,本ガイドの基本構成では、再順位付け候補数、コンテキスト長、出力長、モデル規模は、同じ全体予算を使います。,ATOM(rerank=true),ATOM,general_technical_claim,UNCLASSIFIED,8.5.2 (docs/8.安全に運用する/8.5.性能と可用性.md:40),SRC-010;SRC-011;SRC-013;SRC-016;SRC-020,UNVERIFIED_CANDIDATE_URL_ONLY,BACKGROUND_CITATION,,rerank=true,,REWRITE_REQUIRED,権威性=候補一次資料のみ; 直接性=locator未確認; 網羅性=未支持atom=rerank=true; 主張極性=BACKGROUND_CITATIONとして再分類; スコープ=PASS_AFTER_TEST_SCOPE_QUALIFICATION; モダリティ=PASS_AFTER_HYPOTHESIS_QUALIFIER; 教材妥当性=PASS_AS_EXPLICIT_TESTABLE_HYPOTHESIS; 形式化妥当性=FAIL_UNSUPPORTED_ATOMS:rerank=true。「再順位付け候補数、コンテキスト長、出力長、モデル規模は、同じ全体予算を使います。」は候補資料(SRC-010;SRC-011;SRC-013;SRC-016;SRC-020)に直接locatorがなく、一般的事実としてはFAIL_UNSUPPORTED_ATOMS:rerank=trueが残る。原文の対象と作用を維持したまま、本ガイドの構成または対象データでの検証へスコープを限定すれば教材上の検討事項を保持できる。,,,UNVERIFIED,原文をrevised_sentenceへ置換し、対象データ、比較条件、観測指標、合否閾値を同じ節に追記する。検証後に限り事実表現へ戻し、意味を保存して再形式化する。,,,,,INCONCLUSIVE,NOT_APPLICABLE_UNPROVED,,,codex-independent-wave4,2026-08-15,INDEPENDENT_REVIEW_COMPLETE,PARTIAL_CANDIDATE_SOURCE_ONLY,FAIL_NO_DIRECT_LOCATOR,FAIL_UNSUPPORTED_ATOMS:rerank=true,BACKGROUND_CITATION,PASS_AFTER_TEST_SCOPE_QUALIFICATION,PASS_AFTER_HYPOTHESIS_QUALIFIER,PASS_AS_EXPLICIT_TESTABLE_HYPOTHESIS,FAIL_UNSUPPORTED_ATOMS:rerank=true
SENT-3448,52bebecfb2a435d0e7ff2efea557c5799674ded6,候補を増やすと再順位付けと入力の費用が増え、圧縮を強めると必要な条件を失う可能性があります。,本ガイドの基本構成では、候補を増やすと再順位付けと入力の費用が増え、圧縮を強めると必要な条件を失う可能性があります。,"AND(AND(ATOM(rerank=true), ATOM(compression=true)), ATOM(cost=true))",AND,general_technical_claim,必要;可能,8.5.2 (docs/8.安全に運用する/8.5.性能と可用性.md:41),SRC-091;SRC-052,UNVERIFIED_CANDIDATE_URL_ONLY,BACKGROUND_CITATION,compression=true;cost=true,rerank=true,,REWRITE_REQUIRED,権威性=候補一次資料のみ; 直接性=locator未確認; 網羅性=未支持atom=rerank=true; 主張極性=BACKGROUND_CITATIONとして再分類; スコープ=PASS_AFTER_TEST_SCOPE_QUALIFICATION; モダリティ=PASS_AFTER_HYPOTHESIS_QUALIFIER; 教材妥当性=PASS_AS_EXPLICIT_TESTABLE_HYPOTHESIS; 形式化妥当性=FAIL_UNSUPPORTED_ATOMS:rerank=true。「候補を増やすと再順位付けと入力の費用が増え、圧縮を強めると必要な条件を失う可能性があります。」は候補資料(SRC-091;SRC-052)に直接locatorがなく、一般的事実としてはFAIL_UNSUPPORTED_ATOMS:rerank=trueが残る。原文の対象と作用を維持したまま、本ガイドの構成または対象データでの検証へスコープを限定すれば教材上の検討事項を保持できる。,,,UNVERIFIED,原文をrevised_sentenceへ置換し、対象データ、比較条件、観測指標、合否閾値を同じ節に追記する。検証後に限り事実表現へ戻し、意味を保存して再形式化する。,,,,,INCONCLUSIVE,NOT_APPLICABLE_UNPROVED,,,codex-independent-wave4,2026-08-15,INDEPENDENT_REVIEW_COMPLETE,PARTIAL_CANDIDATE_SOURCE_ONLY,FAIL_NO_DIRECT_LOCATOR,FAIL_UNSUPPORTED_ATOMS:rerank=true,BACKGROUND_CITATION,PASS_AFTER_TEST_SCOPE_QUALIFICATION,PASS_AFTER_HYPOTHESIS_QUALIFIER,PASS_AS_EXPLICIT_TESTABLE_HYPOTHESIS,FAIL_UNSUPPORTED_ATOMS:rerank=true
SENT-3452,52bebecfb2a435d0e7ff2efea557c5799674ded6,速くなったものの回答が使えず再質問が増える構成は、全体改善とはみなしません。,速くなったものの回答が使えず再質問が増える構成は、全体改善とはみなしません。,"NOT(AND(ATOM(generation=true), ATOM(empirical_result=true)))",NOT,empirical_or_research_claim,ません,8.5.2 (docs/8.安全に運用する/8.5.性能と可用性.md:47),SRC-091;SRC-132;SRC-047;SRC-052,NOT_APPLICABLE_LOCAL_NORM,HYPOTHESIS,empirical_result=true;generation=true,,NOT,APPROPRIATE_NORMATIVE,権威性=候補一次資料のみ; 直接性=locator未確認; 網羅性=関係NOT自体の根拠未確認; 主張極性=HYPOTHESISとして再分類; スコープ=PASS_LOCAL_DESIGN_POLICY; モダリティ=PASS_AS_DISCLOSED_NORMATIVE_RULE; 教材妥当性=PASS_AFTER_EXPLICIT_CRITERIA_AND_EXCEPTION; 形式化妥当性=FAIL_RELATION_NOT。「速くなったものの回答が使えず再質問が増える構成は、全体改善とはみなしません。」は外的真偽の断定ではなく、対象・処理・判断を特定した設計・運用上の選択規則として読める。ただし候補資料(SRC-091;SRC-132;SRC-047;SRC-052)はURL単位で、直接locatorは未確認。規範の判断基準と例外を明示すれば教材として採用できる。形式面ではFAIL_RELATION_NOTを別途解消する必要がある。,禁止対象、禁止理由、代替経路を明示し、安全性・再現性・追跡性のいずれを守る規則か検査できること,禁止理由を満たす別の統制が同等以上の証拠で確認できる場合のみ例外とし、理由と期限を記録する,NOT_APPLICABLE,本文は維持し、節内に判断基準「禁止対象、禁止理由、代替経路を明示し、安全性・再現性・追跡性のいずれを守る規則か検査できること」と例外「禁止理由を満たす別の統制が同等以上の証拠で確認できる場合のみ例外とし、理由と期限を記録する」を明記する。経験的な効果保証とは分離し、意味を保存して再形式化する。,,,,,INCONCLUSIVE,NOT_APPLICABLE_UNPROVED,,,codex-independent-wave4,2026-08-15,INDEPENDENT_REVIEW_COMPLETE,PARTIAL_CANDIDATE_SOURCE_ONLY,FAIL_NO_DIRECT_LOCATOR,FAIL_RELATION_NOT,HYPOTHESIS,PASS_LOCAL_DESIGN_POLICY,PASS_AS_DISCLOSED_NORMATIVE_RULE,PASS_AFTER_EXPLICIT_CRITERIA_AND_EXCEPTION,FAIL_RELATION_NOT
SENT-3453,52bebecfb2a435d0e7ff2efea557c5799674ded6,システム容量は、生成モデルだけでなく、ベクトルストア、外部提供者の利用上限、ツールの接続先、待ち行列のうち最も小さい能力で制約されます。,本ガイドの基本構成では、システム容量は、生成モデルだけでなく、ベクトルストア、外部提供者の利用上限、ツールの接続先、待ち行列のうち最も小さい能力で制約されます。,"AND(ATOM(generation=true), ATOM(tool_use=true))",AND,general_technical_claim,UNCLASSIFIED,8.5.3 (docs/8.安全に運用する/8.5.性能と可用性.md:51),SRC-091;SRC-132,UNVERIFIED_CANDIDATE_URL_ONLY,BACKGROUND_CITATION,generation=true,tool_use=true,,REWRITE_REQUIRED,権威性=候補一次資料のみ; 直接性=locator未確認; 網羅性=未支持atom=tool_use=true; 主張極性=BACKGROUND_CITATIONとして再分類; スコープ=PASS_AFTER_TEST_SCOPE_QUALIFICATION; モダリティ=PASS_AFTER_HYPOTHESIS_QUALIFIER; 教材妥当性=PASS_AS_EXPLICIT_TESTABLE_HYPOTHESIS; 形式化妥当性=FAIL_UNSUPPORTED_ATOMS:tool_use=true。「システム容量は、生成モデルだけでなく、ベクトルストア、外部提供者の利用上限、ツールの接続先、待ち行列のうち最も小さい能力で制約されます。」は候補資料(SRC-091;SRC-132)に直接locatorがなく、一般的事実としてはFAIL_UNSUPPORTED_ATOMS:tool_use=trueが残る。原文の対象と作用を維持したまま、本ガイドの構成または対象データでの検証へスコープを限定すれば教材上の検討事項を保持できる。,,,UNVERIFIED,原文をrevised_sentenceへ置換し、対象データ、比較条件、観測指標、合否閾値を同じ節に追記する。検証後に限り事実表現へ戻し、意味を保存して再形式化する。,,,,,INCONCLUSIVE,NOT_APPLICABLE_UNPROVED,,,codex-independent-wave4,2026-08-15,INDEPENDENT_REVIEW_COMPLETE,PARTIAL_CANDIDATE_SOURCE_ONLY,FAIL_NO_DIRECT_LOCATOR,FAIL_UNSUPPORTED_ATOMS:tool_use=true,BACKGROUND_CITATION,PASS_AFTER_TEST_SCOPE_QUALIFICATION,PASS_AFTER_HYPOTHESIS_QUALIFIER,PASS_AS_EXPLICIT_TESTABLE_HYPOTHESIS,FAIL_UNSUPPORTED_ATOMS:tool_use=true
SENT-3468,52bebecfb2a435d0e7ff2efea557c5799674ded6,再順位付け器の障害時は認可済みの初期順位、大きなモデルの障害時は事前評価済みの小さなモデルを使えます。,本ガイドの基本構成では、再順位付け器の障害時は認可済みの初期順位、大きなモデルの障害時は事前評価済みの小さなモデルを使えます。,"AND(AND(AND(ATOM(rerank=true), ATOM(evaluation=true)), ATOM(fault_tolerance=true)), ATOM(authorization=true))",AND,general_technical_claim,UNCLASSIFIED,8.5.4 (docs/8.安全に運用する/8.5.性能と可用性.md:74),SRC-047;SRC-131;SRC-132,UNVERIFIED_CANDIDATE_URL_ONLY,EMPIRICAL_RESULT,evaluation=true;fault_tolerance=true,authorization=true;rerank=true,,REWRITE_REQUIRED,権威性=候補一次資料のみ; 直接性=locator未確認; 網羅性=未支持atom=authorization=true;rerank=true; 主張極性=EMPIRICAL_RESULTとして再分類; スコープ=PASS_AFTER_TEST_SCOPE_QUALIFICATION; モダリティ=PASS_AFTER_HYPOTHESIS_QUALIFIER; 教材妥当性=PASS_AS_EXPLICIT_TESTABLE_HYPOTHESIS; 形式化妥当性=FAIL_UNSUPPORTED_ATOMS:authorization=true;rerank=true。「再順位付け器の障害時は認可済みの初期順位、大きなモデルの障害時は事前評価済みの小さなモデルを使えます。」は候補資料(SRC-047;SRC-131;SRC-132)に直接locatorがなく、一般的事実としてはFAIL_UNSUPPORTED_ATOMS:authorization=true;rerank=trueが残る。原文の対象と作用を維持したまま、本ガイドの構成または対象データでの検証へスコープを限定すれば教材上の検討事項を保持できる。,,,UNVERIFIED,原文をrevised_sentenceへ置換し、対象データ、比較条件、観測指標、合否閾値を同じ節に追記する。検証後に限り事実表現へ戻し、意味を保存して再形式化する。,,,,,INCONCLUSIVE,NOT_APPLICABLE_UNPROVED,,,codex-independent-wave4,2026-08-15,INDEPENDENT_REVIEW_COMPLETE,PARTIAL_CANDIDATE_SOURCE_ONLY,FAIL_NO_DIRECT_LOCATOR,FAIL_UNSUPPORTED_ATOMS:authorization=true;rerank=true,EMPIRICAL_RESULT,PASS_AFTER_TEST_SCOPE_QUALIFICATION,PASS_AFTER_HYPOTHESIS_QUALIFIER,PASS_AS_EXPLICIT_TESTABLE_HYPOTHESIS,FAIL_UNSUPPORTED_ATOMS:authorization=true;rerank=true
SENT-3480,52bebecfb2a435d0e7ff2efea557c5799674ded6,RAGの費用は、生成モデルのトークン料金だけではありません。,本ガイドの基本構成では、RAGの費用は、生成モデルのトークン料金だけではありません。,"NOT(AND(ATOM(generation=true), ATOM(cost=true)))",NOT,general_technical_claim,ません,FILE-INTRO (docs/8.安全に運用する/8.6.コスト管理.md:3),SRC-089;SRC-091;SRC-133;SRC-134;SRC-046,UNVERIFIED_CANDIDATE_URL_ONLY,BACKGROUND_CITATION,cost=true;generation=true,,NOT,REWRITE_REQUIRED,権威性=候補一次資料のみ; 直接性=locator未確認; 網羅性=関係NOT自体の根拠未確認; 主張極性=BACKGROUND_CITATIONとして再分類; スコープ=PASS_AFTER_TEST_SCOPE_QUALIFICATION; モダリティ=PASS_AFTER_HYPOTHESIS_QUALIFIER; 教材妥当性=PASS_AS_EXPLICIT_TESTABLE_HYPOTHESIS; 形式化妥当性=FAIL_RELATION_NOT。「RAGの費用は、生成モデルのトークン料金だけではありません。」は候補資料(SRC-089;SRC-091;SRC-133;SRC-134;SRC-046)に直接locatorがなく、一般的事実としてはFAIL_RELATION_NOTが残る。原文の対象と作用を維持したまま、本ガイドの構成または対象データでの検証へスコープを限定すれば教材上の検討事項を保持できる。,,,UNVERIFIED,原文をrevised_sentenceへ置換し、対象データ、比較条件、観測指標、合否閾値を同じ節に追記する。検証後に限り事実表現へ戻し、意味を保存して再形式化する。,,,,,INCONCLUSIVE,NOT_APPLICABLE_UNPROVED,,,codex-independent-wave4,2026-08-15,INDEPENDENT_REVIEW_COMPLETE,PARTIAL_CANDIDATE_SOURCE_ONLY,FAIL_NO_DIRECT_LOCATOR,FAIL_RELATION_NOT,BACKGROUND_CITATION,PASS_AFTER_TEST_SCOPE_QUALIFICATION,PASS_AFTER_HYPOTHESIS_QUALIFIER,PASS_AS_EXPLICIT_TESTABLE_HYPOTHESIS,FAIL_RELATION_NOT
SENT-3494,52bebecfb2a435d0e7ff2efea557c5799674ded6,全件再構築と差分更新、埋め込み次元、複製インデックス、バックアップ、解析器再処理を分けて見積もります。,本ガイドの基本構成では、全件再構築と差分更新、埋め込み次元、複製インデックス、バックアップ、解析器再処理を分けて見積もります。,"AND(ATOM(dimension_contract=true), ATOM(parsing=true))",AND,general_technical_claim,UNCLASSIFIED,8.6.2 (docs/8.安全に運用する/8.6.コスト管理.md:28),SRC-046,UNVERIFIED_CANDIDATE_URL_ONLY,BACKGROUND_CITATION,dimension_contract=true,parsing=true,,REWRITE_REQUIRED,権威性=候補一次資料のみ; 直接性=locator未確認; 網羅性=未支持atom=parsing=true; 主張極性=BACKGROUND_CITATIONとして再分類; スコープ=PASS_AFTER_TEST_SCOPE_QUALIFICATION; モダリティ=PASS_AFTER_HYPOTHESIS_QUALIFIER; 教材妥当性=PASS_AS_EXPLICIT_TESTABLE_HYPOTHESIS; 形式化妥当性=FAIL_UNSUPPORTED_ATOMS:parsing=true。「全件再構築と差分更新、埋め込み次元、複製インデックス、バックアップ、解析器再処理を分けて見積もります。」は候補資料(SRC-046)に直接locatorがなく、一般的事実としてはFAIL_UNSUPPORTED_ATOMS:parsing=trueが残る。原文の対象と作用を維持したまま、本ガイドの構成または対象データでの検証へスコープを限定すれば教材上の検討事項を保持できる。,,,UNVERIFIED,原文をrevised_sentenceへ置換し、対象データ、比較条件、観測指標、合否閾値を同じ節に追記する。検証後に限り事実表現へ戻し、意味を保存して再形式化する。,,,,,INCONCLUSIVE,NOT_APPLICABLE_UNPROVED,,,codex-independent-wave4,2026-08-15,INDEPENDENT_REVIEW_COMPLETE,PARTIAL_CANDIDATE_SOURCE_ONLY,FAIL_NO_DIRECT_LOCATOR,FAIL_UNSUPPORTED_ATOMS:parsing=true,BACKGROUND_CITATION,PASS_AFTER_TEST_SCOPE_QUALIFICATION,PASS_AFTER_HYPOTHESIS_QUALIFIER,PASS_AS_EXPLICIT_TESTABLE_HYPOTHESIS,FAIL_UNSUPPORTED_ATOMS:parsing=true
SENT-3497,52bebecfb2a435d0e7ff2efea557c5799674ded6,内容のハッシュを使って変更のないチャンクの解析結果や埋め込みを再利用します。,本ガイドの基本構成では、内容のハッシュを使って変更のないチャンクの解析結果や埋め込みを再利用します。,"NOT(AND(ATOM(parsing=true), ATOM(empirical_result=true)))",NOT,general_technical_claim,ない,8.6.2 (docs/8.安全に運用する/8.6.コスト管理.md:33),SRC-046,UNVERIFIED_CANDIDATE_URL_ONLY,EMPIRICAL_RESULT,empirical_result=true,parsing=true,NOT,REWRITE_REQUIRED,権威性=候補一次資料のみ; 直接性=locator未確認; 網羅性=関係NOT自体の根拠未確認; 主張極性=EMPIRICAL_RESULTとして再分類; スコープ=PASS_AFTER_TEST_SCOPE_QUALIFICATION; モダリティ=PASS_AFTER_HYPOTHESIS_QUALIFIER; 教材妥当性=PASS_AS_EXPLICIT_TESTABLE_HYPOTHESIS; 形式化妥当性=FAIL_RELATION_NOT。「内容のハッシュを使って変更のないチャンクの解析結果や埋め込みを再利用します。」は候補資料(SRC-046)に直接locatorがなく、一般的事実としてはFAIL_RELATION_NOTが残る。原文の対象と作用を維持したまま、本ガイドの構成または対象データでの検証へスコープを限定すれば教材上の検討事項を保持できる。,,,UNVERIFIED,原文をrevised_sentenceへ置換し、対象データ、比較条件、観測指標、合否閾値を同じ節に追記する。検証後に限り事実表現へ戻し、意味を保存して再形式化する。,,,,,INCONCLUSIVE,NOT_APPLICABLE_UNPROVED,,,codex-independent-wave4,2026-08-15,INDEPENDENT_REVIEW_COMPLETE,PARTIAL_CANDIDATE_SOURCE_ONLY,FAIL_NO_DIRECT_LOCATOR,FAIL_RELATION_NOT,EMPIRICAL_RESULT,PASS_AFTER_TEST_SCOPE_QUALIFICATION,PASS_AFTER_HYPOTHESIS_QUALIFIER,PASS_AS_EXPLICIT_TESTABLE_HYPOTHESIS,FAIL_RELATION_NOT
SENT-3498,52bebecfb2a435d0e7ff2efea557c5799674ded6,解析器、チャンク分割、埋め込みモデルの変更で全件再計算が必要になる条件と、青緑切り替え中の二重保存期間をリリース計画へ含めます。,解析器、チャンク分割、埋め込みモデルの変更で全件再計算が必要になる条件と、青緑切り替え中の二重保存期間をリリース計画へ含めます。,"AND(AND(ATOM(chunking=true), ATOM(embedding_model=true)), ATOM(parsing=true))",AND,general_technical_claim,必要,8.6.2 (docs/8.安全に運用する/8.6.コスト管理.md:34),SRC-010;SRC-011;SRC-013;SRC-016;SRC-020,NOT_APPLICABLE_LOCAL_NORM,HYPOTHESIS,,chunking=true;embedding_model=true;parsing=true,,APPROPRIATE_NORMATIVE,権威性=候補一次資料のみ; 直接性=locator未確認; 網羅性=未支持atom=chunking=true;embedding_model=true;parsing=true; 主張極性=HYPOTHESISとして再分類; スコープ=PASS_LOCAL_DESIGN_POLICY; モダリティ=PASS_AS_DISCLOSED_NORMATIVE_RULE; 教材妥当性=PASS_AFTER_EXPLICIT_CRITERIA_AND_EXCEPTION; 形式化妥当性=FAIL_UNSUPPORTED_ATOMS:chunking=true;embedding_model=true;parsing=true。「解析器、チャンク分割、埋め込みモデルの変更で全件再計算が必要になる条件と、青緑切り替え中の二重保存期間をリリース計画へ含めます。」は外的真偽の断定ではなく、対象・処理・判断を特定した設計・運用上の選択規則として読める。ただし候補資料(SRC-010;SRC-011;SRC-013;SRC-016;SRC-020)はURL単位で、直接locatorは未確認。規範の判断基準と例外を明示すれば教材として採用できる。形式面ではFAIL_UNSUPPORTED_ATOMS:chunking=true;embedding_model=true;parsing=trueを別途解消する必要がある。,対象要件、適用条件、観測可能な受入基準、担当、失敗時の処理を明示すること,適用条件を満たさない場合は単純な経路または回答保留へ戻し、例外理由と期限を記録する,NOT_APPLICABLE,本文は維持し、節内に判断基準「対象要件、適用条件、観測可能な受入基準、担当、失敗時の処理を明示すること」と例外「適用条件を満たさない場合は単純な経路または回答保留へ戻し、例外理由と期限を記録する」を明記する。経験的な効果保証とは分離し、意味を保存して再形式化する。,,,,,INCONCLUSIVE,NOT_APPLICABLE_UNPROVED,,,codex-independent-wave4,2026-08-15,INDEPENDENT_REVIEW_COMPLETE,PARTIAL_CANDIDATE_SOURCE_ONLY,FAIL_NO_DIRECT_LOCATOR,FAIL_UNSUPPORTED_ATOMS:chunking=true;embedding_model=true;parsing=true,HYPOTHESIS,PASS_LOCAL_DESIGN_POLICY,PASS_AS_DISCLOSED_NORMATIVE_RULE,PASS_AFTER_EXPLICIT_CRITERIA_AND_EXCEPTION,FAIL_UNSUPPORTED_ATOMS:chunking=true;embedding_model=true;parsing=true
SENT-3499,52bebecfb2a435d0e7ff2efea557c5799674ded6,候補件数、複数質問の数、検索する知識ベース数、再順位付け候補数は、組み合わせによって費用を増やします。,本ガイドの基本構成では、候補件数、複数質問の数、検索する知識ベース数、再順位付け候補数は、組み合わせによって費用を増やします。,"AND(AND(AND(ATOM(rerank=true), ATOM(retrieval=true)), ATOM(external_knowledge=true)), ATOM(cost=true))",AND,general_technical_claim,UNCLASSIFIED,8.6.3 (docs/8.安全に運用する/8.6.コスト管理.md:38),SRC-058;SRC-089;SRC-091,UNVERIFIED_CANDIDATE_URL_ONLY,BACKGROUND_CITATION,cost=true;external_knowledge=true;retrieval=true,rerank=true,,REWRITE_REQUIRED,権威性=候補一次資料のみ; 直接性=locator未確認; 網羅性=未支持atom=rerank=true; 主張極性=BACKGROUND_CITATIONとして再分類; スコープ=PASS_AFTER_TEST_SCOPE_QUALIFICATION; モダリティ=PASS_AFTER_HYPOTHESIS_QUALIFIER; 教材妥当性=PASS_AS_EXPLICIT_TESTABLE_HYPOTHESIS; 形式化妥当性=FAIL_UNSUPPORTED_ATOMS:rerank=true。「候補件数、複数質問の数、検索する知識ベース数、再順位付け候補数は、組み合わせによって費用を増やします。」は候補資料(SRC-058;SRC-089;SRC-091)に直接locatorがなく、一般的事実としてはFAIL_UNSUPPORTED_ATOMS:rerank=trueが残る。原文の対象と作用を維持したまま、本ガイドの構成または対象データでの検証へスコープを限定すれば教材上の検討事項を保持できる。,,,UNVERIFIED,原文をrevised_sentenceへ置換し、対象データ、比較条件、観測指標、合否閾値を同じ節に追記する。検証後に限り事実表現へ戻し、意味を保存して再形式化する。,,,,,INCONCLUSIVE,NOT_APPLICABLE_UNPROVED,,,codex-independent-wave4,2026-08-15,INDEPENDENT_REVIEW_COMPLETE,PARTIAL_CANDIDATE_SOURCE_ONLY,FAIL_NO_DIRECT_LOCATOR,FAIL_UNSUPPORTED_ATOMS:rerank=true,BACKGROUND_CITATION,PASS_AFTER_TEST_SCOPE_QUALIFICATION,PASS_AFTER_HYPOTHESIS_QUALIFIER,PASS_AS_EXPLICIT_TESTABLE_HYPOTHESIS,FAIL_UNSUPPORTED_ATOMS:rerank=true
SENT-3500,52bebecfb2a435d0e7ff2efea557c5799674ded6,簡単な質問は低費用の経路へ送り、複数根拠や低い確信度の質問だけに広い検索と高価な再順位付けを使います。,本ガイドの基本構成では、簡単な質問は低費用の経路へ送り、複数根拠や低い確信度の質問だけに広い検索と高価な再順位付けを使います。,"AND(AND(AND(ATOM(rerank=true), ATOM(retrieval=true)), ATOM(evidence_support=true)), ATOM(cost=true))",AND,general_technical_claim,UNCLASSIFIED,8.6.3 (docs/8.安全に運用する/8.6.コスト管理.md:39),SRC-089;SRC-091;SRC-058,UNVERIFIED_CANDIDATE_URL_ONLY,BACKGROUND_CITATION,cost=true;retrieval=true,evidence_support=true;rerank=true,,REWRITE_REQUIRED,権威性=候補一次資料のみ; 直接性=locator未確認; 網羅性=未支持atom=evidence_support=true;rerank=true; 主張極性=BACKGROUND_CITATIONとして再分類; スコープ=PASS_AFTER_TEST_SCOPE_QUALIFICATION; モダリティ=PASS_AFTER_HYPOTHESIS_QUALIFIER; 教材妥当性=PASS_AS_EXPLICIT_TESTABLE_HYPOTHESIS; 形式化妥当性=FAIL_UNSUPPORTED_ATOMS:evidence_support=true;rerank=true。「簡単な質問は低費用の経路へ送り、複数根拠や低い確信度の質問だけに広い検索と高価な再順位付けを使います。」は候補資料(SRC-089;SRC-091;SRC-058)に直接locatorがなく、一般的事実としてはFAIL_UNSUPPORTED_ATOMS:evidence_support=true;rerank=trueが残る。原文の対象と作用を維持したまま、本ガイドの構成または対象データでの検証へスコープを限定すれば教材上の検討事項を保持できる。,,,UNVERIFIED,原文をrevised_sentenceへ置換し、対象データ、比較条件、観測指標、合否閾値を同じ節に追記する。検証後に限り事実表現へ戻し、意味を保存して再形式化する。,,,,,INCONCLUSIVE,NOT_APPLICABLE_UNPROVED,,,codex-independent-wave4,2026-08-15,INDEPENDENT_REVIEW_COMPLETE,PARTIAL_CANDIDATE_SOURCE_ONLY,FAIL_NO_DIRECT_LOCATOR,FAIL_UNSUPPORTED_ATOMS:evidence_support=true;rerank=true,BACKGROUND_CITATION,PASS_AFTER_TEST_SCOPE_QUALIFICATION,PASS_AFTER_HYPOTHESIS_QUALIFIER,PASS_AS_EXPLICIT_TESTABLE_HYPOTHESIS,FAIL_UNSUPPORTED_ATOMS:evidence_support=true;rerank=true
SENT-3502,52bebecfb2a435d0e7ff2efea557c5799674ded6,候補を一件増やすごとにRecall、正答率、完全性がどれだけ変わるかを測り、改善が頭打ちになる点を探します。,本ガイドの基本構成では、候補を一件増やすごとにRecall、正答率、完全性がどれだけ変わるかを測り、改善が頭打ちになる点を探します。,"AND(ATOM(recall_metric=true), ATOM(empirical_result=true))",AND,empirical_or_research_claim,UNCLASSIFIED,8.6.3 (docs/8.安全に運用する/8.6.コスト管理.md:42),SRC-058,UNVERIFIED_CANDIDATE_URL_ONLY,EMPIRICAL_RESULT,,empirical_result=true;recall_metric=true,,REWRITE_REQUIRED,権威性=候補一次資料のみ; 直接性=locator未確認; 網羅性=未支持atom=empirical_result=true;recall_metric=true; 主張極性=EMPIRICAL_RESULTとして再分類; スコープ=PASS_AFTER_TEST_SCOPE_QUALIFICATION; モダリティ=PASS_AFTER_HYPOTHESIS_QUALIFIER; 教材妥当性=PASS_AS_EXPLICIT_TESTABLE_HYPOTHESIS; 形式化妥当性=FAIL_UNSUPPORTED_ATOMS:empirical_result=true;recall_metric=true。「候補を一件増やすごとにRecall、正答率、完全性がどれだけ変わるかを測り、改善が頭打ちになる点を探します。」は候補資料(SRC-058)に直接locatorがなく、一般的事実としてはFAIL_UNSUPPORTED_ATOMS:empirical_result=true;recall_metric=trueが残る。原文の対象と作用を維持したまま、本ガイドの構成または対象データでの検証へスコープを限定すれば教材上の検討事項を保持できる。,,,UNVERIFIED,原文をrevised_sentenceへ置換し、対象データ、比較条件、観測指標、合否閾値を同じ節に追記する。検証後に限り事実表現へ戻し、意味を保存して再形式化する。,,,,,INCONCLUSIVE,NOT_APPLICABLE_UNPROVED,,,codex-independent-wave4,2026-08-15,INDEPENDENT_REVIEW_COMPLETE,PARTIAL_CANDIDATE_SOURCE_ONLY,FAIL_NO_DIRECT_LOCATOR,FAIL_UNSUPPORTED_ATOMS:empirical_result=true;recall_metric=true,EMPIRICAL_RESULT,PASS_AFTER_TEST_SCOPE_QUALIFICATION,PASS_AFTER_HYPOTHESIS_QUALIFIER,PASS_AS_EXPLICIT_TESTABLE_HYPOTHESIS,FAIL_UNSUPPORTED_ATOMS:empirical_result=true;recall_metric=true
SENT-3518,52bebecfb2a435d0e7ff2efea557c5799674ded6,保存量、更新量、検索回数、トークン、ツール呼び出しなど、費用を生む要因に基づいてテナントや機能へ割り当てます。,本ガイドの基本構成では、保存量、更新量、検索回数、トークン、ツール呼び出しなど、費用を生む要因に基づいてテナントや機能へ割り当てます。,"AND(AND(AND(ATOM(retrieval=true), ATOM(cost=true)), ATOM(multi_tenant=true)), ATOM(tool_use=true))",AND,general_technical_claim,UNCLASSIFIED,8.6.5 (docs/8.安全に運用する/8.6.コスト管理.md:70),SRC-046;SRC-089;SRC-091;SRC-133;SRC-134,UNVERIFIED_CANDIDATE_URL_ONLY,BACKGROUND_CITATION,cost=true;retrieval=true,multi_tenant=true;tool_use=true,,REWRITE_REQUIRED,権威性=候補一次資料のみ; 直接性=locator未確認; 網羅性=未支持atom=multi_tenant=true;tool_use=true; 主張極性=BACKGROUND_CITATIONとして再分類; スコープ=PASS_AFTER_TEST_SCOPE_QUALIFICATION; モダリティ=PASS_AFTER_HYPOTHESIS_QUALIFIER; 教材妥当性=PASS_AS_EXPLICIT_TESTABLE_HYPOTHESIS; 形式化妥当性=FAIL_UNSUPPORTED_ATOMS:multi_tenant=true;tool_use=true。「保存量、更新量、検索回数、トークン、ツール呼び出しなど、費用を生む要因に基づいてテナントや機能へ割り当てます。」は候補資料(SRC-046;SRC-089;SRC-091;SRC-133;SRC-134)に直接locatorがなく、一般的事実としてはFAIL_UNSUPPORTED_ATOMS:multi_tenant=true;tool_use=trueが残る。原文の対象と作用を維持したまま、本ガイドの構成または対象データでの検証へスコープを限定すれば教材上の検討事項を保持できる。,,,UNVERIFIED,原文をrevised_sentenceへ置換し、対象データ、比較条件、観測指標、合否閾値を同じ節に追記する。検証後に限り事実表現へ戻し、意味を保存して再形式化する。,,,,,INCONCLUSIVE,NOT_APPLICABLE_UNPROVED,,,codex-independent-wave4,2026-08-15,INDEPENDENT_REVIEW_COMPLETE,PARTIAL_CANDIDATE_SOURCE_ONLY,FAIL_NO_DIRECT_LOCATOR,FAIL_UNSUPPORTED_ATOMS:multi_tenant=true;tool_use=true,BACKGROUND_CITATION,PASS_AFTER_TEST_SCOPE_QUALIFICATION,PASS_AFTER_HYPOTHESIS_QUALIFIER,PASS_AS_EXPLICIT_TESTABLE_HYPOTHESIS,FAIL_UNSUPPORTED_ATOMS:multi_tenant=true;tool_use=true
SENT-3532,52bebecfb2a435d0e7ff2efea557c5799674ded6,文書だけでなく、その文書から作られた解析結果、チャンク、埋め込み、インデックス、キャッシュを一つのライフサイクルとして管理します。,文書だけでなく、その文書から作られた解析結果、チャンク、埋め込み、インデックス、キャッシュを一つのライフサイクルとして管理します。,"AND(ATOM(parsing=true), ATOM(empirical_result=true))",AND,general_technical_claim,UNCLASSIFIED,FILE-INTRO (docs/8.安全に運用する/8.7.知識更新と運用.md:4),SRC-013;SRC-038;SRC-053;SRC-054;SRC-055,NOT_APPLICABLE_LOCAL_NORM,HYPOTHESIS,empirical_result=true,parsing=true,,APPROPRIATE_NORMATIVE,権威性=候補一次資料のみ; 直接性=locator未確認; 網羅性=未支持atom=parsing=true; 主張極性=HYPOTHESISとして再分類; スコープ=PASS_LOCAL_DESIGN_POLICY; モダリティ=PASS_AS_DISCLOSED_NORMATIVE_RULE; 教材妥当性=PASS_AFTER_EXPLICIT_CRITERIA_AND_EXCEPTION; 形式化妥当性=FAIL_UNSUPPORTED_ATOMS:parsing=true。「文書だけでなく、その文書から作られた解析結果、チャンク、埋め込み、インデックス、キャッシュを一つのライフサイクルとして管理します。」は外的真偽の断定ではなく、対象・処理・判断を特定した設計・運用上の選択規則として読める。ただし候補資料(SRC-013;SRC-038;SRC-053;SRC-054;SRC-055)はURL単位で、直接locatorは未確認。規範の判断基準と例外を明示すれば教材として採用できる。形式面ではFAIL_UNSUPPORTED_ATOMS:parsing=trueを別途解消する必要がある。,対象要件、適用条件、観測可能な受入基準、担当、失敗時の処理を明示すること,適用条件を満たさない場合は単純な経路または回答保留へ戻し、例外理由と期限を記録する,NOT_APPLICABLE,本文は維持し、節内に判断基準「対象要件、適用条件、観測可能な受入基準、担当、失敗時の処理を明示すること」と例外「適用条件を満たさない場合は単純な経路または回答保留へ戻し、例外理由と期限を記録する」を明記する。経験的な効果保証とは分離し、意味を保存して再形式化する。,,,,,INCONCLUSIVE,NOT_APPLICABLE_UNPROVED,,,codex-independent-wave4,2026-08-15,INDEPENDENT_REVIEW_COMPLETE,PARTIAL_CANDIDATE_SOURCE_ONLY,FAIL_NO_DIRECT_LOCATOR,FAIL_UNSUPPORTED_ATOMS:parsing=true,HYPOTHESIS,PASS_LOCAL_DESIGN_POLICY,PASS_AS_DISCLOSED_NORMATIVE_RULE,PASS_AFTER_EXPLICIT_CRITERIA_AND_EXCEPTION,FAIL_UNSUPPORTED_ATOMS:parsing=true
SENT-3540,52bebecfb2a435d0e7ff2efea557c5799674ded6,チャンクIDは、文書ID、文書版、分割設定、位置から再現できる形式にします。,本ガイドの基本構成では、チャンクIDは、文書ID、文書版、分割設定、位置から再現できる形式にします。,UNFORMALIZED,UNFORMALIZED,general_technical_claim,できる,8.7.1 (docs/8.安全に運用する/8.7.知識更新と運用.md:18),SRC-010;SRC-011;SRC-013;SRC-016;SRC-020,UNVERIFIED_CANDIDATE_URL_ONLY,BACKGROUND_CITATION,,,,REWRITE_REQUIRED,権威性=候補一次資料のみ; 直接性=locator未確認; 網羅性=未支持atom=none-explicit; 主張極性=BACKGROUND_CITATIONとして再分類; スコープ=PASS_AFTER_TEST_SCOPE_QUALIFICATION; モダリティ=PASS_AFTER_HYPOTHESIS_QUALIFIER; 教材妥当性=PASS_AS_EXPLICIT_TESTABLE_HYPOTHESIS; 形式化妥当性=FAIL_UNFORMALIZED。「チャンクIDは、文書ID、文書版、分割設定、位置から再現できる形式にします。」は候補資料(SRC-010;SRC-011;SRC-013;SRC-016;SRC-020)に直接locatorがなく、一般的事実としてはFAIL_UNFORMALIZEDが残る。原文の対象と作用を維持したまま、本ガイドの構成または対象データでの検証へスコープを限定すれば教材上の検討事項を保持できる。,,,UNVERIFIED,原文をrevised_sentenceへ置換し、対象データ、比較条件、観測指標、合否閾値を同じ節に追記する。検証後に限り事実表現へ戻し、意味を保存して再形式化する。,,,,,INCONCLUSIVE,NOT_APPLICABLE_UNPROVED,,,codex-independent-wave4,2026-08-15,INDEPENDENT_REVIEW_COMPLETE,PARTIAL_CANDIDATE_SOURCE_ONLY,FAIL_NO_DIRECT_LOCATOR,FAIL_UNFORMALIZED,BACKGROUND_CITATION,PASS_AFTER_TEST_SCOPE_QUALIFICATION,PASS_AFTER_HYPOTHESIS_QUALIFIER,PASS_AS_EXPLICIT_TESTABLE_HYPOTHESIS,FAIL_UNFORMALIZED
SENT-3567,52bebecfb2a435d0e7ff2efea557c5799674ded6,FreshDiskANNやSPFreshは大規模ベクトルインデックスの更新を扱いますが、権限上の削除保証はアプリケーション側でも検証する必要があります。,本ガイドの基本構成では、FreshDiskANNやSPFreshは大規模ベクトルインデックスの更新を扱いますが、権限上の削除保証はアプリケーション側でも検証する必要があります。,"AND(AND(ATOM(verification=true), ATOM(scalability=true)), ATOM(authorization=true))",AND,externally_cited_claim,必要,8.7.3 (docs/8.安全に運用する/8.7.知識更新と運用.md:62),SRC-054;SRC-055;SRC-053,UNVERIFIED_CANDIDATE_URL_ONLY,LIMITATION,scalability=true,authorization=true;verification=true,,REWRITE_REQUIRED,権威性=候補一次資料のみ; 直接性=locator未確認; 網羅性=未支持atom=authorization=true;verification=true; 主張極性=LIMITATIONとして再分類; スコープ=PASS_AFTER_CONCRETE_VERSION_OR_EXPERIMENT_SCOPE; モダリティ=PASS_AFTER_CONDITIONAL_OR_REPRODUCTION_WORDING; 教材妥当性=PASS_AFTER_CONCRETE_VERSION_OR_EXPERIMENT_QUALIFIER; 形式化妥当性=FAIL_UNSUPPORTED_ATOMS:authorization=true;verification=true。「FreshDiskANNやSPFreshは大規模ベクトルインデックスの更新を扱いますが、権限上の削除保証はアプリケーション側でも検証する必要があります。」の候補資料(SRC-054;SRC-055;SRC-053)はURL単位で、節・ページ・表・API見出しを独立に確認できていない。現文のFAIL_UNSUPPORTED_ATOMS:authorization=true;verification=true、版・実験条件、資料内極性を断定せず、具体的な製品前提・ローカル定義・再現試験へ限定すれば教材内容を保持できる。,,,UNVERIFIED,原文をrevised_sentenceの具体文へ置換する。製品文は利用時点のregion/versionを受入条件へ追加し、研究文は同じ指標・比較条件で再現確認する。事実表現へ戻す場合は直接locatorを再監査する。,,,,,INCONCLUSIVE,NOT_APPLICABLE_UNPROVED,,,codex-independent-wave4,2026-08-15,INDEPENDENT_REVIEW_COMPLETE,PARTIAL_CANDIDATE_SOURCE_ONLY,FAIL_NO_DIRECT_LOCATOR,FAIL_UNSUPPORTED_ATOMS:authorization=true;verification=true,LIMITATION,PASS_AFTER_CONCRETE_VERSION_OR_EXPERIMENT_SCOPE,PASS_AFTER_CONDITIONAL_OR_REPRODUCTION_WORDING,PASS_AFTER_CONCRETE_VERSION_OR_EXPERIMENT_QUALIFIER,FAIL_UNSUPPORTED_ATOMS:authorization=true;verification=true
SENT-3586,52bebecfb2a435d0e7ff2efea557c5799674ded6,データ、検索器、インデックス、プロンプト、ツール、会話記憶、評価、日常運用を含むシステム全体を対象にします。,データ、検索器、インデックス、プロンプト、ツール、会話記憶、評価、日常運用を含むシステム全体を対象にします。,"AND(AND(ATOM(retrieval=true), ATOM(evaluation=true)), ATOM(tool_use=true))",AND,general_technical_claim,UNCLASSIFIED,8.8.1 (docs/8.安全に運用する/8.8.ガバナンス.md:9),SRC-016;SRC-136,NOT_APPLICABLE_LOCAL_NORM,HYPOTHESIS,retrieval=true,evaluation=true;tool_use=true,,APPROPRIATE_NORMATIVE,権威性=候補一次資料のみ; 直接性=locator未確認; 網羅性=未支持atom=evaluation=true;tool_use=true; 主張極性=HYPOTHESISとして再分類; スコープ=PASS_LOCAL_DESIGN_POLICY; モダリティ=PASS_AS_DISCLOSED_NORMATIVE_RULE; 教材妥当性=PASS_AFTER_EXPLICIT_CRITERIA_AND_EXCEPTION; 形式化妥当性=FAIL_UNSUPPORTED_ATOMS:evaluation=true;tool_use=true。「データ、検索器、インデックス、プロンプト、ツール、会話記憶、評価、日常運用を含むシステム全体を対象にします。」は外的真偽の断定ではなく、対象・処理・判断を特定した設計・運用上の選択規則として読める。ただし候補資料(SRC-016;SRC-136)はURL単位で、直接locatorは未確認。規範の判断基準と例外を明示すれば教材として採用できる。形式面ではFAIL_UNSUPPORTED_ATOMS:evaluation=true;tool_use=trueを別途解消する必要がある。,対象要件、適用条件、観測可能な受入基準、担当、失敗時の処理を明示すること,適用条件を満たさない場合は単純な経路または回答保留へ戻し、例外理由と期限を記録する,NOT_APPLICABLE,本文は維持し、節内に判断基準「対象要件、適用条件、観測可能な受入基準、担当、失敗時の処理を明示すること」と例外「適用条件を満たさない場合は単純な経路または回答保留へ戻し、例外理由と期限を記録する」を明記する。経験的な効果保証とは分離し、意味を保存して再形式化する。,,,,,INCONCLUSIVE,NOT_APPLICABLE_UNPROVED,,,codex-independent-wave4,2026-08-15,INDEPENDENT_REVIEW_COMPLETE,PARTIAL_CANDIDATE_SOURCE_ONLY,FAIL_NO_DIRECT_LOCATOR,FAIL_UNSUPPORTED_ATOMS:evaluation=true;tool_use=true,HYPOTHESIS,PASS_LOCAL_DESIGN_POLICY,PASS_AS_DISCLOSED_NORMATIVE_RULE,PASS_AFTER_EXPLICIT_CRITERIA_AND_EXCEPTION,FAIL_UNSUPPORTED_ATOMS:evaluation=true;tool_use=true
SENT-3588,52bebecfb2a435d0e7ff2efea557c5799674ded6,信頼できるRAGのサーベイはRAGのリスクを複数の観点から整理しています。,本ガイドの基本構成では、信頼できるRAGのサーベイはRAGのリスクを複数の観点から整理しています。,ATOM(risk=true),ATOM,externally_cited_claim,できる,8.8.1 (docs/8.安全に運用する/8.8.ガバナンス.md:12),SRC-136,UNVERIFIED_CANDIDATE_URL_ONLY,AUTHOR_CLAIM,,risk=true,,REWRITE_REQUIRED,権威性=候補一次資料のみ; 直接性=locator未確認; 網羅性=未支持atom=risk=true; 主張極性=AUTHOR_CLAIMとして再分類; スコープ=PASS_AFTER_CONCRETE_VERSION_OR_EXPERIMENT_SCOPE; モダリティ=PASS_AFTER_CONDITIONAL_OR_REPRODUCTION_WORDING; 教材妥当性=PASS_AFTER_CONCRETE_VERSION_OR_EXPERIMENT_QUALIFIER; 形式化妥当性=FAIL_UNSUPPORTED_ATOMS:risk=true。「信頼できるRAGのサーベイはRAGのリスクを複数の観点から整理しています。」の候補資料(SRC-136)はURL単位で、節・ページ・表・API見出しを独立に確認できていない。現文のFAIL_UNSUPPORTED_ATOMS:risk=true、版・実験条件、資料内極性を断定せず、具体的な製品前提・ローカル定義・再現試験へ限定すれば教材内容を保持できる。,,,UNVERIFIED,原文をrevised_sentenceの具体文へ置換する。製品文は利用時点のregion/versionを受入条件へ追加し、研究文は同じ指標・比較条件で再現確認する。事実表現へ戻す場合は直接locatorを再監査する。,,,,,INCONCLUSIVE,NOT_APPLICABLE_UNPROVED,,,codex-independent-wave4,2026-08-15,INDEPENDENT_REVIEW_COMPLETE,PARTIAL_CANDIDATE_SOURCE_ONLY,FAIL_NO_DIRECT_LOCATOR,FAIL_UNSUPPORTED_ATOMS:risk=true,AUTHOR_CLAIM,PASS_AFTER_CONCRETE_VERSION_OR_EXPERIMENT_SCOPE,PASS_AFTER_CONDITIONAL_OR_REPRODUCTION_WORDING,PASS_AFTER_CONCRETE_VERSION_OR_EXPERIMENT_QUALIFIER,FAIL_UNSUPPORTED_ATOMS:risk=true
SENT-3589,52bebecfb2a435d0e7ff2efea557c5799674ded6,一方、社会技術システムにおける公平性の研究は、構成要素だけを抽象的に評価すると、制度や利用者への影響を見落とす危険を指摘しています。,本ガイドでは、構成要素だけを抽象的に評価すると、制度や利用者への影響を見落とす危険を設計・運用上のリスク項目として検証します。,"AND(AND(ATOM(evaluation=true), ATOM(fairness=true)), ATOM(risk=true))",AND,externally_cited_claim,UNCLASSIFIED,8.8.1 (docs/8.安全に運用する/8.8.ガバナンス.md:13),SRC-137,UNVERIFIED_CANDIDATE_URL_ONLY,EMPIRICAL_RESULT,fairness=true;risk=true,evaluation=true,,REWRITE_REQUIRED,権威性=候補一次資料のみ; 直接性=locator未確認; 網羅性=未支持atom=evaluation=true; 主張極性=EMPIRICAL_RESULTとして再分類; スコープ=PASS_AFTER_CONCRETE_VERSION_OR_EXPERIMENT_SCOPE; モダリティ=PASS_AFTER_CONDITIONAL_OR_REPRODUCTION_WORDING; 教材妥当性=PASS_AFTER_CONCRETE_VERSION_OR_EXPERIMENT_QUALIFIER; 形式化妥当性=FAIL_UNSUPPORTED_ATOMS:evaluation=true。「一方、社会技術システムにおける公平性の研究は、構成要素だけを抽象的に評価すると、制度や利用者への影響を見落とす危険を指摘しています。」の候補資料(SRC-137)はURL単位で、節・ページ・表・API見出しを独立に確認できていない。現文のFAIL_UNSUPPORTED_ATOMS:evaluation=true、版・実験条件、資料内極性を断定せず、具体的な製品前提・ローカル定義・再現試験へ限定すれば教材内容を保持できる。,,,UNVERIFIED,原文をrevised_sentenceの具体文へ置換する。製品文は利用時点のregion/versionを受入条件へ追加し、研究文は同じ指標・比較条件で再現確認する。事実表現へ戻す場合は直接locatorを再監査する。,,,,,INCONCLUSIVE,NOT_APPLICABLE_UNPROVED,,,codex-independent-wave4,2026-08-15,INDEPENDENT_REVIEW_COMPLETE,PARTIAL_CANDIDATE_SOURCE_ONLY,FAIL_NO_DIRECT_LOCATOR,FAIL_UNSUPPORTED_ATOMS:evaluation=true,EMPIRICAL_RESULT,PASS_AFTER_CONCRETE_VERSION_OR_EXPERIMENT_SCOPE,PASS_AFTER_CONDITIONAL_OR_REPRODUCTION_WORDING,PASS_AFTER_CONCRETE_VERSION_OR_EXPERIMENT_QUALIFIER,FAIL_UNSUPPORTED_ATOMS:evaluation=true
SENT-3594,52bebecfb2a435d0e7ff2efea557c5799674ded6,内部アルゴリズム監査の枠組みが示すように、説明責任は報告書だけではなく、開発から運用までの役割と証跡によって支えられます。,本ガイドの基本構成では、内部アルゴリズム監査の枠組みが示すように、説明責任は報告書だけではなく、開発から運用までの役割と証跡によって支えられます。,ATOM(empirical_result=true),ATOM,externally_cited_claim,UNCLASSIFIED,8.8.1 (docs/8.安全に運用する/8.8.ガバナンス.md:21),SRC-016,UNVERIFIED_CANDIDATE_URL_ONLY,EMPIRICAL_RESULT,,empirical_result=true,,REWRITE_REQUIRED,権威性=候補一次資料のみ; 直接性=locator未確認; 網羅性=未支持atom=empirical_result=true; 主張極性=EMPIRICAL_RESULTとして再分類; スコープ=PASS_AFTER_CONCRETE_VERSION_OR_EXPERIMENT_SCOPE; モダリティ=PASS_AFTER_CONDITIONAL_OR_REPRODUCTION_WORDING; 教材妥当性=PASS_AFTER_CONCRETE_VERSION_OR_EXPERIMENT_QUALIFIER; 形式化妥当性=FAIL_UNSUPPORTED_ATOMS:empirical_result=true。「内部アルゴリズム監査の枠組みが示すように、説明責任は報告書だけではなく、開発から運用までの役割と証跡によって支えられます。」の候補資料(SRC-016)はURL単位で、節・ページ・表・API見出しを独立に確認できていない。現文のFAIL_UNSUPPORTED_ATOMS:empirical_result=true、版・実験条件、資料内極性を断定せず、具体的な製品前提・ローカル定義・再現試験へ限定すれば教材内容を保持できる。,,,UNVERIFIED,原文をrevised_sentenceの具体文へ置換する。製品文は利用時点のregion/versionを受入条件へ追加し、研究文は同じ指標・比較条件で再現確認する。事実表現へ戻す場合は直接locatorを再監査する。,,,,,INCONCLUSIVE,NOT_APPLICABLE_UNPROVED,,,codex-independent-wave4,2026-08-15,INDEPENDENT_REVIEW_COMPLETE,PARTIAL_CANDIDATE_SOURCE_ONLY,FAIL_NO_DIRECT_LOCATOR,FAIL_UNSUPPORTED_ATOMS:empirical_result=true,EMPIRICAL_RESULT,PASS_AFTER_CONCRETE_VERSION_OR_EXPERIMENT_SCOPE,PASS_AFTER_CONDITIONAL_OR_REPRODUCTION_WORDING,PASS_AFTER_CONCRETE_VERSION_OR_EXPERIMENT_QUALIFIER,FAIL_UNSUPPORTED_ATOMS:empirical_result=true
SENT-3604,52bebecfb2a435d0e7ff2efea557c5799674ded6,Model Cardsが意図した用途と制約を記述するように、RAGを最終判断に使ってよい範囲と使ってはいけない範囲を明文化します。,本ガイドの基本構成では、Model Cardsが意図した用途と制約を記述するように、RAGを最終判断に使ってよい範囲と使ってはいけない範囲を明文化します。,NOT(ATOM(model_documentation=true)),NOT,externally_cited_claim,ない,8.8.2 (docs/8.安全に運用する/8.8.ガバナンス.md:39),SRC-130,UNVERIFIED_CANDIDATE_URL_ONLY,AUTHOR_CLAIM,model_documentation=true,,NOT,REWRITE_REQUIRED,権威性=候補一次資料のみ; 直接性=locator未確認; 網羅性=関係NOT自体の根拠未確認; 主張極性=AUTHOR_CLAIMとして再分類; スコープ=PASS_AFTER_CONCRETE_VERSION_OR_EXPERIMENT_SCOPE; モダリティ=PASS_AFTER_CONDITIONAL_OR_REPRODUCTION_WORDING; 教材妥当性=PASS_AFTER_CONCRETE_VERSION_OR_EXPERIMENT_QUALIFIER; 形式化妥当性=FAIL_RELATION_NOT。「Model Cardsが意図した用途と制約を記述するように、RAGを最終判断に使ってよい範囲と使ってはいけない範囲を明文化します。」の候補資料(SRC-130)はURL単位で、節・ページ・表・API見出しを独立に確認できていない。現文のFAIL_RELATION_NOT、版・実験条件、資料内極性を断定せず、具体的な製品前提・ローカル定義・再現試験へ限定すれば教材内容を保持できる。,,,UNVERIFIED,原文をrevised_sentenceの具体文へ置換する。製品文は利用時点のregion/versionを受入条件へ追加し、研究文は同じ指標・比較条件で再現確認する。事実表現へ戻す場合は直接locatorを再監査する。,,,,,INCONCLUSIVE,NOT_APPLICABLE_UNPROVED,,,codex-independent-wave4,2026-08-15,INDEPENDENT_REVIEW_COMPLETE,PARTIAL_CANDIDATE_SOURCE_ONLY,FAIL_NO_DIRECT_LOCATOR,FAIL_RELATION_NOT,AUTHOR_CLAIM,PASS_AFTER_CONCRETE_VERSION_OR_EXPERIMENT_SCOPE,PASS_AFTER_CONDITIONAL_OR_REPRODUCTION_WORDING,PASS_AFTER_CONCRETE_VERSION_OR_EXPERIMENT_QUALIFIER,FAIL_RELATION_NOT
SENT-3607,52bebecfb2a435d0e7ff2efea557c5799674ded6,公開判断を口頭説明だけにせず、システム概要、構成図、脅威モデル、コーパス台帳、評価報告、既知の制約、運用手順書として残します。,本ガイドの基本構成では、公開判断を口頭説明だけにせず、システム概要、構成図、脅威モデル、コーパス台帳、評価報告、既知の制約、運用手順書として残します。,"NOT(AND(ATOM(evaluation=true), ATOM(empirical_result=true)))",NOT,empirical_or_research_claim,UNCLASSIFIED,8.8.3 (docs/8.安全に運用する/8.8.ガバナンス.md:46),SRC-130;SRC-136,UNVERIFIED_CANDIDATE_URL_ONLY,EMPIRICAL_RESULT,empirical_result=true;evaluation=true,,NOT,REWRITE_REQUIRED,権威性=候補一次資料のみ; 直接性=locator未確認; 網羅性=関係NOT自体の根拠未確認; 主張極性=EMPIRICAL_RESULTとして再分類; スコープ=PASS_AFTER_TEST_SCOPE_QUALIFICATION; モダリティ=PASS_AFTER_HYPOTHESIS_QUALIFIER; 教材妥当性=PASS_AS_EXPLICIT_TESTABLE_HYPOTHESIS; 形式化妥当性=FAIL_RELATION_NOT。「公開判断を口頭説明だけにせず、システム概要、構成図、脅威モデル、コーパス台帳、評価報告、既知の制約、運用手順書として残します。」は候補資料(SRC-130;SRC-136)に直接locatorがなく、一般的事実としてはFAIL_RELATION_NOTが残る。原文の対象と作用を維持したまま、本ガイドの構成または対象データでの検証へスコープを限定すれば教材上の検討事項を保持できる。,,,UNVERIFIED,原文をrevised_sentenceへ置換し、対象データ、比較条件、観測指標、合否閾値を同じ節に追記する。検証後に限り事実表現へ戻し、意味を保存して再形式化する。,,,,,INCONCLUSIVE,NOT_APPLICABLE_UNPROVED,,,codex-independent-wave4,2026-08-15,INDEPENDENT_REVIEW_COMPLETE,PARTIAL_CANDIDATE_SOURCE_ONLY,FAIL_NO_DIRECT_LOCATOR,FAIL_RELATION_NOT,EMPIRICAL_RESULT,PASS_AFTER_TEST_SCOPE_QUALIFICATION,PASS_AFTER_HYPOTHESIS_QUALIFIER,PASS_AS_EXPLICIT_TESTABLE_HYPOTHESIS,FAIL_RELATION_NOT
SENT-3609,52bebecfb2a435d0e7ff2efea557c5799674ded6,評価報告には、試した質問スライス、攻撃、安全条件、性能、費用、未解決事項を含めます。,評価報告には、試した質問スライス、攻撃、安全条件、性能、費用、未解決事項を含めます。,"AND(AND(AND(ATOM(evaluation=true), ATOM(cost=true)), ATOM(security=true)), ATOM(empirical_result=true))",AND,empirical_or_research_claim,UNCLASSIFIED,8.8.3 (docs/8.安全に運用する/8.8.ガバナンス.md:49),SRC-136;SRC-130,NOT_APPLICABLE_LOCAL_NORM,HYPOTHESIS,empirical_result=true;evaluation=true;security=true,cost=true,,APPROPRIATE_NORMATIVE,権威性=候補一次資料のみ; 直接性=locator未確認; 網羅性=未支持atom=cost=true; 主張極性=HYPOTHESISとして再分類; スコープ=PASS_LOCAL_DESIGN_POLICY; モダリティ=PASS_AS_DISCLOSED_NORMATIVE_RULE; 教材妥当性=PASS_AFTER_EXPLICIT_CRITERIA_AND_EXCEPTION; 形式化妥当性=FAIL_UNSUPPORTED_ATOMS:cost=true。「評価報告には、試した質問スライス、攻撃、安全条件、性能、費用、未解決事項を含めます。」は外的真偽の断定ではなく、対象・処理・判断を特定した設計・運用上の選択規則として読める。ただし候補資料(SRC-136;SRC-130)はURL単位で、直接locatorは未確認。規範の判断基準と例外を明示すれば教材として採用できる。形式面ではFAIL_UNSUPPORTED_ATOMS:cost=trueを別途解消する必要がある。,対象データ・負荷・モデルで比較し、品質指標、p95遅延、費用の受入閾値を事前に定義すること,数値は初期候補とし、データ量、モデル、リージョン、負荷が異なる場合は再測定して変更する,NOT_APPLICABLE,本文は維持し、節内に判断基準「対象データ・負荷・モデルで比較し、品質指標、p95遅延、費用の受入閾値を事前に定義すること」と例外「数値は初期候補とし、データ量、モデル、リージョン、負荷が異なる場合は再測定して変更する」を明記する。経験的な効果保証とは分離し、意味を保存して再形式化する。,,,,,INCONCLUSIVE,NOT_APPLICABLE_UNPROVED,,,codex-independent-wave4,2026-08-15,INDEPENDENT_REVIEW_COMPLETE,PARTIAL_CANDIDATE_SOURCE_ONLY,FAIL_NO_DIRECT_LOCATOR,FAIL_UNSUPPORTED_ATOMS:cost=true,HYPOTHESIS,PASS_LOCAL_DESIGN_POLICY,PASS_AS_DISCLOSED_NORMATIVE_RULE,PASS_AFTER_EXPLICIT_CRITERIA_AND_EXCEPTION,FAIL_UNSUPPORTED_ATOMS:cost=true
SENT-3610,52bebecfb2a435d0e7ff2efea557c5799674ded6,モデルとデータの報告枠組みを、検索、生成、ツールを組み合わせたRAG全体へ拡張します。,本ガイドの基本構成では、モデルとデータの報告枠組みを、検索、生成、ツールを組み合わせたRAG全体へ拡張します。,"AND(AND(AND(ATOM(retrieval=true), ATOM(generation=true)), ATOM(tool_use=true)), ATOM(empirical_result=true))",AND,empirical_or_research_claim,UNCLASSIFIED,8.8.3 (docs/8.安全に運用する/8.8.ガバナンス.md:50),SRC-136;SRC-010;SRC-016;SRC-130,UNVERIFIED_CANDIDATE_URL_ONLY,EMPIRICAL_RESULT,empirical_result=true;generation=true;retrieval=true,tool_use=true,,REWRITE_REQUIRED,権威性=候補一次資料のみ; 直接性=locator未確認; 網羅性=未支持atom=tool_use=true; 主張極性=EMPIRICAL_RESULTとして再分類; スコープ=PASS_AFTER_TEST_SCOPE_QUALIFICATION; モダリティ=PASS_AFTER_HYPOTHESIS_QUALIFIER; 教材妥当性=PASS_AS_EXPLICIT_TESTABLE_HYPOTHESIS; 形式化妥当性=FAIL_UNSUPPORTED_ATOMS:tool_use=true。「モデルとデータの報告枠組みを、検索、生成、ツールを組み合わせたRAG全体へ拡張します。」は候補資料(SRC-136;SRC-010;SRC-016;SRC-130)に直接locatorがなく、一般的事実としてはFAIL_UNSUPPORTED_ATOMS:tool_use=trueが残る。原文の対象と作用を維持したまま、本ガイドの構成または対象データでの検証へスコープを限定すれば教材上の検討事項を保持できる。,,,UNVERIFIED,原文をrevised_sentenceへ置換し、対象データ、比較条件、観測指標、合否閾値を同じ節に追記する。検証後に限り事実表現へ戻し、意味を保存して再形式化する。,,,,,INCONCLUSIVE,NOT_APPLICABLE_UNPROVED,,,codex-independent-wave4,2026-08-15,INDEPENDENT_REVIEW_COMPLETE,PARTIAL_CANDIDATE_SOURCE_ONLY,FAIL_NO_DIRECT_LOCATOR,FAIL_UNSUPPORTED_ATOMS:tool_use=true,EMPIRICAL_RESULT,PASS_AFTER_TEST_SCOPE_QUALIFICATION,PASS_AFTER_HYPOTHESIS_QUALIFIER,PASS_AS_EXPLICIT_TESTABLE_HYPOTHESIS,FAIL_UNSUPPORTED_ATOMS:tool_use=true
SENT-3613,52bebecfb2a435d0e7ff2efea557c5799674ded6,新しい情報源、モデル、埋め込み、解析器、ツール、会話記憶の方針を、変更種類として登録します。,新しい情報源、モデル、埋め込み、解析器、ツール、会話記憶の方針を、変更種類として登録します。,"AND(ATOM(tool_use=true), ATOM(parsing=true))",AND,general_technical_claim,UNCLASSIFIED,8.8.3 (docs/8.安全に運用する/8.8.ガバナンス.md:55),SRC-120,NOT_APPLICABLE_LOCAL_NORM,HYPOTHESIS,tool_use=true,parsing=true,,APPROPRIATE_NORMATIVE,権威性=候補一次資料のみ; 直接性=locator未確認; 網羅性=未支持atom=parsing=true; 主張極性=HYPOTHESISとして再分類; スコープ=PASS_LOCAL_DESIGN_POLICY; モダリティ=PASS_AS_DISCLOSED_NORMATIVE_RULE; 教材妥当性=PASS_AFTER_EXPLICIT_CRITERIA_AND_EXCEPTION; 形式化妥当性=FAIL_UNSUPPORTED_ATOMS:parsing=true。「新しい情報源、モデル、埋め込み、解析器、ツール、会話記憶の方針を、変更種類として登録します。」は外的真偽の断定ではなく、対象・処理・判断を特定した設計・運用上の選択規則として読める。ただし候補資料(SRC-120)はURL単位で、直接locatorは未確認。規範の判断基準と例外を明示すれば教材として採用できる。形式面ではFAIL_UNSUPPORTED_ATOMS:parsing=trueを別途解消する必要がある。,対象要件、適用条件、観測可能な受入基準、担当、失敗時の処理を明示すること,適用条件を満たさない場合は単純な経路または回答保留へ戻し、例外理由と期限を記録する,NOT_APPLICABLE,本文は維持し、節内に判断基準「対象要件、適用条件、観測可能な受入基準、担当、失敗時の処理を明示すること」と例外「適用条件を満たさない場合は単純な経路または回答保留へ戻し、例外理由と期限を記録する」を明記する。経験的な効果保証とは分離し、意味を保存して再形式化する。,,,,,INCONCLUSIVE,NOT_APPLICABLE_UNPROVED,,,codex-independent-wave4,2026-08-15,INDEPENDENT_REVIEW_COMPLETE,PARTIAL_CANDIDATE_SOURCE_ONLY,FAIL_NO_DIRECT_LOCATOR,FAIL_UNSUPPORTED_ATOMS:parsing=true,HYPOTHESIS,PASS_LOCAL_DESIGN_POLICY,PASS_AS_DISCLOSED_NORMATIVE_RULE,PASS_AFTER_EXPLICIT_CRITERIA_AND_EXCEPTION,FAIL_UNSUPPORTED_ATOMS:parsing=true
SENT-3629,52bebecfb2a435d0e7ff2efea557c5799674ded6,大規模言語モデルの社会的な危険を論じた研究は、性能だけでなく、環境負荷、訓練データの偏り、便益と負担を受ける人々を開発前に検討する必要性を示しています。,性能だけでなく、環境負荷、訓練データの偏り、便益と負担を受ける人々を開発前に検討する必要性が対象データでも成り立つかを、同じ条件と指標で検証します。,"AND(AND(ATOM(generation=true), ATOM(scalability=true)), ATOM(risk=true))",AND,externally_cited_claim,必要,8.8.5 (docs/8.安全に運用する/8.8.ガバナンス.md:83),SRC-138,UNVERIFIED_CANDIDATE_URL_ONLY,AUTHOR_CLAIM,risk=true,generation=true;scalability=true,,REWRITE_REQUIRED,権威性=候補一次資料のみ; 直接性=locator未確認; 網羅性=未支持atom=generation=true;scalability=true; 主張極性=AUTHOR_CLAIMとして再分類; スコープ=PASS_AFTER_CONCRETE_VERSION_OR_EXPERIMENT_SCOPE; モダリティ=PASS_AFTER_CONDITIONAL_OR_REPRODUCTION_WORDING; 教材妥当性=PASS_AFTER_CONCRETE_VERSION_OR_EXPERIMENT_QUALIFIER; 形式化妥当性=FAIL_UNSUPPORTED_ATOMS:generation=true;scalability=true。「大規模言語モデルの社会的な危険を論じた研究は、性能だけでなく、環境負荷、訓練データの偏り、便益と負担を受ける人々を開発前に検討する必要性を示しています。」の候補資料(SRC-138)はURL単位で、節・ページ・表・API見出しを独立に確認できていない。現文のFAIL_UNSUPPORTED_ATOMS:generation=true;scalability=true、版・実験条件、資料内極性を断定せず、具体的な製品前提・ローカル定義・再現試験へ限定すれば教材内容を保持できる。,,,UNVERIFIED,原文をrevised_sentenceの具体文へ置換する。製品文は利用時点のregion/versionを受入条件へ追加し、研究文は同じ指標・比較条件で再現確認する。事実表現へ戻す場合は直接locatorを再監査する。,,,,,INCONCLUSIVE,NOT_APPLICABLE_UNPROVED,,,codex-independent-wave4,2026-08-15,INDEPENDENT_REVIEW_COMPLETE,PARTIAL_CANDIDATE_SOURCE_ONLY,FAIL_NO_DIRECT_LOCATOR,FAIL_UNSUPPORTED_ATOMS:generation=true;scalability=true,AUTHOR_CLAIM,PASS_AFTER_CONCRETE_VERSION_OR_EXPERIMENT_SCOPE,PASS_AFTER_CONDITIONAL_OR_REPRODUCTION_WORDING,PASS_AFTER_CONCRETE_VERSION_OR_EXPERIMENT_QUALIFIER,FAIL_UNSUPPORTED_ATOMS:generation=true;scalability=true
SENT-3630,52bebecfb2a435d0e7ff2efea557c5799674ded6,これはRAGの比較実験ではなく立場を論じた論文であるため、個別の数値基準としてではなく、見直し項目を決める際の観点として使います。,本ガイドの基本構成では、これはRAGの比較実験ではなく立場を論じた論文であるため、個別の数値基準としてではなく、見直し項目を決める際の観点として使います。,UNFORMALIZED,UNFORMALIZED,empirical_or_research_claim,UNCLASSIFIED,8.8.5 (docs/8.安全に運用する/8.8.ガバナンス.md:84),SRC-138,UNVERIFIED_CANDIDATE_URL_ONLY,EMPIRICAL_RESULT,,,,REWRITE_REQUIRED,権威性=候補一次資料のみ; 直接性=locator未確認; 網羅性=未支持atom=none-explicit; 主張極性=EMPIRICAL_RESULTとして再分類; スコープ=PASS_AFTER_TEST_SCOPE_QUALIFICATION; モダリティ=PASS_AFTER_HYPOTHESIS_QUALIFIER; 教材妥当性=PASS_AS_EXPLICIT_TESTABLE_HYPOTHESIS; 形式化妥当性=FAIL_UNFORMALIZED。「これはRAGの比較実験ではなく立場を論じた論文であるため、個別の数値基準としてではなく、見直し項目を決める際の観点として使います。」は候補資料(SRC-138)に直接locatorがなく、一般的事実としてはFAIL_UNFORMALIZEDが残る。原文の対象と作用を維持したまま、本ガイドの構成または対象データでの検証へスコープを限定すれば教材上の検討事項を保持できる。,,,UNVERIFIED,原文をrevised_sentenceへ置換し、対象データ、比較条件、観測指標、合否閾値を同じ節に追記する。検証後に限り事実表現へ戻し、意味を保存して再形式化する。,,,,,INCONCLUSIVE,NOT_APPLICABLE_UNPROVED,,,codex-independent-wave4,2026-08-15,INDEPENDENT_REVIEW_COMPLETE,PARTIAL_CANDIDATE_SOURCE_ONLY,FAIL_NO_DIRECT_LOCATOR,FAIL_UNFORMALIZED,EMPIRICAL_RESULT,PASS_AFTER_TEST_SCOPE_QUALIFICATION,PASS_AFTER_HYPOTHESIS_QUALIFIER,PASS_AS_EXPLICIT_TESTABLE_HYPOTHESIS,FAIL_UNFORMALIZED
SENT-3631,52bebecfb2a435d0e7ff2efea557c5799674ded6,改善が難しい、利用価値が低下した、代替手段が優れる場合は、利用範囲の縮小や廃止も選択します。,改善が難しい、利用価値が低下した、代替手段が優れる場合は、利用範囲の縮小や廃止も選択します。,UNFORMALIZED,UNFORMALIZED,empirical_or_research_claim,UNCLASSIFIED,8.8.5 (docs/8.安全に運用する/8.8.ガバナンス.md:86),SRC-010;SRC-011;SRC-013;SRC-016;SRC-020,NOT_APPLICABLE_LOCAL_NORM,HYPOTHESIS,,,,APPROPRIATE_NORMATIVE,権威性=候補一次資料のみ; 直接性=locator未確認; 網羅性=未支持atom=none-explicit; 主張極性=HYPOTHESISとして再分類; スコープ=PASS_LOCAL_DESIGN_POLICY; モダリティ=PASS_AS_DISCLOSED_NORMATIVE_RULE; 教材妥当性=PASS_AFTER_EXPLICIT_CRITERIA_AND_EXCEPTION; 形式化妥当性=FAIL_UNFORMALIZED。「改善が難しい、利用価値が低下した、代替手段が優れる場合は、利用範囲の縮小や廃止も選択します。」は外的真偽の断定ではなく、対象・処理・判断を特定した設計・運用上の選択規則として読める。ただし候補資料(SRC-010;SRC-011;SRC-013;SRC-016;SRC-020)はURL単位で、直接locatorは未確認。規範の判断基準と例外を明示すれば教材として採用できる。形式面ではFAIL_UNFORMALIZEDを別途解消する必要がある。,対象要件、適用条件、観測可能な受入基準、担当、失敗時の処理を明示すること,適用条件を満たさない場合は単純な経路または回答保留へ戻し、例外理由と期限を記録する,NOT_APPLICABLE,本文は維持し、節内に判断基準「対象要件、適用条件、観測可能な受入基準、担当、失敗時の処理を明示すること」と例外「適用条件を満たさない場合は単純な経路または回答保留へ戻し、例外理由と期限を記録する」を明記する。経験的な効果保証とは分離し、意味を保存して再形式化する。,,,,,INCONCLUSIVE,NOT_APPLICABLE_UNPROVED,,,codex-independent-wave4,2026-08-15,INDEPENDENT_REVIEW_COMPLETE,PARTIAL_CANDIDATE_SOURCE_ONLY,FAIL_NO_DIRECT_LOCATOR,FAIL_UNFORMALIZED,HYPOTHESIS,PASS_LOCAL_DESIGN_POLICY,PASS_AS_DISCLOSED_NORMATIVE_RULE,PASS_AFTER_EXPLICIT_CRITERIA_AND_EXCEPTION,FAIL_UNFORMALIZED
SENT-3643,52bebecfb2a435d0e7ff2efea557c5799674ded6,疎検索と密検索の併用、再順位付け、引用、回答保留、トレースを備え、主要な失敗を正解付き評価データで再現できる状態が目安です。,本ガイドの基本構成では、疎検索と密検索の併用、再順位付け、引用、回答保留、トレースを備え、主要な失敗を正解付き評価データで再現できる状態が目安です。,"AND(AND(AND(AND(AND(AND(ATOM(sparse=true), ATOM(dense=true)), ATOM(rerank=true)), ATOM(retrieval=true)), ATOM(generation=true)), ATOM(citation=true)), ATOM(evaluation=true))",AND,general_technical_claim,できる,9.1.1 (docs/9.失敗パターンに応じて高度化する/9.1.高度化は失敗パターンから選ぶ.md:9),SRC-110;SRC-139,UNVERIFIED_CANDIDATE_URL_ONLY,EMPIRICAL_RESULT,evaluation=true;generation=true;retrieval=true,citation=true;dense=true;rerank=true;sparse=true,,REWRITE_REQUIRED,権威性=候補一次資料のみ; 直接性=locator未確認; 網羅性=未支持atom=citation=true;dense=true;rerank=true;sparse=true; 主張極性=EMPIRICAL_RESULTとして再分類; スコープ=PASS_AFTER_TEST_SCOPE_QUALIFICATION; モダリティ=PASS_AFTER_HYPOTHESIS_QUALIFIER; 教材妥当性=PASS_AS_EXPLICIT_TESTABLE_HYPOTHESIS; 形式化妥当性=FAIL_UNSUPPORTED_ATOMS:citation=true;dense=true;rerank=true;sparse=true。「疎検索と密検索の併用、再順位付け、引用、回答保留、トレースを備え、主要な失敗を正解付き評価データで再現できる状態が目安です。」は候補資料(SRC-110;SRC-139)に直接locatorがなく、一般的事実としてはFAIL_UNSUPPORTED_ATOMS:citation=true;dense=true;rerank=true;sparse=trueが残る。原文の対象と作用を維持したまま、本ガイドの構成または対象データでの検証へスコープを限定すれば教材上の検討事項を保持できる。,,,UNVERIFIED,原文をrevised_sentenceへ置換し、対象データ、比較条件、観測指標、合否閾値を同じ節に追記する。検証後に限り事実表現へ戻し、意味を保存して再形式化する。,,,,,INCONCLUSIVE,NOT_APPLICABLE_UNPROVED,,,codex-independent-wave4,2026-08-15,INDEPENDENT_REVIEW_COMPLETE,PARTIAL_CANDIDATE_SOURCE_ONLY,FAIL_NO_DIRECT_LOCATOR,FAIL_UNSUPPORTED_ATOMS:citation=true;dense=true;rerank=true;sparse=true,EMPIRICAL_RESULT,PASS_AFTER_TEST_SCOPE_QUALIFICATION,PASS_AFTER_HYPOTHESIS_QUALIFIER,PASS_AS_EXPLICIT_TESTABLE_HYPOTHESIS,FAIL_UNSUPPORTED_ATOMS:citation=true;dense=true;rerank=true;sparse=true
SENT-3644,52bebecfb2a435d0e7ff2efea557c5799674ded6,RAGのサーベイは、RAGを基本的な構成、高度な構成、部品を組み替える構成へ整理しています。,本ガイドでは、RAGを基本的な構成、高度な構成、部品を組み替える構成へ整理します。,UNFORMALIZED,UNFORMALIZED,externally_cited_claim,UNCLASSIFIED,9.1.1 (docs/9.失敗パターンに応じて高度化する/9.1.高度化は失敗パターンから選ぶ.md:11),SRC-139,UNVERIFIED_CANDIDATE_URL_ONLY,AUTHOR_CLAIM,,,,REWRITE_REQUIRED,権威性=候補一次資料のみ; 直接性=locator未確認; 網羅性=未支持atom=none-explicit; 主張極性=AUTHOR_CLAIMとして再分類; スコープ=PASS_AFTER_CONCRETE_VERSION_OR_EXPERIMENT_SCOPE; モダリティ=PASS_AFTER_CONDITIONAL_OR_REPRODUCTION_WORDING; 教材妥当性=PASS_AFTER_CONCRETE_VERSION_OR_EXPERIMENT_QUALIFIER; 形式化妥当性=FAIL_UNFORMALIZED。「RAGのサーベイは、RAGを基本的な構成、高度な構成、部品を組み替える構成へ整理しています。」の候補資料(SRC-139)はURL単位で、節・ページ・表・API見出しを独立に確認できていない。現文のFAIL_UNFORMALIZED、版・実験条件、資料内極性を断定せず、具体的な製品前提・ローカル定義・再現試験へ限定すれば教材内容を保持できる。,,,UNVERIFIED,原文をrevised_sentenceの具体文へ置換する。製品文は利用時点のregion/versionを受入条件へ追加し、研究文は同じ指標・比較条件で再現確認する。事実表現へ戻す場合は直接locatorを再監査する。,,,,,INCONCLUSIVE,NOT_APPLICABLE_UNPROVED,,,codex-independent-wave4,2026-08-15,INDEPENDENT_REVIEW_COMPLETE,PARTIAL_CANDIDATE_SOURCE_ONLY,FAIL_NO_DIRECT_LOCATOR,FAIL_UNFORMALIZED,AUTHOR_CLAIM,PASS_AFTER_CONCRETE_VERSION_OR_EXPERIMENT_SCOPE,PASS_AFTER_CONDITIONAL_OR_REPRODUCTION_WORDING,PASS_AFTER_CONCRETE_VERSION_OR_EXPERIMENT_QUALIFIER,FAIL_UNFORMALIZED
SENT-3649,52bebecfb2a435d0e7ff2efea557c5799674ded6,元の質問、変換後の質問、取得チャンク、再順位付け結果、最終コンテキスト、回答、引用、遅延、費用をトレースで結びます。,本ガイドの基本構成では、元の質問、変換後の質問、取得チャンク、再順位付け結果、最終コンテキスト、回答、引用、遅延、費用をトレースで結びます。,"AND(AND(AND(AND(AND(ATOM(rerank=true), ATOM(retrieval=true)), ATOM(generation=true)), ATOM(citation=true)), ATOM(cost=true)), ATOM(empirical_result=true))",AND,general_technical_claim,UNCLASSIFIED,9.1.1 (docs/9.失敗パターンに応じて高度化する/9.1.高度化は失敗パターンから選ぶ.md:18),SRC-139;SRC-110,UNVERIFIED_CANDIDATE_URL_ONLY,EMPIRICAL_RESULT,empirical_result=true;generation=true;retrieval=true,citation=true;cost=true;rerank=true,,REWRITE_REQUIRED,権威性=候補一次資料のみ; 直接性=locator未確認; 網羅性=未支持atom=citation=true;cost=true;rerank=true; 主張極性=EMPIRICAL_RESULTとして再分類; スコープ=PASS_AFTER_TEST_SCOPE_QUALIFICATION; モダリティ=PASS_AFTER_HYPOTHESIS_QUALIFIER; 教材妥当性=PASS_AS_EXPLICIT_TESTABLE_HYPOTHESIS; 形式化妥当性=FAIL_UNSUPPORTED_ATOMS:citation=true;cost=true;rerank=true。「元の質問、変換後の質問、取得チャンク、再順位付け結果、最終コンテキスト、回答、引用、遅延、費用をトレースで結びます。」は候補資料(SRC-139;SRC-110)に直接locatorがなく、一般的事実としてはFAIL_UNSUPPORTED_ATOMS:citation=true;cost=true;rerank=trueが残る。原文の対象と作用を維持したまま、本ガイドの構成または対象データでの検証へスコープを限定すれば教材上の検討事項を保持できる。,,,UNVERIFIED,原文をrevised_sentenceへ置換し、対象データ、比較条件、観測指標、合否閾値を同じ節に追記する。検証後に限り事実表現へ戻し、意味を保存して再形式化する。,,,,,INCONCLUSIVE,NOT_APPLICABLE_UNPROVED,,,codex-independent-wave4,2026-08-15,INDEPENDENT_REVIEW_COMPLETE,PARTIAL_CANDIDATE_SOURCE_ONLY,FAIL_NO_DIRECT_LOCATOR,FAIL_UNSUPPORTED_ATOMS:citation=true;cost=true;rerank=true,EMPIRICAL_RESULT,PASS_AFTER_TEST_SCOPE_QUALIFICATION,PASS_AFTER_HYPOTHESIS_QUALIFIER,PASS_AS_EXPLICIT_TESTABLE_HYPOTHESIS,FAIL_UNSUPPORTED_ATOMS:citation=true;cost=true;rerank=true
SENT-3651,52bebecfb2a435d0e7ff2efea557c5799674ded6,RAGCheckerのように回答を主張単位で調べると、根拠を取得できなかった失敗と、取得した根拠を生成モデルが使わなかった失敗を分けられます。,本ガイドの基本構成では、RAGCheckerのように回答を主張単位で調べると、根拠を取得できなかった失敗と、取得した根拠を生成モデルが使わなかった失敗を分けられます。,"AND(AND(ATOM(retrieval=true), ATOM(generation=true)), ATOM(evidence_support=true))",AND,externally_cited_claim,UNCLASSIFIED,9.1.1 (docs/9.失敗パターンに応じて高度化する/9.1.高度化は失敗パターンから選ぶ.md:21),SRC-110,UNVERIFIED_CANDIDATE_URL_ONLY,AUTHOR_CLAIM,generation=true;retrieval=true,evidence_support=true,,REWRITE_REQUIRED,権威性=候補一次資料のみ; 直接性=locator未確認; 網羅性=未支持atom=evidence_support=true; 主張極性=AUTHOR_CLAIMとして再分類; スコープ=PASS_AFTER_CONCRETE_VERSION_OR_EXPERIMENT_SCOPE; モダリティ=PASS_AFTER_CONDITIONAL_OR_REPRODUCTION_WORDING; 教材妥当性=PASS_AFTER_CONCRETE_VERSION_OR_EXPERIMENT_QUALIFIER; 形式化妥当性=FAIL_UNSUPPORTED_ATOMS:evidence_support=true。「RAGCheckerのように回答を主張単位で調べると、根拠を取得できなかった失敗と、取得した根拠を生成モデルが使わなかった失敗を分けられます。」の候補資料(SRC-110)はURL単位で、節・ページ・表・API見出しを独立に確認できていない。現文のFAIL_UNSUPPORTED_ATOMS:evidence_support=true、版・実験条件、資料内極性を断定せず、具体的な製品前提・ローカル定義・再現試験へ限定すれば教材内容を保持できる。,,,UNVERIFIED,原文をrevised_sentenceの具体文へ置換する。製品文は利用時点のregion/versionを受入条件へ追加し、研究文は同じ指標・比較条件で再現確認する。事実表現へ戻す場合は直接locatorを再監査する。,,,,,INCONCLUSIVE,NOT_APPLICABLE_UNPROVED,,,codex-independent-wave4,2026-08-15,INDEPENDENT_REVIEW_COMPLETE,PARTIAL_CANDIDATE_SOURCE_ONLY,FAIL_NO_DIRECT_LOCATOR,FAIL_UNSUPPORTED_ATOMS:evidence_support=true,AUTHOR_CLAIM,PASS_AFTER_CONCRETE_VERSION_OR_EXPERIMENT_SCOPE,PASS_AFTER_CONDITIONAL_OR_REPRODUCTION_WORDING,PASS_AFTER_CONCRETE_VERSION_OR_EXPERIMENT_QUALIFIER,FAIL_UNSUPPORTED_ATOMS:evidence_support=true
SENT-3670,52bebecfb2a435d0e7ff2efea557c5799674ded6,| 長い文書の全体傾向 | 長文、階層型RAG | チャンク拡張で解けるか |,「長い文書の全体傾向」では「長文、階層型RAG」を対象とし、確認項目は「チャンク拡張で解けるか」です。,UNFORMALIZED,UNFORMALIZED,general_technical_claim,UNCLASSIFIED,9.1.2 (docs/9.失敗パターンに応じて高度化する/9.1.高度化は失敗パターンから選ぶ.md:55),SRC-015;SRC-024;SRC-029;SRC-031;SRC-033,UNVERIFIED_CANDIDATE_URL_ONLY,BACKGROUND_CITATION,,,,REWRITE_REQUIRED,権威性=候補一次資料のみ; 直接性=locator未確認; 網羅性=未支持atom=none-explicit; 主張極性=BACKGROUND_CITATIONとして再分類; スコープ=FAIL_NOT_A_PROPOSITION; モダリティ=NOT_APPLICABLE_FRAGMENT; 教材妥当性=PASS_AS_STRUCTURE_NOT_AS_CLAIM; 形式化妥当性=FAIL_UNFORMALIZED。見出し・表セル・用語リンクの断片であり、独立した外部主張として判定できない。証拠必須文として扱う分類が教材構造と一致せず、形式化の主語・述語も欠ける。,,,NOT_APPLICABLE,原文をrevised_sentenceの完全な説明文へ置換し、sentence evidence分類をexpository_or_structural/evidence_required=noへ修正して未証明文キューから除外する。,,,,,INCONCLUSIVE,NOT_APPLICABLE_UNPROVED,,,codex-independent-wave4,2026-08-15,INDEPENDENT_REVIEW_COMPLETE,PARTIAL_CANDIDATE_SOURCE_ONLY,FAIL_NO_DIRECT_LOCATOR,FAIL_UNFORMALIZED,BACKGROUND_CITATION,FAIL_NOT_A_PROPOSITION,NOT_APPLICABLE_FRAGMENT,PASS_AS_STRUCTURE_NOT_AS_CLAIM,FAIL_UNFORMALIZED
SENT-3678,52bebecfb2a435d0e7ff2efea557c5799674ded6,検索なし、通常RAG、再順位付け強化、反復検索、長文入力、エージェント型処理へ段階的に引き上げます。,本ガイドの基本構成では、検索なし、通常RAG、再順位付け強化、反復検索、長文入力、エージェント型処理へ段階的に引き上げます。,"AND(ATOM(rerank=true), ATOM(retrieval=true))",AND,general_technical_claim,UNCLASSIFIED,9.1.3 (docs/9.失敗パターンに応じて高度化する/9.1.高度化は失敗パターンから選ぶ.md:68),SRC-058;SRC-059,UNVERIFIED_CANDIDATE_URL_ONLY,BACKGROUND_CITATION,retrieval=true,rerank=true,,REWRITE_REQUIRED,権威性=候補一次資料のみ; 直接性=locator未確認; 網羅性=未支持atom=rerank=true; 主張極性=BACKGROUND_CITATIONとして再分類; スコープ=PASS_AFTER_TEST_SCOPE_QUALIFICATION; モダリティ=PASS_AFTER_HYPOTHESIS_QUALIFIER; 教材妥当性=PASS_AS_EXPLICIT_TESTABLE_HYPOTHESIS; 形式化妥当性=FAIL_UNSUPPORTED_ATOMS:rerank=true。「検索なし、通常RAG、再順位付け強化、反復検索、長文入力、エージェント型処理へ段階的に引き上げます。」は候補資料(SRC-058;SRC-059)に直接locatorがなく、一般的事実としてはFAIL_UNSUPPORTED_ATOMS:rerank=trueが残る。原文の対象と作用を維持したまま、本ガイドの構成または対象データでの検証へスコープを限定すれば教材上の検討事項を保持できる。,,,UNVERIFIED,原文をrevised_sentenceへ置換し、対象データ、比較条件、観測指標、合否閾値を同じ節に追記する。検証後に限り事実表現へ戻し、意味を保存して再形式化する。,,,,,INCONCLUSIVE,NOT_APPLICABLE_UNPROVED,,,codex-independent-wave4,2026-08-15,INDEPENDENT_REVIEW_COMPLETE,PARTIAL_CANDIDATE_SOURCE_ONLY,FAIL_NO_DIRECT_LOCATOR,FAIL_UNSUPPORTED_ATOMS:rerank=true,BACKGROUND_CITATION,PASS_AFTER_TEST_SCOPE_QUALIFICATION,PASS_AFTER_HYPOTHESIS_QUALIFIER,PASS_AS_EXPLICIT_TESTABLE_HYPOTHESIS,FAIL_UNSUPPORTED_ATOMS:rerank=true
SENT-3680,52bebecfb2a435d0e7ff2efea557c5799674ded6,RAGと長文入力を比較する研究は、質問とモデルの確信に応じた経路選択も扱っています。,本ガイドでは、質問とモデルの確信に応じた経路選択も扱っています。,UNFORMALIZED,UNFORMALIZED,externally_cited_claim,UNCLASSIFIED,9.1.3 (docs/9.失敗パターンに応じて高度化する/9.1.高度化は失敗パターンから選ぶ.md:71),SRC-059,UNVERIFIED_CANDIDATE_URL_ONLY,AUTHOR_CLAIM,,,,REWRITE_REQUIRED,権威性=候補一次資料のみ; 直接性=locator未確認; 網羅性=未支持atom=none-explicit; 主張極性=AUTHOR_CLAIMとして再分類; スコープ=PASS_AFTER_CONCRETE_VERSION_OR_EXPERIMENT_SCOPE; モダリティ=PASS_AFTER_CONDITIONAL_OR_REPRODUCTION_WORDING; 教材妥当性=PASS_AFTER_CONCRETE_VERSION_OR_EXPERIMENT_QUALIFIER; 形式化妥当性=FAIL_UNFORMALIZED。「RAGと長文入力を比較する研究は、質問とモデルの確信に応じた経路選択も扱っています。」の候補資料(SRC-059)はURL単位で、節・ページ・表・API見出しを独立に確認できていない。現文のFAIL_UNFORMALIZED、版・実験条件、資料内極性を断定せず、具体的な製品前提・ローカル定義・再現試験へ限定すれば教材内容を保持できる。,,,UNVERIFIED,原文をrevised_sentenceの具体文へ置換する。製品文は利用時点のregion/versionを受入条件へ追加し、研究文は同じ指標・比較条件で再現確認する。事実表現へ戻す場合は直接locatorを再監査する。,,,,,INCONCLUSIVE,NOT_APPLICABLE_UNPROVED,,,codex-independent-wave4,2026-08-15,INDEPENDENT_REVIEW_COMPLETE,PARTIAL_CANDIDATE_SOURCE_ONLY,FAIL_NO_DIRECT_LOCATOR,FAIL_UNFORMALIZED,AUTHOR_CLAIM,PASS_AFTER_CONCRETE_VERSION_OR_EXPERIMENT_SCOPE,PASS_AFTER_CONDITIONAL_OR_REPRODUCTION_WORDING,PASS_AFTER_CONCRETE_VERSION_OR_EXPERIMENT_QUALIFIER,FAIL_UNFORMALIZED
SENT-3690,52bebecfb2a435d0e7ff2efea557c5799674ded6,すべての質問を同じ高価な処理へ送り、最終回答だけで検索と生成の改善を判断することも避けます。,すべての質問を同じ高価な処理へ送り、最終回答だけで検索と生成の改善を判断することも避けます。,"AND(AND(ATOM(retrieval=true), ATOM(generation=true)), ATOM(empirical_result=true))",AND,empirical_or_research_claim,すべて,9.1.5 (docs/9.失敗パターンに応じて高度化する/9.1.高度化は失敗パターンから選ぶ.md:90),SRC-140,NOT_APPLICABLE_LOCAL_NORM,HYPOTHESIS,generation=true;retrieval=true,empirical_result=true,,APPROPRIATE_NORMATIVE,権威性=候補一次資料のみ; 直接性=locator未確認; 網羅性=未支持atom=empirical_result=true; 主張極性=HYPOTHESISとして再分類; スコープ=PASS_LOCAL_DESIGN_POLICY; モダリティ=PASS_AS_DISCLOSED_NORMATIVE_RULE; 教材妥当性=PASS_AFTER_EXPLICIT_CRITERIA_AND_EXCEPTION; 形式化妥当性=FAIL_UNSUPPORTED_ATOMS:empirical_result=true。「すべての質問を同じ高価な処理へ送り、最終回答だけで検索と生成の改善を判断することも避けます。」は外的真偽の断定ではなく、対象・処理・判断を特定した設計・運用上の選択規則として読める。ただし候補資料(SRC-140)はURL単位で、直接locatorは未確認。規範の判断基準と例外を明示すれば教材として採用できる。形式面ではFAIL_UNSUPPORTED_ATOMS:empirical_result=trueを別途解消する必要がある。,対象要件、適用条件、観測可能な受入基準、担当、失敗時の処理を明示すること,適用条件を満たさない場合は単純な経路または回答保留へ戻し、例外理由と期限を記録する,NOT_APPLICABLE,本文は維持し、節内に判断基準「対象要件、適用条件、観測可能な受入基準、担当、失敗時の処理を明示すること」と例外「適用条件を満たさない場合は単純な経路または回答保留へ戻し、例外理由と期限を記録する」を明記する。経験的な効果保証とは分離し、意味を保存して再形式化する。,,,,,INCONCLUSIVE,NOT_APPLICABLE_UNPROVED,,,codex-independent-wave4,2026-08-15,INDEPENDENT_REVIEW_COMPLETE,PARTIAL_CANDIDATE_SOURCE_ONLY,FAIL_NO_DIRECT_LOCATOR,FAIL_UNSUPPORTED_ATOMS:empirical_result=true,HYPOTHESIS,PASS_LOCAL_DESIGN_POLICY,PASS_AS_DISCLOSED_NORMATIVE_RULE,PASS_AFTER_EXPLICIT_CRITERIA_AND_EXCEPTION,FAIL_UNSUPPORTED_ATOMS:empirical_result=true
SENT-3691,52bebecfb2a435d0e7ff2efea557c5799674ded6,Modular RAGは構成要素を組み替える考え方を示しますが、明確な入出力、個別評価、切り戻しがなければ複雑さだけが増えます。,Modular RAGは構成要素を組み替える考え方を示しますが、明確な入出力、個別評価、切り戻しがなければ複雑さだけが増える条件と影響量を、対象データで測定します。,"AND(ATOM(evaluation=true), ATOM(modular=true))",AND,externally_cited_claim,UNCLASSIFIED,9.1.5 (docs/9.失敗パターンに応じて高度化する/9.1.高度化は失敗パターンから選ぶ.md:92),SRC-140,UNVERIFIED_CANDIDATE_URL_ONLY,EMPIRICAL_RESULT,modular=true,evaluation=true,,REWRITE_REQUIRED,権威性=候補一次資料のみ; 直接性=locator未確認; 網羅性=未支持atom=evaluation=true; 主張極性=EMPIRICAL_RESULTとして再分類; スコープ=PASS_AFTER_CONCRETE_VERSION_OR_EXPERIMENT_SCOPE; モダリティ=PASS_AFTER_CONDITIONAL_OR_REPRODUCTION_WORDING; 教材妥当性=PASS_AFTER_CONCRETE_VERSION_OR_EXPERIMENT_QUALIFIER; 形式化妥当性=FAIL_UNSUPPORTED_ATOMS:evaluation=true。「Modular RAGは構成要素を組み替える考え方を示しますが、明確な入出力、個別評価、切り戻しがなければ複雑さだけが増えます。」の候補資料(SRC-140)はURL単位で、節・ページ・表・API見出しを独立に確認できていない。現文のFAIL_UNSUPPORTED_ATOMS:evaluation=true、版・実験条件、資料内極性を断定せず、具体的な製品前提・ローカル定義・再現試験へ限定すれば教材内容を保持できる。,,,UNVERIFIED,原文をrevised_sentenceの具体文へ置換する。製品文は利用時点のregion/versionを受入条件へ追加し、研究文は同じ指標・比較条件で再現確認する。事実表現へ戻す場合は直接locatorを再監査する。,,,,,INCONCLUSIVE,NOT_APPLICABLE_UNPROVED,,,codex-independent-wave4,2026-08-15,INDEPENDENT_REVIEW_COMPLETE,PARTIAL_CANDIDATE_SOURCE_ONLY,FAIL_NO_DIRECT_LOCATOR,FAIL_UNSUPPORTED_ATOMS:evaluation=true,EMPIRICAL_RESULT,PASS_AFTER_CONCRETE_VERSION_OR_EXPERIMENT_SCOPE,PASS_AFTER_CONDITIONAL_OR_REPRODUCTION_WORDING,PASS_AFTER_CONCRETE_VERSION_OR_EXPERIMENT_QUALIFIER,FAIL_UNSUPPORTED_ATOMS:evaluation=true
SENT-3692,52bebecfb2a435d0e7ff2efea557c5799674ded6,一変更ずつ要素除去実験を行い、対象失敗を改善しない部品は外します。,本ガイドの基本構成では、一変更ずつ要素除去実験を行い、対象失敗を改善しない部品は外します。,NOT(ATOM(empirical_result=true)),NOT,empirical_or_research_claim,ない,9.1.5 (docs/9.失敗パターンに応じて高度化する/9.1.高度化は失敗パターンから選ぶ.md:93),SRC-140,UNVERIFIED_CANDIDATE_URL_ONLY,EMPIRICAL_RESULT,,empirical_result=true,NOT,REWRITE_REQUIRED,権威性=候補一次資料のみ; 直接性=locator未確認; 網羅性=関係NOT自体の根拠未確認; 主張極性=EMPIRICAL_RESULTとして再分類; スコープ=PASS_AFTER_TEST_SCOPE_QUALIFICATION; モダリティ=PASS_AFTER_HYPOTHESIS_QUALIFIER; 教材妥当性=PASS_AS_EXPLICIT_TESTABLE_HYPOTHESIS; 形式化妥当性=FAIL_RELATION_NOT。「一変更ずつ要素除去実験を行い、対象失敗を改善しない部品は外します。」は候補資料(SRC-140)に直接locatorがなく、一般的事実としてはFAIL_RELATION_NOTが残る。原文の対象と作用を維持したまま、本ガイドの構成または対象データでの検証へスコープを限定すれば教材上の検討事項を保持できる。,,,UNVERIFIED,原文をrevised_sentenceへ置換し、対象データ、比較条件、観測指標、合否閾値を同じ節に追記する。検証後に限り事実表現へ戻し、意味を保存して再形式化する。,,,,,INCONCLUSIVE,NOT_APPLICABLE_UNPROVED,,,codex-independent-wave4,2026-08-15,INDEPENDENT_REVIEW_COMPLETE,PARTIAL_CANDIDATE_SOURCE_ONLY,FAIL_NO_DIRECT_LOCATOR,FAIL_RELATION_NOT,EMPIRICAL_RESULT,PASS_AFTER_TEST_SCOPE_QUALIFICATION,PASS_AFTER_HYPOTHESIS_QUALIFIER,PASS_AS_EXPLICIT_TESTABLE_HYPOTHESIS,FAIL_RELATION_NOT
SENT-3693,52bebecfb2a435d0e7ff2efea557c5799674ded6,手法名を成果として報告しません。,手法名を成果として報告しません。,NOT(ATOM(empirical_result=true)),NOT,empirical_or_research_claim,ません,9.1.5 (docs/9.失敗パターンに応じて高度化する/9.1.高度化は失敗パターンから選ぶ.md:95),SRC-059;SRC-097;SRC-139,NOT_APPLICABLE_LOCAL_NORM,HYPOTHESIS,empirical_result=true,,NOT,APPROPRIATE_NORMATIVE,権威性=候補一次資料のみ; 直接性=locator未確認; 網羅性=関係NOT自体の根拠未確認; 主張極性=HYPOTHESISとして再分類; スコープ=PASS_LOCAL_DESIGN_POLICY; モダリティ=PASS_AS_DISCLOSED_NORMATIVE_RULE; 教材妥当性=PASS_AFTER_EXPLICIT_CRITERIA_AND_EXCEPTION; 形式化妥当性=FAIL_RELATION_NOT。「手法名を成果として報告しません。」は外的真偽の断定ではなく、対象・処理・判断を特定した設計・運用上の選択規則として読める。ただし候補資料(SRC-059;SRC-097;SRC-139)はURL単位で、直接locatorは未確認。規範の判断基準と例外を明示すれば教材として採用できる。形式面ではFAIL_RELATION_NOTを別途解消する必要がある。,禁止対象、禁止理由、代替経路を明示し、安全性・再現性・追跡性のいずれを守る規則か検査できること,禁止理由を満たす別の統制が同等以上の証拠で確認できる場合のみ例外とし、理由と期限を記録する,NOT_APPLICABLE,本文は維持し、節内に判断基準「禁止対象、禁止理由、代替経路を明示し、安全性・再現性・追跡性のいずれを守る規則か検査できること」と例外「禁止理由を満たす別の統制が同等以上の証拠で確認できる場合のみ例外とし、理由と期限を記録する」を明記する。経験的な効果保証とは分離し、意味を保存して再形式化する。,,,,,INCONCLUSIVE,NOT_APPLICABLE_UNPROVED,,,codex-independent-wave4,2026-08-15,INDEPENDENT_REVIEW_COMPLETE,PARTIAL_CANDIDATE_SOURCE_ONLY,FAIL_NO_DIRECT_LOCATOR,FAIL_RELATION_NOT,HYPOTHESIS,PASS_LOCAL_DESIGN_POLICY,PASS_AS_DISCLOSED_NORMATIVE_RULE,PASS_AFTER_EXPLICIT_CRITERIA_AND_EXCEPTION,FAIL_RELATION_NOT
SENT-3698,52bebecfb2a435d0e7ff2efea557c5799674ded6,複数文書を生成モデル内で融合する方式、検索器と生成器を共同学習する方式、事前学習から外部知識を参照する方式があります。,本ガイドの基本構成では、複数文書を生成モデル内で融合する方式、検索器と生成器を共同学習する方式、事前学習から外部知識を参照する方式があります。,"AND(AND(AND(ATOM(learned=true), ATOM(retrieval=true)), ATOM(generation=true)), ATOM(external_knowledge=true))",AND,general_technical_claim,UNCLASSIFIED,9.10.1 (docs/9.失敗パターンに応じて高度化する/9.10.Retrieval-aware training・RA-LLM.md:9),SRC-141;SRC-142;SRC-143,UNVERIFIED_CANDIDATE_URL_ONLY,BACKGROUND_CITATION,external_knowledge=true;generation=true;retrieval=true,learned=true,,REWRITE_REQUIRED,権威性=候補一次資料のみ; 直接性=locator未確認; 網羅性=未支持atom=learned=true; 主張極性=BACKGROUND_CITATIONとして再分類; スコープ=PASS_AFTER_TEST_SCOPE_QUALIFICATION; モダリティ=PASS_AFTER_HYPOTHESIS_QUALIFIER; 教材妥当性=PASS_AS_EXPLICIT_TESTABLE_HYPOTHESIS; 形式化妥当性=FAIL_UNSUPPORTED_ATOMS:learned=true。「複数文書を生成モデル内で融合する方式、検索器と生成器を共同学習する方式、事前学習から外部知識を参照する方式があります。」は候補資料(SRC-141;SRC-142;SRC-143)に直接locatorがなく、一般的事実としてはFAIL_UNSUPPORTED_ATOMS:learned=trueが残る。原文の対象と作用を維持したまま、本ガイドの構成または対象データでの検証へスコープを限定すれば教材上の検討事項を保持できる。,,,UNVERIFIED,原文をrevised_sentenceへ置換し、対象データ、比較条件、観測指標、合否閾値を同じ節に追記する。検証後に限り事実表現へ戻し、意味を保存して再形式化する。,,,,,INCONCLUSIVE,NOT_APPLICABLE_UNPROVED,,,codex-independent-wave4,2026-08-15,INDEPENDENT_REVIEW_COMPLETE,PARTIAL_CANDIDATE_SOURCE_ONLY,FAIL_NO_DIRECT_LOCATOR,FAIL_UNSUPPORTED_ATOMS:learned=true,BACKGROUND_CITATION,PASS_AFTER_TEST_SCOPE_QUALIFICATION,PASS_AFTER_HYPOTHESIS_QUALIFIER,PASS_AS_EXPLICIT_TESTABLE_HYPOTHESIS,FAIL_UNSUPPORTED_ATOMS:learned=true
SENT-3716,52bebecfb2a435d0e7ff2efea557c5799674ded6,実際の負荷は実装、インデックス規模、更新頻度によって変わるため、矢印を論文間の実測順位とは解釈しません。,実際の負荷は実装、インデックス規模、更新頻度によって変わるため、矢印を論文間の実測順位とは解釈しません。,UNFORMALIZED,UNFORMALIZED,empirical_or_research_claim,ません,9.10.1 (docs/9.失敗パターンに応じて高度化する/9.10.Retrieval-aware training・RA-LLM.md:36),SRC-015;SRC-024;SRC-029;SRC-031;SRC-033,NOT_APPLICABLE_LOCAL_NORM,HYPOTHESIS,,,,APPROPRIATE_NORMATIVE,権威性=候補一次資料のみ; 直接性=locator未確認; 網羅性=未支持atom=none-explicit; 主張極性=HYPOTHESISとして再分類; スコープ=PASS_LOCAL_DESIGN_POLICY; モダリティ=PASS_AS_DISCLOSED_NORMATIVE_RULE; 教材妥当性=PASS_AFTER_EXPLICIT_CRITERIA_AND_EXCEPTION; 形式化妥当性=FAIL_UNFORMALIZED。「実際の負荷は実装、インデックス規模、更新頻度によって変わるため、矢印を論文間の実測順位とは解釈しません。」は外的真偽の断定ではなく、対象・処理・判断を特定した設計・運用上の選択規則として読める。ただし候補資料(SRC-015;SRC-024;SRC-029;SRC-031;SRC-033)はURL単位で、直接locatorは未確認。規範の判断基準と例外を明示すれば教材として採用できる。形式面ではFAIL_UNFORMALIZEDを別途解消する必要がある。,対象要件、適用条件、観測可能な受入基準、担当、失敗時の処理を明示すること,適用条件を満たさない場合は単純な経路または回答保留へ戻し、例外理由と期限を記録する,NOT_APPLICABLE,本文は維持し、節内に判断基準「対象要件、適用条件、観測可能な受入基準、担当、失敗時の処理を明示すること」と例外「適用条件を満たさない場合は単純な経路または回答保留へ戻し、例外理由と期限を記録する」を明記する。経験的な効果保証とは分離し、意味を保存して再形式化する。,,,,,INCONCLUSIVE,NOT_APPLICABLE_UNPROVED,,,codex-independent-wave4,2026-08-15,INDEPENDENT_REVIEW_COMPLETE,PARTIAL_CANDIDATE_SOURCE_ONLY,FAIL_NO_DIRECT_LOCATOR,FAIL_UNFORMALIZED,HYPOTHESIS,PASS_LOCAL_DESIGN_POLICY,PASS_AS_DISCLOSED_NORMATIVE_RULE,PASS_AFTER_EXPLICIT_CRITERIA_AND_EXCEPTION,FAIL_UNFORMALIZED
SENT-3718,52bebecfb2a435d0e7ff2efea557c5799674ded6,学習対象と効果を分離して比較できない場合は、検索器と生成モデルを同時に変更しません。,学習対象と効果を分離して比較できない場合は、検索器と生成モデルを同時に変更しません。,"NOT(AND(ATOM(retrieval=true), ATOM(generation=true)))",NOT,general_technical_claim,ません;ない,9.10.2 (docs/9.失敗パターンに応じて高度化する/9.10.Retrieval-aware training・RA-LLM.md:45),SRC-141;SRC-142;SRC-143;SRC-130,NOT_APPLICABLE_LOCAL_NORM,HYPOTHESIS,generation=true;retrieval=true,,NOT,APPROPRIATE_NORMATIVE,権威性=候補一次資料のみ; 直接性=locator未確認; 網羅性=関係NOT自体の根拠未確認; 主張極性=HYPOTHESISとして再分類; スコープ=PASS_LOCAL_DESIGN_POLICY; モダリティ=PASS_AS_DISCLOSED_NORMATIVE_RULE; 教材妥当性=PASS_AFTER_EXPLICIT_CRITERIA_AND_EXCEPTION; 形式化妥当性=FAIL_RELATION_NOT。「学習対象と効果を分離して比較できない場合は、検索器と生成モデルを同時に変更しません。」は外的真偽の断定ではなく、対象・処理・判断を特定した設計・運用上の選択規則として読める。ただし候補資料(SRC-141;SRC-142;SRC-143;SRC-130)はURL単位で、直接locatorは未確認。規範の判断基準と例外を明示すれば教材として採用できる。形式面ではFAIL_RELATION_NOTを別途解消する必要がある。,禁止対象、禁止理由、代替経路を明示し、安全性・再現性・追跡性のいずれを守る規則か検査できること,禁止理由を満たす別の統制が同等以上の証拠で確認できる場合のみ例外とし、理由と期限を記録する,NOT_APPLICABLE,本文は維持し、節内に判断基準「禁止対象、禁止理由、代替経路を明示し、安全性・再現性・追跡性のいずれを守る規則か検査できること」と例外「禁止理由を満たす別の統制が同等以上の証拠で確認できる場合のみ例外とし、理由と期限を記録する」を明記する。経験的な効果保証とは分離し、意味を保存して再形式化する。,,,,,INCONCLUSIVE,NOT_APPLICABLE_UNPROVED,,,codex-independent-wave4,2026-08-15,INDEPENDENT_REVIEW_COMPLETE,PARTIAL_CANDIDATE_SOURCE_ONLY,FAIL_NO_DIRECT_LOCATOR,FAIL_RELATION_NOT,HYPOTHESIS,PASS_LOCAL_DESIGN_POLICY,PASS_AS_DISCLOSED_NORMATIVE_RULE,PASS_AFTER_EXPLICIT_CRITERIA_AND_EXCEPTION,FAIL_RELATION_NOT
SENT-3719,52bebecfb2a435d0e7ff2efea557c5799674ded6,検索漏れが原因なら検索器を、正しい根拠があるのに無視するなら生成モデルを主な対象にします。,検索漏れが原因なら検索器を、正しい根拠があるのに無視するなら生成モデルを主な対象にします。,"IMP(ATOM(retrieval=true), AND(AND(ATOM(retrieval=true), ATOM(generation=true)), ATOM(evidence_support=true)))",IMPLIES,general_technical_claim,UNCLASSIFIED,9.10.2 (docs/9.失敗パターンに応じて高度化する/9.10.Retrieval-aware training・RA-LLM.md:47),SRC-141;SRC-142;SRC-143;SRC-130,NOT_APPLICABLE_LOCAL_NORM,HYPOTHESIS,evidence_support=true;generation=true;retrieval=true,,IMPLIES,APPROPRIATE_NORMATIVE,権威性=候補一次資料のみ; 直接性=locator未確認; 網羅性=関係IMPLIES自体の根拠未確認; 主張極性=HYPOTHESISとして再分類; スコープ=PASS_LOCAL_DESIGN_POLICY; モダリティ=PASS_AS_DISCLOSED_NORMATIVE_RULE; 教材妥当性=PASS_AFTER_EXPLICIT_CRITERIA_AND_EXCEPTION; 形式化妥当性=FAIL_RELATION_IMPLIES。「検索漏れが原因なら検索器を、正しい根拠があるのに無視するなら生成モデルを主な対象にします。」は外的真偽の断定ではなく、対象・処理・判断を特定した設計・運用上の選択規則として読める。ただし候補資料(SRC-141;SRC-142;SRC-143;SRC-130)はURL単位で、直接locatorは未確認。規範の判断基準と例外を明示すれば教材として採用できる。形式面ではFAIL_RELATION_IMPLIESを別途解消する必要がある。,前件を観測可能な条件として定義し、後件の選択理由、代替経路、終了条件を記録すること,前件が成立しない場合、または単純な経路が受入基準を満たす場合は後件を強制しない,NOT_APPLICABLE,本文は維持し、節内に判断基準「前件を観測可能な条件として定義し、後件の選択理由、代替経路、終了条件を記録すること」と例外「前件が成立しない場合、または単純な経路が受入基準を満たす場合は後件を強制しない」を明記する。経験的な効果保証とは分離し、意味を保存して再形式化する。,,,,,INCONCLUSIVE,NOT_APPLICABLE_UNPROVED,,,codex-independent-wave4,2026-08-15,INDEPENDENT_REVIEW_COMPLETE,PARTIAL_CANDIDATE_SOURCE_ONLY,FAIL_NO_DIRECT_LOCATOR,FAIL_RELATION_IMPLIES,HYPOTHESIS,PASS_LOCAL_DESIGN_POLICY,PASS_AS_DISCLOSED_NORMATIVE_RULE,PASS_AFTER_EXPLICIT_CRITERIA_AND_EXCEPTION,FAIL_RELATION_IMPLIES
SENT-3736,52bebecfb2a435d0e7ff2efea557c5799674ded6,先にデータ整備、検索方式、再順位付け、配置、プロンプトを改善し、上流の失敗を重み更新で覆わないようにします。,本ガイドの基本構成では、先にデータ整備、検索方式、再順位付け、配置、プロンプトを改善し、上流の失敗を重み更新で覆わないようにします。,"NOT(AND(AND(ATOM(rerank=true), ATOM(retrieval=true)), ATOM(empirical_result=true)))",NOT,empirical_or_research_claim,ない,9.10.3 (docs/9.失敗パターンに応じて高度化する/9.10.Retrieval-aware training・RA-LLM.md:74),SRC-141;SRC-142;SRC-130;SRC-143,UNVERIFIED_CANDIDATE_URL_ONLY,EMPIRICAL_RESULT,empirical_result=true;retrieval=true,rerank=true,NOT,REWRITE_REQUIRED,権威性=候補一次資料のみ; 直接性=locator未確認; 網羅性=関係NOT自体の根拠未確認; 主張極性=EMPIRICAL_RESULTとして再分類; スコープ=PASS_AFTER_TEST_SCOPE_QUALIFICATION; モダリティ=PASS_AFTER_HYPOTHESIS_QUALIFIER; 教材妥当性=PASS_AS_EXPLICIT_TESTABLE_HYPOTHESIS; 形式化妥当性=FAIL_RELATION_NOT。「先にデータ整備、検索方式、再順位付け、配置、プロンプトを改善し、上流の失敗を重み更新で覆わないようにします。」は候補資料(SRC-141;SRC-142;SRC-130;SRC-143)に直接locatorがなく、一般的事実としてはFAIL_RELATION_NOTが残る。原文の対象と作用を維持したまま、本ガイドの構成または対象データでの検証へスコープを限定すれば教材上の検討事項を保持できる。,,,UNVERIFIED,原文をrevised_sentenceへ置換し、対象データ、比較条件、観測指標、合否閾値を同じ節に追記する。検証後に限り事実表現へ戻し、意味を保存して再形式化する。,,,,,INCONCLUSIVE,NOT_APPLICABLE_UNPROVED,,,codex-independent-wave4,2026-08-15,INDEPENDENT_REVIEW_COMPLETE,PARTIAL_CANDIDATE_SOURCE_ONLY,FAIL_NO_DIRECT_LOCATOR,FAIL_RELATION_NOT,EMPIRICAL_RESULT,PASS_AFTER_TEST_SCOPE_QUALIFICATION,PASS_AFTER_HYPOTHESIS_QUALIFIER,PASS_AS_EXPLICIT_TESTABLE_HYPOTHESIS,FAIL_RELATION_NOT
SENT-3741,52bebecfb2a435d0e7ff2efea557c5799674ded6,モデルとインデックスを同時に変えると改善原因を判別できないため、互換性の表を持ち、独立して戻せるようにします。,本ガイドの基本構成では、モデルとインデックスを同時に変えると改善原因を判別できないため、互換性の表を持ち、独立して戻せるようにします。,NOT(ATOM(empirical_result=true)),NOT,empirical_or_research_claim,ない,9.10.4 (docs/9.失敗パターンに応じて高度化する/9.10.Retrieval-aware training・RA-LLM.md:84),SRC-141;SRC-142,UNVERIFIED_CANDIDATE_URL_ONLY,EMPIRICAL_RESULT,empirical_result=true,,NOT,REWRITE_REQUIRED,権威性=候補一次資料のみ; 直接性=locator未確認; 網羅性=関係NOT自体の根拠未確認; 主張極性=EMPIRICAL_RESULTとして再分類; スコープ=PASS_AFTER_TEST_SCOPE_QUALIFICATION; モダリティ=PASS_AFTER_HYPOTHESIS_QUALIFIER; 教材妥当性=PASS_AS_EXPLICIT_TESTABLE_HYPOTHESIS; 形式化妥当性=FAIL_RELATION_NOT。「モデルとインデックスを同時に変えると改善原因を判別できないため、互換性の表を持ち、独立して戻せるようにします。」は候補資料(SRC-141;SRC-142)に直接locatorがなく、一般的事実としてはFAIL_RELATION_NOTが残る。原文の対象と作用を維持したまま、本ガイドの構成または対象データでの検証へスコープを限定すれば教材上の検討事項を保持できる。,,,UNVERIFIED,原文をrevised_sentenceへ置換し、対象データ、比較条件、観測指標、合否閾値を同じ節に追記する。検証後に限り事実表現へ戻し、意味を保存して再形式化する。,,,,,INCONCLUSIVE,NOT_APPLICABLE_UNPROVED,,,codex-independent-wave4,2026-08-15,INDEPENDENT_REVIEW_COMPLETE,PARTIAL_CANDIDATE_SOURCE_ONLY,FAIL_NO_DIRECT_LOCATOR,FAIL_RELATION_NOT,EMPIRICAL_RESULT,PASS_AFTER_TEST_SCOPE_QUALIFICATION,PASS_AFTER_HYPOTHESIS_QUALIFIER,PASS_AS_EXPLICIT_TESTABLE_HYPOTHESIS,FAIL_RELATION_NOT
SENT-3743,52bebecfb2a435d0e7ff2efea557c5799674ded6,Model Cardsを使い、対象用途、対象外用途、評価結果、既知の制約を記します。,本ガイドの基本構成では、Model Cardsを使い、対象用途、対象外用途、評価結果、既知の制約を記します。,"AND(AND(ATOM(model_documentation=true), ATOM(evaluation=true)), ATOM(empirical_result=true))",AND,externally_cited_claim,UNCLASSIFIED,9.10.4 (docs/9.失敗パターンに応じて高度化する/9.10.Retrieval-aware training・RA-LLM.md:87),SRC-130,UNVERIFIED_CANDIDATE_URL_ONLY,EMPIRICAL_RESULT,evaluation=true;model_documentation=true,empirical_result=true,,REWRITE_REQUIRED,権威性=候補一次資料のみ; 直接性=locator未確認; 網羅性=未支持atom=empirical_result=true; 主張極性=EMPIRICAL_RESULTとして再分類; スコープ=PASS_AFTER_CONCRETE_VERSION_OR_EXPERIMENT_SCOPE; モダリティ=PASS_AFTER_CONDITIONAL_OR_REPRODUCTION_WORDING; 教材妥当性=PASS_AFTER_CONCRETE_VERSION_OR_EXPERIMENT_QUALIFIER; 形式化妥当性=FAIL_UNSUPPORTED_ATOMS:empirical_result=true。「Model Cardsを使い、対象用途、対象外用途、評価結果、既知の制約を記します。」の候補資料(SRC-130)はURL単位で、節・ページ・表・API見出しを独立に確認できていない。現文のFAIL_UNSUPPORTED_ATOMS:empirical_result=true、版・実験条件、資料内極性を断定せず、具体的な製品前提・ローカル定義・再現試験へ限定すれば教材内容を保持できる。,,,UNVERIFIED,原文をrevised_sentenceの具体文へ置換する。製品文は利用時点のregion/versionを受入条件へ追加し、研究文は同じ指標・比較条件で再現確認する。事実表現へ戻す場合は直接locatorを再監査する。,,,,,INCONCLUSIVE,NOT_APPLICABLE_UNPROVED,,,codex-independent-wave4,2026-08-15,INDEPENDENT_REVIEW_COMPLETE,PARTIAL_CANDIDATE_SOURCE_ONLY,FAIL_NO_DIRECT_LOCATOR,FAIL_UNSUPPORTED_ATOMS:empirical_result=true,EMPIRICAL_RESULT,PASS_AFTER_CONCRETE_VERSION_OR_EXPERIMENT_SCOPE,PASS_AFTER_CONDITIONAL_OR_REPRODUCTION_WORDING,PASS_AFTER_CONCRETE_VERSION_OR_EXPERIMENT_QUALIFIER,FAIL_UNSUPPORTED_ATOMS:empirical_result=true
SENT-3744,52bebecfb2a435d0e7ff2efea557c5799674ded6,最初に新しいアダプターを既存インデックスで評価し、その後のインデックス更新を別実験にします。,最初に新しいアダプターを既存インデックスで評価し、その後のインデックス更新を別実験にします。,"AND(ATOM(evaluation=true), ATOM(empirical_result=true))",AND,empirical_or_research_claim,UNCLASSIFIED,9.10.4 (docs/9.失敗パターンに応じて高度化する/9.10.Retrieval-aware training・RA-LLM.md:89),SRC-130,NOT_APPLICABLE_LOCAL_NORM,HYPOTHESIS,evaluation=true,empirical_result=true,,APPROPRIATE_NORMATIVE,権威性=候補一次資料のみ; 直接性=locator未確認; 網羅性=未支持atom=empirical_result=true; 主張極性=HYPOTHESISとして再分類; スコープ=PASS_LOCAL_DESIGN_POLICY; モダリティ=PASS_AS_DISCLOSED_NORMATIVE_RULE; 教材妥当性=PASS_AFTER_EXPLICIT_CRITERIA_AND_EXCEPTION; 形式化妥当性=FAIL_UNSUPPORTED_ATOMS:empirical_result=true。「最初に新しいアダプターを既存インデックスで評価し、その後のインデックス更新を別実験にします。」は外的真偽の断定ではなく、対象・処理・判断を特定した設計・運用上の選択規則として読める。ただし候補資料(SRC-130)はURL単位で、直接locatorは未確認。規範の判断基準と例外を明示すれば教材として採用できる。形式面ではFAIL_UNSUPPORTED_ATOMS:empirical_result=trueを別途解消する必要がある。,対象要件、適用条件、観測可能な受入基準、担当、失敗時の処理を明示すること,適用条件を満たさない場合は単純な経路または回答保留へ戻し、例外理由と期限を記録する,NOT_APPLICABLE,本文は維持し、節内に判断基準「対象要件、適用条件、観測可能な受入基準、担当、失敗時の処理を明示すること」と例外「適用条件を満たさない場合は単純な経路または回答保留へ戻し、例外理由と期限を記録する」を明記する。経験的な効果保証とは分離し、意味を保存して再形式化する。,,,,,INCONCLUSIVE,NOT_APPLICABLE_UNPROVED,,,codex-independent-wave4,2026-08-15,INDEPENDENT_REVIEW_COMPLETE,PARTIAL_CANDIDATE_SOURCE_ONLY,FAIL_NO_DIRECT_LOCATOR,FAIL_UNSUPPORTED_ATOMS:empirical_result=true,HYPOTHESIS,PASS_LOCAL_DESIGN_POLICY,PASS_AS_DISCLOSED_NORMATIVE_RULE,PASS_AFTER_EXPLICIT_CRITERIA_AND_EXCEPTION,FAIL_UNSUPPORTED_ATOMS:empirical_result=true
SENT-3772,52bebecfb2a435d0e7ff2efea557c5799674ded6,導入前にfailureを固定datasetとtraceで再現し、期待改善、guardrail metric、最大latency、cost budget、security条件を決めます。,導入前にfailureを固定datasetとtraceで再現し、期待改善、guardrail metric、最大latency、cost budget、security条件を決めます。,"AND(AND(AND(AND(ATOM(latency=true), ATOM(cost=true)), ATOM(security=true)), ATOM(guardrails=true)), ATOM(empirical_result=true))",AND,empirical_or_research_claim,UNCLASSIFIED,9.11.2 (docs/9.失敗パターンに応じて高度化する/9.11.高度化の導入判断表.md:23),SRC-059;SRC-092;SRC-097;SRC-147;SRC-160,NOT_APPLICABLE_LOCAL_NORM,HYPOTHESIS,cost=true;empirical_result=true;latency=true;security=true,guardrails=true,,APPROPRIATE_NORMATIVE,権威性=候補一次資料のみ; 直接性=locator未確認; 網羅性=未支持atom=guardrails=true; 主張極性=HYPOTHESISとして再分類; スコープ=PASS_LOCAL_DESIGN_POLICY; モダリティ=PASS_AS_DISCLOSED_NORMATIVE_RULE; 教材妥当性=PASS_AFTER_EXPLICIT_CRITERIA_AND_EXCEPTION; 形式化妥当性=FAIL_UNSUPPORTED_ATOMS:guardrails=true。「導入前にfailureを固定datasetとtraceで再現し、期待改善、guardrail metric、最大latency、cost budget、secu」は外的真偽の断定ではなく、対象・処理・判断を特定した設計・運用上の選択規則として読める。ただし候補資料(SRC-059;SRC-092;SRC-097;SRC-147;SRC-160)はURL単位で、直接locatorは未確認。規範の判断基準と例外を明示すれば教材として採用できる。形式面ではFAIL_UNSUPPORTED_ATOMS:guardrails=trueを別途解消する必要がある。,対象要件、適用条件、観測可能な受入基準、担当、失敗時の処理を明示すること,適用条件を満たさない場合は単純な経路または回答保留へ戻し、例外理由と期限を記録する,NOT_APPLICABLE,本文は維持し、節内に判断基準「対象要件、適用条件、観測可能な受入基準、担当、失敗時の処理を明示すること」と例外「適用条件を満たさない場合は単純な経路または回答保留へ戻し、例外理由と期限を記録する」を明記する。経験的な効果保証とは分離し、意味を保存して再形式化する。,,,,,INCONCLUSIVE,NOT_APPLICABLE_UNPROVED,,,codex-independent-wave4,2026-08-15,INDEPENDENT_REVIEW_COMPLETE,PARTIAL_CANDIDATE_SOURCE_ONLY,FAIL_NO_DIRECT_LOCATOR,FAIL_UNSUPPORTED_ATOMS:guardrails=true,HYPOTHESIS,PASS_LOCAL_DESIGN_POLICY,PASS_AS_DISCLOSED_NORMATIVE_RULE,PASS_AFTER_EXPLICIT_CRITERIA_AND_EXCEPTION,FAIL_UNSUPPORTED_ATOMS:guardrails=true
SENT-3774,52bebecfb2a435d0e7ff2efea557c5799674ded6,高度化後も改善が再現しない、別sliceを悪化させる、運用負荷やsecurity riskが許容範囲を超える場合は採用を止めます。,高度化後も改善が再現しない、別sliceを悪化させる、運用負荷やsecurity riskが許容範囲を超える場合は採用を止めます。,"NOT(AND(AND(ATOM(security=true), ATOM(risk=true)), ATOM(empirical_result=true)))",NOT,empirical_or_research_claim,ない,9.11.2 (docs/9.失敗パターンに応じて高度化する/9.11.高度化の導入判断表.md:25),SRC-097;SRC-029;SRC-031;SRC-033;SRC-057,NOT_APPLICABLE_LOCAL_NORM,HYPOTHESIS,empirical_result=true;security=true,risk=true,NOT,APPROPRIATE_NORMATIVE,権威性=候補一次資料のみ; 直接性=locator未確認; 網羅性=関係NOT自体の根拠未確認; 主張極性=HYPOTHESISとして再分類; スコープ=PASS_LOCAL_DESIGN_POLICY; モダリティ=PASS_AS_DISCLOSED_NORMATIVE_RULE; 教材妥当性=PASS_AFTER_EXPLICIT_CRITERIA_AND_EXCEPTION; 形式化妥当性=FAIL_RELATION_NOT。「高度化後も改善が再現しない、別sliceを悪化させる、運用負荷やsecurity riskが許容範囲を超える場合は採用を止めます。」は外的真偽の断定ではなく、対象・処理・判断を特定した設計・運用上の選択規則として読める。ただし候補資料(SRC-097;SRC-029;SRC-031;SRC-033;SRC-057)はURL単位で、直接locatorは未確認。規範の判断基準と例外を明示すれば教材として採用できる。形式面ではFAIL_RELATION_NOTを別途解消する必要がある。,禁止対象、禁止理由、代替経路を明示し、安全性・再現性・追跡性のいずれを守る規則か検査できること,禁止理由を満たす別の統制が同等以上の証拠で確認できる場合のみ例外とし、理由と期限を記録する,NOT_APPLICABLE,本文は維持し、節内に判断基準「禁止対象、禁止理由、代替経路を明示し、安全性・再現性・追跡性のいずれを守る規則か検査できること」と例外「禁止理由を満たす別の統制が同等以上の証拠で確認できる場合のみ例外とし、理由と期限を記録する」を明記する。経験的な効果保証とは分離し、意味を保存して再形式化する。,,,,,INCONCLUSIVE,NOT_APPLICABLE_UNPROVED,,,codex-independent-wave4,2026-08-15,INDEPENDENT_REVIEW_COMPLETE,PARTIAL_CANDIDATE_SOURCE_ONLY,FAIL_NO_DIRECT_LOCATOR,FAIL_RELATION_NOT,HYPOTHESIS,PASS_LOCAL_DESIGN_POLICY,PASS_AS_DISCLOSED_NORMATIVE_RULE,PASS_AFTER_EXPLICIT_CRITERIA_AND_EXCEPTION,FAIL_RELATION_NOT
SENT-3783,52bebecfb2a435d0e7ff2efea557c5799674ded6,QReCCは、会話中の質問を単独で読める形へ書き換えるデータを含む会話型質問応答データセットです。,本ガイドでは、QReCCを「会話中の質問を単独で読める形へ書き換えるデータを含む会話型質問応答データセット」として扱います。,UNFORMALIZED,UNFORMALIZED,externally_cited_claim,UNCLASSIFIED,9.2.1 (docs/9.失敗パターンに応じて高度化する/9.2.Conversational RAG.md:18),SRC-144,UNVERIFIED_CANDIDATE_URL_ONLY,DEFINITION_OR_SPEC,,,,REWRITE_REQUIRED,権威性=候補一次資料のみ; 直接性=locator未確認; 網羅性=未支持atom=none-explicit; 主張極性=DEFINITION_OR_SPECとして再分類; スコープ=PASS_AFTER_CONCRETE_VERSION_OR_EXPERIMENT_SCOPE; モダリティ=PASS_AFTER_CONDITIONAL_OR_REPRODUCTION_WORDING; 教材妥当性=PASS_AFTER_CONCRETE_VERSION_OR_EXPERIMENT_QUALIFIER; 形式化妥当性=FAIL_UNFORMALIZED。「QReCCは、会話中の質問を単独で読める形へ書き換えるデータを含む会話型質問応答データセットです。」の候補資料(SRC-144)はURL単位で、節・ページ・表・API見出しを独立に確認できていない。現文のFAIL_UNFORMALIZED、版・実験条件、資料内極性を断定せず、具体的な製品前提・ローカル定義・再現試験へ限定すれば教材内容を保持できる。,,,UNVERIFIED,原文をrevised_sentenceの具体文へ置換する。製品文は利用時点のregion/versionを受入条件へ追加し、研究文は同じ指標・比較条件で再現確認する。事実表現へ戻す場合は直接locatorを再監査する。,,,,,INCONCLUSIVE,NOT_APPLICABLE_UNPROVED,,,codex-independent-wave4,2026-08-15,INDEPENDENT_REVIEW_COMPLETE,PARTIAL_CANDIDATE_SOURCE_ONLY,FAIL_NO_DIRECT_LOCATOR,FAIL_UNFORMALIZED,DEFINITION_OR_SPEC,PASS_AFTER_CONCRETE_VERSION_OR_EXPERIMENT_SCOPE,PASS_AFTER_CONDITIONAL_OR_REPRODUCTION_WORDING,PASS_AFTER_CONCRETE_VERSION_OR_EXPERIMENT_QUALIFIER,FAIL_UNFORMALIZED
SENT-3790,52bebecfb2a435d0e7ff2efea557c5799674ded6,Query Resolutionのように、現在の質問を解決するために必要な履歴を選びます。,本ガイドの基本構成では、Query Resolutionのように、現在の質問を解決するために必要な履歴を選びます。,UNFORMALIZED,UNFORMALIZED,externally_cited_claim,必要,9.2.1 (docs/9.失敗パターンに応じて高度化する/9.2.Conversational RAG.md:28),SRC-057,UNVERIFIED_CANDIDATE_URL_ONLY,AUTHOR_CLAIM,,,,REWRITE_REQUIRED,権威性=候補一次資料のみ; 直接性=locator未確認; 網羅性=未支持atom=none-explicit; 主張極性=AUTHOR_CLAIMとして再分類; スコープ=PASS_AFTER_CONCRETE_VERSION_OR_EXPERIMENT_SCOPE; モダリティ=PASS_AFTER_CONDITIONAL_OR_REPRODUCTION_WORDING; 教材妥当性=PASS_AFTER_CONCRETE_VERSION_OR_EXPERIMENT_QUALIFIER; 形式化妥当性=FAIL_UNFORMALIZED。「Query Resolutionのように、現在の質問を解決するために必要な履歴を選びます。」の候補資料(SRC-057)はURL単位で、節・ページ・表・API見出しを独立に確認できていない。現文のFAIL_UNFORMALIZED、版・実験条件、資料内極性を断定せず、具体的な製品前提・ローカル定義・再現試験へ限定すれば教材内容を保持できる。,,,UNVERIFIED,原文をrevised_sentenceの具体文へ置換する。製品文は利用時点のregion/versionを受入条件へ追加し、研究文は同じ指標・比較条件で再現確認する。事実表現へ戻す場合は直接locatorを再監査する。,,,,,INCONCLUSIVE,NOT_APPLICABLE_UNPROVED,,,codex-independent-wave4,2026-08-15,INDEPENDENT_REVIEW_COMPLETE,PARTIAL_CANDIDATE_SOURCE_ONLY,FAIL_NO_DIRECT_LOCATOR,FAIL_UNFORMALIZED,AUTHOR_CLAIM,PASS_AFTER_CONCRETE_VERSION_OR_EXPERIMENT_SCOPE,PASS_AFTER_CONDITIONAL_OR_REPRODUCTION_WORDING,PASS_AFTER_CONCRETE_VERSION_OR_EXPERIMENT_QUALIFIER,FAIL_UNFORMALIZED
SENT-3802,52bebecfb2a435d0e7ff2efea557c5799674ded6,まず汎用検索器と質問書き換えを試し、それでは再現可能な失敗が残る場合に専用符号化器を検討します。,本ガイドの基本構成では、まず汎用検索器と質問書き換えを試し、それでは再現可能な失敗が残る場合に専用符号化器を検討します。,UNFORMALIZED,UNFORMALIZED,general_technical_claim,可能,9.2.2 (docs/9.失敗パターンに応じて高度化する/9.2.Conversational RAG.md:48),SRC-015;SRC-024;SRC-029;SRC-031;SRC-033,UNVERIFIED_CANDIDATE_URL_ONLY,BACKGROUND_CITATION,,,,REWRITE_REQUIRED,権威性=候補一次資料のみ; 直接性=locator未確認; 網羅性=未支持atom=none-explicit; 主張極性=BACKGROUND_CITATIONとして再分類; スコープ=PASS_AFTER_TEST_SCOPE_QUALIFICATION; モダリティ=PASS_AFTER_HYPOTHESIS_QUALIFIER; 教材妥当性=PASS_AS_EXPLICIT_TESTABLE_HYPOTHESIS; 形式化妥当性=FAIL_UNFORMALIZED。「まず汎用検索器と質問書き換えを試し、それでは再現可能な失敗が残る場合に専用符号化器を検討します。」は候補資料(SRC-015;SRC-024;SRC-029;SRC-031;SRC-033)に直接locatorがなく、一般的事実としてはFAIL_UNFORMALIZEDが残る。原文の対象と作用を維持したまま、本ガイドの構成または対象データでの検証へスコープを限定すれば教材上の検討事項を保持できる。,,,UNVERIFIED,原文をrevised_sentenceへ置換し、対象データ、比較条件、観測指標、合否閾値を同じ節に追記する。検証後に限り事実表現へ戻し、意味を保存して再形式化する。,,,,,INCONCLUSIVE,NOT_APPLICABLE_UNPROVED,,,codex-independent-wave4,2026-08-15,INDEPENDENT_REVIEW_COMPLETE,PARTIAL_CANDIDATE_SOURCE_ONLY,FAIL_NO_DIRECT_LOCATOR,FAIL_UNFORMALIZED,BACKGROUND_CITATION,PASS_AFTER_TEST_SCOPE_QUALIFICATION,PASS_AFTER_HYPOTHESIS_QUALIFIER,PASS_AS_EXPLICIT_TESTABLE_HYPOTHESIS,FAIL_UNFORMALIZED
SENT-3829,52bebecfb2a435d0e7ff2efea557c5799674ded6,本節は「知識源またはretrieverを質問ごとに選び、結果を統合する」という方式群の効果と課題が複数研究で報告されていることを根拠にし、特定のrouterや構成がすべての業務で優れるとはみなしません。,本節は「知識源またはretrieverを質問ごとに選び、結果を統合する」という方式群の効果と課題が複数研究で報告されていることを根拠にし、特定のrouterや構成がすべての業務で優れるとはみなしません。,"NOT(AND(AND(ATOM(retrieval=true), ATOM(evidence_support=true)), ATOM(empirical_result=true)))",NOT,empirical_or_research_claim,すべて;ません,FILE-INTRO (docs/9.失敗パターンに応じて高度化する/9.3.Federated・Routed RAG.md:8),SRC-147;SRC-148;SRC-149,NOT_APPLICABLE_LOCAL_NORM,HYPOTHESIS,empirical_result=true;retrieval=true,evidence_support=true,NOT,APPROPRIATE_NORMATIVE,権威性=候補一次資料のみ; 直接性=locator未確認; 網羅性=関係NOT自体の根拠未確認; 主張極性=HYPOTHESISとして再分類; スコープ=PASS_LOCAL_DESIGN_POLICY; モダリティ=PASS_AS_DISCLOSED_NORMATIVE_RULE; 教材妥当性=PASS_AFTER_EXPLICIT_CRITERIA_AND_EXCEPTION; 形式化妥当性=FAIL_RELATION_NOT。「本節は「知識源またはretrieverを質問ごとに選び、結果を統合する」という方式群の効果と課題が複数研究で報告されていることを根拠にし、特定のrouterや構」は外的真偽の断定ではなく、対象・処理・判断を特定した設計・運用上の選択規則として読める。ただし候補資料(SRC-147;SRC-148;SRC-149)はURL単位で、直接locatorは未確認。規範の判断基準と例外を明示すれば教材として採用できる。形式面ではFAIL_RELATION_NOTを別途解消する必要がある。,禁止対象、禁止理由、代替経路を明示し、安全性・再現性・追跡性のいずれを守る規則か検査できること,禁止理由を満たす別の統制が同等以上の証拠で確認できる場合のみ例外とし、理由と期限を記録する,NOT_APPLICABLE,本文は維持し、節内に判断基準「禁止対象、禁止理由、代替経路を明示し、安全性・再現性・追跡性のいずれを守る規則か検査できること」と例外「禁止理由を満たす別の統制が同等以上の証拠で確認できる場合のみ例外とし、理由と期限を記録する」を明記する。経験的な効果保証とは分離し、意味を保存して再形式化する。,,,,,INCONCLUSIVE,NOT_APPLICABLE_UNPROVED,,,codex-independent-wave4,2026-08-15,INDEPENDENT_REVIEW_COMPLETE,PARTIAL_CANDIDATE_SOURCE_ONLY,FAIL_NO_DIRECT_LOCATOR,FAIL_RELATION_NOT,HYPOTHESIS,PASS_LOCAL_DESIGN_POLICY,PASS_AS_DISCLOSED_NORMATIVE_RULE,PASS_AFTER_EXPLICIT_CRITERIA_AND_EXCEPTION,FAIL_RELATION_NOT
SENT-3834,52bebecfb2a435d0e7ff2efea557c5799674ded6,効果の主な根拠には、前述の査読付き研究を使います。,本ガイドの基本構成では、効果の主な根拠には、前述の査読付き研究を使います。,ATOM(evidence_support=true),ATOM,empirical_or_research_claim,UNCLASSIFIED,9.3.1 (docs/9.失敗パターンに応じて高度化する/9.3.Federated・Routed RAG.md:16),SRC-140,UNVERIFIED_CANDIDATE_URL_ONLY,EMPIRICAL_RESULT,,evidence_support=true,,REWRITE_REQUIRED,権威性=候補一次資料のみ; 直接性=locator未確認; 網羅性=未支持atom=evidence_support=true; 主張極性=EMPIRICAL_RESULTとして再分類; スコープ=PASS_AFTER_TEST_SCOPE_QUALIFICATION; モダリティ=PASS_AFTER_HYPOTHESIS_QUALIFIER; 教材妥当性=PASS_AS_EXPLICIT_TESTABLE_HYPOTHESIS; 形式化妥当性=FAIL_UNSUPPORTED_ATOMS:evidence_support=true。「効果の主な根拠には、前述の査読付き研究を使います。」は候補資料(SRC-140)に直接locatorがなく、一般的事実としてはFAIL_UNSUPPORTED_ATOMS:evidence_support=trueが残る。原文の対象と作用を維持したまま、本ガイドの構成または対象データでの検証へスコープを限定すれば教材上の検討事項を保持できる。,,,UNVERIFIED,原文をrevised_sentenceへ置換し、対象データ、比較条件、観測指標、合否閾値を同じ節に追記する。検証後に限り事実表現へ戻し、意味を保存して再形式化する。,,,,,INCONCLUSIVE,NOT_APPLICABLE_UNPROVED,,,codex-independent-wave4,2026-08-15,INDEPENDENT_REVIEW_COMPLETE,PARTIAL_CANDIDATE_SOURCE_ONLY,FAIL_NO_DIRECT_LOCATOR,FAIL_UNSUPPORTED_ATOMS:evidence_support=true,EMPIRICAL_RESULT,PASS_AFTER_TEST_SCOPE_QUALIFICATION,PASS_AFTER_HYPOTHESIS_QUALIFIER,PASS_AS_EXPLICIT_TESTABLE_HYPOTHESIS,FAIL_UNSUPPORTED_ATOMS:evidence_support=true
SENT-3843,52bebecfb2a435d0e7ff2efea557c5799674ded6,経路制御には、明示的なルール、分類モデル、埋め込みの類似度、確率モデル、LLMを使えます。,本ガイドの基本構成では、経路制御には、明示的なルール、分類モデル、埋め込みの類似度、確率モデル、LLMを使えます。,UNFORMALIZED,UNFORMALIZED,general_technical_claim,UNCLASSIFIED,9.3.2 (docs/9.失敗パターンに応じて高度化する/9.3.Federated・Routed RAG.md:32),SRC-015;SRC-024;SRC-029;SRC-031;SRC-033,UNVERIFIED_CANDIDATE_URL_ONLY,BACKGROUND_CITATION,,,,REWRITE_REQUIRED,権威性=候補一次資料のみ; 直接性=locator未確認; 網羅性=未支持atom=none-explicit; 主張極性=BACKGROUND_CITATIONとして再分類; スコープ=PASS_AFTER_TEST_SCOPE_QUALIFICATION; モダリティ=PASS_AFTER_HYPOTHESIS_QUALIFIER; 教材妥当性=PASS_AS_EXPLICIT_TESTABLE_HYPOTHESIS; 形式化妥当性=FAIL_UNFORMALIZED。「経路制御には、明示的なルール、分類モデル、埋め込みの類似度、確率モデル、LLMを使えます。」は候補資料(SRC-015;SRC-024;SRC-029;SRC-031;SRC-033)に直接locatorがなく、一般的事実としてはFAIL_UNFORMALIZEDが残る。原文の対象と作用を維持したまま、本ガイドの構成または対象データでの検証へスコープを限定すれば教材上の検討事項を保持できる。,,,UNVERIFIED,原文をrevised_sentenceへ置換し、対象データ、比較条件、観測指標、合否閾値を同じ節に追記する。検証後に限り事実表現へ戻し、意味を保存して再形式化する。,,,,,INCONCLUSIVE,NOT_APPLICABLE_UNPROVED,,,codex-independent-wave4,2026-08-15,INDEPENDENT_REVIEW_COMPLETE,PARTIAL_CANDIDATE_SOURCE_ONLY,FAIL_NO_DIRECT_LOCATOR,FAIL_UNFORMALIZED,BACKGROUND_CITATION,PASS_AFTER_TEST_SCOPE_QUALIFICATION,PASS_AFTER_HYPOTHESIS_QUALIFIER,PASS_AS_EXPLICIT_TESTABLE_HYPOTHESIS,FAIL_UNFORMALIZED
SENT-3850,52bebecfb2a435d0e7ff2efea557c5799674ded6,規程文書には疎検索と密検索、売上データにはSQL、関係データにはグラフ探索、現在状態にはAPIを使います。,本ガイドの基本構成では、規程文書には疎検索と密検索、売上データにはSQL、関係データにはグラフ探索、現在状態にはAPIを使います。,"AND(AND(AND(ATOM(sparse=true), ATOM(dense=true)), ATOM(graph_index=true)), ATOM(retrieval=true))",AND,general_technical_claim,UNCLASSIFIED,9.3.2 (docs/9.失敗パターンに応じて高度化する/9.3.Federated・Routed RAG.md:42),SRC-148;SRC-140;SRC-147;SRC-149,UNVERIFIED_CANDIDATE_URL_ONLY,BACKGROUND_CITATION,dense=true;retrieval=true,graph_index=true;sparse=true,,REWRITE_REQUIRED,権威性=候補一次資料のみ; 直接性=locator未確認; 網羅性=未支持atom=graph_index=true;sparse=true; 主張極性=BACKGROUND_CITATIONとして再分類; スコープ=PASS_AFTER_TEST_SCOPE_QUALIFICATION; モダリティ=PASS_AFTER_HYPOTHESIS_QUALIFIER; 教材妥当性=PASS_AS_EXPLICIT_TESTABLE_HYPOTHESIS; 形式化妥当性=FAIL_UNSUPPORTED_ATOMS:graph_index=true;sparse=true。「規程文書には疎検索と密検索、売上データにはSQL、関係データにはグラフ探索、現在状態にはAPIを使います。」は候補資料(SRC-148;SRC-140;SRC-147;SRC-149)に直接locatorがなく、一般的事実としてはFAIL_UNSUPPORTED_ATOMS:graph_index=true;sparse=trueが残る。原文の対象と作用を維持したまま、本ガイドの構成または対象データでの検証へスコープを限定すれば教材上の検討事項を保持できる。,,,UNVERIFIED,原文をrevised_sentenceへ置換し、対象データ、比較条件、観測指標、合否閾値を同じ節に追記する。検証後に限り事実表現へ戻し、意味を保存して再形式化する。,,,,,INCONCLUSIVE,NOT_APPLICABLE_UNPROVED,,,codex-independent-wave4,2026-08-15,INDEPENDENT_REVIEW_COMPLETE,PARTIAL_CANDIDATE_SOURCE_ONLY,FAIL_NO_DIRECT_LOCATOR,FAIL_UNSUPPORTED_ATOMS:graph_index=true;sparse=true,BACKGROUND_CITATION,PASS_AFTER_TEST_SCOPE_QUALIFICATION,PASS_AFTER_HYPOTHESIS_QUALIFIER,PASS_AS_EXPLICIT_TESTABLE_HYPOTHESIS,FAIL_UNSUPPORTED_ATOMS:graph_index=true;sparse=true
SENT-3856,52bebecfb2a435d0e7ff2efea557c5799674ded6,異なる検索器の生スコアを、そのまま足し合わせません。,本ガイドの基本構成では、異なる検索器の生スコアを、そのまま足し合わせません。,NOT(ATOM(retrieval=true)),NOT,general_technical_claim,ません,9.3.3 (docs/9.失敗パターンに応じて高度化する/9.3.Federated・Routed RAG.md:53),SRC-064,UNVERIFIED_CANDIDATE_URL_ONLY,BACKGROUND_CITATION,,retrieval=true,NOT,REWRITE_REQUIRED,権威性=候補一次資料のみ; 直接性=locator未確認; 網羅性=関係NOT自体の根拠未確認; 主張極性=BACKGROUND_CITATIONとして再分類; スコープ=PASS_AFTER_TEST_SCOPE_QUALIFICATION; モダリティ=PASS_AFTER_HYPOTHESIS_QUALIFIER; 教材妥当性=PASS_AS_EXPLICIT_TESTABLE_HYPOTHESIS; 形式化妥当性=FAIL_RELATION_NOT。「異なる検索器の生スコアを、そのまま足し合わせません。」は候補資料(SRC-064)に直接locatorがなく、一般的事実としてはFAIL_RELATION_NOTが残る。原文の対象と作用を維持したまま、本ガイドの構成または対象データでの検証へスコープを限定すれば教材上の検討事項を保持できる。,,,UNVERIFIED,原文をrevised_sentenceへ置換し、対象データ、比較条件、観測指標、合否閾値を同じ節に追記する。検証後に限り事実表現へ戻し、意味を保存して再形式化する。,,,,,INCONCLUSIVE,NOT_APPLICABLE_UNPROVED,,,codex-independent-wave4,2026-08-15,INDEPENDENT_REVIEW_COMPLETE,PARTIAL_CANDIDATE_SOURCE_ONLY,FAIL_NO_DIRECT_LOCATOR,FAIL_RELATION_NOT,BACKGROUND_CITATION,PASS_AFTER_TEST_SCOPE_QUALIFICATION,PASS_AFTER_HYPOTHESIS_QUALIFIER,PASS_AS_EXPLICIT_TESTABLE_HYPOTHESIS,FAIL_RELATION_NOT
SENT-3858,52bebecfb2a435d0e7ff2efea557c5799674ded6,相互順位統合は、各検索結果の順位に基づいて候補を統合します。,本ガイドでは、各検索結果の順位に基づいて候補を統合します。,"AND(AND(ATOM(ranks_only=true), ATOM(retrieval=true)), ATOM(empirical_result=true))",AND,externally_cited_claim,UNCLASSIFIED,9.3.3 (docs/9.失敗パターンに応じて高度化する/9.3.Federated・Routed RAG.md:55),SRC-064,UNVERIFIED_CANDIDATE_URL_ONLY,EMPIRICAL_RESULT,empirical_result=true;ranks_only=true,retrieval=true,,REWRITE_REQUIRED,権威性=候補一次資料のみ; 直接性=locator未確認; 網羅性=未支持atom=retrieval=true; 主張極性=EMPIRICAL_RESULTとして再分類; スコープ=PASS_AFTER_CONCRETE_VERSION_OR_EXPERIMENT_SCOPE; モダリティ=PASS_AFTER_CONDITIONAL_OR_REPRODUCTION_WORDING; 教材妥当性=PASS_AFTER_CONCRETE_VERSION_OR_EXPERIMENT_QUALIFIER; 形式化妥当性=FAIL_UNSUPPORTED_ATOMS:retrieval=true。「相互順位統合は、各検索結果の順位に基づいて候補を統合します。」の候補資料(SRC-064)はURL単位で、節・ページ・表・API見出しを独立に確認できていない。現文のFAIL_UNSUPPORTED_ATOMS:retrieval=true、版・実験条件、資料内極性を断定せず、具体的な製品前提・ローカル定義・再現試験へ限定すれば教材内容を保持できる。,,,UNVERIFIED,原文をrevised_sentenceの具体文へ置換する。製品文は利用時点のregion/versionを受入条件へ追加し、研究文は同じ指標・比較条件で再現確認する。事実表現へ戻す場合は直接locatorを再監査する。,,,,,INCONCLUSIVE,NOT_APPLICABLE_UNPROVED,,,codex-independent-wave4,2026-08-15,INDEPENDENT_REVIEW_COMPLETE,PARTIAL_CANDIDATE_SOURCE_ONLY,FAIL_NO_DIRECT_LOCATOR,FAIL_UNSUPPORTED_ATOMS:retrieval=true,EMPIRICAL_RESULT,PASS_AFTER_CONCRETE_VERSION_OR_EXPERIMENT_SCOPE,PASS_AFTER_CONDITIONAL_OR_REPRODUCTION_WORDING,PASS_AFTER_CONCRETE_VERSION_OR_EXPERIMENT_QUALIFIER,FAIL_UNSUPPORTED_ATOMS:retrieval=true
SENT-3882,52bebecfb2a435d0e7ff2efea557c5799674ded6,最新値や集計を文書チャンクから推測せず、正本へ安全に問い合わせ、その結果を根拠として説明します。,本ガイドの基本構成では、最新値や集計を文書チャンクから推測せず、正本へ安全に問い合わせ、その結果を根拠として説明します。,"NOT(AND(AND(ATOM(evidence_support=true), ATOM(temporal_freshness=true)), ATOM(empirical_result=true)))",NOT,general_technical_claim,UNCLASSIFIED,FILE-INTRO (docs/9.失敗パターンに応じて高度化する/9.4.Structured Data RAG.md:4),SRC-029;SRC-151,UNVERIFIED_CANDIDATE_URL_ONLY,EMPIRICAL_RESULT,empirical_result=true,evidence_support=true;temporal_freshness=true,NOT,REWRITE_REQUIRED,権威性=候補一次資料のみ; 直接性=locator未確認; 網羅性=関係NOT自体の根拠未確認; 主張極性=EMPIRICAL_RESULTとして再分類; スコープ=PASS_AFTER_TEST_SCOPE_QUALIFICATION; モダリティ=PASS_AFTER_HYPOTHESIS_QUALIFIER; 教材妥当性=PASS_AS_EXPLICIT_TESTABLE_HYPOTHESIS; 形式化妥当性=FAIL_RELATION_NOT。「最新値や集計を文書チャンクから推測せず、正本へ安全に問い合わせ、その結果を根拠として説明します。」は候補資料(SRC-029;SRC-151)に直接locatorがなく、一般的事実としてはFAIL_RELATION_NOTが残る。原文の対象と作用を維持したまま、本ガイドの構成または対象データでの検証へスコープを限定すれば教材上の検討事項を保持できる。,,,UNVERIFIED,原文をrevised_sentenceへ置換し、対象データ、比較条件、観測指標、合否閾値を同じ節に追記する。検証後に限り事実表現へ戻し、意味を保存して再形式化する。,,,,,INCONCLUSIVE,NOT_APPLICABLE_UNPROVED,,,codex-independent-wave4,2026-08-15,INDEPENDENT_REVIEW_COMPLETE,PARTIAL_CANDIDATE_SOURCE_ONLY,FAIL_NO_DIRECT_LOCATOR,FAIL_RELATION_NOT,EMPIRICAL_RESULT,PASS_AFTER_TEST_SCOPE_QUALIFICATION,PASS_AFTER_HYPOTHESIS_QUALIFIER,PASS_AS_EXPLICIT_TESTABLE_HYPOTHESIS,FAIL_RELATION_NOT
SENT-3898,52bebecfb2a435d0e7ff2efea557c5799674ded6,RAT-SQLは、質問中の語とスキーマ要素の対応、表同士の関係を使ってSQLを生成します。,本ガイドでは、質問中の語とスキーマ要素の対応、表同士の関係を使ってSQLを生成します。,ATOM(generation=true),ATOM,externally_cited_claim,UNCLASSIFIED,9.4.2 (docs/9.失敗パターンに応じて高度化する/9.4.Structured Data RAG.md:32),SRC-150,UNVERIFIED_CANDIDATE_URL_ONLY,AUTHOR_CLAIM,,generation=true,,REWRITE_REQUIRED,権威性=候補一次資料のみ; 直接性=locator未確認; 網羅性=未支持atom=generation=true; 主張極性=AUTHOR_CLAIMとして再分類; スコープ=PASS_AFTER_CONCRETE_VERSION_OR_EXPERIMENT_SCOPE; モダリティ=PASS_AFTER_CONDITIONAL_OR_REPRODUCTION_WORDING; 教材妥当性=PASS_AFTER_CONCRETE_VERSION_OR_EXPERIMENT_QUALIFIER; 形式化妥当性=FAIL_UNSUPPORTED_ATOMS:generation=true。「RAT-SQLは、質問中の語とスキーマ要素の対応、表同士の関係を使ってSQLを生成します。」の候補資料(SRC-150)はURL単位で、節・ページ・表・API見出しを独立に確認できていない。現文のFAIL_UNSUPPORTED_ATOMS:generation=true、版・実験条件、資料内極性を断定せず、具体的な製品前提・ローカル定義・再現試験へ限定すれば教材内容を保持できる。,,,UNVERIFIED,原文をrevised_sentenceの具体文へ置換する。製品文は利用時点のregion/versionを受入条件へ追加し、研究文は同じ指標・比較条件で再現確認する。事実表現へ戻す場合は直接locatorを再監査する。,,,,,INCONCLUSIVE,NOT_APPLICABLE_UNPROVED,,,codex-independent-wave4,2026-08-15,INDEPENDENT_REVIEW_COMPLETE,PARTIAL_CANDIDATE_SOURCE_ONLY,FAIL_NO_DIRECT_LOCATOR,FAIL_UNSUPPORTED_ATOMS:generation=true,AUTHOR_CLAIM,PASS_AFTER_CONCRETE_VERSION_OR_EXPERIMENT_SCOPE,PASS_AFTER_CONDITIONAL_OR_REPRODUCTION_WORDING,PASS_AFTER_CONCRETE_VERSION_OR_EXPERIMENT_QUALIFIER,FAIL_UNSUPPORTED_ATOMS:generation=true
SENT-3904,52bebecfb2a435d0e7ff2efea557c5799674ded6,DIN-SQLは、複雑な質問を部分問題へ分け、スキーマ対応と自己修正を組み合わせます。,本ガイドでは、複雑な質問を部分問題へ分け、スキーマ対応と自己修正を組み合わせます。,UNFORMALIZED,UNFORMALIZED,externally_cited_claim,UNCLASSIFIED,9.4.3 (docs/9.失敗パターンに応じて高度化する/9.4.Structured Data RAG.md:43),SRC-151,UNVERIFIED_CANDIDATE_URL_ONLY,AUTHOR_CLAIM,,,,REWRITE_REQUIRED,権威性=候補一次資料のみ; 直接性=locator未確認; 網羅性=未支持atom=none-explicit; 主張極性=AUTHOR_CLAIMとして再分類; スコープ=PASS_AFTER_CONCRETE_VERSION_OR_EXPERIMENT_SCOPE; モダリティ=PASS_AFTER_CONDITIONAL_OR_REPRODUCTION_WORDING; 教材妥当性=PASS_AFTER_CONCRETE_VERSION_OR_EXPERIMENT_QUALIFIER; 形式化妥当性=FAIL_UNFORMALIZED。「DIN-SQLは、複雑な質問を部分問題へ分け、スキーマ対応と自己修正を組み合わせます。」の候補資料(SRC-151)はURL単位で、節・ページ・表・API見出しを独立に確認できていない。現文のFAIL_UNFORMALIZED、版・実験条件、資料内極性を断定せず、具体的な製品前提・ローカル定義・再現試験へ限定すれば教材内容を保持できる。,,,UNVERIFIED,原文をrevised_sentenceの具体文へ置換する。製品文は利用時点のregion/versionを受入条件へ追加し、研究文は同じ指標・比較条件で再現確認する。事実表現へ戻す場合は直接locatorを再監査する。,,,,,INCONCLUSIVE,NOT_APPLICABLE_UNPROVED,,,codex-independent-wave4,2026-08-15,INDEPENDENT_REVIEW_COMPLETE,PARTIAL_CANDIDATE_SOURCE_ONLY,FAIL_NO_DIRECT_LOCATOR,FAIL_UNFORMALIZED,AUTHOR_CLAIM,PASS_AFTER_CONCRETE_VERSION_OR_EXPERIMENT_SCOPE,PASS_AFTER_CONDITIONAL_OR_REPRODUCTION_WORDING,PASS_AFTER_CONCRETE_VERSION_OR_EXPERIMENT_QUALIFIER,FAIL_UNFORMALIZED
SENT-3919,52bebecfb2a435d0e7ff2efea557c5799674ded6,PubTables-1Mは、表の検出、構造認識、機能分析を支える大規模データセットです。,本ガイドでは、PubTables-1Mを「表の検出、構造認識、機能分析を支える大規模データセット」として扱います。,ATOM(scalability=true),ATOM,externally_cited_claim,UNCLASSIFIED,9.4.4 (docs/9.失敗パターンに応じて高度化する/9.4.Structured Data RAG.md:66),SRC-029,UNVERIFIED_CANDIDATE_URL_ONLY,DEFINITION_OR_SPEC,,scalability=true,,REWRITE_REQUIRED,権威性=候補一次資料のみ; 直接性=locator未確認; 網羅性=未支持atom=scalability=true; 主張極性=DEFINITION_OR_SPECとして再分類; スコープ=PASS_AFTER_CONCRETE_VERSION_OR_EXPERIMENT_SCOPE; モダリティ=PASS_AFTER_CONDITIONAL_OR_REPRODUCTION_WORDING; 教材妥当性=PASS_AFTER_CONCRETE_VERSION_OR_EXPERIMENT_QUALIFIER; 形式化妥当性=FAIL_UNSUPPORTED_ATOMS:scalability=true。「PubTables-1Mは、表の検出、構造認識、機能分析を支える大規模データセットです。」の候補資料(SRC-029)はURL単位で、節・ページ・表・API見出しを独立に確認できていない。現文のFAIL_UNSUPPORTED_ATOMS:scalability=true、版・実験条件、資料内極性を断定せず、具体的な製品前提・ローカル定義・再現試験へ限定すれば教材内容を保持できる。,,,UNVERIFIED,原文をrevised_sentenceの具体文へ置換する。製品文は利用時点のregion/versionを受入条件へ追加し、研究文は同じ指標・比較条件で再現確認する。事実表現へ戻す場合は直接locatorを再監査する。,,,,,INCONCLUSIVE,NOT_APPLICABLE_UNPROVED,,,codex-independent-wave4,2026-08-15,INDEPENDENT_REVIEW_COMPLETE,PARTIAL_CANDIDATE_SOURCE_ONLY,FAIL_NO_DIRECT_LOCATOR,FAIL_UNSUPPORTED_ATOMS:scalability=true,DEFINITION_OR_SPEC,PASS_AFTER_CONCRETE_VERSION_OR_EXPERIMENT_SCOPE,PASS_AFTER_CONDITIONAL_OR_REPRODUCTION_WORDING,PASS_AFTER_CONCRETE_VERSION_OR_EXPERIMENT_QUALIFIER,FAIL_UNSUPPORTED_ATOMS:scalability=true
SENT-3944,52bebecfb2a435d0e7ff2efea557c5799674ded6,選択基準はモデルの最大トークン数だけではありません。,本ガイドの基本構成では、選択基準はモデルの最大トークン数だけではありません。,UNFORMALIZED,UNFORMALIZED,general_technical_claim,ません,9.5.1 (docs/9.失敗パターンに応じて高度化する/9.5.Long-context RAG.md:17),SRC-015;SRC-024;SRC-029;SRC-031;SRC-033,UNVERIFIED_CANDIDATE_URL_ONLY,BACKGROUND_CITATION,,,,REWRITE_REQUIRED,権威性=候補一次資料のみ; 直接性=locator未確認; 網羅性=未支持atom=none-explicit; 主張極性=BACKGROUND_CITATIONとして再分類; スコープ=PASS_AFTER_TEST_SCOPE_QUALIFICATION; モダリティ=PASS_AFTER_HYPOTHESIS_QUALIFIER; 教材妥当性=PASS_AS_EXPLICIT_TESTABLE_HYPOTHESIS; 形式化妥当性=FAIL_UNFORMALIZED。「選択基準はモデルの最大トークン数だけではありません。」は候補資料(SRC-015;SRC-024;SRC-029;SRC-031;SRC-033)に直接locatorがなく、一般的事実としてはFAIL_UNFORMALIZEDが残る。原文の対象と作用を維持したまま、本ガイドの構成または対象データでの検証へスコープを限定すれば教材上の検討事項を保持できる。,,,UNVERIFIED,原文をrevised_sentenceへ置換し、対象データ、比較条件、観測指標、合否閾値を同じ節に追記する。検証後に限り事実表現へ戻し、意味を保存して再形式化する。,,,,,INCONCLUSIVE,NOT_APPLICABLE_UNPROVED,,,codex-independent-wave4,2026-08-15,INDEPENDENT_REVIEW_COMPLETE,PARTIAL_CANDIDATE_SOURCE_ONLY,FAIL_NO_DIRECT_LOCATOR,FAIL_UNFORMALIZED,BACKGROUND_CITATION,PASS_AFTER_TEST_SCOPE_QUALIFICATION,PASS_AFTER_HYPOTHESIS_QUALIFIER,PASS_AS_EXPLICIT_TESTABLE_HYPOTHESIS,FAIL_UNFORMALIZED
SENT-3947,52bebecfb2a435d0e7ff2efea557c5799674ded6,RAGと長文入力を比較した研究は、十分な資源がある条件では長文入力が高品質な場合がある一方、RAGが大幅に安価な場合を報告しています。,十分な資源がある条件では長文入力が高品質な場合がある一方、RAGが大幅に安価な場合が対象データでも再現するかを、同じ比較条件と指標で確認します。,UNFORMALIZED,UNFORMALIZED,externally_cited_claim,UNCLASSIFIED,9.5.1 (docs/9.失敗パターンに応じて高度化する/9.5.Long-context RAG.md:21),SRC-059,UNVERIFIED_CANDIDATE_URL_ONLY,EMPIRICAL_RESULT,,,,REWRITE_REQUIRED,権威性=候補一次資料のみ; 直接性=locator未確認; 網羅性=未支持atom=none-explicit; 主張極性=EMPIRICAL_RESULTとして再分類; スコープ=PASS_AFTER_CONCRETE_VERSION_OR_EXPERIMENT_SCOPE; モダリティ=PASS_AFTER_CONDITIONAL_OR_REPRODUCTION_WORDING; 教材妥当性=PASS_AFTER_CONCRETE_VERSION_OR_EXPERIMENT_QUALIFIER; 形式化妥当性=FAIL_UNFORMALIZED。「RAGと長文入力を比較した研究は、十分な資源がある条件では長文入力が高品質な場合がある一方、RAGが大幅に安価な場合を報告しています。」の候補資料(SRC-059)はURL単位で、節・ページ・表・API見出しを独立に確認できていない。現文のFAIL_UNFORMALIZED、版・実験条件、資料内極性を断定せず、具体的な製品前提・ローカル定義・再現試験へ限定すれば教材内容を保持できる。,,,UNVERIFIED,原文をrevised_sentenceの具体文へ置換する。製品文は利用時点のregion/versionを受入条件へ追加し、研究文は同じ指標・比較条件で再現確認する。事実表現へ戻す場合は直接locatorを再監査する。,,,,,INCONCLUSIVE,NOT_APPLICABLE_UNPROVED,,,codex-independent-wave4,2026-08-15,INDEPENDENT_REVIEW_COMPLETE,PARTIAL_CANDIDATE_SOURCE_ONLY,FAIL_NO_DIRECT_LOCATOR,FAIL_UNFORMALIZED,EMPIRICAL_RESULT,PASS_AFTER_CONCRETE_VERSION_OR_EXPERIMENT_SCOPE,PASS_AFTER_CONDITIONAL_OR_REPRODUCTION_WORDING,PASS_AFTER_CONCRETE_VERSION_OR_EXPERIMENT_QUALIFIER,FAIL_UNFORMALIZED
SENT-3951,52bebecfb2a435d0e7ff2efea557c5799674ded6,小さなチャンクで一致箇所を見つけ、その親節をモデルへ渡すと、検索精度と読解文脈を分担できます。,小さなチャンクで一致箇所を見つけ、その親節をモデルへ渡すと、検索精度と読解文脈を分担できるかを、対象データと固定した比較条件で検証します。,"AND(ATOM(retrieval=true), ATOM(recall_metric=true))",AND,general_technical_claim,できます,9.5.2 (docs/9.失敗パターンに応じて高度化する/9.5.Long-context RAG.md:29),SRC-031;SRC-107,UNVERIFIED_CANDIDATE_URL_ONLY,BACKGROUND_CITATION,retrieval=true,recall_metric=true,,REWRITE_REQUIRED,権威性=候補一次資料のみ; 直接性=locator未確認; 網羅性=未支持atom=recall_metric=true; 主張極性=BACKGROUND_CITATIONとして再分類; スコープ=PASS_AFTER_TEST_SCOPE_QUALIFICATION; モダリティ=PASS_AFTER_HYPOTHESIS_QUALIFIER; 教材妥当性=PASS_AS_EXPLICIT_TESTABLE_HYPOTHESIS; 形式化妥当性=FAIL_UNSUPPORTED_ATOMS:recall_metric=true。「小さなチャンクで一致箇所を見つけ、その親節をモデルへ渡すと、検索精度と読解文脈を分担できます。」は候補資料(SRC-031;SRC-107)に直接locatorがなく、一般的事実としてはFAIL_UNSUPPORTED_ATOMS:recall_metric=trueが残る。原文の対象と作用を維持したまま、本ガイドの構成または対象データでの検証へスコープを限定すれば教材上の検討事項を保持できる。,,,UNVERIFIED,原文をrevised_sentenceへ置換し、対象データ、比較条件、観測指標、合否閾値を同じ節に追記する。検証後に限り事実表現へ戻し、意味を保存して再形式化する。,,,,,INCONCLUSIVE,NOT_APPLICABLE_UNPROVED,,,codex-independent-wave4,2026-08-15,INDEPENDENT_REVIEW_COMPLETE,PARTIAL_CANDIDATE_SOURCE_ONLY,FAIL_NO_DIRECT_LOCATOR,FAIL_UNSUPPORTED_ATOMS:recall_metric=true,BACKGROUND_CITATION,PASS_AFTER_TEST_SCOPE_QUALIFICATION,PASS_AFTER_HYPOTHESIS_QUALIFIER,PASS_AS_EXPLICIT_TESTABLE_HYPOTHESIS,FAIL_UNSUPPORTED_ATOMS:recall_metric=true
SENT-3955,52bebecfb2a435d0e7ff2efea557c5799674ded6,全文を渡したというだけで改善と判断せず、根拠利用率、完全性、引用精度を測ります。,本ガイドの基本構成では、全文を渡したというだけで改善と判断せず、根拠利用率、完全性、引用精度を測ります。,"NOT(AND(AND(ATOM(citation=true), ATOM(evidence_support=true)), ATOM(empirical_result=true)))",NOT,empirical_or_research_claim,UNCLASSIFIED,9.5.2 (docs/9.失敗パターンに応じて高度化する/9.5.Long-context RAG.md:35),SRC-031;SRC-107,UNVERIFIED_CANDIDATE_URL_ONLY,EMPIRICAL_RESULT,empirical_result=true,citation=true;evidence_support=true,NOT,REWRITE_REQUIRED,権威性=候補一次資料のみ; 直接性=locator未確認; 網羅性=関係NOT自体の根拠未確認; 主張極性=EMPIRICAL_RESULTとして再分類; スコープ=PASS_AFTER_TEST_SCOPE_QUALIFICATION; モダリティ=PASS_AFTER_HYPOTHESIS_QUALIFIER; 教材妥当性=PASS_AS_EXPLICIT_TESTABLE_HYPOTHESIS; 形式化妥当性=FAIL_RELATION_NOT。「全文を渡したというだけで改善と判断せず、根拠利用率、完全性、引用精度を測ります。」は候補資料(SRC-031;SRC-107)に直接locatorがなく、一般的事実としてはFAIL_RELATION_NOTが残る。原文の対象と作用を維持したまま、本ガイドの構成または対象データでの検証へスコープを限定すれば教材上の検討事項を保持できる。,,,UNVERIFIED,原文をrevised_sentenceへ置換し、対象データ、比較条件、観測指標、合否閾値を同じ節に追記する。検証後に限り事実表現へ戻し、意味を保存して再形式化する。,,,,,INCONCLUSIVE,NOT_APPLICABLE_UNPROVED,,,codex-independent-wave4,2026-08-15,INDEPENDENT_REVIEW_COMPLETE,PARTIAL_CANDIDATE_SOURCE_ONLY,FAIL_NO_DIRECT_LOCATOR,FAIL_RELATION_NOT,EMPIRICAL_RESULT,PASS_AFTER_TEST_SCOPE_QUALIFICATION,PASS_AFTER_HYPOTHESIS_QUALIFIER,PASS_AS_EXPLICIT_TESTABLE_HYPOTHESIS,FAIL_RELATION_NOT
SENT-3957,52bebecfb2a435d0e7ff2efea557c5799674ded6,重複除去、多様性を考慮した選択、再順位付け、親子展開、矛盾の整理を行います。,本ガイドの基本構成では、重複除去、多様性を考慮した選択、再順位付け、親子展開、矛盾の整理を行います。,"AND(AND(ATOM(rerank=true), ATOM(diversity=true)), ATOM(dedup=true))",AND,general_technical_claim,UNCLASSIFIED,9.5.2 (docs/9.失敗パターンに応じて高度化する/9.5.Long-context RAG.md:38),SRC-107,UNVERIFIED_CANDIDATE_URL_ONLY,BACKGROUND_CITATION,rerank=true,dedup=true;diversity=true,,REWRITE_REQUIRED,権威性=候補一次資料のみ; 直接性=locator未確認; 網羅性=未支持atom=dedup=true;diversity=true; 主張極性=BACKGROUND_CITATIONとして再分類; スコープ=PASS_AFTER_TEST_SCOPE_QUALIFICATION; モダリティ=PASS_AFTER_HYPOTHESIS_QUALIFIER; 教材妥当性=PASS_AS_EXPLICIT_TESTABLE_HYPOTHESIS; 形式化妥当性=FAIL_UNSUPPORTED_ATOMS:dedup=true;diversity=true。「重複除去、多様性を考慮した選択、再順位付け、親子展開、矛盾の整理を行います。」は候補資料(SRC-107)に直接locatorがなく、一般的事実としてはFAIL_UNSUPPORTED_ATOMS:dedup=true;diversity=trueが残る。原文の対象と作用を維持したまま、本ガイドの構成または対象データでの検証へスコープを限定すれば教材上の検討事項を保持できる。,,,UNVERIFIED,原文をrevised_sentenceへ置換し、対象データ、比較条件、観測指標、合否閾値を同じ節に追記する。検証後に限り事実表現へ戻し、意味を保存して再形式化する。,,,,,INCONCLUSIVE,NOT_APPLICABLE_UNPROVED,,,codex-independent-wave4,2026-08-15,INDEPENDENT_REVIEW_COMPLETE,PARTIAL_CANDIDATE_SOURCE_ONLY,FAIL_NO_DIRECT_LOCATOR,FAIL_UNSUPPORTED_ATOMS:dedup=true;diversity=true,BACKGROUND_CITATION,PASS_AFTER_TEST_SCOPE_QUALIFICATION,PASS_AFTER_HYPOTHESIS_QUALIFIER,PASS_AS_EXPLICIT_TESTABLE_HYPOTHESIS,FAIL_UNSUPPORTED_ATOMS:dedup=true;diversity=true
SENT-3959,52bebecfb2a435d0e7ff2efea557c5799674ded6,RAGGEDは、取得候補を増やしたときの生成モデルのノイズへの強さによって回答品質が変わることを示しています。,取得候補を増やしたときの生成モデルのノイズへの強さによって回答品質が変わることが対象データでも成り立つかを、同じ条件と指標で検証します。,"IMP(ATOM(retrieval=true), ATOM(generation=true))",IMPLIES,externally_cited_claim,UNCLASSIFIED,9.5.2 (docs/9.失敗パターンに応じて高度化する/9.5.Long-context RAG.md:41),SRC-107,UNVERIFIED_CANDIDATE_URL_ONLY,AUTHOR_CLAIM,generation=true;retrieval=true,,IMPLIES,REWRITE_REQUIRED,権威性=候補一次資料のみ; 直接性=locator未確認; 網羅性=関係IMPLIES自体の根拠未確認; 主張極性=AUTHOR_CLAIMとして再分類; スコープ=PASS_AFTER_CONCRETE_VERSION_OR_EXPERIMENT_SCOPE; モダリティ=PASS_AFTER_CONDITIONAL_OR_REPRODUCTION_WORDING; 教材妥当性=PASS_AFTER_CONCRETE_VERSION_OR_EXPERIMENT_QUALIFIER; 形式化妥当性=FAIL_RELATION_IMPLIES。「RAGGEDは、取得候補を増やしたときの生成モデルのノイズへの強さによって回答品質が変わることを示しています。」の候補資料(SRC-107)はURL単位で、節・ページ・表・API見出しを独立に確認できていない。現文のFAIL_RELATION_IMPLIES、版・実験条件、資料内極性を断定せず、具体的な製品前提・ローカル定義・再現試験へ限定すれば教材内容を保持できる。,,,UNVERIFIED,原文をrevised_sentenceの具体文へ置換する。製品文は利用時点のregion/versionを受入条件へ追加し、研究文は同じ指標・比較条件で再現確認する。事実表現へ戻す場合は直接locatorを再監査する。,,,,,INCONCLUSIVE,NOT_APPLICABLE_UNPROVED,,,codex-independent-wave4,2026-08-15,INDEPENDENT_REVIEW_COMPLETE,PARTIAL_CANDIDATE_SOURCE_ONLY,FAIL_NO_DIRECT_LOCATOR,FAIL_RELATION_IMPLIES,AUTHOR_CLAIM,PASS_AFTER_CONCRETE_VERSION_OR_EXPERIMENT_SCOPE,PASS_AFTER_CONDITIONAL_OR_REPRODUCTION_WORDING,PASS_AFTER_CONCRETE_VERSION_OR_EXPERIMENT_QUALIFIER,FAIL_RELATION_IMPLIES
SENT-3969,52bebecfb2a435d0e7ff2efea557c5799674ded6,Lost in the Middleは、先頭や末尾と比べて中央の情報を利用しにくい傾向を報告しています。,先頭や末尾と比べて中央の情報を利用しにくい傾向が対象データでも再現するかを、同じ比較条件と指標で確認します。,"AND(ATOM(long_context=true), ATOM(empirical_result=true))",AND,externally_cited_claim,UNCLASSIFIED,9.5.3 (docs/9.失敗パターンに応じて高度化する/9.5.Long-context RAG.md:58),SRC-035,UNVERIFIED_CANDIDATE_URL_ONLY,EMPIRICAL_RESULT,long_context=true,empirical_result=true,,REWRITE_REQUIRED,権威性=候補一次資料のみ; 直接性=locator未確認; 網羅性=未支持atom=empirical_result=true; 主張極性=EMPIRICAL_RESULTとして再分類; スコープ=PASS_AFTER_CONCRETE_VERSION_OR_EXPERIMENT_SCOPE; モダリティ=PASS_AFTER_CONDITIONAL_OR_REPRODUCTION_WORDING; 教材妥当性=PASS_AFTER_CONCRETE_VERSION_OR_EXPERIMENT_QUALIFIER; 形式化妥当性=FAIL_UNSUPPORTED_ATOMS:empirical_result=true。「Lost in the Middleは、先頭や末尾と比べて中央の情報を利用しにくい傾向を報告しています。」の候補資料(SRC-035)はURL単位で、節・ページ・表・API見出しを独立に確認できていない。現文のFAIL_UNSUPPORTED_ATOMS:empirical_result=true、版・実験条件、資料内極性を断定せず、具体的な製品前提・ローカル定義・再現試験へ限定すれば教材内容を保持できる。,,,UNVERIFIED,原文をrevised_sentenceの具体文へ置換する。製品文は利用時点のregion/versionを受入条件へ追加し、研究文は同じ指標・比較条件で再現確認する。事実表現へ戻す場合は直接locatorを再監査する。,,,,,INCONCLUSIVE,NOT_APPLICABLE_UNPROVED,,,codex-independent-wave4,2026-08-15,INDEPENDENT_REVIEW_COMPLETE,PARTIAL_CANDIDATE_SOURCE_ONLY,FAIL_NO_DIRECT_LOCATOR,FAIL_UNSUPPORTED_ATOMS:empirical_result=true,EMPIRICAL_RESULT,PASS_AFTER_CONCRETE_VERSION_OR_EXPERIMENT_SCOPE,PASS_AFTER_CONDITIONAL_OR_REPRODUCTION_WORDING,PASS_AFTER_CONCRETE_VERSION_OR_EXPERIMENT_QUALIFIER,FAIL_UNSUPPORTED_ATOMS:empirical_result=true
SENT-3971,52bebecfb2a435d0e7ff2efea557c5799674ded6,LongBenchも、単一文書、複数文書、要約、コードなど21のデータセットを使い、公称の入力上限と長い文脈を実際に使える能力が同じではないことを示しています。,本ガイドの基本構成では、LongBenchも、単一文書、複数文書、要約、コードなど21のデータセットを使い、公称の入力上限と長い文脈を実際に使える能力が同じではないことを示しています。,UNFORMALIZED,UNFORMALIZED,externally_cited_claim,ない,9.5.3 (docs/9.失敗パターンに応じて高度化する/9.5.Long-context RAG.md:60),SRC-153,UNVERIFIED_CANDIDATE_URL_ONLY,AUTHOR_CLAIM,,,,REWRITE_REQUIRED,権威性=候補一次資料のみ; 直接性=locator未確認; 網羅性=未支持atom=none-explicit; 主張極性=AUTHOR_CLAIMとして再分類; スコープ=PASS_AFTER_CONCRETE_VERSION_OR_EXPERIMENT_SCOPE; モダリティ=PASS_AFTER_CONDITIONAL_OR_REPRODUCTION_WORDING; 教材妥当性=PASS_AFTER_CONCRETE_VERSION_OR_EXPERIMENT_QUALIFIER; 形式化妥当性=FAIL_UNFORMALIZED。「LongBenchも、単一文書、複数文書、要約、コードなど21のデータセットを使い、公称の入力上限と長い文脈を実際に使える能力が同じではないことを示しています。」の候補資料(SRC-153)はURL単位で、節・ページ・表・API見出しを独立に確認できていない。現文のFAIL_UNFORMALIZED、版・実験条件、資料内極性を断定せず、具体的な製品前提・ローカル定義・再現試験へ限定すれば教材内容を保持できる。,,,UNVERIFIED,原文をrevised_sentenceの具体文へ置換する。製品文は利用時点のregion/versionを受入条件へ追加し、研究文は同じ指標・比較条件で再現確認する。事実表現へ戻す場合は直接locatorを再監査する。,,,,,INCONCLUSIVE,NOT_APPLICABLE_UNPROVED,,,codex-independent-wave4,2026-08-15,INDEPENDENT_REVIEW_COMPLETE,PARTIAL_CANDIDATE_SOURCE_ONLY,FAIL_NO_DIRECT_LOCATOR,FAIL_UNFORMALIZED,AUTHOR_CLAIM,PASS_AFTER_CONCRETE_VERSION_OR_EXPERIMENT_SCOPE,PASS_AFTER_CONDITIONAL_OR_REPRODUCTION_WORDING,PASS_AFTER_CONCRETE_VERSION_OR_EXPERIMENT_QUALIFIER,FAIL_UNFORMALIZED
SENT-3972,52bebecfb2a435d0e7ff2efea557c5799674ded6,ただし、LongBenchの結果は英語、中国語、当時の8モデルを対象としたものであり、自組織の日本語文書や最新モデルの性能を保証するものではありません。,本ガイドの基本構成では、ただし、LongBenchの結果は英語、中国語、当時の8モデルを対象としたものであり、自組織の日本語文書や最新モデルの性能を保証するものではありません。,"NOT(AND(ATOM(temporal_freshness=true), ATOM(empirical_result=true)))",NOT,empirical_or_research_claim,ません,9.5.3 (docs/9.失敗パターンに応じて高度化する/9.5.Long-context RAG.md:61),SRC-035;SRC-152;SRC-153,UNVERIFIED_CANDIDATE_URL_ONLY,EMPIRICAL_RESULT,empirical_result=true,temporal_freshness=true,NOT,REWRITE_REQUIRED,権威性=候補一次資料のみ; 直接性=locator未確認; 網羅性=関係NOT自体の根拠未確認; 主張極性=EMPIRICAL_RESULTとして再分類; スコープ=PASS_AFTER_TEST_SCOPE_QUALIFICATION; モダリティ=PASS_AFTER_HYPOTHESIS_QUALIFIER; 教材妥当性=PASS_AS_EXPLICIT_TESTABLE_HYPOTHESIS; 形式化妥当性=FAIL_RELATION_NOT。「ただし、LongBenchの結果は英語、中国語、当時の8モデルを対象としたものであり、自組織の日本語文書や最新モデルの性能を保証するものではありません。」は候補資料(SRC-035;SRC-152;SRC-153)に直接locatorがなく、一般的事実としてはFAIL_RELATION_NOTが残る。原文の対象と作用を維持したまま、本ガイドの構成または対象データでの検証へスコープを限定すれば教材上の検討事項を保持できる。,,,UNVERIFIED,原文をrevised_sentenceへ置換し、対象データ、比較条件、観測指標、合否閾値を同じ節に追記する。検証後に限り事実表現へ戻し、意味を保存して再形式化する。,,,,,INCONCLUSIVE,NOT_APPLICABLE_UNPROVED,,,codex-independent-wave4,2026-08-15,INDEPENDENT_REVIEW_COMPLETE,PARTIAL_CANDIDATE_SOURCE_ONLY,FAIL_NO_DIRECT_LOCATOR,FAIL_RELATION_NOT,EMPIRICAL_RESULT,PASS_AFTER_TEST_SCOPE_QUALIFICATION,PASS_AFTER_HYPOTHESIS_QUALIFIER,PASS_AS_EXPLICIT_TESTABLE_HYPOTHESIS,FAIL_RELATION_NOT
SENT-3984,52bebecfb2a435d0e7ff2efea557c5799674ded6,信頼度の低い情報源やプロンプトインジェクションを含むページを、一括して入力へ入れません。,本ガイドの基本構成では、信頼度の低い情報源やプロンプトインジェクションを含むページを、一括して入力へ入れません。,NOT(ATOM(prompt_injection=true)),NOT,general_technical_claim,ません,9.5.5 (docs/9.失敗パターンに応じて高度化する/9.5.Long-context RAG.md:83),SRC-096,UNVERIFIED_CANDIDATE_URL_ONLY,BACKGROUND_CITATION,prompt_injection=true,,NOT,REWRITE_REQUIRED,権威性=候補一次資料のみ; 直接性=locator未確認; 網羅性=関係NOT自体の根拠未確認; 主張極性=BACKGROUND_CITATIONとして再分類; スコープ=PASS_AFTER_TEST_SCOPE_QUALIFICATION; モダリティ=PASS_AFTER_HYPOTHESIS_QUALIFIER; 教材妥当性=PASS_AS_EXPLICIT_TESTABLE_HYPOTHESIS; 形式化妥当性=FAIL_RELATION_NOT。「信頼度の低い情報源やプロンプトインジェクションを含むページを、一括して入力へ入れません。」は候補資料(SRC-096)に直接locatorがなく、一般的事実としてはFAIL_RELATION_NOTが残る。原文の対象と作用を維持したまま、本ガイドの構成または対象データでの検証へスコープを限定すれば教材上の検討事項を保持できる。,,,UNVERIFIED,原文をrevised_sentenceへ置換し、対象データ、比較条件、観測指標、合否閾値を同じ節に追記する。検証後に限り事実表現へ戻し、意味を保存して再形式化する。,,,,,INCONCLUSIVE,NOT_APPLICABLE_UNPROVED,,,codex-independent-wave4,2026-08-15,INDEPENDENT_REVIEW_COMPLETE,PARTIAL_CANDIDATE_SOURCE_ONLY,FAIL_NO_DIRECT_LOCATOR,FAIL_RELATION_NOT,BACKGROUND_CITATION,PASS_AFTER_TEST_SCOPE_QUALIFICATION,PASS_AFTER_HYPOTHESIS_QUALIFIER,PASS_AS_EXPLICIT_TESTABLE_HYPOTHESIS,FAIL_RELATION_NOT
SENT-3987,52bebecfb2a435d0e7ff2efea557c5799674ded6,外部提供者へ送るトークン量、処理地域、保存設定を確認し、入力枠の余裕をデータ最小化の放棄理由にしません。,外部提供者へ送るトークン量、処理地域、保存設定を確認し、入力枠の余裕をデータ最小化の放棄理由にしません。,UNFORMALIZED,UNFORMALIZED,general_technical_claim,ません,9.5.5 (docs/9.失敗パターンに応じて高度化する/9.5.Long-context RAG.md:87),SRC-015;SRC-024;SRC-029;SRC-031;SRC-033,NOT_APPLICABLE_LOCAL_NORM,HYPOTHESIS,,,,APPROPRIATE_NORMATIVE,権威性=候補一次資料のみ; 直接性=locator未確認; 網羅性=未支持atom=none-explicit; 主張極性=HYPOTHESISとして再分類; スコープ=PASS_LOCAL_DESIGN_POLICY; モダリティ=PASS_AS_DISCLOSED_NORMATIVE_RULE; 教材妥当性=PASS_AFTER_EXPLICIT_CRITERIA_AND_EXCEPTION; 形式化妥当性=FAIL_UNFORMALIZED。「外部提供者へ送るトークン量、処理地域、保存設定を確認し、入力枠の余裕をデータ最小化の放棄理由にしません。」は外的真偽の断定ではなく、対象・処理・判断を特定した設計・運用上の選択規則として読める。ただし候補資料(SRC-015;SRC-024;SRC-029;SRC-031;SRC-033)はURL単位で、直接locatorは未確認。規範の判断基準と例外を明示すれば教材として採用できる。形式面ではFAIL_UNFORMALIZEDを別途解消する必要がある。,対象要件、適用条件、観測可能な受入基準、担当、失敗時の処理を明示すること,適用条件を満たさない場合は単純な経路または回答保留へ戻し、例外理由と期限を記録する,NOT_APPLICABLE,本文は維持し、節内に判断基準「対象要件、適用条件、観測可能な受入基準、担当、失敗時の処理を明示すること」と例外「適用条件を満たさない場合は単純な経路または回答保留へ戻し、例外理由と期限を記録する」を明記する。経験的な効果保証とは分離し、意味を保存して再形式化する。,,,,,INCONCLUSIVE,NOT_APPLICABLE_UNPROVED,,,codex-independent-wave4,2026-08-15,INDEPENDENT_REVIEW_COMPLETE,PARTIAL_CANDIDATE_SOURCE_ONLY,FAIL_NO_DIRECT_LOCATOR,FAIL_UNFORMALIZED,HYPOTHESIS,PASS_LOCAL_DESIGN_POLICY,PASS_AS_DISCLOSED_NORMATIVE_RULE,PASS_AFTER_EXPLICIT_CRITERIA_AND_EXCEPTION,FAIL_UNFORMALIZED
SENT-3992,52bebecfb2a435d0e7ff2efea557c5799674ded6,FAQや一文で答えられる事実が中心なら、平坦なチャンク検索で十分な場合があります。,FAQや一文で答えられる事実が中心なら、平坦なチャンク検索で十分な場合を想定し、その発生条件と影響を対象データで確認します。,UNFORMALIZED,UNFORMALIZED,general_technical_claim,場合があります,9.6.1 (docs/9.失敗パターンに応じて高度化する/9.6.Hierarchical RAG・RAPTOR.md:11),SRC-154,UNVERIFIED_CANDIDATE_URL_ONLY,BACKGROUND_CITATION,,,,REWRITE_REQUIRED,権威性=候補一次資料のみ; 直接性=locator未確認; 網羅性=未支持atom=none-explicit; 主張極性=BACKGROUND_CITATIONとして再分類; スコープ=PASS_AFTER_TEST_SCOPE_QUALIFICATION; モダリティ=PASS_AFTER_HYPOTHESIS_QUALIFIER; 教材妥当性=PASS_AS_EXPLICIT_TESTABLE_HYPOTHESIS; 形式化妥当性=FAIL_UNFORMALIZED。「FAQや一文で答えられる事実が中心なら、平坦なチャンク検索で十分な場合があります。」は候補資料(SRC-154)に直接locatorがなく、一般的事実としてはFAIL_UNFORMALIZEDが残る。原文の対象と作用を維持したまま、本ガイドの構成または対象データでの検証へスコープを限定すれば教材上の検討事項を保持できる。,,,UNVERIFIED,原文をrevised_sentenceへ置換し、対象データ、比較条件、観測指標、合否閾値を同じ節に追記する。検証後に限り事実表現へ戻し、意味を保存して再形式化する。,,,,,INCONCLUSIVE,NOT_APPLICABLE_UNPROVED,,,codex-independent-wave4,2026-08-15,INDEPENDENT_REVIEW_COMPLETE,PARTIAL_CANDIDATE_SOURCE_ONLY,FAIL_NO_DIRECT_LOCATOR,FAIL_UNFORMALIZED,BACKGROUND_CITATION,PASS_AFTER_TEST_SCOPE_QUALIFICATION,PASS_AFTER_HYPOTHESIS_QUALIFIER,PASS_AS_EXPLICIT_TESTABLE_HYPOTHESIS,FAIL_UNFORMALIZED
SENT-3994,52bebecfb2a435d0e7ff2efea557c5799674ded6,階層型検索という方式群については、RAPTORとは独立した査読付き研究として、TreeRAGが長文を木構造へ分割して双方向に探索する方式を、ZoomRAGが複数粒度の関係グラフを粗い層から細かい層へ探索する方式を評価しています。,本ガイドでは、RAPTORとは独立した査読付き研究として、TreeRAGが長文を木構造へ分割して双方向に探索する方式を、ZoomRAGが複数粒度の関係グラフを粗い層から細かい層へ探索する方式を評価します。,"AND(AND(AND(AND(AND(AND(ATOM(graph_index=true), ATOM(hierarchical=true)), ATOM(tree_search=true)), ATOM(coarse_to_fine=true)), ATOM(graph=true)), ATOM(retrieval=true)), ATOM(evaluation=true))",AND,externally_cited_claim,UNCLASSIFIED,9.6.1 (docs/9.失敗パターンに応じて高度化する/9.6.Hierarchical RAG・RAPTOR.md:14),SRC-155;SRC-156;SRC-154;SRC-033,UNVERIFIED_CANDIDATE_URL_ONLY,EMPIRICAL_RESULT,coarse_to_fine=true;evaluation=true;graph=true;hierarchical=true;retrieval=true;tree_search=true,graph_index=true,,REWRITE_REQUIRED,権威性=候補一次資料のみ; 直接性=locator未確認; 網羅性=未支持atom=graph_index=true; 主張極性=EMPIRICAL_RESULTとして再分類; スコープ=PASS_AFTER_CONCRETE_VERSION_OR_EXPERIMENT_SCOPE; モダリティ=PASS_AFTER_CONDITIONAL_OR_REPRODUCTION_WORDING; 教材妥当性=PASS_AFTER_CONCRETE_VERSION_OR_EXPERIMENT_QUALIFIER; 形式化妥当性=FAIL_UNSUPPORTED_ATOMS:graph_index=true。「階層型検索という方式群については、RAPTORとは独立した査読付き研究として、TreeRAGが長文を木構造へ分割して双方向に探索する方式を、ZoomRAGが複数」の候補資料(SRC-155;SRC-156;SRC-154;SRC-033)はURL単位で、節・ページ・表・API見出しを独立に確認できていない。現文のFAIL_UNSUPPORTED_ATOMS:graph_index=true、版・実験条件、資料内極性を断定せず、具体的な製品前提・ローカル定義・再現試験へ限定すれば教材内容を保持できる。,,,UNVERIFIED,原文をrevised_sentenceの具体文へ置換する。製品文は利用時点のregion/versionを受入条件へ追加し、研究文は同じ指標・比較条件で再現確認する。事実表現へ戻す場合は直接locatorを再監査する。,,,,,INCONCLUSIVE,NOT_APPLICABLE_UNPROVED,,,codex-independent-wave4,2026-08-15,INDEPENDENT_REVIEW_COMPLETE,PARTIAL_CANDIDATE_SOURCE_ONLY,FAIL_NO_DIRECT_LOCATOR,FAIL_UNSUPPORTED_ATOMS:graph_index=true,EMPIRICAL_RESULT,PASS_AFTER_CONCRETE_VERSION_OR_EXPERIMENT_SCOPE,PASS_AFTER_CONDITIONAL_OR_REPRODUCTION_WORDING,PASS_AFTER_CONCRETE_VERSION_OR_EXPERIMENT_QUALIFIER,FAIL_UNSUPPORTED_ATOMS:graph_index=true
SENT-3996,52bebecfb2a435d0e7ff2efea557c5799674ded6,複数研究が階層を使う検索の効果を個別条件で報告していることは導入候補とする根拠になりますが、RAPTORまたは階層型RAGが平坦な検索へ常に勝ることは示しません。,本ガイドの基本構成では、複数研究が階層を使う検索の効果を個別条件で報告していることは導入候補とする根拠になりますが、RAPTORまたは階層型RAGが平坦な検索へ常に勝ることは示しません。,"NOT(AND(AND(ATOM(retrieval=true), ATOM(evidence_support=true)), ATOM(empirical_result=true)))",NOT,concrete_technology_claim,常に;ません,9.6.1 (docs/9.失敗パターンに応じて高度化する/9.6.Hierarchical RAG・RAPTOR.md:15),SRC-154;SRC-033,UNVERIFIED_CANDIDATE_URL_ONLY,DEFINITION_OR_SPEC,empirical_result=true;retrieval=true,evidence_support=true,NOT,REWRITE_REQUIRED,権威性=候補一次資料のみ; 直接性=locator未確認; 網羅性=関係NOT自体の根拠未確認; 主張極性=DEFINITION_OR_SPECとして再分類; スコープ=PASS_AFTER_CONCRETE_VERSION_OR_EXPERIMENT_SCOPE; モダリティ=PASS_AFTER_CONDITIONAL_OR_REPRODUCTION_WORDING; 教材妥当性=PASS_AFTER_CONCRETE_VERSION_OR_EXPERIMENT_QUALIFIER; 形式化妥当性=FAIL_RELATION_NOT。「複数研究が階層を使う検索の効果を個別条件で報告していることは導入候補とする根拠になりますが、RAPTORまたは階層型RAGが平坦な検索へ常に勝ることは示しません」の候補資料(SRC-154;SRC-033)はURL単位で、節・ページ・表・API見出しを独立に確認できていない。現文のFAIL_RELATION_NOT、版・実験条件、資料内極性を断定せず、具体的な製品前提・ローカル定義・再現試験へ限定すれば教材内容を保持できる。,,,UNVERIFIED,原文をrevised_sentenceの具体文へ置換する。製品文は利用時点のregion/versionを受入条件へ追加し、研究文は同じ指標・比較条件で再現確認する。事実表現へ戻す場合は直接locatorを再監査する。,,,,,INCONCLUSIVE,NOT_APPLICABLE_UNPROVED,,,codex-independent-wave4,2026-08-15,INDEPENDENT_REVIEW_COMPLETE,PARTIAL_CANDIDATE_SOURCE_ONLY,FAIL_NO_DIRECT_LOCATOR,FAIL_RELATION_NOT,DEFINITION_OR_SPEC,PASS_AFTER_CONCRETE_VERSION_OR_EXPERIMENT_SCOPE,PASS_AFTER_CONDITIONAL_OR_REPRODUCTION_WORDING,PASS_AFTER_CONCRETE_VERSION_OR_EXPERIMENT_QUALIFIER,FAIL_RELATION_NOT
SENT-3999,52bebecfb2a435d0e7ff2efea557c5799674ded6,階層には、原文チャンク、命題、節要約、文書要約、似た文書群の要約を置けます。,本ガイドの基本構成では、階層には、原文チャンク、命題、節要約、文書要約、似た文書群の要約を置けます。,UNFORMALIZED,UNFORMALIZED,general_technical_claim,UNCLASSIFIED,9.6.1 (docs/9.失敗パターンに応じて高度化する/9.6.Hierarchical RAG・RAPTOR.md:20),SRC-015;SRC-024;SRC-029;SRC-031;SRC-033,UNVERIFIED_CANDIDATE_URL_ONLY,BACKGROUND_CITATION,,,,REWRITE_REQUIRED,権威性=候補一次資料のみ; 直接性=locator未確認; 網羅性=未支持atom=none-explicit; 主張極性=BACKGROUND_CITATIONとして再分類; スコープ=PASS_AFTER_TEST_SCOPE_QUALIFICATION; モダリティ=PASS_AFTER_HYPOTHESIS_QUALIFIER; 教材妥当性=PASS_AS_EXPLICIT_TESTABLE_HYPOTHESIS; 形式化妥当性=FAIL_UNFORMALIZED。「階層には、原文チャンク、命題、節要約、文書要約、似た文書群の要約を置けます。」は候補資料(SRC-015;SRC-024;SRC-029;SRC-031;SRC-033)に直接locatorがなく、一般的事実としてはFAIL_UNFORMALIZEDが残る。原文の対象と作用を維持したまま、本ガイドの構成または対象データでの検証へスコープを限定すれば教材上の検討事項を保持できる。,,,UNVERIFIED,原文をrevised_sentenceへ置換し、対象データ、比較条件、観測指標、合否閾値を同じ節に追記する。検証後に限り事実表現へ戻し、意味を保存して再形式化する。,,,,,INCONCLUSIVE,NOT_APPLICABLE_UNPROVED,,,codex-independent-wave4,2026-08-15,INDEPENDENT_REVIEW_COMPLETE,PARTIAL_CANDIDATE_SOURCE_ONLY,FAIL_NO_DIRECT_LOCATOR,FAIL_UNFORMALIZED,BACKGROUND_CITATION,PASS_AFTER_TEST_SCOPE_QUALIFICATION,PASS_AFTER_HYPOTHESIS_QUALIFIER,PASS_AS_EXPLICIT_TESTABLE_HYPOTHESIS,FAIL_UNFORMALIZED
SENT-4005,52bebecfb2a435d0e7ff2efea557c5799674ded6,オフラインの構築は、文書解析、最下位チャンクの生成、埋め込み、クラスタリング、要約生成、親子関係の作成という順で行います。,本ガイドの基本構成では、オフラインの構築は、文書解析、最下位チャンクの生成、埋め込み、クラスタリング、要約生成、親子関係の作成という順で行います。,"AND(AND(ATOM(generated_summaries=true), ATOM(generation=true)), ATOM(parsing=true))",AND,general_technical_claim,UNCLASSIFIED,9.6.2 (docs/9.失敗パターンに応じて高度化する/9.6.Hierarchical RAG・RAPTOR.md:31),SRC-033;SRC-154;SRC-155,UNVERIFIED_CANDIDATE_URL_ONLY,BACKGROUND_CITATION,generated_summaries=true;generation=true,parsing=true,,REWRITE_REQUIRED,権威性=候補一次資料のみ; 直接性=locator未確認; 網羅性=未支持atom=parsing=true; 主張極性=BACKGROUND_CITATIONとして再分類; スコープ=PASS_AFTER_TEST_SCOPE_QUALIFICATION; モダリティ=PASS_AFTER_HYPOTHESIS_QUALIFIER; 教材妥当性=PASS_AS_EXPLICIT_TESTABLE_HYPOTHESIS; 形式化妥当性=FAIL_UNSUPPORTED_ATOMS:parsing=true。「オフラインの構築は、文書解析、最下位チャンクの生成、埋め込み、クラスタリング、要約生成、親子関係の作成という順で行います。」は候補資料(SRC-033;SRC-154;SRC-155)に直接locatorがなく、一般的事実としてはFAIL_UNSUPPORTED_ATOMS:parsing=trueが残る。原文の対象と作用を維持したまま、本ガイドの構成または対象データでの検証へスコープを限定すれば教材上の検討事項を保持できる。,,,UNVERIFIED,原文をrevised_sentenceへ置換し、対象データ、比較条件、観測指標、合否閾値を同じ節に追記する。検証後に限り事実表現へ戻し、意味を保存して再形式化する。,,,,,INCONCLUSIVE,NOT_APPLICABLE_UNPROVED,,,codex-independent-wave4,2026-08-15,INDEPENDENT_REVIEW_COMPLETE,PARTIAL_CANDIDATE_SOURCE_ONLY,FAIL_NO_DIRECT_LOCATOR,FAIL_UNSUPPORTED_ATOMS:parsing=true,BACKGROUND_CITATION,PASS_AFTER_TEST_SCOPE_QUALIFICATION,PASS_AFTER_HYPOTHESIS_QUALIFIER,PASS_AS_EXPLICIT_TESTABLE_HYPOTHESIS,FAIL_UNSUPPORTED_ATOMS:parsing=true
SENT-4006,52bebecfb2a435d0e7ff2efea557c5799674ded6,RAPTORは、意味の近い要素を再帰的にまとめ、各集団の抽象的な要約を作ります。,本ガイドの基本構成では、RAPTORは、意味の近い要素を再帰的にまとめ、各集団の抽象的な要約を作ります。,UNFORMALIZED,UNFORMALIZED,concrete_technology_claim,UNCLASSIFIED,9.6.2 (docs/9.失敗パターンに応じて高度化する/9.6.Hierarchical RAG・RAPTOR.md:32),SRC-154;SRC-033,UNVERIFIED_CANDIDATE_URL_ONLY,DEFINITION_OR_SPEC,,,,REWRITE_REQUIRED,権威性=候補一次資料のみ; 直接性=locator未確認; 網羅性=未支持atom=none-explicit; 主張極性=DEFINITION_OR_SPECとして再分類; スコープ=PASS_AFTER_CONCRETE_VERSION_OR_EXPERIMENT_SCOPE; モダリティ=PASS_AFTER_CONDITIONAL_OR_REPRODUCTION_WORDING; 教材妥当性=PASS_AFTER_CONCRETE_VERSION_OR_EXPERIMENT_QUALIFIER; 形式化妥当性=FAIL_UNFORMALIZED。「RAPTORは、意味の近い要素を再帰的にまとめ、各集団の抽象的な要約を作ります。」の候補資料(SRC-154;SRC-033)はURL単位で、節・ページ・表・API見出しを独立に確認できていない。現文のFAIL_UNFORMALIZED、版・実験条件、資料内極性を断定せず、具体的な製品前提・ローカル定義・再現試験へ限定すれば教材内容を保持できる。,,,UNVERIFIED,原文をrevised_sentenceの具体文へ置換する。製品文は利用時点のregion/versionを受入条件へ追加し、研究文は同じ指標・比較条件で再現確認する。事実表現へ戻す場合は直接locatorを再監査する。,,,,,INCONCLUSIVE,NOT_APPLICABLE_UNPROVED,,,codex-independent-wave4,2026-08-15,INDEPENDENT_REVIEW_COMPLETE,PARTIAL_CANDIDATE_SOURCE_ONLY,FAIL_NO_DIRECT_LOCATOR,FAIL_UNFORMALIZED,DEFINITION_OR_SPEC,PASS_AFTER_CONCRETE_VERSION_OR_EXPERIMENT_SCOPE,PASS_AFTER_CONDITIONAL_OR_REPRODUCTION_WORDING,PASS_AFTER_CONCRETE_VERSION_OR_EXPERIMENT_QUALIFIER,FAIL_UNFORMALIZED
SENT-4019,52bebecfb2a435d0e7ff2efea557c5799674ded6,生成情報を索引へ追加する方式は、研究ごとに生成対象と評価条件が異なり、一般的な有効性は確立していません。,本ガイドの基本構成では、生成情報を索引へ追加する方式は、研究ごとに生成対象と評価条件が異なり、一般的な有効性は確立していません。,"NOT(AND(ATOM(generation=true), ATOM(evaluation=true)))",NOT,empirical_or_research_claim,ません,9.6.3 (docs/9.失敗パターンに応じて高度化する/9.6.Hierarchical RAG・RAPTOR.md:54),SRC-033;SRC-154;SRC-155,UNVERIFIED_CANDIDATE_URL_ONLY,EMPIRICAL_RESULT,evaluation=true;generation=true,,NOT,REWRITE_REQUIRED,権威性=候補一次資料のみ; 直接性=locator未確認; 網羅性=関係NOT自体の根拠未確認; 主張極性=EMPIRICAL_RESULTとして再分類; スコープ=PASS_AFTER_TEST_SCOPE_QUALIFICATION; モダリティ=PASS_AFTER_HYPOTHESIS_QUALIFIER; 教材妥当性=PASS_AS_EXPLICIT_TESTABLE_HYPOTHESIS; 形式化妥当性=FAIL_RELATION_NOT。「生成情報を索引へ追加する方式は、研究ごとに生成対象と評価条件が異なり、一般的な有効性は確立していません。」は候補資料(SRC-033;SRC-154;SRC-155)に直接locatorがなく、一般的事実としてはFAIL_RELATION_NOTが残る。原文の対象と作用を維持したまま、本ガイドの構成または対象データでの検証へスコープを限定すれば教材上の検討事項を保持できる。,,,UNVERIFIED,原文をrevised_sentenceへ置換し、対象データ、比較条件、観測指標、合否閾値を同じ節に追記する。検証後に限り事実表現へ戻し、意味を保存して再形式化する。,,,,,INCONCLUSIVE,NOT_APPLICABLE_UNPROVED,,,codex-independent-wave4,2026-08-15,INDEPENDENT_REVIEW_COMPLETE,PARTIAL_CANDIDATE_SOURCE_ONLY,FAIL_NO_DIRECT_LOCATOR,FAIL_RELATION_NOT,EMPIRICAL_RESULT,PASS_AFTER_TEST_SCOPE_QUALIFICATION,PASS_AFTER_HYPOTHESIS_QUALIFIER,PASS_AS_EXPLICIT_TESTABLE_HYPOTHESIS,FAIL_RELATION_NOT
SENT-4042,52bebecfb2a435d0e7ff2efea557c5799674ded6,From Local to Globalは、文書から固有表現と関係のグラフを作り、関係の密な集団を要約して、資料群全体に関する質問へ答えるプレプリントです。,本ガイドでは、From Local to Globalを「文書から固有表現と関係のグラフを作り、関係の密な集団を要約して、資料群全体に関する質問へ答えるプレプリント」として扱います。,ATOM(dense=true),ATOM,externally_cited_claim,UNCLASSIFIED,9.7.1 (docs/9.失敗パターンに応じて高度化する/9.7.GraphRAG.md:17),SRC-157,UNVERIFIED_CANDIDATE_URL_ONLY,DEFINITION_OR_SPEC,,dense=true,,REWRITE_REQUIRED,権威性=候補一次資料のみ; 直接性=locator未確認; 網羅性=未支持atom=dense=true; 主張極性=DEFINITION_OR_SPECとして再分類; スコープ=PASS_AFTER_CONCRETE_VERSION_OR_EXPERIMENT_SCOPE; モダリティ=PASS_AFTER_CONDITIONAL_OR_REPRODUCTION_WORDING; 教材妥当性=PASS_AFTER_CONCRETE_VERSION_OR_EXPERIMENT_QUALIFIER; 形式化妥当性=FAIL_UNSUPPORTED_ATOMS:dense=true。「From Local to Globalは、文書から固有表現と関係のグラフを作り、関係の密な集団を要約して、資料群全体に関する質問へ答えるプレプリントです。」の候補資料(SRC-157)はURL単位で、節・ページ・表・API見出しを独立に確認できていない。現文のFAIL_UNSUPPORTED_ATOMS:dense=true、版・実験条件、資料内極性を断定せず、具体的な製品前提・ローカル定義・再現試験へ限定すれば教材内容を保持できる。,,,UNVERIFIED,原文をrevised_sentenceの具体文へ置換する。製品文は利用時点のregion/versionを受入条件へ追加し、研究文は同じ指標・比較条件で再現確認する。事実表現へ戻す場合は直接locatorを再監査する。,,,,,INCONCLUSIVE,NOT_APPLICABLE_UNPROVED,,,codex-independent-wave4,2026-08-15,INDEPENDENT_REVIEW_COMPLETE,PARTIAL_CANDIDATE_SOURCE_ONLY,FAIL_NO_DIRECT_LOCATOR,FAIL_UNSUPPORTED_ATOMS:dense=true,DEFINITION_OR_SPEC,PASS_AFTER_CONCRETE_VERSION_OR_EXPERIMENT_SCOPE,PASS_AFTER_CONDITIONAL_OR_REPRODUCTION_WORDING,PASS_AFTER_CONCRETE_VERSION_OR_EXPERIMENT_QUALIFIER,FAIL_UNSUPPORTED_ATOMS:dense=true
SENT-4049,52bebecfb2a435d0e7ff2efea557c5799674ded6,既存の知識グラフ、文書間リンク、引用グラフ、固有表現とチャンクの二部グラフ、文書群の階層など、目的の異なるグラフがあります。,本ガイドの基本構成では、既存の知識グラフ、文書間リンク、引用グラフ、固有表現とチャンクの二部グラフ、文書群の階層など、目的の異なるグラフがあります。,"AND(ATOM(graph=true), ATOM(citation=true))",AND,general_technical_claim,UNCLASSIFIED,9.7.1 (docs/9.失敗パターンに応じて高度化する/9.7.GraphRAG.md:27),SRC-157;SRC-158;SRC-159;SRC-160,UNVERIFIED_CANDIDATE_URL_ONLY,BACKGROUND_CITATION,graph=true,citation=true,,REWRITE_REQUIRED,権威性=候補一次資料のみ; 直接性=locator未確認; 網羅性=未支持atom=citation=true; 主張極性=BACKGROUND_CITATIONとして再分類; スコープ=PASS_AFTER_TEST_SCOPE_QUALIFICATION; モダリティ=PASS_AFTER_HYPOTHESIS_QUALIFIER; 教材妥当性=PASS_AS_EXPLICIT_TESTABLE_HYPOTHESIS; 形式化妥当性=FAIL_UNSUPPORTED_ATOMS:citation=true。「既存の知識グラフ、文書間リンク、引用グラフ、固有表現とチャンクの二部グラフ、文書群の階層など、目的の異なるグラフがあります。」は候補資料(SRC-157;SRC-158;SRC-159;SRC-160)に直接locatorがなく、一般的事実としてはFAIL_UNSUPPORTED_ATOMS:citation=trueが残る。原文の対象と作用を維持したまま、本ガイドの構成または対象データでの検証へスコープを限定すれば教材上の検討事項を保持できる。,,,UNVERIFIED,原文をrevised_sentenceへ置換し、対象データ、比較条件、観測指標、合否閾値を同じ節に追記する。検証後に限り事実表現へ戻し、意味を保存して再形式化する。,,,,,INCONCLUSIVE,NOT_APPLICABLE_UNPROVED,,,codex-independent-wave4,2026-08-15,INDEPENDENT_REVIEW_COMPLETE,PARTIAL_CANDIDATE_SOURCE_ONLY,FAIL_NO_DIRECT_LOCATOR,FAIL_UNSUPPORTED_ATOMS:citation=true,BACKGROUND_CITATION,PASS_AFTER_TEST_SCOPE_QUALIFICATION,PASS_AFTER_HYPOTHESIS_QUALIFIER,PASS_AS_EXPLICIT_TESTABLE_HYPOTHESIS,FAIL_UNSUPPORTED_ATOMS:citation=true
SENT-4055,52bebecfb2a435d0e7ff2efea557c5799674ded6,構築は、固有表現と関係の抽出、同じ対象の統合、元チャンクとの対応、関係の密な集団の検出、集団要約の生成という順で進めます。,本ガイドの基本構成では、構築は、固有表現と関係の抽出、同じ対象の統合、元チャンクとの対応、関係の密な集団の検出、集団要約の生成という順で進めます。,"AND(ATOM(dense=true), ATOM(generation=true))",AND,general_technical_claim,UNCLASSIFIED,9.7.2 (docs/9.失敗パターンに応じて高度化する/9.7.GraphRAG.md:38),SRC-157;SRC-158;SRC-159;SRC-160,UNVERIFIED_CANDIDATE_URL_ONLY,BACKGROUND_CITATION,generation=true,dense=true,,REWRITE_REQUIRED,権威性=候補一次資料のみ; 直接性=locator未確認; 網羅性=未支持atom=dense=true; 主張極性=BACKGROUND_CITATIONとして再分類; スコープ=PASS_AFTER_TEST_SCOPE_QUALIFICATION; モダリティ=PASS_AFTER_HYPOTHESIS_QUALIFIER; 教材妥当性=PASS_AS_EXPLICIT_TESTABLE_HYPOTHESIS; 形式化妥当性=FAIL_UNSUPPORTED_ATOMS:dense=true。「構築は、固有表現と関係の抽出、同じ対象の統合、元チャンクとの対応、関係の密な集団の検出、集団要約の生成という順で進めます。」は候補資料(SRC-157;SRC-158;SRC-159;SRC-160)に直接locatorがなく、一般的事実としてはFAIL_UNSUPPORTED_ATOMS:dense=trueが残る。原文の対象と作用を維持したまま、本ガイドの構成または対象データでの検証へスコープを限定すれば教材上の検討事項を保持できる。,,,UNVERIFIED,原文をrevised_sentenceへ置換し、対象データ、比較条件、観測指標、合否閾値を同じ節に追記する。検証後に限り事実表現へ戻し、意味を保存して再形式化する。,,,,,INCONCLUSIVE,NOT_APPLICABLE_UNPROVED,,,codex-independent-wave4,2026-08-15,INDEPENDENT_REVIEW_COMPLETE,PARTIAL_CANDIDATE_SOURCE_ONLY,FAIL_NO_DIRECT_LOCATOR,FAIL_UNSUPPORTED_ATOMS:dense=true,BACKGROUND_CITATION,PASS_AFTER_TEST_SCOPE_QUALIFICATION,PASS_AFTER_HYPOTHESIS_QUALIFIER,PASS_AS_EXPLICIT_TESTABLE_HYPOTHESIS,FAIL_UNSUPPORTED_ATOMS:dense=true
SENT-4063,52bebecfb2a435d0e7ff2efea557c5799674ded6,分類の確信度が低い場合は、ベクトル検索で開始点を探し、グラフ探索を組み合わせます。,分類の確信度が低い場合は、ベクトル検索で開始点を探し、グラフ探索を組み合わせます。,UNFORMALIZED,UNFORMALIZED,general_technical_claim,UNCLASSIFIED,9.7.3 (docs/9.失敗パターンに応じて高度化する/9.7.GraphRAG.md:52),SRC-015;SRC-024;SRC-029;SRC-031;SRC-033,NOT_APPLICABLE_LOCAL_NORM,HYPOTHESIS,,,,APPROPRIATE_NORMATIVE,権威性=候補一次資料のみ; 直接性=locator未確認; 網羅性=未支持atom=none-explicit; 主張極性=HYPOTHESISとして再分類; スコープ=PASS_LOCAL_DESIGN_POLICY; モダリティ=PASS_AS_DISCLOSED_NORMATIVE_RULE; 教材妥当性=PASS_AFTER_EXPLICIT_CRITERIA_AND_EXCEPTION; 形式化妥当性=FAIL_UNFORMALIZED。「分類の確信度が低い場合は、ベクトル検索で開始点を探し、グラフ探索を組み合わせます。」は外的真偽の断定ではなく、対象・処理・判断を特定した設計・運用上の選択規則として読める。ただし候補資料(SRC-015;SRC-024;SRC-029;SRC-031;SRC-033)はURL単位で、直接locatorは未確認。規範の判断基準と例外を明示すれば教材として採用できる。形式面ではFAIL_UNFORMALIZEDを別途解消する必要がある。,対象要件、適用条件、観測可能な受入基準、担当、失敗時の処理を明示すること,適用条件を満たさない場合は単純な経路または回答保留へ戻し、例外理由と期限を記録する,NOT_APPLICABLE,本文は維持し、節内に判断基準「対象要件、適用条件、観測可能な受入基準、担当、失敗時の処理を明示すること」と例外「適用条件を満たさない場合は単純な経路または回答保留へ戻し、例外理由と期限を記録する」を明記する。経験的な効果保証とは分離し、意味を保存して再形式化する。,,,,,INCONCLUSIVE,NOT_APPLICABLE_UNPROVED,,,codex-independent-wave4,2026-08-15,INDEPENDENT_REVIEW_COMPLETE,PARTIAL_CANDIDATE_SOURCE_ONLY,FAIL_NO_DIRECT_LOCATOR,FAIL_UNFORMALIZED,HYPOTHESIS,PASS_LOCAL_DESIGN_POLICY,PASS_AS_DISCLOSED_NORMATIVE_RULE,PASS_AFTER_EXPLICIT_CRITERIA_AND_EXCEPTION,FAIL_UNFORMALIZED
SENT-4071,52bebecfb2a435d0e7ff2efea557c5799674ded6,各経路の関係を元チャンクへ結び付けます。,各経路の関係を元チャンクへ結び付けます。,UNFORMALIZED,UNFORMALIZED,general_technical_claim,UNCLASSIFIED,9.7.3 (docs/9.失敗パターンに応じて高度化する/9.7.GraphRAG.md:64),SRC-015;SRC-024;SRC-029;SRC-031;SRC-033,NOT_APPLICABLE_LOCAL_NORM,HYPOTHESIS,,,,APPROPRIATE_NORMATIVE,権威性=候補一次資料のみ; 直接性=locator未確認; 網羅性=未支持atom=none-explicit; 主張極性=HYPOTHESISとして再分類; スコープ=PASS_LOCAL_DESIGN_POLICY; モダリティ=PASS_AS_DISCLOSED_NORMATIVE_RULE; 教材妥当性=PASS_AFTER_EXPLICIT_CRITERIA_AND_EXCEPTION; 形式化妥当性=FAIL_UNFORMALIZED。「各経路の関係を元チャンクへ結び付けます。」は外的真偽の断定ではなく、対象・処理・判断を特定した設計・運用上の選択規則として読める。ただし候補資料(SRC-015;SRC-024;SRC-029;SRC-031;SRC-033)はURL単位で、直接locatorは未確認。規範の判断基準と例外を明示すれば教材として採用できる。形式面ではFAIL_UNFORMALIZEDを別途解消する必要がある。,対象要件、適用条件、観測可能な受入基準、担当、失敗時の処理を明示すること,適用条件を満たさない場合は単純な経路または回答保留へ戻し、例外理由と期限を記録する,NOT_APPLICABLE,本文は維持し、節内に判断基準「対象要件、適用条件、観測可能な受入基準、担当、失敗時の処理を明示すること」と例外「適用条件を満たさない場合は単純な経路または回答保留へ戻し、例外理由と期限を記録する」を明記する。経験的な効果保証とは分離し、意味を保存して再形式化する。,,,,,INCONCLUSIVE,NOT_APPLICABLE_UNPROVED,,,codex-independent-wave4,2026-08-15,INDEPENDENT_REVIEW_COMPLETE,PARTIAL_CANDIDATE_SOURCE_ONLY,FAIL_NO_DIRECT_LOCATOR,FAIL_UNFORMALIZED,HYPOTHESIS,PASS_LOCAL_DESIGN_POLICY,PASS_AS_DISCLOSED_NORMATIVE_RULE,PASS_AFTER_EXPLICIT_CRITERIA_AND_EXCEPTION,FAIL_UNFORMALIZED
SENT-4082,52bebecfb2a435d0e7ff2efea557c5799674ded6,順位統合または経路間で比較できるよう調整したスコアを使い、同じチャンクを重複してコンテキストへ入れないようにします。,本ガイドの基本構成では、順位統合または経路間で比較できるよう調整したスコアを使い、同じチャンクを重複してコンテキストへ入れないようにします。,UNFORMALIZED,UNFORMALIZED,general_technical_claim,できる;ない,9.7.4 (docs/9.失敗パターンに応じて高度化する/9.7.GraphRAG.md:82),SRC-015;SRC-024;SRC-029;SRC-031;SRC-033,UNVERIFIED_CANDIDATE_URL_ONLY,BACKGROUND_CITATION,,,,REWRITE_REQUIRED,権威性=候補一次資料のみ; 直接性=locator未確認; 網羅性=未支持atom=none-explicit; 主張極性=BACKGROUND_CITATIONとして再分類; スコープ=PASS_AFTER_TEST_SCOPE_QUALIFICATION; モダリティ=PASS_AFTER_HYPOTHESIS_QUALIFIER; 教材妥当性=PASS_AS_EXPLICIT_TESTABLE_HYPOTHESIS; 形式化妥当性=FAIL_UNFORMALIZED。「順位統合または経路間で比較できるよう調整したスコアを使い、同じチャンクを重複してコンテキストへ入れないようにします。」は候補資料(SRC-015;SRC-024;SRC-029;SRC-031;SRC-033)に直接locatorがなく、一般的事実としてはFAIL_UNFORMALIZEDが残る。原文の対象と作用を維持したまま、本ガイドの構成または対象データでの検証へスコープを限定すれば教材上の検討事項を保持できる。,,,UNVERIFIED,原文をrevised_sentenceへ置換し、対象データ、比較条件、観測指標、合否閾値を同じ節に追記する。検証後に限り事実表現へ戻し、意味を保存して再形式化する。,,,,,INCONCLUSIVE,NOT_APPLICABLE_UNPROVED,,,codex-independent-wave4,2026-08-15,INDEPENDENT_REVIEW_COMPLETE,PARTIAL_CANDIDATE_SOURCE_ONLY,FAIL_NO_DIRECT_LOCATOR,FAIL_UNFORMALIZED,BACKGROUND_CITATION,PASS_AFTER_TEST_SCOPE_QUALIFICATION,PASS_AFTER_HYPOTHESIS_QUALIFIER,PASS_AS_EXPLICIT_TESTABLE_HYPOTHESIS,FAIL_UNFORMALIZED
SENT-4086,52bebecfb2a435d0e7ff2efea557c5799674ded6,文書を削除するときは、チャンクだけでなく、その文書から作った関係と要約も再計算します。,文書を削除するときは、チャンクだけでなく、その文書から作った関係と要約も再計算します。,UNFORMALIZED,UNFORMALIZED,general_technical_claim,UNCLASSIFIED,9.7.5 (docs/9.失敗パターンに応じて高度化する/9.7.GraphRAG.md:90),SRC-015;SRC-024;SRC-029;SRC-031;SRC-033,NOT_APPLICABLE_LOCAL_NORM,HYPOTHESIS,,,,APPROPRIATE_NORMATIVE,権威性=候補一次資料のみ; 直接性=locator未確認; 網羅性=未支持atom=none-explicit; 主張極性=HYPOTHESISとして再分類; スコープ=PASS_LOCAL_DESIGN_POLICY; モダリティ=PASS_AS_DISCLOSED_NORMATIVE_RULE; 教材妥当性=PASS_AFTER_EXPLICIT_CRITERIA_AND_EXCEPTION; 形式化妥当性=FAIL_UNFORMALIZED。「文書を削除するときは、チャンクだけでなく、その文書から作った関係と要約も再計算します。」は外的真偽の断定ではなく、対象・処理・判断を特定した設計・運用上の選択規則として読める。ただし候補資料(SRC-015;SRC-024;SRC-029;SRC-031;SRC-033)はURL単位で、直接locatorは未確認。規範の判断基準と例外を明示すれば教材として採用できる。形式面ではFAIL_UNFORMALIZEDを別途解消する必要がある。,最小権限を維持し、認可前後の候補、拒否理由、漏えい試験を観測可能にすること,法令・契約・組織方針がより厳しい場合はその基準を優先し、緊急例外も期限と事後監査を必須とする,NOT_APPLICABLE,本文は維持し、節内に判断基準「最小権限を維持し、認可前後の候補、拒否理由、漏えい試験を観測可能にすること」と例外「法令・契約・組織方針がより厳しい場合はその基準を優先し、緊急例外も期限と事後監査を必須とする」を明記する。経験的な効果保証とは分離し、意味を保存して再形式化する。,,,,,INCONCLUSIVE,NOT_APPLICABLE_UNPROVED,,,codex-independent-wave4,2026-08-15,INDEPENDENT_REVIEW_COMPLETE,PARTIAL_CANDIDATE_SOURCE_ONLY,FAIL_NO_DIRECT_LOCATOR,FAIL_UNFORMALIZED,HYPOTHESIS,PASS_LOCAL_DESIGN_POLICY,PASS_AS_DISCLOSED_NORMATIVE_RULE,PASS_AFTER_EXPLICIT_CRITERIA_AND_EXCEPTION,FAIL_UNFORMALIZED
SENT-4100,52bebecfb2a435d0e7ff2efea557c5799674ded6,ColPaliは、文書ページの画像を複数ベクトルで表現し、OCRテキストだけに依存しない文書検索を提案しています。,文書ページの画像を複数ベクトルで表現し、OCRテキストだけに依存しない文書検索を候補手法として実装し、基本構成と同じ評価データで比較します。,"NOT(AND(AND(ATOM(multi_vector=true), ATOM(multimodal=true)), ATOM(retrieval=true)))",NOT,externally_cited_claim,ない,9.8.1 (docs/9.失敗パターンに応じて高度化する/9.8.Multimodal RAG.md:20),SRC-161,UNVERIFIED_CANDIDATE_URL_ONLY,AUTHOR_CLAIM,multi_vector=true;multimodal=true;retrieval=true,,NOT,REWRITE_REQUIRED,権威性=候補一次資料のみ; 直接性=locator未確認; 網羅性=関係NOT自体の根拠未確認; 主張極性=AUTHOR_CLAIMとして再分類; スコープ=PASS_AFTER_CONCRETE_VERSION_OR_EXPERIMENT_SCOPE; モダリティ=PASS_AFTER_CONDITIONAL_OR_REPRODUCTION_WORDING; 教材妥当性=PASS_AFTER_CONCRETE_VERSION_OR_EXPERIMENT_QUALIFIER; 形式化妥当性=FAIL_RELATION_NOT。「ColPaliは、文書ページの画像を複数ベクトルで表現し、OCRテキストだけに依存しない文書検索を提案しています。」の候補資料(SRC-161)はURL単位で、節・ページ・表・API見出しを独立に確認できていない。現文のFAIL_RELATION_NOT、版・実験条件、資料内極性を断定せず、具体的な製品前提・ローカル定義・再現試験へ限定すれば教材内容を保持できる。,,,UNVERIFIED,原文をrevised_sentenceの具体文へ置換する。製品文は利用時点のregion/versionを受入条件へ追加し、研究文は同じ指標・比較条件で再現確認する。事実表現へ戻す場合は直接locatorを再監査する。,,,,,INCONCLUSIVE,NOT_APPLICABLE_UNPROVED,,,codex-independent-wave4,2026-08-15,INDEPENDENT_REVIEW_COMPLETE,PARTIAL_CANDIDATE_SOURCE_ONLY,FAIL_NO_DIRECT_LOCATOR,FAIL_RELATION_NOT,AUTHOR_CLAIM,PASS_AFTER_CONCRETE_VERSION_OR_EXPERIMENT_SCOPE,PASS_AFTER_CONDITIONAL_OR_REPRODUCTION_WORDING,PASS_AFTER_CONCRETE_VERSION_OR_EXPERIMENT_QUALIFIER,FAIL_RELATION_NOT
SENT-4106,52bebecfb2a435d0e7ff2efea557c5799674ded6,LayoutLMv3はテキスト、画像、レイアウトを統合した文書理解を扱い、PubTables-1Mは表の検出と構造認識を支えます。,本ガイドの基本構成では、LayoutLMv3はテキスト、画像、レイアウトを統合した文書理解を扱い、PubTables-1Mは表の検出と構造認識を支えます。,ATOM(layout=true),ATOM,externally_cited_claim,UNCLASSIFIED,9.8.1 (docs/9.失敗パターンに応じて高度化する/9.8.Multimodal RAG.md:29),SRC-024;SRC-029,UNVERIFIED_CANDIDATE_URL_ONLY,AUTHOR_CLAIM,,layout=true,,REWRITE_REQUIRED,権威性=候補一次資料のみ; 直接性=locator未確認; 網羅性=未支持atom=layout=true; 主張極性=AUTHOR_CLAIMとして再分類; スコープ=PASS_AFTER_CONCRETE_VERSION_OR_EXPERIMENT_SCOPE; モダリティ=PASS_AFTER_CONDITIONAL_OR_REPRODUCTION_WORDING; 教材妥当性=PASS_AFTER_CONCRETE_VERSION_OR_EXPERIMENT_QUALIFIER; 形式化妥当性=FAIL_UNSUPPORTED_ATOMS:layout=true。「LayoutLMv3はテキスト、画像、レイアウトを統合した文書理解を扱い、PubTables-1Mは表の検出と構造認識を支えます。」の候補資料(SRC-024;SRC-029)はURL単位で、節・ページ・表・API見出しを独立に確認できていない。現文のFAIL_UNSUPPORTED_ATOMS:layout=true、版・実験条件、資料内極性を断定せず、具体的な製品前提・ローカル定義・再現試験へ限定すれば教材内容を保持できる。,,,UNVERIFIED,原文をrevised_sentenceの具体文へ置換する。製品文は利用時点のregion/versionを受入条件へ追加し、研究文は同じ指標・比較条件で再現確認する。事実表現へ戻す場合は直接locatorを再監査する。,,,,,INCONCLUSIVE,NOT_APPLICABLE_UNPROVED,,,codex-independent-wave4,2026-08-15,INDEPENDENT_REVIEW_COMPLETE,PARTIAL_CANDIDATE_SOURCE_ONLY,FAIL_NO_DIRECT_LOCATOR,FAIL_UNSUPPORTED_ATOMS:layout=true,AUTHOR_CLAIM,PASS_AFTER_CONCRETE_VERSION_OR_EXPERIMENT_SCOPE,PASS_AFTER_CONDITIONAL_OR_REPRODUCTION_WORDING,PASS_AFTER_CONCRETE_VERSION_OR_EXPERIMENT_QUALIFIER,FAIL_UNSUPPORTED_ATOMS:layout=true
SENT-4115,52bebecfb2a435d0e7ff2efea557c5799674ded6,テキスト、表、画像またはページ、動画区間を別のインデックスへ分ける方法と、共通の埋め込み空間へ置く方法があります。,本ガイドの基本構成では、テキスト、表、画像またはページ、動画区間を別のインデックスへ分ける方法と、共通の埋め込み空間へ置く方法があります。,UNFORMALIZED,UNFORMALIZED,general_technical_claim,UNCLASSIFIED,9.8.3 (docs/9.失敗パターンに応じて高度化する/9.8.Multimodal RAG.md:47),SRC-015;SRC-024;SRC-029;SRC-031;SRC-033,UNVERIFIED_CANDIDATE_URL_ONLY,BACKGROUND_CITATION,,,,REWRITE_REQUIRED,権威性=候補一次資料のみ; 直接性=locator未確認; 網羅性=未支持atom=none-explicit; 主張極性=BACKGROUND_CITATIONとして再分類; スコープ=PASS_AFTER_TEST_SCOPE_QUALIFICATION; モダリティ=PASS_AFTER_HYPOTHESIS_QUALIFIER; 教材妥当性=PASS_AS_EXPLICIT_TESTABLE_HYPOTHESIS; 形式化妥当性=FAIL_UNFORMALIZED。「テキスト、表、画像またはページ、動画区間を別のインデックスへ分ける方法と、共通の埋め込み空間へ置く方法があります。」は候補資料(SRC-015;SRC-024;SRC-029;SRC-031;SRC-033)に直接locatorがなく、一般的事実としてはFAIL_UNFORMALIZEDが残る。原文の対象と作用を維持したまま、本ガイドの構成または対象データでの検証へスコープを限定すれば教材上の検討事項を保持できる。,,,UNVERIFIED,原文をrevised_sentenceへ置換し、対象データ、比較条件、観測指標、合否閾値を同じ節に追記する。検証後に限り事実表現へ戻し、意味を保存して再形式化する。,,,,,INCONCLUSIVE,NOT_APPLICABLE_UNPROVED,,,codex-independent-wave4,2026-08-15,INDEPENDENT_REVIEW_COMPLETE,PARTIAL_CANDIDATE_SOURCE_ONLY,FAIL_NO_DIRECT_LOCATOR,FAIL_UNFORMALIZED,BACKGROUND_CITATION,PASS_AFTER_TEST_SCOPE_QUALIFICATION,PASS_AFTER_HYPOTHESIS_QUALIFIER,PASS_AS_EXPLICIT_TESTABLE_HYPOTHESIS,FAIL_UNFORMALIZED
SENT-4129,52bebecfb2a435d0e7ff2efea557c5799674ded6,まず媒体内で順位を作り、その後に順位統合、質問経路、証拠間の関係を使ってまとめます。,本ガイドの基本構成では、まず媒体内で順位を作り、その後に順位統合、質問経路、証拠間の関係を使ってまとめます。,UNFORMALIZED,UNFORMALIZED,general_technical_claim,UNCLASSIFIED,9.8.4 (docs/9.失敗パターンに応じて高度化する/9.8.Multimodal RAG.md:70),SRC-015;SRC-024;SRC-029;SRC-031;SRC-033,UNVERIFIED_CANDIDATE_URL_ONLY,BACKGROUND_CITATION,,,,REWRITE_REQUIRED,権威性=候補一次資料のみ; 直接性=locator未確認; 網羅性=未支持atom=none-explicit; 主張極性=BACKGROUND_CITATIONとして再分類; スコープ=PASS_AFTER_TEST_SCOPE_QUALIFICATION; モダリティ=PASS_AFTER_HYPOTHESIS_QUALIFIER; 教材妥当性=PASS_AS_EXPLICIT_TESTABLE_HYPOTHESIS; 形式化妥当性=FAIL_UNFORMALIZED。「まず媒体内で順位を作り、その後に順位統合、質問経路、証拠間の関係を使ってまとめます。」は候補資料(SRC-015;SRC-024;SRC-029;SRC-031;SRC-033)に直接locatorがなく、一般的事実としてはFAIL_UNFORMALIZEDが残る。原文の対象と作用を維持したまま、本ガイドの構成または対象データでの検証へスコープを限定すれば教材上の検討事項を保持できる。,,,UNVERIFIED,原文をrevised_sentenceへ置換し、対象データ、比較条件、観測指標、合否閾値を同じ節に追記する。検証後に限り事実表現へ戻し、意味を保存して再形式化する。,,,,,INCONCLUSIVE,NOT_APPLICABLE_UNPROVED,,,codex-independent-wave4,2026-08-15,INDEPENDENT_REVIEW_COMPLETE,PARTIAL_CANDIDATE_SOURCE_ONLY,FAIL_NO_DIRECT_LOCATOR,FAIL_UNFORMALIZED,BACKGROUND_CITATION,PASS_AFTER_TEST_SCOPE_QUALIFICATION,PASS_AFTER_HYPOTHESIS_QUALIFIER,PASS_AS_EXPLICIT_TESTABLE_HYPOTHESIS,FAIL_UNFORMALIZED
SENT-4130,52bebecfb2a435d0e7ff2efea557c5799674ded6,異なる符号化器のコサイン類似度を、そのまま足しません。,異なる符号化器のコサイン類似度を、そのまま足しません。,NOT(ATOM(cosine_compatible=true)),NOT,general_technical_claim,ません,9.8.4 (docs/9.失敗パターンに応じて高度化する/9.8.Multimodal RAG.md:71),SRC-015;SRC-024;SRC-029;SRC-031;SRC-033,NOT_APPLICABLE_LOCAL_NORM,HYPOTHESIS,,cosine_compatible=true,NOT,APPROPRIATE_NORMATIVE,権威性=候補一次資料のみ; 直接性=locator未確認; 網羅性=関係NOT自体の根拠未確認; 主張極性=HYPOTHESISとして再分類; スコープ=PASS_LOCAL_DESIGN_POLICY; モダリティ=PASS_AS_DISCLOSED_NORMATIVE_RULE; 教材妥当性=PASS_AFTER_EXPLICIT_CRITERIA_AND_EXCEPTION; 形式化妥当性=FAIL_RELATION_NOT。「異なる符号化器のコサイン類似度を、そのまま足しません。」は外的真偽の断定ではなく、対象・処理・判断を特定した設計・運用上の選択規則として読める。ただし候補資料(SRC-015;SRC-024;SRC-029;SRC-031;SRC-033)はURL単位で、直接locatorは未確認。規範の判断基準と例外を明示すれば教材として採用できる。形式面ではFAIL_RELATION_NOTを別途解消する必要がある。,禁止対象、禁止理由、代替経路を明示し、安全性・再現性・追跡性のいずれを守る規則か検査できること,禁止理由を満たす別の統制が同等以上の証拠で確認できる場合のみ例外とし、理由と期限を記録する,NOT_APPLICABLE,本文は維持し、節内に判断基準「禁止対象、禁止理由、代替経路を明示し、安全性・再現性・追跡性のいずれを守る規則か検査できること」と例外「禁止理由を満たす別の統制が同等以上の証拠で確認できる場合のみ例外とし、理由と期限を記録する」を明記する。経験的な効果保証とは分離し、意味を保存して再形式化する。,,,,,INCONCLUSIVE,NOT_APPLICABLE_UNPROVED,,,codex-independent-wave4,2026-08-15,INDEPENDENT_REVIEW_COMPLETE,PARTIAL_CANDIDATE_SOURCE_ONLY,FAIL_NO_DIRECT_LOCATOR,FAIL_RELATION_NOT,HYPOTHESIS,PASS_LOCAL_DESIGN_POLICY,PASS_AS_DISCLOSED_NORMATIVE_RULE,PASS_AFTER_EXPLICIT_CRITERIA_AND_EXCEPTION,FAIL_RELATION_NOT
SENT-4133,52bebecfb2a435d0e7ff2efea557c5799674ded6,媒体横断のグラフを生成して検索する方式も提案されていますが、発表から日が浅く、独立した追試が十分ではありません。,本ガイドの基本構成では、媒体横断のグラフを生成して検索する方式も提案されていますが、発表から日が浅く、独立した追試が十分ではありません。,"NOT(AND(ATOM(retrieval=true), ATOM(generation=true)))",NOT,empirical_or_research_claim,ません,9.8.4 (docs/9.失敗パターンに応じて高度化する/9.8.Multimodal RAG.md:76),SRC-161;SRC-029,UNVERIFIED_CANDIDATE_URL_ONLY,LIMITATION,generation=true;retrieval=true,,NOT,REWRITE_REQUIRED,権威性=候補一次資料のみ; 直接性=locator未確認; 網羅性=関係NOT自体の根拠未確認; 主張極性=LIMITATIONとして再分類; スコープ=PASS_AFTER_TEST_SCOPE_QUALIFICATION; モダリティ=PASS_AFTER_HYPOTHESIS_QUALIFIER; 教材妥当性=PASS_AS_EXPLICIT_TESTABLE_HYPOTHESIS; 形式化妥当性=FAIL_RELATION_NOT。「媒体横断のグラフを生成して検索する方式も提案されていますが、発表から日が浅く、独立した追試が十分ではありません。」は候補資料(SRC-161;SRC-029)に直接locatorがなく、一般的事実としてはFAIL_RELATION_NOTが残る。原文の対象と作用を維持したまま、本ガイドの構成または対象データでの検証へスコープを限定すれば教材上の検討事項を保持できる。,,,UNVERIFIED,原文をrevised_sentenceへ置換し、対象データ、比較条件、観測指標、合否閾値を同じ節に追記する。検証後に限り事実表現へ戻し、意味を保存して再形式化する。,,,,,INCONCLUSIVE,NOT_APPLICABLE_UNPROVED,,,codex-independent-wave4,2026-08-15,INDEPENDENT_REVIEW_COMPLETE,PARTIAL_CANDIDATE_SOURCE_ONLY,FAIL_NO_DIRECT_LOCATOR,FAIL_RELATION_NOT,LIMITATION,PASS_AFTER_TEST_SCOPE_QUALIFICATION,PASS_AFTER_HYPOTHESIS_QUALIFIER,PASS_AS_EXPLICIT_TESTABLE_HYPOTHESIS,FAIL_RELATION_NOT
SENT-4134,52bebecfb2a435d0e7ff2efea557c5799674ded6,本書では、査読付き研究が複数ある文書画像検索、レイアウト解析、表構造認識を中心に扱います。,本ガイドの基本構成では、本書では、査読付き研究が複数ある文書画像検索、レイアウト解析、表構造認識を中心に扱います。,"AND(AND(AND(ATOM(multimodal=true), ATOM(retrieval=true)), ATOM(layout=true)), ATOM(parsing=true))",AND,empirical_or_research_claim,UNCLASSIFIED,9.8.4 (docs/9.失敗パターンに応じて高度化する/9.8.Multimodal RAG.md:77),SRC-161;SRC-024;SRC-029,UNVERIFIED_CANDIDATE_URL_ONLY,EMPIRICAL_RESULT,layout=true;multimodal=true;retrieval=true,parsing=true,,REWRITE_REQUIRED,権威性=候補一次資料のみ; 直接性=locator未確認; 網羅性=未支持atom=parsing=true; 主張極性=EMPIRICAL_RESULTとして再分類; スコープ=PASS_AFTER_TEST_SCOPE_QUALIFICATION; モダリティ=PASS_AFTER_HYPOTHESIS_QUALIFIER; 教材妥当性=PASS_AS_EXPLICIT_TESTABLE_HYPOTHESIS; 形式化妥当性=FAIL_UNSUPPORTED_ATOMS:parsing=true。「本書では、査読付き研究が複数ある文書画像検索、レイアウト解析、表構造認識を中心に扱います。」は候補資料(SRC-161;SRC-024;SRC-029)に直接locatorがなく、一般的事実としてはFAIL_UNSUPPORTED_ATOMS:parsing=trueが残る。原文の対象と作用を維持したまま、本ガイドの構成または対象データでの検証へスコープを限定すれば教材上の検討事項を保持できる。,,,UNVERIFIED,原文をrevised_sentenceへ置換し、対象データ、比較条件、観測指標、合否閾値を同じ節に追記する。検証後に限り事実表現へ戻し、意味を保存して再形式化する。,,,,,INCONCLUSIVE,NOT_APPLICABLE_UNPROVED,,,codex-independent-wave4,2026-08-15,INDEPENDENT_REVIEW_COMPLETE,PARTIAL_CANDIDATE_SOURCE_ONLY,FAIL_NO_DIRECT_LOCATOR,FAIL_UNSUPPORTED_ATOMS:parsing=true,EMPIRICAL_RESULT,PASS_AFTER_TEST_SCOPE_QUALIFICATION,PASS_AFTER_HYPOTHESIS_QUALIFIER,PASS_AS_EXPLICIT_TESTABLE_HYPOTHESIS,FAIL_UNSUPPORTED_ATOMS:parsing=true
SENT-4150,52bebecfb2a435d0e7ff2efea557c5799674ded6,顔、個人情報、画面上の認証情報、画像内のプロンプトインジェクションを安全試験へ含めます。,顔、個人情報、画面上の認証情報、画像内のプロンプトインジェクションを安全試験へ含めます。,"AND(ATOM(prompt_injection=true), ATOM(privacy=true))",AND,general_technical_claim,UNCLASSIFIED,9.8.5 (docs/9.失敗パターンに応じて高度化する/9.8.Multimodal RAG.md:103),SRC-096,NOT_APPLICABLE_LOCAL_NORM,HYPOTHESIS,prompt_injection=true,privacy=true,,APPROPRIATE_NORMATIVE,権威性=候補一次資料のみ; 直接性=locator未確認; 網羅性=未支持atom=privacy=true; 主張極性=HYPOTHESISとして再分類; スコープ=PASS_LOCAL_DESIGN_POLICY; モダリティ=PASS_AS_DISCLOSED_NORMATIVE_RULE; 教材妥当性=PASS_AFTER_EXPLICIT_CRITERIA_AND_EXCEPTION; 形式化妥当性=FAIL_UNSUPPORTED_ATOMS:privacy=true。「顔、個人情報、画面上の認証情報、画像内のプロンプトインジェクションを安全試験へ含めます。」は外的真偽の断定ではなく、対象・処理・判断を特定した設計・運用上の選択規則として読める。ただし候補資料(SRC-096)はURL単位で、直接locatorは未確認。規範の判断基準と例外を明示すれば教材として採用できる。形式面ではFAIL_UNSUPPORTED_ATOMS:privacy=trueを別途解消する必要がある。,最小権限を維持し、認可前後の候補、拒否理由、漏えい試験を観測可能にすること,法令・契約・組織方針がより厳しい場合はその基準を優先し、緊急例外も期限と事後監査を必須とする,NOT_APPLICABLE,本文は維持し、節内に判断基準「最小権限を維持し、認可前後の候補、拒否理由、漏えい試験を観測可能にすること」と例外「法令・契約・組織方針がより厳しい場合はその基準を優先し、緊急例外も期限と事後監査を必須とする」を明記する。経験的な効果保証とは分離し、意味を保存して再形式化する。,,,,,INCONCLUSIVE,NOT_APPLICABLE_UNPROVED,,,codex-independent-wave4,2026-08-15,INDEPENDENT_REVIEW_COMPLETE,PARTIAL_CANDIDATE_SOURCE_ONLY,FAIL_NO_DIRECT_LOCATOR,FAIL_UNSUPPORTED_ATOMS:privacy=true,HYPOTHESIS,PASS_LOCAL_DESIGN_POLICY,PASS_AS_DISCLOSED_NORMATIVE_RULE,PASS_AFTER_EXPLICIT_CRITERIA_AND_EXCEPTION,FAIL_UNSUPPORTED_ATOMS:privacy=true
SENT-4167,52bebecfb2a435d0e7ff2efea557c5799674ded6,本番では自由な無限ループを許さず、最大手順数、終了期限、トークンと金額の上限、代替経路を状態遷移へ組み込みます。,本番では自由な無限ループを許さず、最大手順数、終了期限、トークンと金額の上限、代替経路を状態遷移へ組み込みます。,UNFORMALIZED,UNFORMALIZED,general_technical_claim,UNCLASSIFIED,9.9.1 (docs/9.失敗パターンに応じて高度化する/9.9.Agentic RAG.md:28),SRC-015;SRC-024;SRC-029;SRC-031;SRC-033,NOT_APPLICABLE_LOCAL_NORM,HYPOTHESIS,,,,APPROPRIATE_NORMATIVE,権威性=候補一次資料のみ; 直接性=locator未確認; 網羅性=未支持atom=none-explicit; 主張極性=HYPOTHESISとして再分類; スコープ=PASS_LOCAL_DESIGN_POLICY; モダリティ=PASS_AS_DISCLOSED_NORMATIVE_RULE; 教材妥当性=PASS_AFTER_EXPLICIT_CRITERIA_AND_EXCEPTION; 形式化妥当性=FAIL_UNFORMALIZED。「本番では自由な無限ループを許さず、最大手順数、終了期限、トークンと金額の上限、代替経路を状態遷移へ組み込みます。」は外的真偽の断定ではなく、対象・処理・判断を特定した設計・運用上の選択規則として読める。ただし候補資料(SRC-015;SRC-024;SRC-029;SRC-031;SRC-033)はURL単位で、直接locatorは未確認。規範の判断基準と例外を明示すれば教材として採用できる。形式面ではFAIL_UNFORMALIZEDを別途解消する必要がある。,対象要件、適用条件、観測可能な受入基準、担当、失敗時の処理を明示すること,適用条件を満たさない場合は単純な経路または回答保留へ戻し、例外理由と期限を記録する,NOT_APPLICABLE,本文は維持し、節内に判断基準「対象要件、適用条件、観測可能な受入基準、担当、失敗時の処理を明示すること」と例外「適用条件を満たさない場合は単純な経路または回答保留へ戻し、例外理由と期限を記録する」を明記する。経験的な効果保証とは分離し、意味を保存して再形式化する。,,,,,INCONCLUSIVE,NOT_APPLICABLE_UNPROVED,,,codex-independent-wave4,2026-08-15,INDEPENDENT_REVIEW_COMPLETE,PARTIAL_CANDIDATE_SOURCE_ONLY,FAIL_NO_DIRECT_LOCATOR,FAIL_UNFORMALIZED,HYPOTHESIS,PASS_LOCAL_DESIGN_POLICY,PASS_AS_DISCLOSED_NORMATIVE_RULE,PASS_AFTER_EXPLICIT_CRITERIA_AND_EXCEPTION,FAIL_UNFORMALIZED
SENT-4172,52bebecfb2a435d0e7ff2efea557c5799674ded6,Self-RAGは検索、生成、自己批評を制御する方法を、Corrective RAGは検索結果を評価して補正する方法を提案しています。,本ガイドの基本構成では、Self-RAGは検索、生成、自己批評を制御する方法を、Corrective RAGは検索結果を評価して補正する方法を提案しています。,"AND(AND(AND(AND(ATOM(retrieval=true), ATOM(generation=true)), ATOM(evaluation=true)), ATOM(self_reflection=true)), ATOM(empirical_result=true))",AND,externally_cited_claim,UNCLASSIFIED,9.9.2 (docs/9.失敗パターンに応じて高度化する/9.9.Agentic RAG.md:38),SRC-162;SRC-097,UNVERIFIED_CANDIDATE_URL_ONLY,EMPIRICAL_RESULT,empirical_result=true;generation=true;retrieval=true;self_reflection=true,evaluation=true,,REWRITE_REQUIRED,権威性=候補一次資料のみ; 直接性=locator未確認; 網羅性=未支持atom=evaluation=true; 主張極性=EMPIRICAL_RESULTとして再分類; スコープ=PASS_AFTER_CONCRETE_VERSION_OR_EXPERIMENT_SCOPE; モダリティ=PASS_AFTER_CONDITIONAL_OR_REPRODUCTION_WORDING; 教材妥当性=PASS_AFTER_CONCRETE_VERSION_OR_EXPERIMENT_QUALIFIER; 形式化妥当性=FAIL_UNSUPPORTED_ATOMS:evaluation=true。「Self-RAGは検索、生成、自己批評を制御する方法を、Corrective RAGは検索結果を評価して補正する方法を提案しています。」の候補資料(SRC-162;SRC-097)はURL単位で、節・ページ・表・API見出しを独立に確認できていない。現文のFAIL_UNSUPPORTED_ATOMS:evaluation=true、版・実験条件、資料内極性を断定せず、具体的な製品前提・ローカル定義・再現試験へ限定すれば教材内容を保持できる。,,,UNVERIFIED,原文をrevised_sentenceの具体文へ置換する。製品文は利用時点のregion/versionを受入条件へ追加し、研究文は同じ指標・比較条件で再現確認する。事実表現へ戻す場合は直接locatorを再監査する。,,,,,INCONCLUSIVE,NOT_APPLICABLE_UNPROVED,,,codex-independent-wave4,2026-08-15,INDEPENDENT_REVIEW_COMPLETE,PARTIAL_CANDIDATE_SOURCE_ONLY,FAIL_NO_DIRECT_LOCATOR,FAIL_UNSUPPORTED_ATOMS:evaluation=true,EMPIRICAL_RESULT,PASS_AFTER_CONCRETE_VERSION_OR_EXPERIMENT_SCOPE,PASS_AFTER_CONDITIONAL_OR_REPRODUCTION_WORDING,PASS_AFTER_CONCRETE_VERSION_OR_EXPERIMENT_QUALIFIER,FAIL_UNSUPPORTED_ATOMS:evaluation=true
SENT-4184,52bebecfb2a435d0e7ff2efea557c5799674ded6,Toolformerは、言語モデルがAPI呼び出しを学習できる可能性を示しますが、業務ツールの品質と認可を保証するものではありません。,言語モデルによるAPI呼び出し学習を候補として評価しますが、業務ツールの品質と認可は別の受入試験で検証します。,"NOT(AND(AND(ATOM(generation=true), ATOM(authorization=true)), ATOM(tool_use=true)))",NOT,externally_cited_claim,できる;可能;ません,9.9.3 (docs/9.失敗パターンに応じて高度化する/9.9.Agentic RAG.md:58),SRC-163,UNVERIFIED_CANDIDATE_URL_ONLY,LIMITATION,generation=true;tool_use=true,authorization=true,NOT,REWRITE_REQUIRED,権威性=候補一次資料のみ; 直接性=locator未確認; 網羅性=関係NOT自体の根拠未確認; 主張極性=LIMITATIONとして再分類; スコープ=PASS_AFTER_CONCRETE_VERSION_OR_EXPERIMENT_SCOPE; モダリティ=PASS_AFTER_CONDITIONAL_OR_REPRODUCTION_WORDING; 教材妥当性=PASS_AFTER_CONCRETE_VERSION_OR_EXPERIMENT_QUALIFIER; 形式化妥当性=FAIL_RELATION_NOT。「Toolformerは、言語モデルがAPI呼び出しを学習できる可能性を示しますが、業務ツールの品質と認可を保証するものではありません。」の候補資料(SRC-163)はURL単位で、節・ページ・表・API見出しを独立に確認できていない。現文のFAIL_RELATION_NOT、版・実験条件、資料内極性を断定せず、具体的な製品前提・ローカル定義・再現試験へ限定すれば教材内容を保持できる。,,,UNVERIFIED,原文をrevised_sentenceの具体文へ置換する。製品文は利用時点のregion/versionを受入条件へ追加し、研究文は同じ指標・比較条件で再現確認する。事実表現へ戻す場合は直接locatorを再監査する。,,,,,INCONCLUSIVE,NOT_APPLICABLE_UNPROVED,,,codex-independent-wave4,2026-08-15,INDEPENDENT_REVIEW_COMPLETE,PARTIAL_CANDIDATE_SOURCE_ONLY,FAIL_NO_DIRECT_LOCATOR,FAIL_RELATION_NOT,LIMITATION,PASS_AFTER_CONCRETE_VERSION_OR_EXPERIMENT_SCOPE,PASS_AFTER_CONDITIONAL_OR_REPRODUCTION_WORDING,PASS_AFTER_CONCRETE_VERSION_OR_EXPERIMENT_QUALIFIER,FAIL_RELATION_NOT
SENT-4187,52bebecfb2a435d0e7ff2efea557c5799674ded6,図9-7は、生成モデルの提案を左からツール台帳、引数検証、サーバー側認可、必要な場合の人の承認、実行へ通す順に読みます。,本ガイドの基本構成では、図9-7は、生成モデルの提案を左からツール台帳、引数検証、サーバー側認可、必要な場合の人の承認、実行へ通す順に読みます。,UNFORMALIZED,UNFORMALIZED,empirical_or_research_claim,必要,9.9.3 (docs/9.失敗パターンに応じて高度化する/9.9.Agentic RAG.md:63),SRC-015;SRC-024;SRC-029;SRC-031;SRC-033,UNVERIFIED_CANDIDATE_URL_ONLY,EMPIRICAL_RESULT,,,,REWRITE_REQUIRED,権威性=候補一次資料のみ; 直接性=locator未確認; 網羅性=未支持atom=none-explicit; 主張極性=EMPIRICAL_RESULTとして再分類; スコープ=PASS_AFTER_TEST_SCOPE_QUALIFICATION; モダリティ=PASS_AFTER_HYPOTHESIS_QUALIFIER; 教材妥当性=PASS_AS_EXPLICIT_TESTABLE_HYPOTHESIS; 形式化妥当性=FAIL_UNFORMALIZED。「図9-7は、生成モデルの提案を左からツール台帳、引数検証、サーバー側認可、必要な場合の人の承認、実行へ通す順に読みます。」は候補資料(SRC-015;SRC-024;SRC-029;SRC-031;SRC-033)に直接locatorがなく、一般的事実としてはFAIL_UNFORMALIZEDが残る。原文の対象と作用を維持したまま、本ガイドの構成または対象データでの検証へスコープを限定すれば教材上の検討事項を保持できる。,,,UNVERIFIED,原文をrevised_sentenceへ置換し、対象データ、比較条件、観測指標、合否閾値を同じ節に追記する。検証後に限り事実表現へ戻し、意味を保存して再形式化する。,,,,,INCONCLUSIVE,NOT_APPLICABLE_UNPROVED,,,codex-independent-wave4,2026-08-15,INDEPENDENT_REVIEW_COMPLETE,PARTIAL_CANDIDATE_SOURCE_ONLY,FAIL_NO_DIRECT_LOCATOR,FAIL_UNFORMALIZED,EMPIRICAL_RESULT,PASS_AFTER_TEST_SCOPE_QUALIFICATION,PASS_AFTER_HYPOTHESIS_QUALIFIER,PASS_AS_EXPLICIT_TESTABLE_HYPOTHESIS,FAIL_UNFORMALIZED
SENT-4203,52bebecfb2a435d0e7ff2efea557c5799674ded6,エージェントが読む文書、メール、Webページ、ツール結果は、すべて信頼していない観察結果です。,本ガイドの基本構成では、エージェントが読む文書、メール、Webページ、ツール結果は、すべて信頼していない観察結果です。,"NOT(AND(ATOM(tool_use=true), ATOM(empirical_result=true)))",NOT,empirical_or_research_claim,すべて;ない,9.9.5 (docs/9.失敗パターンに応じて高度化する/9.9.Agentic RAG.md:94),SRC-116;SRC-163;SRC-060;SRC-097,UNVERIFIED_CANDIDATE_URL_ONLY,DEFINITION_OR_SPEC,empirical_result=true;tool_use=true,,NOT,REWRITE_REQUIRED,権威性=候補一次資料のみ; 直接性=locator未確認; 網羅性=関係NOT自体の根拠未確認; 主張極性=DEFINITION_OR_SPECとして再分類; スコープ=PASS_AFTER_TEST_SCOPE_QUALIFICATION; モダリティ=PASS_AFTER_HYPOTHESIS_QUALIFIER; 教材妥当性=PASS_AS_EXPLICIT_TESTABLE_HYPOTHESIS; 形式化妥当性=FAIL_RELATION_NOT。「エージェントが読む文書、メール、Webページ、ツール結果は、すべて信頼していない観察結果です。」は候補資料(SRC-116;SRC-163;SRC-060;SRC-097)に直接locatorがなく、一般的事実としてはFAIL_RELATION_NOTが残る。原文の対象と作用を維持したまま、本ガイドの構成または対象データでの検証へスコープを限定すれば教材上の検討事項を保持できる。,,,UNVERIFIED,原文をrevised_sentenceへ置換し、対象データ、比較条件、観測指標、合否閾値を同じ節に追記する。検証後に限り事実表現へ戻し、意味を保存して再形式化する。,,,,,INCONCLUSIVE,NOT_APPLICABLE_UNPROVED,,,codex-independent-wave4,2026-08-15,INDEPENDENT_REVIEW_COMPLETE,PARTIAL_CANDIDATE_SOURCE_ONLY,FAIL_NO_DIRECT_LOCATOR,FAIL_RELATION_NOT,DEFINITION_OR_SPEC,PASS_AFTER_TEST_SCOPE_QUALIFICATION,PASS_AFTER_HYPOTHESIS_QUALIFIER,PASS_AS_EXPLICIT_TESTABLE_HYPOTHESIS,FAIL_RELATION_NOT
SENT-4205,52bebecfb2a435d0e7ff2efea557c5799674ded6,間接プロンプトインジェクションの研究は、外部データの命令が情報窃取やツール誤用へつながる経路を示しています。,外部データの命令が情報窃取やツール誤用へつながる経路が対象データでも成り立つかを、同じ条件と指標で検証します。,"AND(ATOM(prompt_injection=true), ATOM(tool_use=true))",AND,externally_cited_claim,UNCLASSIFIED,9.9.5 (docs/9.失敗パターンに応じて高度化する/9.9.Agentic RAG.md:97),SRC-096,UNVERIFIED_CANDIDATE_URL_ONLY,AUTHOR_CLAIM,prompt_injection=true,tool_use=true,,REWRITE_REQUIRED,権威性=候補一次資料のみ; 直接性=locator未確認; 網羅性=未支持atom=tool_use=true; 主張極性=AUTHOR_CLAIMとして再分類; スコープ=PASS_AFTER_CONCRETE_VERSION_OR_EXPERIMENT_SCOPE; モダリティ=PASS_AFTER_CONDITIONAL_OR_REPRODUCTION_WORDING; 教材妥当性=PASS_AFTER_CONCRETE_VERSION_OR_EXPERIMENT_QUALIFIER; 形式化妥当性=FAIL_UNSUPPORTED_ATOMS:tool_use=true。「間接プロンプトインジェクションの研究は、外部データの命令が情報窃取やツール誤用へつながる経路を示しています。」の候補資料(SRC-096)はURL単位で、節・ページ・表・API見出しを独立に確認できていない。現文のFAIL_UNSUPPORTED_ATOMS:tool_use=true、版・実験条件、資料内極性を断定せず、具体的な製品前提・ローカル定義・再現試験へ限定すれば教材内容を保持できる。,,,UNVERIFIED,原文をrevised_sentenceの具体文へ置換する。製品文は利用時点のregion/versionを受入条件へ追加し、研究文は同じ指標・比較条件で再現確認する。事実表現へ戻す場合は直接locatorを再監査する。,,,,,INCONCLUSIVE,NOT_APPLICABLE_UNPROVED,,,codex-independent-wave4,2026-08-15,INDEPENDENT_REVIEW_COMPLETE,PARTIAL_CANDIDATE_SOURCE_ONLY,FAIL_NO_DIRECT_LOCATOR,FAIL_UNSUPPORTED_ATOMS:tool_use=true,AUTHOR_CLAIM,PASS_AFTER_CONCRETE_VERSION_OR_EXPERIMENT_SCOPE,PASS_AFTER_CONDITIONAL_OR_REPRODUCTION_WORDING,PASS_AFTER_CONCRETE_VERSION_OR_EXPERIMENT_QUALIFIER,FAIL_UNSUPPORTED_ATOMS:tool_use=true
SENT-4217,52bebecfb2a435d0e7ff2efea557c5799674ded6,通常RAGまたは固定手順を基準とし、対象失敗の改善が追加の遅延、費用、手順のばらつきに見合うかを比較します。,通常RAGまたは固定手順を基準とし、対象失敗の改善が追加の遅延、費用、手順のばらつきに見合うかを比較します。,"AND(ATOM(cost=true), ATOM(empirical_result=true))",AND,empirical_or_research_claim,UNCLASSIFIED,9.9.6 (docs/9.失敗パターンに応じて高度化する/9.9.Agentic RAG.md:117),SRC-060;SRC-097;SRC-116;SRC-163,NOT_APPLICABLE_LOCAL_NORM,HYPOTHESIS,empirical_result=true,cost=true,,APPROPRIATE_NORMATIVE,権威性=候補一次資料のみ; 直接性=locator未確認; 網羅性=未支持atom=cost=true; 主張極性=HYPOTHESISとして再分類; スコープ=PASS_LOCAL_DESIGN_POLICY; モダリティ=PASS_AS_DISCLOSED_NORMATIVE_RULE; 教材妥当性=PASS_AFTER_EXPLICIT_CRITERIA_AND_EXCEPTION; 形式化妥当性=FAIL_UNSUPPORTED_ATOMS:cost=true。「通常RAGまたは固定手順を基準とし、対象失敗の改善が追加の遅延、費用、手順のばらつきに見合うかを比較します。」は外的真偽の断定ではなく、対象・処理・判断を特定した設計・運用上の選択規則として読める。ただし候補資料(SRC-060;SRC-097;SRC-116;SRC-163)はURL単位で、直接locatorは未確認。規範の判断基準と例外を明示すれば教材として採用できる。形式面ではFAIL_UNSUPPORTED_ATOMS:cost=trueを別途解消する必要がある。,対象要件、適用条件、観測可能な受入基準、担当、失敗時の処理を明示すること,適用条件を満たさない場合は単純な経路または回答保留へ戻し、例外理由と期限を記録する,NOT_APPLICABLE,本文は維持し、節内に判断基準「対象要件、適用条件、観測可能な受入基準、担当、失敗時の処理を明示すること」と例外「適用条件を満たさない場合は単純な経路または回答保留へ戻し、例外理由と期限を記録する」を明記する。経験的な効果保証とは分離し、意味を保存して再形式化する。,,,,,INCONCLUSIVE,NOT_APPLICABLE_UNPROVED,,,codex-independent-wave4,2026-08-15,INDEPENDENT_REVIEW_COMPLETE,PARTIAL_CANDIDATE_SOURCE_ONLY,FAIL_NO_DIRECT_LOCATOR,FAIL_UNSUPPORTED_ATOMS:cost=true,HYPOTHESIS,PASS_LOCAL_DESIGN_POLICY,PASS_AS_DISCLOSED_NORMATIVE_RULE,PASS_AFTER_EXPLICIT_CRITERIA_AND_EXCEPTION,FAIL_UNSUPPORTED_ATOMS:cost=true
SENT-4218,52bebecfb2a435d0e7ff2efea557c5799674ded6,ツール障害、矛盾する結果、プロンプトインジェクション、予算切れ、権限変更をストレス試験へ含めます。,ツール障害、矛盾する結果、プロンプトインジェクション、予算切れ、権限変更をストレス試験へ含めます。,"AND(AND(AND(AND(ATOM(fault_tolerance=true), ATOM(authorization=true)), ATOM(prompt_injection=true)), ATOM(tool_use=true)), ATOM(empirical_result=true))",AND,general_technical_claim,UNCLASSIFIED,9.9.6 (docs/9.失敗パターンに応じて高度化する/9.9.Agentic RAG.md:118),SRC-116;SRC-163;SRC-060;SRC-096;SRC-097,NOT_APPLICABLE_LOCAL_NORM,HYPOTHESIS,empirical_result=true;prompt_injection=true;tool_use=true,authorization=true;fault_tolerance=true,,APPROPRIATE_NORMATIVE,権威性=候補一次資料のみ; 直接性=locator未確認; 網羅性=未支持atom=authorization=true;fault_tolerance=true; 主張極性=HYPOTHESISとして再分類; スコープ=PASS_LOCAL_DESIGN_POLICY; モダリティ=PASS_AS_DISCLOSED_NORMATIVE_RULE; 教材妥当性=PASS_AFTER_EXPLICIT_CRITERIA_AND_EXCEPTION; 形式化妥当性=FAIL_UNSUPPORTED_ATOMS:authorization=true;fault_tolerance=true。「ツール障害、矛盾する結果、プロンプトインジェクション、予算切れ、権限変更をストレス試験へ含めます。」は外的真偽の断定ではなく、対象・処理・判断を特定した設計・運用上の選択規則として読める。ただし候補資料(SRC-116;SRC-163;SRC-060;SRC-096;SRC-097)はURL単位で、直接locatorは未確認。規範の判断基準と例外を明示すれば教材として採用できる。形式面ではFAIL_UNSUPPORTED_ATOMS:authorization=true;fault_tolerance=trueを別途解消する必要がある。,最小権限を維持し、認可前後の候補、拒否理由、漏えい試験を観測可能にすること,法令・契約・組織方針がより厳しい場合はその基準を優先し、緊急例外も期限と事後監査を必須とする,NOT_APPLICABLE,本文は維持し、節内に判断基準「最小権限を維持し、認可前後の候補、拒否理由、漏えい試験を観測可能にすること」と例外「法令・契約・組織方針がより厳しい場合はその基準を優先し、緊急例外も期限と事後監査を必須とする」を明記する。経験的な効果保証とは分離し、意味を保存して再形式化する。,,,,,INCONCLUSIVE,NOT_APPLICABLE_UNPROVED,,,codex-independent-wave4,2026-08-15,INDEPENDENT_REVIEW_COMPLETE,PARTIAL_CANDIDATE_SOURCE_ONLY,FAIL_NO_DIRECT_LOCATOR,FAIL_UNSUPPORTED_ATOMS:authorization=true;fault_tolerance=true,HYPOTHESIS,PASS_LOCAL_DESIGN_POLICY,PASS_AS_DISCLOSED_NORMATIVE_RULE,PASS_AFTER_EXPLICIT_CRITERIA_AND_EXCEPTION,FAIL_UNSUPPORTED_ATOMS:authorization=true;fault_tolerance=true
SENT-4221,52bebecfb2a435d0e7ff2efea557c5799674ded6,複数エージェントによるRAGは、構成、役割、評価条件が研究ごとに異なり、一般化できる効果が十分に確立していません。,本ガイドの基本構成では、複数エージェントによるRAGは、構成、役割、評価条件が研究ごとに異なり、一般化できる効果が十分に確立していません。,NOT(ATOM(evaluation=true)),NOT,empirical_or_research_claim,できる;ません,9.9.7 (docs/9.失敗パターンに応じて高度化する/9.9.Agentic RAG.md:125),SRC-116,UNVERIFIED_CANDIDATE_URL_ONLY,EMPIRICAL_RESULT,evaluation=true,,NOT,REWRITE_REQUIRED,権威性=候補一次資料のみ; 直接性=locator未確認; 網羅性=関係NOT自体の根拠未確認; 主張極性=EMPIRICAL_RESULTとして再分類; スコープ=PASS_AFTER_TEST_SCOPE_QUALIFICATION; モダリティ=PASS_AFTER_HYPOTHESIS_QUALIFIER; 教材妥当性=PASS_AS_EXPLICIT_TESTABLE_HYPOTHESIS; 形式化妥当性=FAIL_RELATION_NOT。「複数エージェントによるRAGは、構成、役割、評価条件が研究ごとに異なり、一般化できる効果が十分に確立していません。」は候補資料(SRC-116)に直接locatorがなく、一般的事実としてはFAIL_RELATION_NOTが残る。原文の対象と作用を維持したまま、本ガイドの構成または対象データでの検証へスコープを限定すれば教材上の検討事項を保持できる。,,,UNVERIFIED,原文をrevised_sentenceへ置換し、対象データ、比較条件、観測指標、合否閾値を同じ節に追記する。検証後に限り事実表現へ戻し、意味を保存して再形式化する。,,,,,INCONCLUSIVE,NOT_APPLICABLE_UNPROVED,,,codex-independent-wave4,2026-08-15,INDEPENDENT_REVIEW_COMPLETE,PARTIAL_CANDIDATE_SOURCE_ONLY,FAIL_NO_DIRECT_LOCATOR,FAIL_RELATION_NOT,EMPIRICAL_RESULT,PASS_AFTER_TEST_SCOPE_QUALIFICATION,PASS_AFTER_HYPOTHESIS_QUALIFIER,PASS_AS_EXPLICIT_TESTABLE_HYPOTHESIS,FAIL_RELATION_NOT
SENT-4223,52bebecfb2a435d0e7ff2efea557c5799674ded6,複数エージェント化は、個別の検証計画を用意できる場合の実験対象とします。,複数エージェント化は、個別の検証計画を用意できる場合の実験対象とします。,"IMP(ATOM(verification=true), ATOM(empirical_result=true))",IMPLIES,empirical_or_research_claim,できる,9.9.7 (docs/9.失敗パターンに応じて高度化する/9.9.Agentic RAG.md:127),SRC-116;SRC-060;SRC-097;SRC-163,NOT_APPLICABLE_LOCAL_NORM,HYPOTHESIS,empirical_result=true;verification=true,,IMPLIES,APPROPRIATE_NORMATIVE,権威性=候補一次資料のみ; 直接性=locator未確認; 網羅性=関係IMPLIES自体の根拠未確認; 主張極性=HYPOTHESISとして再分類; スコープ=PASS_LOCAL_DESIGN_POLICY; モダリティ=PASS_AS_DISCLOSED_NORMATIVE_RULE; 教材妥当性=PASS_AFTER_EXPLICIT_CRITERIA_AND_EXCEPTION; 形式化妥当性=FAIL_RELATION_IMPLIES。「複数エージェント化は、個別の検証計画を用意できる場合の実験対象とします。」は外的真偽の断定ではなく、対象・処理・判断を特定した設計・運用上の選択規則として読める。ただし候補資料(SRC-116;SRC-060;SRC-097;SRC-163)はURL単位で、直接locatorは未確認。規範の判断基準と例外を明示すれば教材として採用できる。形式面ではFAIL_RELATION_IMPLIESを別途解消する必要がある。,前件を観測可能な条件として定義し、後件の選択理由、代替経路、終了条件を記録すること,前件が成立しない場合、または単純な経路が受入基準を満たす場合は後件を強制しない,NOT_APPLICABLE,本文は維持し、節内に判断基準「前件を観測可能な条件として定義し、後件の選択理由、代替経路、終了条件を記録すること」と例外「前件が成立しない場合、または単純な経路が受入基準を満たす場合は後件を強制しない」を明記する。経験的な効果保証とは分離し、意味を保存して再形式化する。,,,,,INCONCLUSIVE,NOT_APPLICABLE_UNPROVED,,,codex-independent-wave4,2026-08-15,INDEPENDENT_REVIEW_COMPLETE,PARTIAL_CANDIDATE_SOURCE_ONLY,FAIL_NO_DIRECT_LOCATOR,FAIL_RELATION_IMPLIES,HYPOTHESIS,PASS_LOCAL_DESIGN_POLICY,PASS_AS_DISCLOSED_NORMATIVE_RULE,PASS_AFTER_EXPLICIT_CRITERIA_AND_EXCEPTION,FAIL_RELATION_IMPLIES
SENT-4224,52bebecfb2a435d0e7ff2efea557c5799674ded6,基本的なRAGで評価した後にも、会話文脈、複数source、構造化データ、長文、関係探索、図表、業務操作などに固有の失敗が残る場合があります。,基本的なRAGで評価した後にも、会話文脈、複数source、構造化データ、長文、関係探索、図表、業務操作などに固有の失敗が残る場合を想定し、その発生条件と影響を対象データで確認します。,UNFORMALIZED,UNFORMALIZED,empirical_or_research_claim,場合があります,INTRO-9 (docs/9.失敗パターンに応じて高度化する/序文.md:3),SRC-015;SRC-024;SRC-029;SRC-031;SRC-033,UNVERIFIED_CANDIDATE_URL_ONLY,EMPIRICAL_RESULT,,,,REWRITE_REQUIRED,権威性=候補一次資料のみ; 直接性=locator未確認; 網羅性=未支持atom=none-explicit; 主張極性=EMPIRICAL_RESULTとして再分類; スコープ=PASS_AFTER_TEST_SCOPE_QUALIFICATION; モダリティ=PASS_AFTER_HYPOTHESIS_QUALIFIER; 教材妥当性=PASS_AS_EXPLICIT_TESTABLE_HYPOTHESIS; 形式化妥当性=FAIL_UNFORMALIZED。「基本的なRAGで評価した後にも、会話文脈、複数source、構造化データ、長文、関係探索、図表、業務操作などに固有の失敗が残る場合があります。」は候補資料(SRC-015;SRC-024;SRC-029;SRC-031;SRC-033)に直接locatorがなく、一般的事実としてはFAIL_UNFORMALIZEDが残る。原文の対象と作用を維持したまま、本ガイドの構成または対象データでの検証へスコープを限定すれば教材上の検討事項を保持できる。,,,UNVERIFIED,原文をrevised_sentenceへ置換し、対象データ、比較条件、観測指標、合否閾値を同じ節に追記する。検証後に限り事実表現へ戻し、意味を保存して再形式化する。,,,,,INCONCLUSIVE,NOT_APPLICABLE_UNPROVED,,,codex-independent-wave4,2026-08-15,INDEPENDENT_REVIEW_COMPLETE,PARTIAL_CANDIDATE_SOURCE_ONLY,FAIL_NO_DIRECT_LOCATOR,FAIL_UNFORMALIZED,EMPIRICAL_RESULT,PASS_AFTER_TEST_SCOPE_QUALIFICATION,PASS_AFTER_HYPOTHESIS_QUALIFIER,PASS_AS_EXPLICIT_TESTABLE_HYPOTHESIS,FAIL_UNFORMALIZED
SENT-4227,52bebecfb2a435d0e7ff2efea557c5799674ded6,本章では、代表研究が一定数引用され、複数の査読付き研究で効果が確認できる方式だけを扱います。,本章では、代表研究が一定数引用され、複数の査読付き研究で効果が確認できる方式だけを扱います。,ATOM(citation=true),ATOM,empirical_or_research_claim,できる,INTRO-9 (docs/9.失敗パターンに応じて高度化する/序文.md:7),SRC-015;SRC-024;SRC-029;SRC-031;SRC-033,NOT_APPLICABLE_LOCAL_NORM,HYPOTHESIS,,citation=true,,APPROPRIATE_NORMATIVE,権威性=候補一次資料のみ; 直接性=locator未確認; 網羅性=未支持atom=citation=true; 主張極性=HYPOTHESISとして再分類; スコープ=PASS_LOCAL_DESIGN_POLICY; モダリティ=PASS_AS_DISCLOSED_NORMATIVE_RULE; 教材妥当性=PASS_AFTER_EXPLICIT_CRITERIA_AND_EXCEPTION; 形式化妥当性=FAIL_UNSUPPORTED_ATOMS:citation=true。「本章では、代表研究が一定数引用され、複数の査読付き研究で効果が確認できる方式だけを扱います。」は外的真偽の断定ではなく、対象・処理・判断を特定した設計・運用上の選択規則として読める。ただし候補資料(SRC-015;SRC-024;SRC-029;SRC-031;SRC-033)はURL単位で、直接locatorは未確認。規範の判断基準と例外を明示すれば教材として採用できる。形式面ではFAIL_UNSUPPORTED_ATOMS:citation=trueを別途解消する必要がある。,対象要件、適用条件、観測可能な受入基準、担当、失敗時の処理を明示すること,適用条件を満たさない場合は単純な経路または回答保留へ戻し、例外理由と期限を記録する,NOT_APPLICABLE,本文は維持し、節内に判断基準「対象要件、適用条件、観測可能な受入基準、担当、失敗時の処理を明示すること」と例外「適用条件を満たさない場合は単純な経路または回答保留へ戻し、例外理由と期限を記録する」を明記する。経験的な効果保証とは分離し、意味を保存して再形式化する。,,,,,INCONCLUSIVE,NOT_APPLICABLE_UNPROVED,,,codex-independent-wave4,2026-08-15,INDEPENDENT_REVIEW_COMPLETE,PARTIAL_CANDIDATE_SOURCE_ONLY,FAIL_NO_DIRECT_LOCATOR,FAIL_UNSUPPORTED_ATOMS:citation=true,HYPOTHESIS,PASS_LOCAL_DESIGN_POLICY,PASS_AS_DISCLOSED_NORMATIVE_RULE,PASS_AFTER_EXPLICIT_CRITERIA_AND_EXCEPTION,FAIL_UNSUPPORTED_ATOMS:citation=true
SENT-4229,52bebecfb2a435d0e7ff2efea557c5799674ded6,件数を再調査するときは、取得元、検索式、論文のcanonical ID、取得時刻、保存した生応答への相対パスとSHA-256を evidence/chapter-9-citation-counts/ に残します。,件数を再調査するときは、取得元、検索式、論文のcanonical ID、取得時刻、保存した生応答への相対パスとSHA-256を evidence/chapter-9-citation-counts/ に残します。,UNFORMALIZED,UNFORMALIZED,empirical_or_research_claim,UNCLASSIFIED,INTRO-9 (docs/9.失敗パターンに応じて高度化する/序文.md:8),SRC-015;SRC-024;SRC-029;SRC-031;SRC-033,NOT_APPLICABLE_LOCAL_NORM,HYPOTHESIS,,,,APPROPRIATE_NORMATIVE,権威性=候補一次資料のみ; 直接性=locator未確認; 網羅性=未支持atom=none-explicit; 主張極性=HYPOTHESISとして再分類; スコープ=PASS_LOCAL_DESIGN_POLICY; モダリティ=PASS_AS_DISCLOSED_NORMATIVE_RULE; 教材妥当性=PASS_AFTER_EXPLICIT_CRITERIA_AND_EXCEPTION; 形式化妥当性=FAIL_UNFORMALIZED。「件数を再調査するときは、取得元、検索式、論文のcanonical ID、取得時刻、保存した生応答への相対パスとSHA-256を evidence/chapter」は外的真偽の断定ではなく、対象・処理・判断を特定した設計・運用上の選択規則として読める。ただし候補資料(SRC-015;SRC-024;SRC-029;SRC-031;SRC-033)はURL単位で、直接locatorは未確認。規範の判断基準と例外を明示すれば教材として採用できる。形式面ではFAIL_UNFORMALIZEDを別途解消する必要がある。,対象データ・負荷・モデルで比較し、品質指標、p95遅延、費用の受入閾値を事前に定義すること,数値は初期候補とし、データ量、モデル、リージョン、負荷が異なる場合は再測定して変更する,NOT_APPLICABLE,本文は維持し、節内に判断基準「対象データ・負荷・モデルで比較し、品質指標、p95遅延、費用の受入閾値を事前に定義すること」と例外「数値は初期候補とし、データ量、モデル、リージョン、負荷が異なる場合は再測定して変更する」を明記する。経験的な効果保証とは分離し、意味を保存して再形式化する。,,,,,INCONCLUSIVE,NOT_APPLICABLE_UNPROVED,,,codex-independent-wave4,2026-08-15,INDEPENDENT_REVIEW_COMPLETE,PARTIAL_CANDIDATE_SOURCE_ONLY,FAIL_NO_DIRECT_LOCATOR,FAIL_UNFORMALIZED,HYPOTHESIS,PASS_LOCAL_DESIGN_POLICY,PASS_AS_DISCLOSED_NORMATIVE_RULE,PASS_AFTER_EXPLICIT_CRITERIA_AND_EXCEPTION,FAIL_UNFORMALIZED
SENT-4230,52bebecfb2a435d0e7ff2efea557c5799674ded6,掲載判断では、引用件数だけでなく、独立研究、対象タスク、比較条件、査読状況を確認します。,掲載判断では、引用件数だけでなく、独立研究、対象タスク、比較条件、査読状況を確認します。,ATOM(citation=true),ATOM,empirical_or_research_claim,UNCLASSIFIED,INTRO-9 (docs/9.失敗パターンに応じて高度化する/序文.md:8),SRC-015;SRC-024;SRC-029;SRC-031;SRC-033,NOT_APPLICABLE_LOCAL_NORM,HYPOTHESIS,,citation=true,,APPROPRIATE_NORMATIVE,権威性=候補一次資料のみ; 直接性=locator未確認; 網羅性=未支持atom=citation=true; 主張極性=HYPOTHESISとして再分類; スコープ=PASS_LOCAL_DESIGN_POLICY; モダリティ=PASS_AS_DISCLOSED_NORMATIVE_RULE; 教材妥当性=PASS_AFTER_EXPLICIT_CRITERIA_AND_EXCEPTION; 形式化妥当性=FAIL_UNSUPPORTED_ATOMS:citation=true。「掲載判断では、引用件数だけでなく、独立研究、対象タスク、比較条件、査読状況を確認します。」は外的真偽の断定ではなく、対象・処理・判断を特定した設計・運用上の選択規則として読める。ただし候補資料(SRC-015;SRC-024;SRC-029;SRC-031;SRC-033)はURL単位で、直接locatorは未確認。規範の判断基準と例外を明示すれば教材として採用できる。形式面ではFAIL_UNSUPPORTED_ATOMS:citation=trueを別途解消する必要がある。,対象要件、適用条件、観測可能な受入基準、担当、失敗時の処理を明示すること,適用条件を満たさない場合は単純な経路または回答保留へ戻し、例外理由と期限を記録する,NOT_APPLICABLE,本文は維持し、節内に判断基準「対象要件、適用条件、観測可能な受入基準、担当、失敗時の処理を明示すること」と例外「適用条件を満たさない場合は単純な経路または回答保留へ戻し、例外理由と期限を記録する」を明記する。経験的な効果保証とは分離し、意味を保存して再形式化する。,,,,,INCONCLUSIVE,NOT_APPLICABLE_UNPROVED,,,codex-independent-wave4,2026-08-15,INDEPENDENT_REVIEW_COMPLETE,PARTIAL_CANDIDATE_SOURCE_ONLY,FAIL_NO_DIRECT_LOCATOR,FAIL_UNSUPPORTED_ATOMS:citation=true,HYPOTHESIS,PASS_LOCAL_DESIGN_POLICY,PASS_AS_DISCLOSED_NORMATIVE_RULE,PASS_AFTER_EXPLICIT_CRITERIA_AND_EXCEPTION,FAIL_UNSUPPORTED_ATOMS:citation=true
SENT-4232,52bebecfb2a435d0e7ff2efea557c5799674ded6,Conversational RAGは、ConvGQRとIterCQRを根拠に、会話中の省略を解決する検索書き換えを扱います。,ConvGQRとIterCQRを根拠に、会話中の省略を解決する検索書き換えを本ガイドの評価対象に含めます。,"AND(ATOM(retrieval=true), ATOM(evidence_support=true))",AND,externally_cited_claim,UNCLASSIFIED,INTRO-9 (docs/9.失敗パターンに応じて高度化する/序文.md:12),SRC-164;SRC-165,UNVERIFIED_CANDIDATE_URL_ONLY,AUTHOR_CLAIM,retrieval=true,evidence_support=true,,REWRITE_REQUIRED,権威性=候補一次資料のみ; 直接性=locator未確認; 網羅性=未支持atom=evidence_support=true; 主張極性=AUTHOR_CLAIMとして再分類; スコープ=PASS_AFTER_CONCRETE_VERSION_OR_EXPERIMENT_SCOPE; モダリティ=PASS_AFTER_CONDITIONAL_OR_REPRODUCTION_WORDING; 教材妥当性=PASS_AFTER_CONCRETE_VERSION_OR_EXPERIMENT_QUALIFIER; 形式化妥当性=FAIL_UNSUPPORTED_ATOMS:evidence_support=true。「Conversational RAGは、ConvGQRとIterCQRを根拠に、会話中の省略を解決する検索書き換えを扱います。」の候補資料(SRC-164;SRC-165)はURL単位で、節・ページ・表・API見出しを独立に確認できていない。現文のFAIL_UNSUPPORTED_ATOMS:evidence_support=true、版・実験条件、資料内極性を断定せず、具体的な製品前提・ローカル定義・再現試験へ限定すれば教材内容を保持できる。,,,UNVERIFIED,原文をrevised_sentenceの具体文へ置換する。製品文は利用時点のregion/versionを受入条件へ追加し、研究文は同じ指標・比較条件で再現確認する。事実表現へ戻す場合は直接locatorを再監査する。,,,,,INCONCLUSIVE,NOT_APPLICABLE_UNPROVED,,,codex-independent-wave4,2026-08-15,INDEPENDENT_REVIEW_COMPLETE,PARTIAL_CANDIDATE_SOURCE_ONLY,FAIL_NO_DIRECT_LOCATOR,FAIL_UNSUPPORTED_ATOMS:evidence_support=true,AUTHOR_CLAIM,PASS_AFTER_CONCRETE_VERSION_OR_EXPERIMENT_SCOPE,PASS_AFTER_CONDITIONAL_OR_REPRODUCTION_WORDING,PASS_AFTER_CONCRETE_VERSION_OR_EXPERIMENT_QUALIFIER,FAIL_UNSUPPORTED_ATOMS:evidence_support=true
SENT-4233,52bebecfb2a435d0e7ff2efea557c5799674ded6,Federated・Routed RAGは、Adaptive-RAGとWhen and How to Augment Your Inputを根拠に、情報源別のRecallと費用を測るルーティングを扱います。,Adaptive-RAGとWhen and How to Augment Your Inputを根拠に、情報源別のRecallと費用を測るルーティングを本ガイドの評価対象に含めます。,"AND(AND(AND(ATOM(evidence_support=true), ATOM(recall_metric=true)), ATOM(cost=true)), ATOM(modular=true))",AND,externally_cited_claim,UNCLASSIFIED,INTRO-9 (docs/9.失敗パターンに応じて高度化する/序文.md:13),SRC-166;SRC-167,UNVERIFIED_CANDIDATE_URL_ONLY,AUTHOR_CLAIM,,cost=true;evidence_support=true;modular=true;recall_metric=true,,REWRITE_REQUIRED,権威性=候補一次資料のみ; 直接性=locator未確認; 網羅性=未支持atom=cost=true;evidence_support=true;modular=true;recall_metric=true; 主張極性=AUTHOR_CLAIMとして再分類; スコープ=PASS_AFTER_CONCRETE_VERSION_OR_EXPERIMENT_SCOPE; モダリティ=PASS_AFTER_CONDITIONAL_OR_REPRODUCTION_WORDING; 教材妥当性=PASS_AFTER_CONCRETE_VERSION_OR_EXPERIMENT_QUALIFIER; 形式化妥当性=FAIL_UNSUPPORTED_ATOMS:cost=true;evidence_support=true;modular=true;recall_metric=true。「Federated・Routed RAGは、Adaptive-RAGとWhen and How to Augment Your Inputを根拠に、情報源別のR」の候補資料(SRC-166;SRC-167)はURL単位で、節・ページ・表・API見出しを独立に確認できていない。現文のFAIL_UNSUPPORTED_ATOMS:cost=true;evidence_support=true;modular=true;recall_metric=true、版・実験条件、資料内極性を断定せず、具体的な製品前提・ローカル定義・再現試験へ限定すれば教材内容を保持できる。,,,UNVERIFIED,原文をrevised_sentenceの具体文へ置換する。製品文は利用時点のregion/versionを受入条件へ追加し、研究文は同じ指標・比較条件で再現確認する。事実表現へ戻す場合は直接locatorを再監査する。,,,,,INCONCLUSIVE,NOT_APPLICABLE_UNPROVED,,,codex-independent-wave4,2026-08-15,INDEPENDENT_REVIEW_COMPLETE,PARTIAL_CANDIDATE_SOURCE_ONLY,FAIL_NO_DIRECT_LOCATOR,FAIL_UNSUPPORTED_ATOMS:cost=true;evidence_support=true;modular=true;recall_metric=true,AUTHOR_CLAIM,PASS_AFTER_CONCRETE_VERSION_OR_EXPERIMENT_SCOPE,PASS_AFTER_CONDITIONAL_OR_REPRODUCTION_WORDING,PASS_AFTER_CONCRETE_VERSION_OR_EXPERIMENT_QUALIFIER,FAIL_UNSUPPORTED_ATOMS:cost=true;evidence_support=true;modular=true;recall_metric=true
SENT-4234,52bebecfb2a435d0e7ff2efea557c5799674ded6,Structured Data RAGは、SpiderとRAT-SQLを根拠に、読み取り専用、許可スキーマ、実行検証を備えた構成を扱います。,SpiderとRAT-SQLを根拠に、読み取り専用、許可スキーマ、実行検証を備えた構成を本ガイドの評価対象に含めます。,"AND(ATOM(verification=true), ATOM(evidence_support=true))",AND,externally_cited_claim,UNCLASSIFIED,INTRO-9 (docs/9.失敗パターンに応じて高度化する/序文.md:14),SRC-168;SRC-169,UNVERIFIED_CANDIDATE_URL_ONLY,AUTHOR_CLAIM,verification=true,evidence_support=true,,REWRITE_REQUIRED,権威性=候補一次資料のみ; 直接性=locator未確認; 網羅性=未支持atom=evidence_support=true; 主張極性=AUTHOR_CLAIMとして再分類; スコープ=PASS_AFTER_CONCRETE_VERSION_OR_EXPERIMENT_SCOPE; モダリティ=PASS_AFTER_CONDITIONAL_OR_REPRODUCTION_WORDING; 教材妥当性=PASS_AFTER_CONCRETE_VERSION_OR_EXPERIMENT_QUALIFIER; 形式化妥当性=FAIL_UNSUPPORTED_ATOMS:evidence_support=true。「Structured Data RAGは、SpiderとRAT-SQLを根拠に、読み取り専用、許可スキーマ、実行検証を備えた構成を扱います。」の候補資料(SRC-168;SRC-169)はURL単位で、節・ページ・表・API見出しを独立に確認できていない。現文のFAIL_UNSUPPORTED_ATOMS:evidence_support=true、版・実験条件、資料内極性を断定せず、具体的な製品前提・ローカル定義・再現試験へ限定すれば教材内容を保持できる。,,,UNVERIFIED,原文をrevised_sentenceの具体文へ置換する。製品文は利用時点のregion/versionを受入条件へ追加し、研究文は同じ指標・比較条件で再現確認する。事実表現へ戻す場合は直接locatorを再監査する。,,,,,INCONCLUSIVE,NOT_APPLICABLE_UNPROVED,,,codex-independent-wave4,2026-08-15,INDEPENDENT_REVIEW_COMPLETE,PARTIAL_CANDIDATE_SOURCE_ONLY,FAIL_NO_DIRECT_LOCATOR,FAIL_UNSUPPORTED_ATOMS:evidence_support=true,AUTHOR_CLAIM,PASS_AFTER_CONCRETE_VERSION_OR_EXPERIMENT_SCOPE,PASS_AFTER_CONDITIONAL_OR_REPRODUCTION_WORDING,PASS_AFTER_CONCRETE_VERSION_OR_EXPERIMENT_QUALIFIER,FAIL_UNSUPPORTED_ATOMS:evidence_support=true
SENT-4236,52bebecfb2a435d0e7ff2efea557c5799674ded6,id=xw5nxFWMlo)とLost in the Middleを根拠に、長文直接入力、検索、併用を比較します。,,"AND(AND(ATOM(retrieval=true), ATOM(evidence_support=true)), ATOM(long_context=true))",AND,externally_cited_claim,UNCLASSIFIED,INTRO-9 (docs/9.失敗パターンに応じて高度化する/序文.md:15),SRC-171,UNVERIFIED_CANDIDATE_URL_ONLY,AUTHOR_CLAIM,long_context=true;retrieval=true,evidence_support=true,,REMOVE_OR_REPLACE,権威性=候補一次資料のみ; 直接性=locator未確認; 網羅性=未支持atom=evidence_support=true; 主張極性=AUTHOR_CLAIMとして再分類; スコープ=FAIL_REFERENCE_SCOPE_UNIDENTIFIABLE; モダリティ=NOT_APPLICABLE_MALFORMED; 教材妥当性=FAIL_MALFORMED_REFERENCE; 形式化妥当性=FAIL_UNSUPPORTED_ATOMS:evidence_support=true。「id=xw5nxFWMlo)とLost in the Middleを根拠に、長文直接入力、検索、併用を比較します。」は壊れた識別子を含み、教材文として主体と参照先を再特定できない。候補資料(SRC-171)にも直接locatorがなく、FAIL_UNSUPPORTED_ATOMS:evidence_support=trueが残る。,,,UNVERIFIED,壊れた文を本文から削除し、参照先のcanonical titleとURLを確認できた場合だけ新しい文として追加する。,,,,,INCONCLUSIVE,NOT_APPLICABLE_UNPROVED,,,codex-independent-wave4,2026-08-15,INDEPENDENT_REVIEW_COMPLETE,PARTIAL_CANDIDATE_SOURCE_ONLY,FAIL_NO_DIRECT_LOCATOR,FAIL_UNSUPPORTED_ATOMS:evidence_support=true,AUTHOR_CLAIM,FAIL_REFERENCE_SCOPE_UNIDENTIFIABLE,NOT_APPLICABLE_MALFORMED,FAIL_MALFORMED_REFERENCE,FAIL_UNSUPPORTED_ATOMS:evidence_support=true
SENT-4237,52bebecfb2a435d0e7ff2efea557c5799674ded6,Hierarchical RAGは、RAPTORとDynamic Tree Memoryを根拠に、概要質問と要約誤りの評価を扱います。,RAPTORとDynamic Tree Memoryを根拠に、概要質問と要約誤りの評価を本ガイドの評価対象に含めます。,"AND(ATOM(evidence_support=true), ATOM(evaluation=true))",AND,externally_cited_claim,UNCLASSIFIED,INTRO-9 (docs/9.失敗パターンに応じて高度化する/序文.md:16),SRC-154;SRC-172;SRC-033,UNVERIFIED_CANDIDATE_URL_ONLY,EMPIRICAL_RESULT,evaluation=true,evidence_support=true,,REWRITE_REQUIRED,権威性=候補一次資料のみ; 直接性=locator未確認; 網羅性=未支持atom=evidence_support=true; 主張極性=EMPIRICAL_RESULTとして再分類; スコープ=PASS_AFTER_CONCRETE_VERSION_OR_EXPERIMENT_SCOPE; モダリティ=PASS_AFTER_CONDITIONAL_OR_REPRODUCTION_WORDING; 教材妥当性=PASS_AFTER_CONCRETE_VERSION_OR_EXPERIMENT_QUALIFIER; 形式化妥当性=FAIL_UNSUPPORTED_ATOMS:evidence_support=true。「Hierarchical RAGは、RAPTORとDynamic Tree Memoryを根拠に、概要質問と要約誤りの評価を扱います。」の候補資料(SRC-154;SRC-172;SRC-033)はURL単位で、節・ページ・表・API見出しを独立に確認できていない。現文のFAIL_UNSUPPORTED_ATOMS:evidence_support=true、版・実験条件、資料内極性を断定せず、具体的な製品前提・ローカル定義・再現試験へ限定すれば教材内容を保持できる。,,,UNVERIFIED,原文をrevised_sentenceの具体文へ置換する。製品文は利用時点のregion/versionを受入条件へ追加し、研究文は同じ指標・比較条件で再現確認する。事実表現へ戻す場合は直接locatorを再監査する。,,,,,INCONCLUSIVE,NOT_APPLICABLE_UNPROVED,,,codex-independent-wave4,2026-08-15,INDEPENDENT_REVIEW_COMPLETE,PARTIAL_CANDIDATE_SOURCE_ONLY,FAIL_NO_DIRECT_LOCATOR,FAIL_UNSUPPORTED_ATOMS:evidence_support=true,EMPIRICAL_RESULT,PASS_AFTER_CONCRETE_VERSION_OR_EXPERIMENT_SCOPE,PASS_AFTER_CONDITIONAL_OR_REPRODUCTION_WORDING,PASS_AFTER_CONCRETE_VERSION_OR_EXPERIMENT_QUALIFIER,FAIL_UNSUPPORTED_ATOMS:evidence_support=true
SENT-4238,52bebecfb2a435d0e7ff2efea557c5799674ded6,GraphRAGは、G-Retriever、HippoRAG、KnowGPTを根拠に、関係検索として扱います。,本ガイドでは、G-Retriever、HippoRAG、KnowGPTを根拠に、関係検索として扱います。,"AND(ATOM(retrieval=true), ATOM(evidence_support=true))",AND,externally_cited_claim,UNCLASSIFIED,INTRO-9 (docs/9.失敗パターンに応じて高度化する/序文.md:17),SRC-158;SRC-159;SRC-160,UNVERIFIED_CANDIDATE_URL_ONLY,AUTHOR_CLAIM,retrieval=true,evidence_support=true,,REWRITE_REQUIRED,権威性=候補一次資料のみ; 直接性=locator未確認; 網羅性=未支持atom=evidence_support=true; 主張極性=AUTHOR_CLAIMとして再分類; スコープ=PASS_AFTER_CONCRETE_VERSION_OR_EXPERIMENT_SCOPE; モダリティ=PASS_AFTER_CONDITIONAL_OR_REPRODUCTION_WORDING; 教材妥当性=PASS_AFTER_CONCRETE_VERSION_OR_EXPERIMENT_QUALIFIER; 形式化妥当性=FAIL_UNSUPPORTED_ATOMS:evidence_support=true。「GraphRAGは、G-Retriever、HippoRAG、KnowGPTを根拠に、関係検索として扱います。」の候補資料(SRC-158;SRC-159;SRC-160)はURL単位で、節・ページ・表・API見出しを独立に確認できていない。現文のFAIL_UNSUPPORTED_ATOMS:evidence_support=true、版・実験条件、資料内極性を断定せず、具体的な製品前提・ローカル定義・再現試験へ限定すれば教材内容を保持できる。,,,UNVERIFIED,原文をrevised_sentenceの具体文へ置換する。製品文は利用時点のregion/versionを受入条件へ追加し、研究文は同じ指標・比較条件で再現確認する。事実表現へ戻す場合は直接locatorを再監査する。,,,,,INCONCLUSIVE,NOT_APPLICABLE_UNPROVED,,,codex-independent-wave4,2026-08-15,INDEPENDENT_REVIEW_COMPLETE,PARTIAL_CANDIDATE_SOURCE_ONLY,FAIL_NO_DIRECT_LOCATOR,FAIL_UNSUPPORTED_ATOMS:evidence_support=true,AUTHOR_CLAIM,PASS_AFTER_CONCRETE_VERSION_OR_EXPERIMENT_SCOPE,PASS_AFTER_CONDITIONAL_OR_REPRODUCTION_WORDING,PASS_AFTER_CONCRETE_VERSION_OR_EXPERIMENT_QUALIFIER,FAIL_UNSUPPORTED_ATOMS:evidence_support=true
SENT-4240,52bebecfb2a435d0e7ff2efea557c5799674ded6,Multimodal RAGは、ColPaliとDocument Screenshot Embeddingを根拠に、文書画像、レイアウト、表の検索を扱います。,ColPaliとDocument Screenshot Embeddingを根拠に、文書画像、レイアウト、表の検索を本ガイドの評価対象に含めます。,"AND(AND(AND(ATOM(multimodal=true), ATOM(retrieval=true)), ATOM(evidence_support=true)), ATOM(layout=true))",AND,externally_cited_claim,UNCLASSIFIED,INTRO-9 (docs/9.失敗パターンに応じて高度化する/序文.md:18),SRC-161;SRC-173,UNVERIFIED_CANDIDATE_URL_ONLY,AUTHOR_CLAIM,layout=true;multimodal=true;retrieval=true,evidence_support=true,,REWRITE_REQUIRED,権威性=候補一次資料のみ; 直接性=locator未確認; 網羅性=未支持atom=evidence_support=true; 主張極性=AUTHOR_CLAIMとして再分類; スコープ=PASS_AFTER_CONCRETE_VERSION_OR_EXPERIMENT_SCOPE; モダリティ=PASS_AFTER_CONDITIONAL_OR_REPRODUCTION_WORDING; 教材妥当性=PASS_AFTER_CONCRETE_VERSION_OR_EXPERIMENT_QUALIFIER; 形式化妥当性=FAIL_UNSUPPORTED_ATOMS:evidence_support=true。「Multimodal RAGは、ColPaliとDocument Screenshot Embeddingを根拠に、文書画像、レイアウト、表の検索を扱います。」の候補資料(SRC-161;SRC-173)はURL単位で、節・ページ・表・API見出しを独立に確認できていない。現文のFAIL_UNSUPPORTED_ATOMS:evidence_support=true、版・実験条件、資料内極性を断定せず、具体的な製品前提・ローカル定義・再現試験へ限定すれば教材内容を保持できる。,,,UNVERIFIED,原文をrevised_sentenceの具体文へ置換する。製品文は利用時点のregion/versionを受入条件へ追加し、研究文は同じ指標・比較条件で再現確認する。事実表現へ戻す場合は直接locatorを再監査する。,,,,,INCONCLUSIVE,NOT_APPLICABLE_UNPROVED,,,codex-independent-wave4,2026-08-15,INDEPENDENT_REVIEW_COMPLETE,PARTIAL_CANDIDATE_SOURCE_ONLY,FAIL_NO_DIRECT_LOCATOR,FAIL_UNSUPPORTED_ATOMS:evidence_support=true,AUTHOR_CLAIM,PASS_AFTER_CONCRETE_VERSION_OR_EXPERIMENT_SCOPE,PASS_AFTER_CONDITIONAL_OR_REPRODUCTION_WORDING,PASS_AFTER_CONCRETE_VERSION_OR_EXPERIMENT_QUALIFIER,FAIL_UNSUPPORTED_ATOMS:evidence_support=true
SENT-4242,52bebecfb2a435d0e7ff2efea557c5799674ded6,id=WEvluYUL-X)とIRCoTを根拠に、一つのエージェントによる検索反復を扱います。,,"AND(ATOM(retrieval=true), ATOM(evidence_support=true))",AND,externally_cited_claim,UNCLASSIFIED,INTRO-9 (docs/9.失敗パターンに応じて高度化する/序文.md:19),SRC-175;SRC-060,UNVERIFIED_CANDIDATE_URL_ONLY,AUTHOR_CLAIM,retrieval=true,evidence_support=true,,REMOVE_OR_REPLACE,権威性=候補一次資料のみ; 直接性=locator未確認; 網羅性=未支持atom=evidence_support=true; 主張極性=AUTHOR_CLAIMとして再分類; スコープ=FAIL_REFERENCE_SCOPE_UNIDENTIFIABLE; モダリティ=NOT_APPLICABLE_MALFORMED; 教材妥当性=FAIL_MALFORMED_REFERENCE; 形式化妥当性=FAIL_UNSUPPORTED_ATOMS:evidence_support=true。「id=WEvluYUL-X)とIRCoTを根拠に、一つのエージェントによる検索反復を扱います。」は壊れた識別子を含み、教材文として主体と参照先を再特定できない。候補資料(SRC-175;SRC-060)にも直接locatorがなく、FAIL_UNSUPPORTED_ATOMS:evidence_support=trueが残る。,,,UNVERIFIED,壊れた文を本文から削除し、参照先のcanonical titleとURLを確認できた場合だけ新しい文として追加する。,,,,,INCONCLUSIVE,NOT_APPLICABLE_UNPROVED,,,codex-independent-wave4,2026-08-15,INDEPENDENT_REVIEW_COMPLETE,PARTIAL_CANDIDATE_SOURCE_ONLY,FAIL_NO_DIRECT_LOCATOR,FAIL_UNSUPPORTED_ATOMS:evidence_support=true,AUTHOR_CLAIM,FAIL_REFERENCE_SCOPE_UNIDENTIFIABLE,NOT_APPLICABLE_MALFORMED,FAIL_MALFORMED_REFERENCE,FAIL_UNSUPPORTED_ATOMS:evidence_support=true
SENT-4243,52bebecfb2a435d0e7ff2efea557c5799674ded6,Retrieval-aware trainingは、REALMとRETROを根拠に、検索を結合する位置と費用を比較します。,本ガイドでは、REALMとRETROを根拠に、検索を結合する位置と費用を比較します。,"AND(AND(ATOM(retrieval=true), ATOM(evidence_support=true)), ATOM(cost=true))",AND,externally_cited_claim,UNCLASSIFIED,INTRO-9 (docs/9.失敗パターンに応じて高度化する/序文.md:20),SRC-176;SRC-177,UNVERIFIED_CANDIDATE_URL_ONLY,AUTHOR_CLAIM,retrieval=true,cost=true;evidence_support=true,,REWRITE_REQUIRED,権威性=候補一次資料のみ; 直接性=locator未確認; 網羅性=未支持atom=cost=true;evidence_support=true; 主張極性=AUTHOR_CLAIMとして再分類; スコープ=PASS_AFTER_CONCRETE_VERSION_OR_EXPERIMENT_SCOPE; モダリティ=PASS_AFTER_CONDITIONAL_OR_REPRODUCTION_WORDING; 教材妥当性=PASS_AFTER_CONCRETE_VERSION_OR_EXPERIMENT_QUALIFIER; 形式化妥当性=FAIL_UNSUPPORTED_ATOMS:cost=true;evidence_support=true。「Retrieval-aware trainingは、REALMとRETROを根拠に、検索を結合する位置と費用を比較します。」の候補資料(SRC-176;SRC-177)はURL単位で、節・ページ・表・API見出しを独立に確認できていない。現文のFAIL_UNSUPPORTED_ATOMS:cost=true;evidence_support=true、版・実験条件、資料内極性を断定せず、具体的な製品前提・ローカル定義・再現試験へ限定すれば教材内容を保持できる。,,,UNVERIFIED,原文をrevised_sentenceの具体文へ置換する。製品文は利用時点のregion/versionを受入条件へ追加し、研究文は同じ指標・比較条件で再現確認する。事実表現へ戻す場合は直接locatorを再監査する。,,,,,INCONCLUSIVE,NOT_APPLICABLE_UNPROVED,,,codex-independent-wave4,2026-08-15,INDEPENDENT_REVIEW_COMPLETE,PARTIAL_CANDIDATE_SOURCE_ONLY,FAIL_NO_DIRECT_LOCATOR,FAIL_UNSUPPORTED_ATOMS:cost=true;evidence_support=true,AUTHOR_CLAIM,PASS_AFTER_CONCRETE_VERSION_OR_EXPERIMENT_SCOPE,PASS_AFTER_CONDITIONAL_OR_REPRODUCTION_WORDING,PASS_AFTER_CONCRETE_VERSION_OR_EXPERIMENT_QUALIFIER,FAIL_UNSUPPORTED_ATOMS:cost=true;evidence_support=true
SENT-4246,52bebecfb2a435d0e7ff2efea557c5799674ded6,各方式は、対象となる失敗、仕組み、研究上の根拠、評価方法、停止条件の順に確認します。,各方式は、対象となる失敗、仕組み、研究上の根拠、評価方法、停止条件の順に確認します。,"AND(ATOM(evidence_support=true), ATOM(evaluation=true))",AND,empirical_or_research_claim,UNCLASSIFIED,INTRO-9 (docs/9.失敗パターンに応じて高度化する/序文.md:24),SRC-154;SRC-158;SRC-160;SRC-161;SRC-171,NOT_APPLICABLE_LOCAL_NORM,HYPOTHESIS,evaluation=true,evidence_support=true,,APPROPRIATE_NORMATIVE,権威性=候補一次資料のみ; 直接性=locator未確認; 網羅性=未支持atom=evidence_support=true; 主張極性=HYPOTHESISとして再分類; スコープ=PASS_LOCAL_DESIGN_POLICY; モダリティ=PASS_AS_DISCLOSED_NORMATIVE_RULE; 教材妥当性=PASS_AFTER_EXPLICIT_CRITERIA_AND_EXCEPTION; 形式化妥当性=FAIL_UNSUPPORTED_ATOMS:evidence_support=true。「各方式は、対象となる失敗、仕組み、研究上の根拠、評価方法、停止条件の順に確認します。」は外的真偽の断定ではなく、対象・処理・判断を特定した設計・運用上の選択規則として読める。ただし候補資料(SRC-154;SRC-158;SRC-160;SRC-161;SRC-171)はURL単位で、直接locatorは未確認。規範の判断基準と例外を明示すれば教材として採用できる。形式面ではFAIL_UNSUPPORTED_ATOMS:evidence_support=trueを別途解消する必要がある。,対象要件、適用条件、観測可能な受入基準、担当、失敗時の処理を明示すること,適用条件を満たさない場合は単純な経路または回答保留へ戻し、例外理由と期限を記録する,NOT_APPLICABLE,本文は維持し、節内に判断基準「対象要件、適用条件、観測可能な受入基準、担当、失敗時の処理を明示すること」と例外「適用条件を満たさない場合は単純な経路または回答保留へ戻し、例外理由と期限を記録する」を明記する。経験的な効果保証とは分離し、意味を保存して再形式化する。,,,,,INCONCLUSIVE,NOT_APPLICABLE_UNPROVED,,,codex-independent-wave4,2026-08-15,INDEPENDENT_REVIEW_COMPLETE,PARTIAL_CANDIDATE_SOURCE_ONLY,FAIL_NO_DIRECT_LOCATOR,FAIL_UNSUPPORTED_ATOMS:evidence_support=true,HYPOTHESIS,PASS_LOCAL_DESIGN_POLICY,PASS_AS_DISCLOSED_NORMATIVE_RULE,PASS_AFTER_EXPLICIT_CRITERIA_AND_EXCEPTION,FAIL_UNSUPPORTED_ATOMS:evidence_support=true
SENT-4247,52bebecfb2a435d0e7ff2efea557c5799674ded6,単一の指標や一つのデータセットだけで一般化せず、基本構成との差を同じ評価データで測ります。,本ガイドの基本構成では、単一の指標や一つのデータセットだけで一般化せず、基本構成との差を同じ評価データで測ります。,NOT(ATOM(evaluation=true)),NOT,empirical_or_research_claim,UNCLASSIFIED,INTRO-9 (docs/9.失敗パターンに応じて高度化する/序文.md:24),SRC-154;SRC-158;SRC-160;SRC-161;SRC-171,UNVERIFIED_CANDIDATE_URL_ONLY,EMPIRICAL_RESULT,evaluation=true,,NOT,REWRITE_REQUIRED,権威性=候補一次資料のみ; 直接性=locator未確認; 網羅性=関係NOT自体の根拠未確認; 主張極性=EMPIRICAL_RESULTとして再分類; スコープ=PASS_AFTER_TEST_SCOPE_QUALIFICATION; モダリティ=PASS_AFTER_HYPOTHESIS_QUALIFIER; 教材妥当性=PASS_AS_EXPLICIT_TESTABLE_HYPOTHESIS; 形式化妥当性=FAIL_RELATION_NOT。「単一の指標や一つのデータセットだけで一般化せず、基本構成との差を同じ評価データで測ります。」は候補資料(SRC-154;SRC-158;SRC-160;SRC-161;SRC-171)に直接locatorがなく、一般的事実としてはFAIL_RELATION_NOTが残る。原文の対象と作用を維持したまま、本ガイドの構成または対象データでの検証へスコープを限定すれば教材上の検討事項を保持できる。,,,UNVERIFIED,原文をrevised_sentenceへ置換し、対象データ、比較条件、観測指標、合否閾値を同じ節に追記する。検証後に限り事実表現へ戻し、意味を保存して再形式化する。,,,,,INCONCLUSIVE,NOT_APPLICABLE_UNPROVED,,,codex-independent-wave4,2026-08-15,INDEPENDENT_REVIEW_COMPLETE,PARTIAL_CANDIDATE_SOURCE_ONLY,FAIL_NO_DIRECT_LOCATOR,FAIL_RELATION_NOT,EMPIRICAL_RESULT,PASS_AFTER_TEST_SCOPE_QUALIFICATION,PASS_AFTER_HYPOTHESIS_QUALIFIER,PASS_AS_EXPLICIT_TESTABLE_HYPOTHESIS,FAIL_RELATION_NOT
SENT-4252,52bebecfb2a435d0e7ff2efea557c5799674ded6,アルゴリズムの有効性を述べる場合は、原則として査読付き論文を根拠にします。,アルゴリズムの有効性を述べる場合は、原則として査読付き論文を根拠にします。,UNFORMALIZED,UNFORMALIZED,empirical_or_research_claim,UNCLASSIFIED,FILE-INTRO (docs/章構成.md:10),SRC-033;SRC-154,NOT_APPLICABLE_LOCAL_NORM,HYPOTHESIS,,,,APPROPRIATE_NORMATIVE,権威性=候補一次資料のみ; 直接性=locator未確認; 網羅性=未支持atom=none-explicit; 主張極性=HYPOTHESISとして再分類; スコープ=PASS_LOCAL_DESIGN_POLICY; モダリティ=PASS_AS_DISCLOSED_NORMATIVE_RULE; 教材妥当性=PASS_AFTER_EXPLICIT_CRITERIA_AND_EXCEPTION; 形式化妥当性=FAIL_UNFORMALIZED。「アルゴリズムの有効性を述べる場合は、原則として査読付き論文を根拠にします。」は外的真偽の断定ではなく、対象・処理・判断を特定した設計・運用上の選択規則として読める。ただし候補資料(SRC-033;SRC-154)はURL単位で、直接locatorは未確認。規範の判断基準と例外を明示すれば教材として採用できる。形式面ではFAIL_UNFORMALIZEDを別途解消する必要がある。,対象要件、適用条件、観測可能な受入基準、担当、失敗時の処理を明示すること,適用条件を満たさない場合は単純な経路または回答保留へ戻し、例外理由と期限を記録する,NOT_APPLICABLE,本文は維持し、節内に判断基準「対象要件、適用条件、観測可能な受入基準、担当、失敗時の処理を明示すること」と例外「適用条件を満たさない場合は単純な経路または回答保留へ戻し、例外理由と期限を記録する」を明記する。経験的な効果保証とは分離し、意味を保存して再形式化する。,,,,,INCONCLUSIVE,NOT_APPLICABLE_UNPROVED,,,codex-independent-wave4,2026-08-15,INDEPENDENT_REVIEW_COMPLETE,PARTIAL_CANDIDATE_SOURCE_ONLY,FAIL_NO_DIRECT_LOCATOR,FAIL_UNFORMALIZED,HYPOTHESIS,PASS_LOCAL_DESIGN_POLICY,PASS_AS_DISCLOSED_NORMATIVE_RULE,PASS_AFTER_EXPLICIT_CRITERIA_AND_EXCEPTION,FAIL_UNFORMALIZED
SENT-4253,52bebecfb2a435d0e7ff2efea557c5799674ded6,セキュリティ、運用、ガバナンスは、査読付き研究に加えて、標準、政府機関、公式製品文書を根拠にし、「必ず有効」と断定せず、推奨する統制と残余リスクを示します。,セキュリティ、運用、ガバナンスは、査読付き研究に加えて、標準、政府機関、公式製品文書を根拠にし、「必ず有効」と断定せず、推奨する統制と残余リスクを示します。,"NOT(AND(AND(ATOM(evidence_support=true), ATOM(security=true)), ATOM(risk=true)))",NOT,empirical_or_research_claim,必ず;推奨,FILE-INTRO (docs/章構成.md:11),SRC-033;SRC-154,NOT_APPLICABLE_LOCAL_NORM,HYPOTHESIS,,evidence_support=true;risk=true;security=true,NOT,APPROPRIATE_NORMATIVE,権威性=候補一次資料のみ; 直接性=locator未確認; 網羅性=関係NOT自体の根拠未確認; 主張極性=HYPOTHESISとして再分類; スコープ=PASS_LOCAL_DESIGN_POLICY; モダリティ=PASS_AS_DISCLOSED_NORMATIVE_RULE; 教材妥当性=PASS_AFTER_EXPLICIT_CRITERIA_AND_EXCEPTION; 形式化妥当性=FAIL_RELATION_NOT。「セキュリティ、運用、ガバナンスは、査読付き研究に加えて、標準、政府機関、公式製品文書を根拠にし、「必ず有効」と断定せず、推奨する統制と残余リスクを示します。」は外的真偽の断定ではなく、対象・処理・判断を特定した設計・運用上の選択規則として読める。ただし候補資料(SRC-033;SRC-154)はURL単位で、直接locatorは未確認。規範の判断基準と例外を明示すれば教材として採用できる。形式面ではFAIL_RELATION_NOTを別途解消する必要がある。,禁止対象、禁止理由、代替経路を明示し、安全性・再現性・追跡性のいずれを守る規則か検査できること,禁止理由を満たす別の統制が同等以上の証拠で確認できる場合のみ例外とし、理由と期限を記録する,NOT_APPLICABLE,本文は維持し、節内に判断基準「禁止対象、禁止理由、代替経路を明示し、安全性・再現性・追跡性のいずれを守る規則か検査できること」と例外「禁止理由を満たす別の統制が同等以上の証拠で確認できる場合のみ例外とし、理由と期限を記録する」を明記する。経験的な効果保証とは分離し、意味を保存して再形式化する。,,,,,INCONCLUSIVE,NOT_APPLICABLE_UNPROVED,,,codex-independent-wave4,2026-08-15,INDEPENDENT_REVIEW_COMPLETE,PARTIAL_CANDIDATE_SOURCE_ONLY,FAIL_NO_DIRECT_LOCATOR,FAIL_RELATION_NOT,HYPOTHESIS,PASS_LOCAL_DESIGN_POLICY,PASS_AS_DISCLOSED_NORMATIVE_RULE,PASS_AFTER_EXPLICIT_CRITERIA_AND_EXCEPTION,FAIL_RELATION_NOT
SENT-4254,52bebecfb2a435d0e7ff2efea557c5799674ded6,第9章では、代表研究が一定数引用され、複数の査読付き研究で効果が確認できる方式を扱います。,本ガイドの基本構成では、第9章では、代表研究が一定数引用され、複数の査読付き研究で効果が確認できる方式を扱います。,ATOM(citation=true),ATOM,empirical_or_research_claim,できる,FILE-INTRO (docs/章構成.md:13),SRC-033;SRC-154,UNVERIFIED_CANDIDATE_URL_ONLY,EMPIRICAL_RESULT,,citation=true,,REWRITE_REQUIRED,権威性=候補一次資料のみ; 直接性=locator未確認; 網羅性=未支持atom=citation=true; 主張極性=EMPIRICAL_RESULTとして再分類; スコープ=PASS_AFTER_TEST_SCOPE_QUALIFICATION; モダリティ=PASS_AFTER_HYPOTHESIS_QUALIFIER; 教材妥当性=PASS_AS_EXPLICIT_TESTABLE_HYPOTHESIS; 形式化妥当性=FAIL_UNSUPPORTED_ATOMS:citation=true。「第9章では、代表研究が一定数引用され、複数の査読付き研究で効果が確認できる方式を扱います。」は候補資料(SRC-033;SRC-154)に直接locatorがなく、一般的事実としてはFAIL_UNSUPPORTED_ATOMS:citation=trueが残る。原文の対象と作用を維持したまま、本ガイドの構成または対象データでの検証へスコープを限定すれば教材上の検討事項を保持できる。,,,UNVERIFIED,原文をrevised_sentenceへ置換し、対象データ、比較条件、観測指標、合否閾値を同じ節に追記する。検証後に限り事実表現へ戻し、意味を保存して再形式化する。,,,,,INCONCLUSIVE,NOT_APPLICABLE_UNPROVED,,,codex-independent-wave4,2026-08-15,INDEPENDENT_REVIEW_COMPLETE,PARTIAL_CANDIDATE_SOURCE_ONLY,FAIL_NO_DIRECT_LOCATOR,FAIL_UNSUPPORTED_ATOMS:citation=true,EMPIRICAL_RESULT,PASS_AFTER_TEST_SCOPE_QUALIFICATION,PASS_AFTER_HYPOTHESIS_QUALIFIER,PASS_AS_EXPLICIT_TESTABLE_HYPOTHESIS,FAIL_UNSUPPORTED_ATOMS:citation=true
SENT-4256,52bebecfb2a435d0e7ff2efea557c5799674ded6,引用件数のように変動する値を記録する場合は、確認日だけでなく、取得元、検索式、論文のcanonical ID、取得時刻、保存した生応答への相対パスとSHA-256を証跡へ残し、本文の採否を件数だけで決めません。,引用件数のように変動する値を記録する場合は、確認日だけでなく、取得元、検索式、論文のcanonical ID、取得時刻、保存した生応答への相対パスとSHA-256を証跡へ残し、本文の採否を件数だけで決めません。,"NOT(AND(ATOM(retrieval=true), ATOM(citation=true)))",NOT,empirical_or_research_claim,ません,FILE-INTRO (docs/章構成.md:15),SRC-033;SRC-154,NOT_APPLICABLE_LOCAL_NORM,HYPOTHESIS,retrieval=true,citation=true,NOT,APPROPRIATE_NORMATIVE,権威性=候補一次資料のみ; 直接性=locator未確認; 網羅性=関係NOT自体の根拠未確認; 主張極性=HYPOTHESISとして再分類; スコープ=PASS_LOCAL_DESIGN_POLICY; モダリティ=PASS_AS_DISCLOSED_NORMATIVE_RULE; 教材妥当性=PASS_AFTER_EXPLICIT_CRITERIA_AND_EXCEPTION; 形式化妥当性=FAIL_RELATION_NOT。「引用件数のように変動する値を記録する場合は、確認日だけでなく、取得元、検索式、論文のcanonical ID、取得時刻、保存した生応答への相対パスとSHA-25」は外的真偽の断定ではなく、対象・処理・判断を特定した設計・運用上の選択規則として読める。ただし候補資料(SRC-033;SRC-154)はURL単位で、直接locatorは未確認。規範の判断基準と例外を明示すれば教材として採用できる。形式面ではFAIL_RELATION_NOTを別途解消する必要がある。,対象データ・負荷・モデルで比較し、品質指標、p95遅延、費用の受入閾値を事前に定義すること,数値は初期候補とし、データ量、モデル、リージョン、負荷が異なる場合は再測定して変更する,NOT_APPLICABLE,本文は維持し、節内に判断基準「対象データ・負荷・モデルで比較し、品質指標、p95遅延、費用の受入閾値を事前に定義すること」と例外「数値は初期候補とし、データ量、モデル、リージョン、負荷が異なる場合は再測定して変更する」を明記する。経験的な効果保証とは分離し、意味を保存して再形式化する。,,,,,INCONCLUSIVE,NOT_APPLICABLE_UNPROVED,,,codex-independent-wave4,2026-08-15,INDEPENDENT_REVIEW_COMPLETE,PARTIAL_CANDIDATE_SOURCE_ONLY,FAIL_NO_DIRECT_LOCATOR,FAIL_RELATION_NOT,HYPOTHESIS,PASS_LOCAL_DESIGN_POLICY,PASS_AS_DISCLOSED_NORMATIVE_RULE,PASS_AFTER_EXPLICIT_CRITERIA_AND_EXCEPTION,FAIL_RELATION_NOT
SENT-4265,52bebecfb2a435d0e7ff2efea557c5799674ded6,1.7. RAGを支える研究,「RAGを支える研究」は1.7節で扱います。,UNFORMALIZED,UNFORMALIZED,empirical_or_research_claim,UNCLASSIFIED,FILE-INTRO (docs/章構成.md:28),SRC-033;SRC-154,UNVERIFIED_CANDIDATE_URL_ONLY,EMPIRICAL_RESULT,,,,REWRITE_REQUIRED,権威性=候補一次資料のみ; 直接性=locator未確認; 網羅性=未支持atom=none-explicit; 主張極性=EMPIRICAL_RESULTとして再分類; スコープ=FAIL_NOT_A_PROPOSITION; モダリティ=NOT_APPLICABLE_FRAGMENT; 教材妥当性=PASS_AS_STRUCTURE_NOT_AS_CLAIM; 形式化妥当性=FAIL_UNFORMALIZED。見出し・表セル・用語リンクの断片であり、独立した外部主張として判定できない。証拠必須文として扱う分類が教材構造と一致せず、形式化の主語・述語も欠ける。,,,NOT_APPLICABLE,原文をrevised_sentenceの完全な説明文へ置換し、sentence evidence分類をexpository_or_structural/evidence_required=noへ修正して未証明文キューから除外する。,,,,,INCONCLUSIVE,NOT_APPLICABLE_UNPROVED,,,codex-independent-wave4,2026-08-15,INDEPENDENT_REVIEW_COMPLETE,PARTIAL_CANDIDATE_SOURCE_ONLY,FAIL_NO_DIRECT_LOCATOR,FAIL_UNFORMALIZED,EMPIRICAL_RESULT,FAIL_NOT_A_PROPOSITION,NOT_APPLICABLE_FRAGMENT,PASS_AS_STRUCTURE_NOT_AS_CLAIM,FAIL_UNFORMALIZED
SENT-4302,52bebecfb2a435d0e7ff2efea557c5799674ded6,5.4. Context compression,「Context compression」は5.4節で扱います。,ATOM(context_compression=true),ATOM,general_technical_claim,UNCLASSIFIED,FILE-INTRO (docs/章構成.md:77),SRC-033;SRC-154,UNVERIFIED_CANDIDATE_URL_ONLY,BACKGROUND_CITATION,,context_compression=true,,REWRITE_REQUIRED,権威性=候補一次資料のみ; 直接性=locator未確認; 網羅性=未支持atom=context_compression=true; 主張極性=BACKGROUND_CITATIONとして再分類; スコープ=FAIL_NOT_A_PROPOSITION; モダリティ=NOT_APPLICABLE_FRAGMENT; 教材妥当性=PASS_AS_STRUCTURE_NOT_AS_CLAIM; 形式化妥当性=FAIL_UNSUPPORTED_ATOMS:context_compression=true。見出し・表セル・用語リンクの断片であり、独立した外部主張として判定できない。証拠必須文として扱う分類が教材構造と一致せず、形式化の主語・述語も欠ける。,,,NOT_APPLICABLE,原文をrevised_sentenceの完全な説明文へ置換し、sentence evidence分類をexpository_or_structural/evidence_required=noへ修正して未証明文キューから除外する。,,,,,INCONCLUSIVE,NOT_APPLICABLE_UNPROVED,,,codex-independent-wave4,2026-08-15,INDEPENDENT_REVIEW_COMPLETE,PARTIAL_CANDIDATE_SOURCE_ONLY,FAIL_NO_DIRECT_LOCATOR,FAIL_UNSUPPORTED_ATOMS:context_compression=true,BACKGROUND_CITATION,FAIL_NOT_A_PROPOSITION,NOT_APPLICABLE_FRAGMENT,PASS_AS_STRUCTURE_NOT_AS_CLAIM,FAIL_UNSUPPORTED_ATOMS:context_compression=true
SENT-4314,52bebecfb2a435d0e7ff2efea557c5799674ded6,6.4. Citation設計,「Citation設計」は6.4節で扱います。,ATOM(citation=true),ATOM,general_technical_claim,UNCLASSIFIED,FILE-INTRO (docs/章構成.md:92),SRC-033;SRC-154,UNVERIFIED_CANDIDATE_URL_ONLY,BACKGROUND_CITATION,,citation=true,,REWRITE_REQUIRED,権威性=候補一次資料のみ; 直接性=locator未確認; 網羅性=未支持atom=citation=true; 主張極性=BACKGROUND_CITATIONとして再分類; スコープ=FAIL_NOT_A_PROPOSITION; モダリティ=NOT_APPLICABLE_FRAGMENT; 教材妥当性=PASS_AS_STRUCTURE_NOT_AS_CLAIM; 形式化妥当性=FAIL_UNSUPPORTED_ATOMS:citation=true。見出し・表セル・用語リンクの断片であり、独立した外部主張として判定できない。証拠必須文として扱う分類が教材構造と一致せず、形式化の主語・述語も欠ける。,,,NOT_APPLICABLE,原文をrevised_sentenceの完全な説明文へ置換し、sentence evidence分類をexpository_or_structural/evidence_required=noへ修正して未証明文キューから除外する。,,,,,INCONCLUSIVE,NOT_APPLICABLE_UNPROVED,,,codex-independent-wave4,2026-08-15,INDEPENDENT_REVIEW_COMPLETE,PARTIAL_CANDIDATE_SOURCE_ONLY,FAIL_NO_DIRECT_LOCATOR,FAIL_UNSUPPORTED_ATOMS:citation=true,BACKGROUND_CITATION,FAIL_NOT_A_PROPOSITION,NOT_APPLICABLE_FRAGMENT,PASS_AS_STRUCTURE_NOT_AS_CLAIM,FAIL_UNSUPPORTED_ATOMS:citation=true
SENT-4372,52bebecfb2a435d0e7ff2efea557c5799674ded6,埋め込み（Embedding）：[Embedding設計](3.回答に使う資料を準備する/3.6.Embedding設計.md),「埋め込み（Embedding）」の詳細は「Embedding設計」で説明します。,ATOM(generation=true),ATOM,general_technical_claim,UNCLASSIFIED,FILE-INTRO (docs/索引.md:6),SRC-047;SRC-064;SRC-067;SRC-082,UNVERIFIED_CANDIDATE_URL_ONLY,BACKGROUND_CITATION,,generation=true,,REWRITE_REQUIRED,権威性=候補一次資料のみ; 直接性=locator未確認; 網羅性=未支持atom=generation=true; 主張極性=BACKGROUND_CITATIONとして再分類; スコープ=FAIL_NOT_A_PROPOSITION; モダリティ=NOT_APPLICABLE_FRAGMENT; 教材妥当性=PASS_AS_STRUCTURE_NOT_AS_CLAIM; 形式化妥当性=FAIL_UNSUPPORTED_ATOMS:generation=true。見出し・表セル・用語リンクの断片であり、独立した外部主張として判定できない。証拠必須文として扱う分類が教材構造と一致せず、形式化の主語・述語も欠ける。,,,NOT_APPLICABLE,原文をrevised_sentenceの完全な説明文へ置換し、sentence evidence分類をexpository_or_structural/evidence_required=noへ修正して未証明文キューから除外する。,,,,,INCONCLUSIVE,NOT_APPLICABLE_UNPROVED,,,codex-independent-wave4,2026-08-15,INDEPENDENT_REVIEW_COMPLETE,PARTIAL_CANDIDATE_SOURCE_ONLY,FAIL_NO_DIRECT_LOCATOR,FAIL_UNSUPPORTED_ATOMS:generation=true,BACKGROUND_CITATION,FAIL_NOT_A_PROPOSITION,NOT_APPLICABLE_FRAGMENT,PASS_AS_STRUCTURE_NOT_AS_CLAIM,FAIL_UNSUPPORTED_ATOMS:generation=true
SENT-4385,52bebecfb2a435d0e7ff2efea557c5799674ded6,再順位付け（Reranking）：[Reranking](5.根拠を選別・整形する/5.3.Reranking.md),「再順位付け（Reranking）」の詳細は「Reranking」で説明します。,"AND(ATOM(rerank=true), ATOM(evidence_support=true))",AND,general_technical_claim,UNCLASSIFIED,FILE-INTRO (docs/索引.md:23),SRC-082,UNVERIFIED_CANDIDATE_URL_ONLY,BACKGROUND_CITATION,rerank=true,evidence_support=true,,REWRITE_REQUIRED,権威性=候補一次資料のみ; 直接性=locator未確認; 網羅性=未支持atom=evidence_support=true; 主張極性=BACKGROUND_CITATIONとして再分類; スコープ=FAIL_NOT_A_PROPOSITION; モダリティ=NOT_APPLICABLE_FRAGMENT; 教材妥当性=PASS_AS_STRUCTURE_NOT_AS_CLAIM; 形式化妥当性=FAIL_UNSUPPORTED_ATOMS:evidence_support=true。見出し・表セル・用語リンクの断片であり、独立した外部主張として判定できない。証拠必須文として扱う分類が教材構造と一致せず、形式化の主語・述語も欠ける。,,,NOT_APPLICABLE,原文をrevised_sentenceの完全な説明文へ置換し、sentence evidence分類をexpository_or_structural/evidence_required=noへ修正して未証明文キューから除外する。,,,,,INCONCLUSIVE,NOT_APPLICABLE_UNPROVED,,,codex-independent-wave4,2026-08-15,INDEPENDENT_REVIEW_COMPLETE,PARTIAL_CANDIDATE_SOURCE_ONLY,FAIL_NO_DIRECT_LOCATOR,FAIL_UNSUPPORTED_ATOMS:evidence_support=true,BACKGROUND_CITATION,FAIL_NOT_A_PROPOSITION,NOT_APPLICABLE_FRAGMENT,PASS_AS_STRUCTURE_NOT_AS_CLAIM,FAIL_UNSUPPORTED_ATOMS:evidence_support=true
SENT-4387,52bebecfb2a435d0e7ff2efea557c5799674ded6,疎検索（Sparse retrieval）：[Sparse retrieval](4.質問に合う根拠を探す/4.3.Sparse retrieval.md),「疎検索（Sparse retrieval）」の詳細は「Sparse retrieval」で説明します。,"AND(AND(AND(ATOM(sparse=true), ATOM(retrieval=true)), ATOM(evidence_support=true)), ATOM(parsing=true))",AND,general_technical_claim,UNCLASSIFIED,FILE-INTRO (docs/索引.md:25),SRC-067;SRC-047,UNVERIFIED_CANDIDATE_URL_ONLY,BACKGROUND_CITATION,retrieval=true;sparse=true,evidence_support=true;parsing=true,,REWRITE_REQUIRED,権威性=候補一次資料のみ; 直接性=locator未確認; 網羅性=未支持atom=evidence_support=true;parsing=true; 主張極性=BACKGROUND_CITATIONとして再分類; スコープ=FAIL_NOT_A_PROPOSITION; モダリティ=NOT_APPLICABLE_FRAGMENT; 教材妥当性=PASS_AS_STRUCTURE_NOT_AS_CLAIM; 形式化妥当性=FAIL_UNSUPPORTED_ATOMS:evidence_support=true;parsing=true。見出し・表セル・用語リンクの断片であり、独立した外部主張として判定できない。証拠必須文として扱う分類が教材構造と一致せず、形式化の主語・述語も欠ける。,,,NOT_APPLICABLE,原文をrevised_sentenceの完全な説明文へ置換し、sentence evidence分類をexpository_or_structural/evidence_required=noへ修正して未証明文キューから除外する。,,,,,INCONCLUSIVE,NOT_APPLICABLE_UNPROVED,,,codex-independent-wave4,2026-08-15,INDEPENDENT_REVIEW_COMPLETE,PARTIAL_CANDIDATE_SOURCE_ONLY,FAIL_NO_DIRECT_LOCATOR,FAIL_UNSUPPORTED_ATOMS:evidence_support=true;parsing=true,BACKGROUND_CITATION,FAIL_NOT_A_PROPOSITION,NOT_APPLICABLE_FRAGMENT,PASS_AS_STRUCTURE_NOT_AS_CLAIM,FAIL_UNSUPPORTED_ATOMS:evidence_support=true;parsing=true
SENT-4389,52bebecfb2a435d0e7ff2efea557c5799674ded6,チャンク分割（Chunking）：[Chunking設計](3.回答に使う資料を準備する/3.4.Chunking設計.md),「チャンク分割（Chunking）」の詳細は「Chunking設計」で説明します。,"AND(ATOM(chunking=true), ATOM(generation=true))",AND,general_technical_claim,UNCLASSIFIED,FILE-INTRO (docs/索引.md:29),SRC-047;SRC-064;SRC-067;SRC-082,UNVERIFIED_CANDIDATE_URL_ONLY,BACKGROUND_CITATION,,chunking=true;generation=true,,REWRITE_REQUIRED,権威性=候補一次資料のみ; 直接性=locator未確認; 網羅性=未支持atom=chunking=true;generation=true; 主張極性=BACKGROUND_CITATIONとして再分類; スコープ=FAIL_NOT_A_PROPOSITION; モダリティ=NOT_APPLICABLE_FRAGMENT; 教材妥当性=PASS_AS_STRUCTURE_NOT_AS_CLAIM; 形式化妥当性=FAIL_UNSUPPORTED_ATOMS:chunking=true;generation=true。見出し・表セル・用語リンクの断片であり、独立した外部主張として判定できない。証拠必須文として扱う分類が教材構造と一致せず、形式化の主語・述語も欠ける。,,,NOT_APPLICABLE,原文をrevised_sentenceの完全な説明文へ置換し、sentence evidence分類をexpository_or_structural/evidence_required=noへ修正して未証明文キューから除外する。,,,,,INCONCLUSIVE,NOT_APPLICABLE_UNPROVED,,,codex-independent-wave4,2026-08-15,INDEPENDENT_REVIEW_COMPLETE,PARTIAL_CANDIDATE_SOURCE_ONLY,FAIL_NO_DIRECT_LOCATOR,FAIL_UNSUPPORTED_ATOMS:chunking=true;generation=true,BACKGROUND_CITATION,FAIL_NOT_A_PROPOSITION,NOT_APPLICABLE_FRAGMENT,PASS_AS_STRUCTURE_NOT_AS_CLAIM,FAIL_UNSUPPORTED_ATOMS:chunking=true;generation=true
SENT-4394,52bebecfb2a435d0e7ff2efea557c5799674ded6,ハイブリッド検索（Hybrid retrieval）：[Hybrid retrieval](4.質問に合う根拠を探す/4.5.Hybrid retrieval.md),「ハイブリッド検索（Hybrid retrieval）」の詳細は「Hybrid retrieval」で説明します。,"AND(ATOM(retrieval=true), ATOM(evidence_support=true))",AND,general_technical_claim,UNCLASSIFIED,FILE-INTRO (docs/索引.md:38),SRC-047;SRC-067,UNVERIFIED_CANDIDATE_URL_ONLY,BACKGROUND_CITATION,retrieval=true,evidence_support=true,,REWRITE_REQUIRED,権威性=候補一次資料のみ; 直接性=locator未確認; 網羅性=未支持atom=evidence_support=true; 主張極性=BACKGROUND_CITATIONとして再分類; スコープ=FAIL_NOT_A_PROPOSITION; モダリティ=NOT_APPLICABLE_FRAGMENT; 教材妥当性=PASS_AS_STRUCTURE_NOT_AS_CLAIM; 形式化妥当性=FAIL_UNSUPPORTED_ATOMS:evidence_support=true。見出し・表セル・用語リンクの断片であり、独立した外部主張として判定できない。証拠必須文として扱う分類が教材構造と一致せず、形式化の主語・述語も欠ける。,,,NOT_APPLICABLE,原文をrevised_sentenceの完全な説明文へ置換し、sentence evidence分類をexpository_or_structural/evidence_required=noへ修正して未証明文キューから除外する。,,,,,INCONCLUSIVE,NOT_APPLICABLE_UNPROVED,,,codex-independent-wave4,2026-08-15,INDEPENDENT_REVIEW_COMPLETE,PARTIAL_CANDIDATE_SOURCE_ONLY,FAIL_NO_DIRECT_LOCATOR,FAIL_UNSUPPORTED_ATOMS:evidence_support=true,BACKGROUND_CITATION,FAIL_NOT_A_PROPOSITION,NOT_APPLICABLE_FRAGMENT,PASS_AS_STRUCTURE_NOT_AS_CLAIM,FAIL_UNSUPPORTED_ATOMS:evidence_support=true
SENT-4398,52bebecfb2a435d0e7ff2efea557c5799674ded6,密検索（Dense retrieval）：[Dense retrieval](4.質問に合う根拠を探す/4.4.Dense retrieval.md),「密検索（Dense retrieval）」の詳細は「Dense retrieval」で説明します。,"AND(AND(ATOM(dense=true), ATOM(retrieval=true)), ATOM(evidence_support=true))",AND,general_technical_claim,UNCLASSIFIED,FILE-INTRO (docs/索引.md:44),SRC-047;SRC-067,UNVERIFIED_CANDIDATE_URL_ONLY,BACKGROUND_CITATION,retrieval=true,dense=true;evidence_support=true,,REWRITE_REQUIRED,権威性=候補一次資料のみ; 直接性=locator未確認; 網羅性=未支持atom=dense=true;evidence_support=true; 主張極性=BACKGROUND_CITATIONとして再分類; スコープ=FAIL_NOT_A_PROPOSITION; モダリティ=NOT_APPLICABLE_FRAGMENT; 教材妥当性=PASS_AS_STRUCTURE_NOT_AS_CLAIM; 形式化妥当性=FAIL_UNSUPPORTED_ATOMS:dense=true;evidence_support=true。見出し・表セル・用語リンクの断片であり、独立した外部主張として判定できない。証拠必須文として扱う分類が教材構造と一致せず、形式化の主語・述語も欠ける。,,,NOT_APPLICABLE,原文をrevised_sentenceの完全な説明文へ置換し、sentence evidence分類をexpository_or_structural/evidence_required=noへ修正して未証明文キューから除外する。,,,,,INCONCLUSIVE,NOT_APPLICABLE_UNPROVED,,,codex-independent-wave4,2026-08-15,INDEPENDENT_REVIEW_COMPLETE,PARTIAL_CANDIDATE_SOURCE_ONLY,FAIL_NO_DIRECT_LOCATOR,FAIL_UNSUPPORTED_ATOMS:dense=true;evidence_support=true,BACKGROUND_CITATION,FAIL_NOT_A_PROPOSITION,NOT_APPLICABLE_FRAGMENT,PASS_AS_STRUCTURE_NOT_AS_CLAIM,FAIL_UNSUPPORTED_ATOMS:dense=true;evidence_support=true
SENT-4407,52bebecfb2a435d0e7ff2efea557c5799674ded6,ANN（Approximate Nearest Neighbor、近似最近傍探索）：[Index構築とライフサイクル](3.回答に使う資料を準備する/3.7.Index構築とライフサイクル.md),「ANN（Approximate Nearest Neighbor、近似最近傍探索）」の詳細は「Index構築とライフサイクル」で説明します。,"AND(ATOM(ann=true), ATOM(generation=true))",AND,general_technical_claim,UNCLASSIFIED,FILE-INTRO (docs/索引.md:59),SRC-047,UNVERIFIED_CANDIDATE_URL_ONLY,BACKGROUND_CITATION,ann=true,generation=true,,REWRITE_REQUIRED,権威性=候補一次資料のみ; 直接性=locator未確認; 網羅性=未支持atom=generation=true; 主張極性=BACKGROUND_CITATIONとして再分類; スコープ=FAIL_NOT_A_PROPOSITION; モダリティ=NOT_APPLICABLE_FRAGMENT; 教材妥当性=PASS_AS_STRUCTURE_NOT_AS_CLAIM; 形式化妥当性=FAIL_UNSUPPORTED_ATOMS:generation=true。見出し・表セル・用語リンクの断片であり、独立した外部主張として判定できない。証拠必須文として扱う分類が教材構造と一致せず、形式化の主語・述語も欠ける。,,,NOT_APPLICABLE,原文をrevised_sentenceの完全な説明文へ置換し、sentence evidence分類をexpository_or_structural/evidence_required=noへ修正して未証明文キューから除外する。,,,,,INCONCLUSIVE,NOT_APPLICABLE_UNPROVED,,,codex-independent-wave4,2026-08-15,INDEPENDENT_REVIEW_COMPLETE,PARTIAL_CANDIDATE_SOURCE_ONLY,FAIL_NO_DIRECT_LOCATOR,FAIL_UNSUPPORTED_ATOMS:generation=true,BACKGROUND_CITATION,FAIL_NOT_A_PROPOSITION,NOT_APPLICABLE_FRAGMENT,PASS_AS_STRUCTURE_NOT_AS_CLAIM,FAIL_UNSUPPORTED_ATOMS:generation=true
SENT-4410,52bebecfb2a435d0e7ff2efea557c5799674ded6,HNSW（Hierarchical Navigable Small World）：[Index構築とライフサイクル](3.回答に使う資料を準備する/3.7.Index構築とライフサイクル.md),「HNSW（Hierarchical Navigable Small World）」の詳細は「Index構築とライフサイクル」で説明します。,ATOM(generation=true),ATOM,concrete_technology_claim,UNCLASSIFIED,FILE-INTRO (docs/索引.md:62),SRC-047,UNVERIFIED_CANDIDATE_URL_ONLY,DEFINITION_OR_SPEC,,generation=true,,REWRITE_REQUIRED,権威性=候補一次資料のみ; 直接性=locator未確認; 網羅性=未支持atom=generation=true; 主張極性=DEFINITION_OR_SPECとして再分類; スコープ=FAIL_NOT_A_PROPOSITION; モダリティ=NOT_APPLICABLE_FRAGMENT; 教材妥当性=PASS_AS_STRUCTURE_NOT_AS_CLAIM; 形式化妥当性=FAIL_UNSUPPORTED_ATOMS:generation=true。見出し・表セル・用語リンクの断片であり、独立した外部主張として判定できない。証拠必須文として扱う分類が教材構造と一致せず、形式化の主語・述語も欠ける。,,,NOT_APPLICABLE,原文をrevised_sentenceの完全な説明文へ置換し、sentence evidence分類をexpository_or_structural/evidence_required=noへ修正して未証明文キューから除外する。,,,,,INCONCLUSIVE,NOT_APPLICABLE_UNPROVED,,,codex-independent-wave4,2026-08-15,INDEPENDENT_REVIEW_COMPLETE,PARTIAL_CANDIDATE_SOURCE_ONLY,FAIL_NO_DIRECT_LOCATOR,FAIL_UNSUPPORTED_ATOMS:generation=true,DEFINITION_OR_SPEC,FAIL_NOT_A_PROPOSITION,NOT_APPLICABLE_FRAGMENT,PASS_AS_STRUCTURE_NOT_AS_CLAIM,FAIL_UNSUPPORTED_ATOMS:generation=true
SENT-4413,52bebecfb2a435d0e7ff2efea557c5799674ded6,MMR（Maximal Marginal Relevance、最大周辺関連性）：[重複排除とDiversity](5.根拠を選別・整形する/5.2.重複排除とDiversity.md),「MMR（Maximal Marginal Relevance、最大周辺関連性）」の詳細は「重複排除とDiversity」で説明します。,"AND(ATOM(dedup=true), ATOM(evidence_support=true))",AND,concrete_technology_claim,UNCLASSIFIED,FILE-INTRO (docs/索引.md:65),SRC-082,UNVERIFIED_CANDIDATE_URL_ONLY,DEFINITION_OR_SPEC,,dedup=true;evidence_support=true,,REWRITE_REQUIRED,権威性=候補一次資料のみ; 直接性=locator未確認; 網羅性=未支持atom=dedup=true;evidence_support=true; 主張極性=DEFINITION_OR_SPECとして再分類; スコープ=FAIL_NOT_A_PROPOSITION; モダリティ=NOT_APPLICABLE_FRAGMENT; 教材妥当性=PASS_AS_STRUCTURE_NOT_AS_CLAIM; 形式化妥当性=FAIL_UNSUPPORTED_ATOMS:dedup=true;evidence_support=true。見出し・表セル・用語リンクの断片であり、独立した外部主張として判定できない。証拠必須文として扱う分類が教材構造と一致せず、形式化の主語・述語も欠ける。,,,NOT_APPLICABLE,原文をrevised_sentenceの完全な説明文へ置換し、sentence evidence分類をexpository_or_structural/evidence_required=noへ修正して未証明文キューから除外する。,,,,,INCONCLUSIVE,NOT_APPLICABLE_UNPROVED,,,codex-independent-wave4,2026-08-15,INDEPENDENT_REVIEW_COMPLETE,PARTIAL_CANDIDATE_SOURCE_ONLY,FAIL_NO_DIRECT_LOCATOR,FAIL_UNSUPPORTED_ATOMS:dedup=true;evidence_support=true,DEFINITION_OR_SPEC,FAIL_NOT_A_PROPOSITION,NOT_APPLICABLE_FRAGMENT,PASS_AS_STRUCTURE_NOT_AS_CLAIM,FAIL_UNSUPPORTED_ATOMS:dedup=true;evidence_support=true
SENT-4415,52bebecfb2a435d0e7ff2efea557c5799674ded6,RRF（Reciprocal Rank Fusion、相互順位統合）：[Query変換](4.質問に合う根拠を探す/4.2.Query変換.md),「RRF（Reciprocal Rank Fusion、相互順位統合）」の詳細は「Query変換」で説明します。,ATOM(evidence_support=true),ATOM,concrete_technology_claim,UNCLASSIFIED,FILE-INTRO (docs/索引.md:67),SRC-064,UNVERIFIED_CANDIDATE_URL_ONLY,DEFINITION_OR_SPEC,,evidence_support=true,,REWRITE_REQUIRED,権威性=候補一次資料のみ; 直接性=locator未確認; 網羅性=未支持atom=evidence_support=true; 主張極性=DEFINITION_OR_SPECとして再分類; スコープ=FAIL_NOT_A_PROPOSITION; モダリティ=NOT_APPLICABLE_FRAGMENT; 教材妥当性=PASS_AS_STRUCTURE_NOT_AS_CLAIM; 形式化妥当性=FAIL_UNSUPPORTED_ATOMS:evidence_support=true。見出し・表セル・用語リンクの断片であり、独立した外部主張として判定できない。証拠必須文として扱う分類が教材構造と一致せず、形式化の主語・述語も欠ける。,,,NOT_APPLICABLE,原文をrevised_sentenceの完全な説明文へ置換し、sentence evidence分類をexpository_or_structural/evidence_required=noへ修正して未証明文キューから除外する。,,,,,INCONCLUSIVE,NOT_APPLICABLE_UNPROVED,,,codex-independent-wave4,2026-08-15,INDEPENDENT_REVIEW_COMPLETE,PARTIAL_CANDIDATE_SOURCE_ONLY,FAIL_NO_DIRECT_LOCATOR,FAIL_UNSUPPORTED_ATOMS:evidence_support=true,DEFINITION_OR_SPEC,FAIL_NOT_A_PROPOSITION,NOT_APPLICABLE_FRAGMENT,PASS_AS_STRUCTURE_NOT_AS_CLAIM,FAIL_UNSUPPORTED_ATOMS:evidence_support=true
SENT-4417,52bebecfb2a435d0e7ff2efea557c5799674ded6,SLO（Service Level Objective、サービス水準目標）：[Regression・A-B・Canary](7.品質を評価し改善する/7.8.Regression・A-B・Canary.md),「SLO（Service Level Objective、サービス水準目標）」の詳細は「Regression・A-B・Canary」で説明します。,"AND(AND(ATOM(evaluation=true), ATOM(ab_testing=true)), ATOM(empirical_result=true))",AND,empirical_or_research_claim,UNCLASSIFIED,FILE-INTRO (docs/索引.md:69),SRC-047;SRC-064,UNVERIFIED_CANDIDATE_URL_ONLY,EMPIRICAL_RESULT,empirical_result=true;evaluation=true,ab_testing=true,,REWRITE_REQUIRED,権威性=候補一次資料のみ; 直接性=locator未確認; 網羅性=未支持atom=ab_testing=true; 主張極性=EMPIRICAL_RESULTとして再分類; スコープ=FAIL_NOT_A_PROPOSITION; モダリティ=NOT_APPLICABLE_FRAGMENT; 教材妥当性=PASS_AS_STRUCTURE_NOT_AS_CLAIM; 形式化妥当性=FAIL_UNSUPPORTED_ATOMS:ab_testing=true。見出し・表セル・用語リンクの断片であり、独立した外部主張として判定できない。証拠必須文として扱う分類が教材構造と一致せず、形式化の主語・述語も欠ける。,,,NOT_APPLICABLE,原文をrevised_sentenceの完全な説明文へ置換し、sentence evidence分類をexpository_or_structural/evidence_required=noへ修正して未証明文キューから除外する。,,,,,INCONCLUSIVE,NOT_APPLICABLE_UNPROVED,,,codex-independent-wave4,2026-08-15,INDEPENDENT_REVIEW_COMPLETE,PARTIAL_CANDIDATE_SOURCE_ONLY,FAIL_NO_DIRECT_LOCATOR,FAIL_UNSUPPORTED_ATOMS:ab_testing=true,EMPIRICAL_RESULT,FAIL_NOT_A_PROPOSITION,NOT_APPLICABLE_FRAGMENT,PASS_AS_STRUCTURE_NOT_AS_CLAIM,FAIL_UNSUPPORTED_ATOMS:ab_testing=true
SENT-4418,52bebecfb2a435d0e7ff2efea557c5799674ded6,TF-IDF（Term Frequency-Inverse Document Frequency、単語頻度・逆文書頻度）：[Sparse retrieval](4.質問に合う根拠を探す/4.3.Sparse retrieval.md),「TF-IDF（Term Frequency-Inverse Document Frequency、単語頻度・逆文書頻度）」の詳細は「Sparse retrieval」で説明します。,"AND(AND(AND(AND(AND(ATOM(lexical=true), ATOM(sparse=true)), ATOM(document_statistics=true)), ATOM(retrieval=true)), ATOM(evidence_support=true)), ATOM(parsing=true))",AND,concrete_technology_claim,UNCLASSIFIED,FILE-INTRO (docs/索引.md:70),SRC-067,UNVERIFIED_CANDIDATE_URL_ONLY,DEFINITION_OR_SPEC,document_statistics=true;lexical=true;retrieval=true;sparse=true,evidence_support=true;parsing=true,,REWRITE_REQUIRED,権威性=候補一次資料のみ; 直接性=locator未確認; 網羅性=未支持atom=evidence_support=true;parsing=true; 主張極性=DEFINITION_OR_SPECとして再分類; スコープ=FAIL_NOT_A_PROPOSITION; モダリティ=NOT_APPLICABLE_FRAGMENT; 教材妥当性=PASS_AS_STRUCTURE_NOT_AS_CLAIM; 形式化妥当性=FAIL_UNSUPPORTED_ATOMS:evidence_support=true;parsing=true。見出し・表セル・用語リンクの断片であり、独立した外部主張として判定できない。証拠必須文として扱う分類が教材構造と一致せず、形式化の主語・述語も欠ける。,,,NOT_APPLICABLE,原文をrevised_sentenceの完全な説明文へ置換し、sentence evidence分類をexpository_or_structural/evidence_required=noへ修正して未証明文キューから除外する。,,,,,INCONCLUSIVE,NOT_APPLICABLE_UNPROVED,,,codex-independent-wave4,2026-08-15,INDEPENDENT_REVIEW_COMPLETE,PARTIAL_CANDIDATE_SOURCE_ONLY,FAIL_NO_DIRECT_LOCATOR,FAIL_UNSUPPORTED_ATOMS:evidence_support=true;parsing=true,DEFINITION_OR_SPEC,FAIL_NOT_A_PROPOSITION,NOT_APPLICABLE_FRAGMENT,PASS_AS_STRUCTURE_NOT_AS_CLAIM,FAIL_UNSUPPORTED_ATOMS:evidence_support=true;parsing=true
