sentence_id,field,current_value,replacement_value,reason
SENT-0014,verdict_reason,工程ごとの成果物を評価すると、古い資料、検索の取りこぼし、根拠の誤読を区別して改善できます。 検証対象として 本ガイドでは工程別の成果物を同じquestion IDへ結び／資料の古さ／検索の取りこぼし／取得済み根拠の誤読を別の失敗段階として診断します を区別し、この文が断定する evidence_support=true;temporal_freshness=true と関係 NOT_APPLICABLE について、資料候補の記録は SRC-001 https://proceedings.neurips.cc/paper/2020/hash/6b493230205f780e1bc26945df7481e5-Abstract.html — primary_page inspected 2026-08-15; 現主張への直接locatorは未確定 ですが、現主張を再特定する直接locatorは未確定です。そこで主体・対象・条件を保った 本ガイドでは工程別の成果物を同じquestion IDへ結び、資料の古さ、検索の取りこぼし、取得済み根拠の誤読を別の失敗段階として診断します。 へ変更し、未確認の一般化または因果を本文から外すためREWRITE_REQUIREDと判定します。,工程ごとの成果物を評価すると、古い資料、検索の取りこぼし、根拠の誤読を区別して改善できます。 判断対象は、本ガイドでは工程別の成果物を同じquestion IDへ結び、資料の古さ、検索の取りこぼし、取得済み根拠の誤読を別の失敗段階として診断することに限定した修正です。現文のevidence_support=true;temporal_freshness=trueと関係NOT_APPLICABLEには、候補資料は記録されていますが、現主張を再特定する直接locatorは未確定です。修正後は次の文とします。本ガイドでは工程別の成果物を同じquestion IDへ結び、資料の古さ、検索の取りこぼし、取得済み根拠の誤読を別の失敗段階として診断します。 この限定で主体・対象・条件を保ちながら未確認の一般化または因果を除くため、REWRITE_REQUIREDと判定します。,SENT-0014の規則種別、受入条件、例外境界を完成した日本語で説明し、slash連結された理由文を除去する。
SENT-0083,verdict_reason,これらの研究も、すべてのデータや業務で同じ効果を保証しているわけではありません。 この記述は 本ガイドでは／本節で取り上げた研究結果を／すべてのデータや業務で同じ効果を保証する根拠として扱いません を本ガイドの設計・評価・運用へ適用する規則で、外部研究の効果を一般化する文ではありません。履行を 各研究のデータセット、モデル、比較器、指標、期間を記録し、対象業務との差分が未評価なら効果を一般化しない。 により観測し、適用除外を 対象業務データで同じ指標と比較条件による再現試験を通過した範囲だけは、再現条件を明記して適用できる。 に限定できるため、APPROPRIATE_NORMATIVEと判定します。,これらの研究も、すべてのデータや業務で同じ効果を保証しているわけではありません。 判断対象は、本ガイドでは、本節で取り上げた研究結果を、すべてのデータや業務で同じ効果を保証する根拠として扱わないことを定めるローカル設計規則です。外部資料から一般的な効果を導くのではなく、次の検査を受入条件とします。各研究のデータセット、モデル、比較器、指標、期間を記録し、対象業務との差分が未評価なら効果を一般化しない。 適用除外は次の場合に限定します。対象業務データで同じ指標と比較条件による再現試験を通過した範囲だけは、再現条件を明記して適用できる。 受入条件と例外境界を台帳で検査できるため、APPROPRIATE_NORMATIVEと判定します。,SENT-0083の規則種別、受入条件、例外境界を完成した日本語で説明し、slash連結された理由文を除去する。
SENT-0089,normative_criteria,検証対象は次の条件です: 再現できる失敗に対して比較実験を行い／品質／応答時間／費用／安全性の総合結果で採否を決めます。本文に列挙した対象・条件・指標を個別fieldへ保存し、同一runの実装結果または評価結果と一致することを確認する。,再現できる失敗に対して比較実験を行い、品質、応答時間、費用、安全性の総合結果で採否を決めることを定める評価・採否規則について、本文に列挙した対象・条件・指標を個別fieldへ保存し、同一runの実装結果または評価結果と一致することを確認する。,SENT-0089の主体、観測方法、合格条件または例外契機を通常の日本語で明示し、payload注入型の共通shellを除去する。
SENT-0089,exceptions,例外判断で参照する条件は次のとおりです: 再現できる失敗に対して比較実験を行い／品質／応答時間／費用／安全性の総合結果で採否を決めます。当該規則の比較で品質やcostが改善しても、安全性またはauthorizationの必須条件を悪化させるcandidateは採用しない。,再現できる失敗に対して比較実験を行い、品質、応答時間、費用、安全性の総合結果で採否を決めることを定める評価・採否規則の例外として、この比較で品質やcostが改善しても、安全性またはauthorizationの必須条件を悪化させるcandidateは採用しない。,SENT-0089の主体、観測方法、合格条件または例外契機を通常の日本語で明示し、payload注入型の共通shellを除去する。
SENT-0089,verdict_reason,再現できる失敗に対して比較実験を行い、品質、応答時間、費用、安全性の総合結果で採否を決めます。 この記述は 再現できる失敗に対して比較実験を行い／品質／応答時間／費用／安全性の総合結果で採否を決めます を本ガイドの設計・評価・運用へ適用する規則で、外部研究の効果を一般化する文ではありません。履行を 検証対象は次の条件です: 再現できる失敗に対して比較実験を行い／品質／応答時間／費用／安全性の総合結果で採否を決めます。本文に列挙した対象・条件・指標を個別fieldへ保存し、同一runの実装結果または評価結果と一致することを確認する。 により観測し、適用除外を 例外判断で参照する条件は次のとおりです: 再現できる失敗に対して比較実験を行い／品質／応答時間／費用／安全性の総合結果で採否を決めます。当該規則の比較で品質やcostが改善しても、安全性またはauthorizationの必須条件を悪化させるcandidateは採用しない。 に限定できるため、APPROPRIATE_NORMATIVEと判定します。,再現できる失敗に対して比較実験を行い、品質、応答時間、費用、安全性の総合結果で採否を決めます。 判断対象は、再現できる失敗に対して比較実験を行い、品質、応答時間、費用、安全性の総合結果で採否を決めることを定める評価・採否規則です。外部資料から一般的な効果を導くのではなく、次の検査を受入条件とします。再現できる失敗に対して比較実験を行い、品質、応答時間、費用、安全性の総合結果で採否を決めることを定める評価・採否規則について、本文に列挙した対象・条件・指標を個別fieldへ保存し、同一runの実装結果または評価結果と一致することを確認する。 適用除外は次の場合に限定します。再現できる失敗に対して比較実験を行い、品質、応答時間、費用、安全性の総合結果で採否を決めることを定める評価・採否規則の例外として、この比較で品質やcostが改善しても、安全性またはauthorizationの必須条件を悪化させるcandidateは採用しない。 受入条件と例外境界を台帳で検査できるため、APPROPRIATE_NORMATIVEと判定します。,SENT-0089の規則種別、受入条件、例外境界を完成した日本語で説明し、slash連結された理由文を除去する。
SENT-0109,normative_criteria,検証対象は次の条件です: 重複排除／独自reranking／矛盾処理／Evidence Set／claim単位の検査を入れる場合は／Retrieve → Lambdaなどの検索後処理 → Converseへ分けます。当該規則に示したservice経路を対象regionで一件ずつ実行し、各stageのrequest/response、artifact ID、failure responseを同じintegration traceへ保存する。,重複排除、独自reranking、矛盾処理、Evidence Set、claim単位の検査を入れる場合は、Retrieve → Lambdaなどの検索後処理 → Converseへ分けることを定める検索・経路選択規則について、この規則に示したservice経路を対象regionで一件ずつ実行し、各stageのrequest/response、artifact ID、failure responseを同じintegration traceへ保存する。,SENT-0109の主体、観測方法、合格条件または例外契機を通常の日本語で明示し、payload注入型の共通shellを除去する。
SENT-0109,exceptions,例外判断で参照する条件は次のとおりです: 重複排除／独自reranking／矛盾処理／Evidence Set／claim単位の検査を入れる場合は／Retrieve → Lambdaなどの検索後処理 → Converseへ分けます。当該規則のservice/APIが対象region/versionで非対応または仕様変更済みの場合はその構成を有効化せず、対応機能へ切り替えて同じintegration testを再実行する。,重複排除、独自reranking、矛盾処理、Evidence Set、claim単位の検査を入れる場合は、Retrieve → Lambdaなどの検索後処理 → Converseへ分けることを定める検索・経路選択規則の例外として、対象service/APIが対象region/versionで非対応または仕様変更済みの場合はその構成を有効化せず、対応機能へ切り替えて同じintegration testを再実行する。,SENT-0109の主体、観測方法、合格条件または例外契機を通常の日本語で明示し、payload注入型の共通shellを除去する。
SENT-0109,verdict_reason,重複排除、独自reranking、矛盾処理、Evidence Set、claim単位の検査を入れる場合は、Retrieve → Lambdaなどの検索後処理 → Converseへ分けます。 この記述は 重複排除／独自reranking／矛盾処理／Evidence Set／claim単位の検査を入れる場合は／Retrieve → Lambdaなどの検索後処理 → Converseへ分けます を本ガイドの設計・評価・運用へ適用する規則で、外部研究の効果を一般化する文ではありません。履行を 検証対象は次の条件です: 重複排除／独自reranking／矛盾処理／Evidence Set／claim単位の検査を入れる場合は／Retrieve → Lambdaなどの検索後処理 → Converseへ分けます。当該規則に示したservice経路を対象regionで一件ずつ実行し、各stageのrequest/response、artifact ID、failure responseを同じintegration traceへ保存する。 により観測し、適用除外を 例外判断で参照する条件は次のとおりです: 重複排除／独自reranking／矛盾処理／Evidence Set／claim単位の検査を入れる場合は／Retrieve → Lambdaなどの検索後処理 → Converseへ分けます。当該規則のservice/APIが対象region/versionで非対応または仕様変更済みの場合はその構成を有効化せず、対応機能へ切り替えて同じintegration testを再実行する。 に限定できるため、APPROPRIATE_NORMATIVEと判定します。,重複排除、独自reranking、矛盾処理、Evidence Set、claim単位の検査を入れる場合は、Retrieve → Lambdaなどの検索後処理 → Converseへ分けます。 判断対象は、重複排除、独自reranking、矛盾処理、Evidence Set、claim単位の検査を入れる場合は、Retrieve → Lambdaなどの検索後処理 → Converseへ分けることを定める検索・経路選択規則です。外部資料から一般的な効果を導くのではなく、次の検査を受入条件とします。重複排除、独自reranking、矛盾処理、Evidence Set、claim単位の検査を入れる場合は、Retrieve → Lambdaなどの検索後処理 → Converseへ分けることを定める検索・経路選択規則について、この規則に示したservice経路を対象regionで一件ずつ実行し、各stageのrequest/response、artifact ID、failure responseを同じintegration traceへ保存する。 適用除外は次の場合に限定します。重複排除、独自reranking、矛盾処理、Evidence Set、claim単位の検査を入れる場合は、Retrieve → Lambdaなどの検索後処理 → Converseへ分けることを定める検索・経路選択規則の例外として、対象service/APIが対象region/versionで非対応または仕様変更済みの場合はその構成を有効化せず、対応機能へ切り替えて同じintegration testを再実行する。 受入条件と例外境界を台帳で検査できるため、APPROPRIATE_NORMATIVEと判定します。,SENT-0109の規則種別、受入条件、例外境界を完成した日本語で説明し、slash連結された理由文を除去する。
SENT-0113,normative_criteria,検証対象は次の条件です: 疎検索が必要な構成では／別の検索器と結果統合を組み合わせます。当該規則の統合規則をversion管理し、複数retrieverが返す既知rank listから期待するcandidate順序を再現し、生scoreの無条件加算や重複candidateが発生しないことを確認する。,疎検索が必要な構成では、別の検索器と結果統合を組み合わせることを定める検索・経路選択規則について、この規則の統合規則をversion管理し、複数retrieverが返す既知rank listから期待するcandidate順序を再現し、生scoreの無条件加算や重複candidateが発生しないことを確認する。,SENT-0113の主体、観測方法、合格条件または例外契機を通常の日本語で明示し、payload注入型の共通shellを除去する。
SENT-0113,exceptions,例外判断で参照する条件は次のとおりです: 疎検索が必要な構成では／別の検索器と結果統合を組み合わせます。当該規則と異なる統合方式はcalibration済みscoreまたは別rerankerとしてversion管理できるが、未調整の異尺度scoreを黙って直接加算しない。,疎検索が必要な構成では、別の検索器と結果統合を組み合わせることを定める検索・経路選択規則の例外として、この規則と異なる統合方式はcalibration済みscoreまたは別rerankerとしてversion管理できるが、未調整の異尺度scoreを黙って直接加算しない。,SENT-0113の主体、観測方法、合格条件または例外契機を通常の日本語で明示し、payload注入型の共通shellを除去する。
SENT-0113,verdict_reason,疎検索が必要な構成では、別の検索器と結果統合を組み合わせます。 この記述は 疎検索が必要な構成では／別の検索器と結果統合を組み合わせます を本ガイドの設計・評価・運用へ適用する規則で、外部研究の効果を一般化する文ではありません。履行を 検証対象は次の条件です: 疎検索が必要な構成では／別の検索器と結果統合を組み合わせます。当該規則の統合規則をversion管理し、複数retrieverが返す既知rank listから期待するcandidate順序を再現し、生scoreの無条件加算や重複candidateが発生しないことを確認する。 により観測し、適用除外を 例外判断で参照する条件は次のとおりです: 疎検索が必要な構成では／別の検索器と結果統合を組み合わせます。当該規則と異なる統合方式はcalibration済みscoreまたは別rerankerとしてversion管理できるが、未調整の異尺度scoreを黙って直接加算しない。 に限定できるため、APPROPRIATE_NORMATIVEと判定します。,疎検索が必要な構成では、別の検索器と結果統合を組み合わせます。 判断対象は、疎検索が必要な構成では、別の検索器と結果統合を組み合わせることを定める検索・経路選択規則です。外部資料から一般的な効果を導くのではなく、次の検査を受入条件とします。疎検索が必要な構成では、別の検索器と結果統合を組み合わせることを定める検索・経路選択規則について、この規則の統合規則をversion管理し、複数retrieverが返す既知rank listから期待するcandidate順序を再現し、生scoreの無条件加算や重複candidateが発生しないことを確認する。 適用除外は次の場合に限定します。疎検索が必要な構成では、別の検索器と結果統合を組み合わせることを定める検索・経路選択規則の例外として、この規則と異なる統合方式はcalibration済みscoreまたは別rerankerとしてversion管理できるが、未調整の異尺度scoreを黙って直接加算しない。 受入条件と例外境界を台帳で検査できるため、APPROPRIATE_NORMATIVEと判定します。,SENT-0113の規則種別、受入条件、例外境界を完成した日本語で説明し、slash連結された理由文を除去する。
SENT-0117,normative_criteria,検証対象は次の条件です: Knowledge Basesのhybrid searchは／利用時点の対象リージョンと接続方式の公式仕様で対応を確認し／必要なfilterable text fieldを構成できる場合に限って利用します。当該規則に列挙したdimension、field名、metadata型をdeployment manifestと実index schemaで照合し、不一致構成が接続testで拒否されることを確認する。,Knowledge Basesのhybrid searchは、利用時点の対象リージョンと接続方式の公式仕様で対応を確認し、必要なfilterable text fieldを構成できる場合に限って利用することを定める構成・設定規則について、この規則に列挙したdimension、field名、metadata型をdeployment manifestと実index schemaで照合し、不一致構成が接続testで拒否されることを確認する。,SENT-0117の主体、観測方法、合格条件または例外契機を通常の日本語で明示し、payload注入型の共通shellを除去する。
SENT-0117,exceptions,例外判断で参照する条件は次のとおりです: Knowledge Basesのhybrid searchは／利用時点の対象リージョンと接続方式の公式仕様で対応を確認し／必要なfilterable text fieldを構成できる場合に限って利用します。当該規則のservice/APIが対象region/versionで非対応または仕様変更済みの場合はその構成を有効化せず、対応機能へ切り替えて同じintegration testを再実行する。,Knowledge Basesのhybrid searchは、利用時点の対象リージョンと接続方式の公式仕様で対応を確認し、必要なfilterable text fieldを構成できる場合に限って利用することを定める構成・設定規則の例外として、対象service/APIが対象region/versionで非対応または仕様変更済みの場合はその構成を有効化せず、対応機能へ切り替えて同じintegration testを再実行する。,SENT-0117の主体、観測方法、合格条件または例外契機を通常の日本語で明示し、payload注入型の共通shellを除去する。
SENT-0117,verdict_reason,Knowledge Basesのhybrid searchは、filterableなtext fieldを構成し、対象リージョンと接続方式が対応している場合に利用します。 この記述は Knowledge Basesのhybrid searchは／利用時点の対象リージョンと接続方式の公式仕様で対応を確認し／必要なfilterable text fieldを構成できる場合に限って利用します を本ガイドの設計・評価・運用へ適用する規則で、外部研究の効果を一般化する文ではありません。履行を 検証対象は次の条件です: Knowledge Basesのhybrid searchは／利用時点の対象リージョンと接続方式の公式仕様で対応を確認し／必要なfilterable text fieldを構成できる場合に限って利用します。当該規則に列挙したdimension、field名、metadata型をdeployment manifestと実index schemaで照合し、不一致構成が接続testで拒否されることを確認する。 により観測し、適用除外を 例外判断で参照する条件は次のとおりです: Knowledge Basesのhybrid searchは／利用時点の対象リージョンと接続方式の公式仕様で対応を確認し／必要なfilterable text fieldを構成できる場合に限って利用します。当該規則のservice/APIが対象region/versionで非対応または仕様変更済みの場合はその構成を有効化せず、対応機能へ切り替えて同じintegration testを再実行する。 に限定できるため、APPROPRIATE_NORMATIVEと判定します。,Knowledge Basesのhybrid searchは、filterableなtext fieldを構成し、対象リージョンと接続方式が対応している場合に利用します。 判断対象は、Knowledge Basesのhybrid searchは、利用時点の対象リージョンと接続方式の公式仕様で対応を確認し、必要なfilterable text fieldを構成できる場合に限って利用することを定める構成・設定規則です。外部資料から一般的な効果を導くのではなく、次の検査を受入条件とします。Knowledge Basesのhybrid searchは、利用時点の対象リージョンと接続方式の公式仕様で対応を確認し、必要なfilterable text fieldを構成できる場合に限って利用することを定める構成・設定規則について、この規則に列挙したdimension、field名、metadata型をdeployment manifestと実index schemaで照合し、不一致構成が接続testで拒否されることを確認する。 適用除外は次の場合に限定します。Knowledge Basesのhybrid searchは、利用時点の対象リージョンと接続方式の公式仕様で対応を確認し、必要なfilterable text fieldを構成できる場合に限って利用することを定める構成・設定規則の例外として、対象service/APIが対象region/versionで非対応または仕様変更済みの場合はその構成を有効化せず、対応機能へ切り替えて同じintegration testを再実行する。 受入条件と例外境界を台帳で検査できるため、APPROPRIATE_NORMATIVEと判定します。,SENT-0117の規則種別、受入条件、例外境界を完成した日本語で説明し、slash連結された理由文を除去する。
SENT-0131,normative_criteria,検証対象は次の条件です: 固有名詞／製品コード／条文番号などで語彙一致の取りこぼしが再現した場合に／対応storeのHYBRID／複数検索器／またはManaged Knowledge Baseへ進みます。当該規則で指定した検索経路と分岐条件をtraceへ記録し、条件を満たすfixtureと満たさないfixtureで、選択retriever、candidate集合、fallback先が期待値に一致することを確認する。,固有名詞、製品コード、条文番号などで語彙一致の取りこぼしが再現した場合に、対応storeのHYBRID、複数検索器、またはManaged Knowledge Baseへ進むことを定める検索・経路選択規則について、この規則で指定した検索経路と分岐条件をtraceへ記録し、条件を満たすfixtureと満たさないfixtureで、選択retriever、candidate集合、fallback先が期待値に一致することを確認する。,SENT-0131の主体、観測方法、合格条件または例外契機を通常の日本語で明示し、payload注入型の共通shellを除去する。
SENT-0131,exceptions,例外判断で参照する条件は次のとおりです: 固有名詞／製品コード／条文番号などで語彙一致の取りこぼしが再現した場合に／対応storeのHYBRID／複数検索器／またはManaged Knowledge Baseへ進みます。当該規則より単純な経路が同じ品質・安全性・latency・costのgateを満たす場合は代替できるが、分岐、fallback、artifact provenanceを失う省略は行わない。,固有名詞、製品コード、条文番号などで語彙一致の取りこぼしが再現した場合に、対応storeのHYBRID、複数検索器、またはManaged Knowledge Baseへ進むことを定める検索・経路選択規則の例外として、この規則より単純な経路が同じ品質・安全性・latency・costのgateを満たす場合は代替できるが、分岐、fallback、artifact provenanceを失う省略は行わない。,SENT-0131の主体、観測方法、合格条件または例外契機を通常の日本語で明示し、payload注入型の共通shellを除去する。
SENT-0131,verdict_reason,固有名詞、製品コード、条文番号などで語彙一致の取りこぼしが再現した場合に、対応storeのHYBRID、複数検索器、またはManaged Knowledge Baseへ進みます。 この記述は 固有名詞／製品コード／条文番号などで語彙一致の取りこぼしが再現した場合に／対応storeのHYBRID／複数検索器／またはManaged Knowledge Baseへ進みます を本ガイドの設計・評価・運用へ適用する規則で、外部研究の効果を一般化する文ではありません。履行を 検証対象は次の条件です: 固有名詞／製品コード／条文番号などで語彙一致の取りこぼしが再現した場合に／対応storeのHYBRID／複数検索器／またはManaged Knowledge Baseへ進みます。当該規則で指定した検索経路と分岐条件をtraceへ記録し、条件を満たすfixtureと満たさないfixtureで、選択retriever、candidate集合、fallback先が期待値に一致することを確認する。 により観測し、適用除外を 例外判断で参照する条件は次のとおりです: 固有名詞／製品コード／条文番号などで語彙一致の取りこぼしが再現した場合に／対応storeのHYBRID／複数検索器／またはManaged Knowledge Baseへ進みます。当該規則より単純な経路が同じ品質・安全性・latency・costのgateを満たす場合は代替できるが、分岐、fallback、artifact provenanceを失う省略は行わない。 に限定できるため、APPROPRIATE_NORMATIVEと判定します。,固有名詞、製品コード、条文番号などで語彙一致の取りこぼしが再現した場合に、対応storeのHYBRID、複数検索器、またはManaged Knowledge Baseへ進みます。 判断対象は、固有名詞、製品コード、条文番号などで語彙一致の取りこぼしが再現した場合に、対応storeのHYBRID、複数検索器、またはManaged Knowledge Baseへ進むことを定める検索・経路選択規則です。外部資料から一般的な効果を導くのではなく、次の検査を受入条件とします。固有名詞、製品コード、条文番号などで語彙一致の取りこぼしが再現した場合に、対応storeのHYBRID、複数検索器、またはManaged Knowledge Baseへ進むことを定める検索・経路選択規則について、この規則で指定した検索経路と分岐条件をtraceへ記録し、条件を満たすfixtureと満たさないfixtureで、選択retriever、candidate集合、fallback先が期待値に一致することを確認する。 適用除外は次の場合に限定します。固有名詞、製品コード、条文番号などで語彙一致の取りこぼしが再現した場合に、対応storeのHYBRID、複数検索器、またはManaged Knowledge Baseへ進むことを定める検索・経路選択規則の例外として、この規則より単純な経路が同じ品質・安全性・latency・costのgateを満たす場合は代替できるが、分岐、fallback、artifact provenanceを失う省略は行わない。 受入条件と例外境界を台帳で検査できるため、APPROPRIATE_NORMATIVEと判定します。,SENT-0131の規則種別、受入条件、例外境界を完成した日本語で説明し、slash連結された理由文を除去する。
SENT-0137,normative_criteria,検証対象は次の条件です: 日本語を含む場合は／Cohere Embed Multilingual v3を比較対象に含めます。当該規則に挙げたmodelまたはserviceを同一の日本語gold query、document version、candidate数で実行し、Recallとlatencyを比較して採否を記録する。,日本語を含む場合は、Cohere Embed Multilingual v3を比較対象に含めることを定める評価・採否規則について、この規則に挙げたmodelまたはserviceを同一の日本語gold query、document version、candidate数で実行し、Recallとlatencyを比較して採否を記録する。,SENT-0137の主体、観測方法、合格条件または例外契機を通常の日本語で明示し、payload注入型の共通shellを除去する。
SENT-0137,exceptions,例外判断で参照する条件は次のとおりです: 日本語を含む場合は／Cohere Embed Multilingual v3を比較対象に含めます。当該規則のservice/APIが対象region/versionで非対応または仕様変更済みの場合はその構成を有効化せず、対応機能へ切り替えて同じintegration testを再実行する。,日本語を含む場合は、Cohere Embed Multilingual v3を比較対象に含めることを定める評価・採否規則の例外として、対象service/APIが対象region/versionで非対応または仕様変更済みの場合はその構成を有効化せず、対応機能へ切り替えて同じintegration testを再実行する。,SENT-0137の主体、観測方法、合格条件または例外契機を通常の日本語で明示し、payload注入型の共通shellを除去する。
SENT-0137,verdict_reason,日本語を含む場合は、Cohere Embed Multilingual v3を比較対象に含めます。 この記述は 日本語を含む場合は／Cohere Embed Multilingual v3を比較対象に含めます を本ガイドの設計・評価・運用へ適用する規則で、外部研究の効果を一般化する文ではありません。履行を 検証対象は次の条件です: 日本語を含む場合は／Cohere Embed Multilingual v3を比較対象に含めます。当該規則に挙げたmodelまたはserviceを同一の日本語gold query、document version、candidate数で実行し、Recallとlatencyを比較して採否を記録する。 により観測し、適用除外を 例外判断で参照する条件は次のとおりです: 日本語を含む場合は／Cohere Embed Multilingual v3を比較対象に含めます。当該規則のservice/APIが対象region/versionで非対応または仕様変更済みの場合はその構成を有効化せず、対応機能へ切り替えて同じintegration testを再実行する。 に限定できるため、APPROPRIATE_NORMATIVEと判定します。,日本語を含む場合は、Cohere Embed Multilingual v3を比較対象に含めます。 判断対象は、日本語を含む場合は、Cohere Embed Multilingual v3を比較対象に含めることを定める評価・採否規則です。外部資料から一般的な効果を導くのではなく、次の検査を受入条件とします。日本語を含む場合は、Cohere Embed Multilingual v3を比較対象に含めることを定める評価・採否規則について、この規則に挙げたmodelまたはserviceを同一の日本語gold query、document version、candidate数で実行し、Recallとlatencyを比較して採否を記録する。 適用除外は次の場合に限定します。日本語を含む場合は、Cohere Embed Multilingual v3を比較対象に含めることを定める評価・採否規則の例外として、対象service/APIが対象region/versionで非対応または仕様変更済みの場合はその構成を有効化せず、対応機能へ切り替えて同じintegration testを再実行する。 受入条件と例外境界を台帳で検査できるため、APPROPRIATE_NORMATIVEと判定します。,SENT-0137の規則種別、受入条件、例外境界を完成した日本語で説明し、slash連結された理由文を除去する。
SENT-0138,normative_criteria,検証対象は次の条件です: Titan Text Embeddings V2も候補にし／日本語のgold queryでRecall@kを直接比較します。当該規則に挙げたmodelまたはserviceを同一の日本語gold query、document version、candidate数で実行し、Recallとlatencyを比較して採否を記録する。,Titan Text Embeddings V2も候補にし、日本語のgold queryでRecall@kを直接比較することを定める評価・採否規則について、この規則に挙げたmodelまたはserviceを同一の日本語gold query、document version、candidate数で実行し、Recallとlatencyを比較して採否を記録する。,SENT-0138の主体、観測方法、合格条件または例外契機を通常の日本語で明示し、payload注入型の共通shellを除去する。
SENT-0138,exceptions,例外判断で参照する条件は次のとおりです: Titan Text Embeddings V2も候補にし／日本語のgold queryでRecall@kを直接比較します。当該規則のservice/APIが対象region/versionで非対応または仕様変更済みの場合はその構成を有効化せず、対応機能へ切り替えて同じintegration testを再実行する。,Titan Text Embeddings V2も候補にし、日本語のgold queryでRecall@kを直接比較することを定める評価・採否規則の例外として、対象service/APIが対象region/versionで非対応または仕様変更済みの場合はその構成を有効化せず、対応機能へ切り替えて同じintegration testを再実行する。,SENT-0138の主体、観測方法、合格条件または例外契機を通常の日本語で明示し、payload注入型の共通shellを除去する。
SENT-0138,verdict_reason,Titan Text Embeddings V2も候補にし、日本語のgold queryでRecall@kを直接比較します。 この記述は Titan Text Embeddings V2も候補にし／日本語のgold queryでRecall@kを直接比較します を本ガイドの設計・評価・運用へ適用する規則で、外部研究の効果を一般化する文ではありません。履行を 検証対象は次の条件です: Titan Text Embeddings V2も候補にし／日本語のgold queryでRecall@kを直接比較します。当該規則に挙げたmodelまたはserviceを同一の日本語gold query、document version、candidate数で実行し、Recallとlatencyを比較して採否を記録する。 により観測し、適用除外を 例外判断で参照する条件は次のとおりです: Titan Text Embeddings V2も候補にし／日本語のgold queryでRecall@kを直接比較します。当該規則のservice/APIが対象region/versionで非対応または仕様変更済みの場合はその構成を有効化せず、対応機能へ切り替えて同じintegration testを再実行する。 に限定できるため、APPROPRIATE_NORMATIVEと判定します。,Titan Text Embeddings V2も候補にし、日本語のgold queryでRecall@kを直接比較します。 判断対象は、Titan Text Embeddings V2も候補にし、日本語のgold queryでRecall@kを直接比較することを定める評価・採否規則です。外部資料から一般的な効果を導くのではなく、次の検査を受入条件とします。Titan Text Embeddings V2も候補にし、日本語のgold queryでRecall@kを直接比較することを定める評価・採否規則について、この規則に挙げたmodelまたはserviceを同一の日本語gold query、document version、candidate数で実行し、Recallとlatencyを比較して採否を記録する。 適用除外は次の場合に限定します。Titan Text Embeddings V2も候補にし、日本語のgold queryでRecall@kを直接比較することを定める評価・採否規則の例外として、対象service/APIが対象region/versionで非対応または仕様変更済みの場合はその構成を有効化せず、対応機能へ切り替えて同じintegration testを再実行する。 受入条件と例外境界を台帳で検査できるため、APPROPRIATE_NORMATIVEと判定します。,SENT-0138の規則種別、受入条件、例外境界を完成した日本語で説明し、slash連結された理由文を除去する。
SENT-0152,normative_criteria,検証対象は次の条件です: S3 Vector indexの設定に従い／正規化vectorにはcosineを初期値とし／magnitudeも意味を持つmodelではeuclideanを比較します。当該規則に挙げた選択肢を同じdataset version、query slice、gold evidence、負荷条件で比較し、対象sliceごとの品質・latency・costを一つのresult tableへ記録する。,S3 Vector indexの設定に従い、正規化vectorにはcosineを初期値とし、magnitudeも意味を持つmodelではeuclideanを比較することを定める評価・採否規則について、この規則に挙げた選択肢を同じdataset version、query slice、gold evidence、負荷条件で比較し、対象sliceごとの品質・latency・costを一つのresult tableへ記録する。,SENT-0152の主体、観測方法、合格条件または例外契機を通常の日本語で明示し、payload注入型の共通shellを除去する。
SENT-0152,exceptions,例外判断で参照する条件は次のとおりです: S3 Vector indexの設定に従い／正規化vectorにはcosineを初期値とし／magnitudeも意味を持つmodelではeuclideanを比較します。当該規則の初期値・候補は対象datasetで再調整できるが、変更値、baseline、採用理由を同じresult tableへ残し、未比較の値を既定値として固定しない。,S3 Vector indexの設定に従い、正規化vectorにはcosineを初期値とし、magnitudeも意味を持つmodelではeuclideanを比較することを定める評価・採否規則の例外として、初期値・候補は対象datasetで再調整できるが、変更値、baseline、採用理由を同じresult tableへ残し、未比較の値を既定値として固定しない。,SENT-0152の主体、観測方法、合格条件または例外契機を通常の日本語で明示し、payload注入型の共通shellを除去する。
SENT-0152,verdict_reason,S3 Vector indexの設定に従い、正規化vectorにはcosineを初期値とし、magnitudeも意味を持つmodelではeuclideanを比較します。 この記述は S3 Vector indexの設定に従い／正規化vectorにはcosineを初期値とし／magnitudeも意味を持つmodelではeuclideanを比較します を本ガイドの設計・評価・運用へ適用する規則で、外部研究の効果を一般化する文ではありません。履行を 検証対象は次の条件です: S3 Vector indexの設定に従い／正規化vectorにはcosineを初期値とし／magnitudeも意味を持つmodelではeuclideanを比較します。当該規則に挙げた選択肢を同じdataset version、query slice、gold evidence、負荷条件で比較し、対象sliceごとの品質・latency・costを一つのresult tableへ記録する。 により観測し、適用除外を 例外判断で参照する条件は次のとおりです: S3 Vector indexの設定に従い／正規化vectorにはcosineを初期値とし／magnitudeも意味を持つmodelではeuclideanを比較します。当該規則の初期値・候補は対象datasetで再調整できるが、変更値、baseline、採用理由を同じresult tableへ残し、未比較の値を既定値として固定しない。 に限定できるため、APPROPRIATE_NORMATIVEと判定します。,S3 Vector indexの設定に従い、正規化vectorにはcosineを初期値とし、magnitudeも意味を持つmodelではeuclideanを比較します。 判断対象は、S3 Vector indexの設定に従い、正規化vectorにはcosineを初期値とし、magnitudeも意味を持つmodelではeuclideanを比較することを定める評価・採否規則です。外部資料から一般的な効果を導くのではなく、次の検査を受入条件とします。S3 Vector indexの設定に従い、正規化vectorにはcosineを初期値とし、magnitudeも意味を持つmodelではeuclideanを比較することを定める評価・採否規則について、この規則に挙げた選択肢を同じdataset version、query slice、gold evidence、負荷条件で比較し、対象sliceごとの品質・latency・costを一つのresult tableへ記録する。 適用除外は次の場合に限定します。S3 Vector indexの設定に従い、正規化vectorにはcosineを初期値とし、magnitudeも意味を持つmodelではeuclideanを比較することを定める評価・採否規則の例外として、初期値・候補は対象datasetで再調整できるが、変更値、baseline、採用理由を同じresult tableへ残し、未比較の値を既定値として固定しない。 受入条件と例外境界を台帳で検査できるため、APPROPRIATE_NORMATIVEと判定します。,SENT-0152の規則種別、受入条件、例外境界を完成した日本語で説明し、slash連結された理由文を除去する。
SENT-0155,normative_criteria,検証対象は次の条件です: Knowledge Basesへ既存indexを接続するときは／embeddingのdimensionとindexのdimensionが一致することを確認します。当該規則に列挙したdimension、field名、metadata型をdeployment manifestと実index schemaで照合し、不一致構成が接続testで拒否されることを確認する。,Knowledge Basesへ既存indexを接続するときは、embeddingのdimensionとindexのdimensionが一致することを確認することを定める構成・設定規則について、この規則に列挙したdimension、field名、metadata型をdeployment manifestと実index schemaで照合し、不一致構成が接続testで拒否されることを確認する。,SENT-0155の主体、観測方法、合格条件または例外契機を通常の日本語で明示し、payload注入型の共通shellを除去する。
SENT-0155,exceptions,例外判断で参照する条件は次のとおりです: Knowledge Basesへ既存indexを接続するときは／embeddingのdimensionとindexのdimensionが一致することを確認します。当該規則のservice/APIが対象region/versionで非対応または仕様変更済みの場合はその構成を有効化せず、対応機能へ切り替えて同じintegration testを再実行する。,Knowledge Basesへ既存indexを接続するときは、embeddingのdimensionとindexのdimensionが一致することを確認することを定める構成・設定規則の例外として、対象service/APIが対象region/versionで非対応または仕様変更済みの場合はその構成を有効化せず、対応機能へ切り替えて同じintegration testを再実行する。,SENT-0155の主体、観測方法、合格条件または例外契機を通常の日本語で明示し、payload注入型の共通shellを除去する。
SENT-0155,verdict_reason,Knowledge Basesへ既存indexを接続するときは、embeddingのdimensionとindexのdimensionが一致することを確認します。 この記述は Knowledge Basesへ既存indexを接続するときは／embeddingのdimensionとindexのdimensionが一致することを確認します を本ガイドの設計・評価・運用へ適用する規則で、外部研究の効果を一般化する文ではありません。履行を 検証対象は次の条件です: Knowledge Basesへ既存indexを接続するときは／embeddingのdimensionとindexのdimensionが一致することを確認します。当該規則に列挙したdimension、field名、metadata型をdeployment manifestと実index schemaで照合し、不一致構成が接続testで拒否されることを確認する。 により観測し、適用除外を 例外判断で参照する条件は次のとおりです: Knowledge Basesへ既存indexを接続するときは／embeddingのdimensionとindexのdimensionが一致することを確認します。当該規則のservice/APIが対象region/versionで非対応または仕様変更済みの場合はその構成を有効化せず、対応機能へ切り替えて同じintegration testを再実行する。 に限定できるため、APPROPRIATE_NORMATIVEと判定します。,Knowledge Basesへ既存indexを接続するときは、embeddingのdimensionとindexのdimensionが一致することを確認します。 判断対象は、Knowledge Basesへ既存indexを接続するときは、embeddingのdimensionとindexのdimensionが一致することを確認することを定める構成・設定規則です。外部資料から一般的な効果を導くのではなく、次の検査を受入条件とします。Knowledge Basesへ既存indexを接続するときは、embeddingのdimensionとindexのdimensionが一致することを確認することを定める構成・設定規則について、この規則に列挙したdimension、field名、metadata型をdeployment manifestと実index schemaで照合し、不一致構成が接続testで拒否されることを確認する。 適用除外は次の場合に限定します。Knowledge Basesへ既存indexを接続するときは、embeddingのdimensionとindexのdimensionが一致することを確認することを定める構成・設定規則の例外として、対象service/APIが対象region/versionで非対応または仕様変更済みの場合はその構成を有効化せず、対応機能へ切り替えて同じintegration testを再実行する。 受入条件と例外境界を台帳で検査できるため、APPROPRIATE_NORMATIVEと判定します。,SENT-0155の規則種別、受入条件、例外境界を完成した日本語で説明し、slash連結された理由文を除去する。
SENT-0156,normative_criteria,検証対象は次の条件です: OpenSearch Serverlessを接続する場合は／vector field／filterableなtext field／filter対象のmetadata field／Bedrockが管理するmetadata fieldの名前も接続設定と同じmanifestへ記録します。当該規則に列挙したdimension、field名、metadata型をdeployment manifestと実index schemaで照合し、不一致構成が接続testで拒否されることを確認する。,OpenSearch Serverlessを接続する場合は、vector field、filterableなtext field、filter対象のmetadata field、Bedrockが管理するmetadata fieldの名前も接続設定と同じmanifestへ記録することを定める追跡性・証跡管理規則について、この規則に列挙したdimension、field名、metadata型をdeployment manifestと実index schemaで照合し、不一致構成が接続testで拒否されることを確認する。,SENT-0156の主体、観測方法、合格条件または例外契機を通常の日本語で明示し、payload注入型の共通shellを除去する。
SENT-0156,exceptions,例外判断で参照する条件は次のとおりです: OpenSearch Serverlessを接続する場合は／vector field／filterableなtext field／filter対象のmetadata field／Bedrockが管理するmetadata fieldの名前も接続設定と同じmanifestへ記録します。当該規則のservice/APIが対象region/versionで非対応または仕様変更済みの場合はその構成を有効化せず、対応機能へ切り替えて同じintegration testを再実行する。,OpenSearch Serverlessを接続する場合は、vector field、filterableなtext field、filter対象のmetadata field、Bedrockが管理するmetadata fieldの名前も接続設定と同じmanifestへ記録することを定める追跡性・証跡管理規則の例外として、対象service/APIが対象region/versionで非対応または仕様変更済みの場合はその構成を有効化せず、対応機能へ切り替えて同じintegration testを再実行する。,SENT-0156の主体、観測方法、合格条件または例外契機を通常の日本語で明示し、payload注入型の共通shellを除去する。
SENT-0156,verdict_reason,OpenSearch Serverlessを接続する場合は、vector field、filterableなtext field、filter対象のmetadata field、Bedrockが管理するmetadata fieldの名前も接続設定と同じmanifestへ記録します。 この記述は OpenSearch Serverlessを接続する場合は／vector field／filterableなtext field／filter対象のmetadata field／Bedrockが管理するmetadata fieldの名前も接続設定と同じmanifestへ記録します を本ガイドの設計・評価・運用へ適用する規則で、外部研究の効果を一般化する文ではありません。履行を 検証対象は次の条件です: OpenSearch Serverlessを接続する場合は／vector field／filterableなtext field／filter対象のmetadata field／Bedrockが管理するmetadata fieldの名前も接続設定と同じmanifestへ記録します。当該規則に列挙したdimension、field名、metadata型をdeployment manifestと実index schemaで照合し、不一致構成が接続testで拒否されることを確認する。 により観測し、適用除外を 例外判断で参照する条件は次のとおりです: OpenSearch Serverlessを接続する場合は／vector field／filterableなtext field／filter対象のmetadata field／Bedrockが管理するmetadata fieldの名前も接続設定と同じmanifestへ記録します。当該規則のservice/APIが対象region/versionで非対応または仕様変更済みの場合はその構成を有効化せず、対応機能へ切り替えて同じintegration testを再実行する。 に限定できるため、APPROPRIATE_NORMATIVEと判定します。,OpenSearch Serverlessを接続する場合は、vector field、filterableなtext field、filter対象のmetadata field、Bedrockが管理するmetadata fieldの名前も接続設定と同じmanifestへ記録します。 判断対象は、OpenSearch Serverlessを接続する場合は、vector field、filterableなtext field、filter対象のmetadata field、Bedrockが管理するmetadata fieldの名前も接続設定と同じmanifestへ記録することを定める追跡性・証跡管理規則です。外部資料から一般的な効果を導くのではなく、次の検査を受入条件とします。OpenSearch Serverlessを接続する場合は、vector field、filterableなtext field、filter対象のmetadata field、Bedrockが管理するmetadata fieldの名前も接続設定と同じmanifestへ記録することを定める追跡性・証跡管理規則について、この規則に列挙したdimension、field名、metadata型をdeployment manifestと実index schemaで照合し、不一致構成が接続testで拒否されることを確認する。 適用除外は次の場合に限定します。OpenSearch Serverlessを接続する場合は、vector field、filterableなtext field、filter対象のmetadata field、Bedrockが管理するmetadata fieldの名前も接続設定と同じmanifestへ記録することを定める追跡性・証跡管理規則の例外として、対象service/APIが対象region/versionで非対応または仕様変更済みの場合はその構成を有効化せず、対応機能へ切り替えて同じintegration testを再実行する。 受入条件と例外境界を台帳で検査できるため、APPROPRIATE_NORMATIVEと判定します。,SENT-0156の規則種別、受入条件、例外境界を完成した日本語で説明し、slash連結された理由文を除去する。
SENT-0158,normative_criteria,検証対象は次の条件です: 標準経路は／S3 → Knowledge Bases data source sync → parser → chunking → embedding → vector storeです。当該規則に示したservice経路を対象regionで一件ずつ実行し、各stageのrequest/response、artifact ID、failure responseを同じintegration traceへ保存する。,標準経路は、S3 → Knowledge Bases data source sync → parser → chunking → embedding → vector storeであることを定める検索・経路選択規則について、この規則に示したservice経路を対象regionで一件ずつ実行し、各stageのrequest/response、artifact ID、failure responseを同じintegration traceへ保存する。,SENT-0158の主体、観測方法、合格条件または例外契機を通常の日本語で明示し、payload注入型の共通shellを除去する。
SENT-0158,exceptions,例外判断で参照する条件は次のとおりです: 標準経路は／S3 → Knowledge Bases data source sync → parser → chunking → embedding → vector storeです。当該規則のservice/APIが対象region/versionで非対応または仕様変更済みの場合はその構成を有効化せず、対応機能へ切り替えて同じintegration testを再実行する。,標準経路は、S3 → Knowledge Bases data source sync → parser → chunking → embedding → vector storeであることを定める検索・経路選択規則の例外として、対象service/APIが対象region/versionで非対応または仕様変更済みの場合はその構成を有効化せず、対応機能へ切り替えて同じintegration testを再実行する。,SENT-0158の主体、観測方法、合格条件または例外契機を通常の日本語で明示し、payload注入型の共通shellを除去する。
SENT-0158,verdict_reason,標準経路は、S3 → Knowledge Bases data source sync → parser → chunking → embedding → vector storeです。 この記述は 標準経路は／S3 → Knowledge Bases data source sync → parser → chunking → embedding → vector storeです を本ガイドの設計・評価・運用へ適用する規則で、外部研究の効果を一般化する文ではありません。履行を 検証対象は次の条件です: 標準経路は／S3 → Knowledge Bases data source sync → parser → chunking → embedding → vector storeです。当該規則に示したservice経路を対象regionで一件ずつ実行し、各stageのrequest/response、artifact ID、failure responseを同じintegration traceへ保存する。 により観測し、適用除外を 例外判断で参照する条件は次のとおりです: 標準経路は／S3 → Knowledge Bases data source sync → parser → chunking → embedding → vector storeです。当該規則のservice/APIが対象region/versionで非対応または仕様変更済みの場合はその構成を有効化せず、対応機能へ切り替えて同じintegration testを再実行する。 に限定できるため、APPROPRIATE_NORMATIVEと判定します。,標準経路は、S3 → Knowledge Bases data source sync → parser → chunking → embedding → vector storeです。 判断対象は、標準経路は、S3 → Knowledge Bases data source sync → parser → chunking → embedding → vector storeであることを定める検索・経路選択規則です。外部資料から一般的な効果を導くのではなく、次の検査を受入条件とします。標準経路は、S3 → Knowledge Bases data source sync → parser → chunking → embedding → vector storeであることを定める検索・経路選択規則について、この規則に示したservice経路を対象regionで一件ずつ実行し、各stageのrequest/response、artifact ID、failure responseを同じintegration traceへ保存する。 適用除外は次の場合に限定します。標準経路は、S3 → Knowledge Bases data source sync → parser → chunking → embedding → vector storeであることを定める検索・経路選択規則の例外として、対象service/APIが対象region/versionで非対応または仕様変更済みの場合はその構成を有効化せず、対応機能へ切り替えて同じintegration testを再実行する。 受入条件と例外境界を台帳で検査できるため、APPROPRIATE_NORMATIVEと判定します。,SENT-0158の規則種別、受入条件、例外境界を完成した日本語で説明し、slash連結された理由文を除去する。
SENT-0160,normative_criteria,検証対象は次の条件です: 表／図／複雑なlayoutを検索対象にする場合は／高度な文書解析のBedrock Data Automationまたはfoundation model parserを比較します。当該規則に挙げたmodelまたはserviceを同一の日本語gold query、document version、candidate数で実行し、Recallとlatencyを比較して採否を記録する。,表、図、複雑なlayoutを検索対象にする場合は、高度な文書解析のBedrock Data Automationまたはfoundation model parserを比較することを定める評価・採否規則について、この規則に挙げたmodelまたはserviceを同一の日本語gold query、document version、candidate数で実行し、Recallとlatencyを比較して採否を記録する。,SENT-0160の主体、観測方法、合格条件または例外契機を通常の日本語で明示し、payload注入型の共通shellを除去する。
SENT-0160,exceptions,例外判断で参照する条件は次のとおりです: 表／図／複雑なlayoutを検索対象にする場合は／高度な文書解析のBedrock Data Automationまたはfoundation model parserを比較します。当該規則のservice/APIが対象region/versionで非対応または仕様変更済みの場合はその構成を有効化せず、対応機能へ切り替えて同じintegration testを再実行する。,表、図、複雑なlayoutを検索対象にする場合は、高度な文書解析のBedrock Data Automationまたはfoundation model parserを比較することを定める評価・採否規則の例外として、対象service/APIが対象region/versionで非対応または仕様変更済みの場合はその構成を有効化せず、対応機能へ切り替えて同じintegration testを再実行する。,SENT-0160の主体、観測方法、合格条件または例外契機を通常の日本語で明示し、payload注入型の共通shellを除去する。
SENT-0160,verdict_reason,表、図、複雑なlayoutを検索対象にする場合は、高度な文書解析のBedrock Data Automationまたはfoundation model parserを比較します。 この記述は 表／図／複雑なlayoutを検索対象にする場合は／高度な文書解析のBedrock Data Automationまたはfoundation model parserを比較します を本ガイドの設計・評価・運用へ適用する規則で、外部研究の効果を一般化する文ではありません。履行を 検証対象は次の条件です: 表／図／複雑なlayoutを検索対象にする場合は／高度な文書解析のBedrock Data Automationまたはfoundation model parserを比較します。当該規則に挙げたmodelまたはserviceを同一の日本語gold query、document version、candidate数で実行し、Recallとlatencyを比較して採否を記録する。 により観測し、適用除外を 例外判断で参照する条件は次のとおりです: 表／図／複雑なlayoutを検索対象にする場合は／高度な文書解析のBedrock Data Automationまたはfoundation model parserを比較します。当該規則のservice/APIが対象region/versionで非対応または仕様変更済みの場合はその構成を有効化せず、対応機能へ切り替えて同じintegration testを再実行する。 に限定できるため、APPROPRIATE_NORMATIVEと判定します。,表、図、複雑なlayoutを検索対象にする場合は、高度な文書解析のBedrock Data Automationまたはfoundation model parserを比較します。 判断対象は、表、図、複雑なlayoutを検索対象にする場合は、高度な文書解析のBedrock Data Automationまたはfoundation model parserを比較することを定める評価・採否規則です。外部資料から一般的な効果を導くのではなく、次の検査を受入条件とします。表、図、複雑なlayoutを検索対象にする場合は、高度な文書解析のBedrock Data Automationまたはfoundation model parserを比較することを定める評価・採否規則について、この規則に挙げたmodelまたはserviceを同一の日本語gold query、document version、candidate数で実行し、Recallとlatencyを比較して採否を記録する。 適用除外は次の場合に限定します。表、図、複雑なlayoutを検索対象にする場合は、高度な文書解析のBedrock Data Automationまたはfoundation model parserを比較することを定める評価・採否規則の例外として、対象service/APIが対象region/versionで非対応または仕様変更済みの場合はその構成を有効化せず、対応機能へ切り替えて同じintegration testを再実行する。 受入条件と例外境界を台帳で検査できるため、APPROPRIATE_NORMATIVEと判定します。,SENT-0160の規則種別、受入条件、例外境界を完成した日本語で説明し、slash連結された理由文を除去する。
SENT-0163,verdict_reason,標準処理で出典位置や業務上の検索単位を保てない場合は、custom transformation Lambdaでchunkとmetadataを返します。 この記述は 標準処理で出典位置や業務上の検索単位を保てない場合は／custom transformation Lambdaでchunkとmetadataを返します を本ガイドの設計・評価・運用へ適用する規則で、外部研究の効果を一般化する文ではありません。履行を 標準処理で出典位置または業務上の検索単位を保持できない文書形式だけを対象にし、custom transformation Lambdaの出力chunkがsource URI、page/section locator、業務単位IDをすべて持つことをfixtureで確認する。 により観測し、適用除外を 標準処理が同じlocatorと検索単位を欠損なく返せる文書形式にはcustom transformation Lambdaを適用しない。 に限定できるため、APPROPRIATE_NORMATIVEと判定します。,標準処理で出典位置や業務上の検索単位を保てない場合は、custom transformation Lambdaでchunkとmetadataを返します。 判断対象は、標準処理で出典位置や業務上の検索単位を保てない場合は、custom transformation Lambdaでchunkとmetadataを返すことを定める追跡性・証跡管理規則です。外部資料から一般的な効果を導くのではなく、次の検査を受入条件とします。標準処理で出典位置または業務上の検索単位を保持できない文書形式だけを対象にし、custom transformation Lambdaの出力chunkがsource URI、page/section locator、業務単位IDをすべて持つことをfixtureで確認する。 適用除外は次の場合に限定します。標準処理が同じlocatorと検索単位を欠損なく返せる文書形式にはcustom transformation Lambdaを適用しない。 受入条件と例外境界を台帳で検査できるため、APPROPRIATE_NORMATIVEと判定します。,SENT-0163の規則種別、受入条件、例外境界を完成した日本語で説明し、slash連結された理由文を除去する。
SENT-0166,normative_criteria,検証対象は次の条件です: overlapは0%と10%程度を比較し／境界をまたぐ正解根拠のRecallと重複率で選びます。本文に列挙した対象・条件・指標を個別fieldへ保存し、同一runの実装結果または評価結果と一致することを確認する。,overlapは0%と10%程度を比較し、境界をまたぐ正解根拠のRecallと重複率で選ぶことを定める評価・採否規則について、本文に列挙した対象・条件・指標を個別fieldへ保存し、同一runの実装結果または評価結果と一致することを確認する。,SENT-0166の主体、観測方法、合格条件または例外契機を通常の日本語で明示し、payload注入型の共通shellを除去する。
SENT-0166,exceptions,例外判断で参照する条件は次のとおりです: overlapは0%と10%程度を比較し／境界をまたぐ正解根拠のRecallと重複率で選びます。当該規則を評価するgold evidenceがないslice、標本不足のslice、負荷条件が異なるrunは合否集計から分離し、他sliceの平均結果を外挿しない。,overlapは0%と10%程度を比較し、境界をまたぐ正解根拠のRecallと重複率で選ぶことを定める評価・採否規則の例外として、判定に必要なgold evidenceがないslice、標本不足のslice、負荷条件が異なるrunは合否集計から分離し、他sliceの平均結果を外挿しない。,SENT-0166の主体、観測方法、合格条件または例外契機を通常の日本語で明示し、payload注入型の共通shellを除去する。
SENT-0166,verdict_reason,overlapは0%と10%程度を比較し、境界をまたぐ正解根拠のRecallと重複率で選びます。 この記述は overlapは0%と10%程度を比較し／境界をまたぐ正解根拠のRecallと重複率で選びます を本ガイドの設計・評価・運用へ適用する規則で、外部研究の効果を一般化する文ではありません。履行を 検証対象は次の条件です: overlapは0%と10%程度を比較し／境界をまたぐ正解根拠のRecallと重複率で選びます。本文に列挙した対象・条件・指標を個別fieldへ保存し、同一runの実装結果または評価結果と一致することを確認する。 により観測し、適用除外を 例外判断で参照する条件は次のとおりです: overlapは0%と10%程度を比較し／境界をまたぐ正解根拠のRecallと重複率で選びます。当該規則を評価するgold evidenceがないslice、標本不足のslice、負荷条件が異なるrunは合否集計から分離し、他sliceの平均結果を外挿しない。 に限定できるため、APPROPRIATE_NORMATIVEと判定します。,overlapは0%と10%程度を比較し、境界をまたぐ正解根拠のRecallと重複率で選びます。 判断対象は、overlapは0%と10%程度を比較し、境界をまたぐ正解根拠のRecallと重複率で選ぶことを定める評価・採否規則です。外部資料から一般的な効果を導くのではなく、次の検査を受入条件とします。overlapは0%と10%程度を比較し、境界をまたぐ正解根拠のRecallと重複率で選ぶことを定める評価・採否規則について、本文に列挙した対象・条件・指標を個別fieldへ保存し、同一runの実装結果または評価結果と一致することを確認する。 適用除外は次の場合に限定します。overlapは0%と10%程度を比較し、境界をまたぐ正解根拠のRecallと重複率で選ぶことを定める評価・採否規則の例外として、判定に必要なgold evidenceがないslice、標本不足のslice、負荷条件が異なるrunは合否集計から分離し、他sliceの平均結果を外挿しない。 受入条件と例外境界を台帳で検査できるため、APPROPRIATE_NORMATIVEと判定します。,SENT-0166の規則種別、受入条件、例外境界を完成した日本語で説明し、slash連結された理由文を除去する。
SENT-0171,normative_criteria,検証対象は次の条件です: 親子関係はmetadataを増やすため／S3 Vectorsでは1 KBのcustom metadata上限を超えないことを先に確認します。当該規則に列挙したdimension、field名、metadata型をdeployment manifestと実index schemaで照合し、不一致構成が接続testで拒否されることを確認する。,親子関係はmetadataを増やすため、S3 Vectorsでは1 KBのcustom metadata上限を超えないことを先に確認することを定める運用規則について、この規則に列挙したdimension、field名、metadata型をdeployment manifestと実index schemaで照合し、不一致構成が接続testで拒否されることを確認する。,SENT-0171の主体、観測方法、合格条件または例外契機を通常の日本語で明示し、payload注入型の共通shellを除去する。
SENT-0171,exceptions,例外判断で参照する条件は次のとおりです: 親子関係はmetadataを増やすため／S3 Vectorsでは1 KBのcustom metadata上限を超えないことを先に確認します。当該規則のservice/APIが対象region/versionで非対応または仕様変更済みの場合はその構成を有効化せず、対応機能へ切り替えて同じintegration testを再実行する。,親子関係はmetadataを増やすため、S3 Vectorsでは1 KBのcustom metadata上限を超えないことを先に確認することを定める運用規則の例外として、対象service/APIが対象region/versionで非対応または仕様変更済みの場合はその構成を有効化せず、対応機能へ切り替えて同じintegration testを再実行する。,SENT-0171の主体、観測方法、合格条件または例外契機を通常の日本語で明示し、payload注入型の共通shellを除去する。
SENT-0171,verdict_reason,親子関係はmetadataを増やすため、S3 Vectorsでは1 KBのcustom metadata上限を超えないことを先に確認します。 この記述は 親子関係はmetadataを増やすため／S3 Vectorsでは1 KBのcustom metadata上限を超えないことを先に確認します を本ガイドの設計・評価・運用へ適用する規則で、外部研究の効果を一般化する文ではありません。履行を 検証対象は次の条件です: 親子関係はmetadataを増やすため／S3 Vectorsでは1 KBのcustom metadata上限を超えないことを先に確認します。当該規則に列挙したdimension、field名、metadata型をdeployment manifestと実index schemaで照合し、不一致構成が接続testで拒否されることを確認する。 により観測し、適用除外を 例外判断で参照する条件は次のとおりです: 親子関係はmetadataを増やすため／S3 Vectorsでは1 KBのcustom metadata上限を超えないことを先に確認します。当該規則のservice/APIが対象region/versionで非対応または仕様変更済みの場合はその構成を有効化せず、対応機能へ切り替えて同じintegration testを再実行する。 に限定できるため、APPROPRIATE_NORMATIVEと判定します。,親子関係はmetadataを増やすため、S3 Vectorsでは1 KBのcustom metadata上限を超えないことを先に確認します。 判断対象は、親子関係はmetadataを増やすため、S3 Vectorsでは1 KBのcustom metadata上限を超えないことを先に確認することを定める運用規則です。外部資料から一般的な効果を導くのではなく、次の検査を受入条件とします。親子関係はmetadataを増やすため、S3 Vectorsでは1 KBのcustom metadata上限を超えないことを先に確認することを定める運用規則について、この規則に列挙したdimension、field名、metadata型をdeployment manifestと実index schemaで照合し、不一致構成が接続testで拒否されることを確認する。 適用除外は次の場合に限定します。親子関係はmetadataを増やすため、S3 Vectorsでは1 KBのcustom metadata上限を超えないことを先に確認することを定める運用規則の例外として、対象service/APIが対象region/versionで非対応または仕様変更済みの場合はその構成を有効化せず、対応機能へ切り替えて同じintegration testを再実行する。 受入条件と例外境界を台帳で検査できるため、APPROPRIATE_NORMATIVEと判定します。,SENT-0171の規則種別、受入条件、例外境界を完成した日本語で説明し、slash連結された理由文を除去する。
SENT-0177,verdict_reason,対象document数、生成chunk数、parse失敗、metadata欠損、削除反映、固定queryのRecallを記録し、[Publish前ゲート](../3.回答に使う資料を準備する/3.8.Publish前ゲート.md)と[Pre-retrieval・Batch評価](../7.品質を評価し改善する/7.3.Pre-retrieval・Batch評価.md)の基準を満たしたindexだけを検索先にします。 この記述は 対象document数／生成chunk数／parse失敗／metadata欠損／削除反映／固定queryのRecallを記録し／Publish前ゲートとPre-retrieval・Batch評価の基準を満たしたindexだけを検索先にします を本ガイドの設計・評価・運用へ適用する規則で、外部研究の効果を一般化する文ではありません。履行を 検証対象は次の条件です: 対象document数／生成chunk数／parse失敗／metadata欠損／削除反映／固定queryのRecallを記録し／Publish前ゲートとPre-retrieval・Batch評価の基準を満たしたindexだけを検索先にします。当該規則で列挙した記録項目を同じrun IDへ保存し、各項目が欠損せず、変更前後の差分をquestionまたはdocument単位で逆引きできることを確認する。 により観測し、適用除外を 例外判断で参照する条件は次のとおりです: 対象document数／生成chunk数／parse失敗／metadata欠損／削除反映／固定queryのRecallを記録し／Publish前ゲートとPre-retrieval・Batch評価の基準を満たしたindexだけを検索先にします。当該規則を評価するgold evidenceがないslice、標本不足のslice、負荷条件が異なるrunは合否集計から分離し、他sliceの平均結果を外挿しない。 に限定できるため、APPROPRIATE_NORMATIVEと判定します。,対象document数、生成chunk数、parse失敗、metadata欠損、削除反映、固定queryのRecallを記録し、[Publish前ゲート](../3.回答に使う資料を準備する/3.8.Publish前ゲート.md)と[Pre-retrieval・Batch評価](../7.品質を評価し改善する/7.3.Pre-retrieval・Batch評価.md)の基準を満たしたindexだけを検索先にします。 判断対象は、対象document数、生成chunk数、parse失敗、metadata欠損、削除反映、固定queryのRecallを記録し、[Publish前ゲート](../3.回答に使う資料を準備する/3.8.Publish前ゲート.md)と[Pre-retrieval・Batch評価](../7.品質を評価し改善する/7.3.Pre-retrieval・Batch評価.md)の基準を満たしたindexだけを検索先にすることを定める評価・採否規則です。外部資料から一般的な効果を導くのではなく、次の検査を受入条件とします。当該規則で列挙した記録項目を同じrun IDへ保存し、各項目が欠損せず、変更前後の差分をquestionまたはdocument単位で逆引きできることを確認する。 適用除外は次の場合に限定します。当該規則を評価するgold evidenceがないslice、標本不足のslice、負荷条件が異なるrunは合否集計から分離し、他sliceの平均結果を外挿しない。 受入条件と例外境界を台帳で検査できるため、APPROPRIATE_NORMATIVEと判定します。,SENT-0177の規則種別、受入条件、例外境界を完成した日本語で説明し、slash連結された理由文を除去する。
SENT-0186,verdict_reason,一方、KnowledgeBaseVectorSearchConfiguration APIにはOpenSearch Serverlessだけを挙げる記述が残る場合があります。 検証対象として 一方／KnowledgeBaseVectorSearchConfiguration APIにはOpenSearch Serverlessだけを挙げる記述が残る差異を想定し／実装時は採用するAPIの公式仕様と実行結果を一致させます を区別し、この文が断定する UNFORMALIZED_NATURAL_LANGUAGE_CLAIM と関係 UNFORMALIZED について、資料候補の記録は SRC-187 https://docs.aws.amazon.com/bedrock/latest/APIReference/API_KnowledgeBaseVectorSearchConfiguration.html — official_spec_page inspected 2026-08-15; 現主張への直接locatorは未確定 ですが、現主張を再特定する直接locatorは未確定です。そこで主体・対象・条件を保った 一方、KnowledgeBaseVectorSearchConfiguration APIにはOpenSearch Serverlessだけを挙げる記述が残る差異を想定し、実装時は採用するAPIの公式仕様と実行結果を一致させます。 へ変更し、未確認の一般化または因果を本文から外すためREWRITE_REQUIREDと判定します。,一方、KnowledgeBaseVectorSearchConfiguration APIにはOpenSearch Serverlessだけを挙げる記述が残る場合があります。 判断対象は、一方、KnowledgeBaseVectorSearchConfiguration APIにはOpenSearch Serverlessだけを挙げる記述が残る差異を想定し、実装時は採用するAPIの公式仕様と実行結果を一致させることに限定した修正です。現文のUNFORMALIZED_NATURAL_LANGUAGE_CLAIMと関係UNFORMALIZEDには、候補資料は記録されていますが、現主張を再特定する直接locatorは未確定です。修正後は次の文とします。一方、KnowledgeBaseVectorSearchConfiguration APIにはOpenSearch Serverlessだけを挙げる記述が残る差異を想定し、実装時は採用するAPIの公式仕様と実行結果を一致させます。 この限定で主体・対象・条件を保ちながら未確認の一般化または因果を除くため、REWRITE_REQUIREDと判定します。,SENT-0186の規則種別、受入条件、例外境界を完成した日本語で説明し、slash連結された理由文を除去する。
SENT-0189,verdict_reason,S3 Vectorsなど疎検索を提供しないstoreではSEMANTICを使います。 この記述は S3 Vectorsなど疎検索を提供しないstoreではSEMANTICを使います を本ガイドの設計・評価・運用へ適用する規則で、外部研究の効果を一般化する文ではありません。履行を S3 Vectorsなど疎検索を提供しないstoreではSEMANTICを使います。 S3 Vectors接続でsparse capabilityが無いfixtureにSEMANTICを設定し、検索requestが成功することとHYBRIDを送らないことをintegration traceで確認します。 により観測し、適用除外を S3 Vectorsなど疎検索を提供しないstoreではSEMANTICを使います。 対象storeが後のversionでsparseまたはhybrid retrievalへ対応した場合は、regionとAPI versionを固定した別構成として比較し、SEMANTIC構成を黙って置換しません。 に限定できるため、APPROPRIATE_NORMATIVEと判定します。,S3 Vectorsなど疎検索を提供しないstoreではSEMANTICを使います。 判断対象は、S3 Vectorsなど疎検索を提供しないstoreではSEMANTICを使うことを定める構成・設定規則です。外部資料から一般的な効果を導くのではなく、次の検査を受入条件とします。S3 Vectorsなど疎検索を提供しないstoreではSEMANTICを使います。 S3 Vectors接続でsparse capabilityが無いfixtureにSEMANTICを設定し、検索requestが成功することとHYBRIDを送らないことをintegration traceで確認します。 適用除外は次の場合に限定します。S3 Vectorsなど疎検索を提供しないstoreではSEMANTICを使います。 対象storeが後のversionでsparseまたはhybrid retrievalへ対応した場合は、regionとAPI versionを固定した別構成として比較し、SEMANTIC構成を黙って置換しません。 受入条件と例外境界を台帳で検査できるため、APPROPRIATE_NORMATIVEと判定します。,SENT-0189の規則種別、受入条件、例外境界を完成した日本語で説明し、slash連結された理由文を除去する。
SENT-0190,normative_criteria,検証対象は次の条件です: OpenSearch ServerlessでHYBRIDを使う場合は／利用時点のKnowledge Bases公式仕様で対応を確認し／faiss engine／埋め込みモデルと同じ次元のvector field／filterableな本文field／filter対象metadata field／Bedrock管理metadata fieldをmanifestへ固定します。当該規則に列挙したdimension、field名、metadata型をdeployment manifestと実index schemaで照合し、不一致構成が接続testで拒否されることを確認する。,OpenSearch ServerlessでHYBRIDを使う場合は、利用時点のKnowledge Bases公式仕様で対応を確認し、faiss engine、埋め込みモデルと同じ次元のvector field、filterableな本文field、filter対象metadata field、Bedrock管理metadata fieldをmanifestへ固定することを定める運用規則について、この規則に列挙したdimension、field名、metadata型をdeployment manifestと実index schemaで照合し、不一致構成が接続testで拒否されることを確認する。,SENT-0190の主体、観測方法、合格条件または例外契機を通常の日本語で明示し、payload注入型の共通shellを除去する。
SENT-0190,exceptions,例外判断で参照する条件は次のとおりです: OpenSearch ServerlessでHYBRIDを使う場合は／利用時点のKnowledge Bases公式仕様で対応を確認し／faiss engine／埋め込みモデルと同じ次元のvector field／filterableな本文field／filter対象metadata field／Bedrock管理metadata fieldをmanifestへ固定します。当該規則のservice/APIが対象region/versionで非対応または仕様変更済みの場合はその構成を有効化せず、対応機能へ切り替えて同じintegration testを再実行する。,OpenSearch ServerlessでHYBRIDを使う場合は、利用時点のKnowledge Bases公式仕様で対応を確認し、faiss engine、埋め込みモデルと同じ次元のvector field、filterableな本文field、filter対象metadata field、Bedrock管理metadata fieldをmanifestへ固定することを定める運用規則の例外として、対象service/APIが対象region/versionで非対応または仕様変更済みの場合はその構成を有効化せず、対応機能へ切り替えて同じintegration testを再実行する。,SENT-0190の主体、観測方法、合格条件または例外契機を通常の日本語で明示し、payload注入型の共通shellを除去する。
SENT-0190,verdict_reason,OpenSearch ServerlessでHYBRIDを使うindexは、vector engineをfaissとし、embedding modelと同じdimensionのvector field、元のchunkを格納するfilterableなtext field、filter対象のmetadata field、Bedrockが管理するmetadata fieldを作成します。 この記述は OpenSearch ServerlessでHYBRIDを使う場合は／利用時点のKnowledge Bases公式仕様で対応を確認し／faiss engine／埋め込みモデルと同じ次元のvector field／filterableな本文field／filter対象metadata field／Bedrock管理metadata fieldをmanifestへ固定します を本ガイドの設計・評価・運用へ適用する規則で、外部研究の効果を一般化する文ではありません。履行を 検証対象は次の条件です: OpenSearch ServerlessでHYBRIDを使う場合は／利用時点のKnowledge Bases公式仕様で対応を確認し／faiss engine／埋め込みモデルと同じ次元のvector field／filterableな本文field／filter対象metadata field／Bedrock管理metadata fieldをmanifestへ固定します。当該規則に列挙したdimension、field名、metadata型をdeployment manifestと実index schemaで照合し、不一致構成が接続testで拒否されることを確認する。 により観測し、適用除外を 例外判断で参照する条件は次のとおりです: OpenSearch ServerlessでHYBRIDを使う場合は／利用時点のKnowledge Bases公式仕様で対応を確認し／faiss engine／埋め込みモデルと同じ次元のvector field／filterableな本文field／filter対象metadata field／Bedrock管理metadata fieldをmanifestへ固定します。当該規則のservice/APIが対象region/versionで非対応または仕様変更済みの場合はその構成を有効化せず、対応機能へ切り替えて同じintegration testを再実行する。 に限定できるため、APPROPRIATE_NORMATIVEと判定します。,OpenSearch ServerlessでHYBRIDを使うindexは、vector engineをfaissとし、embedding modelと同じdimensionのvector field、元のchunkを格納するfilterableなtext field、filter対象のmetadata field、Bedrockが管理するmetadata fieldを作成します。 判断対象は、OpenSearch ServerlessでHYBRIDを使う場合は、利用時点のKnowledge Bases公式仕様で対応を確認し、faiss engine、埋め込みモデルと同じ次元のvector field、filterableな本文field、filter対象metadata field、Bedrock管理metadata fieldをmanifestへ固定することを定める運用規則です。外部資料から一般的な効果を導くのではなく、次の検査を受入条件とします。OpenSearch ServerlessでHYBRIDを使う場合は、利用時点のKnowledge Bases公式仕様で対応を確認し、faiss engine、埋め込みモデルと同じ次元のvector field、filterableな本文field、filter対象metadata field、Bedrock管理metadata fieldをmanifestへ固定することを定める運用規則について、この規則に列挙したdimension、field名、metadata型をdeployment manifestと実index schemaで照合し、不一致構成が接続testで拒否されることを確認する。 適用除外は次の場合に限定します。OpenSearch ServerlessでHYBRIDを使う場合は、利用時点のKnowledge Bases公式仕様で対応を確認し、faiss engine、埋め込みモデルと同じ次元のvector field、filterableな本文field、filter対象metadata field、Bedrock管理metadata fieldをmanifestへ固定することを定める運用規則の例外として、対象service/APIが対象region/versionで非対応または仕様変更済みの場合はその構成を有効化せず、対応機能へ切り替えて同じintegration testを再実行する。 受入条件と例外境界を台帳で検査できるため、APPROPRIATE_NORMATIVEと判定します。,SENT-0190の規則種別、受入条件、例外境界を完成した日本語で説明し、slash連結された理由文を除去する。
SENT-0198,normative_criteria,検証対象は次の条件です: 固有名詞や識別子の取りこぼしがある場合は／S3 VectorsへHYBRID指定を送るのではなく／次のいずれかを選びます。当該規則に含まれるservice、API、operator、region、versionをmanifestへ固定し、公式仕様の該当headingと実requestの成功・非対応errorが一致することを確認する。,固有名詞や識別子の取りこぼしがある場合は、S3 VectorsへHYBRID指定を送るのではなく、次のいずれかを選ぶことを定めるローカル設計規則について、この規則に含まれるservice、API、operator、region、versionをmanifestへ固定し、公式仕様の該当headingと実requestの成功・非対応errorが一致することを確認する。,SENT-0198の主体、観測方法、合格条件または例外契機を通常の日本語で明示し、payload注入型の共通shellを除去する。
SENT-0198,exceptions,例外判断で参照する条件は次のとおりです: 固有名詞や識別子の取りこぼしがある場合は／S3 VectorsへHYBRID指定を送るのではなく／次のいずれかを選びます。当該規則のservice/APIが対象region/versionで非対応または仕様変更済みの場合はその構成を有効化せず、対応機能へ切り替えて同じintegration testを再実行する。,固有名詞や識別子の取りこぼしがある場合は、S3 VectorsへHYBRID指定を送るのではなく、次のいずれかを選ぶことを定めるローカル設計規則の例外として、対象service/APIが対象region/versionで非対応または仕様変更済みの場合はその構成を有効化せず、対応機能へ切り替えて同じintegration testを再実行する。,SENT-0198の主体、観測方法、合格条件または例外契機を通常の日本語で明示し、payload注入型の共通shellを除去する。
SENT-0198,verdict_reason,固有名詞や識別子の取りこぼしがある場合は、S3 VectorsへHYBRID指定を送るのではなく、次のいずれかを選びます。 この記述は 固有名詞や識別子の取りこぼしがある場合は／S3 VectorsへHYBRID指定を送るのではなく／次のいずれかを選びます を本ガイドの設計・評価・運用へ適用する規則で、外部研究の効果を一般化する文ではありません。履行を 検証対象は次の条件です: 固有名詞や識別子の取りこぼしがある場合は／S3 VectorsへHYBRID指定を送るのではなく／次のいずれかを選びます。当該規則に含まれるservice、API、operator、region、versionをmanifestへ固定し、公式仕様の該当headingと実requestの成功・非対応errorが一致することを確認する。 により観測し、適用除外を 例外判断で参照する条件は次のとおりです: 固有名詞や識別子の取りこぼしがある場合は／S3 VectorsへHYBRID指定を送るのではなく／次のいずれかを選びます。当該規則のservice/APIが対象region/versionで非対応または仕様変更済みの場合はその構成を有効化せず、対応機能へ切り替えて同じintegration testを再実行する。 に限定できるため、APPROPRIATE_NORMATIVEと判定します。,固有名詞や識別子の取りこぼしがある場合は、S3 VectorsへHYBRID指定を送るのではなく、次のいずれかを選びます。 判断対象は、固有名詞や識別子の取りこぼしがある場合は、S3 VectorsへHYBRID指定を送るのではなく、次のいずれかを選ぶことを定めるローカル設計規則です。外部資料から一般的な効果を導くのではなく、次の検査を受入条件とします。固有名詞や識別子の取りこぼしがある場合は、S3 VectorsへHYBRID指定を送るのではなく、次のいずれかを選ぶことを定めるローカル設計規則について、この規則に含まれるservice、API、operator、region、versionをmanifestへ固定し、公式仕様の該当headingと実requestの成功・非対応errorが一致することを確認する。 適用除外は次の場合に限定します。固有名詞や識別子の取りこぼしがある場合は、S3 VectorsへHYBRID指定を送るのではなく、次のいずれかを選ぶことを定めるローカル設計規則の例外として、対象service/APIが対象region/versionで非対応または仕様変更済みの場合はその構成を有効化せず、対応機能へ切り替えて同じintegration testを再実行する。 受入条件と例外境界を台帳で検査できるため、APPROPRIATE_NORMATIVEと判定します。,SENT-0198の規則種別、受入条件、例外境界を完成した日本語で説明し、slash連結された理由文を除去する。
SENT-0199,normative_criteria,検証対象は次の条件です: vector storeをOpenSearch Serverlessなど／Knowledge BasesのHYBRIDへ対応するstoreへ変更します。当該規則に含まれるservice、API、operator、region、versionをmanifestへ固定し、公式仕様の該当headingと実requestの成功・非対応errorが一致することを確認する。,vector storeをOpenSearch Serverlessなど、Knowledge BasesのHYBRIDへ対応するstoreへ変更することを定める構成・設定規則について、この規則に含まれるservice、API、operator、region、versionをmanifestへ固定し、公式仕様の該当headingと実requestの成功・非対応errorが一致することを確認する。,SENT-0199の主体、観測方法、合格条件または例外契機を通常の日本語で明示し、payload注入型の共通shellを除去する。
SENT-0199,exceptions,例外判断で参照する条件は次のとおりです: vector storeをOpenSearch Serverlessなど／Knowledge BasesのHYBRIDへ対応するstoreへ変更します。当該規則のservice/APIが対象region/versionで非対応または仕様変更済みの場合はその構成を有効化せず、対応機能へ切り替えて同じintegration testを再実行する。,vector storeをOpenSearch Serverlessなど、Knowledge BasesのHYBRIDへ対応するstoreへ変更することを定める構成・設定規則の例外として、対象service/APIが対象region/versionで非対応または仕様変更済みの場合はその構成を有効化せず、対応機能へ切り替えて同じintegration testを再実行する。,SENT-0199の主体、観測方法、合格条件または例外契機を通常の日本語で明示し、payload注入型の共通shellを除去する。
SENT-0199,verdict_reason,vector storeをOpenSearch Serverlessなど、Knowledge BasesのHYBRIDへ対応するstoreへ変更します。 この記述は vector storeをOpenSearch Serverlessなど／Knowledge BasesのHYBRIDへ対応するstoreへ変更します を本ガイドの設計・評価・運用へ適用する規則で、外部研究の効果を一般化する文ではありません。履行を 検証対象は次の条件です: vector storeをOpenSearch Serverlessなど／Knowledge BasesのHYBRIDへ対応するstoreへ変更します。当該規則に含まれるservice、API、operator、region、versionをmanifestへ固定し、公式仕様の該当headingと実requestの成功・非対応errorが一致することを確認する。 により観測し、適用除外を 例外判断で参照する条件は次のとおりです: vector storeをOpenSearch Serverlessなど／Knowledge BasesのHYBRIDへ対応するstoreへ変更します。当該規則のservice/APIが対象region/versionで非対応または仕様変更済みの場合はその構成を有効化せず、対応機能へ切り替えて同じintegration testを再実行する。 に限定できるため、APPROPRIATE_NORMATIVEと判定します。,vector storeをOpenSearch Serverlessなど、Knowledge BasesのHYBRIDへ対応するstoreへ変更します。 判断対象は、vector storeをOpenSearch Serverlessなど、Knowledge BasesのHYBRIDへ対応するstoreへ変更することを定める構成・設定規則です。外部資料から一般的な効果を導くのではなく、次の検査を受入条件とします。vector storeをOpenSearch Serverlessなど、Knowledge BasesのHYBRIDへ対応するstoreへ変更することを定める構成・設定規則について、この規則に含まれるservice、API、operator、region、versionをmanifestへ固定し、公式仕様の該当headingと実requestの成功・非対応errorが一致することを確認する。 適用除外は次の場合に限定します。vector storeをOpenSearch Serverlessなど、Knowledge BasesのHYBRIDへ対応するstoreへ変更することを定める構成・設定規則の例外として、対象service/APIが対象region/versionで非対応または仕様変更済みの場合はその構成を有効化せず、対応機能へ切り替えて同じintegration testを再実行する。 受入条件と例外境界を台帳で検査できるため、APPROPRIATE_NORMATIVEと判定します。,SENT-0199の規則種別、受入条件、例外境界を完成した日本語で説明し、slash連結された理由文を除去する。
SENT-0200,normative_criteria,検証対象は次の条件です: S3 Vectorsのsemantic結果とOpenSearchのBM25結果を別々に取得し／LambdaでRRFを適用します。当該規則に含まれるservice、API、operator、region、versionをmanifestへ固定し、公式仕様の該当headingと実requestの成功・非対応errorが一致することを確認する。,S3 Vectorsのsemantic結果とOpenSearchのBM25結果を別々に取得し、LambdaでRRFを適用することを定める検索・経路選択規則について、この規則に含まれるservice、API、operator、region、versionをmanifestへ固定し、公式仕様の該当headingと実requestの成功・非対応errorが一致することを確認する。,SENT-0200の主体、観測方法、合格条件または例外契機を通常の日本語で明示し、payload注入型の共通shellを除去する。
SENT-0200,exceptions,例外判断で参照する条件は次のとおりです: S3 Vectorsのsemantic結果とOpenSearchのBM25結果を別々に取得し／LambdaでRRFを適用します。当該規則のservice/APIが対象region/versionで非対応または仕様変更済みの場合はその構成を有効化せず、対応機能へ切り替えて同じintegration testを再実行する。,S3 Vectorsのsemantic結果とOpenSearchのBM25結果を別々に取得し、LambdaでRRFを適用することを定める検索・経路選択規則の例外として、対象service/APIが対象region/versionで非対応または仕様変更済みの場合はその構成を有効化せず、対応機能へ切り替えて同じintegration testを再実行する。,SENT-0200の主体、観測方法、合格条件または例外契機を通常の日本語で明示し、payload注入型の共通shellを除去する。
SENT-0200,verdict_reason,S3 Vectorsのsemantic結果とOpenSearchのBM25結果を別々に取得し、LambdaでRRFを適用します。 この記述は S3 Vectorsのsemantic結果とOpenSearchのBM25結果を別々に取得し／LambdaでRRFを適用します を本ガイドの設計・評価・運用へ適用する規則で、外部研究の効果を一般化する文ではありません。履行を 検証対象は次の条件です: S3 Vectorsのsemantic結果とOpenSearchのBM25結果を別々に取得し／LambdaでRRFを適用します。当該規則に含まれるservice、API、operator、region、versionをmanifestへ固定し、公式仕様の該当headingと実requestの成功・非対応errorが一致することを確認する。 により観測し、適用除外を 例外判断で参照する条件は次のとおりです: S3 Vectorsのsemantic結果とOpenSearchのBM25結果を別々に取得し／LambdaでRRFを適用します。当該規則のservice/APIが対象region/versionで非対応または仕様変更済みの場合はその構成を有効化せず、対応機能へ切り替えて同じintegration testを再実行する。 に限定できるため、APPROPRIATE_NORMATIVEと判定します。,S3 Vectorsのsemantic結果とOpenSearchのBM25結果を別々に取得し、LambdaでRRFを適用します。 判断対象は、S3 Vectorsのsemantic結果とOpenSearchのBM25結果を別々に取得し、LambdaでRRFを適用することを定める検索・経路選択規則です。外部資料から一般的な効果を導くのではなく、次の検査を受入条件とします。S3 Vectorsのsemantic結果とOpenSearchのBM25結果を別々に取得し、LambdaでRRFを適用することを定める検索・経路選択規則について、この規則に含まれるservice、API、operator、region、versionをmanifestへ固定し、公式仕様の該当headingと実requestの成功・非対応errorが一致することを確認する。 適用除外は次の場合に限定します。S3 Vectorsのsemantic結果とOpenSearchのBM25結果を別々に取得し、LambdaでRRFを適用することを定める検索・経路選択規則の例外として、対象service/APIが対象region/versionで非対応または仕様変更済みの場合はその構成を有効化せず、対応機能へ切り替えて同じintegration testを再実行する。 受入条件と例外境界を台帳で検査できるため、APPROPRIATE_NORMATIVEと判定します。,SENT-0200の規則種別、受入条件、例外境界を完成した日本語で説明し、slash連結された理由文を除去する。
SENT-0201,verdict_reason,sparse結果とdense結果をまとめてBedrock rerankerへ渡します。 この記述は sparse結果とdense結果をまとめてBedrock rerankerへ渡します を本ガイドの設計・評価・運用へ適用する規則で、外部研究の効果を一般化する文ではありません。履行を sparse結果とdense結果をまとめてBedrock rerankerへ渡します。 sparse候補とdense候補を同じchunk IDへ正規化してからBedrock reranker requestへ含め、双方の発見元がtraceに残ることを確認します。 により観測し、適用除外を sparse結果とdense結果をまとめてBedrock rerankerへ渡します。 一方のretrieverがtimeoutまたはzero resultになった場合は片系結果で継続できますが、partial resultであることをrerank traceへ記録します。 に限定できるため、APPROPRIATE_NORMATIVEと判定します。,sparse結果とdense結果をまとめてBedrock rerankerへ渡します。 判断対象は、sparse結果とdense結果をまとめてBedrock rerankerへ渡すことを定める検索・経路選択規則です。外部資料から一般的な効果を導くのではなく、次の検査を受入条件とします。sparse結果とdense結果をまとめてBedrock rerankerへ渡します。 sparse候補とdense候補を同じchunk IDへ正規化してからBedrock reranker requestへ含め、双方の発見元がtraceに残ることを確認します。 適用除外は次の場合に限定します。sparse結果とdense結果をまとめてBedrock rerankerへ渡します。 一方のretrieverがtimeoutまたはzero resultになった場合は片系結果で継続できますが、partial resultであることをrerank traceへ記録します。 受入条件と例外境界を台帳で検査できるため、APPROPRIATE_NORMATIVEと判定します。,SENT-0201の規則種別、受入条件、例外境界を完成した日本語で説明し、slash連結された理由文を除去する。
SENT-0203,normative_criteria,検証対象は次の条件です: 複数検索器のscoreは尺度が異なるため直接加算せず／正規化／順位統合／または再順位付けのいずれかを事前に定めて用います。当該規則の統合規則をversion管理し、複数retrieverが返す既知rank listから期待するcandidate順序を再現し、生scoreの無条件加算や重複candidateが発生しないことを確認する。,複数検索器のscoreは尺度が異なるため直接加算せず、正規化、順位統合、または再順位付けのいずれかを事前に定めて用いることを定める検索・経路選択規則について、この規則の統合規則をversion管理し、複数retrieverが返す既知rank listから期待するcandidate順序を再現し、生scoreの無条件加算や重複candidateが発生しないことを確認する。,SENT-0203の主体、観測方法、合格条件または例外契機を通常の日本語で明示し、payload注入型の共通shellを除去する。
SENT-0203,exceptions,例外判断で参照する条件は次のとおりです: 複数検索器のscoreは尺度が異なるため直接加算せず／正規化／順位統合／または再順位付けのいずれかを事前に定めて用います。当該規則と異なる統合方式はcalibration済みscoreまたは別rerankerとしてversion管理できるが、未調整の異尺度scoreを黙って直接加算しない。,複数検索器のscoreは尺度が異なるため直接加算せず、正規化、順位統合、または再順位付けのいずれかを事前に定めて用いることを定める検索・経路選択規則の例外として、この規則と異なる統合方式はcalibration済みscoreまたは別rerankerとしてversion管理できるが、未調整の異尺度scoreを黙って直接加算しない。,SENT-0203の主体、観測方法、合格条件または例外契機を通常の日本語で明示し、payload注入型の共通shellを除去する。
SENT-0203,verdict_reason,複数検索器のscoreは尺度が異なるため直接加算しません。 この記述は 複数検索器のscoreは尺度が異なるため直接加算せず／正規化／順位統合／または再順位付けのいずれかを事前に定めて用います を本ガイドの設計・評価・運用へ適用する規則で、外部研究の効果を一般化する文ではありません。履行を 検証対象は次の条件です: 複数検索器のscoreは尺度が異なるため直接加算せず／正規化／順位統合／または再順位付けのいずれかを事前に定めて用います。当該規則の統合規則をversion管理し、複数retrieverが返す既知rank listから期待するcandidate順序を再現し、生scoreの無条件加算や重複candidateが発生しないことを確認する。 により観測し、適用除外を 例外判断で参照する条件は次のとおりです: 複数検索器のscoreは尺度が異なるため直接加算せず／正規化／順位統合／または再順位付けのいずれかを事前に定めて用います。当該規則と異なる統合方式はcalibration済みscoreまたは別rerankerとしてversion管理できるが、未調整の異尺度scoreを黙って直接加算しない。 に限定できるため、APPROPRIATE_NORMATIVEと判定します。,複数検索器のscoreは尺度が異なるため直接加算しません。 判断対象は、複数検索器のscoreは尺度が異なるため直接加算せず、正規化、順位統合、または再順位付けのいずれかを事前に定めて用いることを定める検索・経路選択規則です。外部資料から一般的な効果を導くのではなく、次の検査を受入条件とします。複数検索器のscoreは尺度が異なるため直接加算せず、正規化、順位統合、または再順位付けのいずれかを事前に定めて用いることを定める検索・経路選択規則について、この規則の統合規則をversion管理し、複数retrieverが返す既知rank listから期待するcandidate順序を再現し、生scoreの無条件加算や重複candidateが発生しないことを確認する。 適用除外は次の場合に限定します。複数検索器のscoreは尺度が異なるため直接加算せず、正規化、順位統合、または再順位付けのいずれかを事前に定めて用いることを定める検索・経路選択規則の例外として、この規則と異なる統合方式はcalibration済みscoreまたは別rerankerとしてversion管理できるが、未調整の異尺度scoreを黙って直接加算しない。 受入条件と例外境界を台帳で検査できるため、APPROPRIATE_NORMATIVEと判定します。,SENT-0203の規則種別、受入条件、例外境界を完成した日本語で説明し、slash連結された理由文を除去する。
SENT-0204,normative_criteria,検証対象は次の条件です: RRFでは各検索器の順位を使い／rerankerでは統合後のcandidate本文を再評価します。当該規則に含まれるretriever、candidate数、rank処理を固定したtest queryを実行し、統合前後のcandidate ID・rank・score変換が記述した順序と選択規則に一致することを確認する。,RRFでは各検索器の順位を使い、rerankerでは統合後のcandidate本文を再評価することを定める評価・採否規則について、この規則に含まれるretriever、candidate数、rank処理を固定したtest queryを実行し、統合前後のcandidate ID・rank・score変換が記述した順序と選択規則に一致することを確認する。,SENT-0204の主体、観測方法、合格条件または例外契機を通常の日本語で明示し、payload注入型の共通shellを除去する。
SENT-0204,exceptions,例外判断で参照する条件は次のとおりです: RRFでは各検索器の順位を使い／rerankerでは統合後のcandidate本文を再評価します。当該規則を評価するgold evidenceがないslice、標本不足のslice、負荷条件が異なるrunは合否集計から分離し、他sliceの平均結果を外挿しない。,RRFでは各検索器の順位を使い、rerankerでは統合後のcandidate本文を再評価することを定める評価・採否規則の例外として、判定に必要なgold evidenceがないslice、標本不足のslice、負荷条件が異なるrunは合否集計から分離し、他sliceの平均結果を外挿しない。,SENT-0204の主体、観測方法、合格条件または例外契機を通常の日本語で明示し、payload注入型の共通shellを除去する。
SENT-0204,verdict_reason,RRFでは各検索器の順位を使い、rerankerでは統合後のcandidate本文を再評価します。 この記述は RRFでは各検索器の順位を使い／rerankerでは統合後のcandidate本文を再評価します を本ガイドの設計・評価・運用へ適用する規則で、外部研究の効果を一般化する文ではありません。履行を 検証対象は次の条件です: RRFでは各検索器の順位を使い／rerankerでは統合後のcandidate本文を再評価します。当該規則に含まれるretriever、candidate数、rank処理を固定したtest queryを実行し、統合前後のcandidate ID・rank・score変換が記述した順序と選択規則に一致することを確認する。 により観測し、適用除外を 例外判断で参照する条件は次のとおりです: RRFでは各検索器の順位を使い／rerankerでは統合後のcandidate本文を再評価します。当該規則を評価するgold evidenceがないslice、標本不足のslice、負荷条件が異なるrunは合否集計から分離し、他sliceの平均結果を外挿しない。 に限定できるため、APPROPRIATE_NORMATIVEと判定します。,RRFでは各検索器の順位を使い、rerankerでは統合後のcandidate本文を再評価します。 判断対象は、RRFでは各検索器の順位を使い、rerankerでは統合後のcandidate本文を再評価することを定める評価・採否規則です。外部資料から一般的な効果を導くのではなく、次の検査を受入条件とします。RRFでは各検索器の順位を使い、rerankerでは統合後のcandidate本文を再評価することを定める評価・採否規則について、この規則に含まれるretriever、candidate数、rank処理を固定したtest queryを実行し、統合前後のcandidate ID・rank・score変換が記述した順序と選択規則に一致することを確認する。 適用除外は次の場合に限定します。RRFでは各検索器の順位を使い、rerankerでは統合後のcandidate本文を再評価することを定める評価・採否規則の例外として、判定に必要なgold evidenceがないslice、標本不足のslice、負荷条件が異なるrunは合否集計から分離し、他sliceの平均結果を外挿しない。 受入条件と例外境界を台帳で検査できるため、APPROPRIATE_NORMATIVEと判定します。,SENT-0204の規則種別、受入条件、例外境界を完成した日本語で説明し、slash連結された理由文を除去する。
SENT-0206,normative_criteria,検証対象は次の条件です: 疎検索器と密検索器には同じ安定したchunk IDを登録し／本文／文書版／filter metadata／アクセス制御属性を一対一で対応付けます。当該規則に列挙したauthorization、document/chunk、rank、evidence、answer、citation、configuration versionを一つのtrace IDへ保存し、許可外itemがtrace内にゼロ件であることを検査する。,疎検索器と密検索器には同じ安定したchunk IDを登録し、本文、文書版、filter metadata、アクセス制御属性を一対一で対応付けることを定める検索・経路選択規則について、この規則に列挙したauthorization、document/chunk、rank、evidence、answer、citation、configuration versionを一つのtrace IDへ保存し、許可外itemがtrace内にゼロ件であることを検査する。,SENT-0206の主体、観測方法、合格条件または例外契機を通常の日本語で明示し、payload注入型の共通shellを除去する。
SENT-0206,exceptions,例外判断で参照する条件は次のとおりです: 疎検索器と密検索器には同じ安定したchunk IDを登録し／本文／文書版／filter metadata／アクセス制御属性を一対一で対応付けます。当該規則より法令、契約、組織policyが厳しい場合は厳しい統制を優先し、性能、可用性、費用を理由に対象resourceのauthorizationまたは隔離を省略しない。,疎検索器と密検索器には同じ安定したchunk IDを登録し、本文、文書版、filter metadata、アクセス制御属性を一対一で対応付けることを定める検索・経路選択規則の例外として、この規則より法令、契約、組織policyが厳しい場合は厳しい統制を優先し、性能、可用性、費用を理由に対象resourceのauthorizationまたは隔離を省略しない。,SENT-0206の主体、観測方法、合格条件または例外契機を通常の日本語で明示し、payload注入型の共通shellを除去する。
SENT-0206,verdict_reason,二つの検索器には同じ安定したchunkidを登録し、本文、version、filter metadata、アクセス制御属性を対応付けます。 この記述は 疎検索器と密検索器には同じ安定したchunk IDを登録し／本文／文書版／filter metadata／アクセス制御属性を一対一で対応付けます を本ガイドの設計・評価・運用へ適用する規則で、外部研究の効果を一般化する文ではありません。履行を 検証対象は次の条件です: 疎検索器と密検索器には同じ安定したchunk IDを登録し／本文／文書版／filter metadata／アクセス制御属性を一対一で対応付けます。当該規則に列挙したauthorization、document/chunk、rank、evidence、answer、citation、configuration versionを一つのtrace IDへ保存し、許可外itemがtrace内にゼロ件であることを検査する。 により観測し、適用除外を 例外判断で参照する条件は次のとおりです: 疎検索器と密検索器には同じ安定したchunk IDを登録し／本文／文書版／filter metadata／アクセス制御属性を一対一で対応付けます。当該規則より法令、契約、組織policyが厳しい場合は厳しい統制を優先し、性能、可用性、費用を理由に対象resourceのauthorizationまたは隔離を省略しない。 に限定できるため、APPROPRIATE_NORMATIVEと判定します。,二つの検索器には同じ安定したchunkidを登録し、本文、version、filter metadata、アクセス制御属性を対応付けます。 判断対象は、疎検索器と密検索器には同じ安定したchunk IDを登録し、本文、文書版、filter metadata、アクセス制御属性を一対一で対応付けることを定める検索・経路選択規則です。外部資料から一般的な効果を導くのではなく、次の検査を受入条件とします。疎検索器と密検索器には同じ安定したchunk IDを登録し、本文、文書版、filter metadata、アクセス制御属性を一対一で対応付けることを定める検索・経路選択規則について、この規則に列挙したauthorization、document/chunk、rank、evidence、answer、citation、configuration versionを一つのtrace IDへ保存し、許可外itemがtrace内にゼロ件であることを検査する。 適用除外は次の場合に限定します。疎検索器と密検索器には同じ安定したchunk IDを登録し、本文、文書版、filter metadata、アクセス制御属性を一対一で対応付けることを定める検索・経路選択規則の例外として、この規則より法令、契約、組織policyが厳しい場合は厳しい統制を優先し、性能、可用性、費用を理由に対象resourceのauthorizationまたは隔離を省略しない。 受入条件と例外境界を台帳で検査できるため、APPROPRIATE_NORMATIVEと判定します。,SENT-0206の規則種別、受入条件、例外境界を完成した日本語で説明し、slash連結された理由文を除去する。
SENT-0208,normative_criteria,検証対象は次の条件です: 初期比較ではdenseとBM25を各20件／統合後を20件／rerank後を5件とし／各retrieverのcandidate数／timeout／zero-result／失敗時の扱いを独立に記録します。当該規則で列挙した記録項目を同じrun IDへ保存し、各項目が欠損せず、変更前後の差分をquestionまたはdocument単位で逆引きできることを確認する。,初期比較ではdenseとBM25を各20件、統合後を20件、rerank後を5件とし、各retrieverのcandidate数、timeout、zero-result、失敗時の扱いを独立に記録することを定める評価・採否規則について、この規則で列挙した記録項目を同じrun IDへ保存し、各項目が欠損せず、変更前後の差分をquestionまたはdocument単位で逆引きできることを確認する。,SENT-0208の主体、観測方法、合格条件または例外契機を通常の日本語で明示し、payload注入型の共通shellを除去する。
SENT-0208,exceptions,例外判断で参照する条件は次のとおりです: 初期比較ではdenseとBM25を各20件／統合後を20件／rerank後を5件とし／各retrieverのcandidate数／timeout／zero-result／失敗時の扱いを独立に記録します。当該規則の初期値・候補は対象datasetで再調整できるが、変更値、baseline、採用理由を同じresult tableへ残し、未比較の値を既定値として固定しない。,初期比較ではdenseとBM25を各20件、統合後を20件、rerank後を5件とし、各retrieverのcandidate数、timeout、zero-result、失敗時の扱いを独立に記録することを定める評価・採否規則の例外として、初期値・候補は対象datasetで再調整できるが、変更値、baseline、採用理由を同じresult tableへ残し、未比較の値を既定値として固定しない。,SENT-0208の主体、観測方法、合格条件または例外契機を通常の日本語で明示し、payload注入型の共通shellを除去する。
SENT-0208,verdict_reason,初期比較ではdenseとBM25を各20件、統合後を20件、rerank後を5件とし、各retrieverのcandidate数、timeout、zero-result、失敗時の扱いを独立に記録します。 この記述は 初期比較ではdenseとBM25を各20件／統合後を20件／rerank後を5件とし／各retrieverのcandidate数／timeout／zero-result／失敗時の扱いを独立に記録します を本ガイドの設計・評価・運用へ適用する規則で、外部研究の効果を一般化する文ではありません。履行を 検証対象は次の条件です: 初期比較ではdenseとBM25を各20件／統合後を20件／rerank後を5件とし／各retrieverのcandidate数／timeout／zero-result／失敗時の扱いを独立に記録します。当該規則で列挙した記録項目を同じrun IDへ保存し、各項目が欠損せず、変更前後の差分をquestionまたはdocument単位で逆引きできることを確認する。 により観測し、適用除外を 例外判断で参照する条件は次のとおりです: 初期比較ではdenseとBM25を各20件／統合後を20件／rerank後を5件とし／各retrieverのcandidate数／timeout／zero-result／失敗時の扱いを独立に記録します。当該規則の初期値・候補は対象datasetで再調整できるが、変更値、baseline、採用理由を同じresult tableへ残し、未比較の値を既定値として固定しない。 に限定できるため、APPROPRIATE_NORMATIVEと判定します。,初期比較ではdenseとBM25を各20件、統合後を20件、rerank後を5件とし、各retrieverのcandidate数、timeout、zero-result、失敗時の扱いを独立に記録します。 判断対象は、初期比較ではdenseとBM25を各20件、統合後を20件、rerank後を5件とし、各retrieverのcandidate数、timeout、zero-result、失敗時の扱いを独立に記録することを定める評価・採否規則です。外部資料から一般的な効果を導くのではなく、次の検査を受入条件とします。初期比較ではdenseとBM25を各20件、統合後を20件、rerank後を5件とし、各retrieverのcandidate数、timeout、zero-result、失敗時の扱いを独立に記録することを定める評価・採否規則について、この規則で列挙した記録項目を同じrun IDへ保存し、各項目が欠損せず、変更前後の差分をquestionまたはdocument単位で逆引きできることを確認する。 適用除外は次の場合に限定します。初期比較ではdenseとBM25を各20件、統合後を20件、rerank後を5件とし、各retrieverのcandidate数、timeout、zero-result、失敗時の扱いを独立に記録することを定める評価・採否規則の例外として、初期値・候補は対象datasetで再調整できるが、変更値、baseline、採用理由を同じresult tableへ残し、未比較の値を既定値として固定しない。 受入条件と例外境界を台帳で検査できるため、APPROPRIATE_NORMATIVEと判定します。,SENT-0208の規則種別、受入条件、例外境界を完成した日本語で説明し、slash連結された理由文を除去する。
SENT-0212,verdict_reason,equals、in、greaterThan、listContainsなどの候補はRetrievalFilter APIで確認します。 この記述は equals／in／greaterThan／listContainsなどの候補はRetrievalFilter APIで確認します を本ガイドの設計・評価・運用へ適用する規則で、外部研究の効果を一般化する文ではありません。履行を equals、in、greaterThan、listContainsを使用候補のallowlistへ登録し、各operatorについて有効値と型不一致値をRetrievalFilter APIへ送り、期待する候補集合またはvalidation errorになることを統合試験で確認する。 により観測し、適用除外を 利用region/versionのRetrievalFilter APIがoperatorを公式に提供しない場合はそのoperatorを生成せず、同値な事前絞り込みへ切り替える。 に限定できるため、APPROPRIATE_NORMATIVEと判定します。,equals、in、greaterThan、listContainsなどの候補はRetrievalFilter APIで確認します。 判断対象は、equals、in、greaterThan、listContainsなどの候補はRetrievalFilter APIで確認することを定める検索・経路選択規則です。外部資料から一般的な効果を導くのではなく、次の検査を受入条件とします。equals、in、greaterThan、listContainsを使用候補のallowlistへ登録し、各operatorについて有効値と型不一致値をRetrievalFilter APIへ送り、期待する候補集合またはvalidation errorになることを統合試験で確認する。 適用除外は次の場合に限定します。利用region/versionのRetrievalFilter APIがoperatorを公式に提供しない場合はそのoperatorを生成せず、同値な事前絞り込みへ切り替える。 受入条件と例外境界を台帳で検査できるため、APPROPRIATE_NORMATIVEと判定します。,SENT-0212の規則種別、受入条件、例外境界を完成した日本語で説明し、slash連結された理由文を除去する。
SENT-0215,normative_criteria,検証対象は次の条件です: S3 Vectorsを直接queryする場合は／S3 Vectorsのmetadata filterに記載されたoperatorだけを使います。当該規則に列挙したdimension、field名、metadata型をdeployment manifestと実index schemaで照合し、不一致構成が接続testで拒否されることを確認する。,S3 Vectorsを直接queryする場合は、S3 Vectorsのmetadata filterに記載されたoperatorだけを使うことを定める運用規則について、この規則に列挙したdimension、field名、metadata型をdeployment manifestと実index schemaで照合し、不一致構成が接続testで拒否されることを確認する。,SENT-0215の主体、観測方法、合格条件または例外契機を通常の日本語で明示し、payload注入型の共通shellを除去する。
SENT-0215,exceptions,例外判断で参照する条件は次のとおりです: S3 Vectorsを直接queryする場合は／S3 Vectorsのmetadata filterに記載されたoperatorだけを使います。当該規則のservice/APIが対象region/versionで非対応または仕様変更済みの場合はその構成を有効化せず、対応機能へ切り替えて同じintegration testを再実行する。,S3 Vectorsを直接queryする場合は、S3 Vectorsのmetadata filterに記載されたoperatorだけを使うことを定める運用規則の例外として、対象service/APIが対象region/versionで非対応または仕様変更済みの場合はその構成を有効化せず、対応機能へ切り替えて同じintegration testを再実行する。,SENT-0215の主体、観測方法、合格条件または例外契機を通常の日本語で明示し、payload注入型の共通shellを除去する。
SENT-0215,verdict_reason,S3 Vectorsを直接queryする場合は、S3 Vectorsのmetadata filterに記載されたoperatorだけを使います。 この記述は S3 Vectorsを直接queryする場合は／S3 Vectorsのmetadata filterに記載されたoperatorだけを使います を本ガイドの設計・評価・運用へ適用する規則で、外部研究の効果を一般化する文ではありません。履行を 検証対象は次の条件です: S3 Vectorsを直接queryする場合は／S3 Vectorsのmetadata filterに記載されたoperatorだけを使います。当該規則に列挙したdimension、field名、metadata型をdeployment manifestと実index schemaで照合し、不一致構成が接続testで拒否されることを確認する。 により観測し、適用除外を 例外判断で参照する条件は次のとおりです: S3 Vectorsを直接queryする場合は／S3 Vectorsのmetadata filterに記載されたoperatorだけを使います。当該規則のservice/APIが対象region/versionで非対応または仕様変更済みの場合はその構成を有効化せず、対応機能へ切り替えて同じintegration testを再実行する。 に限定できるため、APPROPRIATE_NORMATIVEと判定します。,S3 Vectorsを直接queryする場合は、S3 Vectorsのmetadata filterに記載されたoperatorだけを使います。 判断対象は、S3 Vectorsを直接queryする場合は、S3 Vectorsのmetadata filterに記載されたoperatorだけを使うことを定める運用規則です。外部資料から一般的な効果を導くのではなく、次の検査を受入条件とします。S3 Vectorsを直接queryする場合は、S3 Vectorsのmetadata filterに記載されたoperatorだけを使うことを定める運用規則について、この規則に列挙したdimension、field名、metadata型をdeployment manifestと実index schemaで照合し、不一致構成が接続testで拒否されることを確認する。 適用除外は次の場合に限定します。S3 Vectorsを直接queryする場合は、S3 Vectorsのmetadata filterに記載されたoperatorだけを使うことを定める運用規則の例外として、対象service/APIが対象region/versionで非対応または仕様変更済みの場合はその構成を有効化せず、対応機能へ切り替えて同じintegration testを再実行する。 受入条件と例外境界を台帳で検査できるため、APPROPRIATE_NORMATIVEと判定します。,SENT-0215の規則種別、受入条件、例外境界を完成した日本語で説明し、slash連結された理由文を除去する。
SENT-0226,normative_criteria,検証対象は次の条件です: Managed Knowledge BaseではRetrieveまたはAgenticRetrieveStreamで根拠を取得し／生成が必要な場合は結果をConverseへ渡します。当該規則に含まれるservice、API、operator、region、versionをmanifestへ固定し、公式仕様の該当headingと実requestの成功・非対応errorが一致することを確認する。,Managed Knowledge BaseではRetrieveまたはAgenticRetrieveStreamで根拠を取得し、生成が必要な場合は結果をConverseへ渡すことを定める運用規則について、この規則に含まれるservice、API、operator、region、versionをmanifestへ固定し、公式仕様の該当headingと実requestの成功・非対応errorが一致することを確認する。,SENT-0226の主体、観測方法、合格条件または例外契機を通常の日本語で明示し、payload注入型の共通shellを除去する。
SENT-0226,exceptions,例外判断で参照する条件は次のとおりです: Managed Knowledge BaseではRetrieveまたはAgenticRetrieveStreamで根拠を取得し／生成が必要な場合は結果をConverseへ渡します。当該規則のservice/APIが対象region/versionで非対応または仕様変更済みの場合はその構成を有効化せず、対応機能へ切り替えて同じintegration testを再実行する。,Managed Knowledge BaseではRetrieveまたはAgenticRetrieveStreamで根拠を取得し、生成が必要な場合は結果をConverseへ渡すことを定める運用規則の例外として、対象service/APIが対象region/versionで非対応または仕様変更済みの場合はその構成を有効化せず、対応機能へ切り替えて同じintegration testを再実行する。,SENT-0226の主体、観測方法、合格条件または例外契機を通常の日本語で明示し、payload注入型の共通shellを除去する。
SENT-0226,verdict_reason,Managed Knowledge BaseではRetrieveまたはAgenticRetrieveStreamで根拠を取得し、生成が必要な場合は結果をConverseへ渡します。 この記述は Managed Knowledge BaseではRetrieveまたはAgenticRetrieveStreamで根拠を取得し／生成が必要な場合は結果をConverseへ渡します を本ガイドの設計・評価・運用へ適用する規則で、外部研究の効果を一般化する文ではありません。履行を 検証対象は次の条件です: Managed Knowledge BaseではRetrieveまたはAgenticRetrieveStreamで根拠を取得し／生成が必要な場合は結果をConverseへ渡します。当該規則に含まれるservice、API、operator、region、versionをmanifestへ固定し、公式仕様の該当headingと実requestの成功・非対応errorが一致することを確認する。 により観測し、適用除外を 例外判断で参照する条件は次のとおりです: Managed Knowledge BaseではRetrieveまたはAgenticRetrieveStreamで根拠を取得し／生成が必要な場合は結果をConverseへ渡します。当該規則のservice/APIが対象region/versionで非対応または仕様変更済みの場合はその構成を有効化せず、対応機能へ切り替えて同じintegration testを再実行する。 に限定できるため、APPROPRIATE_NORMATIVEと判定します。,Managed Knowledge BaseではRetrieveまたはAgenticRetrieveStreamで根拠を取得し、生成が必要な場合は結果をConverseへ渡します。 判断対象は、Managed Knowledge BaseではRetrieveまたはAgenticRetrieveStreamで根拠を取得し、生成が必要な場合は結果をConverseへ渡すことを定める運用規則です。外部資料から一般的な効果を導くのではなく、次の検査を受入条件とします。Managed Knowledge BaseではRetrieveまたはAgenticRetrieveStreamで根拠を取得し、生成が必要な場合は結果をConverseへ渡すことを定める運用規則について、この規則に含まれるservice、API、operator、region、versionをmanifestへ固定し、公式仕様の該当headingと実requestの成功・非対応errorが一致することを確認する。 適用除外は次の場合に限定します。Managed Knowledge BaseではRetrieveまたはAgenticRetrieveStreamで根拠を取得し、生成が必要な場合は結果をConverseへ渡すことを定める運用規則の例外として、対象service/APIが対象region/versionで非対応または仕様変更済みの場合はその構成を有効化せず、対応機能へ切り替えて同じintegration testを再実行する。 受入条件と例外境界を台帳で検査できるため、APPROPRIATE_NORMATIVEと判定します。,SENT-0226の規則種別、受入条件、例外境界を完成した日本語で説明し、slash連結された理由文を除去する。
SENT-0227,verdict_reason,カスタマーマネージド型でKnowledge Basesの標準引用と生成が要件を満たす場合はRetrieveAndGenerateを使います。 この記述は カスタマーマネージド型でKnowledge Basesの標準引用と生成が要件を満たす場合はRetrieveAndGenerateを使います を本ガイドの設計・評価・運用へ適用する規則で、外部研究の効果を一般化する文ではありません。履行を カスタマーマネージド型でKnowledge Basesの標準引用と生成が要件を満たす場合はRetrieveAndGenerateを使います。 Knowledge Bases標準citationのsource spanと生成回答を要件fixtureで照合し、citation形式と生成品質のgateを満たすrequestだけをRetrieveAndGenerateへ送ります。 により観測し、適用除外を カスタマーマネージド型でKnowledge Basesの標準引用と生成が要件を満たす場合はRetrieveAndGenerateを使います。 独自のEvidence Set検査、citation形式、または生成制御が必要なrequestはRetrieveAndGenerateへ送らず、RetrieveとConverseを分離した経路へ回します。 に限定できるため、APPROPRIATE_NORMATIVEと判定します。,カスタマーマネージド型でKnowledge Basesの標準引用と生成が要件を満たす場合はRetrieveAndGenerateを使います。 判断対象は、カスタマーマネージド型でKnowledge Basesの標準引用と生成が要件を満たす場合はRetrieveAndGenerateを使うことを定める運用規則です。外部資料から一般的な効果を導くのではなく、次の検査を受入条件とします。カスタマーマネージド型でKnowledge Basesの標準引用と生成が要件を満たす場合はRetrieveAndGenerateを使います。 Knowledge Bases標準citationのsource spanと生成回答を要件fixtureで照合し、citation形式と生成品質のgateを満たすrequestだけをRetrieveAndGenerateへ送ります。 適用除外は次の場合に限定します。カスタマーマネージド型でKnowledge Basesの標準引用と生成が要件を満たす場合はRetrieveAndGenerateを使います。 独自のEvidence Set検査、citation形式、または生成制御が必要なrequestはRetrieveAndGenerateへ送らず、RetrieveとConverseを分離した経路へ回します。 受入条件と例外境界を台帳で検査できるため、APPROPRIATE_NORMATIVEと判定します。,SENT-0227の規則種別、受入条件、例外境界を完成した日本語で説明し、slash連結された理由文を除去する。
SENT-0228,normative_criteria,検証対象は次の条件です: 検索結果の重複／版／矛盾／根拠不足を独自に検査する場合は／Retrieve → LambdaでEvidence Set作成 → Converseへ分けます。当該規則に示したservice経路を対象regionで一件ずつ実行し、各stageのrequest/response、artifact ID、failure responseを同じintegration traceへ保存する。,検索結果の重複、版、矛盾、根拠不足を独自に検査する場合は、Retrieve → LambdaでEvidence Set作成 → Converseへ分けることを定める追跡性・証跡管理規則について、この規則に示したservice経路を対象regionで一件ずつ実行し、各stageのrequest/response、artifact ID、failure responseを同じintegration traceへ保存する。,SENT-0228の主体、観測方法、合格条件または例外契機を通常の日本語で明示し、payload注入型の共通shellを除去する。
SENT-0228,exceptions,例外判断で参照する条件は次のとおりです: 検索結果の重複／版／矛盾／根拠不足を独自に検査する場合は／Retrieve → LambdaでEvidence Set作成 → Converseへ分けます。当該規則のservice/APIが対象region/versionで非対応または仕様変更済みの場合はその構成を有効化せず、対応機能へ切り替えて同じintegration testを再実行する。,検索結果の重複、版、矛盾、根拠不足を独自に検査する場合は、Retrieve → LambdaでEvidence Set作成 → Converseへ分けることを定める追跡性・証跡管理規則の例外として、対象service/APIが対象region/versionで非対応または仕様変更済みの場合はその構成を有効化せず、対応機能へ切り替えて同じintegration testを再実行する。,SENT-0228の主体、観測方法、合格条件または例外契機を通常の日本語で明示し、payload注入型の共通shellを除去する。
SENT-0228,verdict_reason,検索結果の重複、版、矛盾、根拠不足を独自に検査する場合は、Retrieve → LambdaでEvidence Set作成 → Converseへ分けます。 この記述は 検索結果の重複／版／矛盾／根拠不足を独自に検査する場合は／Retrieve → LambdaでEvidence Set作成 → Converseへ分けます を本ガイドの設計・評価・運用へ適用する規則で、外部研究の効果を一般化する文ではありません。履行を 検証対象は次の条件です: 検索結果の重複／版／矛盾／根拠不足を独自に検査する場合は／Retrieve → LambdaでEvidence Set作成 → Converseへ分けます。当該規則に示したservice経路を対象regionで一件ずつ実行し、各stageのrequest/response、artifact ID、failure responseを同じintegration traceへ保存する。 により観測し、適用除外を 例外判断で参照する条件は次のとおりです: 検索結果の重複／版／矛盾／根拠不足を独自に検査する場合は／Retrieve → LambdaでEvidence Set作成 → Converseへ分けます。当該規則のservice/APIが対象region/versionで非対応または仕様変更済みの場合はその構成を有効化せず、対応機能へ切り替えて同じintegration testを再実行する。 に限定できるため、APPROPRIATE_NORMATIVEと判定します。,検索結果の重複、版、矛盾、根拠不足を独自に検査する場合は、Retrieve → LambdaでEvidence Set作成 → Converseへ分けます。 判断対象は、検索結果の重複、版、矛盾、根拠不足を独自に検査する場合は、Retrieve → LambdaでEvidence Set作成 → Converseへ分けることを定める追跡性・証跡管理規則です。外部資料から一般的な効果を導くのではなく、次の検査を受入条件とします。検索結果の重複、版、矛盾、根拠不足を独自に検査する場合は、Retrieve → LambdaでEvidence Set作成 → Converseへ分けることを定める追跡性・証跡管理規則について、この規則に示したservice経路を対象regionで一件ずつ実行し、各stageのrequest/response、artifact ID、failure responseを同じintegration traceへ保存する。 適用除外は次の場合に限定します。検索結果の重複、版、矛盾、根拠不足を独自に検査する場合は、Retrieve → LambdaでEvidence Set作成 → Converseへ分けることを定める追跡性・証跡管理規則の例外として、対象service/APIが対象region/versionで非対応または仕様変更済みの場合はその構成を有効化せず、対応機能へ切り替えて同じintegration testを再実行する。 受入条件と例外境界を台帳で検査できるため、APPROPRIATE_NORMATIVEと判定します。,SENT-0228の規則種別、受入条件、例外境界を完成した日本語で説明し、slash連結された理由文を除去する。
SENT-0232,verdict_reason,分離型では、Retrieveの結果からtext、location、metadata、scoreを受け取り、citationid、chunkid、documentid、version、sourceuri、retrievalrank、textへ正規化します。 検証対象として 分離型では／Retrieveのtext／location／metadata／scoreを受け取り／citation_id／chunk_id／document_id／version／source_uri／retrieval_rank／textへ正規化します を区別し、この文が断定する empirical_result=true と関係 NOT_APPLICABLE について、資料候補の記録は SRC-178 https://docs.aws.amazon.com/bedrock/latest/APIReference/API_agent-runtime_RetrieveAndGenerate.html — official_spec_page inspected 2026-08-15; 現主張への直接locatorは未確定 ですが、現主張を再特定する直接locatorは未確定です。そこで主体・対象・条件を保った 分離型では、Retrieveのtext、location、metadata、scoreを受け取り、citation_id、chunk_id、document_id、version、source_uri、retrieval_rank、textへ正規化します。 へ変更し、未確認の一般化または因果を本文から外すためREWRITE_REQUIREDと判定します。,分離型では、Retrieveの結果からtext、location、metadata、scoreを受け取り、citationid、chunkid、documentid、version、sourceuri、retrievalrank、textへ正規化します。 判断対象は、分離型では、Retrieveのtext、location、metadata、scoreを受け取り、citation_id、chunk_id、document_id、version、source_uri、retrieval_rank、textへ正規化することに限定した修正です。現文のempirical_result=trueと関係NOT_APPLICABLEには、候補資料は記録されていますが、現主張を再特定する直接locatorは未確定です。修正後は次の文とします。分離型では、Retrieveのtext、location、metadata、scoreを受け取り、citation_id、chunk_id、document_id、version、source_uri、retrieval_rank、textへ正規化します。 この限定で主体・対象・条件を保ちながら未確認の一般化または因果を除くため、REWRITE_REQUIREDと判定します。,SENT-0232の規則種別、受入条件、例外境界を完成した日本語で説明し、slash連結された理由文を除去する。
SENT-0235,normative_criteria,検証対象は次の条件です: 各根拠を ... のように識別し／回答の各主張へE01形式のcitation IDを付けるようにします。当該規則に列挙したID、version、artifactを必須schema fieldにし、任意のanswer/citationからsource document、original span、chunk、retrieval rank、configuration versionへ欠損なく到達できることを確認する。,各根拠を ... のように識別し、回答の各主張へE01形式のcitation IDを付けるようにすることを定める追跡性・証跡管理規則について、この規則に列挙したID、version、artifactを必須schema fieldにし、任意のanswer/citationからsource document、original span、chunk、retrieval rank、configuration versionへ欠損なく到達できることを確認する。,SENT-0235の主体、観測方法、合格条件または例外契機を通常の日本語で明示し、payload注入型の共通shellを除去する。
SENT-0235,exceptions,例外判断で参照する条件は次のとおりです: 各根拠を ... のように識別し／回答の各主張へE01形式のcitation IDを付けるようにします。当該規則の値に個人情報または保存期限の制約がある場合は仮名化・分離保管へ置換できるが、source/version/spanを復元する承認済み対応表は保持する。,各根拠を ... のように識別し、回答の各主張へE01形式のcitation IDを付けるようにすることを定める追跡性・証跡管理規則の例外として、対象値に個人情報または保存期限の制約がある場合は仮名化・分離保管へ置換できるが、source/version/spanを復元する承認済み対応表は保持する。,SENT-0235の主体、観測方法、合格条件または例外契機を通常の日本語で明示し、payload注入型の共通shellを除去する。
SENT-0235,verdict_reason,各根拠を ... のように識別し、回答の各主張へE01形式のcitation IDを付けるようにします。 この記述は 各根拠を ... のように識別し／回答の各主張へE01形式のcitation IDを付けるようにします を本ガイドの設計・評価・運用へ適用する規則で、外部研究の効果を一般化する文ではありません。履行を 検証対象は次の条件です: 各根拠を ... のように識別し／回答の各主張へE01形式のcitation IDを付けるようにします。当該規則に列挙したID、version、artifactを必須schema fieldにし、任意のanswer/citationからsource document、original span、chunk、retrieval rank、configuration versionへ欠損なく到達できることを確認する。 により観測し、適用除外を 例外判断で参照する条件は次のとおりです: 各根拠を ... のように識別し／回答の各主張へE01形式のcitation IDを付けるようにします。当該規則の値に個人情報または保存期限の制約がある場合は仮名化・分離保管へ置換できるが、source/version/spanを復元する承認済み対応表は保持する。 に限定できるため、APPROPRIATE_NORMATIVEと判定します。,各根拠を ... のように識別し、回答の各主張へE01形式のcitation IDを付けるようにします。 判断対象は、各根拠を ... のように識別し、回答の各主張へE01形式のcitation IDを付けるようにすることを定める追跡性・証跡管理規則です。外部資料から一般的な効果を導くのではなく、次の検査を受入条件とします。各根拠を ... のように識別し、回答の各主張へE01形式のcitation IDを付けるようにすることを定める追跡性・証跡管理規則について、この規則に列挙したID、version、artifactを必須schema fieldにし、任意のanswer/citationからsource document、original span、chunk、retrieval rank、configuration versionへ欠損なく到達できることを確認する。 適用除外は次の場合に限定します。各根拠を ... のように識別し、回答の各主張へE01形式のcitation IDを付けるようにすることを定める追跡性・証跡管理規則の例外として、対象値に個人情報または保存期限の制約がある場合は仮名化・分離保管へ置換できるが、source/version/spanを復元する承認済み対応表は保持する。 受入条件と例外境界を台帳で検査できるため、APPROPRIATE_NORMATIVEと判定します。,SENT-0235の規則種別、受入条件、例外境界を完成した日本語で説明し、slash連結された理由文を除去する。
SENT-0240,normative_criteria,検証対象は次の条件です: JSON Schemaで出力を制約できるmodelとregionは利用時点の対応状況を確認し／非対応の場合もアプリケーション側で同じschemaを検証します。当該規則に列挙したdimension、field名、metadata型をdeployment manifestと実index schemaで照合し、不一致構成が接続testで拒否されることを確認する。,JSON Schemaで出力を制約できるmodelとregionは利用時点の対応状況を確認し、非対応の場合もアプリケーション側で同じschemaを検証することを定める構成・設定規則について、この規則に列挙したdimension、field名、metadata型をdeployment manifestと実index schemaで照合し、不一致構成が接続testで拒否されることを確認する。,SENT-0240の主体、観測方法、合格条件または例外契機を通常の日本語で明示し、payload注入型の共通shellを除去する。
SENT-0240,exceptions,例外判断で参照する条件は次のとおりです: JSON Schemaで出力を制約できるmodelとregionは利用時点の対応状況を確認し／非対応の場合もアプリケーション側で同じschemaを検証します。当該規則のservice/APIが対象region/versionで非対応または仕様変更済みの場合はその構成を有効化せず、対応機能へ切り替えて同じintegration testを再実行する。,JSON Schemaで出力を制約できるmodelとregionは利用時点の対応状況を確認し、非対応の場合もアプリケーション側で同じschemaを検証することを定める構成・設定規則の例外として、対象service/APIが対象region/versionで非対応または仕様変更済みの場合はその構成を有効化せず、対応機能へ切り替えて同じintegration testを再実行する。,SENT-0240の主体、観測方法、合格条件または例外契機を通常の日本語で明示し、payload注入型の共通shellを除去する。
SENT-0240,verdict_reason,JSON Schemaで出力を制約できるmodelとregionは利用時点の対応状況を確認し、非対応の場合もアプリケーション側で同じschemaを検証します。 この記述は JSON Schemaで出力を制約できるmodelとregionは利用時点の対応状況を確認し／非対応の場合もアプリケーション側で同じschemaを検証します を本ガイドの設計・評価・運用へ適用する規則で、外部研究の効果を一般化する文ではありません。履行を 検証対象は次の条件です: JSON Schemaで出力を制約できるmodelとregionは利用時点の対応状況を確認し／非対応の場合もアプリケーション側で同じschemaを検証します。当該規則に列挙したdimension、field名、metadata型をdeployment manifestと実index schemaで照合し、不一致構成が接続testで拒否されることを確認する。 により観測し、適用除外を 例外判断で参照する条件は次のとおりです: JSON Schemaで出力を制約できるmodelとregionは利用時点の対応状況を確認し／非対応の場合もアプリケーション側で同じschemaを検証します。当該規則のservice/APIが対象region/versionで非対応または仕様変更済みの場合はその構成を有効化せず、対応機能へ切り替えて同じintegration testを再実行する。 に限定できるため、APPROPRIATE_NORMATIVEと判定します。,JSON Schemaで出力を制約できるmodelとregionは利用時点の対応状況を確認し、非対応の場合もアプリケーション側で同じschemaを検証します。 判断対象は、JSON Schemaで出力を制約できるmodelとregionは利用時点の対応状況を確認し、非対応の場合もアプリケーション側で同じschemaを検証することを定める構成・設定規則です。外部資料から一般的な効果を導くのではなく、次の検査を受入条件とします。JSON Schemaで出力を制約できるmodelとregionは利用時点の対応状況を確認し、非対応の場合もアプリケーション側で同じschemaを検証することを定める構成・設定規則について、この規則に列挙したdimension、field名、metadata型をdeployment manifestと実index schemaで照合し、不一致構成が接続testで拒否されることを確認する。 適用除外は次の場合に限定します。JSON Schemaで出力を制約できるmodelとregionは利用時点の対応状況を確認し、非対応の場合もアプリケーション側で同じschemaを検証することを定める構成・設定規則の例外として、対象service/APIが対象region/versionで非対応または仕様変更済みの場合はその構成を有効化せず、対応機能へ切り替えて同じintegration testを再実行する。 受入条件と例外境界を台帳で検査できるため、APPROPRIATE_NORMATIVEと判定します。,SENT-0240の規則種別、受入条件、例外境界を完成した日本語で説明し、slash連結された理由文を除去する。
SENT-0245,verdict_reason,RAG固有のcitation検査、claim support、answerabilityは[根拠に基づく回答](../6.根拠に基づいて回答する/序文.md)の基準で別に実装します。 この記述は RAG固有のcitation検査／claim support／answerabilityは根拠に基づく回答の基準で別に実装します を本ガイドの設計・評価・運用へ適用する規則で、外部研究の効果を一般化する文ではありません。履行を RAG回答の検証ではcitation locatorの到達可能性、各claimの根拠支持、answerability判定を別々のtest IDで実行し、三検査の結果を同じanswer IDへ保存する。 により観測し、適用除外を 挨拶や画面操作案内など外部根拠を要しない文はclaim supportの分母から除外できるが、除外理由をclaim typeとして記録する。 に限定できるため、APPROPRIATE_NORMATIVEと判定します。,RAG固有のcitation検査、claim support、answerabilityは[根拠に基づく回答](../6.根拠に基づいて回答する/序文.md)の基準で別に実装します。 判断対象は、RAG固有のcitation検査、claim support、answerabilityは[根拠に基づく回答](../6.根拠に基づいて回答する/序文.md)の基準で別に実装することを定める追跡性・証跡管理規則です。外部資料から一般的な効果を導くのではなく、次の検査を受入条件とします。RAG回答の検証ではcitation locatorの到達可能性、各claimの根拠支持、answerability判定を別々のtest IDで実行し、三検査の結果を同じanswer IDへ保存する。 適用除外は次の場合に限定します。挨拶や画面操作案内など外部根拠を要しない文はclaim supportの分母から除外できるが、除外理由をclaim typeとして記録する。 受入条件と例外境界を台帳で検査できるため、APPROPRIATE_NORMATIVEと判定します。,SENT-0245の規則種別、受入条件、例外境界を完成した日本語で説明し、slash連結された理由文を除去する。
SENT-0246,normative_criteria,検証対象は次の条件です: 評価データをS3へ置き／Knowledge BaseのRAG評価で検索だけの評価と／検索から生成までの評価を分けます。本文に列挙した対象・条件・指標を個別fieldへ保存し、同一runの実装結果または評価結果と一致することを確認する。,評価データをS3へ置き、Knowledge BaseのRAG評価で検索だけの評価と、検索から生成までの評価を分けることを定める評価・採否規則について、本文に列挙した対象・条件・指標を個別fieldへ保存し、同一runの実装結果または評価結果と一致することを確認する。,SENT-0246の主体、観測方法、合格条件または例外契機を通常の日本語で明示し、payload注入型の共通shellを除去する。
SENT-0246,exceptions,例外判断で参照する条件は次のとおりです: 評価データをS3へ置き／Knowledge BaseのRAG評価で検索だけの評価と／検索から生成までの評価を分けます。当該規則を評価するgold evidenceがないslice、標本不足のslice、負荷条件が異なるrunは合否集計から分離し、他sliceの平均結果を外挿しない。,評価データをS3へ置き、Knowledge BaseのRAG評価で検索だけの評価と、検索から生成までの評価を分けることを定める評価・採否規則の例外として、判定に必要なgold evidenceがないslice、標本不足のslice、負荷条件が異なるrunは合否集計から分離し、他sliceの平均結果を外挿しない。,SENT-0246の主体、観測方法、合格条件または例外契機を通常の日本語で明示し、payload注入型の共通shellを除去する。
SENT-0246,verdict_reason,評価データをS3へ置き、Knowledge BaseのRAG評価で検索だけの評価と、検索から生成までの評価を分けます。 この記述は 評価データをS3へ置き／Knowledge BaseのRAG評価で検索だけの評価と／検索から生成までの評価を分けます を本ガイドの設計・評価・運用へ適用する規則で、外部研究の効果を一般化する文ではありません。履行を 検証対象は次の条件です: 評価データをS3へ置き／Knowledge BaseのRAG評価で検索だけの評価と／検索から生成までの評価を分けます。本文に列挙した対象・条件・指標を個別fieldへ保存し、同一runの実装結果または評価結果と一致することを確認する。 により観測し、適用除外を 例外判断で参照する条件は次のとおりです: 評価データをS3へ置き／Knowledge BaseのRAG評価で検索だけの評価と／検索から生成までの評価を分けます。当該規則を評価するgold evidenceがないslice、標本不足のslice、負荷条件が異なるrunは合否集計から分離し、他sliceの平均結果を外挿しない。 に限定できるため、APPROPRIATE_NORMATIVEと判定します。,評価データをS3へ置き、Knowledge BaseのRAG評価で検索だけの評価と、検索から生成までの評価を分けます。 判断対象は、評価データをS3へ置き、Knowledge BaseのRAG評価で検索だけの評価と、検索から生成までの評価を分けることを定める評価・採否規則です。外部資料から一般的な効果を導くのではなく、次の検査を受入条件とします。評価データをS3へ置き、Knowledge BaseのRAG評価で検索だけの評価と、検索から生成までの評価を分けることを定める評価・採否規則について、本文に列挙した対象・条件・指標を個別fieldへ保存し、同一runの実装結果または評価結果と一致することを確認する。 適用除外は次の場合に限定します。評価データをS3へ置き、Knowledge BaseのRAG評価で検索だけの評価と、検索から生成までの評価を分けることを定める評価・採否規則の例外として、判定に必要なgold evidenceがないslice、標本不足のslice、負荷条件が異なるrunは合否集計から分離し、他sliceの平均結果を外挿しない。 受入条件と例外境界を台帳で検査できるため、APPROPRIATE_NORMATIVEと判定します。,SENT-0246の規則種別、受入条件、例外境界を完成した日本語で説明し、slash連結された理由文を除去する。
SENT-0247,verdict_reason,Bedrock Evaluationsの結果に加え、[品質評価](../7.品質を評価し改善する/序文.md)で定義したgold evidence、回答保留、citation correctnessを同じdataset IDへ結び付けます。 この記述は Bedrock Evaluationsの結果に加え／品質評価で定義したgold evidence／回答保留／citation correctnessを同じdataset IDへ結び付けます を本ガイドの設計・評価・運用へ適用する規則で、外部研究の効果を一般化する文ではありません。履行を Bedrock Evaluationsの結果に加え、[品質評価](../7.品質を評価し改善する/序文.md)で定義したgold evidence、回答保留、citation correctnessを同じdataset IDへ結び付けます。 品質評価への参照 ../7.品質を評価し改善する/序文.md がrepository内で解決し、リンク先に本文が案内する定義・評価手順が存在することをlink checkと章レビューで確認します。 により観測し、適用除外を Bedrock Evaluationsの結果に加え、[品質評価](../7.品質を評価し改善する/序文.md)で定義したgold evidence、回答保留、citation correctnessを同じdataset IDへ結び付けます。 章名またはfile pathを変更する場合は、品質評価への全参照を同じ変更で更新し、旧参照が一件も残らないことをlink checkで確認した場合に限って新しい参照先を使えます。 に限定できるため、APPROPRIATE_NORMATIVEと判定します。,Bedrock Evaluationsの結果に加え、[品質評価](../7.品質を評価し改善する/序文.md)で定義したgold evidence、回答保留、citation correctnessを同じdataset IDへ結び付けます。 判断対象は、Bedrock Evaluationsの結果に加え、[品質評価](../7.品質を評価し改善する/序文.md)で定義したgold evidence、回答保留、citation correctnessを同じdataset IDへ結び付けることを定める評価・採否規則です。外部資料から一般的な効果を導くのではなく、次の検査を受入条件とします。Bedrock Evaluationsの結果に加え、[品質評価](../7.品質を評価し改善する/序文.md)で定義したgold evidence、回答保留、citation correctnessを同じdataset IDへ結び付けます。 品質評価への参照 ../7.品質を評価し改善する/序文.md がrepository内で解決し、リンク先に本文が案内する定義・評価手順が存在することをlink checkと章レビューで確認します。 適用除外は次の場合に限定します。Bedrock Evaluationsの結果に加え、[品質評価](../7.品質を評価し改善する/序文.md)で定義したgold evidence、回答保留、citation correctnessを同じdataset IDへ結び付けます。 章名またはfile pathを変更する場合は、品質評価への全参照を同じ変更で更新し、旧参照が一件も残らないことをlink checkで確認した場合に限って新しい参照先を使えます。 受入条件と例外境界を台帳で検査できるため、APPROPRIATE_NORMATIVEと判定します。,SENT-0247の規則種別、受入条件、例外境界を完成した日本語で説明し、slash連結された理由文を除去する。
SENT-0257,normative_criteria,検証対象は次の条件です: 初期の公開基準例は／gold evidenceに対するRecall@20／rerank後の上位5件のcoverage／citation correctness／answerable判定／p95 latency／質問当たり費用です。当該規則に含まれるretriever、candidate数、rank処理を固定したtest queryを実行し、統合前後のcandidate ID・rank・score変換が記述した順序と選択規則に一致することを確認する。,初期の公開基準例は、gold evidenceに対するRecall@20、rerank後の上位5件のcoverage、citation correctness、answerable判定、p95 latency、質問当たり費用であることを定める評価・採否規則について、この規則に含まれるretriever、candidate数、rank処理を固定したtest queryを実行し、統合前後のcandidate ID・rank・score変換が記述した順序と選択規則に一致することを確認する。,SENT-0257の主体、観測方法、合格条件または例外契機を通常の日本語で明示し、payload注入型の共通shellを除去する。
SENT-0257,exceptions,例外判断で参照する条件は次のとおりです: 初期の公開基準例は／gold evidenceに対するRecall@20／rerank後の上位5件のcoverage／citation correctness／answerable判定／p95 latency／質問当たり費用です。当該規則の初期値・候補は対象datasetで再調整できるが、変更値、baseline、採用理由を同じresult tableへ残し、未比較の値を既定値として固定しない。,初期の公開基準例は、gold evidenceに対するRecall@20、rerank後の上位5件のcoverage、citation correctness、answerable判定、p95 latency、質問当たり費用であることを定める評価・採否規則の例外として、初期値・候補は対象datasetで再調整できるが、変更値、baseline、採用理由を同じresult tableへ残し、未比較の値を既定値として固定しない。,SENT-0257の主体、観測方法、合格条件または例外契機を通常の日本語で明示し、payload注入型の共通shellを除去する。
SENT-0257,verdict_reason,初期の公開基準例は、gold evidenceに対するRecall@20、rerank後の上位5件のcoverage、citation correctness、answerable判定、p95 latency、質問当たり費用です。 この記述は 初期の公開基準例は／gold evidenceに対するRecall@20／rerank後の上位5件のcoverage／citation correctness／answerable判定／p95 latency／質問当たり費用です を本ガイドの設計・評価・運用へ適用する規則で、外部研究の効果を一般化する文ではありません。履行を 検証対象は次の条件です: 初期の公開基準例は／gold evidenceに対するRecall@20／rerank後の上位5件のcoverage／citation correctness／answerable判定／p95 latency／質問当たり費用です。当該規則に含まれるretriever、candidate数、rank処理を固定したtest queryを実行し、統合前後のcandidate ID・rank・score変換が記述した順序と選択規則に一致することを確認する。 により観測し、適用除外を 例外判断で参照する条件は次のとおりです: 初期の公開基準例は／gold evidenceに対するRecall@20／rerank後の上位5件のcoverage／citation correctness／answerable判定／p95 latency／質問当たり費用です。当該規則の初期値・候補は対象datasetで再調整できるが、変更値、baseline、採用理由を同じresult tableへ残し、未比較の値を既定値として固定しない。 に限定できるため、APPROPRIATE_NORMATIVEと判定します。,初期の公開基準例は、gold evidenceに対するRecall@20、rerank後の上位5件のcoverage、citation correctness、answerable判定、p95 latency、質問当たり費用です。 判断対象は、初期の公開基準例は、gold evidenceに対するRecall@20、rerank後の上位5件のcoverage、citation correctness、answerable判定、p95 latency、質問当たり費用であることを定める評価・採否規則です。外部資料から一般的な効果を導くのではなく、次の検査を受入条件とします。初期の公開基準例は、gold evidenceに対するRecall@20、rerank後の上位5件のcoverage、citation correctness、answerable判定、p95 latency、質問当たり費用であることを定める評価・採否規則について、この規則に含まれるretriever、candidate数、rank処理を固定したtest queryを実行し、統合前後のcandidate ID・rank・score変換が記述した順序と選択規則に一致することを確認する。 適用除外は次の場合に限定します。初期の公開基準例は、gold evidenceに対するRecall@20、rerank後の上位5件のcoverage、citation correctness、answerable判定、p95 latency、質問当たり費用であることを定める評価・採否規則の例外として、初期値・候補は対象datasetで再調整できるが、変更値、baseline、採用理由を同じresult tableへ残し、未比較の値を既定値として固定しない。 受入条件と例外境界を台帳で検査できるため、APPROPRIATE_NORMATIVEと判定します。,SENT-0257の規則種別、受入条件、例外境界を完成した日本語で説明し、slash連結された理由文を除去する。
SENT-0269,normative_criteria,検証対象は次の条件です: Amazon OpenSearch Serverlessを使う場合／indexはfaiss engineで作成し／embedding modelと同じdimensionのvector field／raw chunkを保存するfilterableなtext field／filter対象metadata／Bedrock metadata fieldを定義します。当該規則に列挙したdimension、field名、metadata型をdeployment manifestと実index schemaで照合し、不一致構成が接続testで拒否されることを確認する。,Amazon OpenSearch Serverlessを使う場合、indexはfaiss engineで作成し、embedding modelと同じdimensionのvector field、raw chunkを保存するfilterableなtext field、filter対象metadata、Bedrock metadata fieldを定義することを定める用語・工程定義について、この規則に列挙したdimension、field名、metadata型をdeployment manifestと実index schemaで照合し、不一致構成が接続testで拒否されることを確認する。,SENT-0269の主体、観測方法、合格条件または例外契機を通常の日本語で明示し、payload注入型の共通shellを除去する。
SENT-0269,exceptions,例外判断で参照する条件は次のとおりです: Amazon OpenSearch Serverlessを使う場合／indexはfaiss engineで作成し／embedding modelと同じdimensionのvector field／raw chunkを保存するfilterableなtext field／filter対象metadata／Bedrock metadata fieldを定義します。当該規則のservice/APIが対象region/versionで非対応または仕様変更済みの場合はその構成を有効化せず、対応機能へ切り替えて同じintegration testを再実行する。,Amazon OpenSearch Serverlessを使う場合、indexはfaiss engineで作成し、embedding modelと同じdimensionのvector field、raw chunkを保存するfilterableなtext field、filter対象metadata、Bedrock metadata fieldを定義することを定める用語・工程定義の例外として、対象service/APIが対象region/versionで非対応または仕様変更済みの場合はその構成を有効化せず、対応機能へ切り替えて同じintegration testを再実行する。,SENT-0269の主体、観測方法、合格条件または例外契機を通常の日本語で明示し、payload注入型の共通shellを除去する。
SENT-0269,verdict_reason,Amazon OpenSearch Serverlessを使う場合、indexはfaiss engineで作成し、embedding modelと同じdimensionのvector field、raw chunkを保存するfilterableなtext field、filter対象metadata、Bedrock metadata fieldを定義します。 この記述は Amazon OpenSearch Serverlessを使う場合／indexはfaiss engineで作成し／embedding modelと同じdimensionのvector field／raw chunkを保存するfilterableなtext field／filter対象metadata／Bedrock metadata fieldを定義します を本ガイドの設計・評価・運用へ適用する規則で、外部研究の効果を一般化する文ではありません。履行を 検証対象は次の条件です: Amazon OpenSearch Serverlessを使う場合／indexはfaiss engineで作成し／embedding modelと同じdimensionのvector field／raw chunkを保存するfilterableなtext field／filter対象metadata／Bedrock metadata fieldを定義します。当該規則に列挙したdimension、field名、metadata型をdeployment manifestと実index schemaで照合し、不一致構成が接続testで拒否されることを確認する。 により観測し、適用除外を 例外判断で参照する条件は次のとおりです: Amazon OpenSearch Serverlessを使う場合／indexはfaiss engineで作成し／embedding modelと同じdimensionのvector field／raw chunkを保存するfilterableなtext field／filter対象metadata／Bedrock metadata fieldを定義します。当該規則のservice/APIが対象region/versionで非対応または仕様変更済みの場合はその構成を有効化せず、対応機能へ切り替えて同じintegration testを再実行する。 に限定できるため、APPROPRIATE_NORMATIVEと判定します。,Amazon OpenSearch Serverlessを使う場合、indexはfaiss engineで作成し、embedding modelと同じdimensionのvector field、raw chunkを保存するfilterableなtext field、filter対象metadata、Bedrock metadata fieldを定義します。 判断対象は、Amazon OpenSearch Serverlessを使う場合、indexはfaiss engineで作成し、embedding modelと同じdimensionのvector field、raw chunkを保存するfilterableなtext field、filter対象metadata、Bedrock metadata fieldを定義することを定める用語・工程定義です。外部資料から一般的な効果を導くのではなく、次の検査を受入条件とします。Amazon OpenSearch Serverlessを使う場合、indexはfaiss engineで作成し、embedding modelと同じdimensionのvector field、raw chunkを保存するfilterableなtext field、filter対象metadata、Bedrock metadata fieldを定義することを定める用語・工程定義について、この規則に列挙したdimension、field名、metadata型をdeployment manifestと実index schemaで照合し、不一致構成が接続testで拒否されることを確認する。 適用除外は次の場合に限定します。Amazon OpenSearch Serverlessを使う場合、indexはfaiss engineで作成し、embedding modelと同じdimensionのvector field、raw chunkを保存するfilterableなtext field、filter対象metadata、Bedrock metadata fieldを定義することを定める用語・工程定義の例外として、対象service/APIが対象region/versionで非対応または仕様変更済みの場合はその構成を有効化せず、対応機能へ切り替えて同じintegration testを再実行する。 受入条件と例外境界を台帳で検査できるため、APPROPRIATE_NORMATIVEと判定します。,SENT-0269の規則種別、受入条件、例外境界を完成した日本語で説明し、slash連結された理由文を除去する。
SENT-0274,normative_criteria,検証対象は次の条件です: 固有名詞／識別子／表記揺れを含むqueryでRecallが改善するかを同じcandidate数で確認します。本文に列挙した対象・条件・指標を個別fieldへ保存し、同一runの実装結果または評価結果と一致することを確認する。,固有名詞、識別子、表記揺れを含むqueryでRecallが改善するかを同じcandidate数で確認することを定める評価・採否規則について、本文に列挙した対象・条件・指標を個別fieldへ保存し、同一runの実装結果または評価結果と一致することを確認する。,SENT-0274の主体、観測方法、合格条件または例外契機を通常の日本語で明示し、payload注入型の共通shellを除去する。
SENT-0274,exceptions,例外判断で参照する条件は次のとおりです: 固有名詞／識別子／表記揺れを含むqueryでRecallが改善するかを同じcandidate数で確認します。当該規則を評価するgold evidenceがないslice、標本不足のslice、負荷条件が異なるrunは合否集計から分離し、他sliceの平均結果を外挿しない。,固有名詞、識別子、表記揺れを含むqueryでRecallが改善するかを同じcandidate数で確認することを定める評価・採否規則の例外として、判定に必要なgold evidenceがないslice、標本不足のslice、負荷条件が異なるrunは合否集計から分離し、他sliceの平均結果を外挿しない。,SENT-0274の主体、観測方法、合格条件または例外契機を通常の日本語で明示し、payload注入型の共通shellを除去する。
SENT-0274,verdict_reason,固有名詞、識別子、表記揺れを含むqueryでRecallが改善するかを同じcandidate数で確認します。 この記述は 固有名詞／識別子／表記揺れを含むqueryでRecallが改善するかを同じcandidate数で確認します を本ガイドの設計・評価・運用へ適用する規則で、外部研究の効果を一般化する文ではありません。履行を 検証対象は次の条件です: 固有名詞／識別子／表記揺れを含むqueryでRecallが改善するかを同じcandidate数で確認します。本文に列挙した対象・条件・指標を個別fieldへ保存し、同一runの実装結果または評価結果と一致することを確認する。 により観測し、適用除外を 例外判断で参照する条件は次のとおりです: 固有名詞／識別子／表記揺れを含むqueryでRecallが改善するかを同じcandidate数で確認します。当該規則を評価するgold evidenceがないslice、標本不足のslice、負荷条件が異なるrunは合否集計から分離し、他sliceの平均結果を外挿しない。 に限定できるため、APPROPRIATE_NORMATIVEと判定します。,固有名詞、識別子、表記揺れを含むqueryでRecallが改善するかを同じcandidate数で確認します。 判断対象は、固有名詞、識別子、表記揺れを含むqueryでRecallが改善するかを同じcandidate数で確認することを定める評価・採否規則です。外部資料から一般的な効果を導くのではなく、次の検査を受入条件とします。固有名詞、識別子、表記揺れを含むqueryでRecallが改善するかを同じcandidate数で確認することを定める評価・採否規則について、本文に列挙した対象・条件・指標を個別fieldへ保存し、同一runの実装結果または評価結果と一致することを確認する。 適用除外は次の場合に限定します。固有名詞、識別子、表記揺れを含むqueryでRecallが改善するかを同じcandidate数で確認することを定める評価・採否規則の例外として、判定に必要なgold evidenceがないslice、標本不足のslice、負荷条件が異なるrunは合否集計から分離し、他sliceの平均結果を外挿しない。 受入条件と例外境界を台帳で検査できるため、APPROPRIATE_NORMATIVEと判定します。,SENT-0274の規則種別、受入条件、例外境界を完成した日本語で説明し、slash連結された理由文を除去する。
SENT-0278,normative_criteria,検証対象は次の条件です: 初期値として各20件を取得し／RRFで20件へ統合してから5件へrerankします。当該規則の統合規則をversion管理し、複数retrieverが返す既知rank listから期待するcandidate順序を再現し、生scoreの無条件加算や重複candidateが発生しないことを確認する。,初期値として各20件を取得し、RRFで20件へ統合してから5件へrerankすることを定める検索・経路選択規則について、この規則の統合規則をversion管理し、複数retrieverが返す既知rank listから期待するcandidate順序を再現し、生scoreの無条件加算や重複candidateが発生しないことを確認する。,SENT-0278の主体、観測方法、合格条件または例外契機を通常の日本語で明示し、payload注入型の共通shellを除去する。
SENT-0278,exceptions,例外判断で参照する条件は次のとおりです: 初期値として各20件を取得し／RRFで20件へ統合してから5件へrerankします。当該規則と異なる統合方式はcalibration済みscoreまたは別rerankerとしてversion管理できるが、未調整の異尺度scoreを黙って直接加算しない。,初期値として各20件を取得し、RRFで20件へ統合してから5件へrerankすることを定める検索・経路選択規則の例外として、この規則と異なる統合方式はcalibration済みscoreまたは別rerankerとしてversion管理できるが、未調整の異尺度scoreを黙って直接加算しない。,SENT-0278の主体、観測方法、合格条件または例外契機を通常の日本語で明示し、payload注入型の共通shellを除去する。
SENT-0278,verdict_reason,初期値として各20件を取得し、RRFで20件へ統合してから5件へrerankします。 この記述は 初期値として各20件を取得し／RRFで20件へ統合してから5件へrerankします を本ガイドの設計・評価・運用へ適用する規則で、外部研究の効果を一般化する文ではありません。履行を 検証対象は次の条件です: 初期値として各20件を取得し／RRFで20件へ統合してから5件へrerankします。当該規則の統合規則をversion管理し、複数retrieverが返す既知rank listから期待するcandidate順序を再現し、生scoreの無条件加算や重複candidateが発生しないことを確認する。 により観測し、適用除外を 例外判断で参照する条件は次のとおりです: 初期値として各20件を取得し／RRFで20件へ統合してから5件へrerankします。当該規則と異なる統合方式はcalibration済みscoreまたは別rerankerとしてversion管理できるが、未調整の異尺度scoreを黙って直接加算しない。 に限定できるため、APPROPRIATE_NORMATIVEと判定します。,初期値として各20件を取得し、RRFで20件へ統合してから5件へrerankします。 判断対象は、初期値として各20件を取得し、RRFで20件へ統合してから5件へrerankすることを定める検索・経路選択規則です。外部資料から一般的な効果を導くのではなく、次の検査を受入条件とします。初期値として各20件を取得し、RRFで20件へ統合してから5件へrerankすることを定める検索・経路選択規則について、この規則の統合規則をversion管理し、複数retrieverが返す既知rank listから期待するcandidate順序を再現し、生scoreの無条件加算や重複candidateが発生しないことを確認する。 適用除外は次の場合に限定します。初期値として各20件を取得し、RRFで20件へ統合してから5件へrerankすることを定める検索・経路選択規則の例外として、この規則と異なる統合方式はcalibration済みscoreまたは別rerankerとしてversion管理できるが、未調整の異尺度scoreを黙って直接加算しない。 受入条件と例外境界を台帳で検査できるため、APPROPRIATE_NORMATIVEと判定します。,SENT-0278の規則種別、受入条件、例外境界を完成した日本語で説明し、slash連結された理由文を除去する。
SENT-0279,normative_criteria,検証対象は次の条件です: denseのみ／BM25のみ／統合後を別々に記録し／各retrieverのtimeoutと部分失敗も評価します。当該規則で列挙した記録項目を同じrun IDへ保存し、各項目が欠損せず、変更前後の差分をquestionまたはdocument単位で逆引きできることを確認する。,denseのみ、BM25のみ、統合後を別々に記録し、各retrieverのtimeoutと部分失敗も評価することを定める評価・採否規則について、この規則で列挙した記録項目を同じrun IDへ保存し、各項目が欠損せず、変更前後の差分をquestionまたはdocument単位で逆引きできることを確認する。,SENT-0279の主体、観測方法、合格条件または例外契機を通常の日本語で明示し、payload注入型の共通shellを除去する。
SENT-0279,exceptions,例外判断で参照する条件は次のとおりです: denseのみ／BM25のみ／統合後を別々に記録し／各retrieverのtimeoutと部分失敗も評価します。当該規則を評価するgold evidenceがないslice、標本不足のslice、負荷条件が異なるrunは合否集計から分離し、他sliceの平均結果を外挿しない。,denseのみ、BM25のみ、統合後を別々に記録し、各retrieverのtimeoutと部分失敗も評価することを定める評価・採否規則の例外として、判定に必要なgold evidenceがないslice、標本不足のslice、負荷条件が異なるrunは合否集計から分離し、他sliceの平均結果を外挿しない。,SENT-0279の主体、観測方法、合格条件または例外契機を通常の日本語で明示し、payload注入型の共通shellを除去する。
SENT-0279,verdict_reason,denseのみ、BM25のみ、統合後を別々に記録し、各retrieverのtimeoutと部分失敗も評価します。 この記述は denseのみ／BM25のみ／統合後を別々に記録し／各retrieverのtimeoutと部分失敗も評価します を本ガイドの設計・評価・運用へ適用する規則で、外部研究の効果を一般化する文ではありません。履行を 検証対象は次の条件です: denseのみ／BM25のみ／統合後を別々に記録し／各retrieverのtimeoutと部分失敗も評価します。当該規則で列挙した記録項目を同じrun IDへ保存し、各項目が欠損せず、変更前後の差分をquestionまたはdocument単位で逆引きできることを確認する。 により観測し、適用除外を 例外判断で参照する条件は次のとおりです: denseのみ／BM25のみ／統合後を別々に記録し／各retrieverのtimeoutと部分失敗も評価します。当該規則を評価するgold evidenceがないslice、標本不足のslice、負荷条件が異なるrunは合否集計から分離し、他sliceの平均結果を外挿しない。 に限定できるため、APPROPRIATE_NORMATIVEと判定します。,denseのみ、BM25のみ、統合後を別々に記録し、各retrieverのtimeoutと部分失敗も評価します。 判断対象は、denseのみ、BM25のみ、統合後を別々に記録し、各retrieverのtimeoutと部分失敗も評価することを定める評価・採否規則です。外部資料から一般的な効果を導くのではなく、次の検査を受入条件とします。denseのみ、BM25のみ、統合後を別々に記録し、各retrieverのtimeoutと部分失敗も評価することを定める評価・採否規則について、この規則で列挙した記録項目を同じrun IDへ保存し、各項目が欠損せず、変更前後の差分をquestionまたはdocument単位で逆引きできることを確認する。 適用除外は次の場合に限定します。denseのみ、BM25のみ、統合後を別々に記録し、各retrieverのtimeoutと部分失敗も評価することを定める評価・採否規則の例外として、判定に必要なgold evidenceがないslice、標本不足のslice、負荷条件が異なるrunは合否集計から分離し、他sliceの平均結果を外挿しない。 受入条件と例外境界を台帳で検査できるため、APPROPRIATE_NORMATIVEと判定します。,SENT-0279の規則種別、受入条件、例外境界を完成した日本語で説明し、slash連結された理由文を除去する。
SENT-0282,verdict_reason,結果はsource scoreを直接加算せず、役割とprovenanceを持つEvidence Setへ変換します。 この記述は 検索器ごとの生スコアは直接加算せず／各候補をcitation_id／chunk_id／document_id／version／source_uri／retrieval_rank／text／roleを持つEvidence Setへ正規化します を本ガイドの設計・評価・運用へ適用する規則で、外部研究の効果を一般化する文ではありません。履行を 各候補に安定ID、検索器、元順位、元score、文書版、権限属性を付け、Evidence Setまでの変換をtraceで再現できること。 により観測し、適用除外を 共通尺度への校正方法と校正データを固定し、回帰試験で妥当性を確認したscoreだけは直接統合に利用できる。 に限定できるため、APPROPRIATE_NORMATIVEと判定します。,結果はsource scoreを直接加算せず、役割とprovenanceを持つEvidence Setへ変換します。 判断対象は、検索器ごとの生スコアは直接加算せず、各候補をcitation_id、chunk_id、document_id、version、source_uri、retrieval_rank、text、roleを持つEvidence Setへ正規化することを定める検索・経路選択規則です。外部資料から一般的な効果を導くのではなく、次の検査を受入条件とします。各候補に安定ID、検索器、元順位、元score、文書版、権限属性を付け、Evidence Setまでの変換をtraceで再現できること。 適用除外は次の場合に限定します。共通尺度への校正方法と校正データを固定し、回帰試験で妥当性を確認したscoreだけは直接統合に利用できる。 受入条件と例外境界を台帳で検査できるため、APPROPRIATE_NORMATIVEと判定します。,SENT-0282の規則種別、受入条件、例外境界を完成した日本語で説明し、slash連結された理由文を除去する。
SENT-0289,normative_criteria,検証対象は次の条件です: 表の値を答えるquery／図を探すquery／ページ全体の意味を問うqueryで評価し／text-onlyの基準を上回る処理だけを残します。本文に列挙した対象・条件・指標を個別fieldへ保存し、同一runの実装結果または評価結果と一致することを確認する。,表の値を答えるquery、図を探すquery、ページ全体の意味を問うqueryで評価し、text-onlyの基準を上回る処理だけを残すことを定める評価・採否規則について、本文に列挙した対象・条件・指標を個別fieldへ保存し、同一runの実装結果または評価結果と一致することを確認する。,SENT-0289の主体、観測方法、合格条件または例外契機を通常の日本語で明示し、payload注入型の共通shellを除去する。
SENT-0289,exceptions,例外判断で参照する条件は次のとおりです: 表の値を答えるquery／図を探すquery／ページ全体の意味を問うqueryで評価し／text-onlyの基準を上回る処理だけを残します。当該規則を評価するgold evidenceがないslice、標本不足のslice、負荷条件が異なるrunは合否集計から分離し、他sliceの平均結果を外挿しない。,表の値を答えるquery、図を探すquery、ページ全体の意味を問うqueryで評価し、text-onlyの基準を上回る処理だけを残すことを定める評価・採否規則の例外として、判定に必要なgold evidenceがないslice、標本不足のslice、負荷条件が異なるrunは合否集計から分離し、他sliceの平均結果を外挿しない。,SENT-0289の主体、観測方法、合格条件または例外契機を通常の日本語で明示し、payload注入型の共通shellを除去する。
SENT-0289,verdict_reason,表の値を答えるquery、図を探すquery、ページ全体の意味を問うqueryで評価し、text-onlyの基準を上回る処理だけを残します。 この記述は 表の値を答えるquery／図を探すquery／ページ全体の意味を問うqueryで評価し／text-onlyの基準を上回る処理だけを残します を本ガイドの設計・評価・運用へ適用する規則で、外部研究の効果を一般化する文ではありません。履行を 検証対象は次の条件です: 表の値を答えるquery／図を探すquery／ページ全体の意味を問うqueryで評価し／text-onlyの基準を上回る処理だけを残します。本文に列挙した対象・条件・指標を個別fieldへ保存し、同一runの実装結果または評価結果と一致することを確認する。 により観測し、適用除外を 例外判断で参照する条件は次のとおりです: 表の値を答えるquery／図を探すquery／ページ全体の意味を問うqueryで評価し／text-onlyの基準を上回る処理だけを残します。当該規則を評価するgold evidenceがないslice、標本不足のslice、負荷条件が異なるrunは合否集計から分離し、他sliceの平均結果を外挿しない。 に限定できるため、APPROPRIATE_NORMATIVEと判定します。,表の値を答えるquery、図を探すquery、ページ全体の意味を問うqueryで評価し、text-onlyの基準を上回る処理だけを残します。 判断対象は、表の値を答えるquery、図を探すquery、ページ全体の意味を問うqueryで評価し、text-onlyの基準を上回る処理だけを残すことを定める評価・採否規則です。外部資料から一般的な効果を導くのではなく、次の検査を受入条件とします。表の値を答えるquery、図を探すquery、ページ全体の意味を問うqueryで評価し、text-onlyの基準を上回る処理だけを残すことを定める評価・採否規則について、本文に列挙した対象・条件・指標を個別fieldへ保存し、同一runの実装結果または評価結果と一致することを確認する。 適用除外は次の場合に限定します。表の値を答えるquery、図を探すquery、ページ全体の意味を問うqueryで評価し、text-onlyの基準を上回る処理だけを残すことを定める評価・採否規則の例外として、判定に必要なgold evidenceがないslice、標本不足のslice、負荷条件が異なるrunは合否集計から分離し、他sliceの平均結果を外挿しない。 受入条件と例外境界を台帳で検査できるため、APPROPRIATE_NORMATIVEと判定します。,SENT-0289の規則種別、受入条件、例外境界を完成した日本語で説明し、slash連結された理由文を除去する。
SENT-0290,verdict_reason,Multimodal Knowledge Baseの対応parser、model、image保存先を実装時に確認します。 この記述は Multimodal Knowledge Baseの対応parser／model／image保存先を実装時に確認します を本ガイドの設計・評価・運用へ適用する規則で、外部研究の効果を一般化する文ではありません。履行を Multimodal Knowledge Baseについて、利用regionの対応parser、対応model、image保存先をdeployment manifestへ固定し、画像を含むfixtureの取り込み・検索・引用が成功することを確認してから有効化する。 により観測し、適用除外を parser、model、image保存先のいずれかが利用regionの公式仕様で確認できない場合はmultimodal経路を公開せず、text-only経路へ戻す。 に限定できるため、APPROPRIATE_NORMATIVEと判定します。,Multimodal Knowledge Baseの対応parser、model、image保存先を実装時に確認します。 判断対象は、Multimodal Knowledge Baseの対応parser、model、image保存先を実装時に確認することを定める構成・設定規則です。外部資料から一般的な効果を導くのではなく、次の検査を受入条件とします。Multimodal Knowledge Baseについて、利用regionの対応parser、対応model、image保存先をdeployment manifestへ固定し、画像を含むfixtureの取り込み・検索・引用が成功することを確認してから有効化する。 適用除外は次の場合に限定します。parser、model、image保存先のいずれかが利用regionの公式仕様で確認できない場合はmultimodal経路を公開せず、text-only経路へ戻す。 受入条件と例外境界を台帳で検査できるため、APPROPRIATE_NORMATIVEと判定します。,SENT-0290の規則種別、受入条件、例外境界を完成した日本語で説明し、slash連結された理由文を除去する。
SENT-0293,normative_criteria,検証対象は次の条件です: Managed Knowledge BaseではRetrieveAndGenerateを使用せず／検索にRetrieveまたはAgenticRetrieveStreamを使います。当該規則に含まれるservice、API、operator、region、versionをmanifestへ固定し、公式仕様の該当headingと実requestの成功・非対応errorが一致することを確認する。,Managed Knowledge BaseではRetrieveAndGenerateを使用せず、検索にRetrieveまたはAgenticRetrieveStreamを使うことを定める運用規則について、この規則に含まれるservice、API、operator、region、versionをmanifestへ固定し、公式仕様の該当headingと実requestの成功・非対応errorが一致することを確認する。,SENT-0293の主体、観測方法、合格条件または例外契機を通常の日本語で明示し、payload注入型の共通shellを除去する。
SENT-0293,exceptions,例外判断で参照する条件は次のとおりです: Managed Knowledge BaseではRetrieveAndGenerateを使用せず／検索にRetrieveまたはAgenticRetrieveStreamを使います。当該規則のservice/APIが対象region/versionで非対応または仕様変更済みの場合はその構成を有効化せず、対応機能へ切り替えて同じintegration testを再実行する。,Managed Knowledge BaseではRetrieveAndGenerateを使用せず、検索にRetrieveまたはAgenticRetrieveStreamを使うことを定める運用規則の例外として、対象service/APIが対象region/versionで非対応または仕様変更済みの場合はその構成を有効化せず、対応機能へ切り替えて同じintegration testを再実行する。,SENT-0293の主体、観測方法、合格条件または例外契機を通常の日本語で明示し、payload注入型の共通shellを除去する。
SENT-0293,verdict_reason,Managed Knowledge BaseではRetrieveAndGenerateを使用せず、検索にRetrieveまたはAgenticRetrieveStreamを使います。 この記述は Managed Knowledge BaseではRetrieveAndGenerateを使用せず／検索にRetrieveまたはAgenticRetrieveStreamを使います を本ガイドの設計・評価・運用へ適用する規則で、外部研究の効果を一般化する文ではありません。履行を 検証対象は次の条件です: Managed Knowledge BaseではRetrieveAndGenerateを使用せず／検索にRetrieveまたはAgenticRetrieveStreamを使います。当該規則に含まれるservice、API、operator、region、versionをmanifestへ固定し、公式仕様の該当headingと実requestの成功・非対応errorが一致することを確認する。 により観測し、適用除外を 例外判断で参照する条件は次のとおりです: Managed Knowledge BaseではRetrieveAndGenerateを使用せず／検索にRetrieveまたはAgenticRetrieveStreamを使います。当該規則のservice/APIが対象region/versionで非対応または仕様変更済みの場合はその構成を有効化せず、対応機能へ切り替えて同じintegration testを再実行する。 に限定できるため、APPROPRIATE_NORMATIVEと判定します。,Managed Knowledge BaseではRetrieveAndGenerateを使用せず、検索にRetrieveまたはAgenticRetrieveStreamを使います。 判断対象は、Managed Knowledge BaseではRetrieveAndGenerateを使用せず、検索にRetrieveまたはAgenticRetrieveStreamを使うことを定める運用規則です。外部資料から一般的な効果を導くのではなく、次の検査を受入条件とします。Managed Knowledge BaseではRetrieveAndGenerateを使用せず、検索にRetrieveまたはAgenticRetrieveStreamを使うことを定める運用規則について、この規則に含まれるservice、API、operator、region、versionをmanifestへ固定し、公式仕様の該当headingと実requestの成功・非対応errorが一致することを確認する。 適用除外は次の場合に限定します。Managed Knowledge BaseではRetrieveAndGenerateを使用せず、検索にRetrieveまたはAgenticRetrieveStreamを使うことを定める運用規則の例外として、対象service/APIが対象region/versionで非対応または仕様変更済みの場合はその構成を有効化せず、対応機能へ切り替えて同じintegration testを再実行する。 受入条件と例外境界を台帳で検査できるため、APPROPRIATE_NORMATIVEと判定します。,SENT-0293の規則種別、受入条件、例外境界を完成した日本語で説明し、slash連結された理由文を除去する。
SENT-0299,normative_criteria,検証対象は次の条件です: Amazon Bedrock Knowledge Basesを中心に／取り込み／検索／根拠整形／生成／評価をどこまでマネージド機能へ任せ／どこから独自処理へ分けるかを扱います。当該規則に示したservice経路を対象regionで一件ずつ実行し、各stageのrequest/response、artifact ID、failure responseを同じintegration traceへ保存する。,Amazon Bedrock Knowledge Basesを中心に、取り込み、検索、根拠整形、生成、評価をどこまでマネージド機能へ任せ、どこから独自処理へ分けるかを扱うことを定める評価・採否規則について、この規則に示したservice経路を対象regionで一件ずつ実行し、各stageのrequest/response、artifact ID、failure responseを同じintegration traceへ保存する。,SENT-0299の主体、観測方法、合格条件または例外契機を通常の日本語で明示し、payload注入型の共通shellを除去する。
SENT-0299,exceptions,例外判断で参照する条件は次のとおりです: Amazon Bedrock Knowledge Basesを中心に／取り込み／検索／根拠整形／生成／評価をどこまでマネージド機能へ任せ／どこから独自処理へ分けるかを扱います。当該規則のservice/APIが対象region/versionで非対応または仕様変更済みの場合はその構成を有効化せず、対応機能へ切り替えて同じintegration testを再実行する。,Amazon Bedrock Knowledge Basesを中心に、取り込み、検索、根拠整形、生成、評価をどこまでマネージド機能へ任せ、どこから独自処理へ分けるかを扱うことを定める評価・採否規則の例外として、対象service/APIが対象region/versionで非対応または仕様変更済みの場合はその構成を有効化せず、対応機能へ切り替えて同じintegration testを再実行する。,SENT-0299の主体、観測方法、合格条件または例外契機を通常の日本語で明示し、payload注入型の共通shellを除去する。
SENT-0299,verdict_reason,Amazon Bedrock Knowledge Basesを中心に、取り込み、検索、根拠整形、生成、評価をどこまでマネージド機能へ任せ、どこから独自処理へ分けるかを扱います。 この記述は Amazon Bedrock Knowledge Basesを中心に／取り込み／検索／根拠整形／生成／評価をどこまでマネージド機能へ任せ／どこから独自処理へ分けるかを扱います を本ガイドの設計・評価・運用へ適用する規則で、外部研究の効果を一般化する文ではありません。履行を 検証対象は次の条件です: Amazon Bedrock Knowledge Basesを中心に／取り込み／検索／根拠整形／生成／評価をどこまでマネージド機能へ任せ／どこから独自処理へ分けるかを扱います。当該規則に示したservice経路を対象regionで一件ずつ実行し、各stageのrequest/response、artifact ID、failure responseを同じintegration traceへ保存する。 により観測し、適用除外を 例外判断で参照する条件は次のとおりです: Amazon Bedrock Knowledge Basesを中心に／取り込み／検索／根拠整形／生成／評価をどこまでマネージド機能へ任せ／どこから独自処理へ分けるかを扱います。当該規則のservice/APIが対象region/versionで非対応または仕様変更済みの場合はその構成を有効化せず、対応機能へ切り替えて同じintegration testを再実行する。 に限定できるため、APPROPRIATE_NORMATIVEと判定します。,Amazon Bedrock Knowledge Basesを中心に、取り込み、検索、根拠整形、生成、評価をどこまでマネージド機能へ任せ、どこから独自処理へ分けるかを扱います。 判断対象は、Amazon Bedrock Knowledge Basesを中心に、取り込み、検索、根拠整形、生成、評価をどこまでマネージド機能へ任せ、どこから独自処理へ分けるかを扱うことを定める評価・採否規則です。外部資料から一般的な効果を導くのではなく、次の検査を受入条件とします。Amazon Bedrock Knowledge Basesを中心に、取り込み、検索、根拠整形、生成、評価をどこまでマネージド機能へ任せ、どこから独自処理へ分けるかを扱うことを定める評価・採否規則について、この規則に示したservice経路を対象regionで一件ずつ実行し、各stageのrequest/response、artifact ID、failure responseを同じintegration traceへ保存する。 適用除外は次の場合に限定します。Amazon Bedrock Knowledge Basesを中心に、取り込み、検索、根拠整形、生成、評価をどこまでマネージド機能へ任せ、どこから独自処理へ分けるかを扱うことを定める評価・採否規則の例外として、対象service/APIが対象region/versionで非対応または仕様変更済みの場合はその構成を有効化せず、対応機能へ切り替えて同じintegration testを再実行する。 受入条件と例外境界を台帳で検査できるため、APPROPRIATE_NORMATIVEと判定します。,SENT-0299の規則種別、受入条件、例外境界を完成した日本語で説明し、slash連結された理由文を除去する。
SENT-0304,normative_criteria,検証対象は次の条件です: embedding modelと次元／chunking／vector store／検索方式／候補数／metadata filter／reranking／Evidence Set／生成／評価を対象とします。当該規則に含まれるretriever、candidate数、rank処理を固定したtest queryを実行し、統合前後のcandidate ID・rank・score変換が記述した順序と選択規則に一致することを確認する。,embedding modelと次元、chunking、vector store、検索方式、候補数、metadata filter、reranking、Evidence Set、生成、評価を対象とすることを定める評価・採否規則について、この規則に含まれるretriever、candidate数、rank処理を固定したtest queryを実行し、統合前後のcandidate ID・rank・score変換が記述した順序と選択規則に一致することを確認する。,SENT-0304の主体、観測方法、合格条件または例外契機を通常の日本語で明示し、payload注入型の共通shellを除去する。
SENT-0304,exceptions,例外判断で参照する条件は次のとおりです: embedding modelと次元／chunking／vector store／検索方式／候補数／metadata filter／reranking／Evidence Set／生成／評価を対象とします。当該規則の初期値・候補は対象datasetで再調整できるが、変更値、baseline、採用理由を同じresult tableへ残し、未比較の値を既定値として固定しない。,embedding modelと次元、chunking、vector store、検索方式、候補数、metadata filter、reranking、Evidence Set、生成、評価を対象とすることを定める評価・採否規則の例外として、初期値・候補は対象datasetで再調整できるが、変更値、baseline、採用理由を同じresult tableへ残し、未比較の値を既定値として固定しない。,SENT-0304の主体、観測方法、合格条件または例外契機を通常の日本語で明示し、payload注入型の共通shellを除去する。
SENT-0304,verdict_reason,embedding modelと次元、chunking、vector store、検索方式、候補数、metadata filter、reranking、Evidence Set、生成、評価を対象とします。 この記述は embedding modelと次元／chunking／vector store／検索方式／候補数／metadata filter／reranking／Evidence Set／生成／評価を対象とします を本ガイドの設計・評価・運用へ適用する規則で、外部研究の効果を一般化する文ではありません。履行を 検証対象は次の条件です: embedding modelと次元／chunking／vector store／検索方式／候補数／metadata filter／reranking／Evidence Set／生成／評価を対象とします。当該規則に含まれるretriever、candidate数、rank処理を固定したtest queryを実行し、統合前後のcandidate ID・rank・score変換が記述した順序と選択規則に一致することを確認する。 により観測し、適用除外を 例外判断で参照する条件は次のとおりです: embedding modelと次元／chunking／vector store／検索方式／候補数／metadata filter／reranking／Evidence Set／生成／評価を対象とします。当該規則の初期値・候補は対象datasetで再調整できるが、変更値、baseline、採用理由を同じresult tableへ残し、未比較の値を既定値として固定しない。 に限定できるため、APPROPRIATE_NORMATIVEと判定します。,embedding modelと次元、chunking、vector store、検索方式、候補数、metadata filter、reranking、Evidence Set、生成、評価を対象とします。 判断対象は、embedding modelと次元、chunking、vector store、検索方式、候補数、metadata filter、reranking、Evidence Set、生成、評価を対象とすることを定める評価・採否規則です。外部資料から一般的な効果を導くのではなく、次の検査を受入条件とします。embedding modelと次元、chunking、vector store、検索方式、候補数、metadata filter、reranking、Evidence Set、生成、評価を対象とすることを定める評価・採否規則について、この規則に含まれるretriever、candidate数、rank処理を固定したtest queryを実行し、統合前後のcandidate ID・rank・score変換が記述した順序と選択規則に一致することを確認する。 適用除外は次の場合に限定します。embedding modelと次元、chunking、vector store、検索方式、候補数、metadata filter、reranking、Evidence Set、生成、評価を対象とすることを定める評価・採否規則の例外として、初期値・候補は対象datasetで再調整できるが、変更値、baseline、採用理由を同じresult tableへ残し、未比較の値を既定値として固定しない。 受入条件と例外境界を台帳で検査できるため、APPROPRIATE_NORMATIVEと判定します。,SENT-0304の規則種別、受入条件、例外境界を完成した日本語で説明し、slash連結された理由文を除去する。
SENT-0327,verdict_reason,検索前処理のうち、文書解析、分割、埋め込み、索引作成はBatch Layerで動き、質問理解と質問変換はReal-time Layerで動きます。 この記述は 検索前処理のうち／文書解析／分割／埋め込み／索引作成はBatch Layerで動き／質問理解と質問変換はReal-time Layerで動きます を本ガイドの設計・評価・運用へ適用する規則で、外部研究の効果を一般化する文ではありません。履行を 文書解析、分割、埋め込み、索引作成をBatch Layerのjobとして、質問理解と質問変換をReal-time Layerのrequestとしてdeployment manifestに分類し、online requestがbatch job完了を同期的に待たないことを確認する。 により観測し、適用除外を 継続取り込みを行う小規模更新はstreaming jobとして実装できるが、質問request内で文書全体の再解析・再索引を実行しない。 に限定できるため、APPROPRIATE_NORMATIVEと判定します。,検索前処理のうち、文書解析、分割、埋め込み、索引作成はBatch Layerで動き、質問理解と質問変換はReal-time Layerで動きます。 判断対象は、検索前処理のうち、文書解析、分割、埋め込み、索引作成はBatch Layerで動き、質問理解と質問変換はReal-time Layerで動くことを定めるローカル設計規則です。外部資料から一般的な効果を導くのではなく、次の検査を受入条件とします。文書解析、分割、埋め込み、索引作成をBatch Layerのjobとして、質問理解と質問変換をReal-time Layerのrequestとしてdeployment manifestに分類し、online requestがbatch job完了を同期的に待たないことを確認する。 適用除外は次の場合に限定します。継続取り込みを行う小規模更新はstreaming jobとして実装できるが、質問request内で文書全体の再解析・再索引を実行しない。 受入条件と例外境界を台帳で検査できるため、APPROPRIATE_NORMATIVEと判定します。,SENT-0327の規則種別、受入条件、例外境界を完成した日本語で説明し、slash連結された理由文を除去する。
SENT-0365,verdict_reason,四工程を横断する評価は[第7章](../7.品質を評価し改善する/序文.md)、RAG固有の非機能と運用は[第8章](../8.安全に運用する/序文.md)で確認します。 この記述は 四工程を横断する評価は第7章／RAG固有の非機能と運用は第8章で確認します を本ガイドの設計・評価・運用へ適用する規則で、外部研究の効果を一般化する文ではありません。履行を 四工程を横断する評価は[第7章](../7.品質を評価し改善する/序文.md)、RAG固有の非機能と運用は[第8章](../8.安全に運用する/序文.md)で確認します。 第7章・第8章への参照 ../7.品質を評価し改善する/序文.md、../8.安全に運用する/序文.md がrepository内で解決し、リンク先に本文が案内する定義・評価手順が存在することをlink checkと章レビューで確認します。 により観測し、適用除外を 四工程を横断する評価は[第7章](../7.品質を評価し改善する/序文.md)、RAG固有の非機能と運用は[第8章](../8.安全に運用する/序文.md)で確認します。 章名またはfile pathを変更する場合は、第7章・第8章への全参照を同じ変更で更新し、旧参照が一件も残らないことをlink checkで確認した場合に限って新しい参照先を使えます。 に限定できるため、APPROPRIATE_NORMATIVEと判定します。,四工程を横断する評価は[第7章](../7.品質を評価し改善する/序文.md)、RAG固有の非機能と運用は[第8章](../8.安全に運用する/序文.md)で確認します。 判断対象は、四工程を横断する評価は[第7章](../7.品質を評価し改善する/序文.md)、RAG固有の非機能と運用は[第8章](../8.安全に運用する/序文.md)で確認することを定める評価・採否規則です。外部資料から一般的な効果を導くのではなく、次の検査を受入条件とします。四工程を横断する評価は[第7章](../7.品質を評価し改善する/序文.md)、RAG固有の非機能と運用は[第8章](../8.安全に運用する/序文.md)で確認します。 第7章・第8章への参照 ../7.品質を評価し改善する/序文.md、../8.安全に運用する/序文.md がrepository内で解決し、リンク先に本文が案内する定義・評価手順が存在することをlink checkと章レビューで確認します。 適用除外は次の場合に限定します。四工程を横断する評価は[第7章](../7.品質を評価し改善する/序文.md)、RAG固有の非機能と運用は[第8章](../8.安全に運用する/序文.md)で確認します。 章名またはfile pathを変更する場合は、第7章・第8章への全参照を同じ変更で更新し、旧参照が一件も残らないことをlink checkで確認した場合に限って新しい参照先を使えます。 受入条件と例外境界を台帳で検査できるため、APPROPRIATE_NORMATIVEと判定します。,SENT-0365の規則種別、受入条件、例外境界を完成した日本語で説明し、slash連結された理由文を除去する。
SENT-0372,normative_criteria,検証対象は次の条件です: 各文書とチャンクには／出典／版／時点／分類／来歴／アクセス制御属性を付けます。当該規則に列挙したauthorization、document/chunk、rank、evidence、answer、citation、configuration versionを一つのtrace IDへ保存し、許可外itemがtrace内にゼロ件であることを検査する。,各文書とチャンクには、出典、版、時点、分類、来歴、アクセス制御属性を付けることを定める追跡性・証跡管理規則について、この規則に列挙したauthorization、document/chunk、rank、evidence、answer、citation、configuration versionを一つのtrace IDへ保存し、許可外itemがtrace内にゼロ件であることを検査する。,SENT-0372の主体、観測方法、合格条件または例外契機を通常の日本語で明示し、payload注入型の共通shellを除去する。
SENT-0372,exceptions,例外判断で参照する条件は次のとおりです: 各文書とチャンクには／出典／版／時点／分類／来歴／アクセス制御属性を付けます。当該規則より法令、契約、組織policyが厳しい場合は厳しい統制を優先し、性能、可用性、費用を理由に対象resourceのauthorizationまたは隔離を省略しない。,各文書とチャンクには、出典、版、時点、分類、来歴、アクセス制御属性を付けることを定める追跡性・証跡管理規則の例外として、この規則より法令、契約、組織policyが厳しい場合は厳しい統制を優先し、性能、可用性、費用を理由に対象resourceのauthorizationまたは隔離を省略しない。,SENT-0372の主体、観測方法、合格条件または例外契機を通常の日本語で明示し、payload注入型の共通shellを除去する。
SENT-0372,verdict_reason,各文書とチャンクには、出典、版、時点、分類、来歴、アクセス制御属性を付けます。 この記述は 各文書とチャンクには／出典／版／時点／分類／来歴／アクセス制御属性を付けます を本ガイドの設計・評価・運用へ適用する規則で、外部研究の効果を一般化する文ではありません。履行を 検証対象は次の条件です: 各文書とチャンクには／出典／版／時点／分類／来歴／アクセス制御属性を付けます。当該規則に列挙したauthorization、document/chunk、rank、evidence、answer、citation、configuration versionを一つのtrace IDへ保存し、許可外itemがtrace内にゼロ件であることを検査する。 により観測し、適用除外を 例外判断で参照する条件は次のとおりです: 各文書とチャンクには／出典／版／時点／分類／来歴／アクセス制御属性を付けます。当該規則より法令、契約、組織policyが厳しい場合は厳しい統制を優先し、性能、可用性、費用を理由に対象resourceのauthorizationまたは隔離を省略しない。 に限定できるため、APPROPRIATE_NORMATIVEと判定します。,各文書とチャンクには、出典、版、時点、分類、来歴、アクセス制御属性を付けます。 判断対象は、各文書とチャンクには、出典、版、時点、分類、来歴、アクセス制御属性を付けることを定める追跡性・証跡管理規則です。外部資料から一般的な効果を導くのではなく、次の検査を受入条件とします。各文書とチャンクには、出典、版、時点、分類、来歴、アクセス制御属性を付けることを定める追跡性・証跡管理規則について、この規則に列挙したauthorization、document/chunk、rank、evidence、answer、citation、configuration versionを一つのtrace IDへ保存し、許可外itemがtrace内にゼロ件であることを検査する。 適用除外は次の場合に限定します。各文書とチャンクには、出典、版、時点、分類、来歴、アクセス制御属性を付けることを定める追跡性・証跡管理規則の例外として、この規則より法令、契約、組織policyが厳しい場合は厳しい統制を優先し、性能、可用性、費用を理由に対象resourceのauthorizationまたは隔離を省略しない。 受入条件と例外境界を台帳で検査できるため、APPROPRIATE_NORMATIVEと判定します。,SENT-0372の規則種別、受入条件、例外境界を完成した日本語で説明し、slash連結された理由文を除去する。
SENT-0389,normative_criteria,検証対象は次の条件です: 本ガイドでは／Recall@kを／検索結果の上位k件までに質問へ答えるための正解根拠を回収できた割合として用います。当該規則について、本文、図表、schema、評価台帳で同じ対象、単位、入出力を使用し、異なる意味で使う箇所がrepository内検索でゼロ件であることを確認する。,本ガイドでは、Recall@kを、検索結果の上位k件までに質問へ答えるための正解根拠を回収できた割合として用いることを定める評価・採否規則について、本文、図表、schema、評価台帳で同じ対象、単位、入出力を使用し、異なる意味で使う箇所がrepository内検索でゼロ件であることを確認する。,SENT-0389の主体、観測方法、合格条件または例外契機を通常の日本語で明示し、payload注入型の共通shellを除去する。
SENT-0389,exceptions,例外判断で参照する条件は次のとおりです: 本ガイドでは／Recall@kを／検索結果の上位k件までに質問へ答えるための正解根拠を回収できた割合として用います。当該規則が公式標準または製品仕様の同名語と異なる場合はローカル定義であることと対応関係を併記し、公式語の意味を上書きしない。,本ガイドでは、Recall@kを、検索結果の上位k件までに質問へ答えるための正解根拠を回収できた割合として用いることを定める評価・採否規則の例外として、当該規則が公式標準または製品仕様の同名語と異なる場合はローカル定義であることと対応関係を併記し、公式語の意味を上書きしない。,SENT-0389の主体、観測方法、合格条件または例外契機を通常の日本語で明示し、payload注入型の共通shellを除去する。
SENT-0389,verdict_reason,Recall@kは、検索結果の上位k件までに、質問へ答えるための正解根拠をどの程度回収できたかを表す指標です。 この記述は 本ガイドでは／Recall@kを／検索結果の上位k件までに質問へ答えるための正解根拠を回収できた割合として用います を本ガイドの設計・評価・運用へ適用する規則で、外部研究の効果を一般化する文ではありません。履行を 検証対象は次の条件です: 本ガイドでは／Recall@kを／検索結果の上位k件までに質問へ答えるための正解根拠を回収できた割合として用います。当該規則について、本文、図表、schema、評価台帳で同じ対象、単位、入出力を使用し、異なる意味で使う箇所がrepository内検索でゼロ件であることを確認する。 により観測し、適用除外を 例外判断で参照する条件は次のとおりです: 本ガイドでは／Recall@kを／検索結果の上位k件までに質問へ答えるための正解根拠を回収できた割合として用います。当該規則が公式標準または製品仕様の同名語と異なる場合はローカル定義であることと対応関係を併記し、公式語の意味を上書きしない。 に限定できるため、APPROPRIATE_NORMATIVEと判定します。,Recall@kは、検索結果の上位k件までに、質問へ答えるための正解根拠をどの程度回収できたかを表す指標です。 判断対象は、本ガイドでは、Recall@kを、検索結果の上位k件までに質問へ答えるための正解根拠を回収できた割合として用いることを定める評価・採否規則です。外部資料から一般的な効果を導くのではなく、次の検査を受入条件とします。本ガイドでは、Recall@kを、検索結果の上位k件までに質問へ答えるための正解根拠を回収できた割合として用いることを定める評価・採否規則について、本文、図表、schema、評価台帳で同じ対象、単位、入出力を使用し、異なる意味で使う箇所がrepository内検索でゼロ件であることを確認する。 適用除外は次の場合に限定します。本ガイドでは、Recall@kを、検索結果の上位k件までに質問へ答えるための正解根拠を回収できた割合として用いることを定める評価・採否規則の例外として、当該規則が公式標準または製品仕様の同名語と異なる場合はローカル定義であることと対応関係を併記し、公式語の意味を上書きしない。 受入条件と例外境界を台帳で検査できるため、APPROPRIATE_NORMATIVEと判定します。,SENT-0389の規則種別、受入条件、例外境界を完成した日本語で説明し、slash連結された理由文を除去する。
SENT-0390,verdict_reason,指標の計算方法と、正解根拠が複数ある場合の扱いは[Retrieval評価](../7.品質を評価し改善する/7.4.Retrieval評価.md)で説明します。 この記述は 指標の計算方法と／正解根拠が複数ある場合の扱いはRetrieval評価で説明します を本ガイドの設計・評価・運用へ適用する規則で、外部研究の効果を一般化する文ではありません。履行を 指標の計算方法と、正解根拠が複数ある場合の扱いは[Retrieval評価](../7.品質を評価し改善する/7.4.Retrieval評価.md)で説明します。 Retrieval評価への参照 ../7.品質を評価し改善する/7.4.Retrieval評価.md がrepository内で解決し、リンク先に本文が案内する定義・評価手順が存在することをlink checkと章レビューで確認します。 により観測し、適用除外を 指標の計算方法と、正解根拠が複数ある場合の扱いは[Retrieval評価](../7.品質を評価し改善する/7.4.Retrieval評価.md)で説明します。 章名またはfile pathを変更する場合は、Retrieval評価への全参照を同じ変更で更新し、旧参照が一件も残らないことをlink checkで確認した場合に限って新しい参照先を使えます。 に限定できるため、APPROPRIATE_NORMATIVEと判定します。,指標の計算方法と、正解根拠が複数ある場合の扱いは[Retrieval評価](../7.品質を評価し改善する/7.4.Retrieval評価.md)で説明します。 判断対象は、指標の計算方法と、正解根拠が複数ある場合の扱いは[Retrieval評価](../7.品質を評価し改善する/7.4.Retrieval評価.md)で説明することを定める評価・採否規則です。外部資料から一般的な効果を導くのではなく、次の検査を受入条件とします。指標の計算方法と、正解根拠が複数ある場合の扱いは[Retrieval評価](../7.品質を評価し改善する/7.4.Retrieval評価.md)で説明します。 Retrieval評価への参照 ../7.品質を評価し改善する/7.4.Retrieval評価.md がrepository内で解決し、リンク先に本文が案内する定義・評価手順が存在することをlink checkと章レビューで確認します。 適用除外は次の場合に限定します。指標の計算方法と、正解根拠が複数ある場合の扱いは[Retrieval評価](../7.品質を評価し改善する/7.4.Retrieval評価.md)で説明します。 章名またはfile pathを変更する場合は、Retrieval評価への全参照を同じ変更で更新し、旧参照が一件も残らないことをlink checkで確認した場合に限って新しい参照先を使えます。 受入条件と例外境界を台帳で検査できるため、APPROPRIATE_NORMATIVEと判定します。,SENT-0390の規則種別、受入条件、例外境界を完成した日本語で説明し、slash連結された理由文を除去する。
SENT-0396,normative_criteria,検証対象は次の条件です: 候補数が多い場合は再順位付けで質問への適合度を比較し／必要な文だけを抽出する場合は出典位置を保ったまま圧縮します。当該規則に含まれるretriever、candidate数、rank処理を固定したtest queryを実行し、統合前後のcandidate ID・rank・score変換が記述した順序と選択規則に一致することを確認する。,候補数が多い場合は再順位付けで質問への適合度を比較し、必要な文だけを抽出する場合は出典位置を保ったまま圧縮することを定める評価・採否規則について、この規則に含まれるretriever、candidate数、rank処理を固定したtest queryを実行し、統合前後のcandidate ID・rank・score変換が記述した順序と選択規則に一致することを確認する。,SENT-0396の主体、観測方法、合格条件または例外契機を通常の日本語で明示し、payload注入型の共通shellを除去する。
SENT-0396,exceptions,例外判断で参照する条件は次のとおりです: 候補数が多い場合は再順位付けで質問への適合度を比較し／必要な文だけを抽出する場合は出典位置を保ったまま圧縮します。当該規則の初期値・候補は対象datasetで再調整できるが、変更値、baseline、採用理由を同じresult tableへ残し、未比較の値を既定値として固定しない。,候補数が多い場合は再順位付けで質問への適合度を比較し、必要な文だけを抽出する場合は出典位置を保ったまま圧縮することを定める評価・採否規則の例外として、初期値・候補は対象datasetで再調整できるが、変更値、baseline、採用理由を同じresult tableへ残し、未比較の値を既定値として固定しない。,SENT-0396の主体、観測方法、合格条件または例外契機を通常の日本語で明示し、payload注入型の共通shellを除去する。
SENT-0396,verdict_reason,候補数が多い場合は再順位付けで質問への適合度を比較し、必要な文だけを抽出する場合は出典位置を保ったまま圧縮します。 この記述は 候補数が多い場合は再順位付けで質問への適合度を比較し／必要な文だけを抽出する場合は出典位置を保ったまま圧縮します を本ガイドの設計・評価・運用へ適用する規則で、外部研究の効果を一般化する文ではありません。履行を 検証対象は次の条件です: 候補数が多い場合は再順位付けで質問への適合度を比較し／必要な文だけを抽出する場合は出典位置を保ったまま圧縮します。当該規則に含まれるretriever、candidate数、rank処理を固定したtest queryを実行し、統合前後のcandidate ID・rank・score変換が記述した順序と選択規則に一致することを確認する。 により観測し、適用除外を 例外判断で参照する条件は次のとおりです: 候補数が多い場合は再順位付けで質問への適合度を比較し／必要な文だけを抽出する場合は出典位置を保ったまま圧縮します。当該規則の初期値・候補は対象datasetで再調整できるが、変更値、baseline、採用理由を同じresult tableへ残し、未比較の値を既定値として固定しない。 に限定できるため、APPROPRIATE_NORMATIVEと判定します。,候補数が多い場合は再順位付けで質問への適合度を比較し、必要な文だけを抽出する場合は出典位置を保ったまま圧縮します。 判断対象は、候補数が多い場合は再順位付けで質問への適合度を比較し、必要な文だけを抽出する場合は出典位置を保ったまま圧縮することを定める評価・採否規則です。外部資料から一般的な効果を導くのではなく、次の検査を受入条件とします。候補数が多い場合は再順位付けで質問への適合度を比較し、必要な文だけを抽出する場合は出典位置を保ったまま圧縮することを定める評価・採否規則について、この規則に含まれるretriever、candidate数、rank処理を固定したtest queryを実行し、統合前後のcandidate ID・rank・score変換が記述した順序と選択規則に一致することを確認する。 適用除外は次の場合に限定します。候補数が多い場合は再順位付けで質問への適合度を比較し、必要な文だけを抽出する場合は出典位置を保ったまま圧縮することを定める評価・採否規則の例外として、初期値・候補は対象datasetで再調整できるが、変更値、baseline、採用理由を同じresult tableへ残し、未比較の値を既定値として固定しない。 受入条件と例外境界を台帳で検査できるため、APPROPRIATE_NORMATIVEと判定します。,SENT-0396の規則種別、受入条件、例外境界を完成した日本語で説明し、slash連結された理由文を除去する。
SENT-0424,verdict_reason,指標の定義と評価データの作り方は[品質を評価し改善する](../7.品質を評価し改善する/序文.md)で扱います。 この記述は 指標の定義と評価データの作り方は品質を評価し改善するで扱います を本ガイドの設計・評価・運用へ適用する規則で、外部研究の効果を一般化する文ではありません。履行を 指標の定義と評価データの作り方は[品質を評価し改善する](../7.品質を評価し改善する/序文.md)で扱います。 品質を評価し改善するへの参照 ../7.品質を評価し改善する/序文.md がrepository内で解決し、リンク先に本文が案内する定義・評価手順が存在することをlink checkと章レビューで確認します。 により観測し、適用除外を 指標の定義と評価データの作り方は[品質を評価し改善する](../7.品質を評価し改善する/序文.md)で扱います。 章名またはfile pathを変更する場合は、品質を評価し改善するへの全参照を同じ変更で更新し、旧参照が一件も残らないことをlink checkで確認した場合に限って新しい参照先を使えます。 に限定できるため、APPROPRIATE_NORMATIVEと判定します。,指標の定義と評価データの作り方は[品質を評価し改善する](../7.品質を評価し改善する/序文.md)で扱います。 判断対象は、指標の定義と評価データの作り方は[品質を評価し改善する](../7.品質を評価し改善する/序文.md)で扱うことを定める評価・採否規則です。外部資料から一般的な効果を導くのではなく、次の検査を受入条件とします。指標の定義と評価データの作り方は[品質を評価し改善する](../7.品質を評価し改善する/序文.md)で扱います。 品質を評価し改善するへの参照 ../7.品質を評価し改善する/序文.md がrepository内で解決し、リンク先に本文が案内する定義・評価手順が存在することをlink checkと章レビューで確認します。 適用除外は次の場合に限定します。指標の定義と評価データの作り方は[品質を評価し改善する](../7.品質を評価し改善する/序文.md)で扱います。 章名またはfile pathを変更する場合は、品質を評価し改善するへの全参照を同じ変更で更新し、旧参照が一件も残らないことをlink checkで確認した場合に限って新しい参照先を使えます。 受入条件と例外境界を台帳で検査できるため、APPROPRIATE_NORMATIVEと判定します。,SENT-0424の規則種別、受入条件、例外境界を完成した日本語で説明し、slash連結された理由文を除去する。
SENT-0428,verdict_reason,この対応により、公開判断、限定公開、切り戻し、次の改善対象を同じ証拠から決められます。 この記述は この対応により／公開判断／限定公開／切り戻し／次の改善対象を同じ証拠から決められます を本ガイドの設計・評価・運用へ適用する規則で、外部研究の効果を一般化する文ではありません。履行を 公開、限定公開、切り戻し、次の改善対象の各判断に同じevaluation run IDを記録し、判断時点の品質・安全性・遅延・費用の結果を一つのreview packageから再現できることを確認する。 により観測し、適用除外を 重大事故の緊急切り戻しはreview package完成前に実行できるが、使用した監視eventと判断理由を事後に同じrun記録へ追記する。 に限定できるため、APPROPRIATE_NORMATIVEと判定します。,この対応により、公開判断、限定公開、切り戻し、次の改善対象を同じ証拠から決められます。 判断対象は、この対応により、公開判断、限定公開、切り戻し、次の改善対象を同じ証拠から決められることを定める運用規則です。外部資料から一般的な効果を導くのではなく、次の検査を受入条件とします。公開、限定公開、切り戻し、次の改善対象の各判断に同じevaluation run IDを記録し、判断時点の品質・安全性・遅延・費用の結果を一つのreview packageから再現できることを確認する。 適用除外は次の場合に限定します。重大事故の緊急切り戻しはreview package完成前に実行できるが、使用した監視eventと判断理由を事後に同じrun記録へ追記する。 受入条件と例外境界を台帳で検査できるため、APPROPRIATE_NORMATIVEと判定します。,SENT-0428の規則種別、受入条件、例外境界を完成した日本語で説明し、slash連結された理由文を除去する。
SENT-0431,verdict_reason,本節で再掲するRecall@k、Evidence sufficiency、faithfulness、citation correctnessの平易な意味は、直前の[評価の概要](2.6.評価の概要.md)で先に説明しています。 この記述は 本節では／Recall@k／Evidence sufficiency／faithfulness／citation correctnessを／直前の評価の概要で定義した意味で用います を本ガイドの設計・評価・運用へ適用する規則で、外部研究の効果を一般化する文ではありません。履行を 本節では、Recall@k、Evidence sufficiency、faithfulness、citation correctnessを、直前の[評価の概要](2.6.評価の概要.md)で定義した意味で用います。 評価の概要への参照 2.6.評価の概要.md がrepository内で解決し、リンク先に本文が案内する定義・評価手順が存在することをlink checkと章レビューで確認します。 により観測し、適用除外を 本節では、Recall@k、Evidence sufficiency、faithfulness、citation correctnessを、直前の[評価の概要](2.6.評価の概要.md)で定義した意味で用います。 章名またはfile pathを変更する場合は、評価の概要への全参照を同じ変更で更新し、旧参照が一件も残らないことをlink checkで確認した場合に限って新しい参照先を使えます。 に限定できるため、APPROPRIATE_NORMATIVEと判定します。,本節で再掲するRecall@k、Evidence sufficiency、faithfulness、citation correctnessの平易な意味は、直前の[評価の概要](2.6.評価の概要.md)で先に説明しています。 判断対象は、本節では、Recall@k、Evidence sufficiency、faithfulness、citation correctnessを、直前の[評価の概要](2.6.評価の概要.md)で定義した意味で用いることを定める評価・採否規則です。外部資料から一般的な効果を導くのではなく、次の検査を受入条件とします。本節では、Recall@k、Evidence sufficiency、faithfulness、citation correctnessを、直前の[評価の概要](2.6.評価の概要.md)で定義した意味で用います。 評価の概要への参照 2.6.評価の概要.md がrepository内で解決し、リンク先に本文が案内する定義・評価手順が存在することをlink checkと章レビューで確認します。 適用除外は次の場合に限定します。本節では、Recall@k、Evidence sufficiency、faithfulness、citation correctnessを、直前の[評価の概要](2.6.評価の概要.md)で定義した意味で用います。 章名またはfile pathを変更する場合は、評価の概要への全参照を同じ変更で更新し、旧参照が一件も残らないことをlink checkで確認した場合に限って新しい参照先を使えます。 受入条件と例外境界を台帳で検査できるため、APPROPRIATE_NORMATIVEと判定します。,SENT-0431の規則種別、受入条件、例外境界を完成した日本語で説明し、slash連結された理由文を除去する。
SENT-0434,normative_criteria,検証対象は次の条件です: 取り込み時の検査／情報源の信頼区分／命令らしい記述の隔離／生成前のEvidence Set検査／生成後の主張とcitationの照合を組み合わせます。当該規則の各controlを、文書内命令、poisoned metadata、許可外tool argumentを含むattack fixtureへ適用し、命令不実行、evidence隔離、警告記録がすべて成立することを確認する。,取り込み時の検査、情報源の信頼区分、命令らしい記述の隔離、生成前のEvidence Set検査、生成後の主張とcitationの照合を組み合わせることを定める安全性・アクセス制御規則について、この規則の各controlを、文書内命令、poisoned metadata、許可外tool argumentを含むattack fixtureへ適用し、命令不実行、evidence隔離、警告記録がすべて成立することを確認する。,SENT-0434の主体、観測方法、合格条件または例外契機を通常の日本語で明示し、payload注入型の共通shellを除去する。
SENT-0434,exceptions,例外判断で参照する条件は次のとおりです: 取り込み時の検査／情報源の信頼区分／命令らしい記述の隔離／生成前のEvidence Set検査／生成後の主張とcitationの照合を組み合わせます。当該規則より法令、契約、組織policyが厳しい場合は厳しい統制を優先し、性能、可用性、費用を理由に対象resourceのauthorizationまたは隔離を省略しない。,取り込み時の検査、情報源の信頼区分、命令らしい記述の隔離、生成前のEvidence Set検査、生成後の主張とcitationの照合を組み合わせることを定める安全性・アクセス制御規則の例外として、この規則より法令、契約、組織policyが厳しい場合は厳しい統制を優先し、性能、可用性、費用を理由に対象resourceのauthorizationまたは隔離を省略しない。,SENT-0434の主体、観測方法、合格条件または例外契機を通常の日本語で明示し、payload注入型の共通shellを除去する。
SENT-0434,verdict_reason,取り込み時の検査、情報源の信頼区分、命令らしい記述の隔離、生成前のEvidence Set検査、生成後の主張とcitationの照合を組み合わせます。 この記述は 取り込み時の検査／情報源の信頼区分／命令らしい記述の隔離／生成前のEvidence Set検査／生成後の主張とcitationの照合を組み合わせます を本ガイドの設計・評価・運用へ適用する規則で、外部研究の効果を一般化する文ではありません。履行を 検証対象は次の条件です: 取り込み時の検査／情報源の信頼区分／命令らしい記述の隔離／生成前のEvidence Set検査／生成後の主張とcitationの照合を組み合わせます。当該規則の各controlを、文書内命令、poisoned metadata、許可外tool argumentを含むattack fixtureへ適用し、命令不実行、evidence隔離、警告記録がすべて成立することを確認する。 により観測し、適用除外を 例外判断で参照する条件は次のとおりです: 取り込み時の検査／情報源の信頼区分／命令らしい記述の隔離／生成前のEvidence Set検査／生成後の主張とcitationの照合を組み合わせます。当該規則より法令、契約、組織policyが厳しい場合は厳しい統制を優先し、性能、可用性、費用を理由に対象resourceのauthorizationまたは隔離を省略しない。 に限定できるため、APPROPRIATE_NORMATIVEと判定します。,取り込み時の検査、情報源の信頼区分、命令らしい記述の隔離、生成前のEvidence Set検査、生成後の主張とcitationの照合を組み合わせます。 判断対象は、取り込み時の検査、情報源の信頼区分、命令らしい記述の隔離、生成前のEvidence Set検査、生成後の主張とcitationの照合を組み合わせることを定める安全性・アクセス制御規則です。外部資料から一般的な効果を導くのではなく、次の検査を受入条件とします。取り込み時の検査、情報源の信頼区分、命令らしい記述の隔離、生成前のEvidence Set検査、生成後の主張とcitationの照合を組み合わせることを定める安全性・アクセス制御規則について、この規則の各controlを、文書内命令、poisoned metadata、許可外tool argumentを含むattack fixtureへ適用し、命令不実行、evidence隔離、警告記録がすべて成立することを確認する。 適用除外は次の場合に限定します。取り込み時の検査、情報源の信頼区分、命令らしい記述の隔離、生成前のEvidence Set検査、生成後の主張とcitationの照合を組み合わせることを定める安全性・アクセス制御規則の例外として、この規則より法令、契約、組織policyが厳しい場合は厳しい統制を優先し、性能、可用性、費用を理由に対象resourceのauthorizationまたは隔離を省略しない。 受入条件と例外境界を台帳で検査できるため、APPROPRIATE_NORMATIVEと判定します。,SENT-0434の規則種別、受入条件、例外境界を完成した日本語で説明し、slash連結された理由文を除去する。
SENT-0441,verdict_reason,権限を適用した検索を実行できること、質問を支持するEvidence Setを作れること、主張に対応するcitationを返せること、根拠不足時に回答を保留できることを含めて判定します。 この記述は 権限を適用した検索を実行できること／質問を支持するEvidence Setを作れること／主張に対応するcitationを返せること／根拠不足時に回答を保留できることを含めて判定します を本ガイドの設計・評価・運用へ適用する規則で、外部研究の効果を一般化する文ではありません。履行を 同じauthorized query fixtureで、認可後retrieval、gold evidenceを含むEvidence Set、claim対応citation、根拠不足時のabstentionを順に実行し、四項目すべてが期待結果になることを確認する。 により観測し、適用除外を 回答生成を行わない検索専用endpointではcitationとabstentionを対象外にできるが、認可後retrievalとgold evidence回収の検査は省略しない。 に限定できるため、APPROPRIATE_NORMATIVEと判定します。,権限を適用した検索を実行できること、質問を支持するEvidence Setを作れること、主張に対応するcitationを返せること、根拠不足時に回答を保留できることを含めて判定します。 判断対象は、権限を適用した検索を実行できること、質問を支持するEvidence Setを作れること、主張に対応するcitationを返せること、根拠不足時に回答を保留できることを含めて判定することを定める安全性・アクセス制御規則です。外部資料から一般的な効果を導くのではなく、次の検査を受入条件とします。同じauthorized query fixtureで、認可後retrieval、gold evidenceを含むEvidence Set、claim対応citation、根拠不足時のabstentionを順に実行し、四項目すべてが期待結果になることを確認する。 適用除外は次の場合に限定します。回答生成を行わない検索専用endpointではcitationとabstentionを対象外にできるが、認可後retrievalとgold evidence回収の検査は省略しない。 受入条件と例外境界を台帳で検査できるため、APPROPRIATE_NORMATIVEと判定します。,SENT-0441の規則種別、受入条件、例外境界を完成した日本語で説明し、slash連結された理由文を除去する。
SENT-0444,normative_criteria,検証対象は次の条件です: 運用指標には／zero-result率／権限filter前後の候補数／Recall／Evidence sufficiency／faithfulness／citation correctness／回答保留率を含めます。当該規則で列挙した各metricを同じrequest traceから算出し、authorization適用前後のcandidate数と許可外item数を含め、dashboardとrelease gateの値が一致することを確認する。,運用指標には、zero-result率、権限filter前後の候補数、Recall、Evidence sufficiency、faithfulness、citation correctness、回答保留率を含めることを定める安全性・アクセス制御規則について、この規則で列挙した各metricを同じrequest traceから算出し、authorization適用前後のcandidate数と許可外item数を含め、dashboardとrelease gateの値が一致することを確認する。,SENT-0444の主体、観測方法、合格条件または例外契機を通常の日本語で明示し、payload注入型の共通shellを除去する。
SENT-0444,exceptions,例外判断で参照する条件は次のとおりです: 運用指標には／zero-result率／権限filter前後の候補数／Recall／Evidence sufficiency／faithfulness／citation correctness／回答保留率を含めます。当該規則より法令、契約、組織policyが厳しい場合は厳しい統制を優先し、性能、可用性、費用を理由に対象resourceのauthorizationまたは隔離を省略しない。,運用指標には、zero-result率、権限filter前後の候補数、Recall、Evidence sufficiency、faithfulness、citation correctness、回答保留率を含めることを定める安全性・アクセス制御規則の例外として、この規則より法令、契約、組織policyが厳しい場合は厳しい統制を優先し、性能、可用性、費用を理由に対象resourceのauthorizationまたは隔離を省略しない。,SENT-0444の主体、観測方法、合格条件または例外契機を通常の日本語で明示し、payload注入型の共通shellを除去する。
SENT-0444,verdict_reason,運用指標には、zero-result率、権限filter前後の候補数、Recall、Evidence sufficiency、faithfulness、citation correctness、回答保留率を含めます。 この記述は 運用指標には／zero-result率／権限filter前後の候補数／Recall／Evidence sufficiency／faithfulness／citation correctness／回答保留率を含めます を本ガイドの設計・評価・運用へ適用する規則で、外部研究の効果を一般化する文ではありません。履行を 検証対象は次の条件です: 運用指標には／zero-result率／権限filter前後の候補数／Recall／Evidence sufficiency／faithfulness／citation correctness／回答保留率を含めます。当該規則で列挙した各metricを同じrequest traceから算出し、authorization適用前後のcandidate数と許可外item数を含め、dashboardとrelease gateの値が一致することを確認する。 により観測し、適用除外を 例外判断で参照する条件は次のとおりです: 運用指標には／zero-result率／権限filter前後の候補数／Recall／Evidence sufficiency／faithfulness／citation correctness／回答保留率を含めます。当該規則より法令、契約、組織policyが厳しい場合は厳しい統制を優先し、性能、可用性、費用を理由に対象resourceのauthorizationまたは隔離を省略しない。 に限定できるため、APPROPRIATE_NORMATIVEと判定します。,運用指標には、zero-result率、権限filter前後の候補数、Recall、Evidence sufficiency、faithfulness、citation correctness、回答保留率を含めます。 判断対象は、運用指標には、zero-result率、権限filter前後の候補数、Recall、Evidence sufficiency、faithfulness、citation correctness、回答保留率を含めることを定める安全性・アクセス制御規則です。外部資料から一般的な効果を導くのではなく、次の検査を受入条件とします。運用指標には、zero-result率、権限filter前後の候補数、Recall、Evidence sufficiency、faithfulness、citation correctness、回答保留率を含めることを定める安全性・アクセス制御規則について、この規則で列挙した各metricを同じrequest traceから算出し、authorization適用前後のcandidate数と許可外item数を含め、dashboardとrelease gateの値が一致することを確認する。 適用除外は次の場合に限定します。運用指標には、zero-result率、権限filter前後の候補数、Recall、Evidence sufficiency、faithfulness、citation correctness、回答保留率を含めることを定める安全性・アクセス制御規則の例外として、この規則より法令、契約、組織policyが厳しい場合は厳しい統制を優先し、性能、可用性、費用を理由に対象resourceのauthorizationまたは隔離を省略しない。 受入条件と例外境界を台帳で検査できるため、APPROPRIATE_NORMATIVEと判定します。,SENT-0444の規則種別、受入条件、例外境界を完成した日本語で説明し、slash連結された理由文を除去する。
SENT-0452,normative_criteria,検証対象は次の条件です: 文書snapshot／chunking設定／embedding model／index版／検索設定／reranker／prompt／生成model／評価datasetを一つのRAG構成版として記録すると／回答とcitationを再現し／変更前の構成へ切り戻せます。当該規則で列挙した記録項目を同じrun IDへ保存し、各項目が欠損せず、変更前後の差分をquestionまたはdocument単位で逆引きできることを確認する。,文書snapshot、chunking設定、embedding model、index版、検索設定、reranker、prompt、生成model、評価datasetを一つの構成version IDへ結び、任意の回答とcitationから各component versionを逆引きでき、同じ組合せへrollbackできることを確認します。,SENT-0452の主体、観測方法、合格条件または例外契機を通常の日本語で明示し、payload注入型の共通shellを除去する。
SENT-0452,exceptions,例外判断で参照する条件は次のとおりです: 文書snapshot／chunking設定／embedding model／index版／検索設定／reranker／prompt／生成model／評価datasetを一つのRAG構成版として記録すると／回答とcitationを再現し／変更前の構成へ切り戻せます。当該規則を評価するgold evidenceがないslice、標本不足のslice、負荷条件が異なるrunは合否集計から分離し、他sliceの平均結果を外挿しない。,保存期限や機密区分のためartifact本文を保持できない場合は承認済みhashと保管先参照へ置換できますが、構成version IDとcomponent versionの対応は削除しません。,SENT-0452の主体、観測方法、合格条件または例外契機を通常の日本語で明示し、payload注入型の共通shellを除去する。
SENT-0452,verdict_reason,文書snapshot、chunking設定、embedding model、index版、検索設定、reranker、prompt、生成model、評価datasetを一つのRAG構成版として記録すると、回答とcitationを再現し、変更前の構成へ切り戻せます。 この記述は 文書snapshot／chunking設定／embedding model／index版／検索設定／reranker／prompt／生成model／評価datasetを一つのRAG構成版として記録すると／回答とcitationを再現し／変更前の構成へ切り戻せます を本ガイドの設計・評価・運用へ適用する規則で、外部研究の効果を一般化する文ではありません。履行を 検証対象は次の条件です: 文書snapshot／chunking設定／embedding model／index版／検索設定／reranker／prompt／生成model／評価datasetを一つのRAG構成版として記録すると／回答とcitationを再現し／変更前の構成へ切り戻せます。当該規則で列挙した記録項目を同じrun IDへ保存し、各項目が欠損せず、変更前後の差分をquestionまたはdocument単位で逆引きできることを確認する。 により観測し、適用除外を 例外判断で参照する条件は次のとおりです: 文書snapshot／chunking設定／embedding model／index版／検索設定／reranker／prompt／生成model／評価datasetを一つのRAG構成版として記録すると／回答とcitationを再現し／変更前の構成へ切り戻せます。当該規則を評価するgold evidenceがないslice、標本不足のslice、負荷条件が異なるrunは合否集計から分離し、他sliceの平均結果を外挿しない。 に限定できるため、APPROPRIATE_NORMATIVEと判定します。,文書snapshot、chunking設定、embedding model、index版、検索設定、reranker、prompt、生成model、評価datasetを一つのRAG構成版として記録すると、回答とcitationを再現し、変更前の構成へ切り戻せます。 判断対象は、文書snapshot、chunking設定、embedding model、index版、検索設定、reranker、prompt、生成model、評価datasetを一つのRAG構成版として記録すると、回答とcitationを再現し、変更前の構成へ切り戻せることを定める評価・採否規則です。外部資料から一般的な効果を導くのではなく、次の検査を受入条件とします。文書snapshot、chunking設定、embedding model、index版、検索設定、reranker、prompt、生成model、評価datasetを一つの構成version IDへ結び、任意の回答とcitationから各component versionを逆引きでき、同じ組合せへrollbackできることを確認します。 適用除外は次の場合に限定します。保存期限や機密区分のためartifact本文を保持できない場合は承認済みhashと保管先参照へ置換できますが、構成version IDとcomponent versionの対応は削除しません。 受入条件と例外境界を台帳で検査できるため、APPROPRIATE_NORMATIVEと判定します。,SENT-0452の規則種別、受入条件、例外境界を完成した日本語で説明し、slash連結された理由文を除去する。
SENT-0453,verdict_reason,新しい構成は、Prompt injection、data poisoning、権限漏えい、検索Recall、Evidence sufficiency、faithfulness、citation correctness、応答時間、費用の回帰試験を通過してから公開します。 この記述は 新しい構成は／Prompt injection／data poisoning／権限漏えい／検索Recall／Evidence sufficiency／faithfulness／citation correctness／応答時間／費用の回帰試験を通過してから公開します を本ガイドの設計・評価・運用へ適用する規則で、外部研究の効果を一般化する文ではありません。履行を 新構成のrelease gateでprompt injection、data poisoning、authorization漏えいの負試験と、Recall、Evidence sufficiency、faithfulness、citation correctness、p95 latency、request costを同一versionについて検査し、全条件通過を要求する。 により観測し、適用除外を 緊急security fixでは一時的なlatency/cost増を期限付き承認できるが、security負試験、authorization、根拠支持のgateは省略しない。 に限定できるため、APPROPRIATE_NORMATIVEと判定します。,新しい構成は、Prompt injection、data poisoning、権限漏えい、検索Recall、Evidence sufficiency、faithfulness、citation correctness、応答時間、費用の回帰試験を通過してから公開します。 判断対象は、新しい構成は、Prompt injection、data poisoning、権限漏えい、検索Recall、Evidence sufficiency、faithfulness、citation correctness、応答時間、費用の回帰試験を通過してから公開することを定める安全性・アクセス制御規則です。外部資料から一般的な効果を導くのではなく、次の検査を受入条件とします。新構成のrelease gateでprompt injection、data poisoning、authorization漏えいの負試験と、Recall、Evidence sufficiency、faithfulness、citation correctness、p95 latency、request costを同一versionについて検査し、全条件通過を要求する。 適用除外は次の場合に限定します。緊急security fixでは一時的なlatency/cost増を期限付き承認できるが、security負試験、authorization、根拠支持のgateは省略しない。 受入条件と例外境界を台帳で検査できるため、APPROPRIATE_NORMATIVEと判定します。,SENT-0453の規則種別、受入条件、例外境界を完成した日本語で説明し、slash連結された理由文を除去する。
SENT-0454,normative_criteria,検証対象は次の条件です: 本番traceでは／質問／適用した権限／取得chunk／順位変化／採用したEvidence／回答／citation／RAG構成版を対応付けます。当該規則に列挙したauthorization、document/chunk、rank、evidence、answer、citation、configuration versionを一つのtrace IDへ保存し、許可外itemがtrace内にゼロ件であることを検査する。,本番traceでは、質問、適用した権限、取得chunk、順位変化、採用したEvidence、回答、citation、RAG構成版を対応付けることを定める安全性・アクセス制御規則について、この規則に列挙したauthorization、document/chunk、rank、evidence、answer、citation、configuration versionを一つのtrace IDへ保存し、許可外itemがtrace内にゼロ件であることを検査する。,SENT-0454の主体、観測方法、合格条件または例外契機を通常の日本語で明示し、payload注入型の共通shellを除去する。
SENT-0454,exceptions,例外判断で参照する条件は次のとおりです: 本番traceでは／質問／適用した権限／取得chunk／順位変化／採用したEvidence／回答／citation／RAG構成版を対応付けます。当該規則の記録に保存制約がある値は承認済みのhash・仮名化参照へ置換できるが、authorization decisionとartifact間の対応は削除しない。,本番traceでは、質問、適用した権限、取得chunk、順位変化、採用したEvidence、回答、citation、RAG構成版を対応付けることを定める安全性・アクセス制御規則の例外として、対象の記録に保存制約がある値は承認済みのhash・仮名化参照へ置換できるが、authorization decisionとartifact間の対応は削除しない。,SENT-0454の主体、観測方法、合格条件または例外契機を通常の日本語で明示し、payload注入型の共通shellを除去する。
SENT-0454,verdict_reason,本番traceでは、質問、適用した権限、取得chunk、順位変化、採用したEvidence、回答、citation、RAG構成版を対応付けます。 この記述は 本番traceでは／質問／適用した権限／取得chunk／順位変化／採用したEvidence／回答／citation／RAG構成版を対応付けます を本ガイドの設計・評価・運用へ適用する規則で、外部研究の効果を一般化する文ではありません。履行を 検証対象は次の条件です: 本番traceでは／質問／適用した権限／取得chunk／順位変化／採用したEvidence／回答／citation／RAG構成版を対応付けます。当該規則に列挙したauthorization、document/chunk、rank、evidence、answer、citation、configuration versionを一つのtrace IDへ保存し、許可外itemがtrace内にゼロ件であることを検査する。 により観測し、適用除外を 例外判断で参照する条件は次のとおりです: 本番traceでは／質問／適用した権限／取得chunk／順位変化／採用したEvidence／回答／citation／RAG構成版を対応付けます。当該規則の記録に保存制約がある値は承認済みのhash・仮名化参照へ置換できるが、authorization decisionとartifact間の対応は削除しない。 に限定できるため、APPROPRIATE_NORMATIVEと判定します。,本番traceでは、質問、適用した権限、取得chunk、順位変化、採用したEvidence、回答、citation、RAG構成版を対応付けます。 判断対象は、本番traceでは、質問、適用した権限、取得chunk、順位変化、採用したEvidence、回答、citation、RAG構成版を対応付けることを定める安全性・アクセス制御規則です。外部資料から一般的な効果を導くのではなく、次の検査を受入条件とします。本番traceでは、質問、適用した権限、取得chunk、順位変化、採用したEvidence、回答、citation、RAG構成版を対応付けることを定める安全性・アクセス制御規則について、この規則に列挙したauthorization、document/chunk、rank、evidence、answer、citation、configuration versionを一つのtrace IDへ保存し、許可外itemがtrace内にゼロ件であることを検査する。 適用除外は次の場合に限定します。本番traceでは、質問、適用した権限、取得chunk、順位変化、採用したEvidence、回答、citation、RAG構成版を対応付けることを定める安全性・アクセス制御規則の例外として、対象の記録に保存制約がある値は承認済みのhash・仮名化参照へ置換できるが、authorization decisionとartifact間の対応は削除しない。 受入条件と例外境界を台帳で検査できるため、APPROPRIATE_NORMATIVEと判定します。,SENT-0454の規則種別、受入条件、例外境界を完成した日本語で説明し、slash連結された理由文を除去する。
SENT-0458,verdict_reason,Batch Layerは、範囲を定めた正本、再現可能な取り込み、構造を保つ解析と分割、出典・版・アクセス制御属性、疎検索と密検索の索引、公開前ゲートで構成します。 この記述は Batch Layerは／範囲を定めた正本／再現可能な取り込み／構造を保つ解析と分割／出典・版・アクセス制御属性／疎検索と密検索の索引／公開前ゲートで構成します を本ガイドの設計・評価・運用へ適用する規則で、外部研究の効果を一般化する文ではありません。履行を Batch Layerのmanifestにauthoritative source範囲、ingestion run、parser/chunker version、provenance・ACL field、sparse/dense index version、publish gate結果を必須化し、一つのdocument IDから全項目を逆引きする。 により観測し、適用除外を sparseまたはdense indexを使わない構成は該当indexを対象外にできるが、source範囲、再現可能な取り込み、provenance、ACL、publish gateは残す。 に限定できるため、APPROPRIATE_NORMATIVEと判定します。,Batch Layerは、範囲を定めた正本、再現可能な取り込み、構造を保つ解析と分割、出典・版・アクセス制御属性、疎検索と密検索の索引、公開前ゲートで構成します。 判断対象は、Batch Layerは、範囲を定めた正本、再現可能な取り込み、構造を保つ解析と分割、出典・版・アクセス制御属性、疎検索と密検索の索引、公開前ゲートで構成することを定める追跡性・証跡管理規則です。外部資料から一般的な効果を導くのではなく、次の検査を受入条件とします。Batch Layerのmanifestにauthoritative source範囲、ingestion run、parser/chunker version、provenance・ACL field、sparse/dense index version、publish gate結果を必須化し、一つのdocument IDから全項目を逆引きする。 適用除外は次の場合に限定します。sparseまたはdense indexを使わない構成は該当indexを対象外にできるが、source範囲、再現可能な取り込み、provenance、ACL、publish gateは残す。 受入条件と例外境界を台帳で検査できるため、APPROPRIATE_NORMATIVEと判定します。,SENT-0458の規則種別、受入条件、例外境界を完成した日本語で説明し、slash連結された理由文を除去する。
SENT-0530,verdict_reason,障害情報は数分、規程は施行日前、研究資料は版更新後など、情報源ごとに許容遅延を定めます。 この記述は 障害情報は数分／規程は施行日前／研究資料は版更新後など／情報源ごとに許容遅延を定めます を本ガイドの設計・評価・運用へ適用する規則で、外部研究の効果を一般化する文ではありません。履行を 障害情報は数分、規程は施行日前、研究資料は版更新後など、情報源ごとに許容遅延を定めます。 障害情報・規程・研究資料の各source classについて、許容遅延、起算event、期限、期限超過時の公開停止または警告をfreshness policyへ記録し、期限境界のfixtureで判定を確認します。 により観測し、適用除外を 障害情報は数分、規程は施行日前、研究資料は版更新後など、情報源ごとに許容遅延を定めます。 法令上の施行時刻や契約上の通知期限が通常の許容遅延より厳しいsource classでは、その期限を優先し、例外承認で公開を遅らせません。 に限定できるため、APPROPRIATE_NORMATIVEと判定します。,障害情報は数分、規程は施行日前、研究資料は版更新後など、情報源ごとに許容遅延を定めます。 判断対象は、障害情報は数分、規程は施行日前、研究資料は版更新後など、情報源ごとに許容遅延を定めることを定める追跡性・証跡管理規則です。外部資料から一般的な効果を導くのではなく、次の検査を受入条件とします。障害情報は数分、規程は施行日前、研究資料は版更新後など、情報源ごとに許容遅延を定めます。 障害情報・規程・研究資料の各source classについて、許容遅延、起算event、期限、期限超過時の公開停止または警告をfreshness policyへ記録し、期限境界のfixtureで判定を確認します。 適用除外は次の場合に限定します。障害情報は数分、規程は施行日前、研究資料は版更新後など、情報源ごとに許容遅延を定めます。 法令上の施行時刻や契約上の通知期限が通常の許容遅延より厳しいsource classでは、その期限を優先し、例外承認で公開を遅らせません。 受入条件と例外境界を台帳で検査できるため、APPROPRIATE_NORMATIVEと判定します。,SENT-0530の規則種別、受入条件、例外境界を完成した日本語で説明し、slash連結された理由文を除去する。
SENT-0554,verdict_reason,内部アルゴリズム監査の枠組みは、システムの企画から廃止までの全期間を通じた説明責任を扱いました。 検証対象として Closing the AI Accountability Gapが提示した内部アルゴリズム監査の枠組みは／システムの企画／開発／導入／運用／廃止を通じた説明責任を対象にしています を区別し、この文が断定する UNFORMALIZED_NATURAL_LANGUAGE_CLAIM と関係 NOT_APPLICABLE について、資料候補の記録は SRC-016 https://arxiv.org/abs/2001.00973 — abstract inspected 2026-08-15; 現主張への直接locatorは未確定 ですが、現主張を再特定する直接locatorは未確定です。そこで主体・対象・条件を保った Closing the AI Accountability Gapが提示した内部アルゴリズム監査の枠組みは、システムの企画、開発、導入、運用、廃止を通じた説明責任を対象にしています。 へ変更し、未確認の一般化または因果を本文から外すためREWRITE_REQUIREDと判定します。,内部アルゴリズム監査の枠組みは、システムの企画から廃止までの全期間を通じた説明責任を扱いました。 判断対象は、Closing the AI Accountability Gapが提示した内部アルゴリズム監査の枠組みは、システムの企画、開発、導入、運用、廃止を通じた説明責任を対象にしていることに限定した修正です。現文のUNFORMALIZED_NATURAL_LANGUAGE_CLAIMと関係NOT_APPLICABLEには、候補資料は記録されていますが、現主張を再特定する直接locatorは未確定です。修正後は次の文とします。Closing the AI Accountability Gapが提示した内部アルゴリズム監査の枠組みは、システムの企画、開発、導入、運用、廃止を通じた説明責任を対象にしています。 この限定で主体・対象・条件を保ちながら未確認の一般化または因果を除くため、REWRITE_REQUIREDと判定します。,SENT-0554の規則種別、受入条件、例外境界を完成した日本語で説明し、slash連結された理由文を除去する。
SENT-0572,normative_criteria,検証対象は次の条件です: 本ガイドでは／取り込み（ingestion）を／情報源から資料を取得し／検査／解析／分割／埋め込み／登録を経て検索可能なインデックスとして公開する処理と定義します。当該規則について、本文、図表、schema、評価台帳で同じ対象、単位、入出力を使用し、異なる意味で使う箇所がrepository内検索でゼロ件であることを確認する。,本ガイドでは、取り込み（ingestion）を、情報源から資料を取得し、検査、解析、分割、埋め込み、登録を経て検索可能なインデックスとして公開する処理と定義することを定める用語・工程定義について、本文、図表、schema、評価台帳で同じ対象、単位、入出力を使用し、異なる意味で使う箇所がrepository内検索でゼロ件であることを確認する。,SENT-0572の主体、観測方法、合格条件または例外契機を通常の日本語で明示し、payload注入型の共通shellを除去する。
SENT-0572,exceptions,例外判断で参照する条件は次のとおりです: 本ガイドでは／取り込み（ingestion）を／情報源から資料を取得し／検査／解析／分割／埋め込み／登録を経て検索可能なインデックスとして公開する処理と定義します。当該規則が公式標準または製品仕様の同名語と異なる場合はローカル定義であることと対応関係を併記し、公式語の意味を上書きしない。,本ガイドでは、取り込み（ingestion）を、情報源から資料を取得し、検査、解析、分割、埋め込み、登録を経て検索可能なインデックスとして公開する処理と定義することを定める用語・工程定義の例外として、当該規則が公式標準または製品仕様の同名語と異なる場合はローカル定義であることと対応関係を併記し、公式語の意味を上書きしない。,SENT-0572の主体、観測方法、合格条件または例外契機を通常の日本語で明示し、payload注入型の共通shellを除去する。
SENT-0572,verdict_reason,取り込み（ingestion）は、情報源から資料を取得し、検査、解析、分割、埋め込み、登録を経て、検索可能なインデックスとして公開する処理です。 この記述は 本ガイドでは／取り込み（ingestion）を／情報源から資料を取得し／検査／解析／分割／埋め込み／登録を経て検索可能なインデックスとして公開する処理と定義します を本ガイドの設計・評価・運用へ適用する規則で、外部研究の効果を一般化する文ではありません。履行を 検証対象は次の条件です: 本ガイドでは／取り込み（ingestion）を／情報源から資料を取得し／検査／解析／分割／埋め込み／登録を経て検索可能なインデックスとして公開する処理と定義します。当該規則について、本文、図表、schema、評価台帳で同じ対象、単位、入出力を使用し、異なる意味で使う箇所がrepository内検索でゼロ件であることを確認する。 により観測し、適用除外を 例外判断で参照する条件は次のとおりです: 本ガイドでは／取り込み（ingestion）を／情報源から資料を取得し／検査／解析／分割／埋め込み／登録を経て検索可能なインデックスとして公開する処理と定義します。当該規則が公式標準または製品仕様の同名語と異なる場合はローカル定義であることと対応関係を併記し、公式語の意味を上書きしない。 に限定できるため、APPROPRIATE_NORMATIVEと判定します。,取り込み（ingestion）は、情報源から資料を取得し、検査、解析、分割、埋め込み、登録を経て、検索可能なインデックスとして公開する処理です。 判断対象は、本ガイドでは、取り込み（ingestion）を、情報源から資料を取得し、検査、解析、分割、埋め込み、登録を経て検索可能なインデックスとして公開する処理と定義することを定める用語・工程定義です。外部資料から一般的な効果を導くのではなく、次の検査を受入条件とします。本ガイドでは、取り込み（ingestion）を、情報源から資料を取得し、検査、解析、分割、埋め込み、登録を経て検索可能なインデックスとして公開する処理と定義することを定める用語・工程定義について、本文、図表、schema、評価台帳で同じ対象、単位、入出力を使用し、異なる意味で使う箇所がrepository内検索でゼロ件であることを確認する。 適用除外は次の場合に限定します。本ガイドでは、取り込み（ingestion）を、情報源から資料を取得し、検査、解析、分割、埋め込み、登録を経て検索可能なインデックスとして公開する処理と定義することを定める用語・工程定義の例外として、当該規則が公式標準または製品仕様の同名語と異なる場合はローカル定義であることと対応関係を併記し、公式語の意味を上書きしない。 受入条件と例外境界を台帳で検査できるため、APPROPRIATE_NORMATIVEと判定します。,SENT-0572の規則種別、受入条件、例外境界を完成した日本語で説明し、slash連結された理由文を除去する。
SENT-0577,verdict_reason,FlumeJavaは、並列データ処理を再利用可能な変換段階として構成する考え方を示しました。 検証対象として FlumeJavaが対象としたdata-parallel pipelineでは／処理を再利用可能な変換段階として構成します を区別し、この文が断定する UNFORMALIZED_NATURAL_LANGUAGE_CLAIM と関係 NOT_APPLICABLE について、資料候補の記録は SRC-018 https://research.google/pubs/flumejava-easy-efficient-data-parallel-pipelines/ — primary_page inspected 2026-08-15; 現主張への直接locatorは未確定 ですが、現主張を再特定する直接locatorは未確定です。そこで主体・対象・条件を保った FlumeJavaが対象としたdata-parallel pipelineでは、処理を再利用可能な変換段階として構成します。 へ変更し、未確認の一般化または因果を本文から外すためREWRITE_REQUIREDと判定します。,FlumeJavaは、並列データ処理を再利用可能な変換段階として構成する考え方を示しました。 判断対象は、FlumeJavaが対象としたdata-parallel pipelineでは、処理を再利用可能な変換段階として構成することに限定した修正です。現文のUNFORMALIZED_NATURAL_LANGUAGE_CLAIMと関係NOT_APPLICABLEには、候補資料は記録されていますが、現主張を再特定する直接locatorは未確定です。修正後は次の文とします。FlumeJavaが対象としたdata-parallel pipelineでは、処理を再利用可能な変換段階として構成します。 この限定で主体・対象・条件を保ちながら未確認の一般化または因果を除くため、REWRITE_REQUIREDと判定します。,SENT-0577の規則種別、受入条件、例外境界を完成した日本語で説明し、slash連結された理由文を除去する。
SENT-0594,verdict_reason,Data Validation for Machine Learningがデータの異常とスキーマ変化を検出する枠組みを扱ったように、取得要求が成功したという通信結果だけで正常と判断しません。 この記述は Data Validation for Machine Learningがデータの異常とスキーマ変化を検出する枠組みを扱ったように／取得要求が成功したという通信結果だけで正常と判断しません を本ガイドの設計・評価・運用へ適用する規則で、外部研究の効果を一般化する文ではありません。履行を 取得要求がHTTP成功でも、schema、record count、必須metadata、本文非空、重複率の検査を通過しなければ正常取り込みとせず、対象batchを隔離する。 により観測し、適用除外を 検査基盤自体が停止した場合は通信成功だけで公開せず、batchを保留して検査復旧後に再実行する。 に限定できるため、APPROPRIATE_NORMATIVEと判定します。,Data Validation for Machine Learningがデータの異常とスキーマ変化を検出する枠組みを扱ったように、取得要求が成功したという通信結果だけで正常と判断しません。 判断対象は、Data Validation for Machine Learningがデータの異常とスキーマ変化を検出する枠組みを扱ったように、取得要求が成功したという通信結果だけで正常と判断しないことを定めるローカル設計規則です。外部資料から一般的な効果を導くのではなく、次の検査を受入条件とします。取得要求がHTTP成功でも、schema、record count、必須metadata、本文非空、重複率の検査を通過しなければ正常取り込みとせず、対象batchを隔離する。 適用除外は次の場合に限定します。検査基盤自体が停止した場合は通信成功だけで公開せず、batchを保留して検査復旧後に再実行する。 受入条件と例外境界を台帳で検査できるため、APPROPRIATE_NORMATIVEと判定します。,SENT-0594の規則種別、受入条件、例外境界を完成した日本語で説明し、slash連結された理由文を除去する。
SENT-0608,normative_criteria,検証対象は次の条件です: 解析器や埋め込みモデルを比較するときは／同じスナップショットを入力し／出力差の原因を処理変更に結び付けられるようにします。当該規則に挙げた選択肢を同じdataset version、query slice、gold evidence、負荷条件で比較し、対象sliceごとの品質・latency・costを一つのresult tableへ記録する。,解析器や埋め込みモデルを比較するときは、同じスナップショットを入力し、出力差の原因を処理変更に結び付けられるようにすることを定める評価・採否規則について、この規則に挙げた選択肢を同じdataset version、query slice、gold evidence、負荷条件で比較し、対象sliceごとの品質・latency・costを一つのresult tableへ記録する。,SENT-0608の主体、観測方法、合格条件または例外契機を通常の日本語で明示し、payload注入型の共通shellを除去する。
SENT-0608,exceptions,例外判断で参照する条件は次のとおりです: 解析器や埋め込みモデルを比較するときは／同じスナップショットを入力し／出力差の原因を処理変更に結び付けられるようにします。当該規則を評価するgold evidenceがないslice、標本不足のslice、負荷条件が異なるrunは合否集計から分離し、他sliceの平均結果を外挿しない。,解析器や埋め込みモデルを比較するときは、同じスナップショットを入力し、出力差の原因を処理変更に結び付けられるようにすることを定める評価・採否規則の例外として、判定に必要なgold evidenceがないslice、標本不足のslice、負荷条件が異なるrunは合否集計から分離し、他sliceの平均結果を外挿しない。,SENT-0608の主体、観測方法、合格条件または例外契機を通常の日本語で明示し、payload注入型の共通shellを除去する。
SENT-0608,verdict_reason,解析器や埋め込みモデルを比較するときは、同じスナップショットを入力し、出力差の原因を処理変更に結び付けられるようにします。 この記述は 解析器や埋め込みモデルを比較するときは／同じスナップショットを入力し／出力差の原因を処理変更に結び付けられるようにします を本ガイドの設計・評価・運用へ適用する規則で、外部研究の効果を一般化する文ではありません。履行を 検証対象は次の条件です: 解析器や埋め込みモデルを比較するときは／同じスナップショットを入力し／出力差の原因を処理変更に結び付けられるようにします。当該規則に挙げた選択肢を同じdataset version、query slice、gold evidence、負荷条件で比較し、対象sliceごとの品質・latency・costを一つのresult tableへ記録する。 により観測し、適用除外を 例外判断で参照する条件は次のとおりです: 解析器や埋め込みモデルを比較するときは／同じスナップショットを入力し／出力差の原因を処理変更に結び付けられるようにします。当該規則を評価するgold evidenceがないslice、標本不足のslice、負荷条件が異なるrunは合否集計から分離し、他sliceの平均結果を外挿しない。 に限定できるため、APPROPRIATE_NORMATIVEと判定します。,解析器や埋め込みモデルを比較するときは、同じスナップショットを入力し、出力差の原因を処理変更に結び付けられるようにします。 判断対象は、解析器や埋め込みモデルを比較するときは、同じスナップショットを入力し、出力差の原因を処理変更に結び付けられるようにすることを定める評価・採否規則です。外部資料から一般的な効果を導くのではなく、次の検査を受入条件とします。解析器や埋め込みモデルを比較するときは、同じスナップショットを入力し、出力差の原因を処理変更に結び付けられるようにすることを定める評価・採否規則について、この規則に挙げた選択肢を同じdataset version、query slice、gold evidence、負荷条件で比較し、対象sliceごとの品質・latency・costを一つのresult tableへ記録する。 適用除外は次の場合に限定します。解析器や埋め込みモデルを比較するときは、同じスナップショットを入力し、出力差の原因を処理変更に結び付けられるようにすることを定める評価・採否規則の例外として、判定に必要なgold evidenceがないslice、標本不足のslice、負荷条件が異なるrunは合否集計から分離し、他sliceの平均結果を外挿しない。 受入条件と例外境界を台帳で検査できるため、APPROPRIATE_NORMATIVEと判定します。,SENT-0608の規則種別、受入条件、例外境界を完成した日本語で説明し、slash連結された理由文を除去する。
SENT-0615,verdict_reason,同じキーを再処理しても、チャンクやベクトルを二重登録しないようにします。 この記述は 同じキーを再処理しても／チャンクやベクトルを二重登録しないようにします を本ガイドの設計・評価・運用へ適用する規則で、外部研究の効果を一般化する文ではありません。履行を 同じsource ID、document version、transformation versionを再処理し、chunk IDとvector IDの件数・内容が初回と一致し、重複行が増えないことを冪等性試験で確認する。 により観測し、適用除外を document versionまたはtransformation versionが変わった再処理は新しい成果物を作成できるが、旧版との対応と切替状態を保持する。 に限定できるため、APPROPRIATE_NORMATIVEと判定します。,同じキーを再処理しても、チャンクやベクトルを二重登録しないようにします。 判断対象は、同じキーを再処理しても、チャンクやベクトルを二重登録しないようにすることを定める運用規則です。外部資料から一般的な効果を導くのではなく、次の検査を受入条件とします。同じsource ID、document version、transformation versionを再処理し、chunk IDとvector IDの件数・内容が初回と一致し、重複行が増えないことを冪等性試験で確認する。 適用除外は次の場合に限定します。document versionまたはtransformation versionが変わった再処理は新しい成果物を作成できるが、旧版との対応と切替状態を保持する。 受入条件と例外境界を台帳で検査できるため、APPROPRIATE_NORMATIVEと判定します。,SENT-0615の規則種別、受入条件、例外境界を完成した日本語で説明し、slash連結された理由文を除去する。
SENT-0633,verdict_reason,変更していないチャンクは、内容ハッシュと処理版が一致する場合に再利用できます。 検証対象として content hashとprocessing versionがともに一致するchunkだけを未変更とみなし／既存の解析結果・embedding・index entryを再利用します を区別し、この文が断定する UNFORMALIZED_NATURAL_LANGUAGE_CLAIM と関係 UNFORMALIZED について、資料候補の記録は SRC-002 https://aclanthology.org/2020.emnlp-main.550/ — abstract inspected 2026-08-15; 現主張への直接locatorは未確定; SRC-005 https://doi.org/10.1561/1500000019 — primary_page inspected 2026-08-15; 現主張への直接locatorは未確定; SRC-009 https://dl.acm.org/doi/10.1145/3411764.3445518 — primary_page inspected 2026-08-15; 現主張への直接locatorは未確定 ですが、現主張を再特定する直接locatorは未確定です。そこで主体・対象・条件を保った content hashとprocessing versionがともに一致するchunkだけを未変更とみなし、既存の解析結果・embedding・index entryを再利用します。 へ変更し、未確認の一般化または因果を本文から外すためREWRITE_REQUIREDと判定します。,変更していないチャンクは、内容ハッシュと処理版が一致する場合に再利用できます。 判断対象は、content hashとprocessing versionがともに一致するchunkだけを未変更とみなし、既存の解析結果・embedding・index entryを再利用することに限定した修正です。現文のUNFORMALIZED_NATURAL_LANGUAGE_CLAIMと関係UNFORMALIZEDには、候補資料は記録されていますが、現主張を再特定する直接locatorは未確定です。修正後は次の文とします。content hashとprocessing versionがともに一致するchunkだけを未変更とみなし、既存の解析結果・embedding・index entryを再利用します。 この限定で主体・対象・条件を保ちながら未確認の一般化または因果を除くため、REWRITE_REQUIREDと判定します。,SENT-0633の規則種別、受入条件、例外境界を完成した日本語で説明し、slash連結された理由文を除去する。
SENT-0674,verdict_reason,解析、分割、埋め込みの変更による品質差を、利用者へ影響を与える前に確認し、安全に戻すための仕組みです。 この記述は 解析／分割／埋め込みの変更による品質差を／利用者へ影響を与える前に確認し／安全に戻すための仕組みです を本ガイドの設計・評価・運用へ適用する規則で、外部研究の効果を一般化する文ではありません。履行を 解析・分割・埋め込みの各変更を別versionとして事前評価し、品質guardrail通過後に切替え、同じdocument IDを旧versionへ戻せるrollback試験を行う。 により観測し、適用除外を 本番安全性を損なう障害では事前比較を待たず旧versionへ戻せるが、障害中の成果物を新旧混在のまま公開しない。 に限定できるため、APPROPRIATE_NORMATIVEと判定します。,解析、分割、埋め込みの変更による品質差を、利用者へ影響を与える前に確認し、安全に戻すための仕組みです。 判断対象は、解析、分割、埋め込みの変更による品質差を、利用者へ影響を与える前に確認し、安全に戻すための仕組みであることを定める評価・採否規則です。外部資料から一般的な効果を導くのではなく、次の検査を受入条件とします。解析・分割・埋め込みの各変更を別versionとして事前評価し、品質guardrail通過後に切替え、同じdocument IDを旧versionへ戻せるrollback試験を行う。 適用除外は次の場合に限定します。本番安全性を損なう障害では事前比較を待たず旧versionへ戻せるが、障害中の成果物を新旧混在のまま公開しない。 受入条件と例外境界を台帳で検査できるため、APPROPRIATE_NORMATIVEと判定します。,SENT-0674の規則種別、受入条件、例外境界を完成した日本語で説明し、slash連結された理由文を除去する。
SENT-0689,verdict_reason,PubLayNetは、文書画像中の本文、見出し、表、図などを検出する大規模データセットを提供しました。 検証対象として PubLayNet論文が公開したdocument layout datasetには／文書画像中の本文／見出し／表／図などの領域annotationが含まれます を区別し、この文が断定する scalability=true と関係 NOT_APPLICABLE について、資料候補の記録は SRC-025 https://arxiv.org/abs/1908.07836 — abstract inspected 2026-08-15; 現主張への直接locatorは未確定 ですが、現主張を再特定する直接locatorは未確定です。そこで主体・対象・条件を保った PubLayNet論文が公開したdocument layout datasetには、文書画像中の本文、見出し、表、図などの領域annotationが含まれます。 へ変更し、未確認の一般化または因果を本文から外すためREWRITE_REQUIREDと判定します。,PubLayNetは、文書画像中の本文、見出し、表、図などを検出する大規模データセットを提供しました。 判断対象は、PubLayNet論文が公開したdocument layout datasetには、文書画像中の本文、見出し、表、図などの領域annotationが含まれることに限定した修正です。現文のscalability=trueと関係NOT_APPLICABLEには、候補資料は記録されていますが、現主張を再特定する直接locatorは未確定です。修正後は次の文とします。PubLayNet論文が公開したdocument layout datasetには、文書画像中の本文、見出し、表、図などの領域annotationが含まれます。 この限定で主体・対象・条件を保ちながら未確認の一般化または因果を除くため、REWRITE_REQUIREDと判定します。,SENT-0689の規則種別、受入条件、例外境界を完成した日本語で説明し、slash連結された理由文を除去する。
SENT-0700,verdict_reason,学術論文だけで評価した解析器が、帳票や規程でも同じ性能を持つとは限りません。 この記述は 学術論文だけで評価した解析器が／帳票や規程でも同じ性能を持つとは限りません を本ガイドの設計・評価・運用へ適用する規則で、外部研究の効果を一般化する文ではありません。履行を 学術論文だけで評価した解析器が、帳票や規程でも同じ性能を持つとは限りません。 学術論文・帳票・規程を分けたgold document setで同じparserを実行し、表・見出し・条項・注記のspan保持率をdocument class別に記録してから適用範囲を決めます。 により観測し、適用除外を 学術論文だけで評価した解析器が、帳票や規程でも同じ性能を持つとは限りません。 帳票または規程のgold documentが未整備なら、そのclassをparserの合格範囲へ含めず、学術論文での結果を代用しません。 に限定できるため、APPROPRIATE_NORMATIVEと判定します。,学術論文だけで評価した解析器が、帳票や規程でも同じ性能を持つとは限りません。 判断対象は、学術論文だけで評価した解析器が、帳票や規程でも同じ性能を持つとは限らないことを定める評価・採否規則です。外部資料から一般的な効果を導くのではなく、次の検査を受入条件とします。学術論文だけで評価した解析器が、帳票や規程でも同じ性能を持つとは限りません。 学術論文・帳票・規程を分けたgold document setで同じparserを実行し、表・見出し・条項・注記のspan保持率をdocument class別に記録してから適用範囲を決めます。 適用除外は次の場合に限定します。学術論文だけで評価した解析器が、帳票や規程でも同じ性能を持つとは限りません。 帳票または規程のgold documentが未整備なら、そのclassをparserの合格範囲へ含めず、学術論文での結果を代用しません。 受入条件と例外境界を台帳で検査できるため、APPROPRIATE_NORMATIVEと判定します。,SENT-0700の規則種別、受入条件、例外境界を完成した日本語で説明し、slash連結された理由文を除去する。
SENT-0728,verdict_reason,Donutは、OCR結果を中間入力とせず、文書画像から構造化された文字列を生成する方法を提案しました。 検証対象として Donut論文は／OCR出力を中間入力にせず／document imageから構造化文字列を生成するdocument understanding手法を提案しています を区別し、この文が断定する generation=true と関係 NOT について、資料候補の記録は SRC-028 https://arxiv.org/abs/2111.15664 — abstract inspected 2026-08-15; 現主張への直接locatorは未確定 ですが、現主張を再特定する直接locatorは未確定です。そこで主体・対象・条件を保った Donut論文は、OCR出力を中間入力にせず、document imageから構造化文字列を生成するdocument understanding手法を提案しています。 へ変更し、未確認の一般化または因果を本文から外すためREWRITE_REQUIREDと判定します。,Donutは、OCR結果を中間入力とせず、文書画像から構造化された文字列を生成する方法を提案しました。 判断対象は、Donut論文は、OCR出力を中間入力にせず、document imageから構造化文字列を生成するdocument understanding手法を提案していることに限定した修正です。現文のgeneration=trueと関係NOTには、候補資料は記録されていますが、現主張を再特定する直接locatorは未確定です。修正後は次の文とします。Donut論文は、OCR出力を中間入力にせず、document imageから構造化文字列を生成するdocument understanding手法を提案しています。 この限定で主体・対象・条件を保ちながら未確認の一般化または因果を除くため、REWRITE_REQUIREDと判定します。,SENT-0728の規則種別、受入条件、例外境界を完成した日本語で説明し、slash連結された理由文を除去する。
SENT-0735,verdict_reason,PubTables-1Mは、表領域の検出、表構造の認識、セルの対応を一続きの課題として扱いました。 検証対象として PubTables-1M論文は／表領域検出／表構造認識／cell対応付けを連続したtable extraction課題として定義しています を区別し、この文が断定する NL_PROPOSITION(PubTables-1Mは、表領域の検出、表構造の認識、セルの対応を一続きの課題として扱いました。) と関係 NOT_APPLICABLE について、根拠境界は primary-source Abstract (PubTables-1M; inspected 2026-08-15)、外的真偽水準は UNVERIFIED です。そこで主体・対象・条件を保った PubTables-1M論文は、表領域検出、表構造認識、cell対応付けを連続したtable extraction課題として定義しています。 へ変更し、未確認の一般化または因果を本文から外すためREWRITE_REQUIREDと判定します。,PubTables-1Mは、表領域の検出、表構造の認識、セルの対応を一続きの課題として扱いました。 判断対象は、PubTables-1M論文は、表領域検出、表構造認識、cell対応付けを連続したtable extraction課題として定義していることに限定した修正です。現文のNL_PROPOSITION(PubTables-1Mは、表領域の検出、表構造の認識、セルの対応を一続きの課題として扱いました。)と関係NOT_APPLICABLEには、根拠の外的真偽水準はUNVERIFIEDで、直接根拠の境界は台帳のlocatorに限定されます。修正後は次の文とします。PubTables-1M論文は、表領域検出、表構造認識、cell対応付けを連続したtable extraction課題として定義しています。 この限定で主体・対象・条件を保ちながら未確認の一般化または因果を除くため、REWRITE_REQUIREDと判定します。,SENT-0735の規則種別、受入条件、例外境界を完成した日本語で説明し、slash連結された理由文を除去する。
SENT-0772,verdict_reason,解析器の更新ごとに差分を保存し、改善した文書と悪化した文書を確認します。 この記述は 解析器の更新ごとに差分を保存し／改善した文書と悪化した文書を確認します を本ガイドの設計・評価・運用へ適用する規則で、外部研究の効果を一般化する文ではありません。履行を parser version更新ごとに同一文書fixtureの抽出text、table、page locator、errorをdiff保存し、改善・悪化したdocument IDをレビュー可能にする。 により観測し、適用除外を 新規文書形式に旧parserの比較対象がない場合は初期fixtureをbaselineとして登録し、その形式を未比較のまま全体公開しない。 に限定できるため、APPROPRIATE_NORMATIVEと判定します。,解析器の更新ごとに差分を保存し、改善した文書と悪化した文書を確認します。 判断対象は、解析器の更新ごとに差分を保存し、改善した文書と悪化した文書を確認することを定める運用規則です。外部資料から一般的な効果を導くのではなく、次の検査を受入条件とします。parser version更新ごとに同一文書fixtureの抽出text、table、page locator、errorをdiff保存し、改善・悪化したdocument IDをレビュー可能にする。 適用除外は次の場合に限定します。新規文書形式に旧parserの比較対象がない場合は初期fixtureをbaselineとして登録し、その形式を未比較のまま全体公開しない。 受入条件と例外境界を台帳で検査できるため、APPROPRIATE_NORMATIVEと判定します。,SENT-0772の規則種別、受入条件、例外境界を完成した日本語で説明し、slash連結された理由文を除去する。
SENT-0779,verdict_reason,チャンクから原ページへ戻れない場合は、インデックス公開前に止めます。 この記述は チャンクから原ページへ戻れない場合は／インデックス公開前に止めます を本ガイドの設計・評価・運用へ適用する規則で、外部研究の効果を一般化する文ではありません。履行を 全chunkについてsource URIとpage/sectionまたはcharacter rangeから原文を再表示できることを公開前に検査し、一件でも逆引き不能なら該当index versionを公開しない。 により観測し、適用除外を ページ概念のないHTMLや構造化データはsection pathまたはrecord keyをlocatorにできるが、locatorなしでの公開は認めない。 に限定できるため、APPROPRIATE_NORMATIVEと判定します。,チャンクから原ページへ戻れない場合は、インデックス公開前に止めます。 判断対象は、チャンクから原ページへ戻れない場合は、インデックス公開前に止めることを定める運用規則です。外部資料から一般的な効果を導くのではなく、次の検査を受入条件とします。全chunkについてsource URIとpage/sectionまたはcharacter rangeから原文を再表示できることを公開前に検査し、一件でも逆引き不能なら該当index versionを公開しない。 適用除外は次の場合に限定します。ページ概念のないHTMLや構造化データはsection pathまたはrecord keyをlocatorにできるが、locatorなしでの公開は認めない。 受入条件と例外境界を台帳で検査できるため、APPROPRIATE_NORMATIVEと判定します。,SENT-0779の規則種別、受入条件、例外境界を完成した日本語で説明し、slash連結された理由文を除去する。
SENT-0780,normative_criteria,検証対象は次の条件です: 本ガイドでは／チャンキングを／検索器が比較する知識の単位／LLMへ渡す文脈／利用者へ示す引用範囲を設計する処理と定義します。当該規則について、本文、図表、schema、評価台帳で同じ対象、単位、入出力を使用し、異なる意味で使う箇所がrepository内検索でゼロ件であることを確認する。,本ガイドでは、チャンキングを、検索器が比較する知識の単位、LLMへ渡す文脈、利用者へ示す引用範囲を設計する処理と定義することを定める評価・採否規則について、本文、図表、schema、評価台帳で同じ対象、単位、入出力を使用し、異なる意味で使う箇所がrepository内検索でゼロ件であることを確認する。,SENT-0780の主体、観測方法、合格条件または例外契機を通常の日本語で明示し、payload注入型の共通shellを除去する。
SENT-0780,exceptions,例外判断で参照する条件は次のとおりです: 本ガイドでは／チャンキングを／検索器が比較する知識の単位／LLMへ渡す文脈／利用者へ示す引用範囲を設計する処理と定義します。当該規則が公式標準または製品仕様の同名語と異なる場合はローカル定義であることと対応関係を併記し、公式語の意味を上書きしない。,本ガイドでは、チャンキングを、検索器が比較する知識の単位、LLMへ渡す文脈、利用者へ示す引用範囲を設計する処理と定義することを定める評価・採否規則の例外として、当該規則が公式標準または製品仕様の同名語と異なる場合はローカル定義であることと対応関係を併記し、公式語の意味を上書きしない。,SENT-0780の主体、観測方法、合格条件または例外契機を通常の日本語で明示し、payload注入型の共通shellを除去する。
SENT-0780,verdict_reason,チャンキングは、検索器が比較する知識の単位、LLMへ渡す文脈、利用者へ示す引用範囲を設計する処理です。 この記述は 本ガイドでは／チャンキングを／検索器が比較する知識の単位／LLMへ渡す文脈／利用者へ示す引用範囲を設計する処理と定義します を本ガイドの設計・評価・運用へ適用する規則で、外部研究の効果を一般化する文ではありません。履行を 検証対象は次の条件です: 本ガイドでは／チャンキングを／検索器が比較する知識の単位／LLMへ渡す文脈／利用者へ示す引用範囲を設計する処理と定義します。当該規則について、本文、図表、schema、評価台帳で同じ対象、単位、入出力を使用し、異なる意味で使う箇所がrepository内検索でゼロ件であることを確認する。 により観測し、適用除外を 例外判断で参照する条件は次のとおりです: 本ガイドでは／チャンキングを／検索器が比較する知識の単位／LLMへ渡す文脈／利用者へ示す引用範囲を設計する処理と定義します。当該規則が公式標準または製品仕様の同名語と異なる場合はローカル定義であることと対応関係を併記し、公式語の意味を上書きしない。 に限定できるため、APPROPRIATE_NORMATIVEと判定します。,チャンキングは、検索器が比較する知識の単位、LLMへ渡す文脈、利用者へ示す引用範囲を設計する処理です。 判断対象は、本ガイドでは、チャンキングを、検索器が比較する知識の単位、LLMへ渡す文脈、利用者へ示す引用範囲を設計する処理と定義することを定める評価・採否規則です。外部資料から一般的な効果を導くのではなく、次の検査を受入条件とします。本ガイドでは、チャンキングを、検索器が比較する知識の単位、LLMへ渡す文脈、利用者へ示す引用範囲を設計する処理と定義することを定める評価・採否規則について、本文、図表、schema、評価台帳で同じ対象、単位、入出力を使用し、異なる意味で使う箇所がrepository内検索でゼロ件であることを確認する。 適用除外は次の場合に限定します。本ガイドでは、チャンキングを、検索器が比較する知識の単位、LLMへ渡す文脈、利用者へ示す引用範囲を設計する処理と定義することを定める評価・採否規則の例外として、当該規則が公式標準または製品仕様の同名語と異なる場合はローカル定義であることと対応関係を併記し、公式語の意味を上書きしない。 受入条件と例外境界を台帳で検査できるため、APPROPRIATE_NORMATIVEと判定します。,SENT-0780の規則種別、受入条件、例外境界を完成した日本語で説明し、slash連結された理由文を除去する。
SENT-0786,verdict_reason,Dense X Retrievalは、文書、段落、文、命題という検索粒度が、検索と質問応答の性能へ影響することを評価しました。 検証対象として Dense X Retrievalは／文書／段落／文／命題の各単位でindexを構成し／評価対象の検索・質問応答taskに対する粒度の影響を比較しています を区別し、この文が断定する evaluation=true と関係 NOT_APPLICABLE について、資料候補の記録は SRC-031 https://arxiv.org/abs/2312.06648 — abstract inspected 2026-08-15; 現主張への直接locatorは未確定 ですが、現主張を再特定する直接locatorは未確定です。そこで主体・対象・条件を保った Dense X Retrievalは、文書、段落、文、命題の各単位でindexを構成し、評価対象の検索・質問応答taskに対する粒度の影響を比較しています。 へ変更し、未確認の一般化または因果を本文から外すためREWRITE_REQUIREDと判定します。,Dense X Retrievalは、文書、段落、文、命題という検索粒度が、検索と質問応答の性能へ影響することを評価しました。 判断対象は、Dense X Retrievalは、文書、段落、文、命題の各単位でindexを構成し、評価対象の検索・質問応答taskに対する粒度の影響を比較していることに限定した修正です。現文のevaluation=trueと関係NOT_APPLICABLEには、候補資料は記録されていますが、現主張を再特定する直接locatorは未確定です。修正後は次の文とします。Dense X Retrievalは、文書、段落、文、命題の各単位でindexを構成し、評価対象の検索・質問応答taskに対する粒度の影響を比較しています。 この限定で主体・対象・条件を保ちながら未確認の一般化または因果を除くため、REWRITE_REQUIREDと判定します。,SENT-0786の規則種別、受入条件、例外境界を完成した日本語で説明し、slash連結された理由文を除去する。
SENT-0802,verdict_reason,節が長い場合は、節見出しを各子チャンクの本文またはメタデータへ継承します。 この記述は 節が長い場合は／節見出しを各子チャンクの本文またはメタデータへ継承します を本ガイドの設計・評価・運用へ適用する規則で、外部研究の効果を一般化する文ではありません。履行を 節を複数の子chunkへ分割するfixtureで、各子chunkの本文またはmetadataに同じsection headingが入り、検索結果から見出しを復元できることを確認する。 により観測し、適用除外を 子chunk本文自体に節見出しが完全に含まれる場合はmetadataへの重複格納を省略できるが、復元可能性は維持する。 に限定できるため、APPROPRIATE_NORMATIVEと判定します。,節が長い場合は、節見出しを各子チャンクの本文またはメタデータへ継承します。 判断対象は、節が長い場合は、節見出しを各子チャンクの本文またはメタデータへ継承することを定める運用規則です。外部資料から一般的な効果を導くのではなく、次の検査を受入条件とします。節を複数の子chunkへ分割するfixtureで、各子chunkの本文またはmetadataに同じsection headingが入り、検索結果から見出しを復元できることを確認する。 適用除外は次の場合に限定します。子chunk本文自体に節見出しが完全に含まれる場合はmetadataへの重複格納を省略できるが、復元可能性は維持する。 受入条件と例外境界を台帳で検査できるため、APPROPRIATE_NORMATIVEと判定します。,SENT-0802の規則種別、受入条件、例外境界を完成した日本語で説明し、slash連結された理由文を除去する。
SENT-0807,normative_criteria,検証対象は次の条件です: 検索改善を評価するときは／解析品質と分割品質を区別します。本文に列挙した対象・条件・指標を個別fieldへ保存し、同一runの実装結果または評価結果と一致することを確認する。,検索改善を評価するときは、解析品質と分割品質を区別することを定める評価・採否規則について、本文に列挙した対象・条件・指標を個別fieldへ保存し、同一runの実装結果または評価結果と一致することを確認する。,SENT-0807の主体、観測方法、合格条件または例外契機を通常の日本語で明示し、payload注入型の共通shellを除去する。
SENT-0807,exceptions,例外判断で参照する条件は次のとおりです: 検索改善を評価するときは／解析品質と分割品質を区別します。当該規則を評価するgold evidenceがないslice、標本不足のslice、負荷条件が異なるrunは合否集計から分離し、他sliceの平均結果を外挿しない。,検索改善を評価するときは、解析品質と分割品質を区別することを定める評価・採否規則の例外として、判定に必要なgold evidenceがないslice、標本不足のslice、負荷条件が異なるrunは合否集計から分離し、他sliceの平均結果を外挿しない。,SENT-0807の主体、観測方法、合格条件または例外契機を通常の日本語で明示し、payload注入型の共通shellを除去する。
SENT-0807,verdict_reason,検索改善を評価するときは、解析品質と分割品質を区別します。 この記述は 検索改善を評価するときは／解析品質と分割品質を区別します を本ガイドの設計・評価・運用へ適用する規則で、外部研究の効果を一般化する文ではありません。履行を 検証対象は次の条件です: 検索改善を評価するときは／解析品質と分割品質を区別します。本文に列挙した対象・条件・指標を個別fieldへ保存し、同一runの実装結果または評価結果と一致することを確認する。 により観測し、適用除外を 例外判断で参照する条件は次のとおりです: 検索改善を評価するときは／解析品質と分割品質を区別します。当該規則を評価するgold evidenceがないslice、標本不足のslice、負荷条件が異なるrunは合否集計から分離し、他sliceの平均結果を外挿しない。 に限定できるため、APPROPRIATE_NORMATIVEと判定します。,検索改善を評価するときは、解析品質と分割品質を区別します。 判断対象は、検索改善を評価するときは、解析品質と分割品質を区別することを定める評価・採否規則です。外部資料から一般的な効果を導くのではなく、次の検査を受入条件とします。検索改善を評価するときは、解析品質と分割品質を区別することを定める評価・採否規則について、本文に列挙した対象・条件・指標を個別fieldへ保存し、同一runの実装結果または評価結果と一致することを確認する。 適用除外は次の場合に限定します。検索改善を評価するときは、解析品質と分割品質を区別することを定める評価・採否規則の例外として、判定に必要なgold evidenceがないslice、標本不足のslice、負荷条件が異なるrunは合否集計から分離し、他sliceの平均結果を外挿しない。 受入条件と例外境界を台帳で検査できるため、APPROPRIATE_NORMATIVEと判定します。,SENT-0807の規則種別、受入条件、例外境界を完成した日本語で説明し、slash連結された理由文を除去する。
SENT-0830,verdict_reason,Dense X Retrievalは、評価した条件で、命題単位のインデックスが段落単位より有効な結果を報告しました。 検証対象として Dense X Retrievalが用いた検索・質問応答の評価条件では／命題単位indexが段落単位indexを上回る結果を報告しています を区別し、この文が断定する evaluation=true と関係 NOT_APPLICABLE について、資料候補の記録は SRC-031 https://arxiv.org/abs/2312.06648 — abstract inspected 2026-08-15; 現主張への直接locatorは未確定 ですが、現主張を再特定する直接locatorは未確定です。そこで主体・対象・条件を保った Dense X Retrievalが用いた検索・質問応答の評価条件では、命題単位indexが段落単位indexを上回る結果を報告しています。 へ変更し、未確認の一般化または因果を本文から外すためREWRITE_REQUIREDと判定します。,Dense X Retrievalは、評価した条件で、命題単位のインデックスが段落単位より有効な結果を報告しました。 判断対象は、Dense X Retrievalが用いた検索・質問応答の評価条件では、命題単位indexが段落単位indexを上回る結果を報告していることに限定した修正です。現文のevaluation=trueと関係NOT_APPLICABLEには、候補資料は記録されていますが、現主張を再特定する直接locatorは未確定です。修正後は次の文とします。Dense X Retrievalが用いた検索・質問応答の評価条件では、命題単位indexが段落単位indexを上回る結果を報告しています。 この限定で主体・対象・条件を保ちながら未確認の一般化または因果を除くため、REWRITE_REQUIREDと判定します。,SENT-0830の規則種別、受入条件、例外境界を完成した日本語で説明し、slash連結された理由文を除去する。
SENT-0834,normative_criteria,検証対象は次の条件です: 生成した命題は原文の代替にせず／元の文と親チャンクへ必ず結び付けます。当該規則に列挙したID、version、artifactを必須schema fieldにし、任意のanswer/citationからsource document、original span、chunk、retrieval rank、configuration versionへ欠損なく到達できることを確認する。,生成した命題は原文の代替にせず、元の文と親チャンクへ必ず結び付けることを定めるローカル設計規則について、この規則に列挙したID、version、artifactを必須schema fieldにし、任意のanswer/citationからsource document、original span、chunk、retrieval rank、configuration versionへ欠損なく到達できることを確認する。,SENT-0834の主体、観測方法、合格条件または例外契機を通常の日本語で明示し、payload注入型の共通shellを除去する。
SENT-0834,exceptions,例外判断で参照する条件は次のとおりです: 生成した命題は原文の代替にせず／元の文と親チャンクへ必ず結び付けます。当該規則の値に個人情報または保存期限の制約がある場合は仮名化・分離保管へ置換できるが、source/version/spanを復元する承認済み対応表は保持する。,生成した命題は原文の代替にせず、元の文と親チャンクへ必ず結び付けることを定めるローカル設計規則の例外として、対象値に個人情報または保存期限の制約がある場合は仮名化・分離保管へ置換できるが、source/version/spanを復元する承認済み対応表は保持する。,SENT-0834の主体、観測方法、合格条件または例外契機を通常の日本語で明示し、payload注入型の共通shellを除去する。
SENT-0834,verdict_reason,生成した命題は原文の代替にせず、元の文と親チャンクへ必ず結び付けます。 この記述は 生成した命題は原文の代替にせず／元の文と親チャンクへ必ず結び付けます を本ガイドの設計・評価・運用へ適用する規則で、外部研究の効果を一般化する文ではありません。履行を 検証対象は次の条件です: 生成した命題は原文の代替にせず／元の文と親チャンクへ必ず結び付けます。当該規則に列挙したID、version、artifactを必須schema fieldにし、任意のanswer/citationからsource document、original span、chunk、retrieval rank、configuration versionへ欠損なく到達できることを確認する。 により観測し、適用除外を 例外判断で参照する条件は次のとおりです: 生成した命題は原文の代替にせず／元の文と親チャンクへ必ず結び付けます。当該規則の値に個人情報または保存期限の制約がある場合は仮名化・分離保管へ置換できるが、source/version/spanを復元する承認済み対応表は保持する。 に限定できるため、APPROPRIATE_NORMATIVEと判定します。,生成した命題は原文の代替にせず、元の文と親チャンクへ必ず結び付けます。 判断対象は、生成した命題は原文の代替にせず、元の文と親チャンクへ必ず結び付けることを定めるローカル設計規則です。外部資料から一般的な効果を導くのではなく、次の検査を受入条件とします。生成した命題は原文の代替にせず、元の文と親チャンクへ必ず結び付けることを定めるローカル設計規則について、この規則に列挙したID、version、artifactを必須schema fieldにし、任意のanswer/citationからsource document、original span、chunk、retrieval rank、configuration versionへ欠損なく到達できることを確認する。 適用除外は次の場合に限定します。生成した命題は原文の代替にせず、元の文と親チャンクへ必ず結び付けることを定めるローカル設計規則の例外として、対象値に個人情報または保存期限の制約がある場合は仮名化・分離保管へ置換できるが、source/version/spanを復元する承認済み対応表は保持する。 受入条件と例外境界を台帳で検査できるため、APPROPRIATE_NORMATIVEと判定します。,SENT-0834の規則種別、受入条件、例外境界を完成した日本語で説明し、slash連結された理由文を除去する。
SENT-0850,verdict_reason,代名詞、省略された主語、前節で定義した用語は、チャンクだけでは解釈しにくい場合があります。 検証対象として 代名詞／省略された主語／前節で定義した用語は／単独chunkだけでは参照先を確定できない場合があります を区別し、この文が断定する UNFORMALIZED_NATURAL_LANGUAGE_CLAIM と関係 UNFORMALIZED について、資料候補の記録は SRC-002 https://aclanthology.org/2020.emnlp-main.550/ — abstract inspected 2026-08-15; 現主張への直接locatorは未確定; SRC-005 https://doi.org/10.1561/1500000019 — primary_page inspected 2026-08-15; 現主張への直接locatorは未確定; SRC-009 https://dl.acm.org/doi/10.1145/3411764.3445518 — primary_page inspected 2026-08-15; 現主張への直接locatorは未確定 ですが、現主張を再特定する直接locatorは未確定です。そこで主体・対象・条件を保った 代名詞、省略された主語、前節で定義した用語は、単独chunkだけでは参照先を確定できない場合があります。 へ変更し、未確認の一般化または因果を本文から外すためREWRITE_REQUIREDと判定します。,代名詞、省略された主語、前節で定義した用語は、チャンクだけでは解釈しにくい場合があります。 判断対象は、代名詞、省略された主語、前節で定義した用語は、単独chunkだけでは参照先を確定できない場合があることに限定した修正です。現文のUNFORMALIZED_NATURAL_LANGUAGE_CLAIMと関係UNFORMALIZEDには、候補資料は記録されていますが、現主張を再特定する直接locatorは未確定です。修正後は次の文とします。代名詞、省略された主語、前節で定義した用語は、単独chunkだけでは参照先を確定できない場合があります。 この限定で主体・対象・条件を保ちながら未確認の一般化または因果を除くため、REWRITE_REQUIREDと判定します。,SENT-0850の規則種別、受入条件、例外境界を完成した日本語で説明し、slash連結された理由文を除去する。
SENT-0855,normative_criteria,検証対象は次の条件です: 代名詞や節間参照を含む質問群で／通常のチャンク埋め込みと比較してから導入します。当該規則に挙げた選択肢を同じdataset version、query slice、gold evidence、負荷条件で比較し、対象sliceごとの品質・latency・costを一つのresult tableへ記録する。,代名詞や節間参照を含む質問群で、通常のチャンク埋め込みと比較してから導入することを定める評価・採否規則について、この規則に挙げた選択肢を同じdataset version、query slice、gold evidence、負荷条件で比較し、対象sliceごとの品質・latency・costを一つのresult tableへ記録する。,SENT-0855の主体、観測方法、合格条件または例外契機を通常の日本語で明示し、payload注入型の共通shellを除去する。
SENT-0855,exceptions,例外判断で参照する条件は次のとおりです: 代名詞や節間参照を含む質問群で／通常のチャンク埋め込みと比較してから導入します。当該規則を評価するgold evidenceがないslice、標本不足のslice、負荷条件が異なるrunは合否集計から分離し、他sliceの平均結果を外挿しない。,代名詞や節間参照を含む質問群で、通常のチャンク埋め込みと比較してから導入することを定める評価・採否規則の例外として、判定に必要なgold evidenceがないslice、標本不足のslice、負荷条件が異なるrunは合否集計から分離し、他sliceの平均結果を外挿しない。,SENT-0855の主体、観測方法、合格条件または例外契機を通常の日本語で明示し、payload注入型の共通shellを除去する。
SENT-0855,verdict_reason,代名詞や節間参照を含む質問群で、通常のチャンク埋め込みと比較してから導入します。 この記述は 代名詞や節間参照を含む質問群で／通常のチャンク埋め込みと比較してから導入します を本ガイドの設計・評価・運用へ適用する規則で、外部研究の効果を一般化する文ではありません。履行を 検証対象は次の条件です: 代名詞や節間参照を含む質問群で／通常のチャンク埋め込みと比較してから導入します。当該規則に挙げた選択肢を同じdataset version、query slice、gold evidence、負荷条件で比較し、対象sliceごとの品質・latency・costを一つのresult tableへ記録する。 により観測し、適用除外を 例外判断で参照する条件は次のとおりです: 代名詞や節間参照を含む質問群で／通常のチャンク埋め込みと比較してから導入します。当該規則を評価するgold evidenceがないslice、標本不足のslice、負荷条件が異なるrunは合否集計から分離し、他sliceの平均結果を外挿しない。 に限定できるため、APPROPRIATE_NORMATIVEと判定します。,代名詞や節間参照を含む質問群で、通常のチャンク埋め込みと比較してから導入します。 判断対象は、代名詞や節間参照を含む質問群で、通常のチャンク埋め込みと比較してから導入することを定める評価・採否規則です。外部資料から一般的な効果を導くのではなく、次の検査を受入条件とします。代名詞や節間参照を含む質問群で、通常のチャンク埋め込みと比較してから導入することを定める評価・採否規則について、この規則に挙げた選択肢を同じdataset version、query slice、gold evidence、負荷条件で比較し、対象sliceごとの品質・latency・costを一つのresult tableへ記録する。 適用除外は次の場合に限定します。代名詞や節間参照を含む質問群で、通常のチャンク埋め込みと比較してから導入することを定める評価・採否規則の例外として、判定に必要なgold evidenceがないslice、標本不足のslice、負荷条件が異なるrunは合否集計から分離し、他sliceの平均結果を外挿しない。 受入条件と例外境界を台帳で検査できるため、APPROPRIATE_NORMATIVEと判定します。,SENT-0855の規則種別、受入条件、例外境界を完成した日本語で説明し、slash連結された理由文を除去する。
SENT-0856,verdict_reason,チャンクには、再構築後も由来を追跡できるIDが必要です。 この記述は 本ガイドでは／各chunkに／再構築後もsource documentと原文範囲を追跡できるstable IDを付与します を本ガイドの設計・評価・運用へ適用する規則で、外部研究の効果を一般化する文ではありません。履行を 同じdocument versionと原文spanからindexを再構築したときに同じstable chunk IDが生成され、任意のchunk IDからsource document、version、原文spanを逆引きできることを確認する。 により観測し、適用除外を source document、version、分割規則、原文spanのいずれかが変わったchunkには新IDを割り当て、旧IDから新IDへのmigration対応だけを保持する。 に限定できるため、APPROPRIATE_NORMATIVEと判定します。,チャンクには、再構築後も由来を追跡できるIDが必要です。 判断対象は、本ガイドでは、各chunkに、再構築後もsource documentと原文範囲を追跡できるstable IDを付与することを定める運用規則です。外部資料から一般的な効果を導くのではなく、次の検査を受入条件とします。同じdocument versionと原文spanからindexを再構築したときに同じstable chunk IDが生成され、任意のchunk IDからsource document、version、原文spanを逆引きできることを確認する。 適用除外は次の場合に限定します。source document、version、分割規則、原文spanのいずれかが変わったchunkには新IDを割り当て、旧IDから新IDへのmigration対応だけを保持する。 受入条件と例外境界を台帳で検査できるため、APPROPRIATE_NORMATIVEと判定します。,SENT-0856の規則種別、受入条件、例外境界を完成した日本語で説明し、slash連結された理由文を除去する。
SENT-0873,verdict_reason,このため、検索だけを改善しても、LLMへ渡す単位が大きすぎれば最終回答が改善するとは限りません。 この記述は このため／検索だけを改善しても／LLMへ渡す単位が大きすぎれば最終回答が改善するとは限りません を本ガイドの設計・評価・運用へ適用する規則で、外部研究の効果を一般化する文ではありません。履行を 検索設定を固定してLLMへ渡すchunk単位だけを変え、retrieval hit、evidence sufficiency、answer correctnessを同じquestion IDで比較し、検索改善が最終回答へ反映されたか判定する。 により観測し、適用除外を 生成を伴わない検索専用機能はanswer correctnessを適用しないが、利用者へ返す検索単位の有用性を別の受入指標で確認する。 に限定できるため、APPROPRIATE_NORMATIVEと判定します。,このため、検索だけを改善しても、LLMへ渡す単位が大きすぎれば最終回答が改善するとは限りません。 判断対象は、このため、検索だけを改善しても、LLMへ渡す単位が大きすぎれば最終回答が改善するとは限らないことを定める用語・工程定義です。外部資料から一般的な効果を導くのではなく、次の検査を受入条件とします。検索設定を固定してLLMへ渡すchunk単位だけを変え、retrieval hit、evidence sufficiency、answer correctnessを同じquestion IDで比較し、検索改善が最終回答へ反映されたか判定する。 適用除外は次の場合に限定します。生成を伴わない検索専用機能はanswer correctnessを適用しないが、利用者へ返す検索単位の有用性を別の受入指標で確認する。 受入条件と例外境界を台帳で検査できるため、APPROPRIATE_NORMATIVEと判定します。,SENT-0873の規則種別、受入条件、例外境界を完成した日本語で説明し、slash連結された理由文を除去する。
SENT-0884,verdict_reason,チャンクから元ページと引用範囲へ戻れません。 この記述は チャンクから元ページと引用範囲へ戻れない状態を／公開を止める失敗条件として扱います を本ガイドの設計・評価・運用へ適用する規則で、外部研究の効果を一般化する文ではありません。履行を 公開対象の全chunkでsource URIとpage/section/offsetのいずれかを必須にし、引用表示から原文範囲へ戻れないchunkが一件でもあれば公開gateを失敗させる。 により観測し、適用除外を 原資料がページ番号を持たない場合はsection pathまたはstable offsetで代替できるが、単なるdocument topへのリンクは引用範囲の代替にしない。 に限定できるため、APPROPRIATE_NORMATIVEと判定します。,チャンクから元ページと引用範囲へ戻れません。 判断対象は、チャンクから元ページと引用範囲へ戻れない状態を、公開を止める失敗条件として扱うことを定める運用規則です。外部資料から一般的な効果を導くのではなく、次の検査を受入条件とします。公開対象の全chunkでsource URIとpage/section/offsetのいずれかを必須にし、引用表示から原文範囲へ戻れないchunkが一件でもあれば公開gateを失敗させる。 適用除外は次の場合に限定します。原資料がページ番号を持たない場合はsection pathまたはstable offsetで代替できるが、単なるdocument topへのリンクは引用範囲の代替にしない。 受入条件と例外境界を台帳で検査できるため、APPROPRIATE_NORMATIVEと判定します。,SENT-0884の規則種別、受入条件、例外境界を完成した日本語で説明し、slash連結された理由文を除去する。
SENT-0898,verdict_reason,埋め込みの類似度では、版、有効期間、権威性、権限を判断できません。 検証対象として 埋め込み類似度だけでは版／有効期間／権威性／権限を判定せず／それぞれをmetadataと認可規則で確認します を区別し、この文が断定する authorization=true と関係 NOT について、資料候補の記録は SRC-040 https://doi.org/10.1109/2.485845 — primary_page inspected 2026-08-15; 現主張への直接locatorは未確定; SRC-041 https://arxiv.org/abs/2403.04651 — abstract inspected 2026-08-15; 現主張への直接locatorは未確定 ですが、現主張を再特定する直接locatorは未確定です。そこで主体・対象・条件を保った 埋め込み類似度だけでは版、有効期間、権威性、権限を判定せず、それぞれをmetadataと認可規則で確認します。 へ変更し、未確認の一般化または因果を本文から外すためREWRITE_REQUIREDと判定します。,埋め込みの類似度では、版、有効期間、権威性、権限を判断できません。 判断対象は、埋め込み類似度だけでは版、有効期間、権威性、権限を判定せず、それぞれをmetadataと認可規則で確認することに限定した修正です。現文のauthorization=trueと関係NOTには、候補資料は記録されていますが、現主張を再特定する直接locatorは未確定です。修正後は次の文とします。埋め込み類似度だけでは版、有効期間、権威性、権限を判定せず、それぞれをmetadataと認可規則で確認します。 この限定で主体・対象・条件を保ちながら未確認の一般化または因果を除くため、REWRITE_REQUIREDと判定します。,SENT-0898の規則種別、受入条件、例外境界を完成した日本語で説明し、slash連結された理由文を除去する。
SENT-0908,verdict_reason,一つの値だけを主キーにせず、情報源、文書、文書版、チャンクを別々に識別します。 この記述は 一つの値だけを主キーにせず／情報源／文書／文書版／チャンクを別々に識別します を本ガイドの設計・評価・運用へ適用する規則で、外部研究の効果を一般化する文ではありません。履行を source ID、document ID、document version、chunk IDを別fieldとして保存し、同じsourceの複数文書、同じ文書の複数版、同じ版の複数chunkを衝突なく表現できることをschema testで確認する。 により観測し、適用除外を 外部sourceが単一文書だけを返す場合も内部ID階層は省略せず、欠ける外部IDには管理下で生成したstable IDを割り当てる。 に限定できるため、APPROPRIATE_NORMATIVEと判定します。,一つの値だけを主キーにせず、情報源、文書、文書版、チャンクを別々に識別します。 判断対象は、一つの値だけを主キーにせず、情報源、文書、文書版、チャンクを別々に識別することを定める追跡性・証跡管理規則です。外部資料から一般的な効果を導くのではなく、次の検査を受入条件とします。source ID、document ID、document version、chunk IDを別fieldとして保存し、同じsourceの複数文書、同じ文書の複数版、同じ版の複数chunkを衝突なく表現できることをschema testで確認する。 適用除外は次の場合に限定します。外部sourceが単一文書だけを返す場合も内部ID階層は省略せず、欠ける外部IDには管理下で生成したstable IDを割り当てる。 受入条件と例外境界を台帳で検査できるため、APPROPRIATE_NORMATIVEと判定します。,SENT-0908の規則種別、受入条件、例外境界を完成した日本語で説明し、slash連結された理由文を除去する。
SENT-0965,verdict_reason,ただし、添付ファイル、コメント、埋め込みオブジェクト、外部リンクは、親文書と別の権限を持つ場合があります。 検証対象として attachment／comment／embedded object／external linkには／親documentとは別のauthorization policyが設定されている場合があります を区別し、この文が断定する UNFORMALIZED_NATURAL_LANGUAGE_CLAIM と関係 UNFORMALIZED について、資料候補の記録は SRC-002 https://aclanthology.org/2020.emnlp-main.550/ — abstract inspected 2026-08-15; 現主張への直接locatorは未確定; SRC-005 https://doi.org/10.1561/1500000019 — primary_page inspected 2026-08-15; 現主張への直接locatorは未確定; SRC-009 https://dl.acm.org/doi/10.1145/3411764.3445518 — primary_page inspected 2026-08-15; 現主張への直接locatorは未確定 ですが、現主張を再特定する直接locatorは未確定です。そこで主体・対象・条件を保った attachment、comment、embedded object、external linkには、親documentとは別のauthorization policyが設定されている場合があります。 へ変更し、未確認の一般化または因果を本文から外すためREWRITE_REQUIREDと判定します。,ただし、添付ファイル、コメント、埋め込みオブジェクト、外部リンクは、親文書と別の権限を持つ場合があります。 判断対象は、attachment、comment、embedded object、external linkには、親documentとは別のauthorization policyが設定されている場合があることに限定した修正です。現文のUNFORMALIZED_NATURAL_LANGUAGE_CLAIMと関係UNFORMALIZEDには、候補資料は記録されていますが、現主張を再特定する直接locatorは未確定です。修正後は次の文とします。attachment、comment、embedded object、external linkには、親documentとは別のauthorization policyが設定されている場合があります。 この限定で主体・対象・条件を保ちながら未確認の一般化または因果を除くため、REWRITE_REQUIREDと判定します。,SENT-0965の規則種別、受入条件、例外境界を完成した日本語で説明し、slash連結された理由文を除去する。
SENT-0971,verdict_reason,文書から生成したチャンク件数とACL件数を照合します。 この記述は 文書から生成したチャンク件数とACL件数を照合します を本ガイドの設計・評価・運用へ適用する規則で、外部研究の効果を一般化する文ではありません。履行を documentごとに生成chunk件数と継承ACL件数を集計し、ACLなしchunk、余分なACL record、親と異なる未承認ACLがゼロ件であることを確認する。 により観測し、適用除外を 公開情報としてACL不要と承認されたdocumentはACL recordをpublic markerで代替できるが、空欄のまま公開しない。 に限定できるため、APPROPRIATE_NORMATIVEと判定します。,文書から生成したチャンク件数とACL件数を照合します。 判断対象は、文書から生成したチャンク件数とACL件数を照合することを定める安全性・アクセス制御規則です。外部資料から一般的な効果を導くのではなく、次の検査を受入条件とします。documentごとに生成chunk件数と継承ACL件数を集計し、ACLなしchunk、余分なACL record、親と異なる未承認ACLがゼロ件であることを確認する。 適用除外は次の場合に限定します。公開情報としてACL不要と承認されたdocumentはACL recordをpublic markerで代替できるが、空欄のまま公開しない。 受入条件と例外境界を台帳で検査できるため、APPROPRIATE_NORMATIVEと判定します。,SENT-0971の規則種別、受入条件、例外境界を完成した日本語で説明し、slash連結された理由文を除去する。
SENT-0981,normative_criteria,検証対象は次の条件です: フィルターによってANN再現率が低下してもACLを緩めず／候補数の拡大／条件対応の検索／テナント別分割など／検索側で対処します。当該規則で列挙した各metricを同じrequest traceから算出し、authorization適用前後のcandidate数と許可外item数を含め、dashboardとrelease gateの値が一致することを確認する。,フィルターによってANN再現率が低下してもACLを緩めず、候補数の拡大、条件対応の検索、テナント別分割など、検索側で対処することを定める安全性・アクセス制御規則について、この規則で列挙した各metricを同じrequest traceから算出し、authorization適用前後のcandidate数と許可外item数を含め、dashboardとrelease gateの値が一致することを確認する。,SENT-0981の主体、観測方法、合格条件または例外契機を通常の日本語で明示し、payload注入型の共通shellを除去する。
SENT-0981,exceptions,例外判断で参照する条件は次のとおりです: フィルターによってANN再現率が低下してもACLを緩めず／候補数の拡大／条件対応の検索／テナント別分割など／検索側で対処します。当該規則より法令、契約、組織policyが厳しい場合は厳しい統制を優先し、性能、可用性、費用を理由に対象resourceのauthorizationまたは隔離を省略しない。,フィルターによってANN再現率が低下してもACLを緩めず、候補数の拡大、条件対応の検索、テナント別分割など、検索側で対処することを定める安全性・アクセス制御規則の例外として、この規則より法令、契約、組織policyが厳しい場合は厳しい統制を優先し、性能、可用性、費用を理由に対象resourceのauthorizationまたは隔離を省略しない。,SENT-0981の主体、観測方法、合格条件または例外契機を通常の日本語で明示し、payload注入型の共通shellを除去する。
SENT-0981,verdict_reason,フィルターによってANN再現率が低下してもACLを緩めず、候補数の拡大、条件対応の検索、テナント別分割など、検索側で対処します。 この記述は フィルターによってANN再現率が低下してもACLを緩めず／候補数の拡大／条件対応の検索／テナント別分割など／検索側で対処します を本ガイドの設計・評価・運用へ適用する規則で、外部研究の効果を一般化する文ではありません。履行を 検証対象は次の条件です: フィルターによってANN再現率が低下してもACLを緩めず／候補数の拡大／条件対応の検索／テナント別分割など／検索側で対処します。当該規則で列挙した各metricを同じrequest traceから算出し、authorization適用前後のcandidate数と許可外item数を含め、dashboardとrelease gateの値が一致することを確認する。 により観測し、適用除外を 例外判断で参照する条件は次のとおりです: フィルターによってANN再現率が低下してもACLを緩めず／候補数の拡大／条件対応の検索／テナント別分割など／検索側で対処します。当該規則より法令、契約、組織policyが厳しい場合は厳しい統制を優先し、性能、可用性、費用を理由に対象resourceのauthorizationまたは隔離を省略しない。 に限定できるため、APPROPRIATE_NORMATIVEと判定します。,フィルターによってANN再現率が低下してもACLを緩めず、候補数の拡大、条件対応の検索、テナント別分割など、検索側で対処します。 判断対象は、フィルターによってANN再現率が低下してもACLを緩めず、候補数の拡大、条件対応の検索、テナント別分割など、検索側で対処することを定める安全性・アクセス制御規則です。外部資料から一般的な効果を導くのではなく、次の検査を受入条件とします。フィルターによってANN再現率が低下してもACLを緩めず、候補数の拡大、条件対応の検索、テナント別分割など、検索側で対処することを定める安全性・アクセス制御規則について、この規則で列挙した各metricを同じrequest traceから算出し、authorization適用前後のcandidate数と許可外item数を含め、dashboardとrelease gateの値が一致することを確認する。 適用除外は次の場合に限定します。フィルターによってANN再現率が低下してもACLを緩めず、候補数の拡大、条件対応の検索、テナント別分割など、検索側で対処することを定める安全性・アクセス制御規則の例外として、この規則より法令、契約、組織policyが厳しい場合は厳しい統制を優先し、性能、可用性、費用を理由に対象resourceのauthorizationまたは隔離を省略しない。 受入条件と例外境界を台帳で検査できるため、APPROPRIATE_NORMATIVEと判定します。,SENT-0981の規則種別、受入条件、例外境界を完成した日本語で説明し、slash連結された理由文を除去する。
SENT-0990,verdict_reason,メタデータスキーマへ版を付け、旧チャンクの移行方法を定めます。 この記述は メタデータスキーマへ版を付け／旧チャンクの移行方法を定めます を本ガイドの設計・評価・運用へ適用する規則で、外部研究の効果を一般化する文ではありません。履行を metadata schema versionを全chunkへ保存し、旧versionから新versionへの変換、移行中の両version読取り、移行完了後の旧field検出を試験する。 により観測し、適用除外を 破壊的変更を伴わないfield追加でもschema versionを更新できるが、読取互換性と既定値を明示する。 に限定できるため、APPROPRIATE_NORMATIVEと判定します。,メタデータスキーマへ版を付け、旧チャンクの移行方法を定めます。 判断対象は、メタデータスキーマへ版を付け、旧チャンクの移行方法を定めることを定める追跡性・証跡管理規則です。外部資料から一般的な効果を導くのではなく、次の検査を受入条件とします。metadata schema versionを全chunkへ保存し、旧versionから新versionへの変換、移行中の両version読取り、移行完了後の旧field検出を試験する。 適用除外は次の場合に限定します。破壊的変更を伴わないfield追加でもschema versionを更新できるが、読取互換性と既定値を明示する。 受入条件と例外境界を台帳で検査できるため、APPROPRIATE_NORMATIVEと判定します。,SENT-0990の規則種別、受入条件、例外境界を完成した日本語で説明し、slash連結された理由文を除去する。
SENT-1020,normative_criteria,検証対象は次の条件です: 本ガイドでは／埋め込み（embedding）を／テキストを固定長の数値ベクトルへ写す処理として扱います。当該規則について、本文、図表、schema、評価台帳で同じ対象、単位、入出力を使用し、異なる意味で使う箇所がrepository内検索でゼロ件であることを確認する。,本ガイドでは、埋め込み（embedding）を、テキストを固定長の数値ベクトルへ写す処理として扱うことを定めるローカル設計規則について、本文、図表、schema、評価台帳で同じ対象、単位、入出力を使用し、異なる意味で使う箇所がrepository内検索でゼロ件であることを確認する。,SENT-1020の主体、観測方法、合格条件または例外契機を通常の日本語で明示し、payload注入型の共通shellを除去する。
SENT-1020,exceptions,例外判断で参照する条件は次のとおりです: 本ガイドでは／埋め込み（embedding）を／テキストを固定長の数値ベクトルへ写す処理として扱います。当該規則が公式標準または製品仕様の同名語と異なる場合はローカル定義であることと対応関係を併記し、公式語の意味を上書きしない。,本ガイドでは、埋め込み（embedding）を、テキストを固定長の数値ベクトルへ写す処理として扱うことを定めるローカル設計規則の例外として、当該規則が公式標準または製品仕様の同名語と異なる場合はローカル定義であることと対応関係を併記し、公式語の意味を上書きしない。,SENT-1020の主体、観測方法、合格条件または例外契機を通常の日本語で明示し、payload注入型の共通shellを除去する。
SENT-1020,verdict_reason,埋め込み（embedding）は、テキストを固定長の数値ベクトルへ写す処理です。 この記述は 本ガイドでは／埋め込み（embedding）を／テキストを固定長の数値ベクトルへ写す処理として扱います を本ガイドの設計・評価・運用へ適用する規則で、外部研究の効果を一般化する文ではありません。履行を 検証対象は次の条件です: 本ガイドでは／埋め込み（embedding）を／テキストを固定長の数値ベクトルへ写す処理として扱います。当該規則について、本文、図表、schema、評価台帳で同じ対象、単位、入出力を使用し、異なる意味で使う箇所がrepository内検索でゼロ件であることを確認する。 により観測し、適用除外を 例外判断で参照する条件は次のとおりです: 本ガイドでは／埋め込み（embedding）を／テキストを固定長の数値ベクトルへ写す処理として扱います。当該規則が公式標準または製品仕様の同名語と異なる場合はローカル定義であることと対応関係を併記し、公式語の意味を上書きしない。 に限定できるため、APPROPRIATE_NORMATIVEと判定します。,埋め込み（embedding）は、テキストを固定長の数値ベクトルへ写す処理です。 判断対象は、本ガイドでは、埋め込み（embedding）を、テキストを固定長の数値ベクトルへ写す処理として扱うことを定めるローカル設計規則です。外部資料から一般的な効果を導くのではなく、次の検査を受入条件とします。本ガイドでは、埋め込み（embedding）を、テキストを固定長の数値ベクトルへ写す処理として扱うことを定めるローカル設計規則について、本文、図表、schema、評価台帳で同じ対象、単位、入出力を使用し、異なる意味で使う箇所がrepository内検索でゼロ件であることを確認する。 適用除外は次の場合に限定します。本ガイドでは、埋め込み（embedding）を、テキストを固定長の数値ベクトルへ写す処理として扱うことを定めるローカル設計規則の例外として、当該規則が公式標準または製品仕様の同名語と異なる場合はローカル定義であることと対応関係を併記し、公式語の意味を上書きしない。 受入条件と例外境界を台帳で検査できるため、APPROPRIATE_NORMATIVEと判定します。,SENT-1020の規則種別、受入条件、例外境界を完成した日本語で説明し、slash連結された理由文を除去する。
SENT-1025,normative_criteria,検証対象は次の条件です: 本ガイドでは／ベクトルの近さを／学習済み表現上の類似度を表す値として用い／文章の真偽や情報源の信頼度とは区別します。当該規則について、本文、図表、schema、評価台帳で同じ対象、単位、入出力を使用し、異なる意味で使う箇所がrepository内検索でゼロ件であることを確認する。,本ガイドでは、ベクトルの近さを、学習済み表現上の類似度を表す値として用い、文章の真偽や情報源の信頼度とは区別することを定める用語・工程定義について、本文、図表、schema、評価台帳で同じ対象、単位、入出力を使用し、異なる意味で使う箇所がrepository内検索でゼロ件であることを確認する。,SENT-1025の主体、観測方法、合格条件または例外契機を通常の日本語で明示し、payload注入型の共通shellを除去する。
SENT-1025,exceptions,例外判断で参照する条件は次のとおりです: 本ガイドでは／ベクトルの近さを／学習済み表現上の類似度を表す値として用い／文章の真偽や情報源の信頼度とは区別します。当該規則が公式標準または製品仕様の同名語と異なる場合はローカル定義であることと対応関係を併記し、公式語の意味を上書きしない。,本ガイドでは、ベクトルの近さを、学習済み表現上の類似度を表す値として用い、文章の真偽や情報源の信頼度とは区別することを定める用語・工程定義の例外として、当該規則が公式標準または製品仕様の同名語と異なる場合はローカル定義であることと対応関係を併記し、公式語の意味を上書きしない。,SENT-1025の主体、観測方法、合格条件または例外契機を通常の日本語で明示し、payload注入型の共通shellを除去する。
SENT-1025,verdict_reason,ベクトルの近さは、学習された表現上の類似度です。 この記述は 本ガイドでは／ベクトルの近さを／学習済み表現上の類似度を表す値として用い／文章の真偽や情報源の信頼度とは区別します を本ガイドの設計・評価・運用へ適用する規則で、外部研究の効果を一般化する文ではありません。履行を 検証対象は次の条件です: 本ガイドでは／ベクトルの近さを／学習済み表現上の類似度を表す値として用い／文章の真偽や情報源の信頼度とは区別します。当該規則について、本文、図表、schema、評価台帳で同じ対象、単位、入出力を使用し、異なる意味で使う箇所がrepository内検索でゼロ件であることを確認する。 により観測し、適用除外を 例外判断で参照する条件は次のとおりです: 本ガイドでは／ベクトルの近さを／学習済み表現上の類似度を表す値として用い／文章の真偽や情報源の信頼度とは区別します。当該規則が公式標準または製品仕様の同名語と異なる場合はローカル定義であることと対応関係を併記し、公式語の意味を上書きしない。 に限定できるため、APPROPRIATE_NORMATIVEと判定します。,ベクトルの近さは、学習された表現上の類似度です。 判断対象は、本ガイドでは、ベクトルの近さを、学習済み表現上の類似度を表す値として用い、文章の真偽や情報源の信頼度とは区別することを定める用語・工程定義です。外部資料から一般的な効果を導くのではなく、次の検査を受入条件とします。本ガイドでは、ベクトルの近さを、学習済み表現上の類似度を表す値として用い、文章の真偽や情報源の信頼度とは区別することを定める用語・工程定義について、本文、図表、schema、評価台帳で同じ対象、単位、入出力を使用し、異なる意味で使う箇所がrepository内検索でゼロ件であることを確認する。 適用除外は次の場合に限定します。本ガイドでは、ベクトルの近さを、学習済み表現上の類似度を表す値として用い、文章の真偽や情報源の信頼度とは区別することを定める用語・工程定義の例外として、当該規則が公式標準または製品仕様の同名語と異なる場合はローカル定義であることと対応関係を併記し、公式語の意味を上書きしない。 受入条件と例外境界を台帳で検査できるため、APPROPRIATE_NORMATIVEと判定します。,SENT-1025の規則種別、受入条件、例外境界を完成した日本語で説明し、slash連結された理由文を除去する。
SENT-1028,verdict_reason,図3-3は、左側で文章をベクトルへ変換し、右側で質問に近い文書を候補として選ぶ流れを示します。 この記述は 図3-3は／左側で文章をベクトルへ変換し／右側で質問に近い文書を候補として選ぶ流れとして読みます を本ガイドの設計・評価・運用へ適用する規則で、外部研究の効果を一般化する文ではありません。履行を 図3-3の左側にtext入力とvector変換、右側にquery vectorと候補document選択を表示し、本文中の同名工程・入出力と矢印方向が一致することを確認する。 により観測し、適用除外を 概念図ではindex構築やrerankingを省略できるが、省略した工程を図3-3が実装済みでないと誤読させない注記を付ける。 に限定できるため、APPROPRIATE_NORMATIVEと判定します。,図3-3は、左側で文章をベクトルへ変換し、右側で質問に近い文書を候補として選ぶ流れを示します。 判断対象は、図3-3は、左側で文章をベクトルへ変換し、右側で質問に近い文書を候補として選ぶ流れとして読むことを定める検索・経路選択規則です。外部資料から一般的な効果を導くのではなく、次の検査を受入条件とします。図3-3の左側にtext入力とvector変換、右側にquery vectorと候補document選択を表示し、本文中の同名工程・入出力と矢印方向が一致することを確認する。 適用除外は次の場合に限定します。概念図ではindex構築やrerankingを省略できるが、省略した工程を図3-3が実装済みでないと誤読させない注記を付ける。 受入条件と例外境界を台帳で検査できるため、APPROPRIATE_NORMATIVEと判定します。,SENT-1028の規則種別、受入条件、例外境界を完成した日本語で説明し、slash連結された理由文を除去する。
SENT-1031,normative_criteria,検証対象は次の条件です: 本ガイドでは／埋め込みで文章をベクトル空間へ写し／ベクトル間の距離を近さの指標として用います。当該規則について、本文、図表、schema、評価台帳で同じ対象、単位、入出力を使用し、異なる意味で使う箇所がrepository内検索でゼロ件であることを確認する。,本ガイドでは、埋め込みで文章をベクトル空間へ写し、ベクトル間の距離を近さの指標として用いることを定める評価・採否規則について、本文、図表、schema、評価台帳で同じ対象、単位、入出力を使用し、異なる意味で使う箇所がrepository内検索でゼロ件であることを確認する。,SENT-1031の主体、観測方法、合格条件または例外契機を通常の日本語で明示し、payload注入型の共通shellを除去する。
SENT-1031,exceptions,例外判断で参照する条件は次のとおりです: 本ガイドでは／埋め込みで文章をベクトル空間へ写し／ベクトル間の距離を近さの指標として用います。当該規則が公式標準または製品仕様の同名語と異なる場合はローカル定義であることと対応関係を併記し、公式語の意味を上書きしない。,本ガイドでは、埋め込みで文章をベクトル空間へ写し、ベクトル間の距離を近さの指標として用いることを定める評価・採否規則の例外として、当該規則が公式標準または製品仕様の同名語と異なる場合はローカル定義であることと対応関係を併記し、公式語の意味を上書きしない。,SENT-1031の主体、観測方法、合格条件または例外契機を通常の日本語で明示し、payload注入型の共通shellを除去する。
SENT-1031,verdict_reason,埋め込みは文章をベクトル空間へ写し、ベクトル間の距離を近さの指標として使います。 この記述は 本ガイドでは／埋め込みで文章をベクトル空間へ写し／ベクトル間の距離を近さの指標として用います を本ガイドの設計・評価・運用へ適用する規則で、外部研究の効果を一般化する文ではありません。履行を 検証対象は次の条件です: 本ガイドでは／埋め込みで文章をベクトル空間へ写し／ベクトル間の距離を近さの指標として用います。当該規則について、本文、図表、schema、評価台帳で同じ対象、単位、入出力を使用し、異なる意味で使う箇所がrepository内検索でゼロ件であることを確認する。 により観測し、適用除外を 例外判断で参照する条件は次のとおりです: 本ガイドでは／埋め込みで文章をベクトル空間へ写し／ベクトル間の距離を近さの指標として用います。当該規則が公式標準または製品仕様の同名語と異なる場合はローカル定義であることと対応関係を併記し、公式語の意味を上書きしない。 に限定できるため、APPROPRIATE_NORMATIVEと判定します。,埋め込みは文章をベクトル空間へ写し、ベクトル間の距離を近さの指標として使います。 判断対象は、本ガイドでは、埋め込みで文章をベクトル空間へ写し、ベクトル間の距離を近さの指標として用いることを定める評価・採否規則です。外部資料から一般的な効果を導くのではなく、次の検査を受入条件とします。本ガイドでは、埋め込みで文章をベクトル空間へ写し、ベクトル間の距離を近さの指標として用いることを定める評価・採否規則について、本文、図表、schema、評価台帳で同じ対象、単位、入出力を使用し、異なる意味で使う箇所がrepository内検索でゼロ件であることを確認する。 適用除外は次の場合に限定します。本ガイドでは、埋め込みで文章をベクトル空間へ写し、ベクトル間の距離を近さの指標として用いることを定める評価・採否規則の例外として、当該規則が公式標準または製品仕様の同名語と異なる場合はローカル定義であることと対応関係を併記し、公式語の意味を上書きしない。 受入条件と例外境界を台帳で検査できるため、APPROPRIATE_NORMATIVEと判定します。,SENT-1031の規則種別、受入条件、例外境界を完成した日本語で説明し、slash連結された理由文を除去する。
SENT-1039,verdict_reason,その代わり、文書ベクトルを事前計算して大規模検索へ利用できます。 検証対象として dual-encoder構成ではdocument vectorをofflineで事前計算し／query時の大規模候補検索へ再利用できます を区別し、この文が断定する scalability=true と関係 NOT_APPLICABLE について、資料候補の記録は SRC-042 https://arxiv.org/abs/1908.10084 — abstract inspected 2026-08-15; 現主張への直接locatorは未確定; SRC-043 https://arxiv.org/abs/2004.04906 — abstract inspected 2026-08-15; 現主張への直接locatorは未確定 ですが、現主張を再特定する直接locatorは未確定です。そこで主体・対象・条件を保った dual-encoder構成ではdocument vectorをofflineで事前計算し、query時の大規模候補検索へ再利用できます。 へ変更し、未確認の一般化または因果を本文から外すためREWRITE_REQUIREDと判定します。,その代わり、文書ベクトルを事前計算して大規模検索へ利用できます。 判断対象は、dual-encoder構成ではdocument vectorをofflineで事前計算し、query時の大規模候補検索へ再利用できることに限定した修正です。現文のscalability=trueと関係NOT_APPLICABLEには、候補資料は記録されていますが、現主張を再特定する直接locatorは未確定です。修正後は次の文とします。dual-encoder構成ではdocument vectorをofflineで事前計算し、query時の大規模候補検索へ再利用できます。 この限定で主体・対象・条件を保ちながら未確認の一般化または因果を除くため、REWRITE_REQUIREDと判定します。,SENT-1039の規則種別、受入条件、例外境界を完成した日本語で説明し、slash連結された理由文を除去する。
SENT-1040,normative_criteria,検証対象は次の条件です: 二塔型を第一段階の候補収集へ使い／クロスエンコーダーを少数候補の再順位付けへ使う役割分担が可能です。当該規則の統合規則をversion管理し、複数retrieverが返す既知rank listから期待するcandidate順序を再現し、生scoreの無条件加算や重複candidateが発生しないことを確認する。,二塔型を第一段階の候補収集へ使い、クロスエンコーダーを少数候補の再順位付けへ使う役割分担が可能であることを定める検索・経路選択規則について、この規則の統合規則をversion管理し、複数retrieverが返す既知rank listから期待するcandidate順序を再現し、生scoreの無条件加算や重複candidateが発生しないことを確認する。,SENT-1040の主体、観測方法、合格条件または例外契機を通常の日本語で明示し、payload注入型の共通shellを除去する。
SENT-1040,exceptions,例外判断で参照する条件は次のとおりです: 二塔型を第一段階の候補収集へ使い／クロスエンコーダーを少数候補の再順位付けへ使う役割分担が可能です。当該規則と異なる統合方式はcalibration済みscoreまたは別rerankerとしてversion管理できるが、未調整の異尺度scoreを黙って直接加算しない。,二塔型を第一段階の候補収集へ使い、クロスエンコーダーを少数候補の再順位付けへ使う役割分担が可能であることを定める検索・経路選択規則の例外として、この規則と異なる統合方式はcalibration済みscoreまたは別rerankerとしてversion管理できるが、未調整の異尺度scoreを黙って直接加算しない。,SENT-1040の主体、観測方法、合格条件または例外契機を通常の日本語で明示し、payload注入型の共通shellを除去する。
SENT-1040,verdict_reason,二塔型を第一段階の候補収集へ使い、クロスエンコーダーを少数候補の再順位付けへ使う役割分担が可能です。 この記述は 二塔型を第一段階の候補収集へ使い／クロスエンコーダーを少数候補の再順位付けへ使う役割分担が可能です を本ガイドの設計・評価・運用へ適用する規則で、外部研究の効果を一般化する文ではありません。履行を 検証対象は次の条件です: 二塔型を第一段階の候補収集へ使い／クロスエンコーダーを少数候補の再順位付けへ使う役割分担が可能です。当該規則の統合規則をversion管理し、複数retrieverが返す既知rank listから期待するcandidate順序を再現し、生scoreの無条件加算や重複candidateが発生しないことを確認する。 により観測し、適用除外を 例外判断で参照する条件は次のとおりです: 二塔型を第一段階の候補収集へ使い／クロスエンコーダーを少数候補の再順位付けへ使う役割分担が可能です。当該規則と異なる統合方式はcalibration済みscoreまたは別rerankerとしてversion管理できるが、未調整の異尺度scoreを黙って直接加算しない。 に限定できるため、APPROPRIATE_NORMATIVEと判定します。,二塔型を第一段階の候補収集へ使い、クロスエンコーダーを少数候補の再順位付けへ使う役割分担が可能です。 判断対象は、二塔型を第一段階の候補収集へ使い、クロスエンコーダーを少数候補の再順位付けへ使う役割分担が可能であることを定める検索・経路選択規則です。外部資料から一般的な効果を導くのではなく、次の検査を受入条件とします。二塔型を第一段階の候補収集へ使い、クロスエンコーダーを少数候補の再順位付けへ使う役割分担が可能であることを定める検索・経路選択規則について、この規則の統合規則をversion管理し、複数retrieverが返す既知rank listから期待するcandidate順序を再現し、生scoreの無条件加算や重複candidateが発生しないことを確認する。 適用除外は次の場合に限定します。二塔型を第一段階の候補収集へ使い、クロスエンコーダーを少数候補の再順位付けへ使う役割分担が可能であることを定める検索・経路選択規則の例外として、この規則と異なる統合方式はcalibration済みscoreまたは別rerankerとしてversion管理できるが、未調整の異尺度scoreを黙って直接加算しない。 受入条件と例外境界を台帳で検査できるため、APPROPRIATE_NORMATIVEと判定します。,SENT-1040の規則種別、受入条件、例外境界を完成した日本語で説明し、slash連結された理由文を除去する。
SENT-1063,verdict_reason,MTEBは、検索、分類、意味類似など多様なタスクと言語で埋め込みモデルを評価する枠組みです。 検証対象として MTEBは／収録した検索／分類／意味類似などのtaskと言語についてembedding modelを同じ枠組みで評価するbenchmarkです を区別し、この文が断定する embedding_model=true と関係 NOT_APPLICABLE について、資料候補の記録は SRC-044 https://arxiv.org/abs/2210.07316 — abstract inspected 2026-08-15; 現主張への直接locatorは未確定 ですが、現主張を再特定する直接locatorは未確定です。そこで主体・対象・条件を保った MTEBは、収録した検索、分類、意味類似などのtaskと言語についてembedding modelを同じ枠組みで評価するbenchmarkです。 へ変更し、未確認の一般化または因果を本文から外すためREWRITE_REQUIREDと判定します。,MTEBは、検索、分類、意味類似など多様なタスクと言語で埋め込みモデルを評価する枠組みです。 判断対象は、MTEBは、収録した検索、分類、意味類似などのtaskと言語についてembedding modelを同じ枠組みで評価するbenchmarkであることに限定した修正です。現文のembedding_model=trueと関係NOT_APPLICABLEには、候補資料は記録されていますが、現主張を再特定する直接locatorは未確定です。修正後は次の文とします。MTEBは、収録した検索、分類、意味類似などのtaskと言語についてembedding modelを同じ枠組みで評価するbenchmarkです。 この限定で主体・対象・条件を保ちながら未確認の一般化または因果を除くため、REWRITE_REQUIREDと判定します。,SENT-1063の規則種別、受入条件、例外境界を完成した日本語で説明し、slash連結された理由文を除去する。
SENT-1064,verdict_reason,タスクによってモデルの順位が変わるため、一般ベンチマークは候補を絞るために利用します。 この記述は タスクによってモデルの順位が変わるため／一般ベンチマークは候補を絞るために利用します を本ガイドの設計・評価・運用へ適用する規則で、外部研究の効果を一般化する文ではありません。履行を 一般benchmarkの順位は候補modelの絞り込みにだけ用い、採用modelは対象業務のquery、document、言語、失敗sliceを含む同一gold setで再評価して決める。 により観測し、適用除外を 対象業務がbenchmarkのdataset・task・言語と一致する場合も、利用時のlatency、cost、license条件の確認は省略しない。 に限定できるため、APPROPRIATE_NORMATIVEと判定します。,タスクによってモデルの順位が変わるため、一般ベンチマークは候補を絞るために利用します。 判断対象は、タスクによってモデルの順位が変わるため、一般ベンチマークは候補を絞るために利用することを定める検索・経路選択規則です。外部資料から一般的な効果を導くのではなく、次の検査を受入条件とします。一般benchmarkの順位は候補modelの絞り込みにだけ用い、採用modelは対象業務のquery、document、言語、失敗sliceを含む同一gold setで再評価して決める。 適用除外は次の場合に限定します。対象業務がbenchmarkのdataset・task・言語と一致する場合も、利用時のlatency、cost、license条件の確認は省略しない。 受入条件と例外境界を台帳で検査できるため、APPROPRIATE_NORMATIVEと判定します。,SENT-1064の規則種別、受入条件、例外境界を完成した日本語で説明し、slash連結された理由文を除去する。
SENT-1081,verdict_reason,チャンクが長いほど、一つのベクトルへ複数の意味が混ざります。 検証対象として チャンクを長くしたときに一つのベクトルへ複数の意味が混在して検索品質へ影響するかを／長さ以外の条件を固定して比較します を区別し、この文が断定する UNFORMALIZED_NATURAL_LANGUAGE_CLAIM と関係 NOT_APPLICABLE について、資料候補の記録は SRC-002 https://aclanthology.org/2020.emnlp-main.550/ — abstract inspected 2026-08-15; 現主張への直接locatorは未確定; SRC-005 https://doi.org/10.1561/1500000019 — primary_page inspected 2026-08-15; 現主張への直接locatorは未確定; SRC-009 https://dl.acm.org/doi/10.1145/3411764.3445518 — primary_page inspected 2026-08-15; 現主張への直接locatorは未確定 ですが、現主張を再特定する直接locatorは未確定です。そこで主体・対象・条件を保った チャンクを長くしたときに一つのベクトルへ複数の意味が混在して検索品質へ影響するかを、長さ以外の条件を固定して比較します。 へ変更し、未確認の一般化または因果を本文から外すためREWRITE_REQUIREDと判定します。,チャンクが長いほど、一つのベクトルへ複数の意味が混ざります。 判断対象は、チャンクを長くしたときに一つのベクトルへ複数の意味が混在して検索品質へ影響するかを、長さ以外の条件を固定して比較することに限定した修正です。現文のUNFORMALIZED_NATURAL_LANGUAGE_CLAIMと関係NOT_APPLICABLEには、候補資料は記録されていますが、現主張を再特定する直接locatorは未確定です。修正後は次の文とします。チャンクを長くしたときに一つのベクトルへ複数の意味が混在して検索品質へ影響するかを、長さ以外の条件を固定して比較します。 この限定で主体・対象・条件を保ちながら未確認の一般化または因果を除くため、REWRITE_REQUIREDと判定します。,SENT-1081の規則種別、受入条件、例外境界を完成した日本語で説明し、slash連結された理由文を除去する。
SENT-1088,verdict_reason,チャンキングと埋め込みモデルを同時に変えると、改善原因を特定できません。 この記述は チャンキングと埋め込みモデルは同じ実験で同時に変更せず／一方を固定して改善原因を比較します を本ガイドの設計・評価・運用へ適用する規則で、外部研究の効果を一般化する文ではありません。履行を 同じcorpus、query、gold evidence、index条件で一要素だけを変更し、Recall、nDCG、遅延、費用の差を記録する。 により観測し、適用除外を 互換性上分離できないmigrationでは要因実験または追加ablationを行い、単独効果を推定できないことを明記する。 に限定できるため、APPROPRIATE_NORMATIVEと判定します。,チャンキングと埋め込みモデルを同時に変えると、改善原因を特定できません。 判断対象は、チャンキングと埋め込みモデルは同じ実験で同時に変更せず、一方を固定して改善原因を比較することを定める評価・採否規則です。外部資料から一般的な効果を導くのではなく、次の検査を受入条件とします。同じcorpus、query、gold evidence、index条件で一要素だけを変更し、Recall、nDCG、遅延、費用の差を記録する。 適用除外は次の場合に限定します。互換性上分離できないmigrationでは要因実験または追加ablationを行い、単独効果を推定できないことを明記する。 受入条件と例外境界を台帳で検査できるため、APPROPRIATE_NORMATIVEと判定します。,SENT-1088の規則種別、受入条件、例外境界を完成した日本語で説明し、slash連結された理由文を除去する。
SENT-1101,normative_criteria,検証対象は次の条件です: 内容ハッシュと埋め込みモデル版をキャッシュキーにすると／変更していないチャンクの再計算を避けられます。当該規則で使用するhashまたはstable IDを同一入力と変更入力から生成し、同一入力は同じID、source/version/spanが異なる入力は別IDとなり、deduplication結果を逆引きできることを確認する。,内容ハッシュと埋め込みモデル版をキャッシュキーにすると、変更していないチャンクの再計算を避けられることを定める追跡性・証跡管理規則について、この規則で使用するhashまたはstable IDを同一入力と変更入力から生成し、同一入力は同じID、source/version/spanが異なる入力は別IDとなり、deduplication結果を逆引きできることを確認する。,SENT-1101の主体、観測方法、合格条件または例外契機を通常の日本語で明示し、payload注入型の共通shellを除去する。
SENT-1101,exceptions,例外判断で参照する条件は次のとおりです: 内容ハッシュと埋め込みモデル版をキャッシュキーにすると／変更していないチャンクの再計算を避けられます。当該規則の値に個人情報または保存期限の制約がある場合は仮名化・分離保管へ置換できるが、source/version/spanを復元する承認済み対応表は保持する。,内容ハッシュと埋め込みモデル版をキャッシュキーにすると、変更していないチャンクの再計算を避けられることを定める追跡性・証跡管理規則の例外として、対象値に個人情報または保存期限の制約がある場合は仮名化・分離保管へ置換できるが、source/version/spanを復元する承認済み対応表は保持する。,SENT-1101の主体、観測方法、合格条件または例外契機を通常の日本語で明示し、payload注入型の共通shellを除去する。
SENT-1101,verdict_reason,内容ハッシュと埋め込みモデル版をキャッシュキーにすると、変更していないチャンクの再計算を避けられます。 この記述は 内容ハッシュと埋め込みモデル版をキャッシュキーにすると／変更していないチャンクの再計算を避けられます を本ガイドの設計・評価・運用へ適用する規則で、外部研究の効果を一般化する文ではありません。履行を 検証対象は次の条件です: 内容ハッシュと埋め込みモデル版をキャッシュキーにすると／変更していないチャンクの再計算を避けられます。当該規則で使用するhashまたはstable IDを同一入力と変更入力から生成し、同一入力は同じID、source/version/spanが異なる入力は別IDとなり、deduplication結果を逆引きできることを確認する。 により観測し、適用除外を 例外判断で参照する条件は次のとおりです: 内容ハッシュと埋め込みモデル版をキャッシュキーにすると／変更していないチャンクの再計算を避けられます。当該規則の値に個人情報または保存期限の制約がある場合は仮名化・分離保管へ置換できるが、source/version/spanを復元する承認済み対応表は保持する。 に限定できるため、APPROPRIATE_NORMATIVEと判定します。,内容ハッシュと埋め込みモデル版をキャッシュキーにすると、変更していないチャンクの再計算を避けられます。 判断対象は、内容ハッシュと埋め込みモデル版をキャッシュキーにすると、変更していないチャンクの再計算を避けられることを定める追跡性・証跡管理規則です。外部資料から一般的な効果を導くのではなく、次の検査を受入条件とします。内容ハッシュと埋め込みモデル版をキャッシュキーにすると、変更していないチャンクの再計算を避けられることを定める追跡性・証跡管理規則について、この規則で使用するhashまたはstable IDを同一入力と変更入力から生成し、同一入力は同じID、source/version/spanが異なる入力は別IDとなり、deduplication結果を逆引きできることを確認する。 適用除外は次の場合に限定します。内容ハッシュと埋め込みモデル版をキャッシュキーにすると、変更していないチャンクの再計算を避けられることを定める追跡性・証跡管理規則の例外として、対象値に個人情報または保存期限の制約がある場合は仮名化・分離保管へ置換できるが、source/version/spanを復元する承認済み対応表は保持する。 受入条件と例外境界を台帳で検査できるため、APPROPRIATE_NORMATIVEと判定します。,SENT-1101の規則種別、受入条件、例外境界を完成した日本語で説明し、slash連結された理由文を除去する。
SENT-1102,verdict_reason,チャンク本文が同じでも、モデル、前処理、質問・文書接頭辞、正規化が変わればキャッシュを再利用しません。 この記述は チャンク本文が同じでも／モデル／前処理／質問・文書接頭辞／正規化が変わればキャッシュを再利用しません を本ガイドの設計・評価・運用へ適用する規則で、外部研究の効果を一般化する文ではありません。履行を embedding cache keyへmodel ID、revision、preprocessing version、query/document prefix、normalizationを含め、いずれか一項目を変えた試験で旧vectorがcache hitしないことを確認する。 により観測し、適用除外を 表示名が変わってもこれら全項目と出力vectorが同一の契約versionなら再利用できるが、同一性の検証記録を残す。 に限定できるため、APPROPRIATE_NORMATIVEと判定します。,チャンク本文が同じでも、モデル、前処理、質問・文書接頭辞、正規化が変わればキャッシュを再利用しません。 判断対象は、チャンク本文が同じでも、モデル、前処理、質問・文書接頭辞、正規化が変わればキャッシュを再利用しないことを定めるローカル設計規則です。外部資料から一般的な効果を導くのではなく、次の検査を受入条件とします。embedding cache keyへmodel ID、revision、preprocessing version、query/document prefix、normalizationを含め、いずれか一項目を変えた試験で旧vectorがcache hitしないことを確認する。 適用除外は次の場合に限定します。表示名が変わってもこれら全項目と出力vectorが同一の契約versionなら再利用できるが、同一性の検証記録を残す。 受入条件と例外境界を台帳で検査できるため、APPROPRIATE_NORMATIVEと判定します。,SENT-1102の規則種別、受入条件、例外境界を完成した日本語で説明し、slash連結された理由文を除去する。
SENT-1105,verdict_reason,埋め込みサービスのレート制限に合わせてキューと再試行を制御し、オンライン検索の容量を使い切らないようにします。 この記述は 埋め込みサービスのレート制限に合わせてキューと再試行を制御し／オンライン検索の容量を使い切らないようにします を本ガイドの設計・評価・運用へ適用する規則で、外部研究の効果を一般化する文ではありません。履行を embedding serviceのrate limitをqueue concurrencyとretry budgetへ反映し、batch負荷中もonline検索用capacityを予約してonline requestが設定SLOを超えないことを負荷試験する。 により観測し、適用除外を provider outageでは無制限にretryせずcircuit breakerでbatchを停止し、online検索は承認済みfallbackまたは明示的エラーへ切り替える。 に限定できるため、APPROPRIATE_NORMATIVEと判定します。,埋め込みサービスのレート制限に合わせてキューと再試行を制御し、オンライン検索の容量を使い切らないようにします。 判断対象は、埋め込みサービスのレート制限に合わせてキューと再試行を制御し、オンライン検索の容量を使い切らないようにすることを定める運用規則です。外部資料から一般的な効果を導くのではなく、次の検査を受入条件とします。embedding serviceのrate limitをqueue concurrencyとretry budgetへ反映し、batch負荷中もonline検索用capacityを予約してonline requestが設定SLOを超えないことを負荷試験する。 適用除外は次の場合に限定します。provider outageでは無制限にretryせずcircuit breakerでbatchを停止し、online検索は承認済みfallbackまたは明示的エラーへ切り替える。 受入条件と例外境界を台帳で検査できるため、APPROPRIATE_NORMATIVEと判定します。,SENT-1105の規則種別、受入条件、例外境界を完成した日本語で説明し、slash連結された理由文を除去する。
SENT-1107,verdict_reason,埋め込みの版には、モデルID、改訂番号（リビジョン）、次元数、正規化、距離尺度、質問・文書用の接頭辞、トークナイザーを含めます。 この記述は 埋め込みの版には／モデルID／改訂番号（リビジョン）／次元数／正規化／距離尺度／質問・文書用の接頭辞／トークナイザーを含めます を本ガイドの設計・評価・運用へ適用する規則で、外部研究の効果を一般化する文ではありません。履行を embedding contract versionにmodel ID、revision、dimension、normalization、distance metric、query/document prefix、tokenizerを必須fieldとして保存し、欠損manifestをdeploy gateで拒否する。 により観測し、適用除外を managed serviceがrevisionを公開しない場合はendpoint versionと取得日時をimmutable identifierとして記録し、空欄にはしない。 に限定できるため、APPROPRIATE_NORMATIVEと判定します。,埋め込みの版には、モデルID、改訂番号（リビジョン）、次元数、正規化、距離尺度、質問・文書用の接頭辞、トークナイザーを含めます。 判断対象は、埋め込みの版には、モデルID、改訂番号（リビジョン）、次元数、正規化、距離尺度、質問・文書用の接頭辞、トークナイザーを含めることを定める追跡性・証跡管理規則です。外部資料から一般的な効果を導くのではなく、次の検査を受入条件とします。embedding contract versionにmodel ID、revision、dimension、normalization、distance metric、query/document prefix、tokenizerを必須fieldとして保存し、欠損manifestをdeploy gateで拒否する。 適用除外は次の場合に限定します。managed serviceがrevisionを公開しない場合はendpoint versionと取得日時をimmutable identifierとして記録し、空欄にはしない。 受入条件と例外境界を台帳で検査できるため、APPROPRIATE_NORMATIVEと判定します。,SENT-1107の規則種別、受入条件、例外境界を完成した日本語で説明し、slash連結された理由文を除去する。
SENT-1111,normative_criteria,検証対象は次の条件です: 旧ベクトルと新質問を比較しても／距離の意味は保証されません。当該規則に挙げた選択肢を同じdataset version、query slice、gold evidence、負荷条件で比較し、対象sliceごとの品質・latency・costを一つのresult tableへ記録する。,旧ベクトルと新質問を比較しても、距離の意味は保証されないことを定める評価・採否規則について、この規則に挙げた選択肢を同じdataset version、query slice、gold evidence、負荷条件で比較し、対象sliceごとの品質・latency・costを一つのresult tableへ記録する。,SENT-1111の主体、観測方法、合格条件または例外契機を通常の日本語で明示し、payload注入型の共通shellを除去する。
SENT-1111,exceptions,例外判断で参照する条件は次のとおりです: 旧ベクトルと新質問を比較しても／距離の意味は保証されません。当該規則を評価するgold evidenceがないslice、標本不足のslice、負荷条件が異なるrunは合否集計から分離し、他sliceの平均結果を外挿しない。,旧ベクトルと新質問を比較しても、距離の意味は保証されないことを定める評価・採否規則の例外として、判定に必要なgold evidenceがないslice、標本不足のslice、負荷条件が異なるrunは合否集計から分離し、他sliceの平均結果を外挿しない。,SENT-1111の主体、観測方法、合格条件または例外契機を通常の日本語で明示し、payload注入型の共通shellを除去する。
SENT-1111,verdict_reason,旧ベクトルと新質問を比較しても、距離の意味は保証されません。 この記述は 旧ベクトルと新質問を比較しても／距離の意味は保証されません を本ガイドの設計・評価・運用へ適用する規則で、外部研究の効果を一般化する文ではありません。履行を 検証対象は次の条件です: 旧ベクトルと新質問を比較しても／距離の意味は保証されません。当該規則に挙げた選択肢を同じdataset version、query slice、gold evidence、負荷条件で比較し、対象sliceごとの品質・latency・costを一つのresult tableへ記録する。 により観測し、適用除外を 例外判断で参照する条件は次のとおりです: 旧ベクトルと新質問を比較しても／距離の意味は保証されません。当該規則を評価するgold evidenceがないslice、標本不足のslice、負荷条件が異なるrunは合否集計から分離し、他sliceの平均結果を外挿しない。 に限定できるため、APPROPRIATE_NORMATIVEと判定します。,旧ベクトルと新質問を比較しても、距離の意味は保証されません。 判断対象は、旧ベクトルと新質問を比較しても、距離の意味は保証されないことを定める評価・採否規則です。外部資料から一般的な効果を導くのではなく、次の検査を受入条件とします。旧ベクトルと新質問を比較しても、距離の意味は保証されないことを定める評価・採否規則について、この規則に挙げた選択肢を同じdataset version、query slice、gold evidence、負荷条件で比較し、対象sliceごとの品質・latency・costを一つのresult tableへ記録する。 適用除外は次の場合に限定します。旧ベクトルと新質問を比較しても、距離の意味は保証されないことを定める評価・採否規則の例外として、判定に必要なgold evidenceがないslice、標本不足のslice、負荷条件が異なるrunは合否集計から分離し、他sliceの平均結果を外挿しない。 受入条件と例外境界を台帳で検査できるため、APPROPRIATE_NORMATIVEと判定します。,SENT-1111の規則種別、受入条件、例外境界を完成した日本語で説明し、slash連結された理由文を除去する。
SENT-1141,verdict_reason,LuceneのHNSWをAnseriniへ統合した研究は、LuceneとFaissについて、検索品質、構築時間、処理量、インデックス容量を比較しました。 検証対象として AnseriniへLucene HNSWを統合した研究は／同研究の実装・collection条件でLuceneとFaissの検索品質／構築時間／throughput／index容量を比較しています を区別し、この文が断定する temporal_freshness=true と関係 NOT_APPLICABLE について、資料候補の記録は SRC-048 https://arxiv.org/abs/2304.12139 — abstract inspected 2026-08-15; 現主張への直接locatorは未確定; SRC-047 https://arxiv.org/abs/1603.09320 — abstract inspected 2026-08-15; 現主張への直接locatorは未確定; SRC-052 https://arxiv.org/abs/1702.08734 — abstract inspected 2026-08-15; 現主張への直接locatorは未確定 ですが、現主張を再特定する直接locatorは未確定です。そこで主体・対象・条件を保った AnseriniへLucene HNSWを統合した研究は、同研究の実装・collection条件でLuceneとFaissの検索品質、構築時間、throughput、index容量を比較しています。 へ変更し、未確認の一般化または因果を本文から外すためREWRITE_REQUIREDと判定します。,LuceneのHNSWをAnseriniへ統合した研究は、LuceneとFaissについて、検索品質、構築時間、処理量、インデックス容量を比較しました。 判断対象は、AnseriniへLucene HNSWを統合した研究は、同研究の実装・collection条件でLuceneとFaissの検索品質、構築時間、throughput、index容量を比較していることに限定した修正です。現文のtemporal_freshness=trueと関係NOT_APPLICABLEには、候補資料は記録されていますが、現主張を再特定する直接locatorは未確定です。修正後は次の文とします。AnseriniへLucene HNSWを統合した研究は、同研究の実装・collection条件でLuceneとFaissの検索品質、構築時間、throughput、index容量を比較しています。 この限定で主体・対象・条件を保ちながら未確認の一般化または因果を除くため、REWRITE_REQUIREDと判定します。,SENT-1141の規則種別、受入条件、例外境界を完成した日本語で説明し、slash連結された理由文を除去する。
SENT-1148,verdict_reason,IVF（Inverted File Index、転置ファイル索引）は、ベクトルを粗い中心へ割り当て、質問時に近い領域だけを探索します。 この記述は IVF（Inverted File Index／転置ファイル索引）は／ベクトルを粗い中心へ割り当て／質問時に近い領域だけを探索します を本ガイドの設計・評価・運用へ適用する規則で、外部研究の効果を一般化する文ではありません。履行を IVF構成ではvectorをcoarse centroidへ割り当て、query時のprobe数を全領域数未満に設定した試験を行い、exact searchに対するRecallとlatencyを記録する。 により観測し、適用除外を 小規模indexでexact searchが同じSLOを満たす場合はIVFを使わず、全vector探索を採用できる。 に限定できるため、APPROPRIATE_NORMATIVEと判定します。,IVF（Inverted File Index、転置ファイル索引）は、ベクトルを粗い中心へ割り当て、質問時に近い領域だけを探索します。 判断対象は、IVF（Inverted File Index、転置ファイル索引）は、ベクトルを粗い中心へ割り当て、質問時に近い領域だけを探索することを定める構成・設定規則です。外部資料から一般的な効果を導くのではなく、次の検査を受入条件とします。IVF構成ではvectorをcoarse centroidへ割り当て、query時のprobe数を全領域数未満に設定した試験を行い、exact searchに対するRecallとlatencyを記録する。 適用除外は次の場合に限定します。小規模indexでexact searchが同じSLOを満たす場合はIVFを使わず、全vector探索を採用できる。 受入条件と例外境界を台帳で検査できるため、APPROPRIATE_NORMATIVEと判定します。,SENT-1148の規則種別、受入条件、例外境界を完成した日本語で説明し、slash連結された理由文を除去する。
SENT-1162,verdict_reason,DiskANNは、SSDとメモリを組み合わせた大規模ANNを扱います。 検証対象として DiskANN論文は／単一node上のbillion-scale ANNを対象に／SSD上のindexとmemory上の構造を組み合わせる設計を扱っています を区別し、この文が断定する scalability=true と関係 NOT_APPLICABLE について、資料候補の記録は SRC-053 https://www.microsoft.com/en-us/research/publication/diskann-fast-accurate-billion-point-nearest-neighbor-search-on-a-single-node/ — abstract inspected 2026-08-15; 現主張への直接locatorは未確定 ですが、現主張を再特定する直接locatorは未確定です。そこで主体・対象・条件を保った DiskANN論文は、単一node上のbillion-scale ANNを対象に、SSD上のindexとmemory上の構造を組み合わせる設計を扱っています。 へ変更し、未確認の一般化または因果を本文から外すためREWRITE_REQUIREDと判定します。,DiskANNは、SSDとメモリを組み合わせた大規模ANNを扱います。 判断対象は、DiskANN論文は、単一node上のbillion-scale ANNを対象に、SSD上のindexとmemory上の構造を組み合わせる設計を扱っていることに限定した修正です。現文のscalability=trueと関係NOT_APPLICABLEには、候補資料は記録されていますが、現主張を再特定する直接locatorは未確定です。修正後は次の文とします。DiskANN論文は、単一node上のbillion-scale ANNを対象に、SSD上のindexとmemory上の構造を組み合わせる設計を扱っています。 この限定で主体・対象・条件を保ちながら未確認の一般化または因果を除くため、REWRITE_REQUIREDと判定します。,SENT-1162の規則種別、受入条件、例外境界を完成した日本語で説明し、slash連結された理由文を除去する。
SENT-1163,verdict_reason,頻度は低いが規模が大きい検索では、すべてのベクトルを高価なメモリへ置かない方式が候補です。 この記述は 頻度は低いものの規模が大きい検索では／全vectorを高価なmemoryへ常駐させないindex方式を候補にします を本ガイドの設計・評価・運用へ適用する規則で、外部研究の効果を一般化する文ではありません。履行を 対象vector件数で全量in-memory方式とdisk/compressed方式を比較し、Recall guardrailを満たしたうえでpeak memoryとp95 latencyが容量予算内になる方式だけを候補にする。 により観測し、適用除外を 全vectorをmemoryへ置く単純構成が対象規模でmemory予算とlatency SLOを満たす場合は、disk/compressed方式を追加しない。 に限定できるため、APPROPRIATE_NORMATIVEと判定します。,頻度は低いが規模が大きい検索では、すべてのベクトルを高価なメモリへ置かない方式が候補です。 判断対象は、頻度は低いものの規模が大きい検索では、全vectorを高価なmemoryへ常駐させないindex方式を候補にすることを定める検索・経路選択規則です。外部資料から一般的な効果を導くのではなく、次の検査を受入条件とします。対象vector件数で全量in-memory方式とdisk/compressed方式を比較し、Recall guardrailを満たしたうえでpeak memoryとp95 latencyが容量予算内になる方式だけを候補にする。 適用除外は次の場合に限定します。全vectorをmemoryへ置く単純構成が対象規模でmemory予算とlatency SLOを満たす場合は、disk/compressed方式を追加しない。 受入条件と例外境界を台帳で検査できるため、APPROPRIATE_NORMATIVEと判定します。,SENT-1163の規則種別、受入条件、例外境界を完成した日本語で説明し、slash連結された理由文を除去する。
SENT-1164,verdict_reason,公開ベンチマークの値だけで方式を選びません。 この記述は ANN方式は公開ベンチマークの順位だけで選ばず／対象データのRecall／p95 latency／構築時間／保存容量で比較します を本ガイドの設計・評価・運用へ適用する規則で、外部研究の効果を一般化する文ではありません。履行を 公開benchmarkは候補選定に限り、最終採否は対象データの品質、p95遅延、費用、更新性、安全性の閾値で判定する。 により観測し、適用除外を 探索段階で対象データが未整備の場合はbenchmarkで候補を絞れるが、本番採用前に対象データ評価を必須とする。 に限定できるため、APPROPRIATE_NORMATIVEと判定します。,公開ベンチマークの値だけで方式を選びません。 判断対象は、ANN方式は公開ベンチマークの順位だけで選ばず、対象データのRecall、p95 latency、構築時間、保存容量で比較することを定める評価・採否規則です。外部資料から一般的な効果を導くのではなく、次の検査を受入条件とします。公開benchmarkは候補選定に限り、最終採否は対象データの品質、p95遅延、費用、更新性、安全性の閾値で判定する。 適用除外は次の場合に限定します。探索段階で対象データが未整備の場合はbenchmarkで候補を絞れるが、本番採用前に対象データ評価を必須とする。 受入条件と例外境界を台帳で検査できるため、APPROPRIATE_NORMATIVEと判定します。,SENT-1164の規則種別、受入条件、例外境界を完成した日本語で説明し、slash連結された理由文を除去する。
SENT-1167,verdict_reason,インデックススキーマには、ベクトル次元数、距離尺度、正規化、本文項目、見出し、ACL、絞り込みに使えるメタデータを定義します。 この記述は インデックススキーマには／ベクトル次元数／距離尺度／正規化／本文項目／見出し／ACL／絞り込みに使えるメタデータを定義します を本ガイドの設計・評価・運用へ適用する規則で、外部研究の効果を一般化する文ではありません。履行を active index schemaにvector dimension、distance metric、normalization、text、heading、ACL、filterable metadataの各fieldを定義し、ingestion payloadとの型・必須性・dimension一致をschema testで確認する。 により観測し、適用除外を headingなど対象corpusに存在しないfieldは明示的にoptionalにできるが、vector契約、本文、ACL、filterに使用するmetadataの定義は省略しない。 に限定できるため、APPROPRIATE_NORMATIVEと判定します。,インデックススキーマには、ベクトル次元数、距離尺度、正規化、本文項目、見出し、ACL、絞り込みに使えるメタデータを定義します。 判断対象は、インデックススキーマには、ベクトル次元数、距離尺度、正規化、本文項目、見出し、ACL、絞り込みに使えるメタデータを定義することを定める安全性・アクセス制御規則です。外部資料から一般的な効果を導くのではなく、次の検査を受入条件とします。active index schemaにvector dimension、distance metric、normalization、text、heading、ACL、filterable metadataの各fieldを定義し、ingestion payloadとの型・必須性・dimension一致をschema testで確認する。 適用除外は次の場合に限定します。headingなど対象corpusに存在しないfieldは明示的にoptionalにできるが、vector契約、本文、ACL、filterに使用するmetadataの定義は省略しない。 受入条件と例外境界を台帳で検査できるため、APPROPRIATE_NORMATIVEと判定します。,SENT-1167の規則種別、受入条件、例外境界を完成した日本語で説明し、slash連結された理由文を除去する。
SENT-1184,normative_criteria,検証対象は次の条件です: 文書／チャンク／ベクトル／インデックス登録件数の差を説明できる必要があります。当該規則に挙げた選択肢を同じdataset version、query slice、gold evidence、負荷条件で比較し、対象sliceごとの品質・latency・costを一つのresult tableへ記録する。,取り込みrunごとにsource document数、生成chunk数、embedding成功数、index登録数を記録し、filter、deduplication、失敗、隔離、削除による各差分の件数を対応付け、説明不能な差分が0件であることを確認します。,SENT-1184の主体、観測方法、合格条件または例外契機を通常の日本語で明示し、payload注入型の共通shellを除去する。
SENT-1184,exceptions,例外判断で参照する条件は次のとおりです: 文書／チャンク／ベクトル／インデックス登録件数の差を説明できる必要があります。当該規則を評価するgold evidenceがないslice、標本不足のslice、負荷条件が異なるrunは合否集計から分離し、他sliceの平均結果を外挿しない。,一つの文書から複数chunkを生成する場合や重複chunkを統合する場合は件数の一致を要求しませんが、変換規則と入力・出力IDの対応をrun台帳へ残します。,SENT-1184の主体、観測方法、合格条件または例外契機を通常の日本語で明示し、payload注入型の共通shellを除去する。
SENT-1184,verdict_reason,文書、チャンク、ベクトル、インデックス登録件数の差を説明できる必要があります。 この記述は 文書／チャンク／ベクトル／インデックス登録件数の差を説明できる必要があります を本ガイドの設計・評価・運用へ適用する規則で、外部研究の効果を一般化する文ではありません。履行を 検証対象は次の条件です: 文書／チャンク／ベクトル／インデックス登録件数の差を説明できる必要があります。当該規則に挙げた選択肢を同じdataset version、query slice、gold evidence、負荷条件で比較し、対象sliceごとの品質・latency・costを一つのresult tableへ記録する。 により観測し、適用除外を 例外判断で参照する条件は次のとおりです: 文書／チャンク／ベクトル／インデックス登録件数の差を説明できる必要があります。当該規則を評価するgold evidenceがないslice、標本不足のslice、負荷条件が異なるrunは合否集計から分離し、他sliceの平均結果を外挿しない。 に限定できるため、APPROPRIATE_NORMATIVEと判定します。,文書、チャンク、ベクトル、インデックス登録件数の差を説明できる必要があります。 判断対象は、文書、チャンク、ベクトル、インデックス登録件数の差を説明できる必要があることを定めるローカル設計規則です。外部資料から一般的な効果を導くのではなく、次の検査を受入条件とします。取り込みrunごとにsource document数、生成chunk数、embedding成功数、index登録数を記録し、filter、deduplication、失敗、隔離、削除による各差分の件数を対応付け、説明不能な差分が0件であることを確認します。 適用除外は次の場合に限定します。一つの文書から複数chunkを生成する場合や重複chunkを統合する場合は件数の一致を要求しませんが、変換規則と入力・出力IDの対応をrun台帳へ残します。 受入条件と例外境界を台帳で検査できるため、APPROPRIATE_NORMATIVEと判定します。,SENT-1184の規則種別、受入条件、例外境界を完成した日本語で説明し、slash連結された理由文を除去する。
SENT-1197,verdict_reason,グラフ型ANNへ追加と削除を繰り返すと、検索品質と性能が初回構築時から変化する場合があります。 検証対象として graph-based ANN indexへ追加・削除を反復すると／初回構築時と比べてRecall／latency／index structureが変化する場合があります を区別し、この文が断定する UNFORMALIZED_NATURAL_LANGUAGE_CLAIM と関係 UNFORMALIZED について、資料候補の記録は SRC-054 https://arxiv.org/abs/2105.09613 — abstract inspected 2026-08-15; 現主張への直接locatorは未確定; SRC-055 https://arxiv.org/abs/2410.14452 — abstract inspected 2026-08-15; 現主張への直接locatorは未確定 ですが、現主張を再特定する直接locatorは未確定です。そこで主体・対象・条件を保った graph-based ANN indexへ追加・削除を反復すると、初回構築時と比べてRecall、latency、index structureが変化する場合があります。 へ変更し、未確認の一般化または因果を本文から外すためREWRITE_REQUIREDと判定します。,グラフ型ANNへ追加と削除を繰り返すと、検索品質と性能が初回構築時から変化する場合があります。 判断対象は、graph-based ANN indexへ追加・削除を反復すると、初回構築時と比べてRecall、latency、index structureが変化する場合があることに限定した修正です。現文のUNFORMALIZED_NATURAL_LANGUAGE_CLAIMと関係UNFORMALIZEDには、候補資料は記録されていますが、現主張を再特定する直接locatorは未確定です。修正後は次の文とします。graph-based ANN indexへ追加・削除を反復すると、初回構築時と比べてRecall、latency、index structureが変化する場合があります。 この限定で主体・対象・条件を保ちながら未確認の一般化または因果を除くため、REWRITE_REQUIREDと判定します。,SENT-1197の規則種別、受入条件、例外境界を完成した日本語で説明し、slash連結された理由文を除去する。
SENT-1212,normative_criteria,検証対象は次の条件です: 候補を統合する必要がある場合は／対応する検索器と統合規則を版管理します。当該規則の統合規則をversion管理し、複数retrieverが返す既知rank listから期待するcandidate順序を再現し、生scoreの無条件加算や重複candidateが発生しないことを確認する。,候補を統合する必要がある場合は、対応する検索器と統合規則を版管理することを定める検索・経路選択規則について、この規則の統合規則をversion管理し、複数retrieverが返す既知rank listから期待するcandidate順序を再現し、生scoreの無条件加算や重複candidateが発生しないことを確認する。,SENT-1212の主体、観測方法、合格条件または例外契機を通常の日本語で明示し、payload注入型の共通shellを除去する。
SENT-1212,exceptions,例外判断で参照する条件は次のとおりです: 候補を統合する必要がある場合は／対応する検索器と統合規則を版管理します。当該規則と異なる統合方式はcalibration済みscoreまたは別rerankerとしてversion管理できるが、未調整の異尺度scoreを黙って直接加算しない。,候補を統合する必要がある場合は、対応する検索器と統合規則を版管理することを定める検索・経路選択規則の例外として、この規則と異なる統合方式はcalibration済みscoreまたは別rerankerとしてversion管理できるが、未調整の異尺度scoreを黙って直接加算しない。,SENT-1212の主体、観測方法、合格条件または例外契機を通常の日本語で明示し、payload注入型の共通shellを除去する。
SENT-1223,normative_criteria,検証対象は次の条件です: 本書では／ベクトル本体の概算容量を N × d × b で計算し／Nをベクトル件数／dを次元数／bを1要素当たりのbyte数とします。当該規則について、本文、図表、schema、評価台帳で同じ対象、単位、入出力を使用し、異なる意味で使う箇所がrepository内検索でゼロ件であることを確認する。,本書では、ベクトル本体の概算容量を N × d × b で計算し、Nをベクトル件数、dを次元数、bを1要素当たりのbyte数とすることを定める運用規則について、本文、図表、schema、評価台帳で同じ対象、単位、入出力を使用し、異なる意味で使う箇所がrepository内検索でゼロ件であることを確認する。,SENT-1223の主体、観測方法、合格条件または例外契機を通常の日本語で明示し、payload注入型の共通shellを除去する。
SENT-1223,exceptions,例外判断で参照する条件は次のとおりです: 本書では／ベクトル本体の概算容量を N × d × b で計算し／Nをベクトル件数／dを次元数／bを1要素当たりのbyte数とします。当該規則が公式標準または製品仕様の同名語と異なる場合はローカル定義であることと対応関係を併記し、公式語の意味を上書きしない。,本書では、ベクトル本体の概算容量を N × d × b で計算し、Nをベクトル件数、dを次元数、bを1要素当たりのbyte数とすることを定める運用規則の例外として、当該規則が公式標準または製品仕様の同名語と異なる場合はローカル定義であることと対応関係を併記し、公式語の意味を上書きしない。,SENT-1223の主体、観測方法、合格条件または例外契機を通常の日本語で明示し、payload注入型の共通shellを除去する。
SENT-1223,verdict_reason,ベクトル本体の概算容量は N × d × b で求められます。 この記述は 本書では／ベクトル本体の概算容量を N × d × b で計算し／Nをベクトル件数／dを次元数／bを1要素当たりのbyte数とします を本ガイドの設計・評価・運用へ適用する規則で、外部研究の効果を一般化する文ではありません。履行を 検証対象は次の条件です: 本書では／ベクトル本体の概算容量を N × d × b で計算し／Nをベクトル件数／dを次元数／bを1要素当たりのbyte数とします。当該規則について、本文、図表、schema、評価台帳で同じ対象、単位、入出力を使用し、異なる意味で使う箇所がrepository内検索でゼロ件であることを確認する。 により観測し、適用除外を 例外判断で参照する条件は次のとおりです: 本書では／ベクトル本体の概算容量を N × d × b で計算し／Nをベクトル件数／dを次元数／bを1要素当たりのbyte数とします。当該規則が公式標準または製品仕様の同名語と異なる場合はローカル定義であることと対応関係を併記し、公式語の意味を上書きしない。 に限定できるため、APPROPRIATE_NORMATIVEと判定します。,ベクトル本体の概算容量は N × d × b で求められます。 判断対象は、本書では、ベクトル本体の概算容量を N × d × b で計算し、Nをベクトル件数、dを次元数、bを1要素当たりのbyte数とすることを定める運用規則です。外部資料から一般的な効果を導くのではなく、次の検査を受入条件とします。本書では、ベクトル本体の概算容量を N × d × b で計算し、Nをベクトル件数、dを次元数、bを1要素当たりのbyte数とすることを定める運用規則について、本文、図表、schema、評価台帳で同じ対象、単位、入出力を使用し、異なる意味で使う箇所がrepository内検索でゼロ件であることを確認する。 適用除外は次の場合に限定します。本書では、ベクトル本体の概算容量を N × d × b で計算し、Nをベクトル件数、dを次元数、bを1要素当たりのbyte数とすることを定める運用規則の例外として、当該規則が公式標準または製品仕様の同名語と異なる場合はローカル定義であることと対応関係を併記し、公式語の意味を上書きしない。 受入条件と例外境界を台帳で検査できるため、APPROPRIATE_NORMATIVEと判定します。,SENT-1223の規則種別、受入条件、例外境界を完成した日本語で説明し、slash連結された理由文を除去する。
SENT-1232,verdict_reason,公開値をそのまま採用せず、対象の計算機、ベクトル、絞り込み条件で再測定します。 この記述は 公開値をそのまま採用せず／対象の計算機／ベクトル／絞り込み条件で再測定します を本ガイドの設計・評価・運用へ適用する規則で、外部研究の効果を一般化する文ではありません。履行を 公開benchmark値を採用閾値にせず、対象hardware、vector distribution、index size、filter selectivityを固定した負荷試験でRecall、p95 latency、build time、memoryを再測定する。 により観測し、適用除外を 探索段階の候補絞り込みには公開値を使えるが、本番容量と合否は対象環境の再測定値で決める。 に限定できるため、APPROPRIATE_NORMATIVEと判定します。,公開値をそのまま採用せず、対象の計算機、ベクトル、絞り込み条件で再測定します。 判断対象は、公開値をそのまま採用せず、対象の計算機、ベクトル、絞り込み条件で再測定することを定める評価・採否規則です。外部資料から一般的な効果を導くのではなく、次の検査を受入条件とします。公開benchmark値を採用閾値にせず、対象hardware、vector distribution、index size、filter selectivityを固定した負荷試験でRecall、p95 latency、build time、memoryを再測定する。 適用除外は次の場合に限定します。探索段階の候補絞り込みには公開値を使えるが、本番容量と合否は対象環境の再測定値で決める。 受入条件と例外境界を台帳で検査できるため、APPROPRIATE_NORMATIVEと判定します。,SENT-1232の規則種別、受入条件、例外境界を完成した日本語で説明し、slash連結された理由文を除去する。
SENT-1301,verdict_reason,検索器は、ＡＢＣ‐100 と ABC-100 を別の語として扱う場合があります。 検証対象として Unicode正規化を行わないretrieverでは／全角の「ＡＢＣ‐100」と半角の「ABC-100」が別tokenとして扱われる場合があります を区別し、この文が断定する UNFORMALIZED_NATURAL_LANGUAGE_CLAIM と関係 UNFORMALIZED について、資料候補の記録は SRC-002 https://aclanthology.org/2020.emnlp-main.550/ — abstract inspected 2026-08-15; 現主張への直接locatorは未確定; SRC-005 https://doi.org/10.1561/1500000019 — primary_page inspected 2026-08-15; 現主張への直接locatorは未確定; SRC-042 https://arxiv.org/abs/1908.10084 — abstract inspected 2026-08-15; 現主張への直接locatorは未確定 ですが、現主張を再特定する直接locatorは未確定です。そこで主体・対象・条件を保った Unicode正規化を行わないretrieverでは、全角の「ＡＢＣ‐100」と半角の「ABC-100」が別tokenとして扱われる場合があります。 へ変更し、未確認の一般化または因果を本文から外すためREWRITE_REQUIREDと判定します。,検索器は、ＡＢＣ‐100 と ABC-100 を別の語として扱う場合があります。 判断対象は、Unicode正規化を行わないretrieverでは、全角の「ＡＢＣ‐100」と半角の「ABC-100」が別tokenとして扱われる場合があることに限定した修正です。現文のUNFORMALIZED_NATURAL_LANGUAGE_CLAIMと関係UNFORMALIZEDには、候補資料は記録されていますが、現主張を再特定する直接locatorは未確定です。修正後は次の文とします。Unicode正規化を行わないretrieverでは、全角の「ＡＢＣ‐100」と半角の「ABC-100」が別tokenとして扱われる場合があります。 この限定で主体・対象・条件を保ちながら未確認の一般化または因果を除くため、REWRITE_REQUIREDと判定します。,SENT-1301の規則種別、受入条件、例外境界を完成した日本語で説明し、slash連結された理由文を除去する。
SENT-1342,verdict_reason,識別子は疎検索、言い換えは密検索、両方が混在する質問はハイブリッド検索、集計はSQL（Structured Query Language、構造化問い合わせ言語）によるデータベース問い合わせ、関係探索は知識グラフが候補です。 この記述は 識別子は疎検索／言い換えは密検索／両方が混在する質問はハイブリッド検索／集計はSQL（Structured Query Language／構造化問い合わせ言語）によるデータベース問い合わせ／関係探索は知識グラフが候補です を本ガイドの設計・評価・運用へ適用する規則で、外部研究の効果を一般化する文ではありません。履行を 識別子、言い換え、混在、集計、関係探索のlabeled query setを用意し、routerがそれぞれ疎検索、密検索、hybrid、SQL、graphを選ぶことをconfusion matrixで確認する。 により観測し、適用除外を 複数意図を持つ質問は複数経路へ送れるが、各経路の選択理由と統合結果を同じtraceへ記録する。 に限定できるため、APPROPRIATE_NORMATIVEと判定します。,識別子は疎検索、言い換えは密検索、両方が混在する質問はハイブリッド検索、集計はSQL（Structured Query Language、構造化問い合わせ言語）によるデータベース問い合わせ、関係探索は知識グラフが候補です。 判断対象は、識別子は疎検索、言い換えは密検索、両方が混在する質問はハイブリッド検索、集計はSQL（Structured Query Language、構造化問い合わせ言語）によるデータベース問い合わせ、関係探索は知識グラフが候補であることを定める検索・経路選択規則です。外部資料から一般的な効果を導くのではなく、次の検査を受入条件とします。識別子、言い換え、混在、集計、関係探索のlabeled query setを用意し、routerがそれぞれ疎検索、密検索、hybrid、SQL、graphを選ぶことをconfusion matrixで確認する。 適用除外は次の場合に限定します。複数意図を持つ質問は複数経路へ送れるが、各経路の選択理由と統合結果を同じtraceへ記録する。 受入条件と例外境界を台帳で検査できるため、APPROPRIATE_NORMATIVEと判定します。,SENT-1342の規則種別、受入条件、例外境界を完成した日本語で説明し、slash連結された理由文を除去する。
SENT-1382,verdict_reason,改善が確認できない質問種類には変換を適用しません。 この記述は 改善が確認できない質問種類には変換を適用しません を本ガイドの設計・評価・運用へ適用する規則で、外部研究の効果を一般化する文ではありません。履行を query transformationは質問slice別A/B評価でbaselineより主要retrieval指標が改善し、end-to-end guardrailを悪化させないsliceだけにfeature flagで有効化する。 により観測し、適用除外を 標本不足のsliceは改善未確認として無効のままにし、他sliceの平均改善を流用しない。 に限定できるため、APPROPRIATE_NORMATIVEと判定します。,改善が確認できない質問種類には変換を適用しません。 判断対象は、改善が確認できない質問種類には変換を適用しないことを定める運用規則です。外部資料から一般的な効果を導くのではなく、次の検査を受入条件とします。query transformationは質問slice別A/B評価でbaselineより主要retrieval指標が改善し、end-to-end guardrailを悪化させないsliceだけにfeature flagで有効化する。 適用除外は次の場合に限定します。標本不足のsliceは改善未確認として無効のままにし、他sliceの平均改善を流用しない。 受入条件と例外境界を台帳で検査できるため、APPROPRIATE_NORMATIVEと判定します。,SENT-1382の規則種別、受入条件、例外境界を完成した日本語で説明し、slash連結された理由文を除去する。
SENT-1404,normative_criteria,検証対象は次の条件です: 最初は生成する検索文を2〜5件程度にするなど／明示した上限から評価します。本文に列挙した対象・条件・指標を個別fieldへ保存し、同一runの実装結果または評価結果と一致することを確認する。,最初は生成する検索文を2〜5件程度にするなど、明示した上限から評価することを定める評価・採否規則について、本文に列挙した対象・条件・指標を個別fieldへ保存し、同一runの実装結果または評価結果と一致することを確認する。,SENT-1404の主体、観測方法、合格条件または例外契機を通常の日本語で明示し、payload注入型の共通shellを除去する。
SENT-1404,exceptions,例外判断で参照する条件は次のとおりです: 最初は生成する検索文を2〜5件程度にするなど／明示した上限から評価します。当該規則を評価するgold evidenceがないslice、標本不足のslice、負荷条件が異なるrunは合否集計から分離し、他sliceの平均結果を外挿しない。,最初は生成する検索文を2〜5件程度にするなど、明示した上限から評価することを定める評価・採否規則の例外として、判定に必要なgold evidenceがないslice、標本不足のslice、負荷条件が異なるrunは合否集計から分離し、他sliceの平均結果を外挿しない。,SENT-1404の主体、観測方法、合格条件または例外契機を通常の日本語で明示し、payload注入型の共通shellを除去する。
SENT-1404,verdict_reason,最初は生成する検索文を2〜5件程度にするなど、明示した上限から評価します。 この記述は 最初は生成する検索文を2〜5件程度にするなど／明示した上限から評価します を本ガイドの設計・評価・運用へ適用する規則で、外部研究の効果を一般化する文ではありません。履行を 検証対象は次の条件です: 最初は生成する検索文を2〜5件程度にするなど／明示した上限から評価します。本文に列挙した対象・条件・指標を個別fieldへ保存し、同一runの実装結果または評価結果と一致することを確認する。 により観測し、適用除外を 例外判断で参照する条件は次のとおりです: 最初は生成する検索文を2〜5件程度にするなど／明示した上限から評価します。当該規則を評価するgold evidenceがないslice、標本不足のslice、負荷条件が異なるrunは合否集計から分離し、他sliceの平均結果を外挿しない。 に限定できるため、APPROPRIATE_NORMATIVEと判定します。,最初は生成する検索文を2〜5件程度にするなど、明示した上限から評価します。 判断対象は、最初は生成する検索文を2〜5件程度にするなど、明示した上限から評価することを定める評価・採否規則です。外部資料から一般的な効果を導くのではなく、次の検査を受入条件とします。最初は生成する検索文を2〜5件程度にするなど、明示した上限から評価することを定める評価・採否規則について、本文に列挙した対象・条件・指標を個別fieldへ保存し、同一runの実装結果または評価結果と一致することを確認する。 適用除外は次の場合に限定します。最初は生成する検索文を2〜5件程度にするなど、明示した上限から評価することを定める評価・採否規則の例外として、判定に必要なgold evidenceがないslice、標本不足のslice、負荷条件が異なるrunは合否集計から分離し、他sliceの平均結果を外挿しない。 受入条件と例外境界を台帳で検査できるため、APPROPRIATE_NORMATIVEと判定します。,SENT-1404の規則種別、受入条件、例外境界を完成した日本語で説明し、slash連結された理由文を除去する。
SENT-1413,verdict_reason,RRF（Reciprocal Rank Fusion、相互順位統合）は、各一覧の順位を使うため、検索文や検索器ごとにスコア尺度が異なる場合にも利用できます。 検証対象として RRFは各rank list内の順位から候補ごとの値を計算するため／検索文やretriever間で生scoreの尺度が異なる場合でも／scoreを直接加算せず順位表を統合できます を区別し、この文が断定する UNFORMALIZED_NATURAL_LANGUAGE_CLAIM と関係 UNFORMALIZED について、資料候補の記録は SRC-064 https://dl.acm.org/doi/10.1145/1571941.1572114 — primary_page inspected 2026-08-15; 現主張への直接locatorは未確定 ですが、現主張を再特定する直接locatorは未確定です。そこで主体・対象・条件を保った RRFは各rank list内の順位から候補ごとの値を計算するため、検索文やretriever間で生scoreの尺度が異なる場合でも、scoreを直接加算せず順位表を統合できます。 へ変更し、未確認の一般化または因果を本文から外すためREWRITE_REQUIREDと判定します。,RRF（Reciprocal Rank Fusion、相互順位統合）は、各一覧の順位を使うため、検索文や検索器ごとにスコア尺度が異なる場合にも利用できます。 判断対象は、RRFは各rank list内の順位から候補ごとの値を計算するため、検索文やretriever間で生scoreの尺度が異なる場合でも、scoreを直接加算せず順位表を統合できることに限定した修正です。現文のUNFORMALIZED_NATURAL_LANGUAGE_CLAIMと関係UNFORMALIZEDには、候補資料は記録されていますが、現主張を再特定する直接locatorは未確定です。修正後は次の文とします。RRFは各rank list内の順位から候補ごとの値を計算するため、検索文やretriever間で生scoreの尺度が異なる場合でも、scoreを直接加算せず順位表を統合できます。 この限定で主体・対象・条件を保ちながら未確認の一般化または因果を除くため、REWRITE_REQUIREDと判定します。,SENT-1413の規則種別、受入条件、例外境界を完成した日本語で説明し、slash連結された理由文を除去する。
SENT-1414,verdict_reason,同じ文書・チャンクを安定IDでまとめ、どの検索文が候補へ寄与したかを保持します。 この記述は 同じ文書・チャンクを安定IDでまとめ／どの検索文が候補へ寄与したかを保持します を本ガイドの設計・評価・運用へ適用する規則で、外部研究の効果を一般化する文ではありません。履行を 同じdocument versionと原文範囲から生成した候補をstable chunk IDでdeduplicateし、各候補に寄与した全query variantとretrieval rankを保持する。 により観測し、適用除外を 同じ本文でもsource、version、原文範囲が異なる候補は一件へ潰さず、別provenanceとして残す。 に限定できるため、APPROPRIATE_NORMATIVEと判定します。,同じ文書・チャンクを安定IDでまとめ、どの検索文が候補へ寄与したかを保持します。 判断対象は、同じ文書・チャンクを安定IDでまとめ、どの検索文が候補へ寄与したかを保持することを定める検索・経路選択規則です。外部資料から一般的な効果を導くのではなく、次の検査を受入条件とします。同じdocument versionと原文範囲から生成した候補をstable chunk IDでdeduplicateし、各候補に寄与した全query variantとretrieval rankを保持する。 適用除外は次の場合に限定します。同じ本文でもsource、version、原文範囲が異なる候補は一件へ潰さず、別provenanceとして残す。 受入条件と例外境界を台帳で検査できるため、APPROPRIATE_NORMATIVEと判定します。,SENT-1414の規則種別、受入条件、例外境界を完成した日本語で説明し、slash連結された理由文を除去する。
SENT-1420,verdict_reason,Query2docの論文は、評価した複数の検索器と評価用データで改善を報告しました。 検証対象として Query2doc論文は／queryから生成した文書をquery expansionへ用い／同論文が採用した複数retrieverと評価datasetでbaselineからの改善を報告しています を区別し、この文が断定する evaluation=true と関係 NOT_APPLICABLE について、資料候補の記録は SRC-063 https://arxiv.org/abs/2303.07678 — abstract inspected 2026-08-15; 現主張への直接locatorは未確定 ですが、現主張を再特定する直接locatorは未確定です。そこで主体・対象・条件を保った Query2doc論文は、queryから生成した文書をquery expansionへ用い、同論文が採用した複数retrieverと評価datasetでbaselineからの改善を報告しています。 へ変更し、未確認の一般化または因果を本文から外すためREWRITE_REQUIREDと判定します。,Query2docの論文は、評価した複数の検索器と評価用データで改善を報告しました。 判断対象は、Query2doc論文は、queryから生成した文書をquery expansionへ用い、同論文が採用した複数retrieverと評価datasetでbaselineからの改善を報告していることに限定した修正です。現文のevaluation=trueと関係NOT_APPLICABLEには、候補資料は記録されていますが、現主張を再特定する直接locatorは未確定です。修正後は次の文とします。Query2doc論文は、queryから生成した文書をquery expansionへ用い、同論文が採用した複数retrieverと評価datasetでbaselineからの改善を報告しています。 この限定で主体・対象・条件を保ちながら未確認の一般化または因果を除くため、REWRITE_REQUIREDと判定します。,SENT-1420の規則種別、受入条件、例外境界を完成した日本語で説明し、slash連結された理由文を除去する。
SENT-1421,normative_criteria,検証対象は次の条件です: 結果はモデル／生成設定／データセットに依存するため／対象業務で再評価します。本文に列挙した対象・条件・指標を個別fieldへ保存し、同一runの実装結果または評価結果と一致することを確認する。,結果はモデル、生成設定、データセットに依存するため、対象業務で再評価することを定める評価・採否規則について、本文に列挙した対象・条件・指標を個別fieldへ保存し、同一runの実装結果または評価結果と一致することを確認する。,SENT-1421の主体、観測方法、合格条件または例外契機を通常の日本語で明示し、payload注入型の共通shellを除去する。
SENT-1421,exceptions,例外判断で参照する条件は次のとおりです: 結果はモデル／生成設定／データセットに依存するため／対象業務で再評価します。当該規則を評価するgold evidenceがないslice、標本不足のslice、負荷条件が異なるrunは合否集計から分離し、他sliceの平均結果を外挿しない。,結果はモデル、生成設定、データセットに依存するため、対象業務で再評価することを定める評価・採否規則の例外として、判定に必要なgold evidenceがないslice、標本不足のslice、負荷条件が異なるrunは合否集計から分離し、他sliceの平均結果を外挿しない。,SENT-1421の主体、観測方法、合格条件または例外契機を通常の日本語で明示し、payload注入型の共通shellを除去する。
SENT-1421,verdict_reason,結果はモデル、生成設定、データセットに依存するため、対象業務で再評価します。 この記述は 結果はモデル／生成設定／データセットに依存するため／対象業務で再評価します を本ガイドの設計・評価・運用へ適用する規則で、外部研究の効果を一般化する文ではありません。履行を 検証対象は次の条件です: 結果はモデル／生成設定／データセットに依存するため／対象業務で再評価します。本文に列挙した対象・条件・指標を個別fieldへ保存し、同一runの実装結果または評価結果と一致することを確認する。 により観測し、適用除外を 例外判断で参照する条件は次のとおりです: 結果はモデル／生成設定／データセットに依存するため／対象業務で再評価します。当該規則を評価するgold evidenceがないslice、標本不足のslice、負荷条件が異なるrunは合否集計から分離し、他sliceの平均結果を外挿しない。 に限定できるため、APPROPRIATE_NORMATIVEと判定します。,結果はモデル、生成設定、データセットに依存するため、対象業務で再評価します。 判断対象は、結果はモデル、生成設定、データセットに依存するため、対象業務で再評価することを定める評価・採否規則です。外部資料から一般的な効果を導くのではなく、次の検査を受入条件とします。結果はモデル、生成設定、データセットに依存するため、対象業務で再評価することを定める評価・採否規則について、本文に列挙した対象・条件・指標を個別fieldへ保存し、同一runの実装結果または評価結果と一致することを確認する。 適用除外は次の場合に限定します。結果はモデル、生成設定、データセットに依存するため、対象業務で再評価することを定める評価・採否規則の例外として、判定に必要なgold evidenceがないslice、標本不足のslice、負荷条件が異なるrunは合否集計から分離し、他sliceの平均結果を外挿しない。 受入条件と例外境界を台帳で検査できるため、APPROPRIATE_NORMATIVEと判定します。,SENT-1421の規則種別、受入条件、例外境界を完成した日本語で説明し、slash連結された理由文を除去する。
SENT-1431,normative_criteria,検証対象は次の条件です: 元質問のベクトルによる検索を残し／HyDEの結果と和集合または順位統合します。当該規則の統合規則をversion管理し、複数retrieverが返す既知rank listから期待するcandidate順序を再現し、生scoreの無条件加算や重複candidateが発生しないことを確認する。,元質問のベクトルによる検索を残し、HyDEの結果と和集合または順位統合することを定める運用規則について、この規則の統合規則をversion管理し、複数retrieverが返す既知rank listから期待するcandidate順序を再現し、生scoreの無条件加算や重複candidateが発生しないことを確認する。,SENT-1431の主体、観測方法、合格条件または例外契機を通常の日本語で明示し、payload注入型の共通shellを除去する。
SENT-1431,exceptions,例外判断で参照する条件は次のとおりです: 元質問のベクトルによる検索を残し／HyDEの結果と和集合または順位統合します。当該規則と異なる統合方式はcalibration済みscoreまたは別rerankerとしてversion管理できるが、未調整の異尺度scoreを黙って直接加算しない。,元質問のベクトルによる検索を残し、HyDEの結果と和集合または順位統合することを定める運用規則の例外として、この規則と異なる統合方式はcalibration済みscoreまたは別rerankerとしてversion管理できるが、未調整の異尺度scoreを黙って直接加算しない。,SENT-1431の主体、観測方法、合格条件または例外契機を通常の日本語で明示し、payload注入型の共通shellを除去する。
SENT-1431,verdict_reason,元質問のベクトルによる検索を残し、HyDEの結果と和集合または順位統合します。 この記述は 元質問のベクトルによる検索を残し／HyDEの結果と和集合または順位統合します を本ガイドの設計・評価・運用へ適用する規則で、外部研究の効果を一般化する文ではありません。履行を 検証対象は次の条件です: 元質問のベクトルによる検索を残し／HyDEの結果と和集合または順位統合します。当該規則の統合規則をversion管理し、複数retrieverが返す既知rank listから期待するcandidate順序を再現し、生scoreの無条件加算や重複candidateが発生しないことを確認する。 により観測し、適用除外を 例外判断で参照する条件は次のとおりです: 元質問のベクトルによる検索を残し／HyDEの結果と和集合または順位統合します。当該規則と異なる統合方式はcalibration済みscoreまたは別rerankerとしてversion管理できるが、未調整の異尺度scoreを黙って直接加算しない。 に限定できるため、APPROPRIATE_NORMATIVEと判定します。,元質問のベクトルによる検索を残し、HyDEの結果と和集合または順位統合します。 判断対象は、元質問のベクトルによる検索を残し、HyDEの結果と和集合または順位統合することを定める運用規則です。外部資料から一般的な効果を導くのではなく、次の検査を受入条件とします。元質問のベクトルによる検索を残し、HyDEの結果と和集合または順位統合することを定める運用規則について、この規則の統合規則をversion管理し、複数retrieverが返す既知rank listから期待するcandidate順序を再現し、生scoreの無条件加算や重複candidateが発生しないことを確認する。 適用除外は次の場合に限定します。元質問のベクトルによる検索を残し、HyDEの結果と和集合または順位統合することを定める運用規則の例外として、この規則と異なる統合方式はcalibration済みscoreまたは別rerankerとしてversion管理できるが、未調整の異尺度scoreを黙って直接加算しない。 受入条件と例外境界を台帳で検査できるため、APPROPRIATE_NORMATIVEと判定します。,SENT-1431の規則種別、受入条件、例外境界を完成した日本語で説明し、slash連結された理由文を除去する。
SENT-1432,verdict_reason,型番、条文番号、否定条件は疎検索とメタデータフィルターで保持します。 この記述は 型番／条文番号／否定条件は疎検索とメタデータフィルターで保持します を本ガイドの設計・評価・運用へ適用する規則で、外部研究の効果を一般化する文ではありません。履行を 型番、条文番号、否定条件を含むfixtureで、疎検索tokenとmetadata filter値が原文どおり保持され、対象文書がcandidate setから欠落しないことを確認する。 により観測し、適用除外を 正規化する場合は元表記と可逆な対応を保存し、否定語または識別子の一部を削除する正規化は行わない。 に限定できるため、APPROPRIATE_NORMATIVEと判定します。,型番、条文番号、否定条件は疎検索とメタデータフィルターで保持します。 判断対象は、型番、条文番号、否定条件は疎検索とメタデータフィルターで保持することを定める運用規則です。外部資料から一般的な効果を導くのではなく、次の検査を受入条件とします。型番、条文番号、否定条件を含むfixtureで、疎検索tokenとmetadata filter値が原文どおり保持され、対象文書がcandidate setから欠落しないことを確認する。 適用除外は次の場合に限定します。正規化する場合は元表記と可逆な対応を保存し、否定語または識別子の一部を削除する正規化は行わない。 受入条件と例外境界を台帳で検査できるため、APPROPRIATE_NORMATIVEと判定します。,SENT-1432の規則種別、受入条件、例外境界を完成した日本語で説明し、slash連結された理由文を除去する。
SENT-1449,normative_criteria,検証対象は次の条件です: 単純な一回検索で答えられる質問をこの経路へ送らず／追加段階による改善と費用を測ります。本文に列挙した対象・条件・指標を個別fieldへ保存し、同一runの実装結果または評価結果と一致することを確認する。,単純な一回検索で答えられる質問をこの経路へ送らず、追加段階による改善と費用を測ることを定める評価・採否規則について、本文に列挙した対象・条件・指標を個別fieldへ保存し、同一runの実装結果または評価結果と一致することを確認する。,SENT-1449の主体、観測方法、合格条件または例外契機を通常の日本語で明示し、payload注入型の共通shellを除去する。
SENT-1449,exceptions,例外判断で参照する条件は次のとおりです: 単純な一回検索で答えられる質問をこの経路へ送らず／追加段階による改善と費用を測ります。当該規則を評価するgold evidenceがないslice、標本不足のslice、負荷条件が異なるrunは合否集計から分離し、他sliceの平均結果を外挿しない。,単純な一回検索で答えられる質問をこの経路へ送らず、追加段階による改善と費用を測ることを定める評価・採否規則の例外として、判定に必要なgold evidenceがないslice、標本不足のslice、負荷条件が異なるrunは合否集計から分離し、他sliceの平均結果を外挿しない。,SENT-1449の主体、観測方法、合格条件または例外契機を通常の日本語で明示し、payload注入型の共通shellを除去する。
SENT-1449,verdict_reason,単純な一回検索で答えられる質問をこの経路へ送らず、追加段階による改善と費用を測ります。 この記述は 単純な一回検索で答えられる質問をこの経路へ送らず／追加段階による改善と費用を測ります を本ガイドの設計・評価・運用へ適用する規則で、外部研究の効果を一般化する文ではありません。履行を 検証対象は次の条件です: 単純な一回検索で答えられる質問をこの経路へ送らず／追加段階による改善と費用を測ります。本文に列挙した対象・条件・指標を個別fieldへ保存し、同一runの実装結果または評価結果と一致することを確認する。 により観測し、適用除外を 例外判断で参照する条件は次のとおりです: 単純な一回検索で答えられる質問をこの経路へ送らず／追加段階による改善と費用を測ります。当該規則を評価するgold evidenceがないslice、標本不足のslice、負荷条件が異なるrunは合否集計から分離し、他sliceの平均結果を外挿しない。 に限定できるため、APPROPRIATE_NORMATIVEと判定します。,単純な一回検索で答えられる質問をこの経路へ送らず、追加段階による改善と費用を測ります。 判断対象は、単純な一回検索で答えられる質問をこの経路へ送らず、追加段階による改善と費用を測ることを定める評価・採否規則です。外部資料から一般的な効果を導くのではなく、次の検査を受入条件とします。単純な一回検索で答えられる質問をこの経路へ送らず、追加段階による改善と費用を測ることを定める評価・採否規則について、本文に列挙した対象・条件・指標を個別fieldへ保存し、同一runの実装結果または評価結果と一致することを確認する。 適用除外は次の場合に限定します。単純な一回検索で答えられる質問をこの経路へ送らず、追加段階による改善と費用を測ることを定める評価・採否規則の例外として、判定に必要なgold evidenceがないslice、標本不足のslice、負荷条件が異なるrunは合否集計から分離し、他sliceの平均結果を外挿しない。 受入条件と例外境界を台帳で検査できるため、APPROPRIATE_NORMATIVEと判定します。,SENT-1449の規則種別、受入条件、例外境界を完成した日本語で説明し、slash連結された理由文を除去する。
SENT-1460,normative_criteria,検証対象は次の条件です: 必要根拠の回収率の改善は／利用者の意図や権限の逸脱を正当化しません。当該規則で列挙した各metricを同じrequest traceから算出し、authorization適用前後のcandidate数と許可外item数を含め、dashboardとrelease gateの値が一致することを確認する。,必要根拠の回収率の改善は、利用者の意図や権限の逸脱を正当化しないことを定める安全性・アクセス制御規則について、この規則で列挙した各metricを同じrequest traceから算出し、authorization適用前後のcandidate数と許可外item数を含め、dashboardとrelease gateの値が一致することを確認する。,SENT-1460の主体、観測方法、合格条件または例外契機を通常の日本語で明示し、payload注入型の共通shellを除去する。
SENT-1460,exceptions,例外判断で参照する条件は次のとおりです: 必要根拠の回収率の改善は／利用者の意図や権限の逸脱を正当化しません。当該規則より法令、契約、組織policyが厳しい場合は厳しい統制を優先し、性能、可用性、費用を理由に対象resourceのauthorizationまたは隔離を省略しない。,必要根拠の回収率の改善は、利用者の意図や権限の逸脱を正当化しないことを定める安全性・アクセス制御規則の例外として、この規則より法令、契約、組織policyが厳しい場合は厳しい統制を優先し、性能、可用性、費用を理由に対象resourceのauthorizationまたは隔離を省略しない。,SENT-1460の主体、観測方法、合格条件または例外契機を通常の日本語で明示し、payload注入型の共通shellを除去する。
SENT-1460,verdict_reason,必要根拠の回収率の改善は、利用者の意図や権限の逸脱を正当化しません。 この記述は 必要根拠の回収率の改善は／利用者の意図や権限の逸脱を正当化しません を本ガイドの設計・評価・運用へ適用する規則で、外部研究の効果を一般化する文ではありません。履行を 検証対象は次の条件です: 必要根拠の回収率の改善は／利用者の意図や権限の逸脱を正当化しません。当該規則で列挙した各metricを同じrequest traceから算出し、authorization適用前後のcandidate数と許可外item数を含め、dashboardとrelease gateの値が一致することを確認する。 により観測し、適用除外を 例外判断で参照する条件は次のとおりです: 必要根拠の回収率の改善は／利用者の意図や権限の逸脱を正当化しません。当該規則より法令、契約、組織policyが厳しい場合は厳しい統制を優先し、性能、可用性、費用を理由に対象resourceのauthorizationまたは隔離を省略しない。 に限定できるため、APPROPRIATE_NORMATIVEと判定します。,必要根拠の回収率の改善は、利用者の意図や権限の逸脱を正当化しません。 判断対象は、必要根拠の回収率の改善は、利用者の意図や権限の逸脱を正当化しないことを定める安全性・アクセス制御規則です。外部資料から一般的な効果を導くのではなく、次の検査を受入条件とします。必要根拠の回収率の改善は、利用者の意図や権限の逸脱を正当化しないことを定める安全性・アクセス制御規則について、この規則で列挙した各metricを同じrequest traceから算出し、authorization適用前後のcandidate数と許可外item数を含め、dashboardとrelease gateの値が一致することを確認する。 適用除外は次の場合に限定します。必要根拠の回収率の改善は、利用者の意図や権限の逸脱を正当化しないことを定める安全性・アクセス制御規則の例外として、この規則より法令、契約、組織policyが厳しい場合は厳しい統制を優先し、性能、可用性、費用を理由に対象resourceのauthorizationまたは隔離を省略しない。 受入条件と例外境界を台帳で検査できるため、APPROPRIATE_NORMATIVEと判定します。,SENT-1460の規則種別、受入条件、例外境界を完成した日本語で説明し、slash連結された理由文を除去する。
SENT-1470,verdict_reason,BEIRは、多様な検索課題で疎検索と密検索を比較し、方式の優劣がデータセットによって変わることを示しました。 検証対象として BEIRが収録した異種のretrieval datasetでは／sparse retrievalとdense retrievalの相対順位がdatasetごとに異なりました を区別し、この文が断定する dense=true;sparse=true と関係 NOT_APPLICABLE について、資料候補の記録は SRC-066 https://arxiv.org/abs/2104.08663 — abstract inspected 2026-08-15; 現主張への直接locatorは未確定 ですが、現主張を再特定する直接locatorは未確定です。そこで主体・対象・条件を保った BEIRが収録した異種のretrieval datasetでは、sparse retrievalとdense retrievalの相対順位がdatasetごとに異なりました。 へ変更し、未確認の一般化または因果を本文から外すためREWRITE_REQUIREDと判定します。,BEIRは、多様な検索課題で疎検索と密検索を比較し、方式の優劣がデータセットによって変わることを示しました。 判断対象は、BEIRが収録した異種のretrieval datasetでは、sparse retrievalとdense retrievalの相対順位がdatasetごとに異なったことに限定した修正です。現文のdense=true;sparse=trueと関係NOT_APPLICABLEには、候補資料は記録されていますが、現主張を再特定する直接locatorは未確定です。修正後は次の文とします。BEIRが収録した異種のretrieval datasetでは、sparse retrievalとdense retrievalの相対順位がdatasetごとに異なりました。 この限定で主体・対象・条件を保ちながら未確認の一般化または因果を除くため、REWRITE_REQUIREDと判定します。,SENT-1470の規則種別、受入条件、例外境界を完成した日本語で説明し、slash連結された理由文を除去する。
SENT-1471,verdict_reason,最初にBM25を再現可能な基準として固定し、密検索やハイブリッド検索による増分を質問の種類別に測ります。 この記述は 最初にBM25を再現可能な基準として固定し／密検索やハイブリッド検索による増分を質問の種類別に測ります を本ガイドの設計・評価・運用へ適用する規則で、外部研究の効果を一般化する文ではありません。履行を BM25のanalyzer、parameter、corpus versionをbaselineとして固定し、dense/hybridとの差分を同じgold setのquery type別Recall、nDCG、latencyで測る。 により観測し、適用除外を BM25を提供できないdata typeでは同等の再現可能なlexical baselineを明示できるが、baselineなしで増分を報告しない。 に限定できるため、APPROPRIATE_NORMATIVEと判定します。,最初にBM25を再現可能な基準として固定し、密検索やハイブリッド検索による増分を質問の種類別に測ります。 判断対象は、最初にBM25を再現可能な基準として固定し、密検索やハイブリッド検索による増分を質問の種類別に測ることを定める評価・採否規則です。外部資料から一般的な効果を導くのではなく、次の検査を受入条件とします。BM25のanalyzer、parameter、corpus versionをbaselineとして固定し、dense/hybridとの差分を同じgold setのquery type別Recall、nDCG、latencyで測る。 適用除外は次の場合に限定します。BM25を提供できないdata typeでは同等の再現可能なlexical baselineを明示できるが、baselineなしで増分を報告しない。 受入条件と例外境界を台帳で検査できるため、APPROPRIATE_NORMATIVEと判定します。,SENT-1471の規則種別、受入条件、例外境界を完成した日本語で説明し、slash連結された理由文を除去する。
SENT-1478,verdict_reason,追加、更新、削除、版切り替えを転置インデックスへ反映します。 この記述は 追加／更新／削除／版切り替えを転置インデックスへ反映します を本ガイドの設計・評価・運用へ適用する規則で、外部研究の効果を一般化する文ではありません。履行を documentの追加、更新、削除、version切替を転置indexへ反映し、旧versionのterm hitが消え、新versionだけが検索されることをoperation別fixtureで確認する。 により観測し、適用除外を blue-green切替中は新旧indexを並存できるが、一つのrequestでversionの異なるcandidateを無印で混在させない。 に限定できるため、APPROPRIATE_NORMATIVEと判定します。,追加、更新、削除、版切り替えを転置インデックスへ反映します。 判断対象は、追加、更新、削除、版切り替えを転置インデックスへ反映することを定める追跡性・証跡管理規則です。外部資料から一般的な効果を導くのではなく、次の検査を受入条件とします。documentの追加、更新、削除、version切替を転置indexへ反映し、旧versionのterm hitが消え、新versionだけが検索されることをoperation別fixtureで確認する。 適用除外は次の場合に限定します。blue-green切替中は新旧indexを並存できるが、一つのrequestでversionの異なるcandidateを無印で混在させない。 受入条件と例外境界を台帳で検査できるため、APPROPRIATE_NORMATIVEと判定します。,SENT-1478の規則種別、受入条件、例外境界を完成した日本語で説明し、slash連結された理由文を除去する。
SENT-1493,normative_criteria,検証対象は次の条件です: 評価対象は1980年代の比較的小さな英語文書集合であるため／現在の日本語業務データではBM25などを含む基準を改めて測ります。本文に列挙した対象・条件・指標を個別fieldへ保存し、同一runの実装結果または評価結果と一致することを確認する。,評価対象は1980年代の比較的小さな英語文書集合であるため、現在の日本語業務データではBM25などを含む基準を改めて測ることを定める評価・採否規則について、本文に列挙した対象・条件・指標を個別fieldへ保存し、同一runの実装結果または評価結果と一致することを確認する。,SENT-1493の主体、観測方法、合格条件または例外契機を通常の日本語で明示し、payload注入型の共通shellを除去する。
SENT-1493,exceptions,例外判断で参照する条件は次のとおりです: 評価対象は1980年代の比較的小さな英語文書集合であるため／現在の日本語業務データではBM25などを含む基準を改めて測ります。当該規則を評価するgold evidenceがないslice、標本不足のslice、負荷条件が異なるrunは合否集計から分離し、他sliceの平均結果を外挿しない。,評価対象は1980年代の比較的小さな英語文書集合であるため、現在の日本語業務データではBM25などを含む基準を改めて測ることを定める評価・採否規則の例外として、判定に必要なgold evidenceがないslice、標本不足のslice、負荷条件が異なるrunは合否集計から分離し、他sliceの平均結果を外挿しない。,SENT-1493の主体、観測方法、合格条件または例外契機を通常の日本語で明示し、payload注入型の共通shellを除去する。
SENT-1493,verdict_reason,評価対象は1980年代の比較的小さな英語文書集合であるため、現在の日本語業務データではBM25などを含む基準を改めて測ります。 この記述は 評価対象は1980年代の比較的小さな英語文書集合であるため／現在の日本語業務データではBM25などを含む基準を改めて測ります を本ガイドの設計・評価・運用へ適用する規則で、外部研究の効果を一般化する文ではありません。履行を 検証対象は次の条件です: 評価対象は1980年代の比較的小さな英語文書集合であるため／現在の日本語業務データではBM25などを含む基準を改めて測ります。本文に列挙した対象・条件・指標を個別fieldへ保存し、同一runの実装結果または評価結果と一致することを確認する。 により観測し、適用除外を 例外判断で参照する条件は次のとおりです: 評価対象は1980年代の比較的小さな英語文書集合であるため／現在の日本語業務データではBM25などを含む基準を改めて測ります。当該規則を評価するgold evidenceがないslice、標本不足のslice、負荷条件が異なるrunは合否集計から分離し、他sliceの平均結果を外挿しない。 に限定できるため、APPROPRIATE_NORMATIVEと判定します。,評価対象は1980年代の比較的小さな英語文書集合であるため、現在の日本語業務データではBM25などを含む基準を改めて測ります。 判断対象は、評価対象は1980年代の比較的小さな英語文書集合であるため、現在の日本語業務データではBM25などを含む基準を改めて測ることを定める評価・採否規則です。外部資料から一般的な効果を導くのではなく、次の検査を受入条件とします。評価対象は1980年代の比較的小さな英語文書集合であるため、現在の日本語業務データではBM25などを含む基準を改めて測ることを定める評価・採否規則について、本文に列挙した対象・条件・指標を個別fieldへ保存し、同一runの実装結果または評価結果と一致することを確認する。 適用除外は次の場合に限定します。評価対象は1980年代の比較的小さな英語文書集合であるため、現在の日本語業務データではBM25などを含む基準を改めて測ることを定める評価・採否規則の例外として、判定に必要なgold evidenceがないslice、標本不足のslice、負荷条件が異なるrunは合否集計から分離し、他sliceの平均結果を外挿しない。 受入条件と例外境界を台帳で検査できるため、APPROPRIATE_NORMATIVEと判定します。,SENT-1493の規則種別、受入条件、例外境界を完成した日本語で説明し、slash連結された理由文を除去する。
SENT-1530,verdict_reason,Document Expansion by Query Predictionは、文書に対して想定される質問を生成し、文書表現へ追加する方法です。 検証対象として Document Expansion by Query Predictionは／各documentから想定queryを生成し／その生成textをdocument表現へ追加してretrievalに用いる手法です を区別し、この文が断定する generation=true と関係 NOT_APPLICABLE について、資料候補の記録は SRC-062 https://arxiv.org/abs/1904.08375 — abstract inspected 2026-08-15; 現主張への直接locatorは未確定 ですが、現主張を再特定する直接locatorは未確定です。そこで主体・対象・条件を保った Document Expansion by Query Predictionは、各documentから想定queryを生成し、その生成textをdocument表現へ追加してretrievalに用いる手法です。 へ変更し、未確認の一般化または因果を本文から外すためREWRITE_REQUIREDと判定します。,Document Expansion by Query Predictionは、文書に対して想定される質問を生成し、文書表現へ追加する方法です。 判断対象は、Document Expansion by Query Predictionは、各documentから想定queryを生成し、その生成textをdocument表現へ追加してretrievalに用いる手法であることに限定した修正です。現文のgeneration=trueと関係NOT_APPLICABLEには、候補資料は記録されていますが、現主張を再特定する直接locatorは未確定です。修正後は次の文とします。Document Expansion by Query Predictionは、各documentから想定queryを生成し、その生成textをdocument表現へ追加してretrievalに用いる手法です。 この限定で主体・対象・条件を保ちながら未確認の一般化または因果を除くため、REWRITE_REQUIREDと判定します。,SENT-1530の規則種別、受入条件、例外境界を完成した日本語で説明し、slash連結された理由文を除去する。
SENT-1534,normative_criteria,検証対象は次の条件です: 原文だけのBM25と同じ評価質問で比較し／必要根拠の回収率と不要な候補の差を確認します。当該規則に含まれるretriever、candidate数、rank処理を固定したtest queryを実行し、統合前後のcandidate ID・rank・score変換が記述した順序と選択規則に一致することを確認する。,原文だけのBM25と同じ評価質問で比較し、必要根拠の回収率と不要な候補の差を確認することを定める評価・採否規則について、この規則に含まれるretriever、candidate数、rank処理を固定したtest queryを実行し、統合前後のcandidate ID・rank・score変換が記述した順序と選択規則に一致することを確認する。,SENT-1534の主体、観測方法、合格条件または例外契機を通常の日本語で明示し、payload注入型の共通shellを除去する。
SENT-1534,exceptions,例外判断で参照する条件は次のとおりです: 原文だけのBM25と同じ評価質問で比較し／必要根拠の回収率と不要な候補の差を確認します。当該規則の初期値・候補は対象datasetで再調整できるが、変更値、baseline、採用理由を同じresult tableへ残し、未比較の値を既定値として固定しない。,原文だけのBM25と同じ評価質問で比較し、必要根拠の回収率と不要な候補の差を確認することを定める評価・採否規則の例外として、初期値・候補は対象datasetで再調整できるが、変更値、baseline、採用理由を同じresult tableへ残し、未比較の値を既定値として固定しない。,SENT-1534の主体、観測方法、合格条件または例外契機を通常の日本語で明示し、payload注入型の共通shellを除去する。
SENT-1534,verdict_reason,原文だけのBM25と同じ評価質問で比較し、必要根拠の回収率と不要な候補の差を確認します。 この記述は 原文だけのBM25と同じ評価質問で比較し／必要根拠の回収率と不要な候補の差を確認します を本ガイドの設計・評価・運用へ適用する規則で、外部研究の効果を一般化する文ではありません。履行を 検証対象は次の条件です: 原文だけのBM25と同じ評価質問で比較し／必要根拠の回収率と不要な候補の差を確認します。当該規則に含まれるretriever、candidate数、rank処理を固定したtest queryを実行し、統合前後のcandidate ID・rank・score変換が記述した順序と選択規則に一致することを確認する。 により観測し、適用除外を 例外判断で参照する条件は次のとおりです: 原文だけのBM25と同じ評価質問で比較し／必要根拠の回収率と不要な候補の差を確認します。当該規則の初期値・候補は対象datasetで再調整できるが、変更値、baseline、採用理由を同じresult tableへ残し、未比較の値を既定値として固定しない。 に限定できるため、APPROPRIATE_NORMATIVEと判定します。,原文だけのBM25と同じ評価質問で比較し、必要根拠の回収率と不要な候補の差を確認します。 判断対象は、原文だけのBM25と同じ評価質問で比較し、必要根拠の回収率と不要な候補の差を確認することを定める評価・採否規則です。外部資料から一般的な効果を導くのではなく、次の検査を受入条件とします。原文だけのBM25と同じ評価質問で比較し、必要根拠の回収率と不要な候補の差を確認することを定める評価・採否規則について、この規則に含まれるretriever、candidate数、rank処理を固定したtest queryを実行し、統合前後のcandidate ID・rank・score変換が記述した順序と選択規則に一致することを確認する。 適用除外は次の場合に限定します。原文だけのBM25と同じ評価質問で比較し、必要根拠の回収率と不要な候補の差を確認することを定める評価・採否規則の例外として、初期値・候補は対象datasetで再調整できるが、変更値、baseline、採用理由を同じresult tableへ残し、未比較の値を既定値として固定しない。 受入条件と例外境界を台帳で検査できるため、APPROPRIATE_NORMATIVEと判定します。,SENT-1534の規則種別、受入条件、例外境界を完成した日本語で説明し、slash連結された理由文を除去する。
SENT-1537,verdict_reason,SPLADEは、Transformerという構造の言語モデルから語彙単位の疎な表現を作り、第一段階検索へ利用しました。 検証対象として SPLADE論文は／Transformer modelから語彙次元のsparse representationを生成し／first-stage rankingへ用いる構成を提案しています を区別し、この文が断定する generation=true と関係 NOT_APPLICABLE について、資料候補の記録は SRC-068 https://arxiv.org/abs/2107.05720 — abstract inspected 2026-08-15; 現主張への直接locatorは未確定 ですが、現主張を再特定する直接locatorは未確定です。そこで主体・対象・条件を保った SPLADE論文は、Transformer modelから語彙次元のsparse representationを生成し、first-stage rankingへ用いる構成を提案しています。 へ変更し、未確認の一般化または因果を本文から外すためREWRITE_REQUIREDと判定します。,SPLADEは、Transformerという構造の言語モデルから語彙単位の疎な表現を作り、第一段階検索へ利用しました。 判断対象は、SPLADE論文は、Transformer modelから語彙次元のsparse representationを生成し、first-stage rankingへ用いる構成を提案していることに限定した修正です。現文のgeneration=trueと関係NOT_APPLICABLEには、候補資料は記録されていますが、現主張を再特定する直接locatorは未確定です。修正後は次の文とします。SPLADE論文は、Transformer modelから語彙次元のsparse representationを生成し、first-stage rankingへ用いる構成を提案しています。 この限定で主体・対象・条件を保ちながら未確認の一般化または因果を除くため、REWRITE_REQUIREDと判定します。,SENT-1537の規則種別、受入条件、例外境界を完成した日本語で説明し、slash連結された理由文を除去する。
SENT-1540,verdict_reason,学習型疎検索の分野適応では、対象分野の語彙追加、追加学習、IDF補正によって、評価した五つの専門データセットでSPLADE系の検索を改善しました。 検証対象として SPLADE系retrievalのdomain adaptation研究は／domain vocabularyの追加／追加学習／IDF補正を組み合わせ／対象とした五つの専門datasetで改善を報告しています を区別し、この文が断定する evaluation=true と関係 NOT_APPLICABLE について、資料候補の記録は SRC-071 https://aclanthology.org/2022.aacl-main.57/ — abstract inspected 2026-08-15; 現主張への直接locatorは未確定; SRC-068 https://arxiv.org/abs/2107.05720 — abstract inspected 2026-08-15; 現主張への直接locatorは未確定 ですが、現主張を再特定する直接locatorは未確定です。そこで主体・対象・条件を保った SPLADE系retrievalのdomain adaptation研究は、domain vocabularyの追加、追加学習、IDF補正を組み合わせ、対象とした五つの専門datasetで改善を報告しています。 へ変更し、未確認の一般化または因果を本文から外すためREWRITE_REQUIREDと判定します。,学習型疎検索の分野適応では、対象分野の語彙追加、追加学習、IDF補正によって、評価した五つの専門データセットでSPLADE系の検索を改善しました。 判断対象は、SPLADE系retrievalのdomain adaptation研究は、domain vocabularyの追加、追加学習、IDF補正を組み合わせ、対象とした五つの専門datasetで改善を報告していることに限定した修正です。現文のevaluation=trueと関係NOT_APPLICABLEには、候補資料は記録されていますが、現主張を再特定する直接locatorは未確定です。修正後は次の文とします。SPLADE系retrievalのdomain adaptation研究は、domain vocabularyの追加、追加学習、IDF補正を組み合わせ、対象とした五つの専門datasetで改善を報告しています。 この限定で主体・対象・条件を保ちながら未確認の一般化または因果を除くため、REWRITE_REQUIREDと判定します。,SENT-1540の規則種別、受入条件、例外境界を完成した日本語で説明し、slash連結された理由文を除去する。
SENT-1545,normative_criteria,検証対象は次の条件です: BM25を置き換える前提にせず／追加の検索器として検索表現に含める語の少なさ／検索品質／応答時間／追加学習していない分野での性能を比較します。本文に列挙した対象・条件・指標を個別fieldへ保存し、同一runの実装結果または評価結果と一致することを確認する。,BM25を置き換える前提にせず、追加の検索器として検索表現に含める語の少なさ、検索品質、応答時間、追加学習していない分野での性能を比較することを定める評価・採否規則について、本文に列挙した対象・条件・指標を個別fieldへ保存し、同一runの実装結果または評価結果と一致することを確認する。,SENT-1545の主体、観測方法、合格条件または例外契機を通常の日本語で明示し、payload注入型の共通shellを除去する。
SENT-1545,exceptions,例外判断で参照する条件は次のとおりです: BM25を置き換える前提にせず／追加の検索器として検索表現に含める語の少なさ／検索品質／応答時間／追加学習していない分野での性能を比較します。当該規則を評価するgold evidenceがないslice、標本不足のslice、負荷条件が異なるrunは合否集計から分離し、他sliceの平均結果を外挿しない。,BM25を置き換える前提にせず、追加の検索器として検索表現に含める語の少なさ、検索品質、応答時間、追加学習していない分野での性能を比較することを定める評価・採否規則の例外として、判定に必要なgold evidenceがないslice、標本不足のslice、負荷条件が異なるrunは合否集計から分離し、他sliceの平均結果を外挿しない。,SENT-1545の主体、観測方法、合格条件または例外契機を通常の日本語で明示し、payload注入型の共通shellを除去する。
SENT-1545,verdict_reason,BM25を置き換える前提にせず、追加の検索器として検索表現に含める語の少なさ、検索品質、応答時間、追加学習していない分野での性能を比較します。 この記述は BM25を置き換える前提にせず／追加の検索器として検索表現に含める語の少なさ／検索品質／応答時間／追加学習していない分野での性能を比較します を本ガイドの設計・評価・運用へ適用する規則で、外部研究の効果を一般化する文ではありません。履行を 検証対象は次の条件です: BM25を置き換える前提にせず／追加の検索器として検索表現に含める語の少なさ／検索品質／応答時間／追加学習していない分野での性能を比較します。本文に列挙した対象・条件・指標を個別fieldへ保存し、同一runの実装結果または評価結果と一致することを確認する。 により観測し、適用除外を 例外判断で参照する条件は次のとおりです: BM25を置き換える前提にせず／追加の検索器として検索表現に含める語の少なさ／検索品質／応答時間／追加学習していない分野での性能を比較します。当該規則を評価するgold evidenceがないslice、標本不足のslice、負荷条件が異なるrunは合否集計から分離し、他sliceの平均結果を外挿しない。 に限定できるため、APPROPRIATE_NORMATIVEと判定します。,BM25を置き換える前提にせず、追加の検索器として検索表現に含める語の少なさ、検索品質、応答時間、追加学習していない分野での性能を比較します。 判断対象は、BM25を置き換える前提にせず、追加の検索器として検索表現に含める語の少なさ、検索品質、応答時間、追加学習していない分野での性能を比較することを定める評価・採否規則です。外部資料から一般的な効果を導くのではなく、次の検査を受入条件とします。BM25を置き換える前提にせず、追加の検索器として検索表現に含める語の少なさ、検索品質、応答時間、追加学習していない分野での性能を比較することを定める評価・採否規則について、本文に列挙した対象・条件・指標を個別fieldへ保存し、同一runの実装結果または評価結果と一致することを確認する。 適用除外は次の場合に限定します。BM25を置き換える前提にせず、追加の検索器として検索表現に含める語の少なさ、検索品質、応答時間、追加学習していない分野での性能を比較することを定める評価・採否規則の例外として、判定に必要なgold evidenceがないslice、標本不足のslice、負荷条件が異なるrunは合否集計から分離し、他sliceの平均結果を外挿しない。 受入条件と例外境界を台帳で検査できるため、APPROPRIATE_NORMATIVEと判定します。,SENT-1545の規則種別、受入条件、例外境界を完成した日本語で説明し、slash連結された理由文を除去する。
SENT-1549,normative_criteria,検証対象は次の条件です: 密検索は／学習済みの意味空間で質問と文書を比較し／語の一致だけでは取得できない候補を探します。当該規則に含まれるretriever、candidate数、rank処理を固定したtest queryを実行し、統合前後のcandidate ID・rank・score変換が記述した順序と選択規則に一致することを確認する。,密検索は、学習済みの意味空間で質問と文書を比較し、語の一致だけでは取得できない候補を探することを定める評価・採否規則について、この規則に含まれるretriever、candidate数、rank処理を固定したtest queryを実行し、統合前後のcandidate ID・rank・score変換が記述した順序と選択規則に一致することを確認する。,SENT-1549の主体、観測方法、合格条件または例外契機を通常の日本語で明示し、payload注入型の共通shellを除去する。
SENT-1549,exceptions,例外判断で参照する条件は次のとおりです: 密検索は／学習済みの意味空間で質問と文書を比較し／語の一致だけでは取得できない候補を探します。当該規則の初期値・候補は対象datasetで再調整できるが、変更値、baseline、採用理由を同じresult tableへ残し、未比較の値を既定値として固定しない。,密検索は、学習済みの意味空間で質問と文書を比較し、語の一致だけでは取得できない候補を探することを定める評価・採否規則の例外として、初期値・候補は対象datasetで再調整できるが、変更値、baseline、採用理由を同じresult tableへ残し、未比較の値を既定値として固定しない。,SENT-1549の主体、観測方法、合格条件または例外契機を通常の日本語で明示し、payload注入型の共通shellを除去する。
SENT-1549,verdict_reason,密検索は、学習済みの意味空間で質問と文書を比較し、語の一致だけでは取得できない候補を探します。 この記述は 密検索は／学習済みの意味空間で質問と文書を比較し／語の一致だけでは取得できない候補を探します を本ガイドの設計・評価・運用へ適用する規則で、外部研究の効果を一般化する文ではありません。履行を 検証対象は次の条件です: 密検索は／学習済みの意味空間で質問と文書を比較し／語の一致だけでは取得できない候補を探します。当該規則に含まれるretriever、candidate数、rank処理を固定したtest queryを実行し、統合前後のcandidate ID・rank・score変換が記述した順序と選択規則に一致することを確認する。 により観測し、適用除外を 例外判断で参照する条件は次のとおりです: 密検索は／学習済みの意味空間で質問と文書を比較し／語の一致だけでは取得できない候補を探します。当該規則の初期値・候補は対象datasetで再調整できるが、変更値、baseline、採用理由を同じresult tableへ残し、未比較の値を既定値として固定しない。 に限定できるため、APPROPRIATE_NORMATIVEと判定します。,密検索は、学習済みの意味空間で質問と文書を比較し、語の一致だけでは取得できない候補を探します。 判断対象は、密検索は、学習済みの意味空間で質問と文書を比較し、語の一致だけでは取得できない候補を探することを定める評価・採否規則です。外部資料から一般的な効果を導くのではなく、次の検査を受入条件とします。密検索は、学習済みの意味空間で質問と文書を比較し、語の一致だけでは取得できない候補を探することを定める評価・採否規則について、この規則に含まれるretriever、candidate数、rank処理を固定したtest queryを実行し、統合前後のcandidate ID・rank・score変換が記述した順序と選択規則に一致することを確認する。 適用除外は次の場合に限定します。密検索は、学習済みの意味空間で質問と文書を比較し、語の一致だけでは取得できない候補を探することを定める評価・採否規則の例外として、初期値・候補は対象datasetで再調整できるが、変更値、baseline、採用理由を同じresult tableへ残し、未比較の値を既定値として固定しない。 受入条件と例外境界を台帳で検査できるため、APPROPRIATE_NORMATIVEと判定します。,SENT-1549の規則種別、受入条件、例外境界を完成した日本語で説明し、slash連結された理由文を除去する。
SENT-1554,normative_criteria,検証対象は次の条件です: 結果は学習データと評価条件に依存し／すべての業務で疎検索を上回ることを意味しません。本文に列挙した対象・条件・指標を個別fieldへ保存し、同一runの実装結果または評価結果と一致することを確認する。,結果は学習データと評価条件に依存し、すべての業務で疎検索を上回ることを意味しないことを定める評価・採否規則について、本文に列挙した対象・条件・指標を個別fieldへ保存し、同一runの実装結果または評価結果と一致することを確認する。,SENT-1554の主体、観測方法、合格条件または例外契機を通常の日本語で明示し、payload注入型の共通shellを除去する。
SENT-1554,exceptions,例外判断で参照する条件は次のとおりです: 結果は学習データと評価条件に依存し／すべての業務で疎検索を上回ることを意味しません。当該規則を評価するgold evidenceがないslice、標本不足のslice、負荷条件が異なるrunは合否集計から分離し、他sliceの平均結果を外挿しない。,結果は学習データと評価条件に依存し、すべての業務で疎検索を上回ることを意味しないことを定める評価・採否規則の例外として、判定に必要なgold evidenceがないslice、標本不足のslice、負荷条件が異なるrunは合否集計から分離し、他sliceの平均結果を外挿しない。,SENT-1554の主体、観測方法、合格条件または例外契機を通常の日本語で明示し、payload注入型の共通shellを除去する。
SENT-1554,verdict_reason,結果は学習データと評価条件に依存し、すべての業務で疎検索を上回ることを意味しません。 この記述は 結果は学習データと評価条件に依存し／すべての業務で疎検索を上回ることを意味しません を本ガイドの設計・評価・運用へ適用する規則で、外部研究の効果を一般化する文ではありません。履行を 検証対象は次の条件です: 結果は学習データと評価条件に依存し／すべての業務で疎検索を上回ることを意味しません。本文に列挙した対象・条件・指標を個別fieldへ保存し、同一runの実装結果または評価結果と一致することを確認する。 により観測し、適用除外を 例外判断で参照する条件は次のとおりです: 結果は学習データと評価条件に依存し／すべての業務で疎検索を上回ることを意味しません。当該規則を評価するgold evidenceがないslice、標本不足のslice、負荷条件が異なるrunは合否集計から分離し、他sliceの平均結果を外挿しない。 に限定できるため、APPROPRIATE_NORMATIVEと判定します。,結果は学習データと評価条件に依存し、すべての業務で疎検索を上回ることを意味しません。 判断対象は、結果は学習データと評価条件に依存し、すべての業務で疎検索を上回ることを意味しないことを定める評価・採否規則です。外部資料から一般的な効果を導くのではなく、次の検査を受入条件とします。結果は学習データと評価条件に依存し、すべての業務で疎検索を上回ることを意味しないことを定める評価・採否規則について、本文に列挙した対象・条件・指標を個別fieldへ保存し、同一runの実装結果または評価結果と一致することを確認する。 適用除外は次の場合に限定します。結果は学習データと評価条件に依存し、すべての業務で疎検索を上回ることを意味しないことを定める評価・採否規則の例外として、判定に必要なgold evidenceがないslice、標本不足のslice、負荷条件が異なるrunは合否集計から分離し、他sliceの平均結果を外挿しない。 受入条件と例外境界を台帳で検査できるため、APPROPRIATE_NORMATIVEと判定します。,SENT-1554の規則種別、受入条件、例外境界を完成した日本語で説明し、slash連結された理由文を除去する。
SENT-1555,verdict_reason,ベクトルの類似度は、文章の真偽、情報源の信頼度、文書の鮮度、利用者の権限を表しません。 この記述は ベクトルの類似度は／文章の真偽／情報源の信頼度／文書の鮮度／利用者の権限を表しません を本ガイドの設計・評価・運用へ適用する規則で、外部研究の効果を一般化する文ではありません。履行を 高いvector similarityを持つが偽、低信頼、期限切れ、非許可のdocument fixtureを用い、similarity scoreだけではtruth、source trust、freshness、authorizationのいずれも合格にならないことを確認する。 により観測し、適用除外を similarityをcandidate収集へ使うことはできるが、truth/trust/freshness/authorizationの各判定を同じscoreで代替しない。 に限定できるため、APPROPRIATE_NORMATIVEと判定します。,ベクトルの類似度は、文章の真偽、情報源の信頼度、文書の鮮度、利用者の権限を表しません。 判断対象は、ベクトルの類似度は、文章の真偽、情報源の信頼度、文書の鮮度、利用者の権限を表しないことを定める安全性・アクセス制御規則です。外部資料から一般的な効果を導くのではなく、次の検査を受入条件とします。高いvector similarityを持つが偽、低信頼、期限切れ、非許可のdocument fixtureを用い、similarity scoreだけではtruth、source trust、freshness、authorizationのいずれも合格にならないことを確認する。 適用除外は次の場合に限定します。similarityをcandidate収集へ使うことはできるが、truth/trust/freshness/authorizationの各判定を同じscoreで代替しない。 受入条件と例外境界を台帳で検査できるため、APPROPRIATE_NORMATIVEと判定します。,SENT-1555の規則種別、受入条件、例外境界を完成した日本語で説明し、slash連結された理由文を除去する。
SENT-1561,verdict_reason,Sentence-BERTのように、質問と文書で同種の符号化器を共有する構成もあります。 検証対象として Sentence-BERTは／比較対象としたsentence-pair taskで／二つの入力を同種のencoderへ通してembeddingを得るsiamese構成を採用しています を区別し、この文が断定する UNFORMALIZED_NATURAL_LANGUAGE_CLAIM と関係 NOT_APPLICABLE について、資料候補の記録は SRC-042 https://arxiv.org/abs/1908.10084 — abstract inspected 2026-08-15; 現主張への直接locatorは未確定 ですが、現主張を再特定する直接locatorは未確定です。そこで主体・対象・条件を保った Sentence-BERTは、比較対象としたsentence-pair taskで、二つの入力を同種のencoderへ通してembeddingを得るsiamese構成を採用しています。 へ変更し、未確認の一般化または因果を本文から外すためREWRITE_REQUIREDと判定します。,Sentence-BERTのように、質問と文書で同種の符号化器を共有する構成もあります。 判断対象は、Sentence-BERTは、比較対象としたsentence-pair taskで、二つの入力を同種のencoderへ通してembeddingを得るsiamese構成を採用していることに限定した修正です。現文のUNFORMALIZED_NATURAL_LANGUAGE_CLAIMと関係NOT_APPLICABLEには、候補資料は記録されていますが、現主張を再特定する直接locatorは未確定です。修正後は次の文とします。Sentence-BERTは、比較対象としたsentence-pair taskで、二つの入力を同種のencoderへ通してembeddingを得るsiamese構成を採用しています。 この限定で主体・対象・条件を保ちながら未確認の一般化または因果を除くため、REWRITE_REQUIREDと判定します。,SENT-1561の規則種別、受入条件、例外境界を完成した日本語で説明し、slash連結された理由文を除去する。
SENT-1563,verdict_reason,二塔型符号化器で広く候補を回収し、交差符号化器で少数候補を再順位付けする役割分担ができます。 検証対象として two-tower encoderをfirst-stage retrievalに／cross-encoderを少数candidateのrerankingに割り当てる二段階構成を採用できます を区別し、この文が断定する rerank=true と関係 NOT_APPLICABLE について、資料候補の記録は SRC-043 https://arxiv.org/abs/2004.04906 — abstract inspected 2026-08-15; 現主張への直接locatorは未確定 ですが、現主張を再特定する直接locatorは未確定です。そこで主体・対象・条件を保った two-tower encoderをfirst-stage retrievalに、cross-encoderを少数candidateのrerankingに割り当てる二段階構成を採用できます。 へ変更し、未確認の一般化または因果を本文から外すためREWRITE_REQUIREDと判定します。,二塔型符号化器で広く候補を回収し、交差符号化器で少数候補を再順位付けする役割分担ができます。 判断対象は、two-tower encoderをfirst-stage retrievalに、cross-encoderを少数candidateのrerankingに割り当てる二段階構成を採用できることに限定した修正です。現文のrerank=trueと関係NOT_APPLICABLEには、候補資料は記録されていますが、現主張を再特定する直接locatorは未確定です。修正後は次の文とします。two-tower encoderをfirst-stage retrievalに、cross-encoderを少数candidateのrerankingに割り当てる二段階構成を採用できます。 この限定で主体・対象・条件を保ちながら未確認の一般化または因果を除くため、REWRITE_REQUIREDと判定します。,SENT-1563の規則種別、受入条件、例外境界を完成した日本語で説明し、slash連結された理由文を除去する。
SENT-1564,verdict_reason,図4-5は、上段の質問と下段の各文書を別々の符号化器でベクトルへ変換し、中央右の類似度で比べる流れです。 この記述は 本ガイドでは／図4-5を「上段の質問と下段の各文書を別々の符号化器でベクトルへ変換し／中央右の類似度で比べる流れ」として用います を本ガイドの設計・評価・運用へ適用する規則で、外部研究の効果を一般化する文ではありません。履行を 本ガイドでは、図4-5を「上段の質問と下段の各文書を別々の符号化器でベクトルへ変換し、中央右の類似度で比べる流れ」として用います。 図4-5の上段をquery encoder入力、下段をdocument encoder入力、中央右をvector similarityとしてfigure legendと本文の対応を照合します。 により観測し、適用除外を 本ガイドでは、図4-5を「上段の質問と下段の各文書を別々の符号化器でベクトルへ変換し、中央右の類似度で比べる流れ」として用います。 encoderを共有する実装を説明する場合は図4-5の二つの入力経路と区別し、共有parameterであることをcaptionへ追記します。 に限定できるため、APPROPRIATE_NORMATIVEと判定します。,図4-5は、上段の質問と下段の各文書を別々の符号化器でベクトルへ変換し、中央右の類似度で比べる流れです。 判断対象は、本ガイドでは、図4-5を「上段の質問と下段の各文書を別々の符号化器でベクトルへ変換し、中央右の類似度で比べる流れ」として用いることを定める用語・工程定義です。外部資料から一般的な効果を導くのではなく、次の検査を受入条件とします。本ガイドでは、図4-5を「上段の質問と下段の各文書を別々の符号化器でベクトルへ変換し、中央右の類似度で比べる流れ」として用います。 図4-5の上段をquery encoder入力、下段をdocument encoder入力、中央右をvector similarityとしてfigure legendと本文の対応を照合します。 適用除外は次の場合に限定します。本ガイドでは、図4-5を「上段の質問と下段の各文書を別々の符号化器でベクトルへ変換し、中央右の類似度で比べる流れ」として用います。 encoderを共有する実装を説明する場合は図4-5の二つの入力経路と区別し、共有parameterであることをcaptionへ追記します。 受入条件と例外境界を台帳で検査できるため、APPROPRIATE_NORMATIVEと判定します。,SENT-1564の規則種別、受入条件、例外境界を完成した日本語で説明し、slash連結された理由文を除去する。
SENT-1575,verdict_reason,MTEBは、検索、分類、類似度など、多様な課題を同じ枠組みで比べる埋め込みモデルの評価基盤です。 検証対象として MTEBは／収録した検索／分類／意味類似などのtaskを共通protocolで比較するembedding model評価基盤です を区別し、この文が断定する embedding_model=true と関係 NOT_APPLICABLE について、資料候補の記録は SRC-044 https://arxiv.org/abs/2210.07316 — abstract inspected 2026-08-15; 現主張への直接locatorは未確定 ですが、現主張を再特定する直接locatorは未確定です。そこで主体・対象・条件を保った MTEBは、収録した検索、分類、意味類似などのtaskを共通protocolで比較するembedding model評価基盤です。 へ変更し、未確認の一般化または因果を本文から外すためREWRITE_REQUIREDと判定します。,MTEBは、検索、分類、類似度など、多様な課題を同じ枠組みで比べる埋め込みモデルの評価基盤です。 判断対象は、MTEBは、収録した検索、分類、意味類似などのtaskを共通protocolで比較するembedding model評価基盤であることに限定した修正です。現文のembedding_model=trueと関係NOT_APPLICABLEには、候補資料は記録されていますが、現主張を再特定する直接locatorは未確定です。修正後は次の文とします。MTEBは、収録した検索、分類、意味類似などのtaskを共通protocolで比較するembedding model評価基盤です。 この限定で主体・対象・条件を保ちながら未確認の一般化または因果を除くため、REWRITE_REQUIREDと判定します。,SENT-1575の規則種別、受入条件、例外境界を完成した日本語で説明し、slash連結された理由文を除去する。
SENT-1588,verdict_reason,質問ベクトルを一時保存する際の識別子にも契約版を含めます。 この記述は 質問ベクトルを一時保存する際の識別子にも契約版を含めます を本ガイドの設計・評価・運用へ適用する規則で、外部研究の効果を一般化する文ではありません。履行を 一時保存するquery vectorのcache keyにembedding contract versionを含め、同じqueryでもcontract versionが異なれば別entryになることを確認する。 により観測し、適用除外を contractの全構成要素と出力vectorが同一であることを検証したalias versionだけは同一cache entryへ写像できる。 に限定できるため、APPROPRIATE_NORMATIVEと判定します。,質問ベクトルを一時保存する際の識別子にも契約版を含めます。 判断対象は、質問ベクトルを一時保存する際の識別子にも契約版を含めることを定める追跡性・証跡管理規則です。外部資料から一般的な効果を導くのではなく、次の検査を受入条件とします。一時保存するquery vectorのcache keyにembedding contract versionを含め、同じqueryでもcontract versionが異なれば別entryになることを確認する。 適用除外は次の場合に限定します。contractの全構成要素と出力vectorが同一であることを検証したalias versionだけは同一cache entryへ写像できる。 受入条件と例外境界を台帳で検査できるため、APPROPRIATE_NORMATIVEと判定します。,SENT-1588の規則種別、受入条件、例外境界を完成した日本語で説明し、slash連結された理由文を除去する。
SENT-1590,verdict_reason,長い文書が切り捨てられた場合、末尾の重要情報が埋め込みへ入っていない可能性があります。 検証対象として 長い文書をモデルの入力上限で切り捨てる構成では／末尾の重要情報が埋め込みへ入らない可能性があるため／切り捨て位置と未入力範囲を検査します を区別し、この文が断定する UNFORMALIZED_NATURAL_LANGUAGE_CLAIM と関係 UNFORMALIZED について、資料候補の記録は SRC-002 https://aclanthology.org/2020.emnlp-main.550/ — abstract inspected 2026-08-15; 現主張への直接locatorは未確定; SRC-005 https://doi.org/10.1561/1500000019 — primary_page inspected 2026-08-15; 現主張への直接locatorは未確定; SRC-042 https://arxiv.org/abs/1908.10084 — abstract inspected 2026-08-15; 現主張への直接locatorは未確定 ですが、現主張を再特定する直接locatorは未確定です。そこで主体・対象・条件を保った 長い文書をモデルの入力上限で切り捨てる構成では、末尾の重要情報が埋め込みへ入らない可能性があるため、切り捨て位置と未入力範囲を検査します。 へ変更し、未確認の一般化または因果を本文から外すためREWRITE_REQUIREDと判定します。,長い文書が切り捨てられた場合、末尾の重要情報が埋め込みへ入っていない可能性があります。 判断対象は、長い文書をモデルの入力上限で切り捨てる構成では、末尾の重要情報が埋め込みへ入らない可能性があるため、切り捨て位置と未入力範囲を検査することに限定した修正です。現文のUNFORMALIZED_NATURAL_LANGUAGE_CLAIMと関係UNFORMALIZEDには、候補資料は記録されていますが、現主張を再特定する直接locatorは未確定です。修正後は次の文とします。長い文書をモデルの入力上限で切り捨てる構成では、末尾の重要情報が埋め込みへ入らない可能性があるため、切り捨て位置と未入力範囲を検査します。 この限定で主体・対象・条件を保ちながら未確認の一般化または因果を除くため、REWRITE_REQUIREDと判定します。,SENT-1590の規則種別、受入条件、例外境界を完成した日本語で説明し、slash連結された理由文を除去する。
SENT-1591,normative_criteria,検証対象は次の条件です: 切り捨て件数と影響文書を記録し／チャンク分割または対応する長文モデルを見直します。当該規則で列挙した記録項目を同じrun IDへ保存し、各項目が欠損せず、変更前後の差分をquestionまたはdocument単位で逆引きできることを確認する。,入力上限によるtruncationごとに切り捨てtoken数、document ID、失われたsource spanを記録し、chunkingまたはlong-context modelを変更した再試験でtruncation件数と根拠保持率を確認します。,SENT-1591の主体、観測方法、合格条件または例外契機を通常の日本語で明示し、payload注入型の共通shellを除去する。
SENT-1591,exceptions,例外判断で参照する条件は次のとおりです: 切り捨て件数と影響文書を記録し／チャンク分割または対応する長文モデルを見直します。当該規則を評価するgold evidenceがないslice、標本不足のslice、負荷条件が異なるrunは合否集計から分離し、他sliceの平均結果を外挿しない。,切り捨てspanが空白や重複だけで、gold evidence・条件・例外・citation範囲を含まないことを確認できる場合も、truncation event自体は監査記録から除外しません。,SENT-1591の主体、観測方法、合格条件または例外契機を通常の日本語で明示し、payload注入型の共通shellを除去する。
SENT-1591,verdict_reason,切り捨て件数と影響文書を記録し、チャンク分割または対応する長文モデルを見直します。 この記述は 切り捨て件数と影響文書を記録し／チャンク分割または対応する長文モデルを見直します を本ガイドの設計・評価・運用へ適用する規則で、外部研究の効果を一般化する文ではありません。履行を 検証対象は次の条件です: 切り捨て件数と影響文書を記録し／チャンク分割または対応する長文モデルを見直します。当該規則で列挙した記録項目を同じrun IDへ保存し、各項目が欠損せず、変更前後の差分をquestionまたはdocument単位で逆引きできることを確認する。 により観測し、適用除外を 例外判断で参照する条件は次のとおりです: 切り捨て件数と影響文書を記録し／チャンク分割または対応する長文モデルを見直します。当該規則を評価するgold evidenceがないslice、標本不足のslice、負荷条件が異なるrunは合否集計から分離し、他sliceの平均結果を外挿しない。 に限定できるため、APPROPRIATE_NORMATIVEと判定します。,切り捨て件数と影響文書を記録し、チャンク分割または対応する長文モデルを見直します。 判断対象は、切り捨て件数と影響文書を記録し、チャンク分割または対応する長文モデルを見直すことを定める追跡性・証跡管理規則です。外部資料から一般的な効果を導くのではなく、次の検査を受入条件とします。入力上限によるtruncationごとに切り捨てtoken数、document ID、失われたsource spanを記録し、chunkingまたはlong-context modelを変更した再試験でtruncation件数と根拠保持率を確認します。 適用除外は次の場合に限定します。切り捨てspanが空白や重複だけで、gold evidence・条件・例外・citation範囲を含まないことを確認できる場合も、truncation event自体は監査記録から除外しません。 受入条件と例外境界を台帳で検査できるため、APPROPRIATE_NORMATIVEと判定します。,SENT-1591の規則種別、受入条件、例外境界を完成した日本語で説明し、slash連結された理由文を除去する。
SENT-1604,verdict_reason,LuceneへHNSWを統合した研究は、検索品質だけでなく、インデックス構築時間、保存容量、同時検索の処理量も比較しました。 検証対象として LuceneへHNSWを統合した研究は／同研究のcollectionとhardware条件で／検索品質に加えてindex構築時間／保存容量／concurrent query throughputを比較しています を区別し、この文が断定する temporal_freshness=true と関係 NOT_APPLICABLE について、資料候補の記録は SRC-048 https://arxiv.org/abs/2304.12139 — abstract inspected 2026-08-15; 現主張への直接locatorは未確定; SRC-047 https://arxiv.org/abs/1603.09320 — abstract inspected 2026-08-15; 現主張への直接locatorは未確定 ですが、現主張を再特定する直接locatorは未確定です。そこで主体・対象・条件を保った LuceneへHNSWを統合した研究は、同研究のcollectionとhardware条件で、検索品質に加えてindex構築時間、保存容量、concurrent query throughputを比較しています。 へ変更し、未確認の一般化または因果を本文から外すためREWRITE_REQUIREDと判定します。,LuceneへHNSWを統合した研究は、検索品質だけでなく、インデックス構築時間、保存容量、同時検索の処理量も比較しました。 判断対象は、LuceneへHNSWを統合した研究は、同研究のcollectionとhardware条件で、検索品質に加えてindex構築時間、保存容量、concurrent query throughputを比較していることに限定した修正です。現文のtemporal_freshness=trueと関係NOT_APPLICABLEには、候補資料は記録されていますが、現主張を再特定する直接locatorは未確定です。修正後は次の文とします。LuceneへHNSWを統合した研究は、同研究のcollectionとhardware条件で、検索品質に加えてindex構築時間、保存容量、concurrent query throughputを比較しています。 この限定で主体・対象・条件を保ちながら未確認の一般化または因果を除くため、REWRITE_REQUIREDと判定します。,SENT-1604の規則種別、受入条件、例外境界を完成した日本語で説明し、slash連結された理由文を除去する。
SENT-1613,verdict_reason,全体平均が改善していても、厳しい権限条件、数値・型番、少数の重要質問で必要根拠を落とす場合は合格にしません。 この記述は 全体平均が改善していても／厳しい権限条件／数値・型番／少数の重要質問で必要根拠を落とす場合は合格にしません を本ガイドの設計・評価・運用へ適用する規則で、外部研究の効果を一般化する文ではありません。履行を strict authorization、number/model identifier、少数critical queryをrelease guardrail sliceとして分離し、全体平均が改善しても各sliceのgold evidence Recallが下限未満なら不合格にする。 により観測し、適用除外を annotation誤りが確認されたcritical queryは承認付きでgoldを更新できるが、他sliceの平均改善でcritical missを相殺しない。 に限定できるため、APPROPRIATE_NORMATIVEと判定します。,全体平均が改善していても、厳しい権限条件、数値・型番、少数の重要質問で必要根拠を落とす場合は合格にしません。 判断対象は、全体平均が改善していても、厳しい権限条件、数値・型番、少数の重要質問で必要根拠を落とす場合は合格にしないことを定める安全性・アクセス制御規則です。外部資料から一般的な効果を導くのではなく、次の検査を受入条件とします。strict authorization、number/model identifier、少数critical queryをrelease guardrail sliceとして分離し、全体平均が改善しても各sliceのgold evidence Recallが下限未満なら不合格にする。 適用除外は次の場合に限定します。annotation誤りが確認されたcritical queryは承認付きでgoldを更新できるが、他sliceの平均改善でcritical missを相殺しない。 受入条件と例外境界を台帳で検査できるため、APPROPRIATE_NORMATIVEと判定します。,SENT-1613の規則種別、受入条件、例外境界を完成した日本語で説明し、slash連結された理由文を除去する。
SENT-1615,verdict_reason,認可済みの候補集合が小さい場合は完全探索へ切り替え、処理期限を超えた場合は認可済みの疎検索または統合順位へ戻すか、回答を保留します。 この記述は 認可済みの候補集合が小さい場合は完全探索へ切り替え／処理期限を超えた場合は認可済みの疎検索または統合順位へ戻すか／回答を保留します を本ガイドの設計・評価・運用へ適用する規則で、外部研究の効果を一般化する文ではありません。履行を authorized candidateが少ないfixtureではexact searchへ切り替え、deadline超過fixtureではauthorized sparse/fused rankまたはabstentionへ遷移し、非許可candidateを補充しないことを確認する。 により観測し、適用除外を exact searchが容量上実行不能な場合は承認済みauthorized fallbackまたはabstentionを選ぶが、authorization条件は緩和しない。 に限定できるため、APPROPRIATE_NORMATIVEと判定します。,認可済みの候補集合が小さい場合は完全探索へ切り替え、処理期限を超えた場合は認可済みの疎検索または統合順位へ戻すか、回答を保留します。 判断対象は、認可済みの候補集合が小さい場合は完全探索へ切り替え、処理期限を超えた場合は認可済みの疎検索または統合順位へ戻すか、回答を保留することを定める安全性・アクセス制御規則です。外部資料から一般的な効果を導くのではなく、次の検査を受入条件とします。authorized candidateが少ないfixtureではexact searchへ切り替え、deadline超過fixtureではauthorized sparse/fused rankまたはabstentionへ遷移し、非許可candidateを補充しないことを確認する。 適用除外は次の場合に限定します。exact searchが容量上実行不能な場合は承認済みauthorized fallbackまたはabstentionを選ぶが、authorization条件は緩和しない。 受入条件と例外境界を台帳で検査できるため、APPROPRIATE_NORMATIVEと判定します。,SENT-1615の規則種別、受入条件、例外境界を完成した日本語で説明し、slash連結された理由文を除去する。
SENT-1617,normative_criteria,検証対象は次の条件です: インデックス版／埋め込みモデル／HNSWの設定／フィルター選択率／完全探索との差／切替理由を処理記録へ残します。当該規則に列挙したID、version、artifactを必須schema fieldにし、任意のanswer/citationからsource document、original span、chunk、retrieval rank、configuration versionへ欠損なく到達できることを確認する。,インデックス版、埋め込みモデル、HNSWの設定、フィルター選択率、完全探索との差、切替理由を処理記録へ残すことを定める追跡性・証跡管理規則について、この規則に列挙したID、version、artifactを必須schema fieldにし、任意のanswer/citationからsource document、original span、chunk、retrieval rank、configuration versionへ欠損なく到達できることを確認する。,SENT-1617の主体、観測方法、合格条件または例外契機を通常の日本語で明示し、payload注入型の共通shellを除去する。
SENT-1617,exceptions,例外判断で参照する条件は次のとおりです: インデックス版／埋め込みモデル／HNSWの設定／フィルター選択率／完全探索との差／切替理由を処理記録へ残します。当該規則の値に個人情報または保存期限の制約がある場合は仮名化・分離保管へ置換できるが、source/version/spanを復元する承認済み対応表は保持する。,インデックス版、埋め込みモデル、HNSWの設定、フィルター選択率、完全探索との差、切替理由を処理記録へ残すことを定める追跡性・証跡管理規則の例外として、対象値に個人情報または保存期限の制約がある場合は仮名化・分離保管へ置換できるが、source/version/spanを復元する承認済み対応表は保持する。,SENT-1617の主体、観測方法、合格条件または例外契機を通常の日本語で明示し、payload注入型の共通shellを除去する。
SENT-1617,verdict_reason,インデックス版、埋め込みモデル、HNSWの設定、フィルター選択率、完全探索との差、切替理由を処理記録へ残します。 この記述は インデックス版／埋め込みモデル／HNSWの設定／フィルター選択率／完全探索との差／切替理由を処理記録へ残します を本ガイドの設計・評価・運用へ適用する規則で、外部研究の効果を一般化する文ではありません。履行を 検証対象は次の条件です: インデックス版／埋め込みモデル／HNSWの設定／フィルター選択率／完全探索との差／切替理由を処理記録へ残します。当該規則に列挙したID、version、artifactを必須schema fieldにし、任意のanswer/citationからsource document、original span、chunk、retrieval rank、configuration versionへ欠損なく到達できることを確認する。 により観測し、適用除外を 例外判断で参照する条件は次のとおりです: インデックス版／埋め込みモデル／HNSWの設定／フィルター選択率／完全探索との差／切替理由を処理記録へ残します。当該規則の値に個人情報または保存期限の制約がある場合は仮名化・分離保管へ置換できるが、source/version/spanを復元する承認済み対応表は保持する。 に限定できるため、APPROPRIATE_NORMATIVEと判定します。,インデックス版、埋め込みモデル、HNSWの設定、フィルター選択率、完全探索との差、切替理由を処理記録へ残します。 判断対象は、インデックス版、埋め込みモデル、HNSWの設定、フィルター選択率、完全探索との差、切替理由を処理記録へ残すことを定める追跡性・証跡管理規則です。外部資料から一般的な効果を導くのではなく、次の検査を受入条件とします。インデックス版、埋め込みモデル、HNSWの設定、フィルター選択率、完全探索との差、切替理由を処理記録へ残すことを定める追跡性・証跡管理規則について、この規則に列挙したID、version、artifactを必須schema fieldにし、任意のanswer/citationからsource document、original span、chunk、retrieval rank、configuration versionへ欠損なく到達できることを確認する。 適用除外は次の場合に限定します。インデックス版、埋め込みモデル、HNSWの設定、フィルター選択率、完全探索との差、切替理由を処理記録へ残すことを定める追跡性・証跡管理規則の例外として、対象値に個人情報または保存期限の制約がある場合は仮名化・分離保管へ置換できるが、source/version/spanを復元する承認済み対応表は保持する。 受入条件と例外境界を台帳で検査できるため、APPROPRIATE_NORMATIVEと判定します。,SENT-1617の規則種別、受入条件、例外境界を完成した日本語で説明し、slash連結された理由文を除去する。
SENT-1625,verdict_reason,長い技術文書、専門語、同じ語の異なる文脈で改善が確認できる場合に限定して導入します。 この記述は 長い技術文書／専門語／同じ語の異なる文脈で改善が確認できる場合に限定して導入します を本ガイドの設計・評価・運用へ適用する規則で、外部研究の効果を一般化する文ではありません。履行を 導入候補方式は長文、専門語、同語異義を含む対象query sliceでbaselineより改善し、他の主要sliceとlatency/cost guardrailを悪化させない場合だけ有効化する。 により観測し、適用除外を 三条件を含まない業務で同じ方式を使う場合は別の失敗仮説と評価sliceを定義し、この評価結果を流用しない。 に限定できるため、APPROPRIATE_NORMATIVEと判定します。,長い技術文書、専門語、同じ語の異なる文脈で改善が確認できる場合に限定して導入します。 判断対象は、長い技術文書、専門語、同じ語の異なる文脈で改善が確認できる場合に限定して導入することを定める運用規則です。外部資料から一般的な効果を導くのではなく、次の検査を受入条件とします。導入候補方式は長文、専門語、同語異義を含む対象query sliceでbaselineより改善し、他の主要sliceとlatency/cost guardrailを悪化させない場合だけ有効化する。 適用除外は次の場合に限定します。三条件を含まない業務で同じ方式を使う場合は別の失敗仮説と評価sliceを定義し、この評価結果を流用しない。 受入条件と例外境界を台帳で検査できるため、APPROPRIATE_NORMATIVEと判定します。,SENT-1625の規則種別、受入条件、例外境界を完成した日本語で説明し、slash連結された理由文を除去する。
SENT-1632,normative_criteria,検証対象は次の条件です: 重複候補を安定IDで統合し／最終引用は一致したベクトルではなく／対応する原文範囲へ結び付けます。当該規則で使用するhashまたはstable IDを同一入力と変更入力から生成し、同一入力は同じID、source/version/spanが異なる入力は別IDとなり、deduplication結果を逆引きできることを確認する。,重複候補を安定IDで統合し、最終引用は一致したベクトルではなく、対応する原文範囲へ結び付けることを定める検索・経路選択規則について、この規則で使用するhashまたはstable IDを同一入力と変更入力から生成し、同一入力は同じID、source/version/spanが異なる入力は別IDとなり、deduplication結果を逆引きできることを確認する。,SENT-1632の主体、観測方法、合格条件または例外契機を通常の日本語で明示し、payload注入型の共通shellを除去する。
SENT-1632,exceptions,例外判断で参照する条件は次のとおりです: 重複候補を安定IDで統合し／最終引用は一致したベクトルではなく／対応する原文範囲へ結び付けます。当該規則の値に個人情報または保存期限の制約がある場合は仮名化・分離保管へ置換できるが、source/version/spanを復元する承認済み対応表は保持する。,重複候補を安定IDで統合し、最終引用は一致したベクトルではなく、対応する原文範囲へ結び付けることを定める検索・経路選択規則の例外として、対象値に個人情報または保存期限の制約がある場合は仮名化・分離保管へ置換できるが、source/version/spanを復元する承認済み対応表は保持する。,SENT-1632の主体、観測方法、合格条件または例外契機を通常の日本語で明示し、payload注入型の共通shellを除去する。
SENT-1632,verdict_reason,重複候補を安定IDで統合し、最終引用は一致したベクトルではなく、対応する原文範囲へ結び付けます。 この記述は 重複候補を安定IDで統合し／最終引用は一致したベクトルではなく／対応する原文範囲へ結び付けます を本ガイドの設計・評価・運用へ適用する規則で、外部研究の効果を一般化する文ではありません。履行を 検証対象は次の条件です: 重複候補を安定IDで統合し／最終引用は一致したベクトルではなく／対応する原文範囲へ結び付けます。当該規則で使用するhashまたはstable IDを同一入力と変更入力から生成し、同一入力は同じID、source/version/spanが異なる入力は別IDとなり、deduplication結果を逆引きできることを確認する。 により観測し、適用除外を 例外判断で参照する条件は次のとおりです: 重複候補を安定IDで統合し／最終引用は一致したベクトルではなく／対応する原文範囲へ結び付けます。当該規則の値に個人情報または保存期限の制約がある場合は仮名化・分離保管へ置換できるが、source/version/spanを復元する承認済み対応表は保持する。 に限定できるため、APPROPRIATE_NORMATIVEと判定します。,重複候補を安定IDで統合し、最終引用は一致したベクトルではなく、対応する原文範囲へ結び付けます。 判断対象は、重複候補を安定IDで統合し、最終引用は一致したベクトルではなく、対応する原文範囲へ結び付けることを定める検索・経路選択規則です。外部資料から一般的な効果を導くのではなく、次の検査を受入条件とします。重複候補を安定IDで統合し、最終引用は一致したベクトルではなく、対応する原文範囲へ結び付けることを定める検索・経路選択規則について、この規則で使用するhashまたはstable IDを同一入力と変更入力から生成し、同一入力は同じID、source/version/spanが異なる入力は別IDとなり、deduplication結果を逆引きできることを確認する。 適用除外は次の場合に限定します。重複候補を安定IDで統合し、最終引用は一致したベクトルではなく、対応する原文範囲へ結び付けることを定める検索・経路選択規則の例外として、対象値に個人情報または保存期限の制約がある場合は仮名化・分離保管へ置換できるが、source/version/spanを復元する承認済み対応表は保持する。 受入条件と例外境界を台帳で検査できるため、APPROPRIATE_NORMATIVEと判定します。,SENT-1632の規則種別、受入条件、例外境界を完成した日本語で説明し、slash連結された理由文を除去する。
SENT-1643,verdict_reason,疎検索は識別子を正確に取得し、密検索は言い換えられた症状を広く取得できます。 検証対象として identifierを含むqueryではsparse retrieval／言い換えた症状を含むqueryではdense retrievalが異なるcandidateを回収し得るため／両query sliceを分けて評価します を区別し、この文が断定する dense=true;sparse=true と関係 NOT_APPLICABLE について、資料候補の記録は SRC-066 https://arxiv.org/abs/2104.08663 — abstract inspected 2026-08-15; 現主張への直接locatorは未確定; SRC-077 https://arxiv.org/abs/2010.01195 — abstract inspected 2026-08-15; 現主張への直接locatorは未確定 ですが、現主張を再特定する直接locatorは未確定です。そこで主体・対象・条件を保った identifierを含むqueryではsparse retrieval、言い換えた症状を含むqueryではdense retrievalが異なるcandidateを回収し得るため、両query sliceを分けて評価します。 へ変更し、未確認の一般化または因果を本文から外すためREWRITE_REQUIREDと判定します。,疎検索は識別子を正確に取得し、密検索は言い換えられた症状を広く取得できます。 判断対象は、identifierを含むqueryではsparse retrieval、言い換えた症状を含むqueryではdense retrievalが異なるcandidateを回収し得るため、両query sliceを分けて評価することに限定した修正です。現文のdense=true;sparse=trueと関係NOT_APPLICABLEには、候補資料は記録されていますが、現主張を再特定する直接locatorは未確定です。修正後は次の文とします。identifierを含むqueryではsparse retrieval、言い換えた症状を含むqueryではdense retrievalが異なるcandidateを回収し得るため、両query sliceを分けて評価します。 この限定で主体・対象・条件を保ちながら未確認の一般化または因果を除くため、REWRITE_REQUIREDと判定します。,SENT-1643の規則種別、受入条件、例外境界を完成した日本語で説明し、slash連結された理由文を除去する。
SENT-1646,verdict_reason,語の一致と意味の一致を組み合わせた研究では、BM25と意味検索が別々の関連文書を取得し、評価したニュース記事集合では統合によってBM25単独より再現率が相対約2.8%上がりました。 検証対象として semantic matchingとlexical matchingを組み合わせた同研究のnews collectionでは／BM25とsemantic searchが異なる関連文書を取得し／統合結果のRecallがBM25単独より相対約2.8%高いと報告されています を区別し、この文が断定する evaluation=true と関係 NOT_APPLICABLE について、資料候補の記録は SRC-077 https://arxiv.org/abs/2010.01195 — abstract inspected 2026-08-15; 現主張への直接locatorは未確定; SRC-005 https://doi.org/10.1561/1500000019 — primary_page inspected 2026-08-15; 現主張への直接locatorは未確定 ですが、現主張を再特定する直接locatorは未確定です。そこで主体・対象・条件を保った semantic matchingとlexical matchingを組み合わせた同研究のnews collectionでは、BM25とsemantic searchが異なる関連文書を取得し、統合結果のRecallがBM25単独より相対約2.8%高いと報告されています。 へ変更し、未確認の一般化または因果を本文から外すためREWRITE_REQUIREDと判定します。,語の一致と意味の一致を組み合わせた研究では、BM25と意味検索が別々の関連文書を取得し、評価したニュース記事集合では統合によってBM25単独より再現率が相対約2.8%上がりました。 判断対象は、semantic matchingとlexical matchingを組み合わせた同研究のnews collectionでは、BM25とsemantic searchが異なる関連文書を取得し、統合結果のRecallがBM25単独より相対約2.8%高いと報告されていることに限定した修正です。現文のevaluation=trueと関係NOT_APPLICABLEには、候補資料は記録されていますが、現主張を再特定する直接locatorは未確定です。修正後は次の文とします。semantic matchingとlexical matchingを組み合わせた同研究のnews collectionでは、BM25とsemantic searchが異なる関連文書を取得し、統合結果のRecallがBM25単独より相対約2.8%高いと報告されています。 この限定で主体・対象・条件を保ちながら未確認の一般化または因果を除くため、REWRITE_REQUIREDと判定します。,SENT-1646の規則種別、受入条件、例外境界を完成した日本語で説明し、slash連結された理由文を除去する。
SENT-1650,normative_criteria,検証対象は次の条件です: 疎検索／密検索／ハイブリッド検索を同じ正解集合で比較し／改善がない質問群には単純な経路を残します。当該規則に挙げた選択肢を同じdataset version、query slice、gold evidence、負荷条件で比較し、対象sliceごとの品質・latency・costを一つのresult tableへ記録する。,疎検索、密検索、ハイブリッド検索を同じ正解集合で比較し、改善がない質問群には単純な経路を残すことを定める評価・採否規則について、この規則に挙げた選択肢を同じdataset version、query slice、gold evidence、負荷条件で比較し、対象sliceごとの品質・latency・costを一つのresult tableへ記録する。,SENT-1650の主体、観測方法、合格条件または例外契機を通常の日本語で明示し、payload注入型の共通shellを除去する。
SENT-1650,exceptions,例外判断で参照する条件は次のとおりです: 疎検索／密検索／ハイブリッド検索を同じ正解集合で比較し／改善がない質問群には単純な経路を残します。当該規則を評価するgold evidenceがないslice、標本不足のslice、負荷条件が異なるrunは合否集計から分離し、他sliceの平均結果を外挿しない。,疎検索、密検索、ハイブリッド検索を同じ正解集合で比較し、改善がない質問群には単純な経路を残すことを定める評価・採否規則の例外として、判定に必要なgold evidenceがないslice、標本不足のslice、負荷条件が異なるrunは合否集計から分離し、他sliceの平均結果を外挿しない。,SENT-1650の主体、観測方法、合格条件または例外契機を通常の日本語で明示し、payload注入型の共通shellを除去する。
SENT-1650,verdict_reason,疎検索、密検索、ハイブリッド検索を同じ正解集合で比較し、改善がない質問群には単純な経路を残します。 この記述は 疎検索／密検索／ハイブリッド検索を同じ正解集合で比較し／改善がない質問群には単純な経路を残します を本ガイドの設計・評価・運用へ適用する規則で、外部研究の効果を一般化する文ではありません。履行を 検証対象は次の条件です: 疎検索／密検索／ハイブリッド検索を同じ正解集合で比較し／改善がない質問群には単純な経路を残します。当該規則に挙げた選択肢を同じdataset version、query slice、gold evidence、負荷条件で比較し、対象sliceごとの品質・latency・costを一つのresult tableへ記録する。 により観測し、適用除外を 例外判断で参照する条件は次のとおりです: 疎検索／密検索／ハイブリッド検索を同じ正解集合で比較し／改善がない質問群には単純な経路を残します。当該規則を評価するgold evidenceがないslice、標本不足のslice、負荷条件が異なるrunは合否集計から分離し、他sliceの平均結果を外挿しない。 に限定できるため、APPROPRIATE_NORMATIVEと判定します。,疎検索、密検索、ハイブリッド検索を同じ正解集合で比較し、改善がない質問群には単純な経路を残します。 判断対象は、疎検索、密検索、ハイブリッド検索を同じ正解集合で比較し、改善がない質問群には単純な経路を残すことを定める評価・採否規則です。外部資料から一般的な効果を導くのではなく、次の検査を受入条件とします。疎検索、密検索、ハイブリッド検索を同じ正解集合で比較し、改善がない質問群には単純な経路を残すことを定める評価・採否規則について、この規則に挙げた選択肢を同じdataset version、query slice、gold evidence、負荷条件で比較し、対象sliceごとの品質・latency・costを一つのresult tableへ記録する。 適用除外は次の場合に限定します。疎検索、密検索、ハイブリッド検索を同じ正解集合で比較し、改善がない質問群には単純な経路を残すことを定める評価・採否規則の例外として、判定に必要なgold evidenceがないslice、標本不足のslice、負荷条件が異なるrunは合否集計から分離し、他sliceの平均結果を外挿しない。 受入条件と例外境界を台帳で検査できるため、APPROPRIATE_NORMATIVEと判定します。,SENT-1650の規則種別、受入条件、例外境界を完成した日本語で説明し、slash連結された理由文を除去する。
SENT-1655,verdict_reason,文書版とチャンクIDで同一候補を統合します。 この記述は 文書版とチャンクIDで同一候補を統合します を本ガイドの設計・評価・運用へ適用する規則で、外部研究の効果を一般化する文ではありません。履行を 文書版とチャンクIDで同一候補を統合します。 document_versionとchunk_idが同じ候補を一件へ統合し、異なる版または異なるchunk_idを誤って除去しないdeduplication fixtureを通します。 により観測し、適用除外を 文書版とチャンクIDで同一候補を統合します。 同一本文でもdocument_versionが異なる候補は、有効期間または版選択規則で一方を採用するまで別候補として保持します。 に限定できるため、APPROPRIATE_NORMATIVEと判定します。,文書版とチャンクIDで同一候補を統合します。 判断対象は、文書版とチャンクIDで同一候補を統合することを定める検索・経路選択規則です。外部資料から一般的な効果を導くのではなく、次の検査を受入条件とします。文書版とチャンクIDで同一候補を統合します。 document_versionとchunk_idが同じ候補を一件へ統合し、異なる版または異なるchunk_idを誤って除去しないdeduplication fixtureを通します。 適用除外は次の場合に限定します。文書版とチャンクIDで同一候補を統合します。 同一本文でもdocument_versionが異なる候補は、有効期間または版選択規則で一方を採用するまで別候補として保持します。 受入条件と例外境界を台帳で検査できるため、APPROPRIATE_NORMATIVEと判定します。,SENT-1655の規則種別、受入条件、例外境界を完成した日本語で説明し、slash連結された理由文を除去する。
SENT-1669,normative_criteria,検証対象は次の条件です: 文書ID／文書版ID／チャンクIDを基本として／同一候補を統合します。当該規則に列挙したID、version、artifactを必須schema fieldにし、任意のanswer/citationからsource document、original span、chunk、retrieval rank、configuration versionへ欠損なく到達できることを確認する。,文書ID、文書版ID、チャンクIDを基本として、同一候補を統合することを定める検索・経路選択規則について、この規則に列挙したID、version、artifactを必須schema fieldにし、任意のanswer/citationからsource document、original span、chunk、retrieval rank、configuration versionへ欠損なく到達できることを確認する。,SENT-1669の主体、観測方法、合格条件または例外契機を通常の日本語で明示し、payload注入型の共通shellを除去する。
SENT-1669,exceptions,例外判断で参照する条件は次のとおりです: 文書ID／文書版ID／チャンクIDを基本として／同一候補を統合します。当該規則の値に個人情報または保存期限の制約がある場合は仮名化・分離保管へ置換できるが、source/version/spanを復元する承認済み対応表は保持する。,文書ID、文書版ID、チャンクIDを基本として、同一候補を統合することを定める検索・経路選択規則の例外として、対象値に個人情報または保存期限の制約がある場合は仮名化・分離保管へ置換できるが、source/version/spanを復元する承認済み対応表は保持する。,SENT-1669の主体、観測方法、合格条件または例外契機を通常の日本語で明示し、payload注入型の共通shellを除去する。
SENT-1669,verdict_reason,文書ID、文書版ID、チャンクIDを基本として、同一候補を統合します。 この記述は 文書ID／文書版ID／チャンクIDを基本として／同一候補を統合します を本ガイドの設計・評価・運用へ適用する規則で、外部研究の効果を一般化する文ではありません。履行を 検証対象は次の条件です: 文書ID／文書版ID／チャンクIDを基本として／同一候補を統合します。当該規則に列挙したID、version、artifactを必須schema fieldにし、任意のanswer/citationからsource document、original span、chunk、retrieval rank、configuration versionへ欠損なく到達できることを確認する。 により観測し、適用除外を 例外判断で参照する条件は次のとおりです: 文書ID／文書版ID／チャンクIDを基本として／同一候補を統合します。当該規則の値に個人情報または保存期限の制約がある場合は仮名化・分離保管へ置換できるが、source/version/spanを復元する承認済み対応表は保持する。 に限定できるため、APPROPRIATE_NORMATIVEと判定します。,文書ID、文書版ID、チャンクIDを基本として、同一候補を統合します。 判断対象は、文書ID、文書版ID、チャンクIDを基本として、同一候補を統合することを定める検索・経路選択規則です。外部資料から一般的な効果を導くのではなく、次の検査を受入条件とします。文書ID、文書版ID、チャンクIDを基本として、同一候補を統合することを定める検索・経路選択規則について、この規則に列挙したID、version、artifactを必須schema fieldにし、任意のanswer/citationからsource document、original span、chunk、retrieval rank、configuration versionへ欠損なく到達できることを確認する。 適用除外は次の場合に限定します。文書ID、文書版ID、チャンクIDを基本として、同一候補を統合することを定める検索・経路選択規則の例外として、対象値に個人情報または保存期限の制約がある場合は仮名化・分離保管へ置換できるが、source/version/spanを復元する承認済み対応表は保持する。 受入条件と例外境界を台帳で検査できるため、APPROPRIATE_NORMATIVEと判定します。,SENT-1669の規則種別、受入条件、例外境界を完成した日本語で説明し、slash連結された理由文を除去する。
SENT-1679,verdict_reason,RRFの原論文は、複数の順位付け結果を単純な式で統合し、評価した条件で個別方式や他の統合法を上回る結果を報告しました。 検証対象として RRF原論文は／対象としたrank listと評価collectionについて／順位の逆数に基づく統合が個別方式および比較対象の統合法を上回る結果を報告しています を区別し、この文が断定する evaluation=true と関係 NOT_APPLICABLE について、資料候補の記録は SRC-064 https://dl.acm.org/doi/10.1145/1571941.1572114 — primary_page inspected 2026-08-15; 現主張への直接locatorは未確定 ですが、現主張を再特定する直接locatorは未確定です。そこで主体・対象・条件を保った RRF原論文は、対象としたrank listと評価collectionについて、順位の逆数に基づく統合が個別方式および比較対象の統合法を上回る結果を報告しています。 へ変更し、未確認の一般化または因果を本文から外すためREWRITE_REQUIREDと判定します。,RRFの原論文は、複数の順位付け結果を単純な式で統合し、評価した条件で個別方式や他の統合法を上回る結果を報告しました。 判断対象は、RRF原論文は、対象としたrank listと評価collectionについて、順位の逆数に基づく統合が個別方式および比較対象の統合法を上回る結果を報告していることに限定した修正です。現文のevaluation=trueと関係NOT_APPLICABLEには、候補資料は記録されていますが、現主張を再特定する直接locatorは未確定です。修正後は次の文とします。RRF原論文は、対象としたrank listと評価collectionについて、順位の逆数に基づく統合が個別方式および比較対象の統合法を上回る結果を報告しています。 この限定で主体・対象・条件を保ちながら未確認の一般化または因果を除くため、REWRITE_REQUIREDと判定します。,SENT-1679の規則種別、受入条件、例外境界を完成した日本語で説明し、slash連結された理由文を除去する。
SENT-1680,verdict_reason,結果は入力する順位一覧、検索深度、定数 k に依存します。 検証対象として RRFの統合結果は／入力する順位一覧／各一覧の検索深度／定数kを固定した条件で比較します を区別し、この文が断定する retrieval=true と関係 NOT_APPLICABLE について、資料候補の記録は SRC-064 https://dl.acm.org/doi/10.1145/1571941.1572114 — primary_page inspected 2026-08-15; 現主張への直接locatorは未確定 ですが、現主張を再特定する直接locatorは未確定です。そこで主体・対象・条件を保った RRFの統合結果は、入力する順位一覧、各一覧の検索深度、定数kを固定した条件で比較します。 へ変更し、未確認の一般化または因果を本文から外すためREWRITE_REQUIREDと判定します。,結果は入力する順位一覧、検索深度、定数 k に依存します。 判断対象は、RRFの統合結果は、入力する順位一覧、各一覧の検索深度、定数kを固定した条件で比較することに限定した修正です。現文のretrieval=trueと関係NOT_APPLICABLEには、候補資料は記録されていますが、現主張を再特定する直接locatorは未確定です。修正後は次の文とします。RRFの統合結果は、入力する順位一覧、各一覧の検索深度、定数kを固定した条件で比較します。 この限定で主体・対象・条件を保ちながら未確認の一般化または因果を除くため、REWRITE_REQUIREDと判定します。,SENT-1680の規則種別、受入条件、例外境界を完成した日本語で説明し、slash連結された理由文を除去する。
SENT-1683,verdict_reason,図4-6は、左側の疎検索と密検索が作った二つの順位表を、右へ向かって統合する流れです。 この記述は 本ガイドでは／図4-6を「左側の疎検索と密検索が作った二つの順位表を／右へ向かって統合する流れ」として用います を本ガイドの設計・評価・運用へ適用する規則で、外部研究の効果を一般化する文ではありません。履行を 本ガイドでは、図4-6を「左側の疎検索と密検索が作った二つの順位表を、右へ向かって統合する流れ」として用います。 図4-6の左側にsparse rank listとdense rank list、右側にfusion後rank listがあり、各矢印が同じcandidate IDの順位統合を表すことをfigure sourceと本文で照合します。 により観測し、適用除外を 本ガイドでは、図4-6を「左側の疎検索と密検索が作った二つの順位表を、右へ向かって統合する流れ」として用います。 score calibrationまたはrerankerを図へ追加する場合は、rank fusionとは別stageとして表示し、入力scoreと出力rankの関係をcaptionへ明記します。 に限定できるため、APPROPRIATE_NORMATIVEと判定します。,図4-6は、左側の疎検索と密検索が作った二つの順位表を、右へ向かって統合する流れです。 判断対象は、本ガイドでは、図4-6を「左側の疎検索と密検索が作った二つの順位表を、右へ向かって統合する流れ」として用いることを定める用語・工程定義です。外部資料から一般的な効果を導くのではなく、次の検査を受入条件とします。本ガイドでは、図4-6を「左側の疎検索と密検索が作った二つの順位表を、右へ向かって統合する流れ」として用います。 図4-6の左側にsparse rank listとdense rank list、右側にfusion後rank listがあり、各矢印が同じcandidate IDの順位統合を表すことをfigure sourceと本文で照合します。 適用除外は次の場合に限定します。本ガイドでは、図4-6を「左側の疎検索と密検索が作った二つの順位表を、右へ向かって統合する流れ」として用います。 score calibrationまたはrerankerを図へ追加する場合は、rank fusionとは別stageとして表示し、入力scoreと出力rankの関係をcaptionへ明記します。 受入条件と例外境界を台帳で検査できるため、APPROPRIATE_NORMATIVEと判定します。,SENT-1683の規則種別、受入条件、例外境界を完成した日本語で説明し、slash連結された理由文を除去する。
SENT-1685,normative_criteria,検証対象は次の条件です: 本ガイドでは／RRFを各検索器の順位を統合する工程／再順位付けを統合後の候補本文を再評価する工程として区別します。当該規則について、本文、図表、schema、評価台帳で同じ対象、単位、入出力を使用し、異なる意味で使う箇所がrepository内検索でゼロ件であることを確認する。,本ガイドでは、RRFを各検索器の順位を統合する工程、再順位付けを統合後の候補本文を再評価する工程として区別することを定める評価・採否規則について、本文、図表、schema、評価台帳で同じ対象、単位、入出力を使用し、異なる意味で使う箇所がrepository内検索でゼロ件であることを確認する。,SENT-1685の主体、観測方法、合格条件または例外契機を通常の日本語で明示し、payload注入型の共通shellを除去する。
SENT-1685,exceptions,例外判断で参照する条件は次のとおりです: 本ガイドでは／RRFを各検索器の順位を統合する工程／再順位付けを統合後の候補本文を再評価する工程として区別します。当該規則が公式標準または製品仕様の同名語と異なる場合はローカル定義であることと対応関係を併記し、公式語の意味を上書きしない。,本ガイドでは、RRFを各検索器の順位を統合する工程、再順位付けを統合後の候補本文を再評価する工程として区別することを定める評価・採否規則の例外として、当該規則が公式標準または製品仕様の同名語と異なる場合はローカル定義であることと対応関係を併記し、公式語の意味を上書きしない。,SENT-1685の主体、観測方法、合格条件または例外契機を通常の日本語で明示し、payload注入型の共通shellを除去する。
SENT-1685,verdict_reason,再順位付けはその後に候補本文を読み直す別工程であり、RRFと役割が異なります。 この記述は 本ガイドでは／RRFを各検索器の順位を統合する工程／再順位付けを統合後の候補本文を再評価する工程として区別します を本ガイドの設計・評価・運用へ適用する規則で、外部研究の効果を一般化する文ではありません。履行を 検証対象は次の条件です: 本ガイドでは／RRFを各検索器の順位を統合する工程／再順位付けを統合後の候補本文を再評価する工程として区別します。当該規則について、本文、図表、schema、評価台帳で同じ対象、単位、入出力を使用し、異なる意味で使う箇所がrepository内検索でゼロ件であることを確認する。 により観測し、適用除外を 例外判断で参照する条件は次のとおりです: 本ガイドでは／RRFを各検索器の順位を統合する工程／再順位付けを統合後の候補本文を再評価する工程として区別します。当該規則が公式標準または製品仕様の同名語と異なる場合はローカル定義であることと対応関係を併記し、公式語の意味を上書きしない。 に限定できるため、APPROPRIATE_NORMATIVEと判定します。,再順位付けはその後に候補本文を読み直す別工程であり、RRFと役割が異なります。 判断対象は、本ガイドでは、RRFを各検索器の順位を統合する工程、再順位付けを統合後の候補本文を再評価する工程として区別することを定める評価・採否規則です。外部資料から一般的な効果を導くのではなく、次の検査を受入条件とします。本ガイドでは、RRFを各検索器の順位を統合する工程、再順位付けを統合後の候補本文を再評価する工程として区別することを定める評価・採否規則について、本文、図表、schema、評価台帳で同じ対象、単位、入出力を使用し、異なる意味で使う箇所がrepository内検索でゼロ件であることを確認する。 適用除外は次の場合に限定します。本ガイドでは、RRFを各検索器の順位を統合する工程、再順位付けを統合後の候補本文を再評価する工程として区別することを定める評価・採否規則の例外として、当該規則が公式標準または製品仕様の同名語と異なる場合はローカル定義であることと対応関係を併記し、公式語の意味を上書きしない。 受入条件と例外境界を台帳で検査できるため、APPROPRIATE_NORMATIVEと判定します。,SENT-1685の規則種別、受入条件、例外境界を完成した日本語で説明し、slash連結された理由文を除去する。
SENT-1687,normative_criteria,検証対象は次の条件です: 元スコアを使う統合では／BM25とコサイン類似度を未調整のまま加算しません。当該規則の統合規則をversion管理し、複数retrieverが返す既知rank listから期待するcandidate順序を再現し、生scoreの無条件加算や重複candidateが発生しないことを確認する。,元スコアを使う統合では、BM25とコサイン類似度を未調整のまま加算しないことを定めるローカル設計規則について、この規則の統合規則をversion管理し、複数retrieverが返す既知rank listから期待するcandidate順序を再現し、生scoreの無条件加算や重複candidateが発生しないことを確認する。,SENT-1687の主体、観測方法、合格条件または例外契機を通常の日本語で明示し、payload注入型の共通shellを除去する。
SENT-1687,exceptions,例外判断で参照する条件は次のとおりです: 元スコアを使う統合では／BM25とコサイン類似度を未調整のまま加算しません。当該規則と異なる統合方式はcalibration済みscoreまたは別rerankerとしてversion管理できるが、未調整の異尺度scoreを黙って直接加算しない。,元スコアを使う統合では、BM25とコサイン類似度を未調整のまま加算しないことを定めるローカル設計規則の例外として、この規則と異なる統合方式はcalibration済みscoreまたは別rerankerとしてversion管理できるが、未調整の異尺度scoreを黙って直接加算しない。,SENT-1687の主体、観測方法、合格条件または例外契機を通常の日本語で明示し、payload注入型の共通shellを除去する。
SENT-1687,verdict_reason,元スコアを使う統合では、BM25とコサイン類似度を未調整のまま加算しません。 この記述は 元スコアを使う統合では／BM25とコサイン類似度を未調整のまま加算しません を本ガイドの設計・評価・運用へ適用する規則で、外部研究の効果を一般化する文ではありません。履行を 検証対象は次の条件です: 元スコアを使う統合では／BM25とコサイン類似度を未調整のまま加算しません。当該規則の統合規則をversion管理し、複数retrieverが返す既知rank listから期待するcandidate順序を再現し、生scoreの無条件加算や重複candidateが発生しないことを確認する。 により観測し、適用除外を 例外判断で参照する条件は次のとおりです: 元スコアを使う統合では／BM25とコサイン類似度を未調整のまま加算しません。当該規則と異なる統合方式はcalibration済みscoreまたは別rerankerとしてversion管理できるが、未調整の異尺度scoreを黙って直接加算しない。 に限定できるため、APPROPRIATE_NORMATIVEと判定します。,元スコアを使う統合では、BM25とコサイン類似度を未調整のまま加算しません。 判断対象は、元スコアを使う統合では、BM25とコサイン類似度を未調整のまま加算しないことを定めるローカル設計規則です。外部資料から一般的な効果を導くのではなく、次の検査を受入条件とします。元スコアを使う統合では、BM25とコサイン類似度を未調整のまま加算しないことを定めるローカル設計規則について、この規則の統合規則をversion管理し、複数retrieverが返す既知rank listから期待するcandidate順序を再現し、生scoreの無条件加算や重複candidateが発生しないことを確認する。 適用除外は次の場合に限定します。元スコアを使う統合では、BM25とコサイン類似度を未調整のまま加算しないことを定めるローカル設計規則の例外として、この規則と異なる統合方式はcalibration済みscoreまたは別rerankerとしてversion管理できるが、未調整の異尺度scoreを黙って直接加算しない。 受入条件と例外境界を台帳で検査できるため、APPROPRIATE_NORMATIVEと判定します。,SENT-1687の規則種別、受入条件、例外境界を完成した日本語で説明し、slash連結された理由文を除去する。
SENT-1700,normative_criteria,検証対象は次の条件です: 確信が低い場合は／方式を一つに絞らず／事前に定めたRRFへ戻すなどの代替経路を使います。当該規則の統合規則をversion管理し、複数retrieverが返す既知rank listから期待するcandidate順序を再現し、生scoreの無条件加算や重複candidateが発生しないことを確認する。,確信が低い場合は、方式を一つに絞らず、事前に定めたRRFへ戻すなどの代替経路を使うことを定める検索・経路選択規則について、この規則の統合規則をversion管理し、複数retrieverが返す既知rank listから期待するcandidate順序を再現し、生scoreの無条件加算や重複candidateが発生しないことを確認する。,SENT-1700の主体、観測方法、合格条件または例外契機を通常の日本語で明示し、payload注入型の共通shellを除去する。
SENT-1700,exceptions,例外判断で参照する条件は次のとおりです: 確信が低い場合は／方式を一つに絞らず／事前に定めたRRFへ戻すなどの代替経路を使います。当該規則と異なる統合方式はcalibration済みscoreまたは別rerankerとしてversion管理できるが、未調整の異尺度scoreを黙って直接加算しない。,確信が低い場合は、方式を一つに絞らず、事前に定めたRRFへ戻すなどの代替経路を使うことを定める検索・経路選択規則の例外として、この規則と異なる統合方式はcalibration済みscoreまたは別rerankerとしてversion管理できるが、未調整の異尺度scoreを黙って直接加算しない。,SENT-1700の主体、観測方法、合格条件または例外契機を通常の日本語で明示し、payload注入型の共通shellを除去する。
SENT-1700,verdict_reason,確信が低い場合は、方式を一つに絞らず、事前に定めたRRFへ戻すなどの代替経路を使います。 この記述は 確信が低い場合は／方式を一つに絞らず／事前に定めたRRFへ戻すなどの代替経路を使います を本ガイドの設計・評価・運用へ適用する規則で、外部研究の効果を一般化する文ではありません。履行を 検証対象は次の条件です: 確信が低い場合は／方式を一つに絞らず／事前に定めたRRFへ戻すなどの代替経路を使います。当該規則の統合規則をversion管理し、複数retrieverが返す既知rank listから期待するcandidate順序を再現し、生scoreの無条件加算や重複candidateが発生しないことを確認する。 により観測し、適用除外を 例外判断で参照する条件は次のとおりです: 確信が低い場合は／方式を一つに絞らず／事前に定めたRRFへ戻すなどの代替経路を使います。当該規則と異なる統合方式はcalibration済みscoreまたは別rerankerとしてversion管理できるが、未調整の異尺度scoreを黙って直接加算しない。 に限定できるため、APPROPRIATE_NORMATIVEと判定します。,確信が低い場合は、方式を一つに絞らず、事前に定めたRRFへ戻すなどの代替経路を使います。 判断対象は、確信が低い場合は、方式を一つに絞らず、事前に定めたRRFへ戻すなどの代替経路を使うことを定める検索・経路選択規則です。外部資料から一般的な効果を導くのではなく、次の検査を受入条件とします。確信が低い場合は、方式を一つに絞らず、事前に定めたRRFへ戻すなどの代替経路を使うことを定める検索・経路選択規則について、この規則の統合規則をversion管理し、複数retrieverが返す既知rank listから期待するcandidate順序を再現し、生scoreの無条件加算や重複candidateが発生しないことを確認する。 適用除外は次の場合に限定します。確信が低い場合は、方式を一つに絞らず、事前に定めたRRFへ戻すなどの代替経路を使うことを定める検索・経路選択規則の例外として、この規則と異なる統合方式はcalibration済みscoreまたは別rerankerとしてversion管理できるが、未調整の異尺度scoreを黙って直接加算しない。 受入条件と例外境界を台帳で検査できるため、APPROPRIATE_NORMATIVEと判定します。,SENT-1700の規則種別、受入条件、例外境界を完成した日本語で説明し、slash連結された理由文を除去する。
SENT-1705,normative_criteria,検証対象は次の条件です: 検索文ごとに疎検索と密検索を統合し／その後に検索文間を候補上限付きで統合するなど／順序を定めます。当該規則の統合規則をversion管理し、複数retrieverが返す既知rank listから期待するcandidate順序を再現し、生scoreの無条件加算や重複candidateが発生しないことを確認する。,検索文ごとに疎検索と密検索を統合し、その後に検索文間を候補上限付きで統合するなど、順序を定めることを定める検索・経路選択規則について、この規則の統合規則をversion管理し、複数retrieverが返す既知rank listから期待するcandidate順序を再現し、生scoreの無条件加算や重複candidateが発生しないことを確認する。,SENT-1705の主体、観測方法、合格条件または例外契機を通常の日本語で明示し、payload注入型の共通shellを除去する。
SENT-1705,exceptions,例外判断で参照する条件は次のとおりです: 検索文ごとに疎検索と密検索を統合し／その後に検索文間を候補上限付きで統合するなど／順序を定めます。当該規則と異なる統合方式はcalibration済みscoreまたは別rerankerとしてversion管理できるが、未調整の異尺度scoreを黙って直接加算しない。,検索文ごとに疎検索と密検索を統合し、その後に検索文間を候補上限付きで統合するなど、順序を定めることを定める検索・経路選択規則の例外として、この規則と異なる統合方式はcalibration済みscoreまたは別rerankerとしてversion管理できるが、未調整の異尺度scoreを黙って直接加算しない。,SENT-1705の主体、観測方法、合格条件または例外契機を通常の日本語で明示し、payload注入型の共通shellを除去する。
SENT-1705,verdict_reason,検索文ごとに疎検索と密検索を統合し、その後に検索文間を候補上限付きで統合するなど、順序を定めます。 この記述は 検索文ごとに疎検索と密検索を統合し／その後に検索文間を候補上限付きで統合するなど／順序を定めます を本ガイドの設計・評価・運用へ適用する規則で、外部研究の効果を一般化する文ではありません。履行を 検証対象は次の条件です: 検索文ごとに疎検索と密検索を統合し／その後に検索文間を候補上限付きで統合するなど／順序を定めます。当該規則の統合規則をversion管理し、複数retrieverが返す既知rank listから期待するcandidate順序を再現し、生scoreの無条件加算や重複candidateが発生しないことを確認する。 により観測し、適用除外を 例外判断で参照する条件は次のとおりです: 検索文ごとに疎検索と密検索を統合し／その後に検索文間を候補上限付きで統合するなど／順序を定めます。当該規則と異なる統合方式はcalibration済みscoreまたは別rerankerとしてversion管理できるが、未調整の異尺度scoreを黙って直接加算しない。 に限定できるため、APPROPRIATE_NORMATIVEと判定します。,検索文ごとに疎検索と密検索を統合し、その後に検索文間を候補上限付きで統合するなど、順序を定めます。 判断対象は、検索文ごとに疎検索と密検索を統合し、その後に検索文間を候補上限付きで統合するなど、順序を定めることを定める検索・経路選択規則です。外部資料から一般的な効果を導くのではなく、次の検査を受入条件とします。検索文ごとに疎検索と密検索を統合し、その後に検索文間を候補上限付きで統合するなど、順序を定めることを定める検索・経路選択規則について、この規則の統合規則をversion管理し、複数retrieverが返す既知rank listから期待するcandidate順序を再現し、生scoreの無条件加算や重複candidateが発生しないことを確認する。 適用除外は次の場合に限定します。検索文ごとに疎検索と密検索を統合し、その後に検索文間を候補上限付きで統合するなど、順序を定めることを定める検索・経路選択規則の例外として、この規則と異なる統合方式はcalibration済みscoreまたは別rerankerとしてversion管理できるが、未調整の異尺度scoreを黙って直接加算しない。 受入条件と例外境界を台帳で検査できるため、APPROPRIATE_NORMATIVEと判定します。,SENT-1705の規則種別、受入条件、例外境界を完成した日本語で説明し、slash連結された理由文を除去する。
SENT-1708,normative_criteria,検証対象は次の条件です: 候補には発見元の検索文と検索器を結び付け／正解根拠を追加しない検索経路を評価で削除します。当該規則に含まれるretriever、candidate数、rank処理を固定したtest queryを実行し、統合前後のcandidate ID・rank・score変換が記述した順序と選択規則に一致することを確認する。,候補には発見元の検索文と検索器を結び付け、正解根拠を追加しない検索経路を評価で削除することを定める評価・採否規則について、この規則に含まれるretriever、candidate数、rank処理を固定したtest queryを実行し、統合前後のcandidate ID・rank・score変換が記述した順序と選択規則に一致することを確認する。,SENT-1708の主体、観測方法、合格条件または例外契機を通常の日本語で明示し、payload注入型の共通shellを除去する。
SENT-1708,exceptions,例外判断で参照する条件は次のとおりです: 候補には発見元の検索文と検索器を結び付け／正解根拠を追加しない検索経路を評価で削除します。当該規則の初期値・候補は対象datasetで再調整できるが、変更値、baseline、採用理由を同じresult tableへ残し、未比較の値を既定値として固定しない。,候補には発見元の検索文と検索器を結び付け、正解根拠を追加しない検索経路を評価で削除することを定める評価・採否規則の例外として、初期値・候補は対象datasetで再調整できるが、変更値、baseline、採用理由を同じresult tableへ残し、未比較の値を既定値として固定しない。,SENT-1708の主体、観測方法、合格条件または例外契機を通常の日本語で明示し、payload注入型の共通shellを除去する。
SENT-1708,verdict_reason,候補には発見元の検索文と検索器を結び付け、正解根拠を追加しない検索経路を評価で削除します。 この記述は 候補には発見元の検索文と検索器を結び付け／正解根拠を追加しない検索経路を評価で削除します を本ガイドの設計・評価・運用へ適用する規則で、外部研究の効果を一般化する文ではありません。履行を 検証対象は次の条件です: 候補には発見元の検索文と検索器を結び付け／正解根拠を追加しない検索経路を評価で削除します。当該規則に含まれるretriever、candidate数、rank処理を固定したtest queryを実行し、統合前後のcandidate ID・rank・score変換が記述した順序と選択規則に一致することを確認する。 により観測し、適用除外を 例外判断で参照する条件は次のとおりです: 候補には発見元の検索文と検索器を結び付け／正解根拠を追加しない検索経路を評価で削除します。当該規則の初期値・候補は対象datasetで再調整できるが、変更値、baseline、採用理由を同じresult tableへ残し、未比較の値を既定値として固定しない。 に限定できるため、APPROPRIATE_NORMATIVEと判定します。,候補には発見元の検索文と検索器を結び付け、正解根拠を追加しない検索経路を評価で削除します。 判断対象は、候補には発見元の検索文と検索器を結び付け、正解根拠を追加しない検索経路を評価で削除することを定める評価・採否規則です。外部資料から一般的な効果を導くのではなく、次の検査を受入条件とします。候補には発見元の検索文と検索器を結び付け、正解根拠を追加しない検索経路を評価で削除することを定める評価・採否規則について、この規則に含まれるretriever、candidate数、rank処理を固定したtest queryを実行し、統合前後のcandidate ID・rank・score変換が記述した順序と選択規則に一致することを確認する。 適用除外は次の場合に限定します。候補には発見元の検索文と検索器を結び付け、正解根拠を追加しない検索経路を評価で削除することを定める評価・採否規則の例外として、初期値・候補は対象datasetで再調整できるが、変更値、baseline、採用理由を同じresult tableへ残し、未比較の値を既定値として固定しない。 受入条件と例外境界を台帳で検査できるため、APPROPRIATE_NORMATIVEと判定します。,SENT-1708の規則種別、受入条件、例外境界を完成した日本語で説明し、slash連結された理由文を除去する。
SENT-1712,normative_criteria,検証対象は次の条件です: 最初に疎検索と密検索で必要な根拠を拾い／順位統合後の数十件を再順位付けして／LLMへ渡す数件へ絞る構成が候補です。当該規則の統合規則をversion管理し、複数retrieverが返す既知rank listから期待するcandidate順序を再現し、生scoreの無条件加算や重複candidateが発生しないことを確認する。,最初に疎検索と密検索で必要な根拠を拾い、順位統合後の数十件を再順位付けして、LLMへ渡す数件へ絞る構成が候補であることを定める検索・経路選択規則について、この規則の統合規則をversion管理し、複数retrieverが返す既知rank listから期待するcandidate順序を再現し、生scoreの無条件加算や重複candidateが発生しないことを確認する。,SENT-1712の主体、観測方法、合格条件または例外契機を通常の日本語で明示し、payload注入型の共通shellを除去する。
SENT-1712,exceptions,例外判断で参照する条件は次のとおりです: 最初に疎検索と密検索で必要な根拠を拾い／順位統合後の数十件を再順位付けして／LLMへ渡す数件へ絞る構成が候補です。当該規則と異なる統合方式はcalibration済みscoreまたは別rerankerとしてversion管理できるが、未調整の異尺度scoreを黙って直接加算しない。,最初に疎検索と密検索で必要な根拠を拾い、順位統合後の数十件を再順位付けして、LLMへ渡す数件へ絞る構成が候補であることを定める検索・経路選択規則の例外として、この規則と異なる統合方式はcalibration済みscoreまたは別rerankerとしてversion管理できるが、未調整の異尺度scoreを黙って直接加算しない。,SENT-1712の主体、観測方法、合格条件または例外契機を通常の日本語で明示し、payload注入型の共通shellを除去する。
SENT-1712,verdict_reason,最初に疎検索と密検索で必要な根拠を拾い、順位統合後の数十件を再順位付けして、LLMへ渡す数件へ絞る構成が候補です。 この記述は 最初に疎検索と密検索で必要な根拠を拾い／順位統合後の数十件を再順位付けして／LLMへ渡す数件へ絞る構成が候補です を本ガイドの設計・評価・運用へ適用する規則で、外部研究の効果を一般化する文ではありません。履行を 検証対象は次の条件です: 最初に疎検索と密検索で必要な根拠を拾い／順位統合後の数十件を再順位付けして／LLMへ渡す数件へ絞る構成が候補です。当該規則の統合規則をversion管理し、複数retrieverが返す既知rank listから期待するcandidate順序を再現し、生scoreの無条件加算や重複candidateが発生しないことを確認する。 により観測し、適用除外を 例外判断で参照する条件は次のとおりです: 最初に疎検索と密検索で必要な根拠を拾い／順位統合後の数十件を再順位付けして／LLMへ渡す数件へ絞る構成が候補です。当該規則と異なる統合方式はcalibration済みscoreまたは別rerankerとしてversion管理できるが、未調整の異尺度scoreを黙って直接加算しない。 に限定できるため、APPROPRIATE_NORMATIVEと判定します。,最初に疎検索と密検索で必要な根拠を拾い、順位統合後の数十件を再順位付けして、LLMへ渡す数件へ絞る構成が候補です。 判断対象は、最初に疎検索と密検索で必要な根拠を拾い、順位統合後の数十件を再順位付けして、LLMへ渡す数件へ絞る構成が候補であることを定める検索・経路選択規則です。外部資料から一般的な効果を導くのではなく、次の検査を受入条件とします。最初に疎検索と密検索で必要な根拠を拾い、順位統合後の数十件を再順位付けして、LLMへ渡す数件へ絞る構成が候補であることを定める検索・経路選択規則について、この規則の統合規則をversion管理し、複数retrieverが返す既知rank listから期待するcandidate順序を再現し、生scoreの無条件加算や重複candidateが発生しないことを確認する。 適用除外は次の場合に限定します。最初に疎検索と密検索で必要な根拠を拾い、順位統合後の数十件を再順位付けして、LLMへ渡す数件へ絞る構成が候補であることを定める検索・経路選択規則の例外として、この規則と異なる統合方式はcalibration済みscoreまたは別rerankerとしてversion管理できるが、未調整の異尺度scoreを黙って直接加算しない。 受入条件と例外境界を台帳で検査できるため、APPROPRIATE_NORMATIVEと判定します。,SENT-1712の規則種別、受入条件、例外境界を完成した日本語で説明し、slash連結された理由文を除去する。
SENT-1714,verdict_reason,アクセス制御リスト（Access Control List：ACL）の判定を再順位付け器のスコアへ委ねません。 この記述は アクセス制御リスト（Access Control List：ACL）の判定を再順位付け器のスコアへ委ねません を本ガイドの設計・評価・運用へ適用する規則で、外部研究の効果を一般化する文ではありません。履行を アクセス制御リスト（Access Control List：ACL）の判定を再順位付け器のスコアへ委ねません。 ACL拒否candidateをreranker投入前に除外し、どれだけ高いrelevance scoreを与えてもcontextとanswerへ現れないnegative fixtureを通します。 により観測し、適用除外を アクセス制御リスト（Access Control List：ACL）の判定を再順位付け器のスコアへ委ねません。 reranker障害時のfallbackでもACL判定結果を再利用し、可用性やscoreを理由に拒否candidateを復帰させません。 に限定できるため、APPROPRIATE_NORMATIVEと判定します。,アクセス制御リスト（Access Control List：ACL）の判定を再順位付け器のスコアへ委ねません。 判断対象は、アクセス制御リスト（Access Control List：ACL）の判定を再順位付け器のスコアへ委ねないことを定める安全性・アクセス制御規則です。外部資料から一般的な効果を導くのではなく、次の検査を受入条件とします。アクセス制御リスト（Access Control List：ACL）の判定を再順位付け器のスコアへ委ねません。 ACL拒否candidateをreranker投入前に除外し、どれだけ高いrelevance scoreを与えてもcontextとanswerへ現れないnegative fixtureを通します。 適用除外は次の場合に限定します。アクセス制御リスト（Access Control List：ACL）の判定を再順位付け器のスコアへ委ねません。 reranker障害時のfallbackでもACL判定結果を再利用し、可用性やscoreを理由に拒否candidateを復帰させません。 受入条件と例外境界を台帳で検査できるため、APPROPRIATE_NORMATIVEと判定します。,SENT-1714の規則種別、受入条件、例外境界を完成した日本語で説明し、slash連結された理由文を除去する。
SENT-1715,verdict_reason,再順位付け器が時間内に終わらない場合は、認可済みの統合順位へ戻すか、回答を保留します。 この記述は 再順位付け器が時間内に終わらない場合は／認可済みの統合順位へ戻すか／回答を保留します を本ガイドの設計・評価・運用へ適用する規則で、外部研究の効果を一般化する文ではありません。履行を reranker timeoutを注入し、requestがauthorized fused rankへ戻るかabstainし、部分rerank結果や非許可candidateを回答contextへ入れないことを確認する。 により観測し、適用除外を deadline前に完了したreranker結果だけは通常経路で使えるが、timeout後に到着した結果を進行中requestへ混ぜない。 に限定できるため、APPROPRIATE_NORMATIVEと判定します。,再順位付け器が時間内に終わらない場合は、認可済みの統合順位へ戻すか、回答を保留します。 判断対象は、再順位付け器が時間内に終わらない場合は、認可済みの統合順位へ戻すか、回答を保留することを定める安全性・アクセス制御規則です。外部資料から一般的な効果を導くのではなく、次の検査を受入条件とします。reranker timeoutを注入し、requestがauthorized fused rankへ戻るかabstainし、部分rerank結果や非許可candidateを回答contextへ入れないことを確認する。 適用除外は次の場合に限定します。deadline前に完了したreranker結果だけは通常経路で使えるが、timeout後に到着した結果を進行中requestへ混ぜない。 受入条件と例外境界を台帳で検査できるため、APPROPRIATE_NORMATIVEと判定します。,SENT-1715の規則種別、受入条件、例外境界を完成した日本語で説明し、slash連結された理由文を除去する。
SENT-1723,verdict_reason,フィルターによって候補集合が小さくなると、近似最近傍（Approximate Nearest Neighbor：ANN）検索で必要な候補を拾いにくくなる場合があります。 検証対象として filterでeligible candidateが少なくなると／filter付きANNがgold candidateを探索できずRecallを落とす場合があります を区別し、この文が断定する UNFORMALIZED_NATURAL_LANGUAGE_CLAIM と関係 UNFORMALIZED について、資料候補の記録は SRC-002 https://aclanthology.org/2020.emnlp-main.550/ — abstract inspected 2026-08-15; 現主張への直接locatorは未確定; SRC-005 https://doi.org/10.1561/1500000019 — primary_page inspected 2026-08-15; 現主張への直接locatorは未確定; SRC-042 https://arxiv.org/abs/1908.10084 — abstract inspected 2026-08-15; 現主張への直接locatorは未確定 ですが、現主張を再特定する直接locatorは未確定です。そこで主体・対象・条件を保った filterでeligible candidateが少なくなると、filter付きANNがgold candidateを探索できずRecallを落とす場合があります。 へ変更し、未確認の一般化または因果を本文から外すためREWRITE_REQUIREDと判定します。,フィルターによって候補集合が小さくなると、近似最近傍（Approximate Nearest Neighbor：ANN）検索で必要な候補を拾いにくくなる場合があります。 判断対象は、filterでeligible candidateが少なくなると、filter付きANNがgold candidateを探索できずRecallを落とす場合があることに限定した修正です。現文のUNFORMALIZED_NATURAL_LANGUAGE_CLAIMと関係UNFORMALIZEDには、候補資料は記録されていますが、現主張を再特定する直接locatorは未確定です。修正後は次の文とします。filterでeligible candidateが少なくなると、filter付きANNがgold candidateを探索できずRecallを落とす場合があります。 この限定で主体・対象・条件を保ちながら未確認の一般化または因果を除くため、REWRITE_REQUIREDと判定します。,SENT-1723の規則種別、受入条件、例外境界を完成した日本語で説明し、slash連結された理由文を除去する。
SENT-1724,normative_criteria,検証対象は次の条件です: 権限を緩めず／検索深度／条件に対応したANN検索／インデックス分割などの性能対策を検討します。当該規則の対象resourceとattributeをauthorization fixtureへ登録し、許可主体では取得・利用でき、非許可主体ではcandidate、context、answerの全段階でゼロ件になることを確認する。,権限を緩めず、検索深度、条件に対応したANN検索、インデックス分割などの性能対策を検討することを定める安全性・アクセス制御規則について、この規則の対象resourceとattributeをauthorization fixtureへ登録し、許可主体では取得・利用でき、非許可主体ではcandidate、context、answerの全段階でゼロ件になることを確認する。,SENT-1724の主体、観測方法、合格条件または例外契機を通常の日本語で明示し、payload注入型の共通shellを除去する。
SENT-1724,exceptions,例外判断で参照する条件は次のとおりです: 権限を緩めず／検索深度／条件に対応したANN検索／インデックス分割などの性能対策を検討します。当該規則より法令、契約、組織policyが厳しい場合は厳しい統制を優先し、性能、可用性、費用を理由に対象resourceのauthorizationまたは隔離を省略しない。,権限を緩めず、検索深度、条件に対応したANN検索、インデックス分割などの性能対策を検討することを定める安全性・アクセス制御規則の例外として、この規則より法令、契約、組織policyが厳しい場合は厳しい統制を優先し、性能、可用性、費用を理由に対象resourceのauthorizationまたは隔離を省略しない。,SENT-1724の主体、観測方法、合格条件または例外契機を通常の日本語で明示し、payload注入型の共通shellを除去する。
SENT-1724,verdict_reason,権限を緩めず、検索深度、条件に対応したANN検索、インデックス分割などの性能対策を検討します。 この記述は 権限を緩めず／検索深度／条件に対応したANN検索／インデックス分割などの性能対策を検討します を本ガイドの設計・評価・運用へ適用する規則で、外部研究の効果を一般化する文ではありません。履行を 検証対象は次の条件です: 権限を緩めず／検索深度／条件に対応したANN検索／インデックス分割などの性能対策を検討します。当該規則の対象resourceとattributeをauthorization fixtureへ登録し、許可主体では取得・利用でき、非許可主体ではcandidate、context、answerの全段階でゼロ件になることを確認する。 により観測し、適用除外を 例外判断で参照する条件は次のとおりです: 権限を緩めず／検索深度／条件に対応したANN検索／インデックス分割などの性能対策を検討します。当該規則より法令、契約、組織policyが厳しい場合は厳しい統制を優先し、性能、可用性、費用を理由に対象resourceのauthorizationまたは隔離を省略しない。 に限定できるため、APPROPRIATE_NORMATIVEと判定します。,権限を緩めず、検索深度、条件に対応したANN検索、インデックス分割などの性能対策を検討します。 判断対象は、権限を緩めず、検索深度、条件に対応したANN検索、インデックス分割などの性能対策を検討することを定める安全性・アクセス制御規則です。外部資料から一般的な効果を導くのではなく、次の検査を受入条件とします。権限を緩めず、検索深度、条件に対応したANN検索、インデックス分割などの性能対策を検討することを定める安全性・アクセス制御規則について、この規則の対象resourceとattributeをauthorization fixtureへ登録し、許可主体では取得・利用でき、非許可主体ではcandidate、context、answerの全段階でゼロ件になることを確認する。 適用除外は次の場合に限定します。権限を緩めず、検索深度、条件に対応したANN検索、インデックス分割などの性能対策を検討することを定める安全性・アクセス制御規則の例外として、この規則より法令、契約、組織policyが厳しい場合は厳しい統制を優先し、性能、可用性、費用を理由に対象resourceのauthorizationまたは隔離を省略しない。 受入条件と例外境界を台帳で検査できるため、APPROPRIATE_NORMATIVEと判定します。,SENT-1724の規則種別、受入条件、例外境界を完成した日本語で説明し、slash連結された理由文を除去する。
SENT-1730,verdict_reason,認可サービスの結果を各検索器へ渡します。 この記述は 認可サービスの結果を各検索器へ渡します を本ガイドの設計・評価・運用へ適用する規則で、外部研究の効果を一般化する文ではありません。履行を 認可サービスの結果を各検索器へ渡します。 authorization serviceが返した許可resource集合とpolicy versionをsparse・dense各retriever requestへ渡し、両経路のcandidateが許可集合内に収まることを確認します。 により観測し、適用除外を 認可サービスの結果を各検索器へ渡します。 authorization serviceがtimeoutまたは判定不能になったrequestはfail closedとし、無filterのretrievalへfallbackしません。 に限定できるため、APPROPRIATE_NORMATIVEと判定します。,認可サービスの結果を各検索器へ渡します。 判断対象は、認可サービスの結果を各検索器へ渡すことを定める安全性・アクセス制御規則です。外部資料から一般的な効果を導くのではなく、次の検査を受入条件とします。認可サービスの結果を各検索器へ渡します。 authorization serviceが返した許可resource集合とpolicy versionをsparse・dense各retriever requestへ渡し、両経路のcandidateが許可集合内に収まることを確認します。 適用除外は次の場合に限定します。認可サービスの結果を各検索器へ渡します。 authorization serviceがtimeoutまたは判定不能になったrequestはfail closedとし、無filterのretrievalへfallbackしません。 受入条件と例外境界を台帳で検査できるため、APPROPRIATE_NORMATIVEと判定します。,SENT-1730の規則種別、受入条件、例外境界を完成した日本語で説明し、slash連結された理由文を除去する。
SENT-1735,verdict_reason,製品、地域、文書種別は、利用者が明示した場合は必須フィルター、推定した場合は順位調整条件にできます。 この記述は 利用者が明示した製品・地域・文書種別は必須フィルターとし／モデルが推定した条件は推定由来を記録して順位調整にだけ用います を本ガイドの設計・評価・運用へ適用する規則で、外部研究の効果を一般化する文ではありません。履行を 条件ごとにexplicitまたはinferredのprovenanceとconfidenceを記録し、必須filterは利用者明示値または検証済み正本値だけから作る。 により観測し、適用除外を 法令・契約・検証済みmaster dataが要求する条件は必須filterにできる。低confidenceの推定値で候補を除外しない。 に限定できるため、APPROPRIATE_NORMATIVEと判定します。,製品、地域、文書種別は、利用者が明示した場合は必須フィルター、推定した場合は順位調整条件にできます。 判断対象は、利用者が明示した製品・地域・文書種別は必須フィルターとし、モデルが推定した条件は推定由来を記録して順位調整にだけ用いることを定める追跡性・証跡管理規則です。外部資料から一般的な効果を導くのではなく、次の検査を受入条件とします。条件ごとにexplicitまたはinferredのprovenanceとconfidenceを記録し、必須filterは利用者明示値または検証済み正本値だけから作る。 適用除外は次の場合に限定します。法令・契約・検証済みmaster dataが要求する条件は必須filterにできる。低confidenceの推定値で候補を除外しない。 受入条件と例外境界を台帳で検査できるため、APPROPRIATE_NORMATIVEと判定します。,SENT-1735の規則種別、受入条件、例外境界を完成した日本語で説明し、slash連結された理由文を除去する。
SENT-1760,normative_criteria,検証対象は次の条件です: post-filterで候補が不足する場合に権限条件を緩めるのではなく／filtered ANN／検索深度の調整／別indexへのroutingを検討します。当該規則の対象resourceとattributeをauthorization fixtureへ登録し、許可主体では取得・利用でき、非許可主体ではcandidate、context、answerの全段階でゼロ件になることを確認する。,post-filterで候補が不足する場合に権限条件を緩めるのではなく、filtered ANN、検索深度の調整、別indexへのroutingを検討することを定める安全性・アクセス制御規則について、この規則の対象resourceとattributeをauthorization fixtureへ登録し、許可主体では取得・利用でき、非許可主体ではcandidate、context、answerの全段階でゼロ件になることを確認する。,SENT-1760の主体、観測方法、合格条件または例外契機を通常の日本語で明示し、payload注入型の共通shellを除去する。
SENT-1760,exceptions,例外判断で参照する条件は次のとおりです: post-filterで候補が不足する場合に権限条件を緩めるのではなく／filtered ANN／検索深度の調整／別indexへのroutingを検討します。当該規則より法令、契約、組織policyが厳しい場合は厳しい統制を優先し、性能、可用性、費用を理由に対象resourceのauthorizationまたは隔離を省略しない。,post-filterで候補が不足する場合に権限条件を緩めるのではなく、filtered ANN、検索深度の調整、別indexへのroutingを検討することを定める安全性・アクセス制御規則の例外として、この規則より法令、契約、組織policyが厳しい場合は厳しい統制を優先し、性能、可用性、費用を理由に対象resourceのauthorizationまたは隔離を省略しない。,SENT-1760の主体、観測方法、合格条件または例外契機を通常の日本語で明示し、payload注入型の共通shellを除去する。
SENT-1760,verdict_reason,post-filterで候補が不足する場合に権限条件を緩めるのではなく、filtered ANN、検索深度の調整、別indexへのroutingを検討します。 この記述は post-filterで候補が不足する場合に権限条件を緩めるのではなく／filtered ANN／検索深度の調整／別indexへのroutingを検討します を本ガイドの設計・評価・運用へ適用する規則で、外部研究の効果を一般化する文ではありません。履行を 検証対象は次の条件です: post-filterで候補が不足する場合に権限条件を緩めるのではなく／filtered ANN／検索深度の調整／別indexへのroutingを検討します。当該規則の対象resourceとattributeをauthorization fixtureへ登録し、許可主体では取得・利用でき、非許可主体ではcandidate、context、answerの全段階でゼロ件になることを確認する。 により観測し、適用除外を 例外判断で参照する条件は次のとおりです: post-filterで候補が不足する場合に権限条件を緩めるのではなく／filtered ANN／検索深度の調整／別indexへのroutingを検討します。当該規則より法令、契約、組織policyが厳しい場合は厳しい統制を優先し、性能、可用性、費用を理由に対象resourceのauthorizationまたは隔離を省略しない。 に限定できるため、APPROPRIATE_NORMATIVEと判定します。,post-filterで候補が不足する場合に権限条件を緩めるのではなく、filtered ANN、検索深度の調整、別indexへのroutingを検討します。 判断対象は、post-filterで候補が不足する場合に権限条件を緩めるのではなく、filtered ANN、検索深度の調整、別indexへのroutingを検討することを定める安全性・アクセス制御規則です。外部資料から一般的な効果を導くのではなく、次の検査を受入条件とします。post-filterで候補が不足する場合に権限条件を緩めるのではなく、filtered ANN、検索深度の調整、別indexへのroutingを検討することを定める安全性・アクセス制御規則について、この規則の対象resourceとattributeをauthorization fixtureへ登録し、許可主体では取得・利用でき、非許可主体ではcandidate、context、answerの全段階でゼロ件になることを確認する。 適用除外は次の場合に限定します。post-filterで候補が不足する場合に権限条件を緩めるのではなく、filtered ANN、検索深度の調整、別indexへのroutingを検討することを定める安全性・アクセス制御規則の例外として、この規則より法令、契約、組織policyが厳しい場合は厳しい統制を優先し、性能、可用性、費用を理由に対象resourceのauthorizationまたは隔離を省略しない。 受入条件と例外境界を台帳で検査できるため、APPROPRIATE_NORMATIVEと判定します。,SENT-1760の規則種別、受入条件、例外境界を完成した日本語で説明し、slash連結された理由文を除去する。
SENT-1771,verdict_reason,正解根拠が「取得されなかった」「フィルターで除かれた」「順位統合で下がった」「再順位付けで落ちた」を区別します。 この記述は 正解根拠が「取得されなかった」「フィルターで除かれた」「順位統合で下がった」「再順位付けで落ちた」を区別します を本ガイドの設計・評価・運用へ適用する規則で、外部研究の効果を一般化する文ではありません。履行を 各failed queryでgold evidenceのcandidate生成、filter後、fusion後、rerank後の存在とrankを記録し、最初に欠落した段階をnot-retrieved、filtered、fusion-demoted、rerank-droppedへ分類する。 により観測し、適用除外を 複数段階に独立failureがある場合は主因と副因を併記し、最終欠落だけを一律にretriever failureとしない。 に限定できるため、APPROPRIATE_NORMATIVEと判定します。,正解根拠が「取得されなかった」「フィルターで除かれた」「順位統合で下がった」「再順位付けで落ちた」を区別します。 判断対象は、正解根拠が「取得されなかった」「フィルターで除かれた」「順位統合で下がった」「再順位付けで落ちた」を区別することを定める運用規則です。外部資料から一般的な効果を導くのではなく、次の検査を受入条件とします。各failed queryでgold evidenceのcandidate生成、filter後、fusion後、rerank後の存在とrankを記録し、最初に欠落した段階をnot-retrieved、filtered、fusion-demoted、rerank-droppedへ分類する。 適用除外は次の場合に限定します。複数段階に独立failureがある場合は主因と副因を併記し、最終欠落だけを一律にretriever failureとしない。 受入条件と例外境界を台帳で検査できるため、APPROPRIATE_NORMATIVEと判定します。,SENT-1771の規則種別、受入条件、例外境界を完成した日本語で説明し、slash連結された理由文を除去する。
SENT-1775,verdict_reason,retrievalの改善は、候補が足りないという現象を一つの原因で説明しないことから始まります。 この記述は retrievalの候補不足は／corpus欠損／indexの古さ／解析・分割／質問変換／filter／順位付けの原因へ分けて診断します を本ガイドの設計・評価・運用へ適用する規則で、外部研究の効果を一般化する文ではありません。履行を 失敗queryごとに各段階の入力、候補数、除外理由、順位、版をtraceし、少なくとも一つの原因または未分類へ割り当てる。 により観測し、適用除外を 複合原因は複数labelを許し、証跡不足時は原因を推測せず未分類として再計測する。 に限定できるため、APPROPRIATE_NORMATIVEと判定します。,retrievalの改善は、候補が足りないという現象を一つの原因で説明しないことから始まります。 判断対象は、retrievalの候補不足は、corpus欠損、indexの古さ、解析・分割、質問変換、filter、順位付けの原因へ分けて診断することを定める検索・経路選択規則です。外部資料から一般的な効果を導くのではなく、次の検査を受入条件とします。失敗queryごとに各段階の入力、候補数、除外理由、順位、版をtraceし、少なくとも一つの原因または未分類へ割り当てる。 適用除外は次の場合に限定します。複合原因は複数labelを許し、証跡不足時は原因を推測せず未分類として再計測する。 受入条件と例外境界を台帳で検査できるため、APPROPRIATE_NORMATIVEと判定します。,SENT-1775の規則種別、受入条件、例外境界を完成した日本語で説明し、slash連結された理由文を除去する。
SENT-1799,normative_criteria,検証対象は次の条件です: query normalization／検索器の設定／fusion／filter／chunk／indexの修正で再現失敗を解消できるなら／第4章までのbaselineを改善します。当該規則で指定した検索経路と分岐条件をtraceへ記録し、条件を満たすfixtureと満たさないfixtureで、選択retriever、candidate集合、fallback先が期待値に一致することを確認する。,query normalization、検索器の設定、fusion、filter、chunk、indexの修正で再現失敗を解消できるなら、第4章までのbaselineを改善することを定める検索・経路選択規則について、この規則で指定した検索経路と分岐条件をtraceへ記録し、条件を満たすfixtureと満たさないfixtureで、選択retriever、candidate集合、fallback先が期待値に一致することを確認する。,SENT-1799の主体、観測方法、合格条件または例外契機を通常の日本語で明示し、payload注入型の共通shellを除去する。
SENT-1799,exceptions,例外判断で参照する条件は次のとおりです: query normalization／検索器の設定／fusion／filter／chunk／indexの修正で再現失敗を解消できるなら／第4章までのbaselineを改善します。当該規則より単純な経路が同じ品質・安全性・latency・costのgateを満たす場合は代替できるが、分岐、fallback、artifact provenanceを失う省略は行わない。,query normalization、検索器の設定、fusion、filter、chunk、indexの修正で再現失敗を解消できるなら、第4章までのbaselineを改善することを定める検索・経路選択規則の例外として、この規則より単純な経路が同じ品質・安全性・latency・costのgateを満たす場合は代替できるが、分岐、fallback、artifact provenanceを失う省略は行わない。,SENT-1799の主体、観測方法、合格条件または例外契機を通常の日本語で明示し、payload注入型の共通shellを除去する。
SENT-1799,verdict_reason,query normalization、検索器の設定、fusion、filter、chunk、indexの修正で再現失敗を解消できるなら、第4章までのbaselineを改善します。 この記述は query normalization／検索器の設定／fusion／filter／chunk／indexの修正で再現失敗を解消できるなら／第4章までのbaselineを改善します を本ガイドの設計・評価・運用へ適用する規則で、外部研究の効果を一般化する文ではありません。履行を 検証対象は次の条件です: query normalization／検索器の設定／fusion／filter／chunk／indexの修正で再現失敗を解消できるなら／第4章までのbaselineを改善します。当該規則で指定した検索経路と分岐条件をtraceへ記録し、条件を満たすfixtureと満たさないfixtureで、選択retriever、candidate集合、fallback先が期待値に一致することを確認する。 により観測し、適用除外を 例外判断で参照する条件は次のとおりです: query normalization／検索器の設定／fusion／filter／chunk／indexの修正で再現失敗を解消できるなら／第4章までのbaselineを改善します。当該規則より単純な経路が同じ品質・安全性・latency・costのgateを満たす場合は代替できるが、分岐、fallback、artifact provenanceを失う省略は行わない。 に限定できるため、APPROPRIATE_NORMATIVEと判定します。,query normalization、検索器の設定、fusion、filter、chunk、indexの修正で再現失敗を解消できるなら、第4章までのbaselineを改善します。 判断対象は、query normalization、検索器の設定、fusion、filter、chunk、indexの修正で再現失敗を解消できるなら、第4章までのbaselineを改善することを定める検索・経路選択規則です。外部資料から一般的な効果を導くのではなく、次の検査を受入条件とします。query normalization、検索器の設定、fusion、filter、chunk、indexの修正で再現失敗を解消できるなら、第4章までのbaselineを改善することを定める検索・経路選択規則について、この規則で指定した検索経路と分岐条件をtraceへ記録し、条件を満たすfixtureと満たさないfixtureで、選択retriever、candidate集合、fallback先が期待値に一致することを確認する。 適用除外は次の場合に限定します。query normalization、検索器の設定、fusion、filter、chunk、indexの修正で再現失敗を解消できるなら、第4章までのbaselineを改善することを定める検索・経路選択規則の例外として、この規則より単純な経路が同じ品質・安全性・latency・costのgateを満たす場合は代替できるが、分岐、fallback、artifact provenanceを失う省略は行わない。 受入条件と例外境界を台帳で検査できるため、APPROPRIATE_NORMATIVEと判定します。,SENT-1799の規則種別、受入条件、例外境界を完成した日本語で説明し、slash連結された理由文を除去する。
SENT-1819,verdict_reason,「製品Aだけ」と利用者が明示した場合は必須フィルターにでき、モデルが製品Aだと推定しただけなら順位の引き上げまたは別検索にします。 この記述は 「製品Aだけ」と利用者が明示した場合は必須フィルターにでき／モデルが製品Aだと推定しただけなら順位の引き上げまたは別検索にします を本ガイドの設計・評価・運用へ適用する規則で、外部研究の効果を一般化する文ではありません。履行を 『製品Aだけ』のような明示条件はrequired filterとして、model推定の製品値はboostまたはparallel searchとしてtraceへ区別して保存し、推定だけで他製品を除外しない。 により観測し、適用除外を 利用者が保存済みprofileで必須範囲を事前承認している場合は明示条件として扱えるが、profile versionと適用通知を記録する。 に限定できるため、APPROPRIATE_NORMATIVEと判定します。,「製品Aだけ」と利用者が明示した場合は必須フィルターにでき、モデルが製品Aだと推定しただけなら順位の引き上げまたは別検索にします。 判断対象は、「製品Aだけ」と利用者が明示した場合は必須フィルターにでき、モデルが製品Aだと推定しただけなら順位の引き上げまたは別検索にすることを定める運用規則です。外部資料から一般的な効果を導くのではなく、次の検査を受入条件とします。『製品Aだけ』のような明示条件はrequired filterとして、model推定の製品値はboostまたはparallel searchとしてtraceへ区別して保存し、推定だけで他製品を除外しない。 適用除外は次の場合に限定します。利用者が保存済みprofileで必須範囲を事前承認している場合は明示条件として扱えるが、profile versionと適用通知を記録する。 受入条件と例外境界を台帳で検査できるため、APPROPRIATE_NORMATIVEと判定します。,SENT-1819の規則種別、受入条件、例外境界を完成した日本語で説明し、slash連結された理由文を除去する。
SENT-1822,normative_criteria,検証対象は次の条件です: 文書・チャンクID／テナント／許可主体／機密区分／状態／版／有効期間／情報源種別／信頼度／言語を定義します。当該規則に列挙したauthorization、document/chunk、rank、evidence、answer、citation、configuration versionを一つのtrace IDへ保存し、許可外itemがtrace内にゼロ件であることを検査する。,文書・チャンクID、テナント、許可主体、機密区分、状態、版、有効期間、情報源種別、信頼度、言語を定義することを定める安全性・アクセス制御規則について、この規則に列挙したauthorization、document/chunk、rank、evidence、answer、citation、configuration versionを一つのtrace IDへ保存し、許可外itemがtrace内にゼロ件であることを検査する。,SENT-1822の主体、観測方法、合格条件または例外契機を通常の日本語で明示し、payload注入型の共通shellを除去する。
SENT-1822,exceptions,例外判断で参照する条件は次のとおりです: 文書・チャンクID／テナント／許可主体／機密区分／状態／版／有効期間／情報源種別／信頼度／言語を定義します。当該規則より法令、契約、組織policyが厳しい場合は厳しい統制を優先し、性能、可用性、費用を理由に対象resourceのauthorizationまたは隔離を省略しない。,文書・チャンクID、テナント、許可主体、機密区分、状態、版、有効期間、情報源種別、信頼度、言語を定義することを定める安全性・アクセス制御規則の例外として、この規則より法令、契約、組織policyが厳しい場合は厳しい統制を優先し、性能、可用性、費用を理由に対象resourceのauthorizationまたは隔離を省略しない。,SENT-1822の主体、観測方法、合格条件または例外契機を通常の日本語で明示し、payload注入型の共通shellを除去する。
SENT-1822,verdict_reason,文書・チャンクID、テナント、許可主体、機密区分、状態、版、有効期間、情報源種別、信頼度、言語を定義します。 この記述は 文書・チャンクID／テナント／許可主体／機密区分／状態／版／有効期間／情報源種別／信頼度／言語を定義します を本ガイドの設計・評価・運用へ適用する規則で、外部研究の効果を一般化する文ではありません。履行を 検証対象は次の条件です: 文書・チャンクID／テナント／許可主体／機密区分／状態／版／有効期間／情報源種別／信頼度／言語を定義します。当該規則に列挙したauthorization、document/chunk、rank、evidence、answer、citation、configuration versionを一つのtrace IDへ保存し、許可外itemがtrace内にゼロ件であることを検査する。 により観測し、適用除外を 例外判断で参照する条件は次のとおりです: 文書・チャンクID／テナント／許可主体／機密区分／状態／版／有効期間／情報源種別／信頼度／言語を定義します。当該規則より法令、契約、組織policyが厳しい場合は厳しい統制を優先し、性能、可用性、費用を理由に対象resourceのauthorizationまたは隔離を省略しない。 に限定できるため、APPROPRIATE_NORMATIVEと判定します。,文書・チャンクID、テナント、許可主体、機密区分、状態、版、有効期間、情報源種別、信頼度、言語を定義します。 判断対象は、文書・チャンクID、テナント、許可主体、機密区分、状態、版、有効期間、情報源種別、信頼度、言語を定義することを定める安全性・アクセス制御規則です。外部資料から一般的な効果を導くのではなく、次の検査を受入条件とします。文書・チャンクID、テナント、許可主体、機密区分、状態、版、有効期間、情報源種別、信頼度、言語を定義することを定める安全性・アクセス制御規則について、この規則に列挙したauthorization、document/chunk、rank、evidence、answer、citation、configuration versionを一つのtrace IDへ保存し、許可外itemがtrace内にゼロ件であることを検査する。 適用除外は次の場合に限定します。文書・チャンクID、テナント、許可主体、機密区分、状態、版、有効期間、情報源種別、信頼度、言語を定義することを定める安全性・アクセス制御規則の例外として、この規則より法令、契約、組織policyが厳しい場合は厳しい統制を優先し、性能、可用性、費用を理由に対象resourceのauthorizationまたは隔離を省略しない。 受入条件と例外境界を台帳で検査できるため、APPROPRIATE_NORMATIVEと判定します。,SENT-1822の規則種別、受入条件、例外境界を完成した日本語で説明し、slash連結された理由文を除去する。
SENT-1827,normative_criteria,検証対象は次の条件です: 添付／コメント／埋め込み資料が親文書と異なるACLを持つ場合は／例外関係として明示します。当該規則の対象resourceとattributeをauthorization fixtureへ登録し、許可主体では取得・利用でき、非許可主体ではcandidate、context、answerの全段階でゼロ件になることを確認する。,添付、コメント、埋め込み資料が親文書と異なるACLを持つ場合は、例外関係として明示することを定める安全性・アクセス制御規則について、この規則の対象resourceとattributeをauthorization fixtureへ登録し、許可主体では取得・利用でき、非許可主体ではcandidate、context、answerの全段階でゼロ件になることを確認する。,SENT-1827の主体、観測方法、合格条件または例外契機を通常の日本語で明示し、payload注入型の共通shellを除去する。
SENT-1827,exceptions,例外判断で参照する条件は次のとおりです: 添付／コメント／埋め込み資料が親文書と異なるACLを持つ場合は／例外関係として明示します。当該規則より法令、契約、組織policyが厳しい場合は厳しい統制を優先し、性能、可用性、費用を理由に対象resourceのauthorizationまたは隔離を省略しない。,添付、コメント、埋め込み資料が親文書と異なるACLを持つ場合は、例外関係として明示することを定める安全性・アクセス制御規則の例外として、この規則より法令、契約、組織policyが厳しい場合は厳しい統制を優先し、性能、可用性、費用を理由に対象resourceのauthorizationまたは隔離を省略しない。,SENT-1827の主体、観測方法、合格条件または例外契機を通常の日本語で明示し、payload注入型の共通shellを除去する。
SENT-1827,verdict_reason,添付、コメント、埋め込み資料が親文書と異なるACLを持つ場合は、例外関係として明示します。 この記述は 添付／コメント／埋め込み資料が親文書と異なるACLを持つ場合は／例外関係として明示します を本ガイドの設計・評価・運用へ適用する規則で、外部研究の効果を一般化する文ではありません。履行を 検証対象は次の条件です: 添付／コメント／埋め込み資料が親文書と異なるACLを持つ場合は／例外関係として明示します。当該規則の対象resourceとattributeをauthorization fixtureへ登録し、許可主体では取得・利用でき、非許可主体ではcandidate、context、answerの全段階でゼロ件になることを確認する。 により観測し、適用除外を 例外判断で参照する条件は次のとおりです: 添付／コメント／埋め込み資料が親文書と異なるACLを持つ場合は／例外関係として明示します。当該規則より法令、契約、組織policyが厳しい場合は厳しい統制を優先し、性能、可用性、費用を理由に対象resourceのauthorizationまたは隔離を省略しない。 に限定できるため、APPROPRIATE_NORMATIVEと判定します。,添付、コメント、埋め込み資料が親文書と異なるACLを持つ場合は、例外関係として明示します。 判断対象は、添付、コメント、埋め込み資料が親文書と異なるACLを持つ場合は、例外関係として明示することを定める安全性・アクセス制御規則です。外部資料から一般的な効果を導くのではなく、次の検査を受入条件とします。添付、コメント、埋め込み資料が親文書と異なるACLを持つ場合は、例外関係として明示することを定める安全性・アクセス制御規則について、この規則の対象resourceとattributeをauthorization fixtureへ登録し、許可主体では取得・利用でき、非許可主体ではcandidate、context、answerの全段階でゼロ件になることを確認する。 適用除外は次の場合に限定します。添付、コメント、埋め込み資料が親文書と異なるACLを持つ場合は、例外関係として明示することを定める安全性・アクセス制御規則の例外として、この規則より法令、契約、組織policyが厳しい場合は厳しい統制を優先し、性能、可用性、費用を理由に対象resourceのauthorizationまたは隔離を省略しない。 受入条件と例外境界を台帳で検査できるため、APPROPRIATE_NORMATIVEと判定します。,SENT-1827の規則種別、受入条件、例外境界を完成した日本語で説明し、slash連結された理由文を除去する。
SENT-1854,verdict_reason,研究結果だけで方式を固定せず、フィルターの選択率ごとに完全探索との一致と処理時間を測ります。 この記述は 研究結果だけで方式を固定せず／フィルターの選択率ごとに完全探索との一致と処理時間を測ります を本ガイドの設計・評価・運用へ適用する規則で、外部研究の効果を一般化する文ではありません。履行を filter selectivityの複数bucketごとにANNとexact searchのcandidate一致率、Recall、処理時間を同じquery setで測り、研究報告値ではなく対象indexの結果で方式を決める。 により観測し、適用除外を exact searchが計算上不可能な全量indexでは代表sampleで一致率を測れるが、sample方法と信頼区間を併記する。 に限定できるため、APPROPRIATE_NORMATIVEと判定します。,研究結果だけで方式を固定せず、フィルターの選択率ごとに完全探索との一致と処理時間を測ります。 判断対象は、研究結果だけで方式を固定せず、フィルターの選択率ごとに完全探索との一致と処理時間を測ることを定める評価・採否規則です。外部資料から一般的な効果を導くのではなく、次の検査を受入条件とします。filter selectivityの複数bucketごとにANNとexact searchのcandidate一致率、Recall、処理時間を同じquery setで測り、研究報告値ではなく対象indexの結果で方式を決める。 適用除外は次の場合に限定します。exact searchが計算上不可能な全量indexでは代表sampleで一致率を測れるが、sample方法と信頼区間を併記する。 受入条件と例外境界を台帳で検査できるため、APPROPRIATE_NORMATIVEと判定します。,SENT-1854の規則種別、受入条件、例外境界を完成した日本語で説明し、slash連結された理由文を除去する。
SENT-1877,normative_criteria,検証対象は次の条件です: 主体／テナント／方針の版／評価した条件／フィルター前後の候補数／除外理由を記録します。当該規則に列挙したauthorization、document/chunk、rank、evidence、answer、citation、configuration versionを一つのtrace IDへ保存し、許可外itemがtrace内にゼロ件であることを検査する。,主体、テナント、方針の版、評価した条件、フィルター前後の候補数、除外理由を記録することを定める評価・採否規則について、この規則に列挙したauthorization、document/chunk、rank、evidence、answer、citation、configuration versionを一つのtrace IDへ保存し、許可外itemがtrace内にゼロ件であることを検査する。,SENT-1877の主体、観測方法、合格条件または例外契機を通常の日本語で明示し、payload注入型の共通shellを除去する。
SENT-1877,exceptions,例外判断で参照する条件は次のとおりです: 主体／テナント／方針の版／評価した条件／フィルター前後の候補数／除外理由を記録します。当該規則の記録に保存制約がある値は承認済みのhash・仮名化参照へ置換できるが、authorization decisionとartifact間の対応は削除しない。,主体、テナント、方針の版、評価した条件、フィルター前後の候補数、除外理由を記録することを定める評価・採否規則の例外として、対象の記録に保存制約がある値は承認済みのhash・仮名化参照へ置換できるが、authorization decisionとartifact間の対応は削除しない。,SENT-1877の主体、観測方法、合格条件または例外契機を通常の日本語で明示し、payload注入型の共通shellを除去する。
SENT-1877,verdict_reason,主体、テナント、方針の版、評価した条件、フィルター前後の候補数、除外理由を記録します。 この記述は 主体／テナント／方針の版／評価した条件／フィルター前後の候補数／除外理由を記録します を本ガイドの設計・評価・運用へ適用する規則で、外部研究の効果を一般化する文ではありません。履行を 検証対象は次の条件です: 主体／テナント／方針の版／評価した条件／フィルター前後の候補数／除外理由を記録します。当該規則に列挙したauthorization、document/chunk、rank、evidence、answer、citation、configuration versionを一つのtrace IDへ保存し、許可外itemがtrace内にゼロ件であることを検査する。 により観測し、適用除外を 例外判断で参照する条件は次のとおりです: 主体／テナント／方針の版／評価した条件／フィルター前後の候補数／除外理由を記録します。当該規則の記録に保存制約がある値は承認済みのhash・仮名化参照へ置換できるが、authorization decisionとartifact間の対応は削除しない。 に限定できるため、APPROPRIATE_NORMATIVEと判定します。,主体、テナント、方針の版、評価した条件、フィルター前後の候補数、除外理由を記録します。 判断対象は、主体、テナント、方針の版、評価した条件、フィルター前後の候補数、除外理由を記録することを定める評価・採否規則です。外部資料から一般的な効果を導くのではなく、次の検査を受入条件とします。主体、テナント、方針の版、評価した条件、フィルター前後の候補数、除外理由を記録することを定める評価・採否規則について、この規則に列挙したauthorization、document/chunk、rank、evidence、answer、citation、configuration versionを一つのtrace IDへ保存し、許可外itemがtrace内にゼロ件であることを検査する。 適用除外は次の場合に限定します。主体、テナント、方針の版、評価した条件、フィルター前後の候補数、除外理由を記録することを定める評価・採否規則の例外として、対象の記録に保存制約がある値は承認済みのhash・仮名化参照へ置換できるが、authorization decisionとartifact間の対応は削除しない。 受入条件と例外境界を台帳で検査できるため、APPROPRIATE_NORMATIVEと判定します。,SENT-1877の規則種別、受入条件、例外境界を完成した日本語で説明し、slash連結された理由文を除去する。
SENT-1887,normative_criteria,検証対象は次の条件です: 本ガイドでは／分割時の重なりを／重なりを持たせて分割した隣接チャンクの共通部分と定義します。当該規則について、本文、図表、schema、評価台帳で同じ対象、単位、入出力を使用し、異なる意味で使う箇所がrepository内検索でゼロ件であることを確認する。,本ガイドでは、分割時の重なりを、重なりを持たせて分割した隣接チャンクの共通部分と定義することを定める用語・工程定義について、本文、図表、schema、評価台帳で同じ対象、単位、入出力を使用し、異なる意味で使う箇所がrepository内検索でゼロ件であることを確認する。,SENT-1887の主体、観測方法、合格条件または例外契機を通常の日本語で明示し、payload注入型の共通shellを除去する。
SENT-1887,exceptions,例外判断で参照する条件は次のとおりです: 本ガイドでは／分割時の重なりを／重なりを持たせて分割した隣接チャンクの共通部分と定義します。当該規則が公式標準または製品仕様の同名語と異なる場合はローカル定義であることと対応関係を併記し、公式語の意味を上書きしない。,本ガイドでは、分割時の重なりを、重なりを持たせて分割した隣接チャンクの共通部分と定義することを定める用語・工程定義の例外として、当該規則が公式標準または製品仕様の同名語と異なる場合はローカル定義であることと対応関係を併記し、公式語の意味を上書きしない。,SENT-1887の主体、観測方法、合格条件または例外契機を通常の日本語で明示し、payload注入型の共通shellを除去する。
SENT-1887,verdict_reason,分割時の重なりは、重なりを持たせて分割した隣接チャンクの共通部分です。 この記述は 本ガイドでは／分割時の重なりを／重なりを持たせて分割した隣接チャンクの共通部分と定義します を本ガイドの設計・評価・運用へ適用する規則で、外部研究の効果を一般化する文ではありません。履行を 検証対象は次の条件です: 本ガイドでは／分割時の重なりを／重なりを持たせて分割した隣接チャンクの共通部分と定義します。当該規則について、本文、図表、schema、評価台帳で同じ対象、単位、入出力を使用し、異なる意味で使う箇所がrepository内検索でゼロ件であることを確認する。 により観測し、適用除外を 例外判断で参照する条件は次のとおりです: 本ガイドでは／分割時の重なりを／重なりを持たせて分割した隣接チャンクの共通部分と定義します。当該規則が公式標準または製品仕様の同名語と異なる場合はローカル定義であることと対応関係を併記し、公式語の意味を上書きしない。 に限定できるため、APPROPRIATE_NORMATIVEと判定します。,分割時の重なりは、重なりを持たせて分割した隣接チャンクの共通部分です。 判断対象は、本ガイドでは、分割時の重なりを、重なりを持たせて分割した隣接チャンクの共通部分と定義することを定める用語・工程定義です。外部資料から一般的な効果を導くのではなく、次の検査を受入条件とします。本ガイドでは、分割時の重なりを、重なりを持たせて分割した隣接チャンクの共通部分と定義することを定める用語・工程定義について、本文、図表、schema、評価台帳で同じ対象、単位、入出力を使用し、異なる意味で使う箇所がrepository内検索でゼロ件であることを確認する。 適用除外は次の場合に限定します。本ガイドでは、分割時の重なりを、重なりを持たせて分割した隣接チャンクの共通部分と定義することを定める用語・工程定義の例外として、当該規則が公式標準または製品仕様の同名語と異なる場合はローカル定義であることと対応関係を併記し、公式語の意味を上書きしない。 受入条件と例外境界を台帳で検査できるため、APPROPRIATE_NORMATIVEと判定します。,SENT-1887の規則種別、受入条件、例外境界を完成した日本語で説明し、slash連結された理由文を除去する。
SENT-1891,verdict_reason,"Broderの研究は、文書の類似性と包含関係を測る基礎的な方法を示しました。 検証対象として Broderの研究は／対象documentをshingle集合として表し／その集合間のresemblanceとcontainmentを測る方法を提示しています を区別し、この文が断定する NL_PROPOSITION(Broderの研究は、文書の類似性と包含関係を測る基礎的な方法を示しました。) と関係 NOT_APPLICABLE について、根拠境界は primary source page/title and method overview, “On the resemblance and containment of documents”; inspected 2026-08-15、外的真偽水準は UNVERIFIED です。そこで主体・対象・条件を保った Broderの研究は、対象documentをshingle集合として表し、その集合間のresemblanceとcontainmentを測る方法を提示しています。 へ変更し、未確認の一般化または因果を本文から外すためREWRITE_REQUIREDと判定します。",Broderの研究は、文書の類似性と包含関係を測る基礎的な方法を示しました。 判断対象は、Broderの研究は、対象documentをshingle集合として表し、その集合間のresemblanceとcontainmentを測る方法を提示していることに限定した修正です。現文のNL_PROPOSITION(Broderの研究は、文書の類似性と包含関係を測る基礎的な方法を示しました。)と関係NOT_APPLICABLEには、根拠の外的真偽水準はUNVERIFIEDで、直接根拠の境界は台帳のlocatorに限定されます。修正後は次の文とします。Broderの研究は、対象documentをshingle集合として表し、その集合間のresemblanceとcontainmentを測る方法を提示しています。 この限定で主体・対象・条件を保ちながら未確認の一般化または因果を除くため、REWRITE_REQUIREDと判定します。,SENT-1891の規則種別、受入条件、例外境界を完成した日本語で説明し、slash連結された理由文を除去する。
SENT-1914,verdict_reason,結合後も、元チャンクと原文範囲の対応を保持します。 この記述は 結合後も／元チャンクと原文範囲の対応を保持します を本ガイドの設計・評価・運用へ適用する規則で、外部研究の効果を一般化する文ではありません。履行を chunk結合後も各spanにsource URI、document version、元chunk ID、page/offsetを保持し、結合textの任意箇所から原文範囲を逆引きできることを確認する。 により観測し、適用除外を 隣接する同一source・同一versionのspanは表示上まとめられるが、内部provenanceの境界は削除しない。 に限定できるため、APPROPRIATE_NORMATIVEと判定します。,結合後も、元チャンクと原文範囲の対応を保持します。 判断対象は、結合後も、元チャンクと原文範囲の対応を保持することを定める運用規則です。外部資料から一般的な効果を導くのではなく、次の検査を受入条件とします。chunk結合後も各spanにsource URI、document version、元chunk ID、page/offsetを保持し、結合textの任意箇所から原文範囲を逆引きできることを確認する。 適用除外は次の場合に限定します。隣接する同一source・同一versionのspanは表示上まとめられるが、内部provenanceの境界は削除しない。 受入条件と例外境界を台帳で検査できるため、APPROPRIATE_NORMATIVEと判定します。,SENT-1914の規則種別、受入条件、例外境界を完成した日本語で説明し、slash連結された理由文を除去する。
SENT-1917,verdict_reason,親子検索では、複数の子チャンクが同じ親へ展開された時点で、親を一件にまとめます。 検証対象として 親子検索では／複数の子チャンクが同じ親へ展開された時点で／その親を一件にまとめます を区別し、この文が断定する temporal_freshness=true と関係 NOT_APPLICABLE について、資料候補の記録は SRC-080 https://arxiv.org/abs/2107.06499 — abstract inspected 2026-08-15; 現主張への直接locatorは未確定; SRC-083 https://arxiv.org/abs/2108.04026 — abstract inspected 2026-08-15; 現主張への直接locatorは未確定 ですが、現主張を再特定する直接locatorは未確定です。そこで主体・対象・条件を保った 親子検索では、複数の子チャンクが同じ親へ展開された時点で、その親を一件にまとめます。 へ変更し、未確認の一般化または因果を本文から外すためREWRITE_REQUIREDと判定します。,親子検索では、複数の子チャンクが同じ親へ展開された時点で、親を一件にまとめます。 判断対象は、親子検索では、複数の子チャンクが同じ親へ展開された時点で、その親を一件にまとめることに限定した修正です。現文のtemporal_freshness=trueと関係NOT_APPLICABLEには、候補資料は記録されていますが、現主張を再特定する直接locatorは未確定です。修正後は次の文とします。親子検索では、複数の子チャンクが同じ親へ展開された時点で、その親を一件にまとめます。 この限定で主体・対象・条件を保ちながら未確認の一般化または因果を除くため、REWRITE_REQUIREDと判定します。,SENT-1917の規則種別、受入条件、例外境界を完成した日本語で説明し、slash連結された理由文を除去する。
SENT-1937,normative_criteria,検証対象は次の条件です: 内容ハッシュで分かる完全重複は再順位付け前に除き／同じ候補へ高価なモデルを繰り返し適用しません。当該規則で使用するhashまたはstable IDを同一入力と変更入力から生成し、同一入力は同じID、source/version/spanが異なる入力は別IDとなり、deduplication結果を逆引きできることを確認する。,内容ハッシュで分かる完全重複は再順位付け前に除き、同じ候補へ高価なモデルを繰り返し適用しないことを定める検索・経路選択規則について、この規則で使用するhashまたはstable IDを同一入力と変更入力から生成し、同一入力は同じID、source/version/spanが異なる入力は別IDとなり、deduplication結果を逆引きできることを確認する。,SENT-1937の主体、観測方法、合格条件または例外契機を通常の日本語で明示し、payload注入型の共通shellを除去する。
SENT-1937,exceptions,例外判断で参照する条件は次のとおりです: 内容ハッシュで分かる完全重複は再順位付け前に除き／同じ候補へ高価なモデルを繰り返し適用しません。当該規則の値に個人情報または保存期限の制約がある場合は仮名化・分離保管へ置換できるが、source/version/spanを復元する承認済み対応表は保持する。,内容ハッシュで分かる完全重複は再順位付け前に除き、同じ候補へ高価なモデルを繰り返し適用しないことを定める検索・経路選択規則の例外として、対象値に個人情報または保存期限の制約がある場合は仮名化・分離保管へ置換できるが、source/version/spanを復元する承認済み対応表は保持する。,SENT-1937の主体、観測方法、合格条件または例外契機を通常の日本語で明示し、payload注入型の共通shellを除去する。
SENT-1937,verdict_reason,内容ハッシュで分かる完全重複は再順位付け前に除き、同じ候補へ高価なモデルを繰り返し適用しません。 この記述は 内容ハッシュで分かる完全重複は再順位付け前に除き／同じ候補へ高価なモデルを繰り返し適用しません を本ガイドの設計・評価・運用へ適用する規則で、外部研究の効果を一般化する文ではありません。履行を 検証対象は次の条件です: 内容ハッシュで分かる完全重複は再順位付け前に除き／同じ候補へ高価なモデルを繰り返し適用しません。当該規則で使用するhashまたはstable IDを同一入力と変更入力から生成し、同一入力は同じID、source/version/spanが異なる入力は別IDとなり、deduplication結果を逆引きできることを確認する。 により観測し、適用除外を 例外判断で参照する条件は次のとおりです: 内容ハッシュで分かる完全重複は再順位付け前に除き／同じ候補へ高価なモデルを繰り返し適用しません。当該規則の値に個人情報または保存期限の制約がある場合は仮名化・分離保管へ置換できるが、source/version/spanを復元する承認済み対応表は保持する。 に限定できるため、APPROPRIATE_NORMATIVEと判定します。,内容ハッシュで分かる完全重複は再順位付け前に除き、同じ候補へ高価なモデルを繰り返し適用しません。 判断対象は、内容ハッシュで分かる完全重複は再順位付け前に除き、同じ候補へ高価なモデルを繰り返し適用しないことを定める検索・経路選択規則です。外部資料から一般的な効果を導くのではなく、次の検査を受入条件とします。内容ハッシュで分かる完全重複は再順位付け前に除き、同じ候補へ高価なモデルを繰り返し適用しないことを定める検索・経路選択規則について、この規則で使用するhashまたはstable IDを同一入力と変更入力から生成し、同一入力は同じID、source/version/spanが異なる入力は別IDとなり、deduplication結果を逆引きできることを確認する。 適用除外は次の場合に限定します。内容ハッシュで分かる完全重複は再順位付け前に除き、同じ候補へ高価なモデルを繰り返し適用しないことを定める検索・経路選択規則の例外として、対象値に個人情報または保存期限の制約がある場合は仮名化・分離保管へ置換できるが、source/version/spanを復元する承認済み対応表は保持する。 受入条件と例外境界を台帳で検査できるため、APPROPRIATE_NORMATIVEと判定します。,SENT-1937の規則種別、受入条件、例外境界を完成した日本語で説明し、slash連結された理由文を除去する。
SENT-1938,verdict_reason,意味的な近似重複と多様性は、再順位付け後の関連度を使って判断した方が、主要根拠を保ちやすい場合があります。 検証対象として near-duplicateとdiversityを判定する段階では／first-stage scoreだけでなくreranking後のrelevanceも利用すると／上位evidenceを保持できる場合があります を区別し、この文が断定する UNFORMALIZED_NATURAL_LANGUAGE_CLAIM と関係 UNFORMALIZED について、資料候補の記録は SRC-005 https://doi.org/10.1561/1500000019 — primary_page inspected 2026-08-15; 現主張への直接locatorは未確定; SRC-007 https://aclanthology.org/N18-1074/ — abstract inspected 2026-08-15; 現主張への直接locatorは未確定; SRC-014 https://ieeexplore.ieee.org/document/666900 — primary_page inspected 2026-08-15; 現主張への直接locatorは未確定 ですが、現主張を再特定する直接locatorは未確定です。そこで主体・対象・条件を保った near-duplicateとdiversityを判定する段階では、first-stage scoreだけでなくreranking後のrelevanceも利用すると、上位evidenceを保持できる場合があります。 へ変更し、未確認の一般化または因果を本文から外すためREWRITE_REQUIREDと判定します。,意味的な近似重複と多様性は、再順位付け後の関連度を使って判断した方が、主要根拠を保ちやすい場合があります。 判断対象は、near-duplicateとdiversityを判定する段階では、first-stage scoreだけでなくreranking後のrelevanceも利用すると、上位evidenceを保持できる場合があることに限定した修正です。現文のUNFORMALIZED_NATURAL_LANGUAGE_CLAIMと関係UNFORMALIZEDには、候補資料は記録されていますが、現主張を再特定する直接locatorは未確定です。修正後は次の文とします。near-duplicateとdiversityを判定する段階では、first-stage scoreだけでなくreranking後のrelevanceも利用すると、上位evidenceを保持できる場合があります。 この限定で主体・対象・条件を保ちながら未確認の一般化または因果を除くため、REWRITE_REQUIREDと判定します。,SENT-1938の規則種別、受入条件、例外境界を完成した日本語で説明し、slash連結された理由文を除去する。
SENT-1939,normative_criteria,検証対象は次の条件です: 隣接チャンクを結合する場合は／最大／平均／最上位の順位保持など／スコア統合規則を定めます。当該規則の統合規則をversion管理し、複数retrieverが返す既知rank listから期待するcandidate順序を再現し、生scoreの無条件加算や重複candidateが発生しないことを確認する。,隣接チャンクを結合する場合は、最大、平均、最上位の順位保持など、スコア統合規則を定めることを定めるローカル設計規則について、この規則の統合規則をversion管理し、複数retrieverが返す既知rank listから期待するcandidate順序を再現し、生scoreの無条件加算や重複candidateが発生しないことを確認する。,SENT-1939の主体、観測方法、合格条件または例外契機を通常の日本語で明示し、payload注入型の共通shellを除去する。
SENT-1939,exceptions,例外判断で参照する条件は次のとおりです: 隣接チャンクを結合する場合は／最大／平均／最上位の順位保持など／スコア統合規則を定めます。当該規則と異なる統合方式はcalibration済みscoreまたは別rerankerとしてversion管理できるが、未調整の異尺度scoreを黙って直接加算しない。,隣接チャンクを結合する場合は、最大、平均、最上位の順位保持など、スコア統合規則を定めることを定めるローカル設計規則の例外として、この規則と異なる統合方式はcalibration済みscoreまたは別rerankerとしてversion管理できるが、未調整の異尺度scoreを黙って直接加算しない。,SENT-1939の主体、観測方法、合格条件または例外契機を通常の日本語で明示し、payload注入型の共通shellを除去する。
SENT-1939,verdict_reason,隣接チャンクを結合する場合は、最大、平均、最上位の順位保持など、スコア統合規則を定めます。 この記述は 隣接チャンクを結合する場合は／最大／平均／最上位の順位保持など／スコア統合規則を定めます を本ガイドの設計・評価・運用へ適用する規則で、外部研究の効果を一般化する文ではありません。履行を 検証対象は次の条件です: 隣接チャンクを結合する場合は／最大／平均／最上位の順位保持など／スコア統合規則を定めます。当該規則の統合規則をversion管理し、複数retrieverが返す既知rank listから期待するcandidate順序を再現し、生scoreの無条件加算や重複candidateが発生しないことを確認する。 により観測し、適用除外を 例外判断で参照する条件は次のとおりです: 隣接チャンクを結合する場合は／最大／平均／最上位の順位保持など／スコア統合規則を定めます。当該規則と異なる統合方式はcalibration済みscoreまたは別rerankerとしてversion管理できるが、未調整の異尺度scoreを黙って直接加算しない。 に限定できるため、APPROPRIATE_NORMATIVEと判定します。,隣接チャンクを結合する場合は、最大、平均、最上位の順位保持など、スコア統合規則を定めます。 判断対象は、隣接チャンクを結合する場合は、最大、平均、最上位の順位保持など、スコア統合規則を定めることを定めるローカル設計規則です。外部資料から一般的な効果を導くのではなく、次の検査を受入条件とします。隣接チャンクを結合する場合は、最大、平均、最上位の順位保持など、スコア統合規則を定めることを定めるローカル設計規則について、この規則の統合規則をversion管理し、複数retrieverが返す既知rank listから期待するcandidate順序を再現し、生scoreの無条件加算や重複candidateが発生しないことを確認する。 適用除外は次の場合に限定します。隣接チャンクを結合する場合は、最大、平均、最上位の順位保持など、スコア統合規則を定めることを定めるローカル設計規則の例外として、この規則と異なる統合方式はcalibration済みscoreまたは別rerankerとしてversion管理できるが、未調整の異尺度scoreを黙って直接加算しない。 受入条件と例外境界を台帳で検査できるため、APPROPRIATE_NORMATIVEと判定します。,SENT-1939の規則種別、受入条件、例外境界を完成した日本語で説明し、slash連結された理由文を除去する。
SENT-1954,verdict_reason,相互順位統合（Reciprocal Rank Fusion：RRF）は、BM25と密検索のスコア尺度を揃えずに順位を統合できます。 検証対象として RRFはBM25とdense retrievalの生scoreを同じ尺度へ変換せず／各rank list内の順位から統合順位を計算します を区別し、この文が断定する dense=true と関係 NOT_APPLICABLE について、資料候補の記録は SRC-005 https://doi.org/10.1561/1500000019 — primary_page inspected 2026-08-15; 現主張への直接locatorは未確定; SRC-064 https://dl.acm.org/doi/10.1145/1571941.1572114 — primary_page inspected 2026-08-15; 現主張への直接locatorは未確定 ですが、現主張を再特定する直接locatorは未確定です。そこで主体・対象・条件を保った RRFはBM25とdense retrievalの生scoreを同じ尺度へ変換せず、各rank list内の順位から統合順位を計算します。 へ変更し、未確認の一般化または因果を本文から外すためREWRITE_REQUIREDと判定します。,相互順位統合（Reciprocal Rank Fusion：RRF）は、BM25と密検索のスコア尺度を揃えずに順位を統合できます。 判断対象は、RRFはBM25とdense retrievalの生scoreを同じ尺度へ変換せず、各rank list内の順位から統合順位を計算することに限定した修正です。現文のdense=trueと関係NOT_APPLICABLEには、候補資料は記録されていますが、現主張を再特定する直接locatorは未確定です。修正後は次の文とします。RRFはBM25とdense retrievalの生scoreを同じ尺度へ変換せず、各rank list内の順位から統合順位を計算します。 この限定で主体・対象・条件を保ちながら未確認の一般化または因果を除くため、REWRITE_REQUIREDと判定します。,SENT-1954の規則種別、受入条件、例外境界を完成した日本語で説明し、slash連結された理由文を除去する。
SENT-1958,verdict_reason,正解が候補にない場合は候補生成を、候補にはあるが順位が低い場合は順位統合または再順位付けを調べます。 この記述は 正解が候補にない場合は候補生成を／候補にはあるが順位が低い場合は順位統合または再順位付けを調べます を本ガイドの設計・評価・運用へ適用する規則で、外部研究の効果を一般化する文ではありません。履行を gold evidenceがfirst-stage candidateにないfixtureはcandidate generation、candidateにあるが受入rank未満のfixtureはfusion/rerankingへdiagnosisを割り当て、両者を別issueとして記録する。 により観測し、適用除外を candidate IDまたはgold annotationが欠損して段階を特定できない事例はUNCLASSIFIEDとし、推測でrerankerまたはretrieverへ帰属させない。 に限定できるため、APPROPRIATE_NORMATIVEと判定します。,正解が候補にない場合は候補生成を、候補にはあるが順位が低い場合は順位統合または再順位付けを調べます。 判断対象は、正解が候補にない場合は候補生成を、候補にはあるが順位が低い場合は順位統合または再順位付けを調べることを定める検索・経路選択規則です。外部資料から一般的な効果を導くのではなく、次の検査を受入条件とします。gold evidenceがfirst-stage candidateにないfixtureはcandidate generation、candidateにあるが受入rank未満のfixtureはfusion/rerankingへdiagnosisを割り当て、両者を別issueとして記録する。 適用除外は次の場合に限定します。candidate IDまたはgold annotationが欠損して段階を特定できない事例はUNCLASSIFIEDとし、推測でrerankerまたはretrieverへ帰属させない。 受入条件と例外境界を台帳で検査できるため、APPROPRIATE_NORMATIVEと判定します。,SENT-1958の規則種別、受入条件、例外境界を完成した日本語で説明し、slash連結された理由文を除去する。
SENT-1993,verdict_reason,失敗時は認可済みで検証済みの交差符号化型再順位付け器または統合順位へ戻します。 この記述は 失敗時は認可済みで検証済みの交差符号化型再順位付け器または統合順位へ戻します を本ガイドの設計・評価・運用へ適用する規則で、外部研究の効果を一般化する文ではありません。履行を primary reranker failureを注入し、事前検証済みcross-encoderまたはauthorized fused rankへ切り替わり、fallback versionと選択理由がtraceへ残ることを確認する。 により観測し、適用除外を 検証済みfallbackが利用不能な場合は回答保留とし、未検証rerankerまたは非認可順位を即席で使用しない。 に限定できるため、APPROPRIATE_NORMATIVEと判定します。,失敗時は認可済みで検証済みの交差符号化型再順位付け器または統合順位へ戻します。 判断対象は、失敗時は認可済みで検証済みの交差符号化型再順位付け器または統合順位へ戻すことを定める安全性・アクセス制御規則です。外部資料から一般的な効果を導くのではなく、次の検査を受入条件とします。primary reranker failureを注入し、事前検証済みcross-encoderまたはauthorized fused rankへ切り替わり、fallback versionと選択理由がtraceへ残ることを確認する。 適用除外は次の場合に限定します。検証済みfallbackが利用不能な場合は回答保留とし、未検証rerankerまたは非認可順位を即席で使用しない。 受入条件と例外境界を台帳で検査できるため、APPROPRIATE_NORMATIVEと判定します。,SENT-1993の規則種別、受入条件、例外境界を完成した日本語で説明し、slash連結された理由文を除去する。
SENT-2003,verdict_reason,再順位付け器が利用できない場合は、認可済みの第一段階・統合順位へ戻せます。 この記述は 再順位付け器が利用できない場合は／認可済みの第一段階・統合順位へ戻せます を本ガイドの設計・評価・運用へ適用する規則で、外部研究の効果を一般化する文ではありません。履行を reranker unavailable responseを発生させ、authorized first-stage/fused rankへ戻ること、fallback前後のcandidate IDとrankがtraceに保存されることを確認する。 により観測し、適用除外を first-stage/fused rankがauthorizationまたは品質guardrailを満たさない場合はfallback回答を生成せずabstainする。 に限定できるため、APPROPRIATE_NORMATIVEと判定します。,再順位付け器が利用できない場合は、認可済みの第一段階・統合順位へ戻せます。 判断対象は、再順位付け器が利用できない場合は、認可済みの第一段階・統合順位へ戻せることを定める安全性・アクセス制御規則です。外部資料から一般的な効果を導くのではなく、次の検査を受入条件とします。reranker unavailable responseを発生させ、authorized first-stage/fused rankへ戻ること、fallback前後のcandidate IDとrankがtraceに保存されることを確認する。 適用除外は次の場合に限定します。first-stage/fused rankがauthorizationまたは品質guardrailを満たさない場合はfallback回答を生成せずabstainする。 受入条件と例外境界を台帳で検査できるため、APPROPRIATE_NORMATIVEと判定します。,SENT-2003の規則種別、受入条件、例外境界を完成した日本語で説明し、slash連結された理由文を除去する。
SENT-2008,normative_criteria,検証対象は次の条件です: 全体平均が改善しても／重要質問で必要根拠を落とす／未知の候補IDを出す／処理期限や費用上限を超える場合は採用しません。当該規則に含まれるretriever、candidate数、rank処理を固定したtest queryを実行し、統合前後のcandidate ID・rank・score変換が記述した順序と選択規則に一致することを確認する。,全体平均が改善しても、重要質問で必要根拠を落とす、未知の候補IDを出す、処理期限や費用上限を超える場合は採用しないことを定める評価・採否規則について、この規則に含まれるretriever、candidate数、rank処理を固定したtest queryを実行し、統合前後のcandidate ID・rank・score変換が記述した順序と選択規則に一致することを確認する。,SENT-2008の主体、観測方法、合格条件または例外契機を通常の日本語で明示し、payload注入型の共通shellを除去する。
SENT-2008,exceptions,例外判断で参照する条件は次のとおりです: 全体平均が改善しても／重要質問で必要根拠を落とす／未知の候補IDを出す／処理期限や費用上限を超える場合は採用しません。当該規則の初期値・候補は対象datasetで再調整できるが、変更値、baseline、採用理由を同じresult tableへ残し、未比較の値を既定値として固定しない。,全体平均が改善しても、重要質問で必要根拠を落とす、未知の候補IDを出す、処理期限や費用上限を超える場合は採用しないことを定める評価・採否規則の例外として、初期値・候補は対象datasetで再調整できるが、変更値、baseline、採用理由を同じresult tableへ残し、未比較の値を既定値として固定しない。,SENT-2008の主体、観測方法、合格条件または例外契機を通常の日本語で明示し、payload注入型の共通shellを除去する。
SENT-2008,verdict_reason,全体平均が改善しても、重要質問で必要根拠を落とす、未知の候補IDを出す、処理期限や費用上限を超える場合は採用しません。 この記述は 全体平均が改善しても／重要質問で必要根拠を落とす／未知の候補IDを出す／処理期限や費用上限を超える場合は採用しません を本ガイドの設計・評価・運用へ適用する規則で、外部研究の効果を一般化する文ではありません。履行を 検証対象は次の条件です: 全体平均が改善しても／重要質問で必要根拠を落とす／未知の候補IDを出す／処理期限や費用上限を超える場合は採用しません。当該規則に含まれるretriever、candidate数、rank処理を固定したtest queryを実行し、統合前後のcandidate ID・rank・score変換が記述した順序と選択規則に一致することを確認する。 により観測し、適用除外を 例外判断で参照する条件は次のとおりです: 全体平均が改善しても／重要質問で必要根拠を落とす／未知の候補IDを出す／処理期限や費用上限を超える場合は採用しません。当該規則の初期値・候補は対象datasetで再調整できるが、変更値、baseline、採用理由を同じresult tableへ残し、未比較の値を既定値として固定しない。 に限定できるため、APPROPRIATE_NORMATIVEと判定します。,全体平均が改善しても、重要質問で必要根拠を落とす、未知の候補IDを出す、処理期限や費用上限を超える場合は採用しません。 判断対象は、全体平均が改善しても、重要質問で必要根拠を落とす、未知の候補IDを出す、処理期限や費用上限を超える場合は採用しないことを定める評価・採否規則です。外部資料から一般的な効果を導くのではなく、次の検査を受入条件とします。全体平均が改善しても、重要質問で必要根拠を落とす、未知の候補IDを出す、処理期限や費用上限を超える場合は採用しないことを定める評価・採否規則について、この規則に含まれるretriever、candidate数、rank処理を固定したtest queryを実行し、統合前後のcandidate ID・rank・score変換が記述した順序と選択規則に一致することを確認する。 適用除外は次の場合に限定します。全体平均が改善しても、重要質問で必要根拠を落とす、未知の候補IDを出す、処理期限や費用上限を超える場合は採用しないことを定める評価・採否規則の例外として、初期値・候補は対象datasetで再調整できるが、変更値、baseline、採用理由を同じresult tableへ残し、未比較の値を既定値として固定しない。 受入条件と例外境界を台帳で検査できるため、APPROPRIATE_NORMATIVEと判定します。,SENT-2008の規則種別、受入条件、例外境界を完成した日本語で説明し、slash連結された理由文を除去する。
SENT-2014,verdict_reason,関連度ラベルがない初期段階では、RRFと汎用の交差符号化器を基準にできます。 検証対象として relevance labelがない初期段階では／RRFと事前学習済みcross-encoderを比較baselineとして使用します を区別し、この文が断定する UNFORMALIZED_NATURAL_LANGUAGE_CLAIM と関係 UNFORMALIZED について、資料候補の記録は SRC-064 https://dl.acm.org/doi/10.1145/1571941.1572114 — primary_page inspected 2026-08-15; 現主張への直接locatorは未確定 ですが、現主張を再特定する直接locatorは未確定です。そこで主体・対象・条件を保った relevance labelがない初期段階では、RRFと事前学習済みcross-encoderを比較baselineとして使用します。 へ変更し、未確認の一般化または因果を本文から外すためREWRITE_REQUIREDと判定します。,関連度ラベルがない初期段階では、RRFと汎用の交差符号化器を基準にできます。 判断対象は、relevance labelがない初期段階では、RRFと事前学習済みcross-encoderを比較baselineとして使用することに限定した修正です。現文のUNFORMALIZED_NATURAL_LANGUAGE_CLAIMと関係UNFORMALIZEDには、候補資料は記録されていますが、現主張を再特定する直接locatorは未確定です。修正後は次の文とします。relevance labelがない初期段階では、RRFと事前学習済みcross-encoderを比較baselineとして使用します。 この限定で主体・対象・条件を保ちながら未確認の一般化または因果を除くため、REWRITE_REQUIREDと判定します。,SENT-2014の規則種別、受入条件、例外境界を完成した日本語で説明し、slash連結された理由文を除去する。
SENT-2015,normative_criteria,検証対象は次の条件です: 十分な人手判定が蓄積した後に／分野向け追加学習／monoT5／RankT5を比較します。当該規則に挙げた選択肢を同じdataset version、query slice、gold evidence、負荷条件で比較し、対象sliceごとの品質・latency・costを一つのresult tableへ記録する。,十分な人手判定が蓄積した後に、分野向け追加学習、monoT5、RankT5を比較することを定める評価・採否規則について、この規則に挙げた選択肢を同じdataset version、query slice、gold evidence、負荷条件で比較し、対象sliceごとの品質・latency・costを一つのresult tableへ記録する。,SENT-2015の主体、観測方法、合格条件または例外契機を通常の日本語で明示し、payload注入型の共通shellを除去する。
SENT-2015,exceptions,例外判断で参照する条件は次のとおりです: 十分な人手判定が蓄積した後に／分野向け追加学習／monoT5／RankT5を比較します。当該規則を評価するgold evidenceがないslice、標本不足のslice、負荷条件が異なるrunは合否集計から分離し、他sliceの平均結果を外挿しない。,十分な人手判定が蓄積した後に、分野向け追加学習、monoT5、RankT5を比較することを定める評価・採否規則の例外として、判定に必要なgold evidenceがないslice、標本不足のslice、負荷条件が異なるrunは合否集計から分離し、他sliceの平均結果を外挿しない。,SENT-2015の主体、観測方法、合格条件または例外契機を通常の日本語で明示し、payload注入型の共通shellを除去する。
SENT-2015,verdict_reason,十分な人手判定が蓄積した後に、分野向け追加学習、monoT5、RankT5を比較します。 この記述は 十分な人手判定が蓄積した後に／分野向け追加学習／monoT5／RankT5を比較します を本ガイドの設計・評価・運用へ適用する規則で、外部研究の効果を一般化する文ではありません。履行を 検証対象は次の条件です: 十分な人手判定が蓄積した後に／分野向け追加学習／monoT5／RankT5を比較します。当該規則に挙げた選択肢を同じdataset version、query slice、gold evidence、負荷条件で比較し、対象sliceごとの品質・latency・costを一つのresult tableへ記録する。 により観測し、適用除外を 例外判断で参照する条件は次のとおりです: 十分な人手判定が蓄積した後に／分野向け追加学習／monoT5／RankT5を比較します。当該規則を評価するgold evidenceがないslice、標本不足のslice、負荷条件が異なるrunは合否集計から分離し、他sliceの平均結果を外挿しない。 に限定できるため、APPROPRIATE_NORMATIVEと判定します。,十分な人手判定が蓄積した後に、分野向け追加学習、monoT5、RankT5を比較します。 判断対象は、十分な人手判定が蓄積した後に、分野向け追加学習、monoT5、RankT5を比較することを定める評価・採否規則です。外部資料から一般的な効果を導くのではなく、次の検査を受入条件とします。十分な人手判定が蓄積した後に、分野向け追加学習、monoT5、RankT5を比較することを定める評価・採否規則について、この規則に挙げた選択肢を同じdataset version、query slice、gold evidence、負荷条件で比較し、対象sliceごとの品質・latency・costを一つのresult tableへ記録する。 適用除外は次の場合に限定します。十分な人手判定が蓄積した後に、分野向け追加学習、monoT5、RankT5を比較することを定める評価・採否規則の例外として、判定に必要なgold evidenceがないslice、標本不足のslice、負荷条件が異なるrunは合否集計から分離し、他sliceの平均結果を外挿しない。 受入条件と例外境界を台帳で検査できるため、APPROPRIATE_NORMATIVEと判定します。,SENT-2015の規則種別、受入条件、例外境界を完成した日本語で説明し、slash連結された理由文を除去する。
SENT-2028,normative_criteria,検証対象は次の条件です: 本ガイドでは／チャンク分割を検索単位を決める工程／再順位付けを候補順序を変える工程／重複排除を同じ内容をまとめる工程として区別します。当該規則について、本文、図表、schema、評価台帳で同じ対象、単位、入出力を使用し、異なる意味で使う箇所がrepository内検索でゼロ件であることを確認する。,本ガイドでは、チャンク分割を検索単位を決める工程、再順位付けを候補順序を変える工程、重複排除を同じ内容をまとめる工程として区別することを定める検索・経路選択規則について、本文、図表、schema、評価台帳で同じ対象、単位、入出力を使用し、異なる意味で使う箇所がrepository内検索でゼロ件であることを確認する。,SENT-2028の主体、観測方法、合格条件または例外契機を通常の日本語で明示し、payload注入型の共通shellを除去する。
SENT-2028,exceptions,例外判断で参照する条件は次のとおりです: 本ガイドでは／チャンク分割を検索単位を決める工程／再順位付けを候補順序を変える工程／重複排除を同じ内容をまとめる工程として区別します。当該規則が公式標準または製品仕様の同名語と異なる場合はローカル定義であることと対応関係を併記し、公式語の意味を上書きしない。,本ガイドでは、チャンク分割を検索単位を決める工程、再順位付けを候補順序を変える工程、重複排除を同じ内容をまとめる工程として区別することを定める検索・経路選択規則の例外として、当該規則が公式標準または製品仕様の同名語と異なる場合はローカル定義であることと対応関係を併記し、公式語の意味を上書きしない。,SENT-2028の主体、観測方法、合格条件または例外契機を通常の日本語で明示し、payload注入型の共通shellを除去する。
SENT-2028,verdict_reason,チャンク分割はインデックス作成時の検索単位を決め、再順位付けは候補の順序を変え、重複排除は同じ内容をまとめます。 この記述は 本ガイドでは／チャンク分割を検索単位を決める工程／再順位付けを候補順序を変える工程／重複排除を同じ内容をまとめる工程として区別します を本ガイドの設計・評価・運用へ適用する規則で、外部研究の効果を一般化する文ではありません。履行を 検証対象は次の条件です: 本ガイドでは／チャンク分割を検索単位を決める工程／再順位付けを候補順序を変える工程／重複排除を同じ内容をまとめる工程として区別します。当該規則について、本文、図表、schema、評価台帳で同じ対象、単位、入出力を使用し、異なる意味で使う箇所がrepository内検索でゼロ件であることを確認する。 により観測し、適用除外を 例外判断で参照する条件は次のとおりです: 本ガイドでは／チャンク分割を検索単位を決める工程／再順位付けを候補順序を変える工程／重複排除を同じ内容をまとめる工程として区別します。当該規則が公式標準または製品仕様の同名語と異なる場合はローカル定義であることと対応関係を併記し、公式語の意味を上書きしない。 に限定できるため、APPROPRIATE_NORMATIVEと判定します。,チャンク分割はインデックス作成時の検索単位を決め、再順位付けは候補の順序を変え、重複排除は同じ内容をまとめます。 判断対象は、本ガイドでは、チャンク分割を検索単位を決める工程、再順位付けを候補順序を変える工程、重複排除を同じ内容をまとめる工程として区別することを定める検索・経路選択規則です。外部資料から一般的な効果を導くのではなく、次の検査を受入条件とします。本ガイドでは、チャンク分割を検索単位を決める工程、再順位付けを候補順序を変える工程、重複排除を同じ内容をまとめる工程として区別することを定める検索・経路選択規則について、本文、図表、schema、評価台帳で同じ対象、単位、入出力を使用し、異なる意味で使う箇所がrepository内検索でゼロ件であることを確認する。 適用除外は次の場合に限定します。本ガイドでは、チャンク分割を検索単位を決める工程、再順位付けを候補順序を変える工程、重複排除を同じ内容をまとめる工程として区別することを定める検索・経路選択規則の例外として、当該規則が公式標準または製品仕様の同名語と異なる場合はローカル定義であることと対応関係を併記し、公式語の意味を上書きしない。 受入条件と例外境界を台帳で検査できるため、APPROPRIATE_NORMATIVEと判定します。,SENT-2028の規則種別、受入条件、例外境界を完成した日本語で説明し、slash連結された理由文を除去する。
SENT-2045,verdict_reason,RAGTruthは、取得コンテキストに対する生成内容の支持・矛盾を細かく分類するデータを提供しました。 検証対象として RAGTruthは／収録したRAG出力について／retrieved contextに支持されない生成と矛盾する生成を細分類したcorpusを提供しています を区別し、この文が断定する evidence_support=true と関係 NOT_APPLICABLE について、資料候補の記録は SRC-090 https://arxiv.org/abs/2401.00396 — abstract inspected 2026-08-15; 現主張への直接locatorは未確定 ですが、現主張を再特定する直接locatorは未確定です。そこで主体・対象・条件を保った RAGTruthは、収録したRAG出力について、retrieved contextに支持されない生成と矛盾する生成を細分類したcorpusを提供しています。 へ変更し、未確認の一般化または因果を本文から外すためREWRITE_REQUIREDと判定します。,RAGTruthは、取得コンテキストに対する生成内容の支持・矛盾を細かく分類するデータを提供しました。 判断対象は、RAGTruthは、収録したRAG出力について、retrieved contextに支持されない生成と矛盾する生成を細分類したcorpusを提供していることに限定した修正です。現文のevidence_support=trueと関係NOT_APPLICABLEには、候補資料は記録されていますが、現主張を再特定する直接locatorは未確定です。修正後は次の文とします。RAGTruthは、収録したRAG出力について、retrieved contextに支持されない生成と矛盾する生成を細分類したcorpusを提供しています。 この限定で主体・対象・条件を保ちながら未確認の一般化または因果を除くため、REWRITE_REQUIREDと判定します。,SENT-2045の規則種別、受入条件、例外境界を完成した日本語で説明し、slash連結された理由文を除去する。
SENT-2050,verdict_reason,削除禁止のトークン・ブロックを定義します。 この記述は 削除禁止のトークン・ブロックを定義します を本ガイドの設計・評価・運用へ適用する規則で、外部研究の効果を一般化する文ではありません。履行を 否定語、数値、識別子、引用locator、承認条件を削除禁止token/blockとして登録し、圧縮後も完全一致で残ることをfixtureで確認する。 により観測し、適用除外を 同義な正規化へ置換する場合は元表記との対応を保存できるが、意味や適用範囲が変わる要約置換は認めない。 に限定できるため、APPROPRIATE_NORMATIVEと判定します。,削除禁止のトークン・ブロックを定義します。 判断対象は、削除禁止のトークン・ブロックを定義することを定める用語・工程定義です。外部資料から一般的な効果を導くのではなく、次の検査を受入条件とします。否定語、数値、識別子、引用locator、承認条件を削除禁止token/blockとして登録し、圧縮後も完全一致で残ることをfixtureで確認する。 適用除外は次の場合に限定します。同義な正規化へ置換する場合は元表記との対応を保存できるが、意味や適用範囲が変わる要約置換は認めない。 受入条件と例外境界を台帳で検査できるため、APPROPRIATE_NORMATIVEと判定します。,SENT-2050の規則種別、受入条件、例外境界を完成した日本語で説明し、slash連結された理由文を除去する。
SENT-2062,verdict_reason,評価した条件では入力を短くしても元のモデル出力との近さを比較的保ちましたが、回答の正しさを保つことまでは証明していません。 検証対象として Selective Contextの評価では／入力短縮後の出力を元model出力との近さで比較していますが／その結果だけでは個々の回答の正しさが保持されるとは判断できません を区別し、この文が断定する evaluation=true と関係 NOT について、資料候補の記録は SRC-093 https://arxiv.org/abs/2310.06201 — abstract inspected 2026-08-15; 現主張への直接locatorは未確定 ですが、現主張を再特定する直接locatorは未確定です。そこで主体・対象・条件を保った Selective Contextの評価では、入力短縮後の出力を元model出力との近さで比較していますが、その結果だけでは個々の回答の正しさが保持されるとは判断できません。 へ変更し、未確認の一般化または因果を本文から外すためREWRITE_REQUIREDと判定します。,評価した条件では入力を短くしても元のモデル出力との近さを比較的保ちましたが、回答の正しさを保つことまでは証明していません。 判断対象は、Selective Contextの評価では、入力短縮後の出力を元model出力との近さで比較していますが、その結果だけでは個々の回答の正しさが保持されるとは判断できないことに限定した修正です。現文のevaluation=trueと関係NOTには、候補資料は記録されていますが、現主張を再特定する直接locatorは未確定です。修正後は次の文とします。Selective Contextの評価では、入力短縮後の出力を元model出力との近さで比較していますが、その結果だけでは個々の回答の正しさが保持されるとは判断できません。 この限定で主体・対象・条件を保ちながら未確認の一般化または因果を除くため、REWRITE_REQUIREDと判定します。,SENT-2062の規則種別、受入条件、例外境界を完成した日本語で説明し、slash連結された理由文を除去する。
SENT-2078,verdict_reason,根拠がトークン予算を超える、候補が長い、質問に関係する情報密度が低い場合に起動します。 この記述は 根拠がトークン予算を超える／候補が長い／質問に関係する情報密度が低い場合に起動します を本ガイドの設計・評価・運用へ適用する規則で、外部研究の効果を一般化する文ではありません。履行を 根拠tokenがbudgetを超える、candidate lengthが上限超過、関連情報密度が設定閾値未満のいずれかをcompression起動条件とし、条件外では自動圧縮しない。 により観測し、適用除外を 安全上必須のpolicy blockはbudget超過時も削らず、収まらない場合は回答保留または追加取得へ切り替える。 に限定できるため、APPROPRIATE_NORMATIVEと判定します。,根拠がトークン予算を超える、候補が長い、質問に関係する情報密度が低い場合に起動します。 判断対象は、根拠がトークン予算を超える、候補が長い、質問に関係する情報密度が低い場合に起動することを定める検索・経路選択規則です。外部資料から一般的な効果を導くのではなく、次の検査を受入条件とします。根拠tokenがbudgetを超える、candidate lengthが上限超過、関連情報密度が設定閾値未満のいずれかをcompression起動条件とし、条件外では自動圧縮しない。 適用除外は次の場合に限定します。安全上必須のpolicy blockはbudget超過時も削らず、収まらない場合は回答保留または追加取得へ切り替える。 受入条件と例外境界を台帳で検査できるため、APPROPRIATE_NORMATIVEと判定します。,SENT-2078の規則種別、受入条件、例外境界を完成した日本語で説明し、slash連結された理由文を除去する。
SENT-2083,verdict_reason,トークン削減と応答時間だけでなく、必要根拠の保持率、引用の正しさ、原文への忠実性を採用基準にします。 この記述は トークン削減と応答時間だけでなく／必要根拠の保持率／引用の正しさ／原文への忠実性を採用基準にします を本ガイドの設計・評価・運用へ適用する規則で、外部研究の効果を一般化する文ではありません。履行を compression candidateはtoken数とlatencyに加え、必要evidence保持率、citation correctness、原文忠実性を同じgold setで測り、四指標の必須guardrailをすべて満たす場合だけ採用する。 により観測し、適用除外を 検索専用画面で回答生成をしない場合は原文忠実性を適用しないが、evidence保持率とlocator正確性は省略しない。 に限定できるため、APPROPRIATE_NORMATIVEと判定します。,トークン削減と応答時間だけでなく、必要根拠の保持率、引用の正しさ、原文への忠実性を採用基準にします。 判断対象は、トークン削減と応答時間だけでなく、必要根拠の保持率、引用の正しさ、原文への忠実性を採用基準にすることを定める運用規則です。外部資料から一般的な効果を導くのではなく、次の検査を受入条件とします。compression candidateはtoken数とlatencyに加え、必要evidence保持率、citation correctness、原文忠実性を同じgold setで測り、四指標の必須guardrailをすべて満たす場合だけ採用する。 適用除外は次の場合に限定します。検索専用画面で回答生成をしない場合は原文忠実性を適用しないが、evidence保持率とlocator正確性は省略しない。 受入条件と例外境界を台帳で検査できるため、APPROPRIATE_NORMATIVEと判定します。,SENT-2083の規則種別、受入条件、例外境界を完成した日本語で説明し、slash連結された理由文を除去する。
SENT-2093,verdict_reason,FActScoreは、長文回答をこれ以上分けにくい小さな事実へ分け、知識源による支持を評価します。 検証対象として FActScoreは／評価対象のlong-form answerをatomic factへ分割し／各factが指定knowledge sourceで支持されるかを測定します を区別し、この文が断定する evidence_support=true と関係 NOT_APPLICABLE について、資料候補の記録は SRC-094 https://arxiv.org/abs/2305.14251 — abstract inspected 2026-08-15; 現主張への直接locatorは未確定 ですが、現主張を再特定する直接locatorは未確定です。そこで主体・対象・条件を保った FActScoreは、評価対象のlong-form answerをatomic factへ分割し、各factが指定knowledge sourceで支持されるかを測定します。 へ変更し、未確認の一般化または因果を本文から外すためREWRITE_REQUIREDと判定します。,FActScoreは、長文回答をこれ以上分けにくい小さな事実へ分け、知識源による支持を評価します。 判断対象は、FActScoreは、評価対象のlong-form answerをatomic factへ分割し、各factが指定knowledge sourceで支持されるかを測定することに限定した修正です。現文のevidence_support=trueと関係NOT_APPLICABLEには、候補資料は記録されていますが、現主張を再特定する直接locatorは未確定です。修正後は次の文とします。FActScoreは、評価対象のlong-form answerをatomic factへ分割し、各factが指定knowledge sourceで支持されるかを測定します。 この限定で主体・対象・条件を保ちながら未確認の一般化または因果を除くため、REWRITE_REQUIREDと判定します。,SENT-2093の規則種別、受入条件、例外境界を完成した日本語で説明し、slash連結された理由文を除去する。
SENT-2139,verdict_reason,隣接チャンクは重複範囲だけを除いて結合し、異なる情報源の境界は保持します。 この記述は 隣接チャンクは重複範囲だけを除いて結合し／異なる情報源の境界は保持します を本ガイドの設計・評価・運用へ適用する規則で、外部研究の効果を一般化する文ではありません。履行を 同一source・同一versionの隣接chunkだけを結合し、overlap spanを一度だけ残す。sourceまたはversionが異なる境界では結合しないことをfixtureで確認する。 により観測し、適用除外を 複数sourceを並べて提示する場合は表示containerへまとめられるが、各sourceのtextとlocatorを別evidence itemとして保持する。 に限定できるため、APPROPRIATE_NORMATIVEと判定します。,隣接チャンクは重複範囲だけを除いて結合し、異なる情報源の境界は保持します。 判断対象は、隣接チャンクは重複範囲だけを除いて結合し、異なる情報源の境界は保持することを定める運用規則です。外部資料から一般的な効果を導くのではなく、次の検査を受入条件とします。同一source・同一versionの隣接chunkだけを結合し、overlap spanを一度だけ残す。sourceまたはversionが異なる境界では結合しないことをfixtureで確認する。 適用除外は次の場合に限定します。複数sourceを並べて提示する場合は表示containerへまとめられるが、各sourceのtextとlocatorを別evidence itemとして保持する。 受入条件と例外境界を台帳で検査できるため、APPROPRIATE_NORMATIVEと判定します。,SENT-2139の規則種別、受入条件、例外境界を完成した日本語で説明し、slash連結された理由文を除去する。
SENT-2154,verdict_reason,図は同じ根拠を三つの位置で比較した実験結果ではありません。 この記述は 図は同じ根拠を三つの位置で比較した実験結果ではありません を本ガイドの設計・評価・運用へ適用する規則で、外部研究の効果を一般化する文ではありません。履行を 図は同じ根拠を三つの位置で比較した実験結果ではありません。 図のcaptionと本文で三つの位置が同一根拠を比較した実験条件として記述されていないことを確認し、図を実験結果の数値比較として引用しないようfigure reviewへ記録します。 により観測し、適用除外を 図は同じ根拠を三つの位置で比較した実験結果ではありません。 同一根拠を三位置で比較した別実験を示す場合は、そのdataset、model、position、metricを図4-5とは別のevidence locatorへ結び付けます。 に限定できるため、APPROPRIATE_NORMATIVEと判定します。,図は同じ根拠を三つの位置で比較した実験結果ではありません。 判断対象は、図は同じ根拠を三つの位置で比較した実験結果ではないことを定める評価・採否規則です。外部資料から一般的な効果を導くのではなく、次の検査を受入条件とします。図は同じ根拠を三つの位置で比較した実験結果ではありません。 図のcaptionと本文で三つの位置が同一根拠を比較した実験条件として記述されていないことを確認し、図を実験結果の数値比較として引用しないようfigure reviewへ記録します。 適用除外は次の場合に限定します。図は同じ根拠を三つの位置で比較した実験結果ではありません。 同一根拠を三位置で比較した別実験を示す場合は、そのdataset、model、position、metricを図4-5とは別のevidence locatorへ結び付けます。 受入条件と例外境界を台帳で検査できるため、APPROPRIATE_NORMATIVEと判定します。,SENT-2154の規則種別、受入条件、例外境界を完成した日本語で説明し、slash連結された理由文を除去する。
SENT-2155,verdict_reason,位置だけで利用しやすさが決まるわけではなく、モデル、質問、入力長によって結果は変わります。 検証対象として Lost in the Middleの位置効果は／同論文が評価したモデル／質問／入力長での結果であり／位置だけを利用可否の決定要因とはみなしません を区別し、この文が断定する empirical_result=true と関係 NOT_APPLICABLE について、資料候補の記録は SRC-035 https://arxiv.org/abs/2307.03172 — abstract inspected 2026-08-15; 現主張への直接locatorは未確定 ですが、現主張を再特定する直接locatorは未確定です。そこで主体・対象・条件を保った Lost in the Middleの位置効果は、同論文が評価したモデル、質問、入力長での結果であり、位置だけを利用可否の決定要因とはみなしません。 へ変更し、未確認の一般化または因果を本文から外すためREWRITE_REQUIREDと判定します。,位置だけで利用しやすさが決まるわけではなく、モデル、質問、入力長によって結果は変わります。 判断対象は、Lost in the Middleの位置効果は、同論文が評価したモデル、質問、入力長での結果であり、位置だけを利用可否の決定要因とはみなさないことに限定した修正です。現文のempirical_result=trueと関係NOT_APPLICABLEには、候補資料は記録されていますが、現主張を再特定する直接locatorは未確定です。修正後は次の文とします。Lost in the Middleの位置効果は、同論文が評価したモデル、質問、入力長での結果であり、位置だけを利用可否の決定要因とはみなしません。 この限定で主体・対象・条件を保ちながら未確認の一般化または因果を除くため、REWRITE_REQUIREDと判定します。,SENT-2155の規則種別、受入条件、例外境界を完成した日本語で説明し、slash連結された理由文を除去する。
SENT-2156,verdict_reason,Attention Sortingは、モデルの注意の強さを使って関連文書を末尾側へ並べ直す方法を、合成した単一段階の質問応答で評価しました。 検証対象として Attention Sorting論文は／model attentionに基づいてrelevant documentを入力末尾側へ並べ替える方法を／同論文のsynthetic single-hop QA条件で評価しています を区別し、この文が断定する evaluation=true と関係 NOT_APPLICABLE について、資料候補の記録は SRC-095 https://arxiv.org/abs/2310.01427 — abstract inspected 2026-08-15; 現主張への直接locatorは未確定 ですが、現主張を再特定する直接locatorは未確定です。そこで主体・対象・条件を保った Attention Sorting論文は、model attentionに基づいてrelevant documentを入力末尾側へ並べ替える方法を、同論文のsynthetic single-hop QA条件で評価しています。 へ変更し、未確認の一般化または因果を本文から外すためREWRITE_REQUIREDと判定します。,Attention Sortingは、モデルの注意の強さを使って関連文書を末尾側へ並べ直す方法を、合成した単一段階の質問応答で評価しました。 判断対象は、Attention Sorting論文は、model attentionに基づいてrelevant documentを入力末尾側へ並べ替える方法を、同論文のsynthetic single-hop QA条件で評価していることに限定した修正です。現文のevaluation=trueと関係NOT_APPLICABLEには、候補資料は記録されていますが、現主張を再特定する直接locatorは未確定です。修正後は次の文とします。Attention Sorting論文は、model attentionに基づいてrelevant documentを入力末尾側へ並べ替える方法を、同論文のsynthetic single-hop QA条件で評価しています。 この限定で主体・対象・条件を保ちながら未確認の一般化または因果を除くため、REWRITE_REQUIREDと判定します。,SENT-2156の規則種別、受入条件、例外境界を完成した日本語で説明し、slash連結された理由文を除去する。
SENT-2158,normative_criteria,検証対象は次の条件です: 並べ替えを使う場合は／質問群ごとの改善と費用を測り／位置だけを根拠の正しさの代わりにしません。本文に列挙した対象・条件・指標を個別fieldへ保存し、同一runの実装結果または評価結果と一致することを確認する。,並べ替えを使う場合は、質問群ごとの改善と費用を測り、位置だけを根拠の正しさの代わりにしないことを定める評価・採否規則について、本文に列挙した対象・条件・指標を個別fieldへ保存し、同一runの実装結果または評価結果と一致することを確認する。,SENT-2158の主体、観測方法、合格条件または例外契機を通常の日本語で明示し、payload注入型の共通shellを除去する。
SENT-2158,exceptions,例外判断で参照する条件は次のとおりです: 並べ替えを使う場合は／質問群ごとの改善と費用を測り／位置だけを根拠の正しさの代わりにしません。当該規則を評価するgold evidenceがないslice、標本不足のslice、負荷条件が異なるrunは合否集計から分離し、他sliceの平均結果を外挿しない。,並べ替えを使う場合は、質問群ごとの改善と費用を測り、位置だけを根拠の正しさの代わりにしないことを定める評価・採否規則の例外として、判定に必要なgold evidenceがないslice、標本不足のslice、負荷条件が異なるrunは合否集計から分離し、他sliceの平均結果を外挿しない。,SENT-2158の主体、観測方法、合格条件または例外契機を通常の日本語で明示し、payload注入型の共通shellを除去する。
SENT-2158,verdict_reason,並べ替えを使う場合は、質問群ごとの改善と費用を測り、位置だけを根拠の正しさの代わりにしません。 この記述は 並べ替えを使う場合は／質問群ごとの改善と費用を測り／位置だけを根拠の正しさの代わりにしません を本ガイドの設計・評価・運用へ適用する規則で、外部研究の効果を一般化する文ではありません。履行を 検証対象は次の条件です: 並べ替えを使う場合は／質問群ごとの改善と費用を測り／位置だけを根拠の正しさの代わりにしません。本文に列挙した対象・条件・指標を個別fieldへ保存し、同一runの実装結果または評価結果と一致することを確認する。 により観測し、適用除外を 例外判断で参照する条件は次のとおりです: 並べ替えを使う場合は／質問群ごとの改善と費用を測り／位置だけを根拠の正しさの代わりにしません。当該規則を評価するgold evidenceがないslice、標本不足のslice、負荷条件が異なるrunは合否集計から分離し、他sliceの平均結果を外挿しない。 に限定できるため、APPROPRIATE_NORMATIVEと判定します。,並べ替えを使う場合は、質問群ごとの改善と費用を測り、位置だけを根拠の正しさの代わりにしません。 判断対象は、並べ替えを使う場合は、質問群ごとの改善と費用を測り、位置だけを根拠の正しさの代わりにしないことを定める評価・採否規則です。外部資料から一般的な効果を導くのではなく、次の検査を受入条件とします。並べ替えを使う場合は、質問群ごとの改善と費用を測り、位置だけを根拠の正しさの代わりにしないことを定める評価・採否規則について、本文に列挙した対象・条件・指標を個別fieldへ保存し、同一runの実装結果または評価結果と一致することを確認する。 適用除外は次の場合に限定します。並べ替えを使う場合は、質問群ごとの改善と費用を測り、位置だけを根拠の正しさの代わりにしないことを定める評価・採否規則の例外として、判定に必要なgold evidenceがないslice、標本不足のslice、負荷条件が異なるrunは合否集計から分離し、他sliceの平均結果を外挿しない。 受入条件と例外境界を台帳で検査できるため、APPROPRIATE_NORMATIVEと判定します。,SENT-2158の規則種別、受入条件、例外境界を完成した日本語で説明し、slash連結された理由文を除去する。
SENT-2242,verdict_reason,Corrective RAGは、取得文書を評価し、必要に応じて検索結果を補正する経路を提案しました。 検証対象として Corrective RAG論文は／取得文書の妥当性を評価し／その判定に応じて検索結果を補正する経路を同論文のRAG構成として提案しています を区別し、この文が断定する evaluation=true と関係 NOT_APPLICABLE について、資料候補の記録は SRC-097 https://arxiv.org/abs/2401.15884 — abstract inspected 2026-08-15; 現主張への直接locatorは未確定 ですが、現主張を再特定する直接locatorは未確定です。そこで主体・対象・条件を保った Corrective RAG論文は、取得文書の妥当性を評価し、その判定に応じて検索結果を補正する経路を同論文のRAG構成として提案しています。 へ変更し、未確認の一般化または因果を本文から外すためREWRITE_REQUIREDと判定します。,Corrective RAGは、取得文書を評価し、必要に応じて検索結果を補正する経路を提案しました。 判断対象は、Corrective RAG論文は、取得文書の妥当性を評価し、その判定に応じて検索結果を補正する経路を同論文のRAG構成として提案していることに限定した修正です。現文のevaluation=trueと関係NOT_APPLICABLEには、候補資料は記録されていますが、現主張を再特定する直接locatorは未確定です。修正後は次の文とします。Corrective RAG論文は、取得文書の妥当性を評価し、その判定に応じて検索結果を補正する経路を同論文のRAG構成として提案しています。 この限定で主体・対象・条件を保ちながら未確認の一般化または因果を除くため、REWRITE_REQUIREDと判定します。,SENT-2242の規則種別、受入条件、例外境界を完成した日本語で説明し、slash連結された理由文を除去する。
SENT-2253,verdict_reason,RefCheckerは、参照に基づき、根拠に支えられない生成（ハルシネーション）を細かく検査する方法を扱いました。 検証対象として RefCheckerは／指定referenceに照らして／生成claimを支持あり／支持なし／矛盾などへ細分類するhallucination検査方法とbenchmarkを扱っています を区別し、この文が断定する evidence_support=true と関係 NOT について、資料候補の記録は SRC-098 https://arxiv.org/abs/2405.14486 — abstract inspected 2026-08-15; 現主張への直接locatorは未確定 ですが、現主張を再特定する直接locatorは未確定です。そこで主体・対象・条件を保った RefCheckerは、指定referenceに照らして、生成claimを支持あり、支持なし、矛盾などへ細分類するhallucination検査方法とbenchmarkを扱っています。 へ変更し、未確認の一般化または因果を本文から外すためREWRITE_REQUIREDと判定します。,RefCheckerは、参照に基づき、根拠に支えられない生成（ハルシネーション）を細かく検査する方法を扱いました。 判断対象は、RefCheckerは、指定referenceに照らして、生成claimを支持あり、支持なし、矛盾などへ細分類するhallucination検査方法とbenchmarkを扱っていることに限定した修正です。現文のevidence_support=trueと関係NOTには、候補資料は記録されていますが、現主張を再特定する直接locatorは未確定です。修正後は次の文とします。RefCheckerは、指定referenceに照らして、生成claimを支持あり、支持なし、矛盾などへ細分類するhallucination検査方法とbenchmarkを扱っています。 この限定で主体・対象・条件を保ちながら未確認の一般化または因果を除くため、REWRITE_REQUIREDと判定します。,SENT-2253の規則種別、受入条件、例外境界を完成した日本語で説明し、slash連結された理由文を除去する。
SENT-2261,normative_criteria,検証対象は次の条件です: source trust／version／有効期間／ACL／citation payloadが欠損したunitは／scoreが高くても回答根拠として採用しません。当該規則の対象resourceとattributeをauthorization fixtureへ登録し、許可主体では取得・利用でき、非許可主体ではcandidate、context、answerの全段階でゼロ件になることを確認する。,source trust、version、有効期間、ACL、citation payloadが欠損したunitは、scoreが高くても回答根拠として採用しないことを定める安全性・アクセス制御規則について、この規則の対象resourceとattributeをauthorization fixtureへ登録し、許可主体では取得・利用でき、非許可主体ではcandidate、context、answerの全段階でゼロ件になることを確認する。,SENT-2261の主体、観測方法、合格条件または例外契機を通常の日本語で明示し、payload注入型の共通shellを除去する。
SENT-2261,exceptions,例外判断で参照する条件は次のとおりです: source trust／version／有効期間／ACL／citation payloadが欠損したunitは／scoreが高くても回答根拠として採用しません。当該規則より法令、契約、組織policyが厳しい場合は厳しい統制を優先し、性能、可用性、費用を理由に対象resourceのauthorizationまたは隔離を省略しない。,source trust、version、有効期間、ACL、citation payloadが欠損したunitは、scoreが高くても回答根拠として採用しないことを定める安全性・アクセス制御規則の例外として、この規則より法令、契約、組織policyが厳しい場合は厳しい統制を優先し、性能、可用性、費用を理由に対象resourceのauthorizationまたは隔離を省略しない。,SENT-2261の主体、観測方法、合格条件または例外契機を通常の日本語で明示し、payload注入型の共通shellを除去する。
SENT-2261,verdict_reason,source trust、version、有効期間、ACL、citation payloadが欠損したunitは、scoreが高くても回答根拠として採用しません。 この記述は source trust／version／有効期間／ACL／citation payloadが欠損したunitは／scoreが高くても回答根拠として採用しません を本ガイドの設計・評価・運用へ適用する規則で、外部研究の効果を一般化する文ではありません。履行を 検証対象は次の条件です: source trust／version／有効期間／ACL／citation payloadが欠損したunitは／scoreが高くても回答根拠として採用しません。当該規則の対象resourceとattributeをauthorization fixtureへ登録し、許可主体では取得・利用でき、非許可主体ではcandidate、context、answerの全段階でゼロ件になることを確認する。 により観測し、適用除外を 例外判断で参照する条件は次のとおりです: source trust／version／有効期間／ACL／citation payloadが欠損したunitは／scoreが高くても回答根拠として採用しません。当該規則より法令、契約、組織policyが厳しい場合は厳しい統制を優先し、性能、可用性、費用を理由に対象resourceのauthorizationまたは隔離を省略しない。 に限定できるため、APPROPRIATE_NORMATIVEと判定します。,source trust、version、有効期間、ACL、citation payloadが欠損したunitは、scoreが高くても回答根拠として採用しません。 判断対象は、source trust、version、有効期間、ACL、citation payloadが欠損したunitは、scoreが高くても回答根拠として採用しないことを定める安全性・アクセス制御規則です。外部資料から一般的な効果を導くのではなく、次の検査を受入条件とします。source trust、version、有効期間、ACL、citation payloadが欠損したunitは、scoreが高くても回答根拠として採用しないことを定める安全性・アクセス制御規則について、この規則の対象resourceとattributeをauthorization fixtureへ登録し、許可主体では取得・利用でき、非許可主体ではcandidate、context、answerの全段階でゼロ件になることを確認する。 適用除外は次の場合に限定します。source trust、version、有効期間、ACL、citation payloadが欠損したunitは、scoreが高くても回答根拠として採用しないことを定める安全性・アクセス制御規則の例外として、この規則より法令、契約、組織policyが厳しい場合は厳しい統制を優先し、性能、可用性、費用を理由に対象resourceのauthorizationまたは隔離を省略しない。 受入条件と例外境界を台帳で検査できるため、APPROPRIATE_NORMATIVEと判定します。,SENT-2261の規則種別、受入条件、例外境界を完成した日本語で説明し、slash連結された理由文を除去する。
SENT-2287,verdict_reason,生成器の責任を要約、統合、引用、回答保留へ定め、検索・選別の問題は該当する上流工程で改善します。 この記述は 生成器の責任を要約／統合／引用／回答保留へ定め／検索・選別の問題は該当する上流工程で改善します を本ガイドの設計・評価・運用へ適用する規則で、外部研究の効果を一般化する文ではありません。履行を answer claimごとにsummary/integration/citation/abstentionのgeneration責任を検査し、gold evidenceがcandidateまたはfinal contextにないfailureはretrieval/evidence-selection issueへ送る。 により観測し、適用除外を 複数stageのfailureを併記できるが、upstreamで欠落したevidenceをgeneration promptだけで修正済みと扱わない。 に限定できるため、APPROPRIATE_NORMATIVEと判定します。,生成器の責任を要約、統合、引用、回答保留へ定め、検索・選別の問題は該当する上流工程で改善します。 判断対象は、生成器の責任を要約、統合、引用、回答保留へ定め、検索・選別の問題は該当する上流工程で改善することを定める用語・工程定義です。外部資料から一般的な効果を導くのではなく、次の検査を受入条件とします。answer claimごとにsummary/integration/citation/abstentionのgeneration責任を検査し、gold evidenceがcandidateまたはfinal contextにないfailureはretrieval/evidence-selection issueへ送る。 適用除外は次の場合に限定します。複数stageのfailureを併記できるが、upstreamで欠落したevidenceをgeneration promptだけで修正済みと扱わない。 受入条件と例外境界を台帳で検査できるため、APPROPRIATE_NORMATIVEと判定します。,SENT-2287の規則種別、受入条件、例外境界を完成した日本語で説明し、slash連結された理由文を除去する。
SENT-2347,verdict_reason,回答状態を二値だけにせず、完全回答、部分回答、確認質問、根拠不足、矛盾、権限上回答不可、対象範囲外へ分けます。 この記述は 回答状態を二値だけにせず／完全回答／部分回答／確認質問／根拠不足／矛盾／権限上回答不可／対象範囲外へ分けます を本ガイドの設計・評価・運用へ適用する規則で、外部研究の効果を一般化する文ではありません。履行を gold fixtureごとにcomplete answer、partial answer、clarifying question、insufficient evidence、conflict、authorization denied、out of scopeの一状態を返し、状態と回答本文・citationの整合を確認する。 により観測し、適用除外を 複数状態が成立する場合は優先規則をversion管理できるが、authorization deniedをcomplete/partial answerへ格上げしない。 に限定できるため、APPROPRIATE_NORMATIVEと判定します。,回答状態を二値だけにせず、完全回答、部分回答、確認質問、根拠不足、矛盾、権限上回答不可、対象範囲外へ分けます。 判断対象は、回答状態を二値だけにせず、完全回答、部分回答、確認質問、根拠不足、矛盾、権限上回答不可、対象範囲外へ分けることを定める安全性・アクセス制御規則です。外部資料から一般的な効果を導くのではなく、次の検査を受入条件とします。gold fixtureごとにcomplete answer、partial answer、clarifying question、insufficient evidence、conflict、authorization denied、out of scopeの一状態を返し、状態と回答本文・citationの整合を確認する。 適用除外は次の場合に限定します。複数状態が成立する場合は優先規則をversion管理できるが、authorization deniedをcomplete/partial answerへ格上げしない。 受入条件と例外境界を台帳で検査できるため、APPROPRIATE_NORMATIVEと判定します。,SENT-2347の規則種別、受入条件、例外境界を完成した日本語で説明し、slash連結された理由文を除去する。
SENT-2350,verdict_reason,SQuAD 2.0は、与えられた文章中に答えがない質問を評価へ導入しました。 検証対象として SQuAD 2.0は／passage中にanswer spanが存在しないquestionを追加し／回答抽出と回答不能判定を同じreading comprehension taskで評価します を区別し、この文が断定する evaluation=true と関係 NOT について、資料候補の記録は SRC-101 https://arxiv.org/abs/1806.03822 — abstract inspected 2026-08-15; 現主張への直接locatorは未確定 ですが、現主張を再特定する直接locatorは未確定です。そこで主体・対象・条件を保った SQuAD 2.0は、passage中にanswer spanが存在しないquestionを追加し、回答抽出と回答不能判定を同じreading comprehension taskで評価します。 へ変更し、未確認の一般化または因果を本文から外すためREWRITE_REQUIREDと判定します。,SQuAD 2.0は、与えられた文章中に答えがない質問を評価へ導入しました。 判断対象は、SQuAD 2.0は、passage中にanswer spanが存在しないquestionを追加し、回答抽出と回答不能判定を同じreading comprehension taskで評価することに限定した修正です。現文のevaluation=trueと関係NOTには、候補資料は記録されていますが、現主張を再特定する直接locatorは未確定です。修正後は次の文とします。SQuAD 2.0は、passage中にanswer spanが存在しないquestionを追加し、回答抽出と回答不能判定を同じreading comprehension taskで評価します。 この限定で主体・対象・条件を保ちながら未確認の一般化または因果を除くため、REWRITE_REQUIREDと判定します。,SENT-2350の規則種別、受入条件、例外境界を完成した日本語で説明し、slash連結された理由文を除去する。
SENT-2382,verdict_reason,内部では、文書、チャンク、ページ、節、URL、原文範囲へたどれる必要があります。 この記述は 内部では／文書／チャンク／ページ／節／URL／原文範囲へたどれる必要があります を本ガイドの設計・評価・運用へ適用する規則で、外部研究の効果を一般化する文ではありません。履行を 各evidence itemにdocument ID、chunk ID、page/section、source URL、character rangeを持たせ、回答中citationから保存原文へ欠損なく到達できることを確認する。 により観測し、適用除外を data typeに存在しないlocator fieldはrecord keyやJSON pathで代替できるが、document単位より細かい原文位置を失わない。 に限定できるため、APPROPRIATE_NORMATIVEと判定します。,内部では、文書、チャンク、ページ、節、URL、原文範囲へたどれる必要があります。 判断対象は、内部では、文書、チャンク、ページ、節、URL、原文範囲へたどれる必要があることを定めるローカル設計規則です。外部資料から一般的な効果を導くのではなく、次の検査を受入条件とします。各evidence itemにdocument ID、chunk ID、page/section、source URL、character rangeを持たせ、回答中citationから保存原文へ欠損なく到達できることを確認する。 適用除外は次の場合に限定します。data typeに存在しないlocator fieldはrecord keyやJSON pathで代替できるが、document単位より細かい原文位置を失わない。 受入条件と例外境界を台帳で検査できるため、APPROPRIATE_NORMATIVEと判定します。,SENT-2382の規則種別、受入条件、例外境界を完成した日本語で説明し、slash連結された理由文を除去する。
SENT-2449,verdict_reason,FActScoreは、長文をこれ以上分けにくい小さな事実へ分解し、それぞれの知識源による支持を測りました。 検証対象として FActScoreは／評価対象のlong-form textをatomic factへ分割し／各factに対する指定knowledge sourceの支持を個別に採点します を区別し、この文が断定する evidence_support=true と関係 NOT_APPLICABLE について、資料候補の記録は SRC-094 https://arxiv.org/abs/2305.14251 — abstract inspected 2026-08-15; 現主張への直接locatorは未確定 ですが、現主張を再特定する直接locatorは未確定です。そこで主体・対象・条件を保った FActScoreは、評価対象のlong-form textをatomic factへ分割し、各factに対する指定knowledge sourceの支持を個別に採点します。 へ変更し、未確認の一般化または因果を本文から外すためREWRITE_REQUIREDと判定します。,FActScoreは、長文をこれ以上分けにくい小さな事実へ分解し、それぞれの知識源による支持を測りました。 判断対象は、FActScoreは、評価対象のlong-form textをatomic factへ分割し、各factに対する指定knowledge sourceの支持を個別に採点することに限定した修正です。現文のevidence_support=trueと関係NOT_APPLICABLEには、候補資料は記録されていますが、現主張を再特定する直接locatorは未確定です。修正後は次の文とします。FActScoreは、評価対象のlong-form textをatomic factへ分割し、各factに対する指定knowledge sourceの支持を個別に採点します。 この限定で主体・対象・条件を保ちながら未確認の一般化または因果を除くため、REWRITE_REQUIREDと判定します。,SENT-2449の規則種別、受入条件、例外境界を完成した日本語で説明し、slash連結された理由文を除去する。
SENT-2528,verdict_reason,回答がaction候補を提案する場合も、実行要求、parameter、承認状態、結果を別のtyped contractで扱います。 この記述は 回答がaction候補を提案する場合も／実行要求／parameter／承認状態／結果を別のtyped contractで扱います を本ガイドの設計・評価・運用へ適用する規則で、外部研究の効果を一般化する文ではありません。履行を action候補を含む回答では、実行要求、typed parameter、approval status、execution resultを別objectとしてschema検証し、自然言語回答だけでtoolを実行しない。 により観測し、適用除外を 読取り専用で副作用のないpreviewもtyped requestは必要だが、組織方針で承認不要と定義した操作はapproval statusをnot-requiredにできる。 に限定できるため、APPROPRIATE_NORMATIVEと判定します。,回答がaction候補を提案する場合も、実行要求、parameter、承認状態、結果を別のtyped contractで扱います。 判断対象は、回答がaction候補を提案する場合も、実行要求、parameter、承認状態、結果を別のtyped contractで扱うことを定める検索・経路選択規則です。外部資料から一般的な効果を導くのではなく、次の検査を受入条件とします。action候補を含む回答では、実行要求、typed parameter、approval status、execution resultを別objectとしてschema検証し、自然言語回答だけでtoolを実行しない。 適用除外は次の場合に限定します。読取り専用で副作用のないpreviewもtyped requestは必要だが、組織方針で承認不要と定義した操作はapproval statusをnot-requiredにできる。 受入条件と例外境界を台帳で検査できるため、APPROPRIATE_NORMATIVEと判定します。,SENT-2528の規則種別、受入条件、例外境界を完成した日本語で説明し、slash連結された理由文を除去する。
SENT-2538,verdict_reason,これらの研究は、個別業務での実行権限をLLMへ与える根拠ではありません。 この記述は 本ガイドでは／これらの研究を／個別業務でLLMへ実行権限を付与する根拠として扱いません を本ガイドの設計・評価・運用へ適用する規則で、外部研究の効果を一般化する文ではありません。履行を LLMへ付与する各tool permissionについて、業務owner、許可operation、argument制約、human approval、負試験を別のauthorization記録に持ち、引用研究だけで実行権限を承認しない。 により観測し、適用除外を 研究結果はtool-use方式の候補選定やattack fixture作成に利用できるが、個別業務のauthorizationとside-effect承認の代替にはしない。 に限定できるため、APPROPRIATE_NORMATIVEと判定します。,これらの研究は、個別業務での実行権限をLLMへ与える根拠ではありません。 判断対象は、本ガイドでは、これらの研究を、個別業務でLLMへ実行権限を付与する根拠として扱わないことを定める安全性・アクセス制御規則です。外部資料から一般的な効果を導くのではなく、次の検査を受入条件とします。LLMへ付与する各tool permissionについて、業務owner、許可operation、argument制約、human approval、負試験を別のauthorization記録に持ち、引用研究だけで実行権限を承認しない。 適用除外は次の場合に限定します。研究結果はtool-use方式の候補選定やattack fixture作成に利用できるが、個別業務のauthorizationとside-effect承認の代替にはしない。 受入条件と例外境界を台帳で検査できるため、APPROPRIATE_NORMATIVEと判定します。,SENT-2538の規則種別、受入条件、例外境界を完成した日本語で説明し、slash連結された理由文を除去する。
SENT-2548,normative_criteria,検証対象は次の条件です: 回答中の主張をcitation IDへ対応付け／根拠が支えない断定を検出できる形で返します。当該規則に列挙したID、version、artifactを必須schema fieldにし、任意のanswer/citationからsource document、original span、chunk、retrieval rank、configuration versionへ欠損なく到達できることを確認する。,回答中の主張をcitation IDへ対応付け、根拠が支えない断定を検出できる形で返すことを定める追跡性・証跡管理規則について、この規則に列挙したID、version、artifactを必須schema fieldにし、任意のanswer/citationからsource document、original span、chunk、retrieval rank、configuration versionへ欠損なく到達できることを確認する。,SENT-2548の主体、観測方法、合格条件または例外契機を通常の日本語で明示し、payload注入型の共通shellを除去する。
SENT-2548,exceptions,例外判断で参照する条件は次のとおりです: 回答中の主張をcitation IDへ対応付け／根拠が支えない断定を検出できる形で返します。当該規則の値に個人情報または保存期限の制約がある場合は仮名化・分離保管へ置換できるが、source/version/spanを復元する承認済み対応表は保持する。,回答中の主張をcitation IDへ対応付け、根拠が支えない断定を検出できる形で返すことを定める追跡性・証跡管理規則の例外として、対象値に個人情報または保存期限の制約がある場合は仮名化・分離保管へ置換できるが、source/version/spanを復元する承認済み対応表は保持する。,SENT-2548の主体、観測方法、合格条件または例外契機を通常の日本語で明示し、payload注入型の共通shellを除去する。
SENT-2548,verdict_reason,回答中の主張をcitation IDへ対応付け、根拠が支えない断定を検出できる形で返します。 この記述は 回答中の主張をcitation IDへ対応付け／根拠が支えない断定を検出できる形で返します を本ガイドの設計・評価・運用へ適用する規則で、外部研究の効果を一般化する文ではありません。履行を 検証対象は次の条件です: 回答中の主張をcitation IDへ対応付け／根拠が支えない断定を検出できる形で返します。当該規則に列挙したID、version、artifactを必須schema fieldにし、任意のanswer/citationからsource document、original span、chunk、retrieval rank、configuration versionへ欠損なく到達できることを確認する。 により観測し、適用除外を 例外判断で参照する条件は次のとおりです: 回答中の主張をcitation IDへ対応付け／根拠が支えない断定を検出できる形で返します。当該規則の値に個人情報または保存期限の制約がある場合は仮名化・分離保管へ置換できるが、source/version/spanを復元する承認済み対応表は保持する。 に限定できるため、APPROPRIATE_NORMATIVEと判定します。,回答中の主張をcitation IDへ対応付け、根拠が支えない断定を検出できる形で返します。 判断対象は、回答中の主張をcitation IDへ対応付け、根拠が支えない断定を検出できる形で返すことを定める追跡性・証跡管理規則です。外部資料から一般的な効果を導くのではなく、次の検査を受入条件とします。回答中の主張をcitation IDへ対応付け、根拠が支えない断定を検出できる形で返すことを定める追跡性・証跡管理規則について、この規則に列挙したID、version、artifactを必須schema fieldにし、任意のanswer/citationからsource document、original span、chunk、retrieval rank、configuration versionへ欠損なく到達できることを確認する。 適用除外は次の場合に限定します。回答中の主張をcitation IDへ対応付け、根拠が支えない断定を検出できる形で返すことを定める追跡性・証跡管理規則の例外として、対象値に個人情報または保存期限の制約がある場合は仮名化・分離保管へ置換できるが、source/version/spanを復元する承認済み対応表は保持する。 受入条件と例外境界を台帳で検査できるため、APPROPRIATE_NORMATIVEと判定します。,SENT-2548の規則種別、受入条件、例外境界を完成した日本語で説明し、slash連結された理由文を除去する。
SENT-2580,exceptions,例外判断で参照する条件は次のとおりです: Data Validation for Machine Learningが機械学習パイプラインの入口でスキーマや分布の異常を検出するように／RAGでも公開前に知識成果物を検査します。当該規則より単純な経路が同じ品質・安全性・latency・costのgateを満たす場合は代替できるが、分岐、fallback、artifact provenanceを失う省略は行わない。,Data Validation for Machine Learningが機械学習パイプラインの入口でスキーマや分布の異常を検出するように、RAGでも公開前に知識成果物を検査することを定める運用規則の例外として、この規則より単純な経路が同じ品質・安全性・latency・costのgateを満たす場合は代替できるが、分岐、fallback、artifact provenanceを失う省略は行わない。,SENT-2580の主体、観測方法、合格条件または例外契機を通常の日本語で明示し、payload注入型の共通shellを除去する。
SENT-2580,verdict_reason,Data Validation for Machine Learningが機械学習パイプラインの入口でスキーマや分布の異常を検出するように、RAGでも公開前に知識成果物を検査します。 この記述は Data Validation for Machine Learningが機械学習パイプラインの入口でスキーマや分布の異常を検出するように／RAGでも公開前に知識成果物を検査します を本ガイドの設計・評価・運用へ適用する規則で、外部研究の効果を一般化する文ではありません。履行を 検証対象は次の条件です: Data Validation for Machine Learningが機械学習パイプラインの入口でスキーマや分布の異常を検出するように／RAGでも公開前に知識成果物を検査します。当該規則の工程ごとに入力artifact、出力artifact、version、成功状態をmanifestへ定義し、正常系と途中失敗系の統合試験で工程順と停止位置を確認する。 により観測し、適用除外を 例外判断で参照する条件は次のとおりです: Data Validation for Machine Learningが機械学習パイプラインの入口でスキーマや分布の異常を検出するように／RAGでも公開前に知識成果物を検査します。当該規則より単純な経路が同じ品質・安全性・latency・costのgateを満たす場合は代替できるが、分岐、fallback、artifact provenanceを失う省略は行わない。 に限定できるため、APPROPRIATE_NORMATIVEと判定します。,Data Validation for Machine Learningが機械学習パイプラインの入口でスキーマや分布の異常を検出するように、RAGでも公開前に知識成果物を検査します。 判断対象は、Data Validation for Machine Learningが機械学習パイプラインの入口でスキーマや分布の異常を検出するように、RAGでも公開前に知識成果物を検査することを定める運用規則です。外部資料から一般的な効果を導くのではなく、次の検査を受入条件とします。当該規則の工程ごとに入力artifact、出力artifact、version、成功状態をmanifestへ定義し、正常系と途中失敗系の統合試験で工程順と停止位置を確認する。 適用除外は次の場合に限定します。Data Validation for Machine Learningが機械学習パイプラインの入口でスキーマや分布の異常を検出するように、RAGでも公開前に知識成果物を検査することを定める運用規則の例外として、この規則より単純な経路が同じ品質・安全性・latency・costのgateを満たす場合は代替できるが、分岐、fallback、artifact provenanceを失う省略は行わない。 受入条件と例外境界を台帳で検査できるため、APPROPRIATE_NORMATIVEと判定します。,SENT-2580の規則種別、受入条件、例外境界を完成した日本語で説明し、slash連結された理由文を除去する。
SENT-2615,verdict_reason,ALCEは長文回答について引用の正しさと網羅性を評価し、FActScoreは長文を検証可能な原子的事実へ分解します。 検証対象として ALCEは長文回答の引用についてcitation precisionとcitation recallを評価し／FActScoreは長文回答を原子的事実へ分解して知識源による支持を評価します を区別し、この文が断定する verification=true と関係 NOT_APPLICABLE について、資料候補の記録は SRC-037 https://arxiv.org/abs/2305.14627 — abstract inspected 2026-08-15; 現主張への直接locatorは未確定; SRC-094 https://arxiv.org/abs/2305.14251 — abstract inspected 2026-08-15; 現主張への直接locatorは未確定 ですが、現主張を再特定する直接locatorは未確定です。そこで主体・対象・条件を保った ALCEは長文回答の引用についてcitation precisionとcitation recallを評価し、FActScoreは長文回答を原子的事実へ分解して知識源による支持を評価します。 へ変更し、未確認の一般化または因果を本文から外すためREWRITE_REQUIREDと判定します。,ALCEは長文回答について引用の正しさと網羅性を評価し、FActScoreは長文を検証可能な原子的事実へ分解します。 判断対象は、ALCEは長文回答の引用についてcitation precisionとcitation recallを評価し、FActScoreは長文回答を原子的事実へ分解して知識源による支持を評価することに限定した修正です。現文のverification=trueと関係NOT_APPLICABLEには、候補資料は記録されていますが、現主張を再特定する直接locatorは未確定です。修正後は次の文とします。ALCEは長文回答の引用についてcitation precisionとcitation recallを評価し、FActScoreは長文回答を原子的事実へ分解して知識源による支持を評価します。 この限定で主体・対象・条件を保ちながら未確認の一般化または因果を除くため、REWRITE_REQUIREDと判定します。,SENT-2615の規則種別、受入条件、例外境界を完成した日本語で説明し、slash連結された理由文を除去する。
SENT-2623,verdict_reason,95パーセンタイル遅延は、処理時間が短い順に並べたときに95%の要求が収まる値です。 この記述は p95 latencyは／同じ計測窓の処理時間を昇順に並べたとき／95%の要求がその値以下で完了する境界として計算します を本ガイドの設計・評価・運用へ適用する規則で、外部研究の効果を一般化する文ではありません。履行を 測定窓、対象endpoint、成功・timeoutの扱い、sample数、percentile計算法を固定し、同じ定義を本文と監視へ適用する。 により観測し、適用除外を sampleが少ない場合はp95だけを断定せず、分布、件数、信頼区間または個票を併記する。 に限定できるため、APPROPRIATE_NORMATIVEと判定します。,95パーセンタイル遅延は、処理時間が短い順に並べたときに95%の要求が収まる値です。 判断対象は、p95 latencyは、同じ計測窓の処理時間を昇順に並べたとき、95%の要求がその値以下で完了する境界として計算することを定める評価・採否規則です。外部資料から一般的な効果を導くのではなく、次の検査を受入条件とします。測定窓、対象endpoint、成功・timeoutの扱い、sample数、percentile計算法を固定し、同じ定義を本文と監視へ適用する。 適用除外は次の場合に限定します。sampleが少ない場合はp95だけを断定せず、分布、件数、信頼区間または個票を併記する。 受入条件と例外境界を台帳で検査できるため、APPROPRIATE_NORMATIVEと判定します。,SENT-2623の規則種別、受入条件、例外境界を完成した日本語で説明し、slash連結された理由文を除去する。
SENT-2641,normative_criteria,検証対象は次の条件です: 結果には評価件数／信頼区間／評価者間一致率を添え／小さな点差を直ちに改善とは判断しません。本文に列挙した対象・条件・指標を個別fieldへ保存し、同一runの実装結果または評価結果と一致することを確認する。,結果には評価件数、信頼区間、評価者間一致率を添え、小さな点差を直ちに改善とは判断しないことを定める評価・採否規則について、本文に列挙した対象・条件・指標を個別fieldへ保存し、同一runの実装結果または評価結果と一致することを確認する。,SENT-2641の主体、観測方法、合格条件または例外契機を通常の日本語で明示し、payload注入型の共通shellを除去する。
SENT-2641,exceptions,例外判断で参照する条件は次のとおりです: 結果には評価件数／信頼区間／評価者間一致率を添え／小さな点差を直ちに改善とは判断しません。当該規則を評価するgold evidenceがないslice、標本不足のslice、負荷条件が異なるrunは合否集計から分離し、他sliceの平均結果を外挿しない。,結果には評価件数、信頼区間、評価者間一致率を添え、小さな点差を直ちに改善とは判断しないことを定める評価・採否規則の例外として、判定に必要なgold evidenceがないslice、標本不足のslice、負荷条件が異なるrunは合否集計から分離し、他sliceの平均結果を外挿しない。,SENT-2641の主体、観測方法、合格条件または例外契機を通常の日本語で明示し、payload注入型の共通shellを除去する。
SENT-2641,verdict_reason,結果には評価件数、信頼区間、評価者間一致率を添え、小さな点差を直ちに改善とは判断しません。 この記述は 結果には評価件数／信頼区間／評価者間一致率を添え／小さな点差を直ちに改善とは判断しません を本ガイドの設計・評価・運用へ適用する規則で、外部研究の効果を一般化する文ではありません。履行を 検証対象は次の条件です: 結果には評価件数／信頼区間／評価者間一致率を添え／小さな点差を直ちに改善とは判断しません。本文に列挙した対象・条件・指標を個別fieldへ保存し、同一runの実装結果または評価結果と一致することを確認する。 により観測し、適用除外を 例外判断で参照する条件は次のとおりです: 結果には評価件数／信頼区間／評価者間一致率を添え／小さな点差を直ちに改善とは判断しません。当該規則を評価するgold evidenceがないslice、標本不足のslice、負荷条件が異なるrunは合否集計から分離し、他sliceの平均結果を外挿しない。 に限定できるため、APPROPRIATE_NORMATIVEと判定します。,結果には評価件数、信頼区間、評価者間一致率を添え、小さな点差を直ちに改善とは判断しません。 判断対象は、結果には評価件数、信頼区間、評価者間一致率を添え、小さな点差を直ちに改善とは判断しないことを定める評価・採否規則です。外部資料から一般的な効果を導くのではなく、次の検査を受入条件とします。結果には評価件数、信頼区間、評価者間一致率を添え、小さな点差を直ちに改善とは判断しないことを定める評価・採否規則について、本文に列挙した対象・条件・指標を個別fieldへ保存し、同一runの実装結果または評価結果と一致することを確認する。 適用除外は次の場合に限定します。結果には評価件数、信頼区間、評価者間一致率を添え、小さな点差を直ちに改善とは判断しないことを定める評価・採否規則の例外として、判定に必要なgold evidenceがないslice、標本不足のslice、負荷条件が異なるrunは合否集計から分離し、他sliceの平均結果を外挿しない。 受入条件と例外境界を台帳で検査できるため、APPROPRIATE_NORMATIVEと判定します。,SENT-2641の規則種別、受入条件、例外境界を完成した日本語で説明し、slash連結された理由文を除去する。
SENT-2644,verdict_reason,平均差に加えて、改善した件数、変わらない件数、悪化した件数を示します。 この記述は 平均差に加えて／改善した件数／変わらない件数／悪化した件数を示します を本ガイドの設計・評価・運用へ適用する規則で、外部研究の効果を一般化する文ではありません。履行を 同じevaluation runのquestion-level差分からimproved、unchanged、regressedの件数を算出し、三件数の合計が評価対象総数と一致することを確認する。 により観測し、適用除外を 同点許容幅を設ける場合はmetricごとに事前定義し、結果を見てunchanged範囲を変更しない。 に限定できるため、APPROPRIATE_NORMATIVEと判定します。,平均差に加えて、改善した件数、変わらない件数、悪化した件数を示します。 判断対象は、平均差に加えて、改善した件数、変わらない件数、悪化した件数を示することを定める運用規則です。外部資料から一般的な効果を導くのではなく、次の検査を受入条件とします。同じevaluation runのquestion-level差分からimproved、unchanged、regressedの件数を算出し、三件数の合計が評価対象総数と一致することを確認する。 適用除外は次の場合に限定します。同点許容幅を設ける場合はmetricごとに事前定義し、結果を見てunchanged範囲を変更しない。 受入条件と例外境界を台帳で検査できるため、APPROPRIATE_NORMATIVEと判定します。,SENT-2644の規則種別、受入条件、例外境界を完成した日本語で説明し、slash連結された理由文を除去する。
SENT-2647,normative_criteria,検証対象は次の条件です: 改善対象／非劣化条件／重要スライスの下限／安全条件／遅延上限／費用上限を別々に定め／すべてを満たすことを要求します。本文に列挙した対象・条件・指標を個別fieldへ保存し、同一runの実装結果または評価結果と一致することを確認する。,改善対象、非劣化条件、重要スライスの下限、安全条件、遅延上限、費用上限を別々に定め、すべてを満たすことを要求することを定める評価・採否規則について、本文に列挙した対象・条件・指標を個別fieldへ保存し、同一runの実装結果または評価結果と一致することを確認する。,SENT-2647の主体、観測方法、合格条件または例外契機を通常の日本語で明示し、payload注入型の共通shellを除去する。
SENT-2647,exceptions,例外判断で参照する条件は次のとおりです: 改善対象／非劣化条件／重要スライスの下限／安全条件／遅延上限／費用上限を別々に定め／すべてを満たすことを要求します。当該規則の比較で品質やcostが改善しても、安全性またはauthorizationの必須条件を悪化させるcandidateは採用しない。,改善対象、非劣化条件、重要スライスの下限、安全条件、遅延上限、費用上限を別々に定め、すべてを満たすことを要求することを定める評価・採否規則の例外として、この比較で品質やcostが改善しても、安全性またはauthorizationの必須条件を悪化させるcandidateは採用しない。,SENT-2647の主体、観測方法、合格条件または例外契機を通常の日本語で明示し、payload注入型の共通shellを除去する。
SENT-2647,verdict_reason,改善対象、非劣化条件、重要スライスの下限、安全条件、遅延上限、費用上限を別々に定め、すべてを満たすことを要求します。 この記述は 改善対象／非劣化条件／重要スライスの下限／安全条件／遅延上限／費用上限を別々に定め／すべてを満たすことを要求します を本ガイドの設計・評価・運用へ適用する規則で、外部研究の効果を一般化する文ではありません。履行を 検証対象は次の条件です: 改善対象／非劣化条件／重要スライスの下限／安全条件／遅延上限／費用上限を別々に定め／すべてを満たすことを要求します。本文に列挙した対象・条件・指標を個別fieldへ保存し、同一runの実装結果または評価結果と一致することを確認する。 により観測し、適用除外を 例外判断で参照する条件は次のとおりです: 改善対象／非劣化条件／重要スライスの下限／安全条件／遅延上限／費用上限を別々に定め／すべてを満たすことを要求します。当該規則の比較で品質やcostが改善しても、安全性またはauthorizationの必須条件を悪化させるcandidateは採用しない。 に限定できるため、APPROPRIATE_NORMATIVEと判定します。,改善対象、非劣化条件、重要スライスの下限、安全条件、遅延上限、費用上限を別々に定め、すべてを満たすことを要求します。 判断対象は、改善対象、非劣化条件、重要スライスの下限、安全条件、遅延上限、費用上限を別々に定め、すべてを満たすことを要求することを定める評価・採否規則です。外部資料から一般的な効果を導くのではなく、次の検査を受入条件とします。改善対象、非劣化条件、重要スライスの下限、安全条件、遅延上限、費用上限を別々に定め、すべてを満たすことを要求することを定める評価・採否規則について、本文に列挙した対象・条件・指標を個別fieldへ保存し、同一runの実装結果または評価結果と一致することを確認する。 適用除外は次の場合に限定します。改善対象、非劣化条件、重要スライスの下限、安全条件、遅延上限、費用上限を別々に定め、すべてを満たすことを要求することを定める評価・採否規則の例外として、この比較で品質やcostが改善しても、安全性またはauthorizationの必須条件を悪化させるcandidateは採用しない。 受入条件と例外境界を台帳で検査できるため、APPROPRIATE_NORMATIVEと判定します。,SENT-2647の規則種別、受入条件、例外境界を完成した日本語で説明し、slash連結された理由文を除去する。
SENT-2658,verdict_reason,ML Test Scoreが本番準備度を複数領域へ分けるのと同様に、RAGのリリースも複数条件の論理積で判断します。 この記述は ML Test Scoreが本番準備度を複数領域へ分けるのと同様に／RAGのリリースも複数条件の論理積で判断します を本ガイドの設計・評価・運用へ適用する規則で、外部研究の効果を一般化する文ではありません。履行を RAG release gateをretrieval、generation、citation、安全性、性能、運用の各条件の論理積として実装し、一領域でも不合格ならrelease statusを合格にしない。 により観測し、適用除外を 対象機能で存在しない領域はnot-applicableの根拠と承認者を記録できるが、未測定をnot-applicableとして扱わない。 に限定できるため、APPROPRIATE_NORMATIVEと判定します。,ML Test Scoreが本番準備度を複数領域へ分けるのと同様に、RAGのリリースも複数条件の論理積で判断します。 判断対象は、ML Test Scoreが本番準備度を複数領域へ分けるのと同様に、RAGのリリースも複数条件の論理積で判断することを定める運用規則です。外部資料から一般的な効果を導くのではなく、次の検査を受入条件とします。RAG release gateをretrieval、generation、citation、安全性、性能、運用の各条件の論理積として実装し、一領域でも不合格ならrelease statusを合格にしない。 適用除外は次の場合に限定します。対象機能で存在しない領域はnot-applicableの根拠と承認者を記録できるが、未測定をnot-applicableとして扱わない。 受入条件と例外境界を台帳で検査できるため、APPROPRIATE_NORMATIVEと判定します。,SENT-2658の規則種別、受入条件、例外境界を完成した日本語で説明し、slash連結された理由文を除去する。
SENT-2666,verdict_reason,変更対象、期待する改善、悪化してはならないmetricを仮説として記録し、ownerとrelease単位を決め、修正前のtraceを保存します。 この記述は 変更対象／期待する改善／悪化してはならないmetricを仮説として記録し／ownerとrelease単位を決め／修正前のtraceを保存します を本ガイドの設計・評価・運用へ適用する規則で、外部研究の効果を一般化する文ではありません。履行を 各change recordにtarget component、expected improvement、non-regression metric、owner、release ID、pre-change trace IDを必須化し、欠損recordをexperiment開始前に拒否する。 により観測し、適用除外を 緊急security fixではexperiment開始を先行できるが、owner、release ID、pre-change evidenceを事後期限内に補完する。 に限定できるため、APPROPRIATE_NORMATIVEと判定します。,変更対象、期待する改善、悪化してはならないmetricを仮説として記録し、ownerとrelease単位を決め、修正前のtraceを保存します。 判断対象は、変更対象、期待する改善、悪化してはならないmetricを仮説として記録し、ownerとrelease単位を決め、修正前のtraceを保存することを定める評価・採否規則です。外部資料から一般的な効果を導くのではなく、次の検査を受入条件とします。各change recordにtarget component、expected improvement、non-regression metric、owner、release ID、pre-change trace IDを必須化し、欠損recordをexperiment開始前に拒否する。 適用除外は次の場合に限定します。緊急security fixではexperiment開始を先行できるが、owner、release ID、pre-change evidenceを事後期限内に補完する。 受入条件と例外境界を台帳で検査できるため、APPROPRIATE_NORMATIVEと判定します。,SENT-2666の規則種別、受入条件、例外境界を完成した日本語で説明し、slash連結された理由文を除去する。
SENT-2668,verdict_reason,複数の変更を同時に入れると、どの変更が改善や悪化を生んだか分かりません。 検証対象として 改善実験では解析器／chunking／embedding／retriever／reranker／promptの変更を一度に一項目へ限定し／改善または悪化の原因を追跡します を区別し、この文が断定する empirical_result=true と関係 NOT について、資料候補の記録は SRC-107 https://arxiv.org/abs/2403.09040 — abstract inspected 2026-08-15; 現主張への直接locatorは未確定 ですが、現主張を再特定する直接locatorは未確定です。そこで主体・対象・条件を保った 改善実験では解析器、chunking、embedding、retriever、reranker、promptの変更を一度に一項目へ限定し、改善または悪化の原因を追跡します。 へ変更し、未確認の一般化または因果を本文から外すためREWRITE_REQUIREDと判定します。,複数の変更を同時に入れると、どの変更が改善や悪化を生んだか分かりません。 判断対象は、改善実験では解析器、chunking、embedding、retriever、reranker、promptの変更を一度に一項目へ限定し、改善または悪化の原因を追跡することに限定した修正です。現文のempirical_result=trueと関係NOTには、候補資料は記録されていますが、現主張を再特定する直接locatorは未確定です。修正後は次の文とします。改善実験では解析器、chunking、embedding、retriever、reranker、promptの変更を一度に一項目へ限定し、改善または悪化の原因を追跡します。 この限定で主体・対象・条件を保ちながら未確認の一般化または因果を除くため、REWRITE_REQUIREDと判定します。,SENT-2668の規則種別、受入条件、例外境界を完成した日本語で説明し、slash連結された理由文を除去する。
SENT-2669,normative_criteria,検証対象は次の条件です: 疎検索／密検索／融合／再順位付け／重複除去／圧縮を順番に有効化または無効化します。当該規則の統合規則をversion管理し、複数retrieverが返す既知rank listから期待するcandidate順序を再現し、生scoreの無条件加算や重複candidateが発生しないことを確認する。,疎検索、密検索、融合、再順位付け、重複除去、圧縮を順番に有効化または無効化することを定める運用規則について、この規則の統合規則をversion管理し、複数retrieverが返す既知rank listから期待するcandidate順序を再現し、生scoreの無条件加算や重複candidateが発生しないことを確認する。,SENT-2669の主体、観測方法、合格条件または例外契機を通常の日本語で明示し、payload注入型の共通shellを除去する。
SENT-2669,exceptions,例外判断で参照する条件は次のとおりです: 疎検索／密検索／融合／再順位付け／重複除去／圧縮を順番に有効化または無効化します。当該規則と異なる統合方式はcalibration済みscoreまたは別rerankerとしてversion管理できるが、未調整の異尺度scoreを黙って直接加算しない。,疎検索、密検索、融合、再順位付け、重複除去、圧縮を順番に有効化または無効化することを定める運用規則の例外として、この規則と異なる統合方式はcalibration済みscoreまたは別rerankerとしてversion管理できるが、未調整の異尺度scoreを黙って直接加算しない。,SENT-2669の主体、観測方法、合格条件または例外契機を通常の日本語で明示し、payload注入型の共通shellを除去する。
SENT-2669,verdict_reason,疎検索、密検索、融合、再順位付け、重複除去、圧縮を順番に有効化または無効化します。 この記述は 疎検索／密検索／融合／再順位付け／重複除去／圧縮を順番に有効化または無効化します を本ガイドの設計・評価・運用へ適用する規則で、外部研究の効果を一般化する文ではありません。履行を 検証対象は次の条件です: 疎検索／密検索／融合／再順位付け／重複除去／圧縮を順番に有効化または無効化します。当該規則の統合規則をversion管理し、複数retrieverが返す既知rank listから期待するcandidate順序を再現し、生scoreの無条件加算や重複candidateが発生しないことを確認する。 により観測し、適用除外を 例外判断で参照する条件は次のとおりです: 疎検索／密検索／融合／再順位付け／重複除去／圧縮を順番に有効化または無効化します。当該規則と異なる統合方式はcalibration済みscoreまたは別rerankerとしてversion管理できるが、未調整の異尺度scoreを黙って直接加算しない。 に限定できるため、APPROPRIATE_NORMATIVEと判定します。,疎検索、密検索、融合、再順位付け、重複除去、圧縮を順番に有効化または無効化します。 判断対象は、疎検索、密検索、融合、再順位付け、重複除去、圧縮を順番に有効化または無効化することを定める運用規則です。外部資料から一般的な効果を導くのではなく、次の検査を受入条件とします。疎検索、密検索、融合、再順位付け、重複除去、圧縮を順番に有効化または無効化することを定める運用規則について、この規則の統合規則をversion管理し、複数retrieverが返す既知rank listから期待するcandidate順序を再現し、生scoreの無条件加算や重複candidateが発生しないことを確認する。 適用除外は次の場合に限定します。疎検索、密検索、融合、再順位付け、重複除去、圧縮を順番に有効化または無効化することを定める運用規則の例外として、この規則と異なる統合方式はcalibration済みscoreまたは別rerankerとしてversion管理できるが、未調整の異尺度scoreを黙って直接加算しない。 受入条件と例外境界を台帳で検査できるため、APPROPRIATE_NORMATIVEと判定します。,SENT-2669の規則種別、受入条件、例外境界を完成した日本語で説明し、slash連結された理由文を除去する。
SENT-2670,verdict_reason,解析器、チャンク分割、埋め込みモデル、プロンプト、生成モデルも、可能な限り別の実験にします。 この記述は 解析器／チャンク分割／埋め込みモデル／プロンプト／生成モデルも／可能な限り別の実験にします を本ガイドの設計・評価・運用へ適用する規則で、外部研究の効果を一般化する文ではありません。履行を parser、chunker、embedding model、prompt、generation modelの各変更を別experiment IDで実行し、baselineとの差分が一要素だけであることをmanifest diffで確認する。 により観測し、適用除外を 互換性のため二要素を同時変更する必要がある場合は組合せ変更として別実験にし、単一要素の効果とは報告しない。 に限定できるため、APPROPRIATE_NORMATIVEと判定します。,解析器、チャンク分割、埋め込みモデル、プロンプト、生成モデルも、可能な限り別の実験にします。 判断対象は、解析器、チャンク分割、埋め込みモデル、プロンプト、生成モデルも、可能な限り別の実験にすることを定める運用規則です。外部資料から一般的な効果を導くのではなく、次の検査を受入条件とします。parser、chunker、embedding model、prompt、generation modelの各変更を別experiment IDで実行し、baselineとの差分が一要素だけであることをmanifest diffで確認する。 適用除外は次の場合に限定します。互換性のため二要素を同時変更する必要がある場合は組合せ変更として別実験にし、単一要素の効果とは報告しない。 受入条件と例外境界を台帳で検査できるため、APPROPRIATE_NORMATIVEと判定します。,SENT-2670の規則種別、受入条件、例外境界を完成した日本語で説明し、slash連結された理由文を除去する。
SENT-2677,verdict_reason,権限漏えいや重大誤回答は、平均品質の小さな改善より優先します。 この記述は 権限漏えいや重大誤回答は／平均品質の小さな改善より優先します を本ガイドの設計・評価・運用へ適用する規則で、外部研究の効果を一般化する文ではありません。履行を release decisionではauthorization leakageとcritical wrong answerをhard gateにし、いずれか一件でもbaselineから増えたcandidateを平均品質の改善量にかかわらず不合格にする。 により観測し、適用除外を fixture誤りが独立reviewで確定した事例は除外できるが、平均品質を理由に実在する重大failureを例外化しない。 に限定できるため、APPROPRIATE_NORMATIVEと判定します。,権限漏えいや重大誤回答は、平均品質の小さな改善より優先します。 判断対象は、権限漏えいや重大誤回答は、平均品質の小さな改善より優先することを定める安全性・アクセス制御規則です。外部資料から一般的な効果を導くのではなく、次の検査を受入条件とします。release decisionではauthorization leakageとcritical wrong answerをhard gateにし、いずれか一件でもbaselineから増えたcandidateを平均品質の改善量にかかわらず不合格にする。 適用除外は次の場合に限定します。fixture誤りが独立reviewで確定した事例は除外できるが、平均品質を理由に実在する重大failureを例外化しない。 受入条件と例外境界を台帳で検査できるため、APPROPRIATE_NORMATIVEと判定します。,SENT-2677の規則種別、受入条件、例外境界を完成した日本語で説明し、slash連結された理由文を除去する。
SENT-2678,verdict_reason,局所metricが改善しても、end-to-end品質、latency、cost、運用複雑性が許容範囲を超える変更は採用しません。 この記述は 局所metricが改善しても／end-to-end品質／latency／cost／運用複雑性が許容範囲を超える変更は採用しません を本ガイドの設計・評価・運用へ適用する規則で、外部研究の効果を一般化する文ではありません。履行を 変更案は局所metricの改善に加えてend-to-end品質、p95 latency、request cost、運用手順数のguardrailを同一runで検査し、一つでも許容範囲外なら採用しない。 により観測し、適用除外を 重大な安全性修正では一時的なlatencyまたはcost増を承認できるが、期限、責任者、解消計画をrelease記録へ残す。 に限定できるため、APPROPRIATE_NORMATIVEと判定します。,局所metricが改善しても、end-to-end品質、latency、cost、運用複雑性が許容範囲を超える変更は採用しません。 判断対象は、局所metricが改善しても、end-to-end品質、latency、cost、運用複雑性が許容範囲を超える変更は採用しないことを定める評価・採否規則です。外部資料から一般的な効果を導くのではなく、次の検査を受入条件とします。変更案は局所metricの改善に加えてend-to-end品質、p95 latency、request cost、運用手順数のguardrailを同一runで検査し、一つでも許容範囲外なら採用しない。 適用除外は次の場合に限定します。重大な安全性修正では一時的なlatencyまたはcost増を承認できるが、期限、責任者、解消計画をrelease記録へ残す。 受入条件と例外境界を台帳で検査できるため、APPROPRIATE_NORMATIVEと判定します。,SENT-2678の規則種別、受入条件、例外境界を完成した日本語で説明し、slash連結された理由文を除去する。
SENT-2687,verdict_reason,たとえば、「疎検索と密検索の併用により、型番スライスのRecall@10が上がる」のように、変更、対象、期待する指標を結び付けます。 この記述は たとえば／「疎検索と密検索の併用により／型番スライスのRecall@10が上がる」のように／変更／対象／期待する指標を結び付けます を本ガイドの設計・評価・運用へ適用する規則で、外部研究の効果を一般化する文ではありません。履行を たとえば、「疎検索と密検索の併用により、型番スライスのRecall@10が上がる」のように、変更、対象、期待する指標を結び付けます。 疎検索と密検索の併用という変更、型番query sliceという対象、Recall@10という期待指標をexperiment manifestの別fieldへ保存し、baselineとの差を同じrunで算出します。 により観測し、適用除外を たとえば、「疎検索と密検索の併用により、型番スライスのRecall@10が上がる」のように、変更、対象、期待する指標を結び付けます。 型番query sliceのgold evidenceが不足する場合はRecall@10の改善仮説を合格扱いせず、十分な標本を追加するまで当該変更の採否を保留します。 に限定できるため、APPROPRIATE_NORMATIVEと判定します。,たとえば、「疎検索と密検索の併用により、型番スライスのRecall@10が上がる」のように、変更、対象、期待する指標を結び付けます。 判断対象は、たとえば、「疎検索と密検索の併用により、型番スライスのRecall@10が上がる」のように、変更、対象、期待する指標を結び付けることを定める評価・採否規則です。外部資料から一般的な効果を導くのではなく、次の検査を受入条件とします。たとえば、「疎検索と密検索の併用により、型番スライスのRecall@10が上がる」のように、変更、対象、期待する指標を結び付けます。 疎検索と密検索の併用という変更、型番query sliceという対象、Recall@10という期待指標をexperiment manifestの別fieldへ保存し、baselineとの差を同じrunで算出します。 適用除外は次の場合に限定します。たとえば、「疎検索と密検索の併用により、型番スライスのRecall@10が上がる」のように、変更、対象、期待する指標を結び付けます。 型番query sliceのgold evidenceが不足する場合はRecall@10の改善仮説を合格扱いせず、十分な標本を追加するまで当該変更の採否を保留します。 受入条件と例外境界を台帳で検査できるため、APPROPRIATE_NORMATIVEと判定します。,SENT-2687の規則種別、受入条件、例外境界を完成した日本語で説明し、slash連結された理由文を除去する。
SENT-2689,verdict_reason,開発比較では改善量、リリース判定では最低基準、障害調査では失敗段階の特定を重視します。 この記述は 開発比較ではbaselineからの改善量／リリース判定では最低受入基準／障害調査では失敗工程の特定をそれぞれ主要目的とします を本ガイドの設計・評価・運用へ適用する規則で、外部研究の効果を一般化する文ではありません。履行を 評価目的ごとに対象dataset、metric、閾値、責任者を定め、開発・release・障害調査の結果を混同しない。 により観測し、適用除外を 重大な安全性・権限違反は平均改善より優先し、通常のrelease比較を待たずに停止・切り戻しできる。 に限定できるため、APPROPRIATE_NORMATIVEと判定します。,開発比較では改善量、リリース判定では最低基準、障害調査では失敗段階の特定を重視します。 判断対象は、開発比較ではbaselineからの改善量、リリース判定では最低受入基準、障害調査では失敗工程の特定をそれぞれ主要目的とすることを定める評価・採否規則です。外部資料から一般的な効果を導くのではなく、次の検査を受入条件とします。評価目的ごとに対象dataset、metric、閾値、責任者を定め、開発・release・障害調査の結果を混同しない。 適用除外は次の場合に限定します。重大な安全性・権限違反は平均改善より優先し、通常のrelease比較を待たずに停止・切り戻しできる。 受入条件と例外境界を台帳で検査できるため、APPROPRIATE_NORMATIVEと判定します。,SENT-2689の規則種別、受入条件、例外境界を完成した日本語で説明し、slash連結された理由文を除去する。
SENT-2690,verdict_reason,CheckListが能力ごとの振る舞いを試験するように、RAGでも狙う失敗パターンを明示します。 この記述は CheckListが能力ごとの振る舞いを試験するように／RAGでも狙う失敗パターンを明示します を本ガイドの設計・評価・運用へ適用する規則で、外部研究の効果を一般化する文ではありません。履行を RAGのfailure taxonomyごとに該当入力、期待する検出点、期待する回答・停止動作をfixtureとして登録し、能力別test suiteで全分類を実行する。 により観測し、適用除外を 未発見の失敗は発生時に新分類を追加できるが、既存分類へ無理にまとめて検出点を失わない。 に限定できるため、APPROPRIATE_NORMATIVEと判定します。,CheckListが能力ごとの振る舞いを試験するように、RAGでも狙う失敗パターンを明示します。 判断対象は、CheckListが能力ごとの振る舞いを試験するように、RAGでも狙う失敗パターンを明示することを定める運用規則です。外部資料から一般的な効果を導くのではなく、次の検査を受入条件とします。RAGのfailure taxonomyごとに該当入力、期待する検出点、期待する回答・停止動作をfixtureとして登録し、能力別test suiteで全分類を実行する。 適用除外は次の場合に限定します。未発見の失敗は発生時に新分類を追加できるが、既存分類へ無理にまとめて検出点を失わない。 受入条件と例外境界を台帳で検査できるため、APPROPRIATE_NORMATIVEと判定します。,SENT-2690の規則種別、受入条件、例外境界を完成した日本語で説明し、slash連結された理由文を除去する。
SENT-2696,verdict_reason,SQuAD 2.0が回答できない質問を含むように、RAGの評価にも回答不能、曖昧、資料間の矛盾、権限不足を含めます。 この記述は SQuAD 2.0が回答できない質問を含むように／RAGの評価にも回答不能／曖昧／資料間の矛盾／権限不足を含めます を本ガイドの設計・評価・運用へ適用する規則で、外部研究の効果を一般化する文ではありません。履行を evaluation setにunanswerable、ambiguous、cross-document conflict、insufficient authorizationの各sliceを含め、slice別に期待するanswer/clarification/abstention/denialを採点する。 により観測し、適用除外を 対象業務で存在しないsliceはrisk ownerの根拠付きで対象外にできるが、未収集または未測定を対象外として扱わない。 に限定できるため、APPROPRIATE_NORMATIVEと判定します。,SQuAD 2.0が回答できない質問を含むように、RAGの評価にも回答不能、曖昧、資料間の矛盾、権限不足を含めます。 判断対象は、SQuAD 2.0が回答できない質問を含むように、RAGの評価にも回答不能、曖昧、資料間の矛盾、権限不足を含めることを定める安全性・アクセス制御規則です。外部資料から一般的な効果を導くのではなく、次の検査を受入条件とします。evaluation setにunanswerable、ambiguous、cross-document conflict、insufficient authorizationの各sliceを含め、slice別に期待するanswer/clarification/abstention/denialを採点する。 適用除外は次の場合に限定します。対象業務で存在しないsliceはrisk ownerの根拠付きで対象外にできるが、未収集または未測定を対象外として扱わない。 受入条件と例外境界を台帳で検査できるため、APPROPRIATE_NORMATIVEと判定します。,SENT-2696の規則種別、受入条件、例外境界を完成した日本語で説明し、slash連結された理由文を除去する。
SENT-2713,verdict_reason,RGBは、RAGをノイズ耐性、答えがない場合の回答保留、情報統合、反事実への耐性に分けて評価します。 検証対象として RGB benchmarkは／同benchmarkのRAG testをnoise robustness／negative rejection／information integration／counterfactual robustnessの四能力へ分けて評価します を区別し、この文が断定する evaluation=true;generation=true と関係 NOT について、資料候補の記録は SRC-109 https://arxiv.org/abs/2309.01431 — abstract inspected 2026-08-15; 現主張への直接locatorは未確定 ですが、現主張を再特定する直接locatorは未確定です。そこで主体・対象・条件を保った RGB benchmarkは、同benchmarkのRAG testをnoise robustness、negative rejection、information integration、counterfactual robustnessの四能力へ分けて評価します。 へ変更し、未確認の一般化または因果を本文から外すためREWRITE_REQUIREDと判定します。,RGBは、RAGをノイズ耐性、答えがない場合の回答保留、情報統合、反事実への耐性に分けて評価します。 判断対象は、RGB benchmarkは、同benchmarkのRAG testをnoise robustness、negative rejection、information integration、counterfactual robustnessの四能力へ分けて評価することに限定した修正です。現文のevaluation=true;generation=trueと関係NOTには、候補資料は記録されていますが、現主張を再特定する直接locatorは未確定です。修正後は次の文とします。RGB benchmarkは、同benchmarkのRAG testをnoise robustness、negative rejection、information integration、counterfactual robustnessの四能力へ分けて評価します。 この限定で主体・対象・条件を保ちながら未確認の一般化または因果を除くため、REWRITE_REQUIREDと判定します。,SENT-2713の規則種別、受入条件、例外境界を完成した日本語で説明し、slash連結された理由文を除去する。
SENT-2715,normative_criteria,検証対象は次の条件です: プロンプトインジェクション／知識汚染／テナントをまたぐ検索／権限のない操作は隔離環境で試します。当該規則の対象resourceとattributeをauthorization fixtureへ登録し、許可主体では取得・利用でき、非許可主体ではcandidate、context、answerの全段階でゼロ件になることを確認する。,プロンプトインジェクション、知識汚染、テナントをまたぐ検索、権限のない操作は隔離環境で試することを定める安全性・アクセス制御規則について、この規則の対象resourceとattributeをauthorization fixtureへ登録し、許可主体では取得・利用でき、非許可主体ではcandidate、context、answerの全段階でゼロ件になることを確認する。,SENT-2715の主体、観測方法、合格条件または例外契機を通常の日本語で明示し、payload注入型の共通shellを除去する。
SENT-2715,exceptions,例外判断で参照する条件は次のとおりです: プロンプトインジェクション／知識汚染／テナントをまたぐ検索／権限のない操作は隔離環境で試します。当該規則より法令、契約、組織policyが厳しい場合は厳しい統制を優先し、性能、可用性、費用を理由に対象resourceのauthorizationまたは隔離を省略しない。,プロンプトインジェクション、知識汚染、テナントをまたぐ検索、権限のない操作は隔離環境で試することを定める安全性・アクセス制御規則の例外として、この規則より法令、契約、組織policyが厳しい場合は厳しい統制を優先し、性能、可用性、費用を理由に対象resourceのauthorizationまたは隔離を省略しない。,SENT-2715の主体、観測方法、合格条件または例外契機を通常の日本語で明示し、payload注入型の共通shellを除去する。
SENT-2715,verdict_reason,プロンプトインジェクション、知識汚染、テナントをまたぐ検索、権限のない操作は隔離環境で試します。 この記述は プロンプトインジェクション／知識汚染／テナントをまたぐ検索／権限のない操作は隔離環境で試します を本ガイドの設計・評価・運用へ適用する規則で、外部研究の効果を一般化する文ではありません。履行を 検証対象は次の条件です: プロンプトインジェクション／知識汚染／テナントをまたぐ検索／権限のない操作は隔離環境で試します。当該規則の対象resourceとattributeをauthorization fixtureへ登録し、許可主体では取得・利用でき、非許可主体ではcandidate、context、answerの全段階でゼロ件になることを確認する。 により観測し、適用除外を 例外判断で参照する条件は次のとおりです: プロンプトインジェクション／知識汚染／テナントをまたぐ検索／権限のない操作は隔離環境で試します。当該規則より法令、契約、組織policyが厳しい場合は厳しい統制を優先し、性能、可用性、費用を理由に対象resourceのauthorizationまたは隔離を省略しない。 に限定できるため、APPROPRIATE_NORMATIVEと判定します。,プロンプトインジェクション、知識汚染、テナントをまたぐ検索、権限のない操作は隔離環境で試します。 判断対象は、プロンプトインジェクション、知識汚染、テナントをまたぐ検索、権限のない操作は隔離環境で試することを定める安全性・アクセス制御規則です。外部資料から一般的な効果を導くのではなく、次の検査を受入条件とします。プロンプトインジェクション、知識汚染、テナントをまたぐ検索、権限のない操作は隔離環境で試することを定める安全性・アクセス制御規則について、この規則の対象resourceとattributeをauthorization fixtureへ登録し、許可主体では取得・利用でき、非許可主体ではcandidate、context、answerの全段階でゼロ件になることを確認する。 適用除外は次の場合に限定します。プロンプトインジェクション、知識汚染、テナントをまたぐ検索、権限のない操作は隔離環境で試することを定める安全性・アクセス制御規則の例外として、この規則より法令、契約、組織policyが厳しい場合は厳しい統制を優先し、性能、可用性、費用を理由に対象resourceのauthorizationまたは隔離を省略しない。 受入条件と例外境界を台帳で検査できるため、APPROPRIATE_NORMATIVEと判定します。,SENT-2715の規則種別、受入条件、例外境界を完成した日本語で説明し、slash連結された理由文を除去する。
SENT-2747,verdict_reason,Delta Lakeがスナップショットと過去時点の参照によって再現可能なデータ処理を支えるように、RAGでも入力時点を保存します。 この記述は Delta Lakeがスナップショットと過去時点の参照によって再現可能なデータ処理を支えるように／RAGでも入力時点を保存します を本ガイドの設計・評価・運用へ適用する規則で、外部研究の効果を一般化する文ではありません。履行を 各evaluation/runにsource snapshot ID、document version集合、index version、取得時刻を保存し、同じ入力時点から再実行できることを確認する。 により観測し、適用除外を 外部sourceの完全snapshotを保存できない場合はcontent hashと取得responseを保持し、再取得値を同一入力として扱わない。 に限定できるため、APPROPRIATE_NORMATIVEと判定します。,Delta Lakeがスナップショットと過去時点の参照によって再現可能なデータ処理を支えるように、RAGでも入力時点を保存します。 判断対象は、Delta Lakeがスナップショットと過去時点の参照によって再現可能なデータ処理を支えるように、RAGでも入力時点を保存することを定める追跡性・証跡管理規則です。外部資料から一般的な効果を導くのではなく、次の検査を受入条件とします。各evaluation/runにsource snapshot ID、document version集合、index version、取得時刻を保存し、同じ入力時点から再実行できることを確認する。 適用除外は次の場合に限定します。外部sourceの完全snapshotを保存できない場合はcontent hashと取得responseを保持し、再取得値を同一入力として扱わない。 受入条件と例外境界を台帳で検査できるため、APPROPRIATE_NORMATIVEと判定します。,SENT-2747の規則種別、受入条件、例外境界を完成した日本語で説明し、slash連結された理由文を除去する。
SENT-2782,verdict_reason,Role-Based Access Control Modelsが扱う役割階層や制約も試験条件へ反映します。 この記述は Role-Based Access Control Modelsが扱う役割階層や制約も試験条件へ反映します を本ガイドの設計・評価・運用へ適用する規則で、外部研究の効果を一般化する文ではありません。履行を role hierarchy、mutual exclusion、tenant scope、resource constraintを認可fixtureへ反映し、上位roleの継承と禁止組合せの双方を検索前後で負試験する。 により観測し、適用除外を 組織がrole hierarchyを使用しない場合は階層fixtureをnot-applicableにできるが、resource単位とtenant単位の分離試験は省略しない。 に限定できるため、APPROPRIATE_NORMATIVEと判定します。,Role-Based Access Control Modelsが扱う役割階層や制約も試験条件へ反映します。 判断対象は、Role-Based Access Control Modelsが扱う役割階層や制約も試験条件へ反映することを定める構成・設定規則です。外部資料から一般的な効果を導くのではなく、次の検査を受入条件とします。role hierarchy、mutual exclusion、tenant scope、resource constraintを認可fixtureへ反映し、上位roleの継承と禁止組合せの双方を検索前後で負試験する。 適用除外は次の場合に限定します。組織がrole hierarchyを使用しない場合は階層fixtureをnot-applicableにできるが、resource単位とtenant単位の分離試験は省略しない。 受入条件と例外境界を台帳で検査できるため、APPROPRIATE_NORMATIVEと判定します。,SENT-2782の規則種別、受入条件、例外境界を完成した日本語で説明し、slash連結された理由文を除去する。
SENT-2787,verdict_reason,MTEBでは、埋め込みモデルの順位がタスクやデータセットによって変わります。 検証対象として MTEBの収録taskとdatasetではembedding modelの相対順位が変わるため／MTEB総合順位だけで対象業務modelを確定しません を区別し、この文が断定する embedding_model=true と関係 NOT_APPLICABLE について、資料候補の記録は SRC-044 https://arxiv.org/abs/2210.07316 — abstract inspected 2026-08-15; 現主張への直接locatorは未確定 ですが、現主張を再特定する直接locatorは未確定です。そこで主体・対象・条件を保った MTEBの収録taskとdatasetではembedding modelの相対順位が変わるため、MTEB総合順位だけで対象業務modelを確定しません。 へ変更し、未確認の一般化または因果を本文から外すためREWRITE_REQUIREDと判定します。,MTEBでは、埋め込みモデルの順位がタスクやデータセットによって変わります。 判断対象は、MTEBの収録taskとdatasetではembedding modelの相対順位が変わるため、MTEB総合順位だけで対象業務modelを確定しないことに限定した修正です。現文のembedding_model=trueと関係NOT_APPLICABLEには、候補資料は記録されていますが、現主張を再特定する直接locatorは未確定です。修正後は次の文とします。MTEBの収録taskとdatasetではembedding modelの相対順位が変わるため、MTEB総合順位だけで対象業務modelを確定しません。 この限定で主体・対象・条件を保ちながら未確認の一般化または因果を除くため、REWRITE_REQUIREDと判定します。,SENT-2787の規則種別、受入条件、例外境界を完成した日本語で説明し、slash連結された理由文を除去する。
SENT-2789,normative_criteria,検証対象は次の条件です: 一般的なベンチマークは候補選定の入口に使い／最終判断には業務データのRecallとnDCGを使います。当該規則に含まれるretriever、candidate数、rank処理を固定したtest queryを実行し、統合前後のcandidate ID・rank・score変換が記述した順序と選択規則に一致することを確認する。,一般的なベンチマークは候補選定の入口に使い、最終判断には業務データのRecallとnDCGを使うことを定める評価・採否規則について、この規則に含まれるretriever、candidate数、rank処理を固定したtest queryを実行し、統合前後のcandidate ID・rank・score変換が記述した順序と選択規則に一致することを確認する。,SENT-2789の主体、観測方法、合格条件または例外契機を通常の日本語で明示し、payload注入型の共通shellを除去する。
SENT-2789,exceptions,例外判断で参照する条件は次のとおりです: 一般的なベンチマークは候補選定の入口に使い／最終判断には業務データのRecallとnDCGを使います。当該規則の初期値・候補は対象datasetで再調整できるが、変更値、baseline、採用理由を同じresult tableへ残し、未比較の値を既定値として固定しない。,一般的なベンチマークは候補選定の入口に使い、最終判断には業務データのRecallとnDCGを使うことを定める評価・採否規則の例外として、初期値・候補は対象datasetで再調整できるが、変更値、baseline、採用理由を同じresult tableへ残し、未比較の値を既定値として固定しない。,SENT-2789の主体、観測方法、合格条件または例外契機を通常の日本語で明示し、payload注入型の共通shellを除去する。
SENT-2789,verdict_reason,一般的なベンチマークは候補選定の入口に使い、最終判断には業務データのRecallとnDCGを使います。 この記述は 一般的なベンチマークは候補選定の入口に使い／最終判断には業務データのRecallとnDCGを使います を本ガイドの設計・評価・運用へ適用する規則で、外部研究の効果を一般化する文ではありません。履行を 検証対象は次の条件です: 一般的なベンチマークは候補選定の入口に使い／最終判断には業務データのRecallとnDCGを使います。当該規則に含まれるretriever、candidate数、rank処理を固定したtest queryを実行し、統合前後のcandidate ID・rank・score変換が記述した順序と選択規則に一致することを確認する。 により観測し、適用除外を 例外判断で参照する条件は次のとおりです: 一般的なベンチマークは候補選定の入口に使い／最終判断には業務データのRecallとnDCGを使います。当該規則の初期値・候補は対象datasetで再調整できるが、変更値、baseline、採用理由を同じresult tableへ残し、未比較の値を既定値として固定しない。 に限定できるため、APPROPRIATE_NORMATIVEと判定します。,一般的なベンチマークは候補選定の入口に使い、最終判断には業務データのRecallとnDCGを使います。 判断対象は、一般的なベンチマークは候補選定の入口に使い、最終判断には業務データのRecallとnDCGを使うことを定める評価・採否規則です。外部資料から一般的な効果を導くのではなく、次の検査を受入条件とします。一般的なベンチマークは候補選定の入口に使い、最終判断には業務データのRecallとnDCGを使うことを定める評価・採否規則について、この規則に含まれるretriever、candidate数、rank処理を固定したtest queryを実行し、統合前後のcandidate ID・rank・score変換が記述した順序と選択規則に一致することを確認する。 適用除外は次の場合に限定します。一般的なベンチマークは候補選定の入口に使い、最終判断には業務データのRecallとnDCGを使うことを定める評価・採否規則の例外として、初期値・候補は対象datasetで再調整できるが、変更値、baseline、採用理由を同じresult tableへ残し、未比較の値を既定値として固定しない。 受入条件と例外境界を台帳で検査できるため、APPROPRIATE_NORMATIVEと判定します。,SENT-2789の規則種別、受入条件、例外境界を完成した日本語で説明し、slash連結された理由文を除去する。
SENT-2794,verdict_reason,古いベクトル、削除済み文書、重複ベクトル、一部だけ読み込まれた状態を検出します。 この記述は 古いベクトル／削除済み文書／重複ベクトル／一部だけ読み込まれた状態を検出します を本ガイドの設計・評価・運用へ適用する規則で、外部研究の効果を一般化する文ではありません。履行を index検査で旧contract vector、削除済document ID、duplicate chunk ID、ingestion未完了batchを別々に数え、いずれかがactive indexに存在すれば公開を止める。 により観測し、適用除外を 移行用staging indexには未完了batchを保持できるが、active aliasへ接続せず、検査対象から除外した理由を記録する。 に限定できるため、APPROPRIATE_NORMATIVEと判定します。,古いベクトル、削除済み文書、重複ベクトル、一部だけ読み込まれた状態を検出します。 判断対象は、古いベクトル、削除済み文書、重複ベクトル、一部だけ読み込まれた状態を検出することを定める運用規則です。外部資料から一般的な効果を導くのではなく、次の検査を受入条件とします。index検査で旧contract vector、削除済document ID、duplicate chunk ID、ingestion未完了batchを別々に数え、いずれかがactive indexに存在すれば公開を止める。 適用除外は次の場合に限定します。移行用staging indexには未完了batchを保持できるが、active aliasへ接続せず、検査対象から除外した理由を記録する。 受入条件と例外境界を台帳で検査できるため、APPROPRIATE_NORMATIVEと判定します。,SENT-2794の規則種別、受入条件、例外境界を完成した日本語で説明し、slash連結された理由文を除去する。
SENT-2795,verdict_reason,近似最近傍検索は、高速化の代わりに真の上位候補を取りこぼす場合があります。 検証対象として ANNはexact nearest-neighbor searchより探索量を減らす代わりに／真のtop candidateを取りこぼす可能性があります を区別し、この文が断定する UNFORMALIZED_NATURAL_LANGUAGE_CLAIM と関係 UNFORMALIZED について、資料候補の記録は SRC-002 https://aclanthology.org/2020.emnlp-main.550/ — abstract inspected 2026-08-15; 現主張への直接locatorは未確定; SRC-005 https://doi.org/10.1561/1500000019 — primary_page inspected 2026-08-15; 現主張への直接locatorは未確定; SRC-010 https://arxiv.org/abs/1803.09010 — abstract inspected 2026-08-15; 現主張への直接locatorは未確定 ですが、現主張を再特定する直接locatorは未確定です。そこで主体・対象・条件を保った ANNはexact nearest-neighbor searchより探索量を減らす代わりに、真のtop candidateを取りこぼす可能性があります。 へ変更し、未確認の一般化または因果を本文から外すためREWRITE_REQUIREDと判定します。,近似最近傍検索は、高速化の代わりに真の上位候補を取りこぼす場合があります。 判断対象は、ANNはexact nearest-neighbor searchより探索量を減らす代わりに、真のtop candidateを取りこぼす可能性があることに限定した修正です。現文のUNFORMALIZED_NATURAL_LANGUAGE_CLAIMと関係UNFORMALIZEDには、候補資料は記録されていますが、現主張を再特定する直接locatorは未確定です。修正後は次の文とします。ANNはexact nearest-neighbor searchより探索量を減らす代わりに、真のtop candidateを取りこぼす可能性があります。 この限定で主体・対象・条件を保ちながら未確認の一般化または因果を除くため、REWRITE_REQUIREDと判定します。,SENT-2795の規則種別、受入条件、例外境界を完成した日本語で説明し、slash連結された理由文を除去する。
SENT-2797,verdict_reason,HNSWでは、グラフの接続数や検索時の探索幅がメモリ、遅延、Recallのバランスを変えます。 検証対象として HNSWでは／接続数とquery時の探索幅を変えると／対象indexにおけるmemory使用量／latency／Recallの組合せも変化します を区別し、この文が断定する recall_metric=true と関係 NOT_APPLICABLE について、資料候補の記録は SRC-047 https://arxiv.org/abs/1603.09320 — abstract inspected 2026-08-15; 現主張への直接locatorは未確定 ですが、現主張を再特定する直接locatorは未確定です。そこで主体・対象・条件を保った HNSWでは、接続数とquery時の探索幅を変えると、対象indexにおけるmemory使用量、latency、Recallの組合せも変化します。 へ変更し、未確認の一般化または因果を本文から外すためREWRITE_REQUIREDと判定します。,HNSWでは、グラフの接続数や検索時の探索幅がメモリ、遅延、Recallのバランスを変えます。 判断対象は、HNSWでは、接続数とquery時の探索幅を変えると、対象indexにおけるmemory使用量、latency、Recallの組合せも変化することに限定した修正です。現文のrecall_metric=trueと関係NOT_APPLICABLEには、候補資料は記録されていますが、現主張を再特定する直接locatorは未確定です。修正後は次の文とします。HNSWでは、接続数とquery時の探索幅を変えると、対象indexにおけるmemory使用量、latency、Recallの組合せも変化します。 この限定で主体・対象・条件を保ちながら未確認の一般化または因果を除くため、REWRITE_REQUIREDと判定します。,SENT-2797の規則種別、受入条件、例外境界を完成した日本語で説明し、slash連結された理由文を除去する。
SENT-2800,verdict_reason,上流の指標が改善しても、最終回答が改善するとは限りません。 検証対象として 上流指標の改善だけでは採用せず／同じquestion_idで最終回答の正しさ／根拠支持／回答保留も改善していることを確認します を区別し、この文が断定する empirical_result=true と関係 NOT について、資料候補の記録は SRC-110 https://arxiv.org/abs/2408.08067 — abstract inspected 2026-08-15; 現主張への直接locatorは未確定 ですが、現主張を再特定する直接locatorは未確定です。そこで主体・対象・条件を保った 上流指標の改善だけでは採用せず、同じquestion_idで最終回答の正しさ、根拠支持、回答保留も改善していることを確認します。 へ変更し、未確認の一般化または因果を本文から外すためREWRITE_REQUIREDと判定します。,上流の指標が改善しても、最終回答が改善するとは限りません。 判断対象は、上流指標の改善だけでは採用せず、同じquestion_idで最終回答の正しさ、根拠支持、回答保留も改善していることを確認することに限定した修正です。現文のempirical_result=trueと関係NOTには、候補資料は記録されていますが、現主張を再特定する直接locatorは未確定です。修正後は次の文とします。上流指標の改善だけでは採用せず、同じquestion_idで最終回答の正しさ、根拠支持、回答保留も改善していることを確認します。 この限定で主体・対象・条件を保ちながら未確認の一般化または因果を除くため、REWRITE_REQUIREDと判定します。,SENT-2800の規則種別、受入条件、例外境界を完成した日本語で説明し、slash連結された理由文を除去する。
SENT-2802,verdict_reason,解析器、チャンク分割器、埋め込みモデルを一要素ずつ変更します。 この記述は 解析器／チャンク分割器／埋め込みモデルを一要素ずつ変更します を本ガイドの設計・評価・運用へ適用する規則で、外部研究の効果を一般化する文ではありません。履行を parser、chunker、embedding modelの改善実験では一回のexperimentで一要素だけを変更し、残り二要素とdataset versionを固定したmanifestを保存する。 により観測し、適用除外を interface互換性がなく同時変更が不可避な場合はcombined changeと明記し、個別要素の因果効果を主張しない。 に限定できるため、APPROPRIATE_NORMATIVEと判定します。,解析器、チャンク分割器、埋め込みモデルを一要素ずつ変更します。 判断対象は、解析器、チャンク分割器、埋め込みモデルを一要素ずつ変更することを定める運用規則です。外部資料から一般的な効果を導くのではなく、次の検査を受入条件とします。parser、chunker、embedding modelの改善実験では一回のexperimentで一要素だけを変更し、残り二要素とdataset versionを固定したmanifestを保存する。 適用除外は次の場合に限定します。interface互換性がなく同時変更が不可避な場合はcombined changeと明記し、個別要素の因果効果を主張しない。 受入条件と例外境界を台帳で検査できるため、APPROPRIATE_NORMATIVEと判定します。,SENT-2802の規則種別、受入条件、例外境界を完成した日本語で説明し、slash連結された理由文を除去する。
SENT-2804,verdict_reason,RAGCheckerのように検索と生成を細分化すると、上流の改善が新しい生成上の失敗を生んでいないか確認できます。 検証対象として RAGChecker型のstage別診断では／retrievalとgenerationの結果を同じclaim単位で追い／上流改善後に新たなgeneration failureが生じたかを分けて確認できます を区別し、この文が断定する empirical_result=true と関係 NOT について、資料候補の記録は SRC-110 https://arxiv.org/abs/2408.08067 — abstract inspected 2026-08-15; 現主張への直接locatorは未確定 ですが、現主張を再特定する直接locatorは未確定です。そこで主体・対象・条件を保った RAGChecker型のstage別診断では、retrievalとgenerationの結果を同じclaim単位で追い、上流改善後に新たなgeneration failureが生じたかを分けて確認できます。 へ変更し、未確認の一般化または因果を本文から外すためREWRITE_REQUIREDと判定します。,RAGCheckerのように検索と生成を細分化すると、上流の改善が新しい生成上の失敗を生んでいないか確認できます。 判断対象は、RAGChecker型のstage別診断では、retrievalとgenerationの結果を同じclaim単位で追い、上流改善後に新たなgeneration failureが生じたかを分けて確認できることに限定した修正です。現文のempirical_result=trueと関係NOTには、候補資料は記録されていますが、現主張を再特定する直接locatorは未確定です。修正後は次の文とします。RAGChecker型のstage別診断では、retrievalとgenerationの結果を同じclaim単位で追い、上流改善後に新たなgeneration failureが生じたかを分けて確認できます。 この限定で主体・対象・条件を保ちながら未確認の一般化または因果を除くため、REWRITE_REQUIREDと判定します。,SENT-2804の規則種別、受入条件、例外境界を完成した日本語で説明し、slash連結された理由文を除去する。
SENT-2805,normative_criteria,検証対象は次の条件です: 局所指標の改善だけで公開せず／重要な下流指標が許容幅を超えて悪化しないことを合格条件にします。当該規則に挙げた選択肢を同じdataset version、query slice、gold evidence、負荷条件で比較し、対象sliceごとの品質・latency・costを一つのresult tableへ記録する。,局所指標の改善だけで公開せず、重要な下流指標が許容幅を超えて悪化しないことを合格条件にすることを定める評価・採否規則について、この規則に挙げた選択肢を同じdataset version、query slice、gold evidence、負荷条件で比較し、対象sliceごとの品質・latency・costを一つのresult tableへ記録する。,SENT-2805の主体、観測方法、合格条件または例外契機を通常の日本語で明示し、payload注入型の共通shellを除去する。
SENT-2805,exceptions,例外判断で参照する条件は次のとおりです: 局所指標の改善だけで公開せず／重要な下流指標が許容幅を超えて悪化しないことを合格条件にします。当該規則を評価するgold evidenceがないslice、標本不足のslice、負荷条件が異なるrunは合否集計から分離し、他sliceの平均結果を外挿しない。,局所指標の改善だけで公開せず、重要な下流指標が許容幅を超えて悪化しないことを合格条件にすることを定める評価・採否規則の例外として、判定に必要なgold evidenceがないslice、標本不足のslice、負荷条件が異なるrunは合否集計から分離し、他sliceの平均結果を外挿しない。,SENT-2805の主体、観測方法、合格条件または例外契機を通常の日本語で明示し、payload注入型の共通shellを除去する。
SENT-2805,verdict_reason,局所指標の改善だけで公開せず、重要な下流指標が許容幅を超えて悪化しないことを合格条件にします。 この記述は 局所指標の改善だけで公開せず／重要な下流指標が許容幅を超えて悪化しないことを合格条件にします を本ガイドの設計・評価・運用へ適用する規則で、外部研究の効果を一般化する文ではありません。履行を 検証対象は次の条件です: 局所指標の改善だけで公開せず／重要な下流指標が許容幅を超えて悪化しないことを合格条件にします。当該規則に挙げた選択肢を同じdataset version、query slice、gold evidence、負荷条件で比較し、対象sliceごとの品質・latency・costを一つのresult tableへ記録する。 により観測し、適用除外を 例外判断で参照する条件は次のとおりです: 局所指標の改善だけで公開せず／重要な下流指標が許容幅を超えて悪化しないことを合格条件にします。当該規則を評価するgold evidenceがないslice、標本不足のslice、負荷条件が異なるrunは合否集計から分離し、他sliceの平均結果を外挿しない。 に限定できるため、APPROPRIATE_NORMATIVEと判定します。,局所指標の改善だけで公開せず、重要な下流指標が許容幅を超えて悪化しないことを合格条件にします。 判断対象は、局所指標の改善だけで公開せず、重要な下流指標が許容幅を超えて悪化しないことを合格条件にすることを定める評価・採否規則です。外部資料から一般的な効果を導くのではなく、次の検査を受入条件とします。局所指標の改善だけで公開せず、重要な下流指標が許容幅を超えて悪化しないことを合格条件にすることを定める評価・採否規則について、この規則に挙げた選択肢を同じdataset version、query slice、gold evidence、負荷条件で比較し、対象sliceごとの品質・latency・costを一つのresult tableへ記録する。 適用除外は次の場合に限定します。局所指標の改善だけで公開せず、重要な下流指標が許容幅を超えて悪化しないことを合格条件にすることを定める評価・採否規則の例外として、判定に必要なgold evidenceがないslice、標本不足のslice、負荷条件が異なるrunは合否集計から分離し、他sliceの平均結果を外挿しない。 受入条件と例外境界を台帳で検査できるため、APPROPRIATE_NORMATIVEと判定します。,SENT-2805の規則種別、受入条件、例外境界を完成した日本語で説明し、slash連結された理由文を除去する。
SENT-2821,verdict_reason,正解根拠は、答えと同じ文字列を含むチャンクとは限りません。 検証対象として 正解根拠は／答えと同じ文字列を含むチャンクとは限らない前提で／反例を含む対象データを評価します を区別し、この文が断定する evidence_support=true と関係 NOT について、資料候補の記録は SRC-005 https://doi.org/10.1561/1500000019 — primary_page inspected 2026-08-15; 現主張への直接locatorは未確定 ですが、現主張を再特定する直接locatorは未確定です。そこで主体・対象・条件を保った 正解根拠は、答えと同じ文字列を含むチャンクとは限らない前提で、反例を含む対象データを評価します。 へ変更し、未確認の一般化または因果を本文から外すためREWRITE_REQUIREDと判定します。,正解根拠は、答えと同じ文字列を含むチャンクとは限りません。 判断対象は、正解根拠は、答えと同じ文字列を含むチャンクとは限らない前提で、反例を含む対象データを評価することに限定した修正です。現文のevidence_support=trueと関係NOTには、候補資料は記録されていますが、現主張を再特定する直接locatorは未確定です。修正後は次の文とします。正解根拠は、答えと同じ文字列を含むチャンクとは限らない前提で、反例を含む対象データを評価します。 この限定で主体・対象・条件を保ちながら未確認の一般化または因果を除くため、REWRITE_REQUIREDと判定します。,SENT-2821の規則種別、受入条件、例外境界を完成した日本語で説明し、slash連結された理由文を除去する。
SENT-2827,normative_criteria,検証対象は次の条件です: チャンク分割を変えた場合は／古いチャンクIDをそのまま使わず／元文書の正解スパンから新しいチャンクへ対応付けます。当該規則に列挙したID、version、artifactを必須schema fieldにし、任意のanswer/citationからsource document、original span、chunk、retrieval rank、configuration versionへ欠損なく到達できることを確認する。,チャンク分割を変えた場合は、古いチャンクIDをそのまま使わず、元文書の正解スパンから新しいチャンクへ対応付けることを定めるローカル設計規則について、この規則に列挙したID、version、artifactを必須schema fieldにし、任意のanswer/citationからsource document、original span、chunk、retrieval rank、configuration versionへ欠損なく到達できることを確認する。,SENT-2827の主体、観測方法、合格条件または例外契機を通常の日本語で明示し、payload注入型の共通shellを除去する。
SENT-2827,exceptions,例外判断で参照する条件は次のとおりです: チャンク分割を変えた場合は／古いチャンクIDをそのまま使わず／元文書の正解スパンから新しいチャンクへ対応付けます。当該規則の値に個人情報または保存期限の制約がある場合は仮名化・分離保管へ置換できるが、source/version/spanを復元する承認済み対応表は保持する。,チャンク分割を変えた場合は、古いチャンクIDをそのまま使わず、元文書の正解スパンから新しいチャンクへ対応付けることを定めるローカル設計規則の例外として、対象値に個人情報または保存期限の制約がある場合は仮名化・分離保管へ置換できるが、source/version/spanを復元する承認済み対応表は保持する。,SENT-2827の主体、観測方法、合格条件または例外契機を通常の日本語で明示し、payload注入型の共通shellを除去する。
SENT-2827,verdict_reason,チャンク分割を変えた場合は、古いチャンクIDをそのまま使わず、元文書の正解スパンから新しいチャンクへ対応付けます。 この記述は チャンク分割を変えた場合は／古いチャンクIDをそのまま使わず／元文書の正解スパンから新しいチャンクへ対応付けます を本ガイドの設計・評価・運用へ適用する規則で、外部研究の効果を一般化する文ではありません。履行を 検証対象は次の条件です: チャンク分割を変えた場合は／古いチャンクIDをそのまま使わず／元文書の正解スパンから新しいチャンクへ対応付けます。当該規則に列挙したID、version、artifactを必須schema fieldにし、任意のanswer/citationからsource document、original span、chunk、retrieval rank、configuration versionへ欠損なく到達できることを確認する。 により観測し、適用除外を 例外判断で参照する条件は次のとおりです: チャンク分割を変えた場合は／古いチャンクIDをそのまま使わず／元文書の正解スパンから新しいチャンクへ対応付けます。当該規則の値に個人情報または保存期限の制約がある場合は仮名化・分離保管へ置換できるが、source/version/spanを復元する承認済み対応表は保持する。 に限定できるため、APPROPRIATE_NORMATIVEと判定します。,チャンク分割を変えた場合は、古いチャンクIDをそのまま使わず、元文書の正解スパンから新しいチャンクへ対応付けます。 判断対象は、チャンク分割を変えた場合は、古いチャンクIDをそのまま使わず、元文書の正解スパンから新しいチャンクへ対応付けることを定めるローカル設計規則です。外部資料から一般的な効果を導くのではなく、次の検査を受入条件とします。チャンク分割を変えた場合は、古いチャンクIDをそのまま使わず、元文書の正解スパンから新しいチャンクへ対応付けることを定めるローカル設計規則について、この規則に列挙したID、version、artifactを必須schema fieldにし、任意のanswer/citationからsource document、original span、chunk、retrieval rank、configuration versionへ欠損なく到達できることを確認する。 適用除外は次の場合に限定します。チャンク分割を変えた場合は、古いチャンクIDをそのまま使わず、元文書の正解スパンから新しいチャンクへ対応付けることを定めるローカル設計規則の例外として、対象値に個人情報または保存期限の制約がある場合は仮名化・分離保管へ置換できるが、source/version/spanを復元する承認済み対応表は保持する。 受入条件と例外境界を台帳で検査できるため、APPROPRIATE_NORMATIVEと判定します。,SENT-2827の規則種別、受入条件、例外境界を完成した日本語で説明し、slash連結された理由文を除去する。
SENT-2842,verdict_reason,BEIRでは、BM25と密検索の優劣がデータセットによって変わります。 検証対象として BEIRの収録datasetではBM25とdense retrievalの相対的な優劣がdatasetごとに異なるため／対象dataset別に両方式を比較します を区別し、この文が断定する dense=true と関係 NOT_APPLICABLE について、資料候補の記録は SRC-066 https://arxiv.org/abs/2104.08663 — abstract inspected 2026-08-15; 現主張への直接locatorは未確定; SRC-005 https://doi.org/10.1561/1500000019 — primary_page inspected 2026-08-15; 現主張への直接locatorは未確定 ですが、現主張を再特定する直接locatorは未確定です。そこで主体・対象・条件を保った BEIRの収録datasetではBM25とdense retrievalの相対的な優劣がdatasetごとに異なるため、対象dataset別に両方式を比較します。 へ変更し、未確認の一般化または因果を本文から外すためREWRITE_REQUIREDと判定します。,BEIRでは、BM25と密検索の優劣がデータセットによって変わります。 判断対象は、BEIRの収録datasetではBM25とdense retrievalの相対的な優劣がdatasetごとに異なるため、対象dataset別に両方式を比較することに限定した修正です。現文のdense=trueと関係NOT_APPLICABLEには、候補資料は記録されていますが、現主張を再特定する直接locatorは未確定です。修正後は次の文とします。BEIRの収録datasetではBM25とdense retrievalの相対的な優劣がdatasetごとに異なるため、対象dataset別に両方式を比較します。 この限定で主体・対象・条件を保ちながら未確認の一般化または因果を除くため、REWRITE_REQUIREDと判定します。,SENT-2842の規則種別、受入条件、例外境界を完成した日本語で説明し、slash連結された理由文を除去する。
SENT-2846,normative_criteria,検証対象は次の条件です: BM25／密検索／学習型疎検索／ハイブリッド検索を／同じ正解集合と候補件数で比較します。当該規則に含まれるretriever、candidate数、rank処理を固定したtest queryを実行し、統合前後のcandidate ID・rank・score変換が記述した順序と選択規則に一致することを確認する。,BM25、密検索、学習型疎検索、ハイブリッド検索を、同じ正解集合と候補件数で比較することを定める評価・採否規則について、この規則に含まれるretriever、candidate数、rank処理を固定したtest queryを実行し、統合前後のcandidate ID・rank・score変換が記述した順序と選択規則に一致することを確認する。,SENT-2846の主体、観測方法、合格条件または例外契機を通常の日本語で明示し、payload注入型の共通shellを除去する。
SENT-2846,exceptions,例外判断で参照する条件は次のとおりです: BM25／密検索／学習型疎検索／ハイブリッド検索を／同じ正解集合と候補件数で比較します。当該規則の初期値・候補は対象datasetで再調整できるが、変更値、baseline、採用理由を同じresult tableへ残し、未比較の値を既定値として固定しない。,BM25、密検索、学習型疎検索、ハイブリッド検索を、同じ正解集合と候補件数で比較することを定める評価・採否規則の例外として、初期値・候補は対象datasetで再調整できるが、変更値、baseline、採用理由を同じresult tableへ残し、未比較の値を既定値として固定しない。,SENT-2846の主体、観測方法、合格条件または例外契機を通常の日本語で明示し、payload注入型の共通shellを除去する。
SENT-2846,verdict_reason,BM25、密検索、学習型疎検索、ハイブリッド検索を、同じ正解集合と候補件数で比較します。 この記述は BM25／密検索／学習型疎検索／ハイブリッド検索を／同じ正解集合と候補件数で比較します を本ガイドの設計・評価・運用へ適用する規則で、外部研究の効果を一般化する文ではありません。履行を 検証対象は次の条件です: BM25／密検索／学習型疎検索／ハイブリッド検索を／同じ正解集合と候補件数で比較します。当該規則に含まれるretriever、candidate数、rank処理を固定したtest queryを実行し、統合前後のcandidate ID・rank・score変換が記述した順序と選択規則に一致することを確認する。 により観測し、適用除外を 例外判断で参照する条件は次のとおりです: BM25／密検索／学習型疎検索／ハイブリッド検索を／同じ正解集合と候補件数で比較します。当該規則の初期値・候補は対象datasetで再調整できるが、変更値、baseline、採用理由を同じresult tableへ残し、未比較の値を既定値として固定しない。 に限定できるため、APPROPRIATE_NORMATIVEと判定します。,BM25、密検索、学習型疎検索、ハイブリッド検索を、同じ正解集合と候補件数で比較します。 判断対象は、BM25、密検索、学習型疎検索、ハイブリッド検索を、同じ正解集合と候補件数で比較することを定める評価・採否規則です。外部資料から一般的な効果を導くのではなく、次の検査を受入条件とします。BM25、密検索、学習型疎検索、ハイブリッド検索を、同じ正解集合と候補件数で比較することを定める評価・採否規則について、この規則に含まれるretriever、candidate数、rank処理を固定したtest queryを実行し、統合前後のcandidate ID・rank・score変換が記述した順序と選択規則に一致することを確認する。 適用除外は次の場合に限定します。BM25、密検索、学習型疎検索、ハイブリッド検索を、同じ正解集合と候補件数で比較することを定める評価・採否規則の例外として、初期値・候補は対象datasetで再調整できるが、変更値、baseline、採用理由を同じresult tableへ残し、未比較の値を既定値として固定しない。 受入条件と例外境界を台帳で検査できるため、APPROPRIATE_NORMATIVEと判定します。,SENT-2846の規則種別、受入条件、例外境界を完成した日本語で説明し、slash連結された理由文を除去する。
SENT-2848,verdict_reason,両者は改善する質問の種類が異なります。 検証対象として BM25とSPLADE系疎検索は／同じ平均値だけでなく／固有名詞／専門語／言い換えを含む質問sliceごとの改善差を比較します を区別し、この文が断定する empirical_result=true と関係 NOT について、資料候補の記録は SRC-068 https://arxiv.org/abs/2107.05720 — abstract inspected 2026-08-15; 現主張への直接locatorは未確定; SRC-043 https://arxiv.org/abs/2004.04906 — abstract inspected 2026-08-15; 現主張への直接locatorは未確定 ですが、現主張を再特定する直接locatorは未確定です。そこで主体・対象・条件を保った BM25とSPLADE系疎検索は、同じ平均値だけでなく、固有名詞、専門語、言い換えを含む質問sliceごとの改善差を比較します。 へ変更し、未確認の一般化または因果を本文から外すためREWRITE_REQUIREDと判定します。,両者は改善する質問の種類が異なります。 判断対象は、BM25とSPLADE系疎検索は、同じ平均値だけでなく、固有名詞、専門語、言い換えを含む質問sliceごとの改善差を比較することに限定した修正です。現文のempirical_result=trueと関係NOTには、候補資料は記録されていますが、現主張を再特定する直接locatorは未確定です。修正後は次の文とします。BM25とSPLADE系疎検索は、同じ平均値だけでなく、固有名詞、専門語、言い換えを含む質問sliceごとの改善差を比較します。 この限定で主体・対象・条件を保ちながら未確認の一般化または因果を除くため、REWRITE_REQUIREDと判定します。,SENT-2848の規則種別、受入条件、例外境界を完成した日本語で説明し、slash連結された理由文を除去する。
SENT-2850,verdict_reason,"Reciprocal Rank Fusionは、各順位の逆数に基づいて複数の順位表を統合します。 検証対象として Reciprocal Rank Fusionは／各rank listの候補順位へ定数を加えた逆数を合計し／複数の順位表を一つの順位へ統合します を区別し、この文が断定する NL_PROPOSITION(Reciprocal Rank Fusionは、各順位の逆数に基づいて複数の順位表を統合します。) と関係 NOT_APPLICABLE について、根拠境界は primary source page, method definition for Reciprocal Rank Fusion; inspected 2026-08-15、外的真偽水準は UNVERIFIED です。そこで主体・対象・条件を保った Reciprocal Rank Fusionは、各rank listの候補順位へ定数を加えた逆数を合計し、複数の順位表を一つの順位へ統合します。 へ変更し、未確認の一般化または因果を本文から外すためREWRITE_REQUIREDと判定します。",Reciprocal Rank Fusionは、各順位の逆数に基づいて複数の順位表を統合します。 判断対象は、Reciprocal Rank Fusionは、各rank listの候補順位へ定数を加えた逆数を合計し、複数の順位表を一つの順位へ統合することに限定した修正です。現文のNL_PROPOSITION(Reciprocal Rank Fusionは、各順位の逆数に基づいて複数の順位表を統合します。)と関係NOT_APPLICABLEには、根拠の外的真偽水準はUNVERIFIEDで、直接根拠の境界は台帳のlocatorに限定されます。修正後は次の文とします。Reciprocal Rank Fusionは、各rank listの候補順位へ定数を加えた逆数を合計し、複数の順位表を一つの順位へ統合します。 この限定で主体・対象・条件を保ちながら未確認の一般化または因果を除くため、REWRITE_REQUIREDと判定します。,SENT-2850の規則種別、受入条件、例外境界を完成した日本語で説明し、slash連結された理由文を除去する。
SENT-2853,normative_criteria,検証対象は次の条件です: 質問処理を評価するときは検索器を固定し／正規化／書き換え／展開／HyDE／分解を一つずつ有効または無効にします。本文に列挙した対象・条件・指標を個別fieldへ保存し、同一runの実装結果または評価結果と一致することを確認する。,質問処理を評価するときは検索器を固定し、正規化、書き換え、展開、HyDE、分解を一つずつ有効または無効にすることを定める評価・採否規則について、本文に列挙した対象・条件・指標を個別fieldへ保存し、同一runの実装結果または評価結果と一致することを確認する。,SENT-2853の主体、観測方法、合格条件または例外契機を通常の日本語で明示し、payload注入型の共通shellを除去する。
SENT-2853,exceptions,例外判断で参照する条件は次のとおりです: 質問処理を評価するときは検索器を固定し／正規化／書き換え／展開／HyDE／分解を一つずつ有効または無効にします。当該規則を評価するgold evidenceがないslice、標本不足のslice、負荷条件が異なるrunは合否集計から分離し、他sliceの平均結果を外挿しない。,質問処理を評価するときは検索器を固定し、正規化、書き換え、展開、HyDE、分解を一つずつ有効または無効にすることを定める評価・採否規則の例外として、判定に必要なgold evidenceがないslice、標本不足のslice、負荷条件が異なるrunは合否集計から分離し、他sliceの平均結果を外挿しない。,SENT-2853の主体、観測方法、合格条件または例外契機を通常の日本語で明示し、payload注入型の共通shellを除去する。
SENT-2853,verdict_reason,質問処理を評価するときは検索器を固定し、正規化、書き換え、展開、HyDE、分解を一つずつ有効または無効にします。 この記述は 質問処理を評価するときは検索器を固定し／正規化／書き換え／展開／HyDE／分解を一つずつ有効または無効にします を本ガイドの設計・評価・運用へ適用する規則で、外部研究の効果を一般化する文ではありません。履行を 検証対象は次の条件です: 質問処理を評価するときは検索器を固定し／正規化／書き換え／展開／HyDE／分解を一つずつ有効または無効にします。本文に列挙した対象・条件・指標を個別fieldへ保存し、同一runの実装結果または評価結果と一致することを確認する。 により観測し、適用除外を 例外判断で参照する条件は次のとおりです: 質問処理を評価するときは検索器を固定し／正規化／書き換え／展開／HyDE／分解を一つずつ有効または無効にします。当該規則を評価するgold evidenceがないslice、標本不足のslice、負荷条件が異なるrunは合否集計から分離し、他sliceの平均結果を外挿しない。 に限定できるため、APPROPRIATE_NORMATIVEと判定します。,質問処理を評価するときは検索器を固定し、正規化、書き換え、展開、HyDE、分解を一つずつ有効または無効にします。 判断対象は、質問処理を評価するときは検索器を固定し、正規化、書き換え、展開、HyDE、分解を一つずつ有効または無効にすることを定める評価・採否規則です。外部資料から一般的な効果を導くのではなく、次の検査を受入条件とします。質問処理を評価するときは検索器を固定し、正規化、書き換え、展開、HyDE、分解を一つずつ有効または無効にすることを定める評価・採否規則について、本文に列挙した対象・条件・指標を個別fieldへ保存し、同一runの実装結果または評価結果と一致することを確認する。 適用除外は次の場合に限定します。質問処理を評価するときは検索器を固定し、正規化、書き換え、展開、HyDE、分解を一つずつ有効または無効にすることを定める評価・採否規則の例外として、判定に必要なgold evidenceがないslice、標本不足のslice、負荷条件が異なるrunは合否集計から分離し、他sliceの平均結果を外挿しない。 受入条件と例外境界を台帳で検査できるため、APPROPRIATE_NORMATIVEと判定します。,SENT-2853の規則種別、受入条件、例外境界を完成した日本語で説明し、slash連結された理由文を除去する。
SENT-2858,verdict_reason,書き換えで失敗した事例を、検索器自体の失敗として数えないようにします。 この記述は 書き換えで失敗した事例を／検索器自体の失敗として数えないようにします を本ガイドの設計・評価・運用へ適用する規則で、外部研究の効果を一般化する文ではありません。履行を query rewrite前後のretrieval resultを別trace fieldに保存し、rewrite後だけgold evidenceを失った事例をquery-transformation failureとして数え、base retriever failureへ含めない。 により観測し、適用除外を 元queryでもgold evidenceを取得できない事例はretriever側にもlabelを付けられるが、rewriteの寄与を消さない。 に限定できるため、APPROPRIATE_NORMATIVEと判定します。,書き換えで失敗した事例を、検索器自体の失敗として数えないようにします。 判断対象は、書き換えで失敗した事例を、検索器自体の失敗として数えないようにすることを定める検索・経路選択規則です。外部資料から一般的な効果を導くのではなく、次の検査を受入条件とします。query rewrite前後のretrieval resultを別trace fieldに保存し、rewrite後だけgold evidenceを失った事例をquery-transformation failureとして数え、base retriever failureへ含めない。 適用除外は次の場合に限定します。元queryでもgold evidenceを取得できない事例はretriever側にもlabelを付けられるが、rewriteの寄与を消さない。 受入条件と例外境界を台帳で検査できるため、APPROPRIATE_NORMATIVEと判定します。,SENT-2858の規則種別、受入条件、例外境界を完成した日本語で説明し、slash連結された理由文を除去する。
SENT-2862,normative_criteria,検証対象は次の条件です: ACORNが構造化条件付きのベクトル検索を扱うように／条件へ一致する文書の割合ごとにRecallと遅延も測ります。本文に列挙した対象・条件・指標を個別fieldへ保存し、同一runの実装結果または評価結果と一致することを確認する。,ACORNが構造化条件付きのベクトル検索を扱うように、条件へ一致する文書の割合ごとにRecallと遅延も測ることを定める評価・採否規則について、本文に列挙した対象・条件・指標を個別fieldへ保存し、同一runの実装結果または評価結果と一致することを確認する。,SENT-2862の主体、観測方法、合格条件または例外契機を通常の日本語で明示し、payload注入型の共通shellを除去する。
SENT-2862,exceptions,例外判断で参照する条件は次のとおりです: ACORNが構造化条件付きのベクトル検索を扱うように／条件へ一致する文書の割合ごとにRecallと遅延も測ります。当該規則を評価するgold evidenceがないslice、標本不足のslice、負荷条件が異なるrunは合否集計から分離し、他sliceの平均結果を外挿しない。,ACORNが構造化条件付きのベクトル検索を扱うように、条件へ一致する文書の割合ごとにRecallと遅延も測ることを定める評価・採否規則の例外として、判定に必要なgold evidenceがないslice、標本不足のslice、負荷条件が異なるrunは合否集計から分離し、他sliceの平均結果を外挿しない。,SENT-2862の主体、観測方法、合格条件または例外契機を通常の日本語で明示し、payload注入型の共通shellを除去する。
SENT-2862,verdict_reason,ACORNが構造化条件付きのベクトル検索を扱うように、条件へ一致する文書の割合ごとにRecallと遅延も測ります。 この記述は ACORNが構造化条件付きのベクトル検索を扱うように／条件へ一致する文書の割合ごとにRecallと遅延も測ります を本ガイドの設計・評価・運用へ適用する規則で、外部研究の効果を一般化する文ではありません。履行を 検証対象は次の条件です: ACORNが構造化条件付きのベクトル検索を扱うように／条件へ一致する文書の割合ごとにRecallと遅延も測ります。本文に列挙した対象・条件・指標を個別fieldへ保存し、同一runの実装結果または評価結果と一致することを確認する。 により観測し、適用除外を 例外判断で参照する条件は次のとおりです: ACORNが構造化条件付きのベクトル検索を扱うように／条件へ一致する文書の割合ごとにRecallと遅延も測ります。当該規則を評価するgold evidenceがないslice、標本不足のslice、負荷条件が異なるrunは合否集計から分離し、他sliceの平均結果を外挿しない。 に限定できるため、APPROPRIATE_NORMATIVEと判定します。,ACORNが構造化条件付きのベクトル検索を扱うように、条件へ一致する文書の割合ごとにRecallと遅延も測ります。 判断対象は、ACORNが構造化条件付きのベクトル検索を扱うように、条件へ一致する文書の割合ごとにRecallと遅延も測ることを定める評価・採否規則です。外部資料から一般的な効果を導くのではなく、次の検査を受入条件とします。ACORNが構造化条件付きのベクトル検索を扱うように、条件へ一致する文書の割合ごとにRecallと遅延も測ることを定める評価・採否規則について、本文に列挙した対象・条件・指標を個別fieldへ保存し、同一runの実装結果または評価結果と一致することを確認する。 適用除外は次の場合に限定します。ACORNが構造化条件付きのベクトル検索を扱うように、条件へ一致する文書の割合ごとにRecallと遅延も測ることを定める評価・採否規則の例外として、判定に必要なgold evidenceがないslice、標本不足のslice、負荷条件が異なるrunは合否集計から分離し、他sliceの平均結果を外挿しない。 受入条件と例外境界を台帳で検査できるため、APPROPRIATE_NORMATIVEと判定します。,SENT-2862の規則種別、受入条件、例外境界を完成した日本語で説明し、slash連結された理由文を除去する。
SENT-2867,normative_criteria,検証対象は次の条件です: HNSWを使う場合は検索時探索幅を段階的に変え／品質と遅延の曲線を作ります。本文に列挙した対象・条件・指標を個別fieldへ保存し、同一runの実装結果または評価結果と一致することを確認する。,HNSWを使う場合は検索時探索幅を段階的に変え、品質と遅延の曲線を作ることを定める評価・採否規則について、本文に列挙した対象・条件・指標を個別fieldへ保存し、同一runの実装結果または評価結果と一致することを確認する。,SENT-2867の主体、観測方法、合格条件または例外契機を通常の日本語で明示し、payload注入型の共通shellを除去する。
SENT-2867,exceptions,例外判断で参照する条件は次のとおりです: HNSWを使う場合は検索時探索幅を段階的に変え／品質と遅延の曲線を作ります。当該規則を評価するgold evidenceがないslice、標本不足のslice、負荷条件が異なるrunは合否集計から分離し、他sliceの平均結果を外挿しない。,HNSWを使う場合は検索時探索幅を段階的に変え、品質と遅延の曲線を作ることを定める評価・採否規則の例外として、判定に必要なgold evidenceがないslice、標本不足のslice、負荷条件が異なるrunは合否集計から分離し、他sliceの平均結果を外挿しない。,SENT-2867の主体、観測方法、合格条件または例外契機を通常の日本語で明示し、payload注入型の共通shellを除去する。
SENT-2867,verdict_reason,HNSWを使う場合は検索時探索幅を段階的に変え、品質と遅延の曲線を作ります。 この記述は HNSWを使う場合は検索時探索幅を段階的に変え／品質と遅延の曲線を作ります を本ガイドの設計・評価・運用へ適用する規則で、外部研究の効果を一般化する文ではありません。履行を 検証対象は次の条件です: HNSWを使う場合は検索時探索幅を段階的に変え／品質と遅延の曲線を作ります。本文に列挙した対象・条件・指標を個別fieldへ保存し、同一runの実装結果または評価結果と一致することを確認する。 により観測し、適用除外を 例外判断で参照する条件は次のとおりです: HNSWを使う場合は検索時探索幅を段階的に変え／品質と遅延の曲線を作ります。当該規則を評価するgold evidenceがないslice、標本不足のslice、負荷条件が異なるrunは合否集計から分離し、他sliceの平均結果を外挿しない。 に限定できるため、APPROPRIATE_NORMATIVEと判定します。,HNSWを使う場合は検索時探索幅を段階的に変え、品質と遅延の曲線を作ります。 判断対象は、HNSWを使う場合は検索時探索幅を段階的に変え、品質と遅延の曲線を作ることを定める評価・採否規則です。外部資料から一般的な効果を導くのではなく、次の検査を受入条件とします。HNSWを使う場合は検索時探索幅を段階的に変え、品質と遅延の曲線を作ることを定める評価・採否規則について、本文に列挙した対象・条件・指標を個別fieldへ保存し、同一runの実装結果または評価結果と一致することを確認する。 適用除外は次の場合に限定します。HNSWを使う場合は検索時探索幅を段階的に変え、品質と遅延の曲線を作ることを定める評価・採否規則の例外として、判定に必要なgold evidenceがないslice、標本不足のslice、負荷条件が異なるrunは合否集計から分離し、他sliceの平均結果を外挿しない。 受入条件と例外境界を台帳で検査できるため、APPROPRIATE_NORMATIVEと判定します。,SENT-2867の規則種別、受入条件、例外境界を完成した日本語で説明し、slash連結された理由文を除去する。
SENT-2872,normative_criteria,検証対象は次の条件です: 平均nDCGの差だけでなく／改善件数／悪化件数／重大事例の変化／ブートストラップ信頼区間を示します。当該規則に挙げた選択肢を同じdataset version、query slice、gold evidence、負荷条件で比較し、対象sliceごとの品質・latency・costを一つのresult tableへ記録する。,平均nDCGの差だけでなく、改善件数、悪化件数、重大事例の変化、ブートストラップ信頼区間を示することを定める評価・採否規則について、この規則に挙げた選択肢を同じdataset version、query slice、gold evidence、負荷条件で比較し、対象sliceごとの品質・latency・costを一つのresult tableへ記録する。,SENT-2872の主体、観測方法、合格条件または例外契機を通常の日本語で明示し、payload注入型の共通shellを除去する。
SENT-2872,exceptions,例外判断で参照する条件は次のとおりです: 平均nDCGの差だけでなく／改善件数／悪化件数／重大事例の変化／ブートストラップ信頼区間を示します。当該規則の初期値・候補は対象datasetで再調整できるが、変更値、baseline、採用理由を同じresult tableへ残し、未比較の値を既定値として固定しない。,平均nDCGの差だけでなく、改善件数、悪化件数、重大事例の変化、ブートストラップ信頼区間を示することを定める評価・採否規則の例外として、初期値・候補は対象datasetで再調整できるが、変更値、baseline、採用理由を同じresult tableへ残し、未比較の値を既定値として固定しない。,SENT-2872の主体、観測方法、合格条件または例外契機を通常の日本語で明示し、payload注入型の共通shellを除去する。
SENT-2872,verdict_reason,平均nDCGの差だけでなく、改善件数、悪化件数、重大事例の変化、ブートストラップ信頼区間を示します。 この記述は 平均nDCGの差だけでなく／改善件数／悪化件数／重大事例の変化／ブートストラップ信頼区間を示します を本ガイドの設計・評価・運用へ適用する規則で、外部研究の効果を一般化する文ではありません。履行を 検証対象は次の条件です: 平均nDCGの差だけでなく／改善件数／悪化件数／重大事例の変化／ブートストラップ信頼区間を示します。当該規則に挙げた選択肢を同じdataset version、query slice、gold evidence、負荷条件で比較し、対象sliceごとの品質・latency・costを一つのresult tableへ記録する。 により観測し、適用除外を 例外判断で参照する条件は次のとおりです: 平均nDCGの差だけでなく／改善件数／悪化件数／重大事例の変化／ブートストラップ信頼区間を示します。当該規則の初期値・候補は対象datasetで再調整できるが、変更値、baseline、採用理由を同じresult tableへ残し、未比較の値を既定値として固定しない。 に限定できるため、APPROPRIATE_NORMATIVEと判定します。,平均nDCGの差だけでなく、改善件数、悪化件数、重大事例の変化、ブートストラップ信頼区間を示します。 判断対象は、平均nDCGの差だけでなく、改善件数、悪化件数、重大事例の変化、ブートストラップ信頼区間を示することを定める評価・採否規則です。外部資料から一般的な効果を導くのではなく、次の検査を受入条件とします。平均nDCGの差だけでなく、改善件数、悪化件数、重大事例の変化、ブートストラップ信頼区間を示することを定める評価・採否規則について、この規則に挙げた選択肢を同じdataset version、query slice、gold evidence、負荷条件で比較し、対象sliceごとの品質・latency・costを一つのresult tableへ記録する。 適用除外は次の場合に限定します。平均nDCGの差だけでなく、改善件数、悪化件数、重大事例の変化、ブートストラップ信頼区間を示することを定める評価・採否規則の例外として、初期値・候補は対象datasetで再調整できるが、変更値、baseline、採用理由を同じresult tableへ残し、未比較の値を既定値として固定しない。 受入条件と例外境界を台帳で検査できるため、APPROPRIATE_NORMATIVEと判定します。,SENT-2872の規則種別、受入条件、例外境界を完成した日本語で説明し、slash連結された理由文を除去する。
SENT-2876,verdict_reason,統計的な差があっても、費用に見合わない小さな改善は採用しない場合があります。 この記述は 統計的に有意な改善でも／対象負荷での品質増分が追加費用と運用複雑性の受入基準を満たさない場合は採用しません を本ガイドの設計・評価・運用へ適用する規則で、外部研究の効果を一般化する文ではありません。履行を 信頼区間または有意差に加え、effect size、質問当たり費用、p95遅延、重大失敗件数を同じ比較で判定する。 により観測し、適用除外を 権限漏えい防止など必須の安全性改善は、直接の費用便益が小さくても採用条件を満たせる。 に限定できるため、APPROPRIATE_NORMATIVEと判定します。,統計的な差があっても、費用に見合わない小さな改善は採用しない場合があります。 判断対象は、統計的に有意な改善でも、対象負荷での品質増分が追加費用と運用複雑性の受入基準を満たさない場合は採用しないことを定める評価・採否規則です。外部資料から一般的な効果を導くのではなく、次の検査を受入条件とします。信頼区間または有意差に加え、effect size、質問当たり費用、p95遅延、重大失敗件数を同じ比較で判定する。 適用除外は次の場合に限定します。権限漏えい防止など必須の安全性改善は、直接の費用便益が小さくても採用条件を満たせる。 受入条件と例外境界を台帳で検査できるため、APPROPRIATE_NORMATIVEと判定します。,SENT-2876の規則種別、受入条件、例外境界を完成した日本語で説明し、slash連結された理由文を除去する。
SENT-2879,verdict_reason,正解文書が存在しない事例を検索モデルの再学習へ回しても解決しません。 この記述は 正解文書が存在しない事例を検索モデルの再学習へ回しても解決しません を本ガイドの設計・評価・運用へ適用する規則で、外部研究の効果を一般化する文ではありません。履行を gold sourceに正解documentが存在しないfailureはcorpus coverage issueへ分類し、retriever再学習experimentの改善件数へ含めない。 により観測し、適用除外を 正解documentが存在するがannotationから漏れていた場合はgoldをversion更新して再評価できるが、旧結果を書き換えず別runとして残す。 に限定できるため、APPROPRIATE_NORMATIVEと判定します。,正解文書が存在しない事例を検索モデルの再学習へ回しても解決しません。 判断対象は、正解文書が存在しない事例を検索モデルの再学習へ回しても解決しないことを定めるローカル設計規則です。外部資料から一般的な効果を導くのではなく、次の検査を受入条件とします。gold sourceに正解documentが存在しないfailureはcorpus coverage issueへ分類し、retriever再学習experimentの改善件数へ含めない。 適用除外は次の場合に限定します。正解documentが存在するがannotationから漏れていた場合はgoldをversion更新して再評価できるが、旧結果を書き換えず別runとして残す。 受入条件と例外境界を台帳で検査できるため、APPROPRIATE_NORMATIVEと判定します。,SENT-2879の規則種別、受入条件、例外境界を完成した日本語で説明し、slash連結された理由文を除去する。
SENT-2881,verdict_reason,RAGCheckerのように検索と生成を分け、生成結果が誤っていても、まず根拠が候補へ入っていたかを確認します。 この記述は RAGCheckerのように検索と生成を分け／生成結果が誤っていても／まず根拠が候補へ入っていたかを確認します を本ガイドの設計・評価・運用へ適用する規則で、外部研究の効果を一般化する文ではありません。履行を 誤回答ごとにgold evidenceがcandidate set、reranked set、final contextのどこまで入ったかを記録し、最初に欠落したstageへfailure labelを付ける。 により観測し、適用除外を 複数stageで独立した失敗がある場合は複数labelを付けられるが、最終回答の誤りだけをretrieval failureへ一括分類しない。 に限定できるため、APPROPRIATE_NORMATIVEと判定します。,RAGCheckerのように検索と生成を分け、生成結果が誤っていても、まず根拠が候補へ入っていたかを確認します。 判断対象は、RAGCheckerのように検索と生成を分け、生成結果が誤っていても、まず根拠が候補へ入っていたかを確認することを定める検索・経路選択規則です。外部資料から一般的な効果を導くのではなく、次の検査を受入条件とします。誤回答ごとにgold evidenceがcandidate set、reranked set、final contextのどこまで入ったかを記録し、最初に欠落したstageへfailure labelを付ける。 適用除外は次の場合に限定します。複数stageで独立した失敗がある場合は複数labelを付けられるが、最終回答の誤りだけをretrieval failureへ一括分類しない。 受入条件と例外境界を台帳で検査できるため、APPROPRIATE_NORMATIVEと判定します。,SENT-2881の規則種別、受入条件、例外境界を完成した日本語で説明し、slash連結された理由文を除去する。
SENT-2884,normative_criteria,検証対象は次の条件です: 本ガイドでは／検索後処理を／検索器が返した候補の並べ替え／絞り込み／重複排除／圧縮／配置によって最終コンテキストを作る工程と定義します。当該規則について、本文、図表、schema、評価台帳で同じ対象、単位、入出力を使用し、異なる意味で使う箇所がrepository内検索でゼロ件であることを確認する。,本ガイドでは、検索後処理を、検索器が返した候補の並べ替え、絞り込み、重複排除、圧縮、配置によって最終コンテキストを作る工程と定義することを定める検索・経路選択規則について、本文、図表、schema、評価台帳で同じ対象、単位、入出力を使用し、異なる意味で使う箇所がrepository内検索でゼロ件であることを確認する。,SENT-2884の主体、観測方法、合格条件または例外契機を通常の日本語で明示し、payload注入型の共通shellを除去する。
SENT-2884,exceptions,例外判断で参照する条件は次のとおりです: 本ガイドでは／検索後処理を／検索器が返した候補の並べ替え／絞り込み／重複排除／圧縮／配置によって最終コンテキストを作る工程と定義します。当該規則が公式標準または製品仕様の同名語と異なる場合はローカル定義であることと対応関係を併記し、公式語の意味を上書きしない。,本ガイドでは、検索後処理を、検索器が返した候補の並べ替え、絞り込み、重複排除、圧縮、配置によって最終コンテキストを作る工程と定義することを定める検索・経路選択規則の例外として、当該規則が公式標準または製品仕様の同名語と異なる場合はローカル定義であることと対応関係を併記し、公式語の意味を上書きしない。,SENT-2884の主体、観測方法、合格条件または例外契機を通常の日本語で明示し、payload注入型の共通shellを除去する。
SENT-2884,verdict_reason,検索後処理は、検索器が返した候補を並べ替え、絞り込み、重複除去、圧縮、配置して最終コンテキストを作ります。 この記述は 本ガイドでは／検索後処理を／検索器が返した候補の並べ替え／絞り込み／重複排除／圧縮／配置によって最終コンテキストを作る工程と定義します を本ガイドの設計・評価・運用へ適用する規則で、外部研究の効果を一般化する文ではありません。履行を 検証対象は次の条件です: 本ガイドでは／検索後処理を／検索器が返した候補の並べ替え／絞り込み／重複排除／圧縮／配置によって最終コンテキストを作る工程と定義します。当該規則について、本文、図表、schema、評価台帳で同じ対象、単位、入出力を使用し、異なる意味で使う箇所がrepository内検索でゼロ件であることを確認する。 により観測し、適用除外を 例外判断で参照する条件は次のとおりです: 本ガイドでは／検索後処理を／検索器が返した候補の並べ替え／絞り込み／重複排除／圧縮／配置によって最終コンテキストを作る工程と定義します。当該規則が公式標準または製品仕様の同名語と異なる場合はローカル定義であることと対応関係を併記し、公式語の意味を上書きしない。 に限定できるため、APPROPRIATE_NORMATIVEと判定します。,検索後処理は、検索器が返した候補を並べ替え、絞り込み、重複除去、圧縮、配置して最終コンテキストを作ります。 判断対象は、本ガイドでは、検索後処理を、検索器が返した候補の並べ替え、絞り込み、重複排除、圧縮、配置によって最終コンテキストを作る工程と定義することを定める検索・経路選択規則です。外部資料から一般的な効果を導くのではなく、次の検査を受入条件とします。本ガイドでは、検索後処理を、検索器が返した候補の並べ替え、絞り込み、重複排除、圧縮、配置によって最終コンテキストを作る工程と定義することを定める検索・経路選択規則について、本文、図表、schema、評価台帳で同じ対象、単位、入出力を使用し、異なる意味で使う箇所がrepository内検索でゼロ件であることを確認する。 適用除外は次の場合に限定します。本ガイドでは、検索後処理を、検索器が返した候補の並べ替え、絞り込み、重複排除、圧縮、配置によって最終コンテキストを作る工程と定義することを定める検索・経路選択規則の例外として、当該規則が公式標準または製品仕様の同名語と異なる場合はローカル定義であることと対応関係を併記し、公式語の意味を上書きしない。 受入条件と例外境界を台帳で検査できるため、APPROPRIATE_NORMATIVEと判定します。,SENT-2884の規則種別、受入条件、例外境界を完成した日本語で説明し、slash連結された理由文を除去する。
SENT-2892,verdict_reason,再順位付け器は候補の順序を詳しく付け直しますが、初期検索で拾った希少な正解を下位へ落とす場合があります。 検証対象として rerankerはinitial candidateの順序を更新するため／first-stage retrievalが拾った希少なgold evidenceを下位へ移す場合があります を区別し、この文が断定する UNFORMALIZED_NATURAL_LANGUAGE_CLAIM と関係 UNFORMALIZED について、資料候補の記録は SRC-002 https://aclanthology.org/2020.emnlp-main.550/ — abstract inspected 2026-08-15; 現主張への直接locatorは未確定; SRC-005 https://doi.org/10.1561/1500000019 — primary_page inspected 2026-08-15; 現主張への直接locatorは未確定; SRC-010 https://arxiv.org/abs/1803.09010 — abstract inspected 2026-08-15; 現主張への直接locatorは未確定 ですが、現主張を再特定する直接locatorは未確定です。そこで主体・対象・条件を保った rerankerはinitial candidateの順序を更新するため、first-stage retrievalが拾った希少なgold evidenceを下位へ移す場合があります。 へ変更し、未確認の一般化または因果を本文から外すためREWRITE_REQUIREDと判定します。,再順位付け器は候補の順序を詳しく付け直しますが、初期検索で拾った希少な正解を下位へ落とす場合があります。 判断対象は、rerankerはinitial candidateの順序を更新するため、first-stage retrievalが拾った希少なgold evidenceを下位へ移す場合があることに限定した修正です。現文のUNFORMALIZED_NATURAL_LANGUAGE_CLAIMと関係UNFORMALIZEDには、候補資料は記録されていますが、現主張を再特定する直接locatorは未確定です。修正後は次の文とします。rerankerはinitial candidateの順序を更新するため、first-stage retrievalが拾った希少なgold evidenceを下位へ移す場合があります。 この限定で主体・対象・条件を保ちながら未確認の一般化または因果を除くため、REWRITE_REQUIREDと判定します。,SENT-2892の規則種別、受入条件、例外境界を完成した日本語で説明し、slash連結された理由文を除去する。
SENT-2898,verdict_reason,全体平均が改善しても、重大な正解を落とす構成は合格にしません。 この記述は 全体平均が改善しても／重大な正解を落とす構成は合格にしません を本ガイドの設計・評価・運用へ適用する規則で、外部研究の効果を一般化する文ではありません。履行を 重大度highのgold questionを必須guardrail setとして分離し、全体平均が改善しても一件でもbaselineから正解を失ったcandidateを不合格にする。 により観測し、適用除外を gold誤りが確認された事例は承認付きでguardrail setから除外できるが、除外前の失敗をcandidate改善として数えない。 に限定できるため、APPROPRIATE_NORMATIVEと判定します。,全体平均が改善しても、重大な正解を落とす構成は合格にしません。 判断対象は、全体平均が改善しても、重大な正解を落とす構成は合格にしないことを定める構成・設定規則です。外部資料から一般的な効果を導くのではなく、次の検査を受入条件とします。重大度highのgold questionを必須guardrail setとして分離し、全体平均が改善しても一件でもbaselineから正解を失ったcandidateを不合格にする。 適用除外は次の場合に限定します。gold誤りが確認された事例は承認付きでguardrail setから除外できるが、除外前の失敗をcandidate改善として数えない。 受入条件と例外境界を台帳で検査できるため、APPROPRIATE_NORMATIVEと判定します。,SENT-2898の規則種別、受入条件、例外境界を完成した日本語で説明し、slash連結された理由文を除去する。
SENT-2903,normative_criteria,検証対象は次の条件です: ACORNのようなフィルター付き近似検索を評価するときは／最終候補だけでなく初期検索のRecallも確認します。当該規則に含まれるretriever、candidate数、rank処理を固定したtest queryを実行し、統合前後のcandidate ID・rank・score変換が記述した順序と選択規則に一致することを確認する。,ACORNのようなフィルター付き近似検索を評価するときは、最終候補だけでなく初期検索のRecallも確認することを定める評価・採否規則について、この規則に含まれるretriever、candidate数、rank処理を固定したtest queryを実行し、統合前後のcandidate ID・rank・score変換が記述した順序と選択規則に一致することを確認する。,SENT-2903の主体、観測方法、合格条件または例外契機を通常の日本語で明示し、payload注入型の共通shellを除去する。
SENT-2903,exceptions,例外判断で参照する条件は次のとおりです: ACORNのようなフィルター付き近似検索を評価するときは／最終候補だけでなく初期検索のRecallも確認します。当該規則の初期値・候補は対象datasetで再調整できるが、変更値、baseline、採用理由を同じresult tableへ残し、未比較の値を既定値として固定しない。,ACORNのようなフィルター付き近似検索を評価するときは、最終候補だけでなく初期検索のRecallも確認することを定める評価・採否規則の例外として、初期値・候補は対象datasetで再調整できるが、変更値、baseline、採用理由を同じresult tableへ残し、未比較の値を既定値として固定しない。,SENT-2903の主体、観測方法、合格条件または例外契機を通常の日本語で明示し、payload注入型の共通shellを除去する。
SENT-2903,verdict_reason,ACORNのようなフィルター付き近似検索を評価するときは、最終候補だけでなく初期検索のRecallも確認します。 この記述は ACORNのようなフィルター付き近似検索を評価するときは／最終候補だけでなく初期検索のRecallも確認します を本ガイドの設計・評価・運用へ適用する規則で、外部研究の効果を一般化する文ではありません。履行を 検証対象は次の条件です: ACORNのようなフィルター付き近似検索を評価するときは／最終候補だけでなく初期検索のRecallも確認します。当該規則に含まれるretriever、candidate数、rank処理を固定したtest queryを実行し、統合前後のcandidate ID・rank・score変換が記述した順序と選択規則に一致することを確認する。 により観測し、適用除外を 例外判断で参照する条件は次のとおりです: ACORNのようなフィルター付き近似検索を評価するときは／最終候補だけでなく初期検索のRecallも確認します。当該規則の初期値・候補は対象datasetで再調整できるが、変更値、baseline、採用理由を同じresult tableへ残し、未比較の値を既定値として固定しない。 に限定できるため、APPROPRIATE_NORMATIVEと判定します。,ACORNのようなフィルター付き近似検索を評価するときは、最終候補だけでなく初期検索のRecallも確認します。 判断対象は、ACORNのようなフィルター付き近似検索を評価するときは、最終候補だけでなく初期検索のRecallも確認することを定める評価・採否規則です。外部資料から一般的な効果を導くのではなく、次の検査を受入条件とします。ACORNのようなフィルター付き近似検索を評価するときは、最終候補だけでなく初期検索のRecallも確認することを定める評価・採否規則について、この規則に含まれるretriever、candidate数、rank処理を固定したtest queryを実行し、統合前後のcandidate ID・rank・score変換が記述した順序と選択規則に一致することを確認する。 適用除外は次の場合に限定します。ACORNのようなフィルター付き近似検索を評価するときは、最終候補だけでなく初期検索のRecallも確認することを定める評価・採否規則の例外として、初期値・候補は対象datasetで再調整できるが、変更値、baseline、採用理由を同じresult tableへ残し、未比較の値を既定値として固定しない。 受入条件と例外境界を台帳で検査できるため、APPROPRIATE_NORMATIVEと判定します。,SENT-2903の規則種別、受入条件、例外境界を完成した日本語で説明し、slash連結された理由文を除去する。
SENT-2906,normative_criteria,検証対象は次の条件です: 本ガイドでは／重複除去の目的を／情報の範囲を保ちながら同じ内容が占めるトークンを減らすことと定めます。当該規則について、本文、図表、schema、評価台帳で同じ対象、単位、入出力を使用し、異なる意味で使う箇所がrepository内検索でゼロ件であることを確認する。,本ガイドでは、重複除去の目的を、情報の範囲を保ちながら同じ内容が占めるトークンを減らすことと定めることを定めるローカル設計規則について、本文、図表、schema、評価台帳で同じ対象、単位、入出力を使用し、異なる意味で使う箇所がrepository内検索でゼロ件であることを確認する。,SENT-2906の主体、観測方法、合格条件または例外契機を通常の日本語で明示し、payload注入型の共通shellを除去する。
SENT-2906,exceptions,例外判断で参照する条件は次のとおりです: 本ガイドでは／重複除去の目的を／情報の範囲を保ちながら同じ内容が占めるトークンを減らすことと定めます。当該規則が公式標準または製品仕様の同名語と異なる場合はローカル定義であることと対応関係を併記し、公式語の意味を上書きしない。,本ガイドでは、重複除去の目的を、情報の範囲を保ちながら同じ内容が占めるトークンを減らすことと定めることを定めるローカル設計規則の例外として、当該規則が公式標準または製品仕様の同名語と異なる場合はローカル定義であることと対応関係を併記し、公式語の意味を上書きしない。,SENT-2906の主体、観測方法、合格条件または例外契機を通常の日本語で明示し、payload注入型の共通shellを除去する。
SENT-2906,verdict_reason,重複除去の目的は、情報の範囲を保ちながら同じ内容が占めるトークンを減らすことです。 この記述は 本ガイドでは／重複除去の目的を／情報の範囲を保ちながら同じ内容が占めるトークンを減らすことと定めます を本ガイドの設計・評価・運用へ適用する規則で、外部研究の効果を一般化する文ではありません。履行を 検証対象は次の条件です: 本ガイドでは／重複除去の目的を／情報の範囲を保ちながら同じ内容が占めるトークンを減らすことと定めます。当該規則について、本文、図表、schema、評価台帳で同じ対象、単位、入出力を使用し、異なる意味で使う箇所がrepository内検索でゼロ件であることを確認する。 により観測し、適用除外を 例外判断で参照する条件は次のとおりです: 本ガイドでは／重複除去の目的を／情報の範囲を保ちながら同じ内容が占めるトークンを減らすことと定めます。当該規則が公式標準または製品仕様の同名語と異なる場合はローカル定義であることと対応関係を併記し、公式語の意味を上書きしない。 に限定できるため、APPROPRIATE_NORMATIVEと判定します。,重複除去の目的は、情報の範囲を保ちながら同じ内容が占めるトークンを減らすことです。 判断対象は、本ガイドでは、重複除去の目的を、情報の範囲を保ちながら同じ内容が占めるトークンを減らすことと定めることを定めるローカル設計規則です。外部資料から一般的な効果を導くのではなく、次の検査を受入条件とします。本ガイドでは、重複除去の目的を、情報の範囲を保ちながら同じ内容が占めるトークンを減らすことと定めることを定めるローカル設計規則について、本文、図表、schema、評価台帳で同じ対象、単位、入出力を使用し、異なる意味で使う箇所がrepository内検索でゼロ件であることを確認する。 適用除外は次の場合に限定します。本ガイドでは、重複除去の目的を、情報の範囲を保ちながら同じ内容が占めるトークンを減らすことと定めることを定めるローカル設計規則の例外として、当該規則が公式標準または製品仕様の同名語と異なる場合はローカル定義であることと対応関係を併記し、公式語の意味を上書きしない。 受入条件と例外境界を台帳で検査できるため、APPROPRIATE_NORMATIVEと判定します。,SENT-2906の規則種別、受入条件、例外境界を完成した日本語で説明し、slash連結された理由文を除去する。
SENT-2907,verdict_reason,完全一致、ほぼ一致、隣接チャンクの重なり、新旧版の重複を分けて検出します。 この記述は 完全一致／ほぼ一致／隣接チャンクの重なり／新旧版の重複を分けて検出します を本ガイドの設計・評価・運用へ適用する規則で、外部研究の効果を一般化する文ではありません。履行を candidate pairをexact text、normalized near-duplicate、adjacent-overlap、different-version duplicateの四分類で検出し、分類別の件数と代表IDを保存する。 により観測し、適用除外を 定型ヘッダーなど意図した重複はallowlistにできるが、本文重複や新旧版重複まで同じallowlistで除外しない。 に限定できるため、APPROPRIATE_NORMATIVEと判定します。,完全一致、ほぼ一致、隣接チャンクの重なり、新旧版の重複を分けて検出します。 判断対象は、完全一致、ほぼ一致、隣接チャンクの重なり、新旧版の重複を分けて検出することを定める追跡性・証跡管理規則です。外部資料から一般的な効果を導くのではなく、次の検査を受入条件とします。candidate pairをexact text、normalized near-duplicate、adjacent-overlap、different-version duplicateの四分類で検出し、分類別の件数と代表IDを保存する。 適用除外は次の場合に限定します。定型ヘッダーなど意図した重複はallowlistにできるが、本文重複や新旧版重複まで同じallowlistで除外しない。 受入条件と例外境界を台帳で検査できるため、APPROPRIATE_NORMATIVEと判定します。,SENT-2907の規則種別、受入条件、例外境界を完成した日本語で説明し、slash連結された理由文を除去する。
SENT-2909,normative_criteria,検証対象は次の条件です: 本ガイドでは／MMRを／質問との関連性と既選択候補との非類似性を組み合わせて次の候補を選ぶ方式として扱います。当該規則について、本文、図表、schema、評価台帳で同じ対象、単位、入出力を使用し、異なる意味で使う箇所がrepository内検索でゼロ件であることを確認する。,本ガイドでは、MMRを、質問との関連性と既選択候補との非類似性を組み合わせて次の候補を選ぶ方式として扱うことを定める検索・経路選択規則について、本文、図表、schema、評価台帳で同じ対象、単位、入出力を使用し、異なる意味で使う箇所がrepository内検索でゼロ件であることを確認する。,SENT-2909の主体、観測方法、合格条件または例外契機を通常の日本語で明示し、payload注入型の共通shellを除去する。
SENT-2909,exceptions,例外判断で参照する条件は次のとおりです: 本ガイドでは／MMRを／質問との関連性と既選択候補との非類似性を組み合わせて次の候補を選ぶ方式として扱います。当該規則が公式標準または製品仕様の同名語と異なる場合はローカル定義であることと対応関係を併記し、公式語の意味を上書きしない。,本ガイドでは、MMRを、質問との関連性と既選択候補との非類似性を組み合わせて次の候補を選ぶ方式として扱うことを定める検索・経路選択規則の例外として、当該規則が公式標準または製品仕様の同名語と異なる場合はローカル定義であることと対応関係を併記し、公式語の意味を上書きしない。,SENT-2909の主体、観測方法、合格条件または例外契機を通常の日本語で明示し、payload注入型の共通shellを除去する。
SENT-2909,verdict_reason,MMRは、質問との関連性と、すでに選んだ候補との非類似性を組み合わせて候補を選びます。 この記述は 本ガイドでは／MMRを／質問との関連性と既選択候補との非類似性を組み合わせて次の候補を選ぶ方式として扱います を本ガイドの設計・評価・運用へ適用する規則で、外部研究の効果を一般化する文ではありません。履行を 検証対象は次の条件です: 本ガイドでは／MMRを／質問との関連性と既選択候補との非類似性を組み合わせて次の候補を選ぶ方式として扱います。当該規則について、本文、図表、schema、評価台帳で同じ対象、単位、入出力を使用し、異なる意味で使う箇所がrepository内検索でゼロ件であることを確認する。 により観測し、適用除外を 例外判断で参照する条件は次のとおりです: 本ガイドでは／MMRを／質問との関連性と既選択候補との非類似性を組み合わせて次の候補を選ぶ方式として扱います。当該規則が公式標準または製品仕様の同名語と異なる場合はローカル定義であることと対応関係を併記し、公式語の意味を上書きしない。 に限定できるため、APPROPRIATE_NORMATIVEと判定します。,MMRは、質問との関連性と、すでに選んだ候補との非類似性を組み合わせて候補を選びます。 判断対象は、本ガイドでは、MMRを、質問との関連性と既選択候補との非類似性を組み合わせて次の候補を選ぶ方式として扱うことを定める検索・経路選択規則です。外部資料から一般的な効果を導くのではなく、次の検査を受入条件とします。本ガイドでは、MMRを、質問との関連性と既選択候補との非類似性を組み合わせて次の候補を選ぶ方式として扱うことを定める検索・経路選択規則について、本文、図表、schema、評価台帳で同じ対象、単位、入出力を使用し、異なる意味で使う箇所がrepository内検索でゼロ件であることを確認する。 適用除外は次の場合に限定します。本ガイドでは、MMRを、質問との関連性と既選択候補との非類似性を組み合わせて次の候補を選ぶ方式として扱うことを定める検索・経路選択規則の例外として、当該規則が公式標準または製品仕様の同名語と異なる場合はローカル定義であることと対応関係を併記し、公式語の意味を上書きしない。 受入条件と例外境界を台帳で検査できるため、APPROPRIATE_NORMATIVEと判定します。,SENT-2909の規則種別、受入条件、例外境界を完成した日本語で説明し、slash連結された理由文を除去する。
SENT-2911,normative_criteria,検証対象は次の条件です: 複数チャンクを代表一件へまとめる場合も／元の文書IDと位置をすべて保持します。当該規則に列挙したID、version、artifactを必須schema fieldにし、任意のanswer/citationからsource document、original span、chunk、retrieval rank、configuration versionへ欠損なく到達できることを確認する。,複数チャンクを代表一件へまとめる場合も、元の文書IDと位置をすべて保持することを定める運用規則について、この規則に列挙したID、version、artifactを必須schema fieldにし、任意のanswer/citationからsource document、original span、chunk、retrieval rank、configuration versionへ欠損なく到達できることを確認する。,SENT-2911の主体、観測方法、合格条件または例外契機を通常の日本語で明示し、payload注入型の共通shellを除去する。
SENT-2911,exceptions,例外判断で参照する条件は次のとおりです: 複数チャンクを代表一件へまとめる場合も／元の文書IDと位置をすべて保持します。当該規則の値に個人情報または保存期限の制約がある場合は仮名化・分離保管へ置換できるが、source/version/spanを復元する承認済み対応表は保持する。,複数チャンクを代表一件へまとめる場合も、元の文書IDと位置をすべて保持することを定める運用規則の例外として、対象値に個人情報または保存期限の制約がある場合は仮名化・分離保管へ置換できるが、source/version/spanを復元する承認済み対応表は保持する。,SENT-2911の主体、観測方法、合格条件または例外契機を通常の日本語で明示し、payload注入型の共通shellを除去する。
SENT-2911,verdict_reason,複数チャンクを代表一件へまとめる場合も、元の文書IDと位置をすべて保持します。 この記述は 複数チャンクを代表一件へまとめる場合も／元の文書IDと位置をすべて保持します を本ガイドの設計・評価・運用へ適用する規則で、外部研究の効果を一般化する文ではありません。履行を 検証対象は次の条件です: 複数チャンクを代表一件へまとめる場合も／元の文書IDと位置をすべて保持します。当該規則に列挙したID、version、artifactを必須schema fieldにし、任意のanswer/citationからsource document、original span、chunk、retrieval rank、configuration versionへ欠損なく到達できることを確認する。 により観測し、適用除外を 例外判断で参照する条件は次のとおりです: 複数チャンクを代表一件へまとめる場合も／元の文書IDと位置をすべて保持します。当該規則の値に個人情報または保存期限の制約がある場合は仮名化・分離保管へ置換できるが、source/version/spanを復元する承認済み対応表は保持する。 に限定できるため、APPROPRIATE_NORMATIVEと判定します。,複数チャンクを代表一件へまとめる場合も、元の文書IDと位置をすべて保持します。 判断対象は、複数チャンクを代表一件へまとめる場合も、元の文書IDと位置をすべて保持することを定める運用規則です。外部資料から一般的な効果を導くのではなく、次の検査を受入条件とします。複数チャンクを代表一件へまとめる場合も、元の文書IDと位置をすべて保持することを定める運用規則について、この規則に列挙したID、version、artifactを必須schema fieldにし、任意のanswer/citationからsource document、original span、chunk、retrieval rank、configuration versionへ欠損なく到達できることを確認する。 適用除外は次の場合に限定します。複数チャンクを代表一件へまとめる場合も、元の文書IDと位置をすべて保持することを定める運用規則の例外として、対象値に個人情報または保存期限の制約がある場合は仮名化・分離保管へ置換できるが、source/version/spanを復元する承認済み対応表は保持する。 受入条件と例外境界を台帳で検査できるため、APPROPRIATE_NORMATIVEと判定します。,SENT-2911の規則種別、受入条件、例外境界を完成した日本語で説明し、slash連結された理由文を除去する。
SENT-2920,verdict_reason,同じ根拠集合でも、順序とトークン予算の配分によって生成結果は変わります。 検証対象として 同じ根拠集合でも／入力順序と各根拠へ割り当てるトークン予算を変えた条件を別runとして記録し／生成結果を比較します を区別し、この文が断定する evidence_support=true と関係 NOT_APPLICABLE について、資料候補の記録は SRC-089 https://arxiv.org/abs/2310.04408 — abstract inspected 2026-08-15; 現主張への直接locatorは未確定; SRC-091 https://arxiv.org/abs/2310.05736 — abstract inspected 2026-08-15; 現主張への直接locatorは未確定; SRC-035 https://arxiv.org/abs/2307.03172 — abstract inspected 2026-08-15; 現主張への直接locatorは未確定 ですが、現主張を再特定する直接locatorは未確定です。そこで主体・対象・条件を保った 同じ根拠集合でも、入力順序と各根拠へ割り当てるトークン予算を変えた条件を別runとして記録し、生成結果を比較します。 へ変更し、未確認の一般化または因果を本文から外すためREWRITE_REQUIREDと判定します。,同じ根拠集合でも、順序とトークン予算の配分によって生成結果は変わります。 判断対象は、同じ根拠集合でも、入力順序と各根拠へ割り当てるトークン予算を変えた条件を別runとして記録し、生成結果を比較することに限定した修正です。現文のevidence_support=trueと関係NOT_APPLICABLEには、候補資料は記録されていますが、現主張を再特定する直接locatorは未確定です。修正後は次の文とします。同じ根拠集合でも、入力順序と各根拠へ割り当てるトークン予算を変えた条件を別runとして記録し、生成結果を比較します。 この限定で主体・対象・条件を保ちながら未確認の一般化または因果を除くため、REWRITE_REQUIREDと判定します。,SENT-2920の規則種別、受入条件、例外境界を完成した日本語で説明し、slash連結された理由文を除去する。
SENT-2943,normative_criteria,検証対象は次の条件です: RAGGEDが検索件数と生成モデルのノイズへの強さの関係を調べるように／構成要素単独の改善をシステム全体の改善とはみなしません。当該規則に挙げた選択肢を同じdataset version、query slice、gold evidence、負荷条件で比較し、対象sliceごとの品質・latency・costを一つのresult tableへ記録する。,RAGGEDが検索件数と生成モデルのノイズへの強さの関係を調べるように、構成要素単独の改善をシステム全体の改善とはみなさないことを定める用語・工程定義について、この規則に挙げた選択肢を同じdataset version、query slice、gold evidence、負荷条件で比較し、対象sliceごとの品質・latency・costを一つのresult tableへ記録する。,SENT-2943の主体、観測方法、合格条件または例外契機を通常の日本語で明示し、payload注入型の共通shellを除去する。
SENT-2943,exceptions,例外判断で参照する条件は次のとおりです: RAGGEDが検索件数と生成モデルのノイズへの強さの関係を調べるように／構成要素単独の改善をシステム全体の改善とはみなしません。当該規則を評価するgold evidenceがないslice、標本不足のslice、負荷条件が異なるrunは合否集計から分離し、他sliceの平均結果を外挿しない。,RAGGEDが検索件数と生成モデルのノイズへの強さの関係を調べるように、構成要素単独の改善をシステム全体の改善とはみなさないことを定める用語・工程定義の例外として、判定に必要なgold evidenceがないslice、標本不足のslice、負荷条件が異なるrunは合否集計から分離し、他sliceの平均結果を外挿しない。,SENT-2943の主体、観測方法、合格条件または例外契機を通常の日本語で明示し、payload注入型の共通shellを除去する。
SENT-2943,verdict_reason,RAGGEDが検索件数と生成モデルのノイズへの強さの関係を調べるように、構成要素単独の改善をシステム全体の改善とはみなしません。 この記述は RAGGEDが検索件数と生成モデルのノイズへの強さの関係を調べるように／構成要素単独の改善をシステム全体の改善とはみなしません を本ガイドの設計・評価・運用へ適用する規則で、外部研究の効果を一般化する文ではありません。履行を 検証対象は次の条件です: RAGGEDが検索件数と生成モデルのノイズへの強さの関係を調べるように／構成要素単独の改善をシステム全体の改善とはみなしません。当該規則に挙げた選択肢を同じdataset version、query slice、gold evidence、負荷条件で比較し、対象sliceごとの品質・latency・costを一つのresult tableへ記録する。 により観測し、適用除外を 例外判断で参照する条件は次のとおりです: RAGGEDが検索件数と生成モデルのノイズへの強さの関係を調べるように／構成要素単独の改善をシステム全体の改善とはみなしません。当該規則を評価するgold evidenceがないslice、標本不足のslice、負荷条件が異なるrunは合否集計から分離し、他sliceの平均結果を外挿しない。 に限定できるため、APPROPRIATE_NORMATIVEと判定します。,RAGGEDが検索件数と生成モデルのノイズへの強さの関係を調べるように、構成要素単独の改善をシステム全体の改善とはみなしません。 判断対象は、RAGGEDが検索件数と生成モデルのノイズへの強さの関係を調べるように、構成要素単独の改善をシステム全体の改善とはみなさないことを定める用語・工程定義です。外部資料から一般的な効果を導くのではなく、次の検査を受入条件とします。RAGGEDが検索件数と生成モデルのノイズへの強さの関係を調べるように、構成要素単独の改善をシステム全体の改善とはみなさないことを定める用語・工程定義について、この規則に挙げた選択肢を同じdataset version、query slice、gold evidence、負荷条件で比較し、対象sliceごとの品質・latency・costを一つのresult tableへ記録する。 適用除外は次の場合に限定します。RAGGEDが検索件数と生成モデルのノイズへの強さの関係を調べるように、構成要素単独の改善をシステム全体の改善とはみなさないことを定める用語・工程定義の例外として、判定に必要なgold evidenceがないslice、標本不足のslice、負荷条件が異なるrunは合否集計から分離し、他sliceの平均結果を外挿しない。 受入条件と例外境界を台帳で検査できるため、APPROPRIATE_NORMATIVEと判定します。,SENT-2943の規則種別、受入条件、例外境界を完成した日本語で説明し、slash連結された理由文を除去する。
SENT-2946,verdict_reason,再順位付け器、圧縮器、LLMによる判定を加えると、検索後処理が遅延と費用の中心になる場合があります。 検証対象として reranker／compressor／LLM judgeを直列に追加すると／その処理時間とAPI費用がpost-retrieval全体の主要部分になる場合があります を区別し、この文が断定する UNFORMALIZED_NATURAL_LANGUAGE_CLAIM と関係 UNFORMALIZED について、資料候補の記録は SRC-002 https://aclanthology.org/2020.emnlp-main.550/ — abstract inspected 2026-08-15; 現主張への直接locatorは未確定; SRC-005 https://doi.org/10.1561/1500000019 — primary_page inspected 2026-08-15; 現主張への直接locatorは未確定; SRC-010 https://arxiv.org/abs/1803.09010 — abstract inspected 2026-08-15; 現主張への直接locatorは未確定 ですが、現主張を再特定する直接locatorは未確定です。そこで主体・対象・条件を保った reranker、compressor、LLM judgeを直列に追加すると、その処理時間とAPI費用がpost-retrieval全体の主要部分になる場合があります。 へ変更し、未確認の一般化または因果を本文から外すためREWRITE_REQUIREDと判定します。,再順位付け器、圧縮器、LLMによる判定を加えると、検索後処理が遅延と費用の中心になる場合があります。 判断対象は、reranker、compressor、LLM judgeを直列に追加すると、その処理時間とAPI費用がpost-retrieval全体の主要部分になる場合があることに限定した修正です。現文のUNFORMALIZED_NATURAL_LANGUAGE_CLAIMと関係UNFORMALIZEDには、候補資料は記録されていますが、現主張を再特定する直接locatorは未確定です。修正後は次の文とします。reranker、compressor、LLM judgeを直列に追加すると、その処理時間とAPI費用がpost-retrieval全体の主要部分になる場合があります。 この限定で主体・対象・条件を保ちながら未確認の一般化または因果を除くため、REWRITE_REQUIREDと判定します。,SENT-2946の規則種別、受入条件、例外境界を完成した日本語で説明し、slash連結された理由文を除去する。
SENT-2949,normative_criteria,検証対象は次の条件です: 圧縮による生成費用の削減が／圧縮モデルの追加費用を上回るかを確認します。本文に列挙した対象・条件・指標を個別fieldへ保存し、同一runの実装結果または評価結果と一致することを確認する。,同じrequest集合について、圧縮前後のgeneration token費用とcompression model・infrastructureの追加費用を合算し、回答品質とevidence保持率のguardrailを満たしたうえでnet costが減ることを確認します。,SENT-2949の主体、観測方法、合格条件または例外契機を通常の日本語で明示し、payload注入型の共通shellを除去する。
SENT-2949,exceptions,例外判断で参照する条件は次のとおりです: 圧縮による生成費用の削減が／圧縮モデルの追加費用を上回るかを確認します。当該規則を評価するgold evidenceがないslice、標本不足のslice、負荷条件が異なるrunは合否集計から分離し、他sliceの平均結果を外挿しない。,compression modelを固定契約で利用する場合も、amortized cost、追加latency、運用費を0とみなさず、比較期間と配賦方法を明記します。,SENT-2949の主体、観測方法、合格条件または例外契機を通常の日本語で明示し、payload注入型の共通shellを除去する。
SENT-2949,verdict_reason,圧縮による生成費用の削減が、圧縮モデルの追加費用を上回るかを確認します。 この記述は 圧縮による生成費用の削減が／圧縮モデルの追加費用を上回るかを確認します を本ガイドの設計・評価・運用へ適用する規則で、外部研究の効果を一般化する文ではありません。履行を 検証対象は次の条件です: 圧縮による生成費用の削減が／圧縮モデルの追加費用を上回るかを確認します。本文に列挙した対象・条件・指標を個別fieldへ保存し、同一runの実装結果または評価結果と一致することを確認する。 により観測し、適用除外を 例外判断で参照する条件は次のとおりです: 圧縮による生成費用の削減が／圧縮モデルの追加費用を上回るかを確認します。当該規則を評価するgold evidenceがないslice、標本不足のslice、負荷条件が異なるrunは合否集計から分離し、他sliceの平均結果を外挿しない。 に限定できるため、APPROPRIATE_NORMATIVEと判定します。,圧縮による生成費用の削減が、圧縮モデルの追加費用を上回るかを確認します。 判断対象は、圧縮による生成費用の削減が、圧縮モデルの追加費用を上回るかを確認することを定める評価・採否規則です。外部資料から一般的な効果を導くのではなく、次の検査を受入条件とします。同じrequest集合について、圧縮前後のgeneration token費用とcompression model・infrastructureの追加費用を合算し、回答品質とevidence保持率のguardrailを満たしたうえでnet costが減ることを確認します。 適用除外は次の場合に限定します。compression modelを固定契約で利用する場合も、amortized cost、追加latency、運用費を0とみなさず、比較期間と配賦方法を明記します。 受入条件と例外境界を台帳で検査できるため、APPROPRIATE_NORMATIVEと判定します。,SENT-2949の規則種別、受入条件、例外境界を完成した日本語で説明し、slash連結された理由文を除去する。
SENT-2950,normative_criteria,検証対象は次の条件です: 再順位付け候補を増やしたときのRecall改善も／増加した遅延と対にして判断します。当該規則に含まれるretriever、candidate数、rank処理を固定したtest queryを実行し、統合前後のcandidate ID・rank・score変換が記述した順序と選択規則に一致することを確認する。,再順位付け候補を増やしたときのRecall改善も、増加した遅延と対にして判断することを定める評価・採否規則について、この規則に含まれるretriever、candidate数、rank処理を固定したtest queryを実行し、統合前後のcandidate ID・rank・score変換が記述した順序と選択規則に一致することを確認する。,SENT-2950の主体、観測方法、合格条件または例外契機を通常の日本語で明示し、payload注入型の共通shellを除去する。
SENT-2950,exceptions,例外判断で参照する条件は次のとおりです: 再順位付け候補を増やしたときのRecall改善も／増加した遅延と対にして判断します。当該規則の初期値・候補は対象datasetで再調整できるが、変更値、baseline、採用理由を同じresult tableへ残し、未比較の値を既定値として固定しない。,再順位付け候補を増やしたときのRecall改善も、増加した遅延と対にして判断することを定める評価・採否規則の例外として、初期値・候補は対象datasetで再調整できるが、変更値、baseline、採用理由を同じresult tableへ残し、未比較の値を既定値として固定しない。,SENT-2950の主体、観測方法、合格条件または例外契機を通常の日本語で明示し、payload注入型の共通shellを除去する。
SENT-2950,verdict_reason,再順位付け候補を増やしたときのRecall改善も、増加した遅延と対にして判断します。 この記述は 再順位付け候補を増やしたときのRecall改善も／増加した遅延と対にして判断します を本ガイドの設計・評価・運用へ適用する規則で、外部研究の効果を一般化する文ではありません。履行を 検証対象は次の条件です: 再順位付け候補を増やしたときのRecall改善も／増加した遅延と対にして判断します。当該規則に含まれるretriever、candidate数、rank処理を固定したtest queryを実行し、統合前後のcandidate ID・rank・score変換が記述した順序と選択規則に一致することを確認する。 により観測し、適用除外を 例外判断で参照する条件は次のとおりです: 再順位付け候補を増やしたときのRecall改善も／増加した遅延と対にして判断します。当該規則の初期値・候補は対象datasetで再調整できるが、変更値、baseline、採用理由を同じresult tableへ残し、未比較の値を既定値として固定しない。 に限定できるため、APPROPRIATE_NORMATIVEと判定します。,再順位付け候補を増やしたときのRecall改善も、増加した遅延と対にして判断します。 判断対象は、再順位付け候補を増やしたときのRecall改善も、増加した遅延と対にして判断することを定める評価・採否規則です。外部資料から一般的な効果を導くのではなく、次の検査を受入条件とします。再順位付け候補を増やしたときのRecall改善も、増加した遅延と対にして判断することを定める評価・採否規則について、この規則に含まれるretriever、candidate数、rank処理を固定したtest queryを実行し、統合前後のcandidate ID・rank・score変換が記述した順序と選択規則に一致することを確認する。 適用除外は次の場合に限定します。再順位付け候補を増やしたときのRecall改善も、増加した遅延と対にして判断することを定める評価・採否規則の例外として、初期値・候補は対象datasetで再調整できるが、変更値、baseline、採用理由を同じresult tableへ残し、未比較の値を既定値として固定しない。 受入条件と例外境界を台帳で検査できるため、APPROPRIATE_NORMATIVEと判定します。,SENT-2950の規則種別、受入条件、例外境界を完成した日本語で説明し、slash連結された理由文を除去する。
SENT-2965,verdict_reason,複数回実行する場合は回数と抽出条件をそろえ、平均だけでなく得点の分散と重大な失敗の発生回数を報告します。 この記述は 複数回実行する場合は回数と抽出条件をそろえ／平均だけでなく得点の分散と重大な失敗の発生回数を報告します を本ガイドの設計・評価・運用へ適用する規則で、外部研究の効果を一般化する文ではありません。履行を 反復評価ではrun回数、model/version、temperature、seedまたはsampling条件、抽出条件を固定し、平均、分散、重大failure回数を同じreportへ出す。 により観測し、適用除外を 決定的設定で全runが同一になることを確認済みなら一回へ減らせるが、非決定的なmodel変更後は再度反復する。 に限定できるため、APPROPRIATE_NORMATIVEと判定します。,複数回実行する場合は回数と抽出条件をそろえ、平均だけでなく得点の分散と重大な失敗の発生回数を報告します。 判断対象は、複数回実行する場合は回数と抽出条件をそろえ、平均だけでなく得点の分散と重大な失敗の発生回数を報告することを定める運用規則です。外部資料から一般的な効果を導くのではなく、次の検査を受入条件とします。反復評価ではrun回数、model/version、temperature、seedまたはsampling条件、抽出条件を固定し、平均、分散、重大failure回数を同じreportへ出す。 適用除外は次の場合に限定します。決定的設定で全runが同一になることを確認済みなら一回へ減らせるが、非決定的なmodel変更後は再度反復する。 受入条件と例外境界を台帳で検査できるため、APPROPRIATE_NORMATIVEと判定します。,SENT-2965の規則種別、受入条件、例外境界を完成した日本語で説明し、slash連結された理由文を除去する。
SENT-2981,verdict_reason,RAGASは根拠忠実性をRAG評価の軸として扱い、RAGTruthは検索拡張回答に含まれる支持なしや矛盾した生成を分類しています。 検証対象として RAGASはfaithfulnessを含むRAG評価指標を定義し／RAGTruthは検索拡張回答に含まれる支持なし・矛盾生成を分類したcorpusを提供します を区別し、この文が断定する evidence_support=true と関係 NOT_APPLICABLE について、資料候補の記録は SRC-112 https://arxiv.org/abs/2309.15217 — abstract inspected 2026-08-15; 現主張への直接locatorは未確定; SRC-090 https://arxiv.org/abs/2401.00396 — abstract inspected 2026-08-15; 現主張への直接locatorは未確定 ですが、現主張を再特定する直接locatorは未確定です。そこで主体・対象・条件を保った RAGASはfaithfulnessを含むRAG評価指標を定義し、RAGTruthは検索拡張回答に含まれる支持なし・矛盾生成を分類したcorpusを提供します。 へ変更し、未確認の一般化または因果を本文から外すためREWRITE_REQUIREDと判定します。,RAGASは根拠忠実性をRAG評価の軸として扱い、RAGTruthは検索拡張回答に含まれる支持なしや矛盾した生成を分類しています。 判断対象は、RAGASはfaithfulnessを含むRAG評価指標を定義し、RAGTruthは検索拡張回答に含まれる支持なし・矛盾生成を分類したcorpusを提供することに限定した修正です。現文のevidence_support=trueと関係NOT_APPLICABLEには、候補資料は記録されていますが、現主張を再特定する直接locatorは未確定です。修正後は次の文とします。RAGASはfaithfulnessを含むRAG評価指標を定義し、RAGTruthは検索拡張回答に含まれる支持なし・矛盾生成を分類したcorpusを提供します。 この限定で主体・対象・条件を保ちながら未確認の一般化または因果を除くため、REWRITE_REQUIREDと判定します。,SENT-2981の規則種別、受入条件、例外境界を完成した日本語で説明し、slash連結された理由文を除去する。
SENT-2982,normative_criteria,検証対象は次の条件です: モデルの内部知識から見て正しい文でも／提示した根拠で確認できなければ／根拠性の評価では支持なしとします。本文に列挙した対象・条件・指標を個別fieldへ保存し、同一runの実装結果または評価結果と一致することを確認する。,モデルの内部知識から見て正しい文でも、提示した根拠で確認できなければ、根拠性の評価では支持なしとすることを定める評価・採否規則について、本文に列挙した対象・条件・指標を個別fieldへ保存し、同一runの実装結果または評価結果と一致することを確認する。,SENT-2982の主体、観測方法、合格条件または例外契機を通常の日本語で明示し、payload注入型の共通shellを除去する。
SENT-2982,exceptions,例外判断で参照する条件は次のとおりです: モデルの内部知識から見て正しい文でも／提示した根拠で確認できなければ／根拠性の評価では支持なしとします。当該規則を評価するgold evidenceがないslice、標本不足のslice、負荷条件が異なるrunは合否集計から分離し、他sliceの平均結果を外挿しない。,モデルの内部知識から見て正しい文でも、提示した根拠で確認できなければ、根拠性の評価では支持なしとすることを定める評価・採否規則の例外として、判定に必要なgold evidenceがないslice、標本不足のslice、負荷条件が異なるrunは合否集計から分離し、他sliceの平均結果を外挿しない。,SENT-2982の主体、観測方法、合格条件または例外契機を通常の日本語で明示し、payload注入型の共通shellを除去する。
SENT-2982,verdict_reason,モデルの内部知識から見て正しい文でも、提示した根拠で確認できなければ、根拠性の評価では支持なしとします。 この記述は モデルの内部知識から見て正しい文でも／提示した根拠で確認できなければ／根拠性の評価では支持なしとします を本ガイドの設計・評価・運用へ適用する規則で、外部研究の効果を一般化する文ではありません。履行を 検証対象は次の条件です: モデルの内部知識から見て正しい文でも／提示した根拠で確認できなければ／根拠性の評価では支持なしとします。本文に列挙した対象・条件・指標を個別fieldへ保存し、同一runの実装結果または評価結果と一致することを確認する。 により観測し、適用除外を 例外判断で参照する条件は次のとおりです: モデルの内部知識から見て正しい文でも／提示した根拠で確認できなければ／根拠性の評価では支持なしとします。当該規則を評価するgold evidenceがないslice、標本不足のslice、負荷条件が異なるrunは合否集計から分離し、他sliceの平均結果を外挿しない。 に限定できるため、APPROPRIATE_NORMATIVEと判定します。,モデルの内部知識から見て正しい文でも、提示した根拠で確認できなければ、根拠性の評価では支持なしとします。 判断対象は、モデルの内部知識から見て正しい文でも、提示した根拠で確認できなければ、根拠性の評価では支持なしとすることを定める評価・採否規則です。外部資料から一般的な効果を導くのではなく、次の検査を受入条件とします。モデルの内部知識から見て正しい文でも、提示した根拠で確認できなければ、根拠性の評価では支持なしとすることを定める評価・採否規則について、本文に列挙した対象・条件・指標を個別fieldへ保存し、同一runの実装結果または評価結果と一致することを確認する。 適用除外は次の場合に限定します。モデルの内部知識から見て正しい文でも、提示した根拠で確認できなければ、根拠性の評価では支持なしとすることを定める評価・採否規則の例外として、判定に必要なgold evidenceがないslice、標本不足のslice、負荷条件が異なるrunは合否集計から分離し、他sliceの平均結果を外挿しない。 受入条件と例外境界を台帳で検査できるため、APPROPRIATE_NORMATIVEと判定します。,SENT-2982の規則種別、受入条件、例外境界を完成した日本語で説明し、slash連結された理由文を除去する。
SENT-3002,verdict_reason,一般的な接続文や明らかに検証不要な案内へ大量の引用を付けることは、網羅性の改善には数えません。 この記述は 引用網羅性は検証可能な主張を分母とし／接続文や操作案内へ付けた不要な引用を改善として数えません を本ガイドの設計・評価・運用へ適用する規則で、外部研究の効果を一般化する文ではありません。履行を citation coverageの分母を検証可能な外部主張に限定し、接続文・操作案内・純粋な規範を除外する規則を評価台帳へ固定する。 により観測し、適用除外を 法令、契約、監査要件が手順文への出典を要求する場合は、通常のcoverageとは別区分で記録する。 に限定できるため、APPROPRIATE_NORMATIVEと判定します。,一般的な接続文や明らかに検証不要な案内へ大量の引用を付けることは、網羅性の改善には数えません。 判断対象は、引用網羅性は検証可能な主張を分母とし、接続文や操作案内へ付けた不要な引用を改善として数えないことを定める構成・設定規則です。外部資料から一般的な効果を導くのではなく、次の検査を受入条件とします。citation coverageの分母を検証可能な外部主張に限定し、接続文・操作案内・純粋な規範を除外する規則を評価台帳へ固定する。 適用除外は次の場合に限定します。法令、契約、監査要件が手順文への出典を要求する場合は、通常のcoverageとは別区分で記録する。 受入条件と例外境界を台帳で検査できるため、APPROPRIATE_NORMATIVEと判定します。,SENT-3002の規則種別、受入条件、例外境界を完成した日本語で説明し、slash連結された理由文を除去する。
SENT-3008,normative_criteria,検証対象は次の条件です: G-EvalのようにLLMで採点する場合は／点数ごとの代表例を用意し／人手評価との一致を確認します。本文に列挙した対象・条件・指標を個別fieldへ保存し、同一runの実装結果または評価結果と一致することを確認する。,G-EvalのようにLLMで採点する場合は、点数ごとの代表例を用意し、人手評価との一致を確認することを定める評価・採否規則について、本文に列挙した対象・条件・指標を個別fieldへ保存し、同一runの実装結果または評価結果と一致することを確認する。,SENT-3008の主体、観測方法、合格条件または例外契機を通常の日本語で明示し、payload注入型の共通shellを除去する。
SENT-3008,exceptions,例外判断で参照する条件は次のとおりです: G-EvalのようにLLMで採点する場合は／点数ごとの代表例を用意し／人手評価との一致を確認します。当該規則の初期値・候補は対象datasetで再調整できるが、変更値、baseline、採用理由を同じresult tableへ残し、未比較の値を既定値として固定しない。,G-EvalのようにLLMで採点する場合は、点数ごとの代表例を用意し、人手評価との一致を確認することを定める評価・採否規則の例外として、初期値・候補は対象datasetで再調整できるが、変更値、baseline、採用理由を同じresult tableへ残し、未比較の値を既定値として固定しない。,SENT-3008の主体、観測方法、合格条件または例外契機を通常の日本語で明示し、payload注入型の共通shellを除去する。
SENT-3008,verdict_reason,G-EvalのようにLLMで採点する場合は、点数ごとの代表例を用意し、人手評価との一致を確認します。 この記述は G-EvalのようにLLMで採点する場合は／点数ごとの代表例を用意し／人手評価との一致を確認します を本ガイドの設計・評価・運用へ適用する規則で、外部研究の効果を一般化する文ではありません。履行を 検証対象は次の条件です: G-EvalのようにLLMで採点する場合は／点数ごとの代表例を用意し／人手評価との一致を確認します。本文に列挙した対象・条件・指標を個別fieldへ保存し、同一runの実装結果または評価結果と一致することを確認する。 により観測し、適用除外を 例外判断で参照する条件は次のとおりです: G-EvalのようにLLMで採点する場合は／点数ごとの代表例を用意し／人手評価との一致を確認します。当該規則の初期値・候補は対象datasetで再調整できるが、変更値、baseline、採用理由を同じresult tableへ残し、未比較の値を既定値として固定しない。 に限定できるため、APPROPRIATE_NORMATIVEと判定します。,G-EvalのようにLLMで採点する場合は、点数ごとの代表例を用意し、人手評価との一致を確認します。 判断対象は、G-EvalのようにLLMで採点する場合は、点数ごとの代表例を用意し、人手評価との一致を確認することを定める評価・採否規則です。外部資料から一般的な効果を導くのではなく、次の検査を受入条件とします。G-EvalのようにLLMで採点する場合は、点数ごとの代表例を用意し、人手評価との一致を確認することを定める評価・採否規則について、本文に列挙した対象・条件・指標を個別fieldへ保存し、同一runの実装結果または評価結果と一致することを確認する。 適用除外は次の場合に限定します。G-EvalのようにLLMで採点する場合は、点数ごとの代表例を用意し、人手評価との一致を確認することを定める評価・採否規則の例外として、初期値・候補は対象datasetで再調整できるが、変更値、baseline、採用理由を同じresult tableへ残し、未比較の値を既定値として固定しない。 受入条件と例外境界を台帳で検査できるため、APPROPRIATE_NORMATIVEと判定します。,SENT-3008の規則種別、受入条件、例外境界を完成した日本語で説明し、slash連結された理由文を除去する。
SENT-3009,verdict_reason,含めるべき論点と不要な部分を別々に数え、長文化を完全性の改善と誤認しないようにします。 この記述は 含めるべき論点と不要な部分を別々に数え／長文化を完全性の改善と誤認しないようにします を本ガイドの設計・評価・運用へ適用する規則で、外部研究の効果を一般化する文ではありません。履行を 回答評価でrequired points coverageとirrelevant span countを別指標として算出し、文字数またはtoken数の増加だけをcompleteness改善に数えない。 により観測し、適用除外を 利用者が詳細説明を明示要求した場合は長い回答を許容できるが、不要部分とrequired pointの判定基準は変更しない。 に限定できるため、APPROPRIATE_NORMATIVEと判定します。,含めるべき論点と不要な部分を別々に数え、長文化を完全性の改善と誤認しないようにします。 判断対象は、含めるべき論点と不要な部分を別々に数え、長文化を完全性の改善と誤認しないようにすることを定める運用規則です。外部資料から一般的な効果を導くのではなく、次の検査を受入条件とします。回答評価でrequired points coverageとirrelevant span countを別指標として算出し、文字数またはtoken数の増加だけをcompleteness改善に数えない。 適用除外は次の場合に限定します。利用者が詳細説明を明示要求した場合は長い回答を許容できるが、不要部分とrequired pointの判定基準は変更しない。 受入条件と例外境界を台帳で検査できるため、APPROPRIATE_NORMATIVEと判定します。,SENT-3009の規則種別、受入条件、例外境界を完成した日本語で説明し、slash連結された理由文を除去する。
SENT-3024,verdict_reason,RGBは、ノイズがあっても正しい根拠を選ぶ力、答えがない場合の拒否、複数情報の統合、事実と異なる前提を退ける力を分けて評価します。 検証対象として RGB benchmarkは／同benchmarkの事例を用いて／noise下の根拠選択／answerがない場合の拒否／複数情報の統合／counterfactual premiseの拒否を別能力として評価します を区別し、この文が断定する evidence_support=true と関係 NOT について、資料候補の記録は SRC-109 https://arxiv.org/abs/2309.01431 — abstract inspected 2026-08-15; 現主張への直接locatorは未確定 ですが、現主張を再特定する直接locatorは未確定です。そこで主体・対象・条件を保った RGB benchmarkは、同benchmarkの事例を用いて、noise下の根拠選択、answerがない場合の拒否、複数情報の統合、counterfactual premiseの拒否を別能力として評価します。 へ変更し、未確認の一般化または因果を本文から外すためREWRITE_REQUIREDと判定します。,RGBは、ノイズがあっても正しい根拠を選ぶ力、答えがない場合の拒否、複数情報の統合、事実と異なる前提を退ける力を分けて評価します。 判断対象は、RGB benchmarkは、同benchmarkの事例を用いて、noise下の根拠選択、answerがない場合の拒否、複数情報の統合、counterfactual premiseの拒否を別能力として評価することに限定した修正です。現文のevidence_support=trueと関係NOTには、候補資料は記録されていますが、現主張を再特定する直接locatorは未確定です。修正後は次の文とします。RGB benchmarkは、同benchmarkの事例を用いて、noise下の根拠選択、answerがない場合の拒否、複数情報の統合、counterfactual premiseの拒否を別能力として評価します。 この限定で主体・対象・条件を保ちながら未確認の一般化または因果を除くため、REWRITE_REQUIREDと判定します。,SENT-3024の規則種別、受入条件、例外境界を完成した日本語で説明し、slash連結された理由文を除去する。
SENT-3033,verdict_reason,形式準拠を改善するプロンプト変更が、根拠忠実性や完全性を悪化させていないかも確認します。 この記述は 形式準拠を改善するプロンプト変更が／根拠忠実性や完全性を悪化させていないかも確認します を本ガイドの設計・評価・運用へ適用する規則で、外部研究の効果を一般化する文ではありません。履行を format complianceを改善するprompt candidateは、同じgold setでcitation support、evidence completeness、answer correctnessを再測定し、既存guardrailを悪化させない場合だけ採用する。 により観測し、適用除外を 機械連携を止めるformat不具合の緊急修正は先行できるが、根拠忠実性の回帰試験をrelease直後の必須作業として期限付き登録する。 に限定できるため、APPROPRIATE_NORMATIVEと判定します。,形式準拠を改善するプロンプト変更が、根拠忠実性や完全性を悪化させていないかも確認します。 判断対象は、形式準拠を改善するプロンプト変更が、根拠忠実性や完全性を悪化させていないかも確認することを定める運用規則です。外部資料から一般的な効果を導くのではなく、次の検査を受入条件とします。format complianceを改善するprompt candidateは、同じgold setでcitation support、evidence completeness、answer correctnessを再測定し、既存guardrailを悪化させない場合だけ採用する。 適用除外は次の場合に限定します。機械連携を止めるformat不具合の緊急修正は先行できるが、根拠忠実性の回帰試験をrelease直後の必須作業として期限付き登録する。 受入条件と例外境界を台帳で検査できるため、APPROPRIATE_NORMATIVEと判定します。,SENT-3033の規則種別、受入条件、例外境界を完成した日本語で説明し、slash連結された理由文を除去する。
SENT-3046,verdict_reason,発生頻度、重大度、業務影響を使って改善順を決め、同種の失敗が再発していないか追跡します。 この記述は 発生頻度／重大度／業務影響を使って改善順を決め／同種の失敗が再発していないか追跡します を本ガイドの設計・評価・運用へ適用する規則で、外部研究の効果を一般化する文ではありません。履行を failure typeごとにfrequency、severity、business impactを記録して改善priorityを決め、修正後は同typeの回帰fixtureで再発件数が受入値内か確認する。 により観測し、適用除外を 頻度が低くても法令・安全性へ重大影響を持つfailureはpriorityを下げず、平均頻度だけで延期しない。 に限定できるため、APPROPRIATE_NORMATIVEと判定します。,発生頻度、重大度、業務影響を使って改善順を決め、同種の失敗が再発していないか追跡します。 判断対象は、発生頻度、重大度、業務影響を使って改善順を決め、同種の失敗が再発していないか追跡することを定める運用規則です。外部資料から一般的な効果を導くのではなく、次の検査を受入条件とします。failure typeごとにfrequency、severity、business impactを記録して改善priorityを決め、修正後は同typeの回帰fixtureで再発件数が受入値内か確認する。 適用除外は次の場合に限定します。頻度が低くても法令・安全性へ重大影響を持つfailureはpriorityを下げず、平均頻度だけで延期しない。 受入条件と例外境界を台帳で検査できるため、APPROPRIATE_NORMATIVEと判定します。,SENT-3046の規則種別、受入条件、例外境界を完成した日本語で説明し、slash連結された理由文を除去する。
SENT-3054,verdict_reason,RAG評価のサーベイが検索と生成を含む複数の評価側面を整理するように、回答、根拠、行動、完了までの時間を同時に見ます。 検証対象として end-to-end評価では／回答品質／採用した根拠／実行した行動／完了までの時間を同じtrace_idへ結び付けて判定します を区別し、この文が断定する evidence_support=true;temporal_freshness=true と関係 NOT_APPLICABLE について、資料候補の記録は SRC-105 https://arxiv.org/abs/2405.07437 — abstract inspected 2026-08-15; 現主張への直接locatorは未確定 ですが、現主張を再特定する直接locatorは未確定です。そこで主体・対象・条件を保った end-to-end評価では、回答品質、採用した根拠、実行した行動、完了までの時間を同じtrace_idへ結び付けて判定します。 へ変更し、未確認の一般化または因果を本文から外すためREWRITE_REQUIREDと判定します。,RAG評価のサーベイが検索と生成を含む複数の評価側面を整理するように、回答、根拠、行動、完了までの時間を同時に見ます。 判断対象は、end-to-end評価では、回答品質、採用した根拠、実行した行動、完了までの時間を同じtrace_idへ結び付けて判定することに限定した修正です。現文のevidence_support=true;temporal_freshness=trueと関係NOT_APPLICABLEには、候補資料は記録されていますが、現主張を再特定する直接locatorは未確定です。修正後は次の文とします。end-to-end評価では、回答品質、採用した根拠、実行した行動、完了までの時間を同じtrace_idへ結び付けて判定します。 この限定で主体・対象・条件を保ちながら未確認の一般化または因果を除くため、REWRITE_REQUIREDと判定します。,SENT-3054の規則種別、受入条件、例外境界を完成した日本語で説明し、slash連結された理由文を除去する。
SENT-3059,verdict_reason,RGBのように、同じ質問でもノイズや答えの有無を変えた対照事例を作ると、特定の能力を切り分けられます。 検証対象として 同じ質問についてノイズ根拠の有無と回答可能・不可能を変えた対照事例を作り／ノイズ耐性と回答保留を別々に評価します を区別し、この文が断定する UNFORMALIZED_NATURAL_LANGUAGE_CLAIM と関係 NOT_APPLICABLE について、資料候補の記録は SRC-109 https://arxiv.org/abs/2309.01431 — abstract inspected 2026-08-15; 現主張への直接locatorは未確定 ですが、現主張を再特定する直接locatorは未確定です。そこで主体・対象・条件を保った 同じ質問についてノイズ根拠の有無と回答可能・不可能を変えた対照事例を作り、ノイズ耐性と回答保留を別々に評価します。 へ変更し、未確認の一般化または因果を本文から外すためREWRITE_REQUIREDと判定します。,RGBのように、同じ質問でもノイズや答えの有無を変えた対照事例を作ると、特定の能力を切り分けられます。 判断対象は、同じ質問についてノイズ根拠の有無と回答可能・不可能を変えた対照事例を作り、ノイズ耐性と回答保留を別々に評価することに限定した修正です。現文のUNFORMALIZED_NATURAL_LANGUAGE_CLAIMと関係NOT_APPLICABLEには、候補資料は記録されていますが、現主張を再特定する直接locatorは未確定です。修正後は次の文とします。同じ質問についてノイズ根拠の有無と回答可能・不可能を変えた対照事例を作り、ノイズ耐性と回答保留を別々に評価します。 この限定で主体・対象・条件を保ちながら未確認の一般化または因果を除くため、REWRITE_REQUIREDと判定します。,SENT-3059の規則種別、受入条件、例外境界を完成した日本語で説明し、slash連結された理由文を除去する。
SENT-3069,verdict_reason,総合的な印象だけでは、改善先を判断できません。 検証対象として 総合点だけで改善先を決めず／retrieval／evidence selection／generation／citation／abstentionの内訳をquestion_id単位で確認します を区別し、この文が断定する empirical_result=true と関係 NOT について、資料候補の記録は SRC-113 https://arxiv.org/abs/2303.16634 — abstract inspected 2026-08-15; 現主張への直接locatorは未確定 ですが、現主張を再特定する直接locatorは未確定です。そこで主体・対象・条件を保った 総合点だけで改善先を決めず、retrieval、evidence selection、generation、citation、abstentionの内訳をquestion_id単位で確認します。 へ変更し、未確認の一般化または因果を本文から外すためREWRITE_REQUIREDと判定します。,総合的な印象だけでは、改善先を判断できません。 判断対象は、総合点だけで改善先を決めず、retrieval、evidence selection、generation、citation、abstentionの内訳をquestion_id単位で確認することに限定した修正です。現文のempirical_result=trueと関係NOTには、候補資料は記録されていますが、現主張を再特定する直接locatorは未確定です。修正後は次の文とします。総合点だけで改善先を決めず、retrieval、evidence selection、generation、citation、abstentionの内訳をquestion_id単位で確認します。 この限定で主体・対象・条件を保ちながら未確認の一般化または因果を除くため、REWRITE_REQUIREDと判定します。,SENT-3069の規則種別、受入条件、例外境界を完成した日本語で説明し、slash連結された理由文を除去する。
SENT-3079,verdict_reason,採点者が低い確信を示した事例や、複数採点者が一致しない事例を人へ送ります。 この記述は 自動採点の確信度が閾値未満の事例と／複数採点者の判定が一致しない事例を人手レビューへ送ります を本ガイドの設計・評価・運用へ適用する規則で、外部研究の効果を一般化する文ではありません。履行を confidence閾値、不一致条件、risk区分、routing先、確認期限を事前に定め、送付理由と最終判断を記録する。 により観測し、適用除外を 低riskで決定的なruleにより解消できる場合は自動処理できるが、高riskまたは権限関連の不一致は人手確認を省略しない。 に限定できるため、APPROPRIATE_NORMATIVEと判定します。,採点者が低い確信を示した事例や、複数採点者が一致しない事例を人へ送ります。 判断対象は、自動採点の確信度が閾値未満の事例と、複数採点者の判定が一致しない事例を人手レビューへ送ることを定めるローカル設計規則です。外部資料から一般的な効果を導くのではなく、次の検査を受入条件とします。confidence閾値、不一致条件、risk区分、routing先、確認期限を事前に定め、送付理由と最終判断を記録する。 適用除外は次の場合に限定します。低riskで決定的なruleにより解消できる場合は自動処理できるが、高riskまたは権限関連の不一致は人手確認を省略しない。 受入条件と例外境界を台帳で検査できるため、APPROPRIATE_NORMATIVEと判定します。,SENT-3079の規則種別、受入条件、例外境界を完成した日本語で説明し、slash連結された理由文を除去する。
SENT-3099,verdict_reason,一方、MT-BenchとChatbot Arenaの研究は、回答位置、長さ、自身と同系統のモデルを好む傾向など、LLM採点の偏りを報告しています。 検証対象として 「Judging LLM-as-a-Judge with MT-Bench and Chatbot Arena」（2023年）は／同研究で評価したモデルと設問の範囲で／回答位置／回答長／自身と同系統のモデルを好む傾向など／LLM採点の偏りを報告しました を区別し、この文が断定する empirical_result=true と関係 NOT_APPLICABLE について、資料候補の記録は SRC-114 https://arxiv.org/abs/2306.05685 — abstract inspected 2026-08-15; 現主張への直接locatorは未確定 ですが、現主張を再特定する直接locatorは未確定です。そこで主体・対象・条件を保った 「Judging LLM-as-a-Judge with MT-Bench and Chatbot Arena」（2023年）は、同研究で評価したモデルと設問の範囲で、回答位置、回答長、自身と同系統のモデルを好む傾向など、LLM採点の偏りを報告しました。 へ変更し、未確認の一般化または因果を本文から外すためREWRITE_REQUIREDと判定します。,一方、MT-BenchとChatbot Arenaの研究は、回答位置、長さ、自身と同系統のモデルを好む傾向など、LLM採点の偏りを報告しています。 判断対象は、「Judging LLM-as-a-Judge with MT-Bench and Chatbot Arena」（2023年）は、同研究で評価したモデルと設問の範囲で、回答位置、回答長、自身と同系統のモデルを好む傾向など、LLM採点の偏りを報告したことに限定した修正です。現文のempirical_result=trueと関係NOT_APPLICABLEには、候補資料は記録されていますが、現主張を再特定する直接locatorは未確定です。修正後は次の文とします。「Judging LLM-as-a-Judge with MT-Bench and Chatbot Arena」（2023年）は、同研究で評価したモデルと設問の範囲で、回答位置、回答長、自身と同系統のモデルを好む傾向など、LLM採点の偏りを報告しました。 この限定で主体・対象・条件を保ちながら未確認の一般化または因果を除くため、REWRITE_REQUIREDと判定します。,SENT-3099の規則種別、受入条件、例外境界を完成した日本語で説明し、slash連結された理由文を除去する。
SENT-3142,normative_criteria,検証対象は次の条件です: 変更ごとに直接指標と下流指標を定め／改善した局所指標が最終回答を悪化させていないことを確認します。当該規則に挙げた選択肢を同じdataset version、query slice、gold evidence、負荷条件で比較し、対象sliceごとの品質・latency・costを一つのresult tableへ記録する。,変更ごとに直接指標と下流指標を定め、改善した局所指標が最終回答を悪化させていないことを確認することを定める評価・採否規則について、この規則に挙げた選択肢を同じdataset version、query slice、gold evidence、負荷条件で比較し、対象sliceごとの品質・latency・costを一つのresult tableへ記録する。,SENT-3142の主体、観測方法、合格条件または例外契機を通常の日本語で明示し、payload注入型の共通shellを除去する。
SENT-3142,exceptions,例外判断で参照する条件は次のとおりです: 変更ごとに直接指標と下流指標を定め／改善した局所指標が最終回答を悪化させていないことを確認します。当該規則を評価するgold evidenceがないslice、標本不足のslice、負荷条件が異なるrunは合否集計から分離し、他sliceの平均結果を外挿しない。,変更ごとに直接指標と下流指標を定め、改善した局所指標が最終回答を悪化させていないことを確認することを定める評価・採否規則の例外として、判定に必要なgold evidenceがないslice、標本不足のslice、負荷条件が異なるrunは合否集計から分離し、他sliceの平均結果を外挿しない。,SENT-3142の主体、観測方法、合格条件または例外契機を通常の日本語で明示し、payload注入型の共通shellを除去する。
SENT-3142,verdict_reason,変更ごとに直接指標と下流指標を定め、改善した局所指標が最終回答を悪化させていないことを確認します。 この記述は 変更ごとに直接指標と下流指標を定め／改善した局所指標が最終回答を悪化させていないことを確認します を本ガイドの設計・評価・運用へ適用する規則で、外部研究の効果を一般化する文ではありません。履行を 検証対象は次の条件です: 変更ごとに直接指標と下流指標を定め／改善した局所指標が最終回答を悪化させていないことを確認します。当該規則に挙げた選択肢を同じdataset version、query slice、gold evidence、負荷条件で比較し、対象sliceごとの品質・latency・costを一つのresult tableへ記録する。 により観測し、適用除外を 例外判断で参照する条件は次のとおりです: 変更ごとに直接指標と下流指標を定め／改善した局所指標が最終回答を悪化させていないことを確認します。当該規則を評価するgold evidenceがないslice、標本不足のslice、負荷条件が異なるrunは合否集計から分離し、他sliceの平均結果を外挿しない。 に限定できるため、APPROPRIATE_NORMATIVEと判定します。,変更ごとに直接指標と下流指標を定め、改善した局所指標が最終回答を悪化させていないことを確認します。 判断対象は、変更ごとに直接指標と下流指標を定め、改善した局所指標が最終回答を悪化させていないことを確認することを定める評価・採否規則です。外部資料から一般的な効果を導くのではなく、次の検査を受入条件とします。変更ごとに直接指標と下流指標を定め、改善した局所指標が最終回答を悪化させていないことを確認することを定める評価・採否規則について、この規則に挙げた選択肢を同じdataset version、query slice、gold evidence、負荷条件で比較し、対象sliceごとの品質・latency・costを一つのresult tableへ記録する。 適用除外は次の場合に限定します。変更ごとに直接指標と下流指標を定め、改善した局所指標が最終回答を悪化させていないことを確認することを定める評価・採否規則の例外として、判定に必要なgold evidenceがないslice、標本不足のslice、負荷条件が異なるrunは合否集計から分離し、他sliceの平均結果を外挿しない。 受入条件と例外境界を台帳で検査できるため、APPROPRIATE_NORMATIVEと判定します。,SENT-3142の規則種別、受入条件、例外境界を完成した日本語で説明し、slash連結された理由文を除去する。
SENT-3159,verdict_reason,canary中に重大なsecurity failure、SLO（Service Level Objective、サービス水準目標）違反、想定外の回答不能増加が起きた場合は、自動または明示した手順で旧versionへ戻します。 この記述は canary中に重大なsecurity failure／SLO（Service Level Objective／サービス水準目標）違反／想定外の回答不能増加が起きた場合は／自動または明示した手順で旧versionへ戻します を本ガイドの設計・評価・運用へ適用する規則で、外部研究の効果を一般化する文ではありません。履行を canaryでcritical security failure、SLO violation、abstention rateの想定外増加を別alertとして監視し、各alertが旧versionへのrollback手順を実際に起動できることを演習する。 により観測し、適用除外を 監視誤検知で自動rollbackを解除する場合は対象alert、承認者、有効期限を記録し、他のrollback条件を無効化しない。 に限定できるため、APPROPRIATE_NORMATIVEと判定します。,canary中に重大なsecurity failure、SLO（Service Level Objective、サービス水準目標）違反、想定外の回答不能増加が起きた場合は、自動または明示した手順で旧versionへ戻します。 判断対象は、canary中に重大なsecurity failure、SLO（Service Level Objective、サービス水準目標）違反、想定外の回答不能増加が起きた場合は、自動または明示した手順で旧versionへ戻すことを定める追跡性・証跡管理規則です。外部資料から一般的な効果を導くのではなく、次の検査を受入条件とします。canaryでcritical security failure、SLO violation、abstention rateの想定外増加を別alertとして監視し、各alertが旧versionへのrollback手順を実際に起動できることを演習する。 適用除外は次の場合に限定します。監視誤検知で自動rollbackを解除する場合は対象alert、承認者、有効期限を記録し、他のrollback条件を無効化しない。 受入条件と例外境界を台帳で検査できるため、APPROPRIATE_NORMATIVEと判定します。,SENT-3159の規則種別、受入条件、例外境界を完成した日本語で説明し、slash連結された理由文を除去する。
SENT-3160,normative_criteria,検証対象は次の条件です: 公開の可否は／解析器／チャンク分割／埋め込み／検索器／再順位付け／プロンプト／生成モデルのどれを変えても／同じ原則で判断します。当該規則の統合規則をversion管理し、複数retrieverが返す既知rank listから期待するcandidate順序を再現し、生scoreの無条件加算や重複candidateが発生しないことを確認する。,公開の可否は、解析器、チャンク分割、埋め込み、検索器、再順位付け、プロンプト、生成モデルのどれを変えても、同じ原則で判断することを定める検索・経路選択規則について、この規則の統合規則をversion管理し、複数retrieverが返す既知rank listから期待するcandidate順序を再現し、生scoreの無条件加算や重複candidateが発生しないことを確認する。,SENT-3160の主体、観測方法、合格条件または例外契機を通常の日本語で明示し、payload注入型の共通shellを除去する。
SENT-3160,exceptions,例外判断で参照する条件は次のとおりです: 公開の可否は／解析器／チャンク分割／埋め込み／検索器／再順位付け／プロンプト／生成モデルのどれを変えても／同じ原則で判断します。当該規則と異なる統合方式はcalibration済みscoreまたは別rerankerとしてversion管理できるが、未調整の異尺度scoreを黙って直接加算しない。,公開の可否は、解析器、チャンク分割、埋め込み、検索器、再順位付け、プロンプト、生成モデルのどれを変えても、同じ原則で判断することを定める検索・経路選択規則の例外として、この規則と異なる統合方式はcalibration済みscoreまたは別rerankerとしてversion管理できるが、未調整の異尺度scoreを黙って直接加算しない。,SENT-3160の主体、観測方法、合格条件または例外契機を通常の日本語で明示し、payload注入型の共通shellを除去する。
SENT-3160,verdict_reason,公開の可否は、解析器、チャンク分割、埋め込み、検索器、再順位付け、プロンプト、生成モデルのどれを変えても、同じ原則で判断します。 この記述は 公開の可否は／解析器／チャンク分割／埋め込み／検索器／再順位付け／プロンプト／生成モデルのどれを変えても／同じ原則で判断します を本ガイドの設計・評価・運用へ適用する規則で、外部研究の効果を一般化する文ではありません。履行を 検証対象は次の条件です: 公開の可否は／解析器／チャンク分割／埋め込み／検索器／再順位付け／プロンプト／生成モデルのどれを変えても／同じ原則で判断します。当該規則の統合規則をversion管理し、複数retrieverが返す既知rank listから期待するcandidate順序を再現し、生scoreの無条件加算や重複candidateが発生しないことを確認する。 により観測し、適用除外を 例外判断で参照する条件は次のとおりです: 公開の可否は／解析器／チャンク分割／埋め込み／検索器／再順位付け／プロンプト／生成モデルのどれを変えても／同じ原則で判断します。当該規則と異なる統合方式はcalibration済みscoreまたは別rerankerとしてversion管理できるが、未調整の異尺度scoreを黙って直接加算しない。 に限定できるため、APPROPRIATE_NORMATIVEと判定します。,公開の可否は、解析器、チャンク分割、埋め込み、検索器、再順位付け、プロンプト、生成モデルのどれを変えても、同じ原則で判断します。 判断対象は、公開の可否は、解析器、チャンク分割、埋め込み、検索器、再順位付け、プロンプト、生成モデルのどれを変えても、同じ原則で判断することを定める検索・経路選択規則です。外部資料から一般的な効果を導くのではなく、次の検査を受入条件とします。公開の可否は、解析器、チャンク分割、埋め込み、検索器、再順位付け、プロンプト、生成モデルのどれを変えても、同じ原則で判断することを定める検索・経路選択規則について、この規則の統合規則をversion管理し、複数retrieverが返す既知rank listから期待するcandidate順序を再現し、生scoreの無条件加算や重複candidateが発生しないことを確認する。 適用除外は次の場合に限定します。公開の可否は、解析器、チャンク分割、埋め込み、検索器、再順位付け、プロンプト、生成モデルのどれを変えても、同じ原則で判断することを定める検索・経路選択規則の例外として、この規則と異なる統合方式はcalibration済みscoreまたは別rerankerとしてversion管理できるが、未調整の異尺度scoreを黙って直接加算しない。 受入条件と例外境界を台帳で検査できるため、APPROPRIATE_NORMATIVEと判定します。,SENT-3160の規則種別、受入条件、例外境界を完成した日本語で説明し、slash連結された理由文を除去する。
SENT-3163,normative_criteria,検証対象は次の条件です: 候補の成果物／設定マニフェスト／評価報告を同じ版IDで結び付けます。当該規則に含まれるretriever、candidate数、rank処理を固定したtest queryを実行し、統合前後のcandidate ID・rank・score変換が記述した順序と選択規則に一致することを確認する。,候補の成果物、設定マニフェスト、評価報告を同じ版IDで結び付けることを定める評価・採否規則について、この規則に含まれるretriever、candidate数、rank処理を固定したtest queryを実行し、統合前後のcandidate ID・rank・score変換が記述した順序と選択規則に一致することを確認する。,SENT-3163の主体、観測方法、合格条件または例外契機を通常の日本語で明示し、payload注入型の共通shellを除去する。
SENT-3163,exceptions,例外判断で参照する条件は次のとおりです: 候補の成果物／設定マニフェスト／評価報告を同じ版IDで結び付けます。当該規則の初期値・候補は対象datasetで再調整できるが、変更値、baseline、採用理由を同じresult tableへ残し、未比較の値を既定値として固定しない。,候補の成果物、設定マニフェスト、評価報告を同じ版IDで結び付けることを定める評価・採否規則の例外として、初期値・候補は対象datasetで再調整できるが、変更値、baseline、採用理由を同じresult tableへ残し、未比較の値を既定値として固定しない。,SENT-3163の主体、観測方法、合格条件または例外契機を通常の日本語で明示し、payload注入型の共通shellを除去する。
SENT-3163,verdict_reason,候補の成果物、設定マニフェスト、評価報告を同じ版IDで結び付けます。 この記述は 候補の成果物／設定マニフェスト／評価報告を同じ版IDで結び付けます を本ガイドの設計・評価・運用へ適用する規則で、外部研究の効果を一般化する文ではありません。履行を 検証対象は次の条件です: 候補の成果物／設定マニフェスト／評価報告を同じ版IDで結び付けます。当該規則に含まれるretriever、candidate数、rank処理を固定したtest queryを実行し、統合前後のcandidate ID・rank・score変換が記述した順序と選択規則に一致することを確認する。 により観測し、適用除外を 例外判断で参照する条件は次のとおりです: 候補の成果物／設定マニフェスト／評価報告を同じ版IDで結び付けます。当該規則の初期値・候補は対象datasetで再調整できるが、変更値、baseline、採用理由を同じresult tableへ残し、未比較の値を既定値として固定しない。 に限定できるため、APPROPRIATE_NORMATIVEと判定します。,候補の成果物、設定マニフェスト、評価報告を同じ版IDで結び付けます。 判断対象は、候補の成果物、設定マニフェスト、評価報告を同じ版IDで結び付けることを定める評価・採否規則です。外部資料から一般的な効果を導くのではなく、次の検査を受入条件とします。候補の成果物、設定マニフェスト、評価報告を同じ版IDで結び付けることを定める評価・採否規則について、この規則に含まれるretriever、candidate数、rank処理を固定したtest queryを実行し、統合前後のcandidate ID・rank・score変換が記述した順序と選択規則に一致することを確認する。 適用除外は次の場合に限定します。候補の成果物、設定マニフェスト、評価報告を同じ版IDで結び付けることを定める評価・採否規則の例外として、初期値・候補は対象datasetで再調整できるが、変更値、baseline、採用理由を同じresult tableへ残し、未比較の値を既定値として固定しない。 受入条件と例外境界を台帳で検査できるため、APPROPRIATE_NORMATIVEと判定します。,SENT-3163の規則種別、受入条件、例外境界を完成した日本語で説明し、slash連結された理由文を除去する。
SENT-3167,normative_criteria,検証対象は次の条件です: 共通のトレースIDで／元の質問／変換後の質問／フィルター／取得候補／再順位付け結果／最終コンテキスト／回答／引用／利用者の反応を結び付けます。当該規則に列挙したID、version、artifactを必須schema fieldにし、任意のanswer/citationからsource document、original span、chunk、retrieval rank、configuration versionへ欠損なく到達できることを確認する。,共通のトレースIDで、元の質問、変換後の質問、フィルター、取得候補、再順位付け結果、最終コンテキスト、回答、引用、利用者の反応を結び付けることを定める検索・経路選択規則について、この規則に列挙したID、version、artifactを必須schema fieldにし、任意のanswer/citationからsource document、original span、chunk、retrieval rank、configuration versionへ欠損なく到達できることを確認する。,SENT-3167の主体、観測方法、合格条件または例外契機を通常の日本語で明示し、payload注入型の共通shellを除去する。
SENT-3167,exceptions,例外判断で参照する条件は次のとおりです: 共通のトレースIDで／元の質問／変換後の質問／フィルター／取得候補／再順位付け結果／最終コンテキスト／回答／引用／利用者の反応を結び付けます。当該規則の値に個人情報または保存期限の制約がある場合は仮名化・分離保管へ置換できるが、source/version/spanを復元する承認済み対応表は保持する。,共通のトレースIDで、元の質問、変換後の質問、フィルター、取得候補、再順位付け結果、最終コンテキスト、回答、引用、利用者の反応を結び付けることを定める検索・経路選択規則の例外として、対象値に個人情報または保存期限の制約がある場合は仮名化・分離保管へ置換できるが、source/version/spanを復元する承認済み対応表は保持する。,SENT-3167の主体、観測方法、合格条件または例外契機を通常の日本語で明示し、payload注入型の共通shellを除去する。
SENT-3167,verdict_reason,共通のトレースIDで、元の質問、変換後の質問、フィルター、取得候補、再順位付け結果、最終コンテキスト、回答、引用、利用者の反応を結び付けます。 この記述は 共通のトレースIDで／元の質問／変換後の質問／フィルター／取得候補／再順位付け結果／最終コンテキスト／回答／引用／利用者の反応を結び付けます を本ガイドの設計・評価・運用へ適用する規則で、外部研究の効果を一般化する文ではありません。履行を 検証対象は次の条件です: 共通のトレースIDで／元の質問／変換後の質問／フィルター／取得候補／再順位付け結果／最終コンテキスト／回答／引用／利用者の反応を結び付けます。当該規則に列挙したID、version、artifactを必須schema fieldにし、任意のanswer/citationからsource document、original span、chunk、retrieval rank、configuration versionへ欠損なく到達できることを確認する。 により観測し、適用除外を 例外判断で参照する条件は次のとおりです: 共通のトレースIDで／元の質問／変換後の質問／フィルター／取得候補／再順位付け結果／最終コンテキスト／回答／引用／利用者の反応を結び付けます。当該規則の値に個人情報または保存期限の制約がある場合は仮名化・分離保管へ置換できるが、source/version/spanを復元する承認済み対応表は保持する。 に限定できるため、APPROPRIATE_NORMATIVEと判定します。,共通のトレースIDで、元の質問、変換後の質問、フィルター、取得候補、再順位付け結果、最終コンテキスト、回答、引用、利用者の反応を結び付けます。 判断対象は、共通のトレースIDで、元の質問、変換後の質問、フィルター、取得候補、再順位付け結果、最終コンテキスト、回答、引用、利用者の反応を結び付けることを定める検索・経路選択規則です。外部資料から一般的な効果を導くのではなく、次の検査を受入条件とします。共通のトレースIDで、元の質問、変換後の質問、フィルター、取得候補、再順位付け結果、最終コンテキスト、回答、引用、利用者の反応を結び付けることを定める検索・経路選択規則について、この規則に列挙したID、version、artifactを必須schema fieldにし、任意のanswer/citationからsource document、original span、chunk、retrieval rank、configuration versionへ欠損なく到達できることを確認する。 適用除外は次の場合に限定します。共通のトレースIDで、元の質問、変換後の質問、フィルター、取得候補、再順位付け結果、最終コンテキスト、回答、引用、利用者の反応を結び付けることを定める検索・経路選択規則の例外として、対象値に個人情報または保存期限の制約がある場合は仮名化・分離保管へ置換できるが、source/version/spanを復元する承認済み対応表は保持する。 受入条件と例外境界を台帳で検査できるため、APPROPRIATE_NORMATIVEと判定します。,SENT-3167の規則種別、受入条件、例外境界を完成した日本語で説明し、slash連結された理由文を除去する。
SENT-3174,verdict_reason,RAGCheckerの主張単位の診断を使うと、コンテキストに根拠があったかと、回答がその根拠を使ったかを分けられます。 検証対象として RAGCheckerのclaim-level診断では／各claimについてgold evidenceがcontextに取得されたかと／answerがそのevidenceを正しく使ったかを別々に判定します を区別し、この文が断定する evidence_support=true と関係 NOT_APPLICABLE について、資料候補の記録は SRC-110 https://arxiv.org/abs/2408.08067 — abstract inspected 2026-08-15; 現主張への直接locatorは未確定 ですが、現主張を再特定する直接locatorは未確定です。そこで主体・対象・条件を保った RAGCheckerのclaim-level診断では、各claimについてgold evidenceがcontextに取得されたかと、answerがそのevidenceを正しく使ったかを別々に判定します。 へ変更し、未確認の一般化または因果を本文から外すためREWRITE_REQUIREDと判定します。,RAGCheckerの主張単位の診断を使うと、コンテキストに根拠があったかと、回答がその根拠を使ったかを分けられます。 判断対象は、RAGCheckerのclaim-level診断では、各claimについてgold evidenceがcontextに取得されたかと、answerがそのevidenceを正しく使ったかを別々に判定することに限定した修正です。現文のevidence_support=trueと関係NOT_APPLICABLEには、候補資料は記録されていますが、現主張を再特定する直接locatorは未確定です。修正後は次の文とします。RAGCheckerのclaim-level診断では、各claimについてgold evidenceがcontextに取得されたかと、answerがそのevidenceを正しく使ったかを別々に判定します。 この限定で主体・対象・条件を保ちながら未確認の一般化または因果を除くため、REWRITE_REQUIREDと判定します。,SENT-3174の規則種別、受入条件、例外境界を完成した日本語で説明し、slash連結された理由文を除去する。
SENT-3190,normative_criteria,検証対象は次の条件です: 改善後は同じtrace比較で／原因箇所が直り／別layerへ失敗が移っていないことを確認します。当該規則で列挙した記録項目を同じrun IDへ保存し、各項目が欠損せず、変更前後の差分をquestionまたはdocument単位で逆引きできることを確認する。,改善後は同じtrace比較で、原因箇所が直り、別layerへ失敗が移っていないことを確認することを定める評価・採否規則について、この規則で列挙した記録項目を同じrun IDへ保存し、各項目が欠損せず、変更前後の差分をquestionまたはdocument単位で逆引きできることを確認する。,SENT-3190の主体、観測方法、合格条件または例外契機を通常の日本語で明示し、payload注入型の共通shellを除去する。
SENT-3190,exceptions,例外判断で参照する条件は次のとおりです: 改善後は同じtrace比較で／原因箇所が直り／別layerへ失敗が移っていないことを確認します。当該規則を評価するgold evidenceがないslice、標本不足のslice、負荷条件が異なるrunは合否集計から分離し、他sliceの平均結果を外挿しない。,改善後は同じtrace比較で、原因箇所が直り、別layerへ失敗が移っていないことを確認することを定める評価・採否規則の例外として、判定に必要なgold evidenceがないslice、標本不足のslice、負荷条件が異なるrunは合否集計から分離し、他sliceの平均結果を外挿しない。,SENT-3190の主体、観測方法、合格条件または例外契機を通常の日本語で明示し、payload注入型の共通shellを除去する。
SENT-3190,verdict_reason,改善後は同じtrace比較で、原因箇所が直り、別layerへ失敗が移っていないことを確認します。 この記述は 改善後は同じtrace比較で／原因箇所が直り／別layerへ失敗が移っていないことを確認します を本ガイドの設計・評価・運用へ適用する規則で、外部研究の効果を一般化する文ではありません。履行を 検証対象は次の条件です: 改善後は同じtrace比較で／原因箇所が直り／別layerへ失敗が移っていないことを確認します。当該規則で列挙した記録項目を同じrun IDへ保存し、各項目が欠損せず、変更前後の差分をquestionまたはdocument単位で逆引きできることを確認する。 により観測し、適用除外を 例外判断で参照する条件は次のとおりです: 改善後は同じtrace比較で／原因箇所が直り／別layerへ失敗が移っていないことを確認します。当該規則を評価するgold evidenceがないslice、標本不足のslice、負荷条件が異なるrunは合否集計から分離し、他sliceの平均結果を外挿しない。 に限定できるため、APPROPRIATE_NORMATIVEと判定します。,改善後は同じtrace比較で、原因箇所が直り、別layerへ失敗が移っていないことを確認します。 判断対象は、改善後は同じtrace比較で、原因箇所が直り、別layerへ失敗が移っていないことを確認することを定める評価・採否規則です。外部資料から一般的な効果を導くのではなく、次の検査を受入条件とします。改善後は同じtrace比較で、原因箇所が直り、別layerへ失敗が移っていないことを確認することを定める評価・採否規則について、この規則で列挙した記録項目を同じrun IDへ保存し、各項目が欠損せず、変更前後の差分をquestionまたはdocument単位で逆引きできることを確認する。 適用除外は次の場合に限定します。改善後は同じtrace比較で、原因箇所が直り、別layerへ失敗が移っていないことを確認することを定める評価・採否規則の例外として、判定に必要なgold evidenceがないslice、標本不足のslice、負荷条件が異なるrunは合否集計から分離し、他sliceの平均結果を外挿しない。 受入条件と例外境界を台帳で検査できるため、APPROPRIATE_NORMATIVEと判定します。,SENT-3190の規則種別、受入条件、例外境界を完成した日本語で説明し、slash連結された理由文を除去する。
SENT-3193,verdict_reason,本章では、評価データセット、各layerの指標、end-to-end評価、regression、A-B、canary、trace分析を扱います。 この記述は 本章では／評価データセット／各layerの指標／end-to-end評価／regression／A-B／canary／trace分析を扱います を本ガイドの設計・評価・運用へ適用する規則で、外部研究の効果を一般化する文ではありません。履行を 第7章の目次とtest planに、evaluation dataset、layer別metric、end-to-end評価、regression、A/B、canary、trace分析の各項目が一つ以上対応し、未対応項目がないことを確認する。 により観測し、適用除外を 対象systemにonline trafficがなくA/Bまたはcanaryを実施できない場合は理由を記録し、同じrelease riskを検出するoffline regressionへ置換する。 に限定できるため、APPROPRIATE_NORMATIVEと判定します。,本章では、評価データセット、各layerの指標、end-to-end評価、regression、A-B、canary、trace分析を扱います。 判断対象は、本章では、評価データセット、各layerの指標、end-to-end評価、regression、A-B、canary、trace分析を扱うことを定める評価・採否規則です。外部資料から一般的な効果を導くのではなく、次の検査を受入条件とします。第7章の目次とtest planに、evaluation dataset、layer別metric、end-to-end評価、regression、A/B、canary、trace分析の各項目が一つ以上対応し、未対応項目がないことを確認する。 適用除外は次の場合に限定します。対象systemにonline trafficがなくA/Bまたはcanaryを実施できない場合は理由を記録し、同じrelease riskを検出するoffline regressionへ置換する。 受入条件と例外境界を台帳で検査できるため、APPROPRIATE_NORMATIVEと判定します。,SENT-3193の規則種別、受入条件、例外境界を完成した日本語で説明し、slash連結された理由文を除去する。
SENT-3198,normative_criteria,検証対象は次の条件です: 品質だけでなく／遅延／費用／安全性／回答保留も測り／改善が別の重要指標を悪化させていないことを確認します。本文に列挙した対象・条件・指標を個別fieldへ保存し、同一runの実装結果または評価結果と一致することを確認する。,品質だけでなく、遅延、費用、安全性、回答保留も測り、改善が別の重要指標を悪化させていないことを確認することを定める評価・採否規則について、本文に列挙した対象・条件・指標を個別fieldへ保存し、同一runの実装結果または評価結果と一致することを確認する。,SENT-3198の主体、観測方法、合格条件または例外契機を通常の日本語で明示し、payload注入型の共通shellを除去する。
SENT-3198,exceptions,例外判断で参照する条件は次のとおりです: 品質だけでなく／遅延／費用／安全性／回答保留も測り／改善が別の重要指標を悪化させていないことを確認します。当該規則の比較で品質やcostが改善しても、安全性またはauthorizationの必須条件を悪化させるcandidateは採用しない。,品質だけでなく、遅延、費用、安全性、回答保留も測り、改善が別の重要指標を悪化させていないことを確認することを定める評価・採否規則の例外として、この比較で品質やcostが改善しても、安全性またはauthorizationの必須条件を悪化させるcandidateは採用しない。,SENT-3198の主体、観測方法、合格条件または例外契機を通常の日本語で明示し、payload注入型の共通shellを除去する。
SENT-3198,verdict_reason,品質だけでなく、遅延、費用、安全性、回答保留も測り、改善が別の重要指標を悪化させていないことを確認します。 この記述は 品質だけでなく／遅延／費用／安全性／回答保留も測り／改善が別の重要指標を悪化させていないことを確認します を本ガイドの設計・評価・運用へ適用する規則で、外部研究の効果を一般化する文ではありません。履行を 検証対象は次の条件です: 品質だけでなく／遅延／費用／安全性／回答保留も測り／改善が別の重要指標を悪化させていないことを確認します。本文に列挙した対象・条件・指標を個別fieldへ保存し、同一runの実装結果または評価結果と一致することを確認する。 により観測し、適用除外を 例外判断で参照する条件は次のとおりです: 品質だけでなく／遅延／費用／安全性／回答保留も測り／改善が別の重要指標を悪化させていないことを確認します。当該規則の比較で品質やcostが改善しても、安全性またはauthorizationの必須条件を悪化させるcandidateは採用しない。 に限定できるため、APPROPRIATE_NORMATIVEと判定します。,品質だけでなく、遅延、費用、安全性、回答保留も測り、改善が別の重要指標を悪化させていないことを確認します。 判断対象は、品質だけでなく、遅延、費用、安全性、回答保留も測り、改善が別の重要指標を悪化させていないことを確認することを定める評価・採否規則です。外部資料から一般的な効果を導くのではなく、次の検査を受入条件とします。品質だけでなく、遅延、費用、安全性、回答保留も測り、改善が別の重要指標を悪化させていないことを確認することを定める評価・採否規則について、本文に列挙した対象・条件・指標を個別fieldへ保存し、同一runの実装結果または評価結果と一致することを確認する。 適用除外は次の場合に限定します。品質だけでなく、遅延、費用、安全性、回答保留も測り、改善が別の重要指標を悪化させていないことを確認することを定める評価・採否規則の例外として、この比較で品質やcostが改善しても、安全性またはauthorizationの必須条件を悪化させるcandidateは採用しない。 受入条件と例外境界を台帳で検査できるため、APPROPRIATE_NORMATIVEと判定します。,SENT-3198の規則種別、受入条件、例外境界を完成した日本語で説明し、slash連結された理由文を除去する。
SENT-3211,verdict_reason,API入口、アプリケーション、検索器、ベクトルストア、生成モデル、ツール実行基盤の間に信頼境界を置きます。 この記述は 本ガイドでは／API入口／アプリケーション／検索器／ベクトルストア／生成モデル／ツール実行基盤の間を信頼境界として明示します を本ガイドの設計・評価・運用へ適用する規則で、外部研究の効果を一般化する文ではありません。履行を API入口、application、retriever、vector store、generation model、tool runtimeの各境界について送受信data、認証主体、authorization decision、暗号化、logを記録し、許可外requestを境界ごとに拒否する。 により観測し、適用除外を 同一security domain内で二component間の独立境界を省略する場合は共通identity・policy・audit scopeを証明し、外部providerとの境界は省略しない。 に限定できるため、APPROPRIATE_NORMATIVEと判定します。,API入口、アプリケーション、検索器、ベクトルストア、生成モデル、ツール実行基盤の間に信頼境界を置きます。 判断対象は、本ガイドでは、API入口、アプリケーション、検索器、ベクトルストア、生成モデル、ツール実行基盤の間を信頼境界として明示することを定める検索・経路選択規則です。外部資料から一般的な効果を導くのではなく、次の検査を受入条件とします。API入口、application、retriever、vector store、generation model、tool runtimeの各境界について送受信data、認証主体、authorization decision、暗号化、logを記録し、許可外requestを境界ごとに拒否する。 適用除外は次の場合に限定します。同一security domain内で二component間の独立境界を省略する場合は共通identity・policy・audit scopeを証明し、外部providerとの境界は省略しない。 受入条件と例外境界を台帳で検査できるため、APPROPRIATE_NORMATIVEと判定します。,SENT-3211の規則種別、受入条件、例外境界を完成した日本語で説明し、slash連結された理由文を除去する。
SENT-3218,verdict_reason,"RBACモデルは役割階層と制約を体系化しています。 検証対象として Role-based access control modelsは／対象RBAC modelをrole hierarchyと／role assignment・permission assignmentに対するconstraintの組合せとして体系化しています を区別し、この文が断定する NL_PROPOSITION(RBACモデルは役割階層と制約を体系化しています。) と関係 NOT_APPLICABLE について、根拠境界は primary source page, RBAC model definitions for role hierarchies and constraints; inspected 2026-08-15、外的真偽水準は UNVERIFIED です。そこで主体・対象・条件を保った Role-based access control modelsは、対象RBAC modelをrole hierarchyと、role assignment・permission assignmentに対するconstraintの組合せとして体系化しています。 へ変更し、未確認の一般化または因果を本文から外すためREWRITE_REQUIREDと判定します。",RBACモデルは役割階層と制約を体系化しています。 判断対象は、Role-based access control modelsは、対象RBAC modelをrole hierarchyと、role assignment・permission assignmentに対するconstraintの組合せとして体系化していることに限定した修正です。現文のNL_PROPOSITION(RBACモデルは役割階層と制約を体系化しています。)と関係NOT_APPLICABLEには、根拠の外的真偽水準はUNVERIFIEDで、直接根拠の境界は台帳のlocatorに限定されます。修正後は次の文とします。Role-based access control modelsは、対象RBAC modelをrole hierarchyと、role assignment・permission assignmentに対するconstraintの組合せとして体系化しています。 この限定で主体・対象・条件を保ちながら未確認の一般化または因果を除くため、REWRITE_REQUIREDと判定します。,SENT-3218の規則種別、受入条件、例外境界を完成した日本語で説明し、slash連結された理由文を除去する。
SENT-3222,normative_criteria,検証対象は次の条件です: 権限のないチャンクは／上位候補へ取得してから表示だけを隠すのではなく／検索前または検索中に候補集合から除きます。当該規則の対象resourceとattributeをauthorization fixtureへ登録し、許可主体では取得・利用でき、非許可主体ではcandidate、context、answerの全段階でゼロ件になることを確認する。,権限のないチャンクは、上位候補へ取得してから表示だけを隠すのではなく、検索前または検索中に候補集合から除くことを定める安全性・アクセス制御規則について、この規則の対象resourceとattributeをauthorization fixtureへ登録し、許可主体では取得・利用でき、非許可主体ではcandidate、context、answerの全段階でゼロ件になることを確認する。,SENT-3222の主体、観測方法、合格条件または例外契機を通常の日本語で明示し、payload注入型の共通shellを除去する。
SENT-3222,exceptions,例外判断で参照する条件は次のとおりです: 権限のないチャンクは／上位候補へ取得してから表示だけを隠すのではなく／検索前または検索中に候補集合から除きます。当該規則より法令、契約、組織policyが厳しい場合は厳しい統制を優先し、性能、可用性、費用を理由に対象resourceのauthorizationまたは隔離を省略しない。,権限のないチャンクは、上位候補へ取得してから表示だけを隠すのではなく、検索前または検索中に候補集合から除くことを定める安全性・アクセス制御規則の例外として、この規則より法令、契約、組織policyが厳しい場合は厳しい統制を優先し、性能、可用性、費用を理由に対象resourceのauthorizationまたは隔離を省略しない。,SENT-3222の主体、観測方法、合格条件または例外契機を通常の日本語で明示し、payload注入型の共通shellを除去する。
SENT-3222,verdict_reason,権限のないチャンクは、上位候補へ取得してから表示だけを隠すのではなく、検索前または検索中に候補集合から除きます。 この記述は 権限のないチャンクは／上位候補へ取得してから表示だけを隠すのではなく／検索前または検索中に候補集合から除きます を本ガイドの設計・評価・運用へ適用する規則で、外部研究の効果を一般化する文ではありません。履行を 検証対象は次の条件です: 権限のないチャンクは／上位候補へ取得してから表示だけを隠すのではなく／検索前または検索中に候補集合から除きます。当該規則の対象resourceとattributeをauthorization fixtureへ登録し、許可主体では取得・利用でき、非許可主体ではcandidate、context、answerの全段階でゼロ件になることを確認する。 により観測し、適用除外を 例外判断で参照する条件は次のとおりです: 権限のないチャンクは／上位候補へ取得してから表示だけを隠すのではなく／検索前または検索中に候補集合から除きます。当該規則より法令、契約、組織policyが厳しい場合は厳しい統制を優先し、性能、可用性、費用を理由に対象resourceのauthorizationまたは隔離を省略しない。 に限定できるため、APPROPRIATE_NORMATIVEと判定します。,権限のないチャンクは、上位候補へ取得してから表示だけを隠すのではなく、検索前または検索中に候補集合から除きます。 判断対象は、権限のないチャンクは、上位候補へ取得してから表示だけを隠すのではなく、検索前または検索中に候補集合から除くことを定める安全性・アクセス制御規則です。外部資料から一般的な効果を導くのではなく、次の検査を受入条件とします。権限のないチャンクは、上位候補へ取得してから表示だけを隠すのではなく、検索前または検索中に候補集合から除くことを定める安全性・アクセス制御規則について、この規則の対象resourceとattributeをauthorization fixtureへ登録し、許可主体では取得・利用でき、非許可主体ではcandidate、context、answerの全段階でゼロ件になることを確認する。 適用除外は次の場合に限定します。権限のないチャンクは、上位候補へ取得してから表示だけを隠すのではなく、検索前または検索中に候補集合から除くことを定める安全性・アクセス制御規則の例外として、この規則より法令、契約、組織policyが厳しい場合は厳しい統制を優先し、性能、可用性、費用を理由に対象resourceのauthorizationまたは隔離を省略しない。 受入条件と例外境界を台帳で検査できるため、APPROPRIATE_NORMATIVEと判定します。,SENT-3222の規則種別、受入条件、例外境界を完成した日本語で説明し、slash連結された理由文を除去する。
SENT-3227,verdict_reason,複数テナント向けRAGの認可を検証した研究でも、関連度による順位付けと閲覧の許可は別の判断であり、検索時の認可が必要だと示されています。 検証対象として Securing the Agentのmultitenant RAG構成では／relevance rankingと閲覧authorizationを別判定にし／許可判定をretrieval経路で強制しています を区別し、この文が断定する verification=true と関係 NOT_APPLICABLE について、資料候補の記録は SRC-120 https://arxiv.org/abs/2605.05287 — abstract inspected 2026-08-15; 現主張への直接locatorは未確定 ですが、現主張を再特定する直接locatorは未確定です。そこで主体・対象・条件を保った Securing the Agentのmultitenant RAG構成では、relevance rankingと閲覧authorizationを別判定にし、許可判定をretrieval経路で強制しています。 へ変更し、未確認の一般化または因果を本文から外すためREWRITE_REQUIREDと判定します。,複数テナント向けRAGの認可を検証した研究でも、関連度による順位付けと閲覧の許可は別の判断であり、検索時の認可が必要だと示されています。 判断対象は、Securing the Agentのmultitenant RAG構成では、relevance rankingと閲覧authorizationを別判定にし、許可判定をretrieval経路で強制していることに限定した修正です。現文のverification=trueと関係NOT_APPLICABLEには、候補資料は記録されていますが、現主張を再特定する直接locatorは未確定です。修正後は次の文とします。Securing the Agentのmultitenant RAG構成では、relevance rankingと閲覧authorizationを別判定にし、許可判定をretrieval経路で強制しています。 この限定で主体・対象・条件を保ちながら未確認の一般化または因果を除くため、REWRITE_REQUIREDと判定します。,SENT-3227の規則種別、受入条件、例外境界を完成した日本語で説明し、slash連結された理由文を除去する。
SENT-3228,verdict_reason,ただし、この研究の主な実験は3テナント、300文書の合成環境です。 検証対象として Securing the Agentが報告した主要実験は／3 tenantと300 documentから成るsynthetic environmentに限定されています を区別し、この文が断定する empirical_result=true と関係 NOT_APPLICABLE について、資料候補の記録は SRC-120 https://arxiv.org/abs/2605.05287 — abstract inspected 2026-08-15; 現主張への直接locatorは未確定 ですが、現主張を再特定する直接locatorは未確定です。そこで主体・対象・条件を保った Securing the Agentが報告した主要実験は、3 tenantと300 documentから成るsynthetic environmentに限定されています。 へ変更し、未確認の一般化または因果を本文から外すためREWRITE_REQUIREDと判定します。,ただし、この研究の主な実験は3テナント、300文書の合成環境です。 判断対象は、Securing the Agentが報告した主要実験は、3 tenantと300 documentから成るsynthetic environmentに限定されていることに限定した修正です。現文のempirical_result=trueと関係NOT_APPLICABLEには、候補資料は記録されていますが、現主張を再特定する直接locatorは未確定です。修正後は次の文とします。Securing the Agentが報告した主要実験は、3 tenantと300 documentから成るsynthetic environmentに限定されています。 この限定で主体・対象・条件を保ちながら未確認の一般化または因果を除くため、REWRITE_REQUIREDと判定します。,SENT-3228の規則種別、受入条件、例外境界を完成した日本語で説明し、slash連結された理由文を除去する。
SENT-3260,verdict_reason,情報源から、解析、チャンク、埋め込み、インデックス、検索、生成モデル、回答、記憶、ログまでの流れを図にします。 この記述は 情報源から／解析／チャンク／埋め込み／インデックス／検索／生成モデル／回答／記憶／ログまでの流れを図にします を本ガイドの設計・評価・運用へ適用する規則で、外部研究の効果を一般化する文ではありません。履行を lineage図にsource、parser、chunker、embedding、index、retriever、generation model、answer、memory、logを表示し、各矢印のdata IDとversion fieldを本文schemaへ対応付ける。 により観測し、適用除外を 対象systemにmemoryまたはtoolがない場合は図から省略できるが、未実装であることを注記し、存在する経路を省略しない。 に限定できるため、APPROPRIATE_NORMATIVEと判定します。,情報源から、解析、チャンク、埋め込み、インデックス、検索、生成モデル、回答、記憶、ログまでの流れを図にします。 判断対象は、情報源から、解析、チャンク、埋め込み、インデックス、検索、生成モデル、回答、記憶、ログまでの流れを図にすることを定める運用規則です。外部資料から一般的な効果を導くのではなく、次の検査を受入条件とします。lineage図にsource、parser、chunker、embedding、index、retriever、generation model、answer、memory、logを表示し、各矢印のdata IDとversion fieldを本文schemaへ対応付ける。 適用除外は次の場合に限定します。対象systemにmemoryまたはtoolがない場合は図から省略できるが、未実装であることを注記し、存在する経路を省略しない。 受入条件と例外境界を台帳で検査できるため、APPROPRIATE_NORMATIVEと判定します。,SENT-3260の規則種別、受入条件、例外境界を完成した日本語で説明し、slash連結された理由文を除去する。
SENT-3275,normative_criteria,検証対象は次の条件です: RAGの目的に必要な文書／項目／期間だけを取り込み／認証情報や不要な個人情報をチャンクと埋め込みへ含めません。当該規則の対象resourceとattributeをauthorization fixtureへ登録し、許可主体では取得・利用でき、非許可主体ではcandidate、context、answerの全段階でゼロ件になることを確認する。,RAGの目的に必要な文書、項目、期間だけを取り込み、認証情報や不要な個人情報をチャンクと埋め込みへ含めないことを定める安全性・アクセス制御規則について、この規則の対象resourceとattributeをauthorization fixtureへ登録し、許可主体では取得・利用でき、非許可主体ではcandidate、context、answerの全段階でゼロ件になることを確認する。,SENT-3275の主体、観測方法、合格条件または例外契機を通常の日本語で明示し、payload注入型の共通shellを除去する。
SENT-3275,exceptions,例外判断で参照する条件は次のとおりです: RAGの目的に必要な文書／項目／期間だけを取り込み／認証情報や不要な個人情報をチャンクと埋め込みへ含めません。当該規則より法令、契約、組織policyが厳しい場合は厳しい統制を優先し、性能、可用性、費用を理由に対象resourceのauthorizationまたは隔離を省略しない。,RAGの目的に必要な文書、項目、期間だけを取り込み、認証情報や不要な個人情報をチャンクと埋め込みへ含めないことを定める安全性・アクセス制御規則の例外として、この規則より法令、契約、組織policyが厳しい場合は厳しい統制を優先し、性能、可用性、費用を理由に対象resourceのauthorizationまたは隔離を省略しない。,SENT-3275の主体、観測方法、合格条件または例外契機を通常の日本語で明示し、payload注入型の共通shellを除去する。
SENT-3275,verdict_reason,RAGの目的に必要な文書、項目、期間だけを取り込み、認証情報や不要な個人情報をチャンクと埋め込みへ含めません。 この記述は RAGの目的に必要な文書／項目／期間だけを取り込み／認証情報や不要な個人情報をチャンクと埋め込みへ含めません を本ガイドの設計・評価・運用へ適用する規則で、外部研究の効果を一般化する文ではありません。履行を 検証対象は次の条件です: RAGの目的に必要な文書／項目／期間だけを取り込み／認証情報や不要な個人情報をチャンクと埋め込みへ含めません。当該規則の対象resourceとattributeをauthorization fixtureへ登録し、許可主体では取得・利用でき、非許可主体ではcandidate、context、answerの全段階でゼロ件になることを確認する。 により観測し、適用除外を 例外判断で参照する条件は次のとおりです: RAGの目的に必要な文書／項目／期間だけを取り込み／認証情報や不要な個人情報をチャンクと埋め込みへ含めません。当該規則より法令、契約、組織policyが厳しい場合は厳しい統制を優先し、性能、可用性、費用を理由に対象resourceのauthorizationまたは隔離を省略しない。 に限定できるため、APPROPRIATE_NORMATIVEと判定します。,RAGの目的に必要な文書、項目、期間だけを取り込み、認証情報や不要な個人情報をチャンクと埋め込みへ含めません。 判断対象は、RAGの目的に必要な文書、項目、期間だけを取り込み、認証情報や不要な個人情報をチャンクと埋め込みへ含めないことを定める安全性・アクセス制御規則です。外部資料から一般的な効果を導くのではなく、次の検査を受入条件とします。RAGの目的に必要な文書、項目、期間だけを取り込み、認証情報や不要な個人情報をチャンクと埋め込みへ含めないことを定める安全性・アクセス制御規則について、この規則の対象resourceとattributeをauthorization fixtureへ登録し、許可主体では取得・利用でき、非許可主体ではcandidate、context、answerの全段階でゼロ件になることを確認する。 適用除外は次の場合に限定します。RAGの目的に必要な文書、項目、期間だけを取り込み、認証情報や不要な個人情報をチャンクと埋め込みへ含めないことを定める安全性・アクセス制御規則の例外として、この規則より法令、契約、組織policyが厳しい場合は厳しい統制を優先し、性能、可用性、費用を理由に対象resourceのauthorizationまたは隔離を省略しない。 受入条件と例外境界を台帳で検査できるため、APPROPRIATE_NORMATIVEと判定します。,SENT-3275の規則種別、受入条件、例外境界を完成した日本語で説明し、slash連結された理由文を除去する。
SENT-3297,normative_criteria,検証対象は次の条件です: 本番ログを正解付き評価データやモデル改善へ転用する場合は／利用目的／法的根拠／除去手順を再確認します。当該規則で列挙した記録項目を同じrun IDへ保存し、各項目が欠損せず、変更前後の差分をquestionまたはdocument単位で逆引きできることを確認する。,本番logを評価datasetまたはmodel改善へ転用する前に、利用目的、対象data、法的根拠、保持期間、削除手順、access ownerをprocessing registerへ記録し、承認状態をdataset versionへ結び付けます。,SENT-3297の主体、観測方法、合格条件または例外契機を通常の日本語で明示し、payload注入型の共通shellを除去する。
SENT-3297,exceptions,例外判断で参照する条件は次のとおりです: 本番ログを正解付き評価データやモデル改善へ転用する場合は／利用目的／法的根拠／除去手順を再確認します。当該規則を評価するgold evidenceがないslice、標本不足のslice、負荷条件が異なるrunは合否集計から分離し、他sliceの平均結果を外挿しない。,法令、契約、同意または組織policyが二次利用を認めないlogは、仮名化できても転用せず、許可された目的の保存・削除手順だけを適用します。,SENT-3297の主体、観測方法、合格条件または例外契機を通常の日本語で明示し、payload注入型の共通shellを除去する。
SENT-3297,verdict_reason,本番ログを正解付き評価データやモデル改善へ転用する場合は、利用目的、法的根拠、除去手順を再確認します。 この記述は 本番ログを正解付き評価データやモデル改善へ転用する場合は／利用目的／法的根拠／除去手順を再確認します を本ガイドの設計・評価・運用へ適用する規則で、外部研究の効果を一般化する文ではありません。履行を 検証対象は次の条件です: 本番ログを正解付き評価データやモデル改善へ転用する場合は／利用目的／法的根拠／除去手順を再確認します。当該規則で列挙した記録項目を同じrun IDへ保存し、各項目が欠損せず、変更前後の差分をquestionまたはdocument単位で逆引きできることを確認する。 により観測し、適用除外を 例外判断で参照する条件は次のとおりです: 本番ログを正解付き評価データやモデル改善へ転用する場合は／利用目的／法的根拠／除去手順を再確認します。当該規則を評価するgold evidenceがないslice、標本不足のslice、負荷条件が異なるrunは合否集計から分離し、他sliceの平均結果を外挿しない。 に限定できるため、APPROPRIATE_NORMATIVEと判定します。,本番ログを正解付き評価データやモデル改善へ転用する場合は、利用目的、法的根拠、除去手順を再確認します。 判断対象は、本番ログを正解付き評価データやモデル改善へ転用する場合は、利用目的、法的根拠、除去手順を再確認することを定める評価・採否規則です。外部資料から一般的な効果を導くのではなく、次の検査を受入条件とします。本番logを評価datasetまたはmodel改善へ転用する前に、利用目的、対象data、法的根拠、保持期間、削除手順、access ownerをprocessing registerへ記録し、承認状態をdataset versionへ結び付けます。 適用除外は次の場合に限定します。法令、契約、同意または組織policyが二次利用を認めないlogは、仮名化できても転用せず、許可された目的の保存・削除手順だけを適用します。 受入条件と例外境界を台帳で検査できるため、APPROPRIATE_NORMATIVEと判定します。,SENT-3297の規則種別、受入条件、例外境界を完成した日本語で説明し、slash連結された理由文を除去する。
SENT-3299,verdict_reason,情報源を削除するときは、元ファイルだけでなく、チャンク、埋め込み、インデックス、キャッシュ、記憶、ログ、バックアップへ変更を伝えます。 この記述は 情報源を削除するときは／元ファイルだけでなく／チャンク／埋め込み／インデックス／キャッシュ／記憶／ログ／バックアップへ変更を伝えます を本ガイドの設計・評価・運用へ適用する規則で、外部研究の効果を一般化する文ではありません。履行を source削除eventからfile、chunk、vector、index entry、cache、memory、log、backupの各artifact IDを列挙し、定めた期限後に検索・復元できないことを削除試験で確認する。 により観測し、適用除外を 法定保存対象のlog/backupは隔離保管へ移せるが、通常検索と生成contextから除外し、保存根拠と消去期限を記録する。 に限定できるため、APPROPRIATE_NORMATIVEと判定します。,情報源を削除するときは、元ファイルだけでなく、チャンク、埋め込み、インデックス、キャッシュ、記憶、ログ、バックアップへ変更を伝えます。 判断対象は、情報源を削除するときは、元ファイルだけでなく、チャンク、埋め込み、インデックス、キャッシュ、記憶、ログ、バックアップへ変更を伝えることを定めるローカル設計規則です。外部資料から一般的な効果を導くのではなく、次の検査を受入条件とします。source削除eventからfile、chunk、vector、index entry、cache、memory、log、backupの各artifact IDを列挙し、定めた期限後に検索・復元できないことを削除試験で確認する。 適用除外は次の場合に限定します。法定保存対象のlog/backupは隔離保管へ移せるが、通常検索と生成contextから除外し、保存根拠と消去期限を記録する。 受入条件と例外境界を台帳で検査できるため、APPROPRIATE_NORMATIVEと判定します。,SENT-3299の規則種別、受入条件、例外境界を完成した日本語で説明し、slash連結された理由文を除去する。
SENT-3307,verdict_reason,差分プライバシーを用いた深層学習は形式的なプライバシー保証を提供しますが、RAGの検索から回答までへ単純に適用できるわけではありません。 検証対象として Deep Learning with Differential Privacyが与える形式的保証は同研究のtraining algorithmとprivacy accountingに対するものであり／RAGのretrievalからanswerまでを自動的に保証しません を区別し、この文が断定する generation=true と関係 NOT について、資料候補の記録は SRC-125 https://arxiv.org/abs/1607.00133 — abstract inspected 2026-08-15; 現主張への直接locatorは未確定 ですが、現主張を再特定する直接locatorは未確定です。そこで主体・対象・条件を保った Deep Learning with Differential Privacyが与える形式的保証は同研究のtraining algorithmとprivacy accountingに対するものであり、RAGのretrievalからanswerまでを自動的に保証しません。 へ変更し、未確認の一般化または因果を本文から外すためREWRITE_REQUIREDと判定します。,差分プライバシーを用いた深層学習は形式的なプライバシー保証を提供しますが、RAGの検索から回答までへ単純に適用できるわけではありません。 判断対象は、Deep Learning with Differential Privacyが与える形式的保証は同研究のtraining algorithmとprivacy accountingに対するものであり、RAGのretrievalからanswerまでを自動的に保証しないことに限定した修正です。現文のgeneration=trueと関係NOTには、候補資料は記録されていますが、現主張を再特定する直接locatorは未確定です。修正後は次の文とします。Deep Learning with Differential Privacyが与える形式的保証は同研究のtraining algorithmとprivacy accountingに対するものであり、RAGのretrievalからanswerまでを自動的に保証しません。 この限定で主体・対象・条件を保ちながら未確認の一般化または因果を除くため、REWRITE_REQUIREDと判定します。,SENT-3307の規則種別、受入条件、例外境界を完成した日本語で説明し、slash連結された理由文を除去する。
SENT-3321,normative_criteria,検証対象は次の条件です: 間接プロンプトインジェクションの研究とPoisonedRAGの脅威モデルを参考に／攻撃入口／必要権限／影響先を整理します。当該規則の各controlを、文書内命令、poisoned metadata、許可外tool argumentを含むattack fixtureへ適用し、命令不実行、evidence隔離、警告記録がすべて成立することを確認する。,間接プロンプトインジェクションの研究とPoisonedRAGの脅威モデルを参考に、攻撃入口、必要権限、影響先を整理することを定める安全性・アクセス制御規則について、この規則の各controlを、文書内命令、poisoned metadata、許可外tool argumentを含むattack fixtureへ適用し、命令不実行、evidence隔離、警告記録がすべて成立することを確認する。,SENT-3321の主体、観測方法、合格条件または例外契機を通常の日本語で明示し、payload注入型の共通shellを除去する。
SENT-3321,exceptions,例外判断で参照する条件は次のとおりです: 間接プロンプトインジェクションの研究とPoisonedRAGの脅威モデルを参考に／攻撃入口／必要権限／影響先を整理します。当該規則より法令、契約、組織policyが厳しい場合は厳しい統制を優先し、性能、可用性、費用を理由に対象resourceのauthorizationまたは隔離を省略しない。,間接プロンプトインジェクションの研究とPoisonedRAGの脅威モデルを参考に、攻撃入口、必要権限、影響先を整理することを定める安全性・アクセス制御規則の例外として、この規則より法令、契約、組織policyが厳しい場合は厳しい統制を優先し、性能、可用性、費用を理由に対象resourceのauthorizationまたは隔離を省略しない。,SENT-3321の主体、観測方法、合格条件または例外契機を通常の日本語で明示し、payload注入型の共通shellを除去する。
SENT-3321,verdict_reason,間接プロンプトインジェクションの研究とPoisonedRAGの脅威モデルを参考に、攻撃入口、必要権限、影響先を整理します。 この記述は 間接プロンプトインジェクションの研究とPoisonedRAGの脅威モデルを参考に／攻撃入口／必要権限／影響先を整理します を本ガイドの設計・評価・運用へ適用する規則で、外部研究の効果を一般化する文ではありません。履行を 検証対象は次の条件です: 間接プロンプトインジェクションの研究とPoisonedRAGの脅威モデルを参考に／攻撃入口／必要権限／影響先を整理します。当該規則の各controlを、文書内命令、poisoned metadata、許可外tool argumentを含むattack fixtureへ適用し、命令不実行、evidence隔離、警告記録がすべて成立することを確認する。 により観測し、適用除外を 例外判断で参照する条件は次のとおりです: 間接プロンプトインジェクションの研究とPoisonedRAGの脅威モデルを参考に／攻撃入口／必要権限／影響先を整理します。当該規則より法令、契約、組織policyが厳しい場合は厳しい統制を優先し、性能、可用性、費用を理由に対象resourceのauthorizationまたは隔離を省略しない。 に限定できるため、APPROPRIATE_NORMATIVEと判定します。,間接プロンプトインジェクションの研究とPoisonedRAGの脅威モデルを参考に、攻撃入口、必要権限、影響先を整理します。 判断対象は、間接プロンプトインジェクションの研究とPoisonedRAGの脅威モデルを参考に、攻撃入口、必要権限、影響先を整理することを定める安全性・アクセス制御規則です。外部資料から一般的な効果を導くのではなく、次の検査を受入条件とします。間接プロンプトインジェクションの研究とPoisonedRAGの脅威モデルを参考に、攻撃入口、必要権限、影響先を整理することを定める安全性・アクセス制御規則について、この規則の各controlを、文書内命令、poisoned metadata、許可外tool argumentを含むattack fixtureへ適用し、命令不実行、evidence隔離、警告記録がすべて成立することを確認する。 適用除外は次の場合に限定します。間接プロンプトインジェクションの研究とPoisonedRAGの脅威モデルを参考に、攻撃入口、必要権限、影響先を整理することを定める安全性・アクセス制御規則の例外として、この規則より法令、契約、組織policyが厳しい場合は厳しい統制を優先し、性能、可用性、費用を理由に対象resourceのauthorizationまたは隔離を省略しない。 受入条件と例外境界を台帳で検査できるため、APPROPRIATE_NORMATIVEと判定します。,SENT-3321の規則種別、受入条件、例外境界を完成した日本語で説明し、slash連結された理由文を除去する。
SENT-3322,verdict_reason,LLM組み込みサービスへの直接攻撃を調べた研究は、対象サービスの文脈に合わせて入力を変える攻撃が、調査した36サービスのうち31サービスで少なくとも一種類成功したと報告しています。 検証対象として Prompt Injection attack against LLM-integrated Applicationsは／調査対象36 serviceに文脈適応型attackを試し／31 serviceで少なくとも一種類が成功したと報告しています を区別し、この文が断定する empirical_result=true と関係 NOT_APPLICABLE について、資料候補の記録は SRC-126 https://arxiv.org/abs/2306.05499 — abstract inspected 2026-08-15; 現主張への直接locatorは未確定 ですが、現主張を再特定する直接locatorは未確定です。そこで主体・対象・条件を保った Prompt Injection attack against LLM-integrated Applicationsは、調査対象36 serviceに文脈適応型attackを試し、31 serviceで少なくとも一種類が成功したと報告しています。 へ変更し、未確認の一般化または因果を本文から外すためREWRITE_REQUIREDと判定します。,LLM組み込みサービスへの直接攻撃を調べた研究は、対象サービスの文脈に合わせて入力を変える攻撃が、調査した36サービスのうち31サービスで少なくとも一種類成功したと報告しています。 判断対象は、Prompt Injection attack against LLM-integrated Applicationsは、調査対象36 serviceに文脈適応型attackを試し、31 serviceで少なくとも一種類が成功したと報告していることに限定した修正です。現文のempirical_result=trueと関係NOT_APPLICABLEには、候補資料は記録されていますが、現主張を再特定する直接locatorは未確定です。修正後は次の文とします。Prompt Injection attack against LLM-integrated Applicationsは、調査対象36 serviceに文脈適応型attackを試し、31 serviceで少なくとも一種類が成功したと報告しています。 この限定で主体・対象・条件を保ちながら未確認の一般化または因果を除くため、REWRITE_REQUIREDと判定します。,SENT-3322の規則種別、受入条件、例外境界を完成した日本語で説明し、slash連結された理由文を除去する。
SENT-3325,normative_criteria,検証対象は次の条件です: 情報源／接続処理／解析器とOCR／メタデータ／埋め込み／検索器／コンテキスト／会話記憶／ツールを通じて攻撃が連鎖します。当該規則の各controlを、文書内命令、poisoned metadata、許可外tool argumentを含むattack fixtureへ適用し、命令不実行、evidence隔離、警告記録がすべて成立することを確認する。,情報源、接続処理、解析器とOCR、メタデータ、埋め込み、検索器、コンテキスト、会話記憶、ツールを通じて攻撃が連鎖することを定める安全性・アクセス制御規則について、この規則の各controlを、文書内命令、poisoned metadata、許可外tool argumentを含むattack fixtureへ適用し、命令不実行、evidence隔離、警告記録がすべて成立することを確認する。,SENT-3325の主体、観測方法、合格条件または例外契機を通常の日本語で明示し、payload注入型の共通shellを除去する。
SENT-3325,exceptions,例外判断で参照する条件は次のとおりです: 情報源／接続処理／解析器とOCR／メタデータ／埋め込み／検索器／コンテキスト／会話記憶／ツールを通じて攻撃が連鎖します。当該規則より法令、契約、組織policyが厳しい場合は厳しい統制を優先し、性能、可用性、費用を理由に対象resourceのauthorizationまたは隔離を省略しない。,情報源、接続処理、解析器とOCR、メタデータ、埋め込み、検索器、コンテキスト、会話記憶、ツールを通じて攻撃が連鎖することを定める安全性・アクセス制御規則の例外として、この規則より法令、契約、組織policyが厳しい場合は厳しい統制を優先し、性能、可用性、費用を理由に対象resourceのauthorizationまたは隔離を省略しない。,SENT-3325の主体、観測方法、合格条件または例外契機を通常の日本語で明示し、payload注入型の共通shellを除去する。
SENT-3325,verdict_reason,情報源、接続処理、解析器とOCR、メタデータ、埋め込み、検索器、コンテキスト、会話記憶、ツールを通じて攻撃が連鎖します。 この記述は 情報源／接続処理／解析器とOCR／メタデータ／埋め込み／検索器／コンテキスト／会話記憶／ツールを通じて攻撃が連鎖します を本ガイドの設計・評価・運用へ適用する規則で、外部研究の効果を一般化する文ではありません。履行を 検証対象は次の条件です: 情報源／接続処理／解析器とOCR／メタデータ／埋め込み／検索器／コンテキスト／会話記憶／ツールを通じて攻撃が連鎖します。当該規則の各controlを、文書内命令、poisoned metadata、許可外tool argumentを含むattack fixtureへ適用し、命令不実行、evidence隔離、警告記録がすべて成立することを確認する。 により観測し、適用除外を 例外判断で参照する条件は次のとおりです: 情報源／接続処理／解析器とOCR／メタデータ／埋め込み／検索器／コンテキスト／会話記憶／ツールを通じて攻撃が連鎖します。当該規則より法令、契約、組織policyが厳しい場合は厳しい統制を優先し、性能、可用性、費用を理由に対象resourceのauthorizationまたは隔離を省略しない。 に限定できるため、APPROPRIATE_NORMATIVEと判定します。,情報源、接続処理、解析器とOCR、メタデータ、埋め込み、検索器、コンテキスト、会話記憶、ツールを通じて攻撃が連鎖します。 判断対象は、情報源、接続処理、解析器とOCR、メタデータ、埋め込み、検索器、コンテキスト、会話記憶、ツールを通じて攻撃が連鎖することを定める安全性・アクセス制御規則です。外部資料から一般的な効果を導くのではなく、次の検査を受入条件とします。情報源、接続処理、解析器とOCR、メタデータ、埋め込み、検索器、コンテキスト、会話記憶、ツールを通じて攻撃が連鎖することを定める安全性・アクセス制御規則について、この規則の各controlを、文書内命令、poisoned metadata、許可外tool argumentを含むattack fixtureへ適用し、命令不実行、evidence隔離、警告記録がすべて成立することを確認する。 適用除外は次の場合に限定します。情報源、接続処理、解析器とOCR、メタデータ、埋め込み、検索器、コンテキスト、会話記憶、ツールを通じて攻撃が連鎖することを定める安全性・アクセス制御規則の例外として、この規則より法令、契約、組織policyが厳しい場合は厳しい統制を優先し、性能、可用性、費用を理由に対象resourceのauthorizationまたは隔離を省略しない。 受入条件と例外境界を台帳で検査できるため、APPROPRIATE_NORMATIVEと判定します。,SENT-3325の規則種別、受入条件、例外境界を完成した日本語で説明し、slash連結された理由文を除去する。
SENT-3363,normative_criteria,検証対象は次の条件です: 疑わしい情報源とチャンクを隔離し／トレースから／それを取得した質問／生成した回答／実行したツールを特定します。当該規則の対象resourceとattributeをauthorization fixtureへ登録し、許可主体では取得・利用でき、非許可主体ではcandidate、context、answerの全段階でゼロ件になることを確認する。,疑わしい情報源とチャンクを隔離し、トレースから、それを取得した質問、生成した回答、実行したツールを特定することを定める安全性・アクセス制御規則について、この規則の対象resourceとattributeをauthorization fixtureへ登録し、許可主体では取得・利用でき、非許可主体ではcandidate、context、answerの全段階でゼロ件になることを確認する。,SENT-3363の主体、観測方法、合格条件または例外契機を通常の日本語で明示し、payload注入型の共通shellを除去する。
SENT-3363,exceptions,例外判断で参照する条件は次のとおりです: 疑わしい情報源とチャンクを隔離し／トレースから／それを取得した質問／生成した回答／実行したツールを特定します。当該規則より法令、契約、組織policyが厳しい場合は厳しい統制を優先し、性能、可用性、費用を理由に対象resourceのauthorizationまたは隔離を省略しない。,疑わしい情報源とチャンクを隔離し、トレースから、それを取得した質問、生成した回答、実行したツールを特定することを定める安全性・アクセス制御規則の例外として、この規則より法令、契約、組織policyが厳しい場合は厳しい統制を優先し、性能、可用性、費用を理由に対象resourceのauthorizationまたは隔離を省略しない。,SENT-3363の主体、観測方法、合格条件または例外契機を通常の日本語で明示し、payload注入型の共通shellを除去する。
SENT-3363,verdict_reason,疑わしい情報源とチャンクを隔離し、トレースから、それを取得した質問、生成した回答、実行したツールを特定します。 この記述は 疑わしい情報源とチャンクを隔離し／トレースから／それを取得した質問／生成した回答／実行したツールを特定します を本ガイドの設計・評価・運用へ適用する規則で、外部研究の効果を一般化する文ではありません。履行を 検証対象は次の条件です: 疑わしい情報源とチャンクを隔離し／トレースから／それを取得した質問／生成した回答／実行したツールを特定します。当該規則の対象resourceとattributeをauthorization fixtureへ登録し、許可主体では取得・利用でき、非許可主体ではcandidate、context、answerの全段階でゼロ件になることを確認する。 により観測し、適用除外を 例外判断で参照する条件は次のとおりです: 疑わしい情報源とチャンクを隔離し／トレースから／それを取得した質問／生成した回答／実行したツールを特定します。当該規則より法令、契約、組織policyが厳しい場合は厳しい統制を優先し、性能、可用性、費用を理由に対象resourceのauthorizationまたは隔離を省略しない。 に限定できるため、APPROPRIATE_NORMATIVEと判定します。,疑わしい情報源とチャンクを隔離し、トレースから、それを取得した質問、生成した回答、実行したツールを特定します。 判断対象は、疑わしい情報源とチャンクを隔離し、トレースから、それを取得した質問、生成した回答、実行したツールを特定することを定める安全性・アクセス制御規則です。外部資料から一般的な効果を導くのではなく、次の検査を受入条件とします。疑わしい情報源とチャンクを隔離し、トレースから、それを取得した質問、生成した回答、実行したツールを特定することを定める安全性・アクセス制御規則について、この規則の対象resourceとattributeをauthorization fixtureへ登録し、許可主体では取得・利用でき、非許可主体ではcandidate、context、answerの全段階でゼロ件になることを確認する。 適用除外は次の場合に限定します。疑わしい情報源とチャンクを隔離し、トレースから、それを取得した質問、生成した回答、実行したツールを特定することを定める安全性・アクセス制御規則の例外として、この規則より法令、契約、組織policyが厳しい場合は厳しい統制を優先し、性能、可用性、費用を理由に対象resourceのauthorizationまたは隔離を省略しない。 受入条件と例外境界を台帳で検査できるため、APPROPRIATE_NORMATIVEと判定します。,SENT-3363の規則種別、受入条件、例外境界を完成した日本語で説明し、slash連結された理由文を除去する。
SENT-3365,verdict_reason,汚染文書から要約や会話記憶が作られている場合は、元チャンクの削除だけでなく派生成果物も消します。 この記述は 汚染文書から要約や会話記憶が作られている場合は／元チャンクの削除だけでなく派生成果物も消します を本ガイドの設計・評価・運用へ適用する規則で、外部研究の効果を一般化する文ではありません。履行を poisoned document IDからderived summary、conversation memory、embedding、index entryを逆引きして削除・再生成し、削除後のretrievalとanswerに汚染内容が残らないことを確認する。 により観測し、適用除外を 他のclean sourceにも根拠を持つderived artifactはclean sourceだけで再生成して保持できるが、poisoned provenanceを残さない。 に限定できるため、APPROPRIATE_NORMATIVEと判定します。,汚染文書から要約や会話記憶が作られている場合は、元チャンクの削除だけでなく派生成果物も消します。 判断対象は、汚染文書から要約や会話記憶が作られている場合は、元チャンクの削除だけでなく派生成果物も消することを定める運用規則です。外部資料から一般的な効果を導くのではなく、次の検査を受入条件とします。poisoned document IDからderived summary、conversation memory、embedding、index entryを逆引きして削除・再生成し、削除後のretrievalとanswerに汚染内容が残らないことを確認する。 適用除外は次の場合に限定します。他のclean sourceにも根拠を持つderived artifactはclean sourceだけで再生成して保持できるが、poisoned provenanceを残さない。 受入条件と例外境界を台帳で検査できるため、APPROPRIATE_NORMATIVEと判定します。,SENT-3365の規則種別、受入条件、例外境界を完成した日本語で説明し、slash連結された理由文を除去する。
SENT-3395,normative_criteria,検証対象は次の条件です: 回答を検証可能な主張へ分け／各主張を支持するチャンクと表示上の引用へ結び付けます。当該規則に列挙したID、version、artifactを必須schema fieldにし、任意のanswer/citationからsource document、original span、chunk、retrieval rank、configuration versionへ欠損なく到達できることを確認する。,回答を検証可能な主張へ分け、各主張を支持するチャンクと表示上の引用へ結び付けることを定めるローカル設計規則について、この規則に列挙したID、version、artifactを必須schema fieldにし、任意のanswer/citationからsource document、original span、chunk、retrieval rank、configuration versionへ欠損なく到達できることを確認する。,SENT-3395の主体、観測方法、合格条件または例外契機を通常の日本語で明示し、payload注入型の共通shellを除去する。
SENT-3395,exceptions,例外判断で参照する条件は次のとおりです: 回答を検証可能な主張へ分け／各主張を支持するチャンクと表示上の引用へ結び付けます。当該規則の値に個人情報または保存期限の制約がある場合は仮名化・分離保管へ置換できるが、source/version/spanを復元する承認済み対応表は保持する。,回答を検証可能な主張へ分け、各主張を支持するチャンクと表示上の引用へ結び付けることを定めるローカル設計規則の例外として、対象値に個人情報または保存期限の制約がある場合は仮名化・分離保管へ置換できるが、source/version/spanを復元する承認済み対応表は保持する。,SENT-3395の主体、観測方法、合格条件または例外契機を通常の日本語で明示し、payload注入型の共通shellを除去する。
SENT-3395,verdict_reason,回答を検証可能な主張へ分け、各主張を支持するチャンクと表示上の引用へ結び付けます。 この記述は 回答を検証可能な主張へ分け／各主張を支持するチャンクと表示上の引用へ結び付けます を本ガイドの設計・評価・運用へ適用する規則で、外部研究の効果を一般化する文ではありません。履行を 検証対象は次の条件です: 回答を検証可能な主張へ分け／各主張を支持するチャンクと表示上の引用へ結び付けます。当該規則に列挙したID、version、artifactを必須schema fieldにし、任意のanswer/citationからsource document、original span、chunk、retrieval rank、configuration versionへ欠損なく到達できることを確認する。 により観測し、適用除外を 例外判断で参照する条件は次のとおりです: 回答を検証可能な主張へ分け／各主張を支持するチャンクと表示上の引用へ結び付けます。当該規則の値に個人情報または保存期限の制約がある場合は仮名化・分離保管へ置換できるが、source/version/spanを復元する承認済み対応表は保持する。 に限定できるため、APPROPRIATE_NORMATIVEと判定します。,回答を検証可能な主張へ分け、各主張を支持するチャンクと表示上の引用へ結び付けます。 判断対象は、回答を検証可能な主張へ分け、各主張を支持するチャンクと表示上の引用へ結び付けることを定めるローカル設計規則です。外部資料から一般的な効果を導くのではなく、次の検査を受入条件とします。回答を検証可能な主張へ分け、各主張を支持するチャンクと表示上の引用へ結び付けることを定めるローカル設計規則について、この規則に列挙したID、version、artifactを必須schema fieldにし、任意のanswer/citationからsource document、original span、chunk、retrieval rank、configuration versionへ欠損なく到達できることを確認する。 適用除外は次の場合に限定します。回答を検証可能な主張へ分け、各主張を支持するチャンクと表示上の引用へ結び付けることを定めるローカル設計規則の例外として、対象値に個人情報または保存期限の制約がある場合は仮名化・分離保管へ置換できるが、source/version/spanを復元する承認済み対応表は保持する。 受入条件と例外境界を台帳で検査できるため、APPROPRIATE_NORMATIVEと判定します。,SENT-3395の規則種別、受入条件、例外境界を完成した日本語で説明し、slash連結された理由文を除去する。
SENT-3401,verdict_reason,同じ質問でも、モデル、プロンプト、検知器、検索器、再順位付け器、埋め込み、解析器、チャンク分割、インデックス、認可方針が違えば結果は変わります。 この記述は 再現性を判定するときは／モデル／プロンプト／検知器／検索器／再順位付け器／埋め込み／解析器／チャンク分割／インデックス／認可方針を構成版として固定し／いずれかが異なる実行を同一条件とみなしません を本ガイドの設計・評価・運用へ適用する規則で、外部研究の効果を一般化する文ではありません。履行を 再現性比較では、モデル、プロンプト、検知器、検索器、再順位付け器、埋め込み、解析器、チャンク分割、インデックス、認可方針を単一の構成版へ固定し、一項目でも異なる実行を同一条件として集計しない。 により観測し、適用除外を 緊急切替で構成差が生じた実行は別の構成版として保存し、同一条件の再現性集計から除外する。 に限定できるため、APPROPRIATE_NORMATIVEと判定します。,同じ質問でも、モデル、プロンプト、検知器、検索器、再順位付け器、埋め込み、解析器、チャンク分割、インデックス、認可方針が違えば結果は変わります。 判断対象は、再現性を判定するときは、モデル、プロンプト、検知器、検索器、再順位付け器、埋め込み、解析器、チャンク分割、インデックス、認可方針を構成版として固定し、いずれかが異なる実行を同一条件とみなさないことを定める安全性・アクセス制御規則です。外部資料から一般的な効果を導くのではなく、次の検査を受入条件とします。再現性比較では、モデル、プロンプト、検知器、検索器、再順位付け器、埋め込み、解析器、チャンク分割、インデックス、認可方針を単一の構成版へ固定し、一項目でも異なる実行を同一条件として集計しない。 適用除外は次の場合に限定します。緊急切替で構成差が生じた実行は別の構成版として保存し、同一条件の再現性集計から除外する。 受入条件と例外境界を台帳で検査できるため、APPROPRIATE_NORMATIVEと判定します。,SENT-3401の規則種別、受入条件、例外境界を完成した日本語で説明し、slash連結された理由文を除去する。
SENT-3403,normative_criteria,検証対象は次の条件です: 評価報告／機能フラグ／A/Bテストの割り当て／障害時の代替先も同じIDへ結び付けます。本文に列挙した対象・条件・指標を個別fieldへ保存し、同一runの実装結果または評価結果と一致することを確認する。,release IDごとに評価報告、feature flag version、A/B assignment、障害時fallback先を登録し、任意の本番requestから当時の四項目を欠損なく逆引きできることを確認します。,SENT-3403の主体、観測方法、合格条件または例外契機を通常の日本語で明示し、payload注入型の共通shellを除去する。
SENT-3403,exceptions,例外判断で参照する条件は次のとおりです: 評価報告／機能フラグ／A/Bテストの割り当て／障害時の代替先も同じIDへ結び付けます。当該規則を評価するgold evidenceがないslice、標本不足のslice、負荷条件が異なるrunは合否集計から分離し、他sliceの平均結果を外挿しない。,緊急fallbackで一時IDを発行する場合は元release IDとの対応と有効期限を記録し、事後レビューで恒久versionへ統合するまで関連artifactを削除しません。,SENT-3403の主体、観測方法、合格条件または例外契機を通常の日本語で明示し、payload注入型の共通shellを除去する。
SENT-3403,verdict_reason,評価報告、機能フラグ、A/Bテストの割り当て、障害時の代替先も同じIDへ結び付けます。 この記述は 評価報告／機能フラグ／A/Bテストの割り当て／障害時の代替先も同じIDへ結び付けます を本ガイドの設計・評価・運用へ適用する規則で、外部研究の効果を一般化する文ではありません。履行を 検証対象は次の条件です: 評価報告／機能フラグ／A/Bテストの割り当て／障害時の代替先も同じIDへ結び付けます。本文に列挙した対象・条件・指標を個別fieldへ保存し、同一runの実装結果または評価結果と一致することを確認する。 により観測し、適用除外を 例外判断で参照する条件は次のとおりです: 評価報告／機能フラグ／A/Bテストの割り当て／障害時の代替先も同じIDへ結び付けます。当該規則を評価するgold evidenceがないslice、標本不足のslice、負荷条件が異なるrunは合否集計から分離し、他sliceの平均結果を外挿しない。 に限定できるため、APPROPRIATE_NORMATIVEと判定します。,評価報告、機能フラグ、A/Bテストの割り当て、障害時の代替先も同じIDへ結び付けます。 判断対象は、評価報告、機能フラグ、A/Bテストの割り当て、障害時の代替先も同じIDへ結び付けることを定める評価・採否規則です。外部資料から一般的な効果を導くのではなく、次の検査を受入条件とします。release IDごとに評価報告、feature flag version、A/B assignment、障害時fallback先を登録し、任意の本番requestから当時の四項目を欠損なく逆引きできることを確認します。 適用除外は次の場合に限定します。緊急fallbackで一時IDを発行する場合は元release IDとの対応と有効期限を記録し、事後レビューで恒久versionへ統合するまで関連artifactを削除しません。 受入条件と例外境界を台帳で検査できるため、APPROPRIATE_NORMATIVEと判定します。,SENT-3403の規則種別、受入条件、例外境界を完成した日本語で説明し、slash連結された理由文を除去する。
SENT-3410,verdict_reason,問い合わせ対応、利用分析、モデル改善への二次利用は別の権限と目的として扱います。 この記述は 問い合わせ対応／利用分析／モデル改善への二次利用は別の権限と目的として扱います を本ガイドの設計・評価・運用へ適用する規則で、外部研究の効果を一般化する文ではありません。履行を incident response、usage analytics、model improvementを別purpose IDとpermissionへ割り当て、各purposeで許可されたfield・retentionだけが処理されることを確認する。 により観測し、適用除外を 一人の担当者が複数purposeを担う場合もpurpose IDとaccess logを統合せず、当初目的の同意を二次利用へ流用しない。 に限定できるため、APPROPRIATE_NORMATIVEと判定します。,問い合わせ対応、利用分析、モデル改善への二次利用は別の権限と目的として扱います。 判断対象は、問い合わせ対応、利用分析、モデル改善への二次利用は別の権限と目的として扱うことを定める安全性・アクセス制御規則です。外部資料から一般的な効果を導くのではなく、次の検査を受入条件とします。incident response、usage analytics、model improvementを別purpose IDとpermissionへ割り当て、各purposeで許可されたfield・retentionだけが処理されることを確認する。 適用除外は次の場合に限定します。一人の担当者が複数purposeを担う場合もpurpose IDとaccess logを統合せず、当初目的の同意を二次利用へ流用しない。 受入条件と例外境界を台帳で検査できるため、APPROPRIATE_NORMATIVEと判定します。,SENT-3410の規則種別、受入条件、例外境界を完成した日本語で説明し、slash連結された理由文を除去する。
SENT-3411,verdict_reason,個人情報漏えいに関する研究を踏まえ、検索本文だけでなく利用者の質問、拒否理由、ツール引数にも個人情報がある前提で除去します。 この記述は 個人情報漏えいに関する研究を踏まえ／検索本文だけでなく利用者の質問／拒否理由／ツール引数にも個人情報がある前提で除去します を本ガイドの設計・評価・運用へ適用する規則で、外部研究の効果を一般化する文ではありません。履行を document text、user query、denial reason、tool argumentの各payloadにPII fixtureを入れ、送信・保存前のredactionまたはblockingとaudit logを経路別に確認する。 により観測し、適用除外を 法令・業務上PII処理が必要な経路は承認済みpurpose、region、retentionで処理できるが、不要fieldまで保存しない。 に限定できるため、APPROPRIATE_NORMATIVEと判定します。,個人情報漏えいに関する研究を踏まえ、検索本文だけでなく利用者の質問、拒否理由、ツール引数にも個人情報がある前提で除去します。 判断対象は、個人情報漏えいに関する研究を踏まえ、検索本文だけでなく利用者の質問、拒否理由、ツール引数にも個人情報がある前提で除去することを定める安全性・アクセス制御規則です。外部資料から一般的な効果を導くのではなく、次の検査を受入条件とします。document text、user query、denial reason、tool argumentの各payloadにPII fixtureを入れ、送信・保存前のredactionまたはblockingとaudit logを経路別に確認する。 適用除外は次の場合に限定します。法令・業務上PII処理が必要な経路は承認済みpurpose、region、retentionで処理できるが、不要fieldまで保存しない。 受入条件と例外境界を台帳で検査できるため、APPROPRIATE_NORMATIVEと判定します。,SENT-3411の規則種別、受入条件、例外境界を完成した日本語で説明し、slash連結された理由文を除去する。
SENT-3421,verdict_reason,内部アルゴリズム監査の枠組みが設計から運用までを対象とするように、RAGでも設計判断、公開承認、本番記録をつなぎます。 検証対象として RAGの設計判断／公開承認／本番runを同じsystem_versionとtrace_idで結び／設計から運用まで監査できるようにします を区別し、この文が断定する UNFORMALIZED_NATURAL_LANGUAGE_CLAIM と関係 NOT_APPLICABLE について、資料候補の記録は SRC-016 https://arxiv.org/abs/2001.00973 — abstract inspected 2026-08-15; 現主張への直接locatorは未確定 ですが、現主張を再特定する直接locatorは未確定です。そこで主体・対象・条件を保った RAGの設計判断、公開承認、本番runを同じsystem_versionとtrace_idで結び、設計から運用まで監査できるようにします。 へ変更し、未確認の一般化または因果を本文から外すためREWRITE_REQUIREDと判定します。,内部アルゴリズム監査の枠組みが設計から運用までを対象とするように、RAGでも設計判断、公開承認、本番記録をつなぎます。 判断対象は、RAGの設計判断、公開承認、本番runを同じsystem_versionとtrace_idで結び、設計から運用まで監査できるようにすることに限定した修正です。現文のUNFORMALIZED_NATURAL_LANGUAGE_CLAIMと関係NOT_APPLICABLEには、候補資料は記録されていますが、現主張を再特定する直接locatorは未確定です。修正後は次の文とします。RAGの設計判断、公開承認、本番runを同じsystem_versionとtrace_idで結び、設計から運用まで監査できるようにします。 この限定で主体・対象・条件を保ちながら未確認の一般化または因果を除くため、REWRITE_REQUIREDと判定します。,SENT-3421の規則種別、受入条件、例外境界を完成した日本語で説明し、slash連結された理由文を除去する。
SENT-3429,verdict_reason,最初のトークンまでの時間、最終回答までの時間、検索時間、ツール時間、成功率、可用性をSLIにします。 この記述は 最初のトークンまでの時間／最終回答までの時間／検索時間／ツール時間／成功率／可用性をSLIにします を本ガイドの設計・評価・運用へ適用する規則で、外部研究の効果を一般化する文ではありません。履行を time to first token、time to final answer、retrieval time、tool time、success rate、availabilityを名称・単位・計測区間付きSLIとして定義し、同じrequest IDから算出できることを確認する。 により観測し、適用除外を streamingを行わないendpointはtime to first tokenをnot-applicableにできるが、time to final answerとsuccess/availabilityは省略しない。 に限定できるため、APPROPRIATE_NORMATIVEと判定します。,最初のトークンまでの時間、最終回答までの時間、検索時間、ツール時間、成功率、可用性をSLIにします。 判断対象は、最初のトークンまでの時間、最終回答までの時間、検索時間、ツール時間、成功率、可用性をSLIにすることを定める運用規則です。外部資料から一般的な効果を導くのではなく、次の検査を受入条件とします。time to first token、time to final answer、retrieval time、tool time、success rate、availabilityを名称・単位・計測区間付きSLIとして定義し、同じrequest IDから算出できることを確認する。 適用除外は次の場合に限定します。streamingを行わないendpointはtime to first tokenをnot-applicableにできるが、time to final answerとsuccess/availabilityは省略しない。 受入条件と例外境界を台帳で検査できるため、APPROPRIATE_NORMATIVEと判定します。,SENT-3429の規則種別、受入条件、例外境界を完成した日本語で説明し、slash連結された理由文を除去する。
SENT-3431,verdict_reason,The Tail at Scaleは、多数の構成要素を組み合わせると、一部の遅い処理が全体の末尾遅延を大きくすることを示しています。 検証対象として The Tail at Scaleは／多数componentから成るonline serviceを対象に／一部componentの遅延がrequest全体のtail latencyへ増幅される現象を論じています を区別し、この文が断定する scalability=true と関係 NOT_APPLICABLE について、資料候補の記録は SRC-131 https://research.google/pubs/the-tail-at-scale/ — primary_page inspected 2026-08-15; 現主張への直接locatorは未確定 ですが、現主張を再特定する直接locatorは未確定です。そこで主体・対象・条件を保った The Tail at Scaleは、多数componentから成るonline serviceを対象に、一部componentの遅延がrequest全体のtail latencyへ増幅される現象を論じています。 へ変更し、未確認の一般化または因果を本文から外すためREWRITE_REQUIREDと判定します。,The Tail at Scaleは、多数の構成要素を組み合わせると、一部の遅い処理が全体の末尾遅延を大きくすることを示しています。 判断対象は、The Tail at Scaleは、多数componentから成るonline serviceを対象に、一部componentの遅延がrequest全体のtail latencyへ増幅される現象を論じていることに限定した修正です。現文のscalability=trueと関係NOT_APPLICABLEには、候補資料は記録されていますが、現主張を再特定する直接locatorは未確定です。修正後は次の文とします。The Tail at Scaleは、多数componentから成るonline serviceを対象に、一部componentの遅延がrequest全体のtail latencyへ増幅される現象を論じています。 この限定で主体・対象・条件を保ちながら未確認の一般化または因果を除くため、REWRITE_REQUIREDと判定します。,SENT-3431の規則種別、受入条件、例外境界を完成した日本語で説明し、slash連結された理由文を除去する。
SENT-3434,normative_criteria,検証対象は次の条件です: これは改善と公開速度を調整するために使い／認可や機密保護を外す根拠にはしません。当該規則の対象resourceとattributeをauthorization fixtureへ登録し、許可主体では取得・利用でき、非許可主体ではcandidate、context、answerの全段階でゼロ件になることを確認する。,これは改善と公開速度を調整するために使い、認可や機密保護を外す根拠にはしないことを定める安全性・アクセス制御規則について、この規則の対象resourceとattributeをauthorization fixtureへ登録し、許可主体では取得・利用でき、非許可主体ではcandidate、context、answerの全段階でゼロ件になることを確認する。,SENT-3434の主体、観測方法、合格条件または例外契機を通常の日本語で明示し、payload注入型の共通shellを除去する。
SENT-3434,exceptions,例外判断で参照する条件は次のとおりです: これは改善と公開速度を調整するために使い／認可や機密保護を外す根拠にはしません。当該規則より法令、契約、組織policyが厳しい場合は厳しい統制を優先し、性能、可用性、費用を理由に対象resourceのauthorizationまたは隔離を省略しない。,これは改善と公開速度を調整するために使い、認可や機密保護を外す根拠にはしないことを定める安全性・アクセス制御規則の例外として、この規則より法令、契約、組織policyが厳しい場合は厳しい統制を優先し、性能、可用性、費用を理由に対象resourceのauthorizationまたは隔離を省略しない。,SENT-3434の主体、観測方法、合格条件または例外契機を通常の日本語で明示し、payload注入型の共通shellを除去する。
SENT-3434,verdict_reason,これは改善と公開速度を調整するために使い、認可や機密保護を外す根拠にはしません。 この記述は これは改善と公開速度を調整するために使い／認可や機密保護を外す根拠にはしません を本ガイドの設計・評価・運用へ適用する規則で、外部研究の効果を一般化する文ではありません。履行を 検証対象は次の条件です: これは改善と公開速度を調整するために使い／認可や機密保護を外す根拠にはしません。当該規則の対象resourceとattributeをauthorization fixtureへ登録し、許可主体では取得・利用でき、非許可主体ではcandidate、context、answerの全段階でゼロ件になることを確認する。 により観測し、適用除外を 例外判断で参照する条件は次のとおりです: これは改善と公開速度を調整するために使い／認可や機密保護を外す根拠にはしません。当該規則より法令、契約、組織policyが厳しい場合は厳しい統制を優先し、性能、可用性、費用を理由に対象resourceのauthorizationまたは隔離を省略しない。 に限定できるため、APPROPRIATE_NORMATIVEと判定します。,これは改善と公開速度を調整するために使い、認可や機密保護を外す根拠にはしません。 判断対象は、これは改善と公開速度を調整するために使い、認可や機密保護を外す根拠にはしないことを定める安全性・アクセス制御規則です。外部資料から一般的な効果を導くのではなく、次の検査を受入条件とします。これは改善と公開速度を調整するために使い、認可や機密保護を外す根拠にはしないことを定める安全性・アクセス制御規則について、この規則の対象resourceとattributeをauthorization fixtureへ登録し、許可主体では取得・利用でき、非許可主体ではcandidate、context、answerの全段階でゼロ件になることを確認する。 適用除外は次の場合に限定します。これは改善と公開速度を調整するために使い、認可や機密保護を外す根拠にはしないことを定める安全性・アクセス制御規則の例外として、この規則より法令、契約、組織policyが厳しい場合は厳しい統制を優先し、性能、可用性、費用を理由に対象resourceのauthorizationまたは隔離を省略しない。 受入条件と例外境界を台帳で検査できるため、APPROPRIATE_NORMATIVEと判定します。,SENT-3434の規則種別、受入条件、例外境界を完成した日本語で説明し、slash連結された理由文を除去する。
SENT-3435,verdict_reason,最終回答のSLOから、認証、質問変換、検索、再順位付け、配置、生成、検証、ツールへ時間を配分します。 この記述は 最終回答のSLOから／認証／質問変換／検索／再順位付け／配置／生成／検証／ツールへ時間を配分します を本ガイドの設計・評価・運用へ適用する規則で、外部研究の効果を一般化する文ではありません。履行を end-to-end latency SLOをauthentication、query transformation、retrieval、reranking、context placement、generation、validation、toolのstage budgetへ分解し、各stage時間の合計とtrace全体時間を照合する。 により観測し、適用除外を stageを持たない構成は該当budgetを再配分できるが、end-to-end SLOを超える配分や未計測stageを許可しない。 に限定できるため、APPROPRIATE_NORMATIVEと判定します。,最終回答のSLOから、認証、質問変換、検索、再順位付け、配置、生成、検証、ツールへ時間を配分します。 判断対象は、最終回答のSLOから、認証、質問変換、検索、再順位付け、配置、生成、検証、ツールへ時間を配分することを定める運用規則です。外部資料から一般的な効果を導くのではなく、次の検査を受入条件とします。end-to-end latency SLOをauthentication、query transformation、retrieval、reranking、context placement、generation、validation、toolのstage budgetへ分解し、各stage時間の合計とtrace全体時間を照合する。 適用除外は次の場合に限定します。stageを持たない構成は該当budgetを再配分できるが、end-to-end SLOを超える配分や未計測stageを許可しない。 受入条件と例外境界を台帳で検査できるため、APPROPRIATE_NORMATIVEと判定します。,SENT-3435の規則種別、受入条件、例外境界を完成した日本語で説明し、slash連結された理由文を除去する。
SENT-3443,normative_criteria,検証対象は次の条件です: HNSWでは／グラフの接続数／構築時の探索幅／検索時の探索幅を段階的に変え／Recall／遅延／メモリを同時に比較します。本文に列挙した対象・条件・指標を個別fieldへ保存し、同一runの実装結果または評価結果と一致することを確認する。,HNSWでは、グラフの接続数、構築時の探索幅、検索時の探索幅を段階的に変え、Recall、遅延、メモリを同時に比較することを定める評価・採否規則について、本文に列挙した対象・条件・指標を個別fieldへ保存し、同一runの実装結果または評価結果と一致することを確認する。,SENT-3443の主体、観測方法、合格条件または例外契機を通常の日本語で明示し、payload注入型の共通shellを除去する。
SENT-3443,exceptions,例外判断で参照する条件は次のとおりです: HNSWでは／グラフの接続数／構築時の探索幅／検索時の探索幅を段階的に変え／Recall／遅延／メモリを同時に比較します。当該規則を評価するgold evidenceがないslice、標本不足のslice、負荷条件が異なるrunは合否集計から分離し、他sliceの平均結果を外挿しない。,HNSWでは、グラフの接続数、構築時の探索幅、検索時の探索幅を段階的に変え、Recall、遅延、メモリを同時に比較することを定める評価・採否規則の例外として、判定に必要なgold evidenceがないslice、標本不足のslice、負荷条件が異なるrunは合否集計から分離し、他sliceの平均結果を外挿しない。,SENT-3443の主体、観測方法、合格条件または例外契機を通常の日本語で明示し、payload注入型の共通shellを除去する。
SENT-3443,verdict_reason,HNSWでは、グラフの接続数、構築時の探索幅、検索時の探索幅を段階的に変え、Recall、遅延、メモリを同時に比較します。 この記述は HNSWでは／グラフの接続数／構築時の探索幅／検索時の探索幅を段階的に変え／Recall／遅延／メモリを同時に比較します を本ガイドの設計・評価・運用へ適用する規則で、外部研究の効果を一般化する文ではありません。履行を 検証対象は次の条件です: HNSWでは／グラフの接続数／構築時の探索幅／検索時の探索幅を段階的に変え／Recall／遅延／メモリを同時に比較します。本文に列挙した対象・条件・指標を個別fieldへ保存し、同一runの実装結果または評価結果と一致することを確認する。 により観測し、適用除外を 例外判断で参照する条件は次のとおりです: HNSWでは／グラフの接続数／構築時の探索幅／検索時の探索幅を段階的に変え／Recall／遅延／メモリを同時に比較します。当該規則を評価するgold evidenceがないslice、標本不足のslice、負荷条件が異なるrunは合否集計から分離し、他sliceの平均結果を外挿しない。 に限定できるため、APPROPRIATE_NORMATIVEと判定します。,HNSWでは、グラフの接続数、構築時の探索幅、検索時の探索幅を段階的に変え、Recall、遅延、メモリを同時に比較します。 判断対象は、HNSWでは、グラフの接続数、構築時の探索幅、検索時の探索幅を段階的に変え、Recall、遅延、メモリを同時に比較することを定める評価・採否規則です。外部資料から一般的な効果を導くのではなく、次の検査を受入条件とします。HNSWでは、グラフの接続数、構築時の探索幅、検索時の探索幅を段階的に変え、Recall、遅延、メモリを同時に比較することを定める評価・採否規則について、本文に列挙した対象・条件・指標を個別fieldへ保存し、同一runの実装結果または評価結果と一致することを確認する。 適用除外は次の場合に限定します。HNSWでは、グラフの接続数、構築時の探索幅、検索時の探索幅を段階的に変え、Recall、遅延、メモリを同時に比較することを定める評価・採否規則の例外として、判定に必要なgold evidenceがないslice、標本不足のslice、負荷条件が異なるrunは合否集計から分離し、他sliceの平均結果を外挿しない。 受入条件と例外境界を台帳で検査できるため、APPROPRIATE_NORMATIVEと判定します。,SENT-3443の規則種別、受入条件、例外境界を完成した日本語で説明し、slash連結された理由文を除去する。
SENT-3444,verdict_reason,HNSWや大規模類似検索の研究の結果は設定候補になりますが、最適値は実際のデータと負荷に依存します。 検証対象として HNSWの接続数／構築時探索幅／検索時探索幅は論文値を固定採用せず／対象データと負荷でRecall／p95 latency／memoryを測って決めます を区別し、この文が断定する UNFORMALIZED_NATURAL_LANGUAGE_CLAIM と関係 NOT_APPLICABLE について、資料候補の記録は SRC-047 https://arxiv.org/abs/1603.09320 — abstract inspected 2026-08-15; 現主張への直接locatorは未確定; SRC-052 https://arxiv.org/abs/1702.08734 — abstract inspected 2026-08-15; 現主張への直接locatorは未確定 ですが、現主張を再特定する直接locatorは未確定です。そこで主体・対象・条件を保った HNSWの接続数、構築時探索幅、検索時探索幅は論文値を固定採用せず、対象データと負荷でRecall、p95 latency、memoryを測って決めます。 へ変更し、未確認の一般化または因果を本文から外すためREWRITE_REQUIREDと判定します。,HNSWや大規模類似検索の研究の結果は設定候補になりますが、最適値は実際のデータと負荷に依存します。 判断対象は、HNSWの接続数、構築時探索幅、検索時探索幅は論文値を固定採用せず、対象データと負荷でRecall、p95 latency、memoryを測って決めることに限定した修正です。現文のUNFORMALIZED_NATURAL_LANGUAGE_CLAIMと関係NOT_APPLICABLEには、候補資料は記録されていますが、現主張を再特定する直接locatorは未確定です。修正後は次の文とします。HNSWの接続数、構築時探索幅、検索時探索幅は論文値を固定採用せず、対象データと負荷でRecall、p95 latency、memoryを測って決めます。 この限定で主体・対象・条件を保ちながら未確認の一般化または因果を除くため、REWRITE_REQUIREDと判定します。,SENT-3444の規則種別、受入条件、例外境界を完成した日本語で説明し、slash連結された理由文を除去する。
SENT-3447,verdict_reason,再順位付け候補数、コンテキスト長、出力長、モデル規模は、同じ全体予算を使います。 この記述は 再順位付け候補数／コンテキスト長／出力長／モデル規模は／同じ全体予算を使います を本ガイドの設計・評価・運用へ適用する規則で、外部研究の効果を一般化する文ではありません。履行を rerank candidate数、context token、output token、model sizeを一つずつ変え、request当たりの総token・latency・costが共通budget以内である組合せだけを採用する。 により観測し、適用除外を 安全性または品質guardrailに必要な一時的budget増は期限付きで承認できるが、他要素の費用を未計測のまま相殺しない。 に限定できるため、APPROPRIATE_NORMATIVEと判定します。,再順位付け候補数、コンテキスト長、出力長、モデル規模は、同じ全体予算を使います。 判断対象は、再順位付け候補数、コンテキスト長、出力長、モデル規模は、同じ全体予算を使うことを定める検索・経路選択規則です。外部資料から一般的な効果を導くのではなく、次の検査を受入条件とします。rerank candidate数、context token、output token、model sizeを一つずつ変え、request当たりの総token・latency・costが共通budget以内である組合せだけを採用する。 適用除外は次の場合に限定します。安全性または品質guardrailに必要な一時的budget増は期限付きで承認できるが、他要素の費用を未計測のまま相殺しない。 受入条件と例外境界を台帳で検査できるため、APPROPRIATE_NORMATIVEと判定します。,SENT-3447の規則種別、受入条件、例外境界を完成した日本語で説明し、slash連結された理由文を除去する。
SENT-3448,verdict_reason,候補を増やすと再順位付けと入力の費用が増え、圧縮を強めると必要な条件を失う可能性があります。 検証対象として 候補数を増やした場合のreranking・入力費用と／圧縮を強めた場合の必要条件の欠落率を同じ評価runで測定します を区別し、この文が断定する rerank=true と関係 NOT_APPLICABLE について、資料候補の記録は SRC-091 https://arxiv.org/abs/2310.05736 — abstract inspected 2026-08-15; 現主張への直接locatorは未確定; SRC-052 https://arxiv.org/abs/1702.08734 — abstract inspected 2026-08-15; 現主張への直接locatorは未確定 ですが、現主張を再特定する直接locatorは未確定です。そこで主体・対象・条件を保った 候補数を増やした場合のreranking・入力費用と、圧縮を強めた場合の必要条件の欠落率を同じ評価runで測定します。 へ変更し、未確認の一般化または因果を本文から外すためREWRITE_REQUIREDと判定します。,候補を増やすと再順位付けと入力の費用が増え、圧縮を強めると必要な条件を失う可能性があります。 判断対象は、候補数を増やした場合のreranking・入力費用と、圧縮を強めた場合の必要条件の欠落率を同じ評価runで測定することに限定した修正です。現文のrerank=trueと関係NOT_APPLICABLEには、候補資料は記録されていますが、現主張を再特定する直接locatorは未確定です。修正後は次の文とします。候補数を増やした場合のreranking・入力費用と、圧縮を強めた場合の必要条件の欠落率を同じ評価runで測定します。 この限定で主体・対象・条件を保ちながら未確認の一般化または因果を除くため、REWRITE_REQUIREDと判定します。,SENT-3448の規則種別、受入条件、例外境界を完成した日本語で説明し、slash連結された理由文を除去する。
SENT-3452,verdict_reason,速くなったものの回答が使えず再質問が増える構成は、全体改善とはみなしません。 この記述は 速くなったものの回答が使えず再質問が増える構成は／全体改善とはみなしません を本ガイドの設計・評価・運用へ適用する規則で、外部研究の効果を一般化する文ではありません。履行を 高速化candidateはlatencyに加えてtask success、再質問率、abstention、human escalationを同一期間で比較し、回答利用性がbaselineより悪化した場合は全体改善と判定しない。 により観測し、適用除外を 安全なabstention増加が意図した変更である場合は承認済みrisk criterionで評価できるが、再質問増加を速度改善で相殺しない。 に限定できるため、APPROPRIATE_NORMATIVEと判定します。,速くなったものの回答が使えず再質問が増える構成は、全体改善とはみなしません。 判断対象は、速くなったものの回答が使えず再質問が増える構成は、全体改善とはみなさないことを定める用語・工程定義です。外部資料から一般的な効果を導くのではなく、次の検査を受入条件とします。高速化candidateはlatencyに加えてtask success、再質問率、abstention、human escalationを同一期間で比較し、回答利用性がbaselineより悪化した場合は全体改善と判定しない。 適用除外は次の場合に限定します。安全なabstention増加が意図した変更である場合は承認済みrisk criterionで評価できるが、再質問増加を速度改善で相殺しない。 受入条件と例外境界を台帳で検査できるため、APPROPRIATE_NORMATIVEと判定します。,SENT-3452の規則種別、受入条件、例外境界を完成した日本語で説明し、slash連結された理由文を除去する。
SENT-3497,verdict_reason,内容のハッシュを使って変更のないチャンクの解析結果や埋め込みを再利用します。 この記述は 内容のハッシュを使って変更のないチャンクの解析結果や埋め込みを再利用します を本ガイドの設計・評価・運用へ適用する規則で、外部研究の効果を一般化する文ではありません。履行を 内容のハッシュを使って変更のないチャンクの解析結果や埋め込みを再利用します。 source content hash、parser version、chunking version、embedding model versionがすべて一致するchunkだけに解析・embedding cache hitを許可します。 により観測し、適用除外を 内容のハッシュを使って変更のないチャンクの解析結果や埋め込みを再利用します。 content hashが同じでも処理versionまたはembedding modelが変わったchunkは再利用対象から外し、新しいartifact IDで再計算します。 に限定できるため、APPROPRIATE_NORMATIVEと判定します。,内容のハッシュを使って変更のないチャンクの解析結果や埋め込みを再利用します。 判断対象は、内容のハッシュを使って変更のないチャンクの解析結果や埋め込みを再利用することを定める運用規則です。外部資料から一般的な効果を導くのではなく、次の検査を受入条件とします。内容のハッシュを使って変更のないチャンクの解析結果や埋め込みを再利用します。 source content hash、parser version、chunking version、embedding model versionがすべて一致するchunkだけに解析・embedding cache hitを許可します。 適用除外は次の場合に限定します。内容のハッシュを使って変更のないチャンクの解析結果や埋め込みを再利用します。 content hashが同じでも処理versionまたはembedding modelが変わったchunkは再利用対象から外し、新しいartifact IDで再計算します。 受入条件と例外境界を台帳で検査できるため、APPROPRIATE_NORMATIVEと判定します。,SENT-3497の規則種別、受入条件、例外境界を完成した日本語で説明し、slash連結された理由文を除去する。
SENT-3498,verdict_reason,解析器、チャンク分割、埋め込みモデルの変更で全件再計算が必要になる条件と、青緑切り替え中の二重保存期間をリリース計画へ含めます。 この記述は 解析器／チャンク分割／埋め込みモデルの変更で全件再計算が必要になる条件と／青緑切り替え中の二重保存期間をリリース計画へ含めます を本ガイドの設計・評価・運用へ適用する規則で、外部研究の効果を一般化する文ではありません。履行を parser、chunker、embedding変更ごとに全件再計算が必要となるcontract差分を表にし、blue-green期間の新旧artifact保存量、active alias切替、旧版削除時刻をrelease planへ記載する。 により観測し、適用除外を 後方互換がfixtureで証明された変更は全件再計算を省略できるが、互換性の根拠と部分更新範囲をrelease planへ残す。 に限定できるため、APPROPRIATE_NORMATIVEと判定します。,解析器、チャンク分割、埋め込みモデルの変更で全件再計算が必要になる条件と、青緑切り替え中の二重保存期間をリリース計画へ含めます。 判断対象は、解析器、チャンク分割、埋め込みモデルの変更で全件再計算が必要になる条件と、青緑切り替え中の二重保存期間をリリース計画へ含めることを定めるローカル設計規則です。外部資料から一般的な効果を導くのではなく、次の検査を受入条件とします。parser、chunker、embedding変更ごとに全件再計算が必要となるcontract差分を表にし、blue-green期間の新旧artifact保存量、active alias切替、旧版削除時刻をrelease planへ記載する。 適用除外は次の場合に限定します。後方互換がfixtureで証明された変更は全件再計算を省略できるが、互換性の根拠と部分更新範囲をrelease planへ残す。 受入条件と例外境界を台帳で検査できるため、APPROPRIATE_NORMATIVEと判定します。,SENT-3498の規則種別、受入条件、例外境界を完成した日本語で説明し、slash連結された理由文を除去する。
SENT-3500,normative_criteria,検証対象は次の条件です: 簡単な質問は低費用の経路へ送り／複数根拠や低い確信度の質問だけに広い検索と高価な再順位付けを使います。当該規則に含まれるretriever、candidate数、rank処理を固定したtest queryを実行し、統合前後のcandidate ID・rank・score変換が記述した順序と選択規則に一致することを確認する。,simple query、multi-evidence query、low-confidence queryのfixtureごとに選択route、candidate depth、rerank有無、回答品質、p95 latency、costを記録し、simple queryだけが低費用routeへ入り他の二群が広い検索へ入ることを確認します。,SENT-3500の主体、観測方法、合格条件または例外契機を通常の日本語で明示し、payload注入型の共通shellを除去する。
SENT-3500,exceptions,例外判断で参照する条件は次のとおりです: 簡単な質問は低費用の経路へ送り／複数根拠や低い確信度の質問だけに広い検索と高価な再順位付けを使います。当該規則を評価するgold evidenceがないslice、標本不足のslice、負荷条件が異なるrunは合否集計から分離し、他sliceの平均結果を外挿しない。,query分類またはconfidenceが判定不能な場合は低費用routeへ推定で送らず、品質とauthorizationのguardrailを満たす既定routeへfallbackします。,SENT-3500の主体、観測方法、合格条件または例外契機を通常の日本語で明示し、payload注入型の共通shellを除去する。
SENT-3500,verdict_reason,簡単な質問は低費用の経路へ送り、複数根拠や低い確信度の質問だけに広い検索と高価な再順位付けを使います。 この記述は 簡単な質問は低費用の経路へ送り／複数根拠や低い確信度の質問だけに広い検索と高価な再順位付けを使います を本ガイドの設計・評価・運用へ適用する規則で、外部研究の効果を一般化する文ではありません。履行を 検証対象は次の条件です: 簡単な質問は低費用の経路へ送り／複数根拠や低い確信度の質問だけに広い検索と高価な再順位付けを使います。当該規則に含まれるretriever、candidate数、rank処理を固定したtest queryを実行し、統合前後のcandidate ID・rank・score変換が記述した順序と選択規則に一致することを確認する。 により観測し、適用除外を 例外判断で参照する条件は次のとおりです: 簡単な質問は低費用の経路へ送り／複数根拠や低い確信度の質問だけに広い検索と高価な再順位付けを使います。当該規則を評価するgold evidenceがないslice、標本不足のslice、負荷条件が異なるrunは合否集計から分離し、他sliceの平均結果を外挿しない。 に限定できるため、APPROPRIATE_NORMATIVEと判定します。,簡単な質問は低費用の経路へ送り、複数根拠や低い確信度の質問だけに広い検索と高価な再順位付けを使います。 判断対象は、簡単な質問は低費用の経路へ送り、複数根拠や低い確信度の質問だけに広い検索と高価な再順位付けを使うことを定める評価・採否規則です。外部資料から一般的な効果を導くのではなく、次の検査を受入条件とします。simple query、multi-evidence query、low-confidence queryのfixtureごとに選択route、candidate depth、rerank有無、回答品質、p95 latency、costを記録し、simple queryだけが低費用routeへ入り他の二群が広い検索へ入ることを確認します。 適用除外は次の場合に限定します。query分類またはconfidenceが判定不能な場合は低費用routeへ推定で送らず、品質とauthorizationのguardrailを満たす既定routeへfallbackします。 受入条件と例外境界を台帳で検査できるため、APPROPRIATE_NORMATIVEと判定します。,SENT-3500の規則種別、受入条件、例外境界を完成した日本語で説明し、slash連結された理由文を除去する。
SENT-3502,normative_criteria,検証対象は次の条件です: 候補を一件増やすごとにRecall／正答率／完全性がどれだけ変わるかを測り／改善が頭打ちになる点を探します。当該規則に含まれるretriever、candidate数、rank処理を固定したtest queryを実行し、統合前後のcandidate ID・rank・score変換が記述した順序と選択規則に一致することを確認する。,候補を一件増やすごとにRecall、正答率、完全性がどれだけ変わるかを測り、改善が頭打ちになる点を探することを定める評価・採否規則について、この規則に含まれるretriever、candidate数、rank処理を固定したtest queryを実行し、統合前後のcandidate ID・rank・score変換が記述した順序と選択規則に一致することを確認する。,SENT-3502の主体、観測方法、合格条件または例外契機を通常の日本語で明示し、payload注入型の共通shellを除去する。
SENT-3502,exceptions,例外判断で参照する条件は次のとおりです: 候補を一件増やすごとにRecall／正答率／完全性がどれだけ変わるかを測り／改善が頭打ちになる点を探します。当該規則の初期値・候補は対象datasetで再調整できるが、変更値、baseline、採用理由を同じresult tableへ残し、未比較の値を既定値として固定しない。,候補を一件増やすごとにRecall、正答率、完全性がどれだけ変わるかを測り、改善が頭打ちになる点を探することを定める評価・採否規則の例外として、初期値・候補は対象datasetで再調整できるが、変更値、baseline、採用理由を同じresult tableへ残し、未比較の値を既定値として固定しない。,SENT-3502の主体、観測方法、合格条件または例外契機を通常の日本語で明示し、payload注入型の共通shellを除去する。
SENT-3502,verdict_reason,候補を一件増やすごとにRecall、正答率、完全性がどれだけ変わるかを測り、改善が頭打ちになる点を探します。 この記述は 候補を一件増やすごとにRecall／正答率／完全性がどれだけ変わるかを測り／改善が頭打ちになる点を探します を本ガイドの設計・評価・運用へ適用する規則で、外部研究の効果を一般化する文ではありません。履行を 検証対象は次の条件です: 候補を一件増やすごとにRecall／正答率／完全性がどれだけ変わるかを測り／改善が頭打ちになる点を探します。当該規則に含まれるretriever、candidate数、rank処理を固定したtest queryを実行し、統合前後のcandidate ID・rank・score変換が記述した順序と選択規則に一致することを確認する。 により観測し、適用除外を 例外判断で参照する条件は次のとおりです: 候補を一件増やすごとにRecall／正答率／完全性がどれだけ変わるかを測り／改善が頭打ちになる点を探します。当該規則の初期値・候補は対象datasetで再調整できるが、変更値、baseline、採用理由を同じresult tableへ残し、未比較の値を既定値として固定しない。 に限定できるため、APPROPRIATE_NORMATIVEと判定します。,候補を一件増やすごとにRecall、正答率、完全性がどれだけ変わるかを測り、改善が頭打ちになる点を探します。 判断対象は、候補を一件増やすごとにRecall、正答率、完全性がどれだけ変わるかを測り、改善が頭打ちになる点を探することを定める評価・採否規則です。外部資料から一般的な効果を導くのではなく、次の検査を受入条件とします。候補を一件増やすごとにRecall、正答率、完全性がどれだけ変わるかを測り、改善が頭打ちになる点を探することを定める評価・採否規則について、この規則に含まれるretriever、candidate数、rank処理を固定したtest queryを実行し、統合前後のcandidate ID・rank・score変換が記述した順序と選択規則に一致することを確認する。 適用除外は次の場合に限定します。候補を一件増やすごとにRecall、正答率、完全性がどれだけ変わるかを測り、改善が頭打ちになる点を探することを定める評価・採否規則の例外として、初期値・候補は対象datasetで再調整できるが、変更値、baseline、採用理由を同じresult tableへ残し、未比較の値を既定値として固定しない。 受入条件と例外境界を台帳で検査できるため、APPROPRIATE_NORMATIVEと判定します。,SENT-3502の規則種別、受入条件、例外境界を完成した日本語で説明し、slash連結された理由文を除去する。
SENT-3518,verdict_reason,保存量、更新量、検索回数、トークン、ツール呼び出しなど、費用を生む要因に基づいてテナントや機能へ割り当てます。 この記述は 保存量／更新量／検索回数／トークン／ツール呼び出しなど／費用を生む要因に基づいてテナントや機能へ割り当てます を本ガイドの設計・評価・運用へ適用する規則で、外部研究の効果を一般化する文ではありません。履行を 保存量、更新量、検索回数、入力・出力トークン、ツール呼び出し数をtenant IDとfeature ID別に計測し、請求総額との配賦差が定めた丸め誤差内になることを確認する。 により観測し、適用除外を 共有基盤費は明示した配賦キーで按分できるが、直接計測できる利用量を共有費へ混ぜない。 に限定できるため、APPROPRIATE_NORMATIVEと判定します。,保存量、更新量、検索回数、トークン、ツール呼び出しなど、費用を生む要因に基づいてテナントや機能へ割り当てます。 判断対象は、保存量、更新量、検索回数、トークン、ツール呼び出しなど、費用を生む要因に基づいてテナントや機能へ割り当てることを定める評価・採否規則です。外部資料から一般的な効果を導くのではなく、次の検査を受入条件とします。保存量、更新量、検索回数、入力・出力トークン、ツール呼び出し数をtenant IDとfeature ID別に計測し、請求総額との配賦差が定めた丸め誤差内になることを確認する。 適用除外は次の場合に限定します。共有基盤費は明示した配賦キーで按分できるが、直接計測できる利用量を共有費へ混ぜない。 受入条件と例外境界を台帳で検査できるため、APPROPRIATE_NORMATIVEと判定します。,SENT-3518の規則種別、受入条件、例外境界を完成した日本語で説明し、slash連結された理由文を除去する。
SENT-3532,verdict_reason,文書だけでなく、その文書から作られた解析結果、チャンク、埋め込み、インデックス、キャッシュを一つのライフサイクルとして管理します。 この記述は 文書だけでなく／その文書から作られた解析結果／チャンク／埋め込み／インデックス／キャッシュを一つのライフサイクルとして管理します を本ガイドの設計・評価・運用へ適用する規則で、外部研究の効果を一般化する文ではありません。履行を document lifecycle eventごとにparser output、chunk、vector、index entry、cacheの派生関係をmanifestへ持ち、更新・削除時に全派生artifactが同じ状態へ遷移することを確認する。 により観測し、適用除外を 監査保存が必要な派生artifactはread-only archiveへ移せるが、active retrieval経路から外し保存期限を設定する。 に限定できるため、APPROPRIATE_NORMATIVEと判定します。,文書だけでなく、その文書から作られた解析結果、チャンク、埋め込み、インデックス、キャッシュを一つのライフサイクルとして管理します。 判断対象は、文書だけでなく、その文書から作られた解析結果、チャンク、埋め込み、インデックス、キャッシュを一つのライフサイクルとして管理することを定める運用規則です。外部資料から一般的な効果を導くのではなく、次の検査を受入条件とします。document lifecycle eventごとにparser output、chunk、vector、index entry、cacheの派生関係をmanifestへ持ち、更新・削除時に全派生artifactが同じ状態へ遷移することを確認する。 適用除外は次の場合に限定します。監査保存が必要な派生artifactはread-only archiveへ移せるが、active retrieval経路から外し保存期限を設定する。 受入条件と例外境界を台帳で検査できるため、APPROPRIATE_NORMATIVEと判定します。,SENT-3532の規則種別、受入条件、例外境界を完成した日本語で説明し、slash連結された理由文を除去する。
SENT-3586,normative_criteria,検証対象は次の条件です: データ／検索器／インデックス／プロンプト／ツール／会話記憶／評価／日常運用を含むシステム全体を対象にします。本文に列挙した対象・条件・指標を個別fieldへ保存し、同一runの実装結果または評価結果と一致することを確認する。,system reviewのcomponent inventoryにdata、retriever、index、prompt、tool、conversation memory、evaluation、daily operationを別項目として登録し、各項目へowner、threat、control、test evidenceを割り当てます。,SENT-3586の主体、観測方法、合格条件または例外契機を通常の日本語で明示し、payload注入型の共通shellを除去する。
SENT-3586,exceptions,例外判断で参照する条件は次のとおりです: データ／検索器／インデックス／プロンプト／ツール／会話記憶／評価／日常運用を含むシステム全体を対象にします。当該規則を評価するgold evidenceがないslice、標本不足のslice、負荷条件が異なるrunは合否集計から分離し、他sliceの平均結果を外挿しない。,外部管理componentを直接監査できない場合は対象外と黙って扱わず、責任境界、契約上のcontrol、interface test、残余riskの承認を記録します。,SENT-3586の主体、観測方法、合格条件または例外契機を通常の日本語で明示し、payload注入型の共通shellを除去する。
SENT-3586,verdict_reason,データ、検索器、インデックス、プロンプト、ツール、会話記憶、評価、日常運用を含むシステム全体を対象にします。 この記述は データ／検索器／インデックス／プロンプト／ツール／会話記憶／評価／日常運用を含むシステム全体を対象にします を本ガイドの設計・評価・運用へ適用する規則で、外部研究の効果を一般化する文ではありません。履行を 検証対象は次の条件です: データ／検索器／インデックス／プロンプト／ツール／会話記憶／評価／日常運用を含むシステム全体を対象にします。本文に列挙した対象・条件・指標を個別fieldへ保存し、同一runの実装結果または評価結果と一致することを確認する。 により観測し、適用除外を 例外判断で参照する条件は次のとおりです: データ／検索器／インデックス／プロンプト／ツール／会話記憶／評価／日常運用を含むシステム全体を対象にします。当該規則を評価するgold evidenceがないslice、標本不足のslice、負荷条件が異なるrunは合否集計から分離し、他sliceの平均結果を外挿しない。 に限定できるため、APPROPRIATE_NORMATIVEと判定します。,データ、検索器、インデックス、プロンプト、ツール、会話記憶、評価、日常運用を含むシステム全体を対象にします。 判断対象は、データ、検索器、インデックス、プロンプト、ツール、会話記憶、評価、日常運用を含むシステム全体を対象にすることを定める評価・採否規則です。外部資料から一般的な効果を導くのではなく、次の検査を受入条件とします。system reviewのcomponent inventoryにdata、retriever、index、prompt、tool、conversation memory、evaluation、daily operationを別項目として登録し、各項目へowner、threat、control、test evidenceを割り当てます。 適用除外は次の場合に限定します。外部管理componentを直接監査できない場合は対象外と黙って扱わず、責任境界、契約上のcontrol、interface test、残余riskの承認を記録します。 受入条件と例外境界を台帳で検査できるため、APPROPRIATE_NORMATIVEと判定します。,SENT-3586の規則種別、受入条件、例外境界を完成した日本語で説明し、slash連結された理由文を除去する。
SENT-3589,verdict_reason,一方、社会技術システムにおける公平性の研究は、構成要素だけを抽象的に評価すると、制度や利用者への影響を見落とす危険を指摘しています。 検証対象として Fairness and Abstraction in Sociotechnical Systemsは／制度・利用者を含む社会技術的文脈からcomponentを切り離したfairness評価が影響を見落とし得ると論じています を区別し、この文が断定する evaluation=true と関係 NOT_APPLICABLE について、資料候補の記録は SRC-137 https://doi.org/10.1145/3287560.3287598 — primary_page inspected 2026-08-15; 現主張への直接locatorは未確定 ですが、現主張を再特定する直接locatorは未確定です。そこで主体・対象・条件を保った Fairness and Abstraction in Sociotechnical Systemsは、制度・利用者を含む社会技術的文脈からcomponentを切り離したfairness評価が影響を見落とし得ると論じています。 へ変更し、未確認の一般化または因果を本文から外すためREWRITE_REQUIREDと判定します。,一方、社会技術システムにおける公平性の研究は、構成要素だけを抽象的に評価すると、制度や利用者への影響を見落とす危険を指摘しています。 判断対象は、Fairness and Abstraction in Sociotechnical Systemsは、制度・利用者を含む社会技術的文脈からcomponentを切り離したfairness評価が影響を見落とし得ると論じていることに限定した修正です。現文のevaluation=trueと関係NOT_APPLICABLEには、候補資料は記録されていますが、現主張を再特定する直接locatorは未確定です。修正後は次の文とします。Fairness and Abstraction in Sociotechnical Systemsは、制度・利用者を含む社会技術的文脈からcomponentを切り離したfairness評価が影響を見落とし得ると論じています。 この限定で主体・対象・条件を保ちながら未確認の一般化または因果を除くため、REWRITE_REQUIREDと判定します。,SENT-3589の規則種別、受入条件、例外境界を完成した日本語で説明し、slash連結された理由文を除去する。
SENT-3594,verdict_reason,内部アルゴリズム監査の枠組みが示すように、説明責任は報告書だけではなく、開発から運用までの役割と証跡によって支えられます。 検証対象として Closing the AI Accountability Gapの内部監査frameworkでは／accountabilityを最終reportだけでなく／開発・導入・運用段階の担当roleとaudit evidenceへ結び付けています を区別し、この文が断定する empirical_result=true と関係 NOT_APPLICABLE について、資料候補の記録は SRC-016 https://arxiv.org/abs/2001.00973 — abstract inspected 2026-08-15; 現主張への直接locatorは未確定 ですが、現主張を再特定する直接locatorは未確定です。そこで主体・対象・条件を保った Closing the AI Accountability Gapの内部監査frameworkでは、accountabilityを最終reportだけでなく、開発・導入・運用段階の担当roleとaudit evidenceへ結び付けています。 へ変更し、未確認の一般化または因果を本文から外すためREWRITE_REQUIREDと判定します。,内部アルゴリズム監査の枠組みが示すように、説明責任は報告書だけではなく、開発から運用までの役割と証跡によって支えられます。 判断対象は、Closing the AI Accountability Gapの内部監査frameworkでは、accountabilityを最終reportだけでなく、開発・導入・運用段階の担当roleとaudit evidenceへ結び付けていることに限定した修正です。現文のempirical_result=trueと関係NOT_APPLICABLEには、候補資料は記録されていますが、現主張を再特定する直接locatorは未確定です。修正後は次の文とします。Closing the AI Accountability Gapの内部監査frameworkでは、accountabilityを最終reportだけでなく、開発・導入・運用段階の担当roleとaudit evidenceへ結び付けています。 この限定で主体・対象・条件を保ちながら未確認の一般化または因果を除くため、REWRITE_REQUIREDと判定します。,SENT-3594の規則種別、受入条件、例外境界を完成した日本語で説明し、slash連結された理由文を除去する。
SENT-3604,verdict_reason,Model Cardsが意図した用途と制約を記述するように、RAGを最終判断に使ってよい範囲と使ってはいけない範囲を明文化します。 この記述は Model Cardsが意図した用途と制約を記述するように／RAGを最終判断に使ってよい範囲と使ってはいけない範囲を明文化します を本ガイドの設計・評価・運用へ適用する規則で、外部研究の効果を一般化する文ではありません。履行を system cardにRAGを最終判断へ利用できるuse case、禁止use case、必要なhuman review、既知のfailure sliceを列挙し、UIと運用手順が同じ制限を表示することを確認する。 により観測し、適用除外を 新しいuse caseは評価とrisk承認後に追加できるが、既存の禁止範囲を暗黙に拡張しない。 に限定できるため、APPROPRIATE_NORMATIVEと判定します。,Model Cardsが意図した用途と制約を記述するように、RAGを最終判断に使ってよい範囲と使ってはいけない範囲を明文化します。 判断対象は、Model Cardsが意図した用途と制約を記述するように、RAGを最終判断に使ってよい範囲と使ってはいけない範囲を明文化することを定める構成・設定規則です。外部資料から一般的な効果を導くのではなく、次の検査を受入条件とします。system cardにRAGを最終判断へ利用できるuse case、禁止use case、必要なhuman review、既知のfailure sliceを列挙し、UIと運用手順が同じ制限を表示することを確認する。 適用除外は次の場合に限定します。新しいuse caseは評価とrisk承認後に追加できるが、既存の禁止範囲を暗黙に拡張しない。 受入条件と例外境界を台帳で検査できるため、APPROPRIATE_NORMATIVEと判定します。,SENT-3604の規則種別、受入条件、例外境界を完成した日本語で説明し、slash連結された理由文を除去する。
SENT-3607,normative_criteria,検証対象は次の条件です: 公開判断を口頭説明だけにせず／システム概要／構成図／脅威モデル／コーパス台帳／評価報告／既知の制約／運用手順書として残します。当該規則で列挙した記録項目を同じrun IDへ保存し、各項目が欠損せず、変更前後の差分をquestionまたはdocument単位で逆引きできることを確認する。,公開承認時にsystem overview、architecture diagram、threat model、corpus register、evaluation report、known limitations、operation runbookの七成果物を同じrelease IDへ結び、owner承認とversionを確認します。,SENT-3607の主体、観測方法、合格条件または例外契機を通常の日本語で明示し、payload注入型の共通shellを除去する。
SENT-3607,exceptions,例外判断で参照する条件は次のとおりです: 公開判断を口頭説明だけにせず／システム概要／構成図／脅威モデル／コーパス台帳／評価報告／既知の制約／運用手順書として残します。当該規則を評価するgold evidenceがないslice、標本不足のslice、負荷条件が異なるrunは合否集計から分離し、他sliceの平均結果を外挿しない。,機密情報を含む成果物はaccess制限版またはredacted版にできますが、成果物の存在、owner、version、承認記録を口頭説明だけで代替しません。,SENT-3607の主体、観測方法、合格条件または例外契機を通常の日本語で明示し、payload注入型の共通shellを除去する。
SENT-3607,verdict_reason,公開判断を口頭説明だけにせず、システム概要、構成図、脅威モデル、コーパス台帳、評価報告、既知の制約、運用手順書として残します。 この記述は 公開判断を口頭説明だけにせず／システム概要／構成図／脅威モデル／コーパス台帳／評価報告／既知の制約／運用手順書として残します を本ガイドの設計・評価・運用へ適用する規則で、外部研究の効果を一般化する文ではありません。履行を 検証対象は次の条件です: 公開判断を口頭説明だけにせず／システム概要／構成図／脅威モデル／コーパス台帳／評価報告／既知の制約／運用手順書として残します。当該規則で列挙した記録項目を同じrun IDへ保存し、各項目が欠損せず、変更前後の差分をquestionまたはdocument単位で逆引きできることを確認する。 により観測し、適用除外を 例外判断で参照する条件は次のとおりです: 公開判断を口頭説明だけにせず／システム概要／構成図／脅威モデル／コーパス台帳／評価報告／既知の制約／運用手順書として残します。当該規則を評価するgold evidenceがないslice、標本不足のslice、負荷条件が異なるrunは合否集計から分離し、他sliceの平均結果を外挿しない。 に限定できるため、APPROPRIATE_NORMATIVEと判定します。,公開判断を口頭説明だけにせず、システム概要、構成図、脅威モデル、コーパス台帳、評価報告、既知の制約、運用手順書として残します。 判断対象は、公開判断を口頭説明だけにせず、システム概要、構成図、脅威モデル、コーパス台帳、評価報告、既知の制約、運用手順書として残すことを定める評価・採否規則です。外部資料から一般的な効果を導くのではなく、次の検査を受入条件とします。公開承認時にsystem overview、architecture diagram、threat model、corpus register、evaluation report、known limitations、operation runbookの七成果物を同じrelease IDへ結び、owner承認とversionを確認します。 適用除外は次の場合に限定します。機密情報を含む成果物はaccess制限版またはredacted版にできますが、成果物の存在、owner、version、承認記録を口頭説明だけで代替しません。 受入条件と例外境界を台帳で検査できるため、APPROPRIATE_NORMATIVEと判定します。,SENT-3607の規則種別、受入条件、例外境界を完成した日本語で説明し、slash連結された理由文を除去する。
SENT-3609,verdict_reason,評価報告には、試した質問スライス、攻撃、安全条件、性能、費用、未解決事項を含めます。 この記述は 評価報告には／試した質問スライス／攻撃／安全条件／性能／費用／未解決事項を含めます を本ガイドの設計・評価・運用へ適用する規則で、外部研究の効果を一般化する文ではありません。履行を evaluation reportにquery slice、attack fixture、安全gate、quality/performance metric、cost、unresolved issueをそれぞれ一項目以上記載し、元run IDへリンクできることを確認する。 により観測し、適用除外を 対象systemにtoolやonline trafficがないため適用不能な項目は理由付きで対象外にできるが、未測定値を空欄のまま承認しない。 に限定できるため、APPROPRIATE_NORMATIVEと判定します。,評価報告には、試した質問スライス、攻撃、安全条件、性能、費用、未解決事項を含めます。 判断対象は、評価報告には、試した質問スライス、攻撃、安全条件、性能、費用、未解決事項を含めることを定める安全性・アクセス制御規則です。外部資料から一般的な効果を導くのではなく、次の検査を受入条件とします。evaluation reportにquery slice、attack fixture、安全gate、quality/performance metric、cost、unresolved issueをそれぞれ一項目以上記載し、元run IDへリンクできることを確認する。 適用除外は次の場合に限定します。対象systemにtoolやonline trafficがないため適用不能な項目は理由付きで対象外にできるが、未測定値を空欄のまま承認しない。 受入条件と例外境界を台帳で検査できるため、APPROPRIATE_NORMATIVEと判定します。,SENT-3609の規則種別、受入条件、例外境界を完成した日本語で説明し、slash連結された理由文を除去する。
SENT-3610,verdict_reason,モデルとデータの報告枠組みを、検索、生成、ツールを組み合わせたRAG全体へ拡張します。 この記述は モデルとデータの報告枠組みを／検索／生成／ツールを組み合わせたRAG全体へ拡張します を本ガイドの設計・評価・運用へ適用する規則で、外部研究の効果を一般化する文ではありません。履行を RAG全体のreportにretriever、generator、tool、data sourceのversion、用途、評価結果、制約、ownerを含め、単体model cardだけでsystem適合性を承認しない。 により観測し、適用除外を toolまたはgenerationを持たない構成では該当欄をnot-applicableにできるが、存在するcomponentのversionと制約は省略しない。 に限定できるため、APPROPRIATE_NORMATIVEと判定します。,モデルとデータの報告枠組みを、検索、生成、ツールを組み合わせたRAG全体へ拡張します。 判断対象は、モデルとデータの報告枠組みを、検索、生成、ツールを組み合わせたRAG全体へ拡張することを定める運用規則です。外部資料から一般的な効果を導くのではなく、次の検査を受入条件とします。RAG全体のreportにretriever、generator、tool、data sourceのversion、用途、評価結果、制約、ownerを含め、単体model cardだけでsystem適合性を承認しない。 適用除外は次の場合に限定します。toolまたはgenerationを持たない構成では該当欄をnot-applicableにできるが、存在するcomponentのversionと制約は省略しない。 受入条件と例外境界を台帳で検査できるため、APPROPRIATE_NORMATIVEと判定します。,SENT-3610の規則種別、受入条件、例外境界を完成した日本語で説明し、slash連結された理由文を除去する。
SENT-3613,verdict_reason,新しい情報源、モデル、埋め込み、解析器、ツール、会話記憶の方針を、変更種類として登録します。 この記述は 新しい情報源／モデル／埋め込み／解析器／ツール／会話記憶の方針を／変更種類として登録します を本ガイドの設計・評価・運用へ適用する規則で、外部研究の効果を一般化する文ではありません。履行を source、generation model、embedding、parser、tool、conversation memory policyをchange typeとしてregistryへ登録し、各変更にowner、risk、test plan、rollback先を必須化する。 により観測し、適用除外を 文言だけの変更はtechnical testを簡略化できるが、利用範囲やpolicy意味が変わる場合は該当change typeとして扱う。 に限定できるため、APPROPRIATE_NORMATIVEと判定します。,新しい情報源、モデル、埋め込み、解析器、ツール、会話記憶の方針を、変更種類として登録します。 判断対象は、新しい情報源、モデル、埋め込み、解析器、ツール、会話記憶の方針を、変更種類として登録することを定める運用規則です。外部資料から一般的な効果を導くのではなく、次の検査を受入条件とします。source、generation model、embedding、parser、tool、conversation memory policyをchange typeとしてregistryへ登録し、各変更にowner、risk、test plan、rollback先を必須化する。 適用除外は次の場合に限定します。文言だけの変更はtechnical testを簡略化できるが、利用範囲やpolicy意味が変わる場合は該当change typeとして扱う。 受入条件と例外境界を台帳で検査できるため、APPROPRIATE_NORMATIVEと判定します。,SENT-3613の規則種別、受入条件、例外境界を完成した日本語で説明し、slash連結された理由文を除去する。
SENT-3630,normative_criteria,検証対象は次の条件です: これはRAGの比較実験ではなく立場を論じた論文であるため／個別の数値基準としてではなく／見直し項目を決める際の観点として使います。当該規則に挙げた選択肢を同じdataset version、query slice、gold evidence、負荷条件で比較し、対象sliceごとの品質・latency・costを一つのresult tableへ記録する。,当該position paperからは見直し観点だけをreview checklistへ採用し、品質・latency・costの数値閾値には別のempirical sourceまたは対象環境の測定結果を割り当てます。,SENT-3630の主体、観測方法、合格条件または例外契機を通常の日本語で明示し、payload注入型の共通shellを除去する。
SENT-3630,exceptions,例外判断で参照する条件は次のとおりです: これはRAGの比較実験ではなく立場を論じた論文であるため／個別の数値基準としてではなく／見直し項目を決める際の観点として使います。当該規則を評価するgold evidenceがないslice、標本不足のslice、負荷条件が異なるrunは合否集計から分離し、他sliceの平均結果を外挿しない。,position paperが例示する数値を紹介する場合も比較実験の結果とは表示せず、意見・問題提起としてのsource roleと適用範囲を明記します。,SENT-3630の主体、観測方法、合格条件または例外契機を通常の日本語で明示し、payload注入型の共通shellを除去する。
SENT-3630,verdict_reason,これはRAGの比較実験ではなく立場を論じた論文であるため、個別の数値基準としてではなく、見直し項目を決める際の観点として使います。 この記述は これはRAGの比較実験ではなく立場を論じた論文であるため／個別の数値基準としてではなく／見直し項目を決める際の観点として使います を本ガイドの設計・評価・運用へ適用する規則で、外部研究の効果を一般化する文ではありません。履行を 検証対象は次の条件です: これはRAGの比較実験ではなく立場を論じた論文であるため／個別の数値基準としてではなく／見直し項目を決める際の観点として使います。当該規則に挙げた選択肢を同じdataset version、query slice、gold evidence、負荷条件で比較し、対象sliceごとの品質・latency・costを一つのresult tableへ記録する。 により観測し、適用除外を 例外判断で参照する条件は次のとおりです: これはRAGの比較実験ではなく立場を論じた論文であるため／個別の数値基準としてではなく／見直し項目を決める際の観点として使います。当該規則を評価するgold evidenceがないslice、標本不足のslice、負荷条件が異なるrunは合否集計から分離し、他sliceの平均結果を外挿しない。 に限定できるため、APPROPRIATE_NORMATIVEと判定します。,これはRAGの比較実験ではなく立場を論じた論文であるため、個別の数値基準としてではなく、見直し項目を決める際の観点として使います。 判断対象は、これはRAGの比較実験ではなく立場を論じた論文であるため、個別の数値基準としてではなく、見直し項目を決める際の観点として使うことを定める評価・採否規則です。外部資料から一般的な効果を導くのではなく、次の検査を受入条件とします。当該position paperからは見直し観点だけをreview checklistへ採用し、品質・latency・costの数値閾値には別のempirical sourceまたは対象環境の測定結果を割り当てます。 適用除外は次の場合に限定します。position paperが例示する数値を紹介する場合も比較実験の結果とは表示せず、意見・問題提起としてのsource roleと適用範囲を明記します。 受入条件と例外境界を台帳で検査できるため、APPROPRIATE_NORMATIVEと判定します。,SENT-3630の規則種別、受入条件、例外境界を完成した日本語で説明し、slash連結された理由文を除去する。
SENT-3631,verdict_reason,改善が難しい、利用価値が低下した、代替手段が優れる場合は、利用範囲の縮小や廃止も選択します。 この記述は 改善が難しい／利用価値が低下した／代替手段が優れる場合は／利用範囲の縮小や廃止も選択します を本ガイドの設計・評価・運用へ適用する規則で、外部研究の効果を一般化する文ではありません。履行を 改善難度、利用価値、代替手段を定期reviewで評価し、廃止閾値を満たす機能についてscope縮小、read-only化、停止の候補と移行先を記録する。 により観測し、適用除外を 法令または契約で継続が必要な機能は即時廃止せず隔離・縮小できるが、低価値を理由に無期限維持しない。 に限定できるため、APPROPRIATE_NORMATIVEと判定します。,改善が難しい、利用価値が低下した、代替手段が優れる場合は、利用範囲の縮小や廃止も選択します。 判断対象は、改善が難しい、利用価値が低下した、代替手段が優れる場合は、利用範囲の縮小や廃止も選択することを定める運用規則です。外部資料から一般的な効果を導くのではなく、次の検査を受入条件とします。改善難度、利用価値、代替手段を定期reviewで評価し、廃止閾値を満たす機能についてscope縮小、read-only化、停止の候補と移行先を記録する。 適用除外は次の場合に限定します。法令または契約で継続が必要な機能は即時廃止せず隔離・縮小できるが、低価値を理由に無期限維持しない。 受入条件と例外境界を台帳で検査できるため、APPROPRIATE_NORMATIVEと判定します。,SENT-3631の規則種別、受入条件、例外境界を完成した日本語で説明し、slash連結された理由文を除去する。
SENT-3643,normative_criteria,検証対象は次の条件です: 疎検索と密検索の併用／再順位付け／引用／回答保留／トレースを備え／主要な失敗を正解付き評価データで再現できる状態が目安です。当該規則に含まれるretriever、candidate数、rank処理を固定したtest queryを実行し、統合前後のcandidate ID・rank・score変換が記述した順序と選択規則に一致することを確認する。,疎検索と密検索の併用、再順位付け、引用、回答保留、トレースを備え、主要な失敗を正解付き評価データで再現できる状態が目安であることを定める評価・採否規則について、この規則に含まれるretriever、candidate数、rank処理を固定したtest queryを実行し、統合前後のcandidate ID・rank・score変換が記述した順序と選択規則に一致することを確認する。,SENT-3643の主体、観測方法、合格条件または例外契機を通常の日本語で明示し、payload注入型の共通shellを除去する。
SENT-3643,exceptions,例外判断で参照する条件は次のとおりです: 疎検索と密検索の併用／再順位付け／引用／回答保留／トレースを備え／主要な失敗を正解付き評価データで再現できる状態が目安です。当該規則を評価するgold evidenceがないslice、標本不足のslice、負荷条件が異なるrunは合否集計から分離し、他sliceの平均結果を外挿しない。,疎検索と密検索の併用、再順位付け、引用、回答保留、トレースを備え、主要な失敗を正解付き評価データで再現できる状態が目安であることを定める評価・採否規則の例外として、判定に必要なgold evidenceがないslice、標本不足のslice、負荷条件が異なるrunは合否集計から分離し、他sliceの平均結果を外挿しない。,SENT-3643の主体、観測方法、合格条件または例外契機を通常の日本語で明示し、payload注入型の共通shellを除去する。
SENT-3643,verdict_reason,疎検索と密検索の併用、再順位付け、引用、回答保留、トレースを備え、主要な失敗を正解付き評価データで再現できる状態が目安です。 この記述は 疎検索と密検索の併用／再順位付け／引用／回答保留／トレースを備え／主要な失敗を正解付き評価データで再現できる状態が目安です を本ガイドの設計・評価・運用へ適用する規則で、外部研究の効果を一般化する文ではありません。履行を 検証対象は次の条件です: 疎検索と密検索の併用／再順位付け／引用／回答保留／トレースを備え／主要な失敗を正解付き評価データで再現できる状態が目安です。当該規則に含まれるretriever、candidate数、rank処理を固定したtest queryを実行し、統合前後のcandidate ID・rank・score変換が記述した順序と選択規則に一致することを確認する。 により観測し、適用除外を 例外判断で参照する条件は次のとおりです: 疎検索と密検索の併用／再順位付け／引用／回答保留／トレースを備え／主要な失敗を正解付き評価データで再現できる状態が目安です。当該規則を評価するgold evidenceがないslice、標本不足のslice、負荷条件が異なるrunは合否集計から分離し、他sliceの平均結果を外挿しない。 に限定できるため、APPROPRIATE_NORMATIVEと判定します。,疎検索と密検索の併用、再順位付け、引用、回答保留、トレースを備え、主要な失敗を正解付き評価データで再現できる状態が目安です。 判断対象は、疎検索と密検索の併用、再順位付け、引用、回答保留、トレースを備え、主要な失敗を正解付き評価データで再現できる状態が目安であることを定める評価・採否規則です。外部資料から一般的な効果を導くのではなく、次の検査を受入条件とします。疎検索と密検索の併用、再順位付け、引用、回答保留、トレースを備え、主要な失敗を正解付き評価データで再現できる状態が目安であることを定める評価・採否規則について、この規則に含まれるretriever、candidate数、rank処理を固定したtest queryを実行し、統合前後のcandidate ID・rank・score変換が記述した順序と選択規則に一致することを確認する。 適用除外は次の場合に限定します。疎検索と密検索の併用、再順位付け、引用、回答保留、トレースを備え、主要な失敗を正解付き評価データで再現できる状態が目安であることを定める評価・採否規則の例外として、判定に必要なgold evidenceがないslice、標本不足のslice、負荷条件が異なるrunは合否集計から分離し、他sliceの平均結果を外挿しない。 受入条件と例外境界を台帳で検査できるため、APPROPRIATE_NORMATIVEと判定します。,SENT-3643の規則種別、受入条件、例外境界を完成した日本語で説明し、slash連結された理由文を除去する。
SENT-3649,verdict_reason,元の質問、変換後の質問、取得チャンク、再順位付け結果、最終コンテキスト、回答、引用、遅延、費用をトレースで結びます。 この記述は 元の質問／変換後の質問／取得チャンク／再順位付け結果／最終コンテキスト／回答／引用／遅延／費用を同じtrace IDで結び付けます を本ガイドの設計・評価・運用へ適用する規則で、外部研究の効果を一般化する文ではありません。履行を 元の質問、変換後の質問、取得チャンク、再順位付け結果、最終コンテキスト、回答、引用、遅延、費用を同じtrace IDで保存し、回答から全段階を欠損なく逆引きできることを確認する。 により観測し、適用除外を 保存制約のある本文は承認済みのハッシュまたは仮名化参照へ置換できるが、段階間のtrace ID連結は保持する。 に限定できるため、APPROPRIATE_NORMATIVEと判定します。,元の質問、変換後の質問、取得チャンク、再順位付け結果、最終コンテキスト、回答、引用、遅延、費用をトレースで結びます。 判断対象は、元の質問、変換後の質問、取得チャンク、再順位付け結果、最終コンテキスト、回答、引用、遅延、費用を同じtrace IDで結び付けることを定める評価・採否規則です。外部資料から一般的な効果を導くのではなく、次の検査を受入条件とします。元の質問、変換後の質問、取得チャンク、再順位付け結果、最終コンテキスト、回答、引用、遅延、費用を同じtrace IDで保存し、回答から全段階を欠損なく逆引きできることを確認する。 適用除外は次の場合に限定します。保存制約のある本文は承認済みのハッシュまたは仮名化参照へ置換できるが、段階間のtrace ID連結は保持する。 受入条件と例外境界を台帳で検査できるため、APPROPRIATE_NORMATIVEと判定します。,SENT-3649の規則種別、受入条件、例外境界を完成した日本語で説明し、slash連結された理由文を除去する。
SENT-3651,verdict_reason,RAGCheckerのように回答を主張単位で調べると、根拠を取得できなかった失敗と、取得した根拠を生成モデルが使わなかった失敗を分けられます。 検証対象として RAGChecker型のclaim-level評価では／gold evidenceがretrieval結果へ入らなかったfailureと／取得済みevidenceをgeneratorが利用しなかったfailureを別labelにできます を区別し、この文が断定する evidence_support=true と関係 NOT_APPLICABLE について、資料候補の記録は SRC-110 https://arxiv.org/abs/2408.08067 — abstract inspected 2026-08-15; 現主張への直接locatorは未確定 ですが、現主張を再特定する直接locatorは未確定です。そこで主体・対象・条件を保った RAGChecker型のclaim-level評価では、gold evidenceがretrieval結果へ入らなかったfailureと、取得済みevidenceをgeneratorが利用しなかったfailureを別labelにできます。 へ変更し、未確認の一般化または因果を本文から外すためREWRITE_REQUIREDと判定します。,RAGCheckerのように回答を主張単位で調べると、根拠を取得できなかった失敗と、取得した根拠を生成モデルが使わなかった失敗を分けられます。 判断対象は、RAGChecker型のclaim-level評価では、gold evidenceがretrieval結果へ入らなかったfailureと、取得済みevidenceをgeneratorが利用しなかったfailureを別labelにできることに限定した修正です。現文のevidence_support=trueと関係NOT_APPLICABLEには、候補資料は記録されていますが、現主張を再特定する直接locatorは未確定です。修正後は次の文とします。RAGChecker型のclaim-level評価では、gold evidenceがretrieval結果へ入らなかったfailureと、取得済みevidenceをgeneratorが利用しなかったfailureを別labelにできます。 この限定で主体・対象・条件を保ちながら未確認の一般化または因果を除くため、REWRITE_REQUIREDと判定します。,SENT-3651の規則種別、受入条件、例外境界を完成した日本語で説明し、slash連結された理由文を除去する。
SENT-3680,verdict_reason,RAGと長文入力を比較する研究は、質問とモデルの確信に応じた経路選択も扱っています。 検証対象として Retrieval Augmented Generation or Long-Context LLMs?は／同研究のquestionとmodelについて／model confidenceに応じてRAG経路とlong-context経路を選ぶhybrid方法を評価しています を区別し、この文が断定する UNFORMALIZED_NATURAL_LANGUAGE_CLAIM と関係 NOT_APPLICABLE について、資料候補の記録は SRC-059 https://arxiv.org/abs/2407.16833 — abstract inspected 2026-08-15; 現主張への直接locatorは未確定 ですが、現主張を再特定する直接locatorは未確定です。そこで主体・対象・条件を保った Retrieval Augmented Generation or Long-Context LLMs?は、同研究のquestionとmodelについて、model confidenceに応じてRAG経路とlong-context経路を選ぶhybrid方法を評価しています。 へ変更し、未確認の一般化または因果を本文から外すためREWRITE_REQUIREDと判定します。,RAGと長文入力を比較する研究は、質問とモデルの確信に応じた経路選択も扱っています。 判断対象は、Retrieval Augmented Generation or Long-Context LLMs?は、同研究のquestionとmodelについて、model confidenceに応じてRAG経路とlong-context経路を選ぶhybrid方法を評価していることに限定した修正です。現文のUNFORMALIZED_NATURAL_LANGUAGE_CLAIMと関係NOT_APPLICABLEには、候補資料は記録されていますが、現主張を再特定する直接locatorは未確定です。修正後は次の文とします。Retrieval Augmented Generation or Long-Context LLMs?は、同研究のquestionとmodelについて、model confidenceに応じてRAG経路とlong-context経路を選ぶhybrid方法を評価しています。 この限定で主体・対象・条件を保ちながら未確認の一般化または因果を除くため、REWRITE_REQUIREDと判定します。,SENT-3680の規則種別、受入条件、例外境界を完成した日本語で説明し、slash連結された理由文を除去する。
SENT-3690,verdict_reason,すべての質問を同じ高価な処理へ送り、最終回答だけで検索と生成の改善を判断することも避けます。 この記述は すべての質問を同じ高価な処理へ送り／最終回答だけで検索と生成の改善を判断することも避けます を本ガイドの設計・評価・運用へ適用する規則で、外部研究の効果を一般化する文ではありません。履行を query type別routerを設け、単純質問を高費用経路へ送らないことを確認する。評価ではretrieval、reranking、generationを別metricで測り、final answerだけで改善工程を決めない。 により観測し、適用除外を 安全性の高いqueryを常に強化経路へ送る方針は認めるが、対象risk classと追加費用を明示する。 に限定できるため、APPROPRIATE_NORMATIVEと判定します。,すべての質問を同じ高価な処理へ送り、最終回答だけで検索と生成の改善を判断することも避けます。 判断対象は、すべての質問を同じ高価な処理へ送り、最終回答だけで検索と生成の改善を判断することも避けることを定めるローカル設計規則です。外部資料から一般的な効果を導くのではなく、次の検査を受入条件とします。query type別routerを設け、単純質問を高費用経路へ送らないことを確認する。評価ではretrieval、reranking、generationを別metricで測り、final answerだけで改善工程を決めない。 適用除外は次の場合に限定します。安全性の高いqueryを常に強化経路へ送る方針は認めるが、対象risk classと追加費用を明示する。 受入条件と例外境界を台帳で検査できるため、APPROPRIATE_NORMATIVEと判定します。,SENT-3690の規則種別、受入条件、例外境界を完成した日本語で説明し、slash連結された理由文を除去する。
SENT-3691,verdict_reason,Modular RAGは構成要素を組み替える考え方を示しますが、明確な入出力、個別評価、切り戻しがなければ複雑さだけが増えます。 検証対象として Modular RAGの各部品には入出力／個別評価／feature flag／切り戻し先を定義し／同じ受入条件を単純構成が満たす場合は部品を追加しません を区別し、この文が断定する evaluation=true と関係 NOT_APPLICABLE について、資料候補の記録は SRC-140 https://arxiv.org/abs/2407.21059 — abstract inspected 2026-08-15; 現主張への直接locatorは未確定 ですが、現主張を再特定する直接locatorは未確定です。そこで主体・対象・条件を保った Modular RAGの各部品には入出力、個別評価、feature flag、切り戻し先を定義し、同じ受入条件を単純構成が満たす場合は部品を追加しません。 へ変更し、未確認の一般化または因果を本文から外すためREWRITE_REQUIREDと判定します。,Modular RAGは構成要素を組み替える考え方を示しますが、明確な入出力、個別評価、切り戻しがなければ複雑さだけが増えます。 判断対象は、Modular RAGの各部品には入出力、個別評価、feature flag、切り戻し先を定義し、同じ受入条件を単純構成が満たす場合は部品を追加しないことに限定した修正です。現文のevaluation=trueと関係NOT_APPLICABLEには、候補資料は記録されていますが、現主張を再特定する直接locatorは未確定です。修正後は次の文とします。Modular RAGの各部品には入出力、個別評価、feature flag、切り戻し先を定義し、同じ受入条件を単純構成が満たす場合は部品を追加しません。 この限定で主体・対象・条件を保ちながら未確認の一般化または因果を除くため、REWRITE_REQUIREDと判定します。,SENT-3691の規則種別、受入条件、例外境界を完成した日本語で説明し、slash連結された理由文を除去する。
SENT-3692,verdict_reason,一変更ずつ要素除去実験を行い、対象失敗を改善しない部品は外します。 この記述は 一変更ずつ要素除去実験を行い／対象失敗を改善しない部品は外します を本ガイドの設計・評価・運用へ適用する規則で、外部研究の効果を一般化する文ではありません。履行を 追加componentを一つずつ無効化するablation runを行い、対象failure metricを改善せず品質・latency・costのいずれかを悪化させるcomponentを構成から外す。 により観測し、適用除外を security controlは平均品質への寄与がなくてもrisk低減を別testで示せれば保持できるが、評価なしでは例外にしない。 に限定できるため、APPROPRIATE_NORMATIVEと判定します。,一変更ずつ要素除去実験を行い、対象失敗を改善しない部品は外します。 判断対象は、一変更ずつ要素除去実験を行い、対象失敗を改善しない部品は外すことを定める運用規則です。外部資料から一般的な効果を導くのではなく、次の検査を受入条件とします。追加componentを一つずつ無効化するablation runを行い、対象failure metricを改善せず品質・latency・costのいずれかを悪化させるcomponentを構成から外す。 適用除外は次の場合に限定します。security controlは平均品質への寄与がなくてもrisk低減を別testで示せれば保持できるが、評価なしでは例外にしない。 受入条件と例外境界を台帳で検査できるため、APPROPRIATE_NORMATIVEと判定します。,SENT-3692の規則種別、受入条件、例外境界を完成した日本語で説明し、slash連結された理由文を除去する。
SENT-3693,verdict_reason,手法名を成果として報告しません。 この記述は 手法名を成果として報告しません を本ガイドの設計・評価・運用へ適用する規則で、外部研究の効果を一般化する文ではありません。履行を 実験reportには手法名ではなくbaseline差分、対象query slice、品質・latency・cost・riskの結果、失敗例を記載し、手法を導入した事実だけを成果欄へ書かない。 により観測し、適用除外を 探索段階では手法名をcandidate labelに使えるが、release成果には測定結果と受入条件の達成を必要とする。 に限定できるため、APPROPRIATE_NORMATIVEと判定します。,手法名を成果として報告しません。 判断対象は、手法名を成果として報告しないことを定めるローカル設計規則です。外部資料から一般的な効果を導くのではなく、次の検査を受入条件とします。実験reportには手法名ではなくbaseline差分、対象query slice、品質・latency・cost・riskの結果、失敗例を記載し、手法を導入した事実だけを成果欄へ書かない。 適用除外は次の場合に限定します。探索段階では手法名をcandidate labelに使えるが、release成果には測定結果と受入条件の達成を必要とする。 受入条件と例外境界を台帳で検査できるため、APPROPRIATE_NORMATIVEと判定します。,SENT-3693の規則種別、受入条件、例外境界を完成した日本語で説明し、slash連結された理由文を除去する。
SENT-3716,verdict_reason,実際の負荷は実装、インデックス規模、更新頻度によって変わるため、矢印を論文間の実測順位とは解釈しません。 この記述は 実際の負荷は実装／インデックス規模／更新頻度によって変わるため／矢印を論文間の実測順位とは解釈しません を本ガイドの設計・評価・運用へ適用する規則で、外部研究の効果を一般化する文ではありません。履行を 方式比較図の矢印には『概念上の複雑性』など軸の意味を明記し、異なる論文のreported numberを同一条件の実測順位として並べない。 により観測し、適用除外を 同一dataset、hardware、implementation、metricで再測定した方式は実測順位を表示できるが、測定条件を図注へ記載する。 に限定できるため、APPROPRIATE_NORMATIVEと判定します。,実際の負荷は実装、インデックス規模、更新頻度によって変わるため、矢印を論文間の実測順位とは解釈しません。 判断対象は、実際の負荷は実装、インデックス規模、更新頻度によって変わるため、矢印を論文間の実測順位とは解釈しないことを定める評価・採否規則です。外部資料から一般的な効果を導くのではなく、次の検査を受入条件とします。方式比較図の矢印には『概念上の複雑性』など軸の意味を明記し、異なる論文のreported numberを同一条件の実測順位として並べない。 適用除外は次の場合に限定します。同一dataset、hardware、implementation、metricで再測定した方式は実測順位を表示できるが、測定条件を図注へ記載する。 受入条件と例外境界を台帳で検査できるため、APPROPRIATE_NORMATIVEと判定します。,SENT-3716の規則種別、受入条件、例外境界を完成した日本語で説明し、slash連結された理由文を除去する。
SENT-3718,normative_criteria,検証対象は次の条件です: 学習対象と効果を分離して比較できない場合は／検索器と生成モデルを同時に変更しません。当該規則に挙げた選択肢を同じdataset version、query slice、gold evidence、負荷条件で比較し、対象sliceごとの品質・latency・costを一つのresult tableへ記録する。,学習対象と効果を分離して比較できない場合は、検索器と生成モデルを同時に変更しないことを定める評価・採否規則について、この規則に挙げた選択肢を同じdataset version、query slice、gold evidence、負荷条件で比較し、対象sliceごとの品質・latency・costを一つのresult tableへ記録する。,SENT-3718の主体、観測方法、合格条件または例外契機を通常の日本語で明示し、payload注入型の共通shellを除去する。
SENT-3718,exceptions,例外判断で参照する条件は次のとおりです: 学習対象と効果を分離して比較できない場合は／検索器と生成モデルを同時に変更しません。当該規則を評価するgold evidenceがないslice、標本不足のslice、負荷条件が異なるrunは合否集計から分離し、他sliceの平均結果を外挿しない。,学習対象と効果を分離して比較できない場合は、検索器と生成モデルを同時に変更しないことを定める評価・採否規則の例外として、判定に必要なgold evidenceがないslice、標本不足のslice、負荷条件が異なるrunは合否集計から分離し、他sliceの平均結果を外挿しない。,SENT-3718の主体、観測方法、合格条件または例外契機を通常の日本語で明示し、payload注入型の共通shellを除去する。
SENT-3718,verdict_reason,学習対象と効果を分離して比較できない場合は、検索器と生成モデルを同時に変更しません。 この記述は 学習対象と効果を分離して比較できない場合は／検索器と生成モデルを同時に変更しません を本ガイドの設計・評価・運用へ適用する規則で、外部研究の効果を一般化する文ではありません。履行を 検証対象は次の条件です: 学習対象と効果を分離して比較できない場合は／検索器と生成モデルを同時に変更しません。当該規則に挙げた選択肢を同じdataset version、query slice、gold evidence、負荷条件で比較し、対象sliceごとの品質・latency・costを一つのresult tableへ記録する。 により観測し、適用除外を 例外判断で参照する条件は次のとおりです: 学習対象と効果を分離して比較できない場合は／検索器と生成モデルを同時に変更しません。当該規則を評価するgold evidenceがないslice、標本不足のslice、負荷条件が異なるrunは合否集計から分離し、他sliceの平均結果を外挿しない。 に限定できるため、APPROPRIATE_NORMATIVEと判定します。,学習対象と効果を分離して比較できない場合は、検索器と生成モデルを同時に変更しません。 判断対象は、学習対象と効果を分離して比較できない場合は、検索器と生成モデルを同時に変更しないことを定める評価・採否規則です。外部資料から一般的な効果を導くのではなく、次の検査を受入条件とします。学習対象と効果を分離して比較できない場合は、検索器と生成モデルを同時に変更しないことを定める評価・採否規則について、この規則に挙げた選択肢を同じdataset version、query slice、gold evidence、負荷条件で比較し、対象sliceごとの品質・latency・costを一つのresult tableへ記録する。 適用除外は次の場合に限定します。学習対象と効果を分離して比較できない場合は、検索器と生成モデルを同時に変更しないことを定める評価・採否規則の例外として、判定に必要なgold evidenceがないslice、標本不足のslice、負荷条件が異なるrunは合否集計から分離し、他sliceの平均結果を外挿しない。 受入条件と例外境界を台帳で検査できるため、APPROPRIATE_NORMATIVEと判定します。,SENT-3718の規則種別、受入条件、例外境界を完成した日本語で説明し、slash連結された理由文を除去する。
SENT-3719,normative_criteria,検証対象は次の条件です: 検索漏れが原因なら検索器を／正しい根拠があるのに無視するなら生成モデルを主な対象にします。当該規則で指定した検索経路と分岐条件をtraceへ記録し、条件を満たすfixtureと満たさないfixtureで、選択retriever、candidate集合、fallback先が期待値に一致することを確認する。,検索漏れが原因なら検索器を、正しい根拠があるのに無視するなら生成モデルを主な対象にすることを定める検索・経路選択規則について、この規則で指定した検索経路と分岐条件をtraceへ記録し、条件を満たすfixtureと満たさないfixtureで、選択retriever、candidate集合、fallback先が期待値に一致することを確認する。,SENT-3719の主体、観測方法、合格条件または例外契機を通常の日本語で明示し、payload注入型の共通shellを除去する。
SENT-3719,exceptions,例外判断で参照する条件は次のとおりです: 検索漏れが原因なら検索器を／正しい根拠があるのに無視するなら生成モデルを主な対象にします。当該規則より単純な経路が同じ品質・安全性・latency・costのgateを満たす場合は代替できるが、分岐、fallback、artifact provenanceを失う省略は行わない。,検索漏れが原因なら検索器を、正しい根拠があるのに無視するなら生成モデルを主な対象にすることを定める検索・経路選択規則の例外として、この規則より単純な経路が同じ品質・安全性・latency・costのgateを満たす場合は代替できるが、分岐、fallback、artifact provenanceを失う省略は行わない。,SENT-3719の主体、観測方法、合格条件または例外契機を通常の日本語で明示し、payload注入型の共通shellを除去する。
SENT-3719,verdict_reason,検索漏れが原因なら検索器を、正しい根拠があるのに無視するなら生成モデルを主な対象にします。 この記述は 検索漏れが原因なら検索器を／正しい根拠があるのに無視するなら生成モデルを主な対象にします を本ガイドの設計・評価・運用へ適用する規則で、外部研究の効果を一般化する文ではありません。履行を 検証対象は次の条件です: 検索漏れが原因なら検索器を／正しい根拠があるのに無視するなら生成モデルを主な対象にします。当該規則で指定した検索経路と分岐条件をtraceへ記録し、条件を満たすfixtureと満たさないfixtureで、選択retriever、candidate集合、fallback先が期待値に一致することを確認する。 により観測し、適用除外を 例外判断で参照する条件は次のとおりです: 検索漏れが原因なら検索器を／正しい根拠があるのに無視するなら生成モデルを主な対象にします。当該規則より単純な経路が同じ品質・安全性・latency・costのgateを満たす場合は代替できるが、分岐、fallback、artifact provenanceを失う省略は行わない。 に限定できるため、APPROPRIATE_NORMATIVEと判定します。,検索漏れが原因なら検索器を、正しい根拠があるのに無視するなら生成モデルを主な対象にします。 判断対象は、検索漏れが原因なら検索器を、正しい根拠があるのに無視するなら生成モデルを主な対象にすることを定める検索・経路選択規則です。外部資料から一般的な効果を導くのではなく、次の検査を受入条件とします。検索漏れが原因なら検索器を、正しい根拠があるのに無視するなら生成モデルを主な対象にすることを定める検索・経路選択規則について、この規則で指定した検索経路と分岐条件をtraceへ記録し、条件を満たすfixtureと満たさないfixtureで、選択retriever、candidate集合、fallback先が期待値に一致することを確認する。 適用除外は次の場合に限定します。検索漏れが原因なら検索器を、正しい根拠があるのに無視するなら生成モデルを主な対象にすることを定める検索・経路選択規則の例外として、この規則より単純な経路が同じ品質・安全性・latency・costのgateを満たす場合は代替できるが、分岐、fallback、artifact provenanceを失う省略は行わない。 受入条件と例外境界を台帳で検査できるため、APPROPRIATE_NORMATIVEと判定します。,SENT-3719の規則種別、受入条件、例外境界を完成した日本語で説明し、slash連結された理由文を除去する。
SENT-3736,verdict_reason,先にデータ整備、検索方式、再順位付け、配置、プロンプトを改善し、上流の失敗を重み更新で覆わないようにします。 この記述は 先にデータ整備／検索方式／再順位付け／配置／プロンプトを改善し／上流の失敗を重み更新で覆わないようにします を本ガイドの設計・評価・運用へ適用する規則で、外部研究の効果を一般化する文ではありません。履行を failure queryについてdata、retrieval、reranking、placement、promptを順に修正してstage別metricを再測定し、upstreamにgold evidenceがない状態をmodel weight updateだけで合格にしない。 により観測し、適用除外を upstreamが全guardrailを満たした後に残るgeneration failureにはweight updateを検討できるが、順序と診断結果を記録する。 に限定できるため、APPROPRIATE_NORMATIVEと判定します。,先にデータ整備、検索方式、再順位付け、配置、プロンプトを改善し、上流の失敗を重み更新で覆わないようにします。 判断対象は、先にデータ整備、検索方式、再順位付け、配置、プロンプトを改善し、上流の失敗を重み更新で覆わないようにすることを定める運用規則です。外部資料から一般的な効果を導くのではなく、次の検査を受入条件とします。failure queryについてdata、retrieval、reranking、placement、promptを順に修正してstage別metricを再測定し、upstreamにgold evidenceがない状態をmodel weight updateだけで合格にしない。 適用除外は次の場合に限定します。upstreamが全guardrailを満たした後に残るgeneration failureにはweight updateを検討できるが、順序と診断結果を記録する。 受入条件と例外境界を台帳で検査できるため、APPROPRIATE_NORMATIVEと判定します。,SENT-3736の規則種別、受入条件、例外境界を完成した日本語で説明し、slash連結された理由文を除去する。
SENT-3741,verdict_reason,モデルとインデックスを同時に変えると改善原因を判別できないため、互換性の表を持ち、独立して戻せるようにします。 この記述は モデルとインデックスを同時に変えると改善原因を判別できないため／互換性の表を持ち／独立して戻せるようにします を本ガイドの設計・評価・運用へ適用する規則で、外部研究の効果を一般化する文ではありません。履行を model versionとindex versionのcompatibility matrixを持ち、各組合せの読取り可否を試験する。切替手順ではmodelとindexを別々に旧versionへ戻せることを確認する。 により観測し、適用除外を interface非互換で同時切替が必要なreleaseはatomic deploymentとして扱えるが、改善原因を個別要素へ帰属させない。 に限定できるため、APPROPRIATE_NORMATIVEと判定します。,モデルとインデックスを同時に変えると改善原因を判別できないため、互換性の表を持ち、独立して戻せるようにします。 判断対象は、モデルとインデックスを同時に変えると改善原因を判別できないため、互換性の表を持ち、独立して戻せるようにすることを定める運用規則です。外部資料から一般的な効果を導くのではなく、次の検査を受入条件とします。model versionとindex versionのcompatibility matrixを持ち、各組合せの読取り可否を試験する。切替手順ではmodelとindexを別々に旧versionへ戻せることを確認する。 適用除外は次の場合に限定します。interface非互換で同時切替が必要なreleaseはatomic deploymentとして扱えるが、改善原因を個別要素へ帰属させない。 受入条件と例外境界を台帳で検査できるため、APPROPRIATE_NORMATIVEと判定します。,SENT-3741の規則種別、受入条件、例外境界を完成した日本語で説明し、slash連結された理由文を除去する。
SENT-3743,normative_criteria,検証対象は次の条件です: Model Cardsを使い／対象用途／対象外用途／評価結果／既知の制約を記します。本文に列挙した対象・条件・指標を個別fieldへ保存し、同一runの実装結果または評価結果と一致することを確認する。,採用するmodel versionごとにModel Cardを作成し、intended use、out-of-scope use、evaluation result、known limitationの四欄を埋め、release manifestから参照できることを確認します。,SENT-3743の主体、観測方法、合格条件または例外契機を通常の日本語で明示し、payload注入型の共通shellを除去する。
SENT-3743,exceptions,例外判断で参照する条件は次のとおりです: Model Cardsを使い／対象用途／対象外用途／評価結果／既知の制約を記します。当該規則を評価するgold evidenceがないslice、標本不足のslice、負荷条件が異なるrunは合否集計から分離し、他sliceの平均結果を外挿しない。,providerの機密情報を記載できない場合は参照権限を制限できますが、対象用途、対象外用途、評価結果、既知の制約の欄自体は省略しません。,SENT-3743の主体、観測方法、合格条件または例外契機を通常の日本語で明示し、payload注入型の共通shellを除去する。
SENT-3743,verdict_reason,Model Cardsを使い、対象用途、対象外用途、評価結果、既知の制約を記します。 この記述は Model Cardsを使い／対象用途／対象外用途／評価結果／既知の制約を記します を本ガイドの設計・評価・運用へ適用する規則で、外部研究の効果を一般化する文ではありません。履行を 検証対象は次の条件です: Model Cardsを使い／対象用途／対象外用途／評価結果／既知の制約を記します。本文に列挙した対象・条件・指標を個別fieldへ保存し、同一runの実装結果または評価結果と一致することを確認する。 により観測し、適用除外を 例外判断で参照する条件は次のとおりです: Model Cardsを使い／対象用途／対象外用途／評価結果／既知の制約を記します。当該規則を評価するgold evidenceがないslice、標本不足のslice、負荷条件が異なるrunは合否集計から分離し、他sliceの平均結果を外挿しない。 に限定できるため、APPROPRIATE_NORMATIVEと判定します。,Model Cardsを使い、対象用途、対象外用途、評価結果、既知の制約を記します。 判断対象は、Model Cardsを使い、対象用途、対象外用途、評価結果、既知の制約を記すことを定める評価・採否規則です。外部資料から一般的な効果を導くのではなく、次の検査を受入条件とします。採用するmodel versionごとにModel Cardを作成し、intended use、out-of-scope use、evaluation result、known limitationの四欄を埋め、release manifestから参照できることを確認します。 適用除外は次の場合に限定します。providerの機密情報を記載できない場合は参照権限を制限できますが、対象用途、対象外用途、評価結果、既知の制約の欄自体は省略しません。 受入条件と例外境界を台帳で検査できるため、APPROPRIATE_NORMATIVEと判定します。,SENT-3743の規則種別、受入条件、例外境界を完成した日本語で説明し、slash連結された理由文を除去する。
SENT-3744,normative_criteria,検証対象は次の条件です: 最初に新しいアダプターを既存インデックスで評価し／その後のインデックス更新を別実験にします。本文に列挙した対象・条件・指標を個別fieldへ保存し、同一runの実装結果または評価結果と一致することを確認する。,最初に新しいアダプターを既存インデックスで評価し、その後のインデックス更新を別実験にすることを定める評価・採否規則について、本文に列挙した対象・条件・指標を個別fieldへ保存し、同一runの実装結果または評価結果と一致することを確認する。,SENT-3744の主体、観測方法、合格条件または例外契機を通常の日本語で明示し、payload注入型の共通shellを除去する。
SENT-3744,exceptions,例外判断で参照する条件は次のとおりです: 最初に新しいアダプターを既存インデックスで評価し／その後のインデックス更新を別実験にします。当該規則を評価するgold evidenceがないslice、標本不足のslice、負荷条件が異なるrunは合否集計から分離し、他sliceの平均結果を外挿しない。,最初に新しいアダプターを既存インデックスで評価し、その後のインデックス更新を別実験にすることを定める評価・採否規則の例外として、判定に必要なgold evidenceがないslice、標本不足のslice、負荷条件が異なるrunは合否集計から分離し、他sliceの平均結果を外挿しない。,SENT-3744の主体、観測方法、合格条件または例外契機を通常の日本語で明示し、payload注入型の共通shellを除去する。
SENT-3744,verdict_reason,最初に新しいアダプターを既存インデックスで評価し、その後のインデックス更新を別実験にします。 この記述は 最初に新しいアダプターを既存インデックスで評価し／その後のインデックス更新を別実験にします を本ガイドの設計・評価・運用へ適用する規則で、外部研究の効果を一般化する文ではありません。履行を 検証対象は次の条件です: 最初に新しいアダプターを既存インデックスで評価し／その後のインデックス更新を別実験にします。本文に列挙した対象・条件・指標を個別fieldへ保存し、同一runの実装結果または評価結果と一致することを確認する。 により観測し、適用除外を 例外判断で参照する条件は次のとおりです: 最初に新しいアダプターを既存インデックスで評価し／その後のインデックス更新を別実験にします。当該規則を評価するgold evidenceがないslice、標本不足のslice、負荷条件が異なるrunは合否集計から分離し、他sliceの平均結果を外挿しない。 に限定できるため、APPROPRIATE_NORMATIVEと判定します。,最初に新しいアダプターを既存インデックスで評価し、その後のインデックス更新を別実験にします。 判断対象は、最初に新しいアダプターを既存インデックスで評価し、その後のインデックス更新を別実験にすることを定める評価・採否規則です。外部資料から一般的な効果を導くのではなく、次の検査を受入条件とします。最初に新しいアダプターを既存インデックスで評価し、その後のインデックス更新を別実験にすることを定める評価・採否規則について、本文に列挙した対象・条件・指標を個別fieldへ保存し、同一runの実装結果または評価結果と一致することを確認する。 適用除外は次の場合に限定します。最初に新しいアダプターを既存インデックスで評価し、その後のインデックス更新を別実験にすることを定める評価・採否規則の例外として、判定に必要なgold evidenceがないslice、標本不足のslice、負荷条件が異なるrunは合否集計から分離し、他sliceの平均結果を外挿しない。 受入条件と例外境界を台帳で検査できるため、APPROPRIATE_NORMATIVEと判定します。,SENT-3744の規則種別、受入条件、例外境界を完成した日本語で説明し、slash連結された理由文を除去する。
SENT-3772,normative_criteria,検証対象は次の条件です: 導入前にfailureを固定datasetとtraceで再現し／期待改善／guardrail metric／最大latency／cost budget／security条件を決めます。当該規則で列挙した記録項目を同じrun IDへ保存し、各項目が欠損せず、変更前後の差分をquestionまたはdocument単位で逆引きできることを確認する。,導入前にfailureを固定datasetとtraceで再現し、期待改善、guardrail metric、最大latency、cost budget、security条件を決めることを定める評価・採否規則について、この規則で列挙した記録項目を同じrun IDへ保存し、各項目が欠損せず、変更前後の差分をquestionまたはdocument単位で逆引きできることを確認する。,SENT-3772の主体、観測方法、合格条件または例外契機を通常の日本語で明示し、payload注入型の共通shellを除去する。
SENT-3772,exceptions,例外判断で参照する条件は次のとおりです: 導入前にfailureを固定datasetとtraceで再現し／期待改善／guardrail metric／最大latency／cost budget／security条件を決めます。当該規則の比較で品質やcostが改善しても、安全性またはauthorizationの必須条件を悪化させるcandidateは採用しない。,導入前にfailureを固定datasetとtraceで再現し、期待改善、guardrail metric、最大latency、cost budget、security条件を決めることを定める評価・採否規則の例外として、この比較で品質やcostが改善しても、安全性またはauthorizationの必須条件を悪化させるcandidateは採用しない。,SENT-3772の主体、観測方法、合格条件または例外契機を通常の日本語で明示し、payload注入型の共通shellを除去する。
SENT-3772,verdict_reason,導入前にfailureを固定datasetとtraceで再現し、期待改善、guardrail metric、最大latency、cost budget、security条件を決めます。 この記述は 導入前にfailureを固定datasetとtraceで再現し／期待改善／guardrail metric／最大latency／cost budget／security条件を決めます を本ガイドの設計・評価・運用へ適用する規則で、外部研究の効果を一般化する文ではありません。履行を 検証対象は次の条件です: 導入前にfailureを固定datasetとtraceで再現し／期待改善／guardrail metric／最大latency／cost budget／security条件を決めます。当該規則で列挙した記録項目を同じrun IDへ保存し、各項目が欠損せず、変更前後の差分をquestionまたはdocument単位で逆引きできることを確認する。 により観測し、適用除外を 例外判断で参照する条件は次のとおりです: 導入前にfailureを固定datasetとtraceで再現し／期待改善／guardrail metric／最大latency／cost budget／security条件を決めます。当該規則の比較で品質やcostが改善しても、安全性またはauthorizationの必須条件を悪化させるcandidateは採用しない。 に限定できるため、APPROPRIATE_NORMATIVEと判定します。,導入前にfailureを固定datasetとtraceで再現し、期待改善、guardrail metric、最大latency、cost budget、security条件を決めます。 判断対象は、導入前にfailureを固定datasetとtraceで再現し、期待改善、guardrail metric、最大latency、cost budget、security条件を決めることを定める評価・採否規則です。外部資料から一般的な効果を導くのではなく、次の検査を受入条件とします。導入前にfailureを固定datasetとtraceで再現し、期待改善、guardrail metric、最大latency、cost budget、security条件を決めることを定める評価・採否規則について、この規則で列挙した記録項目を同じrun IDへ保存し、各項目が欠損せず、変更前後の差分をquestionまたはdocument単位で逆引きできることを確認する。 適用除外は次の場合に限定します。導入前にfailureを固定datasetとtraceで再現し、期待改善、guardrail metric、最大latency、cost budget、security条件を決めることを定める評価・採否規則の例外として、この比較で品質やcostが改善しても、安全性またはauthorizationの必須条件を悪化させるcandidateは採用しない。 受入条件と例外境界を台帳で検査できるため、APPROPRIATE_NORMATIVEと判定します。,SENT-3772の規則種別、受入条件、例外境界を完成した日本語で説明し、slash連結された理由文を除去する。
SENT-3774,verdict_reason,高度化後も改善が再現しない、別sliceを悪化させる、運用負荷やsecurity riskが許容範囲を超える場合は採用を止めます。 この記述は 高度化後も改善が再現しない／別sliceを悪化させる／運用負荷やsecurity riskが許容範囲を超える場合は採用を止めます を本ガイドの設計・評価・運用へ適用する規則で、外部研究の効果を一般化する文ではありません。履行を 高度化candidateは対象failureの再現改善、他sliceの非回帰、運用工数、security riskの全gateを満たす場合だけ採用し、一項目でも許容範囲外ならfeature flagを無効にする。 により観測し、適用除外を 重大な安全性改善のため一時的な運用負荷増を承認する場合は期限と軽減計画を付け、品質回帰は別途明示する。 に限定できるため、APPROPRIATE_NORMATIVEと判定します。,高度化後も改善が再現しない、別sliceを悪化させる、運用負荷やsecurity riskが許容範囲を超える場合は採用を止めます。 判断対象は、高度化後も改善が再現しない、別sliceを悪化させる、運用負荷やsecurity riskが許容範囲を超える場合は採用を止めることを定める追跡性・証跡管理規則です。外部資料から一般的な効果を導くのではなく、次の検査を受入条件とします。高度化candidateは対象failureの再現改善、他sliceの非回帰、運用工数、security riskの全gateを満たす場合だけ採用し、一項目でも許容範囲外ならfeature flagを無効にする。 適用除外は次の場合に限定します。重大な安全性改善のため一時的な運用負荷増を承認する場合は期限と軽減計画を付け、品質回帰は別途明示する。 受入条件と例外境界を台帳で検査できるため、APPROPRIATE_NORMATIVEと判定します。,SENT-3774の規則種別、受入条件、例外境界を完成した日本語で説明し、slash連結された理由文を除去する。
SENT-3790,verdict_reason,Query Resolutionのように、現在の質問を解決するために必要な履歴を選びます。 この記述は Query Resolutionのように／現在の質問を解決するために必要な履歴を選びます を本ガイドの設計・評価・運用へ適用する規則で、外部研究の効果を一般化する文ではありません。履行を conversation retrievalでは現在questionの解決に必要とannotationされたhistory turnだけを選択し、全履歴投入baselineとanswer correctness、token数、privacy leakageを比較する。 により観測し、適用除外を 利用者が全文履歴の要約を明示要求した場合は広い範囲を選べるが、別sessionまたは許可外turnを含めない。 に限定できるため、APPROPRIATE_NORMATIVEと判定します。,Query Resolutionのように、現在の質問を解決するために必要な履歴を選びます。 判断対象は、Query Resolutionのように、現在の質問を解決するために必要な履歴を選ぶことを定めるローカル設計規則です。外部資料から一般的な効果を導くのではなく、次の検査を受入条件とします。conversation retrievalでは現在questionの解決に必要とannotationされたhistory turnだけを選択し、全履歴投入baselineとanswer correctness、token数、privacy leakageを比較する。 適用除外は次の場合に限定します。利用者が全文履歴の要約を明示要求した場合は広い範囲を選べるが、別sessionまたは許可外turnを含めない。 受入条件と例外境界を台帳で検査できるため、APPROPRIATE_NORMATIVEと判定します。,SENT-3790の規則種別、受入条件、例外境界を完成した日本語で説明し、slash連結された理由文を除去する。
SENT-3802,normative_criteria,検証対象は次の条件です: まず汎用検索器と質問書き換えを試し／それでは再現可能な失敗が残る場合に専用符号化器を検討します。当該規則で指定した検索経路と分岐条件をtraceへ記録し、条件を満たすfixtureと満たさないfixtureで、選択retriever、candidate集合、fallback先が期待値に一致することを確認する。,まず汎用検索器と質問書き換えを試し、それでは再現可能な失敗が残る場合に専用符号化器を検討することを定める検索・経路選択規則について、この規則で指定した検索経路と分岐条件をtraceへ記録し、条件を満たすfixtureと満たさないfixtureで、選択retriever、candidate集合、fallback先が期待値に一致することを確認する。,SENT-3802の主体、観測方法、合格条件または例外契機を通常の日本語で明示し、payload注入型の共通shellを除去する。
SENT-3802,exceptions,例外判断で参照する条件は次のとおりです: まず汎用検索器と質問書き換えを試し／それでは再現可能な失敗が残る場合に専用符号化器を検討します。当該規則より単純な経路が同じ品質・安全性・latency・costのgateを満たす場合は代替できるが、分岐、fallback、artifact provenanceを失う省略は行わない。,まず汎用検索器と質問書き換えを試し、それでは再現可能な失敗が残る場合に専用符号化器を検討することを定める検索・経路選択規則の例外として、この規則より単純な経路が同じ品質・安全性・latency・costのgateを満たす場合は代替できるが、分岐、fallback、artifact provenanceを失う省略は行わない。,SENT-3802の主体、観測方法、合格条件または例外契機を通常の日本語で明示し、payload注入型の共通shellを除去する。
SENT-3802,verdict_reason,まず汎用検索器と質問書き換えを試し、それでは再現可能な失敗が残る場合に専用符号化器を検討します。 この記述は まず汎用検索器と質問書き換えを試し／それでは再現可能な失敗が残る場合に専用符号化器を検討します を本ガイドの設計・評価・運用へ適用する規則で、外部研究の効果を一般化する文ではありません。履行を 検証対象は次の条件です: まず汎用検索器と質問書き換えを試し／それでは再現可能な失敗が残る場合に専用符号化器を検討します。当該規則で指定した検索経路と分岐条件をtraceへ記録し、条件を満たすfixtureと満たさないfixtureで、選択retriever、candidate集合、fallback先が期待値に一致することを確認する。 により観測し、適用除外を 例外判断で参照する条件は次のとおりです: まず汎用検索器と質問書き換えを試し／それでは再現可能な失敗が残る場合に専用符号化器を検討します。当該規則より単純な経路が同じ品質・安全性・latency・costのgateを満たす場合は代替できるが、分岐、fallback、artifact provenanceを失う省略は行わない。 に限定できるため、APPROPRIATE_NORMATIVEと判定します。,まず汎用検索器と質問書き換えを試し、それでは再現可能な失敗が残る場合に専用符号化器を検討します。 判断対象は、まず汎用検索器と質問書き換えを試し、それでは再現可能な失敗が残る場合に専用符号化器を検討することを定める検索・経路選択規則です。外部資料から一般的な効果を導くのではなく、次の検査を受入条件とします。まず汎用検索器と質問書き換えを試し、それでは再現可能な失敗が残る場合に専用符号化器を検討することを定める検索・経路選択規則について、この規則で指定した検索経路と分岐条件をtraceへ記録し、条件を満たすfixtureと満たさないfixtureで、選択retriever、candidate集合、fallback先が期待値に一致することを確認する。 適用除外は次の場合に限定します。まず汎用検索器と質問書き換えを試し、それでは再現可能な失敗が残る場合に専用符号化器を検討することを定める検索・経路選択規則の例外として、この規則より単純な経路が同じ品質・安全性・latency・costのgateを満たす場合は代替できるが、分岐、fallback、artifact provenanceを失う省略は行わない。 受入条件と例外境界を台帳で検査できるため、APPROPRIATE_NORMATIVEと判定します。,SENT-3802の規則種別、受入条件、例外境界を完成した日本語で説明し、slash連結された理由文を除去する。
SENT-3834,verdict_reason,効果の主な根拠には、前述の査読付き研究を使います。 この記述は 効果の主な根拠には／前述の査読付き研究を使います を本ガイドの設計・評価・運用へ適用する規則で、外部研究の効果を一般化する文ではありません。履行を 方式の主要効果を述べる各段落に、前節で確認したpeer-reviewed primary studyの具体locatorを少なくとも一件結び、候補URLだけの段落を主要根拠として扱わない。 により観測し、適用除外を 公式仕様にしか存在しない製品機能の説明はofficial documentationを主要根拠にできるが、algorithm有効性の主張へ置き換えない。 に限定できるため、APPROPRIATE_NORMATIVEと判定します。,効果の主な根拠には、前述の査読付き研究を使います。 判断対象は、効果の主な根拠には、前述の査読付き研究を使うことを定める運用規則です。外部資料から一般的な効果を導くのではなく、次の検査を受入条件とします。方式の主要効果を述べる各段落に、前節で確認したpeer-reviewed primary studyの具体locatorを少なくとも一件結び、候補URLだけの段落を主要根拠として扱わない。 適用除外は次の場合に限定します。公式仕様にしか存在しない製品機能の説明はofficial documentationを主要根拠にできるが、algorithm有効性の主張へ置き換えない。 受入条件と例外境界を台帳で検査できるため、APPROPRIATE_NORMATIVEと判定します。,SENT-3834の規則種別、受入条件、例外境界を完成した日本語で説明し、slash連結された理由文を除去する。
SENT-3850,verdict_reason,規程文書には疎検索と密検索、売上データにはSQL、関係データにはグラフ探索、現在状態にはAPIを使います。 この記述は 規程文書には疎検索と密検索／売上データにはSQL／関係データにはグラフ探索／現在状態にはAPIを使います を本ガイドの設計・評価・運用へ適用する規則で、外部研究の効果を一般化する文ではありません。履行を 規程文書、売上table、関係data、current stateのfixtureを用意し、routerがそれぞれhybrid retrieval、read-only SQL、graph traversal、authorized APIを選択することを確認する。 により観測し、適用除外を 一つの質問が複数data typeを要求する場合は複数経路を実行できるが、各結果のsource typeと統合順をtraceへ残す。 に限定できるため、APPROPRIATE_NORMATIVEと判定します。,規程文書には疎検索と密検索、売上データにはSQL、関係データにはグラフ探索、現在状態にはAPIを使います。 判断対象は、規程文書には疎検索と密検索、売上データにはSQL、関係データにはグラフ探索、現在状態にはAPIを使うことを定める構成・設定規則です。外部資料から一般的な効果を導くのではなく、次の検査を受入条件とします。規程文書、売上table、関係data、current stateのfixtureを用意し、routerがそれぞれhybrid retrieval、read-only SQL、graph traversal、authorized APIを選択することを確認する。 適用除外は次の場合に限定します。一つの質問が複数data typeを要求する場合は複数経路を実行できるが、各結果のsource typeと統合順をtraceへ残す。 受入条件と例外境界を台帳で検査できるため、APPROPRIATE_NORMATIVEと判定します。,SENT-3850の規則種別、受入条件、例外境界を完成した日本語で説明し、slash連結された理由文を除去する。
SENT-3858,verdict_reason,相互順位統合は、各検索結果の順位に基づいて候補を統合します。 検証対象として RRFによる相互順位統合では／各retrieverの生scoreではなくrank list内の順位を使って候補ごとの統合値を計算します を区別し、この文が断定する retrieval=true と関係 NOT_APPLICABLE について、資料候補の記録は SRC-064 https://dl.acm.org/doi/10.1145/1571941.1572114 — primary_page inspected 2026-08-15; 現主張への直接locatorは未確定 ですが、現主張を再特定する直接locatorは未確定です。そこで主体・対象・条件を保った RRFによる相互順位統合では、各retrieverの生scoreではなくrank list内の順位を使って候補ごとの統合値を計算します。 へ変更し、未確認の一般化または因果を本文から外すためREWRITE_REQUIREDと判定します。,相互順位統合は、各検索結果の順位に基づいて候補を統合します。 判断対象は、RRFによる相互順位統合では、各retrieverの生scoreではなくrank list内の順位を使って候補ごとの統合値を計算することに限定した修正です。現文のretrieval=trueと関係NOT_APPLICABLEには、候補資料は記録されていますが、現主張を再特定する直接locatorは未確定です。修正後は次の文とします。RRFによる相互順位統合では、各retrieverの生scoreではなくrank list内の順位を使って候補ごとの統合値を計算します。 この限定で主体・対象・条件を保ちながら未確認の一般化または因果を除くため、REWRITE_REQUIREDと判定します。,SENT-3858の規則種別、受入条件、例外境界を完成した日本語で説明し、slash連結された理由文を除去する。
SENT-3882,verdict_reason,最新値や集計を文書チャンクから推測せず、正本へ安全に問い合わせ、その結果を根拠として説明します。 この記述は 最新値や集計を文書チャンクから推測せず／正本へ安全に問い合わせ／その結果を根拠として説明します を本ガイドの設計・評価・運用へ適用する規則で、外部研究の効果を一般化する文ではありません。履行を 最新値または集計値を含む質問はauthorized source-of-record queryへ送り、response timestampとrecord keyをevidenceとして回答へ結び、document chunkから推定した値で代用しない。 により観測し、適用除外を 正本が停止中なら承認済みcacheのas-of時刻を明示して使うか回答保留とし、古い値を最新値として表示しない。 に限定できるため、APPROPRIATE_NORMATIVEと判定します。,最新値や集計を文書チャンクから推測せず、正本へ安全に問い合わせ、その結果を根拠として説明します。 判断対象は、最新値や集計を文書チャンクから推測せず、正本へ安全に問い合わせ、その結果を根拠として説明することを定める評価・採否規則です。外部資料から一般的な効果を導くのではなく、次の検査を受入条件とします。最新値または集計値を含む質問はauthorized source-of-record queryへ送り、response timestampとrecord keyをevidenceとして回答へ結び、document chunkから推定した値で代用しない。 適用除外は次の場合に限定します。正本が停止中なら承認済みcacheのas-of時刻を明示して使うか回答保留とし、古い値を最新値として表示しない。 受入条件と例外境界を台帳で検査できるため、APPROPRIATE_NORMATIVEと判定します。,SENT-3882の規則種別、受入条件、例外境界を完成した日本語で説明し、slash連結された理由文を除去する。
SENT-3898,verdict_reason,RAT-SQLは、質問中の語とスキーマ要素の対応、表同士の関係を使ってSQLを生成します。 検証対象として RAT-SQLは／同論文のtext-to-SQL taskで／question tokenとschema elementのlink／およびtable間relationをencoderへ組み込んでSQLを生成します を区別し、この文が断定する generation=true と関係 NOT_APPLICABLE について、資料候補の記録は SRC-150 https://arxiv.org/abs/1911.04942 — primary_page inspected 2026-08-15; 現主張への直接locatorは未確定 ですが、現主張を再特定する直接locatorは未確定です。そこで主体・対象・条件を保った RAT-SQLは、同論文のtext-to-SQL taskで、question tokenとschema elementのlink、およびtable間relationをencoderへ組み込んでSQLを生成します。 へ変更し、未確認の一般化または因果を本文から外すためREWRITE_REQUIREDと判定します。,RAT-SQLは、質問中の語とスキーマ要素の対応、表同士の関係を使ってSQLを生成します。 判断対象は、RAT-SQLは、同論文のtext-to-SQL taskで、question tokenとschema elementのlink、およびtable間relationをencoderへ組み込んでSQLを生成することに限定した修正です。現文のgeneration=trueと関係NOT_APPLICABLEには、候補資料は記録されていますが、現主張を再特定する直接locatorは未確定です。修正後は次の文とします。RAT-SQLは、同論文のtext-to-SQL taskで、question tokenとschema elementのlink、およびtable間relationをencoderへ組み込んでSQLを生成します。 この限定で主体・対象・条件を保ちながら未確認の一般化または因果を除くため、REWRITE_REQUIREDと判定します。,SENT-3898の規則種別、受入条件、例外境界を完成した日本語で説明し、slash連結された理由文を除去する。
SENT-3919,verdict_reason,PubTables-1Mは、表の検出、構造認識、機能分析を支える大規模データセットです。 検証対象として PubTables-1Mは／同datasetで表領域検出／表構造認識／cellのfunctional analysisを評価できるannotationを提供しています を区別し、この文が断定する scalability=true と関係 NOT_APPLICABLE について、資料候補の記録は SRC-029 https://arxiv.org/abs/2110.00061 — abstract inspected 2026-08-15; 現主張への直接locatorは未確定 ですが、現主張を再特定する直接locatorは未確定です。そこで主体・対象・条件を保った PubTables-1Mは、同datasetで表領域検出、表構造認識、cellのfunctional analysisを評価できるannotationを提供しています。 へ変更し、未確認の一般化または因果を本文から外すためREWRITE_REQUIREDと判定します。,PubTables-1Mは、表の検出、構造認識、機能分析を支える大規模データセットです。 判断対象は、PubTables-1Mは、同datasetで表領域検出、表構造認識、cellのfunctional analysisを評価できるannotationを提供していることに限定した修正です。現文のscalability=trueと関係NOT_APPLICABLEには、候補資料は記録されていますが、現主張を再特定する直接locatorは未確定です。修正後は次の文とします。PubTables-1Mは、同datasetで表領域検出、表構造認識、cellのfunctional analysisを評価できるannotationを提供しています。 この限定で主体・対象・条件を保ちながら未確認の一般化または因果を除くため、REWRITE_REQUIREDと判定します。,SENT-3919の規則種別、受入条件、例外境界を完成した日本語で説明し、slash連結された理由文を除去する。
SENT-3951,verdict_reason,小さなチャンクで一致箇所を見つけ、その親節をモデルへ渡すと、検索精度と読解文脈を分担できます。 検証対象として parent-child retrievalでは／小さいchild chunkで一致箇所を検索し／対応するparent sectionをgeneration contextへ展開します を区別し、この文が断定する recall_metric=true と関係 NOT_APPLICABLE について、資料候補の記録は SRC-031 https://arxiv.org/abs/2312.06648 — abstract inspected 2026-08-15; 現主張への直接locatorは未確定; SRC-107 https://arxiv.org/abs/2403.09040 — abstract inspected 2026-08-15; 現主張への直接locatorは未確定 ですが、現主張を再特定する直接locatorは未確定です。そこで主体・対象・条件を保った parent-child retrievalでは、小さいchild chunkで一致箇所を検索し、対応するparent sectionをgeneration contextへ展開します。 へ変更し、未確認の一般化または因果を本文から外すためREWRITE_REQUIREDと判定します。,小さなチャンクで一致箇所を見つけ、その親節をモデルへ渡すと、検索精度と読解文脈を分担できます。 判断対象は、parent-child retrievalでは、小さいchild chunkで一致箇所を検索し、対応するparent sectionをgeneration contextへ展開することに限定した修正です。現文のrecall_metric=trueと関係NOT_APPLICABLEには、候補資料は記録されていますが、現主張を再特定する直接locatorは未確定です。修正後は次の文とします。parent-child retrievalでは、小さいchild chunkで一致箇所を検索し、対応するparent sectionをgeneration contextへ展開します。 この限定で主体・対象・条件を保ちながら未確認の一般化または因果を除くため、REWRITE_REQUIREDと判定します。,SENT-3951の規則種別、受入条件、例外境界を完成した日本語で説明し、slash連結された理由文を除去する。
SENT-3955,verdict_reason,全文を渡したというだけで改善と判断せず、根拠利用率、完全性、引用精度を測ります。 この記述は 全文を渡したというだけで改善と判断せず／根拠利用率／完全性／引用精度を測ります を本ガイドの設計・評価・運用へ適用する規則で、外部研究の効果を一般化する文ではありません。履行を long-context candidateは入力token量に加え、gold evidence利用率、required point completeness、citation precisionを同じquestion setで測り、全文投入だけを改善として数えない。 により観測し、適用除外を 原文全文の提示自体が利用者要求である場合はevidence利用率を合否から外せるが、citation locatorと完全性の検査は維持する。 に限定できるため、APPROPRIATE_NORMATIVEと判定します。,全文を渡したというだけで改善と判断せず、根拠利用率、完全性、引用精度を測ります。 判断対象は、全文を渡したというだけで改善と判断せず、根拠利用率、完全性、引用精度を測ることを定める評価・採否規則です。外部資料から一般的な効果を導くのではなく、次の検査を受入条件とします。long-context candidateは入力token量に加え、gold evidence利用率、required point completeness、citation precisionを同じquestion setで測り、全文投入だけを改善として数えない。 適用除外は次の場合に限定します。原文全文の提示自体が利用者要求である場合はevidence利用率を合否から外せるが、citation locatorと完全性の検査は維持する。 受入条件と例外境界を台帳で検査できるため、APPROPRIATE_NORMATIVEと判定します。,SENT-3955の規則種別、受入条件、例外境界を完成した日本語で説明し、slash連結された理由文を除去する。
SENT-3984,normative_criteria,検証対象は次の条件です: 信頼度の低い情報源やプロンプトインジェクションを含むページを／一括して入力へ入れません。当該規則の対象resourceとattributeをauthorization fixtureへ登録し、許可主体では取得・利用でき、非許可主体ではcandidate、context、answerの全段階でゼロ件になることを確認する。,信頼度の低い情報源やプロンプトインジェクションを含むページを、一括して入力へ入れないことを定めるローカル設計規則について、この規則の対象resourceとattributeをauthorization fixtureへ登録し、許可主体では取得・利用でき、非許可主体ではcandidate、context、answerの全段階でゼロ件になることを確認する。,SENT-3984の主体、観測方法、合格条件または例外契機を通常の日本語で明示し、payload注入型の共通shellを除去する。
SENT-3984,exceptions,例外判断で参照する条件は次のとおりです: 信頼度の低い情報源やプロンプトインジェクションを含むページを／一括して入力へ入れません。当該規則より法令、契約、組織policyが厳しい場合は厳しい統制を優先し、性能、可用性、費用を理由に対象resourceのauthorizationまたは隔離を省略しない。,信頼度の低い情報源やプロンプトインジェクションを含むページを、一括して入力へ入れないことを定めるローカル設計規則の例外として、この規則より法令、契約、組織policyが厳しい場合は厳しい統制を優先し、性能、可用性、費用を理由に対象resourceのauthorizationまたは隔離を省略しない。,SENT-3984の主体、観測方法、合格条件または例外契機を通常の日本語で明示し、payload注入型の共通shellを除去する。
SENT-3984,verdict_reason,信頼度の低い情報源やプロンプトインジェクションを含むページを、一括して入力へ入れません。 この記述は 信頼度の低い情報源やプロンプトインジェクションを含むページを／一括して入力へ入れません を本ガイドの設計・評価・運用へ適用する規則で、外部研究の効果を一般化する文ではありません。履行を 検証対象は次の条件です: 信頼度の低い情報源やプロンプトインジェクションを含むページを／一括して入力へ入れません。当該規則の対象resourceとattributeをauthorization fixtureへ登録し、許可主体では取得・利用でき、非許可主体ではcandidate、context、answerの全段階でゼロ件になることを確認する。 により観測し、適用除外を 例外判断で参照する条件は次のとおりです: 信頼度の低い情報源やプロンプトインジェクションを含むページを／一括して入力へ入れません。当該規則より法令、契約、組織policyが厳しい場合は厳しい統制を優先し、性能、可用性、費用を理由に対象resourceのauthorizationまたは隔離を省略しない。 に限定できるため、APPROPRIATE_NORMATIVEと判定します。,信頼度の低い情報源やプロンプトインジェクションを含むページを、一括して入力へ入れません。 判断対象は、信頼度の低い情報源やプロンプトインジェクションを含むページを、一括して入力へ入れないことを定めるローカル設計規則です。外部資料から一般的な効果を導くのではなく、次の検査を受入条件とします。信頼度の低い情報源やプロンプトインジェクションを含むページを、一括して入力へ入れないことを定めるローカル設計規則について、この規則の対象resourceとattributeをauthorization fixtureへ登録し、許可主体では取得・利用でき、非許可主体ではcandidate、context、answerの全段階でゼロ件になることを確認する。 適用除外は次の場合に限定します。信頼度の低い情報源やプロンプトインジェクションを含むページを、一括して入力へ入れないことを定めるローカル設計規則の例外として、この規則より法令、契約、組織policyが厳しい場合は厳しい統制を優先し、性能、可用性、費用を理由に対象resourceのauthorizationまたは隔離を省略しない。 受入条件と例外境界を台帳で検査できるため、APPROPRIATE_NORMATIVEと判定します。,SENT-3984の規則種別、受入条件、例外境界を完成した日本語で説明し、slash連結された理由文を除去する。
SENT-3987,verdict_reason,外部提供者へ送るトークン量、処理地域、保存設定を確認し、入力枠の余裕をデータ最小化の放棄理由にしません。 この記述は 外部提供者へ送るトークン量／処理地域／保存設定を確認し／入力枠の余裕をデータ最小化の放棄理由にしません を本ガイドの設計・評価・運用へ適用する規則で、外部研究の効果を一般化する文ではありません。履行を external providerごとに送信token数、processing region、retention settingを記録し、question解決に不要なpersonal/confidential spanがrequest payloadへ入らないことをsample traceで確認する。 により観測し、適用除外を 法令または契約上必要な原文送信は承認済みregion・retention条件で実行できるが、context windowに余裕があることだけを送信理由にしない。 に限定できるため、APPROPRIATE_NORMATIVEと判定します。,外部提供者へ送るトークン量、処理地域、保存設定を確認し、入力枠の余裕をデータ最小化の放棄理由にしません。 判断対象は、外部提供者へ送るトークン量、処理地域、保存設定を確認し、入力枠の余裕をデータ最小化の放棄理由にしないことを定める構成・設定規則です。外部資料から一般的な効果を導くのではなく、次の検査を受入条件とします。external providerごとに送信token数、processing region、retention settingを記録し、question解決に不要なpersonal/confidential spanがrequest payloadへ入らないことをsample traceで確認する。 適用除外は次の場合に限定します。法令または契約上必要な原文送信は承認済みregion・retention条件で実行できるが、context windowに余裕があることだけを送信理由にしない。 受入条件と例外境界を台帳で検査できるため、APPROPRIATE_NORMATIVEと判定します。,SENT-3987の規則種別、受入条件、例外境界を完成した日本語で説明し、slash連結された理由文を除去する。
SENT-3992,verdict_reason,FAQや一文で答えられる事実が中心なら、平坦なチャンク検索で十分な場合があります。 検証対象として FAQや単一文で答えられるfactが中心のquery sliceでは／hierarchical retrievalを追加せずflat chunk retrievalで受入条件を満たせる場合があります を区別し、この文が断定する UNFORMALIZED_NATURAL_LANGUAGE_CLAIM と関係 UNFORMALIZED について、資料候補の記録は SRC-154 https://proceedings.iclr.cc/paper_files/paper/2024/hash/8a2acd174940dbca361a6398a4f9df91-Abstract-Conference.html — primary_page inspected 2026-08-15; 現主張への直接locatorは未確定 ですが、現主張を再特定する直接locatorは未確定です。そこで主体・対象・条件を保った FAQや単一文で答えられるfactが中心のquery sliceでは、hierarchical retrievalを追加せずflat chunk retrievalで受入条件を満たせる場合があります。 へ変更し、未確認の一般化または因果を本文から外すためREWRITE_REQUIREDと判定します。,FAQや一文で答えられる事実が中心なら、平坦なチャンク検索で十分な場合があります。 判断対象は、FAQや単一文で答えられるfactが中心のquery sliceでは、hierarchical retrievalを追加せずflat chunk retrievalで受入条件を満たせる場合があることに限定した修正です。現文のUNFORMALIZED_NATURAL_LANGUAGE_CLAIMと関係UNFORMALIZEDには、候補資料は記録されていますが、現主張を再特定する直接locatorは未確定です。修正後は次の文とします。FAQや単一文で答えられるfactが中心のquery sliceでは、hierarchical retrievalを追加せずflat chunk retrievalで受入条件を満たせる場合があります。 この限定で主体・対象・条件を保ちながら未確認の一般化または因果を除くため、REWRITE_REQUIREDと判定します。,SENT-3992の規則種別、受入条件、例外境界を完成した日本語で説明し、slash連結された理由文を除去する。
SENT-4019,verdict_reason,生成情報を索引へ追加する方式は、研究ごとに生成対象と評価条件が異なり、一般的な有効性は確立していません。 検証対象として RAPTORを含む生成情報をindexへ追加する研究は／生成する要約・質問・階層と評価taskが方式ごとに異なるため／その結果を生成情報索引全般の有効性へ一般化しません を区別し、この文が断定する evaluation=true;generation=true と関係 NOT について、資料候補の記録は SRC-033 https://arxiv.org/abs/2401.18059 — abstract inspected 2026-08-15; 現主張への直接locatorは未確定; SRC-154 https://proceedings.iclr.cc/paper_files/paper/2024/hash/8a2acd174940dbca361a6398a4f9df91-Abstract-Conference.html — primary_page inspected 2026-08-15; 現主張への直接locatorは未確定; SRC-155 https://aclanthology.org/2025.findings-acl.20/ — abstract inspected 2026-08-15; 現主張への直接locatorは未確定 ですが、現主張を再特定する直接locatorは未確定です。そこで主体・対象・条件を保った RAPTORを含む生成情報をindexへ追加する研究は、生成する要約・質問・階層と評価taskが方式ごとに異なるため、その結果を生成情報索引全般の有効性へ一般化しません。 へ変更し、未確認の一般化または因果を本文から外すためREWRITE_REQUIREDと判定します。,生成情報を索引へ追加する方式は、研究ごとに生成対象と評価条件が異なり、一般的な有効性は確立していません。 判断対象は、RAPTORを含む生成情報をindexへ追加する研究は、生成する要約・質問・階層と評価taskが方式ごとに異なるため、その結果を生成情報索引全般の有効性へ一般化しないことに限定した修正です。現文のevaluation=true;generation=trueと関係NOTには、候補資料は記録されていますが、現主張を再特定する直接locatorは未確定です。修正後は次の文とします。RAPTORを含む生成情報をindexへ追加する研究は、生成する要約・質問・階層と評価taskが方式ごとに異なるため、その結果を生成情報索引全般の有効性へ一般化しません。 この限定で主体・対象・条件を保ちながら未確認の一般化または因果を除くため、REWRITE_REQUIREDと判定します。,SENT-4019の規則種別、受入条件、例外境界を完成した日本語で説明し、slash連結された理由文を除去する。
SENT-4042,verdict_reason,From Local to Globalは、文書から固有表現と関係のグラフを作り、関係の密な集団を要約して、資料群全体に関する質問へ答えるプレプリントです。 検証対象として From Local to Globalは／documentからentityとrelationのgraphを構築し／community summaryを使ってcorpus全体に関するqueryへ答える方法を提案したpreprintです を区別し、この文が断定する dense=true と関係 NOT_APPLICABLE について、資料候補の記録は SRC-157 https://arxiv.org/abs/2404.16130 — abstract inspected 2026-08-15; 現主張への直接locatorは未確定 ですが、現主張を再特定する直接locatorは未確定です。そこで主体・対象・条件を保った From Local to Globalは、documentからentityとrelationのgraphを構築し、community summaryを使ってcorpus全体に関するqueryへ答える方法を提案したpreprintです。 へ変更し、未確認の一般化または因果を本文から外すためREWRITE_REQUIREDと判定します。,From Local to Globalは、文書から固有表現と関係のグラフを作り、関係の密な集団を要約して、資料群全体に関する質問へ答えるプレプリントです。 判断対象は、From Local to Globalは、documentからentityとrelationのgraphを構築し、community summaryを使ってcorpus全体に関するqueryへ答える方法を提案したpreprintであることに限定した修正です。現文のdense=trueと関係NOT_APPLICABLEには、候補資料は記録されていますが、現主張を再特定する直接locatorは未確定です。修正後は次の文とします。From Local to Globalは、documentからentityとrelationのgraphを構築し、community summaryを使ってcorpus全体に関するqueryへ答える方法を提案したpreprintです。 この限定で主体・対象・条件を保ちながら未確認の一般化または因果を除くため、REWRITE_REQUIREDと判定します。,SENT-4042の規則種別、受入条件、例外境界を完成した日本語で説明し、slash連結された理由文を除去する。
SENT-4055,normative_criteria,検証対象は次の条件です: 構築は／固有表現と関係の抽出／同じ対象の統合／元チャンクとの対応／関係の密な集団の検出／集団要約の生成という順で進めます。当該規則の統合規則をversion管理し、複数retrieverが返す既知rank listから期待するcandidate順序を再現し、生scoreの無条件加算や重複candidateが発生しないことを確認する。,構築は、固有表現と関係の抽出、同じ対象の統合、元チャンクとの対応、関係の密な集団の検出、集団要約の生成という順で進めることを定めるローカル設計規則について、この規則の統合規則をversion管理し、複数retrieverが返す既知rank listから期待するcandidate順序を再現し、生scoreの無条件加算や重複candidateが発生しないことを確認する。,SENT-4055の主体、観測方法、合格条件または例外契機を通常の日本語で明示し、payload注入型の共通shellを除去する。
SENT-4055,exceptions,例外判断で参照する条件は次のとおりです: 構築は／固有表現と関係の抽出／同じ対象の統合／元チャンクとの対応／関係の密な集団の検出／集団要約の生成という順で進めます。当該規則と異なる統合方式はcalibration済みscoreまたは別rerankerとしてversion管理できるが、未調整の異尺度scoreを黙って直接加算しない。,構築は、固有表現と関係の抽出、同じ対象の統合、元チャンクとの対応、関係の密な集団の検出、集団要約の生成という順で進めることを定めるローカル設計規則の例外として、この規則と異なる統合方式はcalibration済みscoreまたは別rerankerとしてversion管理できるが、未調整の異尺度scoreを黙って直接加算しない。,SENT-4055の主体、観測方法、合格条件または例外契機を通常の日本語で明示し、payload注入型の共通shellを除去する。
SENT-4055,verdict_reason,構築は、固有表現と関係の抽出、同じ対象の統合、元チャンクとの対応、関係の密な集団の検出、集団要約の生成という順で進めます。 この記述は 構築は／固有表現と関係の抽出／同じ対象の統合／元チャンクとの対応／関係の密な集団の検出／集団要約の生成という順で進めます を本ガイドの設計・評価・運用へ適用する規則で、外部研究の効果を一般化する文ではありません。履行を 検証対象は次の条件です: 構築は／固有表現と関係の抽出／同じ対象の統合／元チャンクとの対応／関係の密な集団の検出／集団要約の生成という順で進めます。当該規則の統合規則をversion管理し、複数retrieverが返す既知rank listから期待するcandidate順序を再現し、生scoreの無条件加算や重複candidateが発生しないことを確認する。 により観測し、適用除外を 例外判断で参照する条件は次のとおりです: 構築は／固有表現と関係の抽出／同じ対象の統合／元チャンクとの対応／関係の密な集団の検出／集団要約の生成という順で進めます。当該規則と異なる統合方式はcalibration済みscoreまたは別rerankerとしてversion管理できるが、未調整の異尺度scoreを黙って直接加算しない。 に限定できるため、APPROPRIATE_NORMATIVEと判定します。,構築は、固有表現と関係の抽出、同じ対象の統合、元チャンクとの対応、関係の密な集団の検出、集団要約の生成という順で進めます。 判断対象は、構築は、固有表現と関係の抽出、同じ対象の統合、元チャンクとの対応、関係の密な集団の検出、集団要約の生成という順で進めることを定めるローカル設計規則です。外部資料から一般的な効果を導くのではなく、次の検査を受入条件とします。構築は、固有表現と関係の抽出、同じ対象の統合、元チャンクとの対応、関係の密な集団の検出、集団要約の生成という順で進めることを定めるローカル設計規則について、この規則の統合規則をversion管理し、複数retrieverが返す既知rank listから期待するcandidate順序を再現し、生scoreの無条件加算や重複candidateが発生しないことを確認する。 適用除外は次の場合に限定します。構築は、固有表現と関係の抽出、同じ対象の統合、元チャンクとの対応、関係の密な集団の検出、集団要約の生成という順で進めることを定めるローカル設計規則の例外として、この規則と異なる統合方式はcalibration済みscoreまたは別rerankerとしてversion管理できるが、未調整の異尺度scoreを黙って直接加算しない。 受入条件と例外境界を台帳で検査できるため、APPROPRIATE_NORMATIVEと判定します。,SENT-4055の規則種別、受入条件、例外境界を完成した日本語で説明し、slash連結された理由文を除去する。
SENT-4063,verdict_reason,分類の確信度が低い場合は、ベクトル検索で開始点を探し、グラフ探索を組み合わせます。 この記述は 分類の確信度が低い場合は／ベクトル検索で開始点を探し／グラフ探索を組み合わせます を本ガイドの設計・評価・運用へ適用する規則で、外部研究の効果を一般化する文ではありません。履行を query classifier confidenceが閾値未満の場合にvector searchでstart entity候補を得てgraph traversalへ渡し、既知entity質問と曖昧質問のfixtureで開始点と最終関係を確認する。 により観測し、適用除外を vector searchで十分なconfidenceのstart entityを得られない場合は無制限にgraph探索せず、clarificationまたは回答保留へ切り替える。 に限定できるため、APPROPRIATE_NORMATIVEと判定します。,分類の確信度が低い場合は、ベクトル検索で開始点を探し、グラフ探索を組み合わせます。 判断対象は、分類の確信度が低い場合は、ベクトル検索で開始点を探し、グラフ探索を組み合わせることを定めるローカル設計規則です。外部資料から一般的な効果を導くのではなく、次の検査を受入条件とします。query classifier confidenceが閾値未満の場合にvector searchでstart entity候補を得てgraph traversalへ渡し、既知entity質問と曖昧質問のfixtureで開始点と最終関係を確認する。 適用除外は次の場合に限定します。vector searchで十分なconfidenceのstart entityを得られない場合は無制限にgraph探索せず、clarificationまたは回答保留へ切り替える。 受入条件と例外境界を台帳で検査できるため、APPROPRIATE_NORMATIVEと判定します。,SENT-4063の規則種別、受入条件、例外境界を完成した日本語で説明し、slash連結された理由文を除去する。
SENT-4071,verdict_reason,各経路の関係を元チャンクへ結び付けます。 この記述は 各経路の関係を元チャンクへ結び付けます を本ガイドの設計・評価・運用へ適用する規則で、外部研究の効果を一般化する文ではありません。履行を 各経路の関係を元チャンクへ結び付けます。 routing edgeごとにsource chunk_idとsource spanを保存し、graph上の任意の関係から根拠本文へ逆引きできることを確認します。 により観測し、適用除外を 各経路の関係を元チャンクへ結び付けます。 元chunkへ対応付けられない推定関係は回答根拠へ昇格させず、未検証edgeとして隔離します。 に限定できるため、APPROPRIATE_NORMATIVEと判定します。,各経路の関係を元チャンクへ結び付けます。 判断対象は、各経路の関係を元チャンクへ結び付けることを定める検索・経路選択規則です。外部資料から一般的な効果を導くのではなく、次の検査を受入条件とします。各経路の関係を元チャンクへ結び付けます。 routing edgeごとにsource chunk_idとsource spanを保存し、graph上の任意の関係から根拠本文へ逆引きできることを確認します。 適用除外は次の場合に限定します。各経路の関係を元チャンクへ結び付けます。 元chunkへ対応付けられない推定関係は回答根拠へ昇格させず、未検証edgeとして隔離します。 受入条件と例外境界を台帳で検査できるため、APPROPRIATE_NORMATIVEと判定します。,SENT-4071の規則種別、受入条件、例外境界を完成した日本語で説明し、slash連結された理由文を除去する。
SENT-4086,verdict_reason,文書を削除するときは、チャンクだけでなく、その文書から作った関係と要約も再計算します。 この記述は 文書を削除するときは／チャンクだけでなく／その文書から作った関係と要約も再計算します を本ガイドの設計・評価・運用へ適用する規則で、外部研究の効果を一般化する文ではありません。履行を document削除eventから派生chunk、relation edge、entity summaryを逆引きして再計算または削除し、削除内容がgraph resultとsummary answerへ残らないことを確認する。 により観測し、適用除外を 他documentにも根拠を持つrelation/summaryは残せるが、provenanceから削除documentを外して再生成する。 に限定できるため、APPROPRIATE_NORMATIVEと判定します。,文書を削除するときは、チャンクだけでなく、その文書から作った関係と要約も再計算します。 判断対象は、文書を削除するときは、チャンクだけでなく、その文書から作った関係と要約も再計算することを定める運用規則です。外部資料から一般的な効果を導くのではなく、次の検査を受入条件とします。document削除eventから派生chunk、relation edge、entity summaryを逆引きして再計算または削除し、削除内容がgraph resultとsummary answerへ残らないことを確認する。 適用除外は次の場合に限定します。他documentにも根拠を持つrelation/summaryは残せるが、provenanceから削除documentを外して再生成する。 受入条件と例外境界を台帳で検査できるため、APPROPRIATE_NORMATIVEと判定します。,SENT-4086の規則種別、受入条件、例外境界を完成した日本語で説明し、slash連結された理由文を除去する。
SENT-4129,normative_criteria,検証対象は次の条件です: まず媒体内で順位を作り／その後に順位統合／質問経路／証拠間の関係を使ってまとめます。当該規則の統合規則をversion管理し、複数retrieverが返す既知rank listから期待するcandidate順序を再現し、生scoreの無条件加算や重複candidateが発生しないことを確認する。,まず媒体内で順位を作り、その後に順位統合、質問経路、証拠間の関係を使ってまとめることを定める検索・経路選択規則について、この規則の統合規則をversion管理し、複数retrieverが返す既知rank listから期待するcandidate順序を再現し、生scoreの無条件加算や重複candidateが発生しないことを確認する。,SENT-4129の主体、観測方法、合格条件または例外契機を通常の日本語で明示し、payload注入型の共通shellを除去する。
SENT-4129,exceptions,例外判断で参照する条件は次のとおりです: まず媒体内で順位を作り／その後に順位統合／質問経路／証拠間の関係を使ってまとめます。当該規則と異なる統合方式はcalibration済みscoreまたは別rerankerとしてversion管理できるが、未調整の異尺度scoreを黙って直接加算しない。,まず媒体内で順位を作り、その後に順位統合、質問経路、証拠間の関係を使ってまとめることを定める検索・経路選択規則の例外として、この規則と異なる統合方式はcalibration済みscoreまたは別rerankerとしてversion管理できるが、未調整の異尺度scoreを黙って直接加算しない。,SENT-4129の主体、観測方法、合格条件または例外契機を通常の日本語で明示し、payload注入型の共通shellを除去する。
SENT-4129,verdict_reason,まず媒体内で順位を作り、その後に順位統合、質問経路、証拠間の関係を使ってまとめます。 この記述は まず媒体内で順位を作り／その後に順位統合／質問経路／証拠間の関係を使ってまとめます を本ガイドの設計・評価・運用へ適用する規則で、外部研究の効果を一般化する文ではありません。履行を 検証対象は次の条件です: まず媒体内で順位を作り／その後に順位統合／質問経路／証拠間の関係を使ってまとめます。当該規則の統合規則をversion管理し、複数retrieverが返す既知rank listから期待するcandidate順序を再現し、生scoreの無条件加算や重複candidateが発生しないことを確認する。 により観測し、適用除外を 例外判断で参照する条件は次のとおりです: まず媒体内で順位を作り／その後に順位統合／質問経路／証拠間の関係を使ってまとめます。当該規則と異なる統合方式はcalibration済みscoreまたは別rerankerとしてversion管理できるが、未調整の異尺度scoreを黙って直接加算しない。 に限定できるため、APPROPRIATE_NORMATIVEと判定します。,まず媒体内で順位を作り、その後に順位統合、質問経路、証拠間の関係を使ってまとめます。 判断対象は、まず媒体内で順位を作り、その後に順位統合、質問経路、証拠間の関係を使ってまとめることを定める検索・経路選択規則です。外部資料から一般的な効果を導くのではなく、次の検査を受入条件とします。まず媒体内で順位を作り、その後に順位統合、質問経路、証拠間の関係を使ってまとめることを定める検索・経路選択規則について、この規則の統合規則をversion管理し、複数retrieverが返す既知rank listから期待するcandidate順序を再現し、生scoreの無条件加算や重複candidateが発生しないことを確認する。 適用除外は次の場合に限定します。まず媒体内で順位を作り、その後に順位統合、質問経路、証拠間の関係を使ってまとめることを定める検索・経路選択規則の例外として、この規則と異なる統合方式はcalibration済みscoreまたは別rerankerとしてversion管理できるが、未調整の異尺度scoreを黙って直接加算しない。 受入条件と例外境界を台帳で検査できるため、APPROPRIATE_NORMATIVEと判定します。,SENT-4129の規則種別、受入条件、例外境界を完成した日本語で説明し、slash連結された理由文を除去する。
SENT-4130,verdict_reason,異なる符号化器のコサイン類似度を、そのまま足しません。 この記述は 異なる符号化器のコサイン類似度を／そのまま足しません を本ガイドの設計・評価・運用へ適用する規則で、外部研究の効果を一般化する文ではありません。履行を 異なるencoderから得たcosine scoreを直接加算せず、候補rankへ変換してRRFで統合するか、同一rerankerで再得点することをintegration testで確認する。 により観測し、適用除外を 共通calibration setでscore scaleの同等性を検証したencoder pairは重み付き統合を使えるが、calibration versionと誤差を記録する。 に限定できるため、APPROPRIATE_NORMATIVEと判定します。,異なる符号化器のコサイン類似度を、そのまま足しません。 判断対象は、異なる符号化器のコサイン類似度を、そのまま足しないことを定めるローカル設計規則です。外部資料から一般的な効果を導くのではなく、次の検査を受入条件とします。異なるencoderから得たcosine scoreを直接加算せず、候補rankへ変換してRRFで統合するか、同一rerankerで再得点することをintegration testで確認する。 適用除外は次の場合に限定します。共通calibration setでscore scaleの同等性を検証したencoder pairは重み付き統合を使えるが、calibration versionと誤差を記録する。 受入条件と例外境界を台帳で検査できるため、APPROPRIATE_NORMATIVEと判定します。,SENT-4130の規則種別、受入条件、例外境界を完成した日本語で説明し、slash連結された理由文を除去する。
SENT-4134,verdict_reason,本書では、査読付き研究が複数ある文書画像検索、レイアウト解析、表構造認識を中心に扱います。 この記述は 本書では／査読付き研究が複数ある文書画像検索／レイアウト解析／表構造認識を中心に扱います を本ガイドの設計・評価・運用へ適用する規則で、外部研究の効果を一般化する文ではありません。履行を 文書画像検索、layout解析、table structure recognitionの各節で、扱う方式に対応するpeer-reviewed primary studyを二件以上、section/table/figure locator付きで示す。 により観測し、適用除外を 査読研究が二件未満の方式は中心方式として一般化せず、探索的候補として証拠不足と適用範囲を明記する。 に限定できるため、APPROPRIATE_NORMATIVEと判定します。,本書では、査読付き研究が複数ある文書画像検索、レイアウト解析、表構造認識を中心に扱います。 判断対象は、本書では、査読付き研究が複数ある文書画像検索、レイアウト解析、表構造認識を中心に扱うことを定めるローカル設計規則です。外部資料から一般的な効果を導くのではなく、次の検査を受入条件とします。文書画像検索、layout解析、table structure recognitionの各節で、扱う方式に対応するpeer-reviewed primary studyを二件以上、section/table/figure locator付きで示す。 適用除外は次の場合に限定します。査読研究が二件未満の方式は中心方式として一般化せず、探索的候補として証拠不足と適用範囲を明記する。 受入条件と例外境界を台帳で検査できるため、APPROPRIATE_NORMATIVEと判定します。,SENT-4134の規則種別、受入条件、例外境界を完成した日本語で説明し、slash連結された理由文を除去する。
SENT-4150,normative_criteria,検証対象は次の条件です: 顔／個人情報／画面上の認証情報／画像内のプロンプトインジェクションを安全試験へ含めます。当該規則の対象resourceとattributeをauthorization fixtureへ登録し、許可主体では取得・利用でき、非許可主体ではcandidate、context、answerの全段階でゼロ件になることを確認する。,顔、個人情報、画面上の認証情報、画像内のプロンプトインジェクションを安全試験へ含めることを定める安全性・アクセス制御規則について、この規則の対象resourceとattributeをauthorization fixtureへ登録し、許可主体では取得・利用でき、非許可主体ではcandidate、context、answerの全段階でゼロ件になることを確認する。,SENT-4150の主体、観測方法、合格条件または例外契機を通常の日本語で明示し、payload注入型の共通shellを除去する。
SENT-4150,exceptions,例外判断で参照する条件は次のとおりです: 顔／個人情報／画面上の認証情報／画像内のプロンプトインジェクションを安全試験へ含めます。当該規則より法令、契約、組織policyが厳しい場合は厳しい統制を優先し、性能、可用性、費用を理由に対象resourceのauthorizationまたは隔離を省略しない。,顔、個人情報、画面上の認証情報、画像内のプロンプトインジェクションを安全試験へ含めることを定める安全性・アクセス制御規則の例外として、この規則より法令、契約、組織policyが厳しい場合は厳しい統制を優先し、性能、可用性、費用を理由に対象resourceのauthorizationまたは隔離を省略しない。,SENT-4150の主体、観測方法、合格条件または例外契機を通常の日本語で明示し、payload注入型の共通shellを除去する。
SENT-4167,verdict_reason,本番では自由な無限ループを許さず、最大手順数、終了期限、トークンと金額の上限、代替経路を状態遷移へ組み込みます。 この記述は 本番では自由な無限ループを許さず／最大手順数／終了期限／トークンと金額の上限／代替経路を状態遷移へ組み込みます を本ガイドの設計・評価・運用へ適用する規則で、外部研究の効果を一般化する文ではありません。履行を agent state machineへmax step、deadline、token budget、currency budget、fallback stateを設定し、各上限を超えるfixtureで追加tool callが停止して指定fallbackへ遷移することを確認する。 により観測し、適用除外を incident responseで上限を一時変更する場合はrequest class、承認者、有効期限を記録し、unbounded loopは許可しない。 に限定できるため、APPROPRIATE_NORMATIVEと判定します。,本番では自由な無限ループを許さず、最大手順数、終了期限、トークンと金額の上限、代替経路を状態遷移へ組み込みます。 判断対象は、本番では自由な無限ループを許さず、最大手順数、終了期限、トークンと金額の上限、代替経路を状態遷移へ組み込むことを定める検索・経路選択規則です。外部資料から一般的な効果を導くのではなく、次の検査を受入条件とします。agent state machineへmax step、deadline、token budget、currency budget、fallback stateを設定し、各上限を超えるfixtureで追加tool callが停止して指定fallbackへ遷移することを確認する。 適用除外は次の場合に限定します。incident responseで上限を一時変更する場合はrequest class、承認者、有効期限を記録し、unbounded loopは許可しない。 受入条件と例外境界を台帳で検査できるため、APPROPRIATE_NORMATIVEと判定します。,SENT-4167の規則種別、受入条件、例外境界を完成した日本語で説明し、slash連結された理由文を除去する。
SENT-4184,verdict_reason,Toolformerは、言語モデルがAPI呼び出しを学習できる可能性を示しますが、業務ツールの品質と認可を保証するものではありません。 検証対象として Toolformer論文はAPI callを自己教師ありで学習する可能性を評価していますが／その実験結果は個別業務toolの出力品質／authorization／side effectの安全性を保証しません を区別し、この文が断定する authorization=true と関係 NOT について、資料候補の記録は SRC-163 https://arxiv.org/abs/2302.04761 — abstract inspected 2026-08-15; 現主張への直接locatorは未確定 ですが、現主張を再特定する直接locatorは未確定です。そこで主体・対象・条件を保った Toolformer論文はAPI callを自己教師ありで学習する可能性を評価していますが、その実験結果は個別業務toolの出力品質、authorization、side effectの安全性を保証しません。 へ変更し、未確認の一般化または因果を本文から外すためREWRITE_REQUIREDと判定します。,Toolformerは、言語モデルがAPI呼び出しを学習できる可能性を示しますが、業務ツールの品質と認可を保証するものではありません。 判断対象は、Toolformer論文はAPI callを自己教師ありで学習する可能性を評価していますが、その実験結果は個別業務toolの出力品質、authorization、side effectの安全性を保証しないことに限定した修正です。現文のauthorization=trueと関係NOTには、候補資料は記録されていますが、現主張を再特定する直接locatorは未確定です。修正後は次の文とします。Toolformer論文はAPI callを自己教師ありで学習する可能性を評価していますが、その実験結果は個別業務toolの出力品質、authorization、side effectの安全性を保証しません。 この限定で主体・対象・条件を保ちながら未確認の一般化または因果を除くため、REWRITE_REQUIREDと判定します。,SENT-4184の規則種別、受入条件、例外境界を完成した日本語で説明し、slash連結された理由文を除去する。
SENT-4187,verdict_reason,図9-7は、生成モデルの提案を左からツール台帳、引数検証、サーバー側認可、必要な場合の人の承認、実行へ通す順に読みます。 この記述は 図9-7は／生成モデルの提案を／ツール台帳／引数検証／サーバー側認可／必要な場合の人の承認／実行の順に通す設計として読みます を本ガイドの設計・評価・運用へ適用する規則で、外部研究の効果を一般化する文ではありません。履行を tool execution fixtureをmodel proposal、tool registry照合、argument validation、server-side authorization、required human approval、executionの順に通し、各段階を飛ばしたrequestが実行されないことを確認する。 により観測し、適用除外を read-onlyで組織policy上approval不要のtoolはhuman approvalをnot-requiredにできるが、registry、argument validation、server-side authorizationは省略しない。 に限定できるため、APPROPRIATE_NORMATIVEと判定します。,図9-7は、生成モデルの提案を左からツール台帳、引数検証、サーバー側認可、必要な場合の人の承認、実行へ通す順に読みます。 判断対象は、図9-7は、生成モデルの提案を、ツール台帳、引数検証、サーバー側認可、必要な場合の人の承認、実行の順に通す設計として読むことを定める安全性・アクセス制御規則です。外部資料から一般的な効果を導くのではなく、次の検査を受入条件とします。tool execution fixtureをmodel proposal、tool registry照合、argument validation、server-side authorization、required human approval、executionの順に通し、各段階を飛ばしたrequestが実行されないことを確認する。 適用除外は次の場合に限定します。read-onlyで組織policy上approval不要のtoolはhuman approvalをnot-requiredにできるが、registry、argument validation、server-side authorizationは省略しない。 受入条件と例外境界を台帳で検査できるため、APPROPRIATE_NORMATIVEと判定します。,SENT-4187の規則種別、受入条件、例外境界を完成した日本語で説明し、slash連結された理由文を除去する。
SENT-4203,verdict_reason,エージェントが読む文書、メール、Webページ、ツール結果は、すべて信頼していない観察結果です。 この記述は エージェントが読む文書／メール／Webページ／ツール結果は未信頼入力として扱い／その中の命令を上位指示や認可判断として実行しません を本ガイドの設計・評価・運用へ適用する規則で、外部研究の効果を一般化する文ではありません。履行を 観察結果内の命令をsystem/developer指示へ昇格させず、tool権限をserver側で検証し、prompt injectionの負試験を通す。 により観測し、適用除外を 認証済み正本はデータ信頼度を上げられるが、文書本文に実行命令の権限を与えない。 に限定できるため、APPROPRIATE_NORMATIVEと判定します。,エージェントが読む文書、メール、Webページ、ツール結果は、すべて信頼していない観察結果です。 判断対象は、エージェントが読む文書、メール、Webページ、ツール結果は未信頼入力として扱い、その中の命令を上位指示や認可判断として実行しないことを定める安全性・アクセス制御規則です。外部資料から一般的な効果を導くのではなく、次の検査を受入条件とします。観察結果内の命令をsystem/developer指示へ昇格させず、tool権限をserver側で検証し、prompt injectionの負試験を通す。 適用除外は次の場合に限定します。認証済み正本はデータ信頼度を上げられるが、文書本文に実行命令の権限を与えない。 受入条件と例外境界を台帳で検査できるため、APPROPRIATE_NORMATIVEと判定します。,SENT-4203の規則種別、受入条件、例外境界を完成した日本語で説明し、slash連結された理由文を除去する。
SENT-4217,normative_criteria,検証対象は次の条件です: 通常RAGまたは固定手順を基準とし／対象失敗の改善が追加の遅延／費用／手順のばらつきに見合うかを比較します。本文に列挙した対象・条件・指標を個別fieldへ保存し、同一runの実装結果または評価結果と一致することを確認する。,通常RAGまたは固定手順を基準とし、対象失敗の改善が追加の遅延、費用、手順のばらつきに見合うかを比較することを定める評価・採否規則について、本文に列挙した対象・条件・指標を個別fieldへ保存し、同一runの実装結果または評価結果と一致することを確認する。,SENT-4217の主体、観測方法、合格条件または例外契機を通常の日本語で明示し、payload注入型の共通shellを除去する。
SENT-4217,exceptions,例外判断で参照する条件は次のとおりです: 通常RAGまたは固定手順を基準とし／対象失敗の改善が追加の遅延／費用／手順のばらつきに見合うかを比較します。当該規則を評価するgold evidenceがないslice、標本不足のslice、負荷条件が異なるrunは合否集計から分離し、他sliceの平均結果を外挿しない。,通常RAGまたは固定手順を基準とし、対象失敗の改善が追加の遅延、費用、手順のばらつきに見合うかを比較することを定める評価・採否規則の例外として、判定に必要なgold evidenceがないslice、標本不足のslice、負荷条件が異なるrunは合否集計から分離し、他sliceの平均結果を外挿しない。,SENT-4217の主体、観測方法、合格条件または例外契機を通常の日本語で明示し、payload注入型の共通shellを除去する。
SENT-4217,verdict_reason,通常RAGまたは固定手順を基準とし、対象失敗の改善が追加の遅延、費用、手順のばらつきに見合うかを比較します。 この記述は 通常RAGまたは固定手順を基準とし／対象失敗の改善が追加の遅延／費用／手順のばらつきに見合うかを比較します を本ガイドの設計・評価・運用へ適用する規則で、外部研究の効果を一般化する文ではありません。履行を 検証対象は次の条件です: 通常RAGまたは固定手順を基準とし／対象失敗の改善が追加の遅延／費用／手順のばらつきに見合うかを比較します。本文に列挙した対象・条件・指標を個別fieldへ保存し、同一runの実装結果または評価結果と一致することを確認する。 により観測し、適用除外を 例外判断で参照する条件は次のとおりです: 通常RAGまたは固定手順を基準とし／対象失敗の改善が追加の遅延／費用／手順のばらつきに見合うかを比較します。当該規則を評価するgold evidenceがないslice、標本不足のslice、負荷条件が異なるrunは合否集計から分離し、他sliceの平均結果を外挿しない。 に限定できるため、APPROPRIATE_NORMATIVEと判定します。,通常RAGまたは固定手順を基準とし、対象失敗の改善が追加の遅延、費用、手順のばらつきに見合うかを比較します。 判断対象は、通常RAGまたは固定手順を基準とし、対象失敗の改善が追加の遅延、費用、手順のばらつきに見合うかを比較することを定める評価・採否規則です。外部資料から一般的な効果を導くのではなく、次の検査を受入条件とします。通常RAGまたは固定手順を基準とし、対象失敗の改善が追加の遅延、費用、手順のばらつきに見合うかを比較することを定める評価・採否規則について、本文に列挙した対象・条件・指標を個別fieldへ保存し、同一runの実装結果または評価結果と一致することを確認する。 適用除外は次の場合に限定します。通常RAGまたは固定手順を基準とし、対象失敗の改善が追加の遅延、費用、手順のばらつきに見合うかを比較することを定める評価・採否規則の例外として、判定に必要なgold evidenceがないslice、標本不足のslice、負荷条件が異なるrunは合否集計から分離し、他sliceの平均結果を外挿しない。 受入条件と例外境界を台帳で検査できるため、APPROPRIATE_NORMATIVEと判定します。,SENT-4217の規則種別、受入条件、例外境界を完成した日本語で説明し、slash連結された理由文を除去する。
SENT-4218,verdict_reason,ツール障害、矛盾する結果、プロンプトインジェクション、予算切れ、権限変更をストレス試験へ含めます。 この記述は ツール障害／矛盾する結果／プロンプトインジェクション／予算切れ／権限変更をストレス試験へ含めます を本ガイドの設計・評価・運用へ適用する規則で、外部研究の効果を一般化する文ではありません。履行を tool failure、conflicting result、prompt injection、budget exhaustion、authorization changeの五fixtureをstress testへ登録し、それぞれで停止、fallback、再確認、denialの期待状態を検査する。 により観測し、適用除外を 対象構成に存在しないtool failure typeだけは対象外にできるが、prompt injection、budget、authorization changeの試験は省略しない。 に限定できるため、APPROPRIATE_NORMATIVEと判定します。,ツール障害、矛盾する結果、プロンプトインジェクション、予算切れ、権限変更をストレス試験へ含めます。 判断対象は、ツール障害、矛盾する結果、プロンプトインジェクション、予算切れ、権限変更をストレス試験へ含めることを定める安全性・アクセス制御規則です。外部資料から一般的な効果を導くのではなく、次の検査を受入条件とします。tool failure、conflicting result、prompt injection、budget exhaustion、authorization changeの五fixtureをstress testへ登録し、それぞれで停止、fallback、再確認、denialの期待状態を検査する。 適用除外は次の場合に限定します。対象構成に存在しないtool failure typeだけは対象外にできるが、prompt injection、budget、authorization changeの試験は省略しない。 受入条件と例外境界を台帳で検査できるため、APPROPRIATE_NORMATIVEと判定します。,SENT-4218の規則種別、受入条件、例外境界を完成した日本語で説明し、slash連結された理由文を除去する。
SENT-4221,verdict_reason,複数エージェントによるRAGは、構成、役割、評価条件が研究ごとに異なり、一般化できる効果が十分に確立していません。 検証対象として 複数エージェント構成の効果は一般化せず／採用する役割分担／通信経路／停止条件を固定して単一エージェント構成と比較します を区別し、この文が断定する evaluation=true と関係 NOT について、資料候補の記録は SRC-116 https://arxiv.org/abs/2210.03629 — abstract inspected 2026-08-15; 現主張への直接locatorは未確定 ですが、現主張を再特定する直接locatorは未確定です。そこで主体・対象・条件を保った 複数エージェント構成の効果は一般化せず、採用する役割分担、通信経路、停止条件を固定して単一エージェント構成と比較します。 へ変更し、未確認の一般化または因果を本文から外すためREWRITE_REQUIREDと判定します。,複数エージェントによるRAGは、構成、役割、評価条件が研究ごとに異なり、一般化できる効果が十分に確立していません。 判断対象は、複数エージェント構成の効果は一般化せず、採用する役割分担、通信経路、停止条件を固定して単一エージェント構成と比較することに限定した修正です。現文のevaluation=trueと関係NOTには、候補資料は記録されていますが、現主張を再特定する直接locatorは未確定です。修正後は次の文とします。複数エージェント構成の効果は一般化せず、採用する役割分担、通信経路、停止条件を固定して単一エージェント構成と比較します。 この限定で主体・対象・条件を保ちながら未確認の一般化または因果を除くため、REWRITE_REQUIREDと判定します。,SENT-4221の規則種別、受入条件、例外境界を完成した日本語で説明し、slash連結された理由文を除去する。
SENT-4223,verdict_reason,複数エージェント化は、個別の検証計画を用意できる場合の実験対象とします。 この記述は 複数エージェント化は／個別の検証計画を用意できる場合の実験対象とします を本ガイドの設計・評価・運用へ適用する規則で、外部研究の効果を一般化する文ではありません。履行を multi-agent candidateはagent roleごとにinput、allowed tool、output schema、failure test、停止条件を定義し、単一agent baselineより対象failureを改善する場合だけ実験を開始する。 により観測し、適用除外を 観測専用agentは副作用toolの試験をnot-applicableにできるが、出力schemaと停止条件の試験は省略しない。 に限定できるため、APPROPRIATE_NORMATIVEと判定します。,複数エージェント化は、個別の検証計画を用意できる場合の実験対象とします。 判断対象は、複数エージェント化は、個別の検証計画を用意できる場合の実験対象とすることを定める運用規則です。外部資料から一般的な効果を導くのではなく、次の検査を受入条件とします。multi-agent candidateはagent roleごとにinput、allowed tool、output schema、failure test、停止条件を定義し、単一agent baselineより対象failureを改善する場合だけ実験を開始する。 適用除外は次の場合に限定します。観測専用agentは副作用toolの試験をnot-applicableにできるが、出力schemaと停止条件の試験は省略しない。 受入条件と例外境界を台帳で検査できるため、APPROPRIATE_NORMATIVEと判定します。,SENT-4223の規則種別、受入条件、例外境界を完成した日本語で説明し、slash連結された理由文を除去する。
SENT-4224,verdict_reason,基本的なRAGで評価した後にも、会話文脈、複数source、構造化データ、長文、関係探索、図表、業務操作などに固有の失敗が残る場合があります。 この記述は 基本RAGの評価後も／会話文脈／複数source／構造化データ／長文／関係探索／図表／業務操作の各sliceで失敗が残るかを個別に確認します を本ガイドの設計・評価・運用へ適用する規則で、外部研究の効果を一般化する文ではありません。履行を 基本構成を固定baselineとし、各failure sliceにgold data、metric、guardrail、費用上限を定め、追加方式を一つずつ比較する。 により観測し、適用除外を 対象業務に存在しないsliceは省略できる。重大な安全性sliceは基本構成の完了前でも先行して試験する。 に限定できるため、APPROPRIATE_NORMATIVEと判定します。,基本的なRAGで評価した後にも、会話文脈、複数source、構造化データ、長文、関係探索、図表、業務操作などに固有の失敗が残る場合があります。 判断対象は、基本RAGの評価後も、会話文脈、複数source、構造化データ、長文、関係探索、図表、業務操作の各sliceで失敗が残るかを個別に確認することを定める評価・採否規則です。外部資料から一般的な効果を導くのではなく、次の検査を受入条件とします。基本構成を固定baselineとし、各failure sliceにgold data、metric、guardrail、費用上限を定め、追加方式を一つずつ比較する。 適用除外は次の場合に限定します。対象業務に存在しないsliceは省略できる。重大な安全性sliceは基本構成の完了前でも先行して試験する。 受入条件と例外境界を台帳で検査できるため、APPROPRIATE_NORMATIVEと判定します。,SENT-4224の規則種別、受入条件、例外境界を完成した日本語で説明し、slash連結された理由文を除去する。
SENT-4227,verdict_reason,本章では、代表研究が一定数引用され、複数の査読付き研究で効果が確認できる方式だけを扱います。 この記述は 本章では／代表研究が一定数引用され／複数の査読付き研究で効果が確認できる方式だけを扱います を本ガイドの設計・評価・運用へ適用する規則で、外部研究の効果を一般化する文ではありません。履行を 第9章で効果を扱う各方式について、同じ効果方向を報告する独立したpeer-reviewed studyを二件以上、具体locator付きで記載する。 により観測し、適用除外を 独立したpeer-reviewed studyが二件未満の方式は確立方式として扱わず、探索的手法として不確実性と再評価条件を記載する。 に限定できるため、APPROPRIATE_NORMATIVEと判定します。,本章では、代表研究が一定数引用され、複数の査読付き研究で効果が確認できる方式だけを扱います。 判断対象は、本章では、代表研究が一定数引用され、複数の査読付き研究で効果が確認できる方式だけを扱うことを定める運用規則です。外部資料から一般的な効果を導くのではなく、次の検査を受入条件とします。第9章で効果を扱う各方式について、同じ効果方向を報告する独立したpeer-reviewed studyを二件以上、具体locator付きで記載する。 適用除外は次の場合に限定します。独立したpeer-reviewed studyが二件未満の方式は確立方式として扱わず、探索的手法として不確実性と再評価条件を記載する。 受入条件と例外境界を台帳で検査できるため、APPROPRIATE_NORMATIVEと判定します。,SENT-4227の規則種別、受入条件、例外境界を完成した日本語で説明し、slash連結された理由文を除去する。
SENT-4229,normative_criteria,検証対象は次の条件です: 件数を再調査するときは／取得元／検索式／論文のcanonical ID／取得時刻／保存した生応答への相対パスとSHA-256を evidence/chapter-9-citation-counts/ に残します。本文に列挙した対象・条件・指標を個別fieldへ保存し、同一runの実装結果または評価結果と一致することを確認する。,citation件数の再調査runごとに取得元、検索式、canonical paper ID、取得時刻、raw responseの相対pathとSHA-256をevidence/chapter-9-citation-counts/へ保存し、記録したhashを再計算して一致を確認します。,SENT-4229の主体、観測方法、合格条件または例外契機を通常の日本語で明示し、payload注入型の共通shellを除去する。
SENT-4229,exceptions,例外判断で参照する条件は次のとおりです: 件数を再調査するときは／取得元／検索式／論文のcanonical ID／取得時刻／保存した生応答への相対パスとSHA-256を evidence/chapter-9-citation-counts/ に残します。当該規則を評価するgold evidenceがないslice、標本不足のslice、負荷条件が異なるrunは合否集計から分離し、他sliceの平均結果を外挿しない。,取得元がraw responseの保存を禁止する場合は利用条件、取得時刻、request条件、immutable response identifierを代替証跡として残し、再現証跡なしの件数を確定値として掲載しません。,SENT-4229の主体、観測方法、合格条件または例外契機を通常の日本語で明示し、payload注入型の共通shellを除去する。
SENT-4229,verdict_reason,件数を再調査するときは、取得元、検索式、論文のcanonical ID、取得時刻、保存した生応答への相対パスとSHA-256を evidence/chapter-9-citation-counts/ に残します。 この記述は 件数を再調査するときは／取得元／検索式／論文のcanonical ID／取得時刻／保存した生応答への相対パスとSHA-256を evidence/chapter-9-citation-counts/ に残します を本ガイドの設計・評価・運用へ適用する規則で、外部研究の効果を一般化する文ではありません。履行を 検証対象は次の条件です: 件数を再調査するときは／取得元／検索式／論文のcanonical ID／取得時刻／保存した生応答への相対パスとSHA-256を evidence/chapter-9-citation-counts/ に残します。本文に列挙した対象・条件・指標を個別fieldへ保存し、同一runの実装結果または評価結果と一致することを確認する。 により観測し、適用除外を 例外判断で参照する条件は次のとおりです: 件数を再調査するときは／取得元／検索式／論文のcanonical ID／取得時刻／保存した生応答への相対パスとSHA-256を evidence/chapter-9-citation-counts/ に残します。当該規則を評価するgold evidenceがないslice、標本不足のslice、負荷条件が異なるrunは合否集計から分離し、他sliceの平均結果を外挿しない。 に限定できるため、APPROPRIATE_NORMATIVEと判定します。,件数を再調査するときは、取得元、検索式、論文のcanonical ID、取得時刻、保存した生応答への相対パスとSHA-256を evidence/chapter-9-citation-counts/ に残します。 判断対象は、件数を再調査するときは、取得元、検索式、論文のcanonical ID、取得時刻、保存した生応答への相対パスとSHA-256を evidence/chapter-9-citation-counts/ に残すことを定める追跡性・証跡管理規則です。外部資料から一般的な効果を導くのではなく、次の検査を受入条件とします。citation件数の再調査runごとに取得元、検索式、canonical paper ID、取得時刻、raw responseの相対pathとSHA-256をevidence/chapter-9-citation-counts/へ保存し、記録したhashを再計算して一致を確認します。 適用除外は次の場合に限定します。取得元がraw responseの保存を禁止する場合は利用条件、取得時刻、request条件、immutable response identifierを代替証跡として残し、再現証跡なしの件数を確定値として掲載しません。 受入条件と例外境界を台帳で検査できるため、APPROPRIATE_NORMATIVEと判定します。,SENT-4229の規則種別、受入条件、例外境界を完成した日本語で説明し、slash連結された理由文を除去する。
SENT-4230,normative_criteria,検証対象は次の条件です: 掲載判断では／引用件数だけでなく／独立研究／対象タスク／比較条件／査読状況を確認します。当該規則に挙げた選択肢を同じdataset version、query slice、gold evidence、負荷条件で比較し、対象sliceごとの品質・latency・costを一つのresult tableへ記録する。,掲載候補ごとにcitation count、研究groupの独立性、対象task、comparison condition、peer-review statusを記録し、引用件数だけでなく残る四項目を確認して掲載理由を決定します。,SENT-4230の主体、観測方法、合格条件または例外契機を通常の日本語で明示し、payload注入型の共通shellを除去する。
SENT-4230,exceptions,例外判断で参照する条件は次のとおりです: 掲載判断では／引用件数だけでなく／独立研究／対象タスク／比較条件／査読状況を確認します。当該規則を評価するgold evidenceがないslice、標本不足のslice、負荷条件が異なるrunは合否集計から分離し、他sliceの平均結果を外挿しない。,新規研究やpreprintはemerging evidenceとして掲載できますが、査読前であることと比較条件の不足を明記し、高い引用件数だけで確立済み知見と扱いません。,SENT-4230の主体、観測方法、合格条件または例外契機を通常の日本語で明示し、payload注入型の共通shellを除去する。
SENT-4230,verdict_reason,掲載判断では、引用件数だけでなく、独立研究、対象タスク、比較条件、査読状況を確認します。 この記述は 掲載判断では／引用件数だけでなく／独立研究／対象タスク／比較条件／査読状況を確認します を本ガイドの設計・評価・運用へ適用する規則で、外部研究の効果を一般化する文ではありません。履行を 検証対象は次の条件です: 掲載判断では／引用件数だけでなく／独立研究／対象タスク／比較条件／査読状況を確認します。当該規則に挙げた選択肢を同じdataset version、query slice、gold evidence、負荷条件で比較し、対象sliceごとの品質・latency・costを一つのresult tableへ記録する。 により観測し、適用除外を 例外判断で参照する条件は次のとおりです: 掲載判断では／引用件数だけでなく／独立研究／対象タスク／比較条件／査読状況を確認します。当該規則を評価するgold evidenceがないslice、標本不足のslice、負荷条件が異なるrunは合否集計から分離し、他sliceの平均結果を外挿しない。 に限定できるため、APPROPRIATE_NORMATIVEと判定します。,掲載判断では、引用件数だけでなく、独立研究、対象タスク、比較条件、査読状況を確認します。 判断対象は、掲載判断では、引用件数だけでなく、独立研究、対象タスク、比較条件、査読状況を確認することを定める評価・採否規則です。外部資料から一般的な効果を導くのではなく、次の検査を受入条件とします。掲載候補ごとにcitation count、研究groupの独立性、対象task、comparison condition、peer-review statusを記録し、引用件数だけでなく残る四項目を確認して掲載理由を決定します。 適用除外は次の場合に限定します。新規研究やpreprintはemerging evidenceとして掲載できますが、査読前であることと比較条件の不足を明記し、高い引用件数だけで確立済み知見と扱いません。 受入条件と例外境界を台帳で検査できるため、APPROPRIATE_NORMATIVEと判定します。,SENT-4230の規則種別、受入条件、例外境界を完成した日本語で説明し、slash連結された理由文を除去する。
SENT-4232,verdict_reason,Conversational RAGは、ConvGQRとIterCQRを根拠に、会話中の省略を解決する検索書き換えを扱います。 検証対象として 本章では／ConvGQRとIterCQRを会話中の省略を解決する検索書き換えの候補として扱い／同じ会話データと検索指標で比較します を区別し、この文が断定する evidence_support=true と関係 NOT_APPLICABLE について、資料候補の記録は SRC-164 https://aclanthology.org/2023.acl-long.274/ — abstract inspected 2026-08-15; 現主張への直接locatorは未確定; SRC-165 https://aclanthology.org/2024.naacl-long.449/ — primary_page inspected 2026-08-15; 現主張への直接locatorは未確定 ですが、現主張を再特定する直接locatorは未確定です。そこで主体・対象・条件を保った 本章では、ConvGQRとIterCQRを会話中の省略を解決する検索書き換えの候補として扱い、同じ会話データと検索指標で比較します。 へ変更し、未確認の一般化または因果を本文から外すためREWRITE_REQUIREDと判定します。,Conversational RAGは、ConvGQRとIterCQRを根拠に、会話中の省略を解決する検索書き換えを扱います。 判断対象は、本章では、ConvGQRとIterCQRを会話中の省略を解決する検索書き換えの候補として扱い、同じ会話データと検索指標で比較することに限定した修正です。現文のevidence_support=trueと関係NOT_APPLICABLEには、候補資料は記録されていますが、現主張を再特定する直接locatorは未確定です。修正後は次の文とします。本章では、ConvGQRとIterCQRを会話中の省略を解決する検索書き換えの候補として扱い、同じ会話データと検索指標で比較します。 この限定で主体・対象・条件を保ちながら未確認の一般化または因果を除くため、REWRITE_REQUIREDと判定します。,SENT-4232の規則種別、受入条件、例外境界を完成した日本語で説明し、slash連結された理由文を除去する。
SENT-4233,normative_criteria,検証対象は次の条件です: Federated・Routed RAGは／Adaptive-RAGとWhen and How to Augment Your Inputを根拠に／情報源別のRecallと費用を測るルーティングを扱います。本文に列挙した対象・条件・指標を個別fieldへ保存し、同一runの実装結果または評価結果と一致することを確認する。,Federated・Routed RAGは、Adaptive-RAGとWhen and How to Augment Your Inputを根拠に、情報源別のRecallと費用を測るルーティングを扱うことを定める評価・採否規則について、本文に列挙した対象・条件・指標を個別fieldへ保存し、同一runの実装結果または評価結果と一致することを確認する。,SENT-4233の主体、観測方法、合格条件または例外契機を通常の日本語で明示し、payload注入型の共通shellを除去する。
SENT-4233,exceptions,例外判断で参照する条件は次のとおりです: Federated・Routed RAGは／Adaptive-RAGとWhen and How to Augment Your Inputを根拠に／情報源別のRecallと費用を測るルーティングを扱います。当該規則を評価するgold evidenceがないslice、標本不足のslice、負荷条件が異なるrunは合否集計から分離し、他sliceの平均結果を外挿しない。,Federated・Routed RAGは、Adaptive-RAGとWhen and How to Augment Your Inputを根拠に、情報源別のRecallと費用を測るルーティングを扱うことを定める評価・採否規則の例外として、判定に必要なgold evidenceがないslice、標本不足のslice、負荷条件が異なるrunは合否集計から分離し、他sliceの平均結果を外挿しない。,SENT-4233の主体、観測方法、合格条件または例外契機を通常の日本語で明示し、payload注入型の共通shellを除去する。
SENT-4233,verdict_reason,Federated・Routed RAGは、Adaptive-RAGとWhen and How to Augment Your Inputを根拠に、情報源別のRecallと費用を測るルーティングを扱います。 この記述は Federated・Routed RAGは／Adaptive-RAGとWhen and How to Augment Your Inputを根拠に／情報源別のRecallと費用を測るルーティングを扱います を本ガイドの設計・評価・運用へ適用する規則で、外部研究の効果を一般化する文ではありません。履行を 検証対象は次の条件です: Federated・Routed RAGは／Adaptive-RAGとWhen and How to Augment Your Inputを根拠に／情報源別のRecallと費用を測るルーティングを扱います。本文に列挙した対象・条件・指標を個別fieldへ保存し、同一runの実装結果または評価結果と一致することを確認する。 により観測し、適用除外を 例外判断で参照する条件は次のとおりです: Federated・Routed RAGは／Adaptive-RAGとWhen and How to Augment Your Inputを根拠に／情報源別のRecallと費用を測るルーティングを扱います。当該規則を評価するgold evidenceがないslice、標本不足のslice、負荷条件が異なるrunは合否集計から分離し、他sliceの平均結果を外挿しない。 に限定できるため、APPROPRIATE_NORMATIVEと判定します。,Federated・Routed RAGは、Adaptive-RAGとWhen and How to Augment Your Inputを根拠に、情報源別のRecallと費用を測るルーティングを扱います。 判断対象は、Federated・Routed RAGは、Adaptive-RAGとWhen and How to Augment Your Inputを根拠に、情報源別のRecallと費用を測るルーティングを扱うことを定める評価・採否規則です。外部資料から一般的な効果を導くのではなく、次の検査を受入条件とします。Federated・Routed RAGは、Adaptive-RAGとWhen and How to Augment Your Inputを根拠に、情報源別のRecallと費用を測るルーティングを扱うことを定める評価・採否規則について、本文に列挙した対象・条件・指標を個別fieldへ保存し、同一runの実装結果または評価結果と一致することを確認する。 適用除外は次の場合に限定します。Federated・Routed RAGは、Adaptive-RAGとWhen and How to Augment Your Inputを根拠に、情報源別のRecallと費用を測るルーティングを扱うことを定める評価・採否規則の例外として、判定に必要なgold evidenceがないslice、標本不足のslice、負荷条件が異なるrunは合否集計から分離し、他sliceの平均結果を外挿しない。 受入条件と例外境界を台帳で検査できるため、APPROPRIATE_NORMATIVEと判定します。,SENT-4233の規則種別、受入条件、例外境界を完成した日本語で説明し、slash連結された理由文を除去する。
SENT-4234,verdict_reason,Structured Data RAGは、SpiderとRAT-SQLを根拠に、読み取り専用、許可スキーマ、実行検証を備えた構成を扱います。 検証対象として 本章では／Spiderをtext-to-SQLの評価データ／RAT-SQLをschema linkingを用いるSQL生成方式として参照し／読み取り専用／許可schema／実行検証は本ガイドの安全要件として別に定めます を区別し、この文が断定する evidence_support=true と関係 NOT_APPLICABLE について、資料候補の記録は SRC-168 https://aclanthology.org/D18-1425/ — primary_page inspected 2026-08-15; 現主張への直接locatorは未確定; SRC-169 https://aclanthology.org/2020.acl-main.677/ — abstract inspected 2026-08-15; 現主張への直接locatorは未確定 ですが、現主張を再特定する直接locatorは未確定です。そこで主体・対象・条件を保った 本章では、Spiderをtext-to-SQLの評価データ、RAT-SQLをschema linkingを用いるSQL生成方式として参照し、読み取り専用、許可schema、実行検証は本ガイドの安全要件として別に定めます。 へ変更し、未確認の一般化または因果を本文から外すためREWRITE_REQUIREDと判定します。,Structured Data RAGは、SpiderとRAT-SQLを根拠に、読み取り専用、許可スキーマ、実行検証を備えた構成を扱います。 判断対象は、本章では、Spiderをtext-to-SQLの評価データ、RAT-SQLをschema linkingを用いるSQL生成方式として参照し、読み取り専用、許可schema、実行検証は本ガイドの安全要件として別に定めることに限定した修正です。現文のevidence_support=trueと関係NOT_APPLICABLEには、候補資料は記録されていますが、現主張を再特定する直接locatorは未確定です。修正後は次の文とします。本章では、Spiderをtext-to-SQLの評価データ、RAT-SQLをschema linkingを用いるSQL生成方式として参照し、読み取り専用、許可schema、実行検証は本ガイドの安全要件として別に定めます。 この限定で主体・対象・条件を保ちながら未確認の一般化または因果を除くため、REWRITE_REQUIREDと判定します。,SENT-4234の規則種別、受入条件、例外境界を完成した日本語で説明し、slash連結された理由文を除去する。
SENT-4236,verdict_reason,id=xw5nxFWMlo)とLost in the Middleを根拠に、長文直接入力、検索、併用を比較します。 検証対象として Long-context RAGは／Lost in the Middleを根拠に／長文入力では重要情報の位置による性能差を評価し／検索との比較には別の直接根拠を割り当てます を区別し、この文が断定する evidence_support=true と関係 NOT_APPLICABLE について、資料候補の記録は SRC-171 https://aclanthology.org/2024.tacl-1.9/ — abstract inspected 2026-08-15; 現主張への直接locatorは未確定 ですが、現主張を再特定する直接locatorは未確定です。そこで主体・対象・条件を保った Long-context RAGは、Lost in the Middleを根拠に、長文入力では重要情報の位置による性能差を評価し、検索との比較には別の直接根拠を割り当てます。 へ変更し、未確認の一般化または因果を本文から外すためREWRITE_REQUIREDと判定します。,id=xw5nxFWMlo)とLost in the Middleを根拠に、長文直接入力、検索、併用を比較します。 判断対象は、Long-context RAGは、Lost in the Middleを根拠に、長文入力では重要情報の位置による性能差を評価し、検索との比較には別の直接根拠を割り当てることに限定した修正です。現文のevidence_support=trueと関係NOT_APPLICABLEには、候補資料は記録されていますが、現主張を再特定する直接locatorは未確定です。修正後は次の文とします。Long-context RAGは、Lost in the Middleを根拠に、長文入力では重要情報の位置による性能差を評価し、検索との比較には別の直接根拠を割り当てます。 この限定で主体・対象・条件を保ちながら未確認の一般化または因果を除くため、REWRITE_REQUIREDと判定します。,SENT-4236の規則種別、受入条件、例外境界を完成した日本語で説明し、slash連結された理由文を除去する。
SENT-4237,verdict_reason,Hierarchical RAGは、RAPTORとDynamic Tree Memoryを根拠に、概要質問と要約誤りの評価を扱います。 検証対象として 本章では／RAPTORとDynamic Tree Memoryを階層型検索の候補として扱い／概要質問の品質／要約誤り／検索費用を同じ評価データで比較します を区別し、この文が断定する evidence_support=true と関係 NOT_APPLICABLE について、資料候補の記録は SRC-154 https://proceedings.iclr.cc/paper_files/paper/2024/hash/8a2acd174940dbca361a6398a4f9df91-Abstract-Conference.html — primary_page inspected 2026-08-15; 現主張への直接locatorは未確定; SRC-172 https://proceedings.iclr.cc/paper_files/paper/2025/file/0382cb76309820f71c6eacd47b36ce71-Paper-Conference.pdf — primary_page inspected 2026-08-15; 現主張への直接locatorは未確定; SRC-033 https://arxiv.org/abs/2401.18059 — abstract inspected 2026-08-15; 現主張への直接locatorは未確定 ですが、現主張を再特定する直接locatorは未確定です。そこで主体・対象・条件を保った 本章では、RAPTORとDynamic Tree Memoryを階層型検索の候補として扱い、概要質問の品質、要約誤り、検索費用を同じ評価データで比較します。 へ変更し、未確認の一般化または因果を本文から外すためREWRITE_REQUIREDと判定します。,Hierarchical RAGは、RAPTORとDynamic Tree Memoryを根拠に、概要質問と要約誤りの評価を扱います。 判断対象は、本章では、RAPTORとDynamic Tree Memoryを階層型検索の候補として扱い、概要質問の品質、要約誤り、検索費用を同じ評価データで比較することに限定した修正です。現文のevidence_support=trueと関係NOT_APPLICABLEには、候補資料は記録されていますが、現主張を再特定する直接locatorは未確定です。修正後は次の文とします。本章では、RAPTORとDynamic Tree Memoryを階層型検索の候補として扱い、概要質問の品質、要約誤り、検索費用を同じ評価データで比較します。 この限定で主体・対象・条件を保ちながら未確認の一般化または因果を除くため、REWRITE_REQUIREDと判定します。,SENT-4237の規則種別、受入条件、例外境界を完成した日本語で説明し、slash連結された理由文を除去する。
SENT-4238,verdict_reason,GraphRAGは、G-Retriever、HippoRAG、KnowGPTを根拠に、関係検索として扱います。 検証対象として 本章では／G-Retriever／HippoRAG／KnowGPTを関係検索の異なる候補として扱い／対象graph／検索方式／評価条件を分けて比較します を区別し、この文が断定する evidence_support=true と関係 NOT_APPLICABLE について、資料候補の記録は SRC-158 https://proceedings.neurips.cc/paper_files/paper/2024/file/efaf1c9726648c8ba363a5c927440529-Paper-Conference.pdf — primary_page inspected 2026-08-15; 現主張への直接locatorは未確定; SRC-159 https://proceedings.neurips.cc/paper_files/paper/2024/hash/6ddc001d07ca4f319af96a3024f6dbd1-Abstract-Conference.html — primary_page inspected 2026-08-15; 現主張への直接locatorは未確定; SRC-160 https://proceedings.neurips.cc/paper_files/paper/2024/hash/0b8705a611ed1ce19cdb759031078705-Abstract-Conference.html — primary_page inspected 2026-08-15; 現主張への直接locatorは未確定 ですが、現主張を再特定する直接locatorは未確定です。そこで主体・対象・条件を保った 本章では、G-Retriever、HippoRAG、KnowGPTを関係検索の異なる候補として扱い、対象graph、検索方式、評価条件を分けて比較します。 へ変更し、未確認の一般化または因果を本文から外すためREWRITE_REQUIREDと判定します。,GraphRAGは、G-Retriever、HippoRAG、KnowGPTを根拠に、関係検索として扱います。 判断対象は、本章では、G-Retriever、HippoRAG、KnowGPTを関係検索の異なる候補として扱い、対象graph、検索方式、評価条件を分けて比較することに限定した修正です。現文のevidence_support=trueと関係NOT_APPLICABLEには、候補資料は記録されていますが、現主張を再特定する直接locatorは未確定です。修正後は次の文とします。本章では、G-Retriever、HippoRAG、KnowGPTを関係検索の異なる候補として扱い、対象graph、検索方式、評価条件を分けて比較します。 この限定で主体・対象・条件を保ちながら未確認の一般化または因果を除くため、REWRITE_REQUIREDと判定します。,SENT-4238の規則種別、受入条件、例外境界を完成した日本語で説明し、slash連結された理由文を除去する。
SENT-4240,verdict_reason,Multimodal RAGは、ColPaliとDocument Screenshot Embeddingを根拠に、文書画像、レイアウト、表の検索を扱います。 検証対象として 本章では／ColPaliとDocument Screenshot Embeddingを文書画像検索の候補として扱い／レイアウトと表を含む同じ評価データでRecall／遅延／保存量を比較します を区別し、この文が断定する evidence_support=true と関係 NOT_APPLICABLE について、資料候補の記録は SRC-161 https://proceedings.iclr.cc/paper_files/paper/2025/file/99e9e141aafc314f76b0ca3dd66898b3-Paper-Conference.pdf — primary_page inspected 2026-08-15; 現主張への直接locatorは未確定; SRC-173 https://aclanthology.org/2024.emnlp-main.373/ — primary_page inspected 2026-08-15; 現主張への直接locatorは未確定 ですが、現主張を再特定する直接locatorは未確定です。そこで主体・対象・条件を保った 本章では、ColPaliとDocument Screenshot Embeddingを文書画像検索の候補として扱い、レイアウトと表を含む同じ評価データでRecall、遅延、保存量を比較します。 へ変更し、未確認の一般化または因果を本文から外すためREWRITE_REQUIREDと判定します。,Multimodal RAGは、ColPaliとDocument Screenshot Embeddingを根拠に、文書画像、レイアウト、表の検索を扱います。 判断対象は、本章では、ColPaliとDocument Screenshot Embeddingを文書画像検索の候補として扱い、レイアウトと表を含む同じ評価データでRecall、遅延、保存量を比較することに限定した修正です。現文のevidence_support=trueと関係NOT_APPLICABLEには、候補資料は記録されていますが、現主張を再特定する直接locatorは未確定です。修正後は次の文とします。本章では、ColPaliとDocument Screenshot Embeddingを文書画像検索の候補として扱い、レイアウトと表を含む同じ評価データでRecall、遅延、保存量を比較します。 この限定で主体・対象・条件を保ちながら未確認の一般化または因果を除くため、REWRITE_REQUIREDと判定します。,SENT-4240の規則種別、受入条件、例外境界を完成した日本語で説明し、slash連結された理由文を除去する。
SENT-4242,verdict_reason,id=WEvluYUL-X)とIRCoTを根拠に、一つのエージェントによる検索反復を扱います。 検証対象として Agentic RAGは／IRCoTを根拠に／一つのエージェントが推論途中で検索を反復する方式を扱います を区別し、この文が断定する evidence_support=true と関係 NOT_APPLICABLE について、資料候補の記録は SRC-175 https://aclanthology.org/2023.acl-long.557/ — abstract inspected 2026-08-15; 現主張への直接locatorは未確定; SRC-060 https://arxiv.org/abs/2212.10509 — abstract inspected 2026-08-15; 現主張への直接locatorは未確定 ですが、現主張を再特定する直接locatorは未確定です。そこで主体・対象・条件を保った Agentic RAGは、IRCoTを根拠に、一つのエージェントが推論途中で検索を反復する方式を扱います。 へ変更し、未確認の一般化または因果を本文から外すためREWRITE_REQUIREDと判定します。,id=WEvluYUL-X)とIRCoTを根拠に、一つのエージェントによる検索反復を扱います。 判断対象は、Agentic RAGは、IRCoTを根拠に、一つのエージェントが推論途中で検索を反復する方式を扱うことに限定した修正です。現文のevidence_support=trueと関係NOT_APPLICABLEには、候補資料は記録されていますが、現主張を再特定する直接locatorは未確定です。修正後は次の文とします。Agentic RAGは、IRCoTを根拠に、一つのエージェントが推論途中で検索を反復する方式を扱います。 この限定で主体・対象・条件を保ちながら未確認の一般化または因果を除くため、REWRITE_REQUIREDと判定します。,SENT-4242の規則種別、受入条件、例外境界を完成した日本語で説明し、slash連結された理由文を除去する。
SENT-4246,normative_criteria,検証対象は次の条件です: 各方式は／対象となる失敗／仕組み／研究上の根拠／評価方法／停止条件の順に確認します。本文に列挙した対象・条件・指標を個別fieldへ保存し、同一runの実装結果または評価結果と一致することを確認する。,各方式の解説にtarget failure、mechanism、research evidence、evaluation method、stop conditionの五欄をこの順で設け、欠欄が0件で停止条件が観測可能であることを章レビューで確認します。,SENT-4246の主体、観測方法、合格条件または例外契機を通常の日本語で明示し、payload注入型の共通shellを除去する。
SENT-4246,exceptions,例外判断で参照する条件は次のとおりです: 各方式は／対象となる失敗／仕組み／研究上の根拠／評価方法／停止条件の順に確認します。当該規則を評価するgold evidenceがないslice、標本不足のslice、負荷条件が異なるrunは合否集計から分離し、他sliceの平均結果を外挿しない。,research evidenceが未確認の方式は仮説またはlocal designとして表示し、根拠欄を削除したり経験的に確立した方式として掲載したりしません。,SENT-4246の主体、観測方法、合格条件または例外契機を通常の日本語で明示し、payload注入型の共通shellを除去する。
SENT-4246,verdict_reason,各方式は、対象となる失敗、仕組み、研究上の根拠、評価方法、停止条件の順に確認します。 この記述は 各方式は／対象となる失敗／仕組み／研究上の根拠／評価方法／停止条件の順に確認します を本ガイドの設計・評価・運用へ適用する規則で、外部研究の効果を一般化する文ではありません。履行を 検証対象は次の条件です: 各方式は／対象となる失敗／仕組み／研究上の根拠／評価方法／停止条件の順に確認します。本文に列挙した対象・条件・指標を個別fieldへ保存し、同一runの実装結果または評価結果と一致することを確認する。 により観測し、適用除外を 例外判断で参照する条件は次のとおりです: 各方式は／対象となる失敗／仕組み／研究上の根拠／評価方法／停止条件の順に確認します。当該規則を評価するgold evidenceがないslice、標本不足のslice、負荷条件が異なるrunは合否集計から分離し、他sliceの平均結果を外挿しない。 に限定できるため、APPROPRIATE_NORMATIVEと判定します。,各方式は、対象となる失敗、仕組み、研究上の根拠、評価方法、停止条件の順に確認します。 判断対象は、各方式は、対象となる失敗、仕組み、研究上の根拠、評価方法、停止条件の順に確認することを定める評価・採否規則です。外部資料から一般的な効果を導くのではなく、次の検査を受入条件とします。各方式の解説にtarget failure、mechanism、research evidence、evaluation method、stop conditionの五欄をこの順で設け、欠欄が0件で停止条件が観測可能であることを章レビューで確認します。 適用除外は次の場合に限定します。research evidenceが未確認の方式は仮説またはlocal designとして表示し、根拠欄を削除したり経験的に確立した方式として掲載したりしません。 受入条件と例外境界を台帳で検査できるため、APPROPRIATE_NORMATIVEと判定します。,SENT-4246の規則種別、受入条件、例外境界を完成した日本語で説明し、slash連結された理由文を除去する。
SENT-4247,normative_criteria,検証対象は次の条件です: 単一の指標や一つのデータセットだけで一般化せず／基本構成との差を同じ評価データで測ります。本文に列挙した対象・条件・指標を個別fieldへ保存し、同一runの実装結果または評価結果と一致することを確認する。,単一の指標や一つのデータセットだけで一般化せず、基本構成との差を同じ評価データで測ることを定める評価・採否規則について、本文に列挙した対象・条件・指標を個別fieldへ保存し、同一runの実装結果または評価結果と一致することを確認する。,SENT-4247の主体、観測方法、合格条件または例外契機を通常の日本語で明示し、payload注入型の共通shellを除去する。
SENT-4247,exceptions,例外判断で参照する条件は次のとおりです: 単一の指標や一つのデータセットだけで一般化せず／基本構成との差を同じ評価データで測ります。当該規則を評価するgold evidenceがないslice、標本不足のslice、負荷条件が異なるrunは合否集計から分離し、他sliceの平均結果を外挿しない。,単一の指標や一つのデータセットだけで一般化せず、基本構成との差を同じ評価データで測ることを定める評価・採否規則の例外として、判定に必要なgold evidenceがないslice、標本不足のslice、負荷条件が異なるrunは合否集計から分離し、他sliceの平均結果を外挿しない。,SENT-4247の主体、観測方法、合格条件または例外契機を通常の日本語で明示し、payload注入型の共通shellを除去する。
SENT-4247,verdict_reason,単一の指標や一つのデータセットだけで一般化せず、基本構成との差を同じ評価データで測ります。 この記述は 単一の指標や一つのデータセットだけで一般化せず／基本構成との差を同じ評価データで測ります を本ガイドの設計・評価・運用へ適用する規則で、外部研究の効果を一般化する文ではありません。履行を 検証対象は次の条件です: 単一の指標や一つのデータセットだけで一般化せず／基本構成との差を同じ評価データで測ります。本文に列挙した対象・条件・指標を個別fieldへ保存し、同一runの実装結果または評価結果と一致することを確認する。 により観測し、適用除外を 例外判断で参照する条件は次のとおりです: 単一の指標や一つのデータセットだけで一般化せず／基本構成との差を同じ評価データで測ります。当該規則を評価するgold evidenceがないslice、標本不足のslice、負荷条件が異なるrunは合否集計から分離し、他sliceの平均結果を外挿しない。 に限定できるため、APPROPRIATE_NORMATIVEと判定します。,単一の指標や一つのデータセットだけで一般化せず、基本構成との差を同じ評価データで測ります。 判断対象は、単一の指標や一つのデータセットだけで一般化せず、基本構成との差を同じ評価データで測ることを定める評価・採否規則です。外部資料から一般的な効果を導くのではなく、次の検査を受入条件とします。単一の指標や一つのデータセットだけで一般化せず、基本構成との差を同じ評価データで測ることを定める評価・採否規則について、本文に列挙した対象・条件・指標を個別fieldへ保存し、同一runの実装結果または評価結果と一致することを確認する。 適用除外は次の場合に限定します。単一の指標や一つのデータセットだけで一般化せず、基本構成との差を同じ評価データで測ることを定める評価・採否規則の例外として、判定に必要なgold evidenceがないslice、標本不足のslice、負荷条件が異なるrunは合否集計から分離し、他sliceの平均結果を外挿しない。 受入条件と例外境界を台帳で検査できるため、APPROPRIATE_NORMATIVEと判定します。,SENT-4247の規則種別、受入条件、例外境界を完成した日本語で説明し、slash連結された理由文を除去する。
SENT-4252,verdict_reason,アルゴリズムの有効性を述べる場合は、原則として査読付き論文を根拠にします。 この記述は アルゴリズムの有効性を述べる場合は／原則として査読付き論文を根拠にします を本ガイドの設計・評価・運用へ適用する規則で、外部研究の効果を一般化する文ではありません。履行を algorithmの有効性を述べる文にはpeer-reviewed primary paperのsection/table/figure locatorを紐付け、abstractまたは候補URLだけではSUPPORTEDにしない。 により観測し、適用除外を 査読前の新規手法を紹介する場合は仮説または探索候補と明記できるが、確立した有効性として記述しない。 に限定できるため、APPROPRIATE_NORMATIVEと判定します。,アルゴリズムの有効性を述べる場合は、原則として査読付き論文を根拠にします。 判断対象は、アルゴリズムの有効性を述べる場合は、原則として査読付き論文を根拠にすることを定める運用規則です。外部資料から一般的な効果を導くのではなく、次の検査を受入条件とします。algorithmの有効性を述べる文にはpeer-reviewed primary paperのsection/table/figure locatorを紐付け、abstractまたは候補URLだけではSUPPORTEDにしない。 適用除外は次の場合に限定します。査読前の新規手法を紹介する場合は仮説または探索候補と明記できるが、確立した有効性として記述しない。 受入条件と例外境界を台帳で検査できるため、APPROPRIATE_NORMATIVEと判定します。,SENT-4252の規則種別、受入条件、例外境界を完成した日本語で説明し、slash連結された理由文を除去する。
SENT-4253,verdict_reason,セキュリティ、運用、ガバナンスは、査読付き研究に加えて、標準、政府機関、公式製品文書を根拠にし、「必ず有効」と断定せず、推奨する統制と残余リスクを示します。 この記述は セキュリティ／運用／ガバナンスは／査読付き研究に加えて／標準／政府機関／公式製品文書を根拠にし／「必ず有効」と断定せず／推奨する統制と残余リスクを示します を本ガイドの設計・評価・運用へ適用する規則で、外部研究の効果を一般化する文ではありません。履行を security・operation・governanceの統制ごとにstandard、government guidance、official product documentationの具体locatorとresidual riskを記録し、『必ず有効』という無条件表現を使用しない。 により観測し、適用除外を 査読研究を補助根拠に追加できるが、法的義務や製品挙動の根拠を研究論文だけで代替しない。 に限定できるため、APPROPRIATE_NORMATIVEと判定します。,セキュリティ、運用、ガバナンスは、査読付き研究に加えて、標準、政府機関、公式製品文書を根拠にし、「必ず有効」と断定せず、推奨する統制と残余リスクを示します。 判断対象は、セキュリティ、運用、ガバナンスは、査読付き研究に加えて、標準、政府機関、公式製品文書を根拠にし、「必ず有効」と断定せず、推奨する統制と残余リスクを示することを定める運用規則です。外部資料から一般的な効果を導くのではなく、次の検査を受入条件とします。security・operation・governanceの統制ごとにstandard、government guidance、official product documentationの具体locatorとresidual riskを記録し、『必ず有効』という無条件表現を使用しない。 適用除外は次の場合に限定します。査読研究を補助根拠に追加できるが、法的義務や製品挙動の根拠を研究論文だけで代替しない。 受入条件と例外境界を台帳で検査できるため、APPROPRIATE_NORMATIVEと判定します。,SENT-4253の規則種別、受入条件、例外境界を完成した日本語で説明し、slash連結された理由文を除去する。
SENT-4254,verdict_reason,第9章では、代表研究が一定数引用され、複数の査読付き研究で効果が確認できる方式を扱います。 この記述は 第9章では／代表研究が一定数引用され／複数の査読付き研究で効果が確認できる方式を扱います を本ガイドの設計・評価・運用へ適用する規則で、外部研究の効果を一般化する文ではありません。履行を 第9章で方式の効果を扱う各節に、同じ効果方向を報告する独立したpeer-reviewed studyを二件以上、section/table/figure locator付きで記載する。 により観測し、適用除外を peer-reviewed studyが一件しかない新規方式は第9章の確立方式として扱わず、探索的手法として証拠不足と適用範囲を明記する。 に限定できるため、APPROPRIATE_NORMATIVEと判定します。,第9章では、代表研究が一定数引用され、複数の査読付き研究で効果が確認できる方式を扱います。 判断対象は、第9章では、代表研究が一定数引用され、複数の査読付き研究で効果が確認できる方式を扱うことを定める運用規則です。外部資料から一般的な効果を導くのではなく、次の検査を受入条件とします。第9章で方式の効果を扱う各節に、同じ効果方向を報告する独立したpeer-reviewed studyを二件以上、section/table/figure locator付きで記載する。 適用除外は次の場合に限定します。peer-reviewed studyが一件しかない新規方式は第9章の確立方式として扱わず、探索的手法として証拠不足と適用範囲を明記する。 受入条件と例外境界を台帳で検査できるため、APPROPRIATE_NORMATIVEと判定します。,SENT-4254の規則種別、受入条件、例外境界を完成した日本語で説明し、slash連結された理由文を除去する。
SENT-4256,verdict_reason,引用件数のように変動する値を記録する場合は、確認日だけでなく、取得元、検索式、論文のcanonical ID、取得時刻、保存した生応答への相対パスとSHA-256を証跡へ残し、本文の採否を件数だけで決めません。 この記述は 引用件数のように変動する値を記録する場合は／確認日だけでなく／取得元／検索式／論文のcanonical ID／取得時刻／保存した生応答への相対パスとSHA-256を証跡へ残し／本文の採否を件数だけで決めません を本ガイドの設計・評価・運用へ適用する規則で、外部研究の効果を一般化する文ではありません。履行を 変動するcitation countごとにas-of date、取得元、search query、canonical paper ID、retrieval timestamp、raw response相対path、SHA-256を保存し、同じ証跡から件数を再計算できることを確認する。 により観測し、適用除外を 取得元がraw response保存を禁止する場合はresponse hashと再取得手順を保存できるが、取得元・query・時刻・canonical IDを省略しない。 に限定できるため、APPROPRIATE_NORMATIVEと判定します。,引用件数のように変動する値を記録する場合は、確認日だけでなく、取得元、検索式、論文のcanonical ID、取得時刻、保存した生応答への相対パスとSHA-256を証跡へ残し、本文の採否を件数だけで決めません。 判断対象は、引用件数のように変動する値を記録する場合は、確認日だけでなく、取得元、検索式、論文のcanonical ID、取得時刻、保存した生応答への相対パスとSHA-256を証跡へ残し、本文の採否を件数だけで決めないことを定める追跡性・証跡管理規則です。外部資料から一般的な効果を導くのではなく、次の検査を受入条件とします。変動するcitation countごとにas-of date、取得元、search query、canonical paper ID、retrieval timestamp、raw response相対path、SHA-256を保存し、同じ証跡から件数を再計算できることを確認する。 適用除外は次の場合に限定します。取得元がraw response保存を禁止する場合はresponse hashと再取得手順を保存できるが、取得元・query・時刻・canonical IDを省略しない。 受入条件と例外境界を台帳で検査できるため、APPROPRIATE_NORMATIVEと判定します。,SENT-4256の規則種別、受入条件、例外境界を完成した日本語で説明し、slash連結された理由文を除去する。
