sentence_id,field,current_value,replacement_value,reason
SENT-0014,revised_sentence,工程ごとの成果物で、古い資料、検索の取りこぼし、根拠の誤読を区別できるかを、対象データと固定した比較条件で検証します。,本ガイドでは工程別の成果物を同じquestion IDへ結び、資料の古さ、検索の取りこぼし、取得済み根拠の誤読を別の失敗段階として診断します。,外部事実または具体的設計を一律のローカル実験文へ変えず、主体、構成、条件、モダリティを保持した文固有の修正文へ置換する。
SENT-0089,exceptions,文中の数値は初期候補であり、dataset、model、index、負荷、言語、業務リスクが変わる場合は再測定して閾値を更新する。,「再現できる失敗に対して比較実験を行い、品質、応答時間、費用、安全性の総合結果で採否を決めます。」の比較で品質やcostが改善しても、安全性またはauthorizationの必須条件を悪化させるcandidateは採用しない。,comparison共通例外では本文に許される代替範囲を特定できないため、対象規則に対応する許容条件と禁止事項へ置換する。
SENT-0089,normative_criteria,文中の比較について対象dataset、gold evidence、baseline、candidate数、指標、合否閾値を固定し、平均値だけでなく失敗sliceと回帰を記録する。,「再現できる失敗に対して比較実験を行い、品質、応答時間、費用、安全性の総合結果で採否を決めます。」で指定した品質・安全性・latency・costの各指標を同一evaluation runから算出し、列挙した指標の欠測がなく、必須条件の論理積で合否を決める。,comparison共通文では本文固有の対象と合否を検査できないため、列挙項目と失敗条件を観測できる受入条件へ置換する。
SENT-0109,exceptions,対象region/versionの公式仕様が非対応または変更済みの場合は適用せず、同じ要件を満たす対応機能か独自実装へ切り替えて再試験する。,「重複排除、独自reranking、矛盾処理、Evidence Set、claim単位の検査を入れる場合は、Retrieve → Lambdaなどの検索後処理 → Converseへ分けます。」のservice/APIが対象region/versionで非対応または仕様変更済みの場合はその構成を有効化せず、対応機能へ切り替えて同じintegration testを再実行する。,service共通例外では本文に許される代替範囲を特定できないため、対象規則に対応する許容条件と禁止事項へ置換する。
SENT-0109,normative_criteria,文中のサービス、API、field、operator、region、versionを設定manifestへ固定し、利用時点の公式仕様で対応状況と制限を確認した構成だけを統合試験へ進める。,「重複排除、独自reranking、矛盾処理、Evidence Set、claim単位の検査を入れる場合は、Retrieve → Lambdaなどの検索後処理 → Converseへ分けます。」に示したservice経路を対象regionで一件ずつ実行し、各stageのrequest/response、artifact ID、failure responseを同じintegration traceへ保存する。,service共通文では本文固有の対象と合否を検査できないため、列挙項目と失敗条件を観測できる受入条件へ置換する。
SENT-0113,exceptions,より単純な工程が同じ品質、安全性、遅延、費用、追跡可能性の受入条件を満たす場合は、その代替構成を採用できる。,「疎検索が必要な構成では、別の検索器と結果統合を組み合わせます。」と異なる統合方式はcalibration済みscoreまたは別rerankerとしてversion管理できるが、未調整の異尺度scoreを黙って直接加算しない。,process共通例外では本文に許される代替範囲を特定できないため、対象規則に対応する許容条件と禁止事項へ置換する。
SENT-0113,normative_criteria,文中の工程順と分岐ごとに入力、出力、責任主体、成功条件、失敗時の遷移をmanifestへ定義し、統合試験で追跡可能性を確認する。,「疎検索が必要な構成では、別の検索器と結果統合を組み合わせます。」の統合規則をversion管理し、複数retrieverが返す既知rank listから期待するcandidate順序を再現し、生scoreの無条件加算や重複candidateが発生しないことを確認する。,process共通文では本文固有の対象と合否を検査できないため、列挙項目と失敗条件を観測できる受入条件へ置換する。
SENT-0116,revised_sentence,Amazon Aurora PostgreSQLは、密検索とrelational dataを近い境界で管理できるかを、対象データと固定した比較条件で検証します。,Amazon Aurora PostgreSQLを使う構成では、dense vectorとrelational dataを同じdatabase境界で管理できます。対応versionとvector機能は利用時点の公式仕様で確認します。,外部事実または具体的設計を一律のローカル実験文へ変えず、主体、構成、条件、モダリティを保持した文固有の修正文へ置換する。
SENT-0117,exceptions,対象region/versionの公式仕様が非対応または変更済みの場合は適用せず、同じ要件を満たす対応機能か独自実装へ切り替えて再試験する。,「Knowledge Basesのhybrid searchは、利用時点の対象リージョンと接続方式の公式仕様で対応を確認し、必要なfilterable text fieldを構成できる場合に限って利用します。」のservice/APIが対象region/versionで非対応または仕様変更済みの場合はその構成を有効化せず、対応機能へ切り替えて同じintegration testを再実行する。,service共通例外では本文に許される代替範囲を特定できないため、対象規則に対応する許容条件と禁止事項へ置換する。
SENT-0117,normative_criteria,文中のサービス、API、field、operator、region、versionを設定manifestへ固定し、利用時点の公式仕様で対応状況と制限を確認した構成だけを統合試験へ進める。,「Knowledge Basesのhybrid searchは、利用時点の対象リージョンと接続方式の公式仕様で対応を確認し、必要なfilterable text fieldを構成できる場合に限って利用します。」に列挙したdimension、field名、metadata型をdeployment manifestと実index schemaで照合し、不一致構成が接続testで拒否されることを確認する。,service共通文では本文固有の対象と合否を検査できないため、列挙項目と失敗条件を観測できる受入条件へ置換する。
SENT-0131,exceptions,より単純な工程が同じ品質、安全性、遅延、費用、追跡可能性の受入条件を満たす場合は、その代替構成を採用できる。,「固有名詞、製品コード、条文番号などで語彙一致の取りこぼしが再現した場合に、対応storeのHYBRID、複数検索器、またはManaged Knowledge Baseへ進みます。」より単純な経路が同じ品質・安全性・latency・costのgateを満たす場合は代替できるが、分岐、fallback、artifact provenanceを失う省略は行わない。,process共通例外では本文に許される代替範囲を特定できないため、対象規則に対応する許容条件と禁止事項へ置換する。
SENT-0131,normative_criteria,文中の工程順と分岐ごとに入力、出力、責任主体、成功条件、失敗時の遷移をmanifestへ定義し、統合試験で追跡可能性を確認する。,「固有名詞、製品コード、条文番号などで語彙一致の取りこぼしが再現した場合に、対応storeのHYBRID、複数検索器、またはManaged Knowledge Baseへ進みます。」で指定した検索経路と分岐条件をtraceへ記録し、条件を満たすfixtureと満たさないfixtureで、選択retriever、candidate集合、fallback先が期待値に一致することを確認する。,process共通文では本文固有の対象と合否を検査できないため、列挙項目と失敗条件を観測できる受入条件へ置換する。
SENT-0137,exceptions,対象region/versionの公式仕様が非対応または変更済みの場合は適用せず、同じ要件を満たす対応機能か独自実装へ切り替えて再試験する。,「日本語を含む場合は、Cohere Embed Multilingual v3を比較対象に含めます。」のservice/APIが対象region/versionで非対応または仕様変更済みの場合はその構成を有効化せず、対応機能へ切り替えて同じintegration testを再実行する。,service共通例外では本文に許される代替範囲を特定できないため、対象規則に対応する許容条件と禁止事項へ置換する。
SENT-0137,normative_criteria,文中のサービス、API、field、operator、region、versionを設定manifestへ固定し、利用時点の公式仕様で対応状況と制限を確認した構成だけを統合試験へ進める。,「日本語を含む場合は、Cohere Embed Multilingual v3を比較対象に含めます。」に挙げたmodelまたはserviceを同一の日本語gold query、document version、candidate数で実行し、Recallとlatencyを比較して採否を記録する。,service共通文では本文固有の対象と合否を検査できないため、列挙項目と失敗条件を観測できる受入条件へ置換する。
SENT-0138,exceptions,対象region/versionの公式仕様が非対応または変更済みの場合は適用せず、同じ要件を満たす対応機能か独自実装へ切り替えて再試験する。,「Titan Text Embeddings V2も候補にし、日本語のgold queryでRecall@kを直接比較します。」のservice/APIが対象region/versionで非対応または仕様変更済みの場合はその構成を有効化せず、対応機能へ切り替えて同じintegration testを再実行する。,service共通例外では本文に許される代替範囲を特定できないため、対象規則に対応する許容条件と禁止事項へ置換する。
SENT-0138,normative_criteria,文中のサービス、API、field、operator、region、versionを設定manifestへ固定し、利用時点の公式仕様で対応状況と制限を確認した構成だけを統合試験へ進める。,「Titan Text Embeddings V2も候補にし、日本語のgold queryでRecall@kを直接比較します。」に挙げたmodelまたはserviceを同一の日本語gold query、document version、candidate数で実行し、Recallとlatencyを比較して採否を記録する。,service共通文では本文固有の対象と合否を検査できないため、列挙項目と失敗条件を観測できる受入条件へ置換する。
SENT-0152,exceptions,文中の数値は初期候補であり、dataset、model、index、負荷、言語、業務リスクが変わる場合は再測定して閾値を更新する。,「S3 Vector indexの設定に従い、正規化vectorにはcosineを初期値とし、magnitudeも意味を持つmodelではeuclideanを比較します。」の初期値・候補は対象datasetで再調整できるが、変更値、baseline、採用理由を同じresult tableへ残し、未比較の値を既定値として固定しない。,comparison共通例外では本文に許される代替範囲を特定できないため、対象規則に対応する許容条件と禁止事項へ置換する。
SENT-0152,normative_criteria,文中の比較について対象dataset、gold evidence、baseline、candidate数、指標、合否閾値を固定し、平均値だけでなく失敗sliceと回帰を記録する。,「S3 Vector indexの設定に従い、正規化vectorにはcosineを初期値とし、magnitudeも意味を持つmodelではeuclideanを比較します。」に挙げた選択肢を同じdataset version、query slice、gold evidence、負荷条件で比較し、対象sliceごとの品質・latency・costを一つのresult tableへ記録する。,comparison共通文では本文固有の対象と合否を検査できないため、列挙項目と失敗条件を観測できる受入条件へ置換する。
SENT-0155,exceptions,対象region/versionの公式仕様が非対応または変更済みの場合は適用せず、同じ要件を満たす対応機能か独自実装へ切り替えて再試験する。,「Knowledge Basesへ既存indexを接続するときは、embeddingのdimensionとindexのdimensionが一致することを確認します。」のservice/APIが対象region/versionで非対応または仕様変更済みの場合はその構成を有効化せず、対応機能へ切り替えて同じintegration testを再実行する。,service共通例外では本文に許される代替範囲を特定できないため、対象規則に対応する許容条件と禁止事項へ置換する。
SENT-0155,normative_criteria,文中のサービス、API、field、operator、region、versionを設定manifestへ固定し、利用時点の公式仕様で対応状況と制限を確認した構成だけを統合試験へ進める。,「Knowledge Basesへ既存indexを接続するときは、embeddingのdimensionとindexのdimensionが一致することを確認します。」に列挙したdimension、field名、metadata型をdeployment manifestと実index schemaで照合し、不一致構成が接続testで拒否されることを確認する。,service共通文では本文固有の対象と合否を検査できないため、列挙項目と失敗条件を観測できる受入条件へ置換する。
SENT-0156,exceptions,対象region/versionの公式仕様が非対応または変更済みの場合は適用せず、同じ要件を満たす対応機能か独自実装へ切り替えて再試験する。,「OpenSearch Serverlessを接続する場合は、vector field、filterableなtext field、filter対象のmetadata field、Bedrockが管理するmetadata fieldの名前も接続設定と同じmanifestへ記録します。」のservice/APIが対象region/versionで非対応または仕様変更済みの場合はその構成を有効化せず、対応機能へ切り替えて同じintegration testを再実行する。,service共通例外では本文に許される代替範囲を特定できないため、対象規則に対応する許容条件と禁止事項へ置換する。
SENT-0156,normative_criteria,文中のサービス、API、field、operator、region、versionを設定manifestへ固定し、利用時点の公式仕様で対応状況と制限を確認した構成だけを統合試験へ進める。,「OpenSearch Serverlessを接続する場合は、vector field、filterableなtext field、filter対象のmetadata field、Bedrockが管理するmetadata fieldの名前も接続設定と同じmanifestへ記録します。」に列挙したdimension、field名、metadata型をdeployment manifestと実index schemaで照合し、不一致構成が接続testで拒否されることを確認する。,service共通文では本文固有の対象と合否を検査できないため、列挙項目と失敗条件を観測できる受入条件へ置換する。
SENT-0158,exceptions,対象region/versionの公式仕様が非対応または変更済みの場合は適用せず、同じ要件を満たす対応機能か独自実装へ切り替えて再試験する。,「標準経路は、S3 → Knowledge Bases data source sync → parser → chunking → embedding → vector storeです。」のservice/APIが対象region/versionで非対応または仕様変更済みの場合はその構成を有効化せず、対応機能へ切り替えて同じintegration testを再実行する。,service共通例外では本文に許される代替範囲を特定できないため、対象規則に対応する許容条件と禁止事項へ置換する。
SENT-0158,normative_criteria,文中のサービス、API、field、operator、region、versionを設定manifestへ固定し、利用時点の公式仕様で対応状況と制限を確認した構成だけを統合試験へ進める。,「標準経路は、S3 → Knowledge Bases data source sync → parser → chunking → embedding → vector storeです。」に示したservice経路を対象regionで一件ずつ実行し、各stageのrequest/response、artifact ID、failure responseを同じintegration traceへ保存する。,service共通文では本文固有の対象と合否を検査できないため、列挙項目と失敗条件を観測できる受入条件へ置換する。
SENT-0160,exceptions,対象region/versionの公式仕様が非対応または変更済みの場合は適用せず、同じ要件を満たす対応機能か独自実装へ切り替えて再試験する。,「表、図、複雑なlayoutを検索対象にする場合は、高度な文書解析のBedrock Data Automationまたはfoundation model parserを比較します。」のservice/APIが対象region/versionで非対応または仕様変更済みの場合はその構成を有効化せず、対応機能へ切り替えて同じintegration testを再実行する。,service共通例外では本文に許される代替範囲を特定できないため、対象規則に対応する許容条件と禁止事項へ置換する。
SENT-0160,normative_criteria,文中のサービス、API、field、operator、region、versionを設定manifestへ固定し、利用時点の公式仕様で対応状況と制限を確認した構成だけを統合試験へ進める。,「表、図、複雑なlayoutを検索対象にする場合は、高度な文書解析のBedrock Data Automationまたはfoundation model parserを比較します。」に挙げたmodelまたはserviceを同一の日本語gold query、document version、candidate数で実行し、Recallとlatencyを比較して採否を記録する。,service共通文では本文固有の対象と合否を検査できないため、列挙項目と失敗条件を観測できる受入条件へ置換する。
SENT-0166,exceptions,文中の数値は初期候補であり、dataset、model、index、負荷、言語、業務リスクが変わる場合は再測定して閾値を更新する。,「overlapは0%と10%程度を比較し、境界をまたぐ正解根拠のRecallと重複率で選びます。」を評価するgold evidenceがないslice、標本不足のslice、負荷条件が異なるrunは合否集計から分離し、他sliceの平均結果を外挿しない。,comparison共通例外では本文に許される代替範囲を特定できないため、対象規則に対応する許容条件と禁止事項へ置換する。
SENT-0166,normative_criteria,文中の比較について対象dataset、gold evidence、baseline、candidate数、指標、合否閾値を固定し、平均値だけでなく失敗sliceと回帰を記録する。,「overlapは0%と10%程度を比較し、境界をまたぐ正解根拠のRecallと重複率で選びます。」で指定した品質・安全性・latency・costの各指標を同一evaluation runから算出し、列挙した指標の欠測がなく、必須条件の論理積で合否を決める。,comparison共通文では本文固有の対象と合否を検査できないため、列挙項目と失敗条件を観測できる受入条件へ置換する。
SENT-0171,exceptions,対象region/versionの公式仕様が非対応または変更済みの場合は適用せず、同じ要件を満たす対応機能か独自実装へ切り替えて再試験する。,「親子関係はmetadataを増やすため、S3 Vectorsでは1 KBのcustom metadata上限を超えないことを先に確認します。」のservice/APIが対象region/versionで非対応または仕様変更済みの場合はその構成を有効化せず、対応機能へ切り替えて同じintegration testを再実行する。,service共通例外では本文に許される代替範囲を特定できないため、対象規則に対応する許容条件と禁止事項へ置換する。
SENT-0171,normative_criteria,文中のサービス、API、field、operator、region、versionを設定manifestへ固定し、利用時点の公式仕様で対応状況と制限を確認した構成だけを統合試験へ進める。,「親子関係はmetadataを増やすため、S3 Vectorsでは1 KBのcustom metadata上限を超えないことを先に確認します。」に列挙したdimension、field名、metadata型をdeployment manifestと実index schemaで照合し、不一致構成が接続testで拒否されることを確認する。,service共通文では本文固有の対象と合否を検査できないため、列挙項目と失敗条件を観測できる受入条件へ置換する。
SENT-0177,exceptions,文中の数値は初期候補であり、dataset、model、index、負荷、言語、業務リスクが変わる場合は再測定して閾値を更新する。,「対象document数、生成chunk数、parse失敗、metadata欠損、削除反映、固定queryのRecallを記録し、[Publish前ゲート](../3.回答に使う資料を準備する/3.8.Publish前ゲート.md)と[Pre-retrieval・Batch評価](../7.品質を評価し改善する/7.3.Pre-retrieval・Batch評価.md)の基準を満たしたindexだけを検索先にします。」を評価するgold evidenceがないslice、標本不足のslice、負荷条件が異なるrunは合否集計から分離し、他sliceの平均結果を外挿しない。,comparison共通例外では本文に許される代替範囲を特定できないため、対象規則に対応する許容条件と禁止事項へ置換する。
SENT-0177,normative_criteria,文中の比較について対象dataset、gold evidence、baseline、candidate数、指標、合否閾値を固定し、平均値だけでなく失敗sliceと回帰を記録する。,「対象document数、生成chunk数、parse失敗、metadata欠損、削除反映、固定queryのRecallを記録し、[Publish前ゲート](../3.回答に使う資料を準備する/3.8.Publish前ゲート.md)と[Pre-retrieval・Batch評価](../7.品質を評価し改善する/7.3.Pre-retrieval・Batch評価.md)の基準を満たしたindexだけを検索先にします。」で列挙した記録項目を同じrun IDへ保存し、各項目が欠損せず、変更前後の差分をquestionまたはdocument単位で逆引きできることを確認する。,comparison共通文では本文固有の対象と合否を検査できないため、列挙項目と失敗条件を観測できる受入条件へ置換する。
SENT-0189,exceptions,対象region/versionの公式仕様が非対応または変更済みの場合は適用せず、同じ要件を満たす対応機能か独自実装へ切り替えて再試験する。,「S3 Vectorsなど疎検索を提供しないstoreではSEMANTICを使います。」のservice/APIが対象region/versionで非対応または仕様変更済みの場合はその構成を有効化せず、対応機能へ切り替えて同じintegration testを再実行する。,service共通例外では本文に許される代替範囲を特定できないため、対象規則に対応する許容条件と禁止事項へ置換する。
SENT-0189,normative_criteria,文中のサービス、API、field、operator、region、versionを設定manifestへ固定し、利用時点の公式仕様で対応状況と制限を確認した構成だけを統合試験へ進める。,「S3 Vectorsなど疎検索を提供しないstoreではSEMANTICを使います。」に含まれるservice、API、operator、region、versionをmanifestへ固定し、公式仕様の該当headingと実requestの成功・非対応errorが一致することを確認する。,service共通文では本文固有の対象と合否を検査できないため、列挙項目と失敗条件を観測できる受入条件へ置換する。
SENT-0190,exceptions,対象region/versionの公式仕様が非対応または変更済みの場合は適用せず、同じ要件を満たす対応機能か独自実装へ切り替えて再試験する。,「OpenSearch ServerlessでHYBRIDを使う場合は、利用時点のKnowledge Bases公式仕様で対応を確認し、faiss engine、埋め込みモデルと同じ次元のvector field、filterableな本文field、filter対象metadata field、Bedrock管理metadata fieldをmanifestへ固定します。」のservice/APIが対象region/versionで非対応または仕様変更済みの場合はその構成を有効化せず、対応機能へ切り替えて同じintegration testを再実行する。,service共通例外では本文に許される代替範囲を特定できないため、対象規則に対応する許容条件と禁止事項へ置換する。
SENT-0190,normative_criteria,文中のサービス、API、field、operator、region、versionを設定manifestへ固定し、利用時点の公式仕様で対応状況と制限を確認した構成だけを統合試験へ進める。,「OpenSearch ServerlessでHYBRIDを使う場合は、利用時点のKnowledge Bases公式仕様で対応を確認し、faiss engine、埋め込みモデルと同じ次元のvector field、filterableな本文field、filter対象metadata field、Bedrock管理metadata fieldをmanifestへ固定します。」に列挙したdimension、field名、metadata型をdeployment manifestと実index schemaで照合し、不一致構成が接続testで拒否されることを確認する。,service共通文では本文固有の対象と合否を検査できないため、列挙項目と失敗条件を観測できる受入条件へ置換する。
SENT-0198,exceptions,対象region/versionの公式仕様が非対応または変更済みの場合は適用せず、同じ要件を満たす対応機能か独自実装へ切り替えて再試験する。,「固有名詞や識別子の取りこぼしがある場合は、S3 VectorsへHYBRID指定を送るのではなく、次のいずれかを選びます。」のservice/APIが対象region/versionで非対応または仕様変更済みの場合はその構成を有効化せず、対応機能へ切り替えて同じintegration testを再実行する。,service共通例外では本文に許される代替範囲を特定できないため、対象規則に対応する許容条件と禁止事項へ置換する。
SENT-0198,normative_criteria,文中のサービス、API、field、operator、region、versionを設定manifestへ固定し、利用時点の公式仕様で対応状況と制限を確認した構成だけを統合試験へ進める。,「固有名詞や識別子の取りこぼしがある場合は、S3 VectorsへHYBRID指定を送るのではなく、次のいずれかを選びます。」に含まれるservice、API、operator、region、versionをmanifestへ固定し、公式仕様の該当headingと実requestの成功・非対応errorが一致することを確認する。,service共通文では本文固有の対象と合否を検査できないため、列挙項目と失敗条件を観測できる受入条件へ置換する。
SENT-0199,exceptions,対象region/versionの公式仕様が非対応または変更済みの場合は適用せず、同じ要件を満たす対応機能か独自実装へ切り替えて再試験する。,「vector storeをOpenSearch Serverlessなど、Knowledge BasesのHYBRIDへ対応するstoreへ変更します。」のservice/APIが対象region/versionで非対応または仕様変更済みの場合はその構成を有効化せず、対応機能へ切り替えて同じintegration testを再実行する。,service共通例外では本文に許される代替範囲を特定できないため、対象規則に対応する許容条件と禁止事項へ置換する。
SENT-0199,normative_criteria,文中のサービス、API、field、operator、region、versionを設定manifestへ固定し、利用時点の公式仕様で対応状況と制限を確認した構成だけを統合試験へ進める。,「vector storeをOpenSearch Serverlessなど、Knowledge BasesのHYBRIDへ対応するstoreへ変更します。」に含まれるservice、API、operator、region、versionをmanifestへ固定し、公式仕様の該当headingと実requestの成功・非対応errorが一致することを確認する。,service共通文では本文固有の対象と合否を検査できないため、列挙項目と失敗条件を観測できる受入条件へ置換する。
SENT-0200,exceptions,対象region/versionの公式仕様が非対応または変更済みの場合は適用せず、同じ要件を満たす対応機能か独自実装へ切り替えて再試験する。,「S3 Vectorsのsemantic結果とOpenSearchのBM25結果を別々に取得し、LambdaでRRFを適用します。」のservice/APIが対象region/versionで非対応または仕様変更済みの場合はその構成を有効化せず、対応機能へ切り替えて同じintegration testを再実行する。,service共通例外では本文に許される代替範囲を特定できないため、対象規則に対応する許容条件と禁止事項へ置換する。
SENT-0200,normative_criteria,文中のサービス、API、field、operator、region、versionを設定manifestへ固定し、利用時点の公式仕様で対応状況と制限を確認した構成だけを統合試験へ進める。,「S3 Vectorsのsemantic結果とOpenSearchのBM25結果を別々に取得し、LambdaでRRFを適用します。」に含まれるservice、API、operator、region、versionをmanifestへ固定し、公式仕様の該当headingと実requestの成功・非対応errorが一致することを確認する。,service共通文では本文固有の対象と合否を検査できないため、列挙項目と失敗条件を観測できる受入条件へ置換する。
SENT-0201,exceptions,対象region/versionの公式仕様が非対応または変更済みの場合は適用せず、同じ要件を満たす対応機能か独自実装へ切り替えて再試験する。,「sparse結果とdense結果をまとめてBedrock rerankerへ渡します。」のservice/APIが対象region/versionで非対応または仕様変更済みの場合はその構成を有効化せず、対応機能へ切り替えて同じintegration testを再実行する。,service共通例外では本文に許される代替範囲を特定できないため、対象規則に対応する許容条件と禁止事項へ置換する。
SENT-0201,normative_criteria,文中のサービス、API、field、operator、region、versionを設定manifestへ固定し、利用時点の公式仕様で対応状況と制限を確認した構成だけを統合試験へ進める。,「sparse結果とdense結果をまとめてBedrock rerankerへ渡します。」に含まれるservice、API、operator、region、versionをmanifestへ固定し、公式仕様の該当headingと実requestの成功・非対応errorが一致することを確認する。,service共通文では本文固有の対象と合否を検査できないため、列挙項目と失敗条件を観測できる受入条件へ置換する。
SENT-0203,exceptions,より単純な工程が同じ品質、安全性、遅延、費用、追跡可能性の受入条件を満たす場合は、その代替構成を採用できる。,「複数検索器のscoreは尺度が異なるため直接加算せず、正規化、順位統合、または再順位付けのいずれかを事前に定めて用います。」と異なる統合方式はcalibration済みscoreまたは別rerankerとしてversion管理できるが、未調整の異尺度scoreを黙って直接加算しない。,process共通例外では本文に許される代替範囲を特定できないため、対象規則に対応する許容条件と禁止事項へ置換する。
SENT-0203,normative_criteria,文中の工程順と分岐ごとに入力、出力、責任主体、成功条件、失敗時の遷移をmanifestへ定義し、統合試験で追跡可能性を確認する。,「複数検索器のscoreは尺度が異なるため直接加算せず、正規化、順位統合、または再順位付けのいずれかを事前に定めて用います。」の統合規則をversion管理し、複数retrieverが返す既知rank listから期待するcandidate順序を再現し、生scoreの無条件加算や重複candidateが発生しないことを確認する。,process共通文では本文固有の対象と合否を検査できないため、列挙項目と失敗条件を観測できる受入条件へ置換する。
SENT-0204,exceptions,文中の数値は初期候補であり、dataset、model、index、負荷、言語、業務リスクが変わる場合は再測定して閾値を更新する。,「RRFでは各検索器の順位を使い、rerankerでは統合後のcandidate本文を再評価します。」を評価するgold evidenceがないslice、標本不足のslice、負荷条件が異なるrunは合否集計から分離し、他sliceの平均結果を外挿しない。,comparison共通例外では本文に許される代替範囲を特定できないため、対象規則に対応する許容条件と禁止事項へ置換する。
SENT-0204,normative_criteria,文中の比較について対象dataset、gold evidence、baseline、candidate数、指標、合否閾値を固定し、平均値だけでなく失敗sliceと回帰を記録する。,「RRFでは各検索器の順位を使い、rerankerでは統合後のcandidate本文を再評価します。」に含まれるretriever、candidate数、rank処理を固定したtest queryを実行し、統合前後のcandidate ID・rank・score変換が記述した順序と選択規則に一致することを確認する。,comparison共通文では本文固有の対象と合否を検査できないため、列挙項目と失敗条件を観測できる受入条件へ置換する。
SENT-0206,exceptions,法令、契約、組織方針がより厳しい統制を求める場合はそちらを優先する。可用性対策を理由に認可や機密保護を緩和しない。,「疎検索器と密検索器には同じ安定したchunk IDを登録し、本文、文書版、filter metadata、アクセス制御属性を一対一で対応付けます。」より法令、契約、組織policyが厳しい場合は厳しい統制を優先し、性能、可用性、費用を理由に対象resourceのauthorizationまたは隔離を省略しない。,security共通例外では本文に許される代替範囲を特定できないため、対象規則に対応する許容条件と禁止事項へ置換する。
SENT-0206,normative_criteria,文中の認可・隔離・情報保護を検索または実行の前に強制し、許可外の文書、chunk、引数が候補、context、回答、traceへ入らないことを負試験で確認する。,「疎検索器と密検索器には同じ安定したchunk IDを登録し、本文、文書版、filter metadata、アクセス制御属性を一対一で対応付けます。」に列挙したauthorization、document/chunk、rank、evidence、answer、citation、configuration versionを一つのtrace IDへ保存し、許可外itemがtrace内にゼロ件であることを検査する。,security共通文では本文固有の対象と合否を検査できないため、列挙項目と失敗条件を観測できる受入条件へ置換する。
SENT-0208,exceptions,文中の数値は初期候補であり、dataset、model、index、負荷、言語、業務リスクが変わる場合は再測定して閾値を更新する。,「初期比較ではdenseとBM25を各20件、統合後を20件、rerank後を5件とし、各retrieverのcandidate数、timeout、zero-result、失敗時の扱いを独立に記録します。」の初期値・候補は対象datasetで再調整できるが、変更値、baseline、採用理由を同じresult tableへ残し、未比較の値を既定値として固定しない。,comparison共通例外では本文に許される代替範囲を特定できないため、対象規則に対応する許容条件と禁止事項へ置換する。
SENT-0208,normative_criteria,文中の比較について対象dataset、gold evidence、baseline、candidate数、指標、合否閾値を固定し、平均値だけでなく失敗sliceと回帰を記録する。,「初期比較ではdenseとBM25を各20件、統合後を20件、rerank後を5件とし、各retrieverのcandidate数、timeout、zero-result、失敗時の扱いを独立に記録します。」で列挙した記録項目を同じrun IDへ保存し、各項目が欠損せず、変更前後の差分をquestionまたはdocument単位で逆引きできることを確認する。,comparison共通文では本文固有の対象と合否を検査できないため、列挙項目と失敗条件を観測できる受入条件へ置換する。
SENT-0215,exceptions,対象region/versionの公式仕様が非対応または変更済みの場合は適用せず、同じ要件を満たす対応機能か独自実装へ切り替えて再試験する。,「S3 Vectorsを直接queryする場合は、S3 Vectorsのmetadata filterに記載されたoperatorだけを使います。」のservice/APIが対象region/versionで非対応または仕様変更済みの場合はその構成を有効化せず、対応機能へ切り替えて同じintegration testを再実行する。,service共通例外では本文に許される代替範囲を特定できないため、対象規則に対応する許容条件と禁止事項へ置換する。
SENT-0215,normative_criteria,文中のサービス、API、field、operator、region、versionを設定manifestへ固定し、利用時点の公式仕様で対応状況と制限を確認した構成だけを統合試験へ進める。,「S3 Vectorsを直接queryする場合は、S3 Vectorsのmetadata filterに記載されたoperatorだけを使います。」に列挙したdimension、field名、metadata型をdeployment manifestと実index schemaで照合し、不一致構成が接続testで拒否されることを確認する。,service共通文では本文固有の対象と合否を検査できないため、列挙項目と失敗条件を観測できる受入条件へ置換する。
SENT-0226,exceptions,対象region/versionの公式仕様が非対応または変更済みの場合は適用せず、同じ要件を満たす対応機能か独自実装へ切り替えて再試験する。,「Managed Knowledge BaseではRetrieveまたはAgenticRetrieveStreamで根拠を取得し、生成が必要な場合は結果をConverseへ渡します。」のservice/APIが対象region/versionで非対応または仕様変更済みの場合はその構成を有効化せず、対応機能へ切り替えて同じintegration testを再実行する。,service共通例外では本文に許される代替範囲を特定できないため、対象規則に対応する許容条件と禁止事項へ置換する。
SENT-0226,normative_criteria,文中のサービス、API、field、operator、region、versionを設定manifestへ固定し、利用時点の公式仕様で対応状況と制限を確認した構成だけを統合試験へ進める。,「Managed Knowledge BaseではRetrieveまたはAgenticRetrieveStreamで根拠を取得し、生成が必要な場合は結果をConverseへ渡します。」に含まれるservice、API、operator、region、versionをmanifestへ固定し、公式仕様の該当headingと実requestの成功・非対応errorが一致することを確認する。,service共通文では本文固有の対象と合否を検査できないため、列挙項目と失敗条件を観測できる受入条件へ置換する。
SENT-0227,exceptions,対象region/versionの公式仕様が非対応または変更済みの場合は適用せず、同じ要件を満たす対応機能か独自実装へ切り替えて再試験する。,「カスタマーマネージド型でKnowledge Basesの標準引用と生成が要件を満たす場合はRetrieveAndGenerateを使います。」のservice/APIが対象region/versionで非対応または仕様変更済みの場合はその構成を有効化せず、対応機能へ切り替えて同じintegration testを再実行する。,service共通例外では本文に許される代替範囲を特定できないため、対象規則に対応する許容条件と禁止事項へ置換する。
SENT-0227,normative_criteria,文中のサービス、API、field、operator、region、versionを設定manifestへ固定し、利用時点の公式仕様で対応状況と制限を確認した構成だけを統合試験へ進める。,「カスタマーマネージド型でKnowledge Basesの標準引用と生成が要件を満たす場合はRetrieveAndGenerateを使います。」に含まれるservice、API、operator、region、versionをmanifestへ固定し、公式仕様の該当headingと実requestの成功・非対応errorが一致することを確認する。,service共通文では本文固有の対象と合否を検査できないため、列挙項目と失敗条件を観測できる受入条件へ置換する。
SENT-0228,exceptions,対象region/versionの公式仕様が非対応または変更済みの場合は適用せず、同じ要件を満たす対応機能か独自実装へ切り替えて再試験する。,「検索結果の重複、版、矛盾、根拠不足を独自に検査する場合は、Retrieve → LambdaでEvidence Set作成 → Converseへ分けます。」のservice/APIが対象region/versionで非対応または仕様変更済みの場合はその構成を有効化せず、対応機能へ切り替えて同じintegration testを再実行する。,service共通例外では本文に許される代替範囲を特定できないため、対象規則に対応する許容条件と禁止事項へ置換する。
SENT-0228,normative_criteria,文中のサービス、API、field、operator、region、versionを設定manifestへ固定し、利用時点の公式仕様で対応状況と制限を確認した構成だけを統合試験へ進める。,「検索結果の重複、版、矛盾、根拠不足を独自に検査する場合は、Retrieve → LambdaでEvidence Set作成 → Converseへ分けます。」に示したservice経路を対象regionで一件ずつ実行し、各stageのrequest/response、artifact ID、failure responseを同じintegration traceへ保存する。,service共通文では本文固有の対象と合否を検査できないため、列挙項目と失敗条件を観測できる受入条件へ置換する。
SENT-0235,exceptions,保存期間や個人情報の制約がある場合は値を削除するのではなく、承認済みの仮名化、分離保管、期間制限で追跡可能性を維持する。,「各根拠を ... のように識別し、回答の各主張へE01形式のcitation IDを付けるようにします。」の値に個人情報または保存期限の制約がある場合は仮名化・分離保管へ置換できるが、source/version/spanを復元する承認済み対応表は保持する。,trace共通例外では本文に許される代替範囲を特定できないため、対象規則に対応する許容条件と禁止事項へ置換する。
SENT-0235,normative_criteria,文中の識別子、設定、成果物を同じ版IDまたはtrace IDで結び、任意の回答から元文書、chunk、検索順位、設定版まで再現できることを確認する。,「各根拠を ... のように識別し、回答の各主張へE01形式のcitation IDを付けるようにします。」に列挙したID、version、artifactを必須schema fieldにし、任意のanswer/citationからsource document、original span、chunk、retrieval rank、configuration versionへ欠損なく到達できることを確認する。,trace共通文では本文固有の対象と合否を検査できないため、列挙項目と失敗条件を観測できる受入条件へ置換する。
SENT-0240,exceptions,対象region/versionの公式仕様が非対応または変更済みの場合は適用せず、同じ要件を満たす対応機能か独自実装へ切り替えて再試験する。,「JSON Schemaで出力を制約できるmodelとregionは利用時点の対応状況を確認し、非対応の場合もアプリケーション側で同じschemaを検証します。」のservice/APIが対象region/versionで非対応または仕様変更済みの場合はその構成を有効化せず、対応機能へ切り替えて同じintegration testを再実行する。,service共通例外では本文に許される代替範囲を特定できないため、対象規則に対応する許容条件と禁止事項へ置換する。
SENT-0240,normative_criteria,文中のサービス、API、field、operator、region、versionを設定manifestへ固定し、利用時点の公式仕様で対応状況と制限を確認した構成だけを統合試験へ進める。,「JSON Schemaで出力を制約できるmodelとregionは利用時点の対応状況を確認し、非対応の場合もアプリケーション側で同じschemaを検証します。」に列挙したdimension、field名、metadata型をdeployment manifestと実index schemaで照合し、不一致構成が接続testで拒否されることを確認する。,service共通文では本文固有の対象と合否を検査できないため、列挙項目と失敗条件を観測できる受入条件へ置換する。
SENT-0246,exceptions,文中の数値は初期候補であり、dataset、model、index、負荷、言語、業務リスクが変わる場合は再測定して閾値を更新する。,「評価データをS3へ置き、Knowledge BaseのRAG評価で検索だけの評価と、検索から生成までの評価を分けます。」を評価するgold evidenceがないslice、標本不足のslice、負荷条件が異なるrunは合否集計から分離し、他sliceの平均結果を外挿しない。,comparison共通例外では本文に許される代替範囲を特定できないため、対象規則に対応する許容条件と禁止事項へ置換する。
SENT-0246,normative_criteria,文中の比較について対象dataset、gold evidence、baseline、candidate数、指標、合否閾値を固定し、平均値だけでなく失敗sliceと回帰を記録する。,「評価データをS3へ置き、Knowledge BaseのRAG評価で検索だけの評価と、検索から生成までの評価を分けます。」で指定した品質・安全性・latency・costの各指標を同一evaluation runから算出し、列挙した指標の欠測がなく、必須条件の論理積で合否を決める。,comparison共通文では本文固有の対象と合否を検査できないため、列挙項目と失敗条件を観測できる受入条件へ置換する。
SENT-0247,exceptions,対象region/versionの公式仕様が非対応または変更済みの場合は適用せず、同じ要件を満たす対応機能か独自実装へ切り替えて再試験する。,「Bedrock Evaluationsの結果に加え、[品質評価](../7.品質を評価し改善する/序文.md)で定義したgold evidence、回答保留、citation correctnessを同じdataset IDへ結び付けます。」のservice/APIが対象region/versionで非対応または仕様変更済みの場合はその構成を有効化せず、対応機能へ切り替えて同じintegration testを再実行する。,service共通例外では本文に許される代替範囲を特定できないため、対象規則に対応する許容条件と禁止事項へ置換する。
SENT-0247,normative_criteria,文中のサービス、API、field、operator、region、versionを設定manifestへ固定し、利用時点の公式仕様で対応状況と制限を確認した構成だけを統合試験へ進める。,「Bedrock Evaluationsの結果に加え、[品質評価](../7.品質を評価し改善する/序文.md)で定義したgold evidence、回答保留、citation correctnessを同じdataset IDへ結び付けます。」に挙げたmodelまたはserviceを同一の日本語gold query、document version、candidate数で実行し、Recallとlatencyを比較して採否を記録する。,service共通文では本文固有の対象と合否を検査できないため、列挙項目と失敗条件を観測できる受入条件へ置換する。
SENT-0257,exceptions,文中の数値は初期候補であり、dataset、model、index、負荷、言語、業務リスクが変わる場合は再測定して閾値を更新する。,「初期の公開基準例は、gold evidenceに対するRecall@20、rerank後の上位5件のcoverage、citation correctness、answerable判定、p95 latency、質問当たり費用です。」の初期値・候補は対象datasetで再調整できるが、変更値、baseline、採用理由を同じresult tableへ残し、未比較の値を既定値として固定しない。,comparison共通例外では本文に許される代替範囲を特定できないため、対象規則に対応する許容条件と禁止事項へ置換する。
SENT-0257,normative_criteria,文中の比較について対象dataset、gold evidence、baseline、candidate数、指標、合否閾値を固定し、平均値だけでなく失敗sliceと回帰を記録する。,「初期の公開基準例は、gold evidenceに対するRecall@20、rerank後の上位5件のcoverage、citation correctness、answerable判定、p95 latency、質問当たり費用です。」に含まれるretriever、candidate数、rank処理を固定したtest queryを実行し、統合前後のcandidate ID・rank・score変換が記述した順序と選択規則に一致することを確認する。,comparison共通文では本文固有の対象と合否を検査できないため、列挙項目と失敗条件を観測できる受入条件へ置換する。
SENT-0269,exceptions,対象region/versionの公式仕様が非対応または変更済みの場合は適用せず、同じ要件を満たす対応機能か独自実装へ切り替えて再試験する。,「Amazon OpenSearch Serverlessを使う場合、indexはfaiss engineで作成し、embedding modelと同じdimensionのvector field、raw chunkを保存するfilterableなtext field、filter対象metadata、Bedrock metadata fieldを定義します。」のservice/APIが対象region/versionで非対応または仕様変更済みの場合はその構成を有効化せず、対応機能へ切り替えて同じintegration testを再実行する。,service共通例外では本文に許される代替範囲を特定できないため、対象規則に対応する許容条件と禁止事項へ置換する。
SENT-0269,normative_criteria,文中のサービス、API、field、operator、region、versionを設定manifestへ固定し、利用時点の公式仕様で対応状況と制限を確認した構成だけを統合試験へ進める。,「Amazon OpenSearch Serverlessを使う場合、indexはfaiss engineで作成し、embedding modelと同じdimensionのvector field、raw chunkを保存するfilterableなtext field、filter対象metadata、Bedrock metadata fieldを定義します。」に列挙したdimension、field名、metadata型をdeployment manifestと実index schemaで照合し、不一致構成が接続testで拒否されることを確認する。,service共通文では本文固有の対象と合否を検査できないため、列挙項目と失敗条件を観測できる受入条件へ置換する。
SENT-0274,exceptions,文中の数値は初期候補であり、dataset、model、index、負荷、言語、業務リスクが変わる場合は再測定して閾値を更新する。,「固有名詞、識別子、表記揺れを含むqueryでRecallが改善するかを同じcandidate数で確認します。」を評価するgold evidenceがないslice、標本不足のslice、負荷条件が異なるrunは合否集計から分離し、他sliceの平均結果を外挿しない。,comparison共通例外では本文に許される代替範囲を特定できないため、対象規則に対応する許容条件と禁止事項へ置換する。
SENT-0274,normative_criteria,文中の比較について対象dataset、gold evidence、baseline、candidate数、指標、合否閾値を固定し、平均値だけでなく失敗sliceと回帰を記録する。,「固有名詞、識別子、表記揺れを含むqueryでRecallが改善するかを同じcandidate数で確認します。」で指定した品質・安全性・latency・costの各指標を同一evaluation runから算出し、列挙した指標の欠測がなく、必須条件の論理積で合否を決める。,comparison共通文では本文固有の対象と合否を検査できないため、列挙項目と失敗条件を観測できる受入条件へ置換する。
SENT-0278,exceptions,より単純な工程が同じ品質、安全性、遅延、費用、追跡可能性の受入条件を満たす場合は、その代替構成を採用できる。,「初期値として各20件を取得し、RRFで20件へ統合してから5件へrerankします。」と異なる統合方式はcalibration済みscoreまたは別rerankerとしてversion管理できるが、未調整の異尺度scoreを黙って直接加算しない。,process共通例外では本文に許される代替範囲を特定できないため、対象規則に対応する許容条件と禁止事項へ置換する。
SENT-0278,normative_criteria,文中の工程順と分岐ごとに入力、出力、責任主体、成功条件、失敗時の遷移をmanifestへ定義し、統合試験で追跡可能性を確認する。,「初期値として各20件を取得し、RRFで20件へ統合してから5件へrerankします。」の統合規則をversion管理し、複数retrieverが返す既知rank listから期待するcandidate順序を再現し、生scoreの無条件加算や重複candidateが発生しないことを確認する。,process共通文では本文固有の対象と合否を検査できないため、列挙項目と失敗条件を観測できる受入条件へ置換する。
SENT-0279,exceptions,文中の数値は初期候補であり、dataset、model、index、負荷、言語、業務リスクが変わる場合は再測定して閾値を更新する。,「denseのみ、BM25のみ、統合後を別々に記録し、各retrieverのtimeoutと部分失敗も評価します。」を評価するgold evidenceがないslice、標本不足のslice、負荷条件が異なるrunは合否集計から分離し、他sliceの平均結果を外挿しない。,comparison共通例外では本文に許される代替範囲を特定できないため、対象規則に対応する許容条件と禁止事項へ置換する。
SENT-0279,normative_criteria,文中の比較について対象dataset、gold evidence、baseline、candidate数、指標、合否閾値を固定し、平均値だけでなく失敗sliceと回帰を記録する。,「denseのみ、BM25のみ、統合後を別々に記録し、各retrieverのtimeoutと部分失敗も評価します。」で列挙した記録項目を同じrun IDへ保存し、各項目が欠損せず、変更前後の差分をquestionまたはdocument単位で逆引きできることを確認する。,comparison共通文では本文固有の対象と合否を検査できないため、列挙項目と失敗条件を観測できる受入条件へ置換する。
SENT-0289,exceptions,文中の数値は初期候補であり、dataset、model、index、負荷、言語、業務リスクが変わる場合は再測定して閾値を更新する。,「表の値を答えるquery、図を探すquery、ページ全体の意味を問うqueryで評価し、text-onlyの基準を上回る処理だけを残します。」を評価するgold evidenceがないslice、標本不足のslice、負荷条件が異なるrunは合否集計から分離し、他sliceの平均結果を外挿しない。,comparison共通例外では本文に許される代替範囲を特定できないため、対象規則に対応する許容条件と禁止事項へ置換する。
SENT-0289,normative_criteria,文中の比較について対象dataset、gold evidence、baseline、candidate数、指標、合否閾値を固定し、平均値だけでなく失敗sliceと回帰を記録する。,「表の値を答えるquery、図を探すquery、ページ全体の意味を問うqueryで評価し、text-onlyの基準を上回る処理だけを残します。」で指定した品質・安全性・latency・costの各指標を同一evaluation runから算出し、列挙した指標の欠測がなく、必須条件の論理積で合否を決める。,comparison共通文では本文固有の対象と合否を検査できないため、列挙項目と失敗条件を観測できる受入条件へ置換する。
SENT-0293,exceptions,対象region/versionの公式仕様が非対応または変更済みの場合は適用せず、同じ要件を満たす対応機能か独自実装へ切り替えて再試験する。,「Managed Knowledge BaseではRetrieveAndGenerateを使用せず、検索にRetrieveまたはAgenticRetrieveStreamを使います。」のservice/APIが対象region/versionで非対応または仕様変更済みの場合はその構成を有効化せず、対応機能へ切り替えて同じintegration testを再実行する。,service共通例外では本文に許される代替範囲を特定できないため、対象規則に対応する許容条件と禁止事項へ置換する。
SENT-0293,normative_criteria,文中のサービス、API、field、operator、region、versionを設定manifestへ固定し、利用時点の公式仕様で対応状況と制限を確認した構成だけを統合試験へ進める。,「Managed Knowledge BaseではRetrieveAndGenerateを使用せず、検索にRetrieveまたはAgenticRetrieveStreamを使います。」に含まれるservice、API、operator、region、versionをmanifestへ固定し、公式仕様の該当headingと実requestの成功・非対応errorが一致することを確認する。,service共通文では本文固有の対象と合否を検査できないため、列挙項目と失敗条件を観測できる受入条件へ置換する。
SENT-0299,exceptions,対象region/versionの公式仕様が非対応または変更済みの場合は適用せず、同じ要件を満たす対応機能か独自実装へ切り替えて再試験する。,「Amazon Bedrock Knowledge Basesを中心に、取り込み、検索、根拠整形、生成、評価をどこまでマネージド機能へ任せ、どこから独自処理へ分けるかを扱います。」のservice/APIが対象region/versionで非対応または仕様変更済みの場合はその構成を有効化せず、対応機能へ切り替えて同じintegration testを再実行する。,service共通例外では本文に許される代替範囲を特定できないため、対象規則に対応する許容条件と禁止事項へ置換する。
SENT-0299,normative_criteria,文中のサービス、API、field、operator、region、versionを設定manifestへ固定し、利用時点の公式仕様で対応状況と制限を確認した構成だけを統合試験へ進める。,「Amazon Bedrock Knowledge Basesを中心に、取り込み、検索、根拠整形、生成、評価をどこまでマネージド機能へ任せ、どこから独自処理へ分けるかを扱います。」に示したservice経路を対象regionで一件ずつ実行し、各stageのrequest/response、artifact ID、failure responseを同じintegration traceへ保存する。,service共通文では本文固有の対象と合否を検査できないため、列挙項目と失敗条件を観測できる受入条件へ置換する。
SENT-0304,exceptions,文中の数値は初期候補であり、dataset、model、index、負荷、言語、業務リスクが変わる場合は再測定して閾値を更新する。,「embedding modelと次元、chunking、vector store、検索方式、候補数、metadata filter、reranking、Evidence Set、生成、評価を対象とします。」の初期値・候補は対象datasetで再調整できるが、変更値、baseline、採用理由を同じresult tableへ残し、未比較の値を既定値として固定しない。,comparison共通例外では本文に許される代替範囲を特定できないため、対象規則に対応する許容条件と禁止事項へ置換する。
SENT-0304,normative_criteria,文中の比較について対象dataset、gold evidence、baseline、candidate数、指標、合否閾値を固定し、平均値だけでなく失敗sliceと回帰を記録する。,「embedding modelと次元、chunking、vector store、検索方式、候補数、metadata filter、reranking、Evidence Set、生成、評価を対象とします。」に含まれるretriever、candidate数、rank処理を固定したtest queryを実行し、統合前後のcandidate ID・rank・score変換が記述した順序と選択規則に一致することを確認する。,comparison共通文では本文固有の対象と合否を検査できないため、列挙項目と失敗条件を観測できる受入条件へ置換する。
SENT-0365,exceptions,文中の数値は初期候補であり、dataset、model、index、負荷、言語、業務リスクが変わる場合は再測定して閾値を更新する。,「四工程を横断する評価は[第7章](../7.品質を評価し改善する/序文.md)、RAG固有の非機能と運用は[第8章](../8.安全に運用する/序文.md)で確認します。」の比較で品質やcostが改善しても、安全性またはauthorizationの必須条件を悪化させるcandidateは採用しない。,comparison共通例外では本文に許される代替範囲を特定できないため、対象規則に対応する許容条件と禁止事項へ置換する。
SENT-0365,normative_criteria,文中の比較について対象dataset、gold evidence、baseline、candidate数、指標、合否閾値を固定し、平均値だけでなく失敗sliceと回帰を記録する。,「四工程を横断する評価は[第7章](../7.品質を評価し改善する/序文.md)、RAG固有の非機能と運用は[第8章](../8.安全に運用する/序文.md)で確認します。」で指定した品質・安全性・latency・costの各指標を同一evaluation runから算出し、列挙した指標の欠測がなく、必須条件の論理積で合否を決める。,comparison共通文では本文固有の対象と合否を検査できないため、列挙項目と失敗条件を観測できる受入条件へ置換する。
SENT-0372,exceptions,法令、契約、組織方針がより厳しい統制を求める場合はそちらを優先する。可用性対策を理由に認可や機密保護を緩和しない。,「各文書とチャンクには、出典、版、時点、分類、来歴、アクセス制御属性を付けます。」より法令、契約、組織policyが厳しい場合は厳しい統制を優先し、性能、可用性、費用を理由に対象resourceのauthorizationまたは隔離を省略しない。,security共通例外では本文に許される代替範囲を特定できないため、対象規則に対応する許容条件と禁止事項へ置換する。
SENT-0372,normative_criteria,文中の認可・隔離・情報保護を検索または実行の前に強制し、許可外の文書、chunk、引数が候補、context、回答、traceへ入らないことを負試験で確認する。,「各文書とチャンクには、出典、版、時点、分類、来歴、アクセス制御属性を付けます。」に列挙したauthorization、document/chunk、rank、evidence、answer、citation、configuration versionを一つのtrace IDへ保存し、許可外itemがtrace内にゼロ件であることを検査する。,security共通文では本文固有の対象と合否を検査できないため、列挙項目と失敗条件を観測できる受入条件へ置換する。
SENT-0373,revised_sentence,文書の表現は、語彙一致に使う疎な索引と、意味の近さに使う埋め込み・ベクトル索引へ登録できるかを、対象データと固定した比較条件で検証します。,本ガイドの取り込みでは、同じdocument versionから、語彙一致用のsparse indexと意味類似用のembedding・vector indexを作成します。,外部事実または具体的設計を一律のローカル実験文へ変えず、主体、構成、条件、モダリティを保持した文固有の修正文へ置換する。
SENT-0389,exceptions,公式標準や製品仕様の用語を別の意味で用いる場合は、名称、単位、変換規則を分けて併記し、既存記録を移行する。,「本ガイドでは、Recall@kを、検索結果の上位k件までに質問へ答えるための正解根拠を回収できた割合として用います。」が公式標準または製品仕様の同名語と異なる場合はローカル定義であることと対応関係を併記し、公式語の意味を上書きしない。,definition共通例外では本文に許される代替範囲を特定できないため、対象規則に対応する許容条件と禁止事項へ置換する。
SENT-0389,normative_criteria,本文、図表、評価台帳で文中の用語と工程名を同じ意味で用い、入力、出力、単位、責任範囲をこの定義に一致させる。,用語・規則「本ガイドでは、Recall@kを、検索結果の上位k件までに質問へ答えるための正解根拠を回収できた割合として用います。」について、本文、図表、schema、評価台帳で同じ対象、単位、入出力を使用し、異なる意味で使う箇所がrepository内検索でゼロ件であることを確認する。,definition共通文では本文固有の対象と合否を検査できないため、列挙項目と失敗条件を観測できる受入条件へ置換する。
SENT-0390,exceptions,文中の数値は初期候補であり、dataset、model、index、負荷、言語、業務リスクが変わる場合は再測定して閾値を更新する。,「指標の計算方法と、正解根拠が複数ある場合の扱いは[Retrieval評価](../7.品質を評価し改善する/7.4.Retrieval評価.md)で説明します。」を評価するgold evidenceがないslice、標本不足のslice、負荷条件が異なるrunは合否集計から分離し、他sliceの平均結果を外挿しない。,comparison共通例外では本文に許される代替範囲を特定できないため、対象規則に対応する許容条件と禁止事項へ置換する。
SENT-0390,normative_criteria,文中の比較について対象dataset、gold evidence、baseline、candidate数、指標、合否閾値を固定し、平均値だけでなく失敗sliceと回帰を記録する。,「指標の計算方法と、正解根拠が複数ある場合の扱いは[Retrieval評価](../7.品質を評価し改善する/7.4.Retrieval評価.md)で説明します。」で指定した品質・安全性・latency・costの各指標を同一evaluation runから算出し、列挙した指標の欠測がなく、必須条件の論理積で合否を決める。,comparison共通文では本文固有の対象と合否を検査できないため、列挙項目と失敗条件を観測できる受入条件へ置換する。
SENT-0396,exceptions,文中の数値は初期候補であり、dataset、model、index、負荷、言語、業務リスクが変わる場合は再測定して閾値を更新する。,「候補数が多い場合は再順位付けで質問への適合度を比較し、必要な文だけを抽出する場合は出典位置を保ったまま圧縮します。」の初期値・候補は対象datasetで再調整できるが、変更値、baseline、採用理由を同じresult tableへ残し、未比較の値を既定値として固定しない。,comparison共通例外では本文に許される代替範囲を特定できないため、対象規則に対応する許容条件と禁止事項へ置換する。
SENT-0396,normative_criteria,文中の比較について対象dataset、gold evidence、baseline、candidate数、指標、合否閾値を固定し、平均値だけでなく失敗sliceと回帰を記録する。,「候補数が多い場合は再順位付けで質問への適合度を比較し、必要な文だけを抽出する場合は出典位置を保ったまま圧縮します。」に含まれるretriever、candidate数、rank処理を固定したtest queryを実行し、統合前後のcandidate ID・rank・score変換が記述した順序と選択規則に一致することを確認する。,comparison共通文では本文固有の対象と合否を検査できないため、列挙項目と失敗条件を観測できる受入条件へ置換する。
SENT-0398,revised_sentence,再順位付け前後の順位、除外理由、圧縮前後の根拠範囲を記録すると、検索と検索後処理の影響を分けて評価できるかを、対象データと固定した比較条件で検証します。,再順位付け前後のrankと除外理由、圧縮前後のevidence spanを同じtraceへ記録し、retrievalとpost-retrievalの変化を分けて評価します。,外部事実または具体的設計を一律のローカル実験文へ変えず、主体、構成、条件、モダリティを保持した文固有の修正文へ置換する。
SENT-0424,exceptions,文中の数値は初期候補であり、dataset、model、index、負荷、言語、業務リスクが変わる場合は再測定して閾値を更新する。,「指標の定義と評価データの作り方は[品質を評価し改善する](../7.品質を評価し改善する/序文.md)で扱います。」を評価するgold evidenceがないslice、標本不足のslice、負荷条件が異なるrunは合否集計から分離し、他sliceの平均結果を外挿しない。,comparison共通例外では本文に許される代替範囲を特定できないため、対象規則に対応する許容条件と禁止事項へ置換する。
SENT-0424,normative_criteria,文中の比較について対象dataset、gold evidence、baseline、candidate数、指標、合否閾値を固定し、平均値だけでなく失敗sliceと回帰を記録する。,「指標の定義と評価データの作り方は[品質を評価し改善する](../7.品質を評価し改善する/序文.md)で扱います。」で指定した品質・安全性・latency・costの各指標を同一evaluation runから算出し、列挙した指標の欠測がなく、必須条件の論理積で合否を決める。,comparison共通文では本文固有の対象と合否を検査できないため、列挙項目と失敗条件を観測できる受入条件へ置換する。
SENT-0431,exceptions,公式標準や製品仕様の用語を別の意味で用いる場合は、名称、単位、変換規則を分けて併記し、既存記録を移行する。,「本節では、Recall@k、Evidence sufficiency、faithfulness、citation correctnessを、直前の[評価の概要](2.6.評価の概要.md)で定義した意味で用います。」が公式標準または製品仕様の同名語と異なる場合はローカル定義であることと対応関係を併記し、公式語の意味を上書きしない。,definition共通例外では本文に許される代替範囲を特定できないため、対象規則に対応する許容条件と禁止事項へ置換する。
SENT-0431,normative_criteria,本文、図表、評価台帳で文中の用語と工程名を同じ意味で用い、入力、出力、単位、責任範囲をこの定義に一致させる。,用語・規則「本節では、Recall@k、Evidence sufficiency、faithfulness、citation correctnessを、直前の[評価の概要](2.6.評価の概要.md)で定義した意味で用います。」について、本文、図表、schema、評価台帳で同じ対象、単位、入出力を使用し、異なる意味で使う箇所がrepository内検索でゼロ件であることを確認する。,definition共通文では本文固有の対象と合否を検査できないため、列挙項目と失敗条件を観測できる受入条件へ置換する。
SENT-0434,exceptions,法令、契約、組織方針がより厳しい統制を求める場合はそちらを優先する。可用性対策を理由に認可や機密保護を緩和しない。,「取り込み時の検査、情報源の信頼区分、命令らしい記述の隔離、生成前のEvidence Set検査、生成後の主張とcitationの照合を組み合わせます。」より法令、契約、組織policyが厳しい場合は厳しい統制を優先し、性能、可用性、費用を理由に対象resourceのauthorizationまたは隔離を省略しない。,security共通例外では本文に許される代替範囲を特定できないため、対象規則に対応する許容条件と禁止事項へ置換する。
SENT-0434,normative_criteria,文中の認可・隔離・情報保護を検索または実行の前に強制し、許可外の文書、chunk、引数が候補、context、回答、traceへ入らないことを負試験で確認する。,「取り込み時の検査、情報源の信頼区分、命令らしい記述の隔離、生成前のEvidence Set検査、生成後の主張とcitationの照合を組み合わせます。」の各controlを、文書内命令、poisoned metadata、許可外tool argumentを含むattack fixtureへ適用し、命令不実行、evidence隔離、警告記録がすべて成立することを確認する。,security共通文では本文固有の対象と合否を検査できないため、列挙項目と失敗条件を観測できる受入条件へ置換する。
SENT-0441,exceptions,法令、契約、組織方針がより厳しい統制を求める場合はそちらを優先する。可用性対策を理由に認可や機密保護を緩和しない。,回答生成を行わない検索専用endpointではcitationとabstentionを対象外にできるが、認可後retrievalとgold evidence回収の検査は省略しない。,security共通例外では本文に許される代替範囲を特定できないため、対象規則に対応する許容条件と禁止事項へ置換する。
SENT-0441,normative_criteria,文中の認可・隔離・情報保護を検索または実行の前に強制し、許可外の文書、chunk、引数が候補、context、回答、traceへ入らないことを負試験で確認する。,同じauthorized query fixtureで、認可後retrieval、gold evidenceを含むEvidence Set、claim対応citation、根拠不足時のabstentionを順に実行し、四項目すべてが期待結果になることを確認する。,security共通文では本文固有の対象と合否を検査できないため、列挙項目と失敗条件を観測できる受入条件へ置換する。
SENT-0444,exceptions,法令、契約、組織方針がより厳しい統制を求める場合はそちらを優先する。可用性対策を理由に認可や機密保護を緩和しない。,「運用指標には、zero-result率、権限filter前後の候補数、Recall、Evidence sufficiency、faithfulness、citation correctness、回答保留率を含めます。」より法令、契約、組織policyが厳しい場合は厳しい統制を優先し、性能、可用性、費用を理由に対象resourceのauthorizationまたは隔離を省略しない。,security共通例外では本文に許される代替範囲を特定できないため、対象規則に対応する許容条件と禁止事項へ置換する。
SENT-0444,normative_criteria,文中の認可・隔離・情報保護を検索または実行の前に強制し、許可外の文書、chunk、引数が候補、context、回答、traceへ入らないことを負試験で確認する。,「運用指標には、zero-result率、権限filter前後の候補数、Recall、Evidence sufficiency、faithfulness、citation correctness、回答保留率を含めます。」で列挙した各metricを同じrequest traceから算出し、authorization適用前後のcandidate数と許可外item数を含め、dashboardとrelease gateの値が一致することを確認する。,security共通文では本文固有の対象と合否を検査できないため、列挙項目と失敗条件を観測できる受入条件へ置換する。
SENT-0452,exceptions,文中の数値は初期候補であり、dataset、model、index、負荷、言語、業務リスクが変わる場合は再測定して閾値を更新する。,「文書snapshot、chunking設定、embedding model、index版、検索設定、reranker、prompt、生成model、評価datasetを一つのRAG構成版として記録すると、回答とcitationを再現し、変更前の構成へ切り戻せます。」を評価するgold evidenceがないslice、標本不足のslice、負荷条件が異なるrunは合否集計から分離し、他sliceの平均結果を外挿しない。,comparison共通例外では本文に許される代替範囲を特定できないため、対象規則に対応する許容条件と禁止事項へ置換する。
SENT-0452,normative_criteria,文中の比較について対象dataset、gold evidence、baseline、candidate数、指標、合否閾値を固定し、平均値だけでなく失敗sliceと回帰を記録する。,「文書snapshot、chunking設定、embedding model、index版、検索設定、reranker、prompt、生成model、評価datasetを一つのRAG構成版として記録すると、回答とcitationを再現し、変更前の構成へ切り戻せます。」で列挙した記録項目を同じrun IDへ保存し、各項目が欠損せず、変更前後の差分をquestionまたはdocument単位で逆引きできることを確認する。,comparison共通文では本文固有の対象と合否を検査できないため、列挙項目と失敗条件を観測できる受入条件へ置換する。
SENT-0453,exceptions,法令、契約、組織方針がより厳しい統制を求める場合はそちらを優先する。可用性対策を理由に認可や機密保護を緩和しない。,緊急security fixでは一時的なlatency/cost増を期限付き承認できるが、security負試験、authorization、根拠支持のgateは省略しない。,security共通例外では本文に許される代替範囲を特定できないため、対象規則に対応する許容条件と禁止事項へ置換する。
SENT-0453,normative_criteria,文中の認可・隔離・情報保護を検索または実行の前に強制し、許可外の文書、chunk、引数が候補、context、回答、traceへ入らないことを負試験で確認する。,新構成のrelease gateでprompt injection、data poisoning、authorization漏えいの負試験と、Recall、Evidence sufficiency、faithfulness、citation correctness、p95 latency、request costを同一versionについて検査し、全条件通過を要求する。,security共通文では本文固有の対象と合否を検査できないため、列挙項目と失敗条件を観測できる受入条件へ置換する。
SENT-0454,exceptions,法令、契約、組織方針がより厳しい統制を求める場合はそちらを優先する。可用性対策を理由に認可や機密保護を緩和しない。,「本番traceでは、質問、適用した権限、取得chunk、順位変化、採用したEvidence、回答、citation、RAG構成版を対応付けます。」の記録に保存制約がある値は承認済みのhash・仮名化参照へ置換できるが、authorization decisionとartifact間の対応は削除しない。,security共通例外では本文に許される代替範囲を特定できないため、対象規則に対応する許容条件と禁止事項へ置換する。
SENT-0454,normative_criteria,文中の認可・隔離・情報保護を検索または実行の前に強制し、許可外の文書、chunk、引数が候補、context、回答、traceへ入らないことを負試験で確認する。,「本番traceでは、質問、適用した権限、取得chunk、順位変化、採用したEvidence、回答、citation、RAG構成版を対応付けます。」に列挙したauthorization、document/chunk、rank、evidence、answer、citation、configuration versionを一つのtrace IDへ保存し、許可外itemがtrace内にゼロ件であることを検査する。,security共通文では本文固有の対象と合否を検査できないため、列挙項目と失敗条件を観測できる受入条件へ置換する。
SENT-0458,exceptions,法令、契約、組織方針がより厳しい統制を求める場合はそちらを優先する。可用性対策を理由に認可や機密保護を緩和しない。,sparseまたはdense indexを使わない構成は該当indexを対象外にできるが、source範囲、再現可能な取り込み、provenance、ACL、publish gateは残す。,security共通例外では本文に許される代替範囲を特定できないため、対象規則に対応する許容条件と禁止事項へ置換する。
SENT-0458,normative_criteria,文中の認可・隔離・情報保護を検索または実行の前に強制し、許可外の文書、chunk、引数が候補、context、回答、traceへ入らないことを負試験で確認する。,Batch Layerのmanifestにauthoritative source範囲、ingestion run、parser/chunker version、provenance・ACL field、sparse/dense index version、publish gate結果を必須化し、一つのdocument IDから全項目を逆引きする。,security共通文では本文固有の対象と合否を検査できないため、列挙項目と失敗条件を観測できる受入条件へ置換する。
SENT-0530,exceptions,文中の数値は初期候補であり、dataset、model、index、負荷、言語、業務リスクが変わる場合は再測定して閾値を更新する。,「障害情報は数分、規程は施行日前、研究資料は版更新後など、情報源ごとに許容遅延を定めます。」を評価するgold evidenceがないslice、標本不足のslice、負荷条件が異なるrunは合否集計から分離し、他sliceの平均結果を外挿しない。,comparison共通例外では本文に許される代替範囲を特定できないため、対象規則に対応する許容条件と禁止事項へ置換する。
SENT-0530,normative_criteria,文中の比較について対象dataset、gold evidence、baseline、candidate数、指標、合否閾値を固定し、平均値だけでなく失敗sliceと回帰を記録する。,「障害情報は数分、規程は施行日前、研究資料は版更新後など、情報源ごとに許容遅延を定めます。」に挙げた選択肢を同じdataset version、query slice、gold evidence、負荷条件で比較し、対象sliceごとの品質・latency・costを一つのresult tableへ記録する。,comparison共通文では本文固有の対象と合否を検査できないため、列挙項目と失敗条件を観測できる受入条件へ置換する。
SENT-0572,exceptions,公式標準や製品仕様の用語を別の意味で用いる場合は、名称、単位、変換規則を分けて併記し、既存記録を移行する。,「本ガイドでは、取り込み（ingestion）を、情報源から資料を取得し、検査、解析、分割、埋め込み、登録を経て検索可能なインデックスとして公開する処理と定義します。」が公式標準または製品仕様の同名語と異なる場合はローカル定義であることと対応関係を併記し、公式語の意味を上書きしない。,definition共通例外では本文に許される代替範囲を特定できないため、対象規則に対応する許容条件と禁止事項へ置換する。
SENT-0572,normative_criteria,本文、図表、評価台帳で文中の用語と工程名を同じ意味で用い、入力、出力、単位、責任範囲をこの定義に一致させる。,用語・規則「本ガイドでは、取り込み（ingestion）を、情報源から資料を取得し、検査、解析、分割、埋め込み、登録を経て検索可能なインデックスとして公開する処理と定義します。」について、本文、図表、schema、評価台帳で同じ対象、単位、入出力を使用し、異なる意味で使う箇所がrepository内検索でゼロ件であることを確認する。,definition共通文では本文固有の対象と合否を検査できないため、列挙項目と失敗条件を観測できる受入条件へ置換する。
SENT-0608,exceptions,文中の数値は初期候補であり、dataset、model、index、負荷、言語、業務リスクが変わる場合は再測定して閾値を更新する。,「解析器や埋め込みモデルを比較するときは、同じスナップショットを入力し、出力差の原因を処理変更に結び付けられるようにします。」を評価するgold evidenceがないslice、標本不足のslice、負荷条件が異なるrunは合否集計から分離し、他sliceの平均結果を外挿しない。,comparison共通例外では本文に許される代替範囲を特定できないため、対象規則に対応する許容条件と禁止事項へ置換する。
SENT-0608,normative_criteria,文中の比較について対象dataset、gold evidence、baseline、candidate数、指標、合否閾値を固定し、平均値だけでなく失敗sliceと回帰を記録する。,「解析器や埋め込みモデルを比較するときは、同じスナップショットを入力し、出力差の原因を処理変更に結び付けられるようにします。」に挙げた選択肢を同じdataset version、query slice、gold evidence、負荷条件で比較し、対象sliceごとの品質・latency・costを一つのresult tableへ記録する。,comparison共通文では本文固有の対象と合否を検査できないため、列挙項目と失敗条件を観測できる受入条件へ置換する。
SENT-0633,revised_sentence,変更していないチャンクは、内容ハッシュと処理版が一致する場合に再利用できるかを、対象データと固定した比較条件で検証します。,content hashとprocessing versionがともに一致するchunkだけを未変更とみなし、既存の解析結果・embedding・index entryを再利用します。,外部事実または具体的設計を一律のローカル実験文へ変えず、主体、構成、条件、モダリティを保持した文固有の修正文へ置換する。
SENT-0700,exceptions,文中の数値は初期候補であり、dataset、model、index、負荷、言語、業務リスクが変わる場合は再測定して閾値を更新する。,「学術論文だけで評価した解析器が、帳票や規程でも同じ性能を持つとは限りません。」を評価するgold evidenceがないslice、標本不足のslice、負荷条件が異なるrunは合否集計から分離し、他sliceの平均結果を外挿しない。,comparison共通例外では本文に許される代替範囲を特定できないため、対象規則に対応する許容条件と禁止事項へ置換する。
SENT-0700,normative_criteria,文中の比較について対象dataset、gold evidence、baseline、candidate数、指標、合否閾値を固定し、平均値だけでなく失敗sliceと回帰を記録する。,「学術論文だけで評価した解析器が、帳票や規程でも同じ性能を持つとは限りません。」で指定した品質・安全性・latency・costの各指標を同一evaluation runから算出し、列挙した指標の欠測がなく、必須条件の論理積で合否を決める。,comparison共通文では本文固有の対象と合否を検査できないため、列挙項目と失敗条件を観測できる受入条件へ置換する。
SENT-0780,exceptions,公式標準や製品仕様の用語を別の意味で用いる場合は、名称、単位、変換規則を分けて併記し、既存記録を移行する。,「本ガイドでは、チャンキングを、検索器が比較する知識の単位、LLMへ渡す文脈、利用者へ示す引用範囲を設計する処理と定義します。」が公式標準または製品仕様の同名語と異なる場合はローカル定義であることと対応関係を併記し、公式語の意味を上書きしない。,definition共通例外では本文に許される代替範囲を特定できないため、対象規則に対応する許容条件と禁止事項へ置換する。
SENT-0780,normative_criteria,本文、図表、評価台帳で文中の用語と工程名を同じ意味で用い、入力、出力、単位、責任範囲をこの定義に一致させる。,用語・規則「本ガイドでは、チャンキングを、検索器が比較する知識の単位、LLMへ渡す文脈、利用者へ示す引用範囲を設計する処理と定義します。」について、本文、図表、schema、評価台帳で同じ対象、単位、入出力を使用し、異なる意味で使う箇所がrepository内検索でゼロ件であることを確認する。,definition共通文では本文固有の対象と合否を検査できないため、列挙項目と失敗条件を観測できる受入条件へ置換する。
SENT-0807,exceptions,文中の数値は初期候補であり、dataset、model、index、負荷、言語、業務リスクが変わる場合は再測定して閾値を更新する。,「検索改善を評価するときは、解析品質と分割品質を区別します。」を評価するgold evidenceがないslice、標本不足のslice、負荷条件が異なるrunは合否集計から分離し、他sliceの平均結果を外挿しない。,comparison共通例外では本文に許される代替範囲を特定できないため、対象規則に対応する許容条件と禁止事項へ置換する。
SENT-0807,normative_criteria,文中の比較について対象dataset、gold evidence、baseline、candidate数、指標、合否閾値を固定し、平均値だけでなく失敗sliceと回帰を記録する。,「検索改善を評価するときは、解析品質と分割品質を区別します。」で指定した品質・安全性・latency・costの各指標を同一evaluation runから算出し、列挙した指標の欠測がなく、必須条件の論理積で合否を決める。,comparison共通文では本文固有の対象と合否を検査できないため、列挙項目と失敗条件を観測できる受入条件へ置換する。
SENT-0808,revised_sentence,見出しがなく、長い段落の途中で話題が変わる文書では、語彙や埋め込みの変化から境界を推定できるかを、対象データと固定した比較条件で検証します。,見出しがなく長い段落内で話題が変わる文書では、語彙分布またはembeddingの変化点をchunk境界の候補にできます。境界の正しさは原文spanで確認します。,外部事実または具体的設計を一律のローカル実験文へ変えず、主体、構成、条件、モダリティを保持した文固有の修正文へ置換する。
SENT-0834,exceptions,保存期間や個人情報の制約がある場合は値を削除するのではなく、承認済みの仮名化、分離保管、期間制限で追跡可能性を維持する。,「生成した命題は原文の代替にせず、元の文と親チャンクへ必ず結び付けます。」の値に個人情報または保存期限の制約がある場合は仮名化・分離保管へ置換できるが、source/version/spanを復元する承認済み対応表は保持する。,trace共通例外では本文に許される代替範囲を特定できないため、対象規則に対応する許容条件と禁止事項へ置換する。
SENT-0834,normative_criteria,文中の識別子、設定、成果物を同じ版IDまたはtrace IDで結び、任意の回答から元文書、chunk、検索順位、設定版まで再現できることを確認する。,「生成した命題は原文の代替にせず、元の文と親チャンクへ必ず結び付けます。」に列挙したID、version、artifactを必須schema fieldにし、任意のanswer/citationからsource document、original span、chunk、retrieval rank、configuration versionへ欠損なく到達できることを確認する。,trace共通文では本文固有の対象と合否を検査できないため、列挙項目と失敗条件を観測できる受入条件へ置換する。
SENT-0838,revised_sentence,"例えば、200〜400トークンの子と、1,000〜2,000トークンの親を初期候補として比較できるかを、対象データと固定した比較条件で検証します。","親子chunkの初期候補には、子を200〜400 token、親を1,000〜2,000 tokenとする設定を含め、他の長さ候補と比較します。",外部事実または具体的設計を一律のローカル実験文へ変えず、主体、構成、条件、モダリティを保持した文固有の修正文へ置換する。
SENT-0850,revised_sentence,代名詞、省略された主語、前節で定義した用語は、チャンクだけでは解釈しにくい場合を想定し、その発生条件と影響を対象データで確認します。,代名詞、省略された主語、前節で定義した用語は、単独chunkだけでは参照先を確定できない場合があります。,外部事実または具体的設計を一律のローカル実験文へ変えず、主体、構成、条件、モダリティを保持した文固有の修正文へ置換する。
SENT-0855,exceptions,文中の数値は初期候補であり、dataset、model、index、負荷、言語、業務リスクが変わる場合は再測定して閾値を更新する。,「代名詞や節間参照を含む質問群で、通常のチャンク埋め込みと比較してから導入します。」を評価するgold evidenceがないslice、標本不足のslice、負荷条件が異なるrunは合否集計から分離し、他sliceの平均結果を外挿しない。,comparison共通例外では本文に許される代替範囲を特定できないため、対象規則に対応する許容条件と禁止事項へ置換する。
SENT-0855,normative_criteria,文中の比較について対象dataset、gold evidence、baseline、candidate数、指標、合否閾値を固定し、平均値だけでなく失敗sliceと回帰を記録する。,「代名詞や節間参照を含む質問群で、通常のチャンク埋め込みと比較してから導入します。」に挙げた選択肢を同じdataset version、query slice、gold evidence、負荷条件で比較し、対象sliceごとの品質・latency・costを一つのresult tableへ記録する。,comparison共通文では本文固有の対象と合否を検査できないため、列挙項目と失敗条件を観測できる受入条件へ置換する。
SENT-0856,exceptions,公式標準や製品仕様の用語を別の意味で用いる場合は、名称、単位、変換規則を分けて併記し、既存記録を移行する。,source document、version、分割規則、原文spanのいずれかが変わったchunkには新IDを割り当て、旧IDから新IDへのmigration対応だけを保持する。,definition共通例外では本文に許される代替範囲を特定できないため、対象規則に対応する許容条件と禁止事項へ置換する。
SENT-0856,normative_criteria,本文、図表、評価台帳で文中の用語と工程名を同じ意味で用い、入力、出力、単位、責任範囲をこの定義に一致させる。,同じdocument versionと原文spanからindexを再構築したときに同じstable chunk IDが生成され、任意のchunk IDからsource document、version、原文spanを逆引きできることを確認する。,definition共通文では本文固有の対象と合否を検査できないため、列挙項目と失敗条件を観測できる受入条件へ置換する。
SENT-0856,revised_sentence,本ガイドでは、チャンクにを「再構築後も由来を追跡できるIDが必要」として用います。,本ガイドでは、各chunkに、再構築後もsource documentと原文範囲を追跡できるstable IDを付与します。,現修正文の助詞重複を除き、規則の対象、条件、動作を保持した完成文へ置換する。
SENT-0965,revised_sentence,ただし、添付ファイル、コメント、埋め込みオブジェクト、外部リンクは、親文書と別の権限を持つ場合を想定し、その発生条件と影響を対象データで確認します。,attachment、comment、embedded object、external linkには、親documentとは別のauthorization policyが設定されている場合があります。,外部事実または具体的設計を一律のローカル実験文へ変えず、主体、構成、条件、モダリティを保持した文固有の修正文へ置換する。
SENT-0971,exceptions,法令、契約、組織方針がより厳しい統制を求める場合はそちらを優先する。可用性対策を理由に認可や機密保護を緩和しない。,公開情報としてACL不要と承認されたdocumentはACL recordをpublic markerで代替できるが、空欄のまま公開しない。,security共通例外では本文に許される代替範囲を特定できないため、対象規則に対応する許容条件と禁止事項へ置換する。
SENT-0971,normative_criteria,文中の認可・隔離・情報保護を検索または実行の前に強制し、許可外の文書、chunk、引数が候補、context、回答、traceへ入らないことを負試験で確認する。,documentごとに生成chunk件数と継承ACL件数を集計し、ACLなしchunk、余分なACL record、親と異なる未承認ACLがゼロ件であることを確認する。,security共通文では本文固有の対象と合否を検査できないため、列挙項目と失敗条件を観測できる受入条件へ置換する。
SENT-0981,exceptions,法令、契約、組織方針がより厳しい統制を求める場合はそちらを優先する。可用性対策を理由に認可や機密保護を緩和しない。,「フィルターによってANN再現率が低下してもACLを緩めず、候補数の拡大、条件対応の検索、テナント別分割など、検索側で対処します。」より法令、契約、組織policyが厳しい場合は厳しい統制を優先し、性能、可用性、費用を理由に対象resourceのauthorizationまたは隔離を省略しない。,security共通例外では本文に許される代替範囲を特定できないため、対象規則に対応する許容条件と禁止事項へ置換する。
SENT-0981,normative_criteria,文中の認可・隔離・情報保護を検索または実行の前に強制し、許可外の文書、chunk、引数が候補、context、回答、traceへ入らないことを負試験で確認する。,「フィルターによってANN再現率が低下してもACLを緩めず、候補数の拡大、条件対応の検索、テナント別分割など、検索側で対処します。」で列挙した各metricを同じrequest traceから算出し、authorization適用前後のcandidate数と許可外item数を含め、dashboardとrelease gateの値が一致することを確認する。,security共通文では本文固有の対象と合否を検査できないため、列挙項目と失敗条件を観測できる受入条件へ置換する。
SENT-1020,exceptions,公式標準や製品仕様の用語を別の意味で用いる場合は、名称、単位、変換規則を分けて併記し、既存記録を移行する。,「本ガイドでは、埋め込み（embedding）を、テキストを固定長の数値ベクトルへ写す処理として扱います。」が公式標準または製品仕様の同名語と異なる場合はローカル定義であることと対応関係を併記し、公式語の意味を上書きしない。,definition共通例外では本文に許される代替範囲を特定できないため、対象規則に対応する許容条件と禁止事項へ置換する。
SENT-1020,normative_criteria,本文、図表、評価台帳で文中の用語と工程名を同じ意味で用い、入力、出力、単位、責任範囲をこの定義に一致させる。,用語・規則「本ガイドでは、埋め込み（embedding）を、テキストを固定長の数値ベクトルへ写す処理として扱います。」について、本文、図表、schema、評価台帳で同じ対象、単位、入出力を使用し、異なる意味で使う箇所がrepository内検索でゼロ件であることを確認する。,definition共通文では本文固有の対象と合否を検査できないため、列挙項目と失敗条件を観測できる受入条件へ置換する。
SENT-1025,exceptions,公式標準や製品仕様の用語を別の意味で用いる場合は、名称、単位、変換規則を分けて併記し、既存記録を移行する。,「本ガイドでは、ベクトルの近さを、学習済み表現上の類似度を表す値として用い、文章の真偽や情報源の信頼度とは区別します。」が公式標準または製品仕様の同名語と異なる場合はローカル定義であることと対応関係を併記し、公式語の意味を上書きしない。,definition共通例外では本文に許される代替範囲を特定できないため、対象規則に対応する許容条件と禁止事項へ置換する。
SENT-1025,normative_criteria,本文、図表、評価台帳で文中の用語と工程名を同じ意味で用い、入力、出力、単位、責任範囲をこの定義に一致させる。,用語・規則「本ガイドでは、ベクトルの近さを、学習済み表現上の類似度を表す値として用い、文章の真偽や情報源の信頼度とは区別します。」について、本文、図表、schema、評価台帳で同じ対象、単位、入出力を使用し、異なる意味で使う箇所がrepository内検索でゼロ件であることを確認する。,definition共通文では本文固有の対象と合否を検査できないため、列挙項目と失敗条件を観測できる受入条件へ置換する。
SENT-1031,exceptions,公式標準や製品仕様の用語を別の意味で用いる場合は、名称、単位、変換規則を分けて併記し、既存記録を移行する。,「本ガイドでは、埋め込みで文章をベクトル空間へ写し、ベクトル間の距離を近さの指標として用います。」が公式標準または製品仕様の同名語と異なる場合はローカル定義であることと対応関係を併記し、公式語の意味を上書きしない。,definition共通例外では本文に許される代替範囲を特定できないため、対象規則に対応する許容条件と禁止事項へ置換する。
SENT-1031,normative_criteria,本文、図表、評価台帳で文中の用語と工程名を同じ意味で用い、入力、出力、単位、責任範囲をこの定義に一致させる。,用語・規則「本ガイドでは、埋め込みで文章をベクトル空間へ写し、ベクトル間の距離を近さの指標として用います。」について、本文、図表、schema、評価台帳で同じ対象、単位、入出力を使用し、異なる意味で使う箇所がrepository内検索でゼロ件であることを確認する。,definition共通文では本文固有の対象と合否を検査できないため、列挙項目と失敗条件を観測できる受入条件へ置換する。
SENT-1039,revised_sentence,その代わり、文書ベクトルを事前計算して大規模検索へ利用できるかを、対象データと固定した比較条件で検証します。,dual-encoder構成ではdocument vectorをofflineで事前計算し、query時の大規模候補検索へ再利用できます。,外部事実または具体的設計を一律のローカル実験文へ変えず、主体、構成、条件、モダリティを保持した文固有の修正文へ置換する。
SENT-1040,exceptions,より単純な工程が同じ品質、安全性、遅延、費用、追跡可能性の受入条件を満たす場合は、その代替構成を採用できる。,「二塔型を第一段階の候補収集へ使い、クロスエンコーダーを少数候補の再順位付けへ使う役割分担が可能です。」と異なる統合方式はcalibration済みscoreまたは別rerankerとしてversion管理できるが、未調整の異尺度scoreを黙って直接加算しない。,process共通例外では本文に許される代替範囲を特定できないため、対象規則に対応する許容条件と禁止事項へ置換する。
SENT-1040,normative_criteria,文中の工程順と分岐ごとに入力、出力、責任主体、成功条件、失敗時の遷移をmanifestへ定義し、統合試験で追跡可能性を確認する。,「二塔型を第一段階の候補収集へ使い、クロスエンコーダーを少数候補の再順位付けへ使う役割分担が可能です。」の統合規則をversion管理し、複数retrieverが返す既知rank listから期待するcandidate順序を再現し、生scoreの無条件加算や重複candidateが発生しないことを確認する。,process共通文では本文固有の対象と合否を検査できないため、列挙項目と失敗条件を観測できる受入条件へ置換する。
SENT-1057,external_truth_level,NOT_APPLICABLE,UNVERIFIED,MTEBのtask・language・model範囲に関する外部経験的報告であり、locatorも直接箇所未確定なのでNOT_APPLICABLEにはできない。
SENT-1101,exceptions,保存期間や個人情報の制約がある場合は値を削除するのではなく、承認済みの仮名化、分離保管、期間制限で追跡可能性を維持する。,「内容ハッシュと埋め込みモデル版をキャッシュキーにすると、変更していないチャンクの再計算を避けられます。」の値に個人情報または保存期限の制約がある場合は仮名化・分離保管へ置換できるが、source/version/spanを復元する承認済み対応表は保持する。,trace共通例外では本文に許される代替範囲を特定できないため、対象規則に対応する許容条件と禁止事項へ置換する。
SENT-1101,normative_criteria,文中の識別子、設定、成果物を同じ版IDまたはtrace IDで結び、任意の回答から元文書、chunk、検索順位、設定版まで再現できることを確認する。,「内容ハッシュと埋め込みモデル版をキャッシュキーにすると、変更していないチャンクの再計算を避けられます。」で使用するhashまたはstable IDを同一入力と変更入力から生成し、同一入力は同じID、source/version/spanが異なる入力は別IDとなり、deduplication結果を逆引きできることを確認する。,trace共通文では本文固有の対象と合否を検査できないため、列挙項目と失敗条件を観測できる受入条件へ置換する。
SENT-1111,exceptions,文中の数値は初期候補であり、dataset、model、index、負荷、言語、業務リスクが変わる場合は再測定して閾値を更新する。,「旧ベクトルと新質問を比較しても、距離の意味は保証されません。」を評価するgold evidenceがないslice、標本不足のslice、負荷条件が異なるrunは合否集計から分離し、他sliceの平均結果を外挿しない。,comparison共通例外では本文に許される代替範囲を特定できないため、対象規則に対応する許容条件と禁止事項へ置換する。
SENT-1111,normative_criteria,文中の比較について対象dataset、gold evidence、baseline、candidate数、指標、合否閾値を固定し、平均値だけでなく失敗sliceと回帰を記録する。,「旧ベクトルと新質問を比較しても、距離の意味は保証されません。」に挙げた選択肢を同じdataset version、query slice、gold evidence、負荷条件で比較し、対象sliceごとの品質・latency・costを一つのresult tableへ記録する。,comparison共通文では本文固有の対象と合否を検査できないため、列挙項目と失敗条件を観測できる受入条件へ置換する。
SENT-1163,exceptions,公式標準や製品仕様の用語を別の意味で用いる場合は、名称、単位、変換規則を分けて併記し、既存記録を移行する。,全vectorをmemoryへ置く単純構成が対象規模でmemory予算とlatency SLOを満たす場合は、disk/compressed方式を追加しない。,definition共通例外では本文に許される代替範囲を特定できないため、対象規則に対応する許容条件と禁止事項へ置換する。
SENT-1163,normative_criteria,本文、図表、評価台帳で文中の用語と工程名を同じ意味で用い、入力、出力、単位、責任範囲をこの定義に一致させる。,対象vector件数で全量in-memory方式とdisk/compressed方式を比較し、Recall guardrailを満たしたうえでpeak memoryとp95 latencyが容量予算内になる方式だけを候補にする。,definition共通文では本文固有の対象と合否を検査できないため、列挙項目と失敗条件を観測できる受入条件へ置換する。
SENT-1163,revised_sentence,本ガイドでは、頻度は低いが規模が大きい検索でを「すべてのベクトルを高価なメモリへ置かない方式が候補」として用います。,頻度は低いものの規模が大きい検索では、全vectorを高価なmemoryへ常駐させないindex方式を候補にします。,現修正文の助詞重複を除き、規則の対象、条件、動作を保持した完成文へ置換する。
SENT-1167,exceptions,法令、契約、組織方針がより厳しい統制を求める場合はそちらを優先する。可用性対策を理由に認可や機密保護を緩和しない。,headingなど対象corpusに存在しないfieldは明示的にoptionalにできるが、vector契約、本文、ACL、filterに使用するmetadataの定義は省略しない。,security共通例外では本文に許される代替範囲を特定できないため、対象規則に対応する許容条件と禁止事項へ置換する。
SENT-1167,normative_criteria,文中の認可・隔離・情報保護を検索または実行の前に強制し、許可外の文書、chunk、引数が候補、context、回答、traceへ入らないことを負試験で確認する。,active index schemaにvector dimension、distance metric、normalization、text、heading、ACL、filterable metadataの各fieldを定義し、ingestion payloadとの型・必須性・dimension一致をschema testで確認する。,security共通文では本文固有の対象と合否を検査できないため、列挙項目と失敗条件を観測できる受入条件へ置換する。
SENT-1184,exceptions,文中の数値は初期候補であり、dataset、model、index、負荷、言語、業務リスクが変わる場合は再測定して閾値を更新する。,「文書、チャンク、ベクトル、インデックス登録件数の差を説明できる必要があります。」を評価するgold evidenceがないslice、標本不足のslice、負荷条件が異なるrunは合否集計から分離し、他sliceの平均結果を外挿しない。,comparison共通例外では本文に許される代替範囲を特定できないため、対象規則に対応する許容条件と禁止事項へ置換する。
SENT-1184,normative_criteria,文中の比較について対象dataset、gold evidence、baseline、candidate数、指標、合否閾値を固定し、平均値だけでなく失敗sliceと回帰を記録する。,「文書、チャンク、ベクトル、インデックス登録件数の差を説明できる必要があります。」に挙げた選択肢を同じdataset version、query slice、gold evidence、負荷条件で比較し、対象sliceごとの品質・latency・costを一つのresult tableへ記録する。,comparison共通文では本文固有の対象と合否を検査できないため、列挙項目と失敗条件を観測できる受入条件へ置換する。
SENT-1197,revised_sentence,グラフ型ANNへ追加と削除を繰り返すと、検索品質と性能が初回構築時から変化する場合を想定し、その発生条件と影響を対象データで確認します。,graph-based ANN indexへ追加・削除を反復すると、初回構築時と比べてRecall、latency、index structureが変化する場合があります。,外部事実または具体的設計を一律のローカル実験文へ変えず、主体、構成、条件、モダリティを保持した文固有の修正文へ置換する。
SENT-1212,exceptions,より単純な工程が同じ品質、安全性、遅延、費用、追跡可能性の受入条件を満たす場合は、その代替構成を採用できる。,「候補を統合する必要がある場合は、対応する検索器と統合規則を版管理します。」と異なる統合方式はcalibration済みscoreまたは別rerankerとしてversion管理できるが、未調整の異尺度scoreを黙って直接加算しない。,process共通例外では本文に許される代替範囲を特定できないため、対象規則に対応する許容条件と禁止事項へ置換する。
SENT-1212,normative_criteria,文中の工程順と分岐ごとに入力、出力、責任主体、成功条件、失敗時の遷移をmanifestへ定義し、統合試験で追跡可能性を確認する。,「候補を統合する必要がある場合は、対応する検索器と統合規則を版管理します。」の統合規則をversion管理し、複数retrieverが返す既知rank listから期待するcandidate順序を再現し、生scoreの無条件加算や重複candidateが発生しないことを確認する。,process共通文では本文固有の対象と合否を検査できないため、列挙項目と失敗条件を観測できる受入条件へ置換する。
SENT-1223,exceptions,公式標準や製品仕様の用語を別の意味で用いる場合は、名称、単位、変換規則を分けて併記し、既存記録を移行する。,「本書では、ベクトル本体の概算容量を N × d × b で計算し、Nをベクトル件数、dを次元数、bを1要素当たりのbyte数とします。」が公式標準または製品仕様の同名語と異なる場合はローカル定義であることと対応関係を併記し、公式語の意味を上書きしない。,definition共通例外では本文に許される代替範囲を特定できないため、対象規則に対応する許容条件と禁止事項へ置換する。
SENT-1223,normative_criteria,本文、図表、評価台帳で文中の用語と工程名を同じ意味で用い、入力、出力、単位、責任範囲をこの定義に一致させる。,用語・規則「本書では、ベクトル本体の概算容量を N × d × b で計算し、Nをベクトル件数、dを次元数、bを1要素当たりのbyte数とします。」について、本文、図表、schema、評価台帳で同じ対象、単位、入出力を使用し、異なる意味で使う箇所がrepository内検索でゼロ件であることを確認する。,definition共通文では本文固有の対象と合否を検査できないため、列挙項目と失敗条件を観測できる受入条件へ置換する。
SENT-1301,revised_sentence,検索器は、ＡＢＣ‐100 と ABC-100 を別の語として扱う場合を想定し、その発生条件と影響を対象データで確認します。,Unicode正規化を行わないretrieverでは、全角の「ＡＢＣ‐100」と半角の「ABC-100」が別tokenとして扱われる場合があります。,外部事実または具体的設計を一律のローカル実験文へ変えず、主体、構成、条件、モダリティを保持した文固有の修正文へ置換する。
SENT-1404,exceptions,文中の数値は初期候補であり、dataset、model、index、負荷、言語、業務リスクが変わる場合は再測定して閾値を更新する。,「最初は生成する検索文を2〜5件程度にするなど、明示した上限から評価します。」を評価するgold evidenceがないslice、標本不足のslice、負荷条件が異なるrunは合否集計から分離し、他sliceの平均結果を外挿しない。,comparison共通例外では本文に許される代替範囲を特定できないため、対象規則に対応する許容条件と禁止事項へ置換する。
SENT-1404,normative_criteria,文中の比較について対象dataset、gold evidence、baseline、candidate数、指標、合否閾値を固定し、平均値だけでなく失敗sliceと回帰を記録する。,「最初は生成する検索文を2〜5件程度にするなど、明示した上限から評価します。」で指定した品質・安全性・latency・costの各指標を同一evaluation runから算出し、列挙した指標の欠測がなく、必須条件の論理積で合否を決める。,comparison共通文では本文固有の対象と合否を検査できないため、列挙項目と失敗条件を観測できる受入条件へ置換する。
SENT-1411,revised_sentence,各検索文を疎検索と密検索へ送る場合、検索文数、検索器数、候補数の積で処理量が増える条件と影響量を、対象データで測定します。,各query variantをsparse retrieverとdense retrieverの双方へ送る構成では、処理対象候補数はquery variant数、retriever数、retriever当たり候補数に応じて増えます。,外部事実または具体的設計を一律のローカル実験文へ変えず、主体、構成、条件、モダリティを保持した文固有の修正文へ置換する。
SENT-1421,exceptions,文中の数値は初期候補であり、dataset、model、index、負荷、言語、業務リスクが変わる場合は再測定して閾値を更新する。,「結果はモデル、生成設定、データセットに依存するため、対象業務で再評価します。」を評価するgold evidenceがないslice、標本不足のslice、負荷条件が異なるrunは合否集計から分離し、他sliceの平均結果を外挿しない。,comparison共通例外では本文に許される代替範囲を特定できないため、対象規則に対応する許容条件と禁止事項へ置換する。
SENT-1421,normative_criteria,文中の比較について対象dataset、gold evidence、baseline、candidate数、指標、合否閾値を固定し、平均値だけでなく失敗sliceと回帰を記録する。,「結果はモデル、生成設定、データセットに依存するため、対象業務で再評価します。」で指定した品質・安全性・latency・costの各指標を同一evaluation runから算出し、列挙した指標の欠測がなく、必須条件の論理積で合否を決める。,comparison共通文では本文固有の対象と合否を検査できないため、列挙項目と失敗条件を観測できる受入条件へ置換する。
SENT-1431,exceptions,より単純な工程が同じ品質、安全性、遅延、費用、追跡可能性の受入条件を満たす場合は、その代替構成を採用できる。,「元質問のベクトルによる検索を残し、HyDEの結果と和集合または順位統合します。」と異なる統合方式はcalibration済みscoreまたは別rerankerとしてversion管理できるが、未調整の異尺度scoreを黙って直接加算しない。,process共通例外では本文に許される代替範囲を特定できないため、対象規則に対応する許容条件と禁止事項へ置換する。
SENT-1431,normative_criteria,文中の工程順と分岐ごとに入力、出力、責任主体、成功条件、失敗時の遷移をmanifestへ定義し、統合試験で追跡可能性を確認する。,「元質問のベクトルによる検索を残し、HyDEの結果と和集合または順位統合します。」の統合規則をversion管理し、複数retrieverが返す既知rank listから期待するcandidate順序を再現し、生scoreの無条件加算や重複candidateが発生しないことを確認する。,process共通文では本文固有の対象と合否を検査できないため、列挙項目と失敗条件を観測できる受入条件へ置換する。
SENT-1449,exceptions,文中の数値は初期候補であり、dataset、model、index、負荷、言語、業務リスクが変わる場合は再測定して閾値を更新する。,「単純な一回検索で答えられる質問をこの経路へ送らず、追加段階による改善と費用を測ります。」を評価するgold evidenceがないslice、標本不足のslice、負荷条件が異なるrunは合否集計から分離し、他sliceの平均結果を外挿しない。,comparison共通例外では本文に許される代替範囲を特定できないため、対象規則に対応する許容条件と禁止事項へ置換する。
SENT-1449,normative_criteria,文中の比較について対象dataset、gold evidence、baseline、candidate数、指標、合否閾値を固定し、平均値だけでなく失敗sliceと回帰を記録する。,「単純な一回検索で答えられる質問をこの経路へ送らず、追加段階による改善と費用を測ります。」で指定した品質・安全性・latency・costの各指標を同一evaluation runから算出し、列挙した指標の欠測がなく、必須条件の論理積で合否を決める。,comparison共通文では本文固有の対象と合否を検査できないため、列挙項目と失敗条件を観測できる受入条件へ置換する。
SENT-1460,exceptions,法令、契約、組織方針がより厳しい統制を求める場合はそちらを優先する。可用性対策を理由に認可や機密保護を緩和しない。,「必要根拠の回収率の改善は、利用者の意図や権限の逸脱を正当化しません。」より法令、契約、組織policyが厳しい場合は厳しい統制を優先し、性能、可用性、費用を理由に対象resourceのauthorizationまたは隔離を省略しない。,security共通例外では本文に許される代替範囲を特定できないため、対象規則に対応する許容条件と禁止事項へ置換する。
SENT-1460,normative_criteria,文中の認可・隔離・情報保護を検索または実行の前に強制し、許可外の文書、chunk、引数が候補、context、回答、traceへ入らないことを負試験で確認する。,「必要根拠の回収率の改善は、利用者の意図や権限の逸脱を正当化しません。」で列挙した各metricを同じrequest traceから算出し、authorization適用前後のcandidate数と許可外item数を含め、dashboardとrelease gateの値が一致することを確認する。,security共通文では本文固有の対象と合否を検査できないため、列挙項目と失敗条件を観測できる受入条件へ置換する。
SENT-1493,exceptions,文中の数値は初期候補であり、dataset、model、index、負荷、言語、業務リスクが変わる場合は再測定して閾値を更新する。,「評価対象は1980年代の比較的小さな英語文書集合であるため、現在の日本語業務データではBM25などを含む基準を改めて測ります。」を評価するgold evidenceがないslice、標本不足のslice、負荷条件が異なるrunは合否集計から分離し、他sliceの平均結果を外挿しない。,comparison共通例外では本文に許される代替範囲を特定できないため、対象規則に対応する許容条件と禁止事項へ置換する。
SENT-1493,normative_criteria,文中の比較について対象dataset、gold evidence、baseline、candidate数、指標、合否閾値を固定し、平均値だけでなく失敗sliceと回帰を記録する。,「評価対象は1980年代の比較的小さな英語文書集合であるため、現在の日本語業務データではBM25などを含む基準を改めて測ります。」で指定した品質・安全性・latency・costの各指標を同一evaluation runから算出し、列挙した指標の欠測がなく、必須条件の論理積で合否を決める。,comparison共通文では本文固有の対象と合否を検査できないため、列挙項目と失敗条件を観測できる受入条件へ置換する。
SENT-1534,exceptions,文中の数値は初期候補であり、dataset、model、index、負荷、言語、業務リスクが変わる場合は再測定して閾値を更新する。,「原文だけのBM25と同じ評価質問で比較し、必要根拠の回収率と不要な候補の差を確認します。」の初期値・候補は対象datasetで再調整できるが、変更値、baseline、採用理由を同じresult tableへ残し、未比較の値を既定値として固定しない。,comparison共通例外では本文に許される代替範囲を特定できないため、対象規則に対応する許容条件と禁止事項へ置換する。
SENT-1534,normative_criteria,文中の比較について対象dataset、gold evidence、baseline、candidate数、指標、合否閾値を固定し、平均値だけでなく失敗sliceと回帰を記録する。,「原文だけのBM25と同じ評価質問で比較し、必要根拠の回収率と不要な候補の差を確認します。」に含まれるretriever、candidate数、rank処理を固定したtest queryを実行し、統合前後のcandidate ID・rank・score変換が記述した順序と選択規則に一致することを確認する。,comparison共通文では本文固有の対象と合否を検査できないため、列挙項目と失敗条件を観測できる受入条件へ置換する。
SENT-1545,exceptions,文中の数値は初期候補であり、dataset、model、index、負荷、言語、業務リスクが変わる場合は再測定して閾値を更新する。,「BM25を置き換える前提にせず、追加の検索器として検索表現に含める語の少なさ、検索品質、応答時間、追加学習していない分野での性能を比較します。」を評価するgold evidenceがないslice、標本不足のslice、負荷条件が異なるrunは合否集計から分離し、他sliceの平均結果を外挿しない。,comparison共通例外では本文に許される代替範囲を特定できないため、対象規則に対応する許容条件と禁止事項へ置換する。
SENT-1545,normative_criteria,文中の比較について対象dataset、gold evidence、baseline、candidate数、指標、合否閾値を固定し、平均値だけでなく失敗sliceと回帰を記録する。,「BM25を置き換える前提にせず、追加の検索器として検索表現に含める語の少なさ、検索品質、応答時間、追加学習していない分野での性能を比較します。」で指定した品質・安全性・latency・costの各指標を同一evaluation runから算出し、列挙した指標の欠測がなく、必須条件の論理積で合否を決める。,comparison共通文では本文固有の対象と合否を検査できないため、列挙項目と失敗条件を観測できる受入条件へ置換する。
SENT-1549,exceptions,文中の数値は初期候補であり、dataset、model、index、負荷、言語、業務リスクが変わる場合は再測定して閾値を更新する。,「密検索は、学習済みの意味空間で質問と文書を比較し、語の一致だけでは取得できない候補を探します。」の初期値・候補は対象datasetで再調整できるが、変更値、baseline、採用理由を同じresult tableへ残し、未比較の値を既定値として固定しない。,comparison共通例外では本文に許される代替範囲を特定できないため、対象規則に対応する許容条件と禁止事項へ置換する。
SENT-1549,normative_criteria,文中の比較について対象dataset、gold evidence、baseline、candidate数、指標、合否閾値を固定し、平均値だけでなく失敗sliceと回帰を記録する。,「密検索は、学習済みの意味空間で質問と文書を比較し、語の一致だけでは取得できない候補を探します。」に含まれるretriever、candidate数、rank処理を固定したtest queryを実行し、統合前後のcandidate ID・rank・score変換が記述した順序と選択規則に一致することを確認する。,comparison共通文では本文固有の対象と合否を検査できないため、列挙項目と失敗条件を観測できる受入条件へ置換する。
SENT-1554,exceptions,文中の数値は初期候補であり、dataset、model、index、負荷、言語、業務リスクが変わる場合は再測定して閾値を更新する。,「結果は学習データと評価条件に依存し、すべての業務で疎検索を上回ることを意味しません。」を評価するgold evidenceがないslice、標本不足のslice、負荷条件が異なるrunは合否集計から分離し、他sliceの平均結果を外挿しない。,comparison共通例外では本文に許される代替範囲を特定できないため、対象規則に対応する許容条件と禁止事項へ置換する。
SENT-1554,normative_criteria,文中の比較について対象dataset、gold evidence、baseline、candidate数、指標、合否閾値を固定し、平均値だけでなく失敗sliceと回帰を記録する。,「結果は学習データと評価条件に依存し、すべての業務で疎検索を上回ることを意味しません。」で指定した品質・安全性・latency・costの各指標を同一evaluation runから算出し、列挙した指標の欠測がなく、必須条件の論理積で合否を決める。,comparison共通文では本文固有の対象と合否を検査できないため、列挙項目と失敗条件を観測できる受入条件へ置換する。
SENT-1555,exceptions,法令、契約、組織方針がより厳しい統制を求める場合はそちらを優先する。可用性対策を理由に認可や機密保護を緩和しない。,similarityをcandidate収集へ使うことはできるが、truth/trust/freshness/authorizationの各判定を同じscoreで代替しない。,security共通例外では本文に許される代替範囲を特定できないため、対象規則に対応する許容条件と禁止事項へ置換する。
SENT-1555,normative_criteria,文中の認可・隔離・情報保護を検索または実行の前に強制し、許可外の文書、chunk、引数が候補、context、回答、traceへ入らないことを負試験で確認する。,高いvector similarityを持つが偽、低信頼、期限切れ、非許可のdocument fixtureを用い、similarity scoreだけではtruth、source trust、freshness、authorizationのいずれも合格にならないことを確認する。,security共通文では本文固有の対象と合否を検査できないため、列挙項目と失敗条件を観測できる受入条件へ置換する。
SENT-1563,revised_sentence,二塔型符号化器で広く候補を回収し、交差符号化器で少数候補を再順位付けする役割分担ができるかを、対象データと固定した比較条件で検証します。,two-tower encoderをfirst-stage retrievalに、cross-encoderを少数candidateのrerankingに割り当てる二段階構成を採用できます。,外部事実または具体的設計を一律のローカル実験文へ変えず、主体、構成、条件、モダリティを保持した文固有の修正文へ置換する。
SENT-1564,exceptions,公式標準や製品仕様の用語を別の意味で用いる場合は、名称、単位、変換規則を分けて併記し、既存記録を移行する。,「本ガイドでは、図4-5を「上段の質問と下段の各文書を別々の符号化器でベクトルへ変換し、中央右の類似度で比べる流れ」として用います。」が公式標準または製品仕様の同名語と異なる場合はローカル定義であることと対応関係を併記し、公式語の意味を上書きしない。,definition共通例外では本文に許される代替範囲を特定できないため、対象規則に対応する許容条件と禁止事項へ置換する。
SENT-1564,normative_criteria,本文、図表、評価台帳で文中の用語と工程名を同じ意味で用い、入力、出力、単位、責任範囲をこの定義に一致させる。,用語・規則「本ガイドでは、図4-5を「上段の質問と下段の各文書を別々の符号化器でベクトルへ変換し、中央右の類似度で比べる流れ」として用います。」について、本文、図表、schema、評価台帳で同じ対象、単位、入出力を使用し、異なる意味で使う箇所がrepository内検索でゼロ件であることを確認する。,definition共通文では本文固有の対象と合否を検査できないため、列挙項目と失敗条件を観測できる受入条件へ置換する。
SENT-1591,exceptions,文中の数値は初期候補であり、dataset、model、index、負荷、言語、業務リスクが変わる場合は再測定して閾値を更新する。,「切り捨て件数と影響文書を記録し、チャンク分割または対応する長文モデルを見直します。」を評価するgold evidenceがないslice、標本不足のslice、負荷条件が異なるrunは合否集計から分離し、他sliceの平均結果を外挿しない。,comparison共通例外では本文に許される代替範囲を特定できないため、対象規則に対応する許容条件と禁止事項へ置換する。
SENT-1591,normative_criteria,文中の比較について対象dataset、gold evidence、baseline、candidate数、指標、合否閾値を固定し、平均値だけでなく失敗sliceと回帰を記録する。,「切り捨て件数と影響文書を記録し、チャンク分割または対応する長文モデルを見直します。」で列挙した記録項目を同じrun IDへ保存し、各項目が欠損せず、変更前後の差分をquestionまたはdocument単位で逆引きできることを確認する。,comparison共通文では本文固有の対象と合否を検査できないため、列挙項目と失敗条件を観測できる受入条件へ置換する。
SENT-1613,exceptions,法令、契約、組織方針がより厳しい統制を求める場合はそちらを優先する。可用性対策を理由に認可や機密保護を緩和しない。,annotation誤りが確認されたcritical queryは承認付きでgoldを更新できるが、他sliceの平均改善でcritical missを相殺しない。,security共通例外では本文に許される代替範囲を特定できないため、対象規則に対応する許容条件と禁止事項へ置換する。
SENT-1613,normative_criteria,文中の認可・隔離・情報保護を検索または実行の前に強制し、許可外の文書、chunk、引数が候補、context、回答、traceへ入らないことを負試験で確認する。,strict authorization、number/model identifier、少数critical queryをrelease guardrail sliceとして分離し、全体平均が改善しても各sliceのgold evidence Recallが下限未満なら不合格にする。,security共通文では本文固有の対象と合否を検査できないため、列挙項目と失敗条件を観測できる受入条件へ置換する。
SENT-1615,exceptions,法令、契約、組織方針がより厳しい統制を求める場合はそちらを優先する。可用性対策を理由に認可や機密保護を緩和しない。,exact searchが容量上実行不能な場合は承認済みauthorized fallbackまたはabstentionを選ぶが、authorization条件は緩和しない。,security共通例外では本文に許される代替範囲を特定できないため、対象規則に対応する許容条件と禁止事項へ置換する。
SENT-1615,normative_criteria,文中の認可・隔離・情報保護を検索または実行の前に強制し、許可外の文書、chunk、引数が候補、context、回答、traceへ入らないことを負試験で確認する。,authorized candidateが少ないfixtureではexact searchへ切り替え、deadline超過fixtureではauthorized sparse/fused rankまたはabstentionへ遷移し、非許可candidateを補充しないことを確認する。,security共通文では本文固有の対象と合否を検査できないため、列挙項目と失敗条件を観測できる受入条件へ置換する。
SENT-1617,exceptions,保存期間や個人情報の制約がある場合は値を削除するのではなく、承認済みの仮名化、分離保管、期間制限で追跡可能性を維持する。,「インデックス版、埋め込みモデル、HNSWの設定、フィルター選択率、完全探索との差、切替理由を処理記録へ残します。」の値に個人情報または保存期限の制約がある場合は仮名化・分離保管へ置換できるが、source/version/spanを復元する承認済み対応表は保持する。,trace共通例外では本文に許される代替範囲を特定できないため、対象規則に対応する許容条件と禁止事項へ置換する。
SENT-1617,normative_criteria,文中の識別子、設定、成果物を同じ版IDまたはtrace IDで結び、任意の回答から元文書、chunk、検索順位、設定版まで再現できることを確認する。,「インデックス版、埋め込みモデル、HNSWの設定、フィルター選択率、完全探索との差、切替理由を処理記録へ残します。」に列挙したID、version、artifactを必須schema fieldにし、任意のanswer/citationからsource document、original span、chunk、retrieval rank、configuration versionへ欠損なく到達できることを確認する。,trace共通文では本文固有の対象と合否を検査できないため、列挙項目と失敗条件を観測できる受入条件へ置換する。
SENT-1626,revised_sentence,一つの文書・チャンクへ複数のベクトルを持たせると、見出し、文、表の行、画像領域などを別々に検索できるかを、対象データと固定した比較条件で検証します。,一つのdocumentまたはchunkへ複数vectorを対応付ける構成では、heading、sentence、table row、image regionを別の検索単位として扱えます。,外部事実または具体的設計を一律のローカル実験文へ変えず、主体、構成、条件、モダリティを保持した文固有の修正文へ置換する。
SENT-1632,exceptions,保存期間や個人情報の制約がある場合は値を削除するのではなく、承認済みの仮名化、分離保管、期間制限で追跡可能性を維持する。,「重複候補を安定IDで統合し、最終引用は一致したベクトルではなく、対応する原文範囲へ結び付けます。」の値に個人情報または保存期限の制約がある場合は仮名化・分離保管へ置換できるが、source/version/spanを復元する承認済み対応表は保持する。,trace共通例外では本文に許される代替範囲を特定できないため、対象規則に対応する許容条件と禁止事項へ置換する。
SENT-1632,normative_criteria,文中の識別子、設定、成果物を同じ版IDまたはtrace IDで結び、任意の回答から元文書、chunk、検索順位、設定版まで再現できることを確認する。,「重複候補を安定IDで統合し、最終引用は一致したベクトルではなく、対応する原文範囲へ結び付けます。」で使用するhashまたはstable IDを同一入力と変更入力から生成し、同一入力は同じID、source/version/spanが異なる入力は別IDとなり、deduplication結果を逆引きできることを確認する。,trace共通文では本文固有の対象と合否を検査できないため、列挙項目と失敗条件を観測できる受入条件へ置換する。
SENT-1643,revised_sentence,疎検索は識別子を正確に取得し、密検索は言い換えられた症状を広く取得できるかを、対象データと固定した比較条件で検証します。,identifierを含むqueryではsparse retrieval、言い換えた症状を含むqueryではdense retrievalが異なるcandidateを回収し得るため、両query sliceを分けて評価します。,外部事実または具体的設計を一律のローカル実験文へ変えず、主体、構成、条件、モダリティを保持した文固有の修正文へ置換する。
SENT-1650,exceptions,文中の数値は初期候補であり、dataset、model、index、負荷、言語、業務リスクが変わる場合は再測定して閾値を更新する。,「疎検索、密検索、ハイブリッド検索を同じ正解集合で比較し、改善がない質問群には単純な経路を残します。」を評価するgold evidenceがないslice、標本不足のslice、負荷条件が異なるrunは合否集計から分離し、他sliceの平均結果を外挿しない。,comparison共通例外では本文に許される代替範囲を特定できないため、対象規則に対応する許容条件と禁止事項へ置換する。
SENT-1650,normative_criteria,文中の比較について対象dataset、gold evidence、baseline、candidate数、指標、合否閾値を固定し、平均値だけでなく失敗sliceと回帰を記録する。,「疎検索、密検索、ハイブリッド検索を同じ正解集合で比較し、改善がない質問群には単純な経路を残します。」に挙げた選択肢を同じdataset version、query slice、gold evidence、負荷条件で比較し、対象sliceごとの品質・latency・costを一つのresult tableへ記録する。,comparison共通文では本文固有の対象と合否を検査できないため、列挙項目と失敗条件を観測できる受入条件へ置換する。
SENT-1655,exceptions,保存期間や個人情報の制約がある場合は値を削除するのではなく、承認済みの仮名化、分離保管、期間制限で追跡可能性を維持する。,「文書版とチャンクIDで同一候補を統合します。」の値に個人情報または保存期限の制約がある場合は仮名化・分離保管へ置換できるが、source/version/spanを復元する承認済み対応表は保持する。,trace共通例外では本文に許される代替範囲を特定できないため、対象規則に対応する許容条件と禁止事項へ置換する。
SENT-1655,normative_criteria,文中の識別子、設定、成果物を同じ版IDまたはtrace IDで結び、任意の回答から元文書、chunk、検索順位、設定版まで再現できることを確認する。,「文書版とチャンクIDで同一候補を統合します。」に列挙したID、version、artifactを必須schema fieldにし、任意のanswer/citationからsource document、original span、chunk、retrieval rank、configuration versionへ欠損なく到達できることを確認する。,trace共通文では本文固有の対象と合否を検査できないため、列挙項目と失敗条件を観測できる受入条件へ置換する。
SENT-1669,exceptions,保存期間や個人情報の制約がある場合は値を削除するのではなく、承認済みの仮名化、分離保管、期間制限で追跡可能性を維持する。,「文書ID、文書版ID、チャンクIDを基本として、同一候補を統合します。」の値に個人情報または保存期限の制約がある場合は仮名化・分離保管へ置換できるが、source/version/spanを復元する承認済み対応表は保持する。,trace共通例外では本文に許される代替範囲を特定できないため、対象規則に対応する許容条件と禁止事項へ置換する。
SENT-1669,normative_criteria,文中の識別子、設定、成果物を同じ版IDまたはtrace IDで結び、任意の回答から元文書、chunk、検索順位、設定版まで再現できることを確認する。,「文書ID、文書版ID、チャンクIDを基本として、同一候補を統合します。」に列挙したID、version、artifactを必須schema fieldにし、任意のanswer/citationからsource document、original span、chunk、retrieval rank、configuration versionへ欠損なく到達できることを確認する。,trace共通文では本文固有の対象と合否を検査できないため、列挙項目と失敗条件を観測できる受入条件へ置換する。
SENT-1683,exceptions,公式標準や製品仕様の用語を別の意味で用いる場合は、名称、単位、変換規則を分けて併記し、既存記録を移行する。,「本ガイドでは、図4-6を「左側の疎検索と密検索が作った二つの順位表を、右へ向かって統合する流れ」として用います。」が公式標準または製品仕様の同名語と異なる場合はローカル定義であることと対応関係を併記し、公式語の意味を上書きしない。,definition共通例外では本文に許される代替範囲を特定できないため、対象規則に対応する許容条件と禁止事項へ置換する。
SENT-1683,normative_criteria,本文、図表、評価台帳で文中の用語と工程名を同じ意味で用い、入力、出力、単位、責任範囲をこの定義に一致させる。,用語・規則「本ガイドでは、図4-6を「左側の疎検索と密検索が作った二つの順位表を、右へ向かって統合する流れ」として用います。」について、本文、図表、schema、評価台帳で同じ対象、単位、入出力を使用し、異なる意味で使う箇所がrepository内検索でゼロ件であることを確認する。,definition共通文では本文固有の対象と合否を検査できないため、列挙項目と失敗条件を観測できる受入条件へ置換する。
SENT-1685,exceptions,公式標準や製品仕様の用語を別の意味で用いる場合は、名称、単位、変換規則を分けて併記し、既存記録を移行する。,「本ガイドでは、RRFを各検索器の順位を統合する工程、再順位付けを統合後の候補本文を再評価する工程として区別します。」が公式標準または製品仕様の同名語と異なる場合はローカル定義であることと対応関係を併記し、公式語の意味を上書きしない。,definition共通例外では本文に許される代替範囲を特定できないため、対象規則に対応する許容条件と禁止事項へ置換する。
SENT-1685,normative_criteria,本文、図表、評価台帳で文中の用語と工程名を同じ意味で用い、入力、出力、単位、責任範囲をこの定義に一致させる。,用語・規則「本ガイドでは、RRFを各検索器の順位を統合する工程、再順位付けを統合後の候補本文を再評価する工程として区別します。」について、本文、図表、schema、評価台帳で同じ対象、単位、入出力を使用し、異なる意味で使う箇所がrepository内検索でゼロ件であることを確認する。,definition共通文では本文固有の対象と合否を検査できないため、列挙項目と失敗条件を観測できる受入条件へ置換する。
SENT-1687,exceptions,より単純な工程が同じ品質、安全性、遅延、費用、追跡可能性の受入条件を満たす場合は、その代替構成を採用できる。,「元スコアを使う統合では、BM25とコサイン類似度を未調整のまま加算しません。」と異なる統合方式はcalibration済みscoreまたは別rerankerとしてversion管理できるが、未調整の異尺度scoreを黙って直接加算しない。,process共通例外では本文に許される代替範囲を特定できないため、対象規則に対応する許容条件と禁止事項へ置換する。
SENT-1687,normative_criteria,文中の工程順と分岐ごとに入力、出力、責任主体、成功条件、失敗時の遷移をmanifestへ定義し、統合試験で追跡可能性を確認する。,「元スコアを使う統合では、BM25とコサイン類似度を未調整のまま加算しません。」の統合規則をversion管理し、複数retrieverが返す既知rank listから期待するcandidate順序を再現し、生scoreの無条件加算や重複candidateが発生しないことを確認する。,process共通文では本文固有の対象と合否を検査できないため、列挙項目と失敗条件を観測できる受入条件へ置換する。
SENT-1700,exceptions,より単純な工程が同じ品質、安全性、遅延、費用、追跡可能性の受入条件を満たす場合は、その代替構成を採用できる。,「確信が低い場合は、方式を一つに絞らず、事前に定めたRRFへ戻すなどの代替経路を使います。」と異なる統合方式はcalibration済みscoreまたは別rerankerとしてversion管理できるが、未調整の異尺度scoreを黙って直接加算しない。,process共通例外では本文に許される代替範囲を特定できないため、対象規則に対応する許容条件と禁止事項へ置換する。
SENT-1700,normative_criteria,文中の工程順と分岐ごとに入力、出力、責任主体、成功条件、失敗時の遷移をmanifestへ定義し、統合試験で追跡可能性を確認する。,「確信が低い場合は、方式を一つに絞らず、事前に定めたRRFへ戻すなどの代替経路を使います。」の統合規則をversion管理し、複数retrieverが返す既知rank listから期待するcandidate順序を再現し、生scoreの無条件加算や重複candidateが発生しないことを確認する。,process共通文では本文固有の対象と合否を検査できないため、列挙項目と失敗条件を観測できる受入条件へ置換する。
SENT-1705,exceptions,より単純な工程が同じ品質、安全性、遅延、費用、追跡可能性の受入条件を満たす場合は、その代替構成を採用できる。,「検索文ごとに疎検索と密検索を統合し、その後に検索文間を候補上限付きで統合するなど、順序を定めます。」と異なる統合方式はcalibration済みscoreまたは別rerankerとしてversion管理できるが、未調整の異尺度scoreを黙って直接加算しない。,process共通例外では本文に許される代替範囲を特定できないため、対象規則に対応する許容条件と禁止事項へ置換する。
SENT-1705,normative_criteria,文中の工程順と分岐ごとに入力、出力、責任主体、成功条件、失敗時の遷移をmanifestへ定義し、統合試験で追跡可能性を確認する。,「検索文ごとに疎検索と密検索を統合し、その後に検索文間を候補上限付きで統合するなど、順序を定めます。」の統合規則をversion管理し、複数retrieverが返す既知rank listから期待するcandidate順序を再現し、生scoreの無条件加算や重複candidateが発生しないことを確認する。,process共通文では本文固有の対象と合否を検査できないため、列挙項目と失敗条件を観測できる受入条件へ置換する。
SENT-1708,exceptions,文中の数値は初期候補であり、dataset、model、index、負荷、言語、業務リスクが変わる場合は再測定して閾値を更新する。,「候補には発見元の検索文と検索器を結び付け、正解根拠を追加しない検索経路を評価で削除します。」の初期値・候補は対象datasetで再調整できるが、変更値、baseline、採用理由を同じresult tableへ残し、未比較の値を既定値として固定しない。,comparison共通例外では本文に許される代替範囲を特定できないため、対象規則に対応する許容条件と禁止事項へ置換する。
SENT-1708,normative_criteria,文中の比較について対象dataset、gold evidence、baseline、candidate数、指標、合否閾値を固定し、平均値だけでなく失敗sliceと回帰を記録する。,「候補には発見元の検索文と検索器を結び付け、正解根拠を追加しない検索経路を評価で削除します。」に含まれるretriever、candidate数、rank処理を固定したtest queryを実行し、統合前後のcandidate ID・rank・score変換が記述した順序と選択規則に一致することを確認する。,comparison共通文では本文固有の対象と合否を検査できないため、列挙項目と失敗条件を観測できる受入条件へ置換する。
SENT-1712,exceptions,より単純な工程が同じ品質、安全性、遅延、費用、追跡可能性の受入条件を満たす場合は、その代替構成を採用できる。,「最初に疎検索と密検索で必要な根拠を拾い、順位統合後の数十件を再順位付けして、LLMへ渡す数件へ絞る構成が候補です。」と異なる統合方式はcalibration済みscoreまたは別rerankerとしてversion管理できるが、未調整の異尺度scoreを黙って直接加算しない。,process共通例外では本文に許される代替範囲を特定できないため、対象規則に対応する許容条件と禁止事項へ置換する。
SENT-1712,normative_criteria,文中の工程順と分岐ごとに入力、出力、責任主体、成功条件、失敗時の遷移をmanifestへ定義し、統合試験で追跡可能性を確認する。,「最初に疎検索と密検索で必要な根拠を拾い、順位統合後の数十件を再順位付けして、LLMへ渡す数件へ絞る構成が候補です。」の統合規則をversion管理し、複数retrieverが返す既知rank listから期待するcandidate順序を再現し、生scoreの無条件加算や重複candidateが発生しないことを確認する。,process共通文では本文固有の対象と合否を検査できないため、列挙項目と失敗条件を観測できる受入条件へ置換する。
SENT-1714,exceptions,法令、契約、組織方針がより厳しい統制を求める場合はそちらを優先する。可用性対策を理由に認可や機密保護を緩和しない。,「アクセス制御リスト（Access Control List：ACL）の判定を再順位付け器のスコアへ委ねません。」より法令、契約、組織policyが厳しい場合は厳しい統制を優先し、性能、可用性、費用を理由に対象resourceのauthorizationまたは隔離を省略しない。,security共通例外では本文に許される代替範囲を特定できないため、対象規則に対応する許容条件と禁止事項へ置換する。
SENT-1714,normative_criteria,文中の認可・隔離・情報保護を検索または実行の前に強制し、許可外の文書、chunk、引数が候補、context、回答、traceへ入らないことを負試験で確認する。,「アクセス制御リスト（Access Control List：ACL）の判定を再順位付け器のスコアへ委ねません。」の対象resourceとattributeをauthorization fixtureへ登録し、許可主体では取得・利用でき、非許可主体ではcandidate、context、answerの全段階でゼロ件になることを確認する。,security共通文では本文固有の対象と合否を検査できないため、列挙項目と失敗条件を観測できる受入条件へ置換する。
SENT-1715,exceptions,法令、契約、組織方針がより厳しい統制を求める場合はそちらを優先する。可用性対策を理由に認可や機密保護を緩和しない。,deadline前に完了したreranker結果だけは通常経路で使えるが、timeout後に到着した結果を進行中requestへ混ぜない。,security共通例外では本文に許される代替範囲を特定できないため、対象規則に対応する許容条件と禁止事項へ置換する。
SENT-1715,normative_criteria,文中の認可・隔離・情報保護を検索または実行の前に強制し、許可外の文書、chunk、引数が候補、context、回答、traceへ入らないことを負試験で確認する。,reranker timeoutを注入し、requestがauthorized fused rankへ戻るかabstainし、部分rerank結果や非許可candidateを回答contextへ入れないことを確認する。,security共通文では本文固有の対象と合否を検査できないため、列挙項目と失敗条件を観測できる受入条件へ置換する。
SENT-1723,revised_sentence,フィルターによって候補集合が小さくなると、近似最近傍（Approximate Nearest Neighbor：ANN）検索で必要な候補を拾いにくくなる場合を想定し、その発生条件と影響を対象データで確認します。,filterでeligible candidateが少なくなると、filter付きANNがgold candidateを探索できずRecallを落とす場合があります。,外部事実または具体的設計を一律のローカル実験文へ変えず、主体、構成、条件、モダリティを保持した文固有の修正文へ置換する。
SENT-1724,exceptions,法令、契約、組織方針がより厳しい統制を求める場合はそちらを優先する。可用性対策を理由に認可や機密保護を緩和しない。,「権限を緩めず、検索深度、条件に対応したANN検索、インデックス分割などの性能対策を検討します。」より法令、契約、組織policyが厳しい場合は厳しい統制を優先し、性能、可用性、費用を理由に対象resourceのauthorizationまたは隔離を省略しない。,security共通例外では本文に許される代替範囲を特定できないため、対象規則に対応する許容条件と禁止事項へ置換する。
SENT-1724,normative_criteria,文中の認可・隔離・情報保護を検索または実行の前に強制し、許可外の文書、chunk、引数が候補、context、回答、traceへ入らないことを負試験で確認する。,「権限を緩めず、検索深度、条件に対応したANN検索、インデックス分割などの性能対策を検討します。」の対象resourceとattributeをauthorization fixtureへ登録し、許可主体では取得・利用でき、非許可主体ではcandidate、context、answerの全段階でゼロ件になることを確認する。,security共通文では本文固有の対象と合否を検査できないため、列挙項目と失敗条件を観測できる受入条件へ置換する。
SENT-1730,exceptions,法令、契約、組織方針がより厳しい統制を求める場合はそちらを優先する。可用性対策を理由に認可や機密保護を緩和しない。,「認可サービスの結果を各検索器へ渡します。」より法令、契約、組織policyが厳しい場合は厳しい統制を優先し、性能、可用性、費用を理由に対象resourceのauthorizationまたは隔離を省略しない。,security共通例外では本文に許される代替範囲を特定できないため、対象規則に対応する許容条件と禁止事項へ置換する。
SENT-1730,normative_criteria,文中の認可・隔離・情報保護を検索または実行の前に強制し、許可外の文書、chunk、引数が候補、context、回答、traceへ入らないことを負試験で確認する。,「認可サービスの結果を各検索器へ渡します。」の対象resourceとattributeをauthorization fixtureへ登録し、許可主体では取得・利用でき、非許可主体ではcandidate、context、answerの全段階でゼロ件になることを確認する。,security共通文では本文固有の対象と合否を検査できないため、列挙項目と失敗条件を観測できる受入条件へ置換する。
SENT-1760,exceptions,法令、契約、組織方針がより厳しい統制を求める場合はそちらを優先する。可用性対策を理由に認可や機密保護を緩和しない。,「post-filterで候補が不足する場合に権限条件を緩めるのではなく、filtered ANN、検索深度の調整、別indexへのroutingを検討します。」より法令、契約、組織policyが厳しい場合は厳しい統制を優先し、性能、可用性、費用を理由に対象resourceのauthorizationまたは隔離を省略しない。,security共通例外では本文に許される代替範囲を特定できないため、対象規則に対応する許容条件と禁止事項へ置換する。
SENT-1760,normative_criteria,文中の認可・隔離・情報保護を検索または実行の前に強制し、許可外の文書、chunk、引数が候補、context、回答、traceへ入らないことを負試験で確認する。,「post-filterで候補が不足する場合に権限条件を緩めるのではなく、filtered ANN、検索深度の調整、別indexへのroutingを検討します。」の対象resourceとattributeをauthorization fixtureへ登録し、許可主体では取得・利用でき、非許可主体ではcandidate、context、answerの全段階でゼロ件になることを確認する。,security共通文では本文固有の対象と合否を検査できないため、列挙項目と失敗条件を観測できる受入条件へ置換する。
SENT-1771,exceptions,より単純な工程が同じ品質、安全性、遅延、費用、追跡可能性の受入条件を満たす場合は、その代替構成を採用できる。,複数段階に独立failureがある場合は主因と副因を併記し、最終欠落だけを一律にretriever failureとしない。,process共通例外では本文に許される代替範囲を特定できないため、対象規則に対応する許容条件と禁止事項へ置換する。
SENT-1771,normative_criteria,文中の工程順と分岐ごとに入力、出力、責任主体、成功条件、失敗時の遷移をmanifestへ定義し、統合試験で追跡可能性を確認する。,各failed queryでgold evidenceのcandidate生成、filter後、fusion後、rerank後の存在とrankを記録し、最初に欠落した段階をnot-retrieved、filtered、fusion-demoted、rerank-droppedへ分類する。,process共通文では本文固有の対象と合否を検査できないため、列挙項目と失敗条件を観測できる受入条件へ置換する。
SENT-1799,exceptions,より単純な工程が同じ品質、安全性、遅延、費用、追跡可能性の受入条件を満たす場合は、その代替構成を採用できる。,「query normalization、検索器の設定、fusion、filter、chunk、indexの修正で再現失敗を解消できるなら、第4章までのbaselineを改善します。」より単純な経路が同じ品質・安全性・latency・costのgateを満たす場合は代替できるが、分岐、fallback、artifact provenanceを失う省略は行わない。,process共通例外では本文に許される代替範囲を特定できないため、対象規則に対応する許容条件と禁止事項へ置換する。
SENT-1799,normative_criteria,文中の工程順と分岐ごとに入力、出力、責任主体、成功条件、失敗時の遷移をmanifestへ定義し、統合試験で追跡可能性を確認する。,「query normalization、検索器の設定、fusion、filter、chunk、indexの修正で再現失敗を解消できるなら、第4章までのbaselineを改善します。」で指定した検索経路と分岐条件をtraceへ記録し、条件を満たすfixtureと満たさないfixtureで、選択retriever、candidate集合、fallback先が期待値に一致することを確認する。,process共通文では本文固有の対象と合否を検査できないため、列挙項目と失敗条件を観測できる受入条件へ置換する。
SENT-1822,exceptions,法令、契約、組織方針がより厳しい統制を求める場合はそちらを優先する。可用性対策を理由に認可や機密保護を緩和しない。,「文書・チャンクID、テナント、許可主体、機密区分、状態、版、有効期間、情報源種別、信頼度、言語を定義します。」より法令、契約、組織policyが厳しい場合は厳しい統制を優先し、性能、可用性、費用を理由に対象resourceのauthorizationまたは隔離を省略しない。,security共通例外では本文に許される代替範囲を特定できないため、対象規則に対応する許容条件と禁止事項へ置換する。
SENT-1822,normative_criteria,文中の認可・隔離・情報保護を検索または実行の前に強制し、許可外の文書、chunk、引数が候補、context、回答、traceへ入らないことを負試験で確認する。,「文書・チャンクID、テナント、許可主体、機密区分、状態、版、有効期間、情報源種別、信頼度、言語を定義します。」に列挙したauthorization、document/chunk、rank、evidence、answer、citation、configuration versionを一つのtrace IDへ保存し、許可外itemがtrace内にゼロ件であることを検査する。,security共通文では本文固有の対象と合否を検査できないため、列挙項目と失敗条件を観測できる受入条件へ置換する。
SENT-1827,exceptions,法令、契約、組織方針がより厳しい統制を求める場合はそちらを優先する。可用性対策を理由に認可や機密保護を緩和しない。,「添付、コメント、埋め込み資料が親文書と異なるACLを持つ場合は、例外関係として明示します。」より法令、契約、組織policyが厳しい場合は厳しい統制を優先し、性能、可用性、費用を理由に対象resourceのauthorizationまたは隔離を省略しない。,security共通例外では本文に許される代替範囲を特定できないため、対象規則に対応する許容条件と禁止事項へ置換する。
SENT-1827,normative_criteria,文中の認可・隔離・情報保護を検索または実行の前に強制し、許可外の文書、chunk、引数が候補、context、回答、traceへ入らないことを負試験で確認する。,「添付、コメント、埋め込み資料が親文書と異なるACLを持つ場合は、例外関係として明示します。」の対象resourceとattributeをauthorization fixtureへ登録し、許可主体では取得・利用でき、非許可主体ではcandidate、context、answerの全段階でゼロ件になることを確認する。,security共通文では本文固有の対象と合否を検査できないため、列挙項目と失敗条件を観測できる受入条件へ置換する。
SENT-1877,exceptions,法令、契約、組織方針がより厳しい統制を求める場合はそちらを優先する。可用性対策を理由に認可や機密保護を緩和しない。,「主体、テナント、方針の版、評価した条件、フィルター前後の候補数、除外理由を記録します。」の記録に保存制約がある値は承認済みのhash・仮名化参照へ置換できるが、authorization decisionとartifact間の対応は削除しない。,security共通例外では本文に許される代替範囲を特定できないため、対象規則に対応する許容条件と禁止事項へ置換する。
SENT-1877,normative_criteria,文中の認可・隔離・情報保護を検索または実行の前に強制し、許可外の文書、chunk、引数が候補、context、回答、traceへ入らないことを負試験で確認する。,「主体、テナント、方針の版、評価した条件、フィルター前後の候補数、除外理由を記録します。」に列挙したauthorization、document/chunk、rank、evidence、answer、citation、configuration versionを一つのtrace IDへ保存し、許可外itemがtrace内にゼロ件であることを検査する。,security共通文では本文固有の対象と合否を検査できないため、列挙項目と失敗条件を観測できる受入条件へ置換する。
SENT-1887,exceptions,公式標準や製品仕様の用語を別の意味で用いる場合は、名称、単位、変換規則を分けて併記し、既存記録を移行する。,「本ガイドでは、分割時の重なりを、重なりを持たせて分割した隣接チャンクの共通部分と定義します。」が公式標準または製品仕様の同名語と異なる場合はローカル定義であることと対応関係を併記し、公式語の意味を上書きしない。,definition共通例外では本文に許される代替範囲を特定できないため、対象規則に対応する許容条件と禁止事項へ置換する。
SENT-1887,normative_criteria,本文、図表、評価台帳で文中の用語と工程名を同じ意味で用い、入力、出力、単位、責任範囲をこの定義に一致させる。,用語・規則「本ガイドでは、分割時の重なりを、重なりを持たせて分割した隣接チャンクの共通部分と定義します。」について、本文、図表、schema、評価台帳で同じ対象、単位、入出力を使用し、異なる意味で使う箇所がrepository内検索でゼロ件であることを確認する。,definition共通文では本文固有の対象と合否を検査できないため、列挙項目と失敗条件を観測できる受入条件へ置換する。
SENT-1937,exceptions,保存期間や個人情報の制約がある場合は値を削除するのではなく、承認済みの仮名化、分離保管、期間制限で追跡可能性を維持する。,「内容ハッシュで分かる完全重複は再順位付け前に除き、同じ候補へ高価なモデルを繰り返し適用しません。」の値に個人情報または保存期限の制約がある場合は仮名化・分離保管へ置換できるが、source/version/spanを復元する承認済み対応表は保持する。,trace共通例外では本文に許される代替範囲を特定できないため、対象規則に対応する許容条件と禁止事項へ置換する。
SENT-1937,normative_criteria,文中の識別子、設定、成果物を同じ版IDまたはtrace IDで結び、任意の回答から元文書、chunk、検索順位、設定版まで再現できることを確認する。,「内容ハッシュで分かる完全重複は再順位付け前に除き、同じ候補へ高価なモデルを繰り返し適用しません。」で使用するhashまたはstable IDを同一入力と変更入力から生成し、同一入力は同じID、source/version/spanが異なる入力は別IDとなり、deduplication結果を逆引きできることを確認する。,trace共通文では本文固有の対象と合否を検査できないため、列挙項目と失敗条件を観測できる受入条件へ置換する。
SENT-1938,revised_sentence,意味的な近似重複と多様性は、再順位付け後の関連度を使って判断した方が、主要根拠を保ちやすい場合を想定し、その発生条件と影響を対象データで確認します。,near-duplicateとdiversityを判定する段階では、first-stage scoreだけでなくreranking後のrelevanceも利用すると、上位evidenceを保持できる場合があります。,外部事実または具体的設計を一律のローカル実験文へ変えず、主体、構成、条件、モダリティを保持した文固有の修正文へ置換する。
SENT-1939,exceptions,より単純な工程が同じ品質、安全性、遅延、費用、追跡可能性の受入条件を満たす場合は、その代替構成を採用できる。,「隣接チャンクを結合する場合は、最大、平均、最上位の順位保持など、スコア統合規則を定めます。」と異なる統合方式はcalibration済みscoreまたは別rerankerとしてversion管理できるが、未調整の異尺度scoreを黙って直接加算しない。,process共通例外では本文に許される代替範囲を特定できないため、対象規則に対応する許容条件と禁止事項へ置換する。
SENT-1939,normative_criteria,文中の工程順と分岐ごとに入力、出力、責任主体、成功条件、失敗時の遷移をmanifestへ定義し、統合試験で追跡可能性を確認する。,「隣接チャンクを結合する場合は、最大、平均、最上位の順位保持など、スコア統合規則を定めます。」の統合規則をversion管理し、複数retrieverが返す既知rank listから期待するcandidate順序を再現し、生scoreの無条件加算や重複candidateが発生しないことを確認する。,process共通文では本文固有の対象と合否を検査できないため、列挙項目と失敗条件を観測できる受入条件へ置換する。
SENT-1954,revised_sentence,相互順位統合（Reciprocal Rank Fusion：RRF）は、BM25と密検索のスコア尺度を揃えずに順位を統合できるかを、対象データと固定した比較条件で検証します。,RRFはBM25とdense retrievalの生scoreを同じ尺度へ変換せず、各rank list内の順位から統合順位を計算します。,外部事実または具体的設計を一律のローカル実験文へ変えず、主体、構成、条件、モダリティを保持した文固有の修正文へ置換する。
SENT-1958,exceptions,より単純な工程が同じ品質、安全性、遅延、費用、追跡可能性の受入条件を満たす場合は、その代替構成を採用できる。,candidate IDまたはgold annotationが欠損して段階を特定できない事例はUNCLASSIFIEDとし、推測でrerankerまたはretrieverへ帰属させない。,process共通例外では本文に許される代替範囲を特定できないため、対象規則に対応する許容条件と禁止事項へ置換する。
SENT-1958,normative_criteria,文中の工程順と分岐ごとに入力、出力、責任主体、成功条件、失敗時の遷移をmanifestへ定義し、統合試験で追跡可能性を確認する。,gold evidenceがfirst-stage candidateにないfixtureはcandidate generation、candidateにあるが受入rank未満のfixtureはfusion/rerankingへdiagnosisを割り当て、両者を別issueとして記録する。,process共通文では本文固有の対象と合否を検査できないため、列挙項目と失敗条件を観測できる受入条件へ置換する。
SENT-1982,revised_sentence,LLMを使う再順位付け器は、複数条件、比較、複数段階の関連性を自然言語の指示で評価できるかを、対象データと固定した比較条件で検証します。,LLM-based rerankerは、複数条件、比較、multi-hop relevanceを自然言語instructionとして受け取るcandidate方式です。採否は固定したreranking datasetで決めます。,外部事実または具体的設計を一律のローカル実験文へ変えず、主体、構成、条件、モダリティを保持した文固有の修正文へ置換する。
SENT-1993,exceptions,法令、契約、組織方針がより厳しい統制を求める場合はそちらを優先する。可用性対策を理由に認可や機密保護を緩和しない。,検証済みfallbackが利用不能な場合は回答保留とし、未検証rerankerまたは非認可順位を即席で使用しない。,security共通例外では本文に許される代替範囲を特定できないため、対象規則に対応する許容条件と禁止事項へ置換する。
SENT-1993,normative_criteria,文中の認可・隔離・情報保護を検索または実行の前に強制し、許可外の文書、chunk、引数が候補、context、回答、traceへ入らないことを負試験で確認する。,primary reranker failureを注入し、事前検証済みcross-encoderまたはauthorized fused rankへ切り替わり、fallback versionと選択理由がtraceへ残ることを確認する。,security共通文では本文固有の対象と合否を検査できないため、列挙項目と失敗条件を観測できる受入条件へ置換する。
SENT-1997,revised_sentence,Nを増やすと正解根拠が候補へ入りやすくなる一方、再順位付け器の呼び出し回数、応答時間、費用が増える条件と影響量を、対象データで測定します。,reranking対象数Nを増やすとgold evidenceがcandidateへ入る余地が増える一方、reranker呼出し量、latency、costも増えます。,外部事実または具体的設計を一律のローカル実験文へ変えず、主体、構成、条件、モダリティを保持した文固有の修正文へ置換する。
SENT-2003,exceptions,法令、契約、組織方針がより厳しい統制を求める場合はそちらを優先する。可用性対策を理由に認可や機密保護を緩和しない。,first-stage/fused rankがauthorizationまたは品質guardrailを満たさない場合はfallback回答を生成せずabstainする。,security共通例外では本文に許される代替範囲を特定できないため、対象規則に対応する許容条件と禁止事項へ置換する。
SENT-2003,normative_criteria,文中の認可・隔離・情報保護を検索または実行の前に強制し、許可外の文書、chunk、引数が候補、context、回答、traceへ入らないことを負試験で確認する。,reranker unavailable responseを発生させ、authorized first-stage/fused rankへ戻ること、fallback前後のcandidate IDとrankがtraceに保存されることを確認する。,security共通文では本文固有の対象と合否を検査できないため、列挙項目と失敗条件を観測できる受入条件へ置換する。
SENT-2008,exceptions,文中の数値は初期候補であり、dataset、model、index、負荷、言語、業務リスクが変わる場合は再測定して閾値を更新する。,「全体平均が改善しても、重要質問で必要根拠を落とす、未知の候補IDを出す、処理期限や費用上限を超える場合は採用しません。」の初期値・候補は対象datasetで再調整できるが、変更値、baseline、採用理由を同じresult tableへ残し、未比較の値を既定値として固定しない。,comparison共通例外では本文に許される代替範囲を特定できないため、対象規則に対応する許容条件と禁止事項へ置換する。
SENT-2008,normative_criteria,文中の比較について対象dataset、gold evidence、baseline、candidate数、指標、合否閾値を固定し、平均値だけでなく失敗sliceと回帰を記録する。,「全体平均が改善しても、重要質問で必要根拠を落とす、未知の候補IDを出す、処理期限や費用上限を超える場合は採用しません。」に含まれるretriever、candidate数、rank処理を固定したtest queryを実行し、統合前後のcandidate ID・rank・score変換が記述した順序と選択規則に一致することを確認する。,comparison共通文では本文固有の対象と合否を検査できないため、列挙項目と失敗条件を観測できる受入条件へ置換する。
SENT-2014,revised_sentence,関連度ラベルがない初期段階では、RRFと汎用の交差符号化器を基準にできるかを、対象データと固定した比較条件で検証します。,relevance labelがない初期段階では、RRFと事前学習済みcross-encoderを比較baselineとして使用します。,外部事実または具体的設計を一律のローカル実験文へ変えず、主体、構成、条件、モダリティを保持した文固有の修正文へ置換する。
SENT-2015,exceptions,文中の数値は初期候補であり、dataset、model、index、負荷、言語、業務リスクが変わる場合は再測定して閾値を更新する。,「十分な人手判定が蓄積した後に、分野向け追加学習、monoT5、RankT5を比較します。」を評価するgold evidenceがないslice、標本不足のslice、負荷条件が異なるrunは合否集計から分離し、他sliceの平均結果を外挿しない。,comparison共通例外では本文に許される代替範囲を特定できないため、対象規則に対応する許容条件と禁止事項へ置換する。
SENT-2015,normative_criteria,文中の比較について対象dataset、gold evidence、baseline、candidate数、指標、合否閾値を固定し、平均値だけでなく失敗sliceと回帰を記録する。,「十分な人手判定が蓄積した後に、分野向け追加学習、monoT5、RankT5を比較します。」に挙げた選択肢を同じdataset version、query slice、gold evidence、負荷条件で比較し、対象sliceごとの品質・latency・costを一つのresult tableへ記録する。,comparison共通文では本文固有の対象と合否を検査できないため、列挙項目と失敗条件を観測できる受入条件へ置換する。
SENT-2028,exceptions,公式標準や製品仕様の用語を別の意味で用いる場合は、名称、単位、変換規則を分けて併記し、既存記録を移行する。,「本ガイドでは、チャンク分割を検索単位を決める工程、再順位付けを候補順序を変える工程、重複排除を同じ内容をまとめる工程として区別します。」が公式標準または製品仕様の同名語と異なる場合はローカル定義であることと対応関係を併記し、公式語の意味を上書きしない。,definition共通例外では本文に許される代替範囲を特定できないため、対象規則に対応する許容条件と禁止事項へ置換する。
SENT-2028,normative_criteria,本文、図表、評価台帳で文中の用語と工程名を同じ意味で用い、入力、出力、単位、責任範囲をこの定義に一致させる。,用語・規則「本ガイドでは、チャンク分割を検索単位を決める工程、再順位付けを候補順序を変える工程、重複排除を同じ内容をまとめる工程として区別します。」について、本文、図表、schema、評価台帳で同じ対象、単位、入出力を使用し、異なる意味で使う箇所がrepository内検索でゼロ件であることを確認する。,definition共通文では本文固有の対象と合否を検査できないため、列挙項目と失敗条件を観測できる受入条件へ置換する。
SENT-2154,exceptions,文中の数値は初期候補であり、dataset、model、index、負荷、言語、業務リスクが変わる場合は再測定して閾値を更新する。,「図は同じ根拠を三つの位置で比較した実験結果ではありません。」を評価するgold evidenceがないslice、標本不足のslice、負荷条件が異なるrunは合否集計から分離し、他sliceの平均結果を外挿しない。,comparison共通例外では本文に許される代替範囲を特定できないため、対象規則に対応する許容条件と禁止事項へ置換する。
SENT-2154,normative_criteria,文中の比較について対象dataset、gold evidence、baseline、candidate数、指標、合否閾値を固定し、平均値だけでなく失敗sliceと回帰を記録する。,「図は同じ根拠を三つの位置で比較した実験結果ではありません。」に挙げた選択肢を同じdataset version、query slice、gold evidence、負荷条件で比較し、対象sliceごとの品質・latency・costを一つのresult tableへ記録する。,comparison共通文では本文固有の対象と合否を検査できないため、列挙項目と失敗条件を観測できる受入条件へ置換する。
SENT-2158,exceptions,文中の数値は初期候補であり、dataset、model、index、負荷、言語、業務リスクが変わる場合は再測定して閾値を更新する。,「並べ替えを使う場合は、質問群ごとの改善と費用を測り、位置だけを根拠の正しさの代わりにしません。」を評価するgold evidenceがないslice、標本不足のslice、負荷条件が異なるrunは合否集計から分離し、他sliceの平均結果を外挿しない。,comparison共通例外では本文に許される代替範囲を特定できないため、対象規則に対応する許容条件と禁止事項へ置換する。
SENT-2158,normative_criteria,文中の比較について対象dataset、gold evidence、baseline、candidate数、指標、合否閾値を固定し、平均値だけでなく失敗sliceと回帰を記録する。,「並べ替えを使う場合は、質問群ごとの改善と費用を測り、位置だけを根拠の正しさの代わりにしません。」で指定した品質・安全性・latency・costの各指標を同一evaluation runから算出し、列挙した指標の欠測がなく、必須条件の論理積で合否を決める。,comparison共通文では本文固有の対象と合否を検査できないため、列挙項目と失敗条件を観測できる受入条件へ置換する。
SENT-2261,exceptions,法令、契約、組織方針がより厳しい統制を求める場合はそちらを優先する。可用性対策を理由に認可や機密保護を緩和しない。,「source trust、version、有効期間、ACL、citation payloadが欠損したunitは、scoreが高くても回答根拠として採用しません。」より法令、契約、組織policyが厳しい場合は厳しい統制を優先し、性能、可用性、費用を理由に対象resourceのauthorizationまたは隔離を省略しない。,security共通例外では本文に許される代替範囲を特定できないため、対象規則に対応する許容条件と禁止事項へ置換する。
SENT-2261,normative_criteria,文中の認可・隔離・情報保護を検索または実行の前に強制し、許可外の文書、chunk、引数が候補、context、回答、traceへ入らないことを負試験で確認する。,「source trust、version、有効期間、ACL、citation payloadが欠損したunitは、scoreが高くても回答根拠として採用しません。」の対象resourceとattributeをauthorization fixtureへ登録し、許可主体では取得・利用でき、非許可主体ではcandidate、context、answerの全段階でゼロ件になることを確認する。,security共通文では本文固有の対象と合否を検査できないため、列挙項目と失敗条件を観測できる受入条件へ置換する。
SENT-2287,exceptions,より単純な工程が同じ品質、安全性、遅延、費用、追跡可能性の受入条件を満たす場合は、その代替構成を採用できる。,複数stageのfailureを併記できるが、upstreamで欠落したevidenceをgeneration promptだけで修正済みと扱わない。,process共通例外では本文に許される代替範囲を特定できないため、対象規則に対応する許容条件と禁止事項へ置換する。
SENT-2287,normative_criteria,文中の工程順と分岐ごとに入力、出力、責任主体、成功条件、失敗時の遷移をmanifestへ定義し、統合試験で追跡可能性を確認する。,answer claimごとにsummary/integration/citation/abstentionのgeneration責任を検査し、gold evidenceがcandidateまたはfinal contextにないfailureはretrieval/evidence-selection issueへ送る。,process共通文では本文固有の対象と合否を検査できないため、列挙項目と失敗条件を観測できる受入条件へ置換する。
SENT-2347,exceptions,法令、契約、組織方針がより厳しい統制を求める場合はそちらを優先する。可用性対策を理由に認可や機密保護を緩和しない。,複数状態が成立する場合は優先規則をversion管理できるが、authorization deniedをcomplete/partial answerへ格上げしない。,security共通例外では本文に許される代替範囲を特定できないため、対象規則に対応する許容条件と禁止事項へ置換する。
SENT-2347,normative_criteria,文中の認可・隔離・情報保護を検索または実行の前に強制し、許可外の文書、chunk、引数が候補、context、回答、traceへ入らないことを負試験で確認する。,gold fixtureごとにcomplete answer、partial answer、clarifying question、insufficient evidence、conflict、authorization denied、out of scopeの一状態を返し、状態と回答本文・citationの整合を確認する。,security共通文では本文固有の対象と合否を検査できないため、列挙項目と失敗条件を観測できる受入条件へ置換する。
SENT-2538,exceptions,公式標準や製品仕様の用語を別の意味で用いる場合は、名称、単位、変換規則を分けて併記し、既存記録を移行する。,研究結果はtool-use方式の候補選定やattack fixture作成に利用できるが、個別業務のauthorizationとside-effect承認の代替にはしない。,definition共通例外では本文に許される代替範囲を特定できないため、対象規則に対応する許容条件と禁止事項へ置換する。
SENT-2538,normative_criteria,本文、図表、評価台帳で文中の用語と工程名を同じ意味で用い、入力、出力、単位、責任範囲をこの定義に一致させる。,LLMへ付与する各tool permissionについて、業務owner、許可operation、argument制約、human approval、負試験を別のauthorization記録に持ち、引用研究だけで実行権限を承認しない。,definition共通文では本文固有の対象と合否を検査できないため、列挙項目と失敗条件を観測できる受入条件へ置換する。
SENT-2548,exceptions,保存期間や個人情報の制約がある場合は値を削除するのではなく、承認済みの仮名化、分離保管、期間制限で追跡可能性を維持する。,「回答中の主張をcitation IDへ対応付け、根拠が支えない断定を検出できる形で返します。」の値に個人情報または保存期限の制約がある場合は仮名化・分離保管へ置換できるが、source/version/spanを復元する承認済み対応表は保持する。,trace共通例外では本文に許される代替範囲を特定できないため、対象規則に対応する許容条件と禁止事項へ置換する。
SENT-2548,normative_criteria,文中の識別子、設定、成果物を同じ版IDまたはtrace IDで結び、任意の回答から元文書、chunk、検索順位、設定版まで再現できることを確認する。,「回答中の主張をcitation IDへ対応付け、根拠が支えない断定を検出できる形で返します。」に列挙したID、version、artifactを必須schema fieldにし、任意のanswer/citationからsource document、original span、chunk、retrieval rank、configuration versionへ欠損なく到達できることを確認する。,trace共通文では本文固有の対象と合否を検査できないため、列挙項目と失敗条件を観測できる受入条件へ置換する。
SENT-2580,exceptions,より単純な工程が同じ品質、安全性、遅延、費用、追跡可能性の受入条件を満たす場合は、その代替構成を採用できる。,「Data Validation for Machine Learningが機械学習パイプラインの入口でスキーマや分布の異常を検出するように、RAGでも公開前に知識成果物を検査します。」より単純な経路が同じ品質・安全性・latency・costのgateを満たす場合は代替できるが、分岐、fallback、artifact provenanceを失う省略は行わない。,process共通例外では本文に許される代替範囲を特定できないため、対象規則に対応する許容条件と禁止事項へ置換する。
SENT-2580,normative_criteria,文中の工程順と分岐ごとに入力、出力、責任主体、成功条件、失敗時の遷移をmanifestへ定義し、統合試験で追跡可能性を確認する。,「Data Validation for Machine Learningが機械学習パイプラインの入口でスキーマや分布の異常を検出するように、RAGでも公開前に知識成果物を検査します。」の工程ごとに入力artifact、出力artifact、version、成功状態をmanifestへ定義し、正常系と途中失敗系の統合試験で工程順と停止位置を確認する。,process共通文では本文固有の対象と合否を検査できないため、列挙項目と失敗条件を観測できる受入条件へ置換する。
SENT-2641,exceptions,文中の数値は初期候補であり、dataset、model、index、負荷、言語、業務リスクが変わる場合は再測定して閾値を更新する。,「結果には評価件数、信頼区間、評価者間一致率を添え、小さな点差を直ちに改善とは判断しません。」を評価するgold evidenceがないslice、標本不足のslice、負荷条件が異なるrunは合否集計から分離し、他sliceの平均結果を外挿しない。,comparison共通例外では本文に許される代替範囲を特定できないため、対象規則に対応する許容条件と禁止事項へ置換する。
SENT-2641,normative_criteria,文中の比較について対象dataset、gold evidence、baseline、candidate数、指標、合否閾値を固定し、平均値だけでなく失敗sliceと回帰を記録する。,「結果には評価件数、信頼区間、評価者間一致率を添え、小さな点差を直ちに改善とは判断しません。」で指定した品質・安全性・latency・costの各指標を同一evaluation runから算出し、列挙した指標の欠測がなく、必須条件の論理積で合否を決める。,comparison共通文では本文固有の対象と合否を検査できないため、列挙項目と失敗条件を観測できる受入条件へ置換する。
SENT-2644,exceptions,文中の数値は初期候補であり、dataset、model、index、負荷、言語、業務リスクが変わる場合は再測定して閾値を更新する。,同点許容幅を設ける場合はmetricごとに事前定義し、結果を見てunchanged範囲を変更しない。,comparison共通例外では本文に許される代替範囲を特定できないため、対象規則に対応する許容条件と禁止事項へ置換する。
SENT-2644,normative_criteria,文中の比較について対象dataset、gold evidence、baseline、candidate数、指標、合否閾値を固定し、平均値だけでなく失敗sliceと回帰を記録する。,同じevaluation runのquestion-level差分からimproved、unchanged、regressedの件数を算出し、三件数の合計が評価対象総数と一致することを確認する。,comparison共通文では本文固有の対象と合否を検査できないため、列挙項目と失敗条件を観測できる受入条件へ置換する。
SENT-2647,exceptions,文中の数値は初期候補であり、dataset、model、index、負荷、言語、業務リスクが変わる場合は再測定して閾値を更新する。,「改善対象、非劣化条件、重要スライスの下限、安全条件、遅延上限、費用上限を別々に定め、すべてを満たすことを要求します。」の比較で品質やcostが改善しても、安全性またはauthorizationの必須条件を悪化させるcandidateは採用しない。,comparison共通例外では本文に許される代替範囲を特定できないため、対象規則に対応する許容条件と禁止事項へ置換する。
SENT-2647,normative_criteria,文中の比較について対象dataset、gold evidence、baseline、candidate数、指標、合否閾値を固定し、平均値だけでなく失敗sliceと回帰を記録する。,「改善対象、非劣化条件、重要スライスの下限、安全条件、遅延上限、費用上限を別々に定め、すべてを満たすことを要求します。」で指定した品質・安全性・latency・costの各指標を同一evaluation runから算出し、列挙した指標の欠測がなく、必須条件の論理積で合否を決める。,comparison共通文では本文固有の対象と合否を検査できないため、列挙項目と失敗条件を観測できる受入条件へ置換する。
SENT-2666,exceptions,保存期間や個人情報の制約がある場合は値を削除するのではなく、承認済みの仮名化、分離保管、期間制限で追跡可能性を維持する。,緊急security fixではexperiment開始を先行できるが、owner、release ID、pre-change evidenceを事後期限内に補完する。,trace共通例外では本文に許される代替範囲を特定できないため、対象規則に対応する許容条件と禁止事項へ置換する。
SENT-2666,normative_criteria,文中の識別子、設定、成果物を同じ版IDまたはtrace IDで結び、任意の回答から元文書、chunk、検索順位、設定版まで再現できることを確認する。,各change recordにtarget component、expected improvement、non-regression metric、owner、release ID、pre-change trace IDを必須化し、欠損recordをexperiment開始前に拒否する。,trace共通文では本文固有の対象と合否を検査できないため、列挙項目と失敗条件を観測できる受入条件へ置換する。
SENT-2669,exceptions,より単純な工程が同じ品質、安全性、遅延、費用、追跡可能性の受入条件を満たす場合は、その代替構成を採用できる。,「疎検索、密検索、融合、再順位付け、重複除去、圧縮を順番に有効化または無効化します。」と異なる統合方式はcalibration済みscoreまたは別rerankerとしてversion管理できるが、未調整の異尺度scoreを黙って直接加算しない。,process共通例外では本文に許される代替範囲を特定できないため、対象規則に対応する許容条件と禁止事項へ置換する。
SENT-2669,normative_criteria,文中の工程順と分岐ごとに入力、出力、責任主体、成功条件、失敗時の遷移をmanifestへ定義し、統合試験で追跡可能性を確認する。,「疎検索、密検索、融合、再順位付け、重複除去、圧縮を順番に有効化または無効化します。」の統合規則をversion管理し、複数retrieverが返す既知rank listから期待するcandidate順序を再現し、生scoreの無条件加算や重複candidateが発生しないことを確認する。,process共通文では本文固有の対象と合否を検査できないため、列挙項目と失敗条件を観測できる受入条件へ置換する。
SENT-2677,exceptions,法令、契約、組織方針がより厳しい統制を求める場合はそちらを優先する。可用性対策を理由に認可や機密保護を緩和しない。,fixture誤りが独立reviewで確定した事例は除外できるが、平均品質を理由に実在する重大failureを例外化しない。,security共通例外では本文に許される代替範囲を特定できないため、対象規則に対応する許容条件と禁止事項へ置換する。
SENT-2677,normative_criteria,文中の認可・隔離・情報保護を検索または実行の前に強制し、許可外の文書、chunk、引数が候補、context、回答、traceへ入らないことを負試験で確認する。,release decisionではauthorization leakageとcritical wrong answerをhard gateにし、いずれか一件でもbaselineから増えたcandidateを平均品質の改善量にかかわらず不合格にする。,security共通文では本文固有の対象と合否を検査できないため、列挙項目と失敗条件を観測できる受入条件へ置換する。
SENT-2687,exceptions,文中の数値は初期候補であり、dataset、model、index、負荷、言語、業務リスクが変わる場合は再測定して閾値を更新する。,「たとえば、「疎検索と密検索の併用により、型番スライスのRecall@10が上がる」のように、変更、対象、期待する指標を結び付けます。」を評価するgold evidenceがないslice、標本不足のslice、負荷条件が異なるrunは合否集計から分離し、他sliceの平均結果を外挿しない。,comparison共通例外では本文に許される代替範囲を特定できないため、対象規則に対応する許容条件と禁止事項へ置換する。
SENT-2687,normative_criteria,文中の比較について対象dataset、gold evidence、baseline、candidate数、指標、合否閾値を固定し、平均値だけでなく失敗sliceと回帰を記録する。,「たとえば、「疎検索と密検索の併用により、型番スライスのRecall@10が上がる」のように、変更、対象、期待する指標を結び付けます。」で指定した品質・安全性・latency・costの各指標を同一evaluation runから算出し、列挙した指標の欠測がなく、必須条件の論理積で合否を決める。,comparison共通文では本文固有の対象と合否を検査できないため、列挙項目と失敗条件を観測できる受入条件へ置換する。
SENT-2696,exceptions,法令、契約、組織方針がより厳しい統制を求める場合はそちらを優先する。可用性対策を理由に認可や機密保護を緩和しない。,対象業務で存在しないsliceはrisk ownerの根拠付きで対象外にできるが、未収集または未測定を対象外として扱わない。,security共通例外では本文に許される代替範囲を特定できないため、対象規則に対応する許容条件と禁止事項へ置換する。
SENT-2696,normative_criteria,文中の認可・隔離・情報保護を検索または実行の前に強制し、許可外の文書、chunk、引数が候補、context、回答、traceへ入らないことを負試験で確認する。,evaluation setにunanswerable、ambiguous、cross-document conflict、insufficient authorizationの各sliceを含め、slice別に期待するanswer/clarification/abstention/denialを採点する。,security共通文では本文固有の対象と合否を検査できないため、列挙項目と失敗条件を観測できる受入条件へ置換する。
SENT-2715,exceptions,法令、契約、組織方針がより厳しい統制を求める場合はそちらを優先する。可用性対策を理由に認可や機密保護を緩和しない。,「プロンプトインジェクション、知識汚染、テナントをまたぐ検索、権限のない操作は隔離環境で試します。」より法令、契約、組織policyが厳しい場合は厳しい統制を優先し、性能、可用性、費用を理由に対象resourceのauthorizationまたは隔離を省略しない。,security共通例外では本文に許される代替範囲を特定できないため、対象規則に対応する許容条件と禁止事項へ置換する。
SENT-2715,normative_criteria,文中の認可・隔離・情報保護を検索または実行の前に強制し、許可外の文書、chunk、引数が候補、context、回答、traceへ入らないことを負試験で確認する。,「プロンプトインジェクション、知識汚染、テナントをまたぐ検索、権限のない操作は隔離環境で試します。」の対象resourceとattributeをauthorization fixtureへ登録し、許可主体では取得・利用でき、非許可主体ではcandidate、context、answerの全段階でゼロ件になることを確認する。,security共通文では本文固有の対象と合否を検査できないため、列挙項目と失敗条件を観測できる受入条件へ置換する。
SENT-2756,exceptions,保存期間や個人情報の制約がある場合は値を削除するのではなく、承認済みの仮名化、分離保管、期間制限で追跡可能性を維持する。,許容済みunsupported documentをskipする場合はSKIPPEDと理由を記録できるが、SUCCESS件数へ含めない。,trace共通例外では本文に許される代替範囲を特定できないため、対象規則に対応する許容条件と禁止事項へ置換する。
SENT-2756,normative_criteria,文中の識別子、設定、成果物を同じ版IDまたはtrace IDで結び、任意の回答から元文書、chunk、検索順位、設定版まで再現できることを確認する。,batch内の各document IDへsuccess/failure、failed stage、retry eligibilityを記録し、一件でもfailureがあるbatchをall-successと報告しない。,trace共通文では本文固有の対象と合否を検査できないため、列挙項目と失敗条件を観測できる受入条件へ置換する。
SENT-2789,exceptions,文中の数値は初期候補であり、dataset、model、index、負荷、言語、業務リスクが変わる場合は再測定して閾値を更新する。,「一般的なベンチマークは候補選定の入口に使い、最終判断には業務データのRecallとnDCGを使います。」の初期値・候補は対象datasetで再調整できるが、変更値、baseline、採用理由を同じresult tableへ残し、未比較の値を既定値として固定しない。,comparison共通例外では本文に許される代替範囲を特定できないため、対象規則に対応する許容条件と禁止事項へ置換する。
SENT-2789,normative_criteria,文中の比較について対象dataset、gold evidence、baseline、candidate数、指標、合否閾値を固定し、平均値だけでなく失敗sliceと回帰を記録する。,「一般的なベンチマークは候補選定の入口に使い、最終判断には業務データのRecallとnDCGを使います。」に含まれるretriever、candidate数、rank処理を固定したtest queryを実行し、統合前後のcandidate ID・rank・score変換が記述した順序と選択規則に一致することを確認する。,comparison共通文では本文固有の対象と合否を検査できないため、列挙項目と失敗条件を観測できる受入条件へ置換する。
SENT-2795,revised_sentence,近似最近傍検索では、高速化の代わりに真の上位候補を取りこぼす場合を想定し、その発生条件と影響を対象データで確認します。,ANNはexact nearest-neighbor searchより探索量を減らす代わりに、真のtop candidateを取りこぼす可能性があります。,外部事実または具体的設計を一律のローカル実験文へ変えず、主体、構成、条件、モダリティを保持した文固有の修正文へ置換する。
SENT-2805,exceptions,文中の数値は初期候補であり、dataset、model、index、負荷、言語、業務リスクが変わる場合は再測定して閾値を更新する。,「局所指標の改善だけで公開せず、重要な下流指標が許容幅を超えて悪化しないことを合格条件にします。」を評価するgold evidenceがないslice、標本不足のslice、負荷条件が異なるrunは合否集計から分離し、他sliceの平均結果を外挿しない。,comparison共通例外では本文に許される代替範囲を特定できないため、対象規則に対応する許容条件と禁止事項へ置換する。
SENT-2805,normative_criteria,文中の比較について対象dataset、gold evidence、baseline、candidate数、指標、合否閾値を固定し、平均値だけでなく失敗sliceと回帰を記録する。,「局所指標の改善だけで公開せず、重要な下流指標が許容幅を超えて悪化しないことを合格条件にします。」に挙げた選択肢を同じdataset version、query slice、gold evidence、負荷条件で比較し、対象sliceごとの品質・latency・costを一つのresult tableへ記録する。,comparison共通文では本文固有の対象と合否を検査できないため、列挙項目と失敗条件を観測できる受入条件へ置換する。
SENT-2827,exceptions,保存期間や個人情報の制約がある場合は値を削除するのではなく、承認済みの仮名化、分離保管、期間制限で追跡可能性を維持する。,「チャンク分割を変えた場合は、古いチャンクIDをそのまま使わず、元文書の正解スパンから新しいチャンクへ対応付けます。」の値に個人情報または保存期限の制約がある場合は仮名化・分離保管へ置換できるが、source/version/spanを復元する承認済み対応表は保持する。,trace共通例外では本文に許される代替範囲を特定できないため、対象規則に対応する許容条件と禁止事項へ置換する。
SENT-2827,normative_criteria,文中の識別子、設定、成果物を同じ版IDまたはtrace IDで結び、任意の回答から元文書、chunk、検索順位、設定版まで再現できることを確認する。,「チャンク分割を変えた場合は、古いチャンクIDをそのまま使わず、元文書の正解スパンから新しいチャンクへ対応付けます。」に列挙したID、version、artifactを必須schema fieldにし、任意のanswer/citationからsource document、original span、chunk、retrieval rank、configuration versionへ欠損なく到達できることを確認する。,trace共通文では本文固有の対象と合否を検査できないため、列挙項目と失敗条件を観測できる受入条件へ置換する。
SENT-2846,exceptions,文中の数値は初期候補であり、dataset、model、index、負荷、言語、業務リスクが変わる場合は再測定して閾値を更新する。,「BM25、密検索、学習型疎検索、ハイブリッド検索を、同じ正解集合と候補件数で比較します。」の初期値・候補は対象datasetで再調整できるが、変更値、baseline、採用理由を同じresult tableへ残し、未比較の値を既定値として固定しない。,comparison共通例外では本文に許される代替範囲を特定できないため、対象規則に対応する許容条件と禁止事項へ置換する。
SENT-2846,normative_criteria,文中の比較について対象dataset、gold evidence、baseline、candidate数、指標、合否閾値を固定し、平均値だけでなく失敗sliceと回帰を記録する。,「BM25、密検索、学習型疎検索、ハイブリッド検索を、同じ正解集合と候補件数で比較します。」に含まれるretriever、candidate数、rank処理を固定したtest queryを実行し、統合前後のcandidate ID・rank・score変換が記述した順序と選択規則に一致することを確認する。,comparison共通文では本文固有の対象と合否を検査できないため、列挙項目と失敗条件を観測できる受入条件へ置換する。
SENT-2853,exceptions,文中の数値は初期候補であり、dataset、model、index、負荷、言語、業務リスクが変わる場合は再測定して閾値を更新する。,「質問処理を評価するときは検索器を固定し、正規化、書き換え、展開、HyDE、分解を一つずつ有効または無効にします。」を評価するgold evidenceがないslice、標本不足のslice、負荷条件が異なるrunは合否集計から分離し、他sliceの平均結果を外挿しない。,comparison共通例外では本文に許される代替範囲を特定できないため、対象規則に対応する許容条件と禁止事項へ置換する。
SENT-2853,normative_criteria,文中の比較について対象dataset、gold evidence、baseline、candidate数、指標、合否閾値を固定し、平均値だけでなく失敗sliceと回帰を記録する。,「質問処理を評価するときは検索器を固定し、正規化、書き換え、展開、HyDE、分解を一つずつ有効または無効にします。」で指定した品質・安全性・latency・costの各指標を同一evaluation runから算出し、列挙した指標の欠測がなく、必須条件の論理積で合否を決める。,comparison共通文では本文固有の対象と合否を検査できないため、列挙項目と失敗条件を観測できる受入条件へ置換する。
SENT-2858,exceptions,より単純な工程が同じ品質、安全性、遅延、費用、追跡可能性の受入条件を満たす場合は、その代替構成を採用できる。,元queryでもgold evidenceを取得できない事例はretriever側にもlabelを付けられるが、rewriteの寄与を消さない。,process共通例外では本文に許される代替範囲を特定できないため、対象規則に対応する許容条件と禁止事項へ置換する。
SENT-2858,normative_criteria,文中の工程順と分岐ごとに入力、出力、責任主体、成功条件、失敗時の遷移をmanifestへ定義し、統合試験で追跡可能性を確認する。,query rewrite前後のretrieval resultを別trace fieldに保存し、rewrite後だけgold evidenceを失った事例をquery-transformation failureとして数え、base retriever failureへ含めない。,process共通文では本文固有の対象と合否を検査できないため、列挙項目と失敗条件を観測できる受入条件へ置換する。
SENT-2862,exceptions,文中の数値は初期候補であり、dataset、model、index、負荷、言語、業務リスクが変わる場合は再測定して閾値を更新する。,「ACORNが構造化条件付きのベクトル検索を扱うように、条件へ一致する文書の割合ごとにRecallと遅延も測ります。」を評価するgold evidenceがないslice、標本不足のslice、負荷条件が異なるrunは合否集計から分離し、他sliceの平均結果を外挿しない。,comparison共通例外では本文に許される代替範囲を特定できないため、対象規則に対応する許容条件と禁止事項へ置換する。
SENT-2862,normative_criteria,文中の比較について対象dataset、gold evidence、baseline、candidate数、指標、合否閾値を固定し、平均値だけでなく失敗sliceと回帰を記録する。,「ACORNが構造化条件付きのベクトル検索を扱うように、条件へ一致する文書の割合ごとにRecallと遅延も測ります。」で指定した品質・安全性・latency・costの各指標を同一evaluation runから算出し、列挙した指標の欠測がなく、必須条件の論理積で合否を決める。,comparison共通文では本文固有の対象と合否を検査できないため、列挙項目と失敗条件を観測できる受入条件へ置換する。
SENT-2867,exceptions,文中の数値は初期候補であり、dataset、model、index、負荷、言語、業務リスクが変わる場合は再測定して閾値を更新する。,「HNSWを使う場合は検索時探索幅を段階的に変え、品質と遅延の曲線を作ります。」を評価するgold evidenceがないslice、標本不足のslice、負荷条件が異なるrunは合否集計から分離し、他sliceの平均結果を外挿しない。,comparison共通例外では本文に許される代替範囲を特定できないため、対象規則に対応する許容条件と禁止事項へ置換する。
SENT-2867,normative_criteria,文中の比較について対象dataset、gold evidence、baseline、candidate数、指標、合否閾値を固定し、平均値だけでなく失敗sliceと回帰を記録する。,「HNSWを使う場合は検索時探索幅を段階的に変え、品質と遅延の曲線を作ります。」で指定した品質・安全性・latency・costの各指標を同一evaluation runから算出し、列挙した指標の欠測がなく、必須条件の論理積で合否を決める。,comparison共通文では本文固有の対象と合否を検査できないため、列挙項目と失敗条件を観測できる受入条件へ置換する。
SENT-2872,exceptions,文中の数値は初期候補であり、dataset、model、index、負荷、言語、業務リスクが変わる場合は再測定して閾値を更新する。,「平均nDCGの差だけでなく、改善件数、悪化件数、重大事例の変化、ブートストラップ信頼区間を示します。」の初期値・候補は対象datasetで再調整できるが、変更値、baseline、採用理由を同じresult tableへ残し、未比較の値を既定値として固定しない。,comparison共通例外では本文に許される代替範囲を特定できないため、対象規則に対応する許容条件と禁止事項へ置換する。
SENT-2872,normative_criteria,文中の比較について対象dataset、gold evidence、baseline、candidate数、指標、合否閾値を固定し、平均値だけでなく失敗sliceと回帰を記録する。,「平均nDCGの差だけでなく、改善件数、悪化件数、重大事例の変化、ブートストラップ信頼区間を示します。」に挙げた選択肢を同じdataset version、query slice、gold evidence、負荷条件で比較し、対象sliceごとの品質・latency・costを一つのresult tableへ記録する。,comparison共通文では本文固有の対象と合否を検査できないため、列挙項目と失敗条件を観測できる受入条件へ置換する。
SENT-2884,exceptions,公式標準や製品仕様の用語を別の意味で用いる場合は、名称、単位、変換規則を分けて併記し、既存記録を移行する。,「本ガイドでは、検索後処理を、検索器が返した候補の並べ替え、絞り込み、重複排除、圧縮、配置によって最終コンテキストを作る工程と定義します。」が公式標準または製品仕様の同名語と異なる場合はローカル定義であることと対応関係を併記し、公式語の意味を上書きしない。,definition共通例外では本文に許される代替範囲を特定できないため、対象規則に対応する許容条件と禁止事項へ置換する。
SENT-2884,normative_criteria,本文、図表、評価台帳で文中の用語と工程名を同じ意味で用い、入力、出力、単位、責任範囲をこの定義に一致させる。,用語・規則「本ガイドでは、検索後処理を、検索器が返した候補の並べ替え、絞り込み、重複排除、圧縮、配置によって最終コンテキストを作る工程と定義します。」について、本文、図表、schema、評価台帳で同じ対象、単位、入出力を使用し、異なる意味で使う箇所がrepository内検索でゼロ件であることを確認する。,definition共通文では本文固有の対象と合否を検査できないため、列挙項目と失敗条件を観測できる受入条件へ置換する。
SENT-2892,revised_sentence,再順位付け器は候補の順序を詳しく付け直しますが、初期検索で拾った希少な正解を下位へ落とす場合を想定し、その発生条件と影響を対象データで確認します。,rerankerはinitial candidateの順序を更新するため、first-stage retrievalが拾った希少なgold evidenceを下位へ移す場合があります。,外部事実または具体的設計を一律のローカル実験文へ変えず、主体、構成、条件、モダリティを保持した文固有の修正文へ置換する。
SENT-2903,exceptions,文中の数値は初期候補であり、dataset、model、index、負荷、言語、業務リスクが変わる場合は再測定して閾値を更新する。,「ACORNのようなフィルター付き近似検索を評価するときは、最終候補だけでなく初期検索のRecallも確認します。」の初期値・候補は対象datasetで再調整できるが、変更値、baseline、採用理由を同じresult tableへ残し、未比較の値を既定値として固定しない。,comparison共通例外では本文に許される代替範囲を特定できないため、対象規則に対応する許容条件と禁止事項へ置換する。
SENT-2903,normative_criteria,文中の比較について対象dataset、gold evidence、baseline、candidate数、指標、合否閾値を固定し、平均値だけでなく失敗sliceと回帰を記録する。,「ACORNのようなフィルター付き近似検索を評価するときは、最終候補だけでなく初期検索のRecallも確認します。」に含まれるretriever、candidate数、rank処理を固定したtest queryを実行し、統合前後のcandidate ID・rank・score変換が記述した順序と選択規則に一致することを確認する。,comparison共通文では本文固有の対象と合否を検査できないため、列挙項目と失敗条件を観測できる受入条件へ置換する。
SENT-2906,exceptions,公式標準や製品仕様の用語を別の意味で用いる場合は、名称、単位、変換規則を分けて併記し、既存記録を移行する。,「本ガイドでは、重複除去の目的を、情報の範囲を保ちながら同じ内容が占めるトークンを減らすことと定めます。」が公式標準または製品仕様の同名語と異なる場合はローカル定義であることと対応関係を併記し、公式語の意味を上書きしない。,definition共通例外では本文に許される代替範囲を特定できないため、対象規則に対応する許容条件と禁止事項へ置換する。
SENT-2906,normative_criteria,本文、図表、評価台帳で文中の用語と工程名を同じ意味で用い、入力、出力、単位、責任範囲をこの定義に一致させる。,用語・規則「本ガイドでは、重複除去の目的を、情報の範囲を保ちながら同じ内容が占めるトークンを減らすことと定めます。」について、本文、図表、schema、評価台帳で同じ対象、単位、入出力を使用し、異なる意味で使う箇所がrepository内検索でゼロ件であることを確認する。,definition共通文では本文固有の対象と合否を検査できないため、列挙項目と失敗条件を観測できる受入条件へ置換する。
SENT-2909,exceptions,公式標準や製品仕様の用語を別の意味で用いる場合は、名称、単位、変換規則を分けて併記し、既存記録を移行する。,「本ガイドでは、MMRを、質問との関連性と既選択候補との非類似性を組み合わせて次の候補を選ぶ方式として扱います。」が公式標準または製品仕様の同名語と異なる場合はローカル定義であることと対応関係を併記し、公式語の意味を上書きしない。,definition共通例外では本文に許される代替範囲を特定できないため、対象規則に対応する許容条件と禁止事項へ置換する。
SENT-2909,normative_criteria,本文、図表、評価台帳で文中の用語と工程名を同じ意味で用い、入力、出力、単位、責任範囲をこの定義に一致させる。,用語・規則「本ガイドでは、MMRを、質問との関連性と既選択候補との非類似性を組み合わせて次の候補を選ぶ方式として扱います。」について、本文、図表、schema、評価台帳で同じ対象、単位、入出力を使用し、異なる意味で使う箇所がrepository内検索でゼロ件であることを確認する。,definition共通文では本文固有の対象と合否を検査できないため、列挙項目と失敗条件を観測できる受入条件へ置換する。
SENT-2911,exceptions,保存期間や個人情報の制約がある場合は値を削除するのではなく、承認済みの仮名化、分離保管、期間制限で追跡可能性を維持する。,「複数チャンクを代表一件へまとめる場合も、元の文書IDと位置をすべて保持します。」の値に個人情報または保存期限の制約がある場合は仮名化・分離保管へ置換できるが、source/version/spanを復元する承認済み対応表は保持する。,trace共通例外では本文に許される代替範囲を特定できないため、対象規則に対応する許容条件と禁止事項へ置換する。
SENT-2911,normative_criteria,文中の識別子、設定、成果物を同じ版IDまたはtrace IDで結び、任意の回答から元文書、chunk、検索順位、設定版まで再現できることを確認する。,「複数チャンクを代表一件へまとめる場合も、元の文書IDと位置をすべて保持します。」に列挙したID、version、artifactを必須schema fieldにし、任意のanswer/citationからsource document、original span、chunk、retrieval rank、configuration versionへ欠損なく到達できることを確認する。,trace共通文では本文固有の対象と合否を検査できないため、列挙項目と失敗条件を観測できる受入条件へ置換する。
SENT-2943,exceptions,文中の数値は初期候補であり、dataset、model、index、負荷、言語、業務リスクが変わる場合は再測定して閾値を更新する。,「RAGGEDが検索件数と生成モデルのノイズへの強さの関係を調べるように、構成要素単独の改善をシステム全体の改善とはみなしません。」を評価するgold evidenceがないslice、標本不足のslice、負荷条件が異なるrunは合否集計から分離し、他sliceの平均結果を外挿しない。,comparison共通例外では本文に許される代替範囲を特定できないため、対象規則に対応する許容条件と禁止事項へ置換する。
SENT-2943,normative_criteria,文中の比較について対象dataset、gold evidence、baseline、candidate数、指標、合否閾値を固定し、平均値だけでなく失敗sliceと回帰を記録する。,「RAGGEDが検索件数と生成モデルのノイズへの強さの関係を調べるように、構成要素単独の改善をシステム全体の改善とはみなしません。」に挙げた選択肢を同じdataset version、query slice、gold evidence、負荷条件で比較し、対象sliceごとの品質・latency・costを一つのresult tableへ記録する。,comparison共通文では本文固有の対象と合否を検査できないため、列挙項目と失敗条件を観測できる受入条件へ置換する。
SENT-2946,revised_sentence,再順位付け器、圧縮器、LLMによる判定を加えると、検索後処理が遅延と費用の中心になる場合を想定し、その発生条件と影響を対象データで確認します。,reranker、compressor、LLM judgeを直列に追加すると、その処理時間とAPI費用がpost-retrieval全体の主要部分になる場合があります。,外部事実または具体的設計を一律のローカル実験文へ変えず、主体、構成、条件、モダリティを保持した文固有の修正文へ置換する。
SENT-2949,exceptions,文中の数値は初期候補であり、dataset、model、index、負荷、言語、業務リスクが変わる場合は再測定して閾値を更新する。,「圧縮による生成費用の削減が、圧縮モデルの追加費用を上回るかを確認します。」を評価するgold evidenceがないslice、標本不足のslice、負荷条件が異なるrunは合否集計から分離し、他sliceの平均結果を外挿しない。,comparison共通例外では本文に許される代替範囲を特定できないため、対象規則に対応する許容条件と禁止事項へ置換する。
SENT-2949,normative_criteria,文中の比較について対象dataset、gold evidence、baseline、candidate数、指標、合否閾値を固定し、平均値だけでなく失敗sliceと回帰を記録する。,「圧縮による生成費用の削減が、圧縮モデルの追加費用を上回るかを確認します。」で指定した品質・安全性・latency・costの各指標を同一evaluation runから算出し、列挙した指標の欠測がなく、必須条件の論理積で合否を決める。,comparison共通文では本文固有の対象と合否を検査できないため、列挙項目と失敗条件を観測できる受入条件へ置換する。
SENT-2950,exceptions,文中の数値は初期候補であり、dataset、model、index、負荷、言語、業務リスクが変わる場合は再測定して閾値を更新する。,「再順位付け候補を増やしたときのRecall改善も、増加した遅延と対にして判断します。」の初期値・候補は対象datasetで再調整できるが、変更値、baseline、採用理由を同じresult tableへ残し、未比較の値を既定値として固定しない。,comparison共通例外では本文に許される代替範囲を特定できないため、対象規則に対応する許容条件と禁止事項へ置換する。
SENT-2950,normative_criteria,文中の比較について対象dataset、gold evidence、baseline、candidate数、指標、合否閾値を固定し、平均値だけでなく失敗sliceと回帰を記録する。,「再順位付け候補を増やしたときのRecall改善も、増加した遅延と対にして判断します。」に含まれるretriever、candidate数、rank処理を固定したtest queryを実行し、統合前後のcandidate ID・rank・score変換が記述した順序と選択規則に一致することを確認する。,comparison共通文では本文固有の対象と合否を検査できないため、列挙項目と失敗条件を観測できる受入条件へ置換する。
SENT-2982,exceptions,文中の数値は初期候補であり、dataset、model、index、負荷、言語、業務リスクが変わる場合は再測定して閾値を更新する。,「モデルの内部知識から見て正しい文でも、提示した根拠で確認できなければ、根拠性の評価では支持なしとします。」を評価するgold evidenceがないslice、標本不足のslice、負荷条件が異なるrunは合否集計から分離し、他sliceの平均結果を外挿しない。,comparison共通例外では本文に許される代替範囲を特定できないため、対象規則に対応する許容条件と禁止事項へ置換する。
SENT-2982,normative_criteria,文中の比較について対象dataset、gold evidence、baseline、candidate数、指標、合否閾値を固定し、平均値だけでなく失敗sliceと回帰を記録する。,「モデルの内部知識から見て正しい文でも、提示した根拠で確認できなければ、根拠性の評価では支持なしとします。」で指定した品質・安全性・latency・costの各指標を同一evaluation runから算出し、列挙した指標の欠測がなく、必須条件の論理積で合否を決める。,comparison共通文では本文固有の対象と合否を検査できないため、列挙項目と失敗条件を観測できる受入条件へ置換する。
SENT-3008,exceptions,文中の数値は初期候補であり、dataset、model、index、負荷、言語、業務リスクが変わる場合は再測定して閾値を更新する。,「G-EvalのようにLLMで採点する場合は、点数ごとの代表例を用意し、人手評価との一致を確認します。」の初期値・候補は対象datasetで再調整できるが、変更値、baseline、採用理由を同じresult tableへ残し、未比較の値を既定値として固定しない。,comparison共通例外では本文に許される代替範囲を特定できないため、対象規則に対応する許容条件と禁止事項へ置換する。
SENT-3008,normative_criteria,文中の比較について対象dataset、gold evidence、baseline、candidate数、指標、合否閾値を固定し、平均値だけでなく失敗sliceと回帰を記録する。,「G-EvalのようにLLMで採点する場合は、点数ごとの代表例を用意し、人手評価との一致を確認します。」で指定した品質・安全性・latency・costの各指標を同一evaluation runから算出し、列挙した指標の欠測がなく、必須条件の論理積で合否を決める。,comparison共通文では本文固有の対象と合否を検査できないため、列挙項目と失敗条件を観測できる受入条件へ置換する。
SENT-3142,exceptions,文中の数値は初期候補であり、dataset、model、index、負荷、言語、業務リスクが変わる場合は再測定して閾値を更新する。,「変更ごとに直接指標と下流指標を定め、改善した局所指標が最終回答を悪化させていないことを確認します。」を評価するgold evidenceがないslice、標本不足のslice、負荷条件が異なるrunは合否集計から分離し、他sliceの平均結果を外挿しない。,comparison共通例外では本文に許される代替範囲を特定できないため、対象規則に対応する許容条件と禁止事項へ置換する。
SENT-3142,normative_criteria,文中の比較について対象dataset、gold evidence、baseline、candidate数、指標、合否閾値を固定し、平均値だけでなく失敗sliceと回帰を記録する。,「変更ごとに直接指標と下流指標を定め、改善した局所指標が最終回答を悪化させていないことを確認します。」に挙げた選択肢を同じdataset version、query slice、gold evidence、負荷条件で比較し、対象sliceごとの品質・latency・costを一つのresult tableへ記録する。,comparison共通文では本文固有の対象と合否を検査できないため、列挙項目と失敗条件を観測できる受入条件へ置換する。
SENT-3160,exceptions,より単純な工程が同じ品質、安全性、遅延、費用、追跡可能性の受入条件を満たす場合は、その代替構成を採用できる。,「公開の可否は、解析器、チャンク分割、埋め込み、検索器、再順位付け、プロンプト、生成モデルのどれを変えても、同じ原則で判断します。」と異なる統合方式はcalibration済みscoreまたは別rerankerとしてversion管理できるが、未調整の異尺度scoreを黙って直接加算しない。,process共通例外では本文に許される代替範囲を特定できないため、対象規則に対応する許容条件と禁止事項へ置換する。
SENT-3160,normative_criteria,文中の工程順と分岐ごとに入力、出力、責任主体、成功条件、失敗時の遷移をmanifestへ定義し、統合試験で追跡可能性を確認する。,「公開の可否は、解析器、チャンク分割、埋め込み、検索器、再順位付け、プロンプト、生成モデルのどれを変えても、同じ原則で判断します。」の統合規則をversion管理し、複数retrieverが返す既知rank listから期待するcandidate順序を再現し、生scoreの無条件加算や重複candidateが発生しないことを確認する。,process共通文では本文固有の対象と合否を検査できないため、列挙項目と失敗条件を観測できる受入条件へ置換する。
SENT-3163,exceptions,文中の数値は初期候補であり、dataset、model、index、負荷、言語、業務リスクが変わる場合は再測定して閾値を更新する。,「候補の成果物、設定マニフェスト、評価報告を同じ版IDで結び付けます。」の初期値・候補は対象datasetで再調整できるが、変更値、baseline、採用理由を同じresult tableへ残し、未比較の値を既定値として固定しない。,comparison共通例外では本文に許される代替範囲を特定できないため、対象規則に対応する許容条件と禁止事項へ置換する。
SENT-3163,normative_criteria,文中の比較について対象dataset、gold evidence、baseline、candidate数、指標、合否閾値を固定し、平均値だけでなく失敗sliceと回帰を記録する。,「候補の成果物、設定マニフェスト、評価報告を同じ版IDで結び付けます。」に含まれるretriever、candidate数、rank処理を固定したtest queryを実行し、統合前後のcandidate ID・rank・score変換が記述した順序と選択規則に一致することを確認する。,comparison共通文では本文固有の対象と合否を検査できないため、列挙項目と失敗条件を観測できる受入条件へ置換する。
SENT-3167,exceptions,保存期間や個人情報の制約がある場合は値を削除するのではなく、承認済みの仮名化、分離保管、期間制限で追跡可能性を維持する。,「共通のトレースIDで、元の質問、変換後の質問、フィルター、取得候補、再順位付け結果、最終コンテキスト、回答、引用、利用者の反応を結び付けます。」の値に個人情報または保存期限の制約がある場合は仮名化・分離保管へ置換できるが、source/version/spanを復元する承認済み対応表は保持する。,trace共通例外では本文に許される代替範囲を特定できないため、対象規則に対応する許容条件と禁止事項へ置換する。
SENT-3167,normative_criteria,文中の識別子、設定、成果物を同じ版IDまたはtrace IDで結び、任意の回答から元文書、chunk、検索順位、設定版まで再現できることを確認する。,「共通のトレースIDで、元の質問、変換後の質問、フィルター、取得候補、再順位付け結果、最終コンテキスト、回答、引用、利用者の反応を結び付けます。」に列挙したID、version、artifactを必須schema fieldにし、任意のanswer/citationからsource document、original span、chunk、retrieval rank、configuration versionへ欠損なく到達できることを確認する。,trace共通文では本文固有の対象と合否を検査できないため、列挙項目と失敗条件を観測できる受入条件へ置換する。
SENT-3190,exceptions,文中の数値は初期候補であり、dataset、model、index、負荷、言語、業務リスクが変わる場合は再測定して閾値を更新する。,「改善後は同じtrace比較で、原因箇所が直り、別layerへ失敗が移っていないことを確認します。」を評価するgold evidenceがないslice、標本不足のslice、負荷条件が異なるrunは合否集計から分離し、他sliceの平均結果を外挿しない。,comparison共通例外では本文に許される代替範囲を特定できないため、対象規則に対応する許容条件と禁止事項へ置換する。
SENT-3190,normative_criteria,文中の比較について対象dataset、gold evidence、baseline、candidate数、指標、合否閾値を固定し、平均値だけでなく失敗sliceと回帰を記録する。,「改善後は同じtrace比較で、原因箇所が直り、別layerへ失敗が移っていないことを確認します。」で列挙した記録項目を同じrun IDへ保存し、各項目が欠損せず、変更前後の差分をquestionまたはdocument単位で逆引きできることを確認する。,comparison共通文では本文固有の対象と合否を検査できないため、列挙項目と失敗条件を観測できる受入条件へ置換する。
SENT-3193,exceptions,公式標準や製品仕様の用語を別の意味で用いる場合は、名称、単位、変換規則を分けて併記し、既存記録を移行する。,対象systemにonline trafficがなくA/Bまたはcanaryを実施できない場合は理由を記録し、同じrelease riskを検出するoffline regressionへ置換する。,definition共通例外では本文に許される代替範囲を特定できないため、対象規則に対応する許容条件と禁止事項へ置換する。
SENT-3193,normative_criteria,本文、図表、評価台帳で文中の用語と工程名を同じ意味で用い、入力、出力、単位、責任範囲をこの定義に一致させる。,第7章の目次とtest planに、evaluation dataset、layer別metric、end-to-end評価、regression、A/B、canary、trace分析の各項目が一つ以上対応し、未対応項目がないことを確認する。,definition共通文では本文固有の対象と合否を検査できないため、列挙項目と失敗条件を観測できる受入条件へ置換する。
SENT-3198,exceptions,文中の数値は初期候補であり、dataset、model、index、負荷、言語、業務リスクが変わる場合は再測定して閾値を更新する。,「品質だけでなく、遅延、費用、安全性、回答保留も測り、改善が別の重要指標を悪化させていないことを確認します。」の比較で品質やcostが改善しても、安全性またはauthorizationの必須条件を悪化させるcandidateは採用しない。,comparison共通例外では本文に許される代替範囲を特定できないため、対象規則に対応する許容条件と禁止事項へ置換する。
SENT-3198,normative_criteria,文中の比較について対象dataset、gold evidence、baseline、candidate数、指標、合否閾値を固定し、平均値だけでなく失敗sliceと回帰を記録する。,「品質だけでなく、遅延、費用、安全性、回答保留も測り、改善が別の重要指標を悪化させていないことを確認します。」で指定した品質・安全性・latency・costの各指標を同一evaluation runから算出し、列挙した指標の欠測がなく、必須条件の論理積で合否を決める。,comparison共通文では本文固有の対象と合否を検査できないため、列挙項目と失敗条件を観測できる受入条件へ置換する。
SENT-3211,exceptions,公式標準や製品仕様の用語を別の意味で用いる場合は、名称、単位、変換規則を分けて併記し、既存記録を移行する。,同一security domain内で二component間の独立境界を省略する場合は共通identity・policy・audit scopeを証明し、外部providerとの境界は省略しない。,definition共通例外では本文に許される代替範囲を特定できないため、対象規則に対応する許容条件と禁止事項へ置換する。
SENT-3211,normative_criteria,本文、図表、評価台帳で文中の用語と工程名を同じ意味で用い、入力、出力、単位、責任範囲をこの定義に一致させる。,API入口、application、retriever、vector store、generation model、tool runtimeの各境界について送受信data、認証主体、authorization decision、暗号化、logを記録し、許可外requestを境界ごとに拒否する。,definition共通文では本文固有の対象と合否を検査できないため、列挙項目と失敗条件を観測できる受入条件へ置換する。
SENT-3222,exceptions,法令、契約、組織方針がより厳しい統制を求める場合はそちらを優先する。可用性対策を理由に認可や機密保護を緩和しない。,「権限のないチャンクは、上位候補へ取得してから表示だけを隠すのではなく、検索前または検索中に候補集合から除きます。」より法令、契約、組織policyが厳しい場合は厳しい統制を優先し、性能、可用性、費用を理由に対象resourceのauthorizationまたは隔離を省略しない。,security共通例外では本文に許される代替範囲を特定できないため、対象規則に対応する許容条件と禁止事項へ置換する。
SENT-3222,normative_criteria,文中の認可・隔離・情報保護を検索または実行の前に強制し、許可外の文書、chunk、引数が候補、context、回答、traceへ入らないことを負試験で確認する。,「権限のないチャンクは、上位候補へ取得してから表示だけを隠すのではなく、検索前または検索中に候補集合から除きます。」の対象resourceとattributeをauthorization fixtureへ登録し、許可主体では取得・利用でき、非許可主体ではcandidate、context、answerの全段階でゼロ件になることを確認する。,security共通文では本文固有の対象と合否を検査できないため、列挙項目と失敗条件を観測できる受入条件へ置換する。
SENT-3275,exceptions,法令、契約、組織方針がより厳しい統制を求める場合はそちらを優先する。可用性対策を理由に認可や機密保護を緩和しない。,「RAGの目的に必要な文書、項目、期間だけを取り込み、認証情報や不要な個人情報をチャンクと埋め込みへ含めません。」より法令、契約、組織policyが厳しい場合は厳しい統制を優先し、性能、可用性、費用を理由に対象resourceのauthorizationまたは隔離を省略しない。,security共通例外では本文に許される代替範囲を特定できないため、対象規則に対応する許容条件と禁止事項へ置換する。
SENT-3275,normative_criteria,文中の認可・隔離・情報保護を検索または実行の前に強制し、許可外の文書、chunk、引数が候補、context、回答、traceへ入らないことを負試験で確認する。,「RAGの目的に必要な文書、項目、期間だけを取り込み、認証情報や不要な個人情報をチャンクと埋め込みへ含めません。」の対象resourceとattributeをauthorization fixtureへ登録し、許可主体では取得・利用でき、非許可主体ではcandidate、context、answerの全段階でゼロ件になることを確認する。,security共通文では本文固有の対象と合否を検査できないため、列挙項目と失敗条件を観測できる受入条件へ置換する。
SENT-3297,exceptions,文中の数値は初期候補であり、dataset、model、index、負荷、言語、業務リスクが変わる場合は再測定して閾値を更新する。,「本番ログを正解付き評価データやモデル改善へ転用する場合は、利用目的、法的根拠、除去手順を再確認します。」を評価するgold evidenceがないslice、標本不足のslice、負荷条件が異なるrunは合否集計から分離し、他sliceの平均結果を外挿しない。,comparison共通例外では本文に許される代替範囲を特定できないため、対象規則に対応する許容条件と禁止事項へ置換する。
SENT-3297,normative_criteria,文中の比較について対象dataset、gold evidence、baseline、candidate数、指標、合否閾値を固定し、平均値だけでなく失敗sliceと回帰を記録する。,「本番ログを正解付き評価データやモデル改善へ転用する場合は、利用目的、法的根拠、除去手順を再確認します。」で列挙した記録項目を同じrun IDへ保存し、各項目が欠損せず、変更前後の差分をquestionまたはdocument単位で逆引きできることを確認する。,comparison共通文では本文固有の対象と合否を検査できないため、列挙項目と失敗条件を観測できる受入条件へ置換する。
SENT-3321,exceptions,法令、契約、組織方針がより厳しい統制を求める場合はそちらを優先する。可用性対策を理由に認可や機密保護を緩和しない。,「間接プロンプトインジェクションの研究とPoisonedRAGの脅威モデルを参考に、攻撃入口、必要権限、影響先を整理します。」より法令、契約、組織policyが厳しい場合は厳しい統制を優先し、性能、可用性、費用を理由に対象resourceのauthorizationまたは隔離を省略しない。,security共通例外では本文に許される代替範囲を特定できないため、対象規則に対応する許容条件と禁止事項へ置換する。
SENT-3321,normative_criteria,文中の認可・隔離・情報保護を検索または実行の前に強制し、許可外の文書、chunk、引数が候補、context、回答、traceへ入らないことを負試験で確認する。,「間接プロンプトインジェクションの研究とPoisonedRAGの脅威モデルを参考に、攻撃入口、必要権限、影響先を整理します。」の各controlを、文書内命令、poisoned metadata、許可外tool argumentを含むattack fixtureへ適用し、命令不実行、evidence隔離、警告記録がすべて成立することを確認する。,security共通文では本文固有の対象と合否を検査できないため、列挙項目と失敗条件を観測できる受入条件へ置換する。
SENT-3325,exceptions,法令、契約、組織方針がより厳しい統制を求める場合はそちらを優先する。可用性対策を理由に認可や機密保護を緩和しない。,「情報源、接続処理、解析器とOCR、メタデータ、埋め込み、検索器、コンテキスト、会話記憶、ツールを通じて攻撃が連鎖します。」より法令、契約、組織policyが厳しい場合は厳しい統制を優先し、性能、可用性、費用を理由に対象resourceのauthorizationまたは隔離を省略しない。,security共通例外では本文に許される代替範囲を特定できないため、対象規則に対応する許容条件と禁止事項へ置換する。
SENT-3325,normative_criteria,文中の認可・隔離・情報保護を検索または実行の前に強制し、許可外の文書、chunk、引数が候補、context、回答、traceへ入らないことを負試験で確認する。,「情報源、接続処理、解析器とOCR、メタデータ、埋め込み、検索器、コンテキスト、会話記憶、ツールを通じて攻撃が連鎖します。」の各controlを、文書内命令、poisoned metadata、許可外tool argumentを含むattack fixtureへ適用し、命令不実行、evidence隔離、警告記録がすべて成立することを確認する。,security共通文では本文固有の対象と合否を検査できないため、列挙項目と失敗条件を観測できる受入条件へ置換する。
SENT-3363,exceptions,法令、契約、組織方針がより厳しい統制を求める場合はそちらを優先する。可用性対策を理由に認可や機密保護を緩和しない。,「疑わしい情報源とチャンクを隔離し、トレースから、それを取得した質問、生成した回答、実行したツールを特定します。」より法令、契約、組織policyが厳しい場合は厳しい統制を優先し、性能、可用性、費用を理由に対象resourceのauthorizationまたは隔離を省略しない。,security共通例外では本文に許される代替範囲を特定できないため、対象規則に対応する許容条件と禁止事項へ置換する。
SENT-3363,normative_criteria,文中の認可・隔離・情報保護を検索または実行の前に強制し、許可外の文書、chunk、引数が候補、context、回答、traceへ入らないことを負試験で確認する。,「疑わしい情報源とチャンクを隔離し、トレースから、それを取得した質問、生成した回答、実行したツールを特定します。」の対象resourceとattributeをauthorization fixtureへ登録し、許可主体では取得・利用でき、非許可主体ではcandidate、context、answerの全段階でゼロ件になることを確認する。,security共通文では本文固有の対象と合否を検査できないため、列挙項目と失敗条件を観測できる受入条件へ置換する。
SENT-3365,exceptions,法令、契約、組織方針がより厳しい統制を求める場合はそちらを優先する。可用性対策を理由に認可や機密保護を緩和しない。,他のclean sourceにも根拠を持つderived artifactはclean sourceだけで再生成して保持できるが、poisoned provenanceを残さない。,security共通例外では本文に許される代替範囲を特定できないため、対象規則に対応する許容条件と禁止事項へ置換する。
SENT-3365,normative_criteria,文中の認可・隔離・情報保護を検索または実行の前に強制し、許可外の文書、chunk、引数が候補、context、回答、traceへ入らないことを負試験で確認する。,poisoned document IDからderived summary、conversation memory、embedding、index entryを逆引きして削除・再生成し、削除後のretrievalとanswerに汚染内容が残らないことを確認する。,security共通文では本文固有の対象と合否を検査できないため、列挙項目と失敗条件を観測できる受入条件へ置換する。
SENT-3395,exceptions,保存期間や個人情報の制約がある場合は値を削除するのではなく、承認済みの仮名化、分離保管、期間制限で追跡可能性を維持する。,「回答を検証可能な主張へ分け、各主張を支持するチャンクと表示上の引用へ結び付けます。」の値に個人情報または保存期限の制約がある場合は仮名化・分離保管へ置換できるが、source/version/spanを復元する承認済み対応表は保持する。,trace共通例外では本文に許される代替範囲を特定できないため、対象規則に対応する許容条件と禁止事項へ置換する。
SENT-3395,normative_criteria,文中の識別子、設定、成果物を同じ版IDまたはtrace IDで結び、任意の回答から元文書、chunk、検索順位、設定版まで再現できることを確認する。,「回答を検証可能な主張へ分け、各主張を支持するチャンクと表示上の引用へ結び付けます。」に列挙したID、version、artifactを必須schema fieldにし、任意のanswer/citationからsource document、original span、chunk、retrieval rank、configuration versionへ欠損なく到達できることを確認する。,trace共通文では本文固有の対象と合否を検査できないため、列挙項目と失敗条件を観測できる受入条件へ置換する。
SENT-3403,exceptions,文中の数値は初期候補であり、dataset、model、index、負荷、言語、業務リスクが変わる場合は再測定して閾値を更新する。,「評価報告、機能フラグ、A/Bテストの割り当て、障害時の代替先も同じIDへ結び付けます。」を評価するgold evidenceがないslice、標本不足のslice、負荷条件が異なるrunは合否集計から分離し、他sliceの平均結果を外挿しない。,comparison共通例外では本文に許される代替範囲を特定できないため、対象規則に対応する許容条件と禁止事項へ置換する。
SENT-3403,normative_criteria,文中の比較について対象dataset、gold evidence、baseline、candidate数、指標、合否閾値を固定し、平均値だけでなく失敗sliceと回帰を記録する。,「評価報告、機能フラグ、A/Bテストの割り当て、障害時の代替先も同じIDへ結び付けます。」で指定した品質・安全性・latency・costの各指標を同一evaluation runから算出し、列挙した指標の欠測がなく、必須条件の論理積で合否を決める。,comparison共通文では本文固有の対象と合否を検査できないため、列挙項目と失敗条件を観測できる受入条件へ置換する。
SENT-3410,exceptions,法令、契約、組織方針がより厳しい統制を求める場合はそちらを優先する。可用性対策を理由に認可や機密保護を緩和しない。,一人の担当者が複数purposeを担う場合もpurpose IDとaccess logを統合せず、当初目的の同意を二次利用へ流用しない。,security共通例外では本文に許される代替範囲を特定できないため、対象規則に対応する許容条件と禁止事項へ置換する。
SENT-3410,normative_criteria,文中の認可・隔離・情報保護を検索または実行の前に強制し、許可外の文書、chunk、引数が候補、context、回答、traceへ入らないことを負試験で確認する。,incident response、usage analytics、model improvementを別purpose IDとpermissionへ割り当て、各purposeで許可されたfield・retentionだけが処理されることを確認する。,security共通文では本文固有の対象と合否を検査できないため、列挙項目と失敗条件を観測できる受入条件へ置換する。
SENT-3411,exceptions,法令、契約、組織方針がより厳しい統制を求める場合はそちらを優先する。可用性対策を理由に認可や機密保護を緩和しない。,法令・業務上PII処理が必要な経路は承認済みpurpose、region、retentionで処理できるが、不要fieldまで保存しない。,security共通例外では本文に許される代替範囲を特定できないため、対象規則に対応する許容条件と禁止事項へ置換する。
SENT-3411,normative_criteria,文中の認可・隔離・情報保護を検索または実行の前に強制し、許可外の文書、chunk、引数が候補、context、回答、traceへ入らないことを負試験で確認する。,document text、user query、denial reason、tool argumentの各payloadにPII fixtureを入れ、送信・保存前のredactionまたはblockingとaudit logを経路別に確認する。,security共通文では本文固有の対象と合否を検査できないため、列挙項目と失敗条件を観測できる受入条件へ置換する。
SENT-3434,exceptions,法令、契約、組織方針がより厳しい統制を求める場合はそちらを優先する。可用性対策を理由に認可や機密保護を緩和しない。,「これは改善と公開速度を調整するために使い、認可や機密保護を外す根拠にはしません。」より法令、契約、組織policyが厳しい場合は厳しい統制を優先し、性能、可用性、費用を理由に対象resourceのauthorizationまたは隔離を省略しない。,security共通例外では本文に許される代替範囲を特定できないため、対象規則に対応する許容条件と禁止事項へ置換する。
SENT-3434,normative_criteria,文中の認可・隔離・情報保護を検索または実行の前に強制し、許可外の文書、chunk、引数が候補、context、回答、traceへ入らないことを負試験で確認する。,「これは改善と公開速度を調整するために使い、認可や機密保護を外す根拠にはしません。」の対象resourceとattributeをauthorization fixtureへ登録し、許可主体では取得・利用でき、非許可主体ではcandidate、context、answerの全段階でゼロ件になることを確認する。,security共通文では本文固有の対象と合否を検査できないため、列挙項目と失敗条件を観測できる受入条件へ置換する。
SENT-3435,exceptions,より単純な工程が同じ品質、安全性、遅延、費用、追跡可能性の受入条件を満たす場合は、その代替構成を採用できる。,stageを持たない構成は該当budgetを再配分できるが、end-to-end SLOを超える配分や未計測stageを許可しない。,process共通例外では本文に許される代替範囲を特定できないため、対象規則に対応する許容条件と禁止事項へ置換する。
SENT-3435,normative_criteria,文中の工程順と分岐ごとに入力、出力、責任主体、成功条件、失敗時の遷移をmanifestへ定義し、統合試験で追跡可能性を確認する。,end-to-end latency SLOをauthentication、query transformation、retrieval、reranking、context placement、generation、validation、toolのstage budgetへ分解し、各stage時間の合計とtrace全体時間を照合する。,process共通文では本文固有の対象と合否を検査できないため、列挙項目と失敗条件を観測できる受入条件へ置換する。
SENT-3443,exceptions,文中の数値は初期候補であり、dataset、model、index、負荷、言語、業務リスクが変わる場合は再測定して閾値を更新する。,「HNSWでは、グラフの接続数、構築時の探索幅、検索時の探索幅を段階的に変え、Recall、遅延、メモリを同時に比較します。」を評価するgold evidenceがないslice、標本不足のslice、負荷条件が異なるrunは合否集計から分離し、他sliceの平均結果を外挿しない。,comparison共通例外では本文に許される代替範囲を特定できないため、対象規則に対応する許容条件と禁止事項へ置換する。
SENT-3443,normative_criteria,文中の比較について対象dataset、gold evidence、baseline、candidate数、指標、合否閾値を固定し、平均値だけでなく失敗sliceと回帰を記録する。,「HNSWでは、グラフの接続数、構築時の探索幅、検索時の探索幅を段階的に変え、Recall、遅延、メモリを同時に比較します。」で指定した品質・安全性・latency・costの各指標を同一evaluation runから算出し、列挙した指標の欠測がなく、必須条件の論理積で合否を決める。,comparison共通文では本文固有の対象と合否を検査できないため、列挙項目と失敗条件を観測できる受入条件へ置換する。
SENT-3447,exceptions,より単純な工程が同じ品質、安全性、遅延、費用、追跡可能性の受入条件を満たす場合は、その代替構成を採用できる。,安全性または品質guardrailに必要な一時的budget増は期限付きで承認できるが、他要素の費用を未計測のまま相殺しない。,process共通例外では本文に許される代替範囲を特定できないため、対象規則に対応する許容条件と禁止事項へ置換する。
SENT-3447,normative_criteria,文中の工程順と分岐ごとに入力、出力、責任主体、成功条件、失敗時の遷移をmanifestへ定義し、統合試験で追跡可能性を確認する。,rerank candidate数、context token、output token、model sizeを一つずつ変え、request当たりの総token・latency・costが共通budget以内である組合せだけを採用する。,process共通文では本文固有の対象と合否を検査できないため、列挙項目と失敗条件を観測できる受入条件へ置換する。
SENT-3497,exceptions,保存期間や個人情報の制約がある場合は値を削除するのではなく、承認済みの仮名化、分離保管、期間制限で追跡可能性を維持する。,「内容のハッシュを使って変更のないチャンクの解析結果や埋め込みを再利用します。」の値に個人情報または保存期限の制約がある場合は仮名化・分離保管へ置換できるが、source/version/spanを復元する承認済み対応表は保持する。,trace共通例外では本文に許される代替範囲を特定できないため、対象規則に対応する許容条件と禁止事項へ置換する。
SENT-3497,normative_criteria,文中の識別子、設定、成果物を同じ版IDまたはtrace IDで結び、任意の回答から元文書、chunk、検索順位、設定版まで再現できることを確認する。,「内容のハッシュを使って変更のないチャンクの解析結果や埋め込みを再利用します。」で使用するhashまたはstable IDを同一入力と変更入力から生成し、同一入力は同じID、source/version/spanが異なる入力は別IDとなり、deduplication結果を逆引きできることを確認する。,trace共通文では本文固有の対象と合否を検査できないため、列挙項目と失敗条件を観測できる受入条件へ置換する。
SENT-3500,exceptions,文中の数値は初期候補であり、dataset、model、index、負荷、言語、業務リスクが変わる場合は再測定して閾値を更新する。,「簡単な質問は低費用の経路へ送り、複数根拠や低い確信度の質問だけに広い検索と高価な再順位付けを使います。」を評価するgold evidenceがないslice、標本不足のslice、負荷条件が異なるrunは合否集計から分離し、他sliceの平均結果を外挿しない。,comparison共通例外では本文に許される代替範囲を特定できないため、対象規則に対応する許容条件と禁止事項へ置換する。
SENT-3500,normative_criteria,文中の比較について対象dataset、gold evidence、baseline、candidate数、指標、合否閾値を固定し、平均値だけでなく失敗sliceと回帰を記録する。,「簡単な質問は低費用の経路へ送り、複数根拠や低い確信度の質問だけに広い検索と高価な再順位付けを使います。」に含まれるretriever、candidate数、rank処理を固定したtest queryを実行し、統合前後のcandidate ID・rank・score変換が記述した順序と選択規則に一致することを確認する。,comparison共通文では本文固有の対象と合否を検査できないため、列挙項目と失敗条件を観測できる受入条件へ置換する。
SENT-3502,exceptions,文中の数値は初期候補であり、dataset、model、index、負荷、言語、業務リスクが変わる場合は再測定して閾値を更新する。,「候補を一件増やすごとにRecall、正答率、完全性がどれだけ変わるかを測り、改善が頭打ちになる点を探します。」の初期値・候補は対象datasetで再調整できるが、変更値、baseline、採用理由を同じresult tableへ残し、未比較の値を既定値として固定しない。,comparison共通例外では本文に許される代替範囲を特定できないため、対象規則に対応する許容条件と禁止事項へ置換する。
SENT-3502,normative_criteria,文中の比較について対象dataset、gold evidence、baseline、candidate数、指標、合否閾値を固定し、平均値だけでなく失敗sliceと回帰を記録する。,「候補を一件増やすごとにRecall、正答率、完全性がどれだけ変わるかを測り、改善が頭打ちになる点を探します。」に含まれるretriever、candidate数、rank処理を固定したtest queryを実行し、統合前後のcandidate ID・rank・score変換が記述した順序と選択規則に一致することを確認する。,comparison共通文では本文固有の対象と合否を検査できないため、列挙項目と失敗条件を観測できる受入条件へ置換する。
SENT-3586,exceptions,文中の数値は初期候補であり、dataset、model、index、負荷、言語、業務リスクが変わる場合は再測定して閾値を更新する。,「データ、検索器、インデックス、プロンプト、ツール、会話記憶、評価、日常運用を含むシステム全体を対象にします。」を評価するgold evidenceがないslice、標本不足のslice、負荷条件が異なるrunは合否集計から分離し、他sliceの平均結果を外挿しない。,comparison共通例外では本文に許される代替範囲を特定できないため、対象規則に対応する許容条件と禁止事項へ置換する。
SENT-3586,normative_criteria,文中の比較について対象dataset、gold evidence、baseline、candidate数、指標、合否閾値を固定し、平均値だけでなく失敗sliceと回帰を記録する。,「データ、検索器、インデックス、プロンプト、ツール、会話記憶、評価、日常運用を含むシステム全体を対象にします。」で指定した品質・安全性・latency・costの各指標を同一evaluation runから算出し、列挙した指標の欠測がなく、必須条件の論理積で合否を決める。,comparison共通文では本文固有の対象と合否を検査できないため、列挙項目と失敗条件を観測できる受入条件へ置換する。
SENT-3607,exceptions,文中の数値は初期候補であり、dataset、model、index、負荷、言語、業務リスクが変わる場合は再測定して閾値を更新する。,「公開判断を口頭説明だけにせず、システム概要、構成図、脅威モデル、コーパス台帳、評価報告、既知の制約、運用手順書として残します。」を評価するgold evidenceがないslice、標本不足のslice、負荷条件が異なるrunは合否集計から分離し、他sliceの平均結果を外挿しない。,comparison共通例外では本文に許される代替範囲を特定できないため、対象規則に対応する許容条件と禁止事項へ置換する。
SENT-3607,normative_criteria,文中の比較について対象dataset、gold evidence、baseline、candidate数、指標、合否閾値を固定し、平均値だけでなく失敗sliceと回帰を記録する。,「公開判断を口頭説明だけにせず、システム概要、構成図、脅威モデル、コーパス台帳、評価報告、既知の制約、運用手順書として残します。」で列挙した記録項目を同じrun IDへ保存し、各項目が欠損せず、変更前後の差分をquestionまたはdocument単位で逆引きできることを確認する。,comparison共通文では本文固有の対象と合否を検査できないため、列挙項目と失敗条件を観測できる受入条件へ置換する。
SENT-3609,exceptions,法令、契約、組織方針がより厳しい統制を求める場合はそちらを優先する。可用性対策を理由に認可や機密保護を緩和しない。,対象systemにtoolやonline trafficがないため適用不能な項目は理由付きで対象外にできるが、未測定値を空欄のまま承認しない。,security共通例外では本文に許される代替範囲を特定できないため、対象規則に対応する許容条件と禁止事項へ置換する。
SENT-3609,normative_criteria,文中の認可・隔離・情報保護を検索または実行の前に強制し、許可外の文書、chunk、引数が候補、context、回答、traceへ入らないことを負試験で確認する。,evaluation reportにquery slice、attack fixture、安全gate、quality/performance metric、cost、unresolved issueをそれぞれ一項目以上記載し、元run IDへリンクできることを確認する。,security共通文では本文固有の対象と合否を検査できないため、列挙項目と失敗条件を観測できる受入条件へ置換する。
SENT-3630,exceptions,文中の数値は初期候補であり、dataset、model、index、負荷、言語、業務リスクが変わる場合は再測定して閾値を更新する。,「これはRAGの比較実験ではなく立場を論じた論文であるため、個別の数値基準としてではなく、見直し項目を決める際の観点として使います。」を評価するgold evidenceがないslice、標本不足のslice、負荷条件が異なるrunは合否集計から分離し、他sliceの平均結果を外挿しない。,comparison共通例外では本文に許される代替範囲を特定できないため、対象規則に対応する許容条件と禁止事項へ置換する。
SENT-3630,normative_criteria,文中の比較について対象dataset、gold evidence、baseline、candidate数、指標、合否閾値を固定し、平均値だけでなく失敗sliceと回帰を記録する。,「これはRAGの比較実験ではなく立場を論じた論文であるため、個別の数値基準としてではなく、見直し項目を決める際の観点として使います。」に挙げた選択肢を同じdataset version、query slice、gold evidence、負荷条件で比較し、対象sliceごとの品質・latency・costを一つのresult tableへ記録する。,comparison共通文では本文固有の対象と合否を検査できないため、列挙項目と失敗条件を観測できる受入条件へ置換する。
SENT-3643,exceptions,文中の数値は初期候補であり、dataset、model、index、負荷、言語、業務リスクが変わる場合は再測定して閾値を更新する。,「疎検索と密検索の併用、再順位付け、引用、回答保留、トレースを備え、主要な失敗を正解付き評価データで再現できる状態が目安です。」を評価するgold evidenceがないslice、標本不足のslice、負荷条件が異なるrunは合否集計から分離し、他sliceの平均結果を外挿しない。,comparison共通例外では本文に許される代替範囲を特定できないため、対象規則に対応する許容条件と禁止事項へ置換する。
SENT-3643,normative_criteria,文中の比較について対象dataset、gold evidence、baseline、candidate数、指標、合否閾値を固定し、平均値だけでなく失敗sliceと回帰を記録する。,「疎検索と密検索の併用、再順位付け、引用、回答保留、トレースを備え、主要な失敗を正解付き評価データで再現できる状態が目安です。」に含まれるretriever、candidate数、rank処理を固定したtest queryを実行し、統合前後のcandidate ID・rank・score変換が記述した順序と選択規則に一致することを確認する。,comparison共通文では本文固有の対象と合否を検査できないため、列挙項目と失敗条件を観測できる受入条件へ置換する。
SENT-3718,exceptions,文中の数値は初期候補であり、dataset、model、index、負荷、言語、業務リスクが変わる場合は再測定して閾値を更新する。,「学習対象と効果を分離して比較できない場合は、検索器と生成モデルを同時に変更しません。」を評価するgold evidenceがないslice、標本不足のslice、負荷条件が異なるrunは合否集計から分離し、他sliceの平均結果を外挿しない。,comparison共通例外では本文に許される代替範囲を特定できないため、対象規則に対応する許容条件と禁止事項へ置換する。
SENT-3718,normative_criteria,文中の比較について対象dataset、gold evidence、baseline、candidate数、指標、合否閾値を固定し、平均値だけでなく失敗sliceと回帰を記録する。,「学習対象と効果を分離して比較できない場合は、検索器と生成モデルを同時に変更しません。」に挙げた選択肢を同じdataset version、query slice、gold evidence、負荷条件で比較し、対象sliceごとの品質・latency・costを一つのresult tableへ記録する。,comparison共通文では本文固有の対象と合否を検査できないため、列挙項目と失敗条件を観測できる受入条件へ置換する。
SENT-3719,exceptions,より単純な工程が同じ品質、安全性、遅延、費用、追跡可能性の受入条件を満たす場合は、その代替構成を採用できる。,「検索漏れが原因なら検索器を、正しい根拠があるのに無視するなら生成モデルを主な対象にします。」より単純な経路が同じ品質・安全性・latency・costのgateを満たす場合は代替できるが、分岐、fallback、artifact provenanceを失う省略は行わない。,process共通例外では本文に許される代替範囲を特定できないため、対象規則に対応する許容条件と禁止事項へ置換する。
SENT-3719,normative_criteria,文中の工程順と分岐ごとに入力、出力、責任主体、成功条件、失敗時の遷移をmanifestへ定義し、統合試験で追跡可能性を確認する。,「検索漏れが原因なら検索器を、正しい根拠があるのに無視するなら生成モデルを主な対象にします。」で指定した検索経路と分岐条件をtraceへ記録し、条件を満たすfixtureと満たさないfixtureで、選択retriever、candidate集合、fallback先が期待値に一致することを確認する。,process共通文では本文固有の対象と合否を検査できないため、列挙項目と失敗条件を観測できる受入条件へ置換する。
SENT-3736,exceptions,より単純な工程が同じ品質、安全性、遅延、費用、追跡可能性の受入条件を満たす場合は、その代替構成を採用できる。,upstreamが全guardrailを満たした後に残るgeneration failureにはweight updateを検討できるが、順序と診断結果を記録する。,process共通例外では本文に許される代替範囲を特定できないため、対象規則に対応する許容条件と禁止事項へ置換する。
SENT-3736,normative_criteria,文中の工程順と分岐ごとに入力、出力、責任主体、成功条件、失敗時の遷移をmanifestへ定義し、統合試験で追跡可能性を確認する。,failure queryについてdata、retrieval、reranking、placement、promptを順に修正してstage別metricを再測定し、upstreamにgold evidenceがない状態をmodel weight updateだけで合格にしない。,process共通文では本文固有の対象と合否を検査できないため、列挙項目と失敗条件を観測できる受入条件へ置換する。
SENT-3743,exceptions,文中の数値は初期候補であり、dataset、model、index、負荷、言語、業務リスクが変わる場合は再測定して閾値を更新する。,「Model Cardsを使い、対象用途、対象外用途、評価結果、既知の制約を記します。」を評価するgold evidenceがないslice、標本不足のslice、負荷条件が異なるrunは合否集計から分離し、他sliceの平均結果を外挿しない。,comparison共通例外では本文に許される代替範囲を特定できないため、対象規則に対応する許容条件と禁止事項へ置換する。
SENT-3743,normative_criteria,文中の比較について対象dataset、gold evidence、baseline、candidate数、指標、合否閾値を固定し、平均値だけでなく失敗sliceと回帰を記録する。,「Model Cardsを使い、対象用途、対象外用途、評価結果、既知の制約を記します。」で指定した品質・安全性・latency・costの各指標を同一evaluation runから算出し、列挙した指標の欠測がなく、必須条件の論理積で合否を決める。,comparison共通文では本文固有の対象と合否を検査できないため、列挙項目と失敗条件を観測できる受入条件へ置換する。
SENT-3744,exceptions,文中の数値は初期候補であり、dataset、model、index、負荷、言語、業務リスクが変わる場合は再測定して閾値を更新する。,「最初に新しいアダプターを既存インデックスで評価し、その後のインデックス更新を別実験にします。」を評価するgold evidenceがないslice、標本不足のslice、負荷条件が異なるrunは合否集計から分離し、他sliceの平均結果を外挿しない。,comparison共通例外では本文に許される代替範囲を特定できないため、対象規則に対応する許容条件と禁止事項へ置換する。
SENT-3744,normative_criteria,文中の比較について対象dataset、gold evidence、baseline、candidate数、指標、合否閾値を固定し、平均値だけでなく失敗sliceと回帰を記録する。,「最初に新しいアダプターを既存インデックスで評価し、その後のインデックス更新を別実験にします。」で指定した品質・安全性・latency・costの各指標を同一evaluation runから算出し、列挙した指標の欠測がなく、必須条件の論理積で合否を決める。,comparison共通文では本文固有の対象と合否を検査できないため、列挙項目と失敗条件を観測できる受入条件へ置換する。
SENT-3772,exceptions,文中の数値は初期候補であり、dataset、model、index、負荷、言語、業務リスクが変わる場合は再測定して閾値を更新する。,「導入前にfailureを固定datasetとtraceで再現し、期待改善、guardrail metric、最大latency、cost budget、security条件を決めます。」の比較で品質やcostが改善しても、安全性またはauthorizationの必須条件を悪化させるcandidateは採用しない。,comparison共通例外では本文に許される代替範囲を特定できないため、対象規則に対応する許容条件と禁止事項へ置換する。
SENT-3772,normative_criteria,文中の比較について対象dataset、gold evidence、baseline、candidate数、指標、合否閾値を固定し、平均値だけでなく失敗sliceと回帰を記録する。,「導入前にfailureを固定datasetとtraceで再現し、期待改善、guardrail metric、最大latency、cost budget、security条件を決めます。」で列挙した記録項目を同じrun IDへ保存し、各項目が欠損せず、変更前後の差分をquestionまたはdocument単位で逆引きできることを確認する。,comparison共通文では本文固有の対象と合否を検査できないため、列挙項目と失敗条件を観測できる受入条件へ置換する。
SENT-3802,exceptions,より単純な工程が同じ品質、安全性、遅延、費用、追跡可能性の受入条件を満たす場合は、その代替構成を採用できる。,「まず汎用検索器と質問書き換えを試し、それでは再現可能な失敗が残る場合に専用符号化器を検討します。」より単純な経路が同じ品質・安全性・latency・costのgateを満たす場合は代替できるが、分岐、fallback、artifact provenanceを失う省略は行わない。,process共通例外では本文に許される代替範囲を特定できないため、対象規則に対応する許容条件と禁止事項へ置換する。
SENT-3802,normative_criteria,文中の工程順と分岐ごとに入力、出力、責任主体、成功条件、失敗時の遷移をmanifestへ定義し、統合試験で追跡可能性を確認する。,「まず汎用検索器と質問書き換えを試し、それでは再現可能な失敗が残る場合に専用符号化器を検討します。」で指定した検索経路と分岐条件をtraceへ記録し、条件を満たすfixtureと満たさないfixtureで、選択retriever、candidate集合、fallback先が期待値に一致することを確認する。,process共通文では本文固有の対象と合否を検査できないため、列挙項目と失敗条件を観測できる受入条件へ置換する。
SENT-3951,revised_sentence,小さなチャンクで一致箇所を見つけ、その親節をモデルへ渡すと、検索精度と読解文脈を分担できるかを、対象データと固定した比較条件で検証します。,parent-child retrievalでは、小さいchild chunkで一致箇所を検索し、対応するparent sectionをgeneration contextへ展開します。,外部事実または具体的設計を一律のローカル実験文へ変えず、主体、構成、条件、モダリティを保持した文固有の修正文へ置換する。
SENT-3984,exceptions,法令、契約、組織方針がより厳しい統制を求める場合はそちらを優先する。可用性対策を理由に認可や機密保護を緩和しない。,「信頼度の低い情報源やプロンプトインジェクションを含むページを、一括して入力へ入れません。」より法令、契約、組織policyが厳しい場合は厳しい統制を優先し、性能、可用性、費用を理由に対象resourceのauthorizationまたは隔離を省略しない。,security共通例外では本文に許される代替範囲を特定できないため、対象規則に対応する許容条件と禁止事項へ置換する。
SENT-3984,normative_criteria,文中の認可・隔離・情報保護を検索または実行の前に強制し、許可外の文書、chunk、引数が候補、context、回答、traceへ入らないことを負試験で確認する。,「信頼度の低い情報源やプロンプトインジェクションを含むページを、一括して入力へ入れません。」の対象resourceとattributeをauthorization fixtureへ登録し、許可主体では取得・利用でき、非許可主体ではcandidate、context、answerの全段階でゼロ件になることを確認する。,security共通文では本文固有の対象と合否を検査できないため、列挙項目と失敗条件を観測できる受入条件へ置換する。
SENT-3992,revised_sentence,FAQや一文で答えられる事実が中心なら、平坦なチャンク検索で十分な場合を想定し、その発生条件と影響を対象データで確認します。,FAQや単一文で答えられるfactが中心のquery sliceでは、hierarchical retrievalを追加せずflat chunk retrievalで受入条件を満たせる場合があります。,外部事実または具体的設計を一律のローカル実験文へ変えず、主体、構成、条件、モダリティを保持した文固有の修正文へ置換する。
SENT-4055,exceptions,より単純な工程が同じ品質、安全性、遅延、費用、追跡可能性の受入条件を満たす場合は、その代替構成を採用できる。,「構築は、固有表現と関係の抽出、同じ対象の統合、元チャンクとの対応、関係の密な集団の検出、集団要約の生成という順で進めます。」と異なる統合方式はcalibration済みscoreまたは別rerankerとしてversion管理できるが、未調整の異尺度scoreを黙って直接加算しない。,process共通例外では本文に許される代替範囲を特定できないため、対象規則に対応する許容条件と禁止事項へ置換する。
SENT-4055,normative_criteria,文中の工程順と分岐ごとに入力、出力、責任主体、成功条件、失敗時の遷移をmanifestへ定義し、統合試験で追跡可能性を確認する。,「構築は、固有表現と関係の抽出、同じ対象の統合、元チャンクとの対応、関係の密な集団の検出、集団要約の生成という順で進めます。」の統合規則をversion管理し、複数retrieverが返す既知rank listから期待するcandidate順序を再現し、生scoreの無条件加算や重複candidateが発生しないことを確認する。,process共通文では本文固有の対象と合否を検査できないため、列挙項目と失敗条件を観測できる受入条件へ置換する。
SENT-4071,exceptions,保存期間や個人情報の制約がある場合は値を削除するのではなく、承認済みの仮名化、分離保管、期間制限で追跡可能性を維持する。,「各経路の関係を元チャンクへ結び付けます。」の値に個人情報または保存期限の制約がある場合は仮名化・分離保管へ置換できるが、source/version/spanを復元する承認済み対応表は保持する。,trace共通例外では本文に許される代替範囲を特定できないため、対象規則に対応する許容条件と禁止事項へ置換する。
SENT-4071,normative_criteria,文中の識別子、設定、成果物を同じ版IDまたはtrace IDで結び、任意の回答から元文書、chunk、検索順位、設定版まで再現できることを確認する。,「各経路の関係を元チャンクへ結び付けます。」に列挙したID、version、artifactを必須schema fieldにし、任意のanswer/citationからsource document、original span、chunk、retrieval rank、configuration versionへ欠損なく到達できることを確認する。,trace共通文では本文固有の対象と合否を検査できないため、列挙項目と失敗条件を観測できる受入条件へ置換する。
SENT-4129,exceptions,より単純な工程が同じ品質、安全性、遅延、費用、追跡可能性の受入条件を満たす場合は、その代替構成を採用できる。,「まず媒体内で順位を作り、その後に順位統合、質問経路、証拠間の関係を使ってまとめます。」と異なる統合方式はcalibration済みscoreまたは別rerankerとしてversion管理できるが、未調整の異尺度scoreを黙って直接加算しない。,process共通例外では本文に許される代替範囲を特定できないため、対象規則に対応する許容条件と禁止事項へ置換する。
SENT-4129,normative_criteria,文中の工程順と分岐ごとに入力、出力、責任主体、成功条件、失敗時の遷移をmanifestへ定義し、統合試験で追跡可能性を確認する。,「まず媒体内で順位を作り、その後に順位統合、質問経路、証拠間の関係を使ってまとめます。」の統合規則をversion管理し、複数retrieverが返す既知rank listから期待するcandidate順序を再現し、生scoreの無条件加算や重複candidateが発生しないことを確認する。,process共通文では本文固有の対象と合否を検査できないため、列挙項目と失敗条件を観測できる受入条件へ置換する。
SENT-4134,exceptions,公式標準や製品仕様の用語を別の意味で用いる場合は、名称、単位、変換規則を分けて併記し、既存記録を移行する。,査読研究が二件未満の方式は中心方式として一般化せず、探索的候補として証拠不足と適用範囲を明記する。,definition共通例外では本文に許される代替範囲を特定できないため、対象規則に対応する許容条件と禁止事項へ置換する。
SENT-4134,normative_criteria,本文、図表、評価台帳で文中の用語と工程名を同じ意味で用い、入力、出力、単位、責任範囲をこの定義に一致させる。,文書画像検索、layout解析、table structure recognitionの各節で、扱う方式に対応するpeer-reviewed primary studyを二件以上、section/table/figure locator付きで示す。,definition共通文では本文固有の対象と合否を検査できないため、列挙項目と失敗条件を観測できる受入条件へ置換する。
SENT-4150,exceptions,法令、契約、組織方針がより厳しい統制を求める場合はそちらを優先する。可用性対策を理由に認可や機密保護を緩和しない。,「顔、個人情報、画面上の認証情報、画像内のプロンプトインジェクションを安全試験へ含めます。」より法令、契約、組織policyが厳しい場合は厳しい統制を優先し、性能、可用性、費用を理由に対象resourceのauthorizationまたは隔離を省略しない。,security共通例外では本文に許される代替範囲を特定できないため、対象規則に対応する許容条件と禁止事項へ置換する。
SENT-4150,normative_criteria,文中の認可・隔離・情報保護を検索または実行の前に強制し、許可外の文書、chunk、引数が候補、context、回答、traceへ入らないことを負試験で確認する。,「顔、個人情報、画面上の認証情報、画像内のプロンプトインジェクションを安全試験へ含めます。」の対象resourceとattributeをauthorization fixtureへ登録し、許可主体では取得・利用でき、非許可主体ではcandidate、context、answerの全段階でゼロ件になることを確認する。,security共通文では本文固有の対象と合否を検査できないため、列挙項目と失敗条件を観測できる受入条件へ置換する。
SENT-4167,exceptions,より単純な工程が同じ品質、安全性、遅延、費用、追跡可能性の受入条件を満たす場合は、その代替構成を採用できる。,incident responseで上限を一時変更する場合はrequest class、承認者、有効期限を記録し、unbounded loopは許可しない。,process共通例外では本文に許される代替範囲を特定できないため、対象規則に対応する許容条件と禁止事項へ置換する。
SENT-4167,normative_criteria,文中の工程順と分岐ごとに入力、出力、責任主体、成功条件、失敗時の遷移をmanifestへ定義し、統合試験で追跡可能性を確認する。,agent state machineへmax step、deadline、token budget、currency budget、fallback stateを設定し、各上限を超えるfixtureで追加tool callが停止して指定fallbackへ遷移することを確認する。,process共通文では本文固有の対象と合否を検査できないため、列挙項目と失敗条件を観測できる受入条件へ置換する。
SENT-4187,exceptions,法令、契約、組織方針がより厳しい統制を求める場合はそちらを優先する。可用性対策を理由に認可や機密保護を緩和しない。,read-onlyで組織policy上approval不要のtoolはhuman approvalをnot-requiredにできるが、registry、argument validation、server-side authorizationは省略しない。,security共通例外では本文に許される代替範囲を特定できないため、対象規則に対応する許容条件と禁止事項へ置換する。
SENT-4187,normative_criteria,文中の認可・隔離・情報保護を検索または実行の前に強制し、許可外の文書、chunk、引数が候補、context、回答、traceへ入らないことを負試験で確認する。,tool execution fixtureをmodel proposal、tool registry照合、argument validation、server-side authorization、required human approval、executionの順に通し、各段階を飛ばしたrequestが実行されないことを確認する。,security共通文では本文固有の対象と合否を検査できないため、列挙項目と失敗条件を観測できる受入条件へ置換する。
SENT-4217,exceptions,文中の数値は初期候補であり、dataset、model、index、負荷、言語、業務リスクが変わる場合は再測定して閾値を更新する。,「通常RAGまたは固定手順を基準とし、対象失敗の改善が追加の遅延、費用、手順のばらつきに見合うかを比較します。」を評価するgold evidenceがないslice、標本不足のslice、負荷条件が異なるrunは合否集計から分離し、他sliceの平均結果を外挿しない。,comparison共通例外では本文に許される代替範囲を特定できないため、対象規則に対応する許容条件と禁止事項へ置換する。
SENT-4217,normative_criteria,文中の比較について対象dataset、gold evidence、baseline、candidate数、指標、合否閾値を固定し、平均値だけでなく失敗sliceと回帰を記録する。,「通常RAGまたは固定手順を基準とし、対象失敗の改善が追加の遅延、費用、手順のばらつきに見合うかを比較します。」で指定した品質・安全性・latency・costの各指標を同一evaluation runから算出し、列挙した指標の欠測がなく、必須条件の論理積で合否を決める。,comparison共通文では本文固有の対象と合否を検査できないため、列挙項目と失敗条件を観測できる受入条件へ置換する。
SENT-4218,exceptions,法令、契約、組織方針がより厳しい統制を求める場合はそちらを優先する。可用性対策を理由に認可や機密保護を緩和しない。,対象構成に存在しないtool failure typeだけは対象外にできるが、prompt injection、budget、authorization changeの試験は省略しない。,security共通例外では本文に許される代替範囲を特定できないため、対象規則に対応する許容条件と禁止事項へ置換する。
SENT-4218,normative_criteria,文中の認可・隔離・情報保護を検索または実行の前に強制し、許可外の文書、chunk、引数が候補、context、回答、traceへ入らないことを負試験で確認する。,tool failure、conflicting result、prompt injection、budget exhaustion、authorization changeの五fixtureをstress testへ登録し、それぞれで停止、fallback、再確認、denialの期待状態を検査する。,security共通文では本文固有の対象と合否を検査できないため、列挙項目と失敗条件を観測できる受入条件へ置換する。
SENT-4227,exceptions,公式標準や製品仕様の用語を別の意味で用いる場合は、名称、単位、変換規則を分けて併記し、既存記録を移行する。,独立したpeer-reviewed studyが二件未満の方式は確立方式として扱わず、探索的手法として不確実性と再評価条件を記載する。,definition共通例外では本文に許される代替範囲を特定できないため、対象規則に対応する許容条件と禁止事項へ置換する。
SENT-4227,normative_criteria,本文、図表、評価台帳で文中の用語と工程名を同じ意味で用い、入力、出力、単位、責任範囲をこの定義に一致させる。,第9章で効果を扱う各方式について、同じ効果方向を報告する独立したpeer-reviewed studyを二件以上、具体locator付きで記載する。,definition共通文では本文固有の対象と合否を検査できないため、列挙項目と失敗条件を観測できる受入条件へ置換する。
SENT-4229,exceptions,文中の数値は初期候補であり、dataset、model、index、負荷、言語、業務リスクが変わる場合は再測定して閾値を更新する。,「件数を再調査するときは、取得元、検索式、論文のcanonical ID、取得時刻、保存した生応答への相対パスとSHA-256を evidence/chapter-9-citation-counts/ に残します。」を評価するgold evidenceがないslice、標本不足のslice、負荷条件が異なるrunは合否集計から分離し、他sliceの平均結果を外挿しない。,comparison共通例外では本文に許される代替範囲を特定できないため、対象規則に対応する許容条件と禁止事項へ置換する。
SENT-4229,normative_criteria,文中の比較について対象dataset、gold evidence、baseline、candidate数、指標、合否閾値を固定し、平均値だけでなく失敗sliceと回帰を記録する。,「件数を再調査するときは、取得元、検索式、論文のcanonical ID、取得時刻、保存した生応答への相対パスとSHA-256を evidence/chapter-9-citation-counts/ に残します。」で指定した品質・安全性・latency・costの各指標を同一evaluation runから算出し、列挙した指標の欠測がなく、必須条件の論理積で合否を決める。,comparison共通文では本文固有の対象と合否を検査できないため、列挙項目と失敗条件を観測できる受入条件へ置換する。
SENT-4230,exceptions,文中の数値は初期候補であり、dataset、model、index、負荷、言語、業務リスクが変わる場合は再測定して閾値を更新する。,「掲載判断では、引用件数だけでなく、独立研究、対象タスク、比較条件、査読状況を確認します。」を評価するgold evidenceがないslice、標本不足のslice、負荷条件が異なるrunは合否集計から分離し、他sliceの平均結果を外挿しない。,comparison共通例外では本文に許される代替範囲を特定できないため、対象規則に対応する許容条件と禁止事項へ置換する。
SENT-4230,normative_criteria,文中の比較について対象dataset、gold evidence、baseline、candidate数、指標、合否閾値を固定し、平均値だけでなく失敗sliceと回帰を記録する。,「掲載判断では、引用件数だけでなく、独立研究、対象タスク、比較条件、査読状況を確認します。」に挙げた選択肢を同じdataset version、query slice、gold evidence、負荷条件で比較し、対象sliceごとの品質・latency・costを一つのresult tableへ記録する。,comparison共通文では本文固有の対象と合否を検査できないため、列挙項目と失敗条件を観測できる受入条件へ置換する。
SENT-4233,exceptions,文中の数値は初期候補であり、dataset、model、index、負荷、言語、業務リスクが変わる場合は再測定して閾値を更新する。,「Federated・Routed RAGは、Adaptive-RAGとWhen and How to Augment Your Inputを根拠に、情報源別のRecallと費用を測るルーティングを扱います。」を評価するgold evidenceがないslice、標本不足のslice、負荷条件が異なるrunは合否集計から分離し、他sliceの平均結果を外挿しない。,comparison共通例外では本文に許される代替範囲を特定できないため、対象規則に対応する許容条件と禁止事項へ置換する。
SENT-4233,normative_criteria,文中の比較について対象dataset、gold evidence、baseline、candidate数、指標、合否閾値を固定し、平均値だけでなく失敗sliceと回帰を記録する。,「Federated・Routed RAGは、Adaptive-RAGとWhen and How to Augment Your Inputを根拠に、情報源別のRecallと費用を測るルーティングを扱います。」で指定した品質・安全性・latency・costの各指標を同一evaluation runから算出し、列挙した指標の欠測がなく、必須条件の論理積で合否を決める。,comparison共通文では本文固有の対象と合否を検査できないため、列挙項目と失敗条件を観測できる受入条件へ置換する。
SENT-4246,exceptions,文中の数値は初期候補であり、dataset、model、index、負荷、言語、業務リスクが変わる場合は再測定して閾値を更新する。,「各方式は、対象となる失敗、仕組み、研究上の根拠、評価方法、停止条件の順に確認します。」を評価するgold evidenceがないslice、標本不足のslice、負荷条件が異なるrunは合否集計から分離し、他sliceの平均結果を外挿しない。,comparison共通例外では本文に許される代替範囲を特定できないため、対象規則に対応する許容条件と禁止事項へ置換する。
SENT-4246,normative_criteria,文中の比較について対象dataset、gold evidence、baseline、candidate数、指標、合否閾値を固定し、平均値だけでなく失敗sliceと回帰を記録する。,「各方式は、対象となる失敗、仕組み、研究上の根拠、評価方法、停止条件の順に確認します。」で指定した品質・安全性・latency・costの各指標を同一evaluation runから算出し、列挙した指標の欠測がなく、必須条件の論理積で合否を決める。,comparison共通文では本文固有の対象と合否を検査できないため、列挙項目と失敗条件を観測できる受入条件へ置換する。
SENT-4247,exceptions,文中の数値は初期候補であり、dataset、model、index、負荷、言語、業務リスクが変わる場合は再測定して閾値を更新する。,「単一の指標や一つのデータセットだけで一般化せず、基本構成との差を同じ評価データで測ります。」を評価するgold evidenceがないslice、標本不足のslice、負荷条件が異なるrunは合否集計から分離し、他sliceの平均結果を外挿しない。,comparison共通例外では本文に許される代替範囲を特定できないため、対象規則に対応する許容条件と禁止事項へ置換する。
SENT-4247,normative_criteria,文中の比較について対象dataset、gold evidence、baseline、candidate数、指標、合否閾値を固定し、平均値だけでなく失敗sliceと回帰を記録する。,「単一の指標や一つのデータセットだけで一般化せず、基本構成との差を同じ評価データで測ります。」で指定した品質・安全性・latency・costの各指標を同一evaluation runから算出し、列挙した指標の欠測がなく、必須条件の論理積で合否を決める。,comparison共通文では本文固有の対象と合否を検査できないため、列挙項目と失敗条件を観測できる受入条件へ置換する。
SENT-4256,exceptions,文中の数値は初期候補であり、dataset、model、index、負荷、言語、業務リスクが変わる場合は再測定して閾値を更新する。,取得元がraw response保存を禁止する場合はresponse hashと再取得手順を保存できるが、取得元・query・時刻・canonical IDを省略しない。,comparison共通例外では本文に許される代替範囲を特定できないため、対象規則に対応する許容条件と禁止事項へ置換する。
SENT-4256,normative_criteria,文中の比較について対象dataset、gold evidence、baseline、candidate数、指標、合否閾値を固定し、平均値だけでなく失敗sliceと回帰を記録する。,変動するcitation countごとにas-of date、取得元、search query、canonical paper ID、retrieval timestamp、raw response相対path、SHA-256を保存し、同じ証跡から件数を再計算できることを確認する。,comparison共通文では本文固有の対象と合否を検査できないため、列挙項目と失敗条件を観測できる受入条件へ置換する。
